state_id,sku_id,product_key,style_code,brand,category,product_name,week_of,days_of_supply,stock_coverage_ratio,stockout_risk,total_qty,inventory_vs_median,current_margin_pct,discount_depth_last_30d,days_since_last_discount,days_at_current_price,retail_price_usd,price_gap_pct,competitors_on_sale,competitors_out_of_stock,num_competitors,market_position,days_since_launch,season_sell_through_pct,brand_tier,cost_price_usd,seasonality_score,category_seasonal_boost,event_proximity_score,next_month_seasonality,cash_runway_months,cash_tight,inventory_intensity,match_type,match_score,inventory_history_quality,has_competitor_data,competitor_min_price_usd,competitor_avg_price_usd,competitor_max_price_usd,sales_units_last_28d,avg_daily_sales_28d,competitor_price_trend_4w,competitor_sale_frequency_4w,competitor_oos_frequency_4w,price_gap_volatility_4w,stock_velocity_4w,sell_through_velocity_4w,days_since_competitor_change,rules_label,row_source,is_augmented,augmentation_family,anchor_state_id,sample_weight_hint,ai_label,expected_label,ai_label_confidence,label_confidence,ai_label_rationale,audit_flags,label_prompt_version,labeler_model,labeled_at,ai_label_disagrees_with_rules
1|2026-05-19,1,,2,2,2,2,2026-05-19,0.0,0.0,1,0,1.0,-1000.0,0.0,999,30,2.0,0.0,0,0,0,at_market,0,1.0,tier2,22.0,1.15,0.0,0.0,1.2,3.0,0,0.8224,no_match,0.0,movement_reconstructed,0,0.0,0.0,0.0,0.0,0.0,0.0,0.0,0.0,0.0,0.0,0.0,0,HOLD,rds_snapshot_history,0,,,1.0,HOLD,HOLD,0.98,0.98,price is close to market; no urgent pricing intervention is needed,low_stock|thin_margin|weak_competitor_match,business_only_retail_pricing_v1,deterministic_business_heuristic,2026-06-04T19:20:03.676893+00:00,0
1|2026-05-26,1,,2,2,2,2,2026-05-26,0.0,0.0,1,0,1.0,-1000.0,0.0,999,30,2.0,0.0,0,0,0,at_market,0,1.0,tier2,22.0,1.15,0.0,0.0,1.2,3.0,0,0.8224,no_match,0.0,movement_reconstructed,0,0.0,0.0,0.0,0.0,0.0,0.0,0.0,0.0,0.0,-12.0,-1.0,7,HOLD,rds_snapshot_history,0,,,1.0,HOLD,HOLD,0.98,0.98,price is close to market; no urgent pricing intervention is needed,low_stock|thin_margin|weak_competitor_match,business_only_retail_pricing_v1,deterministic_business_heuristic,2026-06-04T19:20:03.676893+00:00,0
1|2026-06-02,1,,2,2,2,2,2026-06-02,58.8,1.96,0,2,1.0,-1000.0,0.0,999,30,2.0,0.0,0,0,0,at_market,0,0.0,tier2,22.0,1.2,0.0,0.0,1.1,3.0,0,0.8224,no_match,0.0,movement_reconstructed,0,0.0,0.0,0.0,0.0,0.0,0.0,0.0,0.0,0.0,-6.0,-0.5,14,HOLD,rds_snapshot_history,0,,,1.0,HOLD,HOLD,0.98,0.98,price is close to market; no urgent pricing intervention is needed,low_stock|thin_margin|weak_competitor_match,business_only_retail_pricing_v1,deterministic_business_heuristic,2026-06-04T19:20:03.676893+00:00,0
1234|2026-05-19,1234,,AP23941,Abidas,sniker,product_test,2026-05-19,0.0,0.0,1,0,1.0,44.44,0.0,999,30,99.0,0.0,0,0,0,at_market,0,1.0,tier2,55.0,1.15,0.0,0.0,1.2,3.0,0,0.8224,no_match,0.0,movement_reconstructed,0,0.0,0.0,0.0,0.0,0.0,0.0,0.0,0.0,0.0,0.0,0.0,0,HOLD,rds_snapshot_history,0,,,1.0,HOLD,HOLD,0.98,0.98,price is close to market; no urgent pricing intervention is needed,low_stock|weak_competitor_match,business_only_retail_pricing_v1,deterministic_business_heuristic,2026-06-04T19:20:03.676893+00:00,0
1234|2026-05-26,1234,,AP23941,Abidas,sniker,product_test,2026-05-26,0.0,0.0,1,0,1.0,44.44,0.0,999,30,99.0,0.0,0,0,0,at_market,0,1.0,tier2,55.0,1.15,0.0,0.0,1.2,3.0,0,0.8224,no_match,0.0,movement_reconstructed,0,0.0,0.0,0.0,0.0,0.0,0.0,0.5,0.5,0.0234,-12.0,-1.0,0,HOLD,rds_snapshot_history,0,,,1.0,HOLD,HOLD,0.98,0.98,price is close to market; no urgent pricing intervention is needed,low_stock|weak_competitor_match,business_only_retail_pricing_v1,deterministic_business_heuristic,2026-06-04T19:20:03.676893+00:00,0
1234|2026-06-02,1234,,AP23941,Abidas,sniker,product_test,2026-06-02,94.6,3.15,0,25,1.0,44.44,0.0,999,30,99.0,0.0,0,0,0,at_market,0,0.0,tier2,55.0,1.2,0.0,0.0,1.1,3.0,0,0.8224,no_match,0.0,movement_reconstructed,0,0.0,0.0,0.0,0.0,0.0,0.0,0.6667,0.6667,0.0191,-6.0,-0.5,7,HOLD,rds_snapshot_history,0,,,1.0,HOLD,HOLD,0.98,0.98,inventory position is balanced; price is close to market; no urgent pricing intervention is needed,weak_competitor_match,business_only_retail_pricing_v1,deterministic_business_heuristic,2026-06-04T19:20:03.676893+00:00,0
2452452|2026-05-19,2452452,,OP3053,Abidas,pants,Jeans JJ,2026-05-19,0.0,0.0,1,0,1.0,46.67,0.0,999,30,75.0,0.0,0,0,0,at_market,0,1.0,tier2,40.0,1.15,0.0,0.0,1.2,3.0,0,0.8224,no_match,0.0,movement_reconstructed,0,0.0,0.0,0.0,0.0,0.0,0.0,0.0,0.0,0.0,0.0,0.0,0,HOLD,rds_snapshot_history,0,,,1.0,HOLD,HOLD,0.98,0.98,price is close to market; no urgent pricing intervention is needed,low_stock|weak_competitor_match,business_only_retail_pricing_v1,deterministic_business_heuristic,2026-06-04T19:20:03.676893+00:00,0
2452452|2026-05-26,2452452,,OP3053,Abidas,pants,Jeans JJ,2026-05-26,0.0,0.0,1,0,1.0,46.67,0.0,999,30,75.0,0.0,0,0,0,at_market,0,1.0,tier2,40.0,1.15,0.0,0.0,1.2,3.0,0,0.8224,no_match,0.0,movement_reconstructed,0,0.0,0.0,0.0,0.0,0.0,0.0,0.0,0.0,0.0,-64.0,-1.0,7,HOLD,rds_snapshot_history,0,,,1.0,HOLD,HOLD,0.98,0.98,price is close to market; no urgent pricing intervention is needed,low_stock|weak_competitor_match,business_only_retail_pricing_v1,deterministic_business_heuristic,2026-06-04T19:20:03.676893+00:00,0
2452452|2026-06-02,2452452,,OP3053,Abidas,pants,Jeans JJ,2026-06-02,71.7,2.39,0,50,1.0,46.67,0.0,999,30,75.0,0.0,0,0,0,at_market,0,0.0,tier2,40.0,1.2,0.0,0.0,1.1,3.0,0,0.8224,no_match,0.0,movement_reconstructed,0,0.0,0.0,0.0,0.0,0.0,0.0,0.0,0.0,0.0,-32.0,-0.5,14,PROMOTE,rds_snapshot_history,0,,,1.0,HOLD,HOLD,0.98,0.98,inventory position is balanced; price is close to market; no urgent pricing intervention is needed,weak_competitor_match,business_only_retail_pricing_v1,deterministic_business_heuristic,2026-06-04T19:20:03.676893+00:00,1
SP-02050B0FD1|2026-05-26,SP-02050B0FD1,,IK7862,Adidas,other,"Adicolor 70S V-Neck Dress, Beige",2026-05-26,73.5,2.45,0,9,1.0,57.21,0.0,999,30,42.63,0.0,0,0,0,at_market,0,0.0,tier1,18.24,1.15,0.0,0.0,1.2,3.0,0,0.8224,no_match,0.0,movement_reconstructed,0,0.0,0.0,0.0,0.0,0.0,0.0,0.0,0.0,0.0,-12.0,-1.0,7,HOLD,rds_snapshot_history,0,,,1.0,HOLD,HOLD,0.98,0.98,inventory position is balanced; price is close to market; no urgent pricing intervention is needed,low_stock|weak_competitor_match,business_only_retail_pricing_v1,deterministic_business_heuristic,2026-06-04T19:20:03.676893+00:00,0
SP-02050B0FD1|2026-06-02,SP-02050B0FD1,,IK7862,Adidas,other,"Adicolor 70S V-Neck Dress, Beige",2026-06-02,73.5,2.45,0,9,1.0,57.21,0.0,999,30,42.63,0.0,0,0,0,at_market,3,0.0,tier1,18.24,1.2,0.0,0.0,1.1,3.0,0,0.8224,no_match,0.0,movement_reconstructed,0,0.0,0.0,0.0,0.0,0.0,0.0,0.0,0.0,0.0,-6.0,-0.5,14,HOLD,rds_snapshot_history,0,,,1.0,HOLD,HOLD,0.98,0.98,inventory position is balanced; price is close to market; no urgent pricing intervention is needed,low_stock|weak_competitor_match,business_only_retail_pricing_v1,deterministic_business_heuristic,2026-06-04T19:20:03.676893+00:00,0
SP-0246864EFD|2026-05-19,SP-0246864EFD,,JL5081,Adidas,apparel,Adidas Workout Essentials Woven Women Training Pant Black,2026-05-19,0.0,0.0,1,0,1.0,51.27,0.0,999,30,75.36,0.4958,1,1,2,premium,0,1.0,tier1,36.72,1.15,0.0,0.0,1.2,3.0,0,0.8224,exact_style,0.7984,movement_reconstructed,1,38.0,5.8469,76.0,0.0,0.0,0.0,0.0,0.0,0.0,0.0,0.0,0,HOLD,rds_snapshot_history,0,,,1.0,HOLD,HOLD,0.6467,0.6467,no urgent pricing intervention is needed,low_stock|overpriced|low_label_confidence,business_only_retail_pricing_v1,deterministic_business_heuristic,2026-06-04T19:20:03.676893+00:00,0
SP-03C17880F4|2026-05-26,SP-03C17880F4,,JC8403,Adidas,kids,3 STRIPES TEE,2026-05-26,65.4,2.18,0,9,1.0,57.11,0.0,999,30,39.17,0.1065,1,0,1,above_market,0,0.0,tier1,16.8,1.15,0.0,0.0,1.2,3.0,0,0.8224,exact_style,1.0,movement_reconstructed,1,35.0,35.0,35.0,0.0,0.0,0.0,0.0,0.0,0.0,-14.0,-1.0,7,HOLD,rds_snapshot_history,0,,,1.0,HOLD,HOLD,0.55,0.55,inventory position is balanced; no urgent pricing intervention is needed,low_stock|low_label_confidence,business_only_retail_pricing_v1,deterministic_business_heuristic,2026-06-04T19:20:03.676893+00:00,0
SP-03C17880F4|2026-06-02,SP-03C17880F4,,JC8403,Adidas,kids,3 STRIPES TEE,2026-06-02,65.4,2.18,0,9,1.0,57.11,0.0,999,30,39.17,0.1065,1,0,1,above_market,3,0.0,tier1,16.8,1.2,0.0,0.0,1.1,3.0,0,0.8224,exact_style,1.0,movement_reconstructed,1,35.0,35.0,35.0,0.0,0.0,0.0,0.0,0.0,0.0,-7.0,-0.5,14,HOLD,rds_snapshot_history,0,,,1.0,HOLD,HOLD,0.55,0.55,inventory position is balanced; no urgent pricing intervention is needed,low_stock|low_label_confidence,business_only_retail_pricing_v1,deterministic_business_heuristic,2026-06-04T19:20:03.676893+00:00,0
SP-043F544E70|2026-05-19,SP-043F544E70,,VN0A38G1ODJ,Vans,lifestyle,Vans Old Skool White,2026-05-19,0.0,0.0,1,0,1.0,44.99,0.0,999,30,77.7,0.0,0,0,0,at_market,0,1.0,tier2,42.74,1.15,0.0,0.0,1.2,3.0,0,0.8224,no_match,0.0,movement_reconstructed,0,0.0,0.0,0.0,0.0,0.0,0.0,0.0,0.0,0.0,0.0,0.0,0,HOLD,rds_snapshot_history,0,,,1.0,HOLD,HOLD,0.98,0.98,price is close to market; no urgent pricing intervention is needed,low_stock|weak_competitor_match,business_only_retail_pricing_v1,deterministic_business_heuristic,2026-06-04T19:20:03.676893+00:00,0
SP-043F544E70|2026-05-26,SP-043F544E70,,VN0A38G1ODJ,Vans,lifestyle,Vans Old Skool White,2026-05-26,87.4,2.91,0,88,1.0,44.99,0.0,999,30,77.7,0.0,0,0,0,at_market,0,0.0,tier2,42.74,1.15,0.0,0.0,1.2,3.0,0,0.8224,no_match,0.0,movement_reconstructed,0,0.0,0.0,0.0,0.0,0.0,0.0,0.0,0.0,0.0,-35.0,-1.0,7,PROMOTE,rds_snapshot_history,0,,,1.0,HOLD,HOLD,0.98,0.98,inventory position is balanced; price is close to market; no urgent pricing intervention is needed,weak_competitor_match,business_only_retail_pricing_v1,deterministic_business_heuristic,2026-06-04T19:20:03.676893+00:00,1
SP-043F544E70|2026-06-02,SP-043F544E70,,VN0A38G1ODJ,Vans,lifestyle,Vans Old Skool White,2026-06-02,87.4,2.91,0,88,1.0,44.99,0.0,999,30,77.7,0.0,0,0,0,at_market,3,0.0,tier2,42.74,1.2,0.0,0.0,1.1,3.0,0,0.8224,no_match,0.0,movement_reconstructed,0,0.0,0.0,0.0,0.0,0.0,0.0,0.0,0.0,0.0,-17.5,-0.5,14,PROMOTE,rds_snapshot_history,0,,,1.0,HOLD,HOLD,0.98,0.98,inventory position is balanced; price is close to market; no urgent pricing intervention is needed,weak_competitor_match,business_only_retail_pricing_v1,deterministic_business_heuristic,2026-06-04T19:20:03.676893+00:00,1
SP-04A2348ABD|2026-05-19,SP-04A2348ABD,,,Nike,lifestyle,Air Zoom Superfly Elite - FG Cleats,2026-05-19,0.0,0.0,1,0,1.0,57.17,0.0,999,30,87.79,0.0,0,0,0,at_market,0,1.0,tier1,37.6,1.15,0.0,0.0,1.2,3.0,0,0.8224,no_match,0.0,movement_reconstructed,0,0.0,0.0,0.0,0.0,0.0,0.0,1.0,1.0,0.0,0.0,0.0,0,HOLD,rds_snapshot_history,0,,,1.0,HOLD,HOLD,0.98,0.98,price is close to market; no urgent pricing intervention is needed,low_stock|weak_competitor_match,business_only_retail_pricing_v1,deterministic_business_heuristic,2026-06-04T19:20:03.676893+00:00,0
SP-04A2348ABD|2026-05-26,SP-04A2348ABD,,,Nike,lifestyle,Air Zoom Superfly Elite - FG Cleats,2026-05-26,98.7,3.29,0,12,1.0,57.17,0.0,999,30,87.79,0.0,0,0,0,at_market,0,0.0,tier1,37.6,1.15,0.0,0.0,1.2,3.0,0,0.8224,no_match,0.0,movement_reconstructed,0,0.0,0.0,0.0,0.0,0.0,0.0,1.0,1.0,0.0,-14.0,-1.0,7,HOLD,rds_snapshot_history,0,,,1.0,HOLD,HOLD,0.98,0.98,inventory position is balanced; price is close to market; no urgent pricing intervention is needed,low_stock|weak_competitor_match,business_only_retail_pricing_v1,deterministic_business_heuristic,2026-06-04T19:20:03.676893+00:00,0
SP-04A2348ABD|2026-06-02,SP-04A2348ABD,,,Nike,lifestyle,Air Zoom Superfly Elite - FG Cleats,2026-06-02,98.7,3.29,0,12,1.0,57.17,0.0,999,30,87.79,0.0,0,0,0,at_market,3,0.0,tier1,37.6,1.2,0.0,0.0,1.1,3.0,0,0.8224,no_match,0.0,movement_reconstructed,0,0.0,0.0,0.0,0.0,0.0,0.0,1.0,1.0,0.0,-7.0,-0.5,14,HOLD,rds_snapshot_history,0,,,1.0,HOLD,HOLD,0.98,0.98,inventory position is balanced; price is close to market; no urgent pricing intervention is needed,low_stock|weak_competitor_match,business_only_retail_pricing_v1,deterministic_business_heuristic,2026-06-04T19:20:03.676893+00:00,0
SP-04B3889425|2026-05-26,SP-04B3889425,,FM9931,Adidas,accessories,Adidas Performance 0.75 Unisex Training Water Bottle Black,2026-05-26,38.5,1.28,0,18,1.0,56.76,0.0,999,30,14.43,0.0991,2,0,2,above_market,0,0.0,tier1,6.24,1.15,0.0,0.0,1.2,3.0,0,0.8224,exact_style,0.766,movement_reconstructed,1,13.0,10.1177,33.0,0.0,0.0,0.0,1.0,1.0,0.0,-10.0,-1.0,7,PROMOTE,rds_snapshot_history,0,,,1.0,MARKDOWN,MARKDOWN,0.5821,0.5821,priced above market by 10%; competitors are discounting; margin can support a markdown,low_label_confidence,business_only_retail_pricing_v1,deterministic_business_heuristic,2026-06-04T19:20:03.676893+00:00,1
SP-04B3889425|2026-06-02,SP-04B3889425,,FM9931,Adidas,accessories,Adidas Performance 0.75 Unisex Training Water Bottle Black,2026-06-02,38.5,1.28,0,18,1.0,56.76,0.0,999,30,14.43,0.0991,2,0,2,above_market,3,0.0,tier1,6.24,1.2,0.0,0.0,1.1,3.0,0,0.8224,exact_style,0.7712,movement_reconstructed,1,13.0,9.3334,33.0,0.0,0.0,0.0,1.0,1.0,0.0,-5.0,-0.5,14,PROMOTE,rds_snapshot_history,0,,,1.0,MARKDOWN,MARKDOWN,0.5821,0.5821,priced above market by 10%; competitors are discounting; margin can support a markdown,low_label_confidence,business_only_retail_pricing_v1,deterministic_business_heuristic,2026-06-04T19:20:03.676893+00:00,1
SP-0590004E40|2026-05-19,SP-0590004E40,,DB3021,Adidas,lifestyle,"Handball Spezial Shoes, Black",2026-05-19,0.0,0.0,1,0,1.0,50.1,0.0,999,30,152.94,0.4769,2,1,2,premium,0,1.0,tier1,76.32,1.15,0.0,0.0,1.2,3.0,0,0.8224,exact_style,0.8317,movement_reconstructed,1,80.0,114.0003,181.0,0.0,0.0,0.0,1.0,0.0,0.0,0.0,0.0,0,HOLD,rds_snapshot_history,0,,,1.0,HOLD,HOLD,0.55,0.55,no urgent pricing intervention is needed,low_stock|overpriced|low_label_confidence,business_only_retail_pricing_v1,deterministic_business_heuristic,2026-06-04T19:20:03.676893+00:00,0
SP-0669577D6B|2026-05-19,SP-0669577D6B,,555123,Birkenstock,kids,Birkenstock Arizona Kids,2026-05-19,0.0,0.0,1,0,1.0,52.0,0.0,999,30,83.25,0.0,0,0,0,at_market,0,1.0,tier2,39.96,1.15,0.0,0.0,1.2,3.0,0,0.8224,no_match,0.0,movement_reconstructed,0,0.0,0.0,0.0,0.0,0.0,0.0,1.0,0.0,0.0,0.0,0.0,0,HOLD,rds_snapshot_history,0,,,1.0,HOLD,HOLD,0.98,0.98,price is close to market; no urgent pricing intervention is needed,low_stock|weak_competitor_match,business_only_retail_pricing_v1,deterministic_business_heuristic,2026-06-04T19:20:03.676893+00:00,0
SP-0669577D6B|2026-05-26,SP-0669577D6B,,555123,Birkenstock,kids,Birkenstock Arizona Kids,2026-05-26,88.4,2.95,0,40,1.0,52.0,0.0,999,30,83.25,0.0,0,0,0,at_market,0,0.0,tier2,39.96,1.15,0.0,0.0,1.2,3.0,0,0.8224,no_match,0.0,movement_reconstructed,0,0.0,0.0,0.0,0.0,0.0,0.0,1.0,0.0,0.0,-12.0,-1.0,7,PROMOTE,rds_snapshot_history,0,,,1.0,HOLD,HOLD,0.98,0.98,inventory position is balanced; price is close to market; no urgent pricing intervention is needed,weak_competitor_match,business_only_retail_pricing_v1,deterministic_business_heuristic,2026-06-04T19:20:03.676893+00:00,1
SP-0669577D6B|2026-06-02,SP-0669577D6B,,555123,Birkenstock,kids,Birkenstock Arizona Kids,2026-06-02,88.4,2.95,0,40,1.0,52.0,0.0,999,30,83.25,0.0,0,0,0,at_market,3,0.0,tier2,39.96,1.2,0.0,0.0,1.1,3.0,0,0.8224,no_match,0.0,movement_reconstructed,0,0.0,0.0,0.0,0.0,0.0,0.0,1.0,0.0,0.0,-6.0,-0.5,14,PROMOTE,rds_snapshot_history,0,,,1.0,HOLD,HOLD,0.98,0.98,inventory position is balanced; price is close to market; no urgent pricing intervention is needed,weak_competitor_match,business_only_retail_pricing_v1,deterministic_business_heuristic,2026-06-04T19:20:03.676893+00:00,1
SP-06A343CFF5|2026-05-19,SP-06A343CFF5,,IN233409,ON,sportswear,On Endurance Women Running Bra Heron,2026-05-19,0.0,0.0,1,0,1.0,61.35,0.0,999,30,124.97,0.1598,1,1,1,premium,0,1.0,tier1,48.3,1.15,0.0,0.0,1.2,3.0,0,0.8224,same_model_family,0.8371,movement_reconstructed,1,105.0,125.0,145.0,0.0,0.0,0.0,0.0,0.0,0.0,0.0,0.0,0,HOLD,rds_snapshot_history,0,,,1.0,HOLD,HOLD,0.5981,0.5981,no urgent pricing intervention is needed,low_stock|overpriced|low_label_confidence,business_only_retail_pricing_v1,deterministic_business_heuristic,2026-06-04T19:20:03.676893+00:00,0
SP-06A4E41C88|2026-05-19,SP-06A4E41C88,,IN213151,ON,apparel,On Climate Men Running Hoody Denim,2026-05-19,0.0,0.0,1,0,1.0,64.28,0.0,999,30,142.95,0.1256,1,1,1,above_market,0,1.0,tier1,51.06,1.15,0.0,0.0,1.2,3.0,0,0.8224,similar_product,0.7502,movement_reconstructed,1,125.0,139.4,146.0,0.0,0.0,0.0,0.0,0.0,0.0,0.0,0.0,0,HOLD,rds_snapshot_history,0,,,1.0,HOLD,HOLD,0.7655,0.7655,no urgent pricing intervention is needed,low_stock|overpriced|weak_competitor_match,business_only_retail_pricing_v1,deterministic_business_heuristic,2026-06-04T19:20:03.676893+00:00,0
SP-09354499DD|2026-05-19,SP-09354499DD,,IN218636,ON,apparel,On Boxy Club Women Lifestyle T-Shirt White,2026-05-19,0.0,0.0,1,0,1.0,59.4,0.0,999,30,73.65,0.294,1,1,1,premium,0,1.0,tier1,29.9,1.15,0.0,0.0,1.2,3.0,0,0.8224,same_model_family,0.8578,movement_reconstructed,1,52.0,58.75,65.0,0.0,0.0,0.0,0.0,0.0,0.0,0.0,0.0,0,HOLD,rds_snapshot_history,0,,,1.0,HOLD,HOLD,0.55,0.55,no urgent pricing intervention is needed,low_stock|overpriced|low_label_confidence,business_only_retail_pricing_v1,deterministic_business_heuristic,2026-06-04T19:20:03.676893+00:00,0
SP-09E55BAC3E|2026-05-19,SP-09E55BAC3E,,,Adidas,football_boots,2024 Copa Gloro2,2026-05-19,0.0,0.0,1,0,1.0,48.76,0.0,999,30,65.57,0.0,0,0,0,at_market,0,1.0,tier1,33.6,1.15,0.0,0.0,1.2,3.0,0,0.8224,no_match,0.0,movement_reconstructed,0,0.0,0.0,0.0,0.0,0.0,0.0,1.0,1.0,0.0,0.0,0.0,0,HOLD,rds_snapshot_history,0,,,1.0,HOLD,HOLD,0.98,0.98,price is close to market; no urgent pricing intervention is needed,low_stock|weak_competitor_match,business_only_retail_pricing_v1,deterministic_business_heuristic,2026-06-04T19:20:03.676893+00:00,0
SP-09E55BAC3E|2026-05-26,SP-09E55BAC3E,,,Adidas,football_boots,2024 Copa Gloro2,2026-05-26,89.5,2.98,0,8,1.0,48.76,0.0,999,30,65.57,0.0,0,0,0,at_market,0,0.0,tier1,33.6,1.15,0.0,0.0,1.2,3.0,0,0.8224,no_match,0.0,movement_reconstructed,0,0.0,0.0,0.0,0.0,0.0,0.0,1.0,1.0,0.0,-9.0,-1.0,7,HOLD,rds_snapshot_history,0,,,1.0,HOLD,HOLD,0.98,0.98,inventory position is balanced; price is close to market; no urgent pricing intervention is needed,low_stock|weak_competitor_match,business_only_retail_pricing_v1,deterministic_business_heuristic,2026-06-04T19:20:03.676893+00:00,0
SP-09E55BAC3E|2026-06-02,SP-09E55BAC3E,,,Adidas,football_boots,2024 Copa Gloro2,2026-06-02,89.5,2.98,0,8,1.0,48.76,0.0,999,30,65.57,0.0,0,0,0,at_market,3,0.0,tier1,33.6,1.2,0.0,0.0,1.1,3.0,0,0.8224,no_match,0.0,movement_reconstructed,0,0.0,0.0,0.0,0.0,0.0,0.0,1.0,1.0,0.0,-4.5,-0.5,14,HOLD,rds_snapshot_history,0,,,1.0,HOLD,HOLD,0.98,0.98,inventory position is balanced; price is close to market; no urgent pricing intervention is needed,low_stock|weak_competitor_match,business_only_retail_pricing_v1,deterministic_business_heuristic,2026-06-04T19:20:03.676893+00:00,0
SP-0A0C5718B8|2026-05-19,SP-0A0C5718B8,,IN236716,Crocs,footwear,Crocs All Day Women Lifestyle Slippers Powder Pink,2026-05-19,0.0,0.0,1,0,1.0,58.06,0.0,999,30,44.63,0.0589,1,1,1,above_market,0,1.0,tier2,18.72,1.15,0.0,0.0,1.2,3.0,0,0.8224,similar_product,0.7312,movement_reconstructed,1,42.0,46.0,55.0,0.0,0.0,0.0,0.0,0.0,0.0,0.0,0.0,0,HOLD,rds_snapshot_history,0,,,1.0,HOLD,HOLD,0.98,0.98,no urgent pricing intervention is needed,low_stock|weak_competitor_match,business_only_retail_pricing_v1,deterministic_business_heuristic,2026-06-04T19:20:03.676893+00:00,0
SP-0A0C5718B8|2026-05-26,SP-0A0C5718B8,,IN236716,Crocs,footwear,Crocs All Day Women Lifestyle Slippers Powder Pink,2026-05-26,73.5,2.45,0,9,1.0,58.06,0.0,999,30,44.63,0.0589,1,1,1,above_market,0,0.0,tier2,18.72,1.15,0.0,0.0,1.2,3.0,0,0.8224,similar_product,0.728,movement_reconstructed,1,42.0,47.3125,63.0,0.0,0.0,0.0,0.0,0.0,0.0,-40.0,-1.0,7,HOLD,rds_snapshot_history,0,,,1.0,HOLD,HOLD,0.7586,0.7586,inventory position is balanced; no urgent pricing intervention is needed,low_stock|weak_competitor_match,business_only_retail_pricing_v1,deterministic_business_heuristic,2026-06-04T19:20:03.676893+00:00,0
SP-0A0C5718B8|2026-06-02,SP-0A0C5718B8,,IN236716,Crocs,footwear,Crocs All Day Women Lifestyle Slippers Powder Pink,2026-06-02,73.5,2.45,0,9,1.0,58.06,0.0,999,30,44.63,0.0589,1,1,1,above_market,3,0.0,tier2,18.72,1.2,0.0,0.0,1.1,3.0,0,0.8224,similar_product,0.727,movement_reconstructed,1,42.0,47.75,63.0,0.0,0.0,0.0,0.0,0.0,0.0,-20.0,-0.5,14,HOLD,rds_snapshot_history,0,,,1.0,HOLD,HOLD,0.7586,0.7586,inventory position is balanced; no urgent pricing intervention is needed,low_stock|weak_competitor_match,business_only_retail_pricing_v1,deterministic_business_heuristic,2026-06-04T19:20:03.676893+00:00,0
SP-0AA1FDD34E|2026-05-19,SP-0AA1FDD34E,,IN227557,Crocs,footwear,Crocs Bae Glitter Women Lifestyle Clog Black,2026-05-19,0.0,0.0,1,0,1.0,55.51,0.0,999,30,105.2,0.0,0,0,0,at_market,0,1.0,tier2,46.8,1.15,0.0,0.0,1.2,3.0,0,0.8224,no_match,0.0,movement_reconstructed,0,0.0,0.0,0.0,0.0,0.0,0.0,1.0,0.0,0.0,0.0,0.0,0,HOLD,rds_snapshot_history,0,,,1.0,HOLD,HOLD,0.98,0.98,price is close to market; no urgent pricing intervention is needed,low_stock|weak_competitor_match,business_only_retail_pricing_v1,deterministic_business_heuristic,2026-06-04T19:20:03.676893+00:00,0
SP-0AA1FDD34E|2026-05-26,SP-0AA1FDD34E,,IN227557,Crocs,footwear,Crocs Bae Glitter Women Lifestyle Clog Black,2026-05-26,125.7,4.19,0,9,1.0,55.51,0.0,999,30,105.2,0.0,0,0,0,at_market,0,0.0,tier2,46.8,1.15,0.0,0.0,1.2,3.0,0,0.8224,no_match,0.0,movement_reconstructed,0,0.0,0.0,0.0,0.0,0.0,0.0,1.0,0.0,0.0,-14.0,-1.0,7,CLEAR,rds_snapshot_history,0,,,1.0,HOLD,HOLD,0.98,0.98,inventory position is balanced; price is close to market; no urgent pricing intervention is needed,low_stock|weak_competitor_match|stale_inventory,business_only_retail_pricing_v1,deterministic_business_heuristic,2026-06-04T19:20:03.676893+00:00,1
SP-0AA1FDD34E|2026-06-02,SP-0AA1FDD34E,,IN227557,Crocs,footwear,Crocs Bae Glitter Women Lifestyle Clog Black,2026-06-02,125.7,4.19,0,9,1.0,55.51,0.0,999,30,105.2,0.0,0,0,0,at_market,3,0.0,tier2,46.8,1.2,0.0,0.0,1.1,3.0,0,0.8224,no_match,0.0,movement_reconstructed,0,0.0,0.0,0.0,0.0,0.0,0.0,1.0,0.0,0.0,-7.0,-0.5,14,CLEAR,rds_snapshot_history,0,,,1.0,HOLD,HOLD,0.98,0.98,inventory position is balanced; price is close to market; no urgent pricing intervention is needed,low_stock|weak_competitor_match|stale_inventory,business_only_retail_pricing_v1,deterministic_business_heuristic,2026-06-04T19:20:03.676893+00:00,1
SP-0D038F16ED|2026-05-19,SP-0D038F16ED,,IN226835,New Balance,apparel,New Balance Athletics Men Performanc T-Shirt Navy Heather,2026-05-19,0.0,0.0,1,0,1.0,61.44,0.0,999,30,43.21,0.2594,1,1,1,premium,0,1.0,tier1,16.66,1.15,0.0,0.0,1.2,3.0,0,0.8224,same_model_family,0.7652,movement_reconstructed,1,32.0,40.0,49.0,0.0,0.0,0.0,0.0,0.0,0.0,0.0,0.0,0,HOLD,rds_snapshot_history,0,,,1.0,HOLD,HOLD,0.55,0.55,no urgent pricing intervention is needed,low_stock|overpriced|low_label_confidence,business_only_retail_pricing_v1,deterministic_business_heuristic,2026-06-04T19:20:03.676893+00:00,0
SP-0EC65E75A7|2026-05-19,SP-0EC65E75A7,,IN205755,Nike,apparel,Nike Club Flow Men Lifestyle Short Black/White,2026-05-19,0.0,0.0,1,0,1.0,54.96,0.0,999,30,44.87,0.3983,1,1,1,premium,0,1.0,tier1,20.21,1.15,0.0,0.0,1.2,3.0,0,0.8224,same_model_family,0.8522,movement_reconstructed,1,27.0,40.833333333333336,49.0,0.0,0.0,0.0,1.0,1.0,0.0,0.0,0.0,0,HOLD,rds_snapshot_history,0,,,1.0,HOLD,HOLD,0.55,0.55,no urgent pricing intervention is needed,low_stock|overpriced|low_label_confidence,business_only_retail_pricing_v1,deterministic_business_heuristic,2026-06-04T19:20:03.676893+00:00,0
SP-100050E78D|2026-05-19,SP-100050E78D,,IX3178,Adidas,accessories,Adidas Power Vii Unisex Training Bag Alumina/Black,2026-05-19,0.0,0.0,1,0,1.0,58.05,0.0,999,30,49.2,0.1667,2,1,2,premium,0,1.0,tier1,20.64,1.15,0.0,0.0,1.2,3.0,0,0.8224,exact_style,0.7931,movement_reconstructed,1,41.0,7.5005,45.0,0.0,0.0,0.0,1.0,1.0,0.0,0.0,0.0,0,HOLD,rds_snapshot_history,0,,,1.0,HOLD,HOLD,0.5833,0.5833,no urgent pricing intervention is needed,low_stock|overpriced|low_label_confidence,business_only_retail_pricing_v1,deterministic_business_heuristic,2026-06-04T19:20:03.676893+00:00,0
SP-1119C7A992|2026-05-19,SP-1119C7A992,,IN217981,New Balance,footwear,New Balance 1080 Men Running Shoes Black/Magnet/Linen,2026-05-19,0.0,0.0,1,0,1.0,60.17,0.0,999,30,248.52,0.0,0,0,0,at_market,0,1.0,tier1,98.98,1.15,0.0,0.0,1.2,3.0,0,0.8224,no_match,0.0,movement_reconstructed,0,0.0,0.0,0.0,0.0,0.0,0.0,0.0,0.0,0.0,0.0,0.0,0,HOLD,rds_snapshot_history,0,,,1.0,HOLD,HOLD,0.98,0.98,price is close to market; no urgent pricing intervention is needed,low_stock|weak_competitor_match,business_only_retail_pricing_v1,deterministic_business_heuristic,2026-06-04T19:20:03.676893+00:00,0
SP-1119C7A992|2026-05-26,SP-1119C7A992,,IN217981,New Balance,footwear,New Balance 1080 Men Running Shoes Black/Magnet/Linen,2026-05-26,136.6,4.55,0,10,1.0,60.17,0.0,999,30,248.52,0.2274,1,1,1,premium,0,0.0,tier1,98.98,1.15,0.0,0.0,1.2,3.0,0,0.8224,same_model_family,0.7941,movement_reconstructed,1,192.0,196.0,202.0,0.0,0.0,0.0,0.0,0.0,0.0,-14.0,-1.0,7,CLEAR,rds_snapshot_history,0,,,1.0,HOLD,HOLD,0.55,0.55,inventory position is balanced; no urgent pricing intervention is needed,low_stock|overpriced|stale_inventory|low_label_confidence,business_only_retail_pricing_v1,deterministic_business_heuristic,2026-06-04T19:20:03.676893+00:00,1
SP-1119C7A992|2026-06-02,SP-1119C7A992,,IN217981,New Balance,footwear,New Balance 1080 Men Running Shoes Black/Magnet/Linen,2026-06-02,136.6,4.55,0,10,1.0,60.17,0.0,999,30,248.52,0.2274,1,1,1,premium,3,0.0,tier1,98.98,1.2,0.0,0.0,1.1,3.0,0,0.8224,same_model_family,0.777,movement_reconstructed,1,192.0,195.3333333333333,202.0,0.0,0.0,0.0,0.0,0.0,0.0,-7.0,-0.5,14,CLEAR,rds_snapshot_history,0,,,1.0,HOLD,HOLD,0.55,0.55,inventory position is balanced; no urgent pricing intervention is needed,low_stock|overpriced|stale_inventory|low_label_confidence,business_only_retail_pricing_v1,deterministic_business_heuristic,2026-06-04T19:20:03.676893+00:00,1
SP-112F8642D1|2026-05-19,SP-112F8642D1,,IN234839,New Balance,footwear,New Balance 327 Women Lifestyle Shoes Black,2026-05-19,0.0,0.0,1,0,1.0,54.83,0.0,999,30,200.68,0.5615,1,1,1,premium,0,1.0,tier1,90.65,1.15,0.0,0.0,1.2,3.0,0,0.8224,same_model_family,0.7944,movement_reconstructed,1,88.0,201.2142857142857,275.0,0.0,0.0,0.0,0.0,0.0,0.0,0.0,0.0,0,HOLD,rds_snapshot_history,0,,,1.0,HOLD,HOLD,0.55,0.55,no urgent pricing intervention is needed,low_stock|overpriced|low_label_confidence,business_only_retail_pricing_v1,deterministic_business_heuristic,2026-06-04T19:20:03.676893+00:00,0
SP-11CD7588B5|2026-05-19,SP-11CD7588B5,,SHPF0640,Ellesse,lifestyle,Ellesse Massimo Club W,2026-05-19,0.0,0.0,1,0,1.0,45.0,0.0,999,30,83.25,0.0,0,0,0,at_market,0,1.0,tier2,45.79,1.15,0.0,0.0,1.2,3.0,0,0.8224,no_match,0.0,movement_reconstructed,0,0.0,0.0,0.0,0.0,0.0,0.0,1.0,1.0,0.0,0.0,0.0,0,HOLD,rds_snapshot_history,0,,,1.0,HOLD,HOLD,0.98,0.98,price is close to market; no urgent pricing intervention is needed,low_stock|weak_competitor_match,business_only_retail_pricing_v1,deterministic_business_heuristic,2026-06-04T19:20:03.676893+00:00,0
SP-11CD7588B5|2026-05-26,SP-11CD7588B5,,SHPF0640,Ellesse,lifestyle,Ellesse Massimo Club W,2026-05-26,93.6,3.12,0,35,1.0,45.0,0.0,999,30,83.25,0.0,0,0,0,at_market,0,0.0,tier2,45.79,1.15,0.0,0.0,1.2,3.0,0,0.8224,no_match,0.0,movement_reconstructed,0,0.0,0.0,0.0,0.0,0.0,0.0,1.0,1.0,0.2051,-9.0,-1.0,0,HOLD,rds_snapshot_history,0,,,1.0,HOLD,HOLD,0.98,0.98,inventory position is balanced; price is close to market; no urgent pricing intervention is needed,weak_competitor_match,business_only_retail_pricing_v1,deterministic_business_heuristic,2026-06-04T19:20:03.676893+00:00,0
SP-11CD7588B5|2026-06-02,SP-11CD7588B5,,SHPF0640,Ellesse,lifestyle,Ellesse Massimo Club W,2026-06-02,93.6,3.12,0,35,1.0,45.0,0.0,999,30,83.25,0.0,0,0,0,at_market,3,0.0,tier2,45.79,1.2,0.0,0.0,1.1,3.0,0,0.8224,no_match,0.0,movement_reconstructed,0,0.0,0.0,0.0,0.0,0.0,0.0,1.0,1.0,0.1675,-4.5,-0.5,7,HOLD,rds_snapshot_history,0,,,1.0,HOLD,HOLD,0.98,0.98,inventory position is balanced; price is close to market; no urgent pricing intervention is needed,weak_competitor_match,business_only_retail_pricing_v1,deterministic_business_heuristic,2026-06-04T19:20:03.676893+00:00,0
SP-12E813D427|2026-05-19,SP-12E813D427,,IN227544,Crocs,footwear,Crocs Bae Women Lifestyle Clog Taupe,2026-05-19,0.0,0.0,1,0,1.0,50.76,0.0,999,30,88.7,0.3348,1,0,1,premium,0,1.0,tier2,43.68,1.15,0.0,0.0,1.2,3.0,0,0.8224,same_model_family,0.88,movement_reconstructed,1,59.0,65.5,72.0,0.0,0.0,0.0,0.0,0.0,0.0,0.0,0.0,0,HOLD,rds_snapshot_history,0,,,1.0,HOLD,HOLD,0.55,0.55,no urgent pricing intervention is needed,low_stock|overpriced|low_label_confidence,business_only_retail_pricing_v1,deterministic_business_heuristic,2026-06-04T19:20:03.676893+00:00,0
SP-12E813D427|2026-05-26,SP-12E813D427,,IN227544,Crocs,footwear,Crocs Bae Women Lifestyle Clog Taupe,2026-05-26,106.0,3.53,0,10,1.0,50.76,0.0,999,30,88.7,0.3348,1,0,1,premium,0,0.0,tier2,43.68,1.15,0.0,0.0,1.2,3.0,0,0.8224,same_model_family,0.88,movement_reconstructed,1,59.0,65.5,72.0,0.0,0.0,0.0,0.25,0.25,0.2103,-10.0,-1.0,0,HOLD,rds_snapshot_history,0,,,1.0,HOLD,HOLD,0.55,0.55,inventory position is balanced; no urgent pricing intervention is needed,low_stock|overpriced|low_label_confidence,business_only_retail_pricing_v1,deterministic_business_heuristic,2026-06-04T19:20:03.676893+00:00,0
SP-12E813D427|2026-06-02,SP-12E813D427,,IN227544,Crocs,footwear,Crocs Bae Women Lifestyle Clog Taupe,2026-06-02,106.0,3.53,0,10,1.0,50.76,0.0,999,30,88.7,0.3348,1,0,1,premium,3,0.0,tier2,43.68,1.2,0.0,0.0,1.1,3.0,0,0.8224,same_model_family,0.8801,movement_reconstructed,1,59.0,65.5,72.0,0.0,0.0,0.0,0.3333,0.3333,0.1717,-5.0,-0.5,7,HOLD,rds_snapshot_history,0,,,1.0,HOLD,HOLD,0.55,0.55,inventory position is balanced; no urgent pricing intervention is needed,low_stock|overpriced|low_label_confidence,business_only_retail_pricing_v1,deterministic_business_heuristic,2026-06-04T19:20:03.676893+00:00,0
SP-139E4E0F8D|2026-05-19,SP-139E4E0F8D,,BM3970,Columbia,footwear,Columbia Newton Ridge Plus 2 WP,2026-05-19,0.0,0.0,1,0,1.0,50.0,0.0,999,30,111.0,0.0,0,0,0,at_market,0,1.0,tier2,55.5,1.15,0.0,0.0,1.2,3.0,0,0.8224,no_match,0.0,movement_reconstructed,0,0.0,0.0,0.0,0.0,0.0,0.0,1.0,0.0,0.0,0.0,0.0,0,HOLD,rds_snapshot_history,0,,,1.0,HOLD,HOLD,0.98,0.98,price is close to market; no urgent pricing intervention is needed,low_stock|weak_competitor_match,business_only_retail_pricing_v1,deterministic_business_heuristic,2026-06-04T19:20:03.676893+00:00,0
SP-139E4E0F8D|2026-05-26,SP-139E4E0F8D,,BM3970,Columbia,footwear,Columbia Newton Ridge Plus 2 WP,2026-05-26,132.6,4.42,0,48,1.0,50.0,0.0,999,30,111.0,0.0,0,0,0,at_market,0,0.0,tier2,55.5,1.15,0.0,0.0,1.2,3.0,0,0.8224,no_match,0.0,movement_reconstructed,0,0.0,0.0,0.0,0.0,0.0,0.0,1.0,0.0,0.0,-10.0,-1.0,7,CLEAR,rds_snapshot_history,0,,,1.0,HOLD,HOLD,0.98,0.98,inventory position is balanced; price is close to market; no urgent pricing intervention is needed,weak_competitor_match|stale_inventory,business_only_retail_pricing_v1,deterministic_business_heuristic,2026-06-04T19:20:03.676893+00:00,1
SP-139E4E0F8D|2026-06-02,SP-139E4E0F8D,,BM3970,Columbia,footwear,Columbia Newton Ridge Plus 2 WP,2026-06-02,132.6,4.42,0,48,1.0,50.0,0.0,999,30,111.0,0.0,0,0,0,at_market,3,0.0,tier2,55.5,1.2,0.0,0.0,1.1,3.0,0,0.8224,no_match,0.0,movement_reconstructed,0,0.0,0.0,0.0,0.0,0.0,0.0,1.0,0.0,0.0,-5.0,-0.5,14,CLEAR,rds_snapshot_history,0,,,1.0,HOLD,HOLD,0.98,0.98,inventory position is balanced; price is close to market; no urgent pricing intervention is needed,weak_competitor_match|stale_inventory,business_only_retail_pricing_v1,deterministic_business_heuristic,2026-06-04T19:20:03.676893+00:00,1
SP-154D0C8A2D|2026-05-26,SP-154D0C8A2D,,GL0723,Adidas,apparel,"3 Stripes Leggings, Black",2026-05-26,51.2,1.71,0,14,1.0,55.56,0.0,999,30,37.8,0.0741,1,0,1,above_market,0,0.0,tier1,16.8,1.15,0.0,0.0,1.2,3.0,0,0.8224,exact_style,1.0,movement_reconstructed,1,35.0,35.0,35.0,0.0,0.0,0.0,0.0,0.0,0.0,-10.0,-1.0,7,HOLD,rds_snapshot_history,0,,,1.0,HOLD,HOLD,0.6729,0.6729,inventory position is balanced; no urgent pricing intervention is needed,low_stock|low_label_confidence,business_only_retail_pricing_v1,deterministic_business_heuristic,2026-06-04T19:20:03.676893+00:00,0
SP-154D0C8A2D|2026-06-02,SP-154D0C8A2D,,GL0723,Adidas,apparel,"3 Stripes Leggings, Black",2026-06-02,51.2,1.71,0,14,1.0,55.56,0.0,999,30,37.8,0.0741,1,0,1,above_market,3,0.0,tier1,16.8,1.2,0.0,0.0,1.1,3.0,0,0.8224,exact_style,1.0,movement_reconstructed,1,35.0,35.0,35.0,0.0,0.0,0.0,0.0,0.0,0.0,-5.0,-0.5,14,HOLD,rds_snapshot_history,0,,,1.0,HOLD,HOLD,0.6729,0.6729,inventory position is balanced; no urgent pricing intervention is needed,low_stock|low_label_confidence,business_only_retail_pricing_v1,deterministic_business_heuristic,2026-06-04T19:20:03.676893+00:00,0
SP-154D3E9BB1|2026-05-26,SP-154D3E9BB1,,IU2522,Adidas,apparel,"3-Stripes Leggings, Black",2026-05-26,51.2,1.71,0,14,1.0,58.06,0.0,999,30,38.91,0.1262,1,0,1,above_market,0,0.0,tier1,16.32,1.15,0.0,0.0,1.2,3.0,0,0.8224,exact_style,1.0,movement_reconstructed,1,34.0,34.0,34.0,0.0,0.0,0.0,0.0,0.0,0.0,-14.0,-1.0,7,HOLD,rds_snapshot_history,0,,,1.0,MARKDOWN,MARKDOWN,0.6125,0.6125,priced above market by 13%; competitors are discounting; margin can support a markdown,low_stock|overpriced|low_label_confidence,business_only_retail_pricing_v1,deterministic_business_heuristic,2026-06-04T19:20:03.676893+00:00,1
SP-154D3E9BB1|2026-06-02,SP-154D3E9BB1,,IU2522,Adidas,apparel,"3-Stripes Leggings, Black",2026-06-02,51.2,1.71,0,14,1.0,58.06,0.0,999,30,38.91,0.1262,1,0,1,above_market,3,0.0,tier1,16.32,1.2,0.0,0.0,1.1,3.0,0,0.8224,exact_style,1.0,movement_reconstructed,1,34.0,34.0,34.0,0.0,0.0,0.0,0.0,0.0,0.0,-7.0,-0.5,14,HOLD,rds_snapshot_history,0,,,1.0,MARKDOWN,MARKDOWN,0.6125,0.6125,priced above market by 13%; competitors are discounting; margin can support a markdown,low_stock|overpriced|low_label_confidence,business_only_retail_pricing_v1,deterministic_business_heuristic,2026-06-04T19:20:03.676893+00:00,1
SP-16070A4590|2026-05-19,SP-16070A4590,,IN202153,New Balance,footwear,New Balance 2002R Unisex Lifestyle Shoes Bone/ Light Aluminum,2026-05-19,0.0,0.0,1,0,1.0,54.39,0.0,999,30,137.52,0.0,0,0,0,at_market,0,1.0,tier1,62.72,1.15,0.0,0.0,1.2,3.0,0,0.8224,no_match,0.0,movement_reconstructed,0,0.0,0.0,0.0,0.0,0.0,0.0,0.0,1.0,0.0,0.0,0.0,0,HOLD,rds_snapshot_history,0,,,1.0,HOLD,HOLD,0.98,0.98,price is close to market; no urgent pricing intervention is needed,low_stock|weak_competitor_match,business_only_retail_pricing_v1,deterministic_business_heuristic,2026-06-04T19:20:03.676893+00:00,0
SP-16070A4590|2026-05-26,SP-16070A4590,,IN202153,New Balance,footwear,New Balance 2002R Unisex Lifestyle Shoes Bone/ Light Aluminum,2026-05-26,136.6,4.55,0,9,1.0,54.39,0.0,999,30,137.52,0.1129,1,1,1,above_market,0,0.0,tier1,62.72,1.15,0.0,0.0,1.2,3.0,0,0.8224,similar_product,0.7133,movement_reconstructed,1,122.0,122.0,122.0,0.0,0.0,0.0,0.0,1.0,0.0,-9.0,-1.0,7,CLEAR,rds_snapshot_history,0,,,1.0,HOLD,HOLD,0.55,0.55,inventory position is balanced; no urgent pricing intervention is needed,low_stock|weak_competitor_match|stale_inventory|low_label_confidence,business_only_retail_pricing_v1,deterministic_business_heuristic,2026-06-04T19:20:03.676893+00:00,1
SP-16070A4590|2026-06-02,SP-16070A4590,,IN202153,New Balance,footwear,New Balance 2002R Unisex Lifestyle Shoes Bone/ Light Aluminum,2026-06-02,136.6,4.55,0,9,1.0,54.39,0.0,999,30,137.52,0.1129,1,1,1,above_market,3,0.0,tier1,62.72,1.2,0.0,0.0,1.1,3.0,0,0.8224,similar_product,0.7133,movement_reconstructed,1,122.0,122.0,122.0,0.0,0.0,0.0,0.0,1.0,0.0,-4.5,-0.5,14,CLEAR,rds_snapshot_history,0,,,1.0,HOLD,HOLD,0.55,0.55,inventory position is balanced; no urgent pricing intervention is needed,low_stock|weak_competitor_match|stale_inventory|low_label_confidence,business_only_retail_pricing_v1,deterministic_business_heuristic,2026-06-04T19:20:03.676893+00:00,1
SP-16107603B2|2026-05-19,SP-16107603B2,,IN204722,Nike,apparel,Nike Challenger Men Running Pant Smoke Grey/Black,2026-05-19,0.0,0.0,1,0,1.0,58.53,0.0,999,30,126.92,0.0,0,0,0,at_market,0,1.0,tier1,52.64,1.15,0.0,0.0,1.2,3.0,0,0.8224,no_match,0.0,movement_reconstructed,0,0.0,0.0,0.0,0.0,0.0,0.0,1.0,0.0,0.0,0.0,0.0,0,HOLD,rds_snapshot_history,0,,,1.0,HOLD,HOLD,0.98,0.98,price is close to market; no urgent pricing intervention is needed,low_stock|weak_competitor_match,business_only_retail_pricing_v1,deterministic_business_heuristic,2026-06-04T19:20:03.676893+00:00,0
SP-16107603B2|2026-05-26,SP-16107603B2,,IN204722,Nike,apparel,Nike Challenger Men Running Pant Smoke Grey/Black,2026-05-26,95.0,3.17,0,14,1.0,58.53,0.0,999,30,126.92,0.0,0,0,0,at_market,0,0.0,tier1,52.64,1.15,0.0,0.0,1.2,3.0,0,0.8224,no_match,0.0,movement_reconstructed,0,0.0,0.0,0.0,0.0,0.0,0.0,1.0,0.0,0.0,-11.0,-1.0,7,HOLD,rds_snapshot_history,0,,,1.0,HOLD,HOLD,0.98,0.98,inventory position is balanced; price is close to market; no urgent pricing intervention is needed,low_stock|weak_competitor_match,business_only_retail_pricing_v1,deterministic_business_heuristic,2026-06-04T19:20:03.676893+00:00,0
SP-16107603B2|2026-06-02,SP-16107603B2,,IN204722,Nike,apparel,Nike Challenger Men Running Pant Smoke Grey/Black,2026-06-02,95.0,3.17,0,14,1.0,58.53,0.0,999,30,126.92,0.0,0,0,0,at_market,3,0.0,tier1,52.64,1.2,0.0,0.0,1.1,3.0,0,0.8224,no_match,0.0,movement_reconstructed,0,0.0,0.0,0.0,0.0,0.0,0.0,1.0,0.0,0.0,-5.5,-0.5,14,HOLD,rds_snapshot_history,0,,,1.0,HOLD,HOLD,0.98,0.98,inventory position is balanced; price is close to market; no urgent pricing intervention is needed,low_stock|weak_competitor_match,business_only_retail_pricing_v1,deterministic_business_heuristic,2026-06-04T19:20:03.676893+00:00,0
SP-171E383B23|2026-05-19,SP-171E383B23,,IN204932,All In,swimwear,ALN Accessories Floating Kickboard Swim Swimming Gear Blue,2026-05-19,0.0,0.0,1,0,1.0,49.71,0.0,999,30,5.17,0.0,0,0,0,at_market,0,1.0,tier2,2.6,1.45,0.3,0.0,1.7,3.0,0,0.8224,no_match,0.0,movement_reconstructed,0,0.0,0.0,0.0,0.0,0.0,0.0,0.0,1.0,0.0,0.0,0.0,0,HOLD,rds_snapshot_history,0,,,1.0,HOLD,HOLD,0.98,0.98,price is close to market; no urgent pricing intervention is needed,low_stock|weak_competitor_match,business_only_retail_pricing_v1,deterministic_business_heuristic,2026-06-04T19:20:03.676893+00:00,0
SP-171E383B23|2026-05-26,SP-171E383B23,,IN204932,All In,swimwear,ALN Accessories Floating Kickboard Swim Swimming Gear Blue,2026-05-26,98.0,3.27,0,9,1.0,49.71,0.0,999,30,5.17,0.0,0,0,0,at_market,0,0.0,tier2,2.6,1.45,0.3,0.0,1.7,3.0,0,0.8224,no_match,0.0,movement_reconstructed,0,0.0,0.0,0.0,0.0,0.0,0.0,0.0,1.0,0.0,-18.0,-1.0,7,HOLD,rds_snapshot_history,0,,,1.0,HOLD,HOLD,0.98,0.98,inventory position is balanced; price is close to market; no urgent pricing intervention is needed,low_stock|weak_competitor_match,business_only_retail_pricing_v1,deterministic_business_heuristic,2026-06-04T19:20:03.676893+00:00,0
SP-171E383B23|2026-06-02,SP-171E383B23,,IN204932,All In,swimwear,ALN Accessories Floating Kickboard Swim Swimming Gear Blue,2026-06-02,98.0,3.27,0,9,1.0,49.71,0.0,999,30,5.17,0.0,0,0,0,at_market,3,0.0,tier2,2.6,1.7,0.5,0.0,1.6,3.0,0,0.8224,no_match,0.0,movement_reconstructed,0,0.0,0.0,0.0,0.0,0.0,0.0,0.0,1.0,0.0,-9.0,-0.5,14,HOLD,rds_snapshot_history,0,,,1.0,HOLD,HOLD,0.98,0.98,inventory position is balanced; price is close to market; no urgent pricing intervention is needed,low_stock|weak_competitor_match,business_only_retail_pricing_v1,deterministic_business_heuristic,2026-06-04T19:20:03.676893+00:00,0
SP-1A5E48962B|2026-05-26,SP-1A5E48962B,,JI2316,Adidas,footwear,"Barreda Decode Shoes, Black",2026-05-26,116.1,3.87,0,10,1.0,50.04,0.0,999,30,121.06,0.2566,1,1,2,premium,0,0.0,tier1,60.48,1.15,0.0,0.0,1.2,3.0,0,0.8224,exact_style,0.8504,movement_reconstructed,1,90.0,64.8756,135.0,0.0,0.0,0.0,0.0,0.0,0.0,-56.0,-1.0,7,HOLD,rds_snapshot_history,0,,,1.0,HOLD,HOLD,0.55,0.55,inventory position is balanced; no urgent pricing intervention is needed,low_stock|overpriced|low_label_confidence,business_only_retail_pricing_v1,deterministic_business_heuristic,2026-06-04T19:20:03.676893+00:00,0
SP-1A5E48962B|2026-06-02,SP-1A5E48962B,,JI2316,Adidas,footwear,"Barreda Decode Shoes, Black",2026-06-02,116.1,3.87,0,10,1.0,50.04,0.0,999,30,121.06,0.2566,1,1,2,premium,3,0.0,tier1,60.48,1.2,0.0,0.0,1.1,3.0,0,0.8224,exact_style,0.8193,movement_reconstructed,1,90.0,31.5008,126.0,0.0,0.0,0.0,0.0,0.0,0.0,-28.0,-0.5,14,HOLD,rds_snapshot_history,0,,,1.0,HOLD,HOLD,0.55,0.55,inventory position is balanced; no urgent pricing intervention is needed,low_stock|overpriced|low_label_confidence,business_only_retail_pricing_v1,deterministic_business_heuristic,2026-06-04T19:20:03.676893+00:00,0
SP-1AB356CEBD|2026-05-19,SP-1AB356CEBD,,IN233452,ON,sportswear,On Performance Women Running Bra Black,2026-05-19,0.0,0.0,1,0,1.0,52.5,0.0,999,30,86.19,0.2807,1,1,1,premium,0,1.0,tier1,40.94,1.15,0.0,0.0,1.2,3.0,0,0.8224,same_model_family,0.9051,movement_reconstructed,1,62.0,77.25,89.0,0.0,0.0,0.0,1.0,1.0,0.0,0.0,0.0,0,HOLD,rds_snapshot_history,0,,,1.0,HOLD,HOLD,0.55,0.55,no urgent pricing intervention is needed,low_stock|overpriced|low_label_confidence,business_only_retail_pricing_v1,deterministic_business_heuristic,2026-06-04T19:20:03.676893+00:00,0
SP-1B705F3CD9|2026-05-19,SP-1B705F3CD9,,IN227558,Crocs,footwear,Crocs Bae Glitter Clog Women Lifestyle Clog Pink Milk,2026-05-19,0.0,0.0,1,0,1.0,40.15,0.0,999,30,78.2,0.3606,1,0,1,premium,0,1.0,tier2,46.8,1.15,0.0,0.0,1.2,3.0,0,0.8224,same_model_family,0.8623,movement_reconstructed,1,50.0,56.5,63.0,0.0,0.0,0.0,1.0,0.0,0.0,0.0,0.0,0,HOLD,rds_snapshot_history,0,,,1.0,HOLD,HOLD,0.5811,0.5811,no urgent pricing intervention is needed,low_stock|overpriced|low_label_confidence,business_only_retail_pricing_v1,deterministic_business_heuristic,2026-06-04T19:20:03.676893+00:00,0
SP-1B705F3CD9|2026-05-26,SP-1B705F3CD9,,IN227558,Crocs,footwear,Crocs Bae Glitter Clog Women Lifestyle Clog Pink Milk,2026-05-26,93.4,3.11,0,9,1.0,40.15,0.0,999,30,78.2,0.5013,1,1,1,premium,0,0.0,tier2,46.8,1.15,0.0,0.0,1.2,3.0,0,0.8224,same_model_family,0.7725,movement_reconstructed,1,39.0,53.36363636363637,63.0,0.0,0.0,0.0,1.0,0.0,0.0,-12.0,-1.0,7,HOLD,rds_snapshot_history,0,,,1.0,HOLD,HOLD,0.55,0.55,inventory position is balanced; no urgent pricing intervention is needed,low_stock|overpriced|low_label_confidence,business_only_retail_pricing_v1,deterministic_business_heuristic,2026-06-04T19:20:03.676893+00:00,0
SP-1B705F3CD9|2026-06-02,SP-1B705F3CD9,,IN227558,Crocs,footwear,Crocs Bae Glitter Clog Women Lifestyle Clog Pink Milk,2026-06-02,93.4,3.11,0,9,1.0,40.15,0.0,999,30,78.2,0.5013,1,1,1,premium,3,0.0,tier2,46.8,1.2,0.0,0.0,1.1,3.0,0,0.8224,same_model_family,0.7552,movement_reconstructed,1,39.0,52.4,63.0,0.0,0.0,0.0,1.0,0.0,0.0,-6.0,-0.5,14,HOLD,rds_snapshot_history,0,,,1.0,HOLD,HOLD,0.55,0.55,inventory position is balanced; no urgent pricing intervention is needed,low_stock|overpriced|low_label_confidence,business_only_retail_pricing_v1,deterministic_business_heuristic,2026-06-04T19:20:03.676893+00:00,0
SP-1BEA1A72D1|2026-05-19,SP-1BEA1A72D1,,IN094389,Aquatail,kids,Aquatail Mermaid Tail Kids Beach Fins Blue,2026-05-19,0.0,0.0,1,0,1.0,43.04,0.0,999,30,38.34,0.0,0,0,0,at_market,0,1.0,tier2,21.84,1.15,0.0,0.0,1.2,3.0,0,0.8224,no_match,0.0,movement_reconstructed,0,0.0,0.0,0.0,0.0,0.0,0.0,1.0,1.0,0.0,0.0,0.0,0,HOLD,rds_snapshot_history,0,,,1.0,HOLD,HOLD,0.98,0.98,price is close to market; no urgent pricing intervention is needed,low_stock|weak_competitor_match,business_only_retail_pricing_v1,deterministic_business_heuristic,2026-06-04T19:20:03.676893+00:00,0
SP-1BEA1A72D1|2026-05-26,SP-1BEA1A72D1,,IN094389,Aquatail,kids,Aquatail Mermaid Tail Kids Beach Fins Blue,2026-05-26,65.4,2.18,0,9,1.0,43.04,0.0,999,30,38.34,0.0,0,0,0,at_market,0,0.0,tier2,21.84,1.15,0.0,0.0,1.2,3.0,0,0.8224,no_match,0.0,movement_reconstructed,0,0.0,0.0,0.0,0.0,0.0,0.0,1.0,1.0,0.0,-10.0,-1.0,7,HOLD,rds_snapshot_history,0,,,1.0,HOLD,HOLD,0.98,0.98,inventory position is balanced; price is close to market; no urgent pricing intervention is needed,low_stock|weak_competitor_match,business_only_retail_pricing_v1,deterministic_business_heuristic,2026-06-04T19:20:03.676893+00:00,0
SP-1BEA1A72D1|2026-06-02,SP-1BEA1A72D1,,IN094389,Aquatail,kids,Aquatail Mermaid Tail Kids Beach Fins Blue,2026-06-02,65.4,2.18,0,9,1.0,43.04,0.0,999,30,38.34,0.0,0,0,0,at_market,3,0.0,tier2,21.84,1.2,0.0,0.0,1.1,3.0,0,0.8224,no_match,0.0,movement_reconstructed,0,0.0,0.0,0.0,0.0,0.0,0.0,1.0,1.0,0.0,-5.0,-0.5,14,HOLD,rds_snapshot_history,0,,,1.0,HOLD,HOLD,0.98,0.98,inventory position is balanced; price is close to market; no urgent pricing intervention is needed,low_stock|weak_competitor_match,business_only_retail_pricing_v1,deterministic_business_heuristic,2026-06-04T19:20:03.676893+00:00,0
SP-1DE83EF0B0|2026-05-19,SP-1DE83EF0B0,,IN236715,Crocs,footwear,Crocs All Day Women Lifestyle Slippers White,2026-05-19,0.0,0.0,1,0,1.0,40.42,0.0,999,30,31.42,0.0,0,0,0,at_market,0,1.0,tier2,18.72,1.15,0.0,0.0,1.2,3.0,0,0.8224,no_match,0.0,movement_reconstructed,0,0.0,0.0,0.0,0.0,0.0,0.0,0.0,0.0,0.0,0.0,0.0,0,HOLD,rds_snapshot_history,0,,,1.0,HOLD,HOLD,0.98,0.98,price is close to market; no urgent pricing intervention is needed,low_stock|weak_competitor_match,business_only_retail_pricing_v1,deterministic_business_heuristic,2026-06-04T19:20:03.676893+00:00,0
SP-1DE83EF0B0|2026-05-26,SP-1DE83EF0B0,,IN236715,Crocs,footwear,Crocs All Day Women Lifestyle Slippers White,2026-05-26,73.5,2.45,0,10,1.0,40.42,0.0,999,30,31.42,0.0,0,0,0,at_market,0,0.0,tier2,18.72,1.15,0.0,0.0,1.2,3.0,0,0.8224,no_match,0.0,movement_reconstructed,0,0.0,0.0,0.0,0.0,0.0,0.0,0.0,0.0,0.0,-8.0,-1.0,7,HOLD,rds_snapshot_history,0,,,1.0,HOLD,HOLD,0.98,0.98,inventory position is balanced; price is close to market; no urgent pricing intervention is needed,low_stock|weak_competitor_match,business_only_retail_pricing_v1,deterministic_business_heuristic,2026-06-04T19:20:03.676893+00:00,0
SP-1DE83EF0B0|2026-06-02,SP-1DE83EF0B0,,IN236715,Crocs,footwear,Crocs All Day Women Lifestyle Slippers White,2026-06-02,73.5,2.45,0,10,1.0,40.42,0.0,999,30,31.42,0.0,0,0,0,at_market,3,0.0,tier2,18.72,1.2,0.0,0.0,1.1,3.0,0,0.8224,no_match,0.0,movement_reconstructed,0,0.0,0.0,0.0,0.0,0.0,0.0,0.0,0.0,0.0,-4.0,-0.5,14,HOLD,rds_snapshot_history,0,,,1.0,HOLD,HOLD,0.98,0.98,inventory position is balanced; price is close to market; no urgent pricing intervention is needed,low_stock|weak_competitor_match,business_only_retail_pricing_v1,deterministic_business_heuristic,2026-06-04T19:20:03.676893+00:00,0
SP-1EFF62AD3C|2026-05-19,SP-1EFF62AD3C,,IN164432,Crocs,footwear,Crocs Bae Clog Women Lifestyle Black,2026-05-19,0.0,0.0,1,0,1.0,47.47,0.0,999,30,83.16,0.4228,1,0,1,premium,0,1.0,tier2,43.68,1.15,0.0,0.0,1.2,3.0,0,0.8224,same_model_family,0.8503,movement_reconstructed,1,48.0,74.2,90.0,0.0,0.0,0.0,1.0,1.0,0.0,0.0,0.0,0,HOLD,rds_snapshot_history,0,,,1.0,HOLD,HOLD,0.55,0.55,no urgent pricing intervention is needed,low_stock|overpriced|low_label_confidence,business_only_retail_pricing_v1,deterministic_business_heuristic,2026-06-04T19:20:03.676893+00:00,0
SP-1EFF62AD3C|2026-05-26,SP-1EFF62AD3C,,IN164432,Crocs,footwear,Crocs Bae Clog Women Lifestyle Black,2026-05-26,99.4,3.31,0,10,1.0,47.47,0.0,999,30,83.16,0.4228,1,0,1,premium,0,0.0,tier2,43.68,1.15,0.0,0.0,1.2,3.0,0,0.8224,same_model_family,0.8467,movement_reconstructed,1,48.0,71.81818181818181,90.0,0.0,0.0,0.0,1.0,1.0,0.0692,-14.0,-1.0,0,HOLD,rds_snapshot_history,0,,,1.0,HOLD,HOLD,0.55,0.55,inventory position is balanced; no urgent pricing intervention is needed,low_stock|overpriced|low_label_confidence,business_only_retail_pricing_v1,deterministic_business_heuristic,2026-06-04T19:20:03.676893+00:00,0
SP-1EFF62AD3C|2026-06-02,SP-1EFF62AD3C,,IN164432,Crocs,footwear,Crocs Bae Clog Women Lifestyle Black,2026-06-02,99.4,3.31,0,10,1.0,47.47,0.0,999,30,83.16,0.4228,1,0,1,premium,3,0.0,tier2,43.68,1.2,0.0,0.0,1.1,3.0,0,0.8224,same_model_family,0.8503,movement_reconstructed,1,48.0,74.2,90.0,0.0,0.0,0.0,1.0,1.0,0.0565,-7.0,-0.5,7,HOLD,rds_snapshot_history,0,,,1.0,HOLD,HOLD,0.55,0.55,inventory position is balanced; no urgent pricing intervention is needed,low_stock|overpriced|low_label_confidence,business_only_retail_pricing_v1,deterministic_business_heuristic,2026-06-04T19:20:03.676893+00:00,0
SP-200BA4F84D|2026-05-19,SP-200BA4F84D,,1028585,Keen,footwear,Keen Howser III Slide,2026-05-19,0.0,0.0,1,0,1.0,52.0,0.0,999,30,88.8,0.0,0,0,0,at_market,0,1.0,tier2,42.62,1.15,0.0,0.0,1.2,3.0,0,0.8224,no_match,0.0,movement_reconstructed,0,0.0,0.0,0.0,0.0,0.0,0.0,0.0,0.0,0.0,0.0,0.0,0,HOLD,rds_snapshot_history,0,,,1.0,HOLD,HOLD,0.98,0.98,price is close to market; no urgent pricing intervention is needed,low_stock|weak_competitor_match,business_only_retail_pricing_v1,deterministic_business_heuristic,2026-06-04T19:20:03.676893+00:00,0
SP-200BA4F84D|2026-05-26,SP-200BA4F84D,,1028585,Keen,footwear,Keen Howser III Slide,2026-05-26,106.1,3.54,0,50,1.0,52.0,0.0,999,30,88.8,0.0,0,0,0,at_market,0,0.0,tier2,42.62,1.15,0.0,0.0,1.2,3.0,0,0.8224,no_match,0.0,movement_reconstructed,0,0.0,0.0,0.0,0.0,0.0,0.0,0.0,0.0,0.0,-12.0,-1.0,7,HOLD,rds_snapshot_history,0,,,1.0,HOLD,HOLD,0.98,0.98,inventory position is balanced; price is close to market; no urgent pricing intervention is needed,weak_competitor_match,business_only_retail_pricing_v1,deterministic_business_heuristic,2026-06-04T19:20:03.676893+00:00,0
SP-200BA4F84D|2026-06-02,SP-200BA4F84D,,1028585,Keen,footwear,Keen Howser III Slide,2026-06-02,106.1,3.54,0,50,1.0,52.0,0.0,999,30,88.8,0.0,0,0,0,at_market,3,0.0,tier2,42.62,1.2,0.0,0.0,1.1,3.0,0,0.8224,no_match,0.0,movement_reconstructed,0,0.0,0.0,0.0,0.0,0.0,0.0,0.0,0.0,0.0,-6.0,-0.5,14,HOLD,rds_snapshot_history,0,,,1.0,HOLD,HOLD,0.98,0.98,inventory position is balanced; price is close to market; no urgent pricing intervention is needed,weak_competitor_match,business_only_retail_pricing_v1,deterministic_business_heuristic,2026-06-04T19:20:03.676893+00:00,0
SP-20E0FF4DDC|2026-05-26,SP-20E0FF4DDC,,IN237212,Nike,footwear,Nike Air Jordan 1 Low Gs-Girls Lifestyle Shoes Black/White/Pink,2026-05-26,136.6,4.55,0,9,1.0,59.77,0.0,999,30,191.59,0.144,0,1,1,above_market,0,0.0,tier1,77.08,1.15,0.0,0.0,1.2,3.0,0,0.8224,same_model_family,0.9152,movement_reconstructed,1,164.0,164.0,164.0,0.0,0.0,0.0,0.0,0.0,0.0,-8.0,-1.0,7,CLEAR,rds_snapshot_history,0,,,1.0,HOLD,HOLD,0.5568,0.5568,inventory position is balanced; no urgent pricing intervention is needed,low_stock|overpriced|stale_inventory|low_label_confidence,business_only_retail_pricing_v1,deterministic_business_heuristic,2026-06-04T19:20:03.676893+00:00,1
SP-20E0FF4DDC|2026-06-02,SP-20E0FF4DDC,,IN237212,Nike,footwear,Nike Air Jordan 1 Low Gs-Girls Lifestyle Shoes Black/White/Pink,2026-06-02,136.6,4.55,0,9,1.0,59.77,0.0,999,30,191.59,0.144,0,1,1,above_market,3,0.0,tier1,77.08,1.2,0.0,0.0,1.1,3.0,0,0.8224,same_model_family,0.9152,movement_reconstructed,1,164.0,164.0,164.0,0.0,0.0,0.0,0.0,0.0,0.0,-4.0,-0.5,14,CLEAR,rds_snapshot_history,0,,,1.0,HOLD,HOLD,0.5568,0.5568,inventory position is balanced; no urgent pricing intervention is needed,low_stock|overpriced|stale_inventory|low_label_confidence,business_only_retail_pricing_v1,deterministic_business_heuristic,2026-06-04T19:20:03.676893+00:00,1
SP-229CAF275F|2026-05-19,SP-229CAF275F,,BF2023,Puma,apparel,DARE TO Leggings Sportstyle/Prime Women,2026-05-19,0.0,0.0,1,0,1.0,55.67,0.0,999,30,14.1,0.0,0,0,0,at_market,0,1.0,tier2,6.25,1.15,0.0,0.0,1.2,3.0,0,0.8224,no_match,0.0,movement_reconstructed,0,0.0,0.0,0.0,0.0,0.0,0.0,0.5,0.5,0.0,0.0,0.0,0,HOLD,rds_snapshot_history,0,,,1.0,HOLD,HOLD,0.98,0.98,price is close to market; no urgent pricing intervention is needed,low_stock|weak_competitor_match,business_only_retail_pricing_v1,deterministic_business_heuristic,2026-06-04T19:20:03.676893+00:00,0
SP-229CAF275F|2026-05-26,SP-229CAF275F,,BF2023,Puma,apparel,DARE TO Leggings Sportstyle/Prime Women,2026-05-26,51.2,1.71,0,14,1.0,55.67,0.0,999,30,14.1,0.0,0,0,0,at_market,0,0.0,tier2,6.25,1.15,0.0,0.0,1.2,3.0,0,0.8224,no_match,0.0,movement_reconstructed,0,0.0,0.0,0.0,0.0,0.0,0.0,0.5,0.5,0.1383,-14.0,-1.0,0,HOLD,rds_snapshot_history,0,,,1.0,HOLD,HOLD,0.98,0.98,inventory position is balanced; price is close to market; no urgent pricing intervention is needed,low_stock|weak_competitor_match,business_only_retail_pricing_v1,deterministic_business_heuristic,2026-06-04T19:20:03.676893+00:00,0
SP-229CAF275F|2026-06-02,SP-229CAF275F,,BF2023,Puma,apparel,DARE TO Leggings Sportstyle/Prime Women,2026-06-02,51.2,1.71,0,14,1.0,55.67,0.0,999,30,14.1,0.0,0,0,0,at_market,3,0.0,tier2,6.25,1.2,0.0,0.0,1.1,3.0,0,0.8224,no_match,0.0,movement_reconstructed,0,0.0,0.0,0.0,0.0,0.0,0.0,0.5,0.5,0.1129,-7.0,-0.5,7,HOLD,rds_snapshot_history,0,,,1.0,HOLD,HOLD,0.98,0.98,inventory position is balanced; price is close to market; no urgent pricing intervention is needed,low_stock|weak_competitor_match,business_only_retail_pricing_v1,deterministic_business_heuristic,2026-06-04T19:20:03.676893+00:00,0
SP-22ED3EE46C|2026-05-19,SP-22ED3EE46C,,IN206521,Crocs,footwear,Crocs All Terrain Kids Lifestyle Sandals Storm,2026-05-19,0.0,0.0,1,0,1.0,53.47,0.0,999,30,32.41,0.0,0,0,0,at_market,0,1.0,tier2,15.08,1.15,0.0,0.0,1.2,3.0,0,0.8224,no_match,0.0,movement_reconstructed,0,0.0,0.0,0.0,0.0,0.0,0.0,1.0,1.0,0.0,0.0,0.0,0,HOLD,rds_snapshot_history,0,,,1.0,HOLD,HOLD,0.98,0.98,price is close to market; no urgent pricing intervention is needed,low_stock|weak_competitor_match,business_only_retail_pricing_v1,deterministic_business_heuristic,2026-06-04T19:20:03.676893+00:00,0
SP-22ED3EE46C|2026-05-26,SP-22ED3EE46C,,IN206521,Crocs,footwear,Crocs All Terrain Kids Lifestyle Sandals Storm,2026-05-26,73.5,2.45,0,9,1.0,53.47,0.0,999,30,32.41,0.1052,1,1,1,above_market,0,0.0,tier2,15.08,1.15,0.0,0.0,1.2,3.0,0,0.8224,same_model_family,0.7532,movement_reconstructed,1,29.0,35.8,46.0,0.0,0.0,0.0,1.0,1.0,0.0,-12.0,-1.0,7,HOLD,rds_snapshot_history,0,,,1.0,HOLD,HOLD,0.55,0.55,inventory position is balanced; no urgent pricing intervention is needed,low_stock|low_label_confidence,business_only_retail_pricing_v1,deterministic_business_heuristic,2026-06-04T19:20:03.676893+00:00,0
SP-22ED3EE46C|2026-06-02,SP-22ED3EE46C,,IN206521,Crocs,footwear,Crocs All Terrain Kids Lifestyle Sandals Storm,2026-06-02,73.5,2.45,0,9,1.0,53.47,0.0,999,30,32.41,0.1052,1,1,1,above_market,3,0.0,tier2,15.08,1.2,0.0,0.0,1.1,3.0,0,0.8224,same_model_family,0.7692,movement_reconstructed,1,29.0,34.666666666666664,46.0,0.0,0.0,0.0,1.0,1.0,0.0,-6.0,-0.5,14,HOLD,rds_snapshot_history,0,,,1.0,HOLD,HOLD,0.55,0.55,inventory position is balanced; no urgent pricing intervention is needed,low_stock|low_label_confidence,business_only_retail_pricing_v1,deterministic_business_heuristic,2026-06-04T19:20:03.676893+00:00,0
SP-236F78ABB2|2026-05-19,SP-236F78ABB2,,JV5079,Adidas,apparel,Adidas Camo Graphic Kids-Boys Sportswear T-Shirt Black,2026-05-19,0.0,0.0,1,0,1.0,50.24,0.0,999,30,27.49,0.2361,1,1,2,premium,0,1.0,tier1,13.68,1.15,0.0,0.0,1.2,3.0,0,0.8224,exact_style,0.7929,movement_reconstructed,1,21.0,0.9035,28.0,0.0,0.0,0.0,0.0,0.0,0.0,0.0,0.0,0,HOLD,rds_snapshot_history,0,,,1.0,HOLD,HOLD,0.6531,0.6531,no urgent pricing intervention is needed,low_stock|overpriced|low_label_confidence,business_only_retail_pricing_v1,deterministic_business_heuristic,2026-06-04T19:20:03.676893+00:00,0
SP-238EEC1D13|2026-05-19,SP-238EEC1D13,,IN233433,ON,football_boots,On Studio Crop Top Women Training Long Sleeve Heron,2026-05-19,0.0,0.0,1,0,1.0,57.27,0.0,999,30,80.74,0.0,0,0,0,at_market,0,1.0,tier1,34.5,1.15,0.0,0.0,1.2,3.0,0,0.8224,no_match,0.0,movement_reconstructed,0,0.0,0.0,0.0,0.0,0.0,0.0,1.0,1.0,0.0,0.0,0.0,0,HOLD,rds_snapshot_history,0,,,1.0,HOLD,HOLD,0.98,0.98,price is close to market; no urgent pricing intervention is needed,low_stock|weak_competitor_match,business_only_retail_pricing_v1,deterministic_business_heuristic,2026-06-04T19:20:03.676893+00:00,0
SP-238EEC1D13|2026-05-26,SP-238EEC1D13,,IN233433,ON,football_boots,On Studio Crop Top Women Training Long Sleeve Heron,2026-05-26,110.3,3.68,0,7,1.0,57.27,0.0,999,30,80.74,0.0,0,0,0,at_market,0,0.0,tier1,34.5,1.15,0.0,0.0,1.2,3.0,0,0.8224,no_match,0.0,movement_reconstructed,0,0.0,0.0,0.0,0.0,0.0,0.0,1.0,1.0,0.0,-9.0,-1.0,7,HOLD,rds_snapshot_history,0,,,1.0,HOLD,HOLD,0.98,0.98,inventory position is balanced; price is close to market; no urgent pricing intervention is needed,low_stock|weak_competitor_match,business_only_retail_pricing_v1,deterministic_business_heuristic,2026-06-04T19:20:03.676893+00:00,0
SP-238EEC1D13|2026-06-02,SP-238EEC1D13,,IN233433,ON,football_boots,On Studio Crop Top Women Training Long Sleeve Heron,2026-06-02,110.3,3.68,0,7,1.0,57.27,0.0,999,30,80.74,0.0,0,0,0,at_market,3,0.0,tier1,34.5,1.2,0.0,0.0,1.1,3.0,0,0.8224,no_match,0.0,movement_reconstructed,0,0.0,0.0,0.0,0.0,0.0,0.0,1.0,1.0,0.0,-4.5,-0.5,14,HOLD,rds_snapshot_history,0,,,1.0,HOLD,HOLD,0.98,0.98,inventory position is balanced; price is close to market; no urgent pricing intervention is needed,low_stock|weak_competitor_match,business_only_retail_pricing_v1,deterministic_business_heuristic,2026-06-04T19:20:03.676893+00:00,0
SP-24A89F1A48|2026-05-19,SP-24A89F1A48,,,Puma,kids,ACTIVE SPORTS Graphic Tee II Boys,2026-05-19,0.0,0.0,1,0,1.0,60.78,0.0,999,30,12.75,-0.1765,1,0,1,deep_value,0,1.0,tier2,5.0,1.15,0.0,0.0,1.2,3.0,0,0.8224,similar_product,0.732,movement_reconstructed,1,15.0,15.0,15.0,0.0,0.0,0.0,0.0,0.0,0.0,0.0,0.0,0,HOLD,rds_snapshot_history,0,,,1.0,HOLD,HOLD,0.98,0.98,no urgent pricing intervention is needed,low_stock|weak_competitor_match,business_only_retail_pricing_v1,deterministic_business_heuristic,2026-06-04T19:20:03.676893+00:00,0
SP-24A89F1A48|2026-05-26,SP-24A89F1A48,,,Puma,kids,ACTIVE SPORTS Graphic Tee II Boys,2026-05-26,65.4,2.18,0,9,1.0,60.78,0.0,999,30,12.75,-0.1765,1,0,1,deep_value,0,0.0,tier2,5.0,1.15,0.0,0.0,1.2,3.0,0,0.8224,similar_product,0.732,movement_reconstructed,1,15.0,15.0,15.0,0.0,0.0,0.0,0.0,0.0,0.0,-9.0,-1.0,7,HOLD,rds_snapshot_history,0,,,1.0,HOLD,HOLD,0.9618,0.9618,inventory position is balanced; no urgent pricing intervention is needed,low_stock|weak_competitor_match,business_only_retail_pricing_v1,deterministic_business_heuristic,2026-06-04T19:20:03.676893+00:00,0
SP-24A89F1A48|2026-06-02,SP-24A89F1A48,,,Puma,kids,ACTIVE SPORTS Graphic Tee II Boys,2026-06-02,65.4,2.18,0,9,1.0,60.78,0.0,999,30,12.75,-0.1765,1,0,1,deep_value,3,0.0,tier2,5.0,1.2,0.0,0.0,1.1,3.0,0,0.8224,similar_product,0.732,movement_reconstructed,1,15.0,15.0,15.0,0.0,0.0,0.0,0.0,0.0,0.0,-4.5,-0.5,14,HOLD,rds_snapshot_history,0,,,1.0,HOLD,HOLD,0.9026,0.9026,inventory position is balanced; no urgent pricing intervention is needed,low_stock|weak_competitor_match,business_only_retail_pricing_v1,deterministic_business_heuristic,2026-06-04T19:20:03.676893+00:00,0
SP-24AE4646D5|2026-05-19,SP-24AE4646D5,,1001907,Keen,footwear,Keen Newport H2 Sandal M,2026-05-19,0.0,0.0,1,0,1.0,52.0,0.0,999,30,122.1,0.0,0,0,0,at_market,0,1.0,tier2,58.61,1.15,0.0,0.0,1.2,3.0,0,0.8224,no_match,0.0,movement_reconstructed,0,0.0,0.0,0.0,0.0,0.0,0.0,1.0,0.0,0.0,0.0,0.0,0,HOLD,rds_snapshot_history,0,,,1.0,HOLD,HOLD,0.98,0.98,price is close to market; no urgent pricing intervention is needed,low_stock|weak_competitor_match,business_only_retail_pricing_v1,deterministic_business_heuristic,2026-06-04T19:20:03.676893+00:00,0
SP-24AE4646D5|2026-05-26,SP-24AE4646D5,,1001907,Keen,footwear,Keen Newport H2 Sandal M,2026-05-26,136.6,4.55,0,40,1.0,52.0,0.0,999,30,122.1,0.0,0,0,0,at_market,0,0.0,tier2,58.61,1.15,0.0,0.0,1.2,3.0,0,0.8224,no_match,0.0,movement_reconstructed,0,0.0,0.0,0.0,0.0,0.0,0.0,1.0,0.0,0.0,-12.0,-1.0,7,CLEAR,rds_snapshot_history,0,,,1.0,HOLD,HOLD,0.98,0.98,inventory position is balanced; price is close to market; no urgent pricing intervention is needed,weak_competitor_match|stale_inventory,business_only_retail_pricing_v1,deterministic_business_heuristic,2026-06-04T19:20:03.676893+00:00,1
SP-24AE4646D5|2026-06-02,SP-24AE4646D5,,1001907,Keen,footwear,Keen Newport H2 Sandal M,2026-06-02,136.6,4.55,0,40,1.0,52.0,0.0,999,30,122.1,0.0,0,0,0,at_market,3,0.0,tier2,58.61,1.2,0.0,0.0,1.1,3.0,0,0.8224,no_match,0.0,movement_reconstructed,0,0.0,0.0,0.0,0.0,0.0,0.0,1.0,0.0,0.0,-6.0,-0.5,14,CLEAR,rds_snapshot_history,0,,,1.0,HOLD,HOLD,0.98,0.98,inventory position is balanced; price is close to market; no urgent pricing intervention is needed,weak_competitor_match|stale_inventory,business_only_retail_pricing_v1,deterministic_business_heuristic,2026-06-04T19:20:03.676893+00:00,1
SP-24B46A527F|2026-05-19,SP-24B46A527F,,IN219772,New Balance,footwear,New Balance 1080 Women Running Shoes Black/Phantom,2026-05-19,0.0,0.0,1,0,1.0,58.05,0.0,999,30,235.95,0.0,0,0,0,at_market,0,1.0,tier1,98.98,1.15,0.0,0.0,1.2,3.0,0,0.8224,no_match,0.0,movement_reconstructed,0,0.0,0.0,0.0,0.0,0.0,0.0,1.0,0.5,0.0,0.0,0.0,0,HOLD,rds_snapshot_history,0,,,1.0,HOLD,HOLD,0.98,0.98,price is close to market; no urgent pricing intervention is needed,low_stock|weak_competitor_match,business_only_retail_pricing_v1,deterministic_business_heuristic,2026-06-04T19:20:03.676893+00:00,0
SP-24B46A527F|2026-05-26,SP-24B46A527F,,IN219772,New Balance,footwear,New Balance 1080 Women Running Shoes Black/Phantom,2026-05-26,136.6,4.55,0,9,1.0,58.05,0.0,999,30,235.95,0.4194,1,1,1,premium,0,0.0,tier1,98.98,1.15,0.0,0.0,1.2,3.0,0,0.8224,same_model_family,0.8744,movement_reconstructed,1,137.0,169.5,202.0,0.0,0.0,0.0,1.0,0.5,0.0,-14.0,-1.0,7,CLEAR,rds_snapshot_history,0,,,1.0,HOLD,HOLD,0.55,0.55,inventory position is balanced; no urgent pricing intervention is needed,low_stock|overpriced|stale_inventory|low_label_confidence,business_only_retail_pricing_v1,deterministic_business_heuristic,2026-06-04T19:20:03.676893+00:00,1
SP-24B46A527F|2026-06-02,SP-24B46A527F,,IN219772,New Balance,footwear,New Balance 1080 Women Running Shoes Black/Phantom,2026-06-02,136.6,4.55,0,9,1.0,58.05,0.0,999,30,235.95,0.4194,1,1,1,premium,3,0.0,tier1,98.98,1.2,0.0,0.0,1.1,3.0,0,0.8224,same_model_family,0.8744,movement_reconstructed,1,137.0,169.5,202.0,0.0,0.0,0.0,1.0,0.5,0.0,-7.0,-0.5,14,CLEAR,rds_snapshot_history,0,,,1.0,HOLD,HOLD,0.55,0.55,inventory position is balanced; no urgent pricing intervention is needed,low_stock|overpriced|stale_inventory|low_label_confidence,business_only_retail_pricing_v1,deterministic_business_heuristic,2026-06-04T19:20:03.676893+00:00,1
SP-25BF4C3BC1|2026-05-19,SP-25BF4C3BC1,,V1GA2412,Mizuno,footwear,Mizuno Wave Momentum 3,2026-05-19,0.0,0.0,1,0,1.0,50.0,0.0,999,30,122.1,0.0,0,0,0,at_market,0,1.0,tier2,61.05,1.15,0.0,0.0,1.2,3.0,0,0.8224,no_match,0.0,movement_reconstructed,0,0.0,0.0,0.0,0.0,0.0,0.0,0.0,0.0,0.0,0.0,0.0,0,HOLD,rds_snapshot_history,0,,,1.0,HOLD,HOLD,0.98,0.98,price is close to market; no urgent pricing intervention is needed,low_stock|weak_competitor_match,business_only_retail_pricing_v1,deterministic_business_heuristic,2026-06-04T19:20:03.676893+00:00,0
SP-25BF4C3BC1|2026-05-26,SP-25BF4C3BC1,,V1GA2412,Mizuno,footwear,Mizuno Wave Momentum 3,2026-05-26,136.6,4.55,0,48,1.0,50.0,0.0,999,30,122.1,0.0,0,0,0,at_market,0,0.0,tier2,61.05,1.15,0.0,0.0,1.2,3.0,0,0.8224,no_match,0.0,movement_reconstructed,0,0.0,0.0,0.0,0.0,0.0,0.0,0.0,0.0,0.0,-48.0,-1.0,7,CLEAR,rds_snapshot_history,0,,,1.0,HOLD,HOLD,0.98,0.98,inventory position is balanced; price is close to market; no urgent pricing intervention is needed,weak_competitor_match|stale_inventory,business_only_retail_pricing_v1,deterministic_business_heuristic,2026-06-04T19:20:03.676893+00:00,1
SP-25BF4C3BC1|2026-06-02,SP-25BF4C3BC1,,V1GA2412,Mizuno,footwear,Mizuno Wave Momentum 3,2026-06-02,136.6,4.55,0,48,1.0,50.0,0.0,999,30,122.1,0.0,0,0,0,at_market,3,0.0,tier2,61.05,1.2,0.0,0.0,1.1,3.0,0,0.8224,no_match,0.0,movement_reconstructed,0,0.0,0.0,0.0,0.0,0.0,0.0,0.0,0.0,0.0,-24.0,-0.5,14,CLEAR,rds_snapshot_history,0,,,1.0,HOLD,HOLD,0.98,0.98,inventory position is balanced; price is close to market; no urgent pricing intervention is needed,weak_competitor_match|stale_inventory,business_only_retail_pricing_v1,deterministic_business_heuristic,2026-06-04T19:20:03.676893+00:00,1
SP-2644ED0974|2026-05-19,SP-2644ED0974,,1003987,Teva,footwear,Teva Original Universal W,2026-05-19,0.0,0.0,1,0,1.0,45.0,0.0,999,30,66.6,0.0,0,0,0,at_market,0,1.0,tier2,36.63,1.15,0.0,0.0,1.2,3.0,0,0.8224,no_match,0.0,movement_reconstructed,0,0.0,0.0,0.0,0.0,0.0,0.0,1.0,1.0,0.0,0.0,0.0,0,HOLD,rds_snapshot_history,0,,,1.0,HOLD,HOLD,0.98,0.98,price is close to market; no urgent pricing intervention is needed,low_stock|weak_competitor_match,business_only_retail_pricing_v1,deterministic_business_heuristic,2026-06-04T19:20:03.676893+00:00,0
SP-2644ED0974|2026-05-26,SP-2644ED0974,,1003987,Teva,footwear,Teva Original Universal W,2026-05-26,79.6,2.65,0,56,1.0,45.0,0.0,999,30,66.6,0.0,0,0,0,at_market,0,0.0,tier2,36.63,1.15,0.0,0.0,1.2,3.0,0,0.8224,no_match,0.0,movement_reconstructed,0,0.0,0.0,0.0,0.0,0.0,0.0,1.0,1.0,0.0,-13.0,-1.0,7,PROMOTE,rds_snapshot_history,0,,,1.0,HOLD,HOLD,0.98,0.98,inventory position is balanced; price is close to market; no urgent pricing intervention is needed,weak_competitor_match,business_only_retail_pricing_v1,deterministic_business_heuristic,2026-06-04T19:20:03.676893+00:00,1
SP-2644ED0974|2026-06-02,SP-2644ED0974,,1003987,Teva,footwear,Teva Original Universal W,2026-06-02,79.6,2.65,0,56,1.0,45.0,0.0,999,30,66.6,0.0,0,0,0,at_market,3,0.0,tier2,36.63,1.2,0.0,0.0,1.1,3.0,0,0.8224,no_match,0.0,movement_reconstructed,0,0.0,0.0,0.0,0.0,0.0,0.0,1.0,1.0,0.0,-6.5,-0.5,14,PROMOTE,rds_snapshot_history,0,,,1.0,HOLD,HOLD,0.98,0.98,inventory position is balanced; price is close to market; no urgent pricing intervention is needed,weak_competitor_match,business_only_retail_pricing_v1,deterministic_business_heuristic,2026-06-04T19:20:03.676893+00:00,1
SP-264C0F6E4D|2026-05-19,SP-264C0F6E4D,,IN205134,New Balance,apparel,New Balance Athletic Jersey Women Lifestyle T-Shirt Black,2026-05-19,0.0,0.0,1,0,1.0,52.18,0.0,999,30,50.21,0.5021,1,1,1,premium,0,1.0,tier1,24.01,1.15,0.0,0.0,1.2,3.0,0,0.8224,same_model_family,0.7873,movement_reconstructed,1,25.0,31.0,34.0,0.0,0.0,0.0,0.0,0.0,0.0,0.0,0.0,0,HOLD,rds_snapshot_history,0,,,1.0,HOLD,HOLD,0.55,0.55,no urgent pricing intervention is needed,low_stock|overpriced|low_label_confidence,business_only_retail_pricing_v1,deterministic_business_heuristic,2026-06-04T19:20:03.676893+00:00,0
SP-26A670ED8E|2026-05-19,SP-26A670ED8E,,11822006,Dr. Martens,footwear,Dr. Martens 1460 Boot Black M,2026-05-19,0.0,0.0,1,0,1.0,52.0,0.0,999,30,188.7,0.0,0,0,0,at_market,0,1.0,tier2,90.58,1.15,0.0,0.0,1.2,3.0,0,0.8224,no_match,0.0,movement_reconstructed,0,0.0,0.0,0.0,0.0,0.0,0.0,0.0,0.0,0.0,0.0,0.0,0,HOLD,rds_snapshot_history,0,,,1.0,HOLD,HOLD,0.98,0.98,price is close to market; no urgent pricing intervention is needed,low_stock|weak_competitor_match,business_only_retail_pricing_v1,deterministic_business_heuristic,2026-06-04T19:20:03.676893+00:00,0
SP-26A670ED8E|2026-05-26,SP-26A670ED8E,,11822006,Dr. Martens,footwear,Dr. Martens 1460 Boot Black M,2026-05-26,136.6,4.55,0,28,1.0,52.0,0.0,999,30,188.7,0.0,0,0,0,at_market,0,0.0,tier2,90.58,1.15,0.0,0.0,1.2,3.0,0,0.8224,no_match,0.0,movement_reconstructed,0,0.0,0.0,0.0,0.0,0.0,0.0,0.0,0.0,0.0,-42.0,-1.0,7,CLEAR,rds_snapshot_history,0,,,1.0,HOLD,HOLD,0.98,0.98,inventory position is balanced; price is close to market; no urgent pricing intervention is needed,weak_competitor_match|stale_inventory,business_only_retail_pricing_v1,deterministic_business_heuristic,2026-06-04T19:20:03.676893+00:00,1
SP-26A670ED8E|2026-06-02,SP-26A670ED8E,,11822006,Dr. Martens,footwear,Dr. Martens 1460 Boot Black M,2026-06-02,136.6,4.55,0,28,1.0,52.0,0.0,999,30,188.7,0.0,0,0,0,at_market,3,0.0,tier2,90.58,1.2,0.0,0.0,1.1,3.0,0,0.8224,no_match,0.0,movement_reconstructed,0,0.0,0.0,0.0,0.0,0.0,0.0,0.0,0.0,0.0,-21.0,-0.5,14,CLEAR,rds_snapshot_history,0,,,1.0,HOLD,HOLD,0.98,0.98,inventory position is balanced; price is close to market; no urgent pricing intervention is needed,weak_competitor_match|stale_inventory,business_only_retail_pricing_v1,deterministic_business_heuristic,2026-06-04T19:20:03.676893+00:00,1
SP-26E1DF3914|2026-05-19,SP-26E1DF3914,,IG9166,Adidas,footwear,"Advantage 2.0 Shoes, White",2026-05-19,0.0,0.0,1,0,1.0,49.83,0.0,999,30,120.55,0.1622,1,0,1,premium,0,1.0,tier1,60.48,1.15,0.0,0.0,1.2,3.0,0,0.8224,exact_style,0.895,movement_reconstructed,1,101.0,118.5,126.0,0.0,0.0,0.0,1.0,0.0,0.0,0.0,0.0,0,HOLD,rds_snapshot_history,0,,,1.0,HOLD,HOLD,0.6438,0.6438,no urgent pricing intervention is needed,low_stock|overpriced|low_label_confidence,business_only_retail_pricing_v1,deterministic_business_heuristic,2026-06-04T19:20:03.676893+00:00,0
SP-275CC88728|2026-05-19,SP-275CC88728,,JE8943,Adidas,apparel,Adidas Essentials Big Logo Men Sportswear T-Shirt White/Black,2026-05-19,0.0,0.0,1,0,1.0,49.37,0.0,999,30,42.19,0.36,2,1,2,premium,0,1.0,tier1,21.36,1.15,0.0,0.0,1.2,3.0,0,0.8224,exact_style,0.7568,movement_reconstructed,1,27.0,13.2003,54.0,0.0,0.0,0.0,0.5,0.5,0.0,0.0,0.0,0,HOLD,rds_snapshot_history,0,,,1.0,HOLD,HOLD,0.55,0.55,no urgent pricing intervention is needed,low_stock|overpriced|low_label_confidence,business_only_retail_pricing_v1,deterministic_business_heuristic,2026-06-04T19:20:03.676893+00:00,0
SP-27D2D54156|2026-05-19,SP-27D2D54156,,,ASICS,lifestyle,Asics Metarise 2 Paris volleyball shoes in a safety yellow and black,2026-05-19,0.0,0.0,1,0,1.0,61.47,0.0,999,30,108.11,0.0,0,0,0,at_market,0,1.0,tier2,41.65,1.15,0.0,0.0,1.2,3.0,0,0.8224,no_match,0.0,movement_reconstructed,0,0.0,0.0,0.0,0.0,0.0,0.0,0.0,0.0,0.0,0.0,0.0,0,HOLD,rds_snapshot_history,0,,,1.0,HOLD,HOLD,0.98,0.98,price is close to market; no urgent pricing intervention is needed,low_stock|weak_competitor_match,business_only_retail_pricing_v1,deterministic_business_heuristic,2026-06-04T19:20:03.676893+00:00,0
SP-27D2D54156|2026-05-26,SP-27D2D54156,,,ASICS,lifestyle,Asics Metarise 2 Paris volleyball shoes in a safety yellow and black,2026-05-26,121.6,4.05,0,12,1.0,61.47,0.0,999,30,108.11,0.0,0,0,0,at_market,0,0.0,tier2,41.65,1.15,0.0,0.0,1.2,3.0,0,0.8224,no_match,0.0,movement_reconstructed,0,0.0,0.0,0.0,0.0,0.0,0.0,0.0,0.0,0.0,-18.0,-1.0,7,CLEAR,rds_snapshot_history,0,,,1.0,HOLD,HOLD,0.98,0.98,inventory position is balanced; price is close to market; no urgent pricing intervention is needed,low_stock|weak_competitor_match|stale_inventory,business_only_retail_pricing_v1,deterministic_business_heuristic,2026-06-04T19:20:03.676893+00:00,1
SP-27D2D54156|2026-06-02,SP-27D2D54156,,,ASICS,lifestyle,Asics Metarise 2 Paris volleyball shoes in a safety yellow and black,2026-06-02,121.6,4.05,0,12,1.0,61.47,0.0,999,30,108.11,0.0,0,0,0,at_market,3,0.0,tier2,41.65,1.2,0.0,0.0,1.1,3.0,0,0.8224,no_match,0.0,movement_reconstructed,0,0.0,0.0,0.0,0.0,0.0,0.0,0.0,0.0,0.0,-9.0,-0.5,14,CLEAR,rds_snapshot_history,0,,,1.0,HOLD,HOLD,0.98,0.98,inventory position is balanced; price is close to market; no urgent pricing intervention is needed,low_stock|weak_competitor_match|stale_inventory,business_only_retail_pricing_v1,deterministic_business_heuristic,2026-06-04T19:20:03.676893+00:00,1
SP-28A4947B98|2026-05-19,SP-28A4947B98,,ID3489,Adidas,footwear,"4Dfwd 3 Running Shoes, Beige",2026-05-19,0.0,0.0,1,0,1.0,46.49,0.0,999,30,185.67,0.0,0,0,0,at_market,0,1.0,tier1,99.36,1.15,0.0,0.0,1.2,3.0,0,0.8224,no_match,0.0,movement_reconstructed,0,0.0,0.0,0.0,0.0,0.0,0.0,0.0,0.0,0.0,0.0,0.0,0,HOLD,rds_snapshot_history,0,,,1.0,HOLD,HOLD,0.98,0.98,price is close to market; no urgent pricing intervention is needed,low_stock|weak_competitor_match,business_only_retail_pricing_v1,deterministic_business_heuristic,2026-06-04T19:20:03.676893+00:00,0
SP-28A4947B98|2026-05-26,SP-28A4947B98,,ID3489,Adidas,footwear,"4Dfwd 3 Running Shoes, Beige",2026-05-26,136.6,4.55,0,9,1.0,46.49,0.0,999,30,185.67,-0.1149,1,1,1,below_market,0,0.0,tier1,99.36,1.15,0.0,0.0,1.2,3.0,0,0.8224,similar_product,0.7421,movement_reconstructed,1,207.0,213.8571428571429,223.0,0.0,0.0,0.0,0.5,0.5,0.0812,-9.0,-1.0,0,CLEAR,rds_snapshot_history,0,,,1.0,HOLD,HOLD,0.7094,0.7094,inventory position is balanced; no urgent pricing intervention is needed,low_stock|weak_competitor_match|stale_inventory,business_only_retail_pricing_v1,deterministic_business_heuristic,2026-06-04T19:20:03.676893+00:00,1
SP-28A4947B98|2026-06-02,SP-28A4947B98,,ID3489,Adidas,footwear,"4Dfwd 3 Running Shoes, Beige",2026-06-02,136.6,4.55,0,9,1.0,46.49,0.0,999,30,185.67,-0.1149,1,1,1,below_market,3,0.0,tier1,99.36,1.2,0.0,0.0,1.1,3.0,0,0.8224,similar_product,0.7481,movement_reconstructed,1,207.0,211.0,223.0,0.0,0.0,0.0,0.6667,0.6667,0.0663,-4.5,-0.5,7,CLEAR,rds_snapshot_history,0,,,1.0,HOLD,HOLD,0.7094,0.7094,inventory position is balanced; no urgent pricing intervention is needed,low_stock|weak_competitor_match|stale_inventory,business_only_retail_pricing_v1,deterministic_business_heuristic,2026-06-04T19:20:03.676893+00:00,1
SP-2A3C5C0C82|2026-05-19,SP-2A3C5C0C82,,,The North Face,lifestyle,The North Face Glenclyffe Urban Boots in a white dune/tnf black colorway,2026-05-19,0.0,0.0,1,0,1.0,53.77,0.0,999,30,82.74,0.0,0,0,0,at_market,0,1.0,tier1,38.25,1.15,0.0,0.0,1.2,3.0,0,0.8224,no_match,0.0,movement_reconstructed,0,0.0,0.0,0.0,0.0,0.0,0.0,0.0,0.0,0.0,0.0,0.0,0,HOLD,rds_snapshot_history,0,,,1.0,HOLD,HOLD,0.98,0.98,price is close to market; no urgent pricing intervention is needed,low_stock|weak_competitor_match,business_only_retail_pricing_v1,deterministic_business_heuristic,2026-06-04T19:20:03.676893+00:00,0
SP-2AE7A078CB|2026-05-26,SP-2AE7A078CB,,IS7049,Adidas,accessories,Adidas Classic 3 Bar Logo Training Backpack Men Dark Blue/White,2026-05-26,38.5,1.28,0,18,1.0,56.65,0.0,999,30,41.52,0.0848,0,0,2,above_market,0,0.0,tier1,18.0,1.15,0.0,0.0,1.2,3.0,0,0.8224,exact_style,1.0,movement_reconstructed,1,38.0,19.9233,37.0,0.0,0.0,0.0,1.0,1.0,0.0,-10.0,-1.0,7,PROMOTE,rds_snapshot_history,0,,,1.0,MARKDOWN,MARKDOWN,0.55,0.55,priced above market by 8%; margin can support a markdown,low_label_confidence,business_only_retail_pricing_v1,deterministic_business_heuristic,2026-06-04T19:20:03.676893+00:00,1
SP-2AE7A078CB|2026-06-02,SP-2AE7A078CB,,IS7049,Adidas,accessories,Adidas Classic 3 Bar Logo Training Backpack Men Dark Blue/White,2026-06-02,38.5,1.28,0,18,1.0,56.65,0.0,999,30,41.52,0.0848,0,0,2,above_market,3,0.0,tier1,18.0,1.2,0.0,0.0,1.1,3.0,0,0.8224,exact_style,1.0,movement_reconstructed,1,38.0,18.5002,37.0,0.0,0.0,0.0,1.0,1.0,0.0,-5.0,-0.5,14,PROMOTE,rds_snapshot_history,0,,,1.0,MARKDOWN,MARKDOWN,0.55,0.55,priced above market by 8%; margin can support a markdown,low_label_confidence,business_only_retail_pricing_v1,deterministic_business_heuristic,2026-06-04T19:20:03.676893+00:00,1
SP-2BEE5B126F|2026-05-19,SP-2BEE5B126F,,IN204428,Nike,accessories,Nike Academy Team L Unisex Training Bags Cases And Luggage Black/White,2026-05-19,0.0,0.0,1,0,1.0,60.32,0.0,999,30,91.21,0.0,0,0,0,at_market,0,1.0,tier1,36.19,1.15,0.0,0.0,1.2,3.0,0,0.8224,no_match,0.0,movement_reconstructed,0,0.0,0.0,0.0,0.0,0.0,0.0,0.0,0.0,0.0,0.0,0.0,0,HOLD,rds_snapshot_history,0,,,1.0,HOLD,HOLD,0.98,0.98,price is close to market; no urgent pricing intervention is needed,low_stock|weak_competitor_match,business_only_retail_pricing_v1,deterministic_business_heuristic,2026-06-04T19:20:03.676893+00:00,0
SP-2BEE5B126F|2026-05-26,SP-2BEE5B126F,,IN204428,Nike,accessories,Nike Academy Team L Unisex Training Bags Cases And Luggage Black/White,2026-05-26,67.1,2.24,0,18,1.0,60.32,0.0,999,30,91.21,0.0,0,0,0,at_market,0,0.0,tier1,36.19,1.15,0.0,0.0,1.2,3.0,0,0.8224,no_match,0.0,movement_reconstructed,0,0.0,0.0,0.0,0.0,0.0,0.0,0.0,0.0,0.0,-56.0,-1.0,7,PROMOTE,rds_snapshot_history,0,,,1.0,HOLD,HOLD,0.98,0.98,inventory position is balanced; price is close to market; no urgent pricing intervention is needed,weak_competitor_match,business_only_retail_pricing_v1,deterministic_business_heuristic,2026-06-04T19:20:03.676893+00:00,1
SP-2BEE5B126F|2026-06-02,SP-2BEE5B126F,,IN204428,Nike,accessories,Nike Academy Team L Unisex Training Bags Cases And Luggage Black/White,2026-06-02,67.1,2.24,0,18,1.0,60.32,0.0,999,30,91.21,0.0,0,0,0,at_market,3,0.0,tier1,36.19,1.2,0.0,0.0,1.1,3.0,0,0.8224,no_match,0.0,movement_reconstructed,0,0.0,0.0,0.0,0.0,0.0,0.0,0.0,0.0,0.0,-28.0,-0.5,14,PROMOTE,rds_snapshot_history,0,,,1.0,HOLD,HOLD,0.98,0.98,inventory position is balanced; price is close to market; no urgent pricing intervention is needed,weak_competitor_match,business_only_retail_pricing_v1,deterministic_business_heuristic,2026-06-04T19:20:03.676893+00:00,1
SP-2D1656C34E|2026-05-19,SP-2D1656C34E,,IN233432,ON,sportswear,On Studio Women Training Bra Heron,2026-05-19,0.0,0.0,1,0,1.0,56.24,0.0,999,30,78.84,0.48,1,1,1,premium,0,1.0,tier1,34.5,1.15,0.0,0.0,1.2,3.0,0,0.8224,same_model_family,0.8031,movement_reconstructed,1,41.0,77.1,145.0,0.0,0.0,0.0,0.0,0.0,0.0,0.0,0.0,0,HOLD,rds_snapshot_history,0,,,1.0,HOLD,HOLD,0.55,0.55,no urgent pricing intervention is needed,low_stock|overpriced|low_label_confidence,business_only_retail_pricing_v1,deterministic_business_heuristic,2026-06-04T19:20:03.676893+00:00,0
SP-2F2652299B|2026-05-26,SP-2F2652299B,,DZ9435,Adidas,accessories,Adidas Unisex Training Dz9435 Light Ank 3Pp White/White/White,2026-05-26,45.2,1.51,0,18,1.0,62.08,0.0,999,30,19.62,0.0826,0,0,1,above_market,0,0.0,tier1,7.44,1.15,0.0,0.0,1.2,3.0,0,0.8224,exact_style,1.0,movement_reconstructed,1,18.0,18.0,18.0,0.0,0.0,0.0,1.0,1.0,0.1355,-12.0,-1.0,0,PROMOTE,rds_snapshot_history,0,,,1.0,MARKDOWN,MARKDOWN,0.55,0.55,priced above market by 8%; margin can support a markdown,low_label_confidence,business_only_retail_pricing_v1,deterministic_business_heuristic,2026-06-04T19:20:03.676893+00:00,1
SP-2F2652299B|2026-06-02,SP-2F2652299B,,DZ9435,Adidas,accessories,Adidas Unisex Training Dz9435 Light Ank 3Pp White/White/White,2026-06-02,45.2,1.51,0,18,1.0,62.08,0.0,999,30,19.62,0.0826,0,0,1,above_market,3,0.0,tier1,7.44,1.2,0.0,0.0,1.1,3.0,0,0.8224,exact_style,1.0,movement_reconstructed,1,18.0,18.0,18.0,0.0,0.0,0.0,1.0,1.0,0.1106,-6.0,-0.5,7,PROMOTE,rds_snapshot_history,0,,,1.0,MARKDOWN,MARKDOWN,0.55,0.55,priced above market by 8%; margin can support a markdown,low_label_confidence,business_only_retail_pricing_v1,deterministic_business_heuristic,2026-06-04T19:20:03.676893+00:00,1
SP-2F43E7EF07|2026-05-19,SP-2F43E7EF07,,1004006,Teva,footwear,Teva Original Universal M,2026-05-19,0.0,0.0,1,0,1.0,45.0,0.0,999,30,66.6,0.0,0,0,0,at_market,0,1.0,tier2,36.63,1.15,0.0,0.0,1.2,3.0,0,0.8224,no_match,0.0,movement_reconstructed,0,0.0,0.0,0.0,0.0,0.0,0.0,0.0,0.0,0.0,0.0,0.0,0,HOLD,rds_snapshot_history,0,,,1.0,HOLD,HOLD,0.98,0.98,price is close to market; no urgent pricing intervention is needed,low_stock|weak_competitor_match,business_only_retail_pricing_v1,deterministic_business_heuristic,2026-06-04T19:20:03.676893+00:00,0
SP-2F43E7EF07|2026-05-26,SP-2F43E7EF07,,1004006,Teva,footwear,Teva Original Universal M,2026-05-26,79.6,2.65,0,64,1.0,45.0,0.0,999,30,66.6,0.0,0,0,0,at_market,0,0.0,tier2,36.63,1.15,0.0,0.0,1.2,3.0,0,0.8224,no_match,0.0,movement_reconstructed,0,0.0,0.0,0.0,0.0,0.0,0.0,0.0,0.0,0.0,-12.0,-1.0,7,PROMOTE,rds_snapshot_history,0,,,1.0,HOLD,HOLD,0.98,0.98,inventory position is balanced; price is close to market; no urgent pricing intervention is needed,weak_competitor_match,business_only_retail_pricing_v1,deterministic_business_heuristic,2026-06-04T19:20:03.676893+00:00,1
SP-2F43E7EF07|2026-06-02,SP-2F43E7EF07,,1004006,Teva,footwear,Teva Original Universal M,2026-06-02,79.6,2.65,0,64,1.0,45.0,0.0,999,30,66.6,0.0,0,0,0,at_market,3,0.0,tier2,36.63,1.2,0.0,0.0,1.1,3.0,0,0.8224,no_match,0.0,movement_reconstructed,0,0.0,0.0,0.0,0.0,0.0,0.0,0.0,0.0,0.0,-6.0,-0.5,14,PROMOTE,rds_snapshot_history,0,,,1.0,HOLD,HOLD,0.98,0.98,inventory position is balanced; price is close to market; no urgent pricing intervention is needed,weak_competitor_match,business_only_retail_pricing_v1,deterministic_business_heuristic,2026-06-04T19:20:03.676893+00:00,1
SP-2F6F3036F1|2026-05-19,SP-2F6F3036F1,,,ASICS,lifestyle,Handball Shoes Asics Sky Elite FF MT 3,2026-05-19,0.0,0.0,1,0,1.0,54.57,0.0,999,30,97.07,0.0,0,0,0,at_market,0,1.0,tier2,44.1,1.15,0.0,0.0,1.2,3.0,0,0.8224,no_match,0.0,movement_reconstructed,0,0.0,0.0,0.0,0.0,0.0,0.0,1.0,0.0,0.0,0.0,0.0,0,HOLD,rds_snapshot_history,0,,,1.0,HOLD,HOLD,0.98,0.98,price is close to market; no urgent pricing intervention is needed,low_stock|weak_competitor_match,business_only_retail_pricing_v1,deterministic_business_heuristic,2026-06-04T19:20:03.676893+00:00,0
SP-2F6F3036F1|2026-05-26,SP-2F6F3036F1,,,ASICS,lifestyle,Handball Shoes Asics Sky Elite FF MT 3,2026-05-26,109.2,3.64,0,12,1.0,54.57,0.0,999,30,97.07,0.0,0,0,0,at_market,0,0.0,tier2,44.1,1.15,0.0,0.0,1.2,3.0,0,0.8224,no_match,0.0,movement_reconstructed,0,0.0,0.0,0.0,0.0,0.0,0.0,1.0,0.5,0.2353,-9.0,-1.0,0,HOLD,rds_snapshot_history,0,,,1.0,HOLD,HOLD,0.98,0.98,inventory position is balanced; price is close to market; no urgent pricing intervention is needed,low_stock|weak_competitor_match,business_only_retail_pricing_v1,deterministic_business_heuristic,2026-06-04T19:20:03.676893+00:00,0
SP-2F6F3036F1|2026-06-02,SP-2F6F3036F1,,,ASICS,lifestyle,Handball Shoes Asics Sky Elite FF MT 3,2026-06-02,109.2,3.64,0,12,1.0,54.57,0.0,999,30,97.07,0.0,0,0,0,at_market,3,0.0,tier2,44.1,1.2,0.0,0.0,1.1,3.0,0,0.8224,no_match,0.0,movement_reconstructed,0,0.0,0.0,0.0,0.0,0.0,0.0,1.0,0.6667,0.1921,-4.5,-0.5,7,HOLD,rds_snapshot_history,0,,,1.0,HOLD,HOLD,0.98,0.98,inventory position is balanced; price is close to market; no urgent pricing intervention is needed,low_stock|weak_competitor_match,business_only_retail_pricing_v1,deterministic_business_heuristic,2026-06-04T19:20:03.676893+00:00,0
SP-2F91D09AA8|2026-05-19,SP-2F91D09AA8,,IN235390,Nike,accessories,Nike (20L) Girls Lifestyle Backpack Light Magenta,2026-05-19,0.0,0.0,1,0,1.0,58.01,0.0,999,30,68.28,0.0,0,0,0,at_market,0,1.0,tier1,28.67,1.15,0.0,0.0,1.2,3.0,0,0.8224,no_match,0.0,movement_reconstructed,0,0.0,0.0,0.0,0.0,0.0,0.0,0.0,0.0,0.0,0.0,0.0,0,HOLD,rds_snapshot_history,0,,,1.0,HOLD,HOLD,0.98,0.98,price is close to market; no urgent pricing intervention is needed,low_stock|weak_competitor_match,business_only_retail_pricing_v1,deterministic_business_heuristic,2026-06-04T19:20:03.676893+00:00,0
SP-2F91D09AA8|2026-05-26,SP-2F91D09AA8,,IN235390,Nike,accessories,Nike (20L) Girls Lifestyle Backpack Light Magenta,2026-05-26,50.2,1.67,0,18,1.0,58.01,0.0,999,30,68.28,0.0,0,0,0,at_market,0,0.0,tier1,28.67,1.15,0.0,0.0,1.2,3.0,0,0.8224,no_match,0.0,movement_reconstructed,0,0.0,0.0,0.0,0.0,0.0,0.0,0.0,0.0,0.0,-96.0,-1.0,7,PROMOTE,rds_snapshot_history,0,,,1.0,HOLD,HOLD,0.98,0.98,inventory position is balanced; price is close to market; no urgent pricing intervention is needed,weak_competitor_match,business_only_retail_pricing_v1,deterministic_business_heuristic,2026-06-04T19:20:03.676893+00:00,1
SP-2F91D09AA8|2026-06-02,SP-2F91D09AA8,,IN235390,Nike,accessories,Nike (20L) Girls Lifestyle Backpack Light Magenta,2026-06-02,50.2,1.67,0,18,1.0,58.01,0.0,999,30,68.28,0.0,0,0,0,at_market,3,0.0,tier1,28.67,1.2,0.0,0.0,1.1,3.0,0,0.8224,no_match,0.0,movement_reconstructed,0,0.0,0.0,0.0,0.0,0.0,0.0,0.0,0.0,0.0,-48.0,-0.5,14,PROMOTE,rds_snapshot_history,0,,,1.0,HOLD,HOLD,0.98,0.98,inventory position is balanced; price is close to market; no urgent pricing intervention is needed,weak_competitor_match,business_only_retail_pricing_v1,deterministic_business_heuristic,2026-06-04T19:20:03.676893+00:00,1
SP-2FEAF9AB06|2026-05-19,SP-2FEAF9AB06,,IN227539,Crocs,accessories,Crocs 3D Dino Unisex Lifestyle Jibbitz Charm,2026-05-19,0.0,0.0,1,0,1.0,48.85,0.0,999,30,6.1,0.5082,1,1,1,premium,0,1.0,tier2,3.12,1.15,0.0,0.0,1.2,3.0,0,0.8224,same_model_family,0.8846,movement_reconstructed,1,3.0,6.276190476190476,23.0,0.0,0.0,0.0,0.0,1.0,0.0,0.0,0.0,0,HOLD,rds_snapshot_history,0,,,1.0,HOLD,HOLD,0.55,0.55,no urgent pricing intervention is needed,low_stock|overpriced|low_label_confidence,business_only_retail_pricing_v1,deterministic_business_heuristic,2026-06-04T19:20:03.676893+00:00,0
SP-30038913CA|2026-05-19,SP-30038913CA,,IN131719,Body Glove,swimwear,Body Glove Women Beach Monokini Whisper Crissy 1 Piece Storm,2026-05-19,0.0,0.0,1,0,1.0,45.71,0.0,999,30,64.17,0.0,0,0,0,at_market,0,1.0,tier2,34.84,1.45,0.3,0.0,1.7,3.0,0,0.8224,no_match,0.0,movement_reconstructed,0,0.0,0.0,0.0,0.0,0.0,0.0,1.0,1.0,0.0,0.0,0.0,0,HOLD,rds_snapshot_history,0,,,1.0,HOLD,HOLD,0.98,0.98,price is close to market; no urgent pricing intervention is needed,low_stock|weak_competitor_match,business_only_retail_pricing_v1,deterministic_business_heuristic,2026-06-04T19:20:03.676893+00:00,0
SP-331574EF21|2026-05-26,SP-331574EF21,,IN236650,Crocs,accessories,Crocs 3D Coffee Cup Unisex Lifestyle Jibbitz Charm,2026-05-26,45.2,1.51,0,18,1.0,48.68,0.0,999,30,6.08,0.0132,0,1,1,at_market,0,0.0,tier2,3.12,1.15,0.0,0.0,1.2,3.0,0,0.8224,same_model_family,0.9469,movement_reconstructed,1,6.0,6.0,6.0,0.0,0.0,0.0,0.0,0.0,0.0,-10.0,-1.0,7,PROMOTE,rds_snapshot_history,0,,,1.0,PROMOTE,PROMOTE,0.55,0.55,strong seasonality (1.15); healthy stock position (45 DOS); margin supports promotion,low_label_confidence,business_only_retail_pricing_v1,deterministic_business_heuristic,2026-06-04T19:20:03.676893+00:00,0
SP-331574EF21|2026-06-02,SP-331574EF21,,IN236650,Crocs,accessories,Crocs 3D Coffee Cup Unisex Lifestyle Jibbitz Charm,2026-06-02,45.2,1.51,0,18,1.0,48.68,0.0,999,30,6.08,0.0132,0,1,1,at_market,3,0.0,tier2,3.12,1.2,0.0,0.0,1.1,3.0,0,0.8224,same_model_family,0.9435,movement_reconstructed,1,6.0,6.0,6.0,0.0,0.0,0.0,0.0,0.0,0.0,-5.0,-0.5,14,PROMOTE,rds_snapshot_history,0,,,1.0,PROMOTE,PROMOTE,0.55,0.55,strong seasonality (1.20); healthy stock position (45 DOS); margin supports promotion,low_label_confidence,business_only_retail_pricing_v1,deterministic_business_heuristic,2026-06-04T19:20:03.676893+00:00,0
SP-33272498BE|2026-05-19,SP-33272498BE,,J1GD2402,Mizuno,footwear,Mizuno Wave Sky 8,2026-05-19,0.0,0.0,1,0,1.0,50.0,0.0,999,30,166.5,0.0,0,0,0,at_market,0,1.0,tier2,83.25,1.15,0.0,0.0,1.2,3.0,0,0.8224,no_match,0.0,movement_reconstructed,0,0.0,0.0,0.0,0.0,0.0,0.0,0.0,0.0,0.0,0.0,0.0,0,HOLD,rds_snapshot_history,0,,,1.0,HOLD,HOLD,0.98,0.98,price is close to market; no urgent pricing intervention is needed,low_stock|weak_competitor_match,business_only_retail_pricing_v1,deterministic_business_heuristic,2026-06-04T19:20:03.676893+00:00,0
SP-33272498BE|2026-05-26,SP-33272498BE,,J1GD2402,Mizuno,footwear,Mizuno Wave Sky 8,2026-05-26,136.6,4.55,0,35,1.0,50.0,0.0,999,30,166.5,0.0,0,0,0,at_market,0,0.0,tier2,83.25,1.15,0.0,0.0,1.2,3.0,0,0.8224,no_match,0.0,movement_reconstructed,0,0.0,0.0,0.0,0.0,0.0,0.0,0.0,0.0,0.0,-18.0,-1.0,7,CLEAR,rds_snapshot_history,0,,,1.0,HOLD,HOLD,0.98,0.98,inventory position is balanced; price is close to market; no urgent pricing intervention is needed,weak_competitor_match|stale_inventory,business_only_retail_pricing_v1,deterministic_business_heuristic,2026-06-04T19:20:03.676893+00:00,1
SP-33272498BE|2026-06-02,SP-33272498BE,,J1GD2402,Mizuno,footwear,Mizuno Wave Sky 8,2026-06-02,136.6,4.55,0,35,1.0,50.0,0.0,999,30,166.5,0.0,0,0,0,at_market,3,0.0,tier2,83.25,1.2,0.0,0.0,1.1,3.0,0,0.8224,no_match,0.0,movement_reconstructed,0,0.0,0.0,0.0,0.0,0.0,0.0,0.0,0.0,0.0,-9.0,-0.5,14,CLEAR,rds_snapshot_history,0,,,1.0,HOLD,HOLD,0.98,0.98,inventory position is balanced; price is close to market; no urgent pricing intervention is needed,weak_competitor_match|stale_inventory,business_only_retail_pricing_v1,deterministic_business_heuristic,2026-06-04T19:20:03.676893+00:00,1
SP-3346E77C8D|2026-05-26,SP-3346E77C8D,,IN226904,New Balance,footwear,New Balance 327 Ps-Boys Lifestyle Shoes Silver Birch,2026-05-26,95.5,3.18,0,10,1.0,53.41,0.0,999,30,79.93,0.0742,1,1,1,above_market,0,0.0,tier1,37.24,1.15,0.0,0.0,1.2,3.0,0,0.8224,same_model_family,0.8374,movement_reconstructed,1,74.0,90.8181818181818,125.0,0.0,0.0,0.0,0.0,0.0,0.0,-18.0,-1.0,7,HOLD,rds_snapshot_history,0,,,1.0,HOLD,HOLD,0.55,0.55,inventory position is balanced; no urgent pricing intervention is needed,low_stock|low_label_confidence,business_only_retail_pricing_v1,deterministic_business_heuristic,2026-06-04T19:20:03.676893+00:00,0
SP-3346E77C8D|2026-06-02,SP-3346E77C8D,,IN226904,New Balance,footwear,New Balance 327 Ps-Boys Lifestyle Shoes Silver Birch,2026-06-02,95.5,3.18,0,10,1.0,53.41,0.0,999,30,79.93,0.0742,1,1,1,above_market,3,0.0,tier1,37.24,1.2,0.0,0.0,1.1,3.0,0,0.8224,same_model_family,0.8293,movement_reconstructed,1,74.0,90.5,125.0,0.0,0.0,0.0,0.0,0.0,0.0,-9.0,-0.5,14,HOLD,rds_snapshot_history,0,,,1.0,HOLD,HOLD,0.55,0.55,inventory position is balanced; no urgent pricing intervention is needed,low_stock|low_label_confidence,business_only_retail_pricing_v1,deterministic_business_heuristic,2026-06-04T19:20:03.676893+00:00,0
SP-3350E7D69E|2026-05-19,SP-3350E7D69E,,,Adidas,football_boots,ADIDAS COPA PURE II+ FG BOOTS39+45,2026-05-19,0.0,0.0,1,0,1.0,57.07,0.0,999,30,83.85,0.0,0,0,0,at_market,0,1.0,tier1,36.0,1.15,0.0,0.0,1.2,3.0,0,0.8224,no_match,0.0,movement_reconstructed,0,0.0,0.0,0.0,0.0,0.0,0.0,1.0,1.0,0.0,0.0,0.0,0,HOLD,rds_snapshot_history,0,,,1.0,HOLD,HOLD,0.98,0.98,price is close to market; no urgent pricing intervention is needed,low_stock|weak_competitor_match,business_only_retail_pricing_v1,deterministic_business_heuristic,2026-06-04T19:20:03.676893+00:00,0
SP-3350E7D69E|2026-05-26,SP-3350E7D69E,,,Adidas,football_boots,ADIDAS COPA PURE II+ FG BOOTS39+45,2026-05-26,114.5,3.82,0,8,1.0,57.07,0.0,999,30,83.85,0.0,0,0,0,at_market,0,0.0,tier1,36.0,1.15,0.0,0.0,1.2,3.0,0,0.8224,no_match,0.0,movement_reconstructed,0,0.0,0.0,0.0,0.0,0.0,0.0,1.0,1.0,0.0,-14.0,-1.0,7,HOLD,rds_snapshot_history,0,,,1.0,HOLD,HOLD,0.98,0.98,inventory position is balanced; price is close to market; no urgent pricing intervention is needed,low_stock|weak_competitor_match,business_only_retail_pricing_v1,deterministic_business_heuristic,2026-06-04T19:20:03.676893+00:00,0
SP-3350E7D69E|2026-06-02,SP-3350E7D69E,,,Adidas,football_boots,ADIDAS COPA PURE II+ FG BOOTS39+45,2026-06-02,114.5,3.82,0,8,1.0,57.07,0.0,999,30,83.85,0.0,0,0,0,at_market,3,0.0,tier1,36.0,1.2,0.0,0.0,1.1,3.0,0,0.8224,no_match,0.0,movement_reconstructed,0,0.0,0.0,0.0,0.0,0.0,0.0,1.0,1.0,0.0,-7.0,-0.5,14,HOLD,rds_snapshot_history,0,,,1.0,HOLD,HOLD,0.98,0.98,inventory position is balanced; price is close to market; no urgent pricing intervention is needed,low_stock|weak_competitor_match,business_only_retail_pricing_v1,deterministic_business_heuristic,2026-06-04T19:20:03.676893+00:00,0
SP-33D4752389|2026-05-19,SP-33D4752389,,IN226216,ON,apparel,"On 5"" Performance Men Running Short Black",2026-05-19,0.0,0.0,1,0,1.0,52.88,0.0,999,30,96.65,0.6999,1,1,1,premium,0,1.0,tier1,45.54,1.15,0.0,0.0,1.2,3.0,0,0.8224,same_model_family,0.8861,movement_reconstructed,1,29.0,85.38461538461539,99.0,0.0,0.0,0.0,1.0,1.0,0.0,0.0,0.0,0,HOLD,rds_snapshot_history,0,,,1.0,HOLD,HOLD,0.55,0.55,no urgent pricing intervention is needed,low_stock|overpriced|low_label_confidence,business_only_retail_pricing_v1,deterministic_business_heuristic,2026-06-04T19:20:03.676893+00:00,0
SP-33F5CF243E|2026-05-19,SP-33F5CF243E,,IM2848,Adidas,apparel,"3 Stripes Leggings, Turquoise",2026-05-19,0.0,0.0,1,0,1.0,44.92,0.0,999,30,12.2,0.0,0,0,0,at_market,0,1.0,tier1,6.72,1.15,0.0,0.0,1.2,3.0,0,0.8224,no_match,0.0,movement_reconstructed,0,0.0,0.0,0.0,0.0,0.0,0.0,0.0,0.0,0.0,0.0,0.0,0,HOLD,rds_snapshot_history,0,,,1.0,HOLD,HOLD,0.98,0.98,price is close to market; no urgent pricing intervention is needed,low_stock|weak_competitor_match,business_only_retail_pricing_v1,deterministic_business_heuristic,2026-06-04T19:20:03.676893+00:00,0
SP-33F5CF243E|2026-05-26,SP-33F5CF243E,,IM2848,Adidas,apparel,"3 Stripes Leggings, Turquoise",2026-05-26,51.2,1.71,0,14,1.0,44.92,0.0,999,30,12.2,0.0,0,0,0,at_market,0,0.0,tier1,6.72,1.15,0.0,0.0,1.2,3.0,0,0.8224,no_match,0.0,movement_reconstructed,0,0.0,0.0,0.0,0.0,0.0,0.0,0.0,0.0,0.0,-40.0,-1.0,7,HOLD,rds_snapshot_history,0,,,1.0,HOLD,HOLD,0.98,0.98,inventory position is balanced; price is close to market; no urgent pricing intervention is needed,low_stock|weak_competitor_match,business_only_retail_pricing_v1,deterministic_business_heuristic,2026-06-04T19:20:03.676893+00:00,0
SP-33F5CF243E|2026-06-02,SP-33F5CF243E,,IM2848,Adidas,apparel,"3 Stripes Leggings, Turquoise",2026-06-02,51.2,1.71,0,14,1.0,44.92,0.0,999,30,12.2,0.0,0,0,0,at_market,3,0.0,tier1,6.72,1.2,0.0,0.0,1.1,3.0,0,0.8224,no_match,0.0,movement_reconstructed,0,0.0,0.0,0.0,0.0,0.0,0.0,0.0,0.0,0.0,-20.0,-0.5,14,HOLD,rds_snapshot_history,0,,,1.0,HOLD,HOLD,0.98,0.98,inventory position is balanced; price is close to market; no urgent pricing intervention is needed,low_stock|weak_competitor_match,business_only_retail_pricing_v1,deterministic_business_heuristic,2026-06-04T19:20:03.676893+00:00,0
SP-3577D415E8|2026-05-19,SP-3577D415E8,,,Nike,lifestyle,Kylian Mbappe X Air Zoom Superfly Elite - FG Cleats,2026-05-19,0.0,0.0,1,0,1.0,56.71,0.0,999,30,86.85,0.0,0,0,0,at_market,0,1.0,tier1,37.6,1.15,0.0,0.0,1.2,3.0,0,0.8224,no_match,0.0,movement_reconstructed,0,0.0,0.0,0.0,0.0,0.0,0.0,1.0,1.0,0.0,0.0,0.0,0,HOLD,rds_snapshot_history,0,,,1.0,HOLD,HOLD,0.98,0.98,price is close to market; no urgent pricing intervention is needed,low_stock|weak_competitor_match,business_only_retail_pricing_v1,deterministic_business_heuristic,2026-06-04T19:20:03.676893+00:00,0
SP-3577D415E8|2026-05-26,SP-3577D415E8,,,Nike,lifestyle,Kylian Mbappe X Air Zoom Superfly Elite - FG Cleats,2026-05-26,97.7,3.26,0,12,1.0,56.71,0.0,999,30,86.85,0.0,0,0,0,at_market,0,0.0,tier1,37.6,1.15,0.0,0.0,1.2,3.0,0,0.8224,no_match,0.0,movement_reconstructed,0,0.0,0.0,0.0,0.0,0.0,0.0,1.0,1.0,0.0,-14.0,-1.0,7,HOLD,rds_snapshot_history,0,,,1.0,HOLD,HOLD,0.98,0.98,inventory position is balanced; price is close to market; no urgent pricing intervention is needed,low_stock|weak_competitor_match,business_only_retail_pricing_v1,deterministic_business_heuristic,2026-06-04T19:20:03.676893+00:00,0
SP-3577D415E8|2026-06-02,SP-3577D415E8,,,Nike,lifestyle,Kylian Mbappe X Air Zoom Superfly Elite - FG Cleats,2026-06-02,97.7,3.26,0,12,1.0,56.71,0.0,999,30,86.85,0.0,0,0,0,at_market,3,0.0,tier1,37.6,1.2,0.0,0.0,1.1,3.0,0,0.8224,no_match,0.0,movement_reconstructed,0,0.0,0.0,0.0,0.0,0.0,0.0,1.0,1.0,0.0,-7.0,-0.5,14,HOLD,rds_snapshot_history,0,,,1.0,HOLD,HOLD,0.98,0.98,inventory position is balanced; price is close to market; no urgent pricing intervention is needed,low_stock|weak_competitor_match,business_only_retail_pricing_v1,deterministic_business_heuristic,2026-06-04T19:20:03.676893+00:00,0
SP-36AFC5305C|2026-05-19,SP-36AFC5305C,,1024864,Keen,footwear,Keen Venture Mid WP,2026-05-19,0.0,0.0,1,0,1.0,52.0,0.0,999,30,155.4,0.0,0,0,0,at_market,0,1.0,tier2,74.59,1.15,0.0,0.0,1.2,3.0,0,0.8224,no_match,0.0,movement_reconstructed,0,0.0,0.0,0.0,0.0,0.0,0.0,0.0,0.0,0.0,0.0,0.0,0,HOLD,rds_snapshot_history,0,,,1.0,HOLD,HOLD,0.98,0.98,price is close to market; no urgent pricing intervention is needed,low_stock|weak_competitor_match,business_only_retail_pricing_v1,deterministic_business_heuristic,2026-06-04T19:20:03.676893+00:00,0
SP-36AFC5305C|2026-05-26,SP-36AFC5305C,,1024864,Keen,footwear,Keen Venture Mid WP,2026-05-26,136.6,4.55,0,40,1.0,52.0,0.0,999,30,155.4,0.0,0,0,0,at_market,0,0.0,tier2,74.59,1.15,0.0,0.0,1.2,3.0,0,0.8224,no_match,0.0,movement_reconstructed,0,0.0,0.0,0.0,0.0,0.0,0.0,0.5,0.5,0.1809,-18.0,-1.0,0,CLEAR,rds_snapshot_history,0,,,1.0,HOLD,HOLD,0.98,0.98,inventory position is balanced; price is close to market; no urgent pricing intervention is needed,weak_competitor_match|stale_inventory,business_only_retail_pricing_v1,deterministic_business_heuristic,2026-06-04T19:20:03.676893+00:00,1
SP-36AFC5305C|2026-06-02,SP-36AFC5305C,,1024864,Keen,footwear,Keen Venture Mid WP,2026-06-02,136.6,4.55,0,40,1.0,52.0,0.0,999,30,155.4,0.0,0,0,0,at_market,3,0.0,tier2,74.59,1.2,0.0,0.0,1.1,3.0,0,0.8224,no_match,0.0,movement_reconstructed,0,0.0,0.0,0.0,0.0,0.0,0.0,0.6667,0.6667,0.1477,-9.0,-0.5,7,CLEAR,rds_snapshot_history,0,,,1.0,HOLD,HOLD,0.98,0.98,inventory position is balanced; price is close to market; no urgent pricing intervention is needed,weak_competitor_match|stale_inventory,business_only_retail_pricing_v1,deterministic_business_heuristic,2026-06-04T19:20:03.676893+00:00,1
SP-394123949134|2026-05-19,SP-394123949134,,AP12341,Buma,shoes,product_Testt,2026-05-19,0.0,0.0,1,0,1.0,50.0,0.0,999,30,80.0,0.0,0,0,0,at_market,0,1.0,tier2,40.0,1.15,0.0,0.0,1.2,3.0,0,0.8224,no_match,0.0,movement_reconstructed,0,0.0,0.0,0.0,0.0,0.0,0.0,0.0,0.0,0.0,0.0,0.0,0,HOLD,rds_snapshot_history,0,,,1.0,HOLD,HOLD,0.98,0.98,price is close to market; no urgent pricing intervention is needed,low_stock|weak_competitor_match,business_only_retail_pricing_v1,deterministic_business_heuristic,2026-06-04T19:20:03.676893+00:00,0
SP-394123949134|2026-05-26,SP-394123949134,,AP12341,Buma,shoes,product_Testt,2026-05-26,0.0,0.0,1,0,1.0,50.0,0.0,999,30,80.0,0.0,0,0,0,at_market,0,1.0,tier2,40.0,1.15,0.0,0.0,1.2,3.0,0,0.8224,no_match,0.0,movement_reconstructed,0,0.0,0.0,0.0,0.0,0.0,0.0,0.0,0.0,0.0,-18.0,-1.0,7,HOLD,rds_snapshot_history,0,,,1.0,HOLD,HOLD,0.98,0.98,price is close to market; no urgent pricing intervention is needed,low_stock|weak_competitor_match,business_only_retail_pricing_v1,deterministic_business_heuristic,2026-06-04T19:20:03.676893+00:00,0
SP-394123949134|2026-06-02,SP-394123949134,,AP12341,Buma,shoes,product_Testt,2026-06-02,76.5,2.55,0,50,1.0,50.0,0.0,999,30,80.0,0.0,0,0,0,at_market,0,0.0,tier2,40.0,1.2,0.0,0.0,1.1,3.0,0,0.8224,no_match,0.0,movement_reconstructed,0,0.0,0.0,0.0,0.0,0.0,0.0,0.0,0.0,0.0,-9.0,-0.5,14,PROMOTE,rds_snapshot_history,0,,,1.0,HOLD,HOLD,0.98,0.98,inventory position is balanced; price is close to market; no urgent pricing intervention is needed,weak_competitor_match,business_only_retail_pricing_v1,deterministic_business_heuristic,2026-06-04T19:20:03.676893+00:00,1
SP-3B47C73D99|2026-05-26,SP-3B47C73D99,,IN234838,New Balance,footwear,New Balance 327 Men Lifestyle Shoes Brown,2026-05-26,136.6,4.55,0,14,1.0,54.19,0.0,999,30,180.76,0.0651,0,1,1,above_market,0,0.0,tier1,82.81,1.15,0.0,0.0,1.2,3.0,0,0.8224,same_model_family,0.8711,movement_reconstructed,1,169.0,184.0,199.0,0.0,0.0,0.0,1.0,0.0,0.0,-9.0,-1.0,7,CLEAR,rds_snapshot_history,0,,,1.0,MARKDOWN,MARKDOWN,0.55,0.55,priced above market by 7%; stock cover is elevated (137 DOS); margin can support a markdown,low_stock|stale_inventory|low_label_confidence,business_only_retail_pricing_v1,deterministic_business_heuristic,2026-06-04T19:20:03.676893+00:00,1
SP-3B47C73D99|2026-06-02,SP-3B47C73D99,,IN234838,New Balance,footwear,New Balance 327 Men Lifestyle Shoes Brown,2026-06-02,136.6,4.55,0,14,1.0,54.19,0.0,999,30,180.76,0.0651,0,1,1,above_market,3,0.0,tier1,82.81,1.2,0.0,0.0,1.1,3.0,0,0.8224,same_model_family,0.8712,movement_reconstructed,1,169.0,184.0,199.0,0.0,0.0,0.0,1.0,0.0,0.0,-4.5,-0.5,14,CLEAR,rds_snapshot_history,0,,,1.0,MARKDOWN,MARKDOWN,0.55,0.55,priced above market by 7%; stock cover is elevated (137 DOS); margin can support a markdown,low_stock|stale_inventory|low_label_confidence,business_only_retail_pricing_v1,deterministic_business_heuristic,2026-06-04T19:20:03.676893+00:00,1
SP-3C84F40051|2026-05-19,SP-3C84F40051,,IN204933,All In,swimwear,ALN Accessories Floating Kickboard Swim Swimming Gear Pink,2026-05-19,0.0,0.0,1,0,1.0,50.1,0.0,999,30,5.21,0.0,0,0,0,at_market,0,1.0,tier2,2.6,1.45,0.3,0.0,1.7,3.0,0,0.8224,no_match,0.0,movement_reconstructed,0,0.0,0.0,0.0,0.0,0.0,0.0,0.0,0.0,0.0,0.0,0.0,0,HOLD,rds_snapshot_history,0,,,1.0,HOLD,HOLD,0.98,0.98,price is close to market; no urgent pricing intervention is needed,low_stock|weak_competitor_match,business_only_retail_pricing_v1,deterministic_business_heuristic,2026-06-04T19:20:03.676893+00:00,0
SP-3C84F40051|2026-05-26,SP-3C84F40051,,IN204933,All In,swimwear,ALN Accessories Floating Kickboard Swim Swimming Gear Pink,2026-05-26,98.0,3.27,0,9,1.0,50.1,0.0,999,30,5.21,0.0,0,0,0,at_market,0,0.0,tier2,2.6,1.45,0.3,0.0,1.7,3.0,0,0.8224,no_match,0.0,movement_reconstructed,0,0.0,0.0,0.0,0.0,0.0,0.0,0.0,0.0,0.0,-13.0,-1.0,7,HOLD,rds_snapshot_history,0,,,1.0,HOLD,HOLD,0.98,0.98,inventory position is balanced; price is close to market; no urgent pricing intervention is needed,low_stock|weak_competitor_match,business_only_retail_pricing_v1,deterministic_business_heuristic,2026-06-04T19:20:03.676893+00:00,0
SP-3C84F40051|2026-06-02,SP-3C84F40051,,IN204933,All In,swimwear,ALN Accessories Floating Kickboard Swim Swimming Gear Pink,2026-06-02,98.0,3.27,0,9,1.0,50.1,0.0,999,30,5.21,0.0,0,0,0,at_market,3,0.0,tier2,2.6,1.7,0.5,0.0,1.6,3.0,0,0.8224,no_match,0.0,movement_reconstructed,0,0.0,0.0,0.0,0.0,0.0,0.0,0.0,0.0,0.0,-6.5,-0.5,14,HOLD,rds_snapshot_history,0,,,1.0,HOLD,HOLD,0.98,0.98,inventory position is balanced; price is close to market; no urgent pricing intervention is needed,low_stock|weak_competitor_match,business_only_retail_pricing_v1,deterministic_business_heuristic,2026-06-04T19:20:03.676893+00:00,0
SP-3D39AF9FF6|2026-05-19,SP-3D39AF9FF6,,IN234882,New Balance,sportswear,New Balance Essential Yoga Women Performance Bra Medusa Green,2026-05-19,0.0,0.0,1,0,1.0,54.82,0.0,999,30,63.99,0.1717,1,1,1,premium,0,1.0,tier1,28.91,1.15,0.0,0.0,1.2,3.0,0,0.8224,same_model_family,0.8737,movement_reconstructed,1,53.0,57.0,59.0,0.0,0.0,0.0,0.0,0.0,0.0,0.0,0.0,0,HOLD,rds_snapshot_history,0,,,1.0,HOLD,HOLD,0.5925,0.5925,no urgent pricing intervention is needed,low_stock|overpriced|low_label_confidence,business_only_retail_pricing_v1,deterministic_business_heuristic,2026-06-04T19:20:03.676893+00:00,0
SP-3EEFEBBB72|2026-05-19,SP-3EEFEBBB72,,BY5959,Columbia,kids,Columbia Trailstorm Mid WP Kids,2026-05-19,0.0,0.0,1,0,1.0,50.0,0.0,999,30,77.7,0.0,0,0,0,at_market,0,1.0,tier2,38.85,1.15,0.0,0.0,1.2,3.0,0,0.8224,no_match,0.0,movement_reconstructed,0,0.0,0.0,0.0,0.0,0.0,0.0,0.0,0.0,0.0,0.0,0.0,0,HOLD,rds_snapshot_history,0,,,1.0,HOLD,HOLD,0.98,0.98,price is close to market; no urgent pricing intervention is needed,low_stock|weak_competitor_match,business_only_retail_pricing_v1,deterministic_business_heuristic,2026-06-04T19:20:03.676893+00:00,0
SP-3EEFEBBB72|2026-05-26,SP-3EEFEBBB72,,BY5959,Columbia,kids,Columbia Trailstorm Mid WP Kids,2026-05-26,82.5,2.75,0,55,1.0,50.0,0.0,999,30,77.7,0.0,0,0,0,at_market,0,0.0,tier2,38.85,1.15,0.0,0.0,1.2,3.0,0,0.8224,no_match,0.0,movement_reconstructed,0,0.0,0.0,0.0,0.0,0.0,0.0,0.0,0.0,0.0,-66.0,-1.0,7,PROMOTE,rds_snapshot_history,0,,,1.0,HOLD,HOLD,0.98,0.98,inventory position is balanced; price is close to market; no urgent pricing intervention is needed,weak_competitor_match,business_only_retail_pricing_v1,deterministic_business_heuristic,2026-06-04T19:20:03.676893+00:00,1
SP-3EEFEBBB72|2026-06-02,SP-3EEFEBBB72,,BY5959,Columbia,kids,Columbia Trailstorm Mid WP Kids,2026-06-02,82.5,2.75,0,55,1.0,50.0,0.0,999,30,77.7,0.0,0,0,0,at_market,3,0.0,tier2,38.85,1.2,0.0,0.0,1.1,3.0,0,0.8224,no_match,0.0,movement_reconstructed,0,0.0,0.0,0.0,0.0,0.0,0.0,0.0,0.0,0.0,-33.0,-0.5,14,PROMOTE,rds_snapshot_history,0,,,1.0,HOLD,HOLD,0.98,0.98,inventory position is balanced; price is close to market; no urgent pricing intervention is needed,weak_competitor_match,business_only_retail_pricing_v1,deterministic_business_heuristic,2026-06-04T19:20:03.676893+00:00,1
SP-3FB5CF5912|2026-05-19,SP-3FB5CF5912,,ID0478,Adidas,lifestyle,"Samba OG Shoes, Beige",2026-05-19,0.0,0.0,1,0,1.0,45.54,0.0,999,30,140.14,0.2079,2,1,2,premium,0,1.0,tier1,76.32,1.15,0.0,0.0,1.2,3.0,0,0.8224,exact_style,0.7656,movement_reconstructed,1,111.0,102.8954,208.0,0.0,0.0,0.0,0.0,0.0,0.0,0.0,0.0,0,HOLD,rds_snapshot_history,0,,,1.0,HOLD,HOLD,0.5732,0.5732,no urgent pricing intervention is needed,low_stock|overpriced|low_label_confidence,business_only_retail_pricing_v1,deterministic_business_heuristic,2026-06-04T19:20:03.676893+00:00,0
SP-404E26F96A|2026-05-19,SP-404E26F96A,,,Nike,football_boots,35-45 Nike Air Zoom Mercurial Superfly IX Elite FG,2026-05-19,0.0,0.0,1,0,1.0,54.3,0.0,999,30,67.88,0.0,0,0,0,at_market,0,1.0,tier1,31.02,1.15,0.0,0.0,1.2,3.0,0,0.8224,no_match,0.0,movement_reconstructed,0,0.0,0.0,0.0,0.0,0.0,0.0,1.0,0.0,0.0,0.0,0.0,0,HOLD,rds_snapshot_history,0,,,1.0,HOLD,HOLD,0.98,0.98,price is close to market; no urgent pricing intervention is needed,low_stock|weak_competitor_match,business_only_retail_pricing_v1,deterministic_business_heuristic,2026-06-04T19:20:03.676893+00:00,0
SP-404E26F96A|2026-05-26,SP-404E26F96A,,,Nike,football_boots,35-45 Nike Air Zoom Mercurial Superfly IX Elite FG,2026-05-26,92.7,3.09,0,10,1.0,54.3,0.0,999,30,67.88,0.0,0,0,0,at_market,0,0.0,tier1,31.02,1.15,0.0,0.0,1.2,3.0,0,0.8224,no_match,0.0,movement_reconstructed,0,0.0,0.0,0.0,0.0,0.0,0.0,1.0,0.0,0.0,-10.0,-1.0,7,HOLD,rds_snapshot_history,0,,,1.0,HOLD,HOLD,0.98,0.98,inventory position is balanced; price is close to market; no urgent pricing intervention is needed,low_stock|weak_competitor_match,business_only_retail_pricing_v1,deterministic_business_heuristic,2026-06-04T19:20:03.676893+00:00,0
SP-404E26F96A|2026-06-02,SP-404E26F96A,,,Nike,football_boots,35-45 Nike Air Zoom Mercurial Superfly IX Elite FG,2026-06-02,92.7,3.09,0,10,1.0,54.3,0.0,999,30,67.88,0.0,0,0,0,at_market,3,0.0,tier1,31.02,1.2,0.0,0.0,1.1,3.0,0,0.8224,no_match,0.0,movement_reconstructed,0,0.0,0.0,0.0,0.0,0.0,0.0,1.0,0.0,0.0,-5.0,-0.5,14,HOLD,rds_snapshot_history,0,,,1.0,HOLD,HOLD,0.98,0.98,inventory position is balanced; price is close to market; no urgent pricing intervention is needed,low_stock|weak_competitor_match,business_only_retail_pricing_v1,deterministic_business_heuristic,2026-06-04T19:20:03.676893+00:00,0
SP-4129A11BDA|2026-05-19,SP-4129A11BDA,,,Nike,football_boots,35-45 Nike Air Zoom Mercurial Vapor XV Elite TF,2026-05-19,0.0,0.0,1,0,1.0,49.54,0.0,999,30,61.48,0.0,0,0,0,at_market,0,1.0,tier1,31.02,1.15,0.0,0.0,1.2,3.0,0,0.8224,no_match,0.0,movement_reconstructed,0,0.0,0.0,0.0,0.0,0.0,0.0,1.0,0.0,0.0,0.0,0.0,0,HOLD,rds_snapshot_history,0,,,1.0,HOLD,HOLD,0.98,0.98,price is close to market; no urgent pricing intervention is needed,low_stock|weak_competitor_match,business_only_retail_pricing_v1,deterministic_business_heuristic,2026-06-04T19:20:03.676893+00:00,0
SP-4129A11BDA|2026-05-26,SP-4129A11BDA,,,Nike,football_boots,35-45 Nike Air Zoom Mercurial Vapor XV Elite TF,2026-05-26,84.0,2.8,0,10,1.0,49.54,0.0,999,30,61.48,0.0,0,0,0,at_market,0,0.0,tier1,31.02,1.15,0.0,0.0,1.2,3.0,0,0.8224,no_match,0.0,movement_reconstructed,0,0.0,0.0,0.0,0.0,0.0,0.0,1.0,0.0,0.0,-9.0,-1.0,7,HOLD,rds_snapshot_history,0,,,1.0,HOLD,HOLD,0.98,0.98,inventory position is balanced; price is close to market; no urgent pricing intervention is needed,low_stock|weak_competitor_match,business_only_retail_pricing_v1,deterministic_business_heuristic,2026-06-04T19:20:03.676893+00:00,0
SP-4129A11BDA|2026-06-02,SP-4129A11BDA,,,Nike,football_boots,35-45 Nike Air Zoom Mercurial Vapor XV Elite TF,2026-06-02,84.0,2.8,0,10,1.0,49.54,0.0,999,30,61.48,0.0,0,0,0,at_market,3,0.0,tier1,31.02,1.2,0.0,0.0,1.1,3.0,0,0.8224,no_match,0.0,movement_reconstructed,0,0.0,0.0,0.0,0.0,0.0,0.0,1.0,0.0,0.0,-4.5,-0.5,14,HOLD,rds_snapshot_history,0,,,1.0,HOLD,HOLD,0.98,0.98,inventory position is balanced; price is close to market; no urgent pricing intervention is needed,low_stock|weak_competitor_match,business_only_retail_pricing_v1,deterministic_business_heuristic,2026-06-04T19:20:03.676893+00:00,0
SP-428F9FE7D9|2026-05-19,SP-428F9FE7D9,,IN224291,Billabong,swimwear,Billabong Gone Tropic Women Lifestyle Swim Short Pistachio,2026-05-19,0.0,0.0,1,0,1.0,49.77,0.0,999,30,39.82,0.2215,1,1,1,premium,0,1.0,tier3,20.0,1.45,0.3,0.0,1.7,3.0,0,0.8224,same_model_family,0.7559,movement_reconstructed,1,31.0,40.9,49.0,0.0,0.0,0.0,1.0,1.0,0.0,0.0,0.0,0,HOLD,rds_snapshot_history,0,,,1.0,HOLD,HOLD,0.55,0.55,no urgent pricing intervention is needed,low_stock|overpriced|low_label_confidence,business_only_retail_pricing_v1,deterministic_business_heuristic,2026-06-04T19:20:03.676893+00:00,0
SP-428F9FE7D9|2026-05-26,SP-428F9FE7D9,,IN224291,Billabong,swimwear,Billabong Gone Tropic Women Lifestyle Swim Short Pistachio,2026-05-26,98.0,3.27,0,9,1.0,49.77,0.0,999,30,39.82,0.2968,1,1,1,premium,0,0.0,tier3,20.0,1.45,0.3,0.0,1.7,3.0,0,0.8224,same_model_family,0.736,movement_reconstructed,1,28.0,39.15909090909091,49.0,0.0,0.0,0.0,0.5,0.5,0.0416,-9.0,-1.0,0,HOLD,rds_snapshot_history,0,,,1.0,HOLD,HOLD,0.55,0.55,inventory position is balanced; no urgent pricing intervention is needed,low_stock|overpriced|low_label_confidence,business_only_retail_pricing_v1,deterministic_business_heuristic,2026-06-04T19:20:03.676893+00:00,0
SP-428F9FE7D9|2026-06-02,SP-428F9FE7D9,,IN224291,Billabong,swimwear,Billabong Gone Tropic Women Lifestyle Swim Short Pistachio,2026-06-02,98.0,3.27,0,9,1.0,49.77,0.0,999,30,39.82,0.2968,1,1,1,premium,3,0.0,tier3,20.0,1.7,0.5,0.0,1.6,3.0,0,0.8224,same_model_family,0.7301,movement_reconstructed,1,28.0,38.64705882352941,49.0,0.0,0.0,0.0,0.3333,0.3333,0.0339,-4.5,-0.5,7,HOLD,rds_snapshot_history,0,,,1.0,HOLD,HOLD,0.55,0.55,inventory position is balanced; no urgent pricing intervention is needed,low_stock|overpriced|low_label_confidence,business_only_retail_pricing_v1,deterministic_business_heuristic,2026-06-04T19:20:03.676893+00:00,0
SP-42A81C708A|2026-05-19,SP-42A81C708A,,IN235630,Babolat,kids,Babolat Pure Drive Junior 25 Gen11 Kids Tennis Racquet Light Blue,2026-05-19,0.0,0.0,1,0,1.0,48.73,0.0,999,30,175.45,0.2362,1,1,1,premium,0,1.0,tier3,89.96,1.15,0.0,0.0,1.2,3.0,0,0.8224,same_model_family,0.8336,movement_reconstructed,1,134.0,153.5,173.0,0.0,0.0,0.0,0.0,0.0,0.0,0.0,0.0,0,HOLD,rds_snapshot_history,0,,,1.0,HOLD,HOLD,0.55,0.55,no urgent pricing intervention is needed,low_stock|overpriced|low_label_confidence,business_only_retail_pricing_v1,deterministic_business_heuristic,2026-06-04T19:20:03.676893+00:00,0
SP-42A81C708A|2026-05-26,SP-42A81C708A,,IN235630,Babolat,kids,Babolat Pure Drive Junior 25 Gen11 Kids Tennis Racquet Light Blue,2026-05-26,121.4,4.05,0,9,1.0,48.73,0.0,999,30,175.45,0.2362,1,1,1,premium,0,0.0,tier3,89.96,1.15,0.0,0.0,1.2,3.0,0,0.8224,same_model_family,0.8336,movement_reconstructed,1,134.0,153.5,173.0,0.0,0.0,0.0,0.0,0.5,0.094,-9.0,-1.0,0,CLEAR,rds_snapshot_history,0,,,1.0,HOLD,HOLD,0.55,0.55,inventory position is balanced; no urgent pricing intervention is needed,low_stock|overpriced|stale_inventory|low_label_confidence,business_only_retail_pricing_v1,deterministic_business_heuristic,2026-06-04T19:20:03.676893+00:00,1
SP-42A81C708A|2026-06-02,SP-42A81C708A,,IN235630,Babolat,kids,Babolat Pure Drive Junior 25 Gen11 Kids Tennis Racquet Light Blue,2026-06-02,121.4,4.05,0,9,1.0,48.73,0.0,999,30,175.45,0.2362,1,1,1,premium,3,0.0,tier3,89.96,1.2,0.0,0.0,1.1,3.0,0,0.8224,same_model_family,0.8336,movement_reconstructed,1,134.0,153.5,173.0,0.0,0.0,0.0,0.0,0.6667,0.0767,-4.5,-0.5,7,CLEAR,rds_snapshot_history,0,,,1.0,HOLD,HOLD,0.55,0.55,inventory position is balanced; no urgent pricing intervention is needed,low_stock|overpriced|stale_inventory|low_label_confidence,business_only_retail_pricing_v1,deterministic_business_heuristic,2026-06-04T19:20:03.676893+00:00,1
SP-435247DC0F|2026-05-19,SP-435247DC0F,,,Puma,football_boots,2024 new Puma Mg studs football shoes PUMA FUTURE 2024 39-45,2026-05-19,0.0,0.0,1,0,1.0,42.02,0.0,999,30,60.37,0.0,0,0,0,at_market,0,1.0,tier2,35.0,1.15,0.0,0.0,1.2,3.0,0,0.8224,no_match,0.0,movement_reconstructed,0,0.0,0.0,0.0,0.0,0.0,0.0,0.0,0.0,0.0,0.0,0.0,0,HOLD,rds_snapshot_history,0,,,1.0,HOLD,HOLD,0.98,0.98,price is close to market; no urgent pricing intervention is needed,low_stock|weak_competitor_match,business_only_retail_pricing_v1,deterministic_business_heuristic,2026-06-04T19:20:03.676893+00:00,0
SP-435247DC0F|2026-05-26,SP-435247DC0F,,,Puma,football_boots,2024 new Puma Mg studs football shoes PUMA FUTURE 2024 39-45,2026-05-26,84.0,2.8,0,8,1.0,42.02,0.0,999,30,60.37,0.0,0,0,0,at_market,0,0.0,tier2,35.0,1.15,0.0,0.0,1.2,3.0,0,0.8224,no_match,0.0,movement_reconstructed,0,0.0,0.0,0.0,0.0,0.0,0.0,0.5,0.5,0.1608,-10.0,-1.0,0,HOLD,rds_snapshot_history,0,,,1.0,HOLD,HOLD,0.98,0.98,inventory position is balanced; price is close to market; no urgent pricing intervention is needed,low_stock|weak_competitor_match,business_only_retail_pricing_v1,deterministic_business_heuristic,2026-06-04T19:20:03.676893+00:00,0
SP-435247DC0F|2026-06-02,SP-435247DC0F,,,Puma,football_boots,2024 new Puma Mg studs football shoes PUMA FUTURE 2024 39-45,2026-06-02,84.0,2.8,0,8,1.0,42.02,0.0,999,30,60.37,0.0,0,0,0,at_market,3,0.0,tier2,35.0,1.2,0.0,0.0,1.1,3.0,0,0.8224,no_match,0.0,movement_reconstructed,0,0.0,0.0,0.0,0.0,0.0,0.0,0.6667,0.6667,0.1313,-5.0,-0.5,7,HOLD,rds_snapshot_history,0,,,1.0,HOLD,HOLD,0.98,0.98,inventory position is balanced; price is close to market; no urgent pricing intervention is needed,low_stock|weak_competitor_match,business_only_retail_pricing_v1,deterministic_business_heuristic,2026-06-04T19:20:03.676893+00:00,0
SP-45B7989AB6|2026-05-26,SP-45B7989AB6,,IN216174,Crocs,accessories,Crocs 3D Candy Cane Unisex Lifestyle Jibbitz Charm,2026-05-26,45.2,1.51,0,18,1.0,48.26,0.0,999,30,6.03,0.005,0,1,1,at_market,0,0.0,tier2,3.12,1.15,0.0,0.0,1.2,3.0,0,0.8224,same_model_family,0.8615,movement_reconstructed,1,6.0,6.0,6.0,0.0,0.0,0.0,0.0,1.0,0.0,-12.0,-1.0,7,PROMOTE,rds_snapshot_history,0,,,1.0,PROMOTE,PROMOTE,0.55,0.55,strong seasonality (1.15); healthy stock position (45 DOS); margin supports promotion,low_label_confidence,business_only_retail_pricing_v1,deterministic_business_heuristic,2026-06-04T19:20:03.676893+00:00,0
SP-45B7989AB6|2026-06-02,SP-45B7989AB6,,IN216174,Crocs,accessories,Crocs 3D Candy Cane Unisex Lifestyle Jibbitz Charm,2026-06-02,45.2,1.51,0,18,1.0,48.26,0.0,999,30,6.03,0.005,0,1,1,at_market,3,0.0,tier2,3.12,1.2,0.0,0.0,1.1,3.0,0,0.8224,same_model_family,0.862,movement_reconstructed,1,6.0,6.0,6.0,0.0,0.0,0.0,0.0,1.0,0.0,-6.0,-0.5,14,PROMOTE,rds_snapshot_history,0,,,1.0,PROMOTE,PROMOTE,0.55,0.55,strong seasonality (1.20); healthy stock position (45 DOS); margin supports promotion,low_label_confidence,business_only_retail_pricing_v1,deterministic_business_heuristic,2026-06-04T19:20:03.676893+00:00,0
SP-4665CFBB2F|2026-05-19,SP-4665CFBB2F,,BB5476,Adidas,lifestyle,"Gazelle Shoes, Black",2026-05-19,0.0,0.0,1,0,1.0,55.69,0.0,999,30,172.26,0.5356,1,0,1,premium,0,1.0,tier1,76.32,1.15,0.0,0.0,1.2,3.0,0,0.8224,exact_style,0.895,movement_reconstructed,1,80.0,125.25,159.0,0.0,0.0,0.0,0.0,0.0,0.0,0.0,0.0,0,HOLD,rds_snapshot_history,0,,,1.0,HOLD,HOLD,0.55,0.55,no urgent pricing intervention is needed,low_stock|overpriced|low_label_confidence,business_only_retail_pricing_v1,deterministic_business_heuristic,2026-06-04T19:20:03.676893+00:00,0
SP-46BE11CF40|2026-05-19,SP-46BE11CF40,,IN208899,Topten Accessories,football_boots,Topten Accessories The Ultimate Soccer Backpack Unisex Back To School Bag Blue/White,2026-05-19,0.0,0.0,1,0,1.0,50.0,0.0,999,30,14.56,0.0,0,0,0,at_market,0,1.0,tier2,7.28,1.15,0.0,0.0,1.2,3.0,0,0.8224,no_match,0.0,movement_reconstructed,0,0.0,0.0,0.0,0.0,0.0,0.0,1.0,1.0,0.0,0.0,0.0,0,HOLD,rds_snapshot_history,0,,,1.0,HOLD,HOLD,0.98,0.98,price is close to market; no urgent pricing intervention is needed,low_stock|weak_competitor_match,business_only_retail_pricing_v1,deterministic_business_heuristic,2026-06-04T19:20:03.676893+00:00,0
SP-474329A365|2026-05-26,SP-474329A365,,IN235629,Babolat,kids,Babolat Pure Drive Junior 25 Gen11 Kids Tennis Racquet Blue,2026-05-26,121.4,4.05,0,9,1.0,51.15,0.0,999,30,189.47,0.4142,0,1,1,premium,0,0.0,tier3,92.56,1.15,0.0,0.0,1.2,3.0,0,0.8224,same_model_family,0.8128,movement_reconstructed,1,111.0,158.54285714285714,234.0,0.0,0.0,0.0,0.25,0.25,0.3462,-14.0,-1.0,0,CLEAR,rds_snapshot_history,0,,,1.0,HOLD,HOLD,0.55,0.55,inventory position is balanced; no urgent pricing intervention is needed,low_stock|overpriced|stale_inventory|low_label_confidence,business_only_retail_pricing_v1,deterministic_business_heuristic,2026-06-04T19:20:03.676893+00:00,1
SP-474329A365|2026-06-02,SP-474329A365,,IN235629,Babolat,kids,Babolat Pure Drive Junior 25 Gen11 Kids Tennis Racquet Blue,2026-06-02,121.4,4.05,0,9,1.0,51.15,0.0,999,30,189.47,0.4142,0,1,1,premium,3,0.0,tier3,92.56,1.2,0.0,0.0,1.1,3.0,0,0.8224,same_model_family,0.808,movement_reconstructed,1,111.0,158.16666666666666,234.0,0.0,0.0,0.0,0.3333,0.3333,0.2827,-7.0,-0.5,7,CLEAR,rds_snapshot_history,0,,,1.0,HOLD,HOLD,0.55,0.55,inventory position is balanced; no urgent pricing intervention is needed,low_stock|overpriced|stale_inventory|low_label_confidence,business_only_retail_pricing_v1,deterministic_business_heuristic,2026-06-04T19:20:03.676893+00:00,1
SP-48868D2AA6|2026-05-19,SP-48868D2AA6,,IN205174,ON,apparel,On Climate Women Running Hoody Black,2026-05-19,0.0,0.0,1,0,1.0,48.44,0.0,999,30,141.86,-0.0221,1,1,1,at_market,0,1.0,tier1,73.14,1.15,0.0,0.0,1.2,3.0,0,0.8224,similar_product,0.7157,movement_reconstructed,1,145.0,165.625,195.0,0.0,0.0,0.0,1.0,1.0,0.0,0.0,0.0,0,HOLD,rds_snapshot_history,0,,,1.0,HOLD,HOLD,0.98,0.98,price is close to market; no urgent pricing intervention is needed,low_stock|weak_competitor_match,business_only_retail_pricing_v1,deterministic_business_heuristic,2026-06-04T19:20:03.676893+00:00,0
SP-48A96BB634|2026-06-02,SP-48A96BB634,,IG8986,Adidas,footwear,"4DFWD 3 Running Shoes, Black",2026-06-02,136.6,4.55,0,9,1.0,44.44,0.0,999,30,178.84,0.0,0,0,0,at_market,3,0.0,tier1,99.36,1.2,0.0,0.0,1.1,3.0,0,0.8224,no_match,0.0,movement_reconstructed,0,0.0,0.0,0.0,0.0,0.0,0.0,1.0,0.5,0.1095,-7.0,-0.5,7,CLEAR,rds_snapshot_history,0,,,1.0,HOLD,HOLD,0.98,0.98,inventory position is balanced; price is close to market; no urgent pricing intervention is needed,low_stock|weak_competitor_match|stale_inventory,business_only_retail_pricing_v1,deterministic_business_heuristic,2026-06-04T19:20:03.676893+00:00,1
SP-48CB982454|2026-05-19,SP-48CB982454,,,New Balance,lifestyle,New Balance 9060 Triple Black,2026-05-19,0.0,0.0,1,0,1.0,53.25,0.0,999,30,89.1,0.0,0,0,0,at_market,0,1.0,tier1,41.65,1.15,0.0,0.0,1.2,3.0,0,0.8224,no_match,0.0,movement_reconstructed,0,0.0,0.0,0.0,0.0,0.0,0.0,1.0,1.0,0.0,0.0,0.0,0,HOLD,rds_snapshot_history,0,,,1.0,HOLD,HOLD,0.98,0.98,price is close to market; no urgent pricing intervention is needed,low_stock|weak_competitor_match,business_only_retail_pricing_v1,deterministic_business_heuristic,2026-06-04T19:20:03.676893+00:00,0
SP-48CB982454|2026-05-26,SP-48CB982454,,,New Balance,lifestyle,New Balance 9060 Triple Black,2026-05-26,100.2,3.34,0,12,1.0,53.25,0.0,999,30,89.1,0.0,0,0,0,at_market,0,0.0,tier1,41.65,1.15,0.0,0.0,1.2,3.0,0,0.8224,no_match,0.0,movement_reconstructed,0,0.0,0.0,0.0,0.0,0.0,0.0,1.0,1.0,0.0,-18.0,-1.0,7,HOLD,rds_snapshot_history,0,,,1.0,HOLD,HOLD,0.98,0.98,inventory position is balanced; price is close to market; no urgent pricing intervention is needed,low_stock|weak_competitor_match,business_only_retail_pricing_v1,deterministic_business_heuristic,2026-06-04T19:20:03.676893+00:00,0
SP-48CB982454|2026-06-02,SP-48CB982454,,,New Balance,lifestyle,New Balance 9060 Triple Black,2026-06-02,100.2,3.34,0,12,1.0,53.25,0.0,999,30,89.1,0.0,0,0,0,at_market,3,0.0,tier1,41.65,1.2,0.0,0.0,1.1,3.0,0,0.8224,no_match,0.0,movement_reconstructed,0,0.0,0.0,0.0,0.0,0.0,0.0,1.0,1.0,0.0,-9.0,-0.5,14,HOLD,rds_snapshot_history,0,,,1.0,HOLD,HOLD,0.98,0.98,inventory position is balanced; price is close to market; no urgent pricing intervention is needed,low_stock|weak_competitor_match,business_only_retail_pricing_v1,deterministic_business_heuristic,2026-06-04T19:20:03.676893+00:00,0
SP-4922B84AAD|2026-05-19,SP-4922B84AAD,,IN221080,Crocs,footwear,Crocs Bae Clog Women Lifestyle White,2026-05-19,0.0,0.0,1,0,1.0,57.98,0.0,999,30,103.95,0.0765,0,0,1,above_market,0,1.0,tier2,43.68,1.15,0.0,0.0,1.2,3.0,0,0.8224,similar_product,0.7702,movement_reconstructed,1,96.0,96.0,96.0,0.0,0.0,0.0,0.0,0.0,0.0,0.0,0.0,0,HOLD,rds_snapshot_history,0,,,1.0,HOLD,HOLD,0.98,0.98,no urgent pricing intervention is needed,low_stock|weak_competitor_match,business_only_retail_pricing_v1,deterministic_business_heuristic,2026-06-04T19:20:03.676893+00:00,0
SP-4922B84AAD|2026-05-26,SP-4922B84AAD,,IN221080,Crocs,footwear,Crocs Bae Clog Women Lifestyle White,2026-05-26,124.2,4.14,0,9,1.0,57.98,0.0,999,30,103.95,0.0765,0,0,1,above_market,0,0.0,tier2,43.68,1.15,0.0,0.0,1.2,3.0,0,0.8224,similar_product,0.7702,movement_reconstructed,1,96.0,96.0,96.0,0.0,0.0,0.0,0.0,0.0,0.0,-14.0,-1.0,7,CLEAR,rds_snapshot_history,0,,,1.0,HOLD,HOLD,0.7294,0.7294,inventory position is balanced; no urgent pricing intervention is needed,low_stock|weak_competitor_match|stale_inventory,business_only_retail_pricing_v1,deterministic_business_heuristic,2026-06-04T19:20:03.676893+00:00,1
SP-4922B84AAD|2026-06-02,SP-4922B84AAD,,IN221080,Crocs,footwear,Crocs Bae Clog Women Lifestyle White,2026-06-02,124.2,4.14,0,9,1.0,57.98,0.0,999,30,103.95,0.0765,0,0,1,above_market,3,0.0,tier2,43.68,1.2,0.0,0.0,1.1,3.0,0,0.8224,similar_product,0.7702,movement_reconstructed,1,96.0,96.0,96.0,0.0,0.0,0.0,0.0,0.0,0.0,-7.0,-0.5,14,CLEAR,rds_snapshot_history,0,,,1.0,HOLD,HOLD,0.7294,0.7294,inventory position is balanced; no urgent pricing intervention is needed,low_stock|weak_competitor_match|stale_inventory,business_only_retail_pricing_v1,deterministic_business_heuristic,2026-06-04T19:20:03.676893+00:00,1
SP-4AF5F1EE2D|2026-05-19,SP-4AF5F1EE2D,,BM4524,Columbia,footwear,Columbia Facet 75 Outdry,2026-05-19,0.0,0.0,1,0,1.0,50.0,0.0,999,30,166.5,0.0,0,0,0,at_market,0,1.0,tier2,83.25,1.15,0.0,0.0,1.2,3.0,0,0.8224,no_match,0.0,movement_reconstructed,0,0.0,0.0,0.0,0.0,0.0,0.0,0.0,0.0,0.0,0.0,0.0,0,HOLD,rds_snapshot_history,0,,,1.0,HOLD,HOLD,0.98,0.98,price is close to market; no urgent pricing intervention is needed,low_stock|weak_competitor_match,business_only_retail_pricing_v1,deterministic_business_heuristic,2026-06-04T19:20:03.676893+00:00,0
SP-4AF5F1EE2D|2026-05-26,SP-4AF5F1EE2D,,BM4524,Columbia,footwear,Columbia Facet 75 Outdry,2026-05-26,136.6,4.55,0,40,1.0,50.0,0.0,999,30,166.5,0.0,0,0,0,at_market,0,0.0,tier2,83.25,1.15,0.0,0.0,1.2,3.0,0,0.8224,no_match,0.0,movement_reconstructed,0,0.0,0.0,0.0,0.0,0.0,0.0,0.0,0.0,0.0,-28.0,-1.0,7,CLEAR,rds_snapshot_history,0,,,1.0,HOLD,HOLD,0.98,0.98,inventory position is balanced; price is close to market; no urgent pricing intervention is needed,weak_competitor_match|stale_inventory,business_only_retail_pricing_v1,deterministic_business_heuristic,2026-06-04T19:20:03.676893+00:00,1
SP-4AF5F1EE2D|2026-06-02,SP-4AF5F1EE2D,,BM4524,Columbia,footwear,Columbia Facet 75 Outdry,2026-06-02,136.6,4.55,0,40,1.0,50.0,0.0,999,30,166.5,0.0,0,0,0,at_market,3,0.0,tier2,83.25,1.2,0.0,0.0,1.1,3.0,0,0.8224,no_match,0.0,movement_reconstructed,0,0.0,0.0,0.0,0.0,0.0,0.0,0.0,0.0,0.0,-14.0,-0.5,14,CLEAR,rds_snapshot_history,0,,,1.0,HOLD,HOLD,0.98,0.98,inventory position is balanced; price is close to market; no urgent pricing intervention is needed,weak_competitor_match|stale_inventory,business_only_retail_pricing_v1,deterministic_business_heuristic,2026-06-04T19:20:03.676893+00:00,1
SP-4BFC3223D5|2026-05-19,SP-4BFC3223D5,,IN218014,New Balance,footwear,New Balance 327 Women Lifestyle Shoes Moonbeam,2026-05-19,0.0,0.0,1,0,1.0,59.62,0.0,999,30,205.09,0.4246,1,1,1,premium,0,1.0,tier1,82.81,1.15,0.0,0.0,1.2,3.0,0,0.8224,same_model_family,0.9275,movement_reconstructed,1,118.0,152.0,169.0,0.0,0.0,0.0,0.0,0.0,0.0,0.0,0.0,0,HOLD,rds_snapshot_history,0,,,1.0,HOLD,HOLD,0.55,0.55,no urgent pricing intervention is needed,low_stock|overpriced|low_label_confidence,business_only_retail_pricing_v1,deterministic_business_heuristic,2026-06-04T19:20:03.676893+00:00,0
SP-4BFC3223D5|2026-05-26,SP-4BFC3223D5,,IN218014,New Balance,footwear,New Balance 327 Women Lifestyle Shoes Moonbeam,2026-05-26,136.6,4.55,0,10,1.0,59.62,0.0,999,30,205.09,0.4246,1,1,1,premium,0,0.0,tier1,82.81,1.15,0.0,0.0,1.2,3.0,0,0.8224,same_model_family,0.9021,movement_reconstructed,1,118.0,145.8181818181818,169.0,0.0,0.0,0.0,0.5,0.5,0.0091,-9.0,-1.0,7,CLEAR,rds_snapshot_history,0,,,1.0,HOLD,HOLD,0.55,0.55,inventory position is balanced; no urgent pricing intervention is needed,low_stock|overpriced|stale_inventory|low_label_confidence,business_only_retail_pricing_v1,deterministic_business_heuristic,2026-06-04T19:20:03.676893+00:00,1
SP-4BFC3223D5|2026-06-02,SP-4BFC3223D5,,IN218014,New Balance,footwear,New Balance 327 Women Lifestyle Shoes Moonbeam,2026-06-02,136.6,4.55,0,10,1.0,59.62,0.0,999,30,205.09,0.4246,1,1,1,premium,3,0.0,tier1,82.81,1.2,0.0,0.0,1.1,3.0,0,0.8224,same_model_family,0.8926,movement_reconstructed,1,118.0,143.5,169.0,0.0,0.0,0.0,0.6667,0.6667,0.0074,-4.5,-0.5,14,CLEAR,rds_snapshot_history,0,,,1.0,HOLD,HOLD,0.55,0.55,inventory position is balanced; no urgent pricing intervention is needed,low_stock|overpriced|stale_inventory|low_label_confidence,business_only_retail_pricing_v1,deterministic_business_heuristic,2026-06-04T19:20:03.676893+00:00,1
SP-4C55644A29|2026-05-19,SP-4C55644A29,,IN219845,New Balance,apparel,New Balance Athletics Flower Women Lifestyle T-Shirt Clay Ash,2026-05-19,0.0,0.0,1,0,1.0,52.15,0.0,999,30,38.91,0.1776,1,1,1,premium,0,1.0,tier1,18.62,1.15,0.0,0.0,1.2,3.0,0,0.8224,same_model_family,0.7939,movement_reconstructed,1,32.0,34.833333333333336,38.0,0.0,0.0,0.0,0.0,0.0,0.0,0.0,0.0,0,HOLD,rds_snapshot_history,0,,,1.0,HOLD,HOLD,0.5966,0.5966,no urgent pricing intervention is needed,low_stock|overpriced|low_label_confidence,business_only_retail_pricing_v1,deterministic_business_heuristic,2026-06-04T19:20:03.676893+00:00,0
SP-4D19290060|2026-05-19,SP-4D19290060,,IN232285,Nike,apparel,Nike Air Fleece Boys Lifestyle Hoody Black/White,2026-05-19,0.0,0.0,1,0,1.0,58.02,0.0,999,30,80.61,0.4169,1,1,1,premium,0,1.0,tier1,33.84,1.15,0.0,0.0,1.2,3.0,0,0.8224,same_model_family,0.825,movement_reconstructed,1,47.0,70.75,130.0,0.0,0.0,0.0,0.0,1.0,0.0,0.0,0.0,0,HOLD,rds_snapshot_history,0,,,1.0,HOLD,HOLD,0.55,0.55,no urgent pricing intervention is needed,low_stock|overpriced|low_label_confidence,business_only_retail_pricing_v1,deterministic_business_heuristic,2026-06-04T19:20:03.676893+00:00,0
SP-4EAF56E4BE|2026-05-19,SP-4EAF56E4BE,,,ASICS,lifestyle,ASICS PADEL SKY ELITE FF 3,2026-05-19,0.0,0.0,1,0,1.0,49.73,0.0,999,30,136.47,0.0,0,0,0,at_market,0,1.0,tier2,68.6,1.15,0.0,0.0,1.2,3.0,0,0.8224,no_match,0.0,movement_reconstructed,0,0.0,0.0,0.0,0.0,0.0,0.0,1.0,1.0,0.0,0.0,0.0,0,HOLD,rds_snapshot_history,0,,,1.0,HOLD,HOLD,0.98,0.98,price is close to market; no urgent pricing intervention is needed,low_stock|weak_competitor_match,business_only_retail_pricing_v1,deterministic_business_heuristic,2026-06-04T19:20:03.676893+00:00,0
SP-4EAF56E4BE|2026-05-26,SP-4EAF56E4BE,,,ASICS,lifestyle,ASICS PADEL SKY ELITE FF 3,2026-05-26,128.5,4.28,0,12,1.0,49.73,0.0,999,30,136.47,0.0,0,0,0,at_market,0,0.0,tier2,68.6,1.15,0.0,0.0,1.2,3.0,0,0.8224,no_match,0.0,movement_reconstructed,0,0.0,0.0,0.0,0.0,0.0,0.0,1.0,1.0,0.0,-13.0,-1.0,7,CLEAR,rds_snapshot_history,0,,,1.0,HOLD,HOLD,0.98,0.98,inventory position is balanced; price is close to market; no urgent pricing intervention is needed,low_stock|weak_competitor_match|stale_inventory,business_only_retail_pricing_v1,deterministic_business_heuristic,2026-06-04T19:20:03.676893+00:00,1
SP-4EAF56E4BE|2026-06-02,SP-4EAF56E4BE,,,ASICS,lifestyle,ASICS PADEL SKY ELITE FF 3,2026-06-02,128.5,4.28,0,12,1.0,49.73,0.0,999,30,136.47,0.0,0,0,0,at_market,3,0.0,tier2,68.6,1.2,0.0,0.0,1.1,3.0,0,0.8224,no_match,0.0,movement_reconstructed,0,0.0,0.0,0.0,0.0,0.0,0.0,1.0,1.0,0.0,-6.5,-0.5,14,CLEAR,rds_snapshot_history,0,,,1.0,HOLD,HOLD,0.98,0.98,inventory position is balanced; price is close to market; no urgent pricing intervention is needed,low_stock|weak_competitor_match|stale_inventory,business_only_retail_pricing_v1,deterministic_business_heuristic,2026-06-04T19:20:03.676893+00:00,1
SP-511FC63A1A|2026-05-19,SP-511FC63A1A,,JE5682,Adidas,apparel,Adidas D4T 3 Stripes Men Training Short Black,2026-05-19,0.0,0.0,1,0,1.0,46.24,0.0,999,30,68.3,0.5315,1,1,2,premium,0,1.0,tier1,36.72,1.15,0.0,0.0,1.2,3.0,0,0.8224,exact_style,0.8225,movement_reconstructed,1,32.0,4.2229,76.0,0.0,0.0,0.0,1.0,1.0,0.0,0.0,0.0,0,HOLD,rds_snapshot_history,0,,,1.0,HOLD,HOLD,0.6781,0.6781,no urgent pricing intervention is needed,low_stock|overpriced|low_label_confidence,business_only_retail_pricing_v1,deterministic_business_heuristic,2026-06-04T19:20:03.676893+00:00,0
SP-5142DAE261|2026-05-19,SP-5142DAE261,,IN234835,New Balance,footwear,New Balance 204L Women Lifestyle Shoes Grey,2026-05-19,0.0,0.0,1,0,1.0,51.59,0.0,999,30,171.06,0.1874,1,1,1,premium,0,1.0,tier1,82.81,1.15,0.0,0.0,1.2,3.0,0,0.8224,same_model_family,0.8499,movement_reconstructed,1,139.0,161.5,169.0,0.0,0.0,0.0,0.5,0.5,0.0,0.0,0.0,0,HOLD,rds_snapshot_history,0,,,1.0,HOLD,HOLD,0.5792,0.5792,no urgent pricing intervention is needed,low_stock|overpriced|low_label_confidence,business_only_retail_pricing_v1,deterministic_business_heuristic,2026-06-04T19:20:03.676893+00:00,0
SP-5314E7EA83|2026-05-19,SP-5314E7EA83,,BL4550,Columbia,footwear,Columbia Newton Ridge Plus W,2026-05-19,0.0,0.0,1,0,1.0,50.0,0.0,999,30,99.9,0.0,0,0,0,at_market,0,1.0,tier2,49.95,1.15,0.0,0.0,1.2,3.0,0,0.8224,no_match,0.0,movement_reconstructed,0,0.0,0.0,0.0,0.0,0.0,0.0,1.0,1.0,0.0,0.0,0.0,0,HOLD,rds_snapshot_history,0,,,1.0,HOLD,HOLD,0.98,0.98,price is close to market; no urgent pricing intervention is needed,low_stock|weak_competitor_match,business_only_retail_pricing_v1,deterministic_business_heuristic,2026-06-04T19:20:03.676893+00:00,0
SP-5314E7EA83|2026-05-26,SP-5314E7EA83,,BL4550,Columbia,footwear,Columbia Newton Ridge Plus W,2026-05-26,119.4,3.98,0,42,1.0,50.0,0.0,999,30,99.9,0.0,0,0,0,at_market,0,0.0,tier2,49.95,1.15,0.0,0.0,1.2,3.0,0,0.8224,no_match,0.0,movement_reconstructed,0,0.0,0.0,0.0,0.0,0.0,0.0,1.0,1.0,0.0,-14.0,-1.0,7,HOLD,rds_snapshot_history,0,,,1.0,HOLD,HOLD,0.98,0.98,inventory position is balanced; price is close to market; no urgent pricing intervention is needed,weak_competitor_match,business_only_retail_pricing_v1,deterministic_business_heuristic,2026-06-04T19:20:03.676893+00:00,0
SP-5314E7EA83|2026-06-02,SP-5314E7EA83,,BL4550,Columbia,footwear,Columbia Newton Ridge Plus W,2026-06-02,119.4,3.98,0,42,1.0,50.0,0.0,999,30,99.9,0.0,0,0,0,at_market,3,0.0,tier2,49.95,1.2,0.0,0.0,1.1,3.0,0,0.8224,no_match,0.0,movement_reconstructed,0,0.0,0.0,0.0,0.0,0.0,0.0,1.0,1.0,0.0,-7.0,-0.5,14,HOLD,rds_snapshot_history,0,,,1.0,HOLD,HOLD,0.98,0.98,inventory position is balanced; price is close to market; no urgent pricing intervention is needed,weak_competitor_match,business_only_retail_pricing_v1,deterministic_business_heuristic,2026-06-04T19:20:03.676893+00:00,0
SP-5368149B74|2026-05-19,SP-5368149B74,,IN213158,ON,other,On Climate 2 Women Running Long Sleeve Black,2026-05-19,0.0,0.0,1,0,1.0,52.54,0.0,999,30,140.53,0.1746,1,1,1,premium,0,1.0,tier1,66.7,1.15,0.0,0.0,1.2,3.0,0,0.8224,same_model_family,0.8448,movement_reconstructed,1,116.0,123.0,137.0,0.0,0.0,0.0,1.0,1.0,0.0,0.0,0.0,0,HOLD,rds_snapshot_history,0,,,1.0,HOLD,HOLD,0.6006,0.6006,no urgent pricing intervention is needed,low_stock|overpriced|low_label_confidence,business_only_retail_pricing_v1,deterministic_business_heuristic,2026-06-04T19:20:03.676893+00:00,0
SP-5368149B74|2026-05-26,SP-5368149B74,,IN213158,ON,other,On Climate 2 Women Running Long Sleeve Black,2026-05-26,136.6,4.55,0,9,1.0,52.54,0.0,999,30,140.53,0.573,1,1,1,premium,0,0.0,tier1,66.7,1.15,0.0,0.0,1.2,3.0,0,0.8224,same_model_family,0.8506,movement_reconstructed,1,60.0,116.125,145.0,0.0,0.0,0.0,1.0,1.0,0.0,-14.0,-1.0,7,CLEAR,rds_snapshot_history,0,,,1.0,HOLD,HOLD,0.55,0.55,inventory position is balanced; no urgent pricing intervention is needed,low_stock|overpriced|stale_inventory|low_label_confidence,business_only_retail_pricing_v1,deterministic_business_heuristic,2026-06-04T19:20:03.676893+00:00,1
SP-5368149B74|2026-06-02,SP-5368149B74,,IN213158,ON,other,On Climate 2 Women Running Long Sleeve Black,2026-06-02,136.6,4.55,0,9,1.0,52.54,0.0,999,30,140.53,0.573,1,1,1,premium,3,0.0,tier1,66.7,1.2,0.0,0.0,1.1,3.0,0,0.8224,same_model_family,0.8452,movement_reconstructed,1,60.0,116.14285714285714,145.0,0.0,0.0,0.0,1.0,1.0,0.0,-7.0,-0.5,14,CLEAR,rds_snapshot_history,0,,,1.0,HOLD,HOLD,0.55,0.55,inventory position is balanced; no urgent pricing intervention is needed,low_stock|overpriced|stale_inventory|low_label_confidence,business_only_retail_pricing_v1,deterministic_business_heuristic,2026-06-04T19:20:03.676893+00:00,1
SP-53DDAF3223|2026-05-19,SP-53DDAF3223,,IN209972,Blue Point,swimwear,Blue Point Men Beach Swim Short White,2026-05-19,0.0,0.0,1,0,1.0,48.97,0.0,999,30,43.82,0.0187,0,1,1,at_market,0,1.0,tier2,22.36,1.45,0.3,0.0,1.7,3.0,0,0.8224,similar_product,0.8003,movement_reconstructed,1,43.0,43.0,43.0,0.0,0.0,0.0,1.0,1.0,0.0,0.0,0.0,0,HOLD,rds_snapshot_history,0,,,1.0,HOLD,HOLD,0.98,0.98,price is close to market; no urgent pricing intervention is needed,low_stock|weak_competitor_match,business_only_retail_pricing_v1,deterministic_business_heuristic,2026-06-04T19:20:03.676893+00:00,0
SP-53DDAF3223|2026-05-26,SP-53DDAF3223,,IN209972,Blue Point,swimwear,Blue Point Men Beach Swim Short White,2026-05-26,98.0,3.27,0,9,1.0,48.97,0.0,999,30,43.82,0.3154,1,1,1,premium,0,0.0,tier2,22.36,1.45,0.3,0.0,1.7,3.0,0,0.8224,same_model_family,0.9084,movement_reconstructed,1,30.0,42.703125,50.0,0.0,0.0,0.0,1.0,1.0,0.0,-14.0,-1.0,7,HOLD,rds_snapshot_history,0,,,1.0,HOLD,HOLD,0.55,0.55,inventory position is balanced; no urgent pricing intervention is needed,low_stock|overpriced|low_label_confidence,business_only_retail_pricing_v1,deterministic_business_heuristic,2026-06-04T19:20:03.676893+00:00,0
SP-53DDAF3223|2026-06-02,SP-53DDAF3223,,IN209972,Blue Point,swimwear,Blue Point Men Beach Swim Short White,2026-06-02,98.0,3.27,0,9,1.0,48.97,0.0,999,30,43.82,0.3154,1,1,1,premium,3,0.0,tier2,22.36,1.7,0.5,0.0,1.6,3.0,0,0.8224,same_model_family,0.9169,movement_reconstructed,1,30.0,43.55555555555556,50.0,0.0,0.0,0.0,1.0,1.0,0.0,-7.0,-0.5,14,HOLD,rds_snapshot_history,0,,,1.0,HOLD,HOLD,0.55,0.55,inventory position is balanced; no urgent pricing intervention is needed,low_stock|overpriced|low_label_confidence,business_only_retail_pricing_v1,deterministic_business_heuristic,2026-06-04T19:20:03.676893+00:00,0
SP-55CA67AAFC|2026-05-19,SP-55CA67AAFC,,VN000W9TENR,Vans,kids,Vans Old Skool Kids,2026-05-19,0.0,0.0,1,0,1.0,44.99,0.0,999,30,55.5,0.0,0,0,0,at_market,0,1.0,tier2,30.53,1.15,0.0,0.0,1.2,3.0,0,0.8224,no_match,0.0,movement_reconstructed,0,0.0,0.0,0.0,0.0,0.0,0.0,1.0,1.0,0.0,0.0,0.0,0,HOLD,rds_snapshot_history,0,,,1.0,HOLD,HOLD,0.98,0.98,price is close to market; no urgent pricing intervention is needed,low_stock|weak_competitor_match,business_only_retail_pricing_v1,deterministic_business_heuristic,2026-06-04T19:20:03.676893+00:00,0
SP-55CA67AAFC|2026-05-26,SP-55CA67AAFC,,VN000W9TENR,Vans,kids,Vans Old Skool Kids,2026-05-26,65.4,2.18,0,48,1.0,44.99,0.0,999,30,55.5,0.0,0,0,0,at_market,0,0.0,tier2,30.53,1.15,0.0,0.0,1.2,3.0,0,0.8224,no_match,0.0,movement_reconstructed,0,0.0,0.0,0.0,0.0,0.0,0.0,1.0,1.0,0.0,-9.0,-1.0,7,PROMOTE,rds_snapshot_history,0,,,1.0,HOLD,HOLD,0.98,0.98,inventory position is balanced; price is close to market; no urgent pricing intervention is needed,weak_competitor_match,business_only_retail_pricing_v1,deterministic_business_heuristic,2026-06-04T19:20:03.676893+00:00,1
SP-55CA67AAFC|2026-06-02,SP-55CA67AAFC,,VN000W9TENR,Vans,kids,Vans Old Skool Kids,2026-06-02,65.4,2.18,0,48,1.0,44.99,0.0,999,30,55.5,0.0,0,0,0,at_market,3,0.0,tier2,30.53,1.2,0.0,0.0,1.1,3.0,0,0.8224,no_match,0.0,movement_reconstructed,0,0.0,0.0,0.0,0.0,0.0,0.0,1.0,1.0,0.0,-4.5,-0.5,14,PROMOTE,rds_snapshot_history,0,,,1.0,HOLD,HOLD,0.98,0.98,inventory position is balanced; price is close to market; no urgent pricing intervention is needed,weak_competitor_match,business_only_retail_pricing_v1,deterministic_business_heuristic,2026-06-04T19:20:03.676893+00:00,1
SP-561C870956|2026-05-19,SP-561C870956,,06042,K-Swiss,lifestyle,K-Swiss Classic 66 M,2026-05-19,0.0,0.0,1,0,1.0,48.01,0.0,999,30,77.7,0.0,0,0,0,at_market,0,1.0,tier2,40.4,1.15,0.0,0.0,1.2,3.0,0,0.8224,no_match,0.0,movement_reconstructed,0,0.0,0.0,0.0,0.0,0.0,0.0,1.0,1.0,0.0,0.0,0.0,0,HOLD,rds_snapshot_history,0,,,1.0,HOLD,HOLD,0.98,0.98,price is close to market; no urgent pricing intervention is needed,low_stock|weak_competitor_match,business_only_retail_pricing_v1,deterministic_business_heuristic,2026-06-04T19:20:03.676893+00:00,0
SP-561C870956|2026-05-26,SP-561C870956,,06042,K-Swiss,lifestyle,K-Swiss Classic 66 M,2026-05-26,87.4,2.91,0,35,1.0,48.01,0.0,999,30,77.7,0.0,0,0,0,at_market,0,0.0,tier2,40.4,1.15,0.0,0.0,1.2,3.0,0,0.8224,no_match,0.0,movement_reconstructed,0,0.0,0.0,0.0,0.0,0.0,0.0,1.0,1.0,0.0,-12.0,-1.0,7,PROMOTE,rds_snapshot_history,0,,,1.0,HOLD,HOLD,0.98,0.98,inventory position is balanced; price is close to market; no urgent pricing intervention is needed,weak_competitor_match,business_only_retail_pricing_v1,deterministic_business_heuristic,2026-06-04T19:20:03.676893+00:00,1
SP-561C870956|2026-06-02,SP-561C870956,,06042,K-Swiss,lifestyle,K-Swiss Classic 66 M,2026-06-02,87.4,2.91,0,35,1.0,48.01,0.0,999,30,77.7,0.0,0,0,0,at_market,3,0.0,tier2,40.4,1.2,0.0,0.0,1.1,3.0,0,0.8224,no_match,0.0,movement_reconstructed,0,0.0,0.0,0.0,0.0,0.0,0.0,1.0,1.0,0.0,-6.0,-0.5,14,PROMOTE,rds_snapshot_history,0,,,1.0,HOLD,HOLD,0.98,0.98,inventory position is balanced; price is close to market; no urgent pricing intervention is needed,weak_competitor_match,business_only_retail_pricing_v1,deterministic_business_heuristic,2026-06-04T19:20:03.676893+00:00,1
SP-5643A090B0|2026-05-19,SP-5643A090B0,,IN233425,ON,apparel,On 3 Inch Core Women Running Short Black,2026-05-19,0.0,0.0,1,0,1.0,56.21,0.0,999,30,78.78,0.3272,1,1,1,premium,0,1.0,tier1,34.5,1.15,0.0,0.0,1.2,3.0,0,0.8224,same_model_family,0.8385,movement_reconstructed,1,53.0,79.15384615384616,191.0,0.0,0.0,0.0,0.0,0.0,0.0,0.0,0.0,0,HOLD,rds_snapshot_history,0,,,1.0,HOLD,HOLD,0.55,0.55,no urgent pricing intervention is needed,low_stock|overpriced|low_label_confidence,business_only_retail_pricing_v1,deterministic_business_heuristic,2026-06-04T19:20:03.676893+00:00,0
SP-56FCC8F98B|2026-05-19,SP-56FCC8F98B,,JJ1931,Adidas,apparel,Adidas Real Madrid 25/26 Home Jersey Men Football T-Shirt White,2026-05-19,0.0,0.0,1,0,1.0,58.33,0.0,999,30,175.67,0.9431,1,1,2,premium,0,1.0,tier1,73.2,1.15,0.0,0.0,1.2,3.0,0,0.8224,exact_style,0.9183,movement_reconstructed,1,10.0,50.6673,152.0,0.0,0.0,0.0,0.0,0.0,0.0,0.0,0.0,0,HOLD,rds_snapshot_history,0,,,1.0,HOLD,HOLD,0.6048,0.6048,no urgent pricing intervention is needed,low_stock|overpriced|low_label_confidence,business_only_retail_pricing_v1,deterministic_business_heuristic,2026-06-04T19:20:03.676893+00:00,0
SP-5827249A55|2026-05-19,SP-5827249A55,,051731,Birkenstock,footwear,Birkenstock Arizona Birko-Flor W,2026-05-19,0.0,0.0,1,0,1.0,52.0,0.0,999,30,111.0,0.0,0,0,0,at_market,0,1.0,tier2,53.28,1.15,0.0,0.0,1.2,3.0,0,0.8224,no_match,0.0,movement_reconstructed,0,0.0,0.0,0.0,0.0,0.0,0.0,0.0,0.0,0.0,0.0,0.0,0,HOLD,rds_snapshot_history,0,,,1.0,HOLD,HOLD,0.98,0.98,price is close to market; no urgent pricing intervention is needed,low_stock|weak_competitor_match,business_only_retail_pricing_v1,deterministic_business_heuristic,2026-06-04T19:20:03.676893+00:00,0
SP-5827249A55|2026-05-26,SP-5827249A55,,051731,Birkenstock,footwear,Birkenstock Arizona Birko-Flor W,2026-05-26,132.6,4.42,0,40,1.0,52.0,0.0,999,30,111.0,0.0,0,0,0,at_market,0,0.0,tier2,53.28,1.15,0.0,0.0,1.2,3.0,0,0.8224,no_match,0.0,movement_reconstructed,0,0.0,0.0,0.0,0.0,0.0,0.0,0.0,0.0,0.0,-18.0,-1.0,7,CLEAR,rds_snapshot_history,0,,,1.0,HOLD,HOLD,0.98,0.98,inventory position is balanced; price is close to market; no urgent pricing intervention is needed,weak_competitor_match|stale_inventory,business_only_retail_pricing_v1,deterministic_business_heuristic,2026-06-04T19:20:03.676893+00:00,1
SP-5827249A55|2026-06-02,SP-5827249A55,,051731,Birkenstock,footwear,Birkenstock Arizona Birko-Flor W,2026-06-02,132.6,4.42,0,40,1.0,52.0,0.0,999,30,111.0,0.0,0,0,0,at_market,3,0.0,tier2,53.28,1.2,0.0,0.0,1.1,3.0,0,0.8224,no_match,0.0,movement_reconstructed,0,0.0,0.0,0.0,0.0,0.0,0.0,0.0,0.0,0.0,-9.0,-0.5,14,CLEAR,rds_snapshot_history,0,,,1.0,HOLD,HOLD,0.98,0.98,inventory position is balanced; price is close to market; no urgent pricing intervention is needed,weak_competitor_match|stale_inventory,business_only_retail_pricing_v1,deterministic_business_heuristic,2026-06-04T19:20:03.676893+00:00,1
SP-58C9C3FB4F|2026-05-19,SP-58C9C3FB4F,,IN204651,Nike,apparel,Nike Chill Knit Women Lifestyle T-Shirt Black/Sail,2026-05-19,0.0,0.0,1,0,1.0,52.18,0.0,999,30,78.63,0.593,1,1,1,premium,0,1.0,tier1,37.6,1.15,0.0,0.0,1.2,3.0,0,0.8224,same_model_family,0.7348,movement_reconstructed,1,32.0,58.095238095238095,97.0,0.0,0.0,0.0,1.0,1.0,0.0,0.0,0.0,0,HOLD,rds_snapshot_history,0,,,1.0,HOLD,HOLD,0.55,0.55,no urgent pricing intervention is needed,low_stock|overpriced|low_label_confidence,business_only_retail_pricing_v1,deterministic_business_heuristic,2026-06-04T19:20:03.676893+00:00,0
SP-5A822EBD49|2026-05-19,SP-5A822EBD49,,IN205068,New Balance,apparel,New Balance Athletics Men Lifestyle Short Black,2026-05-19,0.0,0.0,1,0,1.0,55.71,0.0,999,30,60.85,0.2112,1,1,1,premium,0,1.0,tier1,26.95,1.15,0.0,0.0,1.2,3.0,0,0.8224,same_model_family,0.7411,movement_reconstructed,1,48.0,64.33333333333333,76.0,0.0,0.0,0.0,0.0,0.0,0.0,0.0,0.0,0,HOLD,rds_snapshot_history,0,,,1.0,HOLD,HOLD,0.55,0.55,no urgent pricing intervention is needed,low_stock|overpriced|low_label_confidence,business_only_retail_pricing_v1,deterministic_business_heuristic,2026-06-04T19:20:03.676893+00:00,0
SP-5B7283A238|2026-05-19,SP-5B7283A238,,IN209406,Nike,sportswear,Nike Alate Curve Aop Women Training Bra Black,2026-05-19,0.0,0.0,1,0,1.0,59.71,0.0,999,30,44.33,0.0,0,0,0,at_market,0,1.0,tier1,17.86,1.15,0.0,0.0,1.2,3.0,0,0.8224,no_match,0.0,movement_reconstructed,0,0.0,0.0,0.0,0.0,0.0,0.0,0.5,0.0,0.0,0.0,0.0,0,HOLD,rds_snapshot_history,0,,,1.0,HOLD,HOLD,0.98,0.98,price is close to market; no urgent pricing intervention is needed,low_stock|weak_competitor_match,business_only_retail_pricing_v1,deterministic_business_heuristic,2026-06-04T19:20:03.676893+00:00,0
SP-5B7283A238|2026-05-26,SP-5B7283A238,,IN209406,Nike,sportswear,Nike Alate Curve Aop Women Training Bra Black,2026-05-26,58.8,1.96,0,12,1.0,59.71,0.0,999,30,44.33,0.1428,1,0,1,above_market,0,0.0,tier1,17.86,1.15,0.0,0.0,1.2,3.0,0,0.8224,same_model_family,0.96,movement_reconstructed,1,38.0,38.0,38.0,0.0,0.0,0.0,0.25,0.0,0.0,-13.0,-1.0,7,HOLD,rds_snapshot_history,0,,,1.0,MARKDOWN,MARKDOWN,0.6332,0.6332,priced above market by 14%; competitors are discounting; margin can support a markdown,low_stock|overpriced|low_label_confidence,business_only_retail_pricing_v1,deterministic_business_heuristic,2026-06-04T19:20:03.676893+00:00,1
SP-5B7283A238|2026-06-02,SP-5B7283A238,,IN209406,Nike,sportswear,Nike Alate Curve Aop Women Training Bra Black,2026-06-02,58.8,1.96,0,12,1.0,59.71,0.0,999,30,44.33,0.1428,1,0,1,above_market,3,0.0,tier1,17.86,1.2,0.0,0.0,1.1,3.0,0,0.8224,same_model_family,0.96,movement_reconstructed,1,38.0,38.0,38.0,0.0,0.0,0.0,0.1667,0.0,0.0,-6.5,-0.5,14,HOLD,rds_snapshot_history,0,,,1.0,MARKDOWN,MARKDOWN,0.6332,0.6332,priced above market by 14%; competitors are discounting; margin can support a markdown,low_stock|overpriced|low_label_confidence,business_only_retail_pricing_v1,deterministic_business_heuristic,2026-06-04T19:20:03.676893+00:00,1
SP-5D4B96E09C|2026-05-19,SP-5D4B96E09C,,IN222373,Nike,footwear,Nike Air Jordan 1 Men Lifestyle Sneakers Black/White/Red,2026-05-19,0.0,0.0,1,0,1.0,53.47,0.0,999,30,160.62,0.2342,1,1,1,premium,0,1.0,tier1,74.73,1.15,0.0,0.0,1.2,3.0,0,0.8224,same_model_family,0.7891,movement_reconstructed,1,123.0,145.57142857142858,181.0,0.0,0.0,0.0,1.0,0.0,0.0,0.0,0.0,0,HOLD,rds_snapshot_history,0,,,1.0,HOLD,HOLD,0.55,0.55,no urgent pricing intervention is needed,low_stock|overpriced|low_label_confidence,business_only_retail_pricing_v1,deterministic_business_heuristic,2026-06-04T19:20:03.676893+00:00,0
SP-5D4B96E09C|2026-05-26,SP-5D4B96E09C,,IN222373,Nike,footwear,Nike Air Jordan 1 Men Lifestyle Sneakers Black/White/Red,2026-05-26,136.6,4.55,0,9,1.0,53.47,0.0,999,30,160.62,0.3401,1,1,1,premium,0,0.0,tier1,74.73,1.15,0.0,0.0,1.2,3.0,0,0.8224,same_model_family,0.7661,movement_reconstructed,1,106.0,133.87878787878788,181.0,0.0,0.0,0.0,1.0,0.25,0.0503,-9.0,-1.0,0,CLEAR,rds_snapshot_history,0,,,1.0,HOLD,HOLD,0.55,0.55,inventory position is balanced; no urgent pricing intervention is needed,low_stock|overpriced|stale_inventory|low_label_confidence,business_only_retail_pricing_v1,deterministic_business_heuristic,2026-06-04T19:20:03.676893+00:00,1
SP-5D4B96E09C|2026-06-02,SP-5D4B96E09C,,IN222373,Nike,footwear,Nike Air Jordan 1 Men Lifestyle Sneakers Black/White/Red,2026-06-02,136.6,4.55,0,9,1.0,53.47,0.0,999,30,160.62,0.3401,1,1,1,premium,3,0.0,tier1,74.73,1.2,0.0,0.0,1.1,3.0,0,0.8224,same_model_family,0.7672,movement_reconstructed,1,106.0,133.8125,181.0,0.0,0.0,0.0,1.0,0.3333,0.0411,-4.5,-0.5,7,CLEAR,rds_snapshot_history,0,,,1.0,HOLD,HOLD,0.55,0.55,inventory position is balanced; no urgent pricing intervention is needed,low_stock|overpriced|stale_inventory|low_label_confidence,business_only_retail_pricing_v1,deterministic_business_heuristic,2026-06-04T19:20:03.676893+00:00,1
SP-5EC0254D0A|2026-05-26,SP-5EC0254D0A,,IN234703,New Balance,accessories,New Balance 47 Clean Up Women Lifestyle Cap Linen,2026-05-26,45.2,1.51,0,18,1.0,51.93,0.0,999,30,35.68,0.0191,0,0,1,at_market,0,0.0,tier1,17.15,1.15,0.0,0.0,1.2,3.0,0,0.8224,same_model_family,0.964,movement_reconstructed,1,35.0,35.0,35.0,0.0,0.0,0.0,1.0,1.0,0.0687,-12.0,-1.0,0,PROMOTE,rds_snapshot_history,0,,,1.0,PROMOTE,PROMOTE,0.55,0.55,strong seasonality (1.15); healthy stock position (45 DOS); margin supports promotion,low_label_confidence,business_only_retail_pricing_v1,deterministic_business_heuristic,2026-06-04T19:20:03.676893+00:00,0
SP-5EC0254D0A|2026-06-02,SP-5EC0254D0A,,IN234703,New Balance,accessories,New Balance 47 Clean Up Women Lifestyle Cap Linen,2026-06-02,45.2,1.51,0,18,1.0,51.93,0.0,999,30,35.68,0.0191,0,0,1,at_market,3,0.0,tier1,17.15,1.2,0.0,0.0,1.1,3.0,0,0.8224,same_model_family,0.964,movement_reconstructed,1,35.0,35.0,35.0,0.0,0.0,0.0,1.0,1.0,0.0561,-6.0,-0.5,7,PROMOTE,rds_snapshot_history,0,,,1.0,PROMOTE,PROMOTE,0.55,0.55,strong seasonality (1.20); healthy stock position (45 DOS); margin supports promotion,low_label_confidence,business_only_retail_pricing_v1,deterministic_business_heuristic,2026-06-04T19:20:03.676893+00:00,0
SP-5ECECDA788|2026-05-19,SP-5ECECDA788,,,Puma,football_boots,FUTURE 7 ULTIMATE MG,2026-05-19,0.0,0.0,1,0,1.0,48.46,0.0,999,30,67.91,0.0,0,0,0,at_market,0,1.0,tier2,35.0,1.15,0.0,0.0,1.2,3.0,0,0.8224,no_match,0.0,movement_reconstructed,0,0.0,0.0,0.0,0.0,0.0,0.0,0.0,0.0,0.0,0.0,0.0,0,HOLD,rds_snapshot_history,0,,,1.0,HOLD,HOLD,0.98,0.98,price is close to market; no urgent pricing intervention is needed,low_stock|weak_competitor_match,business_only_retail_pricing_v1,deterministic_business_heuristic,2026-06-04T19:20:03.676893+00:00,0
SP-5ECECDA788|2026-05-26,SP-5ECECDA788,,,Puma,football_boots,FUTURE 7 ULTIMATE MG,2026-05-26,92.7,3.09,0,8,1.0,48.46,0.0,999,30,67.91,0.0,0,0,0,at_market,0,0.0,tier2,35.0,1.15,0.0,0.0,1.2,3.0,0,0.8224,no_match,0.0,movement_reconstructed,0,0.0,0.0,0.0,0.0,0.0,0.0,0.0,0.0,0.0,-35.0,-1.0,7,HOLD,rds_snapshot_history,0,,,1.0,HOLD,HOLD,0.98,0.98,inventory position is balanced; price is close to market; no urgent pricing intervention is needed,low_stock|weak_competitor_match,business_only_retail_pricing_v1,deterministic_business_heuristic,2026-06-04T19:20:03.676893+00:00,0
SP-5ECECDA788|2026-06-02,SP-5ECECDA788,,,Puma,football_boots,FUTURE 7 ULTIMATE MG,2026-06-02,92.7,3.09,0,8,1.0,48.46,0.0,999,30,67.91,0.0,0,0,0,at_market,3,0.0,tier2,35.0,1.2,0.0,0.0,1.1,3.0,0,0.8224,no_match,0.0,movement_reconstructed,0,0.0,0.0,0.0,0.0,0.0,0.0,0.0,0.0,0.0,-17.5,-0.5,14,HOLD,rds_snapshot_history,0,,,1.0,HOLD,HOLD,0.98,0.98,inventory position is balanced; price is close to market; no urgent pricing intervention is needed,low_stock|weak_competitor_match,business_only_retail_pricing_v1,deterministic_business_heuristic,2026-06-04T19:20:03.676893+00:00,0
SP-5EEE00AE58|2026-05-19,SP-5EEE00AE58,,IN218628,ON,sportswear,On Studio Women Training Bra Black,2026-05-19,0.0,0.0,1,0,1.0,63.3,0.0,999,30,94.01,0.4362,1,1,1,premium,0,1.0,tier1,34.5,1.15,0.0,0.0,1.2,3.0,0,0.8224,same_model_family,0.848,movement_reconstructed,1,53.0,93.77777777777776,145.0,0.0,0.0,0.0,1.0,1.0,0.0,0.0,0.0,0,HOLD,rds_snapshot_history,0,,,1.0,HOLD,HOLD,0.55,0.55,no urgent pricing intervention is needed,low_stock|overpriced|low_label_confidence,business_only_retail_pricing_v1,deterministic_business_heuristic,2026-06-04T19:20:03.676893+00:00,0
SP-5F9B088137|2026-05-19,SP-5F9B088137,,IN226903,New Balance,footwear,New Balance 327 Ps-Boys Lifestyle Shoes Black/White,2026-05-19,0.0,0.0,1,0,1.0,54.72,0.0,999,30,82.24,0.2826,1,1,1,premium,0,1.0,tier1,37.24,1.15,0.0,0.0,1.2,3.0,0,0.8224,same_model_family,0.8217,movement_reconstructed,1,59.0,89.5,139.0,0.0,0.0,0.0,1.0,1.0,0.0,0.0,0.0,0,HOLD,rds_snapshot_history,0,,,1.0,HOLD,HOLD,0.55,0.55,no urgent pricing intervention is needed,low_stock|overpriced|low_label_confidence,business_only_retail_pricing_v1,deterministic_business_heuristic,2026-06-04T19:20:03.676893+00:00,0
SP-5F9B088137|2026-05-26,SP-5F9B088137,,IN226903,New Balance,footwear,New Balance 327 Ps-Boys Lifestyle Shoes Black/White,2026-05-26,98.3,3.28,0,10,1.0,54.72,0.0,999,30,82.24,0.392,1,1,1,premium,0,0.0,tier1,37.24,1.15,0.0,0.0,1.2,3.0,0,0.8224,same_model_family,0.8248,movement_reconstructed,1,50.0,82.45,139.0,0.0,0.0,0.0,1.0,1.0,0.0,-12.0,-1.0,7,HOLD,rds_snapshot_history,0,,,1.0,HOLD,HOLD,0.55,0.55,inventory position is balanced; no urgent pricing intervention is needed,low_stock|overpriced|low_label_confidence,business_only_retail_pricing_v1,deterministic_business_heuristic,2026-06-04T19:20:03.676893+00:00,0
SP-5F9B088137|2026-06-02,SP-5F9B088137,,IN226903,New Balance,footwear,New Balance 327 Ps-Boys Lifestyle Shoes Black/White,2026-06-02,98.3,3.28,0,10,1.0,54.72,0.0,999,30,82.24,0.392,1,1,1,premium,3,0.0,tier1,37.24,1.2,0.0,0.0,1.1,3.0,0,0.8224,same_model_family,0.8246,movement_reconstructed,1,50.0,80.43478260869566,139.0,0.0,0.0,0.0,1.0,1.0,0.0,-6.0,-0.5,14,HOLD,rds_snapshot_history,0,,,1.0,HOLD,HOLD,0.55,0.55,inventory position is balanced; no urgent pricing intervention is needed,low_stock|overpriced|low_label_confidence,business_only_retail_pricing_v1,deterministic_business_heuristic,2026-06-04T19:20:03.676893+00:00,0
SP-5FCBB664AF|2026-05-19,SP-5FCBB664AF,,IN224595,Crocs,footwear,Crocs Bae Women Lifestyle Clog Milk Chocolate,2026-05-19,0.0,0.0,1,0,1.0,47.71,0.0,999,30,83.53,0.2937,1,0,1,premium,0,1.0,tier2,43.68,1.15,0.0,0.0,1.2,3.0,0,0.8224,same_model_family,0.9178,movement_reconstructed,1,59.0,59.0,59.0,0.0,0.0,0.0,1.0,1.0,0.0,0.0,0.0,0,HOLD,rds_snapshot_history,0,,,1.0,HOLD,HOLD,0.55,0.55,no urgent pricing intervention is needed,low_stock|overpriced|low_label_confidence,business_only_retail_pricing_v1,deterministic_business_heuristic,2026-06-04T19:20:03.676893+00:00,0
SP-5FCBB664AF|2026-05-26,SP-5FCBB664AF,,IN224595,Crocs,footwear,Crocs Bae Women Lifestyle Clog Milk Chocolate,2026-05-26,99.8,3.33,0,9,1.0,47.71,0.0,999,30,83.53,0.2937,1,0,1,premium,0,0.0,tier2,43.68,1.15,0.0,0.0,1.2,3.0,0,0.8224,same_model_family,0.9178,movement_reconstructed,1,59.0,59.0,59.0,0.0,0.0,0.0,1.0,1.0,0.0,-14.0,-1.0,7,HOLD,rds_snapshot_history,0,,,1.0,HOLD,HOLD,0.55,0.55,inventory position is balanced; no urgent pricing intervention is needed,low_stock|overpriced|low_label_confidence,business_only_retail_pricing_v1,deterministic_business_heuristic,2026-06-04T19:20:03.676893+00:00,0
SP-5FCBB664AF|2026-06-02,SP-5FCBB664AF,,IN224595,Crocs,footwear,Crocs Bae Women Lifestyle Clog Milk Chocolate,2026-06-02,99.8,3.33,0,9,1.0,47.71,0.0,999,30,83.53,0.2937,1,0,1,premium,3,0.0,tier2,43.68,1.2,0.0,0.0,1.1,3.0,0,0.8224,same_model_family,0.9178,movement_reconstructed,1,59.0,59.0,59.0,0.0,0.0,0.0,1.0,1.0,0.0,-7.0,-0.5,14,HOLD,rds_snapshot_history,0,,,1.0,HOLD,HOLD,0.55,0.55,inventory position is balanced; no urgent pricing intervention is needed,low_stock|overpriced|low_label_confidence,business_only_retail_pricing_v1,deterministic_business_heuristic,2026-06-04T19:20:03.676893+00:00,0
SP-61AECD5A95|2026-05-19,SP-61AECD5A95,,043731,Birkenstock,footwear,Birkenstock Gizeh Toe Post W,2026-05-19,0.0,0.0,1,0,1.0,52.0,0.0,999,30,116.55,0.0,0,0,0,at_market,0,1.0,tier2,55.94,1.15,0.0,0.0,1.2,3.0,0,0.8224,no_match,0.0,movement_reconstructed,0,0.0,0.0,0.0,0.0,0.0,0.0,1.0,1.0,0.0,0.0,0.0,0,HOLD,rds_snapshot_history,0,,,1.0,HOLD,HOLD,0.98,0.98,price is close to market; no urgent pricing intervention is needed,low_stock|weak_competitor_match,business_only_retail_pricing_v1,deterministic_business_heuristic,2026-06-04T19:20:03.676893+00:00,0
SP-61AECD5A95|2026-05-26,SP-61AECD5A95,,043731,Birkenstock,footwear,Birkenstock Gizeh Toe Post W,2026-05-26,136.6,4.55,0,35,1.0,52.0,0.0,999,30,116.55,0.0,0,0,0,at_market,0,0.0,tier2,55.94,1.15,0.0,0.0,1.2,3.0,0,0.8224,no_match,0.0,movement_reconstructed,0,0.0,0.0,0.0,0.0,0.0,0.0,1.0,1.0,0.0,-12.0,-1.0,7,CLEAR,rds_snapshot_history,0,,,1.0,HOLD,HOLD,0.98,0.98,inventory position is balanced; price is close to market; no urgent pricing intervention is needed,weak_competitor_match|stale_inventory,business_only_retail_pricing_v1,deterministic_business_heuristic,2026-06-04T19:20:03.676893+00:00,1
SP-61AECD5A95|2026-06-02,SP-61AECD5A95,,043731,Birkenstock,footwear,Birkenstock Gizeh Toe Post W,2026-06-02,136.6,4.55,0,35,1.0,52.0,0.0,999,30,116.55,0.0,0,0,0,at_market,3,0.0,tier2,55.94,1.2,0.0,0.0,1.1,3.0,0,0.8224,no_match,0.0,movement_reconstructed,0,0.0,0.0,0.0,0.0,0.0,0.0,1.0,1.0,0.0,-6.0,-0.5,14,CLEAR,rds_snapshot_history,0,,,1.0,HOLD,HOLD,0.98,0.98,inventory position is balanced; price is close to market; no urgent pricing intervention is needed,weak_competitor_match|stale_inventory,business_only_retail_pricing_v1,deterministic_business_heuristic,2026-06-04T19:20:03.676893+00:00,1
SP-6294EFF394|2026-05-19,SP-6294EFF394,,IN217042,Nike,other,Nike Element Men Running Long Sleeve Armor Navy/Grey,2026-05-19,0.0,0.0,1,0,1.0,60.55,0.0,999,30,90.54,0.0,0,0,0,at_market,0,1.0,tier1,35.72,1.15,0.0,0.0,1.2,3.0,0,0.8224,no_match,0.0,movement_reconstructed,0,0.0,0.0,0.0,0.0,0.0,0.0,0.0,0.0,0.0,0.0,0.0,0,HOLD,rds_snapshot_history,0,,,1.0,HOLD,HOLD,0.98,0.98,price is close to market; no urgent pricing intervention is needed,low_stock|weak_competitor_match,business_only_retail_pricing_v1,deterministic_business_heuristic,2026-06-04T19:20:03.676893+00:00,0
SP-6294EFF394|2026-05-26,SP-6294EFF394,,IN217042,Nike,other,Nike Element Men Running Long Sleeve Armor Navy/Grey,2026-05-26,108.2,3.61,0,9,1.0,60.55,0.0,999,30,90.54,0.1606,1,1,1,premium,0,0.0,tier1,35.72,1.15,0.0,0.0,1.2,3.0,0,0.8224,same_model_family,0.955,movement_reconstructed,1,76.0,76.0,76.0,0.0,0.0,0.0,0.0,0.0,0.0,-28.0,-1.0,7,HOLD,rds_snapshot_history,0,,,1.0,HOLD,HOLD,0.55,0.55,inventory position is balanced; no urgent pricing intervention is needed,low_stock|overpriced|low_label_confidence,business_only_retail_pricing_v1,deterministic_business_heuristic,2026-06-04T19:20:03.676893+00:00,0
SP-6294EFF394|2026-06-02,SP-6294EFF394,,IN217042,Nike,other,Nike Element Men Running Long Sleeve Armor Navy/Grey,2026-06-02,108.2,3.61,0,9,1.0,60.55,0.0,999,30,90.54,0.1606,1,0,1,premium,3,0.0,tier1,35.72,1.2,0.0,0.0,1.1,3.0,0,0.8224,same_model_family,0.955,movement_reconstructed,1,76.0,76.0,76.0,0.0,0.0,0.0,0.0,0.0,0.0,-14.0,-0.5,14,HOLD,rds_snapshot_history,0,,,1.0,HOLD,HOLD,0.55,0.55,inventory position is balanced; no urgent pricing intervention is needed,low_stock|overpriced|low_label_confidence,business_only_retail_pricing_v1,deterministic_business_heuristic,2026-06-04T19:20:03.676893+00:00,0
SP-63A3151A45|2026-05-26,SP-63A3151A45,,IN233446,ON,apparel,On 30 Inch Studio Flared Women Training Tight Black,2026-05-26,95.0,3.17,0,14,1.0,60.77,0.0,999,30,170.04,0.1473,0,1,1,above_market,0,0.0,tier1,66.7,1.15,0.0,0.0,1.2,3.0,0,0.8224,same_model_family,0.8427,movement_reconstructed,1,145.0,145.0,145.0,0.0,0.0,0.0,0.0,0.0,0.0,-35.0,-1.0,7,HOLD,rds_snapshot_history,0,,,1.0,MARKDOWN,MARKDOWN,0.55,0.55,priced above market by 15%; stock cover is elevated (95 DOS); margin can support a markdown,low_stock|overpriced|low_label_confidence,business_only_retail_pricing_v1,deterministic_business_heuristic,2026-06-04T19:20:03.676893+00:00,1
SP-63A3151A45|2026-06-02,SP-63A3151A45,,IN233446,ON,apparel,On 30 Inch Studio Flared Women Training Tight Black,2026-06-02,95.0,3.17,0,14,1.0,60.77,0.0,999,30,170.04,0.1473,0,1,1,above_market,3,0.0,tier1,66.7,1.2,0.0,0.0,1.1,3.0,0,0.8224,same_model_family,0.8427,movement_reconstructed,1,145.0,145.0,145.0,0.0,0.0,0.0,0.0,0.0,0.0,-17.5,-0.5,14,HOLD,rds_snapshot_history,0,,,1.0,MARKDOWN,MARKDOWN,0.55,0.55,priced above market by 15%; stock cover is elevated (95 DOS); margin can support a markdown,low_stock|overpriced|low_label_confidence,business_only_retail_pricing_v1,deterministic_business_heuristic,2026-06-04T19:20:03.676893+00:00,1
SP-63D1F944FA|2026-05-26,SP-63D1F944FA,,IN236746,Crocs,footwear,Crocs Bae Pinnacle Embellished Women Lifestyle Clog Frappe,2026-05-26,136.6,4.55,0,9,1.0,54.62,0.0,999,30,192.49,0.1272,0,1,1,above_market,0,0.0,tier2,87.36,1.15,0.0,0.0,1.2,3.0,0,0.8224,same_model_family,0.9644,movement_reconstructed,1,168.0,168.0,168.0,0.0,0.0,0.0,0.5,0.5,0.0798,-9.0,-1.0,0,CLEAR,rds_snapshot_history,0,,,1.0,HOLD,HOLD,0.6136,0.6136,inventory position is balanced; no urgent pricing intervention is needed,low_stock|overpriced|stale_inventory|low_label_confidence,business_only_retail_pricing_v1,deterministic_business_heuristic,2026-06-04T19:20:03.676893+00:00,1
SP-63D1F944FA|2026-06-02,SP-63D1F944FA,,IN236746,Crocs,footwear,Crocs Bae Pinnacle Embellished Women Lifestyle Clog Frappe,2026-06-02,136.6,4.55,0,9,1.0,54.62,0.0,999,30,192.49,0.1272,0,1,1,above_market,3,0.0,tier2,87.36,1.2,0.0,0.0,1.1,3.0,0,0.8224,same_model_family,0.9644,movement_reconstructed,1,168.0,168.0,168.0,0.0,0.0,0.0,0.6667,0.6667,0.0652,-4.5,-0.5,7,CLEAR,rds_snapshot_history,0,,,1.0,HOLD,HOLD,0.6136,0.6136,inventory position is balanced; no urgent pricing intervention is needed,low_stock|overpriced|stale_inventory|low_label_confidence,business_only_retail_pricing_v1,deterministic_business_heuristic,2026-06-04T19:20:03.676893+00:00,1
SP-6477693F65|2026-05-19,SP-6477693F65,,IN234751,New Balance,apparel,New Balance Athletics French Terry Men Lifestyle Pant Black,2026-05-19,0.0,0.0,1,0,1.0,47.39,0.0,999,30,92.21,0.4035,1,1,1,premium,0,1.0,tier1,48.51,1.15,0.0,0.0,1.2,3.0,0,0.8224,same_model_family,0.8735,movement_reconstructed,1,55.0,74.33333333333333,99.0,0.0,0.0,0.0,0.0,0.0,0.0,0.0,0.0,0,HOLD,rds_snapshot_history,0,,,1.0,HOLD,HOLD,0.55,0.55,no urgent pricing intervention is needed,low_stock|overpriced|low_label_confidence,business_only_retail_pricing_v1,deterministic_business_heuristic,2026-06-04T19:20:03.676893+00:00,0
SP-64DAAC38A4|2026-05-19,SP-64DAAC38A4,,IN227416,ON,footwear,On Cloudboom Max 1 Women Running Shoes Honeydrew/Lilac,2026-05-19,0.0,0.0,1,0,1.0,62.53,0.0,999,30,273.77,0.2877,1,1,1,premium,0,1.0,tier1,102.58,1.15,0.0,0.0,1.2,3.0,0,0.8224,same_model_family,0.7633,movement_reconstructed,1,195.0,225.22222222222223,279.0,0.0,0.0,0.0,1.0,0.0,0.0,0.0,0.0,0,HOLD,rds_snapshot_history,0,,,1.0,HOLD,HOLD,0.55,0.55,no urgent pricing intervention is needed,low_stock|overpriced|low_label_confidence,business_only_retail_pricing_v1,deterministic_business_heuristic,2026-06-04T19:20:03.676893+00:00,0
SP-64DAAC38A4|2026-05-26,SP-64DAAC38A4,,IN227416,ON,footwear,On Cloudboom Max 1 Women Running Shoes Honeydrew/Lilac,2026-05-26,136.6,4.55,0,9,1.0,62.53,0.0,999,30,273.77,0.2877,1,1,1,premium,0,0.0,tier1,102.58,1.15,0.0,0.0,1.2,3.0,0,0.8224,same_model_family,0.7633,movement_reconstructed,1,195.0,225.22222222222223,279.0,0.0,0.0,0.0,1.0,0.0,0.0,-9.0,-1.0,7,CLEAR,rds_snapshot_history,0,,,1.0,HOLD,HOLD,0.55,0.55,inventory position is balanced; no urgent pricing intervention is needed,low_stock|overpriced|stale_inventory|low_label_confidence,business_only_retail_pricing_v1,deterministic_business_heuristic,2026-06-04T19:20:03.676893+00:00,1
SP-64DAAC38A4|2026-06-02,SP-64DAAC38A4,,IN227416,ON,footwear,On Cloudboom Max 1 Women Running Shoes Honeydrew/Lilac,2026-06-02,136.6,4.55,0,9,1.0,62.53,0.0,999,30,273.77,0.2877,1,1,1,premium,3,0.0,tier1,102.58,1.2,0.0,0.0,1.1,3.0,0,0.8224,same_model_family,0.7633,movement_reconstructed,1,195.0,225.22222222222223,279.0,0.0,0.0,0.0,0.6667,0.0,0.0909,-4.5,-0.5,0,CLEAR,rds_snapshot_history,0,,,1.0,HOLD,HOLD,0.55,0.55,inventory position is balanced; no urgent pricing intervention is needed,low_stock|overpriced|stale_inventory|low_label_confidence,business_only_retail_pricing_v1,deterministic_business_heuristic,2026-06-04T19:20:03.676893+00:00,1
SP-672C269E79|2026-05-26,SP-672C269E79,,IN227178,Nike,footwear,Nike Air Force 1 07 Next Nature Women Lifestyle Shoes White/Silver,2026-05-26,136.6,4.55,0,10,1.0,46.87,0.0,999,30,137.11,0.2925,1,1,1,premium,0,0.0,tier1,72.85,1.15,0.0,0.0,1.2,3.0,0,0.8224,same_model_family,0.8394,movement_reconstructed,1,97.0,134.3720930232558,159.0,0.0,0.0,0.0,1.0,1.0,0.0,-14.0,-1.0,7,CLEAR,rds_snapshot_history,0,,,1.0,HOLD,HOLD,0.55,0.55,inventory position is balanced; no urgent pricing intervention is needed,low_stock|overpriced|stale_inventory|low_label_confidence,business_only_retail_pricing_v1,deterministic_business_heuristic,2026-06-04T19:20:03.676893+00:00,1
SP-672C269E79|2026-06-02,SP-672C269E79,,IN227178,Nike,footwear,Nike Air Force 1 07 Next Nature Women Lifestyle Shoes White/Silver,2026-06-02,136.6,4.55,0,10,1.0,46.87,0.0,999,30,137.11,0.2925,1,1,1,premium,3,0.0,tier1,72.85,1.2,0.0,0.0,1.1,3.0,0,0.8224,same_model_family,0.8303,movement_reconstructed,1,97.0,134.11111111111111,159.0,0.0,0.0,0.0,1.0,1.0,0.0,-7.0,-0.5,14,CLEAR,rds_snapshot_history,0,,,1.0,HOLD,HOLD,0.55,0.55,inventory position is balanced; no urgent pricing intervention is needed,low_stock|overpriced|stale_inventory|low_label_confidence,business_only_retail_pricing_v1,deterministic_business_heuristic,2026-06-04T19:20:03.676893+00:00,1
SP-6A8CBD0A6C|2026-05-19,SP-6A8CBD0A6C,,IN195234,Nike,sportswear,Nike One Girls Training Bra Black/White,2026-05-19,0.0,0.0,1,0,1.0,51.64,0.0,999,30,35.96,0.3048,1,1,1,premium,0,1.0,tier1,17.39,1.15,0.0,0.0,1.2,3.0,0,0.8224,same_model_family,0.7757,movement_reconstructed,1,25.0,39.92307692307692,55.0,0.0,0.0,0.0,1.0,1.0,0.0,0.0,0.0,0,HOLD,rds_snapshot_history,0,,,1.0,HOLD,HOLD,0.55,0.55,no urgent pricing intervention is needed,low_stock|overpriced|low_label_confidence,business_only_retail_pricing_v1,deterministic_business_heuristic,2026-06-04T19:20:03.676893+00:00,0
SP-6BB19DF665|2026-05-19,SP-6BB19DF665,,IN227227,Nike,apparel,Nike Club Men Lifestyle Long Sleeve Black/White,2026-05-19,0.0,0.0,1,0,1.0,55.64,0.0,999,30,66.75,0.0,0,0,0,at_market,0,1.0,tier1,29.61,1.15,0.0,0.0,1.2,3.0,0,0.8224,no_match,0.0,movement_reconstructed,0,0.0,0.0,0.0,0.0,0.0,0.0,0.0,0.0,0.0,0.0,0.0,0,HOLD,rds_snapshot_history,0,,,1.0,HOLD,HOLD,0.98,0.98,price is close to market; no urgent pricing intervention is needed,low_stock|weak_competitor_match,business_only_retail_pricing_v1,deterministic_business_heuristic,2026-06-04T19:20:03.676893+00:00,0
SP-6BB19DF665|2026-05-26,SP-6BB19DF665,,IN227227,Nike,apparel,Nike Club Men Lifestyle Long Sleeve Black/White,2026-05-26,55.5,1.85,0,14,1.0,55.64,0.0,999,30,66.75,0.0,0,0,0,at_market,0,0.0,tier1,29.61,1.15,0.0,0.0,1.2,3.0,0,0.8224,no_match,0.0,movement_reconstructed,0,0.0,0.0,0.0,0.0,0.0,0.0,0.5,0.0,0.2274,-10.0,-1.0,0,HOLD,rds_snapshot_history,0,,,1.0,HOLD,HOLD,0.98,0.98,inventory position is balanced; price is close to market; no urgent pricing intervention is needed,low_stock|weak_competitor_match,business_only_retail_pricing_v1,deterministic_business_heuristic,2026-06-04T19:20:03.676893+00:00,0
SP-6BB19DF665|2026-06-02,SP-6BB19DF665,,IN227227,Nike,apparel,Nike Club Men Lifestyle Long Sleeve Black/White,2026-06-02,55.5,1.85,0,14,1.0,55.64,0.0,999,30,66.75,0.0,0,0,0,at_market,3,0.0,tier1,29.61,1.2,0.0,0.0,1.1,3.0,0,0.8224,no_match,0.0,movement_reconstructed,0,0.0,0.0,0.0,0.0,0.0,0.0,0.6667,0.0,0.1857,-5.0,-0.5,7,HOLD,rds_snapshot_history,0,,,1.0,HOLD,HOLD,0.98,0.98,inventory position is balanced; price is close to market; no urgent pricing intervention is needed,low_stock|weak_competitor_match,business_only_retail_pricing_v1,deterministic_business_heuristic,2026-06-04T19:20:03.676893+00:00,0
SP-6C4030E8BF|2026-05-26,SP-6C4030E8BF,,ID3499,Adidas,footwear,"4Dfwd 3 Running Shoes, Beige",2026-05-26,136.6,4.55,0,10,1.0,54.25,0.0,999,30,217.2,0.047,1,0,1,at_market,0,0.0,tier1,99.36,1.15,0.0,0.0,1.2,3.0,0,0.8224,exact_style,1.0,movement_reconstructed,1,207.0,207.0,207.0,0.0,0.0,0.0,1.0,1.0,0.0,-10.0,-1.0,7,CLEAR,rds_snapshot_history,0,,,1.0,HOLD,HOLD,0.6248,0.6248,inventory position is balanced; price is close to market; no urgent pricing intervention is needed,low_stock|stale_inventory|low_label_confidence,business_only_retail_pricing_v1,deterministic_business_heuristic,2026-06-04T19:20:03.676893+00:00,1
SP-6C4030E8BF|2026-06-02,SP-6C4030E8BF,,ID3499,Adidas,footwear,"4Dfwd 3 Running Shoes, Beige",2026-06-02,136.6,4.55,0,10,1.0,54.25,0.0,999,30,217.2,0.047,1,0,1,at_market,3,0.0,tier1,99.36,1.2,0.0,0.0,1.1,3.0,0,0.8224,exact_style,1.0,movement_reconstructed,1,207.0,207.0,207.0,0.0,0.0,0.0,1.0,1.0,0.0,-5.0,-0.5,14,CLEAR,rds_snapshot_history,0,,,1.0,HOLD,HOLD,0.6248,0.6248,inventory position is balanced; price is close to market; no urgent pricing intervention is needed,low_stock|stale_inventory|low_label_confidence,business_only_retail_pricing_v1,deterministic_business_heuristic,2026-06-04T19:20:03.676893+00:00,1
SP-6D5425D438|2026-05-19,SP-6D5425D438,,41001,Hey Dude,footwear,Hey Dude Wendy Slip-On W,2026-05-19,0.0,0.0,1,0,1.0,44.99,0.0,999,30,77.7,0.0,0,0,0,at_market,0,1.0,tier2,42.74,1.15,0.0,0.0,1.2,3.0,0,0.8224,no_match,0.0,movement_reconstructed,0,0.0,0.0,0.0,0.0,0.0,0.0,1.0,1.0,0.0,0.0,0.0,0,HOLD,rds_snapshot_history,0,,,1.0,HOLD,HOLD,0.98,0.98,price is close to market; no urgent pricing intervention is needed,low_stock|weak_competitor_match,business_only_retail_pricing_v1,deterministic_business_heuristic,2026-06-04T19:20:03.676893+00:00,0
SP-6D5425D438|2026-05-26,SP-6D5425D438,,41001,Hey Dude,footwear,Hey Dude Wendy Slip-On W,2026-05-26,92.8,3.09,0,42,1.0,44.99,0.0,999,30,77.7,0.0,0,0,0,at_market,0,0.0,tier2,42.74,1.15,0.0,0.0,1.2,3.0,0,0.8224,no_match,0.0,movement_reconstructed,0,0.0,0.0,0.0,0.0,0.0,0.0,1.0,1.0,0.1248,-12.0,-1.0,0,HOLD,rds_snapshot_history,0,,,1.0,HOLD,HOLD,0.98,0.98,inventory position is balanced; price is close to market; no urgent pricing intervention is needed,weak_competitor_match,business_only_retail_pricing_v1,deterministic_business_heuristic,2026-06-04T19:20:03.676893+00:00,0
SP-6D5425D438|2026-06-02,SP-6D5425D438,,41001,Hey Dude,footwear,Hey Dude Wendy Slip-On W,2026-06-02,92.8,3.09,0,42,1.0,44.99,0.0,999,30,77.7,0.0,0,0,0,at_market,3,0.0,tier2,42.74,1.2,0.0,0.0,1.1,3.0,0,0.8224,no_match,0.0,movement_reconstructed,0,0.0,0.0,0.0,0.0,0.0,0.0,1.0,1.0,0.1019,-6.0,-0.5,7,HOLD,rds_snapshot_history,0,,,1.0,HOLD,HOLD,0.98,0.98,inventory position is balanced; price is close to market; no urgent pricing intervention is needed,weak_competitor_match,business_only_retail_pricing_v1,deterministic_business_heuristic,2026-06-04T19:20:03.676893+00:00,0
SP-6F212837EF|2026-05-19,SP-6F212837EF,,IN231583,Crocs,footwear,Crocs Bae Lined Women Lifestyle Clog Black,2026-05-19,0.0,0.0,1,0,1.0,50.27,0.0,999,30,70.06,0.3149,1,1,1,premium,0,1.0,tier2,34.84,1.15,0.0,0.0,1.2,3.0,0,0.8224,same_model_family,0.7835,movement_reconstructed,1,48.0,61.588235294117645,72.0,0.0,0.0,0.0,1.0,0.0,0.0,0.0,0.0,0,HOLD,rds_snapshot_history,0,,,1.0,HOLD,HOLD,0.55,0.55,no urgent pricing intervention is needed,low_stock|overpriced|low_label_confidence,business_only_retail_pricing_v1,deterministic_business_heuristic,2026-06-04T19:20:03.676893+00:00,0
SP-6F212837EF|2026-05-26,SP-6F212837EF,,IN231583,Crocs,footwear,Crocs Bae Lined Women Lifestyle Clog Black,2026-05-26,83.7,2.79,0,9,1.0,50.27,0.0,999,30,70.06,0.3149,1,1,1,premium,0,0.0,tier2,34.84,1.15,0.0,0.0,1.2,3.0,0,0.8224,same_model_family,0.7652,movement_reconstructed,1,48.0,60.46268656716418,72.0,0.0,0.0,0.0,1.0,0.0,0.0,-14.0,-1.0,7,HOLD,rds_snapshot_history,0,,,1.0,HOLD,HOLD,0.55,0.55,inventory position is balanced; no urgent pricing intervention is needed,low_stock|overpriced|low_label_confidence,business_only_retail_pricing_v1,deterministic_business_heuristic,2026-06-04T19:20:03.676893+00:00,0
SP-6F212837EF|2026-06-02,SP-6F212837EF,,IN231583,Crocs,footwear,Crocs Bae Lined Women Lifestyle Clog Black,2026-06-02,83.7,2.79,0,9,1.0,50.27,0.0,999,30,70.06,0.3149,1,1,1,premium,3,0.0,tier2,34.84,1.2,0.0,0.0,1.1,3.0,0,0.8224,same_model_family,0.7537,movement_reconstructed,1,48.0,59.69230769230769,72.0,0.0,0.0,0.0,1.0,0.0,0.0,-7.0,-0.5,14,HOLD,rds_snapshot_history,0,,,1.0,HOLD,HOLD,0.55,0.55,inventory position is balanced; no urgent pricing intervention is needed,low_stock|overpriced|low_label_confidence,business_only_retail_pricing_v1,deterministic_business_heuristic,2026-06-04T19:20:03.676893+00:00,0
SP-709D55A450|2026-05-26,SP-709D55A450,,JN8878,Adidas,apparel,Adidas Real Madrid 25/26 Home Kids-Unisex Football Short White,2026-05-26,43.5,1.45,0,14,1.0,47.99,0.0,999,30,56.3,0.1474,1,1,2,above_market,0,0.0,tier1,29.28,1.15,0.0,0.0,1.2,3.0,0,0.8224,exact_style,0.898,movement_reconstructed,1,48.0,9.4894,61.0,0.0,0.0,0.0,1.0,1.0,0.0,-14.0,-1.0,7,HOLD,rds_snapshot_history,0,,,1.0,HOLD,HOLD,0.6625,0.6625,inventory position is balanced; no urgent pricing intervention is needed,low_stock|overpriced|low_label_confidence,business_only_retail_pricing_v1,deterministic_business_heuristic,2026-06-04T19:20:03.676893+00:00,0
SP-709D55A450|2026-06-02,SP-709D55A450,,JN8878,Adidas,apparel,Adidas Real Madrid 25/26 Home Kids-Unisex Football Short White,2026-06-02,43.5,1.45,0,14,1.0,47.99,0.0,999,30,56.3,0.1474,1,1,2,above_market,3,0.0,tier1,29.28,1.2,0.0,0.0,1.1,3.0,0,0.8224,exact_style,0.892,movement_reconstructed,1,48.0,7.6256,61.0,0.0,0.0,0.0,1.0,1.0,0.0,-7.0,-0.5,14,HOLD,rds_snapshot_history,0,,,1.0,HOLD,HOLD,0.6625,0.6625,inventory position is balanced; no urgent pricing intervention is needed,low_stock|overpriced|low_label_confidence,business_only_retail_pricing_v1,deterministic_business_heuristic,2026-06-04T19:20:03.676893+00:00,0
SP-71A50D913C|2026-05-19,SP-71A50D913C,,IN176210,The North Face,other,The North Face Base Camp Travel Canister L Unisex Hiking Case Summit Gold/Black,2026-05-19,0.0,0.0,1,0,1.0,57.14,0.0,999,30,26.25,0.0,0,0,0,at_market,0,1.0,tier1,11.25,1.15,0.0,0.0,1.2,3.0,0,0.8224,no_match,0.0,movement_reconstructed,0,0.0,0.0,0.0,0.0,0.0,0.0,1.0,1.0,0.0,0.0,0.0,0,HOLD,rds_snapshot_history,0,,,1.0,HOLD,HOLD,0.98,0.98,price is close to market; no urgent pricing intervention is needed,low_stock|weak_competitor_match,business_only_retail_pricing_v1,deterministic_business_heuristic,2026-06-04T19:20:03.676893+00:00,0
SP-71A50D913C|2026-05-26,SP-71A50D913C,,IN176210,The North Face,other,The North Face Base Camp Travel Canister L Unisex Hiking Case Summit Gold/Black,2026-05-26,73.5,2.45,0,9,1.0,57.14,0.0,999,30,26.25,0.0,0,0,0,at_market,0,0.0,tier1,11.25,1.15,0.0,0.0,1.2,3.0,0,0.8224,no_match,0.0,movement_reconstructed,0,0.0,0.0,0.0,0.0,0.0,0.0,1.0,1.0,0.0,-14.0,-1.0,7,HOLD,rds_snapshot_history,0,,,1.0,HOLD,HOLD,0.98,0.98,inventory position is balanced; price is close to market; no urgent pricing intervention is needed,low_stock|weak_competitor_match,business_only_retail_pricing_v1,deterministic_business_heuristic,2026-06-04T19:20:03.676893+00:00,0
SP-71A50D913C|2026-06-02,SP-71A50D913C,,IN176210,The North Face,other,The North Face Base Camp Travel Canister L Unisex Hiking Case Summit Gold/Black,2026-06-02,73.5,2.45,0,9,1.0,57.14,0.0,999,30,26.25,0.0,0,0,0,at_market,3,0.0,tier1,11.25,1.2,0.0,0.0,1.1,3.0,0,0.8224,no_match,0.0,movement_reconstructed,0,0.0,0.0,0.0,0.0,0.0,0.0,1.0,1.0,0.0,-7.0,-0.5,14,HOLD,rds_snapshot_history,0,,,1.0,HOLD,HOLD,0.98,0.98,inventory position is balanced; price is close to market; no urgent pricing intervention is needed,low_stock|weak_competitor_match,business_only_retail_pricing_v1,deterministic_business_heuristic,2026-06-04T19:20:03.676893+00:00,0
SP-71B70A7334|2026-05-19,SP-71B70A7334,,IN232283,Nike,apparel,Nike Air Fleece Boys Lifestyle Pant Black/White,2026-05-19,0.0,0.0,1,0,1.0,56.86,0.0,999,30,78.44,0.4518,1,1,1,premium,0,1.0,tier1,33.84,1.15,0.0,0.0,1.2,3.0,0,0.8224,same_model_family,0.7858,movement_reconstructed,1,43.0,61.333333333333336,112.0,0.0,0.0,0.0,0.0,0.0,0.0,0.0,0.0,0,HOLD,rds_snapshot_history,0,,,1.0,HOLD,HOLD,0.55,0.55,no urgent pricing intervention is needed,low_stock|overpriced|low_label_confidence,business_only_retail_pricing_v1,deterministic_business_heuristic,2026-06-04T19:20:03.676893+00:00,0
SP-73227ABBB9|2026-05-19,SP-73227ABBB9,,40001,Hey Dude,footwear,Hey Dude Wally Slip-On M,2026-05-19,0.0,0.0,1,0,1.0,44.99,0.0,999,30,77.7,0.0,0,0,0,at_market,0,1.0,tier2,42.74,1.15,0.0,0.0,1.2,3.0,0,0.8224,no_match,0.0,movement_reconstructed,0,0.0,0.0,0.0,0.0,0.0,0.0,0.0,0.0,0.0,0.0,0.0,0,HOLD,rds_snapshot_history,0,,,1.0,HOLD,HOLD,0.98,0.98,price is close to market; no urgent pricing intervention is needed,low_stock|weak_competitor_match,business_only_retail_pricing_v1,deterministic_business_heuristic,2026-06-04T19:20:03.676893+00:00,0
SP-73227ABBB9|2026-05-26,SP-73227ABBB9,,40001,Hey Dude,footwear,Hey Dude Wally Slip-On M,2026-05-26,92.8,3.09,0,48,1.0,44.99,0.0,999,30,77.7,0.0,0,0,0,at_market,0,0.0,tier2,42.74,1.15,0.0,0.0,1.2,3.0,0,0.8224,no_match,0.0,movement_reconstructed,0,0.0,0.0,0.0,0.0,0.0,0.0,0.5,0.5,0.1377,-14.0,-1.0,0,HOLD,rds_snapshot_history,0,,,1.0,HOLD,HOLD,0.98,0.98,inventory position is balanced; price is close to market; no urgent pricing intervention is needed,weak_competitor_match,business_only_retail_pricing_v1,deterministic_business_heuristic,2026-06-04T19:20:03.676893+00:00,0
SP-73227ABBB9|2026-06-02,SP-73227ABBB9,,40001,Hey Dude,footwear,Hey Dude Wally Slip-On M,2026-06-02,92.8,3.09,0,48,1.0,44.99,0.0,999,30,77.7,0.0,0,0,0,at_market,3,0.0,tier2,42.74,1.2,0.0,0.0,1.1,3.0,0,0.8224,no_match,0.0,movement_reconstructed,0,0.0,0.0,0.0,0.0,0.0,0.0,0.6667,0.6667,0.1125,-7.0,-0.5,7,HOLD,rds_snapshot_history,0,,,1.0,HOLD,HOLD,0.98,0.98,inventory position is balanced; price is close to market; no urgent pricing intervention is needed,weak_competitor_match,business_only_retail_pricing_v1,deterministic_business_heuristic,2026-06-04T19:20:03.676893+00:00,0
SP-73E4C8CC61|2026-05-19,SP-73E4C8CC61,,ID3488,Adidas,footwear,"4Dfwd 3 Running Shoes, Black",2026-05-19,0.0,0.0,1,0,1.0,51.53,0.0,999,30,157.46,0.0,0,0,0,at_market,0,1.0,tier1,76.32,1.15,0.0,0.0,1.2,3.0,0,0.8224,no_match,0.0,movement_reconstructed,0,0.0,0.0,0.0,0.0,0.0,0.0,0.0,0.0,0.0,0.0,0.0,0,HOLD,rds_snapshot_history,0,,,1.0,HOLD,HOLD,0.98,0.98,price is close to market; no urgent pricing intervention is needed,low_stock|weak_competitor_match,business_only_retail_pricing_v1,deterministic_business_heuristic,2026-06-04T19:20:03.676893+00:00,0
SP-73E4C8CC61|2026-05-26,SP-73E4C8CC61,,ID3488,Adidas,footwear,"4Dfwd 3 Running Shoes, Black",2026-05-26,136.6,4.55,0,9,1.0,51.53,0.0,999,30,157.46,-0.0161,1,1,1,at_market,0,0.0,tier1,76.32,1.15,0.0,0.0,1.2,3.0,0,0.8224,similar_product,0.8018,movement_reconstructed,1,160.0,160.0,160.0,0.0,0.0,0.0,0.0,0.0,0.0,-0.0,0.0,7,CLEAR,rds_snapshot_history,0,,,1.0,HOLD,HOLD,0.678,0.678,inventory position is balanced; price is close to market; no urgent pricing intervention is needed,low_stock|weak_competitor_match|stale_inventory|low_label_confidence,business_only_retail_pricing_v1,deterministic_business_heuristic,2026-06-04T19:20:03.676893+00:00,1
SP-73E4C8CC61|2026-06-02,SP-73E4C8CC61,,ID3488,Adidas,footwear,"4Dfwd 3 Running Shoes, Black",2026-06-02,136.6,4.55,0,9,1.0,51.53,0.0,999,30,157.46,-0.0161,1,1,1,at_market,3,0.0,tier1,76.32,1.2,0.0,0.0,1.1,3.0,0,0.8224,similar_product,0.8018,movement_reconstructed,1,160.0,160.0,160.0,0.0,0.0,0.0,0.0,0.0,0.0,-12.5,-0.5,14,CLEAR,rds_snapshot_history,0,,,1.0,HOLD,HOLD,0.678,0.678,inventory position is balanced; price is close to market; no urgent pricing intervention is needed,low_stock|weak_competitor_match|stale_inventory|low_label_confidence,business_only_retail_pricing_v1,deterministic_business_heuristic,2026-06-04T19:20:03.676893+00:00,1
SP-7418F06482|2026-05-19,SP-7418F06482,,IN206612,All In,swimwear,ALN Accessories Aqua Dumbbell Swimming Gear Blue/Pink,2026-05-19,0.0,0.0,1,0,1.0,50.0,0.0,999,30,6.24,0.0,0,0,0,at_market,0,1.0,tier2,3.12,1.45,0.3,0.0,1.7,3.0,0,0.8224,no_match,0.0,movement_reconstructed,0,0.0,0.0,0.0,0.0,0.0,0.0,1.0,1.0,0.0,0.0,0.0,0,HOLD,rds_snapshot_history,0,,,1.0,HOLD,HOLD,0.98,0.98,price is close to market; no urgent pricing intervention is needed,low_stock|weak_competitor_match,business_only_retail_pricing_v1,deterministic_business_heuristic,2026-06-04T19:20:03.676893+00:00,0
SP-7418F06482|2026-05-26,SP-7418F06482,,IN206612,All In,swimwear,ALN Accessories Aqua Dumbbell Swimming Gear Blue/Pink,2026-05-26,98.0,3.27,0,9,1.0,50.0,0.0,999,30,6.24,0.0,0,0,0,at_market,0,0.0,tier2,3.12,1.45,0.3,0.0,1.7,3.0,0,0.8224,no_match,0.0,movement_reconstructed,0,0.0,0.0,0.0,0.0,0.0,0.0,1.0,1.0,0.2892,-14.0,-1.0,0,HOLD,rds_snapshot_history,0,,,1.0,HOLD,HOLD,0.98,0.98,inventory position is balanced; price is close to market; no urgent pricing intervention is needed,low_stock|weak_competitor_match,business_only_retail_pricing_v1,deterministic_business_heuristic,2026-06-04T19:20:03.676893+00:00,0
SP-7418F06482|2026-06-02,SP-7418F06482,,IN206612,All In,swimwear,ALN Accessories Aqua Dumbbell Swimming Gear Blue/Pink,2026-06-02,98.0,3.27,0,9,1.0,50.0,0.0,999,30,6.24,0.0,0,0,0,at_market,3,0.0,tier2,3.12,1.7,0.5,0.0,1.6,3.0,0,0.8224,no_match,0.0,movement_reconstructed,0,0.0,0.0,0.0,0.0,0.0,0.0,1.0,1.0,0.2361,-7.0,-0.5,7,HOLD,rds_snapshot_history,0,,,1.0,HOLD,HOLD,0.98,0.98,inventory position is balanced; price is close to market; no urgent pricing intervention is needed,low_stock|weak_competitor_match,business_only_retail_pricing_v1,deterministic_business_heuristic,2026-06-04T19:20:03.676893+00:00,0
SP-74302C346B|2026-05-19,SP-74302C346B,,IN232337,Nike,footwear,Nike Air Force 1 '07 Women Lifestyle Shoes Burgundy Crush,2026-05-19,0.0,0.0,1,0,1.0,56.87,0.0,999,30,184.18,0.1964,1,1,1,premium,0,1.0,tier1,79.43,1.15,0.0,0.0,1.2,3.0,0,0.8224,same_model_family,0.945,movement_reconstructed,1,148.0,148.0,148.0,0.0,0.0,0.0,0.0,0.0,0.0,0.0,0.0,0,HOLD,rds_snapshot_history,0,,,1.0,HOLD,HOLD,0.55,0.55,no urgent pricing intervention is needed,low_stock|overpriced|low_label_confidence,business_only_retail_pricing_v1,deterministic_business_heuristic,2026-06-04T19:20:03.676893+00:00,0
SP-74302C346B|2026-05-26,SP-74302C346B,,IN232337,Nike,footwear,Nike Air Force 1 '07 Women Lifestyle Shoes Burgundy Crush,2026-05-26,136.6,4.55,0,9,1.0,56.87,0.0,999,30,184.18,0.1964,1,1,1,premium,0,0.0,tier1,79.43,1.15,0.0,0.0,1.2,3.0,0,0.8224,same_model_family,0.945,movement_reconstructed,1,148.0,148.0,148.0,0.0,0.0,0.0,0.0,0.0,0.0,-40.0,-1.0,7,CLEAR,rds_snapshot_history,0,,,1.0,HOLD,HOLD,0.55,0.55,inventory position is balanced; no urgent pricing intervention is needed,low_stock|overpriced|stale_inventory|low_label_confidence,business_only_retail_pricing_v1,deterministic_business_heuristic,2026-06-04T19:20:03.676893+00:00,1
SP-74302C346B|2026-06-02,SP-74302C346B,,IN232337,Nike,footwear,Nike Air Force 1 '07 Women Lifestyle Shoes Burgundy Crush,2026-06-02,136.6,4.55,0,9,1.0,56.87,0.0,999,30,184.18,0.1964,1,1,1,premium,3,0.0,tier1,79.43,1.2,0.0,0.0,1.1,3.0,0,0.8224,same_model_family,0.945,movement_reconstructed,1,148.0,148.0,148.0,0.0,0.0,0.0,0.0,0.0,0.0,-20.0,-0.5,14,CLEAR,rds_snapshot_history,0,,,1.0,HOLD,HOLD,0.55,0.55,inventory position is balanced; no urgent pricing intervention is needed,low_stock|overpriced|stale_inventory|low_label_confidence,business_only_retail_pricing_v1,deterministic_business_heuristic,2026-06-04T19:20:03.676893+00:00,1
SP-745B1972AB|2026-05-19,SP-745B1972AB,,IG8995,Adidas,footwear,"4Dfwd 3 Running Shoes, Black",2026-05-19,0.0,0.0,1,0,1.0,61.06,0.0,999,30,255.18,0.1888,1,0,1,premium,0,1.0,tier1,99.36,1.15,0.0,0.0,1.2,3.0,0,0.8224,exact_style,1.0,movement_reconstructed,1,207.0,207.0,207.0,0.0,0.0,0.0,0.0,0.0,0.0,0.0,0.0,0,HOLD,rds_snapshot_history,0,,,1.0,HOLD,HOLD,0.55,0.55,no urgent pricing intervention is needed,low_stock|overpriced|low_label_confidence,business_only_retail_pricing_v1,deterministic_business_heuristic,2026-06-04T19:20:03.676893+00:00,0
SP-745B1972AB|2026-05-26,SP-745B1972AB,,IG8995,Adidas,footwear,"4Dfwd 3 Running Shoes, Black",2026-05-26,136.6,4.55,0,11,1.0,61.06,0.0,999,30,255.18,0.1888,1,0,1,premium,0,0.0,tier1,99.36,1.15,0.0,0.0,1.2,3.0,0,0.8224,exact_style,1.0,movement_reconstructed,1,207.0,207.0,207.0,0.0,0.0,0.0,0.0,0.0,0.0,-14.0,-1.0,7,CLEAR,rds_snapshot_history,0,,,1.0,HOLD,HOLD,0.55,0.55,inventory position is balanced; no urgent pricing intervention is needed,low_stock|overpriced|stale_inventory|low_label_confidence,business_only_retail_pricing_v1,deterministic_business_heuristic,2026-06-04T19:20:03.676893+00:00,1
SP-745B1972AB|2026-06-02,SP-745B1972AB,,IG8995,Adidas,footwear,"4Dfwd 3 Running Shoes, Black",2026-06-02,136.6,4.55,0,11,1.0,61.06,0.0,999,30,255.18,0.1888,1,0,1,premium,3,0.0,tier1,99.36,1.2,0.0,0.0,1.1,3.0,0,0.8224,exact_style,1.0,movement_reconstructed,1,207.0,207.0,207.0,0.0,0.0,0.0,0.0,0.0,0.0,-7.0,-0.5,14,CLEAR,rds_snapshot_history,0,,,1.0,HOLD,HOLD,0.55,0.55,inventory position is balanced; no urgent pricing intervention is needed,low_stock|overpriced|stale_inventory|low_label_confidence,business_only_retail_pricing_v1,deterministic_business_heuristic,2026-06-04T19:20:03.676893+00:00,1
SP-75279CED6C|2026-05-19,SP-75279CED6C,,IN222488,Nike,footwear,Nike Air Force Men Lifestyle Shoes Summit White,2026-05-19,0.0,0.0,1,0,1.0,62.19,0.0,999,30,183.95,0.1954,1,1,1,premium,0,1.0,tier1,69.56,1.15,0.0,0.0,1.2,3.0,0,0.8224,same_model_family,0.9091,movement_reconstructed,1,148.0,161.0,174.0,0.0,0.0,0.0,0.0,0.0,0.0,0.0,0.0,0,HOLD,rds_snapshot_history,0,,,1.0,HOLD,HOLD,0.55,0.55,no urgent pricing intervention is needed,low_stock|overpriced|low_label_confidence,business_only_retail_pricing_v1,deterministic_business_heuristic,2026-06-04T19:20:03.676893+00:00,0
SP-75279CED6C|2026-05-26,SP-75279CED6C,,IN222488,Nike,footwear,Nike Air Force Men Lifestyle Shoes Summit White,2026-05-26,136.6,4.55,0,9,1.0,62.19,0.0,999,30,183.95,0.1954,1,1,1,premium,0,0.0,tier1,69.56,1.15,0.0,0.0,1.2,3.0,0,0.8224,same_model_family,0.9091,movement_reconstructed,1,148.0,161.0,174.0,0.0,0.0,0.0,0.0,0.0,0.0,-14.0,-1.0,7,CLEAR,rds_snapshot_history,0,,,1.0,HOLD,HOLD,0.55,0.55,inventory position is balanced; no urgent pricing intervention is needed,low_stock|overpriced|stale_inventory|low_label_confidence,business_only_retail_pricing_v1,deterministic_business_heuristic,2026-06-04T19:20:03.676893+00:00,1
SP-75279CED6C|2026-06-02,SP-75279CED6C,,IN222488,Nike,footwear,Nike Air Force Men Lifestyle Shoes Summit White,2026-06-02,136.6,4.55,0,9,1.0,62.19,0.0,999,30,183.95,0.1954,1,1,1,premium,3,0.0,tier1,69.56,1.2,0.0,0.0,1.1,3.0,0,0.8224,same_model_family,0.9091,movement_reconstructed,1,148.0,161.0,174.0,0.0,0.0,0.0,0.0,0.0,0.0,-7.0,-0.5,14,CLEAR,rds_snapshot_history,0,,,1.0,HOLD,HOLD,0.55,0.55,inventory position is balanced; no urgent pricing intervention is needed,low_stock|overpriced|stale_inventory|low_label_confidence,business_only_retail_pricing_v1,deterministic_business_heuristic,2026-06-04T19:20:03.676893+00:00,1
SP-754C50418D|2026-05-19,SP-754C50418D,,IN232277,Nike,footwear,Nike Air Force 1 07 Wb Men Lifestyle Shoes Wolf Grey/Black,2026-05-19,0.0,0.0,1,0,1.0,59.51,0.0,999,30,179.91,0.2441,1,1,1,premium,0,1.0,tier1,72.85,1.15,0.0,0.0,1.2,3.0,0,0.8224,same_model_family,0.9317,movement_reconstructed,1,136.0,136.0,136.0,0.0,0.0,0.0,0.0,0.0,0.0,0.0,0.0,0,HOLD,rds_snapshot_history,0,,,1.0,HOLD,HOLD,0.55,0.55,no urgent pricing intervention is needed,low_stock|overpriced|low_label_confidence,business_only_retail_pricing_v1,deterministic_business_heuristic,2026-06-04T19:20:03.676893+00:00,0
SP-754C50418D|2026-05-26,SP-754C50418D,,IN232277,Nike,footwear,Nike Air Force 1 07 Wb Men Lifestyle Shoes Wolf Grey/Black,2026-05-26,136.6,4.55,0,9,1.0,59.51,0.0,999,30,179.91,0.2441,1,1,1,premium,0,0.0,tier1,72.85,1.15,0.0,0.0,1.2,3.0,0,0.8224,same_model_family,0.9317,movement_reconstructed,1,136.0,136.0,136.0,0.0,0.0,0.0,0.0,0.0,0.0,-10.0,-1.0,7,CLEAR,rds_snapshot_history,0,,,1.0,HOLD,HOLD,0.55,0.55,inventory position is balanced; no urgent pricing intervention is needed,low_stock|overpriced|stale_inventory|low_label_confidence,business_only_retail_pricing_v1,deterministic_business_heuristic,2026-06-04T19:20:03.676893+00:00,1
SP-754C50418D|2026-06-02,SP-754C50418D,,IN232277,Nike,footwear,Nike Air Force 1 07 Wb Men Lifestyle Shoes Wolf Grey/Black,2026-06-02,136.6,4.55,0,9,1.0,59.51,0.0,999,30,179.91,0.2441,1,1,1,premium,3,0.0,tier1,72.85,1.2,0.0,0.0,1.1,3.0,0,0.8224,same_model_family,0.9317,movement_reconstructed,1,136.0,136.0,136.0,0.0,0.0,0.0,0.0,0.0,0.0,-5.0,-0.5,14,CLEAR,rds_snapshot_history,0,,,1.0,HOLD,HOLD,0.55,0.55,inventory position is balanced; no urgent pricing intervention is needed,low_stock|overpriced|stale_inventory|low_label_confidence,business_only_retail_pricing_v1,deterministic_business_heuristic,2026-06-04T19:20:03.676893+00:00,1
SP-7637E3C2FF|2026-05-19,SP-7637E3C2FF,,IN237500,Nike,other,Nike Fitted Women Training Long Sleeve Black,2026-05-19,0.0,0.0,1,0,1.0,48.45,0.0,999,30,65.65,0.345,1,1,1,premium,0,1.0,tier1,33.84,1.15,0.0,0.0,1.2,3.0,0,0.8224,same_model_family,0.8065,movement_reconstructed,1,43.0,75.45454545454545,121.0,0.0,0.0,0.0,1.0,0.0,0.0,0.0,0.0,0,HOLD,rds_snapshot_history,0,,,1.0,HOLD,HOLD,0.55,0.55,no urgent pricing intervention is needed,low_stock|overpriced|low_label_confidence,business_only_retail_pricing_v1,deterministic_business_heuristic,2026-06-04T19:20:03.676893+00:00,0
SP-7637E3C2FF|2026-05-26,SP-7637E3C2FF,,IN237500,Nike,other,Nike Fitted Women Training Long Sleeve Black,2026-05-26,78.4,2.61,0,9,1.0,48.45,0.0,999,30,65.65,0.345,1,1,1,premium,0,0.0,tier1,33.84,1.15,0.0,0.0,1.2,3.0,0,0.8224,same_model_family,0.8065,movement_reconstructed,1,43.0,75.45454545454545,121.0,0.0,0.0,0.0,1.0,0.0,0.0,-12.0,-1.0,7,HOLD,rds_snapshot_history,0,,,1.0,HOLD,HOLD,0.55,0.55,inventory position is balanced; no urgent pricing intervention is needed,low_stock|overpriced|low_label_confidence,business_only_retail_pricing_v1,deterministic_business_heuristic,2026-06-04T19:20:03.676893+00:00,0
SP-7637E3C2FF|2026-06-02,SP-7637E3C2FF,,IN237500,Nike,other,Nike Fitted Women Training Long Sleeve Black,2026-06-02,78.4,2.61,0,9,1.0,48.45,0.0,999,30,65.65,0.345,1,1,1,premium,3,0.0,tier1,33.84,1.2,0.0,0.0,1.1,3.0,0,0.8224,same_model_family,0.8065,movement_reconstructed,1,43.0,75.45454545454545,121.0,0.0,0.0,0.0,1.0,0.0,0.0,-6.0,-0.5,14,HOLD,rds_snapshot_history,0,,,1.0,HOLD,HOLD,0.55,0.55,inventory position is balanced; no urgent pricing intervention is needed,low_stock|overpriced|low_label_confidence,business_only_retail_pricing_v1,deterministic_business_heuristic,2026-06-04T19:20:03.676893+00:00,0
SP-76A23C6634|2026-05-19,SP-76A23C6634,,IN232091,Nike,footwear,Nike Air Jordan 1 Low Men Lifestyle Shoes Black/White,2026-05-19,0.0,0.0,1,0,1.0,51.19,0.0,999,30,162.74,0.3364,1,1,1,premium,0,1.0,tier1,79.43,1.15,0.0,0.0,1.2,3.0,0,0.8224,same_model_family,0.8017,movement_reconstructed,1,108.0,148.71428571428572,171.0,0.0,0.0,0.0,0.0,1.0,0.0,0.0,0.0,0,HOLD,rds_snapshot_history,0,,,1.0,HOLD,HOLD,0.55,0.55,no urgent pricing intervention is needed,low_stock|overpriced|low_label_confidence,business_only_retail_pricing_v1,deterministic_business_heuristic,2026-06-04T19:20:03.676893+00:00,0
SP-76A23C6634|2026-05-26,SP-76A23C6634,,IN232091,Nike,footwear,Nike Air Jordan 1 Low Men Lifestyle Shoes Black/White,2026-05-26,136.6,4.55,0,10,1.0,51.19,0.0,999,30,162.74,0.3364,1,1,1,premium,0,0.0,tier1,79.43,1.15,0.0,0.0,1.2,3.0,0,0.8224,same_model_family,0.7991,movement_reconstructed,1,108.0,148.41860465116278,171.0,0.0,0.0,0.0,0.0,1.0,0.0,-18.0,-1.0,7,CLEAR,rds_snapshot_history,0,,,1.0,HOLD,HOLD,0.55,0.55,inventory position is balanced; no urgent pricing intervention is needed,low_stock|overpriced|stale_inventory|low_label_confidence,business_only_retail_pricing_v1,deterministic_business_heuristic,2026-06-04T19:20:03.676893+00:00,1
SP-76A23C6634|2026-06-02,SP-76A23C6634,,IN232091,Nike,footwear,Nike Air Jordan 1 Low Men Lifestyle Shoes Black/White,2026-06-02,136.6,4.55,0,10,1.0,51.19,0.0,999,30,162.74,0.3364,1,1,1,premium,3,0.0,tier1,79.43,1.2,0.0,0.0,1.1,3.0,0,0.8224,same_model_family,0.7965,movement_reconstructed,1,108.0,148.13636363636363,171.0,0.0,0.0,0.0,0.0,1.0,0.0,-9.0,-0.5,14,CLEAR,rds_snapshot_history,0,,,1.0,HOLD,HOLD,0.55,0.55,inventory position is balanced; no urgent pricing intervention is needed,low_stock|overpriced|stale_inventory|low_label_confidence,business_only_retail_pricing_v1,deterministic_business_heuristic,2026-06-04T19:20:03.676893+00:00,1
SP-7743651252|2026-05-19,SP-7743651252,,IN233479,ON,accessories,On All Day Unisex Lifestyle Cap Black,2026-05-19,0.0,0.0,1,0,1.0,58.8,0.0,999,30,65.87,0.2865,1,1,1,premium,0,1.0,tier1,27.14,1.15,0.0,0.0,1.2,3.0,0,0.8224,same_model_family,0.8832,movement_reconstructed,1,47.0,54.2,59.0,0.0,0.0,0.0,0.0,0.0,0.0,0.0,0.0,0,HOLD,rds_snapshot_history,0,,,1.0,HOLD,HOLD,0.55,0.55,no urgent pricing intervention is needed,low_stock|overpriced|low_label_confidence,business_only_retail_pricing_v1,deterministic_business_heuristic,2026-06-04T19:20:03.676893+00:00,0
SP-77A5EF0131|2026-05-19,SP-77A5EF0131,,IN204430,Nike,accessories,Nike Academy Team M Unisex Training Bag Navy/Black/White,2026-05-19,0.0,0.0,1,0,1.0,57.26,0.0,999,30,73.68,0.2807,1,1,1,premium,0,1.0,tier1,31.49,1.15,0.0,0.0,1.2,3.0,0,0.8224,same_model_family,0.6989,movement_reconstructed,1,53.0,56.0,59.0,0.0,0.0,0.0,1.0,0.0,0.0,0.0,0.0,0,HOLD,rds_snapshot_history,0,,,1.0,HOLD,HOLD,0.55,0.55,no urgent pricing intervention is needed,low_stock|overpriced|low_label_confidence,business_only_retail_pricing_v1,deterministic_business_heuristic,2026-06-04T19:20:03.676893+00:00,0
SP-79E8A2816E|2026-05-19,SP-79E8A2816E,,,Adidas,football_boots,2024 Copa Gloro2 FG 39-45,2026-05-19,0.0,0.0,1,0,1.0,56.15,0.0,999,30,82.09,0.0,0,0,0,at_market,0,1.0,tier1,36.0,1.15,0.0,0.0,1.2,3.0,0,0.8224,no_match,0.0,movement_reconstructed,0,0.0,0.0,0.0,0.0,0.0,0.0,0.0,0.0,0.0,0.0,0.0,0,HOLD,rds_snapshot_history,0,,,1.0,HOLD,HOLD,0.98,0.98,price is close to market; no urgent pricing intervention is needed,low_stock|weak_competitor_match,business_only_retail_pricing_v1,deterministic_business_heuristic,2026-06-04T19:20:03.676893+00:00,0
SP-79E8A2816E|2026-05-26,SP-79E8A2816E,,,Adidas,football_boots,2024 Copa Gloro2 FG 39-45,2026-05-26,112.1,3.74,0,8,1.0,56.15,0.0,999,30,82.09,0.0,0,0,0,at_market,0,0.0,tier1,36.0,1.15,0.0,0.0,1.2,3.0,0,0.8224,no_match,0.0,movement_reconstructed,0,0.0,0.0,0.0,0.0,0.0,0.0,0.0,0.0,0.0,-9.0,-1.0,7,HOLD,rds_snapshot_history,0,,,1.0,HOLD,HOLD,0.98,0.98,inventory position is balanced; price is close to market; no urgent pricing intervention is needed,low_stock|weak_competitor_match,business_only_retail_pricing_v1,deterministic_business_heuristic,2026-06-04T19:20:03.676893+00:00,0
SP-79E8A2816E|2026-06-02,SP-79E8A2816E,,,Adidas,football_boots,2024 Copa Gloro2 FG 39-45,2026-06-02,112.1,3.74,0,8,1.0,56.15,0.0,999,30,82.09,0.0,0,0,0,at_market,3,0.0,tier1,36.0,1.2,0.0,0.0,1.1,3.0,0,0.8224,no_match,0.0,movement_reconstructed,0,0.0,0.0,0.0,0.0,0.0,0.0,0.0,0.0,0.0,-4.5,-0.5,14,HOLD,rds_snapshot_history,0,,,1.0,HOLD,HOLD,0.98,0.98,inventory position is balanced; price is close to market; no urgent pricing intervention is needed,low_stock|weak_competitor_match,business_only_retail_pricing_v1,deterministic_business_heuristic,2026-06-04T19:20:03.676893+00:00,0
SP-7B6BD14F3B|2026-05-19,SP-7B6BD14F3B,,,New Balance,lifestyle,NB 9060 full black,2026-05-19,0.0,0.0,1,0,1.0,58.37,0.0,999,30,88.27,0.0,0,0,0,at_market,0,1.0,tier1,36.75,1.15,0.0,0.0,1.2,3.0,0,0.8224,no_match,0.0,movement_reconstructed,0,0.0,0.0,0.0,0.0,0.0,0.0,0.0,1.0,0.0,0.0,0.0,0,HOLD,rds_snapshot_history,0,,,1.0,HOLD,HOLD,0.98,0.98,price is close to market; no urgent pricing intervention is needed,low_stock|weak_competitor_match,business_only_retail_pricing_v1,deterministic_business_heuristic,2026-06-04T19:20:03.676893+00:00,0
SP-7B6BD14F3B|2026-05-26,SP-7B6BD14F3B,,,New Balance,lifestyle,NB 9060 full black,2026-05-26,99.3,3.31,0,12,1.0,58.37,0.0,999,30,88.27,0.0,0,0,0,at_market,0,0.0,tier1,36.75,1.15,0.0,0.0,1.2,3.0,0,0.8224,no_match,0.0,movement_reconstructed,0,0.0,0.0,0.0,0.0,0.0,0.0,0.0,1.0,0.0,-18.0,-1.0,7,HOLD,rds_snapshot_history,0,,,1.0,HOLD,HOLD,0.98,0.98,inventory position is balanced; price is close to market; no urgent pricing intervention is needed,low_stock|weak_competitor_match,business_only_retail_pricing_v1,deterministic_business_heuristic,2026-06-04T19:20:03.676893+00:00,0
SP-7B6BD14F3B|2026-06-02,SP-7B6BD14F3B,,,New Balance,lifestyle,NB 9060 full black,2026-06-02,99.3,3.31,0,12,1.0,58.37,0.0,999,30,88.27,0.0,0,0,0,at_market,3,0.0,tier1,36.75,1.2,0.0,0.0,1.1,3.0,0,0.8224,no_match,0.0,movement_reconstructed,0,0.0,0.0,0.0,0.0,0.0,0.0,0.0,1.0,0.0,-9.0,-0.5,14,HOLD,rds_snapshot_history,0,,,1.0,HOLD,HOLD,0.98,0.98,inventory position is balanced; price is close to market; no urgent pricing intervention is needed,low_stock|weak_competitor_match,business_only_retail_pricing_v1,deterministic_business_heuristic,2026-06-04T19:20:03.676893+00:00,0
SP-7B8C3CDB88|2026-05-19,SP-7B8C3CDB88,,IN234908,New Balance,footwear,New Balance 327 Women Lifestyle Shoes Black/Sea Salt,2026-05-19,0.0,0.0,1,0,1.0,54.97,0.0,999,30,183.9,0.6248,1,1,1,premium,0,1.0,tier1,82.81,1.15,0.0,0.0,1.2,3.0,0,0.8224,same_model_family,0.8386,movement_reconstructed,1,69.0,168.0,255.0,0.0,0.0,0.0,1.0,1.0,0.0,0.0,0.0,0,HOLD,rds_snapshot_history,0,,,1.0,HOLD,HOLD,0.55,0.55,no urgent pricing intervention is needed,low_stock|overpriced|low_label_confidence,business_only_retail_pricing_v1,deterministic_business_heuristic,2026-06-04T19:20:03.676893+00:00,0
SP-7B8C3CDB88|2026-05-26,SP-7B8C3CDB88,,IN234908,New Balance,footwear,New Balance 327 Women Lifestyle Shoes Black/Sea Salt,2026-05-26,136.6,4.55,0,9,1.0,54.97,0.0,999,30,183.9,0.7281,1,1,1,premium,0,0.0,tier1,82.81,1.15,0.0,0.0,1.2,3.0,0,0.8224,same_model_family,0.8342,movement_reconstructed,1,50.0,150.11428571428573,255.0,0.0,0.0,0.0,1.0,1.0,0.0,-18.0,-1.0,7,CLEAR,rds_snapshot_history,0,,,1.0,HOLD,HOLD,0.55,0.55,inventory position is balanced; no urgent pricing intervention is needed,low_stock|overpriced|stale_inventory|low_label_confidence,business_only_retail_pricing_v1,deterministic_business_heuristic,2026-06-04T19:20:03.676893+00:00,1
SP-7B8C3CDB88|2026-06-02,SP-7B8C3CDB88,,IN234908,New Balance,footwear,New Balance 327 Women Lifestyle Shoes Black/Sea Salt,2026-06-02,136.6,4.55,0,9,1.0,54.97,0.0,999,30,183.9,0.7281,1,1,1,premium,3,0.0,tier1,82.81,1.2,0.0,0.0,1.1,3.0,0,0.8224,same_model_family,0.8326,movement_reconstructed,1,50.0,143.92307692307693,255.0,0.0,0.0,0.0,1.0,1.0,0.0,-9.0,-0.5,14,CLEAR,rds_snapshot_history,0,,,1.0,HOLD,HOLD,0.55,0.55,inventory position is balanced; no urgent pricing intervention is needed,low_stock|overpriced|stale_inventory|low_label_confidence,business_only_retail_pricing_v1,deterministic_business_heuristic,2026-06-04T19:20:03.676893+00:00,1
SP-7BE0A2526A|2026-05-19,SP-7BE0A2526A,,,Nike,football_boots,35-45 Nike Air Zoom Mercurial Superfly IX Elite FG6,2026-05-19,0.0,0.0,1,0,1.0,57.09,0.0,999,30,76.67,0.0,0,0,0,at_market,0,1.0,tier1,32.9,1.15,0.0,0.0,1.2,3.0,0,0.8224,no_match,0.0,movement_reconstructed,0,0.0,0.0,0.0,0.0,0.0,0.0,1.0,1.0,0.0,0.0,0.0,0,HOLD,rds_snapshot_history,0,,,1.0,HOLD,HOLD,0.98,0.98,price is close to market; no urgent pricing intervention is needed,low_stock|weak_competitor_match,business_only_retail_pricing_v1,deterministic_business_heuristic,2026-06-04T19:20:03.676893+00:00,0
SP-7BE0A2526A|2026-05-26,SP-7BE0A2526A,,,Nike,football_boots,35-45 Nike Air Zoom Mercurial Superfly IX Elite FG6,2026-05-26,104.7,3.49,0,10,1.0,57.09,0.0,999,30,76.67,0.0,0,0,0,at_market,0,0.0,tier1,32.9,1.15,0.0,0.0,1.2,3.0,0,0.8224,no_match,0.0,movement_reconstructed,0,0.0,0.0,0.0,0.0,0.0,0.0,1.0,1.0,0.0,-14.0,-1.0,7,HOLD,rds_snapshot_history,0,,,1.0,HOLD,HOLD,0.98,0.98,inventory position is balanced; price is close to market; no urgent pricing intervention is needed,low_stock|weak_competitor_match,business_only_retail_pricing_v1,deterministic_business_heuristic,2026-06-04T19:20:03.676893+00:00,0
SP-7BE0A2526A|2026-06-02,SP-7BE0A2526A,,,Nike,football_boots,35-45 Nike Air Zoom Mercurial Superfly IX Elite FG6,2026-06-02,104.7,3.49,0,10,1.0,57.09,0.0,999,30,76.67,0.0,0,0,0,at_market,3,0.0,tier1,32.9,1.2,0.0,0.0,1.1,3.0,0,0.8224,no_match,0.0,movement_reconstructed,0,0.0,0.0,0.0,0.0,0.0,0.0,1.0,1.0,0.0,-7.0,-0.5,14,HOLD,rds_snapshot_history,0,,,1.0,HOLD,HOLD,0.98,0.98,inventory position is balanced; price is close to market; no urgent pricing intervention is needed,low_stock|weak_competitor_match,business_only_retail_pricing_v1,deterministic_business_heuristic,2026-06-04T19:20:03.676893+00:00,0
SP-7C0B3A5ECD|2026-05-19,SP-7C0B3A5ECD,,1025071,Keen,kids,Keen Newport H2 Kids,2026-05-19,0.0,0.0,1,0,1.0,51.99,0.0,999,30,77.7,0.0,0,0,0,at_market,0,1.0,tier2,37.3,1.15,0.0,0.0,1.2,3.0,0,0.8224,no_match,0.0,movement_reconstructed,0,0.0,0.0,0.0,0.0,0.0,0.0,0.0,0.0,0.0,0.0,0.0,0,HOLD,rds_snapshot_history,0,,,1.0,HOLD,HOLD,0.98,0.98,price is close to market; no urgent pricing intervention is needed,low_stock|weak_competitor_match,business_only_retail_pricing_v1,deterministic_business_heuristic,2026-06-04T19:20:03.676893+00:00,0
SP-7C0B3A5ECD|2026-05-26,SP-7C0B3A5ECD,,1025071,Keen,kids,Keen Newport H2 Kids,2026-05-26,82.5,2.75,0,55,1.0,51.99,0.0,999,30,77.7,0.0,0,0,0,at_market,0,0.0,tier2,37.3,1.15,0.0,0.0,1.2,3.0,0,0.8224,no_match,0.0,movement_reconstructed,0,0.0,0.0,0.0,0.0,0.0,0.0,0.0,0.0,0.0,-28.0,-1.0,7,PROMOTE,rds_snapshot_history,0,,,1.0,HOLD,HOLD,0.98,0.98,inventory position is balanced; price is close to market; no urgent pricing intervention is needed,weak_competitor_match,business_only_retail_pricing_v1,deterministic_business_heuristic,2026-06-04T19:20:03.676893+00:00,1
SP-7C0B3A5ECD|2026-06-02,SP-7C0B3A5ECD,,1025071,Keen,kids,Keen Newport H2 Kids,2026-06-02,82.5,2.75,0,55,1.0,51.99,0.0,999,30,77.7,0.0,0,0,0,at_market,3,0.0,tier2,37.3,1.2,0.0,0.0,1.1,3.0,0,0.8224,no_match,0.0,movement_reconstructed,0,0.0,0.0,0.0,0.0,0.0,0.0,0.0,0.0,0.0,-14.0,-0.5,14,PROMOTE,rds_snapshot_history,0,,,1.0,HOLD,HOLD,0.98,0.98,inventory position is balanced; price is close to market; no urgent pricing intervention is needed,weak_competitor_match,business_only_retail_pricing_v1,deterministic_business_heuristic,2026-06-04T19:20:03.676893+00:00,1
SP-7C595F60D7|2026-05-26,SP-7C595F60D7,,IN236684,Crocs,footwear,Crocs Bae Women Lifestyle Clog Mauve Mist,2026-05-26,126.3,4.21,0,10,1.0,58.68,0.0,999,30,105.71,0.527,1,0,1,premium,0,0.0,tier2,43.68,1.15,0.0,0.0,1.2,3.0,0,0.8224,same_model_family,0.8675,movement_reconstructed,1,50.0,70.4,84.0,0.0,0.0,0.0,0.0,0.0,0.0,-14.0,-1.0,7,CLEAR,rds_snapshot_history,0,,,1.0,HOLD,HOLD,0.55,0.55,inventory position is balanced; no urgent pricing intervention is needed,low_stock|overpriced|stale_inventory|low_label_confidence,business_only_retail_pricing_v1,deterministic_business_heuristic,2026-06-04T19:20:03.676893+00:00,1
SP-7C595F60D7|2026-06-02,SP-7C595F60D7,,IN236684,Crocs,footwear,Crocs Bae Women Lifestyle Clog Mauve Mist,2026-06-02,126.3,4.21,0,10,1.0,58.68,0.0,999,30,105.71,0.527,1,0,1,premium,3,0.0,tier2,43.68,1.2,0.0,0.0,1.1,3.0,0,0.8224,same_model_family,0.8488,movement_reconstructed,1,50.0,67.0,84.0,0.0,0.0,0.0,0.0,0.0,0.0,-7.0,-0.5,14,CLEAR,rds_snapshot_history,0,,,1.0,HOLD,HOLD,0.55,0.55,inventory position is balanced; no urgent pricing intervention is needed,low_stock|overpriced|stale_inventory|low_label_confidence,business_only_retail_pricing_v1,deterministic_business_heuristic,2026-06-04T19:20:03.676893+00:00,1
SP-7C71C82AFB|2026-05-19,SP-7C71C82AFB,,IN202164,New Balance,apparel,New Balance Athletics Men Lifestyle T-Shirt Navy,2026-05-19,0.0,0.0,1,0,1.0,60.0,0.0,999,30,60.03,0.5835,1,1,1,premium,0,1.0,tier1,24.01,1.15,0.0,0.0,1.2,3.0,0,0.8224,same_model_family,0.7779,movement_reconstructed,1,25.0,39.9,65.0,0.0,0.0,0.0,1.0,1.0,0.0,0.0,0.0,0,HOLD,rds_snapshot_history,0,,,1.0,HOLD,HOLD,0.55,0.55,no urgent pricing intervention is needed,low_stock|overpriced|low_label_confidence,business_only_retail_pricing_v1,deterministic_business_heuristic,2026-06-04T19:20:03.676893+00:00,0
SP-7DAC8BE0F9|2026-05-26,SP-7DAC8BE0F9,,IN237517,Nike,footwear,Nike Air Force 1 07 Lv8 Men Lifestyle Shoes Anthracite/Grey,2026-05-26,136.6,4.55,0,10,1.0,61.38,0.0,999,30,273.82,0.1783,0,0,1,premium,0,0.0,tier1,105.75,1.15,0.0,0.0,1.2,3.0,0,0.8224,same_model_family,0.9501,movement_reconstructed,1,225.0,225.0,225.0,0.0,0.0,0.0,1.0,0.25,0.0,-9.0,-1.0,7,CLEAR,rds_snapshot_history,0,,,1.0,HOLD,HOLD,0.55,0.55,inventory position is balanced; no urgent pricing intervention is needed,low_stock|overpriced|stale_inventory|low_label_confidence,business_only_retail_pricing_v1,deterministic_business_heuristic,2026-06-04T19:20:03.676893+00:00,1
SP-7DAC8BE0F9|2026-06-02,SP-7DAC8BE0F9,,IN237517,Nike,footwear,Nike Air Force 1 07 Lv8 Men Lifestyle Shoes Anthracite/Grey,2026-06-02,136.6,4.55,0,10,1.0,61.38,0.0,999,30,273.82,0.1783,0,0,1,premium,3,0.0,tier1,105.75,1.2,0.0,0.0,1.1,3.0,0,0.8224,same_model_family,0.9501,movement_reconstructed,1,225.0,225.0,225.0,0.0,0.0,0.0,1.0,0.3333,0.0,-4.5,-0.5,14,CLEAR,rds_snapshot_history,0,,,1.0,HOLD,HOLD,0.55,0.55,inventory position is balanced; no urgent pricing intervention is needed,low_stock|overpriced|stale_inventory|low_label_confidence,business_only_retail_pricing_v1,deterministic_business_heuristic,2026-06-04T19:20:03.676893+00:00,1
SP-7DFB8328BE|2026-05-19,SP-7DFB8328BE,,,New Balance,lifestyle,New Balance Fresh Foam X Trail More v3 Black/Pink/Yellow Women's Trail Shoes,2026-05-19,0.0,0.0,1,0,1.0,47.72,0.0,999,30,79.67,0.0,0,0,0,at_market,0,1.0,tier1,41.65,1.15,0.0,0.0,1.2,3.0,0,0.8224,no_match,0.0,movement_reconstructed,0,0.0,0.0,0.0,0.0,0.0,0.0,0.0,0.0,0.0,0.0,0.0,0,HOLD,rds_snapshot_history,0,,,1.0,HOLD,HOLD,0.98,0.98,price is close to market; no urgent pricing intervention is needed,low_stock|weak_competitor_match,business_only_retail_pricing_v1,deterministic_business_heuristic,2026-06-04T19:20:03.676893+00:00,0
SP-7DFB8328BE|2026-05-26,SP-7DFB8328BE,,,New Balance,lifestyle,New Balance Fresh Foam X Trail More v3 Black/Pink/Yellow Women's Trail Shoes,2026-05-26,89.6,2.99,0,12,1.0,47.72,0.0,999,30,79.67,0.0,0,0,0,at_market,0,0.0,tier1,41.65,1.15,0.0,0.0,1.2,3.0,0,0.8224,no_match,0.0,movement_reconstructed,0,0.0,0.0,0.0,0.0,0.0,0.0,0.0,0.0,0.0,-18.0,-1.0,7,HOLD,rds_snapshot_history,0,,,1.0,HOLD,HOLD,0.98,0.98,inventory position is balanced; price is close to market; no urgent pricing intervention is needed,low_stock|weak_competitor_match,business_only_retail_pricing_v1,deterministic_business_heuristic,2026-06-04T19:20:03.676893+00:00,0
SP-7DFB8328BE|2026-06-02,SP-7DFB8328BE,,,New Balance,lifestyle,New Balance Fresh Foam X Trail More v3 Black/Pink/Yellow Women's Trail Shoes,2026-06-02,89.6,2.99,0,12,1.0,47.72,0.0,999,30,79.67,0.0,0,0,0,at_market,3,0.0,tier1,41.65,1.2,0.0,0.0,1.1,3.0,0,0.8224,no_match,0.0,movement_reconstructed,0,0.0,0.0,0.0,0.0,0.0,0.0,0.0,0.0,0.0,-9.0,-0.5,14,HOLD,rds_snapshot_history,0,,,1.0,HOLD,HOLD,0.98,0.98,inventory position is balanced; price is close to market; no urgent pricing intervention is needed,low_stock|weak_competitor_match,business_only_retail_pricing_v1,deterministic_business_heuristic,2026-06-04T19:20:03.676893+00:00,0
SP-7EBCBD2E4F|2026-05-26,SP-7EBCBD2E4F,,,Puma,kids,CATS CLUB Tee PS Boys,2026-05-26,65.4,2.18,0,9,1.0,54.38,0.0,999,30,10.96,0.0876,1,0,1,above_market,0,0.0,tier2,5.0,1.15,0.0,0.0,1.2,3.0,0,0.8224,same_model_family,0.851,movement_reconstructed,1,10.0,10.0,10.0,0.0,0.0,0.0,1.0,0.0,0.0,-18.0,-1.0,7,HOLD,rds_snapshot_history,0,,,1.0,HOLD,HOLD,0.6151,0.6151,inventory position is balanced; no urgent pricing intervention is needed,low_stock|low_label_confidence,business_only_retail_pricing_v1,deterministic_business_heuristic,2026-06-04T19:20:03.676893+00:00,0
SP-7EBCBD2E4F|2026-06-02,SP-7EBCBD2E4F,,,Puma,kids,CATS CLUB Tee PS Boys,2026-06-02,65.4,2.18,0,9,1.0,54.38,0.0,999,30,10.96,0.0876,1,0,1,above_market,3,0.0,tier2,5.0,1.2,0.0,0.0,1.1,3.0,0,0.8224,same_model_family,0.851,movement_reconstructed,1,10.0,10.0,10.0,0.0,0.0,0.0,1.0,0.0,0.0,-9.0,-0.5,14,HOLD,rds_snapshot_history,0,,,1.0,HOLD,HOLD,0.6151,0.6151,inventory position is balanced; no urgent pricing intervention is needed,low_stock|low_label_confidence,business_only_retail_pricing_v1,deterministic_business_heuristic,2026-06-04T19:20:03.676893+00:00,0
SP-80442AC9A2|2026-05-19,SP-80442AC9A2,,IY2155,Adidas,apparel,"3-Stripes French Terry Shorts, Purple",2026-05-19,0.0,0.0,1,0,1.0,58.74,0.0,999,30,27.92,0.0,0,0,0,at_market,0,1.0,tier1,11.52,1.15,0.0,0.0,1.2,3.0,0,0.8224,no_match,0.0,movement_reconstructed,0,0.0,0.0,0.0,0.0,0.0,0.0,0.0,0.0,0.0,0.0,0.0,0,HOLD,rds_snapshot_history,0,,,1.0,HOLD,HOLD,0.98,0.98,price is close to market; no urgent pricing intervention is needed,low_stock|weak_competitor_match,business_only_retail_pricing_v1,deterministic_business_heuristic,2026-06-04T19:20:03.676893+00:00,0
SP-80442AC9A2|2026-05-26,SP-80442AC9A2,,IY2155,Adidas,apparel,"3-Stripes French Terry Shorts, Purple",2026-05-26,51.2,1.71,0,14,1.0,58.74,0.0,999,30,27.92,0.0,0,0,0,at_market,0,0.0,tier1,11.52,1.15,0.0,0.0,1.2,3.0,0,0.8224,no_match,0.0,movement_reconstructed,0,0.0,0.0,0.0,0.0,0.0,0.0,0.0,0.0,0.0569,-14.0,-1.0,0,HOLD,rds_snapshot_history,0,,,1.0,HOLD,HOLD,0.98,0.98,inventory position is balanced; price is close to market; no urgent pricing intervention is needed,low_stock|weak_competitor_match,business_only_retail_pricing_v1,deterministic_business_heuristic,2026-06-04T19:20:03.676893+00:00,0
SP-80442AC9A2|2026-06-02,SP-80442AC9A2,,IY2155,Adidas,apparel,"3-Stripes French Terry Shorts, Purple",2026-06-02,51.2,1.71,0,14,1.0,58.74,0.0,999,30,27.92,0.0,0,0,0,at_market,3,0.0,tier1,11.52,1.2,0.0,0.0,1.1,3.0,0,0.8224,no_match,0.0,movement_reconstructed,0,0.0,0.0,0.0,0.0,0.0,0.0,0.0,0.0,0.0464,-7.0,-0.5,7,HOLD,rds_snapshot_history,0,,,1.0,HOLD,HOLD,0.98,0.98,inventory position is balanced; price is close to market; no urgent pricing intervention is needed,low_stock|weak_competitor_match,business_only_retail_pricing_v1,deterministic_business_heuristic,2026-06-04T19:20:03.676893+00:00,0
SP-823EFC5B57|2026-05-19,SP-823EFC5B57,,IN234674,New Balance,accessories,New Balance 47 Brrr Trucker Unisex Performance Cap Black,2026-05-19,0.0,0.0,1,0,1.0,60.32,0.0,999,30,48.16,0.294,1,1,1,premium,0,1.0,tier1,19.11,1.15,0.0,0.0,1.2,3.0,0,0.8224,same_model_family,0.8527,movement_reconstructed,1,34.0,35.666666666666664,39.0,0.0,0.0,0.0,0.0,0.0,0.0,0.0,0.0,0,HOLD,rds_snapshot_history,0,,,1.0,HOLD,HOLD,0.55,0.55,no urgent pricing intervention is needed,low_stock|overpriced|low_label_confidence,business_only_retail_pricing_v1,deterministic_business_heuristic,2026-06-04T19:20:03.676893+00:00,0
SP-82B46A2F76|2026-05-19,SP-82B46A2F76,,56B,La Sportiva,footwear,La Sportiva Kaptiva 2,2026-05-19,0.0,0.0,1,0,1.0,54.0,0.0,999,30,155.4,0.0,0,0,0,at_market,0,1.0,tier2,71.48,1.15,0.0,0.0,1.2,3.0,0,0.8224,no_match,0.0,movement_reconstructed,0,0.0,0.0,0.0,0.0,0.0,0.0,0.0,0.0,0.0,0.0,0.0,0,HOLD,rds_snapshot_history,0,,,1.0,HOLD,HOLD,0.98,0.98,price is close to market; no urgent pricing intervention is needed,low_stock|weak_competitor_match,business_only_retail_pricing_v1,deterministic_business_heuristic,2026-06-04T19:20:03.676893+00:00,0
SP-82B46A2F76|2026-05-26,SP-82B46A2F76,,56B,La Sportiva,footwear,La Sportiva Kaptiva 2,2026-05-26,136.6,4.55,0,35,1.0,54.0,0.0,999,30,155.4,0.0,0,0,0,at_market,0,0.0,tier2,71.48,1.15,0.0,0.0,1.2,3.0,0,0.8224,no_match,0.0,movement_reconstructed,0,0.0,0.0,0.0,0.0,0.0,0.0,0.0,0.0,0.0,-9.0,-1.0,7,CLEAR,rds_snapshot_history,0,,,1.0,HOLD,HOLD,0.98,0.98,inventory position is balanced; price is close to market; no urgent pricing intervention is needed,weak_competitor_match|stale_inventory,business_only_retail_pricing_v1,deterministic_business_heuristic,2026-06-04T19:20:03.676893+00:00,1
SP-82B46A2F76|2026-06-02,SP-82B46A2F76,,56B,La Sportiva,footwear,La Sportiva Kaptiva 2,2026-06-02,136.6,4.55,0,35,1.0,54.0,0.0,999,30,155.4,0.0,0,0,0,at_market,3,0.0,tier2,71.48,1.2,0.0,0.0,1.1,3.0,0,0.8224,no_match,0.0,movement_reconstructed,0,0.0,0.0,0.0,0.0,0.0,0.0,0.0,0.0,0.0,-4.5,-0.5,14,CLEAR,rds_snapshot_history,0,,,1.0,HOLD,HOLD,0.98,0.98,inventory position is balanced; price is close to market; no urgent pricing intervention is needed,weak_competitor_match|stale_inventory,business_only_retail_pricing_v1,deterministic_business_heuristic,2026-06-04T19:20:03.676893+00:00,1
SP-834156AAD3|2026-05-26,SP-834156AAD3,,IN233213,ON,apparel,On Club Collective Men Lifestyle Pant Black,2026-05-26,95.0,3.17,0,14,1.0,57.06,0.0,999,30,155.32,0.1952,0,1,1,premium,0,0.0,tier1,66.7,1.15,0.0,0.0,1.2,3.0,0,0.8224,same_model_family,0.7936,movement_reconstructed,1,125.0,150.88888888888889,169.0,0.0,0.0,0.0,1.0,0.5,0.0,-14.0,-1.0,7,HOLD,rds_snapshot_history,0,,,1.0,MARKDOWN,MARKDOWN,0.6126,0.6126,priced above market by 20%; stock cover is elevated (95 DOS); margin can support a markdown,low_stock|overpriced|low_label_confidence,business_only_retail_pricing_v1,deterministic_business_heuristic,2026-06-04T19:20:03.676893+00:00,1
SP-834156AAD3|2026-06-02,SP-834156AAD3,,IN233213,ON,apparel,On Club Collective Men Lifestyle Pant Black,2026-06-02,95.0,3.17,0,14,1.0,57.06,0.0,999,30,155.32,0.1952,0,1,1,premium,3,0.0,tier1,66.7,1.2,0.0,0.0,1.1,3.0,0,0.8224,same_model_family,0.793,movement_reconstructed,1,125.0,150.53846153846155,169.0,0.0,0.0,0.0,1.0,0.5,0.0,-7.0,-0.5,14,HOLD,rds_snapshot_history,0,,,1.0,MARKDOWN,MARKDOWN,0.6126,0.6126,priced above market by 20%; stock cover is elevated (95 DOS); margin can support a markdown,low_stock|overpriced|low_label_confidence,business_only_retail_pricing_v1,deterministic_business_heuristic,2026-06-04T19:20:03.676893+00:00,1
SP-86604D5CF7|2026-05-19,SP-86604D5CF7,,,New Balance,lifestyle,New balance trail fresh foam gray/pink,2026-05-19,0.0,0.0,1,0,1.0,55.14,0.0,999,30,87.39,0.0,0,0,0,at_market,0,1.0,tier1,39.2,1.15,0.0,0.0,1.2,3.0,0,0.8224,no_match,0.0,movement_reconstructed,0,0.0,0.0,0.0,0.0,0.0,0.0,1.0,0.0,0.0,0.0,0.0,0,HOLD,rds_snapshot_history,0,,,1.0,HOLD,HOLD,0.98,0.98,price is close to market; no urgent pricing intervention is needed,low_stock|weak_competitor_match,business_only_retail_pricing_v1,deterministic_business_heuristic,2026-06-04T19:20:03.676893+00:00,0
SP-86604D5CF7|2026-05-26,SP-86604D5CF7,,,New Balance,lifestyle,New balance trail fresh foam gray/pink,2026-05-26,98.3,3.28,0,12,1.0,55.14,0.0,999,30,87.39,0.0,0,0,0,at_market,0,0.0,tier1,39.2,1.15,0.0,0.0,1.2,3.0,0,0.8224,no_match,0.0,movement_reconstructed,0,0.0,0.0,0.0,0.0,0.0,0.0,1.0,0.25,0.1119,-12.0,-1.0,0,HOLD,rds_snapshot_history,0,,,1.0,HOLD,HOLD,0.98,0.98,inventory position is balanced; price is close to market; no urgent pricing intervention is needed,low_stock|weak_competitor_match,business_only_retail_pricing_v1,deterministic_business_heuristic,2026-06-04T19:20:03.676893+00:00,0
SP-86604D5CF7|2026-06-02,SP-86604D5CF7,,,New Balance,lifestyle,New balance trail fresh foam gray/pink,2026-06-02,98.3,3.28,0,12,1.0,55.14,0.0,999,30,87.39,0.0,0,0,0,at_market,3,0.0,tier1,39.2,1.2,0.0,0.0,1.1,3.0,0,0.8224,no_match,0.0,movement_reconstructed,0,0.0,0.0,0.0,0.0,0.0,0.0,1.0,0.3333,0.0913,-6.0,-0.5,7,HOLD,rds_snapshot_history,0,,,1.0,HOLD,HOLD,0.98,0.98,inventory position is balanced; price is close to market; no urgent pricing intervention is needed,low_stock|weak_competitor_match,business_only_retail_pricing_v1,deterministic_business_heuristic,2026-06-04T19:20:03.676893+00:00,0
SP-86F9AD96E6|2026-05-19,SP-86F9AD96E6,,V1GA2400,Mizuno,footwear,Mizuno Wave Lightning Z8,2026-05-19,0.0,0.0,1,0,1.0,50.0,0.0,999,30,133.2,0.0,0,0,0,at_market,0,1.0,tier2,66.6,1.15,0.0,0.0,1.2,3.0,0,0.8224,no_match,0.0,movement_reconstructed,0,0.0,0.0,0.0,0.0,0.0,0.0,0.0,0.0,0.0,0.0,0.0,0,HOLD,rds_snapshot_history,0,,,1.0,HOLD,HOLD,0.98,0.98,price is close to market; no urgent pricing intervention is needed,low_stock|weak_competitor_match,business_only_retail_pricing_v1,deterministic_business_heuristic,2026-06-04T19:20:03.676893+00:00,0
SP-86F9AD96E6|2026-05-26,SP-86F9AD96E6,,V1GA2400,Mizuno,footwear,Mizuno Wave Lightning Z8,2026-05-26,136.6,4.55,0,64,1.0,50.0,0.0,999,30,133.2,0.0,0,0,0,at_market,0,0.0,tier2,66.6,1.15,0.0,0.0,1.2,3.0,0,0.8224,no_match,0.0,movement_reconstructed,0,0.0,0.0,0.0,0.0,0.0,0.0,0.0,0.0,0.0,-12.0,-1.0,7,CLEAR,rds_snapshot_history,0,,,1.0,HOLD,HOLD,0.98,0.98,inventory position is balanced; price is close to market; no urgent pricing intervention is needed,weak_competitor_match|stale_inventory,business_only_retail_pricing_v1,deterministic_business_heuristic,2026-06-04T19:20:03.676893+00:00,1
SP-86F9AD96E6|2026-06-02,SP-86F9AD96E6,,V1GA2400,Mizuno,footwear,Mizuno Wave Lightning Z8,2026-06-02,136.6,4.55,0,64,1.0,50.0,0.0,999,30,133.2,0.0,0,0,0,at_market,3,0.0,tier2,66.6,1.2,0.0,0.0,1.1,3.0,0,0.8224,no_match,0.0,movement_reconstructed,0,0.0,0.0,0.0,0.0,0.0,0.0,0.0,0.0,0.0,-6.0,-0.5,14,CLEAR,rds_snapshot_history,0,,,1.0,HOLD,HOLD,0.98,0.98,inventory position is balanced; price is close to market; no urgent pricing intervention is needed,weak_competitor_match|stale_inventory,business_only_retail_pricing_v1,deterministic_business_heuristic,2026-06-04T19:20:03.676893+00:00,1
SP-87178E76A0|2026-05-19,SP-87178E76A0,,BL7027,Columbia,footwear,Columbia Peakfreak II OutDry W,2026-05-19,0.0,0.0,1,0,1.0,50.0,0.0,999,30,122.1,0.0,0,0,0,at_market,0,1.0,tier2,61.05,1.15,0.0,0.0,1.2,3.0,0,0.8224,no_match,0.0,movement_reconstructed,0,0.0,0.0,0.0,0.0,0.0,0.0,1.0,0.0,0.0,0.0,0.0,0,HOLD,rds_snapshot_history,0,,,1.0,HOLD,HOLD,0.98,0.98,price is close to market; no urgent pricing intervention is needed,low_stock|weak_competitor_match,business_only_retail_pricing_v1,deterministic_business_heuristic,2026-06-04T19:20:03.676893+00:00,0
SP-87178E76A0|2026-05-26,SP-87178E76A0,,BL7027,Columbia,footwear,Columbia Peakfreak II OutDry W,2026-05-26,136.6,4.55,0,35,1.0,50.0,0.0,999,30,122.1,0.0,0,0,0,at_market,0,0.0,tier2,61.05,1.15,0.0,0.0,1.2,3.0,0,0.8224,no_match,0.0,movement_reconstructed,0,0.0,0.0,0.0,0.0,0.0,0.0,1.0,0.0,0.0,-14.0,-1.0,7,CLEAR,rds_snapshot_history,0,,,1.0,HOLD,HOLD,0.98,0.98,inventory position is balanced; price is close to market; no urgent pricing intervention is needed,weak_competitor_match|stale_inventory,business_only_retail_pricing_v1,deterministic_business_heuristic,2026-06-04T19:20:03.676893+00:00,1
SP-87178E76A0|2026-06-02,SP-87178E76A0,,BL7027,Columbia,footwear,Columbia Peakfreak II OutDry W,2026-06-02,136.6,4.55,0,35,1.0,50.0,0.0,999,30,122.1,0.0,0,0,0,at_market,3,0.0,tier2,61.05,1.2,0.0,0.0,1.1,3.0,0,0.8224,no_match,0.0,movement_reconstructed,0,0.0,0.0,0.0,0.0,0.0,0.0,1.0,0.0,0.0,-7.0,-0.5,14,CLEAR,rds_snapshot_history,0,,,1.0,HOLD,HOLD,0.98,0.98,inventory position is balanced; price is close to market; no urgent pricing intervention is needed,weak_competitor_match|stale_inventory,business_only_retail_pricing_v1,deterministic_business_heuristic,2026-06-04T19:20:03.676893+00:00,1
SP-8786A633D5|2026-05-19,SP-8786A633D5,,IN219834,New Balance,other,New Balance Sport Women Performance Long Sleeve Black,2026-05-19,0.0,0.0,1,0,1.0,54.91,0.0,999,30,29.34,0.182,1,1,1,premium,0,1.0,tier1,13.23,1.15,0.0,0.0,1.2,3.0,0,0.8224,similar_product,0.6971,movement_reconstructed,1,24.0,31.33333333333333,35.0,0.0,0.0,0.0,1.0,1.0,0.0,0.0,0.0,0,HOLD,rds_snapshot_history,0,,,1.0,HOLD,HOLD,0.57,0.57,no urgent pricing intervention is needed,low_stock|overpriced|weak_competitor_match|low_label_confidence,business_only_retail_pricing_v1,deterministic_business_heuristic,2026-06-04T19:20:03.676893+00:00,0
SP-8786A633D5|2026-05-26,SP-8786A633D5,,IN219834,New Balance,other,New Balance Sport Women Performance Long Sleeve Black,2026-05-26,73.5,2.45,0,9,1.0,54.91,0.0,999,30,29.34,0.182,1,1,1,premium,0,0.0,tier1,13.23,1.15,0.0,0.0,1.2,3.0,0,0.8224,same_model_family,0.7552,movement_reconstructed,1,24.0,31.2,35.0,0.0,0.0,0.0,1.0,1.0,0.0,-9.0,-1.0,7,HOLD,rds_snapshot_history,0,,,1.0,HOLD,HOLD,0.55,0.55,inventory position is balanced; no urgent pricing intervention is needed,low_stock|overpriced|low_label_confidence,business_only_retail_pricing_v1,deterministic_business_heuristic,2026-06-04T19:20:03.676893+00:00,0
SP-8786A633D5|2026-06-02,SP-8786A633D5,,IN219834,New Balance,other,New Balance Sport Women Performance Long Sleeve Black,2026-06-02,73.5,2.45,0,9,1.0,54.91,0.0,999,30,29.34,0.182,1,1,1,premium,3,0.0,tier1,13.23,1.2,0.0,0.0,1.1,3.0,0,0.8224,same_model_family,0.7672,movement_reconstructed,1,24.0,30.25,35.0,0.0,0.0,0.0,1.0,1.0,0.0,-4.5,-0.5,14,HOLD,rds_snapshot_history,0,,,1.0,HOLD,HOLD,0.55,0.55,inventory position is balanced; no urgent pricing intervention is needed,low_stock|overpriced|low_label_confidence,business_only_retail_pricing_v1,deterministic_business_heuristic,2026-06-04T19:20:03.676893+00:00,0
SP-87CD96F6B8|2026-05-26,SP-87CD96F6B8,,IN238476,Nike,sportswear,Nike Brand Energy Infant-Boys Lifestyle Set Black,2026-05-26,58.8,1.96,0,12,1.0,56.4,0.0,999,30,44.2,0.2534,0,1,1,premium,0,0.0,tier1,19.27,1.15,0.0,0.0,1.2,3.0,0,0.8224,same_model_family,0.8391,movement_reconstructed,1,33.0,38.333333333333336,41.0,0.0,0.0,0.0,0.0,0.0,0.0,-10.0,-1.0,7,HOLD,rds_snapshot_history,0,,,1.0,HOLD,HOLD,0.67,0.67,inventory position is balanced; no urgent pricing intervention is needed,low_stock|overpriced|low_label_confidence,business_only_retail_pricing_v1,deterministic_business_heuristic,2026-06-04T19:20:03.676893+00:00,0
SP-87CD96F6B8|2026-06-02,SP-87CD96F6B8,,IN238476,Nike,sportswear,Nike Brand Energy Infant-Boys Lifestyle Set Black,2026-06-02,58.8,1.96,0,12,1.0,56.4,0.0,999,30,44.2,0.2534,0,1,1,premium,3,0.0,tier1,19.27,1.2,0.0,0.0,1.1,3.0,0,0.8224,same_model_family,0.8391,movement_reconstructed,1,33.0,38.333333333333336,41.0,0.0,0.0,0.0,0.0,0.0,0.0,-5.0,-0.5,14,HOLD,rds_snapshot_history,0,,,1.0,HOLD,HOLD,0.67,0.67,inventory position is balanced; no urgent pricing intervention is needed,low_stock|overpriced|low_label_confidence,business_only_retail_pricing_v1,deterministic_business_heuristic,2026-06-04T19:20:03.676893+00:00,0
SP-882C75963E|2026-05-19,SP-882C75963E,,IN230472,Nike,footwear,Nike Air Force 1 07 Women Lifestyle Shoes Summit White,2026-05-19,0.0,0.0,1,0,1.0,48.68,0.0,999,30,135.55,0.2918,1,1,1,premium,0,1.0,tier1,69.56,1.15,0.0,0.0,1.2,3.0,0,0.8224,same_model_family,0.8355,movement_reconstructed,1,96.0,131.6,148.0,0.0,0.0,0.0,1.0,1.0,0.0,0.0,0.0,0,HOLD,rds_snapshot_history,0,,,1.0,HOLD,HOLD,0.55,0.55,no urgent pricing intervention is needed,low_stock|overpriced|low_label_confidence,business_only_retail_pricing_v1,deterministic_business_heuristic,2026-06-04T19:20:03.676893+00:00,0
SP-882C75963E|2026-05-26,SP-882C75963E,,IN230472,Nike,footwear,Nike Air Force 1 07 Women Lifestyle Shoes Summit White,2026-05-26,136.6,4.55,0,9,1.0,48.68,0.0,999,30,135.55,0.2918,1,1,1,premium,0,0.0,tier1,69.56,1.15,0.0,0.0,1.2,3.0,0,0.8224,same_model_family,0.8355,movement_reconstructed,1,96.0,131.6,148.0,0.0,0.0,0.0,1.0,1.0,0.0,-14.0,-1.0,7,CLEAR,rds_snapshot_history,0,,,1.0,HOLD,HOLD,0.55,0.55,inventory position is balanced; no urgent pricing intervention is needed,low_stock|overpriced|stale_inventory|low_label_confidence,business_only_retail_pricing_v1,deterministic_business_heuristic,2026-06-04T19:20:03.676893+00:00,1
SP-882C75963E|2026-06-02,SP-882C75963E,,IN230472,Nike,footwear,Nike Air Force 1 07 Women Lifestyle Shoes Summit White,2026-06-02,136.6,4.55,0,9,1.0,48.68,0.0,999,30,135.55,0.2918,1,1,1,premium,3,0.0,tier1,69.56,1.2,0.0,0.0,1.1,3.0,0,0.8224,same_model_family,0.8355,movement_reconstructed,1,96.0,131.6,148.0,0.0,0.0,0.0,1.0,1.0,0.0,-7.0,-0.5,14,CLEAR,rds_snapshot_history,0,,,1.0,HOLD,HOLD,0.55,0.55,inventory position is balanced; no urgent pricing intervention is needed,low_stock|overpriced|stale_inventory|low_label_confidence,business_only_retail_pricing_v1,deterministic_business_heuristic,2026-06-04T19:20:03.676893+00:00,1
SP-8865F6A858|2026-05-19,SP-8865F6A858,,11821600,Dr. Martens,footwear,Dr. Martens 1460 Cherry Red W,2026-05-19,0.0,0.0,1,0,1.0,52.0,0.0,999,30,205.35,0.0,0,0,0,at_market,0,1.0,tier2,98.57,1.15,0.0,0.0,1.2,3.0,0,0.8224,no_match,0.0,movement_reconstructed,0,0.0,0.0,0.0,0.0,0.0,0.0,1.0,1.0,0.0,0.0,0.0,0,HOLD,rds_snapshot_history,0,,,1.0,HOLD,HOLD,0.98,0.98,price is close to market; no urgent pricing intervention is needed,low_stock|weak_competitor_match,business_only_retail_pricing_v1,deterministic_business_heuristic,2026-06-04T19:20:03.676893+00:00,0
SP-8865F6A858|2026-05-26,SP-8865F6A858,,11821600,Dr. Martens,footwear,Dr. Martens 1460 Cherry Red W,2026-05-26,136.6,4.55,0,28,1.0,52.0,0.0,999,30,205.35,0.0,0,0,0,at_market,0,0.0,tier2,98.57,1.15,0.0,0.0,1.2,3.0,0,0.8224,no_match,0.0,movement_reconstructed,0,0.0,0.0,0.0,0.0,0.0,0.0,1.0,1.0,0.0,-14.0,-1.0,7,CLEAR,rds_snapshot_history,0,,,1.0,HOLD,HOLD,0.98,0.98,inventory position is balanced; price is close to market; no urgent pricing intervention is needed,weak_competitor_match|stale_inventory,business_only_retail_pricing_v1,deterministic_business_heuristic,2026-06-04T19:20:03.676893+00:00,1
SP-8865F6A858|2026-06-02,SP-8865F6A858,,11821600,Dr. Martens,footwear,Dr. Martens 1460 Cherry Red W,2026-06-02,136.6,4.55,0,28,1.0,52.0,0.0,999,30,205.35,0.0,0,0,0,at_market,3,0.0,tier2,98.57,1.2,0.0,0.0,1.1,3.0,0,0.8224,no_match,0.0,movement_reconstructed,0,0.0,0.0,0.0,0.0,0.0,0.0,1.0,1.0,0.0,-7.0,-0.5,14,CLEAR,rds_snapshot_history,0,,,1.0,HOLD,HOLD,0.98,0.98,inventory position is balanced; price is close to market; no urgent pricing intervention is needed,weak_competitor_match|stale_inventory,business_only_retail_pricing_v1,deterministic_business_heuristic,2026-06-04T19:20:03.676893+00:00,1
SP-88DFC2BCBD|2026-05-19,SP-88DFC2BCBD,,IN203470,Nike,apparel,Nike Club Boys Lifestyle Short Black/White,2026-05-19,0.0,0.0,1,0,1.0,53.99,0.0,999,30,57.2,0.4406,1,1,1,premium,0,1.0,tier1,26.32,1.15,0.0,0.0,1.2,3.0,0,0.8224,same_model_family,0.7646,movement_reconstructed,1,32.0,46.0,56.0,0.0,0.0,0.0,0.0,0.0,0.0,0.0,0.0,0,HOLD,rds_snapshot_history,0,,,1.0,HOLD,HOLD,0.55,0.55,no urgent pricing intervention is needed,low_stock|overpriced|low_label_confidence,business_only_retail_pricing_v1,deterministic_business_heuristic,2026-06-04T19:20:03.676893+00:00,0
SP-8909E63A20|2026-05-19,SP-8909E63A20,,IN073618,Crocs,footwear,Crocs Bistro Slip Resistant Work Clog Unisex lifestyle Slippers Navy,2026-05-19,0.0,0.0,1,0,1.0,54.22,0.0,999,30,47.71,0.0358,1,1,1,at_market,0,1.0,tier2,21.84,1.15,0.0,0.0,1.2,3.0,0,0.8224,similar_product,0.6655,movement_reconstructed,1,46.0,59.27835051546392,66.0,0.0,0.0,0.0,0.0,0.0,0.0,0.0,0.0,0,HOLD,rds_snapshot_history,0,,,1.0,HOLD,HOLD,0.98,0.98,price is close to market; no urgent pricing intervention is needed,low_stock|weak_competitor_match,business_only_retail_pricing_v1,deterministic_business_heuristic,2026-06-04T19:20:03.676893+00:00,0
SP-8909E63A20|2026-05-26,SP-8909E63A20,,IN073618,Crocs,footwear,Crocs Bistro Slip Resistant Work Clog Unisex lifestyle Slippers Navy,2026-05-26,73.5,2.45,0,10,1.0,54.22,0.0,999,30,47.71,0.0358,1,1,1,at_market,0,0.0,tier2,21.84,1.15,0.0,0.0,1.2,3.0,0,0.8224,similar_product,0.6882,movement_reconstructed,1,46.0,57.51769331585845,66.0,0.0,0.0,0.0,0.0,0.0,0.0,-10.0,-1.0,7,HOLD,rds_snapshot_history,0,,,1.0,HOLD,HOLD,0.8844,0.8844,inventory position is balanced; price is close to market; no urgent pricing intervention is needed,low_stock|weak_competitor_match,business_only_retail_pricing_v1,deterministic_business_heuristic,2026-06-04T19:20:03.676893+00:00,0
SP-8909E63A20|2026-06-02,SP-8909E63A20,,IN073618,Crocs,footwear,Crocs Bistro Slip Resistant Work Clog Unisex lifestyle Slippers Navy,2026-06-02,73.5,2.45,0,10,1.0,54.22,0.0,999,30,47.71,0.0358,1,1,1,at_market,3,0.0,tier2,21.84,1.2,0.0,0.0,1.1,3.0,0,0.8224,similar_product,0.6942,movement_reconstructed,1,46.0,57.05263157894737,66.0,0.0,0.0,0.0,0.0,0.0,0.0,-5.0,-0.5,14,HOLD,rds_snapshot_history,0,,,1.0,HOLD,HOLD,0.8844,0.8844,inventory position is balanced; price is close to market; no urgent pricing intervention is needed,low_stock|weak_competitor_match,business_only_retail_pricing_v1,deterministic_business_heuristic,2026-06-04T19:20:03.676893+00:00,0
SP-89F398D858|2026-05-19,SP-89F398D858,,4266,Teva,footwear,Teva Tirra W,2026-05-19,0.0,0.0,1,0,1.0,44.99,0.0,999,30,77.7,0.0,0,0,0,at_market,0,1.0,tier2,42.74,1.15,0.0,0.0,1.2,3.0,0,0.8224,no_match,0.0,movement_reconstructed,0,0.0,0.0,0.0,0.0,0.0,0.0,0.0,0.0,0.0,0.0,0.0,0,HOLD,rds_snapshot_history,0,,,1.0,HOLD,HOLD,0.98,0.98,price is close to market; no urgent pricing intervention is needed,low_stock|weak_competitor_match,business_only_retail_pricing_v1,deterministic_business_heuristic,2026-06-04T19:20:03.676893+00:00,0
SP-89F398D858|2026-05-26,SP-89F398D858,,4266,Teva,footwear,Teva Tirra W,2026-05-26,92.8,3.09,0,42,1.0,44.99,0.0,999,30,77.7,0.0,0,0,0,at_market,0,0.0,tier2,42.74,1.15,0.0,0.0,1.2,3.0,0,0.8224,no_match,0.0,movement_reconstructed,0,0.0,0.0,0.0,0.0,0.0,0.0,0.0,0.0,0.0,-18.0,-1.0,7,HOLD,rds_snapshot_history,0,,,1.0,HOLD,HOLD,0.98,0.98,inventory position is balanced; price is close to market; no urgent pricing intervention is needed,weak_competitor_match,business_only_retail_pricing_v1,deterministic_business_heuristic,2026-06-04T19:20:03.676893+00:00,0
SP-89F398D858|2026-06-02,SP-89F398D858,,4266,Teva,footwear,Teva Tirra W,2026-06-02,92.8,3.09,0,42,1.0,44.99,0.0,999,30,77.7,0.0,0,0,0,at_market,3,0.0,tier2,42.74,1.2,0.0,0.0,1.1,3.0,0,0.8224,no_match,0.0,movement_reconstructed,0,0.0,0.0,0.0,0.0,0.0,0.0,0.0,0.0,0.0,-9.0,-0.5,14,HOLD,rds_snapshot_history,0,,,1.0,HOLD,HOLD,0.98,0.98,inventory position is balanced; price is close to market; no urgent pricing intervention is needed,weak_competitor_match,business_only_retail_pricing_v1,deterministic_business_heuristic,2026-06-04T19:20:03.676893+00:00,0
SP-8B54A344D5|2026-05-19,SP-8B54A344D5,,IN205073,New Balance,apparel,New Balance Archive Men Lifestyle Sweatshirt Athletic Grey,2026-05-19,0.0,0.0,1,0,1.0,47.29,0.0,999,30,66.93,0.2081,1,1,1,premium,0,1.0,tier1,35.28,1.15,0.0,0.0,1.2,3.0,0,0.8224,similar_product,0.731,movement_reconstructed,1,53.0,63.5,74.0,0.0,0.0,0.0,1.0,0.0,0.0,0.0,0.0,0,HOLD,rds_snapshot_history,0,,,1.0,HOLD,HOLD,0.5619,0.5619,no urgent pricing intervention is needed,low_stock|overpriced|weak_competitor_match|low_label_confidence,business_only_retail_pricing_v1,deterministic_business_heuristic,2026-06-04T19:20:03.676893+00:00,0
SP-8BD0B8EFA5|2026-05-19,SP-8BD0B8EFA5,,96613,K-Swiss,footwear,K-Swiss Hypercourt Express 2 W,2026-05-19,0.0,0.0,1,0,1.0,48.0,0.0,999,30,111.0,0.0,0,0,0,at_market,0,1.0,tier2,57.72,1.15,0.0,0.0,1.2,3.0,0,0.8224,no_match,0.0,movement_reconstructed,0,0.0,0.0,0.0,0.0,0.0,0.0,1.0,0.0,0.0,0.0,0.0,0,HOLD,rds_snapshot_history,0,,,1.0,HOLD,HOLD,0.98,0.98,price is close to market; no urgent pricing intervention is needed,low_stock|weak_competitor_match,business_only_retail_pricing_v1,deterministic_business_heuristic,2026-06-04T19:20:03.676893+00:00,0
SP-8BD0B8EFA5|2026-05-26,SP-8BD0B8EFA5,,96613,K-Swiss,footwear,K-Swiss Hypercourt Express 2 W,2026-05-26,132.6,4.42,0,42,1.0,48.0,0.0,999,30,111.0,0.0,0,0,0,at_market,0,0.0,tier2,57.72,1.15,0.0,0.0,1.2,3.0,0,0.8224,no_match,0.0,movement_reconstructed,0,0.0,0.0,0.0,0.0,0.0,0.0,0.5,0.0,0.0,-12.0,-1.0,7,CLEAR,rds_snapshot_history,0,,,1.0,HOLD,HOLD,0.98,0.98,inventory position is balanced; price is close to market; no urgent pricing intervention is needed,weak_competitor_match|stale_inventory,business_only_retail_pricing_v1,deterministic_business_heuristic,2026-06-04T19:20:03.676893+00:00,1
SP-8BD0B8EFA5|2026-06-02,SP-8BD0B8EFA5,,96613,K-Swiss,footwear,K-Swiss Hypercourt Express 2 W,2026-06-02,132.6,4.42,0,42,1.0,48.0,0.0,999,30,111.0,0.0,0,0,0,at_market,3,0.0,tier2,57.72,1.2,0.0,0.0,1.1,3.0,0,0.8224,no_match,0.0,movement_reconstructed,0,0.0,0.0,0.0,0.0,0.0,0.0,0.3333,0.0,0.0,-6.0,-0.5,14,CLEAR,rds_snapshot_history,0,,,1.0,HOLD,HOLD,0.98,0.98,inventory position is balanced; price is close to market; no urgent pricing intervention is needed,weak_competitor_match|stale_inventory,business_only_retail_pricing_v1,deterministic_business_heuristic,2026-06-04T19:20:03.676893+00:00,1
SP-8C2C7BFBA1|2026-05-19,SP-8C2C7BFBA1,,IH1478,Adidas,footwear,"Grand Court 3.0 Shoes, White",2026-05-19,0.0,0.0,1,0,1.0,50.22,0.0,999,30,121.49,0.3004,2,1,2,premium,0,1.0,tier1,60.48,1.15,0.0,0.0,1.2,3.0,0,0.8224,exact_style,0.7924,movement_reconstructed,1,85.0,65.667,126.0,0.0,0.0,0.0,0.0,1.0,0.0,0.0,0.0,0,HOLD,rds_snapshot_history,0,,,1.0,HOLD,HOLD,0.55,0.55,no urgent pricing intervention is needed,low_stock|overpriced|low_label_confidence,business_only_retail_pricing_v1,deterministic_business_heuristic,2026-06-04T19:20:03.676893+00:00,0
SP-8CE7A884DF|2026-05-19,SP-8CE7A884DF,,11838002,Dr. Martens,footwear,Dr. Martens 1461 Oxford Black M,2026-05-19,0.0,0.0,1,0,1.0,52.0,0.0,999,30,149.85,0.0,0,0,0,at_market,0,1.0,tier2,71.93,1.15,0.0,0.0,1.2,3.0,0,0.8224,no_match,0.0,movement_reconstructed,0,0.0,0.0,0.0,0.0,0.0,0.0,1.0,1.0,0.0,0.0,0.0,0,HOLD,rds_snapshot_history,0,,,1.0,HOLD,HOLD,0.98,0.98,price is close to market; no urgent pricing intervention is needed,low_stock|weak_competitor_match,business_only_retail_pricing_v1,deterministic_business_heuristic,2026-06-04T19:20:03.676893+00:00,0
SP-8CE7A884DF|2026-05-26,SP-8CE7A884DF,,11838002,Dr. Martens,footwear,Dr. Martens 1461 Oxford Black M,2026-05-26,136.6,4.55,0,28,1.0,52.0,0.0,999,30,149.85,0.0,0,0,0,at_market,0,0.0,tier2,71.93,1.15,0.0,0.0,1.2,3.0,0,0.8224,no_match,0.0,movement_reconstructed,0,0.0,0.0,0.0,0.0,0.0,0.0,1.0,1.0,0.0,-12.0,-1.0,7,CLEAR,rds_snapshot_history,0,,,1.0,HOLD,HOLD,0.98,0.98,inventory position is balanced; price is close to market; no urgent pricing intervention is needed,weak_competitor_match|stale_inventory,business_only_retail_pricing_v1,deterministic_business_heuristic,2026-06-04T19:20:03.676893+00:00,1
SP-8CE7A884DF|2026-06-02,SP-8CE7A884DF,,11838002,Dr. Martens,footwear,Dr. Martens 1461 Oxford Black M,2026-06-02,136.6,4.55,0,28,1.0,52.0,0.0,999,30,149.85,0.0,0,0,0,at_market,3,0.0,tier2,71.93,1.2,0.0,0.0,1.1,3.0,0,0.8224,no_match,0.0,movement_reconstructed,0,0.0,0.0,0.0,0.0,0.0,0.0,1.0,1.0,0.0,-6.0,-0.5,14,CLEAR,rds_snapshot_history,0,,,1.0,HOLD,HOLD,0.98,0.98,inventory position is balanced; price is close to market; no urgent pricing intervention is needed,weak_competitor_match|stale_inventory,business_only_retail_pricing_v1,deterministic_business_heuristic,2026-06-04T19:20:03.676893+00:00,1
SP-8DA54A884E|2026-05-19,SP-8DA54A884E,,IX1248,Adidas,apparel,Adidas All Szn Men Sportswear Hoody Black,2026-05-19,0.0,0.0,1,0,1.0,57.29,0.0,999,30,107.34,0.3106,1,1,2,premium,0,1.0,tier1,45.84,1.15,0.0,0.0,1.2,3.0,0,0.8224,exact_style,0.8296,movement_reconstructed,1,74.0,11.876,95.0,0.0,0.0,0.0,1.0,1.0,0.0,0.0,0.0,0,HOLD,rds_snapshot_history,0,,,1.0,HOLD,HOLD,0.6093,0.6093,no urgent pricing intervention is needed,low_stock|overpriced|low_label_confidence,business_only_retail_pricing_v1,deterministic_business_heuristic,2026-06-04T19:20:03.676893+00:00,0
SP-8DB0F3B215|2026-05-19,SP-8DB0F3B215,,IN216414,The North Face,kids,The North Face Easy Kids Lifestyle Long Sleeve White,2026-05-19,0.0,0.0,1,0,1.0,54.62,0.0,999,30,24.79,0.0,0,0,0,at_market,0,1.0,tier1,11.25,1.15,0.0,0.0,1.2,3.0,0,0.8224,no_match,0.0,movement_reconstructed,0,0.0,0.0,0.0,0.0,0.0,0.0,1.0,1.0,0.0,0.0,0.0,0,HOLD,rds_snapshot_history,0,,,1.0,HOLD,HOLD,0.98,0.98,price is close to market; no urgent pricing intervention is needed,low_stock|weak_competitor_match,business_only_retail_pricing_v1,deterministic_business_heuristic,2026-06-04T19:20:03.676893+00:00,0
SP-8DB0F3B215|2026-05-26,SP-8DB0F3B215,,IN216414,The North Face,kids,The North Face Easy Kids Lifestyle Long Sleeve White,2026-05-26,65.4,2.18,0,9,1.0,54.62,0.0,999,30,24.79,0.1932,1,1,1,premium,0,0.0,tier1,11.25,1.15,0.0,0.0,1.2,3.0,0,0.8224,same_model_family,0.7615,movement_reconstructed,1,20.0,32.457142857142856,47.0,0.0,0.0,0.0,1.0,1.0,0.0844,-12.0,-1.0,0,HOLD,rds_snapshot_history,0,,,1.0,HOLD,HOLD,0.55,0.55,inventory position is balanced; no urgent pricing intervention is needed,low_stock|overpriced|low_label_confidence,business_only_retail_pricing_v1,deterministic_business_heuristic,2026-06-04T19:20:03.676893+00:00,0
SP-8DB0F3B215|2026-06-02,SP-8DB0F3B215,,IN216414,The North Face,kids,The North Face Easy Kids Lifestyle Long Sleeve White,2026-06-02,65.4,2.18,0,9,1.0,54.62,0.0,999,30,24.79,0.1932,1,1,1,premium,3,0.0,tier1,11.25,1.2,0.0,0.0,1.1,3.0,0,0.8224,same_model_family,0.7633,movement_reconstructed,1,20.0,32.111111111111114,47.0,0.0,0.0,0.0,1.0,1.0,0.0689,-6.0,-0.5,7,HOLD,rds_snapshot_history,0,,,1.0,HOLD,HOLD,0.55,0.55,inventory position is balanced; no urgent pricing intervention is needed,low_stock|overpriced|low_label_confidence,business_only_retail_pricing_v1,deterministic_business_heuristic,2026-06-04T19:20:03.676893+00:00,0
SP-8DEF4856DC|2026-05-19,SP-8DEF4856DC,,IN232276,Nike,footwear,Nike Air Jordan 1 Men Lifestyle Shoes Sail/Blue/Lava/White,2026-05-19,0.0,0.0,1,0,1.0,57.95,0.0,999,30,188.91,0.2166,1,1,1,premium,0,1.0,tier1,79.43,1.15,0.0,0.0,1.2,3.0,0,0.8224,same_model_family,0.8314,movement_reconstructed,1,148.0,172.2,192.0,0.0,0.0,0.0,0.0,1.0,0.0,0.0,0.0,0,HOLD,rds_snapshot_history,0,,,1.0,HOLD,HOLD,0.55,0.55,no urgent pricing intervention is needed,low_stock|overpriced|low_label_confidence,business_only_retail_pricing_v1,deterministic_business_heuristic,2026-06-04T19:20:03.676893+00:00,0
SP-8DEF4856DC|2026-05-26,SP-8DEF4856DC,,IN232276,Nike,footwear,Nike Air Jordan 1 Men Lifestyle Shoes Sail/Blue/Lava/White,2026-05-26,136.6,4.55,0,10,1.0,57.95,0.0,999,30,188.91,0.2166,1,1,1,premium,0,0.0,tier1,79.43,1.15,0.0,0.0,1.2,3.0,0,0.8224,same_model_family,0.8306,movement_reconstructed,1,148.0,168.88888888888889,192.0,0.0,0.0,0.0,0.0,1.0,0.0,-9.0,-1.0,7,CLEAR,rds_snapshot_history,0,,,1.0,HOLD,HOLD,0.55,0.55,inventory position is balanced; no urgent pricing intervention is needed,low_stock|overpriced|stale_inventory|low_label_confidence,business_only_retail_pricing_v1,deterministic_business_heuristic,2026-06-04T19:20:03.676893+00:00,1
SP-8DEF4856DC|2026-06-02,SP-8DEF4856DC,,IN232276,Nike,footwear,Nike Air Jordan 1 Men Lifestyle Shoes Sail/Blue/Lava/White,2026-06-02,136.6,4.55,0,10,1.0,57.95,0.0,999,30,188.91,0.2166,1,1,1,premium,3,0.0,tier1,79.43,1.2,0.0,0.0,1.1,3.0,0,0.8224,same_model_family,0.8246,movement_reconstructed,1,148.0,168.57142857142858,192.0,0.0,0.0,0.0,0.0,1.0,0.0,-4.5,-0.5,14,CLEAR,rds_snapshot_history,0,,,1.0,HOLD,HOLD,0.55,0.55,inventory position is balanced; no urgent pricing intervention is needed,low_stock|overpriced|stale_inventory|low_label_confidence,business_only_retail_pricing_v1,deterministic_business_heuristic,2026-06-04T19:20:03.676893+00:00,1
SP-8EDF34B77B|2026-05-19,SP-8EDF34B77B,,IN226849,New Balance,apparel,New Balance Athletics French Terry Logo Men Lifestyle Hoody Black,2026-05-19,0.0,0.0,1,0,1.0,55.12,0.0,999,30,96.07,0.4795,1,1,1,premium,0,1.0,tier1,43.12,1.15,0.0,0.0,1.2,3.0,0,0.8224,same_model_family,0.8274,movement_reconstructed,1,50.0,70.0,88.0,0.0,0.0,0.0,0.0,0.0,0.0,0.0,0.0,0,HOLD,rds_snapshot_history,0,,,1.0,HOLD,HOLD,0.55,0.55,no urgent pricing intervention is needed,low_stock|overpriced|low_label_confidence,business_only_retail_pricing_v1,deterministic_business_heuristic,2026-06-04T19:20:03.676893+00:00,0
SP-8F8A2E507A|2026-05-19,SP-8F8A2E507A,,IN232094,Nike,footwear,Nike Air Jordan 1 Low Women Lifestyle Shoes Mystic Hibiscus,2026-05-19,0.0,0.0,1,0,1.0,58.87,0.0,999,30,193.14,0.2337,1,1,1,premium,0,1.0,tier1,79.43,1.15,0.0,0.0,1.2,3.0,0,0.8224,same_model_family,0.9073,movement_reconstructed,1,148.0,205.75,225.0,0.0,0.0,0.0,0.0,0.0,0.0,0.0,0.0,0,HOLD,rds_snapshot_history,0,,,1.0,HOLD,HOLD,0.55,0.55,no urgent pricing intervention is needed,low_stock|overpriced|low_label_confidence,business_only_retail_pricing_v1,deterministic_business_heuristic,2026-06-04T19:20:03.676893+00:00,0
SP-8F8A2E507A|2026-05-26,SP-8F8A2E507A,,IN232094,Nike,footwear,Nike Air Jordan 1 Low Women Lifestyle Shoes Mystic Hibiscus,2026-05-26,136.6,4.55,0,11,1.0,58.87,0.0,999,30,193.14,0.2337,1,1,1,premium,0,0.0,tier1,79.43,1.15,0.0,0.0,1.2,3.0,0,0.8224,same_model_family,0.9073,movement_reconstructed,1,148.0,205.75,225.0,0.0,0.0,0.0,0.5,0.0,0.0272,-6.0,-1.0,0,CLEAR,rds_snapshot_history,0,,,1.0,HOLD,HOLD,0.55,0.55,inventory position is balanced; no urgent pricing intervention is needed,low_stock|overpriced|stale_inventory|low_label_confidence,business_only_retail_pricing_v1,deterministic_business_heuristic,2026-06-04T19:20:03.676893+00:00,1
SP-8F8A2E507A|2026-06-02,SP-8F8A2E507A,,IN232094,Nike,footwear,Nike Air Jordan 1 Low Women Lifestyle Shoes Mystic Hibiscus,2026-06-02,136.6,4.55,0,11,1.0,58.87,0.0,999,30,193.14,0.2337,1,1,1,premium,3,0.0,tier1,79.43,1.2,0.0,0.0,1.1,3.0,0,0.8224,same_model_family,0.9073,movement_reconstructed,1,148.0,205.75,225.0,0.0,0.0,0.0,0.6667,0.0,0.0222,-3.0,-0.5,7,CLEAR,rds_snapshot_history,0,,,1.0,HOLD,HOLD,0.55,0.55,inventory position is balanced; no urgent pricing intervention is needed,low_stock|overpriced|stale_inventory|low_label_confidence,business_only_retail_pricing_v1,deterministic_business_heuristic,2026-06-04T19:20:03.676893+00:00,1
SP-90BB09D2CD|2026-05-19,SP-90BB09D2CD,,IN233210,ON,apparel,On Club Collective Men Lifestyle T-Shirt Black,2026-05-19,0.0,0.0,1,0,1.0,48.59,0.0,999,30,70.68,0.2501,1,1,1,premium,0,1.0,tier1,36.34,1.15,0.0,0.0,1.2,3.0,0,0.8224,same_model_family,0.8011,movement_reconstructed,1,53.0,64.0,69.0,0.0,0.0,0.0,1.0,1.0,0.0,0.0,0.0,0,HOLD,rds_snapshot_history,0,,,1.0,HOLD,HOLD,0.55,0.55,no urgent pricing intervention is needed,low_stock|overpriced|low_label_confidence,business_only_retail_pricing_v1,deterministic_business_heuristic,2026-06-04T19:20:03.676893+00:00,0
SP-92437D4CE3|2026-05-19,SP-92437D4CE3,,IN213549,Nike,other,Nike Df Pacer Men Running Long Sleeve Black,2026-05-19,0.0,0.0,1,0,1.0,56.55,0.0,999,30,86.53,-0.0285,1,1,1,at_market,0,1.0,tier1,37.6,1.15,0.0,0.0,1.2,3.0,0,0.8224,similar_product,0.7576,movement_reconstructed,1,89.0,89.0,89.0,0.0,0.0,0.0,1.0,1.0,0.0,0.0,0.0,0,HOLD,rds_snapshot_history,0,,,1.0,HOLD,HOLD,0.98,0.98,price is close to market; no urgent pricing intervention is needed,low_stock|weak_competitor_match,business_only_retail_pricing_v1,deterministic_business_heuristic,2026-06-04T19:20:03.676893+00:00,0
SP-92437D4CE3|2026-05-26,SP-92437D4CE3,,IN213549,Nike,other,Nike Df Pacer Men Running Long Sleeve Black,2026-05-26,103.4,3.45,0,9,1.0,56.55,0.0,999,30,86.53,0.5608,1,1,1,premium,0,0.0,tier1,37.6,1.15,0.0,0.0,1.2,3.0,0,0.8224,same_model_family,0.7865,movement_reconstructed,1,38.0,64.54545454545455,89.0,0.0,0.0,0.0,1.0,1.0,0.0,-9.0,-1.0,7,HOLD,rds_snapshot_history,0,,,1.0,HOLD,HOLD,0.55,0.55,inventory position is balanced; no urgent pricing intervention is needed,low_stock|overpriced|low_label_confidence,business_only_retail_pricing_v1,deterministic_business_heuristic,2026-06-04T19:20:03.676893+00:00,0
SP-92437D4CE3|2026-06-02,SP-92437D4CE3,,IN213549,Nike,other,Nike Df Pacer Men Running Long Sleeve Black,2026-06-02,103.4,3.45,0,9,1.0,56.55,0.0,999,30,86.53,0.5608,1,1,1,premium,3,0.0,tier1,37.6,1.2,0.0,0.0,1.1,3.0,0,0.8224,same_model_family,0.777,movement_reconstructed,1,38.0,65.0,89.0,0.0,0.0,0.0,1.0,1.0,0.0,-4.5,-0.5,14,HOLD,rds_snapshot_history,0,,,1.0,HOLD,HOLD,0.55,0.55,inventory position is balanced; no urgent pricing intervention is needed,low_stock|overpriced|low_label_confidence,business_only_retail_pricing_v1,deterministic_business_heuristic,2026-06-04T19:20:03.676893+00:00,0
SP-928176DAC9|2026-05-19,SP-928176DAC9,,IN232938,New Balance,footwear,New Balance 1440 Men Running Shoes Black,2026-05-19,0.0,0.0,1,0,1.0,60.04,0.0,999,30,133.65,0.1844,1,0,1,premium,0,1.0,tier1,53.41,1.15,0.0,0.0,1.2,3.0,0,0.8224,same_model_family,0.9484,movement_reconstructed,1,109.0,109.0,109.0,0.0,0.0,0.0,1.0,0.0,0.0,0.0,0.0,0,HOLD,rds_snapshot_history,0,,,1.0,HOLD,HOLD,0.55,0.55,no urgent pricing intervention is needed,low_stock|overpriced|low_label_confidence,business_only_retail_pricing_v1,deterministic_business_heuristic,2026-06-04T19:20:03.676893+00:00,0
SP-928176DAC9|2026-05-26,SP-928176DAC9,,IN232938,New Balance,footwear,New Balance 1440 Men Running Shoes Black,2026-05-26,136.6,4.55,0,10,1.0,60.04,0.0,999,30,133.65,0.2892,1,1,1,premium,0,0.0,tier1,53.41,1.15,0.0,0.0,1.2,3.0,0,0.8224,same_model_family,0.7635,movement_reconstructed,1,95.0,112.2,150.0,0.0,0.0,0.0,1.0,0.0,0.0,-9.0,-1.0,7,CLEAR,rds_snapshot_history,0,,,1.0,HOLD,HOLD,0.55,0.55,inventory position is balanced; no urgent pricing intervention is needed,low_stock|overpriced|stale_inventory|low_label_confidence,business_only_retail_pricing_v1,deterministic_business_heuristic,2026-06-04T19:20:03.676893+00:00,1
SP-928176DAC9|2026-06-02,SP-928176DAC9,,IN232938,New Balance,footwear,New Balance 1440 Men Running Shoes Black,2026-06-02,136.6,4.55,0,10,1.0,60.04,0.0,999,30,133.65,0.2892,1,1,1,premium,3,0.0,tier1,53.41,1.2,0.0,0.0,1.1,3.0,0,0.8224,same_model_family,0.7493,movement_reconstructed,1,95.0,113.16666666666669,150.0,0.0,0.0,0.0,1.0,0.0,0.0,-4.5,-0.5,14,CLEAR,rds_snapshot_history,0,,,1.0,HOLD,HOLD,0.55,0.55,inventory position is balanced; no urgent pricing intervention is needed,low_stock|overpriced|stale_inventory|low_label_confidence,business_only_retail_pricing_v1,deterministic_business_heuristic,2026-06-04T19:20:03.676893+00:00,1
SP-9358D6C153|2026-05-19,SP-9358D6C153,,,Puma,kids,FEED YOUR PUMA Backpack PRIME Kids,2026-05-19,0.0,0.0,1,0,1.0,50.37,0.0,999,30,60.45,0.0,0,0,0,at_market,0,1.0,tier2,30.0,1.15,0.0,0.0,1.2,3.0,0,0.8224,no_match,0.0,movement_reconstructed,0,0.0,0.0,0.0,0.0,0.0,0.0,1.0,1.0,0.0,0.0,0.0,0,HOLD,rds_snapshot_history,0,,,1.0,HOLD,HOLD,0.98,0.98,price is close to market; no urgent pricing intervention is needed,low_stock|weak_competitor_match,business_only_retail_pricing_v1,deterministic_business_heuristic,2026-06-04T19:20:03.676893+00:00,0
SP-9358D6C153|2026-05-26,SP-9358D6C153,,,Puma,kids,FEED YOUR PUMA Backpack PRIME Kids,2026-05-26,65.4,2.18,0,9,1.0,50.37,0.0,999,30,60.45,0.0,0,0,0,at_market,0,0.0,tier2,30.0,1.15,0.0,0.0,1.2,3.0,0,0.8224,no_match,0.0,movement_reconstructed,0,0.0,0.0,0.0,0.0,0.0,0.0,1.0,1.0,0.0501,-14.0,-1.0,0,HOLD,rds_snapshot_history,0,,,1.0,HOLD,HOLD,0.98,0.98,inventory position is balanced; price is close to market; no urgent pricing intervention is needed,low_stock|weak_competitor_match,business_only_retail_pricing_v1,deterministic_business_heuristic,2026-06-04T19:20:03.676893+00:00,0
SP-9358D6C153|2026-06-02,SP-9358D6C153,,,Puma,kids,FEED YOUR PUMA Backpack PRIME Kids,2026-06-02,65.4,2.18,0,9,1.0,50.37,0.0,999,30,60.45,0.0,0,0,0,at_market,3,0.0,tier2,30.0,1.2,0.0,0.0,1.1,3.0,0,0.8224,no_match,0.0,movement_reconstructed,0,0.0,0.0,0.0,0.0,0.0,0.0,1.0,1.0,0.0409,-7.0,-0.5,7,HOLD,rds_snapshot_history,0,,,1.0,HOLD,HOLD,0.98,0.98,inventory position is balanced; price is close to market; no urgent pricing intervention is needed,low_stock|weak_competitor_match,business_only_retail_pricing_v1,deterministic_business_heuristic,2026-06-04T19:20:03.676893+00:00,0
SP-946B9D03B0|2026-05-26,SP-946B9D03B0,,IN233454,ON,apparel,On 3 Inch Court 2 In 1 Women Tennis Short White,2026-05-26,76.0,2.53,0,14,1.0,50.22,0.0,999,30,91.49,0.1365,1,1,1,above_market,0,0.0,tier1,45.54,1.15,0.0,0.0,1.2,3.0,0,0.8224,same_model_family,0.8379,movement_reconstructed,1,79.0,99.8,111.0,0.0,0.0,0.0,0.0,0.0,0.0,-14.0,-1.0,7,HOLD,rds_snapshot_history,0,,,1.0,MARKDOWN,MARKDOWN,0.5877,0.5877,priced above market by 14%; competitors are discounting; margin can support a markdown,low_stock|overpriced|low_label_confidence,business_only_retail_pricing_v1,deterministic_business_heuristic,2026-06-04T19:20:03.676893+00:00,1
SP-946B9D03B0|2026-06-02,SP-946B9D03B0,,IN233454,ON,apparel,On 3 Inch Court 2 In 1 Women Tennis Short White,2026-06-02,76.0,2.53,0,14,1.0,50.22,0.0,999,30,91.49,0.1365,1,1,1,above_market,3,0.0,tier1,45.54,1.2,0.0,0.0,1.1,3.0,0,0.8224,same_model_family,0.8379,movement_reconstructed,1,79.0,99.8,111.0,0.0,0.0,0.0,0.0,0.0,0.0,-7.0,-0.5,14,HOLD,rds_snapshot_history,0,,,1.0,MARKDOWN,MARKDOWN,0.5877,0.5877,priced above market by 14%; competitors are discounting; margin can support a markdown,low_stock|overpriced|low_label_confidence,business_only_retail_pricing_v1,deterministic_business_heuristic,2026-06-04T19:20:03.676893+00:00,1
SP-950A524EDF|2026-05-19,SP-950A524EDF,,IN207946,Bogner,swimwear,Bogner Nelson 2 Men Beach Swim Short Black,2026-05-19,0.0,0.0,1,0,1.0,52.08,0.0,999,30,107.42,0.0,0,0,0,at_market,0,1.0,tier3,51.48,1.45,0.3,0.0,1.7,3.0,0,0.8224,no_match,0.0,movement_reconstructed,0,0.0,0.0,0.0,0.0,0.0,0.0,0.0,1.0,0.0,0.0,0.0,0,HOLD,rds_snapshot_history,0,,,1.0,HOLD,HOLD,0.98,0.98,price is close to market; no urgent pricing intervention is needed,low_stock|weak_competitor_match,business_only_retail_pricing_v1,deterministic_business_heuristic,2026-06-04T19:20:03.676893+00:00,0
SP-950A524EDF|2026-05-26,SP-950A524EDF,,IN207946,Bogner,swimwear,Bogner Nelson 2 Men Beach Swim Short Black,2026-05-26,171.1,5.7,0,9,1.0,52.08,0.0,999,30,107.42,0.4042,1,1,1,premium,0,0.0,tier3,51.48,1.45,0.3,0.0,1.7,3.0,0,0.8224,same_model_family,0.9259,movement_reconstructed,1,64.0,84.7741935483871,105.0,0.0,0.0,0.0,0.0,1.0,0.0,-9.0,-1.0,7,CLEAR,rds_snapshot_history,0,,,1.0,HOLD,HOLD,0.55,0.55,inventory position is balanced; no urgent pricing intervention is needed,low_stock|overpriced|stale_inventory|low_label_confidence,business_only_retail_pricing_v1,deterministic_business_heuristic,2026-06-04T19:20:03.676893+00:00,1
SP-950A524EDF|2026-06-02,SP-950A524EDF,,IN207946,Bogner,swimwear,Bogner Nelson 2 Men Beach Swim Short Black,2026-06-02,171.1,5.7,0,9,1.0,52.08,0.0,999,30,107.42,0.4042,1,1,1,premium,3,0.0,tier3,51.48,1.7,0.5,0.0,1.6,3.0,0,0.8224,same_model_family,0.9252,movement_reconstructed,1,64.0,84.1,105.0,0.0,0.0,0.0,0.0,1.0,0.0,-4.5,-0.5,14,CLEAR,rds_snapshot_history,0,,,1.0,HOLD,HOLD,0.55,0.55,inventory position is balanced; no urgent pricing intervention is needed,low_stock|overpriced|stale_inventory|low_label_confidence,business_only_retail_pricing_v1,deterministic_business_heuristic,2026-06-04T19:20:03.676893+00:00,1
SP-95F89E6174|2026-05-19,SP-95F89E6174,,IN222361,Nike,accessories,Nike Academy Team S Unisex Training Bags Cases And Luggage Black/White,2026-05-19,0.0,0.0,1,0,1.0,59.24,0.0,999,30,68.03,0.0,0,0,0,at_market,0,1.0,tier1,27.73,1.15,0.0,0.0,1.2,3.0,0,0.8224,no_match,0.0,movement_reconstructed,0,0.0,0.0,0.0,0.0,0.0,0.0,0.0,0.0,0.0,0.0,0.0,0,HOLD,rds_snapshot_history,0,,,1.0,HOLD,HOLD,0.98,0.98,price is close to market; no urgent pricing intervention is needed,low_stock|weak_competitor_match,business_only_retail_pricing_v1,deterministic_business_heuristic,2026-06-04T19:20:03.676893+00:00,0
SP-95F89E6174|2026-05-26,SP-95F89E6174,,IN222361,Nike,accessories,Nike Academy Team S Unisex Training Bags Cases And Luggage Black/White,2026-05-26,50.0,1.67,0,18,1.0,59.24,0.0,999,30,68.03,0.0,0,0,0,at_market,0,0.0,tier1,27.73,1.15,0.0,0.0,1.2,3.0,0,0.8224,no_match,0.0,movement_reconstructed,0,0.0,0.0,0.0,0.0,0.0,0.0,0.0,0.0,0.0,-40.0,-1.0,7,PROMOTE,rds_snapshot_history,0,,,1.0,HOLD,HOLD,0.98,0.98,inventory position is balanced; price is close to market; no urgent pricing intervention is needed,weak_competitor_match,business_only_retail_pricing_v1,deterministic_business_heuristic,2026-06-04T19:20:03.676893+00:00,1
SP-95F89E6174|2026-06-02,SP-95F89E6174,,IN222361,Nike,accessories,Nike Academy Team S Unisex Training Bags Cases And Luggage Black/White,2026-06-02,50.0,1.67,0,18,1.0,59.24,0.0,999,30,68.03,0.0,0,0,0,at_market,3,0.0,tier1,27.73,1.2,0.0,0.0,1.1,3.0,0,0.8224,no_match,0.0,movement_reconstructed,0,0.0,0.0,0.0,0.0,0.0,0.0,0.0,0.0,0.0,-20.0,-0.5,14,PROMOTE,rds_snapshot_history,0,,,1.0,HOLD,HOLD,0.98,0.98,inventory position is balanced; price is close to market; no urgent pricing intervention is needed,weak_competitor_match,business_only_retail_pricing_v1,deterministic_business_heuristic,2026-06-04T19:20:03.676893+00:00,1
SP-966ED5B129|2026-05-19,SP-966ED5B129,,IN233465,ON,football_boots,On Studio High Waist Women Training 7/8 Tight Black,2026-05-19,0.0,0.0,1,0,1.0,53.51,0.0,999,30,143.48,0.0,0,0,0,at_market,0,1.0,tier1,66.7,1.15,0.0,0.0,1.2,3.0,0,0.8224,no_match,0.0,movement_reconstructed,0,0.0,0.0,0.0,0.0,0.0,0.0,1.0,1.0,0.0,0.0,0.0,0,HOLD,rds_snapshot_history,0,,,1.0,HOLD,HOLD,0.98,0.98,price is close to market; no urgent pricing intervention is needed,low_stock|weak_competitor_match,business_only_retail_pricing_v1,deterministic_business_heuristic,2026-06-04T19:20:03.676893+00:00,0
SP-966ED5B129|2026-05-26,SP-966ED5B129,,IN233465,ON,football_boots,On Studio High Waist Women Training 7/8 Tight Black,2026-05-26,156.1,5.2,0,7,1.0,53.51,0.0,999,30,143.48,0.0,0,0,0,at_market,0,0.0,tier1,66.7,1.15,0.0,0.0,1.2,3.0,0,0.8224,no_match,0.0,movement_reconstructed,0,0.0,0.0,0.0,0.0,0.0,0.0,1.0,1.0,0.0,-10.0,-1.0,7,CLEAR,rds_snapshot_history,0,,,1.0,HOLD,HOLD,0.98,0.98,price is close to market; no urgent pricing intervention is needed,low_stock|weak_competitor_match|stale_inventory,business_only_retail_pricing_v1,deterministic_business_heuristic,2026-06-04T19:20:03.676893+00:00,1
SP-966ED5B129|2026-06-02,SP-966ED5B129,,IN233465,ON,football_boots,On Studio High Waist Women Training 7/8 Tight Black,2026-06-02,156.1,5.2,0,7,1.0,53.51,0.0,999,30,143.48,0.0,0,0,0,at_market,3,0.0,tier1,66.7,1.2,0.0,0.0,1.1,3.0,0,0.8224,no_match,0.0,movement_reconstructed,0,0.0,0.0,0.0,0.0,0.0,0.0,1.0,1.0,0.0,-5.0,-0.5,14,CLEAR,rds_snapshot_history,0,,,1.0,HOLD,HOLD,0.98,0.98,price is close to market; no urgent pricing intervention is needed,low_stock|weak_competitor_match|stale_inventory,business_only_retail_pricing_v1,deterministic_business_heuristic,2026-06-04T19:20:03.676893+00:00,1
SP-9775ACFE6C|2026-05-19,SP-9775ACFE6C,,IN204251,Crocs,kids,Crocs Classic Neo Puff Kids Lifestyle After Ski Navy/Gum,2026-05-19,0.0,0.0,1,0,1.0,55.02,0.0,999,30,57.8,0.0,0,0,0,at_market,0,1.0,tier2,26.0,1.15,0.0,0.0,1.2,3.0,0,0.8224,no_match,0.0,movement_reconstructed,0,0.0,0.0,0.0,0.0,0.0,0.0,0.0,0.0,0.0,0.0,0.0,0,HOLD,rds_snapshot_history,0,,,1.0,HOLD,HOLD,0.98,0.98,price is close to market; no urgent pricing intervention is needed,low_stock|weak_competitor_match,business_only_retail_pricing_v1,deterministic_business_heuristic,2026-06-04T19:20:03.676893+00:00,0
SP-9775ACFE6C|2026-05-26,SP-9775ACFE6C,,IN204251,Crocs,kids,Crocs Classic Neo Puff Kids Lifestyle After Ski Navy/Gum,2026-05-26,65.4,2.18,0,9,1.0,55.02,0.0,999,30,57.8,0.1349,1,1,1,above_market,0,0.0,tier2,26.0,1.15,0.0,0.0,1.2,3.0,0,0.8224,same_model_family,0.9466,movement_reconstructed,1,50.0,50.0,50.0,0.0,0.0,0.0,0.0,0.0,0.0,-12.0,-1.0,7,HOLD,rds_snapshot_history,0,,,1.0,HOLD,HOLD,0.55,0.55,inventory position is balanced; no urgent pricing intervention is needed,low_stock|overpriced|low_label_confidence,business_only_retail_pricing_v1,deterministic_business_heuristic,2026-06-04T19:20:03.676893+00:00,0
SP-9775ACFE6C|2026-06-02,SP-9775ACFE6C,,IN204251,Crocs,kids,Crocs Classic Neo Puff Kids Lifestyle After Ski Navy/Gum,2026-06-02,65.4,2.18,0,9,1.0,55.02,0.0,999,30,57.8,0.1349,1,1,1,above_market,3,0.0,tier2,26.0,1.2,0.0,0.0,1.1,3.0,0,0.8224,same_model_family,0.9466,movement_reconstructed,1,50.0,50.0,50.0,0.0,0.0,0.0,0.0,0.0,0.0,-6.0,-0.5,14,HOLD,rds_snapshot_history,0,,,1.0,HOLD,HOLD,0.55,0.55,inventory position is balanced; no urgent pricing intervention is needed,low_stock|overpriced|low_label_confidence,business_only_retail_pricing_v1,deterministic_business_heuristic,2026-06-04T19:20:03.676893+00:00,0
SP-97D88E812C|2026-05-19,SP-97D88E812C,,J1GD2403,Mizuno,footwear,Mizuno Wave Rider 28 W,2026-05-19,0.0,0.0,1,0,1.0,50.0,0.0,999,30,155.4,0.0,0,0,0,at_market,0,1.0,tier2,77.7,1.15,0.0,0.0,1.2,3.0,0,0.8224,no_match,0.0,movement_reconstructed,0,0.0,0.0,0.0,0.0,0.0,0.0,1.0,1.0,0.0,0.0,0.0,0,HOLD,rds_snapshot_history,0,,,1.0,HOLD,HOLD,0.98,0.98,price is close to market; no urgent pricing intervention is needed,low_stock|weak_competitor_match,business_only_retail_pricing_v1,deterministic_business_heuristic,2026-06-04T19:20:03.676893+00:00,0
SP-97D88E812C|2026-05-26,SP-97D88E812C,,J1GD2403,Mizuno,footwear,Mizuno Wave Rider 28 W,2026-05-26,136.6,4.55,0,42,1.0,50.0,0.0,999,30,155.4,0.0,0,0,0,at_market,0,0.0,tier2,77.7,1.15,0.0,0.0,1.2,3.0,0,0.8224,no_match,0.0,movement_reconstructed,0,0.0,0.0,0.0,0.0,0.0,0.0,1.0,1.0,0.0,-9.0,-1.0,7,CLEAR,rds_snapshot_history,0,,,1.0,HOLD,HOLD,0.98,0.98,inventory position is balanced; price is close to market; no urgent pricing intervention is needed,weak_competitor_match|stale_inventory,business_only_retail_pricing_v1,deterministic_business_heuristic,2026-06-04T19:20:03.676893+00:00,1
SP-97D88E812C|2026-06-02,SP-97D88E812C,,J1GD2403,Mizuno,footwear,Mizuno Wave Rider 28 W,2026-06-02,136.6,4.55,0,42,1.0,50.0,0.0,999,30,155.4,0.0,0,0,0,at_market,3,0.0,tier2,77.7,1.2,0.0,0.0,1.1,3.0,0,0.8224,no_match,0.0,movement_reconstructed,0,0.0,0.0,0.0,0.0,0.0,0.0,1.0,1.0,0.0,-4.5,-0.5,14,CLEAR,rds_snapshot_history,0,,,1.0,HOLD,HOLD,0.98,0.98,inventory position is balanced; price is close to market; no urgent pricing intervention is needed,weak_competitor_match|stale_inventory,business_only_retail_pricing_v1,deterministic_business_heuristic,2026-06-04T19:20:03.676893+00:00,1
SP-9AA8578AF3|2026-05-19,SP-9AA8578AF3,,IN234702,New Balance,accessories,New Balance 47 Clean Up Unisex Lifestyle Cap Black,2026-05-19,0.0,0.0,1,0,1.0,46.79,0.0,999,30,32.23,0.2243,1,1,1,premium,0,1.0,tier1,17.15,1.15,0.0,0.0,1.2,3.0,0,0.8224,same_model_family,0.7502,movement_reconstructed,1,25.0,31.5,39.0,0.0,0.0,0.0,1.0,1.0,0.0,0.0,0.0,0,HOLD,rds_snapshot_history,0,,,1.0,HOLD,HOLD,0.55,0.55,no urgent pricing intervention is needed,low_stock|overpriced|low_label_confidence,business_only_retail_pricing_v1,deterministic_business_heuristic,2026-06-04T19:20:03.676893+00:00,0
SP-9D3EC934A6|2026-05-26,SP-9D3EC934A6,,IN204429,Nike,accessories,Nike Academy Team M Unisex Training Bag Black/White,2026-05-26,56.8,1.89,0,18,1.0,59.26,0.0,999,30,77.29,0.0038,0,0,1,at_market,0,0.0,tier1,31.49,1.15,0.0,0.0,1.2,3.0,0,0.8224,same_model_family,0.9056,movement_reconstructed,1,77.0,77.0,77.0,0.0,0.0,0.0,1.0,1.0,0.0,-9.0,-1.0,7,PROMOTE,rds_snapshot_history,0,,,1.0,PROMOTE,PROMOTE,0.55,0.55,strong seasonality (1.15); healthy stock position (57 DOS); margin supports promotion,low_label_confidence,business_only_retail_pricing_v1,deterministic_business_heuristic,2026-06-04T19:20:03.676893+00:00,0
SP-9D3EC934A6|2026-06-02,SP-9D3EC934A6,,IN204429,Nike,accessories,Nike Academy Team M Unisex Training Bag Black/White,2026-06-02,56.8,1.89,0,18,1.0,59.26,0.0,999,30,77.29,0.0038,0,0,1,at_market,3,0.0,tier1,31.49,1.2,0.0,0.0,1.1,3.0,0,0.8224,same_model_family,0.9056,movement_reconstructed,1,77.0,77.0,77.0,0.0,0.0,0.0,1.0,1.0,0.0,-4.5,-0.5,14,PROMOTE,rds_snapshot_history,0,,,1.0,PROMOTE,PROMOTE,0.55,0.55,strong seasonality (1.20); healthy stock position (57 DOS); margin supports promotion,low_label_confidence,business_only_retail_pricing_v1,deterministic_business_heuristic,2026-06-04T19:20:03.676893+00:00,0
SP-9DB6B598F6|2026-05-26,SP-9DB6B598F6,,ID8887,Adidas,footwear,"4Dfwd 4 Running Shoes, White",2026-05-26,116.1,3.87,0,12,1.0,58.05,0.0,999,30,145.33,-0.0321,2,1,2,at_market,0,0.0,tier1,60.96,1.15,0.0,0.0,1.2,3.0,0,0.8224,exact_style,0.925,movement_reconstructed,1,150.0,80.8188,127.0,0.0,0.0,0.0,0.0,0.0,0.0,-88.0,-1.0,7,HOLD,rds_snapshot_history,0,,,1.0,HOLD,HOLD,0.6499,0.6499,inventory position is balanced; price is close to market; no urgent pricing intervention is needed,low_stock|low_label_confidence,business_only_retail_pricing_v1,deterministic_business_heuristic,2026-06-04T19:20:03.676893+00:00,0
SP-9DB6B598F6|2026-06-02,SP-9DB6B598F6,,ID8887,Adidas,footwear,"4Dfwd 4 Running Shoes, White",2026-06-02,116.1,3.87,0,12,1.0,58.05,0.0,999,30,145.33,-0.0321,2,1,2,at_market,3,0.0,tier1,60.96,1.2,0.0,0.0,1.1,3.0,0,0.8224,exact_style,0.8969,movement_reconstructed,1,150.0,63.5008,127.0,0.0,0.0,0.0,0.0,0.0,0.0,-44.0,-0.5,14,HOLD,rds_snapshot_history,0,,,1.0,HOLD,HOLD,0.6499,0.6499,inventory position is balanced; price is close to market; no urgent pricing intervention is needed,low_stock|low_label_confidence,business_only_retail_pricing_v1,deterministic_business_heuristic,2026-06-04T19:20:03.676893+00:00,0
SP-9DE0BC17BB|2026-05-19,SP-9DE0BC17BB,,IN226859,New Balance,apparel,New Balance Athletics Graphic Men Performanc T-Shirt Black,2026-05-19,0.0,0.0,1,0,1.0,60.32,0.0,999,30,48.16,0.1902,1,1,1,premium,0,1.0,tier1,19.11,1.15,0.0,0.0,1.2,3.0,0,0.8224,same_model_family,0.8549,movement_reconstructed,1,39.0,44.0,49.0,0.0,0.0,0.0,1.0,1.0,0.0,0.0,0.0,0,HOLD,rds_snapshot_history,0,,,1.0,HOLD,HOLD,0.55,0.55,no urgent pricing intervention is needed,low_stock|overpriced|low_label_confidence,business_only_retail_pricing_v1,deterministic_business_heuristic,2026-06-04T19:20:03.676893+00:00,0
SP-9E192AAE8B|2026-05-19,SP-9E192AAE8B,,IN223598,New Balance,footwear,New Balance 1906R Women Lifestyle Shoes Silver Metalic,2026-05-19,0.0,0.0,1,0,1.0,44.01,0.0,999,30,176.78,0.2533,1,1,1,premium,0,1.0,tier1,98.98,1.15,0.0,0.0,1.2,3.0,0,0.8224,same_model_family,0.8226,movement_reconstructed,1,132.0,176.0,202.0,0.0,0.0,0.0,0.0,0.0,0.0,0.0,0.0,0,HOLD,rds_snapshot_history,0,,,1.0,HOLD,HOLD,0.5569,0.5569,no urgent pricing intervention is needed,low_stock|overpriced|low_label_confidence,business_only_retail_pricing_v1,deterministic_business_heuristic,2026-06-04T19:20:03.676893+00:00,0
SP-9E98D31333|2026-05-19,SP-9E98D31333,,IN202162,New Balance,apparel,New Balance Athletics Men Lifestyle T-Shirt Ash Heather,2026-05-19,0.0,0.0,1,0,1.0,59.5,0.0,999,30,59.28,0.4265,1,1,1,premium,0,1.0,tier1,24.01,1.15,0.0,0.0,1.2,3.0,0,0.8224,same_model_family,0.7471,movement_reconstructed,1,34.0,41.66666666666666,55.0,0.0,0.0,0.0,0.0,0.0,0.0,0.0,0.0,0,HOLD,rds_snapshot_history,0,,,1.0,HOLD,HOLD,0.55,0.55,no urgent pricing intervention is needed,low_stock|overpriced|low_label_confidence,business_only_retail_pricing_v1,deterministic_business_heuristic,2026-06-04T19:20:03.676893+00:00,0
SP-A2AD690C12|2026-05-19,SP-A2AD690C12,,IN233478,ON,accessories,On All Day Unisex Lifestyle Cap Navy,2026-05-19,0.0,0.0,1,0,1.0,60.05,0.0,999,30,67.94,-0.1039,0,0,1,below_market,0,1.0,tier1,27.14,1.15,0.0,0.0,1.2,3.0,0,0.8224,similar_product,0.723,movement_reconstructed,1,75.0,75.0,75.0,0.0,0.0,0.0,0.0,0.0,0.0,0.0,0.0,0,HOLD,rds_snapshot_history,0,,,1.0,HOLD,HOLD,0.98,0.98,no urgent pricing intervention is needed,low_stock|weak_competitor_match,business_only_retail_pricing_v1,deterministic_business_heuristic,2026-06-04T19:20:03.676893+00:00,0
SP-A2AD690C12|2026-05-26,SP-A2AD690C12,,IN233478,ON,accessories,On All Day Unisex Lifestyle Cap Navy,2026-05-26,50.0,1.67,0,18,1.0,60.05,0.0,999,30,67.94,-0.1039,0,0,1,below_market,0,0.0,tier1,27.14,1.15,0.0,0.0,1.2,3.0,0,0.8224,similar_product,0.723,movement_reconstructed,1,75.0,75.0,75.0,0.0,0.0,0.0,0.0,0.0,0.0,-35.0,-1.0,7,PROMOTE,rds_snapshot_history,0,,,1.0,PROMOTE,PROMOTE,0.55,0.55,strong seasonality (1.15); healthy stock position (50 DOS); margin supports promotion,weak_competitor_match|low_label_confidence,business_only_retail_pricing_v1,deterministic_business_heuristic,2026-06-04T19:20:03.676893+00:00,0
SP-A2AD690C12|2026-06-02,SP-A2AD690C12,,IN233478,ON,accessories,On All Day Unisex Lifestyle Cap Navy,2026-06-02,50.0,1.67,0,18,1.0,60.05,0.0,999,30,67.94,-0.1039,0,0,1,below_market,3,0.0,tier1,27.14,1.2,0.0,0.0,1.1,3.0,0,0.8224,similar_product,0.723,movement_reconstructed,1,75.0,75.0,75.0,0.0,0.0,0.0,0.0,0.0,0.0,-17.5,-0.5,14,PROMOTE,rds_snapshot_history,0,,,1.0,PROMOTE,PROMOTE,0.55,0.55,strong seasonality (1.20); healthy stock position (50 DOS); margin supports promotion,weak_competitor_match|low_label_confidence,business_only_retail_pricing_v1,deterministic_business_heuristic,2026-06-04T19:20:03.676893+00:00,0
SP-A2C7D98A61|2026-05-26,SP-A2C7D98A61,,IN224311,Billabong,swimwear,Billabong All Day Layback Boys Beach Swim Short Lemon,2026-05-26,98.0,3.27,0,9,1.0,50.08,0.0,999,30,24.04,0.3344,1,1,1,premium,0,0.0,tier3,12.0,1.45,0.3,0.0,1.7,3.0,0,0.8224,same_model_family,0.8442,movement_reconstructed,1,16.0,29.405405405405407,49.0,0.0,0.0,0.0,0.0,0.0,0.0,-14.0,-1.0,7,HOLD,rds_snapshot_history,0,,,1.0,HOLD,HOLD,0.55,0.55,inventory position is balanced; no urgent pricing intervention is needed,low_stock|overpriced|low_label_confidence,business_only_retail_pricing_v1,deterministic_business_heuristic,2026-06-04T19:20:03.676893+00:00,0
SP-A2C7D98A61|2026-06-02,SP-A2C7D98A61,,IN224311,Billabong,swimwear,Billabong All Day Layback Boys Beach Swim Short Lemon,2026-06-02,98.0,3.27,0,9,1.0,50.08,0.0,999,30,24.04,0.3344,1,1,1,premium,3,0.0,tier3,12.0,1.7,0.5,0.0,1.6,3.0,0,0.8224,same_model_family,0.8535,movement_reconstructed,1,16.0,27.125,49.0,0.0,0.0,0.0,0.0,0.0,0.0,-7.0,-0.5,14,HOLD,rds_snapshot_history,0,,,1.0,HOLD,HOLD,0.55,0.55,inventory position is balanced; no urgent pricing intervention is needed,low_stock|overpriced|low_label_confidence,business_only_retail_pricing_v1,deterministic_business_heuristic,2026-06-04T19:20:03.676893+00:00,0
SP-A2F2F1E782|2026-05-19,SP-A2F2F1E782,,,Puma,football_boots,FUTURE 7 ULTIMATE FG36-45,2026-05-19,0.0,0.0,1,0,1.0,51.73,0.0,999,30,77.68,0.0,0,0,0,at_market,0,1.0,tier2,37.5,1.15,0.0,0.0,1.2,3.0,0,0.8224,no_match,0.0,movement_reconstructed,0,0.0,0.0,0.0,0.0,0.0,0.0,1.0,1.0,0.0,0.0,0.0,0,HOLD,rds_snapshot_history,0,,,1.0,HOLD,HOLD,0.98,0.98,price is close to market; no urgent pricing intervention is needed,low_stock|weak_competitor_match,business_only_retail_pricing_v1,deterministic_business_heuristic,2026-06-04T19:20:03.676893+00:00,0
SP-A2F2F1E782|2026-05-26,SP-A2F2F1E782,,,Puma,football_boots,FUTURE 7 ULTIMATE FG36-45,2026-05-26,106.1,3.54,0,10,1.0,51.73,0.0,999,30,77.68,0.0,0,0,0,at_market,0,0.0,tier2,37.5,1.15,0.0,0.0,1.2,3.0,0,0.8224,no_match,0.0,movement_reconstructed,0,0.0,0.0,0.0,0.0,0.0,0.0,1.0,1.0,0.0105,-14.0,-1.0,7,HOLD,rds_snapshot_history,0,,,1.0,HOLD,HOLD,0.98,0.98,inventory position is balanced; price is close to market; no urgent pricing intervention is needed,low_stock|weak_competitor_match,business_only_retail_pricing_v1,deterministic_business_heuristic,2026-06-04T19:20:03.676893+00:00,0
SP-A2F2F1E782|2026-06-02,SP-A2F2F1E782,,,Puma,football_boots,FUTURE 7 ULTIMATE FG36-45,2026-06-02,106.1,3.54,0,10,1.0,51.73,0.0,999,30,77.68,0.0,0,0,0,at_market,3,0.0,tier2,37.5,1.2,0.0,0.0,1.1,3.0,0,0.8224,no_match,0.0,movement_reconstructed,0,0.0,0.0,0.0,0.0,0.0,0.0,1.0,1.0,0.0086,-7.0,-0.5,14,HOLD,rds_snapshot_history,0,,,1.0,HOLD,HOLD,0.98,0.98,inventory position is balanced; price is close to market; no urgent pricing intervention is needed,low_stock|weak_competitor_match,business_only_retail_pricing_v1,deterministic_business_heuristic,2026-06-04T19:20:03.676893+00:00,0
SP-A31AD355C0|2026-05-19,SP-A31AD355C0,,060401,Birkenstock,footwear,Birkenstock Boston Clog M,2026-05-19,0.0,0.0,1,0,1.0,52.0,0.0,999,30,166.5,0.0,0,0,0,at_market,0,1.0,tier2,79.92,1.15,0.0,0.0,1.2,3.0,0,0.8224,no_match,0.0,movement_reconstructed,0,0.0,0.0,0.0,0.0,0.0,0.0,0.0,0.0,0.0,0.0,0.0,0,HOLD,rds_snapshot_history,0,,,1.0,HOLD,HOLD,0.98,0.98,price is close to market; no urgent pricing intervention is needed,low_stock|weak_competitor_match,business_only_retail_pricing_v1,deterministic_business_heuristic,2026-06-04T19:20:03.676893+00:00,0
SP-A31AD355C0|2026-05-26,SP-A31AD355C0,,060401,Birkenstock,footwear,Birkenstock Boston Clog M,2026-05-26,136.6,4.55,0,28,1.0,52.0,0.0,999,30,166.5,0.0,0,0,0,at_market,0,0.0,tier2,79.92,1.15,0.0,0.0,1.2,3.0,0,0.8224,no_match,0.0,movement_reconstructed,0,0.0,0.0,0.0,0.0,0.0,0.0,0.0,0.0,0.0,-12.0,-1.0,7,CLEAR,rds_snapshot_history,0,,,1.0,HOLD,HOLD,0.98,0.98,inventory position is balanced; price is close to market; no urgent pricing intervention is needed,weak_competitor_match|stale_inventory,business_only_retail_pricing_v1,deterministic_business_heuristic,2026-06-04T19:20:03.676893+00:00,1
SP-A31AD355C0|2026-06-02,SP-A31AD355C0,,060401,Birkenstock,footwear,Birkenstock Boston Clog M,2026-06-02,136.6,4.55,0,28,1.0,52.0,0.0,999,30,166.5,0.0,0,0,0,at_market,3,0.0,tier2,79.92,1.2,0.0,0.0,1.1,3.0,0,0.8224,no_match,0.0,movement_reconstructed,0,0.0,0.0,0.0,0.0,0.0,0.0,0.0,0.0,0.0,-6.0,-0.5,14,CLEAR,rds_snapshot_history,0,,,1.0,HOLD,HOLD,0.98,0.98,inventory position is balanced; price is close to market; no urgent pricing intervention is needed,weak_competitor_match|stale_inventory,business_only_retail_pricing_v1,deterministic_business_heuristic,2026-06-04T19:20:03.676893+00:00,1
SP-A4B321429E|2026-05-19,SP-A4B321429E,,IN232104,Nike,footwear,Nike Air Force 1 07 Lv8 Men Lifestyle Shoes Black/Wolf Grey,2026-05-19,0.0,0.0,1,0,1.0,54.71,0.0,999,30,160.86,0.1608,1,1,1,premium,0,1.0,tier1,72.85,1.15,0.0,0.0,1.2,3.0,0,0.8224,same_model_family,0.8976,movement_reconstructed,1,135.0,157.27272727272728,207.0,0.0,0.0,0.0,0.0,0.0,0.0,0.0,0.0,0,HOLD,rds_snapshot_history,0,,,1.0,HOLD,HOLD,0.6164,0.6164,no urgent pricing intervention is needed,low_stock|overpriced|low_label_confidence,business_only_retail_pricing_v1,deterministic_business_heuristic,2026-06-04T19:20:03.676893+00:00,0
SP-A544BF76A8|2026-05-19,SP-A544BF76A8,,IN226441,Nike,sportswear,Nike One Keyhole Women Training Bra Black,2026-05-19,0.0,0.0,1,0,1.0,53.12,0.0,999,30,47.12,0.1935,1,1,1,premium,0,1.0,tier1,22.09,1.15,0.0,0.0,1.2,3.0,0,0.8224,same_model_family,0.7906,movement_reconstructed,1,38.0,41.85714285714285,47.0,0.0,0.0,0.0,1.0,1.0,0.0,0.0,0.0,0,HOLD,rds_snapshot_history,0,,,1.0,HOLD,HOLD,0.5566,0.5566,no urgent pricing intervention is needed,low_stock|overpriced|low_label_confidence,business_only_retail_pricing_v1,deterministic_business_heuristic,2026-06-04T19:20:03.676893+00:00,0
SP-A66350455D|2026-05-19,SP-A66350455D,,1028987,Keen,footwear,Keen Targhee IV Mid WP,2026-05-19,0.0,0.0,1,0,1.0,52.0,0.0,999,30,183.15,0.0,0,0,0,at_market,0,1.0,tier2,87.91,1.15,0.0,0.0,1.2,3.0,0,0.8224,no_match,0.0,movement_reconstructed,0,0.0,0.0,0.0,0.0,0.0,0.0,1.0,0.0,0.0,0.0,0.0,0,HOLD,rds_snapshot_history,0,,,1.0,HOLD,HOLD,0.98,0.98,price is close to market; no urgent pricing intervention is needed,low_stock|weak_competitor_match,business_only_retail_pricing_v1,deterministic_business_heuristic,2026-06-04T19:20:03.676893+00:00,0
SP-A66350455D|2026-05-26,SP-A66350455D,,1028987,Keen,footwear,Keen Targhee IV Mid WP,2026-05-26,136.6,4.55,0,40,1.0,52.0,0.0,999,30,183.15,0.0,0,0,0,at_market,0,0.0,tier2,87.91,1.15,0.0,0.0,1.2,3.0,0,0.8224,no_match,0.0,movement_reconstructed,0,0.0,0.0,0.0,0.0,0.0,0.0,1.0,0.5,0.2342,-14.0,-1.0,0,CLEAR,rds_snapshot_history,0,,,1.0,HOLD,HOLD,0.98,0.98,inventory position is balanced; price is close to market; no urgent pricing intervention is needed,weak_competitor_match|stale_inventory,business_only_retail_pricing_v1,deterministic_business_heuristic,2026-06-04T19:20:03.676893+00:00,1
SP-A66350455D|2026-06-02,SP-A66350455D,,1028987,Keen,footwear,Keen Targhee IV Mid WP,2026-06-02,136.6,4.55,0,40,1.0,52.0,0.0,999,30,183.15,0.0,0,0,0,at_market,3,0.0,tier2,87.91,1.2,0.0,0.0,1.1,3.0,0,0.8224,no_match,0.0,movement_reconstructed,0,0.0,0.0,0.0,0.0,0.0,0.0,1.0,0.6667,0.1912,-7.0,-0.5,7,CLEAR,rds_snapshot_history,0,,,1.0,HOLD,HOLD,0.98,0.98,inventory position is balanced; price is close to market; no urgent pricing intervention is needed,weak_competitor_match|stale_inventory,business_only_retail_pricing_v1,deterministic_business_heuristic,2026-06-04T19:20:03.676893+00:00,1
SP-A670A1698B|2026-05-19,SP-A670A1698B,,IN229217,The North Face,kids,The North Face Baby 1996 Retro Nuptse One Piece Boys Hiking Suit Tnf Black,2026-05-19,0.0,0.0,1,0,1.0,61.51,0.0,999,30,196.39,0.2871,1,1,1,premium,0,1.0,tier1,75.6,1.15,0.0,0.0,1.2,3.0,0,0.8224,same_model_family,0.7171,movement_reconstructed,1,140.0,147.0,168.0,0.0,0.0,0.0,0.0,0.5,0.0,0.0,0.0,0,HOLD,rds_snapshot_history,0,,,1.0,HOLD,HOLD,0.55,0.55,no urgent pricing intervention is needed,low_stock|overpriced|low_label_confidence,business_only_retail_pricing_v1,deterministic_business_heuristic,2026-06-04T19:20:03.676893+00:00,0
SP-A670A1698B|2026-05-26,SP-A670A1698B,,IN229217,The North Face,kids,The North Face Baby 1996 Retro Nuptse One Piece Boys Hiking Suit Tnf Black,2026-05-26,121.4,4.05,0,9,1.0,61.51,0.0,999,30,196.39,0.2871,1,1,1,premium,0,0.0,tier1,75.6,1.15,0.0,0.0,1.2,3.0,0,0.8224,same_model_family,0.7171,movement_reconstructed,1,140.0,147.0,168.0,0.0,0.0,0.0,0.25,0.5,0.201,-14.0,-1.0,0,CLEAR,rds_snapshot_history,0,,,1.0,HOLD,HOLD,0.55,0.55,inventory position is balanced; no urgent pricing intervention is needed,low_stock|overpriced|stale_inventory|low_label_confidence,business_only_retail_pricing_v1,deterministic_business_heuristic,2026-06-04T19:20:03.676893+00:00,1
SP-A670A1698B|2026-06-02,SP-A670A1698B,,IN229217,The North Face,kids,The North Face Baby 1996 Retro Nuptse One Piece Boys Hiking Suit Tnf Black,2026-06-02,121.4,4.05,0,9,1.0,61.51,0.0,999,30,196.39,0.2871,1,1,1,premium,3,0.0,tier1,75.6,1.2,0.0,0.0,1.1,3.0,0,0.8224,same_model_family,0.7171,movement_reconstructed,1,140.0,147.0,168.0,0.0,0.0,0.0,0.3333,0.5,0.1641,-7.0,-0.5,7,CLEAR,rds_snapshot_history,0,,,1.0,HOLD,HOLD,0.55,0.55,inventory position is balanced; no urgent pricing intervention is needed,low_stock|overpriced|stale_inventory|low_label_confidence,business_only_retail_pricing_v1,deterministic_business_heuristic,2026-06-04T19:20:03.676893+00:00,1
SP-A756F33BA2|2026-05-19,SP-A756F33BA2,,IN234704,New Balance,accessories,New Balance 47 Clean Up Women Lifestyle Cap Pink Granite,2026-05-19,0.0,0.0,1,0,1.0,63.09,0.0,999,30,46.46,0.0,0,0,0,at_market,0,1.0,tier1,17.15,1.15,0.0,0.0,1.2,3.0,0,0.8224,no_match,0.0,movement_reconstructed,0,0.0,0.0,0.0,0.0,0.0,0.0,0.0,0.0,0.0,0.0,0.0,0,HOLD,rds_snapshot_history,0,,,1.0,HOLD,HOLD,0.98,0.98,price is close to market; no urgent pricing intervention is needed,low_stock|weak_competitor_match,business_only_retail_pricing_v1,deterministic_business_heuristic,2026-06-04T19:20:03.676893+00:00,0
SP-A756F33BA2|2026-05-26,SP-A756F33BA2,,IN234704,New Balance,accessories,New Balance 47 Clean Up Women Lifestyle Cap Pink Granite,2026-05-26,45.2,1.51,0,18,1.0,63.09,0.0,999,30,46.46,0.0,0,0,0,at_market,0,0.0,tier1,17.15,1.15,0.0,0.0,1.2,3.0,0,0.8224,no_match,0.0,movement_reconstructed,0,0.0,0.0,0.0,0.0,0.0,0.0,0.0,0.0,0.0,-14.0,-1.0,7,PROMOTE,rds_snapshot_history,0,,,1.0,HOLD,HOLD,0.98,0.98,inventory position is balanced; price is close to market; no urgent pricing intervention is needed,weak_competitor_match,business_only_retail_pricing_v1,deterministic_business_heuristic,2026-06-04T19:20:03.676893+00:00,1
SP-A756F33BA2|2026-06-02,SP-A756F33BA2,,IN234704,New Balance,accessories,New Balance 47 Clean Up Women Lifestyle Cap Pink Granite,2026-06-02,45.2,1.51,0,18,1.0,63.09,0.0,999,30,46.46,0.0,0,0,0,at_market,3,0.0,tier1,17.15,1.2,0.0,0.0,1.1,3.0,0,0.8224,no_match,0.0,movement_reconstructed,0,0.0,0.0,0.0,0.0,0.0,0.0,0.0,0.0,0.0,-7.0,-0.5,14,PROMOTE,rds_snapshot_history,0,,,1.0,HOLD,HOLD,0.98,0.98,inventory position is balanced; price is close to market; no urgent pricing intervention is needed,weak_competitor_match,business_only_retail_pricing_v1,deterministic_business_heuristic,2026-06-04T19:20:03.676893+00:00,1
SP-A766A3D4CB|2026-05-19,SP-A766A3D4CB,,IN230183,Nike,footwear,Nike Air Force 1 Gs-Girls Lifestyle Shoes White/Pink,2026-05-19,0.0,0.0,1,0,1.0,54.67,0.0,999,30,118.21,0.3317,1,1,1,premium,0,1.0,tier1,53.58,1.15,0.0,0.0,1.2,3.0,0,0.8224,same_model_family,0.8189,movement_reconstructed,1,79.0,123.66666666666669,174.0,0.0,0.0,0.0,1.0,1.0,0.0,0.0,0.0,0,HOLD,rds_snapshot_history,0,,,1.0,HOLD,HOLD,0.55,0.55,no urgent pricing intervention is needed,low_stock|overpriced|low_label_confidence,business_only_retail_pricing_v1,deterministic_business_heuristic,2026-06-04T19:20:03.676893+00:00,0
SP-A766A3D4CB|2026-05-26,SP-A766A3D4CB,,IN230183,Nike,footwear,Nike Air Force 1 Gs-Girls Lifestyle Shoes White/Pink,2026-05-26,136.6,4.55,0,9,1.0,54.67,0.0,999,30,118.21,0.3486,1,1,1,premium,0,0.0,tier1,53.58,1.15,0.0,0.0,1.2,3.0,0,0.8224,same_model_family,0.8173,movement_reconstructed,1,77.0,113.66666666666669,174.0,0.0,0.0,0.0,1.0,1.0,0.0532,-9.0,-1.0,0,CLEAR,rds_snapshot_history,0,,,1.0,HOLD,HOLD,0.55,0.55,inventory position is balanced; no urgent pricing intervention is needed,low_stock|overpriced|stale_inventory|low_label_confidence,business_only_retail_pricing_v1,deterministic_business_heuristic,2026-06-04T19:20:03.676893+00:00,1
SP-A766A3D4CB|2026-06-02,SP-A766A3D4CB,,IN230183,Nike,footwear,Nike Air Force 1 Gs-Girls Lifestyle Shoes White/Pink,2026-06-02,136.6,4.55,0,9,1.0,54.67,0.0,999,30,118.21,0.3486,1,1,1,premium,3,0.0,tier1,53.58,1.2,0.0,0.0,1.1,3.0,0,0.8224,same_model_family,0.8167,movement_reconstructed,1,77.0,110.33333333333331,174.0,0.0,0.0,0.0,1.0,1.0,0.0435,-4.5,-0.5,7,CLEAR,rds_snapshot_history,0,,,1.0,HOLD,HOLD,0.55,0.55,inventory position is balanced; no urgent pricing intervention is needed,low_stock|overpriced|stale_inventory|low_label_confidence,business_only_retail_pricing_v1,deterministic_business_heuristic,2026-06-04T19:20:03.676893+00:00,1
SP-A8890E7A65|2026-05-26,SP-A8890E7A65,,IN234708,New Balance,accessories,New Balance 47 Hitch Men Lifestyle Cap Team Away Grey,2026-05-26,45.2,1.51,0,18,1.0,51.79,0.0,999,30,39.64,0.0161,0,0,1,at_market,0,0.0,tier1,19.11,1.15,0.0,0.0,1.2,3.0,0,0.8224,same_model_family,0.98,movement_reconstructed,1,39.0,39.0,39.0,0.0,0.0,0.0,0.0,0.0,0.0,-14.0,-1.0,7,PROMOTE,rds_snapshot_history,0,,,1.0,PROMOTE,PROMOTE,0.55,0.55,strong seasonality (1.15); healthy stock position (45 DOS); margin supports promotion,low_label_confidence,business_only_retail_pricing_v1,deterministic_business_heuristic,2026-06-04T19:20:03.676893+00:00,0
SP-A8890E7A65|2026-06-02,SP-A8890E7A65,,IN234708,New Balance,accessories,New Balance 47 Hitch Men Lifestyle Cap Team Away Grey,2026-06-02,45.2,1.51,0,18,1.0,51.79,0.0,999,30,39.64,0.0161,0,0,1,at_market,3,0.0,tier1,19.11,1.2,0.0,0.0,1.1,3.0,0,0.8224,same_model_family,0.98,movement_reconstructed,1,39.0,39.0,39.0,0.0,0.0,0.0,0.0,0.0,0.0,-7.0,-0.5,14,PROMOTE,rds_snapshot_history,0,,,1.0,PROMOTE,PROMOTE,0.55,0.55,strong seasonality (1.20); healthy stock position (45 DOS); margin supports promotion,low_label_confidence,business_only_retail_pricing_v1,deterministic_business_heuristic,2026-06-04T19:20:03.676893+00:00,0
SP-AA3A19B5B7|2026-05-19,SP-AA3A19B5B7,,IN234813,New Balance,footwear,New Balance 1000 Women Lifestyle Shoes Silver Metallic,2026-05-19,0.0,0.0,1,0,1.0,54.47,0.0,999,30,246.43,0.5212,1,1,1,premium,0,1.0,tier1,112.21,1.15,0.0,0.0,1.2,3.0,0,0.8224,same_model_family,0.8292,movement_reconstructed,1,118.0,202.0,275.0,0.0,0.0,0.0,0.0,0.0,0.0,0.0,0.0,0,HOLD,rds_snapshot_history,0,,,1.0,HOLD,HOLD,0.55,0.55,no urgent pricing intervention is needed,low_stock|overpriced|low_label_confidence,business_only_retail_pricing_v1,deterministic_business_heuristic,2026-06-04T19:20:03.676893+00:00,0
SP-AA3A19B5B7|2026-05-26,SP-AA3A19B5B7,,IN234813,New Balance,footwear,New Balance 1000 Women Lifestyle Shoes Silver Metallic,2026-05-26,136.6,4.55,0,10,1.0,54.47,0.0,999,30,246.43,0.5212,1,1,1,premium,0,0.0,tier1,112.21,1.15,0.0,0.0,1.2,3.0,0,0.8224,same_model_family,0.8292,movement_reconstructed,1,118.0,202.0,275.0,0.0,0.0,0.0,0.0,0.0,0.0,-50.0,-1.0,7,CLEAR,rds_snapshot_history,0,,,1.0,HOLD,HOLD,0.55,0.55,inventory position is balanced; no urgent pricing intervention is needed,low_stock|overpriced|stale_inventory|low_label_confidence,business_only_retail_pricing_v1,deterministic_business_heuristic,2026-06-04T19:20:03.676893+00:00,1
SP-AA3A19B5B7|2026-06-02,SP-AA3A19B5B7,,IN234813,New Balance,footwear,New Balance 1000 Women Lifestyle Shoes Silver Metallic,2026-06-02,136.6,4.55,0,10,1.0,54.47,0.0,999,30,246.43,0.5212,1,1,1,premium,3,0.0,tier1,112.21,1.2,0.0,0.0,1.1,3.0,0,0.8224,same_model_family,0.8292,movement_reconstructed,1,118.0,202.0,275.0,0.0,0.0,0.0,0.0,0.0,0.0,-25.0,-0.5,14,CLEAR,rds_snapshot_history,0,,,1.0,HOLD,HOLD,0.55,0.55,inventory position is balanced; no urgent pricing intervention is needed,low_stock|overpriced|stale_inventory|low_label_confidence,business_only_retail_pricing_v1,deterministic_business_heuristic,2026-06-04T19:20:03.676893+00:00,1
SP-AA4107C9BC|2026-05-19,SP-AA4107C9BC,,IN219653,New Balance,apparel,New Balance Athletics Logo Men Lifestyle T-Shirt Dream State,2026-05-19,0.0,0.0,1,0,1.0,57.88,0.0,999,30,39.55,0.3173,1,1,1,premium,0,1.0,tier1,16.66,1.15,0.0,0.0,1.2,3.0,0,0.8224,same_model_family,0.7776,movement_reconstructed,1,27.0,35.1,39.0,0.0,0.0,0.0,1.0,1.0,0.0,0.0,0.0,0,HOLD,rds_snapshot_history,0,,,1.0,HOLD,HOLD,0.55,0.55,no urgent pricing intervention is needed,low_stock|overpriced|low_label_confidence,business_only_retail_pricing_v1,deterministic_business_heuristic,2026-06-04T19:20:03.676893+00:00,0
SP-AADCC2E724|2026-05-26,SP-AADCC2E724,,IN239482,Nike,other,Nike Flex Classic 6 Packs Unisex Training Band Multicolor,2026-05-26,73.5,2.45,0,9,1.0,45.8,0.0,999,30,12.14,0.1763,1,1,1,premium,0,0.0,tier1,6.58,1.15,0.0,0.0,1.2,3.0,0,0.8224,same_model_family,0.855,movement_reconstructed,1,10.0,11.8,14.0,0.0,0.0,0.0,0.0,0.0,0.0,-28.0,-1.0,7,HOLD,rds_snapshot_history,0,,,1.0,HOLD,HOLD,0.55,0.55,inventory position is balanced; no urgent pricing intervention is needed,low_stock|overpriced|low_label_confidence,business_only_retail_pricing_v1,deterministic_business_heuristic,2026-06-04T19:20:03.676893+00:00,0
SP-AADCC2E724|2026-06-02,SP-AADCC2E724,,IN239482,Nike,other,Nike Flex Classic 6 Packs Unisex Training Band Multicolor,2026-06-02,73.5,2.45,0,9,1.0,45.8,0.0,999,30,12.14,0.1763,1,1,1,premium,3,0.0,tier1,6.58,1.2,0.0,0.0,1.1,3.0,0,0.8224,same_model_family,0.8259,movement_reconstructed,1,10.0,11.5,14.0,0.0,0.0,0.0,0.0,0.0,0.0,-14.0,-0.5,14,HOLD,rds_snapshot_history,0,,,1.0,HOLD,HOLD,0.55,0.55,inventory position is balanced; no urgent pricing intervention is needed,low_stock|overpriced|low_label_confidence,business_only_retail_pricing_v1,deterministic_business_heuristic,2026-06-04T19:20:03.676893+00:00,0
SP-ABD0B6080A|2026-05-26,SP-ABD0B6080A,,IN227021,New Balance,apparel,New Balance Athletics Gradient Shoes Women Lifestyle T-Shirt Linen,2026-05-26,51.2,1.71,0,14,1.0,54.21,0.0,999,30,36.38,0.1204,1,1,1,above_market,0,0.0,tier1,16.66,1.15,0.0,0.0,1.2,3.0,0,0.8224,same_model_family,0.8266,movement_reconstructed,1,32.0,33.0,34.0,0.0,0.0,0.0,1.0,0.5,0.2933,-18.0,-1.0,0,HOLD,rds_snapshot_history,0,,,1.0,MARKDOWN,MARKDOWN,0.57,0.57,priced above market by 12%; competitors are discounting; margin can support a markdown,low_stock|overpriced|low_label_confidence,business_only_retail_pricing_v1,deterministic_business_heuristic,2026-06-04T19:20:03.676893+00:00,1
SP-ABD0B6080A|2026-06-02,SP-ABD0B6080A,,IN227021,New Balance,apparel,New Balance Athletics Gradient Shoes Women Lifestyle T-Shirt Linen,2026-06-02,51.2,1.71,0,14,1.0,54.21,0.0,999,30,36.38,0.1204,1,1,1,above_market,3,0.0,tier1,16.66,1.2,0.0,0.0,1.1,3.0,0,0.8224,same_model_family,0.8266,movement_reconstructed,1,32.0,33.0,34.0,0.0,0.0,0.0,1.0,0.5,0.2395,-9.0,-0.5,7,HOLD,rds_snapshot_history,0,,,1.0,MARKDOWN,MARKDOWN,0.57,0.57,priced above market by 12%; competitors are discounting; margin can support a markdown,low_stock|overpriced|low_label_confidence,business_only_retail_pricing_v1,deterministic_business_heuristic,2026-06-04T19:20:03.676893+00:00,1
SP-ABDA020E90|2026-05-19,SP-ABDA020E90,,IN238067,Crocs,footwear,Crocs Barbie Classic Kids Lifestyle Clog Multi,2026-05-19,0.0,0.0,1,0,1.0,58.44,0.0,999,30,82.57,0.5398,1,1,1,premium,0,1.0,tier2,34.32,1.15,0.0,0.0,1.2,3.0,0,0.8224,same_model_family,0.8136,movement_reconstructed,1,38.0,49.65714285714286,78.0,0.0,0.0,0.0,1.0,0.0,0.0,0.0,0.0,0,HOLD,rds_snapshot_history,0,,,1.0,HOLD,HOLD,0.55,0.55,no urgent pricing intervention is needed,low_stock|overpriced|low_label_confidence,business_only_retail_pricing_v1,deterministic_business_heuristic,2026-06-04T19:20:03.676893+00:00,0
SP-ABDA020E90|2026-05-26,SP-ABDA020E90,,IN238067,Crocs,footwear,Crocs Barbie Classic Kids Lifestyle Clog Multi,2026-05-26,98.7,3.29,0,10,1.0,58.44,0.0,999,30,82.57,0.5398,1,1,1,premium,0,0.0,tier2,34.32,1.15,0.0,0.0,1.2,3.0,0,0.8224,same_model_family,0.811,movement_reconstructed,1,38.0,49.46411483253589,78.0,0.0,0.0,0.0,1.0,0.5,0.0995,-9.0,-1.0,0,HOLD,rds_snapshot_history,0,,,1.0,HOLD,HOLD,0.55,0.55,inventory position is balanced; no urgent pricing intervention is needed,low_stock|overpriced|low_label_confidence,business_only_retail_pricing_v1,deterministic_business_heuristic,2026-06-04T19:20:03.676893+00:00,0
SP-ABDA020E90|2026-06-02,SP-ABDA020E90,,IN238067,Crocs,footwear,Crocs Barbie Classic Kids Lifestyle Clog Multi,2026-06-02,98.7,3.29,0,10,1.0,58.44,0.0,999,30,82.57,0.5398,1,1,1,premium,3,0.0,tier2,34.32,1.2,0.0,0.0,1.1,3.0,0,0.8224,same_model_family,0.8113,movement_reconstructed,1,38.0,49.567567567567565,78.0,0.0,0.0,0.0,1.0,0.6667,0.0812,-4.5,-0.5,7,HOLD,rds_snapshot_history,0,,,1.0,HOLD,HOLD,0.55,0.55,inventory position is balanced; no urgent pricing intervention is needed,low_stock|overpriced|low_label_confidence,business_only_retail_pricing_v1,deterministic_business_heuristic,2026-06-04T19:20:03.676893+00:00,0
SP-AC11618B60|2026-05-19,SP-AC11618B60,,IN203565,Nike,apparel,Nike Challenger Men Running Pant Black,2026-05-19,0.0,0.0,1,0,1.0,56.77,0.0,999,30,121.78,0.688,1,1,1,premium,0,1.0,tier1,52.64,1.15,0.0,0.0,1.2,3.0,0,0.8224,same_model_family,0.8134,movement_reconstructed,1,38.0,67.6,112.0,0.0,0.0,0.0,1.0,1.0,0.0,0.0,0.0,0,HOLD,rds_snapshot_history,0,,,1.0,HOLD,HOLD,0.55,0.55,no urgent pricing intervention is needed,low_stock|overpriced|low_label_confidence,business_only_retail_pricing_v1,deterministic_business_heuristic,2026-06-04T19:20:03.676893+00:00,0
SP-AF96283080|2026-05-19,SP-AF96283080,,,Nike,football_boots,35-45） Nike Air Zoom Mercurial Superfly IX Elite FG,2026-05-19,0.0,0.0,1,0,1.0,54.51,0.0,999,30,69.23,0.0,0,0,0,at_market,0,1.0,tier1,31.49,1.15,0.0,0.0,1.2,3.0,0,0.8224,no_match,0.0,movement_reconstructed,0,0.0,0.0,0.0,0.0,0.0,0.0,1.0,0.5,0.0,0.0,0.0,0,HOLD,rds_snapshot_history,0,,,1.0,HOLD,HOLD,0.98,0.98,price is close to market; no urgent pricing intervention is needed,low_stock|weak_competitor_match,business_only_retail_pricing_v1,deterministic_business_heuristic,2026-06-04T19:20:03.676893+00:00,0
SP-AF96283080|2026-05-26,SP-AF96283080,,,Nike,football_boots,35-45） Nike Air Zoom Mercurial Superfly IX Elite FG,2026-05-26,94.5,3.15,0,10,1.0,54.51,0.0,999,30,69.23,0.0,0,0,0,at_market,0,0.0,tier1,31.49,1.15,0.0,0.0,1.2,3.0,0,0.8224,no_match,0.0,movement_reconstructed,0,0.0,0.0,0.0,0.0,0.0,0.0,1.0,0.5,0.0718,-18.0,-1.0,0,HOLD,rds_snapshot_history,0,,,1.0,HOLD,HOLD,0.98,0.98,inventory position is balanced; price is close to market; no urgent pricing intervention is needed,low_stock|weak_competitor_match,business_only_retail_pricing_v1,deterministic_business_heuristic,2026-06-04T19:20:03.676893+00:00,0
SP-AF96283080|2026-06-02,SP-AF96283080,,,Nike,football_boots,35-45） Nike Air Zoom Mercurial Superfly IX Elite FG,2026-06-02,94.5,3.15,0,10,1.0,54.51,0.0,999,30,69.23,0.0,0,0,0,at_market,3,0.0,tier1,31.49,1.2,0.0,0.0,1.1,3.0,0,0.8224,no_match,0.0,movement_reconstructed,0,0.0,0.0,0.0,0.0,0.0,0.0,1.0,0.5,0.0587,-9.0,-0.5,7,HOLD,rds_snapshot_history,0,,,1.0,HOLD,HOLD,0.98,0.98,inventory position is balanced; price is close to market; no urgent pricing intervention is needed,low_stock|weak_competitor_match,business_only_retail_pricing_v1,deterministic_business_heuristic,2026-06-04T19:20:03.676893+00:00,0
SP-B2BF00C26E|2026-05-26,SP-B2BF00C26E,,IN226798,New Balance,footwear,New Balance 1906R Unisex Lifestyle Shoes Harbor Grey,2026-05-26,136.6,4.55,0,12,1.0,55.6,0.0,999,30,303.52,0.094,0,1,1,above_market,0,0.0,tier1,134.75,1.15,0.0,0.0,1.2,3.0,0,0.8224,same_model_family,0.927,movement_reconstructed,1,275.0,275.0,275.0,0.0,0.0,0.0,0.5,0.5,0.2912,-14.0,-1.0,0,CLEAR,rds_snapshot_history,0,,,1.0,MARKDOWN,MARKDOWN,0.55,0.55,priced above market by 9%; stock cover is elevated (137 DOS); margin can support a markdown,low_stock|stale_inventory|low_label_confidence,business_only_retail_pricing_v1,deterministic_business_heuristic,2026-06-04T19:20:03.676893+00:00,1
SP-B2BF00C26E|2026-06-02,SP-B2BF00C26E,,IN226798,New Balance,footwear,New Balance 1906R Unisex Lifestyle Shoes Harbor Grey,2026-06-02,136.6,4.55,0,12,1.0,55.6,0.0,999,30,303.52,0.094,0,1,1,above_market,3,0.0,tier1,134.75,1.2,0.0,0.0,1.1,3.0,0,0.8224,same_model_family,0.927,movement_reconstructed,1,275.0,275.0,275.0,0.0,0.0,0.0,0.5,0.5,0.2378,-7.0,-0.5,7,CLEAR,rds_snapshot_history,0,,,1.0,MARKDOWN,MARKDOWN,0.55,0.55,priced above market by 9%; stock cover is elevated (137 DOS); margin can support a markdown,low_stock|stale_inventory|low_label_confidence,business_only_retail_pricing_v1,deterministic_business_heuristic,2026-06-04T19:20:03.676893+00:00,1
SP-B2EA9F6428|2026-05-26,SP-B2EA9F6428,,IN234837,New Balance,footwear,New Balance 327 Men Lifestyle Shoes Tornado,2026-05-26,136.6,4.55,0,14,1.0,55.23,0.0,999,30,184.98,0.0864,0,0,1,above_market,0,0.0,tier1,82.81,1.15,0.0,0.0,1.2,3.0,0,0.8224,same_model_family,0.9758,movement_reconstructed,1,169.0,169.0,169.0,0.0,0.0,0.0,0.0,0.0,0.0,-18.0,-1.0,7,CLEAR,rds_snapshot_history,0,,,1.0,MARKDOWN,MARKDOWN,0.55,0.55,priced above market by 9%; stock cover is elevated (137 DOS); margin can support a markdown,low_stock|stale_inventory|low_label_confidence,business_only_retail_pricing_v1,deterministic_business_heuristic,2026-06-04T19:20:03.676893+00:00,1
SP-B2EA9F6428|2026-06-02,SP-B2EA9F6428,,IN234837,New Balance,footwear,New Balance 327 Men Lifestyle Shoes Tornado,2026-06-02,136.6,4.55,0,14,1.0,55.23,0.0,999,30,184.98,0.0864,0,0,1,above_market,3,0.0,tier1,82.81,1.2,0.0,0.0,1.1,3.0,0,0.8224,same_model_family,0.9758,movement_reconstructed,1,169.0,169.0,169.0,0.0,0.0,0.0,0.0,0.0,0.0,-9.0,-0.5,14,CLEAR,rds_snapshot_history,0,,,1.0,MARKDOWN,MARKDOWN,0.55,0.55,priced above market by 9%; stock cover is elevated (137 DOS); margin can support a markdown,low_stock|stale_inventory|low_label_confidence,business_only_retail_pricing_v1,deterministic_business_heuristic,2026-06-04T19:20:03.676893+00:00,1
SP-B39CD90660|2026-05-19,SP-B39CD90660,,IM5019,Nike,lifestyle,NIKE Vomero Plus IM5019,2026-05-19,0.0,0.0,1,0,1.0,57.82,0.0,999,30,92.49,0.0,0,0,0,at_market,0,1.0,tier1,39.01,1.15,0.0,0.0,1.2,3.0,0,0.8224,no_match,0.0,movement_reconstructed,0,0.0,0.0,0.0,0.0,0.0,0.0,1.0,1.0,0.0,0.0,0.0,0,HOLD,rds_snapshot_history,0,,,1.0,HOLD,HOLD,0.98,0.98,price is close to market; no urgent pricing intervention is needed,low_stock|weak_competitor_match,business_only_retail_pricing_v1,deterministic_business_heuristic,2026-06-04T19:20:03.676893+00:00,0
SP-B39CD90660|2026-05-26,SP-B39CD90660,,IM5019,Nike,lifestyle,NIKE Vomero Plus IM5019,2026-05-26,104.0,3.47,0,12,1.0,57.82,0.0,999,30,92.49,0.0,0,0,0,at_market,0,0.0,tier1,39.01,1.15,0.0,0.0,1.2,3.0,0,0.8224,no_match,0.0,movement_reconstructed,0,0.0,0.0,0.0,0.0,0.0,0.0,1.0,1.0,0.0321,-9.0,-1.0,0,HOLD,rds_snapshot_history,0,,,1.0,HOLD,HOLD,0.98,0.98,inventory position is balanced; price is close to market; no urgent pricing intervention is needed,low_stock|weak_competitor_match,business_only_retail_pricing_v1,deterministic_business_heuristic,2026-06-04T19:20:03.676893+00:00,0
SP-B39CD90660|2026-06-02,SP-B39CD90660,,IM5019,Nike,lifestyle,NIKE Vomero Plus IM5019,2026-06-02,104.0,3.47,0,12,1.0,57.82,0.0,999,30,92.49,0.0,0,0,0,at_market,3,0.0,tier1,39.01,1.2,0.0,0.0,1.1,3.0,0,0.8224,no_match,0.0,movement_reconstructed,0,0.0,0.0,0.0,0.0,0.0,0.0,1.0,1.0,0.0262,-4.5,-0.5,7,HOLD,rds_snapshot_history,0,,,1.0,HOLD,HOLD,0.98,0.98,inventory position is balanced; price is close to market; no urgent pricing intervention is needed,low_stock|weak_competitor_match,business_only_retail_pricing_v1,deterministic_business_heuristic,2026-06-04T19:20:03.676893+00:00,0
SP-B49F9A44F0|2026-05-19,SP-B49F9A44F0,,IN230334,Nike,footwear,Nike Air Jordan 1 Low Se Women Lifestyle Shoes Anthracite,2026-05-19,0.0,0.0,1,0,1.0,52.66,0.0,999,30,157.87,0.2779,1,1,1,premium,0,1.0,tier1,74.73,1.15,0.0,0.0,1.2,3.0,0,0.8224,same_model_family,0.7919,movement_reconstructed,1,114.0,144.08333333333334,159.0,0.0,0.0,0.0,0.0,0.0,0.0,0.0,0.0,0,HOLD,rds_snapshot_history,0,,,1.0,HOLD,HOLD,0.55,0.55,no urgent pricing intervention is needed,low_stock|overpriced|low_label_confidence,business_only_retail_pricing_v1,deterministic_business_heuristic,2026-06-04T19:20:03.676893+00:00,0
SP-B49F9A44F0|2026-05-26,SP-B49F9A44F0,,IN230334,Nike,footwear,Nike Air Jordan 1 Low Se Women Lifestyle Shoes Anthracite,2026-05-26,136.6,4.55,0,9,1.0,52.66,0.0,999,30,157.87,0.2779,1,1,1,premium,0,0.0,tier1,74.73,1.15,0.0,0.0,1.2,3.0,0,0.8224,same_model_family,0.7908,movement_reconstructed,1,114.0,144.3846153846154,159.0,0.0,0.0,0.0,0.0,0.0,0.0,-18.0,-1.0,7,CLEAR,rds_snapshot_history,0,,,1.0,HOLD,HOLD,0.55,0.55,inventory position is balanced; no urgent pricing intervention is needed,low_stock|overpriced|stale_inventory|low_label_confidence,business_only_retail_pricing_v1,deterministic_business_heuristic,2026-06-04T19:20:03.676893+00:00,1
SP-B49F9A44F0|2026-06-02,SP-B49F9A44F0,,IN230334,Nike,footwear,Nike Air Jordan 1 Low Se Women Lifestyle Shoes Anthracite,2026-06-02,136.6,4.55,0,9,1.0,52.66,0.0,999,30,157.87,0.2779,1,1,1,premium,3,0.0,tier1,74.73,1.2,0.0,0.0,1.1,3.0,0,0.8224,same_model_family,0.7898,movement_reconstructed,1,114.0,144.64285714285714,159.0,0.0,0.0,0.0,0.0,0.0,0.0,-9.0,-0.5,14,CLEAR,rds_snapshot_history,0,,,1.0,HOLD,HOLD,0.55,0.55,inventory position is balanced; no urgent pricing intervention is needed,low_stock|overpriced|stale_inventory|low_label_confidence,business_only_retail_pricing_v1,deterministic_business_heuristic,2026-06-04T19:20:03.676893+00:00,1
SP-B508115FF9|2026-05-19,SP-B508115FF9,,IN233463,ON,football_boots,On Studio 7/8 Training High Waist Plain Mineral,2026-05-19,0.0,0.0,1,0,1.0,59.38,0.0,999,30,164.2,0.0,0,0,0,at_market,0,1.0,tier1,66.7,1.15,0.0,0.0,1.2,3.0,0,0.8224,no_match,0.0,movement_reconstructed,0,0.0,0.0,0.0,0.0,0.0,0.0,0.0,0.0,0.0,0.0,0.0,0,HOLD,rds_snapshot_history,0,,,1.0,HOLD,HOLD,0.98,0.98,price is close to market; no urgent pricing intervention is needed,low_stock|weak_competitor_match,business_only_retail_pricing_v1,deterministic_business_heuristic,2026-06-04T19:20:03.676893+00:00,0
SP-B508115FF9|2026-05-26,SP-B508115FF9,,IN233463,ON,football_boots,On Studio 7/8 Training High Waist Plain Mineral,2026-05-26,156.1,5.2,0,7,1.0,59.38,0.0,999,30,164.2,0.0,0,0,0,at_market,0,0.0,tier1,66.7,1.15,0.0,0.0,1.2,3.0,0,0.8224,no_match,0.0,movement_reconstructed,0,0.0,0.0,0.0,0.0,0.0,0.0,0.0,0.0,0.0,-9.0,-1.0,7,CLEAR,rds_snapshot_history,0,,,1.0,HOLD,HOLD,0.98,0.98,price is close to market; no urgent pricing intervention is needed,low_stock|weak_competitor_match|stale_inventory,business_only_retail_pricing_v1,deterministic_business_heuristic,2026-06-04T19:20:03.676893+00:00,1
SP-B508115FF9|2026-06-02,SP-B508115FF9,,IN233463,ON,football_boots,On Studio 7/8 Training High Waist Plain Mineral,2026-06-02,156.1,5.2,0,7,1.0,59.38,0.0,999,30,164.2,0.0,0,0,0,at_market,3,0.0,tier1,66.7,1.2,0.0,0.0,1.1,3.0,0,0.8224,no_match,0.0,movement_reconstructed,0,0.0,0.0,0.0,0.0,0.0,0.0,0.0,0.0,0.0,-4.5,-0.5,14,CLEAR,rds_snapshot_history,0,,,1.0,HOLD,HOLD,0.98,0.98,price is close to market; no urgent pricing intervention is needed,low_stock|weak_competitor_match|stale_inventory,business_only_retail_pricing_v1,deterministic_business_heuristic,2026-06-04T19:20:03.676893+00:00,1
SP-B5ED3DA9C3|2026-05-19,SP-B5ED3DA9C3,,1024742,Keen,kids,Keen Targhee Sport Kids,2026-05-19,0.0,0.0,1,0,1.0,52.0,0.0,999,30,83.25,0.0,0,0,0,at_market,0,1.0,tier2,39.96,1.15,0.0,0.0,1.2,3.0,0,0.8224,no_match,0.0,movement_reconstructed,0,0.0,0.0,0.0,0.0,0.0,0.0,1.0,0.0,0.0,0.0,0.0,0,HOLD,rds_snapshot_history,0,,,1.0,HOLD,HOLD,0.98,0.98,price is close to market; no urgent pricing intervention is needed,low_stock|weak_competitor_match,business_only_retail_pricing_v1,deterministic_business_heuristic,2026-06-04T19:20:03.676893+00:00,0
SP-B5ED3DA9C3|2026-05-26,SP-B5ED3DA9C3,,1024742,Keen,kids,Keen Targhee Sport Kids,2026-05-26,88.4,2.95,0,35,1.0,52.0,0.0,999,30,83.25,0.0,0,0,0,at_market,0,0.0,tier2,39.96,1.15,0.0,0.0,1.2,3.0,0,0.8224,no_match,0.0,movement_reconstructed,0,0.0,0.0,0.0,0.0,0.0,0.0,1.0,0.0,0.0,-9.0,-1.0,7,PROMOTE,rds_snapshot_history,0,,,1.0,HOLD,HOLD,0.98,0.98,inventory position is balanced; price is close to market; no urgent pricing intervention is needed,weak_competitor_match,business_only_retail_pricing_v1,deterministic_business_heuristic,2026-06-04T19:20:03.676893+00:00,1
SP-B5ED3DA9C3|2026-06-02,SP-B5ED3DA9C3,,1024742,Keen,kids,Keen Targhee Sport Kids,2026-06-02,88.4,2.95,0,35,1.0,52.0,0.0,999,30,83.25,0.0,0,0,0,at_market,3,0.0,tier2,39.96,1.2,0.0,0.0,1.1,3.0,0,0.8224,no_match,0.0,movement_reconstructed,0,0.0,0.0,0.0,0.0,0.0,0.0,1.0,0.0,0.0,-4.5,-0.5,14,PROMOTE,rds_snapshot_history,0,,,1.0,HOLD,HOLD,0.98,0.98,inventory position is balanced; price is close to market; no urgent pricing intervention is needed,weak_competitor_match,business_only_retail_pricing_v1,deterministic_business_heuristic,2026-06-04T19:20:03.676893+00:00,1
SP-B6194DA390|2026-05-19,SP-B6194DA390,,NB9060,New Balance,footwear,Joe Freshgoods x New Balance NB9060,2026-05-19,0.0,0.0,1,0,1.0,55.29,0.0,999,30,87.68,0.0,0,0,0,at_market,0,1.0,tier1,39.2,1.15,0.0,0.0,1.2,3.0,0,0.8224,no_match,0.0,movement_reconstructed,0,0.0,0.0,0.0,0.0,0.0,0.0,1.0,0.0,0.0,0.0,0.0,0,HOLD,rds_snapshot_history,0,,,1.0,HOLD,HOLD,0.98,0.98,price is close to market; no urgent pricing intervention is needed,low_stock|weak_competitor_match,business_only_retail_pricing_v1,deterministic_business_heuristic,2026-06-04T19:20:03.676893+00:00,0
SP-B6194DA390|2026-05-26,SP-B6194DA390,,NB9060,New Balance,footwear,Joe Freshgoods x New Balance NB9060,2026-05-26,104.8,3.49,0,14,1.0,55.29,0.0,999,30,87.68,0.0,0,0,0,at_market,0,0.0,tier1,39.2,1.15,0.0,0.0,1.2,3.0,0,0.8224,no_match,0.0,movement_reconstructed,0,0.0,0.0,0.0,0.0,0.0,0.0,1.0,0.0,0.0,-10.0,-1.0,7,HOLD,rds_snapshot_history,0,,,1.0,HOLD,HOLD,0.98,0.98,inventory position is balanced; price is close to market; no urgent pricing intervention is needed,low_stock|weak_competitor_match,business_only_retail_pricing_v1,deterministic_business_heuristic,2026-06-04T19:20:03.676893+00:00,0
SP-B6194DA390|2026-06-02,SP-B6194DA390,,NB9060,New Balance,footwear,Joe Freshgoods x New Balance NB9060,2026-06-02,104.8,3.49,0,14,1.0,55.29,0.0,999,30,87.68,0.0,0,0,0,at_market,3,0.0,tier1,39.2,1.2,0.0,0.0,1.1,3.0,0,0.8224,no_match,0.0,movement_reconstructed,0,0.0,0.0,0.0,0.0,0.0,0.0,1.0,0.0,0.0,-5.0,-0.5,14,HOLD,rds_snapshot_history,0,,,1.0,HOLD,HOLD,0.98,0.98,inventory position is balanced; price is close to market; no urgent pricing intervention is needed,low_stock|weak_competitor_match,business_only_retail_pricing_v1,deterministic_business_heuristic,2026-06-04T19:20:03.676893+00:00,0
SP-B656BCF67E|2026-05-19,SP-B656BCF67E,,IN235361,Nike,apparel,Nike Club Alumni French Terry Men Lifestyle Short Blue/White,2026-05-19,0.0,0.0,1,0,1.0,46.42,0.0,999,30,63.16,0.3984,1,1,1,premium,0,1.0,tier1,33.84,1.15,0.0,0.0,1.2,3.0,0,0.8224,same_model_family,0.8756,movement_reconstructed,1,38.0,53.57142857142857,67.0,0.0,0.0,0.0,1.0,1.0,0.0,0.0,0.0,0,HOLD,rds_snapshot_history,0,,,1.0,HOLD,HOLD,0.55,0.55,no urgent pricing intervention is needed,low_stock|overpriced|low_label_confidence,business_only_retail_pricing_v1,deterministic_business_heuristic,2026-06-04T19:20:03.676893+00:00,0
SP-B677F147CF|2026-05-26,SP-B677F147CF,,IN160787,Nike,footwear,Nike Air Force 1 07 Women Lifestyle Shoes White,2026-05-26,136.6,4.55,0,13,1.0,48.21,0.0,999,30,187.87,0.0366,1,1,1,at_market,0,0.0,tier1,97.29,1.15,0.0,0.0,1.2,3.0,0,0.8224,same_model_family,0.8742,movement_reconstructed,1,181.0,207.0,225.0,0.0,0.0,0.0,0.0,0.0,0.0,-10.0,-1.0,7,CLEAR,rds_snapshot_history,0,,,1.0,HOLD,HOLD,0.5801,0.5801,inventory position is balanced; price is close to market; no urgent pricing intervention is needed,low_stock|stale_inventory|low_label_confidence,business_only_retail_pricing_v1,deterministic_business_heuristic,2026-06-04T19:20:03.676893+00:00,1
SP-B677F147CF|2026-06-02,SP-B677F147CF,,IN160787,Nike,footwear,Nike Air Force 1 07 Women Lifestyle Shoes White,2026-06-02,136.6,4.55,0,13,1.0,48.21,0.0,999,30,187.87,0.0366,1,1,1,at_market,3,0.0,tier1,97.29,1.2,0.0,0.0,1.1,3.0,0,0.8224,same_model_family,0.8518,movement_reconstructed,1,181.0,204.75,225.0,0.0,0.0,0.0,0.0,0.0,0.0,-5.0,-0.5,14,CLEAR,rds_snapshot_history,0,,,1.0,HOLD,HOLD,0.5801,0.5801,inventory position is balanced; price is close to market; no urgent pricing intervention is needed,low_stock|stale_inventory|low_label_confidence,business_only_retail_pricing_v1,deterministic_business_heuristic,2026-06-04T19:20:03.676893+00:00,1
SP-B7486CDFB2|2026-05-19,SP-B7486CDFB2,,IN230333,Nike,sportswear,Nike One Light-Support Padded Women Training Bra Pink/Canyon Rust,2026-05-19,0.0,0.0,1,0,1.0,57.08,0.0,999,30,51.47,0.1646,1,1,1,premium,0,1.0,tier1,22.09,1.15,0.0,0.0,1.2,3.0,0,0.8224,same_model_family,0.8454,movement_reconstructed,1,43.0,53.833333333333336,66.0,0.0,0.0,0.0,1.0,1.0,0.0,0.0,0.0,0,HOLD,rds_snapshot_history,0,,,1.0,HOLD,HOLD,0.5936,0.5936,no urgent pricing intervention is needed,low_stock|overpriced|low_label_confidence,business_only_retail_pricing_v1,deterministic_business_heuristic,2026-06-04T19:20:03.676893+00:00,0
SP-B7529301C1|2026-05-19,SP-B7529301C1,,IN233395,ON,apparel,On 7 Inch Court Tennis 7 Inch White,2026-05-19,0.0,0.0,1,0,1.0,58.49,0.0,999,30,109.72,0.0,0,0,0,at_market,0,1.0,tier1,45.54,1.15,0.0,0.0,1.2,3.0,0,0.8224,no_match,0.0,movement_reconstructed,0,0.0,0.0,0.0,0.0,0.0,0.0,0.0,1.0,0.0,0.0,0.0,0,HOLD,rds_snapshot_history,0,,,1.0,HOLD,HOLD,0.98,0.98,price is close to market; no urgent pricing intervention is needed,low_stock|weak_competitor_match,business_only_retail_pricing_v1,deterministic_business_heuristic,2026-06-04T19:20:03.676893+00:00,0
SP-B7529301C1|2026-05-26,SP-B7529301C1,,IN233395,ON,apparel,On 7 Inch Court Tennis 7 Inch White,2026-05-26,91.2,3.04,0,14,1.0,58.49,0.0,999,30,109.72,0.0,0,0,0,at_market,0,0.0,tier1,45.54,1.15,0.0,0.0,1.2,3.0,0,0.8224,no_match,0.0,movement_reconstructed,0,0.0,0.0,0.0,0.0,0.0,0.0,0.0,1.0,0.0,-12.0,-1.0,7,HOLD,rds_snapshot_history,0,,,1.0,HOLD,HOLD,0.98,0.98,inventory position is balanced; price is close to market; no urgent pricing intervention is needed,low_stock|weak_competitor_match,business_only_retail_pricing_v1,deterministic_business_heuristic,2026-06-04T19:20:03.676893+00:00,0
SP-B7529301C1|2026-06-02,SP-B7529301C1,,IN233395,ON,apparel,On 7 Inch Court Tennis 7 Inch White,2026-06-02,91.2,3.04,0,14,1.0,58.49,0.0,999,30,109.72,0.0,0,0,0,at_market,3,0.0,tier1,45.54,1.2,0.0,0.0,1.1,3.0,0,0.8224,no_match,0.0,movement_reconstructed,0,0.0,0.0,0.0,0.0,0.0,0.0,0.0,1.0,0.0,-6.0,-0.5,14,HOLD,rds_snapshot_history,0,,,1.0,HOLD,HOLD,0.98,0.98,inventory position is balanced; price is close to market; no urgent pricing intervention is needed,low_stock|weak_competitor_match,business_only_retail_pricing_v1,deterministic_business_heuristic,2026-06-04T19:20:03.676893+00:00,0
SP-B894407578|2026-05-19,SP-B894407578,,VN000EE3W00,Vans,lifestyle,Vans Authentic White,2026-05-19,0.0,0.0,1,0,1.0,45.0,0.0,999,30,72.15,0.0,0,0,0,at_market,0,1.0,tier2,39.68,1.15,0.0,0.0,1.2,3.0,0,0.8224,no_match,0.0,movement_reconstructed,0,0.0,0.0,0.0,0.0,0.0,0.0,1.0,1.0,0.0,0.0,0.0,0,HOLD,rds_snapshot_history,0,,,1.0,HOLD,HOLD,0.98,0.98,price is close to market; no urgent pricing intervention is needed,low_stock|weak_competitor_match,business_only_retail_pricing_v1,deterministic_business_heuristic,2026-06-04T19:20:03.676893+00:00,0
SP-B894407578|2026-05-26,SP-B894407578,,VN000EE3W00,Vans,lifestyle,Vans Authentic White,2026-05-26,81.1,2.7,0,96,1.0,45.0,0.0,999,30,72.15,0.0,0,0,0,at_market,0,0.0,tier2,39.68,1.15,0.0,0.0,1.2,3.0,0,0.8224,no_match,0.0,movement_reconstructed,0,0.0,0.0,0.0,0.0,0.0,0.0,1.0,1.0,0.0,-18.0,-1.0,7,PROMOTE,rds_snapshot_history,0,,,1.0,HOLD,HOLD,0.98,0.98,inventory position is balanced; price is close to market; no urgent pricing intervention is needed,weak_competitor_match,business_only_retail_pricing_v1,deterministic_business_heuristic,2026-06-04T19:20:03.676893+00:00,1
SP-B894407578|2026-06-02,SP-B894407578,,VN000EE3W00,Vans,lifestyle,Vans Authentic White,2026-06-02,81.1,2.7,0,96,1.0,45.0,0.0,999,30,72.15,0.0,0,0,0,at_market,3,0.0,tier2,39.68,1.2,0.0,0.0,1.1,3.0,0,0.8224,no_match,0.0,movement_reconstructed,0,0.0,0.0,0.0,0.0,0.0,0.0,1.0,1.0,0.0,-9.0,-0.5,14,PROMOTE,rds_snapshot_history,0,,,1.0,HOLD,HOLD,0.98,0.98,inventory position is balanced; price is close to market; no urgent pricing intervention is needed,weak_competitor_match,business_only_retail_pricing_v1,deterministic_business_heuristic,2026-06-04T19:20:03.676893+00:00,1
SP-BA949A0923|2026-05-19,SP-BA949A0923,,IN226860,New Balance,apparel,New Balance Athletics Graphic Men Performance T-Shirt Lab Green,2026-05-19,0.0,0.0,1,0,1.0,46.49,0.0,999,30,25.64,0.22,1,1,1,premium,0,1.0,tier1,13.72,1.15,0.0,0.0,1.2,3.0,0,0.8224,same_model_family,0.7569,movement_reconstructed,1,20.0,26.714285714285715,41.0,0.0,0.0,0.0,1.0,0.0,0.0,0.0,0.0,0,HOLD,rds_snapshot_history,0,,,1.0,HOLD,HOLD,0.55,0.55,no urgent pricing intervention is needed,low_stock|overpriced|low_label_confidence,business_only_retail_pricing_v1,deterministic_business_heuristic,2026-06-04T19:20:03.676893+00:00,0
SP-BB3E20F861|2026-05-19,SP-BB3E20F861,,V1GC2400,Mizuno,footwear,Mizuno Wave Lightning Z8 W,2026-05-19,0.0,0.0,1,0,1.0,50.0,0.0,999,30,133.2,0.0,0,0,0,at_market,0,1.0,tier2,66.6,1.15,0.0,0.0,1.2,3.0,0,0.8224,no_match,0.0,movement_reconstructed,0,0.0,0.0,0.0,0.0,0.0,0.0,0.0,0.0,0.0,0.0,0.0,0,HOLD,rds_snapshot_history,0,,,1.0,HOLD,HOLD,0.98,0.98,price is close to market; no urgent pricing intervention is needed,low_stock|weak_competitor_match,business_only_retail_pricing_v1,deterministic_business_heuristic,2026-06-04T19:20:03.676893+00:00,0
SP-BB3E20F861|2026-05-26,SP-BB3E20F861,,V1GC2400,Mizuno,footwear,Mizuno Wave Lightning Z8 W,2026-05-26,136.6,4.55,0,56,1.0,50.0,0.0,999,30,133.2,0.0,0,0,0,at_market,0,0.0,tier2,66.6,1.15,0.0,0.0,1.2,3.0,0,0.8224,no_match,0.0,movement_reconstructed,0,0.0,0.0,0.0,0.0,0.0,0.0,0.0,0.0,0.0,-12.0,-1.0,7,CLEAR,rds_snapshot_history,0,,,1.0,HOLD,HOLD,0.98,0.98,inventory position is balanced; price is close to market; no urgent pricing intervention is needed,weak_competitor_match|stale_inventory,business_only_retail_pricing_v1,deterministic_business_heuristic,2026-06-04T19:20:03.676893+00:00,1
SP-BB3E20F861|2026-06-02,SP-BB3E20F861,,V1GC2400,Mizuno,footwear,Mizuno Wave Lightning Z8 W,2026-06-02,136.6,4.55,0,56,1.0,50.0,0.0,999,30,133.2,0.0,0,0,0,at_market,3,0.0,tier2,66.6,1.2,0.0,0.0,1.1,3.0,0,0.8224,no_match,0.0,movement_reconstructed,0,0.0,0.0,0.0,0.0,0.0,0.0,0.0,0.0,0.0,-6.0,-0.5,14,CLEAR,rds_snapshot_history,0,,,1.0,HOLD,HOLD,0.98,0.98,inventory position is balanced; price is close to market; no urgent pricing intervention is needed,weak_competitor_match|stale_inventory,business_only_retail_pricing_v1,deterministic_business_heuristic,2026-06-04T19:20:03.676893+00:00,1
SP-BBA2621C3D|2026-05-19,SP-BBA2621C3D,,15382001,Dr. Martens,kids,Dr. Martens 1460 Kids,2026-05-19,0.0,0.0,1,0,1.0,52.0,0.0,999,30,111.0,0.0,0,0,0,at_market,0,1.0,tier2,53.28,1.15,0.0,0.0,1.2,3.0,0,0.8224,no_match,0.0,movement_reconstructed,0,0.0,0.0,0.0,0.0,0.0,0.0,0.5,0.5,0.0,0.0,0.0,0,HOLD,rds_snapshot_history,0,,,1.0,HOLD,HOLD,0.98,0.98,price is close to market; no urgent pricing intervention is needed,low_stock|weak_competitor_match,business_only_retail_pricing_v1,deterministic_business_heuristic,2026-06-04T19:20:03.676893+00:00,0
SP-BBA2621C3D|2026-05-26,SP-BBA2621C3D,,15382001,Dr. Martens,kids,Dr. Martens 1460 Kids,2026-05-26,117.9,3.93,0,40,1.0,52.0,0.0,999,30,111.0,0.0,0,0,0,at_market,0,0.0,tier2,53.28,1.15,0.0,0.0,1.2,3.0,0,0.8224,no_match,0.0,movement_reconstructed,0,0.0,0.0,0.0,0.0,0.0,0.0,0.5,0.25,0.0,-14.0,-1.0,7,HOLD,rds_snapshot_history,0,,,1.0,HOLD,HOLD,0.98,0.98,inventory position is balanced; price is close to market; no urgent pricing intervention is needed,weak_competitor_match,business_only_retail_pricing_v1,deterministic_business_heuristic,2026-06-04T19:20:03.676893+00:00,0
SP-BBA2621C3D|2026-06-02,SP-BBA2621C3D,,15382001,Dr. Martens,kids,Dr. Martens 1460 Kids,2026-06-02,117.9,3.93,0,40,1.0,52.0,0.0,999,30,111.0,0.0,0,0,0,at_market,3,0.0,tier2,53.28,1.2,0.0,0.0,1.1,3.0,0,0.8224,no_match,0.0,movement_reconstructed,0,0.0,0.0,0.0,0.0,0.0,0.0,0.5,0.1667,0.0,-7.0,-0.5,14,HOLD,rds_snapshot_history,0,,,1.0,HOLD,HOLD,0.98,0.98,inventory position is balanced; price is close to market; no urgent pricing intervention is needed,weak_competitor_match,business_only_retail_pricing_v1,deterministic_business_heuristic,2026-06-04T19:20:03.676893+00:00,0
SP-BCCE453E4E|2026-05-19,SP-BCCE453E4E,,,Puma,football_boots,PUMA FUTURE 2024,2026-05-19,0.0,0.0,1,0,1.0,50.62,0.0,999,30,66.83,0.0,0,0,0,at_market,0,1.0,tier2,33.0,1.15,0.0,0.0,1.2,3.0,0,0.8224,no_match,0.0,movement_reconstructed,0,0.0,0.0,0.0,0.0,0.0,0.0,1.0,0.0,0.0,0.0,0.0,0,HOLD,rds_snapshot_history,0,,,1.0,HOLD,HOLD,0.98,0.98,price is close to market; no urgent pricing intervention is needed,low_stock|weak_competitor_match,business_only_retail_pricing_v1,deterministic_business_heuristic,2026-06-04T19:20:03.676893+00:00,0
SP-BCCE453E4E|2026-05-26,SP-BCCE453E4E,,,Puma,football_boots,PUMA FUTURE 2024,2026-05-26,91.3,3.04,0,8,1.0,50.62,0.0,999,30,66.83,0.0,0,0,0,at_market,0,0.0,tier2,33.0,1.15,0.0,0.0,1.2,3.0,0,0.8224,no_match,0.0,movement_reconstructed,0,0.0,0.0,0.0,0.0,0.0,0.0,1.0,0.0,0.0,-10.0,-1.0,7,HOLD,rds_snapshot_history,0,,,1.0,HOLD,HOLD,0.98,0.98,inventory position is balanced; price is close to market; no urgent pricing intervention is needed,low_stock|weak_competitor_match,business_only_retail_pricing_v1,deterministic_business_heuristic,2026-06-04T19:20:03.676893+00:00,0
SP-BCCE453E4E|2026-06-02,SP-BCCE453E4E,,,Puma,football_boots,PUMA FUTURE 2024,2026-06-02,91.3,3.04,0,8,1.0,50.62,0.0,999,30,66.83,0.0,0,0,0,at_market,3,0.0,tier2,33.0,1.2,0.0,0.0,1.1,3.0,0,0.8224,no_match,0.0,movement_reconstructed,0,0.0,0.0,0.0,0.0,0.0,0.0,1.0,0.0,0.0,-5.0,-0.5,14,HOLD,rds_snapshot_history,0,,,1.0,HOLD,HOLD,0.98,0.98,inventory position is balanced; price is close to market; no urgent pricing intervention is needed,low_stock|weak_competitor_match,business_only_retail_pricing_v1,deterministic_business_heuristic,2026-06-04T19:20:03.676893+00:00,0
SP-BD396CFE27|2026-05-19,SP-BD396CFE27,,VN000D3HY28,Vans,lifestyle,Vans Old Skool Black/White,2026-05-19,0.0,0.0,1,0,1.0,44.99,0.0,999,30,77.7,0.0,0,0,0,at_market,0,1.0,tier2,42.74,1.15,0.0,0.0,1.2,3.0,0,0.8224,no_match,0.0,movement_reconstructed,0,0.0,0.0,0.0,0.0,0.0,0.0,1.0,1.0,0.0,0.0,0.0,0,HOLD,rds_snapshot_history,0,,,1.0,HOLD,HOLD,0.98,0.98,price is close to market; no urgent pricing intervention is needed,low_stock|weak_competitor_match,business_only_retail_pricing_v1,deterministic_business_heuristic,2026-06-04T19:20:03.676893+00:00,0
SP-BD396CFE27|2026-05-26,SP-BD396CFE27,,VN000D3HY28,Vans,lifestyle,Vans Old Skool Black/White,2026-05-26,87.4,2.91,0,88,1.0,44.99,0.0,999,30,77.7,0.0,0,0,0,at_market,0,0.0,tier2,42.74,1.15,0.0,0.0,1.2,3.0,0,0.8224,no_match,0.0,movement_reconstructed,0,0.0,0.0,0.0,0.0,0.0,0.0,1.0,1.0,0.0,-14.0,-1.0,7,PROMOTE,rds_snapshot_history,0,,,1.0,HOLD,HOLD,0.98,0.98,inventory position is balanced; price is close to market; no urgent pricing intervention is needed,weak_competitor_match,business_only_retail_pricing_v1,deterministic_business_heuristic,2026-06-04T19:20:03.676893+00:00,1
SP-BD396CFE27|2026-06-02,SP-BD396CFE27,,VN000D3HY28,Vans,lifestyle,Vans Old Skool Black/White,2026-06-02,87.4,2.91,0,88,1.0,44.99,0.0,999,30,77.7,0.0,0,0,0,at_market,3,0.0,tier2,42.74,1.2,0.0,0.0,1.1,3.0,0,0.8224,no_match,0.0,movement_reconstructed,0,0.0,0.0,0.0,0.0,0.0,0.0,1.0,1.0,0.0,-7.0,-0.5,14,PROMOTE,rds_snapshot_history,0,,,1.0,HOLD,HOLD,0.98,0.98,inventory position is balanced; price is close to market; no urgent pricing intervention is needed,weak_competitor_match,business_only_retail_pricing_v1,deterministic_business_heuristic,2026-06-04T19:20:03.676893+00:00,1
SP-BD7AEE01A2|2026-05-19,SP-BD7AEE01A2,,1028730,Keen,footwear,Keen Terradora Flex WP W,2026-05-19,0.0,0.0,1,0,1.0,52.0,0.0,999,30,149.85,0.0,0,0,0,at_market,0,1.0,tier2,71.93,1.15,0.0,0.0,1.2,3.0,0,0.8224,no_match,0.0,movement_reconstructed,0,0.0,0.0,0.0,0.0,0.0,0.0,1.0,0.0,0.0,0.0,0.0,0,HOLD,rds_snapshot_history,0,,,1.0,HOLD,HOLD,0.98,0.98,price is close to market; no urgent pricing intervention is needed,low_stock|weak_competitor_match,business_only_retail_pricing_v1,deterministic_business_heuristic,2026-06-04T19:20:03.676893+00:00,0
SP-BD7AEE01A2|2026-05-26,SP-BD7AEE01A2,,1028730,Keen,footwear,Keen Terradora Flex WP W,2026-05-26,136.6,4.55,0,35,1.0,52.0,0.0,999,30,149.85,0.0,0,0,0,at_market,0,0.0,tier2,71.93,1.15,0.0,0.0,1.2,3.0,0,0.8224,no_match,0.0,movement_reconstructed,0,0.0,0.0,0.0,0.0,0.0,0.0,1.0,0.0,0.0,-12.0,-1.0,7,CLEAR,rds_snapshot_history,0,,,1.0,HOLD,HOLD,0.98,0.98,inventory position is balanced; price is close to market; no urgent pricing intervention is needed,weak_competitor_match|stale_inventory,business_only_retail_pricing_v1,deterministic_business_heuristic,2026-06-04T19:20:03.676893+00:00,1
SP-BD7AEE01A2|2026-06-02,SP-BD7AEE01A2,,1028730,Keen,footwear,Keen Terradora Flex WP W,2026-06-02,136.6,4.55,0,35,1.0,52.0,0.0,999,30,149.85,0.0,0,0,0,at_market,3,0.0,tier2,71.93,1.2,0.0,0.0,1.1,3.0,0,0.8224,no_match,0.0,movement_reconstructed,0,0.0,0.0,0.0,0.0,0.0,0.0,1.0,0.0,0.0,-6.0,-0.5,14,CLEAR,rds_snapshot_history,0,,,1.0,HOLD,HOLD,0.98,0.98,inventory position is balanced; price is close to market; no urgent pricing intervention is needed,weak_competitor_match|stale_inventory,business_only_retail_pricing_v1,deterministic_business_heuristic,2026-06-04T19:20:03.676893+00:00,1
SP-BF5626A1D8|2026-05-19,SP-BF5626A1D8,,IN226210,ON,apparel,"On 5""Core Men Running Short Black",2026-05-19,0.0,0.0,1,0,1.0,47.89,0.0,999,30,66.21,0.1995,1,1,1,premium,0,1.0,tier1,34.5,1.15,0.0,0.0,1.2,3.0,0,0.8224,same_model_family,0.9106,movement_reconstructed,1,53.0,70.5,85.0,0.0,0.0,0.0,0.0,0.0,0.0,0.0,0.0,0,HOLD,rds_snapshot_history,0,,,1.0,HOLD,HOLD,0.5765,0.5765,no urgent pricing intervention is needed,low_stock|overpriced|low_label_confidence,business_only_retail_pricing_v1,deterministic_business_heuristic,2026-06-04T19:20:03.676893+00:00,0
SP-C11BA696DF|2026-05-19,SP-C11BA696DF,,IN227223,Nike,apparel,Nike Club Men Lifestyle Pant Black/White,2026-05-19,0.0,0.0,1,0,1.0,51.2,0.0,999,30,63.57,0.1663,1,1,1,premium,0,1.0,tier1,31.02,1.15,0.0,0.0,1.2,3.0,0,0.8224,same_model_family,0.8706,movement_reconstructed,1,53.0,62.54545454545455,74.0,0.0,0.0,0.0,1.0,1.0,0.0,0.0,0.0,0,HOLD,rds_snapshot_history,0,,,1.0,HOLD,HOLD,0.6265,0.6265,no urgent pricing intervention is needed,low_stock|overpriced|low_label_confidence,business_only_retail_pricing_v1,deterministic_business_heuristic,2026-06-04T19:20:03.676893+00:00,0
SP-C2A32D9C08|2026-05-26,SP-C2A32D9C08,,IN234746,New Balance,apparel,New Balance Athletics French Terry Men Lifestyle Pant Pumpernickel,2026-05-26,95.0,3.17,0,14,1.0,55.37,0.0,999,30,115.28,0.0892,0,0,1,above_market,0,0.0,tier1,51.45,1.15,0.0,0.0,1.2,3.0,0,0.8224,same_model_family,0.975,movement_reconstructed,1,105.0,105.0,105.0,0.0,0.0,0.0,0.0,1.0,0.0,-14.0,-1.0,7,HOLD,rds_snapshot_history,0,,,1.0,MARKDOWN,MARKDOWN,0.55,0.55,priced above market by 9%; stock cover is elevated (95 DOS); margin can support a markdown,low_stock|low_label_confidence,business_only_retail_pricing_v1,deterministic_business_heuristic,2026-06-04T19:20:03.676893+00:00,1
SP-C2A32D9C08|2026-06-02,SP-C2A32D9C08,,IN234746,New Balance,apparel,New Balance Athletics French Terry Men Lifestyle Pant Pumpernickel,2026-06-02,95.0,3.17,0,14,1.0,55.37,0.0,999,30,115.28,0.0892,0,0,1,above_market,3,0.0,tier1,51.45,1.2,0.0,0.0,1.1,3.0,0,0.8224,same_model_family,0.975,movement_reconstructed,1,105.0,105.0,105.0,0.0,0.0,0.0,0.0,1.0,0.0,-7.0,-0.5,14,HOLD,rds_snapshot_history,0,,,1.0,MARKDOWN,MARKDOWN,0.55,0.55,priced above market by 9%; stock cover is elevated (95 DOS); margin can support a markdown,low_stock|low_label_confidence,business_only_retail_pricing_v1,deterministic_business_heuristic,2026-06-04T19:20:03.676893+00:00,1
SP-C328DB5C58|2026-05-19,SP-C328DB5C58,,IG9184,Adidas,footwear,"Advantage Base 2.0 Shoes, Black",2026-05-19,0.0,0.0,1,0,1.0,55.88,0.0,999,30,103.9,0.7401,1,1,2,premium,0,1.0,tier1,45.84,1.15,0.0,0.0,1.2,3.0,0,0.8224,exact_style,0.878,movement_reconstructed,1,27.0,47.5003,95.0,0.0,0.0,0.0,0.0,0.0,0.0,0.0,0.0,0,HOLD,rds_snapshot_history,0,,,1.0,HOLD,HOLD,0.618,0.618,no urgent pricing intervention is needed,low_stock|overpriced|low_label_confidence,business_only_retail_pricing_v1,deterministic_business_heuristic,2026-06-04T19:20:03.676893+00:00,0
SP-C328DB5C58|2026-05-26,SP-C328DB5C58,,IG9184,Adidas,footwear,"Advantage Base 2.0 Shoes, Black",2026-05-26,105.5,3.52,0,10,1.0,55.88,0.0,999,30,103.9,0.7401,1,1,2,premium,0,0.0,tier1,45.84,1.15,0.0,0.0,1.2,3.0,0,0.8224,exact_style,0.8978,movement_reconstructed,1,27.0,44.3337,95.0,0.0,0.0,0.0,0.0,0.0,0.0,-48.0,-1.0,7,HOLD,rds_snapshot_history,0,,,1.0,HOLD,HOLD,0.55,0.55,inventory position is balanced; no urgent pricing intervention is needed,low_stock|overpriced|low_label_confidence,business_only_retail_pricing_v1,deterministic_business_heuristic,2026-06-04T19:20:03.676893+00:00,0
SP-C328DB5C58|2026-06-02,SP-C328DB5C58,,IG9184,Adidas,footwear,"Advantage Base 2.0 Shoes, Black",2026-06-02,105.5,3.52,0,10,1.0,55.88,0.0,999,30,103.9,0.7401,1,1,2,premium,3,0.0,tier1,45.84,1.2,0.0,0.0,1.1,3.0,0,0.8224,exact_style,0.9024,movement_reconstructed,1,27.0,38.0005,95.0,0.0,0.0,0.0,0.0,0.0,0.0,-24.0,-0.5,14,HOLD,rds_snapshot_history,0,,,1.0,HOLD,HOLD,0.55,0.55,inventory position is balanced; no urgent pricing intervention is needed,low_stock|overpriced|low_label_confidence,business_only_retail_pricing_v1,deterministic_business_heuristic,2026-06-04T19:20:03.676893+00:00,0
SP-C3695075E8|2026-05-26,SP-C3695075E8,,HS1747,Adidas,swimwear,"3 Bar Logo Swimsuit, Black",2026-05-26,98.0,3.27,0,9,1.0,54.82,0.0,999,30,17.0,0.0,0,0,0,at_market,0,0.0,tier1,7.68,1.45,0.3,0.0,1.7,3.0,0,0.8224,no_match,0.0,movement_reconstructed,0,0.0,0.0,0.0,0.0,0.0,0.0,1.0,0.25,0.0321,-12.0,-1.0,0,HOLD,rds_snapshot_history,0,,,1.0,HOLD,HOLD,0.98,0.98,inventory position is balanced; price is close to market; no urgent pricing intervention is needed,low_stock|weak_competitor_match,business_only_retail_pricing_v1,deterministic_business_heuristic,2026-06-04T19:20:03.676893+00:00,0
SP-C3695075E8|2026-06-02,SP-C3695075E8,,HS1747,Adidas,swimwear,"3 Bar Logo Swimsuit, Black",2026-06-02,98.0,3.27,0,9,1.0,54.82,0.0,999,30,17.0,0.0,0,0,0,at_market,3,0.0,tier1,7.68,1.7,0.5,0.0,1.6,3.0,0,0.8224,no_match,0.0,movement_reconstructed,0,0.0,0.0,0.0,0.0,0.0,0.0,1.0,0.3333,0.0262,-6.0,-0.5,7,HOLD,rds_snapshot_history,0,,,1.0,HOLD,HOLD,0.98,0.98,inventory position is balanced; price is close to market; no urgent pricing intervention is needed,low_stock|weak_competitor_match,business_only_retail_pricing_v1,deterministic_business_heuristic,2026-06-04T19:20:03.676893+00:00,0
SP-C3739F5327|2026-05-19,SP-C3739F5327,,IN232348,Nike,apparel,Nike Air Men Lifestyle Pant Black/White,2026-05-19,0.0,0.0,1,0,1.0,53.14,0.0,999,30,143.44,0.7421,1,1,1,premium,0,1.0,tier1,67.21,1.15,0.0,0.0,1.2,3.0,0,0.8224,same_model_family,0.8198,movement_reconstructed,1,37.0,94.33333333333331,125.0,0.0,0.0,0.0,0.0,0.0,0.0,0.0,0.0,0,HOLD,rds_snapshot_history,0,,,1.0,HOLD,HOLD,0.55,0.55,no urgent pricing intervention is needed,low_stock|overpriced|low_label_confidence,business_only_retail_pricing_v1,deterministic_business_heuristic,2026-06-04T19:20:03.676893+00:00,0
SP-C394BB70B8|2026-05-26,SP-C394BB70B8,,IN200628,The North Face,other,The North Face Base Unisex Lifestyle Band Black,2026-05-26,73.5,2.45,0,9,1.0,52.15,0.0,999,30,18.81,0.2026,1,1,1,premium,0,0.0,tier1,9.0,1.15,0.0,0.0,1.2,3.0,0,0.8224,same_model_family,0.7586,movement_reconstructed,1,15.0,95.63025210084034,253.0,0.0,0.0,0.0,0.0,0.0,0.0,-48.0,-1.0,7,HOLD,rds_snapshot_history,0,,,1.0,HOLD,HOLD,0.55,0.55,inventory position is balanced; no urgent pricing intervention is needed,low_stock|overpriced|low_label_confidence,business_only_retail_pricing_v1,deterministic_business_heuristic,2026-06-04T19:20:03.676893+00:00,0
SP-C394BB70B8|2026-06-02,SP-C394BB70B8,,IN200628,The North Face,other,The North Face Base Unisex Lifestyle Band Black,2026-06-02,73.5,2.45,0,9,1.0,52.15,0.0,999,30,18.81,0.2026,1,1,1,premium,3,0.0,tier1,9.0,1.2,0.0,0.0,1.1,3.0,0,0.8224,same_model_family,0.7594,movement_reconstructed,1,15.0,96.44,253.0,0.0,0.0,0.0,0.0,0.0,0.0,-24.0,-0.5,14,HOLD,rds_snapshot_history,0,,,1.0,HOLD,HOLD,0.55,0.55,inventory position is balanced; no urgent pricing intervention is needed,low_stock|overpriced|low_label_confidence,business_only_retail_pricing_v1,deterministic_business_heuristic,2026-06-04T19:20:03.676893+00:00,0
SP-C3AF8C8D07|2026-05-26,SP-C3AF8C8D07,,IN171671,Babolat,kids,Babolat Nadal Junior 23 Strung Grip Kids Tennis Racquet Multi,2026-05-26,91.4,3.05,0,9,1.0,59.51,0.0,999,30,86.04,0.2213,0,1,1,premium,0,0.0,tier3,34.84,1.15,0.0,0.0,1.2,3.0,0,0.8224,same_model_family,0.8763,movement_reconstructed,1,67.0,89.0,111.0,0.0,0.0,0.0,1.0,1.0,0.0639,-9.0,-1.0,0,HOLD,rds_snapshot_history,0,,,1.0,HOLD,HOLD,0.55,0.55,inventory position is balanced; no urgent pricing intervention is needed,low_stock|overpriced|low_label_confidence,business_only_retail_pricing_v1,deterministic_business_heuristic,2026-06-04T19:20:03.676893+00:00,0
SP-C3AF8C8D07|2026-06-02,SP-C3AF8C8D07,,IN171671,Babolat,kids,Babolat Nadal Junior 23 Strung Grip Kids Tennis Racquet Multi,2026-06-02,91.4,3.05,0,9,1.0,59.51,0.0,999,30,86.04,0.2213,0,1,1,premium,3,0.0,tier3,34.84,1.2,0.0,0.0,1.1,3.0,0,0.8224,same_model_family,0.8763,movement_reconstructed,1,67.0,89.0,111.0,0.0,0.0,0.0,1.0,1.0,0.0521,-4.5,-0.5,7,HOLD,rds_snapshot_history,0,,,1.0,HOLD,HOLD,0.55,0.55,inventory position is balanced; no urgent pricing intervention is needed,low_stock|overpriced|low_label_confidence,business_only_retail_pricing_v1,deterministic_business_heuristic,2026-06-04T19:20:03.676893+00:00,0
SP-C48AE249D6|2026-05-19,SP-C48AE249D6,,IN192327,New Balance,footwear,New Balance 327 Men Lifestyle Shoes Grey/ White,2026-05-19,0.0,0.0,1,0,1.0,58.41,0.0,999,30,139.02,0.3886,1,1,1,premium,0,1.0,tier1,57.82,1.15,0.0,0.0,1.2,3.0,0,0.8224,same_model_family,0.8012,movement_reconstructed,1,85.0,116.0,132.0,0.0,0.0,0.0,0.0,0.0,0.0,0.0,0.0,0,HOLD,rds_snapshot_history,0,,,1.0,HOLD,HOLD,0.55,0.55,no urgent pricing intervention is needed,low_stock|overpriced|low_label_confidence,business_only_retail_pricing_v1,deterministic_business_heuristic,2026-06-04T19:20:03.676893+00:00,0
SP-C48AE249D6|2026-05-26,SP-C48AE249D6,,IN192327,New Balance,footwear,New Balance 327 Men Lifestyle Shoes Grey/ White,2026-05-26,136.6,4.55,0,10,1.0,58.41,0.0,999,30,139.02,0.3886,1,1,1,premium,0,0.0,tier1,57.82,1.15,0.0,0.0,1.2,3.0,0,0.8224,same_model_family,0.7978,movement_reconstructed,1,85.0,116.34567901234568,155.0,0.0,0.0,0.0,0.0,0.0,0.0,-18.0,-1.0,7,CLEAR,rds_snapshot_history,0,,,1.0,HOLD,HOLD,0.55,0.55,inventory position is balanced; no urgent pricing intervention is needed,low_stock|overpriced|stale_inventory|low_label_confidence,business_only_retail_pricing_v1,deterministic_business_heuristic,2026-06-04T19:20:03.676893+00:00,1
SP-C48AE249D6|2026-06-02,SP-C48AE249D6,,IN192327,New Balance,footwear,New Balance 327 Men Lifestyle Shoes Grey/ White,2026-06-02,136.6,4.55,0,10,1.0,58.41,0.0,999,30,139.02,0.3886,1,1,1,premium,3,0.0,tier1,57.82,1.2,0.0,0.0,1.1,3.0,0,0.8224,same_model_family,0.7948,movement_reconstructed,1,85.0,116.17647058823528,155.0,0.0,0.0,0.0,0.0,0.0,0.0,-9.0,-0.5,14,CLEAR,rds_snapshot_history,0,,,1.0,HOLD,HOLD,0.55,0.55,inventory position is balanced; no urgent pricing intervention is needed,low_stock|overpriced|stale_inventory|low_label_confidence,business_only_retail_pricing_v1,deterministic_business_heuristic,2026-06-04T19:20:03.676893+00:00,1
SP-C7D5ADC445|2026-05-19,SP-C7D5ADC445,,IN202591,ON,other,On Climate 2 Men Running Long Sleeve Black,2026-05-19,0.0,0.0,1,0,1.0,56.72,0.0,999,30,154.12,0.2928,1,1,1,premium,0,1.0,tier1,66.7,1.15,0.0,0.0,1.2,3.0,0,0.8224,same_model_family,0.7717,movement_reconstructed,1,109.0,150.5,156.0,0.0,0.0,0.0,0.0,0.0,0.0,0.0,0.0,0,HOLD,rds_snapshot_history,0,,,1.0,HOLD,HOLD,0.55,0.55,no urgent pricing intervention is needed,low_stock|overpriced|low_label_confidence,business_only_retail_pricing_v1,deterministic_business_heuristic,2026-06-04T19:20:03.676893+00:00,0
SP-C7D5ADC445|2026-05-26,SP-C7D5ADC445,,IN202591,ON,other,On Climate 2 Men Running Long Sleeve Black,2026-05-26,136.6,4.55,0,9,1.0,56.72,0.0,999,30,154.12,0.3382,1,1,1,premium,0,0.0,tier1,66.7,1.15,0.0,0.0,1.2,3.0,0,0.8224,same_model_family,0.7821,movement_reconstructed,1,102.0,149.0754716981132,156.0,0.0,0.0,0.0,0.0,0.0,0.0,-12.0,-1.0,7,CLEAR,rds_snapshot_history,0,,,1.0,HOLD,HOLD,0.55,0.55,inventory position is balanced; no urgent pricing intervention is needed,low_stock|overpriced|stale_inventory|low_label_confidence,business_only_retail_pricing_v1,deterministic_business_heuristic,2026-06-04T19:20:03.676893+00:00,1
SP-C7D5ADC445|2026-06-02,SP-C7D5ADC445,,IN202591,ON,other,On Climate 2 Men Running Long Sleeve Black,2026-06-02,136.6,4.55,0,9,1.0,56.72,0.0,999,30,154.12,0.3382,1,1,1,premium,3,0.0,tier1,66.7,1.2,0.0,0.0,1.1,3.0,0,0.8224,same_model_family,0.7846,movement_reconstructed,1,102.0,148.95238095238096,156.0,0.0,0.0,0.0,0.0,0.0,0.0,-6.0,-0.5,14,CLEAR,rds_snapshot_history,0,,,1.0,HOLD,HOLD,0.55,0.55,inventory position is balanced; no urgent pricing intervention is needed,low_stock|overpriced|stale_inventory|low_label_confidence,business_only_retail_pricing_v1,deterministic_business_heuristic,2026-06-04T19:20:03.676893+00:00,1
SP-C7EF6CC8AF|2026-05-19,SP-C7EF6CC8AF,,ID8840,Adidas,footwear,Adidas Ultraboost 5 Women Running Shoes White/Grey/Pink,2026-05-19,0.0,0.0,1,0,1.0,49.5,0.0,999,30,139.73,-0.0234,1,0,1,at_market,0,1.0,tier1,70.56,1.15,0.0,0.0,1.2,3.0,0,0.8224,similar_product,0.7981,movement_reconstructed,1,143.0,143.0,143.0,0.0,0.0,0.0,0.0,0.0,0.0,0.0,0.0,0,HOLD,rds_snapshot_history,0,,,1.0,HOLD,HOLD,0.98,0.98,price is close to market; no urgent pricing intervention is needed,low_stock|weak_competitor_match,business_only_retail_pricing_v1,deterministic_business_heuristic,2026-06-04T19:20:03.676893+00:00,0
SP-CA2B45C970|2026-05-19,SP-CA2B45C970,,IN233464,ON,football_boots,On Studio 7/8 Women Training 7/8 Tight Navy,2026-05-19,0.0,0.0,1,0,1.0,59.55,0.0,999,30,164.9,0.0,0,0,0,at_market,0,1.0,tier1,66.7,1.15,0.0,0.0,1.2,3.0,0,0.8224,no_match,0.0,movement_reconstructed,0,0.0,0.0,0.0,0.0,0.0,0.0,0.0,0.0,0.0,0.0,0.0,0,HOLD,rds_snapshot_history,0,,,1.0,HOLD,HOLD,0.98,0.98,price is close to market; no urgent pricing intervention is needed,low_stock|weak_competitor_match,business_only_retail_pricing_v1,deterministic_business_heuristic,2026-06-04T19:20:03.676893+00:00,0
SP-CA2B45C970|2026-05-26,SP-CA2B45C970,,IN233464,ON,football_boots,On Studio 7/8 Women Training 7/8 Tight Navy,2026-05-26,156.1,5.2,0,6,1.0,59.55,0.0,999,30,164.9,0.0,0,0,0,at_market,0,0.0,tier1,66.7,1.15,0.0,0.0,1.2,3.0,0,0.8224,no_match,0.0,movement_reconstructed,0,0.0,0.0,0.0,0.0,0.0,0.0,0.0,0.0,0.0,-40.0,-1.0,7,CLEAR,rds_snapshot_history,0,,,1.0,HOLD,HOLD,0.98,0.98,price is close to market; no urgent pricing intervention is needed,low_stock|weak_competitor_match|stale_inventory,business_only_retail_pricing_v1,deterministic_business_heuristic,2026-06-04T19:20:03.676893+00:00,1
SP-CA2B45C970|2026-06-02,SP-CA2B45C970,,IN233464,ON,football_boots,On Studio 7/8 Women Training 7/8 Tight Navy,2026-06-02,156.1,5.2,0,6,1.0,59.55,0.0,999,30,164.9,0.0,0,0,0,at_market,3,0.0,tier1,66.7,1.2,0.0,0.0,1.1,3.0,0,0.8224,no_match,0.0,movement_reconstructed,0,0.0,0.0,0.0,0.0,0.0,0.0,0.0,0.0,0.0,-20.0,-0.5,14,CLEAR,rds_snapshot_history,0,,,1.0,HOLD,HOLD,0.98,0.98,price is close to market; no urgent pricing intervention is needed,low_stock|weak_competitor_match|stale_inventory,business_only_retail_pricing_v1,deterministic_business_heuristic,2026-06-04T19:20:03.676893+00:00,1
SP-CC132CEF52|2026-05-19,SP-CC132CEF52,,JM6459,Adidas,apparel,Adidas Food Grilled Cheese Graphic Men Sportswear T-Shirt Off White,2026-05-19,0.0,0.0,1,0,1.0,51.19,0.0,999,30,43.76,0.2687,1,1,2,premium,0,1.0,tier1,21.36,1.15,0.0,0.0,1.2,3.0,0,0.8224,exact_style,0.7437,movement_reconstructed,1,32.0,2.7504,44.0,0.0,0.0,0.0,0.0,0.0,0.0,0.0,0.0,0,HOLD,rds_snapshot_history,0,,,1.0,HOLD,HOLD,0.6472,0.6472,no urgent pricing intervention is needed,low_stock|overpriced|low_label_confidence,business_only_retail_pricing_v1,deterministic_business_heuristic,2026-06-04T19:20:03.676893+00:00,0
SP-CC5CDA3953|2026-05-19,SP-CC5CDA3953,,IN073617,Crocs,footwear,Crocs Bistro Slip Resistant Work Clog Unisex lifestyle Slippers Black,2026-05-19,0.0,0.0,1,0,1.0,50.07,0.0,999,30,43.74,0.2227,1,1,1,premium,0,1.0,tier2,21.84,1.15,0.0,0.0,1.2,3.0,0,0.8224,similar_product,0.7342,movement_reconstructed,1,34.0,40.4,42.0,0.0,0.0,0.0,0.0,0.0,0.0,0.0,0.0,0,HOLD,rds_snapshot_history,0,,,1.0,HOLD,HOLD,0.55,0.55,no urgent pricing intervention is needed,low_stock|overpriced|weak_competitor_match|low_label_confidence,business_only_retail_pricing_v1,deterministic_business_heuristic,2026-06-04T19:20:03.676893+00:00,0
SP-CC5CDA3953|2026-05-26,SP-CC5CDA3953,,IN073617,Crocs,footwear,Crocs Bistro Slip Resistant Work Clog Unisex lifestyle Slippers Black,2026-05-26,73.5,2.45,0,9,1.0,50.07,0.0,999,30,43.74,0.2227,1,1,1,premium,0,0.0,tier2,21.84,1.15,0.0,0.0,1.2,3.0,0,0.8224,same_model_family,0.7944,movement_reconstructed,1,34.0,41.526315789473685,45.0,0.0,0.0,0.0,0.0,0.0,0.0,-9.0,-1.0,7,HOLD,rds_snapshot_history,0,,,1.0,HOLD,HOLD,0.55,0.55,inventory position is balanced; no urgent pricing intervention is needed,low_stock|overpriced|low_label_confidence,business_only_retail_pricing_v1,deterministic_business_heuristic,2026-06-04T19:20:03.676893+00:00,0
SP-CC5CDA3953|2026-06-02,SP-CC5CDA3953,,IN073617,Crocs,footwear,Crocs Bistro Slip Resistant Work Clog Unisex lifestyle Slippers Black,2026-06-02,73.5,2.45,0,9,1.0,50.07,0.0,999,30,43.74,0.2227,1,1,1,premium,3,0.0,tier2,21.84,1.2,0.0,0.0,1.1,3.0,0,0.8224,same_model_family,0.8031,movement_reconstructed,1,34.0,41.70588235294117,45.0,0.0,0.0,0.0,0.0,0.0,0.0,-4.5,-0.5,14,HOLD,rds_snapshot_history,0,,,1.0,HOLD,HOLD,0.55,0.55,inventory position is balanced; no urgent pricing intervention is needed,low_stock|overpriced|low_label_confidence,business_only_retail_pricing_v1,deterministic_business_heuristic,2026-06-04T19:20:03.676893+00:00,0
SP-CE1996B0E0|2026-05-19,SP-CE1996B0E0,,IN227545,Crocs,footwear,Crocs Bae Women Lifestyle Clog Starfish,2026-05-19,0.0,0.0,1,0,1.0,52.05,0.0,999,30,91.09,0.3523,1,1,1,premium,0,1.0,tier2,43.68,1.15,0.0,0.0,1.2,3.0,0,0.8224,same_model_family,0.8223,movement_reconstructed,1,59.0,83.75,96.0,0.0,0.0,0.0,0.0,0.0,0.0,0.0,0.0,0,HOLD,rds_snapshot_history,0,,,1.0,HOLD,HOLD,0.55,0.55,no urgent pricing intervention is needed,low_stock|overpriced|low_label_confidence,business_only_retail_pricing_v1,deterministic_business_heuristic,2026-06-04T19:20:03.676893+00:00,0
SP-CE1996B0E0|2026-05-26,SP-CE1996B0E0,,IN227545,Crocs,footwear,Crocs Bae Women Lifestyle Clog Starfish,2026-05-26,108.8,3.63,0,9,1.0,52.05,0.0,999,30,91.09,0.3523,1,1,1,premium,0,0.0,tier2,43.68,1.15,0.0,0.0,1.2,3.0,0,0.8224,same_model_family,0.8275,movement_reconstructed,1,59.0,83.18181818181819,96.0,0.0,0.0,0.0,0.0,0.0,0.0,-9.0,-1.0,7,HOLD,rds_snapshot_history,0,,,1.0,HOLD,HOLD,0.55,0.55,inventory position is balanced; no urgent pricing intervention is needed,low_stock|overpriced|low_label_confidence,business_only_retail_pricing_v1,deterministic_business_heuristic,2026-06-04T19:20:03.676893+00:00,0
SP-CE1996B0E0|2026-06-02,SP-CE1996B0E0,,IN227545,Crocs,footwear,Crocs Bae Women Lifestyle Clog Starfish,2026-06-02,108.8,3.63,0,9,1.0,52.05,0.0,999,30,91.09,0.3523,1,1,1,premium,3,0.0,tier2,43.68,1.2,0.0,0.0,1.1,3.0,0,0.8224,same_model_family,0.8223,movement_reconstructed,1,59.0,83.75,96.0,0.0,0.0,0.0,0.0,0.0,0.0,-4.5,-0.5,14,HOLD,rds_snapshot_history,0,,,1.0,HOLD,HOLD,0.55,0.55,inventory position is balanced; no urgent pricing intervention is needed,low_stock|overpriced|low_label_confidence,business_only_retail_pricing_v1,deterministic_business_heuristic,2026-06-04T19:20:03.676893+00:00,0
SP-CED36CC988|2026-05-19,SP-CED36CC988,,46U,La Sportiva,footwear,La Sportiva Bushido III W,2026-05-19,0.0,0.0,1,0,1.0,54.0,0.0,999,30,160.95,0.0,0,0,0,at_market,0,1.0,tier2,74.04,1.15,0.0,0.0,1.2,3.0,0,0.8224,no_match,0.0,movement_reconstructed,0,0.0,0.0,0.0,0.0,0.0,0.0,0.0,0.0,0.0,0.0,0.0,0,HOLD,rds_snapshot_history,0,,,1.0,HOLD,HOLD,0.98,0.98,price is close to market; no urgent pricing intervention is needed,low_stock|weak_competitor_match,business_only_retail_pricing_v1,deterministic_business_heuristic,2026-06-04T19:20:03.676893+00:00,0
SP-CED36CC988|2026-05-26,SP-CED36CC988,,46U,La Sportiva,footwear,La Sportiva Bushido III W,2026-05-26,136.6,4.55,0,28,1.0,54.0,0.0,999,30,160.95,0.0,0,0,0,at_market,0,0.0,tier2,74.04,1.15,0.0,0.0,1.2,3.0,0,0.8224,no_match,0.0,movement_reconstructed,0,0.0,0.0,0.0,0.0,0.0,0.0,0.0,0.0,0.0,-18.0,-1.0,7,CLEAR,rds_snapshot_history,0,,,1.0,HOLD,HOLD,0.98,0.98,inventory position is balanced; price is close to market; no urgent pricing intervention is needed,weak_competitor_match|stale_inventory,business_only_retail_pricing_v1,deterministic_business_heuristic,2026-06-04T19:20:03.676893+00:00,1
SP-CED36CC988|2026-06-02,SP-CED36CC988,,46U,La Sportiva,footwear,La Sportiva Bushido III W,2026-06-02,136.6,4.55,0,28,1.0,54.0,0.0,999,30,160.95,0.0,0,0,0,at_market,3,0.0,tier2,74.04,1.2,0.0,0.0,1.1,3.0,0,0.8224,no_match,0.0,movement_reconstructed,0,0.0,0.0,0.0,0.0,0.0,0.0,0.0,0.0,0.0,-9.0,-0.5,14,CLEAR,rds_snapshot_history,0,,,1.0,HOLD,HOLD,0.98,0.98,inventory position is balanced; price is close to market; no urgent pricing intervention is needed,weak_competitor_match|stale_inventory,business_only_retail_pricing_v1,deterministic_business_heuristic,2026-06-04T19:20:03.676893+00:00,1
SP-CF5BCC0FE2|2026-05-19,SP-CF5BCC0FE2,,JI4632,Adidas,footwear,"Response Super Shoes, White",2026-05-19,0.0,0.0,1,0,1.0,62.81,0.0,999,30,89.05,0.2252,1,0,1,premium,0,1.0,tier1,33.12,1.15,0.0,0.0,1.2,3.0,0,0.8224,exact_style,1.0,movement_reconstructed,1,69.0,69.0,69.0,0.0,0.0,0.0,1.0,0.0,0.0,0.0,0.0,0,HOLD,rds_snapshot_history,0,,,1.0,HOLD,HOLD,0.55,0.55,no urgent pricing intervention is needed,low_stock|overpriced|low_label_confidence,business_only_retail_pricing_v1,deterministic_business_heuristic,2026-06-04T19:20:03.676893+00:00,0
SP-CFC4A2736E|2026-05-19,SP-CFC4A2736E,,56J,La Sportiva,footwear,La Sportiva Jackal II,2026-05-19,0.0,0.0,1,0,1.0,54.0,0.0,999,30,172.05,0.0,0,0,0,at_market,0,1.0,tier2,79.14,1.15,0.0,0.0,1.2,3.0,0,0.8224,no_match,0.0,movement_reconstructed,0,0.0,0.0,0.0,0.0,0.0,0.0,1.0,1.0,0.0,0.0,0.0,0,HOLD,rds_snapshot_history,0,,,1.0,HOLD,HOLD,0.98,0.98,price is close to market; no urgent pricing intervention is needed,low_stock|weak_competitor_match,business_only_retail_pricing_v1,deterministic_business_heuristic,2026-06-04T19:20:03.676893+00:00,0
SP-CFC4A2736E|2026-05-26,SP-CFC4A2736E,,56J,La Sportiva,footwear,La Sportiva Jackal II,2026-05-26,136.6,4.55,0,28,1.0,54.0,0.0,999,30,172.05,0.0,0,0,0,at_market,0,0.0,tier2,79.14,1.15,0.0,0.0,1.2,3.0,0,0.8224,no_match,0.0,movement_reconstructed,0,0.0,0.0,0.0,0.0,0.0,0.0,1.0,1.0,0.0,-18.0,-1.0,7,CLEAR,rds_snapshot_history,0,,,1.0,HOLD,HOLD,0.98,0.98,inventory position is balanced; price is close to market; no urgent pricing intervention is needed,weak_competitor_match|stale_inventory,business_only_retail_pricing_v1,deterministic_business_heuristic,2026-06-04T19:20:03.676893+00:00,1
SP-CFC4A2736E|2026-06-02,SP-CFC4A2736E,,56J,La Sportiva,footwear,La Sportiva Jackal II,2026-06-02,136.6,4.55,0,28,1.0,54.0,0.0,999,30,172.05,0.0,0,0,0,at_market,3,0.0,tier2,79.14,1.2,0.0,0.0,1.1,3.0,0,0.8224,no_match,0.0,movement_reconstructed,0,0.0,0.0,0.0,0.0,0.0,0.0,1.0,1.0,0.0,-9.0,-0.5,14,CLEAR,rds_snapshot_history,0,,,1.0,HOLD,HOLD,0.98,0.98,inventory position is balanced; price is close to market; no urgent pricing intervention is needed,weak_competitor_match|stale_inventory,business_only_retail_pricing_v1,deterministic_business_heuristic,2026-06-04T19:20:03.676893+00:00,1
SP-D0A64208B9|2026-05-19,SP-D0A64208B9,,IN233426,ON,apparel,On 3 Inch Core Women Running Short Heron,2026-05-19,0.0,0.0,1,0,1.0,56.05,0.0,999,30,78.49,0.2993,1,1,1,premium,0,1.0,tier1,34.5,1.15,0.0,0.0,1.2,3.0,0,0.8224,same_model_family,0.7913,movement_reconstructed,1,55.0,123.0,239.0,0.0,0.0,0.0,0.0,0.0,0.0,0.0,0.0,0,HOLD,rds_snapshot_history,0,,,1.0,HOLD,HOLD,0.55,0.55,no urgent pricing intervention is needed,low_stock|overpriced|low_label_confidence,business_only_retail_pricing_v1,deterministic_business_heuristic,2026-06-04T19:20:03.676893+00:00,0
SP-D21AF978EC|2026-05-19,SP-D21AF978EC,,1028060,Keen,footwear,Keen Jasper Vent,2026-05-19,0.0,0.0,1,0,1.0,52.0,0.0,999,30,111.0,0.0,0,0,0,at_market,0,1.0,tier2,53.28,1.15,0.0,0.0,1.2,3.0,0,0.8224,no_match,0.0,movement_reconstructed,0,0.0,0.0,0.0,0.0,0.0,0.0,0.0,0.0,0.0,0.0,0.0,0,HOLD,rds_snapshot_history,0,,,1.0,HOLD,HOLD,0.98,0.98,price is close to market; no urgent pricing intervention is needed,low_stock|weak_competitor_match,business_only_retail_pricing_v1,deterministic_business_heuristic,2026-06-04T19:20:03.676893+00:00,0
SP-D21AF978EC|2026-05-26,SP-D21AF978EC,,1028060,Keen,footwear,Keen Jasper Vent,2026-05-26,132.6,4.42,0,48,1.0,52.0,0.0,999,30,111.0,0.0,0,0,0,at_market,0,0.0,tier2,53.28,1.15,0.0,0.0,1.2,3.0,0,0.8224,no_match,0.0,movement_reconstructed,0,0.0,0.0,0.0,0.0,0.0,0.0,0.0,0.0,0.0614,-12.0,-1.0,0,CLEAR,rds_snapshot_history,0,,,1.0,HOLD,HOLD,0.98,0.98,inventory position is balanced; price is close to market; no urgent pricing intervention is needed,weak_competitor_match|stale_inventory,business_only_retail_pricing_v1,deterministic_business_heuristic,2026-06-04T19:20:03.676893+00:00,1
SP-D21AF978EC|2026-06-02,SP-D21AF978EC,,1028060,Keen,footwear,Keen Jasper Vent,2026-06-02,132.6,4.42,0,48,1.0,52.0,0.0,999,30,111.0,0.0,0,0,0,at_market,3,0.0,tier2,53.28,1.2,0.0,0.0,1.1,3.0,0,0.8224,no_match,0.0,movement_reconstructed,0,0.0,0.0,0.0,0.0,0.0,0.0,0.0,0.0,0.0502,-6.0,-0.5,0,CLEAR,rds_snapshot_history,0,,,1.0,HOLD,HOLD,0.98,0.98,inventory position is balanced; price is close to market; no urgent pricing intervention is needed,weak_competitor_match|stale_inventory,business_only_retail_pricing_v1,deterministic_business_heuristic,2026-06-04T19:20:03.676893+00:00,1
SP-D38DD30CF0|2026-05-19,SP-D38DD30CF0,,IN226223,ON,apparel,"On 5"" Performance Women Running Short Black",2026-05-19,0.0,0.0,1,0,1.0,50.37,0.0,999,30,91.76,0.248,1,1,1,premium,0,1.0,tier1,45.54,1.15,0.0,0.0,1.2,3.0,0,0.8224,same_model_family,0.9233,movement_reconstructed,1,69.0,83.5,99.0,0.0,0.0,0.0,0.0,0.0,0.0,0.0,0.0,0,HOLD,rds_snapshot_history,0,,,1.0,HOLD,HOLD,0.55,0.55,no urgent pricing intervention is needed,low_stock|overpriced|low_label_confidence,business_only_retail_pricing_v1,deterministic_business_heuristic,2026-06-04T19:20:03.676893+00:00,0
SP-D3B81EBF5D|2026-05-19,SP-D3B81EBF5D,,1019234,Teva,footwear,Teva Hurricane XLT2 M,2026-05-19,0.0,0.0,1,0,1.0,44.99,0.0,999,30,77.7,0.0,0,0,0,at_market,0,1.0,tier2,42.74,1.15,0.0,0.0,1.2,3.0,0,0.8224,no_match,0.0,movement_reconstructed,0,0.0,0.0,0.0,0.0,0.0,0.0,1.0,1.0,0.0,0.0,0.0,0,HOLD,rds_snapshot_history,0,,,1.0,HOLD,HOLD,0.98,0.98,price is close to market; no urgent pricing intervention is needed,low_stock|weak_competitor_match,business_only_retail_pricing_v1,deterministic_business_heuristic,2026-06-04T19:20:03.676893+00:00,0
SP-D3B81EBF5D|2026-05-26,SP-D3B81EBF5D,,1019234,Teva,footwear,Teva Hurricane XLT2 M,2026-05-26,92.8,3.09,0,48,1.0,44.99,0.0,999,30,77.7,0.0,0,0,0,at_market,0,0.0,tier2,42.74,1.15,0.0,0.0,1.2,3.0,0,0.8224,no_match,0.0,movement_reconstructed,0,0.0,0.0,0.0,0.0,0.0,0.0,1.0,1.0,0.0173,-12.0,-1.0,0,HOLD,rds_snapshot_history,0,,,1.0,HOLD,HOLD,0.98,0.98,inventory position is balanced; price is close to market; no urgent pricing intervention is needed,weak_competitor_match,business_only_retail_pricing_v1,deterministic_business_heuristic,2026-06-04T19:20:03.676893+00:00,0
SP-D3B81EBF5D|2026-06-02,SP-D3B81EBF5D,,1019234,Teva,footwear,Teva Hurricane XLT2 M,2026-06-02,92.8,3.09,0,48,1.0,44.99,0.0,999,30,77.7,0.0,0,0,0,at_market,3,0.0,tier2,42.74,1.2,0.0,0.0,1.1,3.0,0,0.8224,no_match,0.0,movement_reconstructed,0,0.0,0.0,0.0,0.0,0.0,0.0,1.0,1.0,0.0141,-6.0,-0.5,7,HOLD,rds_snapshot_history,0,,,1.0,HOLD,HOLD,0.98,0.98,inventory position is balanced; price is close to market; no urgent pricing intervention is needed,weak_competitor_match,business_only_retail_pricing_v1,deterministic_business_heuristic,2026-06-04T19:20:03.676893+00:00,0
SP-D582D99C4D|2026-05-26,SP-D582D99C4D,,IN160125,Adidas,swimwear,Adidas Classic Solid Men Swim Swim Short Glow Blue,2026-05-26,83.3,2.78,0,9,1.0,54.37,0.0,999,30,22.09,0.0946,2,1,2,above_market,0,0.0,tier1,10.08,1.45,0.3,0.0,1.7,3.0,0,0.8224,same_model_family,0.7774,movement_reconstructed,1,20.0,8.7172,33.0,0.0,0.0,0.0,0.0,0.0,0.0,-18.0,-1.0,7,HOLD,rds_snapshot_history,0,,,1.0,HOLD,HOLD,0.55,0.55,inventory position is balanced; no urgent pricing intervention is needed,low_stock|low_label_confidence,business_only_retail_pricing_v1,deterministic_business_heuristic,2026-06-04T19:20:03.676893+00:00,0
SP-D582D99C4D|2026-06-02,SP-D582D99C4D,,IN160125,Adidas,swimwear,Adidas Classic Solid Men Swim Swim Short Glow Blue,2026-06-02,83.3,2.78,0,9,1.0,54.37,0.0,999,30,22.09,0.0946,2,1,2,above_market,3,0.0,tier1,10.08,1.7,0.5,0.0,1.6,3.0,0,0.8224,same_model_family,0.7763,movement_reconstructed,1,20.0,6.8278,33.0,0.0,0.0,0.0,0.0,0.0,0.0,-9.0,-0.5,14,HOLD,rds_snapshot_history,0,,,1.0,HOLD,HOLD,0.55,0.55,inventory position is balanced; no urgent pricing intervention is needed,low_stock|low_label_confidence,business_only_retail_pricing_v1,deterministic_business_heuristic,2026-06-04T19:20:03.676893+00:00,0
SP-D62159F18D|2026-05-19,SP-D62159F18D,,IN238068,Crocs,footwear,Crocs Barbie Classic Infant Lifestyle Clog Multi,2026-05-19,0.0,0.0,1,0,1.0,53.61,0.0,999,30,67.25,0.5688,1,1,1,premium,0,1.0,tier2,31.2,1.15,0.0,0.0,1.2,3.0,0,0.8224,same_model_family,0.8039,movement_reconstructed,1,29.0,46.50862068965517,72.0,0.0,0.0,0.0,1.0,1.0,0.0,0.0,0.0,0,HOLD,rds_snapshot_history,0,,,1.0,HOLD,HOLD,0.55,0.55,no urgent pricing intervention is needed,low_stock|overpriced|low_label_confidence,business_only_retail_pricing_v1,deterministic_business_heuristic,2026-06-04T19:20:03.676893+00:00,0
SP-D62159F18D|2026-05-26,SP-D62159F18D,,IN238068,Crocs,footwear,Crocs Barbie Classic Infant Lifestyle Clog Multi,2026-05-26,80.4,2.68,0,10,1.0,53.61,0.0,999,30,67.25,0.5985,1,1,1,premium,0,0.0,tier2,31.2,1.15,0.0,0.0,1.2,3.0,0,0.8224,same_model_family,0.7999,movement_reconstructed,1,27.0,45.86248492159228,72.0,0.0,0.0,0.0,1.0,1.0,0.0,-12.0,-1.0,7,HOLD,rds_snapshot_history,0,,,1.0,HOLD,HOLD,0.55,0.55,inventory position is balanced; no urgent pricing intervention is needed,low_stock|overpriced|low_label_confidence,business_only_retail_pricing_v1,deterministic_business_heuristic,2026-06-04T19:20:03.676893+00:00,0
SP-D62159F18D|2026-06-02,SP-D62159F18D,,IN238068,Crocs,footwear,Crocs Barbie Classic Infant Lifestyle Clog Multi,2026-06-02,80.4,2.68,0,10,1.0,53.61,0.0,999,30,67.25,0.5985,1,1,1,premium,3,0.0,tier2,31.2,1.2,0.0,0.0,1.1,3.0,0,0.8224,same_model_family,0.7988,movement_reconstructed,1,27.0,45.71612903225807,72.0,0.0,0.0,0.0,1.0,1.0,0.0,-6.0,-0.5,14,HOLD,rds_snapshot_history,0,,,1.0,HOLD,HOLD,0.55,0.55,inventory position is balanced; no urgent pricing intervention is needed,low_stock|overpriced|low_label_confidence,business_only_retail_pricing_v1,deterministic_business_heuristic,2026-06-04T19:20:03.676893+00:00,0
SP-D73EAC318C|2026-05-19,SP-D73EAC318C,,,Nike,lifestyle,Air Zoom Vapor Elite - FG Cleats,2026-05-19,0.0,0.0,1,0,1.0,56.33,0.0,999,30,86.1,0.0,0,0,0,at_market,0,1.0,tier1,37.6,1.15,0.0,0.0,1.2,3.0,0,0.8224,no_match,0.0,movement_reconstructed,0,0.0,0.0,0.0,0.0,0.0,0.0,1.0,1.0,0.0,0.0,0.0,0,HOLD,rds_snapshot_history,0,,,1.0,HOLD,HOLD,0.98,0.98,price is close to market; no urgent pricing intervention is needed,low_stock|weak_competitor_match,business_only_retail_pricing_v1,deterministic_business_heuristic,2026-06-04T19:20:03.676893+00:00,0
SP-D73EAC318C|2026-05-26,SP-D73EAC318C,,,Nike,lifestyle,Air Zoom Vapor Elite - FG Cleats,2026-05-26,96.8,3.23,0,12,1.0,56.33,0.0,999,30,86.1,0.0,0,0,0,at_market,0,0.0,tier1,37.6,1.15,0.0,0.0,1.2,3.0,0,0.8224,no_match,0.0,movement_reconstructed,0,0.0,0.0,0.0,0.0,0.0,0.0,1.0,1.0,0.0,-12.0,-1.0,7,HOLD,rds_snapshot_history,0,,,1.0,HOLD,HOLD,0.98,0.98,inventory position is balanced; price is close to market; no urgent pricing intervention is needed,low_stock|weak_competitor_match,business_only_retail_pricing_v1,deterministic_business_heuristic,2026-06-04T19:20:03.676893+00:00,0
SP-D73EAC318C|2026-06-02,SP-D73EAC318C,,,Nike,lifestyle,Air Zoom Vapor Elite - FG Cleats,2026-06-02,96.8,3.23,0,12,1.0,56.33,0.0,999,30,86.1,0.0,0,0,0,at_market,3,0.0,tier1,37.6,1.2,0.0,0.0,1.1,3.0,0,0.8224,no_match,0.0,movement_reconstructed,0,0.0,0.0,0.0,0.0,0.0,0.0,1.0,1.0,0.0,-6.0,-0.5,14,HOLD,rds_snapshot_history,0,,,1.0,HOLD,HOLD,0.98,0.98,inventory position is balanced; price is close to market; no urgent pricing intervention is needed,low_stock|weak_competitor_match,business_only_retail_pricing_v1,deterministic_business_heuristic,2026-06-04T19:20:03.676893+00:00,0
SP-D866E2F245|2026-05-19,SP-D866E2F245,,,ASICS,lifestyle,ASICS PADEL METARISE™ 2,2026-05-19,0.0,0.0,1,0,1.0,55.55,0.0,999,30,99.22,0.0,0,0,0,at_market,0,1.0,tier2,44.1,1.15,0.0,0.0,1.2,3.0,0,0.8224,no_match,0.0,movement_reconstructed,0,0.0,0.0,0.0,0.0,0.0,0.0,0.0,0.0,0.0,0.0,0.0,0,HOLD,rds_snapshot_history,0,,,1.0,HOLD,HOLD,0.98,0.98,price is close to market; no urgent pricing intervention is needed,low_stock|weak_competitor_match,business_only_retail_pricing_v1,deterministic_business_heuristic,2026-06-04T19:20:03.676893+00:00,0
SP-D866E2F245|2026-05-26,SP-D866E2F245,,,ASICS,lifestyle,ASICS PADEL METARISE™ 2,2026-05-26,111.6,3.72,0,12,1.0,55.55,0.0,999,30,99.22,0.0,0,0,0,at_market,0,0.0,tier2,44.1,1.15,0.0,0.0,1.2,3.0,0,0.8224,no_match,0.0,movement_reconstructed,0,0.0,0.0,0.0,0.0,0.0,0.0,0.0,0.0,0.0,-12.0,-1.0,7,HOLD,rds_snapshot_history,0,,,1.0,HOLD,HOLD,0.98,0.98,inventory position is balanced; price is close to market; no urgent pricing intervention is needed,low_stock|weak_competitor_match,business_only_retail_pricing_v1,deterministic_business_heuristic,2026-06-04T19:20:03.676893+00:00,0
SP-D866E2F245|2026-06-02,SP-D866E2F245,,,ASICS,lifestyle,ASICS PADEL METARISE™ 2,2026-06-02,111.6,3.72,0,12,1.0,55.55,0.0,999,30,99.22,0.0,0,0,0,at_market,3,0.0,tier2,44.1,1.2,0.0,0.0,1.1,3.0,0,0.8224,no_match,0.0,movement_reconstructed,0,0.0,0.0,0.0,0.0,0.0,0.0,0.0,0.0,0.0,-6.0,-0.5,14,HOLD,rds_snapshot_history,0,,,1.0,HOLD,HOLD,0.98,0.98,inventory position is balanced; price is close to market; no urgent pricing intervention is needed,low_stock|weak_competitor_match,business_only_retail_pricing_v1,deterministic_business_heuristic,2026-06-04T19:20:03.676893+00:00,0
SP-D936C9E9C6|2026-05-19,SP-D936C9E9C6,,J1GC2403,Mizuno,footwear,Mizuno Wave Rider 28,2026-05-19,0.0,0.0,1,0,1.0,50.0,0.0,999,30,155.4,0.0,0,0,0,at_market,0,1.0,tier2,77.7,1.15,0.0,0.0,1.2,3.0,0,0.8224,no_match,0.0,movement_reconstructed,0,0.0,0.0,0.0,0.0,0.0,0.0,1.0,1.0,0.0,0.0,0.0,0,HOLD,rds_snapshot_history,0,,,1.0,HOLD,HOLD,0.98,0.98,price is close to market; no urgent pricing intervention is needed,low_stock|weak_competitor_match,business_only_retail_pricing_v1,deterministic_business_heuristic,2026-06-04T19:20:03.676893+00:00,0
SP-D936C9E9C6|2026-05-26,SP-D936C9E9C6,,J1GC2403,Mizuno,footwear,Mizuno Wave Rider 28,2026-05-26,136.6,4.55,0,48,1.0,50.0,0.0,999,30,155.4,0.0,0,0,0,at_market,0,0.0,tier2,77.7,1.15,0.0,0.0,1.2,3.0,0,0.8224,no_match,0.0,movement_reconstructed,0,0.0,0.0,0.0,0.0,0.0,0.0,1.0,1.0,0.0581,-14.0,-1.0,0,CLEAR,rds_snapshot_history,0,,,1.0,HOLD,HOLD,0.98,0.98,inventory position is balanced; price is close to market; no urgent pricing intervention is needed,weak_competitor_match|stale_inventory,business_only_retail_pricing_v1,deterministic_business_heuristic,2026-06-04T19:20:03.676893+00:00,1
SP-D936C9E9C6|2026-06-02,SP-D936C9E9C6,,J1GC2403,Mizuno,footwear,Mizuno Wave Rider 28,2026-06-02,136.6,4.55,0,48,1.0,50.0,0.0,999,30,155.4,0.0,0,0,0,at_market,3,0.0,tier2,77.7,1.2,0.0,0.0,1.1,3.0,0,0.8224,no_match,0.0,movement_reconstructed,0,0.0,0.0,0.0,0.0,0.0,0.0,1.0,1.0,0.0475,-7.0,-0.5,7,CLEAR,rds_snapshot_history,0,,,1.0,HOLD,HOLD,0.98,0.98,inventory position is balanced; price is close to market; no urgent pricing intervention is needed,weak_competitor_match|stale_inventory,business_only_retail_pricing_v1,deterministic_business_heuristic,2026-06-04T19:20:03.676893+00:00,1
SP-DA8CC184C9|2026-05-19,SP-DA8CC184C9,,JN8887,Adidas,apparel,Adidas Real Madrid 25/26 Home Jersey Kids-Unisex Football T-Shirt White,2026-05-19,0.0,0.0,1,0,1.0,49.99,0.0,999,30,112.3,0.2164,1,1,2,premium,0,1.0,tier1,56.16,1.15,0.0,0.0,1.2,3.0,0,0.8224,exact_style,0.8854,movement_reconstructed,1,88.0,23.4011,117.0,0.0,0.0,0.0,0.0,0.0,0.0,0.0,0.0,0,HOLD,rds_snapshot_history,0,,,1.0,HOLD,HOLD,0.6623,0.6623,no urgent pricing intervention is needed,low_stock|overpriced|low_label_confidence,business_only_retail_pricing_v1,deterministic_business_heuristic,2026-06-04T19:20:03.676893+00:00,0
SP-DB0AA24C01|2026-05-19,SP-DB0AA24C01,,IN199973,Nike,footwear,Nike Air Force 1 07 Wb Men Lifestyle Shoes Flax/Gum/Black,2026-05-19,0.0,0.0,1,0,1.0,57.12,0.0,999,30,169.9,0.1995,1,1,1,premium,0,1.0,tier1,72.85,1.15,0.0,0.0,1.2,3.0,0,0.8224,same_model_family,0.9441,movement_reconstructed,1,136.0,136.0,136.0,0.0,0.0,0.0,1.0,1.0,0.0,0.0,0.0,0,HOLD,rds_snapshot_history,0,,,1.0,HOLD,HOLD,0.55,0.55,no urgent pricing intervention is needed,low_stock|overpriced|low_label_confidence,business_only_retail_pricing_v1,deterministic_business_heuristic,2026-06-04T19:20:03.676893+00:00,0
SP-DB14195D44|2026-05-26,SP-DB14195D44,,JJ4182,Adidas,apparel,Adidas Real Madrid 25/26 Away Jersey Men Football T-Shirt Legend Ink,2026-05-26,80.7,2.69,0,14,1.0,54.38,0.0,999,30,160.45,0.2708,0,1,2,premium,0,0.0,tier1,73.2,1.15,0.0,0.0,1.2,3.0,0,0.8224,exact_style,0.9098,movement_reconstructed,1,117.0,28.7581,152.0,0.0,0.0,0.0,1.0,0.0,0.0,-11.0,-1.0,7,HOLD,rds_snapshot_history,0,,,1.0,HOLD,HOLD,0.6274,0.6274,inventory position is balanced; no urgent pricing intervention is needed,low_stock|overpriced|low_label_confidence,business_only_retail_pricing_v1,deterministic_business_heuristic,2026-06-04T19:20:03.676893+00:00,0
SP-DB14195D44|2026-06-02,SP-DB14195D44,,JJ4182,Adidas,apparel,Adidas Real Madrid 25/26 Away Jersey Men Football T-Shirt Legend Ink,2026-06-02,80.7,2.69,0,14,1.0,54.38,0.0,999,30,160.45,0.2708,0,1,2,premium,3,0.0,tier1,73.2,1.2,0.0,0.0,1.1,3.0,0,0.8224,exact_style,0.9073,movement_reconstructed,1,117.0,25.3347,152.0,0.0,0.0,0.0,1.0,0.0,0.0,-5.5,-0.5,14,HOLD,rds_snapshot_history,0,,,1.0,HOLD,HOLD,0.6274,0.6274,inventory position is balanced; no urgent pricing intervention is needed,low_stock|overpriced|low_label_confidence,business_only_retail_pricing_v1,deterministic_business_heuristic,2026-06-04T19:20:03.676893+00:00,0
SP-DB450DEC3B|2026-05-26,SP-DB450DEC3B,,IN234715,New Balance,footwear,New Balance 1080V15 Men Running Shoes Black,2026-05-26,136.6,4.55,0,12,1.0,57.45,0.0,999,30,316.67,0.1316,0,0,1,above_market,0,0.0,tier1,134.75,1.15,0.0,0.0,1.2,3.0,0,0.8224,same_model_family,0.9632,movement_reconstructed,1,275.0,275.0,275.0,0.0,0.0,0.0,0.0,0.5,0.0,-9.0,-1.0,7,CLEAR,rds_snapshot_history,0,,,1.0,MARKDOWN,MARKDOWN,0.5639,0.5639,priced above market by 13%; stock cover is elevated (137 DOS); margin can support a markdown,low_stock|overpriced|stale_inventory|low_label_confidence,business_only_retail_pricing_v1,deterministic_business_heuristic,2026-06-04T19:20:03.676893+00:00,1
SP-DB450DEC3B|2026-06-02,SP-DB450DEC3B,,IN234715,New Balance,footwear,New Balance 1080V15 Men Running Shoes Black,2026-06-02,136.6,4.55,0,12,1.0,57.45,0.0,999,30,316.67,0.1316,0,0,1,above_market,3,0.0,tier1,134.75,1.2,0.0,0.0,1.1,3.0,0,0.8224,same_model_family,0.9632,movement_reconstructed,1,275.0,275.0,275.0,0.0,0.0,0.0,0.0,0.6667,0.0,-4.5,-0.5,14,CLEAR,rds_snapshot_history,0,,,1.0,MARKDOWN,MARKDOWN,0.5639,0.5639,priced above market by 13%; stock cover is elevated (137 DOS); margin can support a markdown,low_stock|overpriced|stale_inventory|low_label_confidence,business_only_retail_pricing_v1,deterministic_business_heuristic,2026-06-04T19:20:03.676893+00:00,1
SP-DBF6B755DC|2026-05-19,SP-DBF6B755DC,,IN232383,Nike,sportswear,Nike One Women Training Bra Black/White,2026-05-19,0.0,0.0,1,0,1.0,56.73,0.0,999,30,58.66,0.3522,1,1,1,premium,0,1.0,tier1,25.38,1.15,0.0,0.0,1.2,3.0,0,0.8224,same_model_family,0.8209,movement_reconstructed,1,38.0,55.5,79.0,0.0,0.0,0.0,1.0,1.0,0.0,0.0,0.0,0,HOLD,rds_snapshot_history,0,,,1.0,HOLD,HOLD,0.55,0.55,no urgent pricing intervention is needed,low_stock|overpriced|low_label_confidence,business_only_retail_pricing_v1,deterministic_business_heuristic,2026-06-04T19:20:03.676893+00:00,0
SP-DC2D1E2F28|2026-05-26,SP-DC2D1E2F28,,IN232278,Nike,footwear,Nike Air Force 1 07 Gtx Men Lifestyle Shoes Fauna Brown/Black,2026-05-26,136.6,4.55,0,10,1.0,51.85,0.0,999,30,189.35,0.1022,1,1,1,above_market,0,0.0,tier1,91.18,1.15,0.0,0.0,1.2,3.0,0,0.8224,same_model_family,0.9714,movement_reconstructed,1,170.0,170.0,170.0,0.0,0.0,0.0,0.0,1.0,0.0,-14.0,-1.0,7,CLEAR,rds_snapshot_history,0,,,1.0,HOLD,HOLD,0.55,0.55,inventory position is balanced; no urgent pricing intervention is needed,low_stock|stale_inventory|low_label_confidence,business_only_retail_pricing_v1,deterministic_business_heuristic,2026-06-04T19:20:03.676893+00:00,1
SP-DC2D1E2F28|2026-06-02,SP-DC2D1E2F28,,IN232278,Nike,footwear,Nike Air Force 1 07 Gtx Men Lifestyle Shoes Fauna Brown/Black,2026-06-02,136.6,4.55,0,10,1.0,51.85,0.0,999,30,189.35,0.1022,1,1,1,above_market,3,0.0,tier1,91.18,1.2,0.0,0.0,1.1,3.0,0,0.8224,same_model_family,0.9714,movement_reconstructed,1,170.0,170.0,170.0,0.0,0.0,0.0,0.0,1.0,0.0,-7.0,-0.5,14,CLEAR,rds_snapshot_history,0,,,1.0,HOLD,HOLD,0.55,0.55,inventory position is balanced; no urgent pricing intervention is needed,low_stock|stale_inventory|low_label_confidence,business_only_retail_pricing_v1,deterministic_business_heuristic,2026-06-04T19:20:03.676893+00:00,1
SP-DCBF4E8148|2026-05-19,SP-DCBF4E8148,,IN171152,Nike,footwear,Nike Air Force 1 07 Men Lifestyle Shoes White/Black,2026-05-19,0.0,0.0,1,0,1.0,54.53,0.0,999,30,213.98,0.3083,1,1,1,premium,0,1.0,tier1,97.29,1.15,0.0,0.0,1.2,3.0,0,0.8224,same_model_family,0.9308,movement_reconstructed,1,148.0,203.7142857142857,225.0,0.0,0.0,0.0,1.0,1.0,0.0,0.0,0.0,0,HOLD,rds_snapshot_history,0,,,1.0,HOLD,HOLD,0.55,0.55,no urgent pricing intervention is needed,low_stock|overpriced|low_label_confidence,business_only_retail_pricing_v1,deterministic_business_heuristic,2026-06-04T19:20:03.676893+00:00,0
SP-DDAA79AADE|2026-05-26,SP-DDAA79AADE,,IN174337,Adidas,kids,Adidas Disney Mickey Mouse Summer Baby-Boys Sportswear Suit White/Black,2026-05-26,65.4,2.18,0,9,1.0,55.22,0.0,999,30,33.23,0.1574,1,1,1,premium,0,0.0,tier1,14.88,1.15,0.0,0.0,1.2,3.0,0,0.8224,same_model_family,0.7508,movement_reconstructed,1,28.0,45.24324324324324,80.0,0.0,0.0,0.0,1.0,1.0,0.0,-12.0,-1.0,7,HOLD,rds_snapshot_history,0,,,1.0,HOLD,HOLD,0.55,0.55,inventory position is balanced; no urgent pricing intervention is needed,low_stock|overpriced|low_label_confidence,business_only_retail_pricing_v1,deterministic_business_heuristic,2026-06-04T19:20:03.676893+00:00,0
SP-DDAA79AADE|2026-06-02,SP-DDAA79AADE,,IN174337,Adidas,kids,Adidas Disney Mickey Mouse Summer Baby-Boys Sportswear Suit White/Black,2026-06-02,65.4,2.18,0,9,1.0,55.22,0.0,999,30,33.23,0.1574,1,1,1,premium,3,0.0,tier1,14.88,1.2,0.0,0.0,1.1,3.0,0,0.8224,same_model_family,0.7508,movement_reconstructed,1,28.0,43.93333333333333,80.0,0.0,0.0,0.0,1.0,1.0,0.0,-6.0,-0.5,14,HOLD,rds_snapshot_history,0,,,1.0,HOLD,HOLD,0.55,0.55,inventory position is balanced; no urgent pricing intervention is needed,low_stock|overpriced|low_label_confidence,business_only_retail_pricing_v1,deterministic_business_heuristic,2026-06-04T19:20:03.676893+00:00,0
SP-DEECA186E7|2026-05-19,SP-DEECA186E7,,ID3491,Adidas,footwear,"4Dfwd 3 Running Shoes, Black",2026-05-19,0.0,0.0,1,0,1.0,56.31,0.0,999,30,139.54,0.0,0,0,0,at_market,0,1.0,tier1,60.96,1.15,0.0,0.0,1.2,3.0,0,0.8224,no_match,0.0,movement_reconstructed,0,0.0,0.0,0.0,0.0,0.0,0.0,0.0,0.0,0.0,0.0,0.0,0,HOLD,rds_snapshot_history,0,,,1.0,HOLD,HOLD,0.98,0.98,price is close to market; no urgent pricing intervention is needed,low_stock|weak_competitor_match,business_only_retail_pricing_v1,deterministic_business_heuristic,2026-06-04T19:20:03.676893+00:00,0
SP-DEECA186E7|2026-05-26,SP-DEECA186E7,,ID3491,Adidas,footwear,"4Dfwd 3 Running Shoes, Black",2026-05-26,136.6,4.55,0,9,1.0,56.31,0.0,999,30,139.54,0.1329,0,1,1,above_market,0,0.0,tier1,60.96,1.15,0.0,0.0,1.2,3.0,0,0.8224,similar_product,0.7645,movement_reconstructed,1,121.0,127.33333333333331,135.0,0.0,0.0,0.0,0.0,0.0,0.0,-0.0,0.0,7,CLEAR,rds_snapshot_history,0,,,1.0,HOLD,HOLD,0.5909,0.5909,inventory position is balanced; no urgent pricing intervention is needed,low_stock|overpriced|weak_competitor_match|stale_inventory|low_label_confidence,business_only_retail_pricing_v1,deterministic_business_heuristic,2026-06-04T19:20:03.676893+00:00,1
SP-DEECA186E7|2026-06-02,SP-DEECA186E7,,ID3491,Adidas,footwear,"4Dfwd 3 Running Shoes, Black",2026-06-02,136.6,4.55,0,9,1.0,56.31,0.0,999,30,139.54,0.1329,0,1,1,above_market,3,0.0,tier1,60.96,1.2,0.0,0.0,1.1,3.0,0,0.8224,similar_product,0.7645,movement_reconstructed,1,121.0,127.33333333333331,135.0,0.0,0.0,0.0,0.0,0.0,0.0,-25.0,-0.5,14,CLEAR,rds_snapshot_history,0,,,1.0,HOLD,HOLD,0.5909,0.5909,inventory position is balanced; no urgent pricing intervention is needed,low_stock|overpriced|weak_competitor_match|stale_inventory|low_label_confidence,business_only_retail_pricing_v1,deterministic_business_heuristic,2026-06-04T19:20:03.676893+00:00,1
SP-DF88997BEE|2026-05-19,SP-DF88997BEE,,IN233396,ON,apparel,On 7 Inch Court Tennis 7 Inch Tide,2026-05-19,0.0,0.0,1,0,1.0,55.8,0.0,999,30,103.04,0.0,0,0,0,at_market,0,1.0,tier1,45.54,1.15,0.0,0.0,1.2,3.0,0,0.8224,no_match,0.0,movement_reconstructed,0,0.0,0.0,0.0,0.0,0.0,0.0,1.0,1.0,0.0,0.0,0.0,0,HOLD,rds_snapshot_history,0,,,1.0,HOLD,HOLD,0.98,0.98,price is close to market; no urgent pricing intervention is needed,low_stock|weak_competitor_match,business_only_retail_pricing_v1,deterministic_business_heuristic,2026-06-04T19:20:03.676893+00:00,0
SP-DF88997BEE|2026-05-26,SP-DF88997BEE,,IN233396,ON,apparel,On 7 Inch Court Tennis 7 Inch Tide,2026-05-26,85.6,2.85,0,14,1.0,55.8,0.0,999,30,103.04,0.0,0,0,0,at_market,0,0.0,tier1,45.54,1.15,0.0,0.0,1.2,3.0,0,0.8224,no_match,0.0,movement_reconstructed,0,0.0,0.0,0.0,0.0,0.0,0.0,1.0,1.0,0.0,-9.0,-1.0,7,HOLD,rds_snapshot_history,0,,,1.0,HOLD,HOLD,0.98,0.98,inventory position is balanced; price is close to market; no urgent pricing intervention is needed,low_stock|weak_competitor_match,business_only_retail_pricing_v1,deterministic_business_heuristic,2026-06-04T19:20:03.676893+00:00,0
SP-DF88997BEE|2026-06-02,SP-DF88997BEE,,IN233396,ON,apparel,On 7 Inch Court Tennis 7 Inch Tide,2026-06-02,85.6,2.85,0,14,1.0,55.8,0.0,999,30,103.04,0.0,0,0,0,at_market,3,0.0,tier1,45.54,1.2,0.0,0.0,1.1,3.0,0,0.8224,no_match,0.0,movement_reconstructed,0,0.0,0.0,0.0,0.0,0.0,0.0,1.0,1.0,0.0,-4.5,-0.5,14,HOLD,rds_snapshot_history,0,,,1.0,HOLD,HOLD,0.98,0.98,inventory position is balanced; price is close to market; no urgent pricing intervention is needed,low_stock|weak_competitor_match,business_only_retail_pricing_v1,deterministic_business_heuristic,2026-06-04T19:20:03.676893+00:00,0
SP-E0B825C9D5|2026-05-26,SP-E0B825C9D5,,IP2970,Adidas,apparel,"3-Stripes Leggings, Green",2026-05-26,51.2,1.71,0,14,1.0,56.27,0.0,999,30,24.15,0.089,1,0,1,above_market,0,0.0,tier1,10.56,1.15,0.0,0.0,1.2,3.0,0,0.8224,exact_style,1.0,movement_reconstructed,1,22.0,22.0,22.0,0.0,0.0,0.0,0.0,0.0,0.0,-18.0,-1.0,7,HOLD,rds_snapshot_history,0,,,1.0,HOLD,HOLD,0.6198,0.6198,inventory position is balanced; no urgent pricing intervention is needed,low_stock|low_label_confidence,business_only_retail_pricing_v1,deterministic_business_heuristic,2026-06-04T19:20:03.676893+00:00,0
SP-E0B825C9D5|2026-06-02,SP-E0B825C9D5,,IP2970,Adidas,apparel,"3-Stripes Leggings, Green",2026-06-02,51.2,1.71,0,14,1.0,56.27,0.0,999,30,24.15,0.089,1,0,1,above_market,3,0.0,tier1,10.56,1.2,0.0,0.0,1.1,3.0,0,0.8224,exact_style,1.0,movement_reconstructed,1,22.0,22.0,22.0,0.0,0.0,0.0,0.0,0.0,0.0,-9.0,-0.5,14,HOLD,rds_snapshot_history,0,,,1.0,HOLD,HOLD,0.6198,0.6198,inventory position is balanced; no urgent pricing intervention is needed,low_stock|low_label_confidence,business_only_retail_pricing_v1,deterministic_business_heuristic,2026-06-04T19:20:03.676893+00:00,0
SP-E1390D4948|2026-05-19,SP-E1390D4948,,SHPF0637,Ellesse,lifestyle,Ellesse Raptor Lo M,2026-05-19,0.0,0.0,1,0,1.0,45.0,0.0,999,30,83.25,0.0,0,0,0,at_market,0,1.0,tier2,45.79,1.15,0.0,0.0,1.2,3.0,0,0.8224,no_match,0.0,movement_reconstructed,0,0.0,0.0,0.0,0.0,0.0,0.0,1.0,1.0,0.0,0.0,0.0,0,HOLD,rds_snapshot_history,0,,,1.0,HOLD,HOLD,0.98,0.98,price is close to market; no urgent pricing intervention is needed,low_stock|weak_competitor_match,business_only_retail_pricing_v1,deterministic_business_heuristic,2026-06-04T19:20:03.676893+00:00,0
SP-E1390D4948|2026-05-26,SP-E1390D4948,,SHPF0637,Ellesse,lifestyle,Ellesse Raptor Lo M,2026-05-26,93.6,3.12,0,35,1.0,45.0,0.0,999,30,83.25,0.0,0,0,0,at_market,0,0.0,tier2,45.79,1.15,0.0,0.0,1.2,3.0,0,0.8224,no_match,0.0,movement_reconstructed,0,0.0,0.0,0.0,0.0,0.0,0.0,1.0,1.0,0.0,-14.0,-1.0,7,HOLD,rds_snapshot_history,0,,,1.0,HOLD,HOLD,0.98,0.98,inventory position is balanced; price is close to market; no urgent pricing intervention is needed,weak_competitor_match,business_only_retail_pricing_v1,deterministic_business_heuristic,2026-06-04T19:20:03.676893+00:00,0
SP-E1390D4948|2026-06-02,SP-E1390D4948,,SHPF0637,Ellesse,lifestyle,Ellesse Raptor Lo M,2026-06-02,93.6,3.12,0,35,1.0,45.0,0.0,999,30,83.25,0.0,0,0,0,at_market,3,0.0,tier2,45.79,1.2,0.0,0.0,1.1,3.0,0,0.8224,no_match,0.0,movement_reconstructed,0,0.0,0.0,0.0,0.0,0.0,0.0,1.0,1.0,0.0,-7.0,-0.5,14,HOLD,rds_snapshot_history,0,,,1.0,HOLD,HOLD,0.98,0.98,inventory position is balanced; price is close to market; no urgent pricing intervention is needed,weak_competitor_match,business_only_retail_pricing_v1,deterministic_business_heuristic,2026-06-04T19:20:03.676893+00:00,0
SP-E1745BC3E3|2026-05-19,SP-E1745BC3E3,,B75807,Adidas,lifestyle,"Samba OG Shoes, Black",2026-05-19,0.0,0.0,1,0,1.0,52.55,0.0,999,30,160.83,0.3596,1,0,1,premium,0,1.0,tier1,76.32,1.15,0.0,0.0,1.2,3.0,0,0.8224,exact_style,0.8867,movement_reconstructed,1,103.0,154.1429,181.0,0.0,0.0,0.0,1.0,1.0,0.0,0.0,0.0,0,HOLD,rds_snapshot_history,0,,,1.0,HOLD,HOLD,0.55,0.55,no urgent pricing intervention is needed,low_stock|overpriced|low_label_confidence,business_only_retail_pricing_v1,deterministic_business_heuristic,2026-06-04T19:20:03.676893+00:00,0
SP-E20D71253B|2026-05-19,SP-E20D71253B,,IN234886,New Balance,apparel,New Balance 25 Inches Essential High-Rise Women Performance 7/8 Tight Black,2026-05-19,0.0,0.0,1,0,1.0,60.39,0.0,999,30,72.99,0.3698,1,1,1,premium,0,1.0,tier1,28.91,1.15,0.0,0.0,1.2,3.0,0,0.8224,same_model_family,0.8133,movement_reconstructed,1,46.0,58.0,75.0,0.0,0.0,0.0,1.0,1.0,0.0,0.0,0.0,0,HOLD,rds_snapshot_history,0,,,1.0,HOLD,HOLD,0.55,0.55,no urgent pricing intervention is needed,low_stock|overpriced|low_label_confidence,business_only_retail_pricing_v1,deterministic_business_heuristic,2026-06-04T19:20:03.676893+00:00,0
SP-E44D80B7EB|2026-05-19,SP-E44D80B7EB,,IN235999,Adidas,kids,Adidas Club Pleat Kids-Girls Tennis Skort White,2026-05-19,0.0,0.0,1,0,1.0,60.78,0.0,999,30,74.65,0.6785,1,0,1,premium,0,1.0,tier1,29.28,1.15,0.0,0.0,1.2,3.0,0,0.8224,same_model_family,0.8484,movement_reconstructed,1,24.0,42.5,61.0,0.0,0.0,0.0,0.5,0.5,0.0,0.0,0.0,0,HOLD,rds_snapshot_history,0,,,1.0,HOLD,HOLD,0.55,0.55,no urgent pricing intervention is needed,low_stock|overpriced|low_label_confidence,business_only_retail_pricing_v1,deterministic_business_heuristic,2026-06-04T19:20:03.676893+00:00,0
SP-E44D80B7EB|2026-05-26,SP-E44D80B7EB,,IN235999,Adidas,kids,Adidas Club Pleat Kids-Girls Tennis Skort White,2026-05-26,79.3,2.64,0,9,1.0,60.78,0.0,999,30,74.65,0.6785,1,0,1,premium,0,0.0,tier1,29.28,1.15,0.0,0.0,1.2,3.0,0,0.8224,same_model_family,0.8484,movement_reconstructed,1,24.0,42.5,61.0,0.0,0.0,0.0,0.5,0.5,0.0,-14.0,-1.0,7,HOLD,rds_snapshot_history,0,,,1.0,HOLD,HOLD,0.55,0.55,inventory position is balanced; no urgent pricing intervention is needed,low_stock|overpriced|low_label_confidence,business_only_retail_pricing_v1,deterministic_business_heuristic,2026-06-04T19:20:03.676893+00:00,0
SP-E44D80B7EB|2026-06-02,SP-E44D80B7EB,,IN235999,Adidas,kids,Adidas Club Pleat Kids-Girls Tennis Skort White,2026-06-02,79.3,2.64,0,9,1.0,60.78,0.0,999,30,74.65,0.6785,1,0,1,premium,3,0.0,tier1,29.28,1.2,0.0,0.0,1.1,3.0,0,0.8224,same_model_family,0.8484,movement_reconstructed,1,24.0,42.5,61.0,0.0,0.0,0.0,0.5,0.5,0.0,-7.0,-0.5,14,HOLD,rds_snapshot_history,0,,,1.0,HOLD,HOLD,0.55,0.55,inventory position is balanced; no urgent pricing intervention is needed,low_stock|overpriced|low_label_confidence,business_only_retail_pricing_v1,deterministic_business_heuristic,2026-06-04T19:20:03.676893+00:00,0
SP-E45BDB93ED|2026-05-19,SP-E45BDB93ED,,IN239500,Bogner,swimwear,Bogner Paul Men Swim Short Black,2026-05-19,0.0,0.0,1,0,1.0,57.88,0.0,999,30,225.91,0.0,0,0,0,at_market,0,1.0,tier3,95.16,1.45,0.3,0.0,1.7,3.0,0,0.8224,no_match,0.0,movement_reconstructed,0,0.0,0.0,0.0,0.0,0.0,0.0,0.0,1.0,0.0,0.0,0.0,0,HOLD,rds_snapshot_history,0,,,1.0,HOLD,HOLD,0.98,0.98,price is close to market; no urgent pricing intervention is needed,low_stock|weak_competitor_match,business_only_retail_pricing_v1,deterministic_business_heuristic,2026-06-04T19:20:03.676893+00:00,0
SP-E45BDB93ED|2026-05-26,SP-E45BDB93ED,,IN239500,Bogner,swimwear,Bogner Paul Men Swim Short Black,2026-05-26,182.1,6.07,0,9,1.0,57.88,0.0,999,30,225.91,0.0,0,0,0,at_market,0,0.0,tier3,95.16,1.45,0.3,0.0,1.7,3.0,0,0.8224,no_match,0.0,movement_reconstructed,0,0.0,0.0,0.0,0.0,0.0,0.0,0.0,1.0,0.0,-18.0,-1.0,7,CLEAR,rds_snapshot_history,0,,,1.0,HOLD,HOLD,0.862,0.862,price is close to market; no urgent pricing intervention is needed,low_stock|weak_competitor_match|stale_inventory,business_only_retail_pricing_v1,deterministic_business_heuristic,2026-06-04T19:20:03.676893+00:00,1
SP-E45BDB93ED|2026-06-02,SP-E45BDB93ED,,IN239500,Bogner,swimwear,Bogner Paul Men Swim Short Black,2026-06-02,182.1,6.07,0,9,1.0,57.88,0.0,999,30,225.91,0.0,0,0,0,at_market,3,0.0,tier3,95.16,1.7,0.5,0.0,1.6,3.0,0,0.8224,no_match,0.0,movement_reconstructed,0,0.0,0.0,0.0,0.0,0.0,0.0,0.0,1.0,0.0,-9.0,-0.5,14,CLEAR,rds_snapshot_history,0,,,1.0,HOLD,HOLD,0.862,0.862,price is close to market; no urgent pricing intervention is needed,low_stock|weak_competitor_match|stale_inventory,business_only_retail_pricing_v1,deterministic_business_heuristic,2026-06-04T19:20:03.676893+00:00,1
SP-E5AA98F640|2026-05-19,SP-E5AA98F640,,IN216172,Crocs,accessories,Crocs 3D Christmas Tree Unisex Lifestyle Jibbitz Charm,2026-05-19,0.0,0.0,1,0,1.0,45.74,0.0,999,30,5.75,0.3043,1,1,1,premium,0,1.0,tier2,3.12,1.15,0.0,0.0,1.2,3.0,0,0.8224,same_model_family,0.8051,movement_reconstructed,1,4.0,4.181818181818182,6.0,0.0,0.0,0.0,0.0,0.0,0.0,0.0,0.0,0,HOLD,rds_snapshot_history,0,,,1.0,HOLD,HOLD,0.55,0.55,no urgent pricing intervention is needed,low_stock|overpriced|low_label_confidence,business_only_retail_pricing_v1,deterministic_business_heuristic,2026-06-04T19:20:03.676893+00:00,0
SP-E5E8062C5F|2026-05-19,SP-E5E8062C5F,,26Z,La Sportiva,footwear,La Sportiva Wildcat 3.0 W,2026-05-19,0.0,0.0,1,0,1.0,54.0,0.0,999,30,149.85,0.0,0,0,0,at_market,0,1.0,tier2,68.93,1.15,0.0,0.0,1.2,3.0,0,0.8224,no_match,0.0,movement_reconstructed,0,0.0,0.0,0.0,0.0,0.0,0.0,0.0,0.0,0.0,0.0,0.0,0,HOLD,rds_snapshot_history,0,,,1.0,HOLD,HOLD,0.98,0.98,price is close to market; no urgent pricing intervention is needed,low_stock|weak_competitor_match,business_only_retail_pricing_v1,deterministic_business_heuristic,2026-06-04T19:20:03.676893+00:00,0
SP-E5E8062C5F|2026-05-26,SP-E5E8062C5F,,26Z,La Sportiva,footwear,La Sportiva Wildcat 3.0 W,2026-05-26,136.6,4.55,0,28,1.0,54.0,0.0,999,30,149.85,0.0,0,0,0,at_market,0,0.0,tier2,68.93,1.15,0.0,0.0,1.2,3.0,0,0.8224,no_match,0.0,movement_reconstructed,0,0.0,0.0,0.0,0.0,0.0,0.0,0.0,0.0,0.0,-28.0,-1.0,7,CLEAR,rds_snapshot_history,0,,,1.0,HOLD,HOLD,0.98,0.98,inventory position is balanced; price is close to market; no urgent pricing intervention is needed,weak_competitor_match|stale_inventory,business_only_retail_pricing_v1,deterministic_business_heuristic,2026-06-04T19:20:03.676893+00:00,1
SP-E5E8062C5F|2026-06-02,SP-E5E8062C5F,,26Z,La Sportiva,footwear,La Sportiva Wildcat 3.0 W,2026-06-02,136.6,4.55,0,28,1.0,54.0,0.0,999,30,149.85,0.0,0,0,0,at_market,3,0.0,tier2,68.93,1.2,0.0,0.0,1.1,3.0,0,0.8224,no_match,0.0,movement_reconstructed,0,0.0,0.0,0.0,0.0,0.0,0.0,0.0,0.0,0.0,-14.0,-0.5,14,CLEAR,rds_snapshot_history,0,,,1.0,HOLD,HOLD,0.98,0.98,inventory position is balanced; price is close to market; no urgent pricing intervention is needed,weak_competitor_match|stale_inventory,business_only_retail_pricing_v1,deterministic_business_heuristic,2026-06-04T19:20:03.676893+00:00,1
SP-E668E236D6|2026-05-19,SP-E668E236D6,,IN214605,The North Face,other,The North Face Box Nse Men Lifestyle Long Sleeve Black/White,2026-05-19,0.0,0.0,1,0,1.0,57.1,0.0,999,30,39.86,0.2975,1,1,1,premium,0,1.0,tier1,17.1,1.15,0.0,0.0,1.2,3.0,0,0.8224,same_model_family,0.7464,movement_reconstructed,1,28.0,50.85714285714285,168.0,0.0,0.0,0.0,1.0,0.5,0.0,0.0,0.0,0,HOLD,rds_snapshot_history,0,,,1.0,HOLD,HOLD,0.55,0.55,no urgent pricing intervention is needed,low_stock|overpriced|low_label_confidence,business_only_retail_pricing_v1,deterministic_business_heuristic,2026-06-04T19:20:03.676893+00:00,0
SP-E668E236D6|2026-05-26,SP-E668E236D6,,IN214605,The North Face,other,The North Face Box Nse Men Lifestyle Long Sleeve Black/White,2026-05-26,73.5,2.45,0,9,1.0,57.1,0.0,999,30,39.86,0.2975,1,1,1,premium,0,0.0,tier1,17.1,1.15,0.0,0.0,1.2,3.0,0,0.8224,same_model_family,0.7727,movement_reconstructed,1,28.0,50.225,168.0,0.0,0.0,0.0,1.0,0.5,0.0,-9.0,-1.0,7,HOLD,rds_snapshot_history,0,,,1.0,HOLD,HOLD,0.55,0.55,inventory position is balanced; no urgent pricing intervention is needed,low_stock|overpriced|low_label_confidence,business_only_retail_pricing_v1,deterministic_business_heuristic,2026-06-04T19:20:03.676893+00:00,0
SP-E668E236D6|2026-06-02,SP-E668E236D6,,IN214605,The North Face,other,The North Face Box Nse Men Lifestyle Long Sleeve Black/White,2026-06-02,73.5,2.45,0,9,1.0,57.1,0.0,999,30,39.86,0.2975,1,1,1,premium,3,0.0,tier1,17.1,1.2,0.0,0.0,1.1,3.0,0,0.8224,same_model_family,0.7799,movement_reconstructed,1,28.0,49.333333333333336,168.0,0.0,0.0,0.0,1.0,0.5,0.0,-4.5,-0.5,14,HOLD,rds_snapshot_history,0,,,1.0,HOLD,HOLD,0.55,0.55,inventory position is balanced; no urgent pricing intervention is needed,low_stock|overpriced|low_label_confidence,business_only_retail_pricing_v1,deterministic_business_heuristic,2026-06-04T19:20:03.676893+00:00,0
SP-E70F8AC18A|2026-05-19,SP-E70F8AC18A,,IN237307,Nike,accessories,Nike (20L) Boys Lifestyle Backpack Black/Orange/White,2026-05-19,0.0,0.0,1,0,1.0,61.36,0.0,999,30,74.2,0.0,0,0,0,at_market,0,1.0,tier1,28.67,1.15,0.0,0.0,1.2,3.0,0,0.8224,no_match,0.0,movement_reconstructed,0,0.0,0.0,0.0,0.0,0.0,0.0,0.0,1.0,0.0,0.0,0.0,0,HOLD,rds_snapshot_history,0,,,1.0,HOLD,HOLD,0.98,0.98,price is close to market; no urgent pricing intervention is needed,low_stock|weak_competitor_match,business_only_retail_pricing_v1,deterministic_business_heuristic,2026-06-04T19:20:03.676893+00:00,0
SP-E70F8AC18A|2026-05-26,SP-E70F8AC18A,,IN237307,Nike,accessories,Nike (20L) Boys Lifestyle Backpack Black/Orange/White,2026-05-26,54.6,1.82,0,18,1.0,61.36,0.0,999,30,74.2,0.0,0,0,0,at_market,0,0.0,tier1,28.67,1.15,0.0,0.0,1.2,3.0,0,0.8224,no_match,0.0,movement_reconstructed,0,0.0,0.0,0.0,0.0,0.0,0.0,0.5,1.0,0.0121,-14.0,-1.0,7,PROMOTE,rds_snapshot_history,0,,,1.0,HOLD,HOLD,0.98,0.98,inventory position is balanced; price is close to market; no urgent pricing intervention is needed,weak_competitor_match,business_only_retail_pricing_v1,deterministic_business_heuristic,2026-06-04T19:20:03.676893+00:00,1
SP-E70F8AC18A|2026-06-02,SP-E70F8AC18A,,IN237307,Nike,accessories,Nike (20L) Boys Lifestyle Backpack Black/Orange/White,2026-06-02,54.6,1.82,0,18,1.0,61.36,0.0,999,30,74.2,0.0,0,0,0,at_market,3,0.0,tier1,28.67,1.2,0.0,0.0,1.1,3.0,0,0.8224,no_match,0.0,movement_reconstructed,0,0.0,0.0,0.0,0.0,0.0,0.0,0.6667,1.0,0.0099,-7.0,-0.5,14,PROMOTE,rds_snapshot_history,0,,,1.0,HOLD,HOLD,0.98,0.98,inventory position is balanced; price is close to market; no urgent pricing intervention is needed,weak_competitor_match,business_only_retail_pricing_v1,deterministic_business_heuristic,2026-06-04T19:20:03.676893+00:00,1
SP-E73794CCEB|2026-05-19,SP-E73794CCEB,,46S,La Sportiva,footwear,La Sportiva Bushido III,2026-05-19,0.0,0.0,1,0,1.0,54.0,0.0,999,30,166.5,0.0,0,0,0,at_market,0,1.0,tier2,76.59,1.15,0.0,0.0,1.2,3.0,0,0.8224,no_match,0.0,movement_reconstructed,0,0.0,0.0,0.0,0.0,0.0,0.0,1.0,0.0,0.0,0.0,0.0,0,HOLD,rds_snapshot_history,0,,,1.0,HOLD,HOLD,0.98,0.98,price is close to market; no urgent pricing intervention is needed,low_stock|weak_competitor_match,business_only_retail_pricing_v1,deterministic_business_heuristic,2026-06-04T19:20:03.676893+00:00,0
SP-E73794CCEB|2026-05-26,SP-E73794CCEB,,46S,La Sportiva,footwear,La Sportiva Bushido III,2026-05-26,136.6,4.55,0,28,1.0,54.0,0.0,999,30,166.5,0.0,0,0,0,at_market,0,0.0,tier2,76.59,1.15,0.0,0.0,1.2,3.0,0,0.8224,no_match,0.0,movement_reconstructed,0,0.0,0.0,0.0,0.0,0.0,0.0,1.0,0.5,0.3255,-14.0,-1.0,0,CLEAR,rds_snapshot_history,0,,,1.0,HOLD,HOLD,0.98,0.98,inventory position is balanced; price is close to market; no urgent pricing intervention is needed,weak_competitor_match|stale_inventory,business_only_retail_pricing_v1,deterministic_business_heuristic,2026-06-04T19:20:03.676893+00:00,1
SP-E73794CCEB|2026-06-02,SP-E73794CCEB,,46S,La Sportiva,footwear,La Sportiva Bushido III,2026-06-02,136.6,4.55,0,28,1.0,54.0,0.0,999,30,166.5,0.0,0,0,0,at_market,3,0.0,tier2,76.59,1.2,0.0,0.0,1.1,3.0,0,0.8224,no_match,0.0,movement_reconstructed,0,0.0,0.0,0.0,0.0,0.0,0.0,1.0,0.6667,0.2658,-7.0,-0.5,7,CLEAR,rds_snapshot_history,0,,,1.0,HOLD,HOLD,0.98,0.98,inventory position is balanced; price is close to market; no urgent pricing intervention is needed,weak_competitor_match|stale_inventory,business_only_retail_pricing_v1,deterministic_business_heuristic,2026-06-04T19:20:03.676893+00:00,1
SP-E8BBCA75D7|2026-05-19,SP-E8BBCA75D7,,IN226998,New Balance,apparel,New Balance Athletics French Terry Women Lifestyle Short Linen,2026-05-19,0.0,0.0,1,0,1.0,59.43,0.0,999,30,66.43,0.2624,1,0,1,premium,0,1.0,tier1,26.95,1.15,0.0,0.0,1.2,3.0,0,0.8224,same_model_family,0.8723,movement_reconstructed,1,49.0,53.0,55.0,0.0,0.0,0.0,1.0,1.0,0.0,0.0,0.0,0,HOLD,rds_snapshot_history,0,,,1.0,HOLD,HOLD,0.55,0.55,no urgent pricing intervention is needed,low_stock|overpriced|low_label_confidence,business_only_retail_pricing_v1,deterministic_business_heuristic,2026-06-04T19:20:03.676893+00:00,0
SP-E961A24573|2026-05-19,SP-E961A24573,,JV7515,Adidas,sportswear,"Adibreak Tracksuit Bottoms, Green",2026-05-19,0.0,0.0,1,0,1.0,47.83,0.0,999,30,111.33,0.0,0,0,0,at_market,0,1.0,tier1,58.08,1.15,0.0,0.0,1.2,3.0,0,0.8224,no_match,0.0,movement_reconstructed,0,0.0,0.0,0.0,0.0,0.0,0.0,0.0,0.0,0.0,0.0,0.0,0,HOLD,rds_snapshot_history,0,,,1.0,HOLD,HOLD,0.98,0.98,price is close to market; no urgent pricing intervention is needed,low_stock|weak_competitor_match,business_only_retail_pricing_v1,deterministic_business_heuristic,2026-06-04T19:20:03.676893+00:00,0
SP-E961A24573|2026-06-02,SP-E961A24573,,JV7515,Adidas,sportswear,"Adibreak Tracksuit Bottoms, Green",2026-06-02,106.4,3.55,0,12,1.0,47.83,0.0,999,30,111.33,0.0,0,0,0,at_market,3,0.0,tier1,58.08,1.2,0.0,0.0,1.1,3.0,0,0.8224,no_match,0.0,movement_reconstructed,0,0.0,0.0,0.0,0.0,0.0,0.0,0.0,0.0,0.0,-4.5,-0.5,14,HOLD,rds_snapshot_history,0,,,1.0,HOLD,HOLD,0.98,0.98,inventory position is balanced; price is close to market; no urgent pricing intervention is needed,low_stock|weak_competitor_match,business_only_retail_pricing_v1,deterministic_business_heuristic,2026-06-04T19:20:03.676893+00:00,0
SP-EB900BB3C2|2026-05-19,SP-EB900BB3C2,,KA2796,Adidas,sportswear,"Adi365 Running Pocket Medium Support Bra, Green",2026-05-19,0.0,0.0,1,0,1.0,50.18,0.0,999,30,77.07,0.6497,1,0,1,premium,0,1.0,tier1,38.4,1.15,0.0,0.0,1.2,3.0,0,0.8224,exact_style,0.8483,movement_reconstructed,1,27.0,48.5,80.0,0.0,0.0,0.0,1.0,0.0,0.0,0.0,0.0,0,HOLD,rds_snapshot_history,0,,,1.0,HOLD,HOLD,0.55,0.55,no urgent pricing intervention is needed,low_stock|overpriced|low_label_confidence,business_only_retail_pricing_v1,deterministic_business_heuristic,2026-06-04T19:20:03.676893+00:00,0
SP-EC9AF8E301|2026-05-19,SP-EC9AF8E301,,IN237263,Nike,apparel,Nike Club French Terry Men Lifestyle Pant Grey/White,2026-05-19,0.0,0.0,1,0,1.0,52.29,0.0,999,30,87.68,0.3385,1,1,1,premium,0,1.0,tier1,41.83,1.15,0.0,0.0,1.2,3.0,0,0.8224,same_model_family,0.9293,movement_reconstructed,1,58.0,78.66666666666667,89.0,0.0,0.0,0.0,0.0,0.0,0.0,0.0,0.0,0,HOLD,rds_snapshot_history,0,,,1.0,HOLD,HOLD,0.55,0.55,no urgent pricing intervention is needed,low_stock|overpriced|low_label_confidence,business_only_retail_pricing_v1,deterministic_business_heuristic,2026-06-04T19:20:03.676893+00:00,0
SP-ECB50BF5E1|2026-05-26,SP-ECB50BF5E1,,IN238046,Crocs,accessories,Crocs 3D Chilling Frog Unisex Lifestyle Jibbitz Charm,2026-05-26,45.2,1.51,0,18,1.0,57.78,0.0,999,30,7.39,0.1881,0,0,1,premium,0,0.0,tier2,3.12,1.15,0.0,0.0,1.2,3.0,0,0.8224,same_model_family,0.8307,movement_reconstructed,1,6.0,10.0,12.0,0.0,0.0,0.0,0.0,0.0,0.0,-14.0,-1.0,7,PROMOTE,rds_snapshot_history,0,,,1.0,MARKDOWN,MARKDOWN,0.55,0.55,priced above market by 19%; margin can support a markdown,overpriced|low_label_confidence,business_only_retail_pricing_v1,deterministic_business_heuristic,2026-06-04T19:20:03.676893+00:00,1
SP-ECB50BF5E1|2026-06-02,SP-ECB50BF5E1,,IN238046,Crocs,accessories,Crocs 3D Chilling Frog Unisex Lifestyle Jibbitz Charm,2026-06-02,45.2,1.51,0,18,1.0,57.78,0.0,999,30,7.39,0.1881,0,0,1,premium,3,0.0,tier2,3.12,1.2,0.0,0.0,1.1,3.0,0,0.8224,same_model_family,0.8307,movement_reconstructed,1,6.0,10.0,12.0,0.0,0.0,0.0,0.0,0.0,0.0,-7.0,-0.5,14,PROMOTE,rds_snapshot_history,0,,,1.0,MARKDOWN,MARKDOWN,0.55,0.55,priced above market by 19%; margin can support a markdown,overpriced|low_label_confidence,business_only_retail_pricing_v1,deterministic_business_heuristic,2026-06-04T19:20:03.676893+00:00,1
SP-EDACD0C8B2|2026-05-19,SP-EDACD0C8B2,,11821006,Dr. Martens,footwear,Dr. Martens 1460 Boot Black W,2026-05-19,0.0,0.0,1,0,1.0,52.0,0.0,999,30,188.7,0.0,0,0,0,at_market,0,1.0,tier2,90.58,1.15,0.0,0.0,1.2,3.0,0,0.8224,no_match,0.0,movement_reconstructed,0,0.0,0.0,0.0,0.0,0.0,0.0,0.0,0.0,0.0,0.0,0.0,0,HOLD,rds_snapshot_history,0,,,1.0,HOLD,HOLD,0.98,0.98,price is close to market; no urgent pricing intervention is needed,low_stock|weak_competitor_match,business_only_retail_pricing_v1,deterministic_business_heuristic,2026-06-04T19:20:03.676893+00:00,0
SP-EDACD0C8B2|2026-05-26,SP-EDACD0C8B2,,11821006,Dr. Martens,footwear,Dr. Martens 1460 Boot Black W,2026-05-26,136.6,4.55,0,28,1.0,52.0,0.0,999,30,188.7,0.0,0,0,0,at_market,0,0.0,tier2,90.58,1.15,0.0,0.0,1.2,3.0,0,0.8224,no_match,0.0,movement_reconstructed,0,0.0,0.0,0.0,0.0,0.0,0.0,0.0,0.0,0.0,-12.0,-1.0,7,CLEAR,rds_snapshot_history,0,,,1.0,HOLD,HOLD,0.98,0.98,inventory position is balanced; price is close to market; no urgent pricing intervention is needed,weak_competitor_match|stale_inventory,business_only_retail_pricing_v1,deterministic_business_heuristic,2026-06-04T19:20:03.676893+00:00,1
SP-EDACD0C8B2|2026-06-02,SP-EDACD0C8B2,,11821006,Dr. Martens,footwear,Dr. Martens 1460 Boot Black W,2026-06-02,136.6,4.55,0,28,1.0,52.0,0.0,999,30,188.7,0.0,0,0,0,at_market,3,0.0,tier2,90.58,1.2,0.0,0.0,1.1,3.0,0,0.8224,no_match,0.0,movement_reconstructed,0,0.0,0.0,0.0,0.0,0.0,0.0,0.0,0.0,0.0,-6.0,-0.5,14,CLEAR,rds_snapshot_history,0,,,1.0,HOLD,HOLD,0.98,0.98,inventory position is balanced; price is close to market; no urgent pricing intervention is needed,weak_competitor_match|stale_inventory,business_only_retail_pricing_v1,deterministic_business_heuristic,2026-06-04T19:20:03.676893+00:00,1
SP-EE92A1AEEC|2026-05-19,SP-EE92A1AEEC,,VN000D5IB8C,Vans,lifestyle,Vans SK8-Hi Black,2026-05-19,0.0,0.0,1,0,1.0,45.0,0.0,999,30,94.35,0.0,0,0,0,at_market,0,1.0,tier2,51.89,1.15,0.0,0.0,1.2,3.0,0,0.8224,no_match,0.0,movement_reconstructed,0,0.0,0.0,0.0,0.0,0.0,0.0,1.0,1.0,0.0,0.0,0.0,0,HOLD,rds_snapshot_history,0,,,1.0,HOLD,HOLD,0.98,0.98,price is close to market; no urgent pricing intervention is needed,low_stock|weak_competitor_match,business_only_retail_pricing_v1,deterministic_business_heuristic,2026-06-04T19:20:03.676893+00:00,0
SP-EE92A1AEEC|2026-05-26,SP-EE92A1AEEC,,VN000D5IB8C,Vans,lifestyle,Vans SK8-Hi Black,2026-05-26,106.1,3.54,0,66,1.0,45.0,0.0,999,30,94.35,0.0,0,0,0,at_market,0,0.0,tier2,51.89,1.15,0.0,0.0,1.2,3.0,0,0.8224,no_match,0.0,movement_reconstructed,0,0.0,0.0,0.0,0.0,0.0,0.0,1.0,1.0,0.0,-14.0,-1.0,7,HOLD,rds_snapshot_history,0,,,1.0,HOLD,HOLD,0.98,0.98,inventory position is balanced; price is close to market; no urgent pricing intervention is needed,weak_competitor_match,business_only_retail_pricing_v1,deterministic_business_heuristic,2026-06-04T19:20:03.676893+00:00,0
SP-EE92A1AEEC|2026-06-02,SP-EE92A1AEEC,,VN000D5IB8C,Vans,lifestyle,Vans SK8-Hi Black,2026-06-02,106.1,3.54,0,66,1.0,45.0,0.0,999,30,94.35,0.0,0,0,0,at_market,3,0.0,tier2,51.89,1.2,0.0,0.0,1.1,3.0,0,0.8224,no_match,0.0,movement_reconstructed,0,0.0,0.0,0.0,0.0,0.0,0.0,1.0,1.0,0.0,-7.0,-0.5,14,HOLD,rds_snapshot_history,0,,,1.0,HOLD,HOLD,0.98,0.98,inventory position is balanced; price is close to market; no urgent pricing intervention is needed,weak_competitor_match,business_only_retail_pricing_v1,deterministic_business_heuristic,2026-06-04T19:20:03.676893+00:00,0
SP-EEC5C6A0BE|2026-05-26,SP-EEC5C6A0BE,,IW5977,Adidas,sportswear,"AEROREADY Sereno Cut 3-Stripes Track Suit, Blue",2026-05-26,92.9,3.1,0,12,1.0,58.8,0.0,999,30,129.32,0.1339,0,0,2,above_market,0,0.0,tier1,53.28,1.15,0.0,0.0,1.2,3.0,0,0.8224,exact_style,1.0,movement_reconstructed,1,112.0,70.6368,111.0,0.0,0.0,0.0,0.0,1.0,0.0,-14.0,-1.0,7,HOLD,rds_snapshot_history,0,,,1.0,MARKDOWN,MARKDOWN,0.55,0.55,priced above market by 13%; stock cover is elevated (93 DOS); margin can support a markdown,low_stock|overpriced|low_label_confidence,business_only_retail_pricing_v1,deterministic_business_heuristic,2026-06-04T19:20:03.676893+00:00,1
SP-EEC5C6A0BE|2026-06-02,SP-EEC5C6A0BE,,IW5977,Adidas,sportswear,"AEROREADY Sereno Cut 3-Stripes Track Suit, Blue",2026-06-02,92.9,3.1,0,12,1.0,58.8,0.0,999,30,129.32,0.1339,0,0,2,above_market,3,0.0,tier1,53.28,1.2,0.0,0.0,1.1,3.0,0,0.8224,exact_style,1.0,movement_reconstructed,1,112.0,55.5006,111.0,0.0,0.0,0.0,0.0,1.0,0.0,-7.0,-0.5,14,HOLD,rds_snapshot_history,0,,,1.0,MARKDOWN,MARKDOWN,0.55,0.55,priced above market by 13%; stock cover is elevated (93 DOS); margin can support a markdown,low_stock|overpriced|low_label_confidence,business_only_retail_pricing_v1,deterministic_business_heuristic,2026-06-04T19:20:03.676893+00:00,1
SP-EED5158BD6|2026-05-19,SP-EED5158BD6,,IN219806,New Balance,footwear,New Balance 327 Women Lifestyle Shoes Moonbeam/Stone Pink,2026-05-19,0.0,0.0,1,0,1.0,53.38,0.0,999,30,177.62,0.2737,1,1,1,premium,0,1.0,tier1,82.81,1.15,0.0,0.0,1.2,3.0,0,0.8224,same_model_family,0.7307,movement_reconstructed,1,129.0,138.25,160.0,0.0,0.0,0.0,0.0,0.0,0.0,0.0,0.0,0,HOLD,rds_snapshot_history,0,,,1.0,HOLD,HOLD,0.55,0.55,no urgent pricing intervention is needed,low_stock|overpriced|low_label_confidence,business_only_retail_pricing_v1,deterministic_business_heuristic,2026-06-04T19:20:03.676893+00:00,0
SP-EF3A3CE8FD|2026-05-19,SP-EF3A3CE8FD,,IN237225,Nike,footwear,Nike Air Force 1 Le Gs-Boys Lifestyle Shoes Black,2026-05-19,0.0,0.0,1,0,1.0,60.02,0.0,999,30,204.55,0.5796,1,1,1,premium,0,1.0,tier1,81.78,1.15,0.0,0.0,1.2,3.0,0,0.8224,same_model_family,0.8009,movement_reconstructed,1,86.0,135.88888888888889,182.0,0.0,0.0,0.0,1.0,1.0,0.0,0.0,0.0,0,HOLD,rds_snapshot_history,0,,,1.0,HOLD,HOLD,0.55,0.55,no urgent pricing intervention is needed,low_stock|overpriced|low_label_confidence,business_only_retail_pricing_v1,deterministic_business_heuristic,2026-06-04T19:20:03.676893+00:00,0
SP-EFA218BDF9|2026-05-26,SP-EFA218BDF9,,JI8081,Adidas,accessories,Adidas Classic Training Backpack With Pencil Case Unisex Black/White,2026-05-26,38.5,1.28,0,18,1.0,57.66,0.0,999,30,53.85,0.1086,0,0,2,above_market,0,0.0,tier1,22.8,1.15,0.0,0.0,1.2,3.0,0,0.8224,exact_style,1.0,movement_reconstructed,1,48.0,25.3079,47.0,0.0,0.0,0.0,1.0,1.0,0.0,-14.0,-1.0,7,PROMOTE,rds_snapshot_history,0,,,1.0,MARKDOWN,MARKDOWN,0.55,0.55,priced above market by 11%; margin can support a markdown,low_label_confidence,business_only_retail_pricing_v1,deterministic_business_heuristic,2026-06-04T19:20:03.676893+00:00,1
SP-EFA218BDF9|2026-06-02,SP-EFA218BDF9,,JI8081,Adidas,accessories,Adidas Classic Training Backpack With Pencil Case Unisex Black/White,2026-06-02,38.5,1.28,0,18,1.0,57.66,0.0,999,30,53.85,0.1086,0,0,2,above_market,3,0.0,tier1,22.8,1.2,0.0,0.0,1.1,3.0,0,0.8224,exact_style,1.0,movement_reconstructed,1,48.0,23.5003,47.0,0.0,0.0,0.0,1.0,1.0,0.0,-7.0,-0.5,14,PROMOTE,rds_snapshot_history,0,,,1.0,MARKDOWN,MARKDOWN,0.55,0.55,priced above market by 11%; margin can support a markdown,low_label_confidence,business_only_retail_pricing_v1,deterministic_business_heuristic,2026-06-04T19:20:03.676893+00:00,1
SP-F0B4D9EAF5|2026-05-26,SP-F0B4D9EAF5,,IN233453,ON,sportswear,ON Sports Performance Women Running Bra Women Gourami,2026-05-26,93.0,3.1,0,12,1.0,57.93,0.0,999,30,97.32,0.0855,0,0,1,above_market,0,0.0,tier1,40.94,1.15,0.0,0.0,1.2,3.0,0,0.8224,same_model_family,0.9761,movement_reconstructed,1,89.0,89.0,89.0,0.0,0.0,0.0,0.5,1.0,0.3766,-12.0,-1.0,0,HOLD,rds_snapshot_history,0,,,1.0,MARKDOWN,MARKDOWN,0.55,0.55,priced above market by 9%; stock cover is elevated (93 DOS); margin can support a markdown,low_stock|low_label_confidence,business_only_retail_pricing_v1,deterministic_business_heuristic,2026-06-04T19:20:03.676893+00:00,1
SP-F0B4D9EAF5|2026-06-02,SP-F0B4D9EAF5,,IN233453,ON,sportswear,ON Sports Performance Women Running Bra Women Gourami,2026-06-02,93.0,3.1,0,12,1.0,57.93,0.0,999,30,97.32,0.0855,0,0,1,above_market,3,0.0,tier1,40.94,1.2,0.0,0.0,1.1,3.0,0,0.8224,same_model_family,0.9761,movement_reconstructed,1,89.0,89.0,89.0,0.0,0.0,0.0,0.6667,1.0,0.3075,-6.0,-0.5,7,HOLD,rds_snapshot_history,0,,,1.0,MARKDOWN,MARKDOWN,0.55,0.55,priced above market by 9%; stock cover is elevated (93 DOS); margin can support a markdown,low_stock|low_label_confidence,business_only_retail_pricing_v1,deterministic_business_heuristic,2026-06-04T19:20:03.676893+00:00,1
SP-F32E6859B7|2026-05-19,SP-F32E6859B7,,IN232335,Nike,footwear,Nike Air Force 1 07 Vintage Women Lifestyle Shoes Burgundy/Silvr/White,2026-05-19,0.0,0.0,1,0,1.0,58.07,0.0,999,30,189.44,0.2188,1,1,1,premium,0,1.0,tier1,79.43,1.15,0.0,0.0,1.2,3.0,0,0.8224,same_model_family,0.9387,movement_reconstructed,1,148.0,148.0,148.0,0.0,0.0,0.0,1.0,0.5,0.0,0.0,0.0,0,HOLD,rds_snapshot_history,0,,,1.0,HOLD,HOLD,0.55,0.55,no urgent pricing intervention is needed,low_stock|overpriced|low_label_confidence,business_only_retail_pricing_v1,deterministic_business_heuristic,2026-06-04T19:20:03.676893+00:00,0
SP-F3734633B0|2026-05-19,SP-F3734633B0,,IN211236,Nike,sportswear,Nike Indy Light-Support Women Training Bra Black/White,2026-05-19,0.0,0.0,1,0,1.0,61.29,0.0,999,30,67.99,0.3676,1,1,1,premium,0,1.0,tier1,26.32,1.15,0.0,0.0,1.2,3.0,0,0.8224,same_model_family,0.7581,movement_reconstructed,1,43.0,63.4,97.0,0.0,0.0,0.0,0.0,0.0,0.0,0.0,0.0,0,HOLD,rds_snapshot_history,0,,,1.0,HOLD,HOLD,0.55,0.55,no urgent pricing intervention is needed,low_stock|overpriced|low_label_confidence,business_only_retail_pricing_v1,deterministic_business_heuristic,2026-06-04T19:20:03.676893+00:00,0
SP-F4341B2295|2026-05-26,SP-F4341B2295,,HE4408,Adidas,sportswear,"AEROREADY Essentials Regular-Fit 3-Stripes Track Suit, Blue",2026-05-26,89.7,2.99,0,12,1.0,57.05,0.0,999,30,93.87,0.1051,1,0,1,above_market,0,0.0,tier1,40.32,1.15,0.0,0.0,1.2,3.0,0,0.8224,exact_style,1.0,movement_reconstructed,1,84.0,84.0,84.0,0.0,0.0,0.0,1.0,1.0,0.0368,-14.0,-1.0,0,HOLD,rds_snapshot_history,0,,,1.0,MARKDOWN,MARKDOWN,0.6198,0.6198,priced above market by 11%; competitors are discounting; margin can support a markdown,low_stock|low_label_confidence,business_only_retail_pricing_v1,deterministic_business_heuristic,2026-06-04T19:20:03.676893+00:00,1
SP-F4341B2295|2026-06-02,SP-F4341B2295,,HE4408,Adidas,sportswear,"AEROREADY Essentials Regular-Fit 3-Stripes Track Suit, Blue",2026-06-02,89.7,2.99,0,12,1.0,57.05,0.0,999,30,93.87,0.1051,1,0,1,above_market,3,0.0,tier1,40.32,1.2,0.0,0.0,1.1,3.0,0,0.8224,exact_style,1.0,movement_reconstructed,1,84.0,84.0,84.0,0.0,0.0,0.0,1.0,1.0,0.0301,-7.0,-0.5,7,HOLD,rds_snapshot_history,0,,,1.0,MARKDOWN,MARKDOWN,0.6198,0.6198,priced above market by 11%; competitors are discounting; margin can support a markdown,low_stock|low_label_confidence,business_only_retail_pricing_v1,deterministic_business_heuristic,2026-06-04T19:20:03.676893+00:00,1
SP-F557DDEAE8|2026-05-19,SP-F557DDEAE8,,IN219643,New Balance,apparel,New Balance Athletics French Terry Men Lifestyle Hoody Dusk Shower,2026-05-19,0.0,0.0,1,0,1.0,55.68,0.0,999,30,88.45,0.3217,1,1,1,premium,0,1.0,tier1,39.2,1.15,0.0,0.0,1.2,3.0,0,0.8224,same_model_family,0.8627,movement_reconstructed,1,60.0,73.5,85.0,0.0,0.0,0.0,1.0,0.0,0.0,0.0,0.0,0,HOLD,rds_snapshot_history,0,,,1.0,HOLD,HOLD,0.55,0.55,no urgent pricing intervention is needed,low_stock|overpriced|low_label_confidence,business_only_retail_pricing_v1,deterministic_business_heuristic,2026-06-04T19:20:03.676893+00:00,0
SP-F74A6F2CD7|2026-05-19,SP-F74A6F2CD7,,1028992,Keen,footwear,Keen Targhee IV WP Low W,2026-05-19,0.0,0.0,1,0,1.0,52.0,0.0,999,30,149.85,0.0,0,0,0,at_market,0,1.0,tier2,71.93,1.15,0.0,0.0,1.2,3.0,0,0.8224,no_match,0.0,movement_reconstructed,0,0.0,0.0,0.0,0.0,0.0,0.0,0.0,1.0,0.0,0.0,0.0,0,HOLD,rds_snapshot_history,0,,,1.0,HOLD,HOLD,0.98,0.98,price is close to market; no urgent pricing intervention is needed,low_stock|weak_competitor_match,business_only_retail_pricing_v1,deterministic_business_heuristic,2026-06-04T19:20:03.676893+00:00,0
SP-F74A6F2CD7|2026-05-26,SP-F74A6F2CD7,,1028992,Keen,footwear,Keen Targhee IV WP Low W,2026-05-26,136.6,4.55,0,35,1.0,52.0,0.0,999,30,149.85,0.0,0,0,0,at_market,0,0.0,tier2,71.93,1.15,0.0,0.0,1.2,3.0,0,0.8224,no_match,0.0,movement_reconstructed,0,0.0,0.0,0.0,0.0,0.0,0.0,0.0,1.0,0.0,-14.0,-1.0,7,CLEAR,rds_snapshot_history,0,,,1.0,HOLD,HOLD,0.98,0.98,inventory position is balanced; price is close to market; no urgent pricing intervention is needed,weak_competitor_match|stale_inventory,business_only_retail_pricing_v1,deterministic_business_heuristic,2026-06-04T19:20:03.676893+00:00,1
SP-F74A6F2CD7|2026-06-02,SP-F74A6F2CD7,,1028992,Keen,footwear,Keen Targhee IV WP Low W,2026-06-02,136.6,4.55,0,35,1.0,52.0,0.0,999,30,149.85,0.0,0,0,0,at_market,3,0.0,tier2,71.93,1.2,0.0,0.0,1.1,3.0,0,0.8224,no_match,0.0,movement_reconstructed,0,0.0,0.0,0.0,0.0,0.0,0.0,0.0,1.0,0.0,-7.0,-0.5,14,CLEAR,rds_snapshot_history,0,,,1.0,HOLD,HOLD,0.98,0.98,inventory position is balanced; price is close to market; no urgent pricing intervention is needed,weak_competitor_match|stale_inventory,business_only_retail_pricing_v1,deterministic_business_heuristic,2026-06-04T19:20:03.676893+00:00,1
SP-F94AB5A280|2026-05-26,SP-F94AB5A280,,IN233573,Nike,accessories,Nike 22 Oz Big Mouth 2.0 Unisex Training Bottle Clear/Black,2026-05-26,45.2,1.51,0,18,1.0,57.42,0.0,999,30,8.83,0.094,1,1,1,above_market,0,0.0,tier1,3.76,1.15,0.0,0.0,1.2,3.0,0,0.8224,same_model_family,0.8367,movement_reconstructed,1,8.0,9.714285714285714,11.0,0.0,0.0,0.0,1.0,1.0,0.0,-14.0,-1.0,7,PROMOTE,rds_snapshot_history,0,,,1.0,MARKDOWN,MARKDOWN,0.55,0.55,priced above market by 9%; competitors are discounting; margin can support a markdown,low_label_confidence,business_only_retail_pricing_v1,deterministic_business_heuristic,2026-06-04T19:20:03.676893+00:00,1
SP-F94AB5A280|2026-06-02,SP-F94AB5A280,,IN233573,Nike,accessories,Nike 22 Oz Big Mouth 2.0 Unisex Training Bottle Clear/Black,2026-06-02,45.2,1.51,0,18,1.0,57.42,0.0,999,30,8.83,0.094,1,1,1,above_market,3,0.0,tier1,3.76,1.2,0.0,0.0,1.1,3.0,0,0.8224,same_model_family,0.8349,movement_reconstructed,1,8.0,9.833333333333334,11.0,0.0,0.0,0.0,1.0,1.0,0.0,-7.0,-0.5,14,PROMOTE,rds_snapshot_history,0,,,1.0,MARKDOWN,MARKDOWN,0.55,0.55,priced above market by 9%; competitors are discounting; margin can support a markdown,low_label_confidence,business_only_retail_pricing_v1,deterministic_business_heuristic,2026-06-04T19:20:03.676893+00:00,1
SP-FA311BCAB5|2026-05-19,SP-FA311BCAB5,,IN219826,New Balance,other,New Balance Sport Quarter Zip Women Performanc Long Sleeve Black,2026-05-19,0.0,0.0,1,0,1.0,51.75,0.0,999,30,55.86,0.3913,1,1,1,premium,0,1.0,tier1,26.95,1.15,0.0,0.0,1.2,3.0,0,0.8224,same_model_family,0.8885,movement_reconstructed,1,34.0,44.5,55.0,0.0,0.0,0.0,0.5,0.5,0.0,0.0,0.0,0,HOLD,rds_snapshot_history,0,,,1.0,HOLD,HOLD,0.55,0.55,no urgent pricing intervention is needed,low_stock|overpriced|low_label_confidence,business_only_retail_pricing_v1,deterministic_business_heuristic,2026-06-04T19:20:03.676893+00:00,0
SP-FA311BCAB5|2026-05-26,SP-FA311BCAB5,,IN219826,New Balance,other,New Balance Sport Quarter Zip Women Performanc Long Sleeve Black,2026-05-26,73.5,2.45,0,9,1.0,51.75,0.0,999,30,55.86,0.3913,1,1,1,premium,0,0.0,tier1,26.95,1.15,0.0,0.0,1.2,3.0,0,0.8224,same_model_family,0.8886,movement_reconstructed,1,34.0,44.5,55.0,0.0,0.0,0.0,0.5,0.5,0.0,-14.0,-1.0,7,HOLD,rds_snapshot_history,0,,,1.0,HOLD,HOLD,0.55,0.55,inventory position is balanced; no urgent pricing intervention is needed,low_stock|overpriced|low_label_confidence,business_only_retail_pricing_v1,deterministic_business_heuristic,2026-06-04T19:20:03.676893+00:00,0
SP-FA311BCAB5|2026-06-02,SP-FA311BCAB5,,IN219826,New Balance,other,New Balance Sport Quarter Zip Women Performanc Long Sleeve Black,2026-06-02,73.5,2.45,0,9,1.0,51.75,0.0,999,30,55.86,0.3913,1,1,1,premium,3,0.0,tier1,26.95,1.2,0.0,0.0,1.1,3.0,0,0.8224,same_model_family,0.8886,movement_reconstructed,1,34.0,44.5,55.0,0.0,0.0,0.0,0.5,0.5,0.0,-7.0,-0.5,14,HOLD,rds_snapshot_history,0,,,1.0,HOLD,HOLD,0.55,0.55,inventory position is balanced; no urgent pricing intervention is needed,low_stock|overpriced|low_label_confidence,business_only_retail_pricing_v1,deterministic_business_heuristic,2026-06-04T19:20:03.676893+00:00,0
SP-FB406DA2F5|2026-05-26,SP-FB406DA2F5,,IN226994,New Balance,footwear,New Balance 237 Women Lifestyle Shoes Sea Salt,2026-05-26,111.2,3.71,0,9,1.0,46.3,0.0,999,30,93.08,0.248,1,1,1,premium,0,0.0,tier1,49.98,1.15,0.0,0.0,1.2,3.0,0,0.8224,same_model_family,0.8319,movement_reconstructed,1,70.0,99.10204081632654,129.0,0.0,0.0,0.0,0.0,0.0,0.0,-7.0,-1.0,7,HOLD,rds_snapshot_history,0,,,1.0,HOLD,HOLD,0.55,0.55,inventory position is balanced; no urgent pricing intervention is needed,low_stock|overpriced|low_label_confidence,business_only_retail_pricing_v1,deterministic_business_heuristic,2026-06-04T19:20:03.676893+00:00,0
SP-FB406DA2F5|2026-06-02,SP-FB406DA2F5,,IN226994,New Balance,footwear,New Balance 237 Women Lifestyle Shoes Sea Salt,2026-06-02,111.2,3.71,0,9,1.0,46.3,0.0,999,30,93.08,0.248,1,1,1,premium,3,0.0,tier1,49.98,1.2,0.0,0.0,1.1,3.0,0,0.8224,same_model_family,0.8371,movement_reconstructed,1,70.0,97.54545454545456,129.0,0.0,0.0,0.0,0.0,0.0,0.0,-3.5,-0.5,14,HOLD,rds_snapshot_history,0,,,1.0,HOLD,HOLD,0.55,0.55,inventory position is balanced; no urgent pricing intervention is needed,low_stock|overpriced|low_label_confidence,business_only_retail_pricing_v1,deterministic_business_heuristic,2026-06-04T19:20:03.676893+00:00,0
SP-FC59B5B023|2026-05-19,SP-FC59B5B023,,IN233410,ON,sportswear,On Endurance Women Running Bra Iceberg,2026-05-19,0.0,0.0,1,0,1.0,55.7,0.0,999,30,109.02,0.1561,1,1,1,premium,0,1.0,tier1,48.3,1.15,0.0,0.0,1.2,3.0,0,0.8224,same_model_family,0.9087,movement_reconstructed,1,92.0,102.75,115.0,0.0,0.0,0.0,0.0,0.0,0.0,0.0,0.0,0,HOLD,rds_snapshot_history,0,,,1.0,HOLD,HOLD,0.6203,0.6203,no urgent pricing intervention is needed,low_stock|overpriced|low_label_confidence,business_only_retail_pricing_v1,deterministic_business_heuristic,2026-06-04T19:20:03.676893+00:00,0
SP-FC6ABE238F|2026-05-19,SP-FC6ABE238F,,J1GC2544,Mizuno,footwear,Mizuno Wave Inspire 21,2026-05-19,0.0,0.0,1,0,1.0,50.0,0.0,999,30,155.4,0.0,0,0,0,at_market,0,1.0,tier2,77.7,1.15,0.0,0.0,1.2,3.0,0,0.8224,no_match,0.0,movement_reconstructed,0,0.0,0.0,0.0,0.0,0.0,0.0,1.0,0.0,0.0,0.0,0.0,0,HOLD,rds_snapshot_history,0,,,1.0,HOLD,HOLD,0.98,0.98,price is close to market; no urgent pricing intervention is needed,low_stock|weak_competitor_match,business_only_retail_pricing_v1,deterministic_business_heuristic,2026-06-04T19:20:03.676893+00:00,0
SP-FC6ABE238F|2026-05-26,SP-FC6ABE238F,,J1GC2544,Mizuno,footwear,Mizuno Wave Inspire 21,2026-05-26,136.6,4.55,0,42,1.0,50.0,0.0,999,30,155.4,0.0,0,0,0,at_market,0,0.0,tier2,77.7,1.15,0.0,0.0,1.2,3.0,0,0.8224,no_match,0.0,movement_reconstructed,0,0.0,0.0,0.0,0.0,0.0,0.0,1.0,0.0,0.0,-9.0,-1.0,7,CLEAR,rds_snapshot_history,0,,,1.0,HOLD,HOLD,0.98,0.98,inventory position is balanced; price is close to market; no urgent pricing intervention is needed,weak_competitor_match|stale_inventory,business_only_retail_pricing_v1,deterministic_business_heuristic,2026-06-04T19:20:03.676893+00:00,1
SP-FC6ABE238F|2026-06-02,SP-FC6ABE238F,,J1GC2544,Mizuno,footwear,Mizuno Wave Inspire 21,2026-06-02,136.6,4.55,0,42,1.0,50.0,0.0,999,30,155.4,0.0,0,0,0,at_market,3,0.0,tier2,77.7,1.2,0.0,0.0,1.1,3.0,0,0.8224,no_match,0.0,movement_reconstructed,0,0.0,0.0,0.0,0.0,0.0,0.0,1.0,0.0,0.0,-4.5,-0.5,14,CLEAR,rds_snapshot_history,0,,,1.0,HOLD,HOLD,0.98,0.98,inventory position is balanced; price is close to market; no urgent pricing intervention is needed,weak_competitor_match|stale_inventory,business_only_retail_pricing_v1,deterministic_business_heuristic,2026-06-04T19:20:03.676893+00:00,1
SP-FCD511BE4F|2026-05-26,SP-FCD511BE4F,,IN226965,New Balance,sportswear,New Balance Essential Yoga Women Performance Bra Black,2026-05-26,72.5,2.42,0,12,1.0,61.87,0.0,999,30,75.81,0.2217,0,0,1,premium,0,0.0,tier1,28.91,1.15,0.0,0.0,1.2,3.0,0,0.8224,same_model_family,0.9379,movement_reconstructed,1,59.0,59.0,59.0,0.0,0.0,0.0,0.0,0.0,0.0,-18.0,-1.0,7,HOLD,rds_snapshot_history,0,,,1.0,HOLD,HOLD,0.6542,0.6542,inventory position is balanced; no urgent pricing intervention is needed,low_stock|overpriced|low_label_confidence,business_only_retail_pricing_v1,deterministic_business_heuristic,2026-06-04T19:20:03.676893+00:00,0
SP-FCD511BE4F|2026-06-02,SP-FCD511BE4F,,IN226965,New Balance,sportswear,New Balance Essential Yoga Women Performance Bra Black,2026-06-02,72.5,2.42,0,12,1.0,61.87,0.0,999,30,75.81,0.2217,0,0,1,premium,3,0.0,tier1,28.91,1.2,0.0,0.0,1.1,3.0,0,0.8224,same_model_family,0.9379,movement_reconstructed,1,59.0,59.0,59.0,0.0,0.0,0.0,0.0,0.0,0.0,-9.0,-0.5,14,HOLD,rds_snapshot_history,0,,,1.0,HOLD,HOLD,0.6542,0.6542,inventory position is balanced; no urgent pricing intervention is needed,low_stock|overpriced|low_label_confidence,business_only_retail_pricing_v1,deterministic_business_heuristic,2026-06-04T19:20:03.676893+00:00,0
SP-FD095E04D0|2026-05-19,SP-FD095E04D0,,IN232284,Nike,apparel,Nike Air Boys Lifestyle Pant Seaweed/Black/White,2026-05-19,0.0,0.0,1,0,1.0,57.4,0.0,999,30,79.43,0.6601,1,1,1,premium,0,1.0,tier1,33.84,1.15,0.0,0.0,1.2,3.0,0,0.8224,same_model_family,0.8127,movement_reconstructed,1,27.0,39.0,63.0,0.0,0.0,0.0,1.0,1.0,0.0,0.0,0.0,0,HOLD,rds_snapshot_history,0,,,1.0,HOLD,HOLD,0.55,0.55,no urgent pricing intervention is needed,low_stock|overpriced|low_label_confidence,business_only_retail_pricing_v1,deterministic_business_heuristic,2026-06-04T19:20:03.676893+00:00,0
SP-46B0A2E099|2026-05-26,SP-46B0A2E099,,IN234705,New Balance,accessories,New Balance 47 Clean Up Women Lifestyle Cap Grey Matter,2026-05-26,45.2,1.51,0,18,1.0,58.74,0.0,999,30,41.57,0.158,0,0,1,premium,0,0.0,tier1,17.15,1.15,0.0,0.0,1.2,3.0,0,0.8224,same_model_family,0.9557,movement_reconstructed,1,35.0,35.0,35.0,0.0,0.0,0.0,1.0,1.0,0.0,-13.0,-1.0,7,PROMOTE,rds_snapshot_history,0,,,1.0,,HOLD,0.8026,0.8026,inventory position is balanced; no urgent pricing intervention is needed,overpriced,business_only_retail_pricing_v1,deterministic_business_heuristic,2026-06-04T19:20:03.676893+00:00,1
SP-7F6612273E|2026-05-19,SP-7F6612273E,,KD3683,Adidas,apparel,"3 Stripes Slim T-Shirt, White",2026-05-19,0.0,0.0,1,0,1.0,46.38,0.0,999,30,48.34,-0.1171,0,0,1,below_market,0,1.0,tier1,25.92,1.15,0.0,0.0,1.2,3.0,0,0.8224,exact_style,1.0,movement_reconstructed,1,54.0,54.0,54.0,0.0,0.0,0.0,1.0,1.0,0.0,0.0,0.0,0,HOLD,rds_snapshot_history,0,,,1.0,,HOLD,0.98,0.98,no urgent pricing intervention is needed,low_stock,business_only_retail_pricing_v1,deterministic_business_heuristic,2026-06-04T19:20:03.676893+00:00,0
SP-14F06CB1CC|2026-05-19,SP-14F06CB1CC,,IU2430,Adidas,sportswear,"3-Stripes Bodysuit, Black",2026-05-19,0.0,0.0,1,0,1.0,54.65,0.0,999,30,31.75,0.0551,1,0,1,above_market,0,1.0,tier1,14.4,1.15,0.0,0.0,1.2,3.0,0,0.8224,exact_style,1.0,movement_reconstructed,1,30.0,30.0,30.0,0.0,0.0,0.0,0.0,0.0,0.0,0.0,0.0,0,HOLD,rds_snapshot_history,0,,,1.0,,HOLD,0.98,0.98,no urgent pricing intervention is needed,low_stock,business_only_retail_pricing_v1,deterministic_business_heuristic,2026-06-04T19:20:03.676893+00:00,0
SP-EA820C1A13|2026-05-19,SP-EA820C1A13,,IN233369,ON,apparel,ON Trail-T Men Trail Running Shirt Desert,2026-05-19,0.0,0.0,1,0,1.0,53.32,0.0,999,30,73.91,-0.0147,0,1,1,at_market,0,1.0,tier1,34.5,1.15,0.0,0.0,1.2,3.0,0,0.8224,same_model_family,0.8743,movement_reconstructed,1,75.0,91.9090909090909,219.0,0.0,0.0,0.0,1.0,0.0,0.0,0.0,0.0,0,HOLD,rds_snapshot_history,0,,,1.0,,HOLD,0.98,0.98,price is close to market; no urgent pricing intervention is needed,low_stock,business_only_retail_pricing_v1,deterministic_business_heuristic,2026-06-04T19:20:03.676893+00:00,0
SP-C80777C682|2026-05-26,SP-C80777C682,,IN234881,New Balance,sportswear,New Balance Essential Train Women Performance Bra Black,2026-05-26,73.0,2.43,0,12,1.0,58.31,0.0,999,30,76.39,0.1491,0,0,1,above_market,0,0.0,tier1,31.85,1.15,0.0,0.0,1.2,3.0,0,0.8224,same_model_family,0.9583,movement_reconstructed,1,65.0,65.0,65.0,0.0,0.0,0.0,1.0,1.0,0.0,-14.0,-1.0,7,HOLD,rds_snapshot_history,0,,,1.0,,HOLD,0.9782,0.9782,inventory position is balanced; no urgent pricing intervention is needed,low_stock|overpriced,business_only_retail_pricing_v1,deterministic_business_heuristic,2026-06-04T19:20:03.676893+00:00,0
SP-176380B593|2026-06-02,SP-176380B593,,,Puma,kids,FEED YOUR PUMA Backpack PRIME Girls,2026-06-02,73.8,2.46,0,9,1.0,56.8,0.0,999,30,69.44,0.1359,0,0,1,above_market,3,0.0,tier2,30.0,1.2,0.0,0.0,1.1,3.0,0,0.8224,same_model_family,0.9619,movement_reconstructed,1,60.0,60.0,60.0,0.0,0.0,0.0,1.0,1.0,0.0,-5.5,-0.5,14,HOLD,rds_snapshot_history,0,,,1.0,,HOLD,0.9451,0.9451,inventory position is balanced; no urgent pricing intervention is needed,low_stock|overpriced,business_only_retail_pricing_v1,deterministic_business_heuristic,2026-06-04T19:20:03.676893+00:00,0
SP-8CE19B7B41|2026-05-19,SP-8CE19B7B41,,IN205049,New Balance,apparel,New Balance Athletics Men Lifestyle Pant Ash Heather,2026-05-19,0.0,0.0,1,0,1.0,57.11,0.0,999,30,84.54,0.1247,1,1,1,above_market,0,1.0,tier1,36.26,1.15,0.0,0.0,1.2,3.0,0,0.8224,same_model_family,0.8171,movement_reconstructed,1,74.0,78.8,85.0,0.0,0.0,0.0,0.0,0.0,0.0,0.0,0.0,0,HOLD,rds_snapshot_history,0,,,1.0,,HOLD,0.773,0.773,no urgent pricing intervention is needed,low_stock|overpriced,business_only_retail_pricing_v1,deterministic_business_heuristic,2026-06-04T19:20:03.676893+00:00,0
SP-154D3E9BB1|2026-05-19,SP-154D3E9BB1,,IU2522,Adidas,apparel,"3-Stripes Leggings, Black",2026-05-19,0.0,0.0,1,0,1.0,58.06,0.0,999,30,38.91,0.1262,1,0,1,above_market,0,1.0,tier1,16.32,1.15,0.0,0.0,1.2,3.0,0,0.8224,exact_style,1.0,movement_reconstructed,1,34.0,34.0,34.0,0.0,0.0,0.0,0.0,0.0,0.0,0.0,0.0,0,HOLD,rds_snapshot_history,0,,,1.0,,HOLD,0.7642,0.7642,no urgent pricing intervention is needed,low_stock|overpriced,business_only_retail_pricing_v1,deterministic_business_heuristic,2026-06-04T19:20:03.676893+00:00,0
SP-AA14E90547|2026-05-26,SP-AA14E90547,,IP2968,Adidas,apparel,"3-Stripes Leggings, Multicolour",2026-05-26,51.2,1.71,0,14,1.0,54.89,0.0,999,30,28.73,0.0602,1,0,1,above_market,0,0.0,tier1,12.96,1.15,0.0,0.0,1.2,3.0,0,0.8224,exact_style,1.0,movement_reconstructed,1,27.0,27.0,27.0,0.0,0.0,0.0,0.0,0.0,0.0,-8.0,-1.0,7,HOLD,rds_snapshot_history,0,,,1.0,,HOLD,0.8305,0.8305,inventory position is balanced; no urgent pricing intervention is needed,low_stock,business_only_retail_pricing_v1,deterministic_business_heuristic,2026-06-04T19:20:03.676893+00:00,0
SP-5C52EEBFCD|2026-06-02,SP-5C52EEBFCD,,IN237334,Nike,apparel,Nike Challenger Winterized 12.5Cm Men Running Short Blue,2026-06-02,59.7,1.99,0,14,1.0,47.66,0.0,999,30,71.84,0.2483,0,0,1,premium,3,0.0,tier1,37.6,1.2,0.0,0.0,1.1,3.0,0,0.8224,same_model_family,0.7671,movement_reconstructed,1,54.0,66.71428571428571,80.0,0.0,0.0,0.0,1.0,0.0,0.0,-3.0,-0.5,14,HOLD,rds_snapshot_history,0,,,1.0,,HOLD,0.7283,0.7283,inventory position is balanced; no urgent pricing intervention is needed,low_stock|overpriced,business_only_retail_pricing_v1,deterministic_business_heuristic,2026-06-04T19:20:03.676893+00:00,0
SP-14615F55C9|2026-05-19,SP-14615F55C9,,IN237320,Nike,apparel,Nike Club French Terry Open Hem Men Lifestyle Pant Grey/White,2026-05-19,0.0,0.0,1,0,1.0,54.0,0.0,999,30,90.93,0.0212,0,0,1,at_market,0,1.0,tier1,41.83,1.15,0.0,0.0,1.2,3.0,0,0.8224,same_model_family,0.98,movement_reconstructed,1,89.0,89.0,89.0,0.0,0.0,0.0,0.0,0.0,0.0,0.0,0.0,0,HOLD,rds_snapshot_history,0,,,1.0,,HOLD,0.98,0.98,price is close to market; no urgent pricing intervention is needed,low_stock,business_only_retail_pricing_v1,deterministic_business_heuristic,2026-06-04T19:20:03.676893+00:00,0
SP-9109C66E8F|2026-05-19,SP-9109C66E8F,,IN233376,ON,apparel,On 5 Inch Core Men Running Short Midnight,2026-05-19,0.0,0.0,1,0,1.0,53.99,0.0,999,30,74.98,-0.0003,0,1,1,at_market,0,1.0,tier1,34.5,1.15,0.0,0.0,1.2,3.0,0,0.8224,same_model_family,0.9016,movement_reconstructed,1,75.0,98.33333333333331,145.0,0.0,0.0,0.0,0.0,1.0,0.0,0.0,0.0,0,HOLD,rds_snapshot_history,0,,,1.0,,HOLD,0.98,0.98,price is close to market; no urgent pricing intervention is needed,low_stock,business_only_retail_pricing_v1,deterministic_business_heuristic,2026-06-04T19:20:03.676893+00:00,0
SP-F37123B899|2026-06-02,SP-F37123B899,,IN205050,New Balance,apparel,New Balance Athletics Men Lifestyle Pant Black,2026-06-02,93.9,3.13,0,14,1.0,54.46,0.0,999,30,112.98,0.2654,1,1,1,premium,3,0.0,tier1,51.45,1.2,0.0,0.0,1.1,3.0,0,0.8224,same_model_family,0.7961,movement_reconstructed,1,83.0,104.71428571428572,109.0,0.0,0.0,0.0,1.0,0.0,0.0,-5.0,-0.5,14,HOLD,rds_snapshot_history,0,,,1.0,,MARKDOWN,0.98,0.98,priced above market by 27%; competitors are discounting; stock cover is elevated (94 DOS),low_stock|overpriced,business_only_retail_pricing_v1,deterministic_business_heuristic,2026-06-04T19:20:03.676893+00:00,1
SP-56FCC8F98B|2026-05-26,SP-56FCC8F98B,,JJ1931,Adidas,apparel,Adidas Real Madrid 25/26 Home Jersey Men Football T-Shirt White,2026-05-26,80.7,2.69,0,14,1.0,58.33,0.0,999,30,175.67,0.9431,1,1,2,premium,0,0.0,tier1,73.2,1.15,0.0,0.0,1.2,3.0,0,0.8224,exact_style,0.9226,movement_reconstructed,1,10.0,56.0006,152.0,0.0,0.0,0.0,0.0,0.0,0.0,-35.0,-1.0,7,HOLD,rds_snapshot_history,0,,,1.0,,MARKDOWN,0.8192,0.8192,priced above market by 94%; competitors are discounting; margin can support a markdown,low_stock|overpriced,business_only_retail_pricing_v1,deterministic_business_heuristic,2026-06-04T19:20:03.676893+00:00,1
SP-06A4E41C88|2026-06-02,SP-06A4E41C88,,IN213151,ON,apparel,On Climate Men Running Hoody Denim,2026-06-02,95.0,3.17,0,14,1.0,64.28,0.0,999,30,142.95,0.2235,1,1,1,premium,3,0.0,tier1,51.06,1.2,0.0,0.0,1.1,3.0,0,0.8224,same_model_family,0.7754,movement_reconstructed,1,111.0,141.1818181818182,191.0,0.0,0.0,0.0,0.0,0.0,0.0,-21.0,-0.5,14,HOLD,rds_snapshot_history,0,,,1.0,,MARKDOWN,0.98,0.98,priced above market by 22%; competitors are discounting; stock cover is elevated (95 DOS),low_stock|overpriced,business_only_retail_pricing_v1,deterministic_business_heuristic,2026-06-04T19:20:03.676893+00:00,1
SP-D0A64208B9|2026-05-26,SP-D0A64208B9,,IN233426,ON,apparel,On 3 Inch Core Women Running Short Heron,2026-05-26,65.2,2.17,0,14,1.0,56.05,0.0,999,30,78.49,0.2993,1,1,1,premium,0,0.0,tier1,34.5,1.15,0.0,0.0,1.2,3.0,0,0.8224,same_model_family,0.7913,movement_reconstructed,1,55.0,123.0,239.0,0.0,0.0,0.0,0.0,0.0,0.0,-14.0,-1.0,7,HOLD,rds_snapshot_history,0,,,1.0,,MARKDOWN,0.9414,0.9414,priced above market by 30%; competitors are discounting; margin can support a markdown,low_stock|overpriced,business_only_retail_pricing_v1,deterministic_business_heuristic,2026-06-04T19:20:03.676893+00:00,1
SP-0EC65E75A7|2026-06-02,SP-0EC65E75A7,,IN205755,Nike,apparel,Nike Club Flow Men Lifestyle Short Black/White,2026-06-02,51.2,1.71,0,14,1.0,54.96,0.0,999,30,44.87,0.3983,1,1,1,premium,3,0.0,tier1,20.21,1.2,0.0,0.0,1.1,3.0,0,0.8224,same_model_family,0.8588,movement_reconstructed,1,27.0,41.25,49.0,0.0,0.0,0.0,1.0,1.0,0.0,-4.5,-0.5,14,HOLD,rds_snapshot_history,0,,,1.0,,MARKDOWN,0.98,0.98,priced above market by 40%; competitors are discounting; margin can support a markdown,low_stock|overpriced,business_only_retail_pricing_v1,deterministic_business_heuristic,2026-06-04T19:20:03.676893+00:00,1
SP-EB900BB3C2|2026-06-02,SP-EB900BB3C2,,KA2796,Adidas,sportswear,"Adi365 Running Pocket Medium Support Bra, Green",2026-06-02,73.7,2.46,0,12,1.0,50.18,0.0,999,30,77.07,0.6497,1,0,1,premium,3,0.0,tier1,38.4,1.2,0.0,0.0,1.1,3.0,0,0.8224,exact_style,0.8483,movement_reconstructed,1,27.0,48.5,80.0,0.0,0.0,0.0,1.0,0.6667,0.0605,-5.0,-0.5,7,HOLD,rds_snapshot_history,0,,,1.0,,MARKDOWN,0.9423,0.9423,priced above market by 65%; competitors are discounting; margin can support a markdown,low_stock|overpriced,business_only_retail_pricing_v1,deterministic_business_heuristic,2026-06-04T19:20:03.676893+00:00,1
SP-20E084F9D9|2026-06-02,SP-20E084F9D9,,BB550,New Balance,footwear,New Balance Bb550 Men Lifestyle Shoes Sea Salt/Blue/Angora,2026-06-02,109.1,3.64,0,14,1.0,47.52,0.0,999,30,107.38,0.1153,2,1,2,above_market,3,0.0,tier1,56.35,1.2,0.0,0.0,1.1,3.0,0,0.8224,exact_style,0.8676,movement_reconstructed,1,95.0,105.28571428571428,115.0,0.0,0.0,0.0,0.0,0.0,0.0,-7.0,-0.5,14,HOLD,rds_snapshot_history,0,,,1.0,,MARKDOWN,0.8324,0.8324,priced above market by 12%; competitors are discounting; stock cover is elevated (109 DOS),low_stock,business_only_retail_pricing_v1,deterministic_business_heuristic,2026-06-04T19:20:03.676893+00:00,1
SP-E8BBCA75D7|2026-06-02,SP-E8BBCA75D7,,IN226998,New Balance,apparel,New Balance Athletics French Terry Women Lifestyle Short Linen,2026-06-02,55.2,1.84,0,14,1.0,59.43,0.0,999,30,66.43,0.5936,1,1,1,premium,3,0.0,tier1,26.95,1.2,0.0,0.0,1.1,3.0,0,0.8224,same_model_family,0.8392,movement_reconstructed,1,27.0,46.5,55.0,0.0,0.0,0.0,1.0,1.0,0.0,-7.0,-0.5,14,HOLD,rds_snapshot_history,0,,,1.0,,MARKDOWN,0.98,0.98,priced above market by 59%; competitors are discounting; margin can support a markdown,low_stock|overpriced,business_only_retail_pricing_v1,deterministic_business_heuristic,2026-06-04T19:20:03.676893+00:00,1
SP-B87306A6F9|2026-05-26,SP-B87306A6F9,,IN234918,New Balance,apparel,New Balance Athletics Jersey Women Lifestyle T-Shirt Daybreak,2026-05-26,51.2,1.71,0,14,1.0,59.02,0.0,999,30,58.59,0.4197,1,1,1,premium,0,0.0,tier1,24.01,1.15,0.0,0.0,1.2,3.0,0,0.8224,same_model_family,0.8412,movement_reconstructed,1,34.0,40.0,49.0,0.0,0.0,0.0,0.25,0.25,0.1467,-12.0,-1.0,0,HOLD,rds_snapshot_history,0,,,1.0,,MARKDOWN,0.98,0.98,priced above market by 42%; competitors are discounting; margin can support a markdown,low_stock|overpriced,business_only_retail_pricing_v1,deterministic_business_heuristic,2026-06-04T19:20:03.676893+00:00,1
SP-A0C279D81B|2026-05-26,SP-A0C279D81B,,IN209467,New Balance,footwear,New Balance 327 Men Lifestyle Shoes Black/White,2026-05-26,136.6,4.55,0,13,1.0,53.85,0.0,999,30,179.43,0.1083,1,1,1,above_market,0,0.0,tier1,82.81,1.15,0.0,0.0,1.2,3.0,0,0.8224,same_model_family,0.7878,movement_reconstructed,1,160.0,182.85365853658536,255.0,0.0,0.0,0.0,0.0,0.0,0.0,-12.0,-1.0,7,CLEAR,rds_snapshot_history,0,,,1.0,,MARKDOWN,0.98,0.98,priced above market by 11%; competitors are discounting; stock cover is elevated (137 DOS),low_stock|stale_inventory,business_only_retail_pricing_v1,deterministic_business_heuristic,2026-06-04T19:20:03.676893+00:00,1
SP-F32E6859B7|2026-05-26,SP-F32E6859B7,,IN232335,Nike,footwear,Nike Air Force 1 07 Vintage Women Lifestyle Shoes Burgundy/Silvr/White,2026-05-26,136.6,4.55,0,12,1.0,58.07,0.0,999,30,189.44,0.2188,1,1,1,premium,0,0.0,tier1,79.43,1.15,0.0,0.0,1.2,3.0,0,0.8224,same_model_family,0.9387,movement_reconstructed,1,148.0,148.0,148.0,0.0,0.0,0.0,0.75,0.5,0.0404,-12.0,-1.0,0,CLEAR,rds_snapshot_history,0,,,1.0,,MARKDOWN,0.98,0.98,priced above market by 22%; competitors are discounting; stock cover is elevated (137 DOS),low_stock|overpriced|stale_inventory,business_only_retail_pricing_v1,deterministic_business_heuristic,2026-06-04T19:20:03.676893+00:00,1
SP-112F8642D1|2026-06-02,SP-112F8642D1,,IN234839,New Balance,footwear,New Balance 327 Women Lifestyle Shoes Black,2026-06-02,136.6,4.55,0,14,1.0,54.83,0.0,999,30,200.68,0.5764,1,1,1,premium,3,0.0,tier1,90.65,1.2,0.0,0.0,1.1,3.0,0,0.8224,same_model_family,0.7955,movement_reconstructed,1,85.0,170.63636363636363,275.0,0.0,0.0,0.0,0.0,0.0,0.0,-9.0,-0.5,14,CLEAR,rds_snapshot_history,0,,,1.0,,MARKDOWN,0.98,0.98,priced above market by 58%; competitors are discounting; stock cover is elevated (137 DOS),low_stock|overpriced|stale_inventory,business_only_retail_pricing_v1,deterministic_business_heuristic,2026-06-04T19:20:03.676893+00:00,1
SP-823EFC5B57|2026-05-26,SP-823EFC5B57,,IN234674,New Balance,accessories,New Balance 47 Brrr Trucker Unisex Performance Cap Black,2026-05-26,45.2,1.51,0,18,1.0,60.32,0.0,999,30,48.16,0.294,1,1,1,premium,0,0.0,tier1,19.11,1.15,0.0,0.0,1.2,3.0,0,0.8224,same_model_family,0.8527,movement_reconstructed,1,34.0,35.666666666666664,39.0,0.0,0.0,0.0,0.0,0.0,0.0,-35.0,-1.0,7,PROMOTE,rds_snapshot_history,0,,,1.0,,MARKDOWN,0.98,0.98,priced above market by 29%; competitors are discounting; margin can support a markdown,overpriced,business_only_retail_pricing_v1,deterministic_business_heuristic,2026-06-04T19:20:03.676893+00:00,1
SP-DA8CC184C9|2026-06-02,SP-DA8CC184C9,,JN8887,Adidas,apparel,Adidas Real Madrid 25/26 Home Jersey Kids-Unisex Football T-Shirt White,2026-06-02,79.3,2.64,0,14,1.0,49.99,0.0,999,30,112.3,0.2164,1,1,2,premium,3,0.0,tier1,56.16,1.2,0.0,0.0,1.1,3.0,0,0.8224,exact_style,0.8854,movement_reconstructed,1,88.0,23.4011,117.0,0.0,0.0,0.0,0.0,0.0,0.0,-24.0,-0.5,14,HOLD,rds_snapshot_history,0,,,1.0,,MARKDOWN,0.748,0.748,priced above market by 22%; competitors are discounting; margin can support a markdown,low_stock|overpriced,business_only_retail_pricing_v1,deterministic_business_heuristic,2026-06-04T19:20:03.676893+00:00,1
SP-AA4107C9BC|2026-06-02,SP-AA4107C9BC,,IN219653,New Balance,apparel,New Balance Athletics Logo Men Lifestyle T-Shirt Dream State,2026-06-02,51.2,1.71,0,14,1.0,57.88,0.0,999,30,39.55,0.3173,1,1,1,premium,3,0.0,tier1,16.66,1.2,0.0,0.0,1.1,3.0,0,0.8224,same_model_family,0.7884,movement_reconstructed,1,27.0,35.785714285714285,39.0,0.0,0.0,0.0,1.0,1.0,0.0,-6.0,-0.5,14,HOLD,rds_snapshot_history,0,,,1.0,,MARKDOWN,0.98,0.98,priced above market by 32%; competitors are discounting; margin can support a markdown,low_stock|overpriced,business_only_retail_pricing_v1,deterministic_business_heuristic,2026-06-04T19:20:03.676893+00:00,1
SP-26E1DF3914|2026-05-26,SP-26E1DF3914,,IG9166,Adidas,footwear,"Advantage 2.0 Shoes, White",2026-05-26,136.6,4.55,0,14,1.0,49.83,0.0,999,30,120.55,0.1622,1,0,1,premium,0,0.0,tier1,60.48,1.15,0.0,0.0,1.2,3.0,0,0.8224,exact_style,0.895,movement_reconstructed,1,101.0,118.5,126.0,0.0,0.0,0.0,1.0,0.0,0.0,-9.0,-1.0,7,CLEAR,rds_snapshot_history,0,,,1.0,,MARKDOWN,0.98,0.98,priced above market by 16%; competitors are discounting; stock cover is elevated (137 DOS),low_stock|overpriced|stale_inventory,business_only_retail_pricing_v1,deterministic_business_heuristic,2026-06-04T19:20:03.676893+00:00,1
SP-DCBF4E8148|2026-06-02,SP-DCBF4E8148,,IN171152,Nike,footwear,Nike Air Force 1 07 Men Lifestyle Shoes White/Black,2026-06-02,136.6,4.55,0,13,1.0,54.53,0.0,999,30,213.98,0.3083,1,1,1,premium,3,0.0,tier1,97.29,1.2,0.0,0.0,1.1,3.0,0,0.8224,same_model_family,0.9308,movement_reconstructed,1,148.0,203.7142857142857,225.0,0.0,0.0,0.0,1.0,1.0,0.0,-6.0,-0.5,14,CLEAR,rds_snapshot_history,0,,,1.0,,MARKDOWN,0.98,0.98,priced above market by 31%; competitors are discounting; stock cover is elevated (137 DOS),low_stock|overpriced|stale_inventory,business_only_retail_pricing_v1,deterministic_business_heuristic,2026-06-04T19:20:03.676893+00:00,1
