competitor_product_id,competitor_name,style_code,brand_name,product_name,category,gender_target,competitor_price,competitor_sale_price,discount_pct,is_on_sale,availability,currency,sizes_available,source_url,scraped_at,data_valid
tchooz:9115243610369,tchooz,3WG10031043,On,Cloudmonster 3 Women,Low Boots,women,229.0,,,False,in_stock,USD,"[""37"", ""38"", ""39"", ""40""]",https://tchoozshoes.com/products/3wg10031043,2026-04-10T14:22:53Z,True
tchooz:9115241840897,tchooz,3MG10051043,On,Cloudmonster 3 Men,Low Boots,men,229.0,,,False,in_stock,USD,"[""42"", ""43"", ""44"", ""45""]",https://tchoozshoes.com/products/3mg10051043,2026-04-10T14:22:53Z,True
tchooz:9115239252225,tchooz,3MG10054747,On,Cloudmonster 3 Men,Low Boots,men,229.0,,,False,in_stock,USD,"[""42"", ""43"", ""44"", ""45""]",https://tchoozshoes.com/products/3mg10054747,2026-04-10T14:22:53Z,True
tchooz:9115236237569,tchooz,3WE10054846,On,Cloudtilt Women,Low Boots,women,195.0,,,False,in_stock,USD,"[""37"", ""38"", ""39"", ""40""]",https://tchoozshoes.com/products/3we10054846,2026-04-10T14:22:53Z,True
tchooz:8729738019073,tchooz,,Puma,ESS Small Logo Tee Men,Tees,men,31.0,,,False,in_stock,USD,"[""Navy""]",https://tchoozshoes.com/products/68253816,2026-04-10T14:22:53Z,True
tchooz:8689303847169,tchooz,,Puma,ESS Small Logo Tee Men,Tees,men,31.0,,,False,in_stock,USD,"[""S"", ""M"", ""L"", ""XL"", ""XXL""]",https://tchoozshoes.com/products/68253802,2026-04-10T14:22:53Z,True
tchooz:8689303781633,tchooz,,Puma,ESS Small Logo Tee Men,Tees,men,31.0,,,False,in_stock,USD,"[""S"", ""M"", ""L"", ""XL"", ""XXL""]",https://tchoozshoes.com/products/68253801,2026-04-10T14:22:53Z,True
tchooz:8718539981057,tchooz,,Puma,ESS Small No.1 Logo Sweatpnts TR Women,Pants,women,64.0,,,False,in_stock,USD,"[""XS"", ""S"", ""M"", ""L""]",https://tchoozshoes.com/products/68245001,2026-04-10T14:22:53Z,True
tchooz:9114713587969,tchooz,,Puma,MID90s Relaxed Long Shorts TR Boys,Tees,boys,30.0,,,False,in_stock,USD,"[""8 Years"", ""10 Years"", ""12 Years"", ""14 Years""]",https://tchoozshoes.com/products/69261041,2026-04-10T14:22:53Z,True
tchooz:9114713555201,tchooz,,Puma,MID90s Relaxed Long Shorts TR Boys,Tees,boys,30.0,,,False,in_stock,USD,"[""8 Years"", ""10 Years"", ""12 Years"", ""14 Years""]",https://tchoozshoes.com/products/69261001,2026-04-10T14:22:53Z,True
tchooz:9114713522433,tchooz,,Puma,EVOSTRIPE Sweatpants DK op Women,Pants,women,82.0,,,False,in_stock,USD,"[""XS"", ""S"", ""M"", ""L""]",https://tchoozshoes.com/products/69189901,2026-04-10T14:22:53Z,True
tchooz:9114713489665,tchooz,,Puma,EVOSTRIPE Full-Zip Hoodie DK Women,Hoodies,women,118.0,,,False,in_stock,USD,"[""XS"", ""S"", ""M""]",https://tchoozshoes.com/products/69189801,2026-04-10T14:22:53Z,True
tchooz:9114713456897,tchooz,,Puma,EVOSTRIPE Relaxed Graphic Tee Women,Tees,women,41.0,,,False,in_stock,USD,"[""XS"", ""S"", ""M"", ""L""]",https://tchoozshoes.com/products/69189638,2026-04-10T14:22:53Z,True
tchooz:9114713424129,tchooz,,Puma,MID90s Relaxed Long Shorts TR Boys,Shorts,boys,35.0,,,False,in_stock,USD,"[""8 Years"", ""10 Years"", ""12 Years"", ""14 Years""]",https://tchoozshoes.com/products/69174801,2026-04-10T14:22:53Z,True
tchooz:9114713391361,tchooz,,Puma,MID90s Sweatpants TR Boys,Pants,boys,62.0,,,False,in_stock,USD,"[""8 Years"", ""10 Years"", ""12 Years"", ""14 Years""]",https://tchoozshoes.com/products/69174741,2026-04-10T14:22:53Z,True
tchooz:9114713358593,tchooz,,Puma,MID90s Sweatpants TR Boys,Pants,boys,62.0,,,False,in_stock,USD,"[""8 Years"", ""10 Years"", ""12 Years"", ""14 Years""]",https://tchoozshoes.com/products/69174701,2026-04-10T14:22:53Z,True
tchooz:9114713325825,tchooz,,Puma,ESS Cat Comfort Wide Leg Pant TR op Women,Pants,women,72.0,,,False,in_stock,USD,"[""XS"", ""S"", ""M"", ""L""]",https://tchoozshoes.com/products/69170301,2026-04-10T14:22:53Z,True
tchooz:9114713227521,tchooz,,Puma,ESS 2 COLOR Small No. 1 Logo Tee Men,Tees,men,31.0,,,False,in_stock,USD,"[""S"", ""M"", ""L"", ""XL""]",https://tchoozshoes.com/products/68471741,2026-04-10T14:22:53Z,True
tchooz:9114713194753,tchooz,,Puma,"ESS No. 1 Logo Shorts 10"" (s) Men",Shorts,men,41.0,,,False,in_stock,USD,"[""S"", ""M"", ""L"", ""XL""]",https://tchoozshoes.com/products/68259587,2026-04-10T14:22:53Z,True
tchooz:9114713161985,tchooz,,Puma,ESS No. 1 Logo Pique Polo Men,Polos,men,56.0,,,False,in_stock,USD,"[""Navy""]",https://tchoozshoes.com/products/68255216,2026-04-10T14:22:53Z,True
tchooz:9114713129217,tchooz,,Puma,ESS No. 1 Logo Pique Polo Men,Polos,men,56.0,,,False,in_stock,USD,"[""S"", ""M"", ""L"", ""XL"", ""XXL""]",https://tchoozshoes.com/products/68255201,2026-04-10T14:22:53Z,True
tchooz:9114713096449,tchooz,,Puma,ESS No. 1 Logo Tee (s) Men,Tees,men,31.0,,,False,in_stock,USD,"[""S"", ""M"", ""L"", ""XL""]",https://tchoozshoes.com/products/68253387,2026-04-10T14:22:53Z,True
tchooz:9114713063681,tchooz,,Puma,ESS No. 1 Logo Tee (s) Men,Tees,men,31.0,,,False,in_stock,USD,"[""S"", ""L"", ""XL""]",https://tchoozshoes.com/products/68253381,2026-04-10T14:22:53Z,True
tchooz:9114713030913,tchooz,,Puma,ESS No. 1 Logo Leggings (s) Women,Tights,women,41.0,,,False,in_stock,USD,"[""Purple""]",https://tchoozshoes.com/products/68242760,2026-04-10T14:22:53Z,True
tchooz:9114712998145,tchooz,,Puma,ESS No. 1 Logo Tee (s) Women,Tees,women,31.0,,,False,in_stock,USD,"[""Purple""]",https://tchoozshoes.com/products/68237159,2026-04-10T14:22:53Z,True
tchooz:9114712965377,tchooz,,Puma,ESS No. 1 Logo Tee (s) Women,Tees,women,31.0,,,False,in_stock,USD,"[""XS"", ""S"", ""M"", ""L""]",https://tchoozshoes.com/products/68237125,2026-04-10T14:22:53Z,True
tchooz:9114712932609,tchooz,,Puma,BMW MMS Sportswear MT7 Tee Men,Tees,men,72.0,,,False,in_stock,USD,"[""S"", ""M"", ""L"", ""XL""]",https://tchoozshoes.com/products/63487702,2026-04-10T14:22:53Z,True
tchooz:9114712867073,tchooz,,Puma,BMW MMS Sportswear MT7 Tee Men,Tees,men,72.0,,,False,in_stock,USD,"[""S"", ""M"", ""L"", ""XL""]",https://tchoozshoes.com/products/63487701,2026-04-10T14:22:53Z,True
tchooz:9114712834305,tchooz,,Puma,BMW MMS Sportswear MT7 Track Pants Men,Pants,men,128.0,,,False,in_stock,USD,"[""S"", ""M"", ""L"", ""XL"", ""XXL""]",https://tchoozshoes.com/products/63487601,2026-04-10T14:22:53Z,True
tchooz:9114712801537,tchooz,,Puma,BMW MMS Sportswear MT7 Track Jacket Men,Jackets,men,160.0,,,False,in_stock,USD,"[""S"", ""M"", ""L"", ""XL"", ""XXL""]",https://tchoozshoes.com/products/63487501,2026-04-10T14:22:53Z,True
tchooz:9114712768769,tchooz,,Puma,PL ESS Polo Men,Polos,men,72.0,,,False,in_stock,USD,"[""S"", ""M"", ""L"", ""XL""]",https://tchoozshoes.com/products/63449601,2026-04-10T14:22:53Z,True
tchooz:9114712736001,tchooz,,Puma,Ferrari Premium TEE Men,Tees,men,76.0,,,False,in_stock,USD,"[""S"", ""M"", ""L"", ""XL""]",https://tchoozshoes.com/products/63423102,2026-04-10T14:22:53Z,True
tchooz:9114712703233,tchooz,,Puma,Ferrari Premium TEE Men,Tees,men,76.0,,,False,in_stock,USD,"[""S"", ""M"", ""L"", ""XL""]",https://tchoozshoes.com/products/63423101,2026-04-10T14:22:53Z,True
tchooz:9114712670465,tchooz,,Puma,T7 ALWAYS ON Slim Track Pants Girls,Pants,girls,60.0,,,False,in_stock,USD,"[""Purple""]",https://tchoozshoes.com/products/62989960,2026-04-10T14:22:53Z,True
tchooz:9114712637697,tchooz,,Puma,T7 ALWAYS ON Track Jacket Girls,Jackets,girls,75.0,,,False,in_stock,USD,"[""Purple""]",https://tchoozshoes.com/products/62989860,2026-04-10T14:22:53Z,True
tchooz:9114712604929,tchooz,,Puma,W Cloudspun Tight AOP - HW FL Women,Tights,women,92.0,,,False,in_stock,USD,"[""XS"", ""S"", ""M"", ""L""]",https://tchoozshoes.com/products/52846401,2026-04-10T14:22:53Z,True
tchooz:9114712572161,tchooz,,Puma,PUMA Orbita LALIGA 1 MS,Ball,unisex,31.0,,,False,in_stock,USD,"[""5""]",https://tchoozshoes.com/products/8463501,2026-04-10T14:22:53Z,True
tchooz:9114712539393,tchooz,,Puma,PUMA Basketball IND,Ball,unisex,31.0,,,False,in_stock,USD,"[""7""]",https://tchoozshoes.com/products/8362001,2026-04-10T14:22:53Z,True
tchooz:9114712506625,tchooz,,Puma,PUMA ULTRA Play RC,Gloves,unisex,36.0,,,False,in_stock,USD,"[""7"", ""8"", ""9"", ""10"", ""11""]",https://tchoozshoes.com/products/4208413,2026-04-10T14:22:53Z,True
tchooz:8786563563777,tchooz,JI3189,Adidas,SAMBA XLG Men,Low Boots,men,175.0,66.0,62.29,True,in_stock,USD,"[""44 2/3""]",https://tchoozshoes.com/products/ji3189,2026-04-10T14:22:53Z,True
tchooz:8730479460609,tchooz,BB550,New Balance,BB550 Women,Low Boots,women,189.0,115.0,39.15,True,in_stock,USD,"[""37""]",https://tchoozshoes.com/products/bb550pb1-w,2026-04-10T14:22:53Z,True
tchooz:8887235477761,tchooz,,Puma,PUMA Smash 3.0 Men,Low Boots,men,95.0,50.0,47.37,True,in_stock,USD,"[""46""]",https://tchoozshoes.com/products/39098427,2026-04-10T14:22:53Z,True
tchooz:8956552839425,tchooz,,Puma,M TAD ESSENTIALS Tapered Pant Men,Pants,men,77.0,,,False,in_stock,USD,"[""M""]",https://tchoozshoes.com/products/52591601,2026-04-10T14:22:53Z,True
tchooz:8803451339009,tchooz,,Puma,PUMA ELEMENTS UNISEX QUARTER (6 Pairs),Socks,unisex,30.0,,,False,in_stock,USD,"[""39-42 (Socks)""]",https://tchoozshoes.com/products/701800001,2026-04-10T14:22:53Z,True
tchooz:8803451207937,tchooz,,Puma,PUMA ELEMENTS UNISEX SNEAKER (6 Pairs),Socks,unisex,30.0,,,False,in_stock,USD,"[""35-38 (Socks)""]",https://tchoozshoes.com/products/701799001,2026-04-10T14:22:53Z,True
tchooz:8803451273473,tchooz,,Puma,PUMA ELEMENTS UNISEX SNEAKER (6 Pairs),Socks,unisex,30.0,,,False,in_stock,USD,"[""Black/White""]",https://tchoozshoes.com/products/701799004,2026-04-10T14:22:53Z,True
tchooz:8180578484481,tchooz,JE9741,Adidas,Adidas INTER MIAMI IMCF JSY HOME Football Men,Tee,men,153.0,61.0,60.13,True,in_stock,USD,"[""M"", ""L"", ""XL""]",https://tchoozshoes.com/products/je9741,2026-04-10T14:22:53Z,True
tchooz:8526492467457,tchooz,,Puma,Suede Classic Men,Low Boots,unisex,123.0,,,False,in_stock,USD,"[""Navy""]",https://tchoozshoes.com/products/39978103,2026-04-10T14:22:53Z,True
tchooz:8770946072833,tchooz,,Puma,Court Classic Men,Low Boots,men,92.0,,,False,in_stock,USD,"[""41"", ""42"", ""42.5"", ""43"", ""44"", ""44.5"", ""45"", ""46"", ""47""]",https://tchoozshoes.com/products/39501807,2026-04-10T14:22:53Z,True
tchooz:9100882280705,tchooz,,Puma,Court Classic Men,Low Boots,men,92.0,,,False,in_stock,USD,"[""41"", ""42"", ""42.5"", ""43"", ""44"", ""44.5"", ""45"", ""46"", ""47""]",https://tchoozshoes.com/products/39501803,2026-04-10T14:22:53Z,True
tchooz:9100882247937,tchooz,,Puma,Court Classic Men,Low Boots,men,92.0,,,False,in_stock,USD,"[""41"", ""42"", ""42.5"", ""43"", ""44"", ""44.5"", ""45"", ""46"", ""47""]",https://tchoozshoes.com/products/39501801,2026-04-10T14:22:53Z,True
tchooz:9100882215169,tchooz,,Puma,Puma Rickie Classic Women,Low Boots,women,92.0,,,False,in_stock,USD,"[""36"", ""37"", ""37.5"", ""38.5"", ""39"", ""41""]",https://tchoozshoes.com/products/39425103,2026-04-10T14:22:53Z,True
tchooz:9100882182401,tchooz,,Puma,Puma Rickie Classic Men,Low Boots,men,92.0,,,False,in_stock,USD,"[""41"", ""42"", ""42.5"", ""43"", ""44"", ""44.5"", ""46"", ""47""]",https://tchoozshoes.com/products/39425101,2026-04-10T14:22:53Z,True
tchooz:9100882149633,tchooz,,Puma,Puma Rickie Classic Women,Low Boots,women,92.0,,,False,in_stock,USD,"[""36"", ""37"", ""37.5"", ""38"", ""38.5"", ""40""]",https://tchoozshoes.com/products/39425101-w,2026-04-10T14:22:53Z,True
tchooz:9100882116865,tchooz,,Puma,Softride Exo Men,Low Boots,men,113.0,,,False,in_stock,USD,"[""41"", ""42"", ""42.5"", ""43"", ""44"", ""44.5"", ""45"", ""46"", ""47""]",https://tchoozshoes.com/products/31172219,2026-04-10T14:22:53Z,True
tchooz:9100882084097,tchooz,,Puma,Scend Pro 2 Men,Low Boots,men,128.0,,,False,in_stock,USD,"[""41"", ""42"", ""42.5"", ""43"", ""44"", ""44.5"", ""45"", ""46"", ""47""]",https://tchoozshoes.com/products/31077901,2026-04-10T14:22:53Z,True
tchooz:9100414746881,tchooz,,Puma,MINICATS ESS T and Short Set INF,Suits,kids,40.0,,,False,in_stock,USD,"[""1 Year"", ""1.5 Years"", ""2.5 Years"", ""3 Years"", ""4 Years""]",https://tchoozshoes.com/products/68628557,2026-04-10T14:22:53Z,True
tchooz:9100414714113,tchooz,,Puma,ESS No. 1 Logo Tee (s) Women,Tees,women,30.0,,,False,in_stock,USD,"[""XS"", ""S""]",https://tchoozshoes.com/products/68237150,2026-04-10T14:22:53Z,True
tchooz:9100414681345,tchooz,,Puma,individualRISE Jersey Jr,Tees,kids,27.0,,,False,in_stock,USD,"[""6 Years"", ""10 Years"", ""12 Years"", ""14 Years""]",https://tchoozshoes.com/products/65899390,2026-04-10T14:22:53Z,True
tchooz:9100414648577,tchooz,,Puma,PL Lifestyle Zip Jacket Men,Jackets,men,165.0,115.0,30.3,True,in_stock,USD,"[""M"", ""XL"", ""XXL""]",https://tchoozshoes.com/products/63267701,2026-04-10T14:22:53Z,True
tchooz:9100414615809,tchooz,,Puma,PUMA X HOT WHEELS Sweatpants TR,Pants,boys,60.0,40.0,33.33,True,in_stock,USD,"[""4 Years"", ""5 Years"", ""6 Years"", ""7 Years""]",https://tchoozshoes.com/products/63239701,2026-04-10T14:22:53Z,True
tchooz:9100414583041,tchooz,,Puma,PUMATECH Track Pants WV cl Men,Pants,men,105.0,75.0,28.57,True,in_stock,USD,"[""S"", ""L"", ""XL""]",https://tchoozshoes.com/products/63116363,2026-04-10T14:22:53Z,True
tchooz:9100414550273,tchooz,,Puma,W CLOUDSPUN TIGHT - HW FL Women,Tights,women,90.0,,,False,in_stock,USD,"[""XS"", ""L""]",https://tchoozshoes.com/products/52745201,2026-04-10T14:22:53Z,True
tchooz:9100414517505,tchooz,,Puma,Anzarun 2 Lite SLIPTECH Women,Low Boots,women,82.0,,,False,in_stock,USD,"[""37"", ""37.5"", ""38"", ""40""]",https://tchoozshoes.com/products/40631207,2026-04-10T14:22:53Z,True
tchooz:9100414484737,tchooz,,Puma,CA Pro Classic GABY DOLLHOUSE PS,Low Boots,kids,65.0,,,False,in_stock,USD,"[""28"", ""31"", ""33"", ""34""]",https://tchoozshoes.com/products/40578201,2026-04-10T14:22:53Z,True
tchooz:9100414451969,tchooz,,Puma,Softride Cosmic LT SLIPTECH Men,Low Boots,men,92.0,75.0,18.48,True,in_stock,USD,"[""42"", ""42.5"", ""43"", ""44"", ""45"", ""46"", ""47""]",https://tchoozshoes.com/products/40387415,2026-04-10T14:22:53Z,True
tchooz:9100414419201,tchooz,,Puma,Palermo Pop Men,Low Boots,men,140.0,100.0,28.57,True,in_stock,USD,"[""41"", ""47""]",https://tchoozshoes.com/products/40325703,2026-04-10T14:22:53Z,True
tchooz:9100414386433,tchooz,,Puma,PUMA CATCH Men,Low Boots,men,82.0,70.0,14.63,True,in_stock,USD,"[""Navy""]",https://tchoozshoes.com/products/40267905,2026-04-10T14:22:53Z,True
tchooz:9100414353665,tchooz,,Puma,ST MILER ROSE Women,Low Boots,women,110.0,,,False,in_stock,USD,"[""37"", ""38"", ""39""]",https://tchoozshoes.com/products/40263602,2026-04-10T14:22:53Z,True
tchooz:9100414320897,tchooz,,Puma,Kruz Profoam AC+ PS,Low Boots,kids,75.0,45.0,40.0,True,in_stock,USD,"[""30"", ""32""]",https://tchoozshoes.com/products/37976302,2026-04-10T14:22:53Z,True
tchooz:9100414288129,tchooz,,Puma,Extend Lite Trail Men,Low Boots,men,115.0,80.0,30.43,True,in_stock,USD,"[""44"", ""44.5"", ""46""]",https://tchoozshoes.com/products/37953828,2026-04-10T14:22:53Z,True
tchooz:9100414255361,tchooz,,Puma,Purecat Men,Low Boots,men,35.0,30.0,14.29,True,in_stock,USD,"[""40.5"", ""47""]",https://tchoozshoes.com/products/36026202,2026-04-10T14:22:53Z,True
tchooz:9100414222593,tchooz,,Puma,Softride Exo Flex Men,Low Boots,men,113.0,,,False,in_stock,USD,"[""41"", ""42"", ""42.5"", ""43"", ""44"", ""44.5"", ""45"", ""46""]",https://tchoozshoes.com/products/31257901,2026-04-10T14:22:53Z,True
tchooz:9100414189825,tchooz,,Puma,Skyrocket Lite Trail WTR Men,Low Boots,men,105.0,75.0,28.57,True,in_stock,USD,"[""41"", ""43"", ""44"", ""44.5"", ""46""]",https://tchoozshoes.com/products/31193002,2026-04-10T14:22:53Z,True
tchooz:9100414124289,tchooz,,Puma,Skyrocket Lite 2 Men,Low Boots,men,92.0,,,False,in_stock,USD,"[""45"", ""46""]",https://tchoozshoes.com/products/31173009,2026-04-10T14:22:53Z,True
tchooz:9100414058753,tchooz,,Puma,Softride Enzo 5 Men,Low Boots,men,140.0,100.0,28.57,True,in_stock,USD,"[""41"", ""42"", ""44"", ""44.5""]",https://tchoozshoes.com/products/31109822,2026-04-10T14:22:53Z,True
tchooz:9100414025985,tchooz,,Puma,Flyer Lite 3 Men,Low Boots,men,85.0,60.0,29.41,True,in_stock,USD,"[""44"", ""46"", ""47""]",https://tchoozshoes.com/products/31079716,2026-04-10T14:22:53Z,True
tchooz:9100413993217,tchooz,,Puma,PUMA PHASE Backpack Set,Backpacks,unisex,40.0,,,False,in_stock,USD,"[""Purple""]",https://tchoozshoes.com/products/9119105,2026-04-10T14:22:53Z,True
tchooz:9100413960449,tchooz,,Puma,PUMA PHASE Backpack Set,Backpacks,unisex,40.0,,,False,in_stock,USD,"[""Navy""]",https://tchoozshoes.com/products/9119103,2026-04-10T14:22:53Z,True
tchooz:9100413927681,tchooz,,Puma,PUMA PHASE Backpack II,Backpacks,unisex,35.0,,,False,in_stock,USD,"[""X""]",https://tchoozshoes.com/products/9116612,2026-04-10T14:22:53Z,True
tchooz:9100413894913,tchooz,,Puma,PUMA PRESTIGE ball,Ball,unisex,30.0,,,False,in_stock,USD,"[""5""]",https://tchoozshoes.com/products/8458507,2026-04-10T14:22:53Z,True
tchooz:9100413862145,tchooz,,Puma,PUMA PRESTIGE ball,Ball,unisex,30.0,,,False,in_stock,USD,"[""5""]",https://tchoozshoes.com/products/8458506,2026-04-10T14:22:53Z,True
tchooz:9100413796609,tchooz,,Puma,PUMA Orbita 6 AFCON,Ball,unisex,35.0,,,False,in_stock,USD,"[""5""]",https://tchoozshoes.com/products/8455501,2026-04-10T14:22:53Z,True
tchooz:9100413763841,tchooz,,Puma,PUMA KING ball,Ball,unisex,35.0,,,False,in_stock,USD,"[""5""]",https://tchoozshoes.com/products/8434902,2026-04-10T14:22:53Z,True
tchooz:9100413731073,tchooz,,Puma,TR SPORSTYLE LARGE Waterbottle,Wotterbottle,unisex,35.0,,,False,in_stock,USD,"[""Yellow""]",https://tchoozshoes.com/products/5381132,2026-04-10T14:22:53Z,True
tchooz:9100413698305,tchooz,,Puma,TR Ess Gloves Premium,Gloves,unisex,50.0,,,False,in_stock,USD,"[""M"", ""L""]",https://tchoozshoes.com/products/4200301,2026-04-10T14:22:53Z,True
tchooz:9100413665537,tchooz,,Puma,ULTRA Light Strap,Shinguards,unisex,25.0,,,False,in_stock,USD,"[""S"", ""M"", ""L"", ""XL""]",https://tchoozshoes.com/products/3099204,2026-04-10T14:22:53Z,True
tchooz:9100413632769,tchooz,,Puma,ULTRA Light Strap,Shinguards,unisex,25.0,,,False,in_stock,USD,"[""S"", ""M"", ""L"", ""XL""]",https://tchoozshoes.com/products/3099203,2026-04-10T14:22:53Z,True
tchooz:9100413567233,tchooz,,Puma,FERRARI RACE BB Cap,Caps,unisex,45.0,,,False,in_stock,USD,"[""X""]",https://tchoozshoes.com/products/2607705,2026-04-10T14:22:53Z,True
tchooz:9100413534465,tchooz,,Puma,ESS PUMA CAT BB Cap,Caps,unisex,20.0,,,False,in_stock,USD,"[""Purple""]",https://tchoozshoes.com/products/2599805,2026-04-10T14:22:53Z,True
tchooz:9099407819009,tchooz,,Puma,Scend Pro 2 Women,Low Boots,women,128.0,,,False,in_stock,USD,"[""36"", ""37"", ""37.5"", ""38"", ""38.5"", ""39"", ""40"", ""41""]",https://tchoozshoes.com/products/31077934,2026-04-10T14:22:53Z,True
tchooz:9099086627073,tchooz,,Puma,Mostro OG Prime Men,Low Boots,men,165.0,,,False,in_stock,USD,"[""41"", ""43"", ""44"", ""45"", ""46""]",https://tchoozshoes.com/products/40320609-m,2026-04-10T14:22:53Z,True
tchooz:9027834839297,tchooz,,Puma,PWR Hybrid TR Women,Low Boots,women,154.0,,,False,in_stock,USD,"[""36"", ""37"", ""41""]",https://tchoozshoes.com/products/31047720,2026-04-10T14:22:53Z,True
tchooz:9021598793985,tchooz,IG9282,Adidas,Adidas F50 LEAGUE TF MESSI Football/soccer,Shoes,men,153.0,46.0,69.93,True,in_stock,USD,"[""Gold""]",https://tchoozshoes.com/products/ig9282,2026-04-10T14:22:53Z,True
tchooz:9021597548801,tchooz,EE6999,Adidas,OZWEEGO F-LIFESTYLE Men,Low Boots,men,191.0,124.0,35.08,True,in_stock,USD,"[""41 1/3"", ""46""]",https://tchoozshoes.com/products/ee6999,2026-04-10T14:22:53Z,True
tchooz:9012612956417,tchooz,,Puma,Minicats Hooded Padded Jacket,Jackets,kids,90.0,65.0,27.78,True,in_stock,USD,"[""2.5 Years"", ""3 Years"", ""4 Years""]",https://tchoozshoes.com/products/68840234,2026-04-10T14:22:53Z,True
tchooz:8985824624897,tchooz,,Puma,Flyer 3 AC+ PS,Low Boots,kids,65.0,45.0,30.77,True,in_stock,USD,"[""30"", ""31"", ""35""]",https://tchoozshoes.com/products/40152703,2026-04-10T14:22:53Z,True
tchooz:8985824526593,tchooz,,Puma,Flyer 3 AC+ PS,Low Boots,kids,65.0,45.0,30.77,True,in_stock,USD,"[""Navy""]",https://tchoozshoes.com/products/40152702,2026-04-10T14:22:53Z,True
tchooz:8985824198913,tchooz,,Puma,RS-X Heritage Men,Low Boots,men,175.0,125.0,28.57,True,in_stock,USD,"[""41"", ""42.5"", ""44"", ""44.5"", ""46""]",https://tchoozshoes.com/products/39821014,2026-04-10T14:22:53Z,True
tchooz:8985823969537,tchooz,,Puma,Puma Smash 3.0 L Glitter Velcro V PS,Low Boots,kids,60.0,40.0,33.33,True,in_stock,USD,"[""28"", ""30"", ""31"", ""32"", ""34""]",https://tchoozshoes.com/products/39560907,2026-04-10T14:22:53Z,True
tchooz:8985540133121,tchooz,,Puma,Extend Lite Trail Men,Low Boots,men,115.0,80.0,30.43,True,in_stock,USD,"[""44.5""]",https://tchoozshoes.com/products/37953826,2026-04-10T14:22:53Z,True
tchooz:8985540100353,tchooz,,Puma,Extend Lite Trail Men,Low Boots,men,115.0,80.0,30.43,True,in_stock,USD,"[""46""]",https://tchoozshoes.com/products/37953801,2026-04-10T14:22:53Z,True
tchooz:8985540067585,tchooz,,Puma,X-Cell Nova FS Men,Low Boots,men,130.0,90.0,30.77,True,in_stock,USD,"[""43"", ""44"", ""44.5"", ""45"", ""46"", ""47""]",https://tchoozshoes.com/products/37949542,2026-04-10T14:22:53Z,True
tchooz:8985540034817,tchooz,,Puma,X-Cell Nova FS Men,Low Boots,men,130.0,90.0,30.77,True,in_stock,USD,"[""43"", ""44"", ""44.5"", ""45"", ""46"", ""47""]",https://tchoozshoes.com/products/37949536,2026-04-10T14:22:53Z,True
tchooz:8985540002049,tchooz,,Puma,Flare Pro Trail PTX Men,Low Boots,men,140.0,100.0,28.57,True,in_stock,USD,"[""44"", ""44.5""]",https://tchoozshoes.com/products/31204102,2026-04-10T14:22:53Z,True
tchooz:8985539969281,tchooz,,Puma,Softride Courtney Women,Low Boots,women,120.0,85.0,29.17,True,in_stock,USD,"[""36""]",https://tchoozshoes.com/products/31203708,2026-04-10T14:22:53Z,True
tchooz:8985539805441,tchooz,,Puma,Disperse XT 4 Green Terrains Women,Low Boots,women,109.0,75.0,31.19,True,in_stock,USD,"[""36"", ""39"", ""40""]",https://tchoozshoes.com/products/31173601,2026-04-10T14:22:53Z,True
tchooz:8985539739905,tchooz,,Puma,Cell Solar Men,Low Boots,men,164.0,,,False,in_stock,USD,"[""44"", ""44.5"", ""45""]",https://tchoozshoes.com/products/31117502,2026-04-10T14:22:53Z,True
tchooz:8985539477761,tchooz,,Puma,Cell Thrill Men,Low Boots,men,120.0,85.0,29.17,True,in_stock,USD,"[""44"", ""44.5"", ""45"", ""46"", ""47""]",https://tchoozshoes.com/products/31016808,2026-04-10T14:22:53Z,True
tchooz:8985539412225,tchooz,,Puma,Softride Mayve Women,Low Boots,women,120.0,85.0,29.17,True,in_stock,USD,"[""Purple""]",https://tchoozshoes.com/products/31016023,2026-04-10T14:22:53Z,True
tchooz:8985424036097,tchooz,,Puma,AT ESS Concept IV Barrel Bag Women,Bags,women,75.0,,,False,in_stock,USD,"[""X""]",https://tchoozshoes.com/products/9186801,2026-04-10T14:22:53Z,True
tchooz:8985423905025,tchooz,,Puma,individualRISE Graphic ball,Ball,unisex,30.0,,,False,in_stock,USD,"[""5""]",https://tchoozshoes.com/products/8474202,2026-04-10T14:22:53Z,True
tchooz:8985423872257,tchooz,,Puma,TEAM Towel Large (70x140),Towels,unisex,36.0,,,False,in_stock,USD,"[""X""]",https://tchoozshoes.com/products/5455202,2026-04-10T14:22:53Z,True
tchooz:8985423675649,tchooz,,Puma,PUMA CLASS Relaxed Pinnacle Tee Men,Tees,men,45.0,30.0,33.33,True,in_stock,USD,"[""S""]",https://tchoozshoes.com/products/68802582,2026-04-10T14:22:53Z,True
tchooz:8985394708737,tchooz,,Puma,T7 ALWAYS ON Track Suit PS,Suits,boys,95.0,65.0,31.58,True,in_stock,USD,"[""6 Years"", ""7 Years""]",https://tchoozshoes.com/products/63377765,2026-04-10T14:22:53Z,True
tchooz:8982934257921,tchooz,3YF10010106,On,Cloudswift Youth,Low Boots,kids,145.0,,,False,in_stock,USD,"[""38"", ""38.5""]",https://tchoozshoes.com/products/3yf10010106,2026-04-10T14:22:53Z,True
tchooz:8982934192385,tchooz,3MF10134320,On,Cloudswift 4 Men,Low Boots,men,195.0,,,False,in_stock,USD,"[""44.5"", ""45""]",https://tchoozshoes.com/products/3mf10134320,2026-04-10T14:22:53Z,True
tchooz:8980010238209,tchooz,,Puma,PUMA CLASS Relaxed Pinnacle Hoodie TR Men,Hoodies,men,90.0,65.0,27.78,True,in_stock,USD,"[""XXL""]",https://tchoozshoes.com/products/63301682,2026-04-10T14:22:53Z,True
tchooz:8980009615617,tchooz,,Puma,Easy Rider Futbolito Men,Low Boots,men,165.0,115.0,30.3,True,in_stock,USD,"[""41"", ""42"", ""43"", ""44"", ""44.5"", ""45"", ""46"", ""47""]",https://tchoozshoes.com/products/40317601,2026-04-10T14:22:53Z,True
tchooz:8980009091329,tchooz,,Puma,Skyrocket Lite 2 Engineered Men,Low Boots,men,97.0,,,False,in_stock,USD,"[""44"", ""44.5"", ""45"", ""46""]",https://tchoozshoes.com/products/31233601,2026-04-10T14:22:53Z,True
tchooz:8980008993025,tchooz,,Puma,MB.05 Wings Men,Low Boots,men,185.0,130.0,29.73,True,in_stock,USD,"[""42"", ""44"", ""44.5"", ""45"", ""47""]",https://tchoozshoes.com/products/31213101,2026-04-10T14:22:53Z,True
tchooz:8980008960257,tchooz,,Puma,MB.05 Rick & Morty Men,Low Boots,men,185.0,130.0,29.73,True,in_stock,USD,"[""44""]",https://tchoozshoes.com/products/31213001,2026-04-10T14:22:53Z,True
tchooz:8980008894721,tchooz,,Puma,Skyrocket Lite 2 Men,Low Boots,men,92.0,,,False,in_stock,USD,"[""44"", ""45"", ""46""]",https://tchoozshoes.com/products/31173001,2026-04-10T14:22:53Z,True
tchooz:8980008698113,tchooz,,Puma,Velocity NITRO 4 Men,Low Boots,men,230.0,160.0,30.43,True,in_stock,USD,"[""44"", ""44.5"", ""45""]",https://tchoozshoes.com/products/31114004,2026-04-10T14:22:53Z,True
tchooz:8980008173825,tchooz,,Puma,FUTURE 8 PLAY FG/AG Men,Low Boots,men,100.0,,,False,in_stock,USD,"[""43"", ""44"", ""44.5"", ""45""]",https://tchoozshoes.com/products/10860201,2026-04-10T14:22:53Z,True
tchooz:8980008108289,tchooz,,Puma,TR SPORSTYLE LARGE Waterbottle,Waterbottles,unisex,35.0,,,False,in_stock,USD,"[""X""]",https://tchoozshoes.com/products/5381101,2026-04-10T14:22:53Z,True
tchooz:8980008075521,tchooz,,Puma,Cat Wristband,Sportband,unisex,15.0,,,False,in_stock,USD,"[""X""]",https://tchoozshoes.com/products/5115601,2026-04-10T14:22:53Z,True
tchooz:8980008042753,tchooz,,Puma,NEYMAR JR ULTRA Light Sleeve,Shinguards,men,36.0,,,False,in_stock,USD,"[""L""]",https://tchoozshoes.com/products/3100701,2026-04-10T14:22:53Z,True
tchooz:8980007977217,tchooz,,Puma,ANIMAL Mid Crown Beanie Junior,Beanies,kids,25.0,,,False,in_stock,USD,"[""YUTH""]",https://tchoozshoes.com/products/2656401,2026-04-10T14:22:53Z,True
tchooz:8980007846145,tchooz,,Puma,BMW MMS Mid Crown Beanie,Beanies,unisex,54.0,,,False,in_stock,USD,"[""X""]",https://tchoozshoes.com/products/2645301,2026-04-10T14:22:53Z,True
tchooz:8977064526081,tchooz,,Puma,ULTRA 6 PLAY TT Men,Low Boots,men,100.0,,,False,in_stock,USD,"[""41"", ""42"", ""43"", ""44"", ""44.5"", ""45"", ""46""]",https://tchoozshoes.com/products/10854201,2026-04-10T14:22:53Z,True
tchooz:8977064362241,tchooz,,Puma,ATTACANTO FG/AG Boys,Low Boots,boys,60.0,,,False,in_stock,USD,"[""36"", ""37"", ""37.5"", ""38"", ""38.5""]",https://tchoozshoes.com/products/10748001,2026-04-10T14:22:53Z,True
tchooz:8973163397377,tchooz,,Puma,CATS CLUB Tee PS,tees,,30.0,10.0,66.67,True,in_stock,USD,"[""4 Years"", ""5 Years"", ""6 Years""]",https://tchoozshoes.com/products/68516147,2026-04-10T14:22:53Z,True
tchooz:8973163036929,tchooz,,Puma,PUMA x SPONGEBOB T7 AOP Legging Girls,Tights,girls,59.0,5.0,91.53,True,in_stock,USD,"[""Purple""]",https://tchoozshoes.com/products/53867425,2026-04-10T14:22:53Z,True
tchooz:8973162905857,tchooz,,Puma,W STRONG FLORAL RIBBON TIGHT 7/8 Women,Tights,women,80.0,30.0,62.5,True,in_stock,USD,"[""L""]",https://tchoozshoes.com/products/52775601,2026-04-10T14:22:53Z,True
tchooz:8973162840321,tchooz,,Puma,M RUN VELOCITY TEE (POLY) Men,Tees,men,40.0,15.0,62.5,True,in_stock,USD,"[""Yellow""]",https://tchoozshoes.com/products/52660039,2026-04-10T14:22:53Z,True
tchooz:8973162807553,tchooz,,Puma,W RUN VELOCITY AOP TEE (POLY) Women,Tees,women,50.0,20.0,60.0,True,in_stock,USD,"[""Purple""]",https://tchoozshoes.com/products/52657789,2026-04-10T14:22:53Z,True
tchooz:8973162283265,tchooz,,Puma,FUTURE 8 PLAY TT V Inf,Low Boots,,60.0,20.0,66.67,True,in_stock,USD,"[""22""]",https://tchoozshoes.com/products/10840101,2026-04-10T14:22:53Z,True
tchooz:8966111756545,tchooz,,Puma,ESS No. 1 Logo Hoodie TR Men,Hoodies,men,67.0,,,False,in_stock,USD,"[""XL""]",https://tchoozshoes.com/products/68257382,2026-04-10T14:22:53Z,True
tchooz:8961435074817,tchooz,,Puma,Carina Mia Women,Low Boots,women,100.0,60.0,40.0,True,in_stock,USD,"[""36""]",https://tchoozshoes.com/products/40263713,2026-04-10T14:22:53Z,True
tchooz:8961434059009,tchooz,,Puma,Skyrocket Lite 2 Men,Low Boots,men,92.0,,,False,in_stock,USD,"[""46"", ""47""]",https://tchoozshoes.com/products/31173018,2026-04-10T14:22:53Z,True
tchooz:8961433501953,tchooz,,Puma,Cell Thrill Men,Low Boots,men,120.0,70.0,41.67,True,in_stock,USD,"[""44.5"", ""45"", ""46""]",https://tchoozshoes.com/products/31016821,2026-04-10T14:22:53Z,True
tchooz:8961433436417,tchooz,,Puma,Softride Mayve Women,Low Boots,women,123.0,,,False,in_stock,USD,"[""36"", ""37.5"", ""39"", ""40""]",https://tchoozshoes.com/products/31016003,2026-04-10T14:22:53Z,True
tchooz:8961433370881,tchooz,,Puma,X-Cell Lightspeed Women,Low Boots,women,135.0,80.0,40.74,True,in_stock,USD,"[""37""]",https://tchoozshoes.com/products/30999316,2026-04-10T14:22:53Z,True
tchooz:8961433305345,tchooz,,Puma,X-Cell Lightspeed Men,Low Boots,men,135.0,80.0,40.74,True,in_stock,USD,"[""46""]",https://tchoozshoes.com/products/30997221,2026-04-10T14:22:53Z,True
tchooz:8956553986305,tchooz,,Puma,TWEENERVERSE Sweatpants TR Girls,Pants,girls,55.0,35.0,36.36,True,in_stock,USD,"[""10 Years""]",https://tchoozshoes.com/products/68850765,2026-04-10T14:22:53Z,True
tchooz:8956553199873,tchooz,,Puma,4KEEPS ELASTIC BRA - P Women,Bras,women,42.0,25.0,40.48,True,in_stock,USD,"[""XS"", ""L""]",https://tchoozshoes.com/products/52696209,2026-04-10T14:22:53Z,True
tchooz:8956552544513,tchooz,,Puma,Softride Courtney Delicate Women,Low Boots,women,120.0,70.0,41.67,True,in_stock,USD,"[""40""]",https://tchoozshoes.com/products/31206801,2026-04-10T14:22:53Z,True
tchooz:8956550807809,tchooz,,Puma,ESS Mid Crown Beanie,Beanie,unisex,28.0,,,False,in_stock,USD,"[""X""]",https://tchoozshoes.com/products/2640006,2026-04-10T14:22:53Z,True
tchooz:8953401114881,tchooz,,Puma,STRONG COLORBLOCKTIGHT HW 7/8 Women,Tights,women,72.0,45.0,37.5,True,in_stock,USD,"[""L""]",https://tchoozshoes.com/products/52667996,2026-04-10T14:22:53Z,True
tchooz:8948707524865,tchooz,,Puma,Mostro OG Prime Women,Low Boots,women,165.0,,,False,in_stock,USD,"[""36"", ""37"", ""38"", ""39""]",https://tchoozshoes.com/products/40320609,2026-04-10T14:22:53Z,True
tchooz:8948707492097,tchooz,,Puma,Mostro OG Prime Women,Low Boots,women,165.0,,,False,in_stock,USD,"[""36"", ""37"", ""38"", ""38.5"", ""39"", ""40""]",https://tchoozshoes.com/products/40320608,2026-04-10T14:22:53Z,True
tchooz:8948707295489,tchooz,,Puma,Puma Reb-L Junior,Low Boots,kids,80.0,,,False,in_stock,USD,"[""36"", ""37"", ""38.5"", ""39""]",https://tchoozshoes.com/products/39899302,2026-04-10T14:22:53Z,True
tchooz:8948707098881,tchooz,,Puma,Velocity NITRO 4 Women,Low Boots,women,230.0,140.0,39.13,True,in_stock,USD,"[""Yellow""]",https://tchoozshoes.com/products/31114107,2026-04-10T14:22:53Z,True
tchooz:8948707033345,tchooz,,Puma,Electrify NITRO 4 Women,Low Boots,women,165.0,100.0,39.39,True,in_stock,USD,"[""Navy""]",https://tchoozshoes.com/products/31078814,2026-04-10T14:22:53Z,True
tchooz:8933873975553,tchooz,JR0891,Adidas,SAMBA OG Men,Low Boots,men,175.0,114.0,34.86,True,in_stock,USD,"[""44""]",https://tchoozshoes.com/products/jr0891,2026-04-10T14:22:53Z,True
tchooz:8933873877249,tchooz,GW9196,Adidas,GRAND COURT 2.0 Men,Low Boots,men,121.0,91.0,24.79,True,in_stock,USD,"[""45 1/3""]",https://tchoozshoes.com/products/gw9196,2026-04-10T14:22:53Z,True
tchooz:8933176082689,tchooz,,Puma,Attacanto Logo Jersey Junior,Tees,boys,32.0,15.0,53.12,True,in_stock,USD,"[""6 Years""]",https://tchoozshoes.com/products/66027707,2026-04-10T14:22:53Z,True
tchooz:8924109963521,tchooz,,Puma,PUMA PHASE Backpack Set,Accessories,unisex,45.0,,,False,in_stock,USD,"[""X""]",https://tchoozshoes.com/products/9119101,2026-04-10T14:22:53Z,True
tchooz:8919934468353,tchooz,,Puma,ESS Hooded Padded Jacket Women,Jackets,women,155.0,,,False,in_stock,USD,"[""S""]",https://tchoozshoes.com/products/68523101,2026-04-10T14:22:53Z,True
tchooz:8916780941569,tchooz,,Puma,EVOSTRIPE Tee Men,Tees,men,40.0,,,False,in_stock,USD,"[""S"", ""XXL""]",https://tchoozshoes.com/products/68822902,2026-04-10T14:22:53Z,True
tchooz:8916780876033,tchooz,,Puma,Hooded Sweat Suit FL cl Women,Hoodies,women,125.0,,,False,in_stock,USD,"[""XS""]",https://tchoozshoes.com/products/68816201,2026-04-10T14:22:53Z,True
tchooz:8916734935297,tchooz,,Puma,Leadcat 2.0 Men,Low Boots,men,45.0,,,False,in_stock,USD,"[""Navy""]",https://tchoozshoes.com/products/38413904,2026-04-10T14:22:53Z,True
tchooz:8916701479169,tchooz,,Puma,EVOSTRIPE Tee Men,Tees,men,40.0,,,False,in_stock,USD,"[""XL"", ""XXL""]",https://tchoozshoes.com/products/68822970,2026-04-10T14:22:53Z,True
tchooz:8916701217025,tchooz,,Puma,ESS Poly Suit cl Men,Suits,men,110.0,,,False,in_stock,USD,"[""S""]",https://tchoozshoes.com/products/68484744,2026-04-10T14:22:53Z,True
tchooz:8916701184257,tchooz,,Puma,ESS No. 1 Logo Hoodie TR (s) Men,Hoodies,men,67.0,,,False,in_stock,USD,"[""Navy""]",https://tchoozshoes.com/products/68257380,2026-04-10T14:22:53Z,True
tchooz:8916701053185,tchooz,,Puma,ESS No. 1 Logo Tee (s) Men,Tees,men,30.0,,,False,in_stock,USD,"[""Navy""]",https://tchoozshoes.com/products/68253380,2026-04-10T14:22:53Z,True
tchooz:8913687511297,tchooz,,Puma,PUMA PHASE PATCH Backpack,Backpacks,unisex,50.0,,,False,in_stock,USD,"[""X""]",https://tchoozshoes.com/products/9173020,2026-04-10T14:22:53Z,True
tchooz:8913687249153,tchooz,,Puma,PUMA DECK Backpack II,Backpacks,unisex,60.0,,,False,in_stock,USD,"[""X""]",https://tchoozshoes.com/products/9131601,2026-04-10T14:22:53Z,True
tchooz:8913686659329,tchooz,,Puma,PUMA CHALLENGER Small Sports Bag,Bags,unisex,56.0,,,False,in_stock,USD,"[""Navy""]",https://tchoozshoes.com/products/9114308,2026-04-10T14:22:53Z,True
tchooz:8913686528257,tchooz,,Puma,ATTACANTO Graphic ball BLUE 3,Ball,unisex,30.0,,,False,in_stock,USD,"[""5""]",https://tchoozshoes.com/products/8473902,2026-04-10T14:22:53Z,True
tchooz:8913686462721,tchooz,,Puma,PUMA PRESTIGE ball,Ball,unisex,30.0,,,False,in_stock,USD,"[""5""]",https://tchoozshoes.com/products/8458502,2026-04-10T14:22:53Z,True
tchooz:8913686429953,tchooz,,Puma,PUMA Orbita 4 HYB (FIFA Basic),Ball,unisex,50.0,,,False,in_stock,USD,"[""5""]",https://tchoozshoes.com/products/8432602,2026-04-10T14:22:53Z,True
tchooz:8913686364417,tchooz,,Puma,TR CORE Waterbottle,Waterbottles,unisex,15.0,,,False,in_stock,USD,"[""Navy""]",https://tchoozshoes.com/products/5381342,2026-04-10T14:22:53Z,True
tchooz:8913686331649,tchooz,,Puma,TR CORE Waterbottle,Waterbottles,unisex,15.0,,,False,in_stock,USD,"[""Yellow""]",https://tchoozshoes.com/products/5381340,2026-04-10T14:22:53Z,True
tchooz:8913686233345,tchooz,,Puma,COMIC BB Cap Junior,Caps,kids,25.0,,,False,in_stock,USD,"[""YUTH""]",https://tchoozshoes.com/products/2655701,2026-04-10T14:22:53Z,True
tchooz:8913135272193,tchooz,3WF30323404,On,Cloudpulse Next Women,Low Boots,women,159.0,,,False,in_stock,USD,"[""37""]",https://tchoozshoes.com/products/3wf30323404,2026-04-10T14:22:53Z,True
tchooz:8905156722945,tchooz,,Puma,Mostro Perf Women,Low Boots,women,175.0,105.0,40.0,True,in_stock,USD,"[""36"", ""37"", ""37.5"", ""39""]",https://tchoozshoes.com/products/39733102-w,2026-04-10T14:22:53Z,True
tchooz:8905131524353,tchooz,,Puma,ESS Small Logo Poly Tee Men,Tees,men,35.0,,,False,in_stock,USD,"[""XXL""]",https://tchoozshoes.com/products/68254202,2026-04-10T14:22:53Z,True
tchooz:8905131491585,tchooz,,Puma,ESS Small Logo Poly Tee Men,Tees,men,35.0,,,False,in_stock,USD,"[""XXL""]",https://tchoozshoes.com/products/68254201,2026-04-10T14:22:53Z,True
tchooz:8905131360513,tchooz,,Puma,ESS No. 1 Logo Tee (s) Men,Tees,men,30.0,,,False,in_stock,USD,"[""XL"", ""XXL""]",https://tchoozshoes.com/products/68253382,2026-04-10T14:22:53Z,True
tchooz:8905129984257,tchooz,,Puma,Hypnotic LS Men,Low Boots,men,115.0,,,False,in_stock,USD,"[""44"", ""46""]",https://tchoozshoes.com/products/40261801,2026-04-10T14:22:53Z,True
tchooz:8905129623809,tchooz,,Puma,Puma Fun Racer 2 AC+ PS,Low Boots,kids,55.0,,,False,in_stock,USD,"[""Navy""]",https://tchoozshoes.com/products/40058001,2026-04-10T14:22:53Z,True
tchooz:8905129591041,tchooz,,Puma,R78 Lightwind Women,Low Boots,women,85.0,50.0,41.18,True,in_stock,USD,"[""36""]",https://tchoozshoes.com/products/40026715,2026-04-10T14:22:53Z,True
tchooz:8905129492737,tchooz,,Puma,Courtflex V3 V PS,Low Boots,kids,55.0,35.0,36.36,True,in_stock,USD,"[""29"", ""30"", ""32"", ""33"", ""34""]",https://tchoozshoes.com/products/39764213,2026-04-10T14:22:53Z,True
tchooz:8905129459969,tchooz,,Puma,Puma Smash 3.0 Buck Men,Low Boots,men,95.0,,,False,in_stock,USD,"[""40"", ""41"", ""45""]",https://tchoozshoes.com/products/39233602,2026-04-10T14:22:53Z,True
tchooz:8903069991169,tchooz,3MF30434287,On,Cloudsurfer Max Men,Low Boots,men,219.0,175.0,20.09,True,in_stock,USD,"[""42""]",https://tchoozshoes.com/products/3mf30434287,2026-04-10T14:22:53Z,True
tchooz:8887236231425,tchooz,,Puma,Puma Super Turino Men,Low Boots,men,100.0,50.0,50.0,True,in_stock,USD,"[""47""]",https://tchoozshoes.com/products/40261202,2026-04-10T14:22:53Z,True
tchooz:8880440672513,tchooz,,Puma,ESS Small Logo Poly Tee Men,Tees,men,35.0,,,False,in_stock,USD,"[""Navy""]",https://tchoozshoes.com/products/68254216,2026-04-10T14:22:53Z,True
tchooz:8880440344833,tchooz,,Puma,PUMA S HEATHER Backpack,Backpacks,unisex,60.0,,,False,in_stock,USD,"[""X""]",https://tchoozshoes.com/products/9134901,2026-04-10T14:22:53Z,True
tchooz:8880440312065,tchooz,,Puma,ESSENTIALS Waist Bag,Bags,unisex,40.0,,,False,in_stock,USD,"[""X""]",https://tchoozshoes.com/products/9112801,2026-04-10T14:22:53Z,True
tchooz:8880440246529,tchooz,,Puma,ATTACANTO Graphic miniball,Ball,unisex,20.0,,,False,in_stock,USD,"[""MINI""]",https://tchoozshoes.com/products/8474104,2026-04-10T14:22:53Z,True
tchooz:8880440180993,tchooz,,Puma,ATTACANTO Graphic ball,Ball,unisex,30.0,,,False,in_stock,USD,"[""5""]",https://tchoozshoes.com/products/8473904,2026-04-10T14:22:53Z,True
tchooz:8880440148225,tchooz,,Puma,PUMA KING ball,Ball,unisex,35.0,,,False,in_stock,USD,"[""5""]",https://tchoozshoes.com/products/8473602,2026-04-10T14:22:53Z,True
tchooz:8880440115457,tchooz,,Puma,TR CORE Waterbottle,Waterbottles,unisex,15.0,,,False,in_stock,USD,"[""X""]",https://tchoozshoes.com/products/5381301,2026-04-10T14:22:53Z,True
tchooz:8880440082689,tchooz,,Puma,TR SPORTSTYLE Waterbottle,Waterbottles,unisex,25.0,,,False,in_stock,USD,"[""Yellow""]",https://tchoozshoes.com/products/5351835,2026-04-10T14:22:53Z,True
tchooz:8880440049921,tchooz,,Puma,TR SPORTSTYLE Waterbottle,Waterbottles,unisex,25.0,,,False,in_stock,USD,"[""X""]",https://tchoozshoes.com/products/5351801,2026-04-10T14:22:53Z,True
tchooz:8880439984385,tchooz,,Puma,Cat Wristband,Sportband,unisex,15.0,,,False,in_stock,USD,"[""X""]",https://tchoozshoes.com/products/5115602,2026-04-10T14:22:53Z,True
tchooz:8880439853313,tchooz,,Puma,BMW MMS BB Cap,Caps,unisex,45.0,,,False,in_stock,USD,"[""X""]",https://tchoozshoes.com/products/2644902,2026-04-10T14:22:53Z,True
tchooz:8880434249985,tchooz,,Puma,PUMA PHASE Backpack,Backpacks,unisex,35.0,,,False,in_stock,USD,"[""Navy""]",https://tchoozshoes.com/products/9116402,2026-04-10T14:22:53Z,True
tchooz:8878473937153,tchooz,,Puma,Shuffle Doto Women,Low Boots,women,90.0,,,False,in_stock,USD,"[""36"", ""37.5""]",https://tchoozshoes.com/products/40259602,2026-04-10T14:22:53Z,True
tchooz:8878473838849,tchooz,,Puma,Trinity 2 Men,Low Boots,men,125.0,,,False,in_stock,USD,"[""41"", ""46""]",https://tchoozshoes.com/products/40023002,2026-04-10T14:22:53Z,True
tchooz:8869734187265,tchooz,3WF10060755,On,Cloud 6 Women,Low Boots,women,179.0,,,False,in_stock,USD,"[""Beige""]",https://tchoozshoes.com/products/3wf10060755,2026-04-10T14:22:53Z,True
tchooz:8866982330625,tchooz,,Puma,EVOSTRIPE CORE Pants Men,Pants,men,82.0,,,False,in_stock,USD,"[""S"", ""M""]",https://tchoozshoes.com/products/63153301,2026-04-10T14:22:53Z,True
tchooz:8864371441921,tchooz,3ME30022906,On,Cloudsurfer Next Men,Low Boots,men,179.0,,,False,in_stock,USD,"[""Beige""]",https://tchoozshoes.com/products/3me30022906,2026-04-10T14:22:53Z,True
tchooz:8860412379393,tchooz,,Puma,ESS No.1 Full-Zip Hoodie TR Men,Hoodies,men,72.0,,,False,in_stock,USD,"[""M"", ""XXL""]",https://tchoozshoes.com/products/68258803,2026-04-10T14:22:53Z,True
tchooz:8860412182785,tchooz,,Puma,ESS High-Waist Flared Leggings Women,Tights,women,42.0,20.0,52.38,True,in_stock,USD,"[""XS"", ""L""]",https://tchoozshoes.com/products/63154282,2026-04-10T14:22:53Z,True
tchooz:8860412117249,tchooz,,Puma,ESS High-Waist Flared Leggings Men,Tights,women,42.0,,,False,in_stock,USD,"[""XS""]",https://tchoozshoes.com/products/63154201,2026-04-10T14:22:53Z,True
tchooz:8860412084481,tchooz,,Puma,WARDROBE ESS Sweatpants TR Men,Pants,men,92.0,,,False,in_stock,USD,"[""XXL""]",https://tchoozshoes.com/products/63153501,2026-04-10T14:22:53Z,True
tchooz:8860411822337,tchooz,,Puma,M TAD ESSENTIALS 8 Knit Short Men,Short,men,43.0,,,False,in_stock,USD,"[""M"", ""XL"", ""L""]",https://tchoozshoes.com/products/52590901,2026-04-10T14:22:53Z,True
tchooz:8824539775233,tchooz,3WE30070106,On,Cloud X 4 Women,Low Boots,women,179.0,,,False,in_stock,USD,"[""37""]",https://tchoozshoes.com/products/3we30070106,2026-04-10T14:22:53Z,True
tchooz:8808675770625,tchooz,,Puma,Inhale Men,Low Boots,men,160.0,65.0,59.38,True,in_stock,USD,"[""44.5""]",https://tchoozshoes.com/products/40156001,2026-04-10T14:22:53Z,True
tchooz:8797879042305,tchooz,,Puma,PUMA CUP Graphic ball,Ball,unisex,30.0,,,False,in_stock,USD,"[""Yellow""]",https://tchoozshoes.com/products/8458702,2026-04-10T14:22:53Z,True
tchooz:8797796630785,tchooz,,Puma,ESS Logo Pants TR cl Men,Pants,men,65.0,,,False,in_stock,USD,"[""S""]",https://tchoozshoes.com/products/58671603,2026-04-10T14:22:53Z,True
tchooz:8792381391105,tchooz,,Puma,Shibui Cat Men,Sandals,men,55.0,45.0,18.18,True,in_stock,USD,"[""42"", ""43""]",https://tchoozshoes.com/products/38529620,2026-04-10T14:22:53Z,True
tchooz:8786938921217,tchooz,,Puma,Divecat v2 Lite Men,Low Boots,men,35.0,,,False,in_stock,USD,"[""40.5"", ""43"", ""46"", ""47""]",https://tchoozshoes.com/products/37482304,2026-04-10T14:22:53Z,True
tchooz:8786938855681,tchooz,,Puma,Epic Flip v2 Men,Low Boots,men,30.0,,,False,in_stock,USD,"[""44.5"", ""46""]",https://tchoozshoes.com/products/36024803,2026-04-10T14:22:53Z,True
tchooz:8779605475585,tchooz,,Puma,ESS No1 Logo T and Shorts Set PS Boys,Sets,boys,45.0,,,False,in_stock,USD,"[""4 Years"", ""5 Years"", ""6 Years"", ""7 Years""]",https://tchoozshoes.com/products/68524002,2026-04-10T14:22:53Z,True
tchooz:8778819043585,tchooz,,Puma,ESS No. 1 Logo Shorts TR Kids,Shorts,kids,30.0,10.0,66.67,True,in_stock,USD,"[""Navy""]",https://tchoozshoes.com/products/68493516,2026-04-10T14:22:53Z,True
tchooz:8778506666241,tchooz,,Puma,ULTRA 5 PLAY TT Men,Low Boots,men,85.0,,,False,in_stock,USD,"[""41"", ""42"", ""43"", ""44"", ""44.5"", ""45"", ""46""]",https://tchoozshoes.com/products/10790502,2026-04-10T14:22:53Z,True
tchooz:8778506633473,tchooz,,Puma,PUMA CLASS Graphic Tee Boys,Tees,boys,30.0,10.0,66.67,True,in_stock,USD,"[""6 Years""]",https://tchoozshoes.com/products/68581430,2026-04-10T14:22:53Z,True
tchooz:8778506109185,tchooz,,Puma,Easy Rider Weathered Women,Low Boots,women,140.0,55.0,60.71,True,in_stock,USD,"[""36"", ""39""]",https://tchoozshoes.com/products/40039705,2026-04-10T14:22:53Z,True
tchooz:8778505289985,tchooz,,Puma,Pounce Lite Men,Low Boots,men,108.0,,,False,in_stock,USD,"[""46""]",https://tchoozshoes.com/products/31077802,2026-04-10T14:22:53Z,True
tchooz:8778505126145,tchooz,,Puma,Softride Symmetry Fuzion Men,Low Boots,men,112.0,,,False,in_stock,USD,"[""44"", ""45"", ""47""]",https://tchoozshoes.com/products/31012709,2026-04-10T14:22:53Z,True
tchooz:8778504896769,tchooz,,Puma,ULTRA 5 PLAY FG/AG Men,Low Boots,men,85.0,,,False,in_stock,USD,"[""42.5"", ""43"", ""44"", ""44.5"", ""45"", ""46""]",https://tchoozshoes.com/products/10768902,2026-04-10T14:22:53Z,True
tchooz:8778504831233,tchooz,,Puma,RUNNING Visor,Caps,unisex,25.0,,,False,in_stock,USD,"[""X""]",https://tchoozshoes.com/products/2616501,2026-04-10T14:22:53Z,True
tchooz:8770944532737,tchooz,,Puma,FUTURE 8 PLAY FG/AG Men,Low Boots,men,85.0,,,False,in_stock,USD,"[""41"", ""42"", ""42.5"", ""44"", ""44.5"", ""45""]",https://tchoozshoes.com/products/10814102,2026-04-10T14:22:53Z,True
tchooz:8767909101825,tchooz,,Puma,CAMPUS Medium Reporter Bag Unisex,Bags,unisex,60.0,,,False,in_stock,USD,"[""X""]",https://tchoozshoes.com/products/9129701,2026-04-10T14:22:53Z,True
tchooz:8767908282625,tchooz,,Puma,TR Bottle Sportstyle 1liter Unisex,Waterbottles,unisex,30.0,,,False,in_stock,USD,"[""Yellow""]",https://tchoozshoes.com/products/5381129,2026-04-10T14:22:53Z,True
tchooz:8767908086017,tchooz,,Puma,ESS NO.1 LOGO AOP BB Cap Jr Unisex,Caps,unisex,25.0,,,False,in_stock,USD,"[""YUTH""]",https://tchoozshoes.com/products/2612601,2026-04-10T14:22:53Z,True
tchooz:8766065082625,tchooz,,Puma,LACE HW 7/8 TIGHT Women,Tights,women,75.0,25.0,66.67,True,in_stock,USD,"[""L""]",https://tchoozshoes.com/products/52677830,2026-04-10T14:22:53Z,True
tchooz:8766061510913,tchooz,,Puma,EVOSTRIPE Tights Women,Tights,women,60.0,20.0,66.67,True,in_stock,USD,"[""L""]",https://tchoozshoes.com/products/68505230,2026-04-10T14:22:53Z,True
tchooz:8766060298497,tchooz,,Puma,PUMA CLASS Sweatpants TR cl Men,Pants,men,75.0,25.0,66.67,True,in_stock,USD,"[""Navy""]",https://tchoozshoes.com/products/68465216,2026-04-10T14:22:53Z,True
tchooz:8766058987777,tchooz,,Puma,T7 Tee Men,Tees,men,49.0,,,False,in_stock,USD,"[""S"", ""M"", ""XL""]",https://tchoozshoes.com/products/62959202,2026-04-10T14:22:53Z,True
tchooz:8766058955009,tchooz,,Puma,T7 Tee Men,Tees,men,47.0,,,False,in_stock,USD,"[""S"", ""M"", ""L""]",https://tchoozshoes.com/products/62959201,2026-04-10T14:22:53Z,True
tchooz:8766058070273,tchooz,,Puma,M RUN VELOCITY TANK Men,Tanks,men,36.0,,,False,in_stock,USD,"[""S"", ""M"", ""L"", ""XL""]",https://tchoozshoes.com/products/52659501,2026-04-10T14:22:53Z,True
tchooz:8756564984065,tchooz,,Puma,ACTIVE SPORTS Graphic Tee II Boys,Tees,boys,25.0,10.0,60.0,True,in_stock,USD,"[""Yellow""]",https://tchoozshoes.com/products/68517839,2026-04-10T14:22:53Z,True
tchooz:8756561871105,tchooz,,Puma,BMMMS ESS Logo Tee Men,Tees,men,58.0,20.0,65.52,True,in_stock,USD,"[""XL"", ""XXL""]",https://tchoozshoes.com/products/63235802,2026-04-10T14:22:53Z,True
tchooz:8756558397697,tchooz,,Puma,BUTTERFLY VIBE AOP HLeggings Girls,Tights,girls,45.0,15.0,66.67,True,in_stock,USD,"[""14 Years"", ""16 Years""]",https://tchoozshoes.com/products/62988767,2026-04-10T14:22:53Z,True
tchooz:8756557906177,tchooz,,Puma,SUPER PUMA Graphic Tee Boys,Tees,boys,35.0,15.0,57.14,True,in_stock,USD,"[""Yellow""]",https://tchoozshoes.com/products/62986455,2026-04-10T14:22:53Z,True
tchooz:8756557873409,tchooz,,Puma,SUPER PUMA Graphic Tee Boys,Tees,boys,35.0,15.0,57.14,True,in_stock,USD,"[""8 Years"", ""16 Years""]",https://tchoozshoes.com/products/62986430,2026-04-10T14:22:53Z,True
tchooz:8756554203393,tchooz,,Puma,RUN KNIT 3” SPLIT SHORT Women,Shorts,women,70.0,20.0,71.43,True,in_stock,USD,"[""XS""]",https://tchoozshoes.com/products/52666401,2026-04-10T14:22:53Z,True
tchooz:8756553646337,tchooz,,Puma,RUN ULTRAWEAVE 2IN1 5 SHORT Men,Shorts,men,90.0,35.0,61.11,True,in_stock,USD,"[""S""]",https://tchoozshoes.com/products/52663501,2026-04-10T14:22:53Z,True
tchooz:8756551549185,tchooz,,Puma,TAD ESSENTIAL TIGHT - H7/Women,Tights,women,57.0,,,False,in_stock,USD,"[""XS""]",https://tchoozshoes.com/products/52589901,2026-04-10T14:22:53Z,True
tchooz:8756413464833,tchooz,,Puma,RUN VELOCITY TEE Women,Tees,women,40.0,,,False,in_stock,USD,"[""XS""]",https://tchoozshoes.com/products/52657801,2026-04-10T14:22:53Z,True
tchooz:8756412907777,tchooz,,Puma,TAD GRAPHIC TIGHT Women,Tights,women,65.0,25.0,61.54,True,in_stock,USD,"[""Burgundy""]",https://tchoozshoes.com/products/52590117,2026-04-10T14:22:53Z,True
tchooz:8751902916865,tchooz,JI2316,Adidas,BARREDA DECODE Men,Low Boots,men,126.0,,,False,in_stock,USD,"[""45 1/3""]",https://tchoozshoes.com/products/ji2316,2026-04-10T14:22:53Z,True
tchooz:8751902884097,tchooz,JH5705,Adidas,SAMBA LT Women,Low Boots,women,175.0,105.0,40.0,True,in_stock,USD,"[""Navy""]",https://tchoozshoes.com/products/jh5705,2026-04-10T14:22:53Z,True
tchooz:8751720497409,tchooz,,Puma,Karmen II Idol Women,Low boots,women,113.0,,,False,in_stock,USD,"[""36"", ""37"", ""38"", ""38.5"", ""39"", ""40"", ""41""]",https://tchoozshoes.com/products/39746102,2026-04-10T14:22:53Z,True
tchooz:8751719448833,tchooz,,Puma,ATTACANTO TT Men,Low boots,men,70.0,,,False,in_stock,USD,"[""42.5"", ""43"", ""44.5"", ""45"", ""46""]",https://tchoozshoes.com/products/10747812,2026-04-10T14:22:53Z,True
tchooz:8751719416065,tchooz,,Puma,ATTACANTO FG/AG Men,Low boots,men,70.0,,,False,in_stock,USD,"[""42"", ""42.5"", ""43"", ""44"", ""44.5"", ""45""]",https://tchoozshoes.com/products/10747713,2026-04-10T14:22:53Z,True
tchooz:8751302344961,tchooz,,Puma,TAD ESS High Waist 7/8 Tights G Girls,Tights,girls,45.0,15.0,66.67,True,in_stock,USD,"[""16 Years""]",https://tchoozshoes.com/products/52654546,2026-04-10T14:22:53Z,True
tchooz:8751302050049,tchooz,,Puma,M TAD ESSENTIALS SOLID CAT TEE Men,Tees,men,37.0,,,False,in_stock,USD,"[""XXL""]",https://tchoozshoes.com/products/52590802,2026-04-10T14:22:53Z,True
tchooz:8751301984513,tchooz,,Puma,M TAD ESSENTIALS SOLID CAT TEE Men,Tees,men,37.0,,,False,in_stock,USD,"[""M"", ""XL""]",https://tchoozshoes.com/products/52590801,2026-04-10T14:22:53Z,True
tchooz:8751301263617,tchooz,,Puma,TR Gym Gloves Women,Gloves,women,35.0,,,False,in_stock,USD,"[""Purple""]",https://tchoozshoes.com/products/4177309,2026-04-10T14:22:53Z,True
tchooz:8751301198081,tchooz,,Puma,TR Ess Gloves Up Men,Gloves,men,45.0,,,False,in_stock,USD,"[""L""]",https://tchoozshoes.com/products/4146604,2026-04-10T14:22:53Z,True
tchooz:8740655726849,tchooz,,Puma,PUMA X TMNT Relaxed Graphic Tee Kids,Tees,kids,40.0,15.0,62.5,True,in_stock,USD,"[""8 Years""]",https://tchoozshoes.com/products/63008402,2026-04-10T14:22:53Z,True
tchooz:8740655694081,tchooz,,Puma,PUMA X HELLO KITTY & FRIENDS Tee Kids,Tees,kids,35.0,15.0,57.14,True,in_stock,USD,"[""7 Years""]",https://tchoozshoes.com/products/63006247,2026-04-10T14:22:53Z,True
tchooz:8740655137025,tchooz,,Puma,Softride Harli Slip on Women,Low Boots,women,97.0,,,False,in_stock,USD,"[""36"", ""37"", ""37.5"", ""38"", ""38.5"", ""41""]",https://tchoozshoes.com/products/31147101,2026-04-10T14:22:53Z,True
tchooz:8740655071489,tchooz,,Puma,Scend Pro 2 Men,Low Boots,men,128.0,,,False,in_stock,USD,"[""42"", ""44"", ""44.5""]",https://tchoozshoes.com/products/31077902,2026-04-10T14:22:53Z,True
tchooz:8740184293633,tchooz,,Puma,EVOSTRIPE Shorts 8 DK Men,Shorts,men,70.0,30.0,57.14,True,in_stock,USD,"[""XL""]",https://tchoozshoes.com/products/68461579,2026-04-10T14:22:53Z,True
tchooz:8732543680769,tchooz,,Puma,ESS No. 1 Logo Sweatpants TR op Men,Pants,men,70.0,,,False,in_stock,USD,"[""S""]",https://tchoozshoes.com/products/68261203,2026-04-10T14:22:53Z,True
tchooz:8732541878529,tchooz,,Puma,W TAD GRAPHIC TIGHT - 7/8 AOP Women,Tights,women,65.0,25.0,61.54,True,in_stock,USD,"[""M""]",https://tchoozshoes.com/products/52590146,2026-04-10T14:22:53Z,True
tchooz:8732541190401,tchooz,,Puma,X-Ray 3 LT Men,Low Boots,men,108.0,,,False,in_stock,USD,"[""41"", ""42"", ""42.5"", ""43"", ""44"", ""44.5"", ""45"", ""46"", ""47""]",https://tchoozshoes.com/products/40022902,2026-04-10T14:22:53Z,True
tchooz:8732540731649,tchooz,,Puma,Softride Enzo 5 Men,Low Boots,men,144.0,,,False,in_stock,USD,"[""41"", ""42"", ""42.5"", ""43"", ""44"", ""44.5"", ""45"", ""46"", ""47""]",https://tchoozshoes.com/products/31109801,2026-04-10T14:22:53Z,True
tchooz:8732540338433,tchooz,,Puma,PUMA DECK Sling Bag Unisex,Bags,unisex,40.0,,,False,in_stock,USD,"[""X""]",https://tchoozshoes.com/products/9131901,2026-04-10T14:22:53Z,True
tchooz:8732540240129,tchooz,,Puma,PL SMALL X-Body Unisex,Bags,unisex,50.0,,,False,in_stock,USD,"[""X""]",https://tchoozshoes.com/products/9127001,2026-04-10T14:22:53Z,True
tchooz:8732539977985,tchooz,,Puma,PUMA Phase Hooded Backpack Unisex,Bags,unisex,45.0,,,False,in_stock,USD,"[""X""]",https://tchoozshoes.com/products/9080103,2026-04-10T14:22:53Z,True
tchooz:8728516722945,tchooz,,Puma,Softride Pro Echo Slip-On NM Women,Low Boots,women,115.0,45.0,60.87,True,in_stock,USD,"[""36""]",https://tchoozshoes.com/products/30998208,2026-04-10T14:22:53Z,True
tchooz:8718539882753,tchooz,,Puma,ESS Small No. 1 Logo Tee Women,Tees,women,30.0,,,False,in_stock,USD,"[""XS""]",https://tchoozshoes.com/products/68237202,2026-04-10T14:22:53Z,True
tchooz:8718539489537,tchooz,,Puma,ESS Small No. 1 Logo Tee Women,Tees,women,30.0,,,False,in_stock,USD,"[""XS""]",https://tchoozshoes.com/products/68237201,2026-04-10T14:22:53Z,True
tchooz:8718538866945,tchooz,,Puma,Flyer 3 AC+ PS Boys,Low Boots,boys,65.0,,,False,in_stock,USD,"[""28"", ""28.5"", ""29"", ""30"", ""31""]",https://tchoozshoes.com/products/40152701,2026-04-10T14:22:53Z,True
tchooz:8693920792833,tchooz,JI2306,Adidas,BARREDA Men,Low Boots,men,96.0,,,False,in_stock,USD,"[""42"", ""43 1/3"", ""44"", ""45 1/3""]",https://tchoozshoes.com/products/ji2306,2026-04-10T14:22:53Z,True
tchooz:8689303912705,tchooz,,Puma,ESS Logo Sweatpants TR cl Men,Pants,men,70.0,,,False,in_stock,USD,"[""S"", ""M"", ""L"", ""XL"", ""XXL""]",https://tchoozshoes.com/products/68260801,2026-04-10T14:22:53Z,True
tchooz:8689303716097,tchooz,,Puma,ESS Logo Tee Men,Tees,men,30.0,,,False,in_stock,USD,"[""XXL""]",https://tchoozshoes.com/products/68253202,2026-04-10T14:22:53Z,True
tchooz:8689303650561,tchooz,,Puma,ESS Logo Leggings Women,Tights,women,41.0,,,False,in_stock,USD,"[""XS"", ""S"", ""M"", ""L""]",https://tchoozshoes.com/products/68242601,2026-04-10T14:22:53Z,True
tchooz:8689301913857,tchooz,,Puma,Softride Mayve Women,Low Boots,women,123.0,,,False,in_stock,USD,"[""37"", ""38"", ""39""]",https://tchoozshoes.com/products/31016001,2026-04-10T14:22:53Z,True
tchooz:8675808903425,tchooz,,New Balance,New Balance Footwear 237 Men,Low Boots,men,139.0,76.0,45.32,True,in_stock,USD,"[""45""]",https://tchoozshoes.com/products/ms237lgg,2026-04-10T14:22:53Z,True
tchooz:8675808870657,tchooz,,New Balance,New Balance Footwear 237 Men,Low Boots,men,139.0,76.0,45.32,True,in_stock,USD,"[""Navy""]",https://tchoozshoes.com/products/ms237lbw,2026-04-10T14:22:53Z,True
tchooz:8653710754049,tchooz,,Puma,STUDIO CLOUDSPUN RIB TANK Women,Tops,women,70.0,25.0,64.29,True,in_stock,USD,"[""M""]",https://tchoozshoes.com/products/52575445,2026-04-10T14:22:53Z,True
tchooz:8652800164097,tchooz,,Puma,FUTURE 7 PLAY FG/AG Men,Low Boots,men,100.0,30.0,70.0,True,in_stock,USD,"[""41"", ""42"", ""43""]",https://tchoozshoes.com/products/10793901,2026-04-10T14:22:53Z,True
tchooz:8637856743681,tchooz,,Puma,PUMA X TROLLS Graphic Tee Boys,Tees,boys,35.0,10.0,71.43,True,in_stock,USD,"[""3 Years"", ""4 Years"", ""5 Years""]",https://tchoozshoes.com/products/62738369,2026-04-10T14:22:53Z,True
tchooz:8637856645377,tchooz,,Puma,PUMA X TROLLS Hoodie TR Girls,Hoodies,girls,65.0,25.0,61.54,True,in_stock,USD,"[""4 Years""]",https://tchoozshoes.com/products/62737848,2026-04-10T14:22:53Z,True
tchooz:8584640626945,tchooz,,Puma,T7 PLAY.PARIS. Flared Leggings PRIME Women,Tights,women,90.0,20.0,77.78,True,in_stock,USD,"[""Purple""]",https://tchoozshoes.com/products/62680944,2026-04-10T14:22:53Z,True
tchooz:8584639480065,tchooz,,Puma,PUMA Orbita LaLiga 1 MS TEAMSPORT Unisex,Ball,unisex,35.0,,,False,in_stock,USD,"[""5""]",https://tchoozshoes.com/products/8428801,2026-04-10T14:22:53Z,True
tchooz:8573517824257,tchooz,,Puma,Training Towel (70x140cm) TRAINING Unisex,Towels,unisex,35.0,,,False,in_stock,USD,"[""Purple""]",https://tchoozshoes.com/products/5461802,2026-04-10T14:22:53Z,True
tchooz:8568437965057,tchooz,,Puma,FUTURE 7 PLAY TT V Jr TEAMSPORT Boys,Low Boots,boys,80.0,25.0,68.75,True,in_stock,USD,"[""38.5""]",https://tchoozshoes.com/products/10795501,2026-04-10T14:22:53Z,True
tchooz:8568432886017,tchooz,,Puma,PUMA Phase Gym Sack CORE Unisex,Gym Sacks,unisex,20.0,,,False,in_stock,USD,"[""X""]",https://tchoozshoes.com/products/7994402,2026-04-10T14:22:53Z,True
tchooz:8568430919937,tchooz,,Puma,PUMA TR bottle core TRAINING Unisex,Waterbottles,unisex,15.0,,,False,in_stock,USD,"[""X""]",https://tchoozshoes.com/products/5381323,2026-04-10T14:22:53Z,True
tchooz:8563078791425,tchooz,,Puma,FUTURE 7 PLAY TT PS BLUE 11.5 F-TEAMSPORT Boys,Low Boots,boys,80.0,25.0,68.75,True,in_stock,USD,"[""37""]",https://tchoozshoes.com/products/10795001,2026-04-10T14:22:53Z,True
tchooz:8540905996545,tchooz,,New Balance,New Balance 327 Lifestyle Men,Shoes,men,169.0,,,False,in_stock,USD,"[""42"", ""43"", ""44"", ""44.5""]",https://tchoozshoes.com/products/ms327cbw,2026-04-10T14:22:53Z,True
tchooz:8339146178817,tchooz,,Puma,PR Classic Waist Bag C-RUNNING/TRAINING,Bags,unisex,40.0,,,False,in_stock,USD,"[""X""]",https://tchoozshoes.com/products/9042501,2026-04-10T14:22:53Z,True
tchooz:8282808254721,tchooz,,Puma,Anzarun Lite AC+ PS Inf Footwear Sportstyle Kids PS Boys/Unisex,Low Boots,unisex,70.0,,,False,in_stock,USD,"[""28"", ""29"", ""30"", ""31"", ""32"", ""34""]",https://tchoozshoes.com/products/37200901,2026-04-10T14:22:53Z,True
tchooz:8271966667009,tchooz,,Puma,ESS Cap White big cat White Unisex,Cap,unisex,22.0,,,False,in_stock,USD,"[""ADLT""]",https://tchoozshoes.com/products/5291902,2026-04-10T14:22:53Z,True
tchooz:8137742188801,tchooz,,Puma,Lightweight Runner Cap Running/Training Unisex,Cap,unisex,35.0,,,False,in_stock,USD,"[""ADLT""]",https://tchoozshoes.com/products/2408002,2026-04-10T14:22:53Z,True
tchooz:8058949140737,tchooz,,Puma,TR Ess Gloves Running/Training Unisex,Gloves,unisex,43.0,,,False,in_stock,USD,"[""M"", ""L""]",https://tchoozshoes.com/products/4146501,2026-04-10T14:22:53Z,True
tchooz:8045369458945,tchooz,,Puma,ATTACANTO TT Football Men,Shoes,men,70.0,,,False,in_stock,USD,"[""42"", ""42.5"", ""43"", ""44""]",https://tchoozshoes.com/products/10747801,2026-04-10T14:22:53Z,True
tchooz:8041574498561,tchooz,,Puma,Graviton Jr Sportstyle/Core Junior Unisex/Boys,Shoes,unisex,75.0,45.0,40.0,True,in_stock,USD,"[""36"", ""38""]",https://tchoozshoes.com/products/38198724,2026-04-10T14:22:53Z,True
tchooz:7993739837697,tchooz,BF2023,Puma,DARE TO Leggings Sportstyle/Prime Women,Tights,women,67.0,5.0,92.54,True,in_stock,USD,"[""Navy""]",https://tchoozshoes.com/products/53832792,2026-04-10T14:22:53Z,True
tchooz:7986544607489,tchooz,HQ6041,Adidas,Adidas Stan Smith Millencon Lifestyle Women,Shoes,women,175.0,61.0,65.14,True,in_stock,USD,"[""36""]",https://tchoozshoes.com/products/hq6041,2026-04-10T14:22:53Z,True
tchooz:7973974868225,tchooz,,Puma,Ess Small Logo Leggings Sportstyle/Core Girls,Tights,girls,35.0,10.0,71.43,True,in_stock,USD,"[""16 Years""]",https://tchoozshoes.com/products/58703501,2026-04-10T14:22:53Z,True
tchooz:7695006957825,tchooz,,Puma,Anzarun Lite Ac Sportstyle/Core Pre-School Unisex/Boys,Shoes,unisex,70.0,,,False,in_stock,USD,"[""28"", ""30"", ""31"", ""32"", ""34""]",https://tchoozshoes.com/products/37200910,2026-04-10T14:22:53Z,True
tchooz:7650169225473,tchooz,,Puma,Tr Gym Gloves Running/Training Women,Gloves,women,35.0,,,False,in_stock,USD,"[""M""]",https://tchoozshoes.com/products/4177301,2026-04-10T14:22:53Z,True
tchooz:6728842051776,tchooz,,Puma,PUMA Tr Performance Bottle Running/Training Unisex,Water Bottle,unisex,20.0,,,False,in_stock,USD,"[""X""]",https://tchoozshoes.com/products/5381201,2026-04-10T14:22:53Z,True
tchooz:6596108189888,tchooz,,Puma,Tr Ess Grip Gloves Running/Training Unisex,Gloves,unisex,27.0,,,False,in_stock,USD,"[""M"", ""L""]",https://tchoozshoes.com/products/4146401,2026-04-10T14:22:53Z,True
tchooz:8866982625537,tchooz,,Puma,ESS Poly Suit cl Men,Suits,men,110.0,,,False,in_stock,USD,"[""Navy""]",https://tchoozshoes.com/products/68484716,2026-04-10T14:22:53Z,True
tchooz:8916700692737,tchooz,,Puma,M TAD ESS French Terry Jogger Men,Pants,men,72.0,,,False,in_stock,USD,"[""XXL""]",https://tchoozshoes.com/products/52591701,2026-04-10T14:22:53Z,True
tchooz:8535781409025,tchooz,BF2023,Puma,PUMA Orbita 7 MS Mini,Ball,unisex,20.0,,,False,in_stock,USD,"[""MINI""]",https://tchoozshoes.com/products/8433601,2026-04-10T14:22:53Z,True
tchooz:9098988683521,tchooz,,Puma,Palermo lth V PS,Low Boots,kids,85.0,50.0,41.18,True,in_stock,USD,"[""29"", ""30"", ""31"", ""32""]",https://tchoozshoes.com/products/40200303,2026-04-10T14:22:53Z,True
tchooz:9098988192001,tchooz,,Puma,Kruz Profoam AC+ PS,Low Boots,girls,75.0,45.0,40.0,True,in_stock,USD,"[""30"", ""32"", ""33"", ""34""]",https://tchoozshoes.com/products/37976319,2026-04-10T14:22:53Z,True
tchooz:8005084315905,tchooz,,New Balance,New Balance 574 Lifestyle Men,Shoes,men,154.0,75.0,51.3,True,in_stock,USD,"[""45""]",https://tchoozshoes.com/products/ml574evg,2026-04-10T14:22:53Z,True
tchooz:9092777050369,tchooz,,Puma,Fade Nitro Ripstop TR Men,Low Boots,men,200.0,,,False,in_stock,USD,"[""41"", ""42"", ""42.5"", ""43"", ""44"", ""44.5"", ""45"", ""46"", ""47""]",https://tchoozshoes.com/products/40635901,2026-04-10T14:22:53Z,True
tchooz:9092776984833,tchooz,,Puma,Fade Nitro LS Men,Low Boots,men,200.0,,,False,in_stock,USD,"[""41"", ""42"", ""43"", ""44"", ""44.5"", ""45"", ""46""]",https://tchoozshoes.com/products/40620306,2026-04-10T14:22:53Z,True
tchooz:9092776919297,tchooz,,Puma,X-RAY 4 Men,Low Boots,men,123.0,,,False,in_stock,USD,"[""41"", ""42"", ""43"", ""44"", ""44.5"", ""45"", ""46"", ""47""]",https://tchoozshoes.com/products/40474705,2026-04-10T14:22:53Z,True
tchooz:9092776853761,tchooz,,Puma,X-RAY 4 Men,Low Boots,men,123.0,,,False,in_stock,USD,"[""41"", ""42"", ""42.5"", ""43"", ""44"", ""44.5"", ""45"", ""46"", ""47""]",https://tchoozshoes.com/products/40474704,2026-04-10T14:22:53Z,True
tchooz:9092776788225,tchooz,,Puma,Carina 3.0 Metallic Whisper Women,Low Boots,women,92.0,,,False,in_stock,USD,"[""36"", ""37"", ""37.5"", ""38"", ""38.5"", ""39"", ""40"", ""41""]",https://tchoozshoes.com/products/40451102,2026-04-10T14:22:53Z,True
tchooz:9092776755457,tchooz,,Puma,Carina 3.0 Metallic Whisper Women,Low Boots,women,92.0,,,False,in_stock,USD,"[""36"", ""37"", ""37.5"", ""38"", ""38.5"", ""39"", ""40"", ""41""]",https://tchoozshoes.com/products/40451101,2026-04-10T14:22:53Z,True
tchooz:9092776722689,tchooz,,Puma,K-Moda Women,Low Boots,women,103.0,,,False,in_stock,USD,"[""36"", ""37"", ""37.5"", ""38"", ""38.5"", ""39"", ""40"", ""41""]",https://tchoozshoes.com/products/40449904,2026-04-10T14:22:53Z,True
tchooz:9092776689921,tchooz,,Puma,K-Moda Women,Low Boots,women,103.0,,,False,in_stock,USD,"[""36"", ""37"", ""37.5"", ""38"", ""38.5"", ""39"", ""40"", ""41""]",https://tchoozshoes.com/products/40449901,2026-04-10T14:22:53Z,True
tchooz:9092776657153,tchooz,,Puma,Puma Caven III Men,Low Boots,men,101.0,,,False,in_stock,USD,"[""41"", ""42"", ""43"", ""44"", ""44.5"", ""45"", ""46"", ""47""]",https://tchoozshoes.com/products/40448404,2026-04-10T14:22:53Z,True
tchooz:9092776624385,tchooz,,Puma,SOFTRIDE COSMIC STREET SLIPTECH Men,Low Boots,men,118.0,,,False,in_stock,USD,"[""41"", ""42"", ""42.5"", ""43"", ""44"", ""45"", ""46"", ""47""]",https://tchoozshoes.com/products/40263209,2026-04-10T14:22:53Z,True
tchooz:9092776591617,tchooz,,Puma,SOFTRIDE COSMIC STREET SLIPTECH Men,Low Boots,men,118.0,,,False,in_stock,USD,"[""42"", ""42.5"", ""43"", ""44"", ""44.5"", ""45"", ""46"", ""47""]",https://tchoozshoes.com/products/40263201,2026-04-10T14:22:53Z,True
tchooz:9092776558849,tchooz,,Puma,Court Classic Vulc FS Platform Women,Low Boots,women,97.0,,,False,in_stock,USD,"[""36"", ""37"", ""37.5"", ""38"", ""38.5"", ""39"", ""40""]",https://tchoozshoes.com/products/40232903,2026-04-10T14:22:53Z,True
tchooz:9092776526081,tchooz,,Puma,CA Match Men,Low Boots,men,128.0,,,False,in_stock,USD,"[""41"", ""42"", ""42.5"", ""43"", ""44"", ""44.5"", ""45"", ""46""]",https://tchoozshoes.com/products/40077905,2026-04-10T14:22:53Z,True
tchooz:9092776493313,tchooz,,Puma,Trinity 2 LT Men,Low Boots,men,113.0,,,False,in_stock,USD,"[""Navy""]",https://tchoozshoes.com/products/40023123,2026-04-10T14:22:53Z,True
tchooz:9092776460545,tchooz,,Puma,Trinity 2 LT Men,Low Boots,men,113.0,,,False,in_stock,USD,"[""41"", ""42"", ""42.5"", ""43"", ""44"", ""44.5"", ""45"", ""46"", ""47""]",https://tchoozshoes.com/products/40023102,2026-04-10T14:22:53Z,True
tchooz:8751303524609,tchooz,,Puma,ROAD TO UNITY AOP Pants DK op Men,Pants,men,110.0,40.0,63.64,True,in_stock,USD,"[""Navy""]",https://tchoozshoes.com/products/62959616,2026-04-10T14:22:53Z,True
tchooz:9086844961025,tchooz,IH6627,Adidas,SAMBA OG Women,Low Boots,women,159.0,,,False,in_stock,USD,"[""36 2/3"", ""37 1/3"", ""38"", ""38 2/3"", ""39 1/3"", ""40""]",https://tchoozshoes.com/products/ih6627,2026-04-10T14:22:53Z,True
tchooz:9086844371201,tchooz,IH6592,Adidas,HANDBALL SPEZIAL Men,Low Boots,men,159.0,,,False,in_stock,USD,"[""42"", ""43 1/3"", ""44"", ""45 1/3""]",https://tchoozshoes.com/products/ih6592,2026-04-10T14:22:53Z,True
tchooz:8751304016129,tchooz,,Puma,T7 ALWAYS ON Short Track Jacket Women,Jackets,women,108.0,,,False,in_stock,USD,"[""XS"", ""S"", ""M"", ""L""]",https://tchoozshoes.com/products/62979601,2026-04-10T14:22:53Z,True
tchooz:9086756847873,tchooz,,Puma,Softride Frequence Women,Low Boots,women,155.0,,,False,in_stock,USD,"[""36"", ""37"", ""38"", ""38.5"", ""39"", ""40""]",https://tchoozshoes.com/products/31050017-w,2026-04-10T14:22:53Z,True
tchooz:9086756585729,tchooz,,Puma,Speedcat OG Women,Low Boots,women,160.0,,,False,in_stock,USD,"[""Yellow""]",https://tchoozshoes.com/products/39884619-w,2026-04-10T14:22:53Z,True
tchooz:9086756552961,tchooz,,Puma,Mostro OG Women,Low Boots,women,150.0,,,False,in_stock,USD,"[""37"", ""38"", ""39"", ""40""]",https://tchoozshoes.com/products/39733017-w,2026-04-10T14:22:53Z,True
tchooz:9086756487425,tchooz,,Puma,teamULTIMATE Jersey Jr,Tees,kids,45.0,,,False,in_stock,USD,"[""6 Years"", ""8 Years"", ""10 Years"", ""12 Years"", ""14 Years""]",https://tchoozshoes.com/products/70628220,2026-04-10T14:22:53Z,True
tchooz:9086756454657,tchooz,,Puma,PUMATECH Pants DK cl Men,Pants,men,82.0,,,False,in_stock,USD,"[""S"", ""M"", ""L"", ""XL""]",https://tchoozshoes.com/products/69218387,2026-04-10T14:22:53Z,True
tchooz:9086756421889,tchooz,,Puma,PUMATECH Shorts DK Men,Shorts,men,67.0,,,False,in_stock,USD,"[""S"", ""M"", ""L"", ""XL""]",https://tchoozshoes.com/products/69218281,2026-04-10T14:22:53Z,True
tchooz:9086756389121,tchooz,,Puma,PUMATECH Shorts DK Men,Shorts,men,67.0,,,False,in_stock,USD,"[""S"", ""M"", ""L"", ""XL""]",https://tchoozshoes.com/products/69218201,2026-04-10T14:22:53Z,True
tchooz:9086756356353,tchooz,,Puma,W CLOUDSPUN SLEEVELESS TANK Women,Tops,women,46.0,,,False,in_stock,USD,"[""XS"", ""S"", ""M"", ""L""]",https://tchoozshoes.com/products/52773399,2026-04-10T14:22:53Z,True
tchooz:9086756323585,tchooz,,Puma,"M TAD ESSENTIALS 8"" Knit Short Men",Shorts,men,43.0,,,False,in_stock,USD,"[""S"", ""M"", ""L"", ""XL""]",https://tchoozshoes.com/products/52590999,2026-04-10T14:22:53Z,True
tchooz:9086756290817,tchooz,,Puma,"M TAD ESSENTIALS 8"" Knit Short Men",Shorts,men,43.0,,,False,in_stock,USD,"[""S"", ""M"", ""L"", ""XL""]",https://tchoozshoes.com/products/52590988,2026-04-10T14:22:53Z,True
tchooz:9086756258049,tchooz,,Puma,W TAD ESSENTIAL TIGHT - HW 7/8 Women,Tights,women,55.0,,,False,in_stock,USD,"[""Purple""]",https://tchoozshoes.com/products/52589960,2026-04-10T14:22:53Z,True
tchooz:9086756225281,tchooz,,Puma,W TAD ESSENTIAL Baby Tee Women,Tees,women,44.0,,,False,in_stock,USD,"[""XS"", ""S"", ""M"", ""L""]",https://tchoozshoes.com/products/52589402,2026-04-10T14:22:53Z,True
tchooz:9086756192513,tchooz,,Puma,W TAD ESSENTIAL Baby Tee Women,Tees,women,44.0,,,False,in_stock,USD,"[""XS"", ""S"", ""M"", ""L""]",https://tchoozshoes.com/products/52589401,2026-04-10T14:22:53Z,True
tchooz:9086756159745,tchooz,,Puma,4KEEPS RUN BRA Women,Bras,women,62.0,,,False,in_stock,USD,"[""XS"", ""S"", ""M"", ""L""]",https://tchoozshoes.com/products/52495338,2026-04-10T14:22:53Z,True
tchooz:9086756126977,tchooz,,Puma,Speedcat OG Men,Low Boots,men,160.0,,,False,in_stock,USD,"[""Yellow""]",https://tchoozshoes.com/products/39884619,2026-04-10T14:22:53Z,True
tchooz:9086756094209,tchooz,,Puma,Mostro OG Men,Low Boots,men,150.0,,,False,in_stock,USD,"[""41"", ""42"", ""42.5"", ""43"", ""44"", ""44.5"", ""45"", ""46""]",https://tchoozshoes.com/products/39733017,2026-04-10T14:22:53Z,True
tchooz:9086756061441,tchooz,,Puma,Puma Smash 3.0 Badges V PS,Low Boots,kids,65.0,,,False,in_stock,USD,"[""28"", ""29"", ""30"", ""31"", ""32"", ""33"", ""34"", ""35""]",https://tchoozshoes.com/products/39728601,2026-04-10T14:22:53Z,True
tchooz:9086756028673,tchooz,,Puma,Puma Rickie Classic V PS,Low Boots,kids,55.0,,,False,in_stock,USD,"[""28"", ""29"", ""30"", ""31"", ""32"", ""33"", ""34"", ""35""]",https://tchoozshoes.com/products/39425313,2026-04-10T14:22:53Z,True
tchooz:9086755995905,tchooz,,Puma,Puma Rickie Classic V PS,Low Boots,kids,55.0,,,False,in_stock,USD,"[""28"", ""29"", ""30"", ""31"", ""33"", ""35""]",https://tchoozshoes.com/products/39425304,2026-04-10T14:22:53Z,True
tchooz:9086755963137,tchooz,,Puma,Puma Rickie Classic JR,Low Boots,kids,64.0,,,False,in_stock,USD,"[""36"", ""37"", ""37.5"", ""38"", ""38.5"", ""39""]",https://tchoozshoes.com/products/39425209,2026-04-10T14:22:53Z,True
tchooz:9086755930369,tchooz,,Puma,Softride Sera Animal Pack Women,Low Boots,women,113.0,,,False,in_stock,USD,"[""36"", ""37"", ""38.5"", ""39"", ""40""]",https://tchoozshoes.com/products/31287301,2026-04-10T14:22:53Z,True
tchooz:9086755897601,tchooz,,Puma,Skyrocket 2 AC+ PS,Low Boots,kids,65.0,,,False,in_stock,USD,"[""28"", ""29"", ""31"", ""32"", ""33"", ""34"", ""35""]",https://tchoozshoes.com/products/31241409,2026-04-10T14:22:53Z,True
tchooz:9086755864833,tchooz,,Puma,Disperse XT 4 Men,Low Boots,men,112.0,,,False,in_stock,USD,"[""41"", ""42"", ""43"", ""44"", ""44.5"", ""45"", ""47""]",https://tchoozshoes.com/products/31079827,2026-04-10T14:22:53Z,True
tchooz:9086755832065,tchooz,,Puma,Softride Frequence Men,Low Boots,men,155.0,,,False,in_stock,USD,"[""41"", ""42"", ""43"", ""44"", ""45"", ""46""]",https://tchoozshoes.com/products/31050017,2026-04-10T14:22:53Z,True
tchooz:9086755799297,tchooz,,Puma,PWR Hybrid TR Men,Low Boots,men,154.0,,,False,in_stock,USD,"[""41"", ""42"", ""43"", ""44"", ""44.5"", ""45"", ""46"", ""47""]",https://tchoozshoes.com/products/31028222,2026-04-10T14:22:53Z,True
tchooz:9086755733761,tchooz,,Puma,Puma Shuffle Men,Low Boots,men,87.0,70.0,19.54,True,in_stock,USD,"[""41"", ""42"", ""43"", ""44"", ""45"", ""46"", ""47""]",https://tchoozshoes.com/products/30966808,2026-04-10T14:22:53Z,True
tchooz:9086755700993,tchooz,,Puma,Puma Shuffle Men,Low Boots,men,87.0,,,False,in_stock,USD,"[""41"", ""42"", ""42.5"", ""43"", ""44"", ""45"", ""46"", ""47""]",https://tchoozshoes.com/products/30966805,2026-04-10T14:22:53Z,True
tchooz:9086755668225,tchooz,,Puma,Puma Shuffle Men,Low Boots,men,87.0,,,False,in_stock,USD,"[""41"", ""42"", ""42.5"", ""43"", ""44"", ""45"", ""46"", ""47""]",https://tchoozshoes.com/products/30966803,2026-04-10T14:22:53Z,True
tchooz:9086755602689,tchooz,,Puma,McLaren Caven III Men,Low Boots,men,144.0,,,False,in_stock,USD,"[""41"", ""42"", ""42.5"", ""43"", ""44"", ""44.5"", ""46""]",https://tchoozshoes.com/products/30945502,2026-04-10T14:22:53Z,True
tchooz:9047646634241,tchooz,,Puma,Puma Caven III Retro Jr,Low Boots,kids,75.0,,,False,in_stock,USD,"[""36"", ""37"", ""37.5"", ""38"", ""38.5"", ""39""]",https://tchoozshoes.com/products/40689601,2026-04-10T14:22:53Z,True
tchooz:9047646535937,tchooz,,Puma,Fade Nitro LS Men,Low Boots,men,200.0,,,False,in_stock,USD,"[""41"", ""42"", ""43"", ""44"", ""44.5"", ""45"", ""46""]",https://tchoozshoes.com/products/40620308,2026-04-10T14:22:53Z,True
tchooz:9047646437633,tchooz,,Puma,Fade Nitro LS Men,Low Boots,men,200.0,,,False,in_stock,USD,"[""41"", ""42"", ""43"", ""44"", ""44.5"", ""45"", ""46""]",https://tchoozshoes.com/products/40620305,2026-04-10T14:22:53Z,True
tchooz:9047646339329,tchooz,,Puma,Puma Rebound V6 Lo Jelly Heaven AC+ Inf,Low Boots,kids,60.0,,,False,in_stock,USD,"[""21"", ""22"", ""23"", ""24"", ""25"", ""26"", ""27""]",https://tchoozshoes.com/products/40505901,2026-04-10T14:22:53Z,True
tchooz:9047646241025,tchooz,,Puma,X-RAY 4 Men,Low Boots,men,123.0,,,False,in_stock,USD,"[""41"", ""42"", ""42.5"", ""43"", ""44"", ""45"", ""46""]",https://tchoozshoes.com/products/40474703,2026-04-10T14:22:53Z,True
tchooz:9047646142721,tchooz,,Puma,PUMA CATCH Men,Low Boots,men,82.0,70.0,14.63,True,in_stock,USD,"[""41"", ""42"", ""42.5"", ""43"", ""44"", ""45"", ""46"", ""47""]",https://tchoozshoes.com/products/40267908,2026-04-10T14:22:53Z,True
tchooz:9047646044417,tchooz,,Puma,PUMA CATCH Men,Low Boots,men,82.0,70.0,14.63,True,in_stock,USD,"[""41"", ""42"", ""43"", ""44"", ""44.5"", ""45"", ""46"", ""47""]",https://tchoozshoes.com/products/40267907,2026-04-10T14:22:53Z,True
tchooz:9047645946113,tchooz,,Puma,Carina Mia Women,Low Boots,women,103.0,,,False,in_stock,USD,"[""36"", ""37"", ""37.5"", ""38"", ""38.5"", ""39"", ""41""]",https://tchoozshoes.com/products/40263702,2026-04-10T14:22:53Z,True
tchooz:9047645847809,tchooz,,Puma,Shuffle Downtown Men,Low Boots,men,92.0,70.0,23.91,True,in_stock,USD,"[""41"", ""42.5"", ""43"", ""44"", ""44.5"", ""45"", ""46"", ""47""]",https://tchoozshoes.com/products/40259606,2026-04-10T14:22:53Z,True
tchooz:9047645749505,tchooz,,Puma,Shuffle Downtown Men,Low Boots,men,92.0,,,False,in_stock,USD,"[""41"", ""42"", ""42.5"", ""43"", ""44"", ""44.5"", ""45"", ""46"", ""47""]",https://tchoozshoes.com/products/40259605,2026-04-10T14:22:53Z,True
tchooz:9047645651201,tchooz,,Puma,CA Pro Classic II Men,Low Boots,men,144.0,,,False,in_stock,USD,"[""41"", ""42"", ""42.5"", ""43"", ""44"", ""44.5"", ""45"", ""46"", ""47""]",https://tchoozshoes.com/products/40236601,2026-04-10T14:22:53Z,True
tchooz:9047645552897,tchooz,,Puma,Court Lally Skye Women,Low Boots,women,92.0,,,False,in_stock,USD,"[""37"", ""38"", ""38.5"", ""40"", ""41""]",https://tchoozshoes.com/products/40036803,2026-04-10T14:22:53Z,True
tchooz:9047645421825,tchooz,,Puma,Court Lally Skye Women,Low Boots,women,92.0,,,False,in_stock,USD,"[""36"", ""37"", ""37.5"", ""38"", ""39"", ""40"", ""41""]",https://tchoozshoes.com/products/40036801,2026-04-10T14:22:53Z,True
tchooz:8689301291265,tchooz,,Puma,ESS METAL PUMA CAT BB Cap,Caps,,26.0,,,False,in_stock,USD,"[""X""]",https://tchoozshoes.com/products/2599401,2026-04-10T14:22:53Z,True
tchooz:8783766421761,tchooz,,Puma,X-Ray 3 LT Men,Low Boots,men,108.0,,,False,in_stock,USD,"[""41"", ""42"", ""43"", ""44"", ""45"", ""47""]",https://tchoozshoes.com/products/40022901,2026-04-10T14:22:53Z,True
tchooz:9045774565633,tchooz,,Puma,Speedcat OG Men,Low Boots,men,160.0,110.0,31.25,True,in_stock,USD,"[""Navy""]",https://tchoozshoes.com/products/39884687,2026-04-10T14:22:53Z,True
tchooz:9045773811969,tchooz,,Puma,Court Pro 2 Men,Low Boots,men,118.0,,,False,in_stock,USD,"[""41"", ""42"", ""43"", ""44"", ""45"", ""46"", ""47"", ""48""]",https://tchoozshoes.com/products/31218009,2026-04-10T14:22:53Z,True
tchooz:9045772402945,tchooz,,Puma,Puma Caven III Jr,Low Boots,kids,75.0,,,False,in_stock,USD,"[""36"", ""37"", ""37.5"", ""38"", ""38.5"", ""39""]",https://tchoozshoes.com/products/40623506,2026-04-10T14:22:53Z,True
tchooz:9045772370177,tchooz,,Puma,Puma Smash 3.0 Hearty V Inf,Low Boots,kids,60.0,,,False,in_stock,USD,"[""21"", ""22"", ""23"", ""24"", ""25"", ""26"", ""27""]",https://tchoozshoes.com/products/40563902,2026-04-10T14:22:53Z,True
tchooz:9045772337409,tchooz,,Puma,Puma Smash 3.0 Hearty V PS,Low Boots,kids,65.0,,,False,in_stock,USD,"[""33"", ""34"", ""35"", ""28"", ""29"", ""31"", ""32""]",https://tchoozshoes.com/products/40563802,2026-04-10T14:22:53Z,True
tchooz:9045772304641,tchooz,,Puma,Carina 3.0 Floral Jr,Low Boots,kids,80.0,,,False,in_stock,USD,"[""36"", ""37"", ""37.5"", ""38"", ""38.5"", ""39""]",https://tchoozshoes.com/products/40562401,2026-04-10T14:22:53Z,True
tchooz:9045772271873,tchooz,,Puma,X-RAY 4 Women,Low Boots,women,123.0,,,False,in_stock,USD,"[""36"", ""37"", ""37.5"", ""38"", ""38.5"", ""39"", ""40"", ""41""]",https://tchoozshoes.com/products/40474708,2026-04-10T14:22:53Z,True
tchooz:9045772239105,tchooz,,Puma,X-RAY 4 Men,Low Boots,men,123.0,,,False,in_stock,USD,"[""41"", ""42"", ""42.5"", ""43"", ""44"", ""44.5"", ""45"", ""46"", ""47""]",https://tchoozshoes.com/products/40474701,2026-04-10T14:22:53Z,True
tchooz:9045772206337,tchooz,,Puma,Hypnotic LS 2 Men,Low Boots,men,123.0,,,False,in_stock,USD,"[""41"", ""42"", ""42.5"", ""43"", ""44"", ""44.5"", ""45"", ""46""]",https://tchoozshoes.com/products/40471402,2026-04-10T14:22:53Z,True
tchooz:9045772173569,tchooz,,Puma,H-Street OG Women,Low Boots,women,154.0,110.0,28.57,True,in_stock,USD,"[""36"", ""37"", ""38"", ""39"", ""40"", ""41""]",https://tchoozshoes.com/products/40369207,2026-04-10T14:22:53Z,True
tchooz:9045772140801,tchooz,,Puma,RS Surge Men,Low Boots,men,195.0,,,False,in_stock,USD,"[""41"", ""42"", ""44"", ""44.5"", ""45"", ""46"", ""47""]",https://tchoozshoes.com/products/40291601,2026-04-10T14:22:53Z,True
tchooz:9045772108033,tchooz,,Puma,PUMA CATCH Men,Low Boots,men,82.0,70.0,14.63,True,in_stock,USD,"[""41"", ""42"", ""42.5"", ""43"", ""44"", ""45"", ""46"", ""47""]",https://tchoozshoes.com/products/40267904,2026-04-10T14:22:53Z,True
tchooz:9045772075265,tchooz,,Puma,Carina Mia SD Women,Low Boots,women,123.0,95.0,22.76,True,in_stock,USD,"[""36"", ""37"", ""37.5"", ""38"", ""38.5"", ""39"", ""40"", ""41""]",https://tchoozshoes.com/products/40263806,2026-04-10T14:22:53Z,True
tchooz:9045772009729,tchooz,,Puma,Carina Mia SD Women,Low Boots,women,123.0,95.0,22.76,True,in_stock,USD,"[""36"", ""37"", ""37.5"", ""38"", ""38.5"", ""39"", ""40"", ""41""]",https://tchoozshoes.com/products/40263805,2026-04-10T14:22:53Z,True
tchooz:9045771976961,tchooz,,Puma,Flyer 3 AC+ Inf,Low Boots,kids,55.0,,,False,in_stock,USD,"[""21"", ""22"", ""23"", ""24"", ""25"", ""26"", ""27""]",https://tchoozshoes.com/products/40152801,2026-04-10T14:22:53Z,True
tchooz:9045771944193,tchooz,,Puma,Flyer 3 AC+ PS,Low Boots,kids,65.0,,,False,in_stock,USD,"[""Purple""]",https://tchoozshoes.com/products/40152713,2026-04-10T14:22:53Z,True
tchooz:9045771911425,tchooz,,Puma,Trinity 2 Men,Low Boots,men,125.0,,,False,in_stock,USD,"[""41"", ""42"", ""42.5"", ""43"", ""44"", ""44.5"", ""45"", ""46"", ""47""]",https://tchoozshoes.com/products/40023021,2026-04-10T14:22:53Z,True
tchooz:9045771878657,tchooz,,Puma,Speedcat OG Women,Low Boots,women,160.0,110.0,31.25,True,in_stock,USD,"[""Navy""]",https://tchoozshoes.com/products/39884687-w,2026-04-10T14:22:53Z,True
tchooz:9045771845889,tchooz,,Puma,Karmen II L Women,Low Boots,women,110.0,,,False,in_stock,USD,"[""36"", ""37"", ""37.5"", ""38"", ""38.5"", ""39"", ""40"", ""41""]",https://tchoozshoes.com/products/39745601,2026-04-10T14:22:53Z,True
tchooz:9045771813121,tchooz,,Puma,Mostro OG Men,Low Boots,men,150.0,120.0,20.0,True,in_stock,USD,"[""41"", ""42"", ""44"", ""44.5"", ""45"", ""46""]",https://tchoozshoes.com/products/39733020,2026-04-10T14:22:53Z,True
tchooz:9045771780353,tchooz,,Puma,Mayze Lth Wn s Women,Low Boots,women,149.0,100.0,32.89,True,in_stock,USD,"[""36"", ""37"", ""37.5"", ""38"", ""38.5"", ""39"", ""40"", ""41""]",https://tchoozshoes.com/products/38198301,2026-04-10T14:22:53Z,True
tchooz:9045771714817,tchooz,,Puma,Anzarun Lite AC+ PS,Low Boots,kids,70.0,,,False,in_stock,USD,"[""Navy""]",https://tchoozshoes.com/products/37200948,2026-04-10T14:22:53Z,True
tchooz:9045771682049,tchooz,,Puma,Court Pro 2 Women,Low Boots,women,118.0,,,False,in_stock,USD,"[""36"", ""37"", ""37.5"", ""38"", ""40""]",https://tchoozshoes.com/products/31218009-w,2026-04-10T14:22:53Z,True
tchooz:9045771649281,tchooz,,Puma,Solar Wns Women,Low Boots,women,169.0,135.0,20.12,True,in_stock,USD,"[""36"", ""37"", ""37.5"", ""38"", ""38.5"", ""39"", ""40"", ""41""]",https://tchoozshoes.com/products/31193504,2026-04-10T14:22:53Z,True
tchooz:9045771616513,tchooz,,Puma,Solar Men,Low Boots,men,164.0,,,False,in_stock,USD,"[""41"", ""42"", ""42.5"", ""43"", ""44"", ""44.5"", ""45"", ""46""]",https://tchoozshoes.com/products/31117501,2026-04-10T14:22:53Z,True
tchooz:9045771583745,tchooz,,Puma,Disperse XT 4 Men,Low Boots,men,112.0,,,False,in_stock,USD,"[""41"", ""42"", ""43"", ""44"", ""44.5"", ""45"", ""46"", ""47""]",https://tchoozshoes.com/products/31079801,2026-04-10T14:22:53Z,True
tchooz:9045771550977,tchooz,,Puma,Pounce Lite Men,Low Boots,men,108.0,,,False,in_stock,USD,"[""Navy""]",https://tchoozshoes.com/products/31077813,2026-04-10T14:22:53Z,True
tchooz:9045771518209,tchooz,,Puma,PWR Hybrid TR Men,Low Boots,men,154.0,,,False,in_stock,USD,"[""41"", ""42"", ""43"", ""44"", ""45"", ""46"", ""47""]",https://tchoozshoes.com/products/31028210,2026-04-10T14:22:53Z,True
tchooz:9045771485441,tchooz,,Puma,BMW MMS Trinity 2 Men,Low Boots,men,144.0,,,False,in_stock,USD,"[""41"", ""42"", ""43"", ""44"", ""44.5"", ""45"", ""46""]",https://tchoozshoes.com/products/30912301,2026-04-10T14:22:53Z,True
tchooz:9045771452673,tchooz,,Puma,F1 Caven III Men,Low Boots,men,144.0,,,False,in_stock,USD,"[""41"", ""42"", ""42.5"", ""43"", ""44"", ""44.5"", ""45"", ""46"", ""47""]",https://tchoozshoes.com/products/30910301,2026-04-10T14:22:53Z,True
tchooz:9002169073921,tchooz,3MF30741043,On,Cloudmonster 1 Men,Low Boots,men,209.0,,,False,in_stock,USD,"[""42""]",https://tchoozshoes.com/products/3mf30741043,2026-04-10T14:22:53Z,True
tchooz:9042769740033,tchooz,,Puma,PUMATECH Woven Track Jacket Men,Jackets,men,118.0,,,False,in_stock,USD,"[""S"", ""M"", ""L"", ""XL""]",https://tchoozshoes.com/products/69218481,2026-04-10T14:22:53Z,True
tchooz:9040763453697,tchooz,,Puma,EVOSTRIPE Shorts DK Men,Shorts,men,72.0,,,False,in_stock,USD,"[""S"", ""M"", ""L"", ""XL""]",https://tchoozshoes.com/products/69219261,2026-04-10T14:22:53Z,True
tchooz:9040763224321,tchooz,,Puma,EVOSTRIPE Shorts DK Men,Shorts,men,72.0,,,False,in_stock,USD,"[""S"", ""L"", ""XL"", ""XXL""]",https://tchoozshoes.com/products/69219201,2026-04-10T14:22:53Z,True
tchooz:9040763060481,tchooz,,Puma,EVOSTRIPE Pants DK Men,Pants,men,82.0,,,False,in_stock,USD,"[""S"", ""XL""]",https://tchoozshoes.com/products/69219101,2026-04-10T14:22:53Z,True
tchooz:9040762863873,tchooz,,Puma,EVOSTRIPE FZ Hoodie DK Men,Hoodies,men,118.0,,,False,in_stock,USD,"[""S""]",https://tchoozshoes.com/products/69219001,2026-04-10T14:22:53Z,True
tchooz:9040762700033,tchooz,,Puma,EVOSTRIPE Tee Men,Tees,men,41.0,,,False,in_stock,USD,"[""S"", ""M"", ""XL""]",https://tchoozshoes.com/products/69218981,2026-04-10T14:22:53Z,True
tchooz:9040762568961,tchooz,,Puma,EVOSTRIPE Tee Men,Tees,men,41.0,,,False,in_stock,USD,"[""XL""]",https://tchoozshoes.com/products/69218902,2026-04-10T14:22:53Z,True
tchooz:9040762372353,tchooz,,Puma,PUMATECH Pants DK cl Men,Pants,men,82.0,,,False,in_stock,USD,"[""S"", ""M"", ""L"", ""XL""]",https://tchoozshoes.com/products/69218381,2026-04-10T14:22:53Z,True
tchooz:9040762208513,tchooz,,Puma,PUMATECH Tee Men,Tees,men,41.0,,,False,in_stock,USD,"[""S"", ""M"", ""L"", ""XL""]",https://tchoozshoes.com/products/69218038,2026-04-10T14:22:53Z,True
tchooz:9040762044673,tchooz,,Puma,Hooded Sweat Suit TR cl Women,Suits,women,128.0,,,False,in_stock,USD,"[""Purple""]",https://tchoozshoes.com/products/69190260,2026-04-10T14:22:53Z,True
tchooz:9040761848065,tchooz,,Puma,Hooded Sweat Suit TR cl Women,Suits,women,128.0,,,False,in_stock,USD,"[""XS"", ""S"", ""M"", ""L""]",https://tchoozshoes.com/products/69190201,2026-04-10T14:22:53Z,True
tchooz:9040761684225,tchooz,,Puma,ESS Cropped No. 1 Logo Relaxed Tee Women,Tees,women,30.0,,,False,in_stock,USD,"[""S"", ""M"", ""L""]",https://tchoozshoes.com/products/68497202,2026-04-10T14:22:53Z,True
tchooz:9040761520385,tchooz,,Puma,ESS Sweat Suit TR Men,Suits,men,128.0,,,False,in_stock,USD,"[""S"", ""M"", ""L"", ""XL"", ""XXL""]",https://tchoozshoes.com/products/68484801,2026-04-10T14:22:53Z,True
tchooz:9040761323777,tchooz,,Puma,ESS No. 1 Logo Sleeveless Tee Men,Tees,men,31.0,,,False,in_stock,USD,"[""S"", ""M"", ""L"", ""XL""]",https://tchoozshoes.com/products/68262602,2026-04-10T14:22:53Z,True
tchooz:9040761159937,tchooz,,Puma,ESS No. 1 Logo Sleeveless Tee Men,Tees,men,31.0,,,False,in_stock,USD,"[""S"", ""M"", ""L"", ""XL""]",https://tchoozshoes.com/products/68262601,2026-04-10T14:22:53Z,True
tchooz:9040760963329,tchooz,,Puma,ESS No. 1 Logo Sweatpants TR cl Men,Pants,men,72.0,,,False,in_stock,USD,"[""S"", ""M"", ""L"", ""XL"", ""XXL""]",https://tchoozshoes.com/products/68260803,2026-04-10T14:22:53Z,True
tchooz:9040760799489,tchooz,,Puma,"ESS No. 1 Logo Shorts 10"" Men",Shorts,men,41.0,,,False,in_stock,USD,"[""Navy""]",https://tchoozshoes.com/products/68259416,2026-04-10T14:22:53Z,True
tchooz:9040760602881,tchooz,,Puma,ESS No. 1 Logo Tee (s) Men,Tees,men,31.0,,,False,in_stock,USD,"[""S"", ""M"", ""XL"", ""XXL""]",https://tchoozshoes.com/products/68253365,2026-04-10T14:22:53Z,True
tchooz:9040760504577,tchooz,,Puma,ESS Small No. 1 Logo Sweatpants TR op Women,Pants,women,64.0,,,False,in_stock,USD,"[""XS"", ""S"", ""M"", ""L""]",https://tchoozshoes.com/products/68245401,2026-04-10T14:22:53Z,True
tchooz:9040760406273,tchooz,,Puma,ESS No. 1 Logo Leggings Women,Tights,women,41.0,,,False,in_stock,USD,"[""XS"", ""S"", ""M"", ""L""]",https://tchoozshoes.com/products/68242607,2026-04-10T14:22:53Z,True
tchooz:9040760307969,tchooz,,Puma,individualRISE Shorts Junior,Shorts,boys,27.0,,,False,in_stock,USD,"[""6 Years"", ""8 Years"", ""10 Years"", ""12 Years"", ""14 Years""]",https://tchoozshoes.com/products/65899903,2026-04-10T14:22:53Z,True
tchooz:9040760242433,tchooz,,Puma,SELECT Essentials Tee Men,Tees,men,56.0,,,False,in_stock,USD,"[""XL""]",https://tchoozshoes.com/products/63646302,2026-04-10T14:22:53Z,True
tchooz:9040760078593,tchooz,,Puma,BMW MMS Ess Polo Men,Tees,men,74.0,,,False,in_stock,USD,"[""S"", ""M"", ""L"", ""XL""]",https://tchoozshoes.com/products/63490002,2026-04-10T14:22:53Z,True
tchooz:9040759980289,tchooz,,Puma,BMW MMS Ess Polo Men,Tees,men,74.0,,,False,in_stock,USD,"[""S"", ""M"", ""L"", ""XL""]",https://tchoozshoes.com/products/63490001,2026-04-10T14:22:53Z,True
tchooz:9040759914753,tchooz,,Puma,BMW MMS Ess Logo Tee Men,Tees,men,56.0,,,False,in_stock,USD,"[""S"", ""M""]",https://tchoozshoes.com/products/63489701,2026-04-10T14:22:53Z,True
tchooz:9040759849217,tchooz,,Puma,"BMW MMS Ess Shorts Ft 7"" Men",Shorts,men,72.0,,,False,in_stock,USD,"[""S"", ""M"", ""L"", ""XL""]",https://tchoozshoes.com/products/63489603,2026-04-10T14:22:53Z,True
tchooz:9040759783681,tchooz,,Puma,"BMW MMS Ess Shorts Ft 7"" Men",Shorts,men,72.0,,,False,in_stock,USD,"[""S"", ""M"", ""L"", ""XL""]",https://tchoozshoes.com/products/63489601,2026-04-10T14:22:53Z,True
tchooz:9040759685377,tchooz,,Puma,BMW MMS Ess Pants Ft Men,Pants,men,92.0,,,False,in_stock,USD,"[""S"", ""M"", ""L""]",https://tchoozshoes.com/products/63489401,2026-04-10T14:22:53Z,True
tchooz:9040759488769,tchooz,,Puma,BMW MMS Sportswear Sweat Pants Men,Pants,men,128.0,,,False,in_stock,USD,"[""S"", ""M"", ""L"", ""XL""]",https://tchoozshoes.com/products/63488101,2026-04-10T14:22:53Z,True
tchooz:9040759324929,tchooz,,Puma,BMW MMS Sportswear MT7 Tee Men,Tees,men,72.0,,,False,in_stock,USD,"[""S"", ""M"", ""L"", ""XL""]",https://tchoozshoes.com/products/63487704,2026-04-10T14:22:53Z,True
tchooz:9040759193857,tchooz,,Puma,WARDROBE ESS Shorts 4 TR Women,Shorts,women,51.0,,,False,in_stock,USD,"[""XS"", ""S"", ""M"", ""L""]",https://tchoozshoes.com/products/63458101,2026-04-10T14:22:53Z,True
tchooz:9040759128321,tchooz,,Puma,T7 Flared Popper Tights Women,Tights,women,82.0,,,False,in_stock,USD,"[""XS"", ""S"", ""L""]",https://tchoozshoes.com/products/63456001,2026-04-10T14:22:53Z,True
tchooz:9040759030017,tchooz,,Puma,F1 Miami Tee Men,Tees,men,67.0,,,False,in_stock,USD,"[""S"", ""M"", ""L"", ""XL""]",https://tchoozshoes.com/products/63454001,2026-04-10T14:22:53Z,True
tchooz:9040758964481,tchooz,,Puma,PL ESS Tee Men,Tees,men,56.0,,,False,in_stock,USD,"[""S"", ""M"", ""L"", ""XL""]",https://tchoozshoes.com/products/63449519,2026-04-10T14:22:53Z,True
tchooz:9040758898945,tchooz,,Puma,PL ESS Pants Men,Pants,men,92.0,,,False,in_stock,USD,"[""S"", ""M"", ""L"", ""XL""]",https://tchoozshoes.com/products/63449419,2026-04-10T14:22:53Z,True
tchooz:9040758800641,tchooz,,Puma,EVOSTRIPE CORE Pants Men,Pants,men,82.0,,,False,in_stock,USD,"[""S"", ""M"", ""XL""]",https://tchoozshoes.com/products/63153303,2026-04-10T14:22:53Z,True
tchooz:9040758735105,tchooz,,Puma,EVOSTRIPE Core FZ Hoodie Men,Hoodies,men,118.0,,,False,in_stock,USD,"[""S"", ""M"", ""L"", ""XL""]",https://tchoozshoes.com/products/63152903,2026-04-10T14:22:53Z,True
tchooz:9040758636801,tchooz,,Puma,EVOSTRIPE Core FZ Hoodie Men,Hoodies,men,118.0,,,False,in_stock,USD,"[""S""]",https://tchoozshoes.com/products/63152901,2026-04-10T14:22:53Z,True
tchooz:9040758538497,tchooz,,Puma,T7 ALWAYS ON Track Jacket Boys,Pants,boys,60.0,,,False,in_stock,USD,"[""8 Years"", ""10 Years"", ""12 Years"", ""14 Years""]",https://tchoozshoes.com/products/62987601,2026-04-10T14:22:53Z,True
tchooz:9040758472961,tchooz,,Puma,T7 ALWAYS ON Track Jacket Boys,Jackets,boys,75.0,,,False,in_stock,USD,"[""8 Years"", ""10 Years"", ""12 Years"", ""14 Years""]",https://tchoozshoes.com/products/62987501,2026-04-10T14:22:53Z,True
tchooz:9040758374657,tchooz,,Puma,WARDROBE ESS Slim Tee Women,Tees,women,36.0,,,False,in_stock,USD,"[""XS"", ""S"", ""L""]",https://tchoozshoes.com/products/62974202,2026-04-10T14:22:53Z,True
tchooz:9040758309121,tchooz,,Puma,WARDROBE ESS Slim Tee Women,Tees,women,36.0,,,False,in_stock,USD,"[""S"", ""M"", ""L""]",https://tchoozshoes.com/products/62974201,2026-04-10T14:22:53Z,True
tchooz:9040758210817,tchooz,,Puma,T7 Tee Men,Tees,men,49.0,,,False,in_stock,USD,"[""Navy""]",https://tchoozshoes.com/products/62959216,2026-04-10T14:22:53Z,True
tchooz:9040758079745,tchooz,,Puma,T7 ALWAYS ON Track Pants DK cl Men,Pants,men,92.0,,,False,in_stock,USD,"[""Navy""]",https://tchoozshoes.com/products/62958816,2026-04-10T14:22:53Z,True
tchooz:9040757948673,tchooz,,Puma,T7 ALWAYS ON Track Pants DK cl Men,Pants,men,92.0,,,False,in_stock,USD,"[""S"", ""XXL""]",https://tchoozshoes.com/products/62958801,2026-04-10T14:22:53Z,True
tchooz:9040757883137,tchooz,,Puma,T7 ALWAYS ON Track Jacket DK Men,Jackets,men,108.0,,,False,in_stock,USD,"[""Navy""]",https://tchoozshoes.com/products/62958716,2026-04-10T14:22:53Z,True
tchooz:9040757784833,tchooz,,Puma,T7 ALWAYS ON Track Jacket DK Men,Jackets,men,108.0,,,False,in_stock,USD,"[""S"", ""M"", ""L""]",https://tchoozshoes.com/products/62958701,2026-04-10T14:22:53Z,True
tchooz:9040757719297,tchooz,,Puma,M RUN VELOCITY TEE (POLY) Men,Tees,men,41.0,,,False,in_stock,USD,"[""S"", ""M"", ""L"", ""XL""]",https://tchoozshoes.com/products/52660038,2026-04-10T14:22:53Z,True
tchooz:9040757653761,tchooz,,Puma,M RUN VELOCITY TANK (POLY) Men,Tanks,men,36.0,,,False,in_stock,USD,"[""S"", ""M"", ""L"", ""XL""]",https://tchoozshoes.com/products/52659538,2026-04-10T14:22:53Z,True
tchooz:9040757588225,tchooz,,Puma,M RUN VELOCITY TANK (POLY) Men,Tanks,men,36.0,,,False,in_stock,USD,"[""S"", ""M"", ""L"", ""XL""]",https://tchoozshoes.com/products/52659502,2026-04-10T14:22:53Z,True
tchooz:9040757489921,tchooz,,Puma,W TAD ESSENTIAL TIGHT - HW 7/8 Women,Tights,women,55.0,,,False,in_stock,USD,"[""S"", ""M"", ""L""]",https://tchoozshoes.com/products/52589913,2026-04-10T14:22:53Z,True
tchooz:9040757424385,tchooz,,Puma,W TAD ESSENTIAL 2 in 1 Tank Women,Tanks,women,46.0,,,False,in_stock,USD,"[""XS"", ""S"", ""M""]",https://tchoozshoes.com/products/52588913,2026-04-10T14:22:53Z,True
tchooz:9040757358849,tchooz,,Puma,PUMA PHASE Packable Tote,Bags,unisex,31.0,,,False,in_stock,USD,"[""X""]",https://tchoozshoes.com/products/9215701,2026-04-10T14:22:53Z,True
tchooz:9040757293313,tchooz,,Puma,PUMA PHASE AOP Wallet,Wallets,unisex,15.0,,,False,in_stock,USD,"[""X""]",https://tchoozshoes.com/products/5475805,2026-04-10T14:22:53Z,True
tchooz:9040757227777,tchooz,,Puma,PUMA PHASE Wallet,Wallets,unisex,15.0,,,False,in_stock,USD,"[""Navy""]",https://tchoozshoes.com/products/5475702,2026-04-10T14:22:53Z,True
tchooz:9040757129473,tchooz,,Puma,PUMA PHASE Wallet,Wallets,unisex,15.0,,,False,in_stock,USD,"[""X""]",https://tchoozshoes.com/products/5475701,2026-04-10T14:22:53Z,True
tchooz:9040756998401,tchooz,,Puma,TR CORE Waterbottle,Waterbottles,unisex,17.0,,,False,in_stock,USD,"[""X""]",https://tchoozshoes.com/products/5381345,2026-04-10T14:22:53Z,True
tchooz:9040756900097,tchooz,,Puma,TR SHAKER Waterbottle,Waterbottles,unisex,26.0,,,False,in_stock,USD,"[""X""]",https://tchoozshoes.com/products/5351901,2026-04-10T14:22:53Z,True
tchooz:9040756834561,tchooz,,Puma,TR ESS Hairbands Women,Sportband,women,30.0,,,False,in_stock,USD,"[""Purple""]",https://tchoozshoes.com/products/5345229,2026-04-10T14:22:53Z,True
tchooz:9040756769025,tchooz,,Puma,BMW MMS BB Cap,Caps,unisex,49.0,,,False,in_stock,USD,"[""X""]",https://tchoozshoes.com/products/2687502,2026-04-10T14:22:53Z,True
tchooz:9040756670721,tchooz,,Puma,BMW MMS BB Cap,Caps,unisex,49.0,,,False,in_stock,USD,"[""X""]",https://tchoozshoes.com/products/2687501,2026-04-10T14:22:53Z,True
tchooz:9040756605185,tchooz,,Puma,ESS NO.1 LOGO BB Cap Jr,Caps,unisex,21.0,,,False,in_stock,USD,"[""Purple""]",https://tchoozshoes.com/products/2685305,2026-04-10T14:22:53Z,True
tchooz:9040756506881,tchooz,,Puma,ESS NO.1 LOGO BB Cap Jr,Caps,unisex,21.0,,,False,in_stock,USD,"[""Navy""]",https://tchoozshoes.com/products/2685303,2026-04-10T14:22:53Z,True
tchooz:9040756441345,tchooz,,Puma,ESS NO.1 LOGO BB Cap Jr,Caps,unisex,21.0,,,False,in_stock,USD,"[""YUTH""]",https://tchoozshoes.com/products/2685301,2026-04-10T14:22:53Z,True
tchooz:9038730789121,tchooz,,Puma,Court Lally Topcat Women,Low Boots,women,92.0,,,False,in_stock,USD,"[""36"", ""37"", ""37.5"", ""38"", ""38.5"", ""39"", ""40"", ""41""]",https://tchoozshoes.com/products/40605902,2026-04-10T14:22:53Z,True
tchooz:9038730756353,tchooz,,Puma,Cali Sylva Metallic Women,Low Boots,women,164.0,120.0,26.83,True,in_stock,USD,"[""36"", ""37"", ""37.5"", ""38"", ""38.5"", ""39"", ""40"", ""41""]",https://tchoozshoes.com/products/40548201,2026-04-10T14:22:53Z,True
tchooz:9038730723585,tchooz,,Puma,Court Lally Women,Low Boots,women,77.0,,,False,in_stock,USD,"[""36"", ""37"", ""37.5"", ""38"", ""38.5"", ""39"", ""40"", ""41""]",https://tchoozshoes.com/products/40036717,2026-04-10T14:22:53Z,True
tchooz:9038730690817,tchooz,,Puma,Ayro Street Men,Low Boots,men,153.0,,,False,in_stock,USD,"[""41"", ""42"", ""43"", ""44"", ""44.5"", ""45"", ""46""]",https://tchoozshoes.com/products/31296502,2026-04-10T14:22:53Z,True
tchooz:9038730658049,tchooz,,Puma,NEYMAR JR Graphic ball,Ball,unisex,36.0,,,False,in_stock,USD,"[""5""]",https://tchoozshoes.com/products/8502301,2026-04-10T14:22:53Z,True
tchooz:9038730625281,tchooz,,Puma,ESS METAL PUMA CAT BB Cap,Caps,unisex,26.0,,,False,in_stock,USD,"[""Purple""]",https://tchoozshoes.com/products/2599417,2026-04-10T14:22:53Z,True
tchooz:9036979470593,tchooz,3MG10541043,On,Cloudhorizon 2 Men,Low Boots,men,209.0,,,False,in_stock,USD,"[""42"", ""43""]",https://tchoozshoes.com/products/3mg10541043,2026-04-10T14:22:53Z,True
tchooz:8977064591617,tchooz,,Puma,FUTURE 8 PLAY TT Men,Low Boots,men,100.0,,,False,in_stock,USD,"[""41"", ""42"", ""43"", ""44"", ""44.5"", ""45"", ""46""]",https://tchoozshoes.com/products/10860502,2026-04-10T14:22:53Z,True
tchooz:8980008599809,tchooz,,Puma,Disperse XT 4 Men,Low Boots,men,109.0,75.0,31.19,True,in_stock,USD,"[""44"", ""44.5"", ""46"", ""47""]",https://tchoozshoes.com/products/31079814,2026-04-10T14:22:53Z,True
tchooz:9027835003137,tchooz,,Puma,X-Cell Nova FS Men,Low Boots,men,133.0,,,False,in_stock,USD,"[""41"", ""42"", ""43"", ""44"", ""44.5"", ""45"", ""46"", ""47""]",https://tchoozshoes.com/products/37949502,2026-04-10T14:22:53Z,True
tchooz:9027834773761,tchooz,,Puma,Softride Enzo 5 Metallic Women,Low Boots,women,118.0,,,False,in_stock,USD,"[""36"", ""37"", ""37.5"", ""38"", ""38.5"", ""39"", ""40""]",https://tchoozshoes.com/products/31047309,2026-04-10T14:22:53Z,True
tchooz:9027834740993,tchooz,,Puma,PWR Hybrid TR Men,Low Boots,men,154.0,,,False,in_stock,USD,"[""41"", ""44"", ""44.5"", ""45"", ""46"", ""47""]",https://tchoozshoes.com/products/31028220,2026-04-10T14:22:53Z,True
tchooz:9027835822337,tchooz,,Puma,Court Lally Metallic Whisper Women,Low Boots,women,82.0,,,False,in_stock,USD,"[""36"", ""37"", ""37.5"", ""38"", ""38.5"", ""39"", ""40"", ""41""]",https://tchoozshoes.com/products/40605802,2026-04-10T14:22:53Z,True
tchooz:9027835756801,tchooz,,Puma,Court Lally Metallic Whisper Women,Low Boots,women,82.0,,,False,in_stock,USD,"[""36"", ""37"", ""37.5"", ""38"", ""38.5"", ""39"", ""41""]",https://tchoozshoes.com/products/40605801,2026-04-10T14:22:53Z,True
tchooz:9027835691265,tchooz,,Puma,Karmen II Idol Metallic Whisper Women,Low Boots,women,113.0,90.0,20.35,True,in_stock,USD,"[""36"", ""37"", ""37.5"", ""38"", ""38.5"", ""39"", ""40"", ""40.5"", ""41""]",https://tchoozshoes.com/products/40451801,2026-04-10T14:22:53Z,True
tchooz:9027835592961,tchooz,,Puma,Vikky Star Women,Low Boots,women,97.0,50.0,48.45,True,in_stock,USD,"[""36"", ""37"", ""37.5"", ""38"", ""38.5"", ""39"", ""40"", ""41""]",https://tchoozshoes.com/products/40260001,2026-04-10T14:22:53Z,True
tchooz:9027835494657,tchooz,,Puma,Court Lally Women,Low Boots,women,77.0,,,False,in_stock,USD,"[""36"", ""37"", ""37.5"", ""38"", ""38.5"", ""39"", ""40""]",https://tchoozshoes.com/products/40036715,2026-04-10T14:22:53Z,True
tchooz:9027835363585,tchooz,,Puma,Court Lally Women,Low Boots,women,77.0,,,False,in_stock,USD,"[""36"", ""37"", ""37.5"", ""38.5"", ""41""]",https://tchoozshoes.com/products/40036702,2026-04-10T14:22:53Z,True
tchooz:9027835298049,tchooz,,Puma,Court Lally Women,Low Boots,women,77.0,,,False,in_stock,USD,"[""36"", ""37"", ""37.5"", ""38"", ""38.5"", ""39"", ""40"", ""40.5""]",https://tchoozshoes.com/products/40036701,2026-04-10T14:22:53Z,True
tchooz:9027835232513,tchooz,,Puma,Puma Rickie Classic V Inf,Low Boots,kids,50.0,,,False,in_stock,USD,"[""21"", ""24"", ""25"", ""26"", ""27""]",https://tchoozshoes.com/products/39425413,2026-04-10T14:22:53Z,True
tchooz:9027835134209,tchooz,,Puma,Puma Rickie Classic V Inf,Low Boots,kids,50.0,,,False,in_stock,USD,"[""Navy""]",https://tchoozshoes.com/products/39425401,2026-04-10T14:22:53Z,True
tchooz:9027834937601,tchooz,,Puma,PWR Hybrid TR Women,Low Boots,women,154.0,,,False,in_stock,USD,"[""36"", ""37"", ""39""]",https://tchoozshoes.com/products/31047722,2026-04-10T14:22:53Z,True
tchooz:9027834544385,tchooz,,Puma,ATTACANTO Play RC,Gloves,unisex,36.0,,,False,in_stock,USD,"[""Yellow""]",https://tchoozshoes.com/products/4209004,2026-04-10T14:22:53Z,True
tchooz:9027834511617,tchooz,,Puma,PREMIUM ESS CLASSIC BB Cap,Caps,unisex,31.0,,,False,in_stock,USD,"[""X""]",https://tchoozshoes.com/products/2597401,2026-04-10T14:22:53Z,True
tchooz:9027834675457,tchooz,,Puma,M PWRTRAIN TRIBLEND TEE Men,Tees,men,51.0,,,False,in_stock,USD,"[""S"", ""M"", ""L"", ""XL""]",https://tchoozshoes.com/products/52853281,2026-04-10T14:22:53Z,True
tchooz:9027834642689,tchooz,,Puma,PUMA BIG CAT ball,Ball,unisex,31.0,,,False,in_stock,USD,"[""5""]",https://tchoozshoes.com/products/8493703,2026-04-10T14:22:53Z,True
tchooz:8985394643201,tchooz,,Puma,T7 ALWAYS ON Track Suit PS,Suits,boys,95.0,65.0,31.58,True,in_stock,USD,"[""4 Years"", ""5 Years"", ""6 Years"", ""7 Years""]",https://tchoozshoes.com/products/63377701,2026-04-10T14:22:53Z,True
tchooz:9028882202881,tchooz,3YF10044662,On,Cloudleap Youth,Low Boots,kids,119.0,,,False,in_stock,USD,"[""37.5"", ""38"", ""38.5""]",https://tchoozshoes.com/products/3yf10044662,2026-04-10T14:22:53Z,True
tchooz:8864371474689,tchooz,3MF10070070,On,Cloud 6 Men,Low Boots,men,179.0,,,False,in_stock,USD,"[""Silver""]",https://tchoozshoes.com/products/3mf10070070,2026-04-10T14:22:53Z,True
tchooz:8898336489729,tchooz,,New Balance,NEW BALANCE-9060 Women,Low Boots,women,255.0,,,False,in_stock,USD,"[""38"", ""40"", ""40.5""]",https://tchoozshoes.com/products/u9060wht,2026-04-10T14:22:53Z,True
tchooz:9028858511617,tchooz,,New Balance,NEW BALANCE 9060 Women,Low Boots,women,255.0,,,False,in_stock,USD,"[""40.5""]",https://tchoozshoes.com/products/u9060eca,2026-04-10T14:22:53Z,True
tchooz:9028858446081,tchooz,,New Balance,NEW BALANCE 740 Women,Low Boots,women,199.0,,,False,in_stock,USD,"[""38""]",https://tchoozshoes.com/products/u740ww2d-w,2026-04-10T14:22:54Z,True
tchooz:9028858380545,tchooz,,New Balance,NEW BALANCE 740 Men,Low Boots,men,199.0,,,False,in_stock,USD,"[""42"", ""43"", ""44"", ""45""]",https://tchoozshoes.com/products/u740ww2d,2026-04-10T14:22:54Z,True
tchooz:9028858347777,tchooz,,New Balance,NEW BALANCE 740 Women,Low Boots,women,199.0,,,False,in_stock,USD,"[""37"", ""37.5"", ""38"", ""40.5""]",https://tchoozshoes.com/products/u740ph2d,2026-04-10T14:22:54Z,True
tchooz:9028858315009,tchooz,,New Balance,NEW BALANCE 740 Women,Low Boots,women,199.0,,,False,in_stock,USD,"[""Silver""]",https://tchoozshoes.com/products/u7405i7d,2026-04-10T14:22:54Z,True
tchooz:9028858249473,tchooz,,New Balance,NEW BALANCE 327 Men,Low Boots,men,169.0,,,False,in_stock,USD,"[""44"", ""44.5"", ""45"", ""46.5""]",https://tchoozshoes.com/products/ms327fed,2026-04-10T14:22:54Z,True
tchooz:9028858085633,tchooz,,New Balance,NEW BALANCE 530 Men,Low Boots,men,169.0,,,False,in_stock,USD,"[""42"", ""43"", ""44"", ""46.5""]",https://tchoozshoes.com/products/mr530ewb,2026-04-10T14:22:54Z,True
tchooz:9028858052865,tchooz,,New Balance,NEW BALANCE 1906 Men,Low Boots,men,275.0,,,False,in_stock,USD,"[""Silver""]",https://tchoozshoes.com/products/m1906rer,2026-04-10T14:22:54Z,True
tchooz:9028858020097,tchooz,,New Balance,NEW BALANCE 1906 Women,Low Boots,women,275.0,,,False,in_stock,USD,"[""37"", ""37.5"", ""38"", ""39"", ""40"", ""40.5""]",https://tchoozshoes.com/products/m1906reh,2026-04-10T14:22:54Z,True
tchooz:8916780843265,tchooz,,Puma,ESS ELEVATED Velour Rib Hoodie Women,Hoodies,women,82.0,40.0,51.22,True,in_stock,USD,"[""S"", ""L""]",https://tchoozshoes.com/products/68810787,2026-04-10T14:22:54Z,True
tchooz:8899130949889,tchooz,JS1412,Adidas,GAZELLE INDOOR Women,Low Boots,women,175.0,131.0,25.14,True,in_stock,USD,"[""38""]",https://tchoozshoes.com/products/js1412,2026-04-10T14:22:54Z,True
tchooz:8332415435009,tchooz,IF9044,Adidas,"Adidas Women Ubounce Dna Shoes, Black",Shoes,women,151.0,53.0,64.9,True,in_stock,USD,"[""36"", ""36 2/3""]",https://tchoozshoes.com/products/if9044,2026-04-10T14:22:54Z,True
tchooz:8326276841729,tchooz,,Puma,PUMA CAGE ball Men Teamsport,Training Balls,women,35.0,,,False,in_stock,USD,"[""5""]",https://tchoozshoes.com/products/8421302,2026-04-10T14:22:54Z,True
tchooz:8005084774657,tchooz,,New Balance,New Balance 574 Lifestyle Women,Shoes,women,154.0,75.0,51.3,True,in_stock,USD,"[""36""]",https://tchoozshoes.com/products/wl574evg,2026-04-10T14:22:54Z,True
tchooz:8600472453377,tchooz,,Puma,Anzarun Lite Women,Low Boots,women,85.0,60.0,29.41,True,in_stock,USD,"[""37.5""]",https://tchoozshoes.com/products/37112851,2026-04-10T14:22:54Z,True
tchooz:8560194519297,tchooz,,Adidas,OZWEEGO F-LIFESTYLE Men,Low Boots,men,191.0,124.0,35.08,True,in_stock,USD,"[""41 1/3"", ""46""]",https://tchoozshoes.com/products/ee6999xx,2026-04-10T14:22:54Z,True
tchooz:8711490076929,tchooz,,New Balance,New Balance Footwear-574 LEGACY Women,Low Boots,women,184.0,92.0,50.0,True,in_stock,USD,"[""36""]",https://tchoozshoes.com/products/u574lgmt-w,2026-04-10T14:22:54Z,True
tchooz:8689303486721,tchooz,,Puma,ESS Logo Tee Women,Tees,women,30.0,,,False,in_stock,USD,"[""XS""]",https://tchoozshoes.com/products/68237002,2026-04-10T14:22:54Z,True
tchooz:8756589166849,tchooz,,Puma,BMMMS ESS Polo Men,Tees,men,62.0,20.0,67.74,True,out_of_stock,USD,[],https://tchoozshoes.com/products/62131202,2026-04-10T14:22:54Z,True
tchooz:8751903113473,tchooz,JR1071,Adidas,ADILETTE COMFORT MER Men,Sandals,men,80.0,52.0,35.0,True,in_stock,USD,"[""43 1/3""]",https://tchoozshoes.com/products/jr1071,2026-04-10T14:22:54Z,True
tchooz:8751903015169,tchooz,JR1069,Adidas,VL COURT BASE MER Men,Low Boots,men,105.0,68.0,35.24,True,in_stock,USD,"[""45 1/3""]",https://tchoozshoes.com/products/jr1069,2026-04-10T14:22:54Z,True
tchooz:8751902982401,tchooz,JR1068,Adidas,VL COURT BASE MER Men,Low Boots,men,105.0,68.0,35.24,True,in_stock,USD,"[""41 1/3"", ""44 2/3""]",https://tchoozshoes.com/products/jr1068,2026-04-10T14:22:54Z,True
tchooz:8751902949633,tchooz,JR1067,Adidas,VL COURT BASE MER Men,Low Boots,men,105.0,68.0,35.24,True,in_stock,USD,"[""42"", ""45 1/3""]",https://tchoozshoes.com/products/jr1067,2026-04-10T14:22:54Z,True
tchooz:8797798301953,tchooz,,Puma,PUMA X HARRY POTTER Polo Women,Tees,women,70.0,30.0,57.14,True,in_stock,USD,"[""Burgundy""]",https://tchoozshoes.com/products/63009713,2026-04-10T14:22:54Z,True
tchooz:8786563727617,tchooz,JI4632,Adidas,RESPONSE SUPER M Men,Low Boots,men,137.0,69.0,49.64,True,in_stock,USD,"[""44""]",https://tchoozshoes.com/products/ji4632,2026-04-10T14:22:54Z,True
tchooz:8797879402753,tchooz,,Puma,TROPICAL AOP HW 5 SHORT TIGHT Women,Shorts,women,50.0,20.0,60.0,True,in_stock,USD,"[""Burgundy""]",https://tchoozshoes.com/products/52678717,2026-04-10T14:22:54Z,True
tchooz:8878474035457,tchooz,,Puma,Speedcat LTHR Men,Low Boots,men,150.0,75.0,50.0,True,in_stock,USD,"[""44"", ""44.5"", ""45"", ""46"", ""47""]",https://tchoozshoes.com/products/40317502,2026-04-10T14:22:54Z,True
tchooz:8899130622209,tchooz,JI0079,Adidas,SUPERSTAR II Men,Low Boots,men,159.0,,,False,in_stock,USD,"[""43 1/3"", ""44"", ""45 1/3""]",https://tchoozshoes.com/products/ji0079,2026-04-10T14:22:54Z,True
tchooz:8948707426561,tchooz,,Puma,BELLA DONNA L Women,Low Boots,women,95.0,55.0,42.11,True,in_stock,USD,"[""36"", ""37""]",https://tchoozshoes.com/products/40267202,2026-04-10T14:22:54Z,True
tchooz:8948707361025,tchooz,,Puma,Mostro Camo Men,Low Boots,men,175.0,105.0,40.0,True,in_stock,USD,"[""41"", ""42"", ""43"", ""44"", ""44.5"", ""45"", ""46""]",https://tchoozshoes.com/products/40154003,2026-04-10T14:22:54Z,True
tchooz:8933873844481,tchooz,BB5476,Adidas,GAZELLE Men,Low Boots,men,159.0,,,False,in_stock,USD,"[""42 2/3"", ""43 1/3"", ""44""]",https://tchoozshoes.com/products/bb5476,2026-04-10T14:22:54Z,True
tchooz:8961434124545,tchooz,,Puma,X-Cell Ayro Women,Low Boots,women,135.0,80.0,40.74,True,in_stock,USD,"[""37""]",https://tchoozshoes.com/products/31187508,2026-04-10T14:22:54Z,True
tchooz:8980008534273,tchooz,,Puma,Disperse XT 4 Women,Low Boots,women,109.0,75.0,31.19,True,in_stock,USD,"[""36"", ""37"", ""40""]",https://tchoozshoes.com/products/31079813,2026-04-10T14:22:54Z,True
tchooz:8980008501505,tchooz,,Puma,Softride Symmetry Fuzion Women,Low Boots,women,109.0,75.0,31.19,True,in_stock,USD,"[""Purple""]",https://tchoozshoes.com/products/31046014,2026-04-10T14:22:54Z,True
tchooz:8985539936513,tchooz,,Puma,Softride Harli Metallic Women,Low Boots,women,105.0,75.0,28.57,True,in_stock,USD,"[""37"", ""37.5""]",https://tchoozshoes.com/products/31195501,2026-04-10T14:22:54Z,True
tchooz:8985539870977,tchooz,,Puma,X-Cell Ayro Women,Low Boots,women,135.0,95.0,29.63,True,in_stock,USD,"[""Purple""]",https://tchoozshoes.com/products/31187507,2026-04-10T14:22:54Z,True
tchooz:8985423741185,tchooz,,Puma,MINICATS AOP Crew Set FL INF,Sets,kids,65.0,45.0,30.77,True,in_stock,USD,"[""1 Year"", ""1.5 Years""]",https://tchoozshoes.com/products/68973187,2026-04-10T14:22:54Z,True
tchooz:8985423544577,tchooz,,Puma,PUMA X HELLO KITTY & FRIENDS Flared Leggings Girls,Tights,girls,55.0,40.0,27.27,True,in_stock,USD,"[""4 Years"", ""6 Years"", ""7 Years""]",https://tchoozshoes.com/products/63238833,2026-04-10T14:22:54Z,True
tchooz:8985423511809,tchooz,,Puma,PUMA X HELLO KITTY & FRIENDS Relaxed Graphic Hoodie TR Girls,Hoodies,girls,72.0,50.0,30.56,True,in_stock,USD,"[""4 Years"", ""5 Years"", ""6 Years"", ""7 Years""]",https://tchoozshoes.com/products/63238747,2026-04-10T14:22:54Z,True
tchooz:8985423479041,tchooz,,Puma,PUMA X HELLO KITTY & FRIENDS Ruffle Tee Girls,Tees,girls,37.0,25.0,32.43,True,in_stock,USD,"[""4 Years"", ""5 Years"", ""6 Years""]",https://tchoozshoes.com/products/63238647,2026-04-10T14:22:54Z,True
tchooz:8985394741505,tchooz,,Puma,Neymar JR Playmaker Jersey Men,Tees,men,60.0,40.0,33.33,True,in_stock,USD,"[""S"", ""M"", ""L"", ""XL"", ""XXL""]",https://tchoozshoes.com/products/66031410,2026-04-10T14:22:54Z,True
tchooz:8985824297217,tchooz,,Puma,Speedcat OG Women,Low Boots,women,150.0,105.0,30.0,True,in_stock,USD,"[""37""]",https://tchoozshoes.com/products/39884652,2026-04-10T14:22:54Z,True
tchooz:8693920825601,tchooz,JI2318,Adidas,BARREDA DECODE Men,Low Boots,men,126.0,,,False,in_stock,USD,"[""41 1/3"", ""43 1/3"", ""45 1/3""]",https://tchoozshoes.com/products/ji2318,2026-04-10T14:22:54Z,True
tchooz:8980008829185,tchooz,,Puma,Softride Sera Women,Low Boots,women,120.0,85.0,29.17,True,in_stock,USD,"[""Purple""]",https://tchoozshoes.com/products/31120803,2026-04-10T14:22:54Z,True
tchooz:8985539641601,tchooz,,Puma,Scend Pro 2 Men,Low Boots,men,120.0,85.0,29.17,True,in_stock,USD,"[""44"", ""47""]",https://tchoozshoes.com/products/31077917,2026-04-10T14:22:54Z,True
tchooz:8693920858369,tchooz,JI2321,Adidas,BARREDA DECODE Women,Low Boots,women,126.0,,,False,in_stock,USD,"[""38"", ""40""]",https://tchoozshoes.com/products/ji2321,2026-04-10T14:22:54Z,True
tchooz:9013527281921,tchooz,JI2725,Adidas,SAMBA OG Women,Low Boots,women,159.0,,,False,in_stock,USD,"[""38"", ""39 1/3""]",https://tchoozshoes.com/products/ji2725,2026-04-10T14:22:54Z,True
tchooz:9013527249153,tchooz,IH6870,Adidas,SAMBA OG Men,Low Boots,men,159.0,,,False,in_stock,USD,"[""42"", ""43 1/3"", ""45 1/3""]",https://tchoozshoes.com/products/ih6870,2026-04-10T14:22:54Z,True
tchooz:9013527118081,tchooz,IH1487,Adidas,GRAND COURT 3.0 Women,Low Boots,women,128.0,,,False,in_stock,USD,"[""38"", ""39 1/3""]",https://tchoozshoes.com/products/ih1487,2026-04-10T14:22:54Z,True
tchooz:9013527085313,tchooz,IH1478,Adidas,GRAND COURT 3.0 Men,Low Boots,men,126.0,,,False,in_stock,USD,"[""41 1/3"", ""42"", ""44"", ""45 1/3""]",https://tchoozshoes.com/products/ih1478,2026-04-10T14:22:54Z,True
tchooz:9013527052545,tchooz,IH1472,Adidas,GRAND COURT 3.0 Men,Low Boots,men,128.0,,,False,in_stock,USD,"[""43 1/3"", ""44""]",https://tchoozshoes.com/products/ih1472,2026-04-10T14:22:54Z,True
tchooz:9013527019777,tchooz,IG9166,Adidas,ADVANTAGE 2.0 Men,Low Boots,men,126.0,,,False,in_stock,USD,"[""41 1/3"", ""43 1/3"", ""45 1/3""]",https://tchoozshoes.com/products/ig9166,2026-04-10T14:22:54Z,True
tchooz:9013526888705,tchooz,ID1481,Adidas,SAMBA OG Men,Low Boots,men,159.0,,,False,in_stock,USD,"[""44"", ""45 1/3""]",https://tchoozshoes.com/products/id1481,2026-04-10T14:22:54Z,True
tchooz:9013526855937,tchooz,ID0478,Adidas,SAMBA OG Women,Low Boots,women,159.0,,,False,in_stock,USD,"[""Beige""]",https://tchoozshoes.com/products/id0478,2026-04-10T14:22:54Z,True
tchooz:9013526724865,tchooz,HQ7541,Adidas,SAMBA ADV Men,Low Boots,men,159.0,,,False,in_stock,USD,"[""42"", ""44"", ""45 1/3""]",https://tchoozshoes.com/products/hq7541,2026-04-10T14:22:54Z,True
tchooz:9013526692097,tchooz,DB3021,Adidas,HANDBALL SPEZIAL Men,Low Boots,men,159.0,,,False,in_stock,USD,"[""42"", ""43 1/3"", ""44"", ""45 1/3""]",https://tchoozshoes.com/products/db3021,2026-04-10T14:22:54Z,True
tchooz:9012613153025,tchooz,,Puma,SUPER PUMA Sweatpants PS,Pants,boys,60.0,40.0,33.33,True,in_stock,USD,"[""4 Years"", ""5 Years"", ""6 Years"", ""7 Years""]",https://tchoozshoes.com/products/69080001,2026-04-10T14:22:54Z,True
tchooz:9012613120257,tchooz,,Puma,SUPER PUMA Hoodie PS,Hoodies,boys,60.0,40.0,33.33,True,in_stock,USD,"[""4 Years"", ""5 Years"", ""6 Years"", ""7 Years""]",https://tchoozshoes.com/products/69079901,2026-04-10T14:22:54Z,True
tchooz:9012613087489,tchooz,,Puma,MINICATS AOP Crew Set FL INF,Sets,kids,65.0,45.0,30.77,True,in_stock,USD,"[""1 Year"", ""2.5 Years"", ""3 Years""]",https://tchoozshoes.com/products/68973127,2026-04-10T14:22:54Z,True
tchooz:9012613054721,tchooz,,Puma,LITTLE RUNNERS Sweatpants TR PS,Pants,boys,45.0,25.0,44.44,True,in_stock,USD,"[""Navy""]",https://tchoozshoes.com/products/68847916,2026-04-10T14:22:54Z,True
tchooz:9012613021953,tchooz,,Puma,MID90s Sweatpants TR Boys,Pants,boys,60.0,20.0,66.67,True,in_stock,USD,"[""16 Years""]",https://tchoozshoes.com/products/68847001,2026-04-10T14:22:54Z,True
tchooz:9012612890881,tchooz,,Puma,PUMA X HOT WHEELS Hoodie TR,Hoodies,boys,72.0,50.0,30.56,True,in_stock,USD,"[""3 Years"", ""4 Years"", ""5 Years"", ""6 Years"", ""7 Years""]",https://tchoozshoes.com/products/63239601,2026-04-10T14:22:54Z,True
tchooz:9012612858113,tchooz,,Puma,HELLO KITTY&FRIENDS MINICATS INF,Sets,kids,75.0,55.0,26.67,True,in_stock,USD,"[""1 Year"", ""2 Years"", ""2.5 Years""]",https://tchoozshoes.com/products/63238933,2026-04-10T14:22:54Z,True
tchooz:9012612825345,tchooz,,Puma,HELLO KITTY & FRIENDS Hoodie TR,Hoodies,girls,72.0,50.0,30.56,True,in_stock,USD,"[""5 Years"", ""6 Years""]",https://tchoozshoes.com/products/63238733,2026-04-10T14:22:54Z,True
tchooz:9012612792577,tchooz,,Puma,GRAPHIC Leopard Tee Girls,Tees,girls,37.0,20.0,45.95,True,in_stock,USD,"[""8 Years"", ""10 Years"", ""12 Years"", ""14 Years""]",https://tchoozshoes.com/products/63222534,2026-04-10T14:22:54Z,True
tchooz:9012612759809,tchooz,,Puma,TAD Essential Poly Texture Tee Men,Tees,men,37.0,20.0,45.95,True,in_stock,USD,"[""XXL""]",https://tchoozshoes.com/products/52715575,2026-04-10T14:22:54Z,True
tchooz:9012612727041,tchooz,,Puma,Mostro OG Prime Men,Low Boots,men,165.0,100.0,39.39,True,in_stock,USD,"[""41"", ""42"", ""43"", ""44"", ""44.5"", ""45"", ""47""]",https://tchoozshoes.com/products/40320603,2026-04-10T14:22:54Z,True
tchooz:9012612661505,tchooz,,Puma,Palermo lth V PS,Low Boots,kids,85.0,50.0,41.18,True,in_stock,USD,"[""30"", ""32""]",https://tchoozshoes.com/products/40200301,2026-04-10T14:22:54Z,True
tchooz:9012612595969,tchooz,,Puma,Palermo Moda Tongue Women,Low Boots,women,145.0,85.0,41.38,True,in_stock,USD,"[""37"", ""38.5""]",https://tchoozshoes.com/products/40167903,2026-04-10T14:22:54Z,True
tchooz:8954004603137,tchooz,,Puma,Mostro LC Prime Women,Low Boots,women,175.0,105.0,40.0,True,in_stock,USD,"[""Navy""]",https://tchoozshoes.com/products/40433603-w,2026-04-10T14:22:54Z,True
tchooz:9005451641089,tchooz,3WF10060070,On,Cloud 6 Women,Low Boots,women,179.0,,,False,in_stock,USD,"[""37"", ""40""]",https://tchoozshoes.com/products/3wf10060070,2026-04-10T14:22:54Z,True
tchooz:8678825722113,tchooz,3WF10061043,On,Cloud 6 Women,Low Boots,women,179.0,,,False,in_stock,USD,"[""37""]",https://tchoozshoes.com/products/3wf10061043,2026-04-10T14:22:54Z,True
tchooz:8869734154497,tchooz,3MF10070299,On,Cloud 6 Men,Low Boots,men,179.0,,,False,in_stock,USD,"[""45"", ""46""]",https://tchoozshoes.com/products/3mf10070299,2026-04-10T14:22:54Z,True
tchooz:9002169237761,tchooz,3MF30741536,On,Cloudmonster 1 Men,Low Boots,men,209.0,,,False,in_stock,USD,"[""43""]",https://tchoozshoes.com/products/3mf30741536,2026-04-10T14:22:54Z,True
tchooz:9002169172225,tchooz,3MF30741200,On,Cloudmonster 1 Men,Low Boots,men,209.0,,,False,in_stock,USD,"[""42"", ""44"", ""45""]",https://tchoozshoes.com/products/3mf30741200,2026-04-10T14:22:54Z,True
tchooz:8740184097025,tchooz,,Puma,ESS No. 1 Logo Sweatpants TR Men,Pants,men,70.0,,,False,in_stock,USD,"[""Navy""]",https://tchoozshoes.com/products/68261216,2026-04-10T14:22:54Z,True
tchooz:8916741718273,tchooz,,Puma,BMW MMS Graphic Crewneck Sweat Men,Sweatshirts,men,130.0,80.0,38.46,True,in_stock,USD,"[""L"", ""XL"", ""XXL""]",https://tchoozshoes.com/products/63259301,2026-04-10T14:22:54Z,True
tchooz:8898208104705,tchooz,,Puma,Ess Regular Windbreaker Women,Jackets,women,110.0,,,False,in_stock,USD,"[""XS"", ""S""]",https://tchoozshoes.com/products/68513301,2026-04-10T14:22:54Z,True
tchooz:8905130508545,tchooz,,Puma,M RUN VELOCITY 2IN1 SHORT Men,Shorts,men,75.0,,,False,in_stock,USD,"[""S"", ""XXL""]",https://tchoozshoes.com/products/52661144,2026-04-10T14:22:54Z,True
tchooz:8934263554305,tchooz,,Puma,MID90s Hoodie TR Boys,Hoodies,boys,72.0,25.0,65.28,True,in_stock,USD,"[""8 Years""]",https://tchoozshoes.com/products/68846834,2026-04-10T14:22:54Z,True
tchooz:7686819545345,tchooz,,Puma,Ess Logo Pants Terry Close Sportstyle/Core Men,Pants,men,65.0,,,False,in_stock,USD,"[""Navy""]",https://tchoozshoes.com/products/58671606,2026-04-10T14:22:54Z,True
tchooz:8584639840513,tchooz,,Puma,Softride Frequence RUNNING Men,Low Boots,men,155.0,,,False,in_stock,USD,"[""41"", ""42"", ""43"", ""44"", ""44.5"", ""45"", ""46""]",https://tchoozshoes.com/products/31050001,2026-04-10T14:22:54Z,True
tchooz:8985825214721,tchooz,,Puma,Mayze Velvet Dream Women,Low Boots,women,155.0,110.0,29.03,True,in_stock,USD,"[""36"", ""37"", ""37.5"", ""38"", ""38.5"", ""39"", ""40""]",https://tchoozshoes.com/products/40332602,2026-04-10T14:22:54Z,True
tchooz:8985825083649,tchooz,,Puma,Jada Classic Space Belle V PS,Low Boots,kids,75.0,55.0,26.67,True,in_stock,USD,"[""35""]",https://tchoozshoes.com/products/40282301,2026-04-10T14:22:54Z,True
tchooz:8985825018113,tchooz,,Puma,Court Lally DayINight Women,Low Boots,women,85.0,60.0,29.41,True,in_stock,USD,"[""36"", ""37"", ""37.5""]",https://tchoozshoes.com/products/40268202,2026-04-10T14:22:54Z,True
tchooz:8985824100609,tchooz,,Puma,Palermo Lth Men,Low Boots,men,140.0,100.0,28.57,True,in_stock,USD,"[""42"", ""43"", ""44""]",https://tchoozshoes.com/products/39646422,2026-04-10T14:22:54Z,True
tchooz:8985823871233,tchooz,,Puma,Puma Caven 2.0 Junior,Low Boots,kids,75.0,55.0,26.67,True,in_stock,USD,"[""37""]",https://tchoozshoes.com/products/39383758,2026-04-10T14:22:54Z,True
tchooz:8985823740161,tchooz,,Puma,Puma Rickie AC+ PS,Low Boots,kids,55.0,40.0,27.27,True,in_stock,USD,"[""28"", ""30"", ""31"", ""35""]",https://tchoozshoes.com/products/38583602,2026-04-10T14:22:54Z,True
tchooz:8985823641857,tchooz,,Puma,Puma Rickie Junior,Low Boots,kids,65.0,45.0,30.77,True,in_stock,USD,"[""36"", ""37.5"", ""38""]",https://tchoozshoes.com/products/38431102,2026-04-10T14:22:54Z,True
tchooz:8985823543553,tchooz,,Puma,Mayze Lth Women,Low Boots,women,155.0,110.0,29.03,True,in_stock,USD,"[""36"", ""37"", ""37.5"", ""38"", ""38.5"", ""40""]",https://tchoozshoes.com/products/38198353,2026-04-10T14:22:54Z,True
tchooz:8636389392641,tchooz,,Puma,Kruz Profoam Boys,Low Boots,boys,80.0,55.0,31.25,True,in_stock,USD,"[""37"", ""37.5""]",https://tchoozshoes.com/products/37976202,2026-04-10T14:22:54Z,True
tchooz:8985539903745,tchooz,,Puma,Velocity NITRO 4 SAYSKY Women,Low Boots,women,210.0,145.0,30.95,True,in_stock,USD,"[""36"", ""37"", ""37.5"", ""38.5"", ""39"", ""40""]",https://tchoozshoes.com/products/31190901,2026-04-10T14:22:54Z,True
tchooz:8985539576065,tchooz,,Puma,PWR Hybrid TR Women,Low Boots,women,150.0,105.0,30.0,True,in_stock,USD,"[""36"", ""37"", ""37.5""]",https://tchoozshoes.com/products/31047708,2026-04-10T14:22:54Z,True
tchooz:8985539543297,tchooz,,Puma,PWR Hybrid TR Men,Low Boots,men,150.0,105.0,30.0,True,in_stock,USD,"[""41"", ""42"", ""44"", ""44.5"", ""45"", ""46""]",https://tchoozshoes.com/products/31028216,2026-04-10T14:22:54Z,True
tchooz:8985423610113,tchooz,,Puma,SUPER PUMA Relaxed Hoodie TR Boys,Hoodies,boys,77.0,55.0,28.57,True,in_stock,USD,"[""8 Years"", ""10 Years"", ""12 Years"", ""16 Years""]",https://tchoozshoes.com/products/63345801,2026-04-10T14:22:54Z,True
tchooz:8985423446273,tchooz,,Puma,W CLOUDSPUN TIGHT - HW FL Women,Tights,women,90.0,65.0,27.78,True,in_stock,USD,"[""XS"", ""S"", ""M"", ""L""]",https://tchoozshoes.com/products/52745288,2026-04-10T14:22:54Z,True
tchooz:8985395036417,tchooz,,Puma,MINICATS ESS Small No. 1 Logo Crew Set TR INF,Sets,kids,65.0,45.0,30.77,True,in_stock,USD,"[""Navy""]",https://tchoozshoes.com/products/69083080,2026-04-10T14:22:54Z,True
tchooz:8985395003649,tchooz,,Puma,MINICATS ESS Small No. 1 Logo Crew Set TR INF,Sets,kids,65.0,45.0,30.77,True,in_stock,USD,"[""1 Year"", ""1.5 Years"", ""2 Years"", ""2.5 Years"", ""3 Years""]",https://tchoozshoes.com/products/69083027,2026-04-10T14:22:54Z,True
tchooz:8985394938113,tchooz,,Puma,PUMATECH Winterized Gilet Men,Jackets,men,110.0,75.0,31.82,True,in_stock,USD,"[""L"", ""XL"", ""XXL""]",https://tchoozshoes.com/products/68822544,2026-04-10T14:22:54Z,True
tchooz:8985394774273,tchooz,,Puma,Neymar JR Playmaker Training Shorts Men,Shorts,men,60.0,40.0,33.33,True,in_stock,USD,"[""S"", ""M"", ""L"", ""XL"", ""XXL""]",https://tchoozshoes.com/products/66031610,2026-04-10T14:22:54Z,True
tchooz:8985394577665,tchooz,,Puma,PUMA X HELLO KITTY & FRIENDS Slim Tee Girls,Tees,girls,37.0,25.0,32.43,True,in_stock,USD,"[""7 Years""]",https://tchoozshoes.com/products/63239102,2026-04-10T14:22:54Z,True
tchooz:8985394544897,tchooz,,Puma,SUPER PUMA Graphic Longsleeve Tee Boys,Tees,boys,45.0,30.0,33.33,True,in_stock,USD,"[""8 Years"", ""16 Years""]",https://tchoozshoes.com/products/63223401,2026-04-10T14:22:54Z,True
tchooz:8985394512129,tchooz,,Puma,SUPER PUMA Graphic Tee Boys,Tees,boys,37.0,25.0,32.43,True,in_stock,USD,"[""8 Years"", ""10 Years"", ""12 Years"", ""14 Years"", ""16 Years""]",https://tchoozshoes.com/products/63223366,2026-04-10T14:22:54Z,True
tchooz:8985394479361,tchooz,,Puma,SUPER PUMA Graphic Tee Boys,Tees,boys,37.0,25.0,32.43,True,in_stock,USD,"[""10 Years"", ""12 Years""]",https://tchoozshoes.com/products/63223302,2026-04-10T14:22:54Z,True
tchooz:8985394446593,tchooz,,Puma,SUPER PUMA Graphic Tee Boys,Tees,boys,37.0,25.0,32.43,True,in_stock,USD,"[""8 Years"", ""10 Years"", ""12 Years""]",https://tchoozshoes.com/products/63223301,2026-04-10T14:22:54Z,True
tchooz:8985394413825,tchooz,,Puma,MOODY CAT Bomber PS,Jackets,boys,65.0,45.0,30.77,True,in_stock,USD,"[""5 Years"", ""6 Years""]",https://tchoozshoes.com/products/63220801,2026-04-10T14:22:54Z,True
tchooz:8985394381057,tchooz,,Puma,WARDROBE ESS SPORTS LEGACY II Graphic Relaxed Tee Women,Tees,women,45.0,30.0,33.33,True,in_stock,USD,"[""XS"", ""S""]",https://tchoozshoes.com/products/63215265,2026-04-10T14:22:54Z,True
tchooz:8985394348289,tchooz,,Puma,WARDROBE ESS SPORTS LEGACY II Graphic Relaxed Tee Women,Tees,women,45.0,30.0,33.33,True,in_stock,USD,"[""XS""]",https://tchoozshoes.com/products/63215201,2026-04-10T14:22:54Z,True
tchooz:8985394315521,tchooz,,Puma,WARDROBE ESS Boxy Full-Zip Hoodie DK Men,Hoodies,men,130.0,90.0,30.77,True,in_stock,USD,"[""L"", ""XL"", ""XXL""]",https://tchoozshoes.com/products/63206601,2026-04-10T14:22:54Z,True
tchooz:8985394282753,tchooz,,Puma,CLOUDSPUN BRA - MID Women,Bras,women,62.0,45.0,27.42,True,in_stock,USD,"[""S""]",https://tchoozshoes.com/products/52746288,2026-04-10T14:22:54Z,True
tchooz:8855884595457,tchooz,3WF10093306,On,Cloudflow 5 Women,Low Boots,women,219.0,153.0,30.14,True,in_stock,USD,"[""37""]",https://tchoozshoes.com/products/3wf10093306,2026-04-10T14:22:54Z,True
tchooz:8777020965121,tchooz,3WF10061200,On,Cloud 6 Women,Low Boots,women,179.0,,,False,in_stock,USD,"[""37""]",https://tchoozshoes.com/products/3wf10061200,2026-04-10T14:22:54Z,True
tchooz:8982934225153,tchooz,3YF10010108,On,Cloudswift Youth,Low Boots,kids,145.0,,,False,in_stock,USD,"[""38.5""]",https://tchoozshoes.com/products/3yf10010108,2026-04-10T14:22:54Z,True
tchooz:8689302667521,tchooz,,Puma,Court Lally Women,Low Boots,women,70.0,50.0,28.57,True,in_stock,USD,"[""37""]",https://tchoozshoes.com/products/40036703,2026-04-10T14:22:54Z,True
tchooz:8980039434497,tchooz,,Puma,Cell Thrill Men,Low Boots,men,123.0,,,False,in_stock,USD,"[""44"", ""44.5"", ""46""]",https://tchoozshoes.com/products/31016801,2026-04-10T14:22:54Z,True
tchooz:8980010500353,tchooz,,Puma,MID90s Cargo Sweatpants FL Boys,Pants,boys,62.0,45.0,27.42,True,in_stock,USD,"[""8 Years"", ""10 Years"", ""12 Years"", ""16 Years""]",https://tchoozshoes.com/products/68847475,2026-04-10T14:22:54Z,True
tchooz:8980010434817,tchooz,,Puma,MID90s Graphic Tee III Boys,Tees,boys,32.0,20.0,37.5,True,in_stock,USD,"[""8 Years"", ""12 Years""]",https://tchoozshoes.com/products/68847275,2026-04-10T14:22:54Z,True
tchooz:8980010369281,tchooz,,Puma,ESS Padded Vest Women,Jackets,women,115.0,80.0,30.43,True,in_stock,USD,"[""S""]",https://tchoozshoes.com/products/68522987,2026-04-10T14:22:54Z,True
tchooz:8980010205441,tchooz,,Puma,PUMA X HOT WHEELS Graphic Tee Boys,Tees,boys,37.0,25.0,32.43,True,in_stock,USD,"[""4 Years"", ""6 Years""]",https://tchoozshoes.com/products/63239526,2026-04-10T14:22:54Z,True
tchooz:8980010139905,tchooz,,Puma,PUMA X HOT WHEELS Graphic Tee Boys,Tees,boys,37.0,25.0,32.43,True,in_stock,USD,"[""4 Years"", ""6 Years"", ""7 Years""]",https://tchoozshoes.com/products/63239501,2026-04-10T14:22:54Z,True
tchooz:8980010107137,tchooz,,Puma,W GREEN TERRAINS FASHION GRAPHIC TEE Women,Tees,women,55.0,40.0,27.27,True,in_stock,USD,"[""XS"", ""M""]",https://tchoozshoes.com/products/52807846,2026-04-10T14:22:54Z,True
tchooz:8980010074369,tchooz,,Puma,W CLOUDSPUN TIGHT AOP - HW FL Women,Tights,women,95.0,65.0,31.58,True,in_stock,USD,"[""M"", ""L""]",https://tchoozshoes.com/products/52750101,2026-04-10T14:22:54Z,True
tchooz:8980009976065,tchooz,,Puma,W RUN VELOCITY FL TIGHT Women,Tights,women,82.0,55.0,32.93,True,in_stock,USD,"[""XS"", ""L""]",https://tchoozshoes.com/products/52659175,2026-04-10T14:22:54Z,True
tchooz:8980009910529,tchooz,,Puma,M TAD TECH Triblend Tee Men,Tees,men,47.0,35.0,25.53,True,in_stock,USD,"[""S"", ""XL"", ""XXL""]",https://tchoozshoes.com/products/52600698,2026-04-10T14:22:54Z,True
tchooz:8980009877761,tchooz,,Puma,M TAD ESSENTIALS SOLID CAT TEE (LC small cat) Men,Tees,men,38.0,,,False,in_stock,USD,"[""M"", ""XL"", ""XXL""]",https://tchoozshoes.com/products/52590869,2026-04-10T14:22:54Z,True
tchooz:8980009812225,tchooz,,Puma,W TAD ESSENTIAL TIGHT - HW 7/8 Women,Tights,women,57.0,40.0,29.82,True,in_stock,USD,"[""M"", ""L""]",https://tchoozshoes.com/products/52589988,2026-04-10T14:22:54Z,True
tchooz:8980009746689,tchooz,,Puma,Palermo HK&FR 2 Junior,Low Boots,kids,110.0,75.0,31.82,True,in_stock,USD,"[""Purple""]",https://tchoozshoes.com/products/40338801,2026-04-10T14:22:54Z,True
tchooz:8980009713921,tchooz,,Puma,GV Special Elevated Men,Low Boots,men,150.0,105.0,30.0,True,in_stock,USD,"[""42"", ""44.5"", ""45""]",https://tchoozshoes.com/products/40322902,2026-04-10T14:22:54Z,True
tchooz:8980009582849,tchooz,,Puma,Carina 3.0 Animal Flair Women,Low Boots,women,95.0,65.0,31.58,True,in_stock,USD,"[""36"", ""37"", ""37.5"", ""39"", ""40""]",https://tchoozshoes.com/products/40264202,2026-04-10T14:22:54Z,True
tchooz:8980009287937,tchooz,,Puma,PUMA Cali Court Match Women,Low Boots,women,140.0,100.0,28.57,True,in_stock,USD,"[""36"", ""37"", ""37.5"", ""38"", ""38.5"", ""39"", ""40""]",https://tchoozshoes.com/products/39309412,2026-04-10T14:22:54Z,True
tchooz:8980009255169,tchooz,,Puma,PUMA Cali Court Match Women,Low Boots,women,140.0,100.0,28.57,True,in_stock,USD,"[""36"", ""37"", ""38""]",https://tchoozshoes.com/products/39309411,2026-04-10T14:22:54Z,True
tchooz:8980008927489,tchooz,,Puma,Cell Thrill Metallic Women,Low Boots,women,120.0,85.0,29.17,True,in_stock,USD,"[""36"", ""37""]",https://tchoozshoes.com/products/31194401,2026-04-10T14:22:54Z,True
tchooz:8980008730881,tchooz,,Puma,Velocity NITRO 4 Women,Low Boots,women,230.0,160.0,30.43,True,in_stock,USD,"[""38"", ""39""]",https://tchoozshoes.com/products/31114103,2026-04-10T14:22:54Z,True
tchooz:8980008665345,tchooz,,Puma,Softride Harli Women,Low Boots,women,100.0,70.0,30.0,True,in_stock,USD,"[""36"", ""37"", ""39""]",https://tchoozshoes.com/products/31110018,2026-04-10T14:22:54Z,True
tchooz:8980008632577,tchooz,,Puma,Disperse XT 4 Women,Low Boots,women,109.0,75.0,31.19,True,in_stock,USD,"[""36"", ""37"", ""38"", ""38.5"", ""39""]",https://tchoozshoes.com/products/31079817,2026-04-10T14:22:54Z,True
tchooz:8980008337665,tchooz,,Puma,SF Roma S Men,Low Boots,men,148.0,105.0,29.05,True,in_stock,USD,"[""41"", ""42"", ""43"", ""44"", ""44.5"", ""45"", ""46""]",https://tchoozshoes.com/products/30890901,2026-04-10T14:22:54Z,True
tchooz:8980007944449,tchooz,,Puma,COMIC Mid Crown Beanie Junior,Beanies,kids,30.0,,,False,in_stock,USD,"[""Navy""]",https://tchoozshoes.com/products/2655803,2026-04-10T14:22:54Z,True
tchooz:8980007911681,tchooz,,Puma,COMIC Mid Crown Beanie Junior,Beanies,kids,30.0,,,False,in_stock,USD,"[""YUTH""]",https://tchoozshoes.com/products/2655802,2026-04-10T14:22:54Z,True
tchooz:8980007878913,tchooz,,Puma,COMIC Mid Crown Beanie Junior,Beanies,kids,30.0,,,False,in_stock,USD,"[""YUTH""]",https://tchoozshoes.com/products/2655801,2026-04-10T14:22:54Z,True
tchooz:8978116509953,tchooz,,Puma,Mostro LC Prime Women,Low Boots,women,175.0,105.0,40.0,True,in_stock,USD,"[""36"", ""37"", ""37.5"", ""38"", ""38.5""]",https://tchoozshoes.com/products/40433601-w,2026-04-10T14:22:54Z,True
tchooz:8977064558849,tchooz,,Puma,ULTRA 6 PLAY TT Men,Low Boots,men,100.0,,,False,in_stock,USD,"[""41"", ""42"", ""43"", ""44"", ""44.5"", ""45"", ""46""]",https://tchoozshoes.com/products/10854202,2026-04-10T14:22:54Z,True
tchooz:8977064493313,tchooz,,Puma,VITORIA II TT Men,Low Boots,men,75.0,,,False,in_stock,USD,"[""41"", ""42"", ""43"", ""44"", ""44.5"", ""45"", ""46""]",https://tchoozshoes.com/products/10850101,2026-04-10T14:22:54Z,True
tchooz:8977064460545,tchooz,,Puma,VITORIA II FG/AG Men,Low Boots,men,75.0,,,False,in_stock,USD,"[""41"", ""42"", ""43"", ""44"", ""44.5"", ""45"", ""46"", ""47""]",https://tchoozshoes.com/products/10850001,2026-04-10T14:22:54Z,True
tchooz:8977064427777,tchooz,,Puma,ATTACANTO II TT Men,Low Boots,men,100.0,,,False,in_stock,USD,"[""41"", ""42"", ""43"", ""44"", ""44.5"", ""45"", ""46"", ""47""]",https://tchoozshoes.com/products/10849404,2026-04-10T14:22:54Z,True
tchooz:8977064395009,tchooz,,Puma,ATTACANTO II FG/AG Men,Low Boots,men,100.0,,,False,in_stock,USD,"[""41"", ""42"", ""43"", ""44"", ""44.5"", ""45"", ""46"", ""47""]",https://tchoozshoes.com/products/10849301,2026-04-10T14:22:54Z,True
tchooz:8730479853825,tchooz,,New Balance,New Balance 327 Men,Low Boots,men,199.0,120.0,39.7,True,in_stock,USD,"[""41.5"", ""42"", ""44"", ""44.5""]",https://tchoozshoes.com/products/u327wpkd,2026-04-10T14:22:54Z,True
tchooz:8730479919361,tchooz,,New Balance,New Balance 327 Women,Low Boots,women,199.0,120.0,39.7,True,in_stock,USD,"[""36"", ""36.5"", ""37""]",https://tchoozshoes.com/products/u327wpkd-w,2026-04-10T14:22:54Z,True
tchooz:8079467413761,tchooz,,New Balance,New Balance 574 Lifestyle Men,Shoes,men,150.0,90.0,40.0,True,in_stock,USD,"[""44.5"", ""45.5""]",https://tchoozshoes.com/products/ml574evb,2026-04-10T14:22:54Z,True
tchooz:8730479264001,tchooz,BB550,New Balance,BB550 Men,Low Boots,men,189.0,115.0,39.15,True,in_stock,USD,"[""42.5"", ""43""]",https://tchoozshoes.com/products/bb550ha1,2026-04-10T14:22:54Z,True
tchooz:8732542599425,tchooz,,Puma,"LACE HW 5"" SHORT TIGHT Women",Tights,women,50.0,20.0,60.0,True,in_stock,USD,"[""L""]",https://tchoozshoes.com/products/52678401,2026-04-10T14:22:54Z,True
tchooz:8584640037121,tchooz,,Puma,4KEEPS CLOUDSPUN SCULPTING BRA TRAINING Women,Bras,women,70.0,15.0,78.57,True,in_stock,USD,"[""Purple""]",https://tchoozshoes.com/products/52580930,2026-04-10T14:22:54Z,True
tchooz:8584639348993,tchooz,,Puma,ACM Team Cap TEAMSPORT Unisex,Caps,unisex,35.0,15.0,57.14,True,in_stock,USD,"[""X""]",https://tchoozshoes.com/products/2485511,2026-04-10T14:22:54Z,True
tchooz:8638798987521,tchooz,,Puma,NEYMAR JR BNA Trucker Cap Men,Caps,men,35.0,15.0,57.14,True,in_stock,USD,"[""ADLT""]",https://tchoozshoes.com/products/2586701,2026-04-10T14:22:54Z,True
tchooz:8880434381057,tchooz,,Puma,M RUN VELOCITY TEE (TRI-BLEND) Men,Tees,men,47.0,25.0,46.81,True,in_stock,USD,"[""Navy""]",https://tchoozshoes.com/products/52660380,2026-04-10T14:22:54Z,True
tchooz:8797879206145,tchooz,,Puma,SHAPELUXE SEAMLESS HW FL TIGHTS Women,Tights,women,85.0,35.0,58.82,True,in_stock,USD,"[""L""]",https://tchoozshoes.com/products/52436046,2026-04-10T14:22:54Z,True
tchooz:8860412281089,tchooz,,Puma,PL ESS Tee Men,Tees,men,65.0,35.0,46.15,True,in_stock,USD,"[""XXL""]",https://tchoozshoes.com/products/63271505,2026-04-10T14:22:54Z,True
tchooz:8808675475713,tchooz,,Puma,Mayze Secret Garden Women,Low Boots,women,145.0,60.0,58.62,True,in_stock,USD,"[""36""]",https://tchoozshoes.com/products/40126201,2026-04-10T14:22:54Z,True
tchooz:8797879369985,tchooz,,Puma,4KEEPS TROPICAL AOP LONGLINE BRA Women,Bras,women,60.0,25.0,58.33,True,in_stock,USD,"[""Burgundy""]",https://tchoozshoes.com/products/52678617,2026-04-10T14:22:54Z,True
tchooz:8797879173377,tchooz,,Puma,SHAPELUXE SEAMLESS HW FL TIGHTS Women,Tights,women,85.0,35.0,58.82,True,in_stock,USD,"[""Burgundy""]",https://tchoozshoes.com/products/52436017,2026-04-10T14:22:54Z,True
tchooz:8797800071425,tchooz,,Puma,ESS NATURE 2.0 Mid-Rise Short 4 Women,Shorts,women,50.0,20.0,60.0,True,in_stock,USD,"[""XS"", ""S"", ""L""]",https://tchoozshoes.com/products/68506815,2026-04-10T14:22:54Z,True
tchooz:8797797351681,tchooz,,Puma,WARDROBE ESS Shorts 4 Pointelle Women,Shorts,women,65.0,25.0,61.54,True,in_stock,USD,"[""S"", ""M"", ""L""]",https://tchoozshoes.com/products/62976402,2026-04-10T14:22:54Z,True
tchooz:8756561445121,tchooz,,Puma,BMMMS TODDLER SHORTSLEEVE SETLUE Boys,Shorts,boys,70.0,30.0,57.14,True,in_stock,USD,"[""1.5 Years""]",https://tchoozshoes.com/products/63066104,2026-04-10T14:22:54Z,True
tchooz:8756554432769,tchooz,,Puma,MOVE H7/TIGHT Women,Tights,women,65.0,25.0,61.54,True,in_stock,USD,"[""L""]",https://tchoozshoes.com/products/52669230,2026-04-10T14:22:54Z,True
tchooz:8756498006273,tchooz,,Puma,SHAPELUXE SEAMLESS HW FL TIGHTS Women,Tights,women,85.0,35.0,58.82,True,in_stock,USD,"[""Purple""]",https://tchoozshoes.com/products/52436089,2026-04-10T14:22:54Z,True
tchooz:8751306146049,tchooz,,Puma,PUMA CLASS High Waist Leggings G Girls,Tights,girls,40.0,15.0,62.5,True,in_stock,USD,"[""14 Years"", ""16 Years""]",https://tchoozshoes.com/products/68583146,2026-04-10T14:22:54Z,True
tchooz:8751305982209,tchooz,,Puma,ESS ANIMAL AOP Leggings G Girls,Tights,girls,40.0,15.0,62.5,True,in_stock,USD,"[""14 Years"", ""16 Years""]",https://tchoozshoes.com/products/68561801,2026-04-10T14:22:54Z,True
tchooz:8515500409089,tchooz,,Puma,EVOKNIT 7/8 High-Waist Tights A-SPORTSTYLE CORE Women,Tights,women,50.0,10.0,80.0,True,in_stock,USD,"[""XS"", ""L""]",https://tchoozshoes.com/products/67309448,2026-04-10T14:22:54Z,True
tchooz:8797800726785,tchooz,,Puma,ESS NATURE 2.0 AOP Leggings Girls,Tights,girls,40.0,15.0,62.5,True,in_stock,USD,"[""14 Years"", ""16 Years""]",https://tchoozshoes.com/products/68648718,2026-04-10T14:22:54Z,True
tchooz:8797797777665,tchooz,,Puma,PUMA X HARRY POTTER Baby Tee Girls,Tees,girls,35.0,10.0,71.43,True,in_stock,USD,"[""10 Years"", ""12 Years""]",https://tchoozshoes.com/products/63008260,2026-04-10T14:22:54Z,True
tchooz:8797796303105,tchooz,,Puma,W PUMA X SAYSKY 7 SHORT TIGHT Women,Shorts,women,105.0,30.0,71.43,True,in_stock,USD,"[""Navy""]",https://tchoozshoes.com/products/52683716,2026-04-10T14:22:54Z,True
tchooz:8766061904129,tchooz,,Puma,CATS CLUB Tee PS Boys,Tees,boys,30.0,10.0,66.67,True,in_stock,USD,"[""3 Years"", ""5 Years"", ""6 Years""]",https://tchoozshoes.com/products/68516187,2026-04-10T14:22:54Z,True
tchooz:8766058004737,tchooz,,Puma,W RUN VELOCITY 3 SHORT Women,Shorts,women,50.0,20.0,60.0,True,in_stock,USD,"[""Purple""]",https://tchoozshoes.com/products/52658589,2026-04-10T14:22:54Z,True
tchooz:8973135905025,tchooz,,Puma,ESS Logo Leggings Girls,Tights,girls,35.0,10.0,71.43,True,in_stock,USD,"[""14 Years""]",https://tchoozshoes.com/products/58703551,2026-04-10T14:22:54Z,True
tchooz:8973135577345,tchooz,,Puma,Trinity Lite MID 90s AC+ Inf,Low Boots,,75.0,30.0,60.0,True,in_stock,USD,"[""21"", ""22""]",https://tchoozshoes.com/products/40066101,2026-04-10T14:22:54Z,True
tchooz:8528029942017,tchooz,,Puma,ATTACANTO TT TEAMSPORT Men,Low Boots,men,70.0,40.0,42.86,True,in_stock,USD,"[""42"", ""42.5"", ""43"", ""44"", ""45""]",https://tchoozshoes.com/products/10747809,2026-04-10T14:22:54Z,True
tchooz:8971914903809,tchooz,,Puma,W RUN VELOCITY TEE (TRI-BLEND) Women,Tees,women,47.0,25.0,46.81,True,in_stock,USD,"[""XS"", ""S""]",https://tchoozshoes.com/products/52658096,2026-04-10T14:22:54Z,True
tchooz:8966491111681,tchooz,,Puma,T7 SUPER PUMA Woven Pants Boys,Pants,boys,75.0,45.0,40.0,True,in_stock,USD,"[""8 Years"", ""10 Years"", ""12 Years"", ""14 Years"", ""16 Years""]",https://tchoozshoes.com/products/63223601,2026-04-10T14:22:54Z,True
tchooz:8966490980609,tchooz,,Puma,"M TAD ESSENTIALS 7"" Woven Short Men",Shorts,men,43.0,,,False,in_stock,USD,"[""S"", ""XL"", ""XXL""]",https://tchoozshoes.com/products/52591069,2026-04-10T14:22:54Z,True
tchooz:8966489932033,tchooz,,Puma,Speedcat Pearlized Junior,Low Boots,girls,115.0,70.0,39.13,True,in_stock,USD,"[""36"", ""37"", ""37.5"", ""38"", ""38.5"", ""39""]",https://tchoozshoes.com/products/40430201,2026-04-10T14:22:54Z,True
tchooz:8689302143233,tchooz,,Puma,Palermo Moda Women,Low Boots,women,140.0,85.0,39.29,True,in_stock,USD,"[""37""]",https://tchoozshoes.com/products/39772701,2026-04-10T14:22:54Z,True
tchooz:8961435566337,tchooz,,Puma,SUPER PUMA Graphic Tee PS,Tees,girls,32.0,15.0,53.12,True,in_stock,USD,"[""4 Years"", ""7 Years""]",https://tchoozshoes.com/products/69079802,2026-04-10T14:22:54Z,True
tchooz:8961435500801,tchooz,,Puma,MOODY CAT Sweatpants TR PS,Pants,girls,55.0,35.0,36.36,True,in_stock,USD,"[""Gold""]",https://tchoozshoes.com/products/63220962,2026-04-10T14:22:54Z,True
tchooz:8961435435265,tchooz,,Puma,MOODY CAT Sweatpants TR PS,Pants,girls,55.0,35.0,36.36,True,in_stock,USD,"[""6 Years"", ""7 Years""]",https://tchoozshoes.com/products/63220901,2026-04-10T14:22:54Z,True
tchooz:8961435402497,tchooz,,Puma,MOODY CAT Graphic Tee II PS,Tees,girls,32.0,15.0,53.12,True,in_stock,USD,"[""Gold""]",https://tchoozshoes.com/products/63220662,2026-04-10T14:22:54Z,True
tchooz:8961435336961,tchooz,,Puma,MOODY CAT Graphic Tee II PS,Tees,girls,32.0,15.0,53.12,True,in_stock,USD,"[""4 Years"", ""6 Years""]",https://tchoozshoes.com/products/63220601,2026-04-10T14:22:54Z,True
tchooz:8961435271425,tchooz,,Puma,MOODY CAT Graphic Tee I PS,Tees,girls,37.0,20.0,45.95,True,in_stock,USD,"[""6 Years"", ""7 Years""]",https://tchoozshoes.com/products/63220587,2026-04-10T14:22:54Z,True
tchooz:8961435205889,tchooz,,Puma,MOODY CAT Graphic Tee I PS,Tees,girls,37.0,20.0,45.95,True,in_stock,USD,"[""4 Years"", ""5 Years"", ""6 Years"", ""7 Years""]",https://tchoozshoes.com/products/63220501,2026-04-10T14:22:54Z,True
tchooz:8961434943745,tchooz,,Puma,Palermo Moda Tongue Women,Low Boots,women,145.0,85.0,41.38,True,in_stock,USD,"[""36"", ""37"", ""38"", ""38.5""]",https://tchoozshoes.com/products/40167904,2026-04-10T14:22:54Z,True
tchooz:8563075481857,tchooz,,Puma,Palermo Lth F-SPORTSTYLE PRIME Men,Low Boots,men,140.0,85.0,39.29,True,in_stock,USD,"[""42"", ""43"", ""44"", ""44.5"", ""45"", ""46"", ""47""]",https://tchoozshoes.com/products/39646401,2026-04-10T14:22:54Z,True
tchooz:8956553920769,tchooz,,Puma,TWEENERVERSE Sweatpants TR Girls,Pants,girls,55.0,35.0,36.36,True,in_stock,USD,"[""8 Years"", ""10 Years"", ""14 Years""]",https://tchoozshoes.com/products/68850734,2026-04-10T14:22:54Z,True
tchooz:8956553756929,tchooz,,Puma,MID90s Cargo Sweatpants FL Boys,Pants,boys,62.0,35.0,43.55,True,in_stock,USD,"[""8 Years"", ""16 Years""]",https://tchoozshoes.com/products/68847404,2026-04-10T14:22:54Z,True
tchooz:8956553691393,tchooz,,Puma,MID90s Layered Hoodie FL Boys,Hoodies,boys,72.0,45.0,37.5,True,in_stock,USD,"[""8 Years"", ""16 Years""]",https://tchoozshoes.com/products/68847304,2026-04-10T14:22:54Z,True
tchooz:8956553593089,tchooz,,Puma,MID90s Graphic Tee III Boys,Tees,boys,32.0,15.0,53.12,True,in_stock,USD,"[""8 Years"", ""10 Years"", ""12 Years"", ""16 Years""]",https://tchoozshoes.com/products/68847226,2026-04-10T14:22:54Z,True
tchooz:8956553429249,tchooz,,Puma,4KEEPS BRA - RIBBON STRIPE PRINT Women,Bras,women,42.0,25.0,40.48,True,in_stock,USD,"[""XS""]",https://tchoozshoes.com/products/52815296,2026-04-10T14:22:54Z,True
tchooz:8956553363713,tchooz,,Puma,4KEEPS BRA - RIBBON STRIPE PRINT Women,Bras,women,42.0,25.0,40.48,True,in_stock,USD,"[""XS""]",https://tchoozshoes.com/products/52815220,2026-04-10T14:22:54Z,True
tchooz:8956553101569,tchooz,,Puma,4KEEPS ELASTIC BRA - P Women,Bras,women,42.0,,,False,in_stock,USD,"[""L""]",https://tchoozshoes.com/products/52696201,2026-04-10T14:22:54Z,True
tchooz:8956552970497,tchooz,,Puma,M TAD TECH Triblend Tee Men,Tees,men,47.0,35.0,25.53,True,in_stock,USD,"[""Navy""]",https://tchoozshoes.com/products/52600680,2026-04-10T14:22:54Z,True
tchooz:8956552872193,tchooz,,Puma,W PUMA STRONG TIGHT - HW FL Women,Tights,women,72.0,45.0,37.5,True,in_stock,USD,"[""XS"", ""L""]",https://tchoozshoes.com/products/52600096,2026-04-10T14:22:54Z,True
tchooz:8956550971649,tchooz,,Puma,NEYMAR JR Graphic ball,Ball,unisex,40.0,,,False,in_stock,USD,"[""5""]",https://tchoozshoes.com/products/8488201,2026-04-10T14:22:54Z,True
tchooz:8953997066497,tchooz,,Puma,Mostro LC Prime Men,Low Boots,men,175.0,105.0,40.0,True,in_stock,USD,"[""Navy""]",https://tchoozshoes.com/products/40433603,2026-04-10T14:22:54Z,True
tchooz:8953984450817,tchooz,,Puma,Mostro LC Prime Men,Low Boots,men,175.0,105.0,40.0,True,in_stock,USD,"[""41"", ""42"", ""43"", ""44"", ""44.5""]",https://tchoozshoes.com/products/40433604,2026-04-10T14:22:54Z,True
tchooz:8743428849921,tchooz,,Puma,Speedcat OG Men,Low Boots,men,160.0,,,False,in_stock,USD,"[""41"", ""42"", ""43"", ""44"", ""44.5"", ""45"", ""47""]",https://tchoozshoes.com/products/39884601,2026-04-10T14:22:54Z,True
tchooz:8770945024257,tchooz,,Puma,Softride Enzo 5 Metallic Women,Low Boots,women,130.0,80.0,38.46,True,in_stock,USD,"[""36"", ""37"", ""39"", ""40""]",https://tchoozshoes.com/products/31047302,2026-04-10T14:22:54Z,True
tchooz:8948707557633,tchooz,,Puma,Mostro LC Prime Men,Low Boots,men,175.0,105.0,40.0,True,in_stock,USD,"[""41"", ""42"", ""43"", ""44"", ""44.5"", ""47""]",https://tchoozshoes.com/products/40433601,2026-04-10T14:22:54Z,True
tchooz:8948707328257,tchooz,,Puma,Palermo Elevata Lth Women,Low Boots,women,135.0,80.0,40.74,True,in_stock,USD,"[""36"", ""37"", ""37.5"", ""38"", ""38.5"", ""39"", ""40""]",https://tchoozshoes.com/products/40046105,2026-04-10T14:22:54Z,True
tchooz:8948707131649,tchooz,,Puma,Cell Solar Men,Low Boots,men,160.0,95.0,40.62,True,in_stock,USD,"[""41"", ""44"", ""46""]",https://tchoozshoes.com/products/31117504,2026-04-10T14:22:54Z,True
tchooz:8824539742465,tchooz,3ME30040106,On,Cloud X 4 Men,Low Boots,men,179.0,,,False,in_stock,USD,"[""42"", ""46"", ""47""]",https://tchoozshoes.com/products/3me30040106,2026-04-10T14:22:54Z,True
tchooz:8944342171905,tchooz,,Puma,GRAPHIC Leopard Tee Girls,Tees,girls,37.0,20.0,45.95,True,in_stock,USD,"[""8 Years"", ""14 Years""]",https://tchoozshoes.com/products/63222502,2026-04-10T14:22:54Z,True
tchooz:8693920530689,tchooz,IG9175,Adidas,ADVANTAGE 2.0 Women,Low Boots,women,126.0,,,False,in_stock,USD,"[""38"", ""38 2/3"", ""39 1/3""]",https://tchoozshoes.com/products/ig9175,2026-04-10T14:22:54Z,True
tchooz:8868212932865,tchooz,IG9184,Adidas,ADVANTAGE BASE 2.0 Men,Low Boots,men,96.0,,,False,in_stock,USD,"[""44 2/3""]",https://tchoozshoes.com/products/ig9184,2026-04-10T14:22:54Z,True
tchooz:8933179359489,tchooz,BB480,New Balance,NEW BALANCE-BB480 Men,Low boots,men,159.0,111.0,30.19,True,in_stock,USD,"[""44.5"", ""45""]",https://tchoozshoes.com/products/bb480peo,2026-04-10T14:22:54Z,True
tchooz:8326243746049,tchooz,,Puma,PUMA X X-GIRL AOP Short Tights Women Sportstyle Prime,Tights,women,50.0,5.0,90.0,True,in_stock,USD,"[""S"", ""M""]",https://tchoozshoes.com/products/62472146,2026-04-10T14:22:54Z,True
tchooz:8610781167873,tchooz,,Puma,PUMA KING ball Unisex,Ball,unisex,35.0,20.0,42.86,True,in_stock,USD,"[""5""]",https://tchoozshoes.com/products/8434901,2026-04-10T14:22:54Z,True
tchooz:8610781102337,tchooz,,Puma,PUMA FINAL Graphic ball Unisex,Ball,unisex,30.0,15.0,50.0,True,in_stock,USD,"[""5""]",https://tchoozshoes.com/products/8434701,2026-04-10T14:22:54Z,True
tchooz:8610781036801,tchooz,,Puma,PUMA CAGE ball Unisex,Ball,unisex,30.0,15.0,50.0,True,in_stock,USD,"[""5""]",https://tchoozshoes.com/products/8434601,2026-04-10T14:22:54Z,True
tchooz:8610780938497,tchooz,,Puma,PUMA PRESTIGE ball Unisex,Ball,unisex,30.0,15.0,50.0,True,in_stock,USD,"[""5""]",https://tchoozshoes.com/products/8399214,2026-04-10T14:22:54Z,True
tchooz:8756551778561,tchooz,,Puma,PUMA STRONG COLORBLOCK TIGHT Women,Tights,women,70.0,30.0,57.14,True,in_stock,USD,"[""Purple""]",https://tchoozshoes.com/products/52600099,2026-04-10T14:22:54Z,True
tchooz:8638799184129,tchooz,,Puma,PUMA Big Cat ball Men,Ball,men,30.0,15.0,50.0,True,in_stock,USD,"[""Yellow""]",https://tchoozshoes.com/products/8421414,2026-04-10T14:22:54Z,True
tchooz:8797797613825,tchooz,,Puma,PUMA X HARRY POTTER Baby Tee Girls,Tees,girls,35.0,10.0,71.43,True,in_stock,USD,"[""Burgundy""]",https://tchoozshoes.com/products/63008213,2026-04-10T14:22:54Z,True
tchooz:8923706786049,tchooz,3WF10110299,On,Cloudswift 4 Women,Low Boots,women,195.0,,,False,in_stock,USD,"[""35.5"", ""36"", ""37"", ""37.5"", ""40.5"", ""41""]",https://tchoozshoes.com/products/3wf10110299,2026-04-10T14:22:54Z,True
tchooz:8923706720513,tchooz,3MF10132661,On,Cloudswift 4 Men,Low Boots,men,195.0,156.0,20.0,True,in_stock,USD,"[""Navy""]",https://tchoozshoes.com/products/3mf10132661,2026-04-10T14:22:54Z,True
tchooz:8923702165761,tchooz,BB550,New Balance,NEW BALANCE-BB550 Women,Low Boots,women,199.0,139.0,30.15,True,in_stock,USD,"[""37"", ""39""]",https://tchoozshoes.com/products/bb550wt1-w,2026-04-10T14:22:54Z,True
tchooz:8923702132993,tchooz,BB550,New Balance,NEW BALANCE-BB550 Men,Low Boots,men,199.0,139.0,30.15,True,in_stock,USD,"[""42"", ""42.5""]",https://tchoozshoes.com/products/bb550wt1,2026-04-10T14:22:54Z,True
tchooz:8921084723457,tchooz,,Puma,DARE TO Flared Pants Women,Pants,women,82.0,50.0,39.02,True,in_stock,USD,"[""S"", ""M"", ""L""]",https://tchoozshoes.com/products/63214701,2026-04-10T14:22:54Z,True
tchooz:8916780712193,tchooz,,Puma,ESS Padded Vest Men,Jackets,men,115.0,,,False,in_stock,USD,"[""Navy""]",https://tchoozshoes.com/products/68520916,2026-04-10T14:22:54Z,True
tchooz:8916780679425,tchooz,,Puma,ESS Padded Vest Men,Jackets,men,115.0,,,False,in_stock,USD,"[""S"", ""M""]",https://tchoozshoes.com/products/68520901,2026-04-10T14:22:54Z,True
tchooz:8916780351745,tchooz,,Puma,WARDROBE ESS Boxy Tee Men,Tees,men,47.0,15.0,68.09,True,in_stock,USD,"[""XXL""]",https://tchoozshoes.com/products/62964575,2026-04-10T14:22:54Z,True
tchooz:8916741751041,tchooz,,Puma,ESS Small No.1 HW Leggings Women,Tights,women,52.0,,,False,in_stock,USD,"[""S"", ""M"", ""L""]",https://tchoozshoes.com/products/68242965,2026-04-10T14:22:54Z,True
tchooz:8916735230209,tchooz,,Puma,BELLA DONNA L Women,Low Boots,women,95.0,50.0,47.37,True,in_stock,USD,"[""36"", ""37"", ""38""]",https://tchoozshoes.com/products/40267203,2026-04-10T14:22:54Z,True
tchooz:8916735164673,tchooz,,Puma,CA Luxe Men,Low Boots,men,135.0,70.0,48.15,True,in_stock,USD,"[""41"", ""42"", ""44"", ""44.5"", ""45""]",https://tchoozshoes.com/products/40082802,2026-04-10T14:22:54Z,True
tchooz:8916734869761,tchooz,,Puma,Divecat v2 Lite Women,Low Boots,women,35.0,,,False,in_stock,USD,"[""37"", ""38"", ""39"", ""40.5""]",https://tchoozshoes.com/products/37482333,2026-04-10T14:22:54Z,True
tchooz:8916734836993,tchooz,,Puma,Divecat v2 Lite Men,Low Boots,men,35.0,,,False,in_stock,USD,"[""Navy""]",https://tchoozshoes.com/products/37482302,2026-04-10T14:22:54Z,True
tchooz:8916734804225,tchooz,,Puma,Divecat v2 Lite Men,Low Boots,men,35.0,,,False,in_stock,USD,"[""40.5"", ""42"", ""43"", ""47""]",https://tchoozshoes.com/products/37482301,2026-04-10T14:22:54Z,True
tchooz:8916734705921,tchooz,,Puma,F1 Caven 2.0 Men,Low Boots,men,125.0,75.0,40.0,True,in_stock,USD,"[""41"", ""42"", ""44"", ""44.5"", ""45"", ""46"", ""47""]",https://tchoozshoes.com/products/30907501,2026-04-10T14:22:54Z,True
tchooz:8916700954881,tchooz,,Puma,ESS Small No.1 Hoodie FL (s) Women,Hoodies,women,72.0,,,False,in_stock,USD,"[""XS""]",https://tchoozshoes.com/products/68239765,2026-04-10T14:22:54Z,True
tchooz:8913686724865,tchooz,,Puma,PUMA CHALLENGER Sports Bag,Bags,unisex,60.0,,,False,in_stock,USD,"[""Navy""]",https://tchoozshoes.com/products/9114508,2026-04-10T14:22:54Z,True
tchooz:8913686561025,tchooz,,Puma,individualRISE Graphic ball,Ball,unisex,30.0,,,False,in_stock,USD,"[""5""]",https://tchoozshoes.com/products/8474201,2026-04-10T14:22:54Z,True
tchooz:8913686298881,tchooz,,Puma,ATTACANTO Play RC,Gloves,unisex,30.0,,,False,in_stock,USD,"[""10"", ""11"", ""9""]",https://tchoozshoes.com/products/4209001,2026-04-10T14:22:54Z,True
tchooz:8770946695425,tchooz,,Puma,Trinity 2 Men,Low Boots,men,115.0,,,False,in_stock,USD,"[""44.5"", ""45"", ""46"", ""47""]",https://tchoozshoes.com/products/40023001,2026-04-10T14:22:54Z,True
tchooz:8743428882689,tchooz,,Puma,Speedcat OG Men,Low Boots,men,150.0,,,False,in_stock,USD,"[""41"", ""43"", ""44"", ""45"", ""46"", ""47""]",https://tchoozshoes.com/products/39884602,2026-04-10T14:22:54Z,True
tchooz:8905131983105,tchooz,,Puma,MID90s Sweatpants TR Boys,Pants,boys,60.0,30.0,50.0,True,in_stock,USD,"[""12 Years"", ""16 Years""]",https://tchoozshoes.com/products/68847034,2026-04-10T14:22:54Z,True
tchooz:8905131950337,tchooz,,Puma,MID90s Graphic Tee II Boys,Tees,boys,32.0,15.0,53.12,True,in_stock,USD,"[""8 Years""]",https://tchoozshoes.com/products/68846587,2026-04-10T14:22:54Z,True
tchooz:8905131589889,tchooz,,Puma,Poly Suit op Women,Suits,women,110.0,,,False,in_stock,USD,"[""XS"", ""S""]",https://tchoozshoes.com/products/68507565,2026-04-10T14:22:54Z,True
tchooz:8905131262209,tchooz,,Puma,Attacanto Logo Jersey jr,Tees,boys,32.0,15.0,53.12,True,in_stock,USD,"[""6 Years"", ""7 Years"", ""12 Years""]",https://tchoozshoes.com/products/66027708,2026-04-10T14:22:54Z,True
tchooz:8905131131137,tchooz,,Puma,PL Polo Men,Tees,men,87.0,45.0,48.28,True,in_stock,USD,"[""S"", ""XXL""]",https://tchoozshoes.com/products/63269201,2026-04-10T14:22:54Z,True
tchooz:8905130115329,tchooz,,Puma,Karmen II Animal Flair Women,Low Boots,women,105.0,65.0,38.1,True,in_stock,USD,"[""37""]",https://tchoozshoes.com/products/40264502,2026-04-10T14:22:54Z,True
tchooz:8905129853185,tchooz,,Puma,ST MILER Men,Low Boots,men,95.0,50.0,47.37,True,in_stock,USD,"[""44""]",https://tchoozshoes.com/products/40162202,2026-04-10T14:22:54Z,True
tchooz:8905129525505,tchooz,,Puma,Speedcat OG Men,Low Boots,men,150.0,75.0,50.0,True,in_stock,USD,"[""Navy""]",https://tchoozshoes.com/products/39884638,2026-04-10T14:22:54Z,True
tchooz:8905129394433,tchooz,,Puma,Graviton Jr,Low Boots,kids,75.0,45.0,40.0,True,in_stock,USD,"[""37"", ""37.5"", ""38"", ""38.5""]",https://tchoozshoes.com/products/38198711,2026-04-10T14:22:54Z,True
tchooz:8905129165057,tchooz,,Puma,F1 RS-X Men,Low Boots,men,170.0,100.0,41.18,True,in_stock,USD,"[""41"", ""45"", ""46"", ""47""]",https://tchoozshoes.com/products/30889301,2026-04-10T14:22:54Z,True
tchooz:8903276396801,tchooz,,New Balance,NEW BALANCE-530 Men,Low Boots,men,169.0,118.0,30.18,True,in_stock,USD,"[""45"", ""43"", ""44""]",https://tchoozshoes.com/products/mr530gmt,2026-04-10T14:22:54Z,True
tchooz:8899130818817,tchooz,JQ9056,Adidas,SAMBA JP Women,Low Boots,women,175.0,131.0,25.14,True,in_stock,USD,"[""37 1/3"", ""38 2/3"", ""39 1/3""]",https://tchoozshoes.com/products/jq9056,2026-04-10T14:22:54Z,True
tchooz:8899130786049,tchooz,JQ9055,Adidas,SAMBA JP Women,Low Boots,women,175.0,,,False,in_stock,USD,"[""37 1/3"", ""38"", ""38 2/3"", ""39 1/3""]",https://tchoozshoes.com/products/jq9055,2026-04-10T14:22:54Z,True
tchooz:8899130556673,tchooz,IH8659,Adidas,SUPERSTAR II Men,Low Boots,men,159.0,,,False,in_stock,USD,"[""42"", ""42 2/3"", ""43 1/3"", ""44"", ""45 1/3"", ""46""]",https://tchoozshoes.com/products/ih8659,2026-04-10T14:22:54Z,True
tchooz:8899130523905,tchooz,IE3439,Adidas,SAMBA OG Men,Low Boots,men,159.0,119.0,25.16,True,in_stock,USD,"[""42 2/3"", ""43 1/3"", ""44""]",https://tchoozshoes.com/products/ie3439,2026-04-10T14:22:54Z,True
tchooz:8898336456961,tchooz,,New Balance,NEW BALANCE-9060 Men,Low Boots,men,255.0,,,False,in_stock,USD,"[""42"", ""43"", ""44"", ""44.5"", ""45""]",https://tchoozshoes.com/products/u9060blk,2026-04-10T14:22:54Z,True
tchooz:8898336358657,tchooz,,New Balance,NEW BALANCE-327 Men,Low Boots,men,169.0,118.0,30.18,True,in_stock,USD,"[""44"", ""44.5""]",https://tchoozshoes.com/products/ms327cwb,2026-04-10T14:22:54Z,True
tchooz:8898336293121,tchooz,BB480,New Balance,NEW BALANCE-BB480 Men,Low Boots,men,159.0,111.0,30.19,True,in_stock,USD,"[""Navy""]",https://tchoozshoes.com/products/bb480pen,2026-04-10T14:22:54Z,True
tchooz:8898208203009,tchooz,,Puma,ESS Padded Vest Women,Jackets,women,115.0,,,False,in_stock,USD,"[""XS"", ""S""]",https://tchoozshoes.com/products/68522901,2026-04-10T14:22:54Z,True
tchooz:8767908479233,tchooz,,Puma,AT ESS Sport Bag Women,Bags,women,70.0,,,False,in_stock,USD,"[""X""]",https://tchoozshoes.com/products/9078004,2026-04-10T14:22:54Z,True
tchooz:8887236296961,tchooz,,Puma,Carina Mia SD Women,Low Boots,women,110.0,55.0,50.0,True,in_stock,USD,"[""36"", ""37""]",https://tchoozshoes.com/products/40263803,2026-04-10T14:22:54Z,True
tchooz:8887235772673,tchooz,,Puma,PUMA Cali Court Lth Women,Low Boots,women,140.0,70.0,50.0,True,in_stock,USD,"[""37""]",https://tchoozshoes.com/products/39380201,2026-04-10T14:22:54Z,True
tchooz:8887235281153,tchooz,,Puma,Mayze Classic Women,Low Boots,women,150.0,75.0,50.0,True,in_stock,USD,"[""36"", ""37"", ""39""]",https://tchoozshoes.com/products/38420901,2026-04-10T14:22:54Z,True
tchooz:8887234789633,tchooz,,Puma,Darter Pro Women,Low Boots,women,120.0,60.0,50.0,True,in_stock,USD,"[""36""]",https://tchoozshoes.com/products/31015230,2026-04-10T14:22:54Z,True
tchooz:8887234658561,tchooz,,Puma,ATTACANTO II FG/AG Junior,Low Boots,boys,65.0,,,False,in_stock,USD,"[""36"", ""37"", ""37.5"", ""38"", ""38.5""]",https://tchoozshoes.com/products/10849701,2026-04-10T14:22:54Z,True
tchooz:8887234560257,tchooz,,Puma,ATTACANTO II FG/AG Junior,Low Boots,boys,65.0,,,False,in_stock,USD,"[""36"", ""37"", ""37.5"", ""38"", ""38.5""]",https://tchoozshoes.com/products/10849603,2026-04-10T14:22:54Z,True
tchooz:8579238822145,tchooz,,Puma,PUMA Wheel Backpack Set CORE Junior,Backpacks,unisex,120.0,,,False,in_stock,USD,"[""X""]",https://tchoozshoes.com/products/9124601,2026-04-10T14:22:54Z,True
tchooz:8568435015937,tchooz,,Puma,FEED YOUR PUMA Backpack PRIME Girls,Backpacks,girls,60.0,,,False,in_stock,USD,"[""X""]",https://tchoozshoes.com/products/9026504,2026-04-10T14:22:54Z,True
tchooz:8568434819329,tchooz,,Puma,FEED YOUR PUMA Backpack PRIME Kids,Backpacks,kids,60.0,,,False,in_stock,USD,"[""X""]",https://tchoozshoes.com/products/9026503,2026-04-10T14:22:54Z,True
tchooz:8568432328961,tchooz,,Puma,BTS lunch bag and backpack Set CORE Unisex,Bags,unisex,70.0,,,False,in_stock,USD,"[""Navy""]",https://tchoozshoes.com/products/7966603,2026-04-10T14:22:54Z,True
tchooz:8568432165121,tchooz,,Puma,BTS lunch bag and backpack Set CORE Women,Bags,unisex,70.0,,,False,in_stock,USD,"[""X""]",https://tchoozshoes.com/products/7966602,2026-04-10T14:22:54Z,True
tchooz:8568432034049,tchooz,,Puma,BTS lunch bag and backpack Set CORE Unisex,Bags,unisex,70.0,,,False,in_stock,USD,"[""X""]",https://tchoozshoes.com/products/7966601,2026-04-10T14:22:54Z,True
tchooz:8880441065729,tchooz,,Puma,ESS Relaxed Small No. 1 Logo Tee Men,Tees,men,37.0,,,False,in_stock,USD,"[""L"", ""XL"", ""XXL""]",https://tchoozshoes.com/products/68915387,2026-04-10T14:22:54Z,True
tchooz:8880441000193,tchooz,,Puma,EVOSTRIPE High-Waist Tights Women,Tights,women,62.0,,,False,in_stock,USD,"[""XS"", ""S"", ""M"", ""L""]",https://tchoozshoes.com/products/68814401,2026-04-10T14:22:54Z,True
tchooz:8880440574209,tchooz,,Puma,GRAPHIC Super Puma Tee Boys,Tees,boys,37.0,20.0,45.95,True,in_stock,USD,"[""8 Years"", ""10 Years""]",https://tchoozshoes.com/products/63222966,2026-04-10T14:22:54Z,True
tchooz:8880440541441,tchooz,,Puma,GRAPHIC Super Puma Tee Boys,Tees,boys,37.0,20.0,45.95,True,in_stock,USD,"[""8 Years"", ""10 Years""]",https://tchoozshoes.com/products/63222902,2026-04-10T14:22:54Z,True
tchooz:8880440508673,tchooz,,Puma,GRAPHIC Super Puma Tee Boys,Tees,boys,37.0,20.0,45.95,True,in_stock,USD,"[""8 Years""]",https://tchoozshoes.com/products/63222901,2026-04-10T14:22:54Z,True
tchooz:8880440475905,tchooz,,Puma,M TAD ESSENTIALS AOP Tee Men,Tees,men,47.0,15.0,68.09,True,in_stock,USD,"[""S""]",https://tchoozshoes.com/products/52671870,2026-04-10T14:22:54Z,True
tchooz:8880440443137,tchooz,,Puma,W PUMA STRONG COLORBLOCKTIGHT - HW 7/8 Women,Tights,women,72.0,35.0,51.39,True,in_stock,USD,"[""XS"", ""S"", ""M"", ""L""]",https://tchoozshoes.com/products/52667982,2026-04-10T14:22:54Z,True
tchooz:8880440377601,tchooz,,Puma,W PUMA STRONG TIGHT - HW FL Women,Tights,women,72.0,35.0,51.39,True,in_stock,USD,"[""XS"", ""M"", ""L""]",https://tchoozshoes.com/products/52600082,2026-04-10T14:22:54Z,True
tchooz:8880440017153,tchooz,,Puma,TR ESS Hairbands,Sportband,unisex,30.0,,,False,in_stock,USD,"[""X""]",https://tchoozshoes.com/products/5345235,2026-04-10T14:22:54Z,True
tchooz:8880434315521,tchooz,,Puma,4KEEPS RUN BRA Women,Bras,women,64.0,30.0,53.12,True,in_stock,USD,"[""XS"", ""S"", ""L""]",https://tchoozshoes.com/products/52495397,2026-04-10T14:22:54Z,True
tchooz:8729738805505,tchooz,,Puma,ESS No. 1 Logo Sweatpants TR cl Men,Pants,men,72.0,,,False,in_stock,USD,"[""Navy""]",https://tchoozshoes.com/products/68260816,2026-04-10T14:22:54Z,True
tchooz:8878473904385,tchooz,,Puma,Speedcat OG Women,Low Boots,women,150.0,75.0,50.0,True,in_stock,USD,"[""37""]",https://tchoozshoes.com/products/40098604,2026-04-10T14:22:54Z,True
tchooz:8878473707777,tchooz,,Puma,RS-X Efekt PRM Men,Low Boots,men,185.0,95.0,48.65,True,in_stock,USD,"[""44""]",https://tchoozshoes.com/products/39077622,2026-04-10T14:22:54Z,True
tchooz:8878473609473,tchooz,,Puma,MB.05 World Tour Men,Low Boots,men,180.0,90.0,50.0,True,in_stock,USD,"[""44"", ""44.5"", ""45"", ""46""]",https://tchoozshoes.com/products/31212901,2026-04-10T14:22:54Z,True
tchooz:8878473347329,tchooz,,Puma,Ferrari Palermo MTSP Men,Low Boots,men,165.0,85.0,48.48,True,in_stock,USD,"[""41"", ""42"", ""43"", ""44"", ""44.5"", ""45"", ""46""]",https://tchoozshoes.com/products/30889903,2026-04-10T14:22:54Z,True
tchooz:8869734220033,tchooz,3WF10102143,On,Cloudsurfer 2 Women,Low Boots,women,195.0,,,False,in_stock,USD,"[""Beige""]",https://tchoozshoes.com/products/3wf10102143,2026-04-10T14:22:54Z,True
tchooz:8868212801793,tchooz,IF0642,Adidas,SAMBA DECON Men,Low Boots,men,223.0,167.0,25.11,True,in_stock,USD,"[""44""]",https://tchoozshoes.com/products/if0642,2026-04-10T14:22:54Z,True
tchooz:8868212736257,tchooz,B75807,Adidas,SAMBA OG Men,Low Boots,men,159.0,,,False,in_stock,USD,"[""44"", ""45 1/3""]",https://tchoozshoes.com/products/b75807,2026-04-10T14:22:54Z,True
tchooz:8860411756801,tchooz,,Puma,4KEEPS RUN BRA Women,Bras,women,64.0,30.0,53.12,True,in_stock,USD,"[""Purple""]",https://tchoozshoes.com/products/52495350,2026-04-10T14:22:54Z,True
tchooz:8578817327361,tchooz,,Puma,Lightweight Runner Cap C-RUNNING/TRAINING Women,Caps,women,35.0,,,False,in_stock,USD,"[""ADLT""]",https://tchoozshoes.com/products/2408012,2026-04-10T14:22:54Z,True
tchooz:8855884628225,tchooz,,On,Cloudmonster Women,Low Boots,women,209.0,,,False,in_stock,USD,"[""37""]",https://tchoozshoes.com/products/61-99024,2026-04-10T14:22:54Z,True
tchooz:8855884497153,tchooz,3WF10091043,On,Cloudflow 5 Women,Low Boots,women,219.0,153.0,30.14,True,in_stock,USD,"[""37""]",https://tchoozshoes.com/products/3wf10091043,2026-04-10T14:22:54Z,True
tchooz:8824316625153,tchooz,,Tchooz Shoes,Gift box,Avis-add-charge,,1.0,,,False,in_stock,USD,"[""Gift box""]",https://tchoozshoes.com/products/gift-box,2026-04-10T14:22:54Z,True
tchooz:8756558037249,tchooz,,Puma,SUPER PUMA Graphic Tee Boys,Tees,boys,35.0,15.0,57.14,True,in_stock,USD,"[""10 Years"", ""14 Years""]",https://tchoozshoes.com/products/62986487,2026-04-10T14:22:54Z,True
tchooz:8751300935937,tchooz,,Puma,PUMA x HOT WHEELS BB Cap Jr,Caps,kids,35.0,,,False,in_stock,USD,"[""YUTH""]",https://tchoozshoes.com/products/2612901,2026-04-10T14:22:54Z,True
tchooz:8808675279105,tchooz,,Puma,Palermo HARRY POTTER Men,Low Boots,men,155.0,40.0,74.19,True,in_stock,USD,"[""Burgundy""]",https://tchoozshoes.com/products/40120901,2026-04-10T14:22:54Z,True
tchooz:8808674623745,tchooz,,Puma,Ferrari Caven 2.0 Color S Men,Low Boots,men,150.0,60.0,60.0,True,in_stock,USD,"[""43"", ""46""]",https://tchoozshoes.com/products/30873901,2026-04-10T14:22:54Z,True
tchooz:8797879009537,tchooz,,Puma,PUMA CAGE ball,Ball,unisex,30.0,,,False,in_stock,USD,"[""Yellow""]",https://tchoozshoes.com/products/8458602,2026-04-10T14:22:54Z,True
tchooz:8797799547137,tchooz,,Puma,PUMA CLASS Shorts 5 TR Women,Shorts,women,50.0,20.0,60.0,True,in_stock,USD,"[""XS""]",https://tchoozshoes.com/products/68503801,2026-04-10T14:22:54Z,True
tchooz:8797795614977,tchooz,,Puma,Mostro Perf Men,Low Boots,men,175.0,105.0,40.0,True,in_stock,USD,"[""41"", ""42"", ""43"", ""44"", ""44.5"", ""45"", ""46"", ""47""]",https://tchoozshoes.com/products/39733102,2026-04-10T14:22:54Z,True
tchooz:8797795483905,tchooz,,Puma,Mostro Perf Men,Low Boots,men,175.0,120.0,31.43,True,in_stock,USD,"[""43"", ""44"", ""45"", ""46""]",https://tchoozshoes.com/products/39733101,2026-04-10T14:22:54Z,True
tchooz:8796423291137,tchooz,,Puma,ESS ELEVATED High-Rise Shorts 5 Women,Shorts,women,50.0,,,False,in_stock,USD,"[""XS"", ""L""]",https://tchoozshoes.com/products/68502887,2026-04-10T14:22:54Z,True
tchooz:8796423127297,tchooz,,Puma,ESS ELEVATED Structured Tee Women,Tees,women,40.0,,,False,in_stock,USD,"[""XS"", ""S"", ""L""]",https://tchoozshoes.com/products/68502701,2026-04-10T14:22:54Z,True
tchooz:8796422340865,tchooz,,Puma,SANDY ADVENTURES Small Backpack Kids,Backpacks,kids,45.0,,,False,in_stock,USD,"[""OSFA""]",https://tchoozshoes.com/products/9133201,2026-04-10T14:22:54Z,True
tchooz:8786938888449,tchooz,,Puma,Epic Flip v2 Men,Low Boots,men,30.0,,,False,in_stock,USD,"[""Navy""]",https://tchoozshoes.com/products/36024872,2026-04-10T14:22:54Z,True
tchooz:8786563629313,tchooz,JI3190,Adidas,SAMBA XLG Men,Low Boots,men,175.0,105.0,40.0,True,in_stock,USD,"[""42 2/3"", ""43 1/3""]",https://tchoozshoes.com/products/ji3190,2026-04-10T14:22:54Z,True
tchooz:8786563498241,tchooz,JI2315,Adidas,BARREDA DECODE Men,Low Boots,men,126.0,,,False,in_stock,USD,"[""42"", ""43 1/3""]",https://tchoozshoes.com/products/ji2315,2026-04-10T14:22:54Z,True
tchooz:8783766520065,tchooz,,Puma,Palermo Elevata Lth Women,Low Boots,women,135.0,45.0,66.67,True,in_stock,USD,"[""36"", ""37"", ""37.5"", ""38"", ""38.5"", ""39"", ""40""]",https://tchoozshoes.com/products/40046102,2026-04-10T14:22:54Z,True
tchooz:8779605115137,tchooz,,Puma,ESS No. 1 Logo Tee Women,Tees,women,30.0,,,False,in_stock,USD,"[""S""]",https://tchoozshoes.com/products/68237130,2026-04-10T14:22:54Z,True
tchooz:8779605016833,tchooz,,Puma,ESS NO.1 LOGOB Cap Unisex,Caps,unisex,20.0,,,False,in_stock,USD,"[""X""]",https://tchoozshoes.com/products/2599903,2026-04-10T14:22:54Z,True
tchooz:8779604951297,tchooz,,Puma,ESS SCRIPT LOGO Dad Cap Unisex,Caps,unisex,25.0,,,False,in_stock,USD,"[""X""]",https://tchoozshoes.com/products/2599602,2026-04-10T14:22:54Z,True
tchooz:8778506207489,tchooz,,Puma,Palermo Elevata Lth Women,Low Boots,women,135.0,45.0,66.67,True,in_stock,USD,"[""36"", ""37"", ""37.5"", ""38"", ""39""]",https://tchoozshoes.com/products/40046101,2026-04-10T14:22:54Z,True
tchooz:8778504929537,tchooz,,Puma,ULTRA 5 PLAY TT Jr Boys,Low Boots,boys,70.0,30.0,57.14,True,in_stock,USD,"[""37"", ""37.5""]",https://tchoozshoes.com/products/10833301,2026-04-10T14:22:54Z,True
tchooz:8778504864001,tchooz,,Puma,RUNNING Visor,Caps,unisex,25.0,,,False,in_stock,USD,"[""X""]",https://tchoozshoes.com/products/2616502,2026-04-10T14:22:54Z,True
tchooz:8767908544769,tchooz,,Puma,Training Sportsbag M Unisex,Bags,unisex,80.0,,,False,in_stock,USD,"[""X""]",https://tchoozshoes.com/products/9092003,2026-04-10T14:22:54Z,True
tchooz:8767908184321,tchooz,,Puma,WARDROBE ESS GRAPHIC Dad Cap Unisex,Caps,unisex,35.0,,,False,in_stock,USD,"[""X""]",https://tchoozshoes.com/products/2615502,2026-04-10T14:22:54Z,True
tchooz:8766058103041,tchooz,,Puma,M RUN VELOCITY TEE Men,Tees,men,41.0,,,False,in_stock,USD,"[""S"", ""M"", ""L"", ""XL"", ""XXL""]",https://tchoozshoes.com/products/52660002,2026-04-10T14:22:54Z,True
tchooz:8766057775361,tchooz,,Puma,M TAD TECH Triblend Tee Men,Tees,men,47.0,35.0,25.53,True,in_stock,USD,"[""XXL""]",https://tchoozshoes.com/products/52600601,2026-04-10T14:22:54Z,True
tchooz:8756415496449,tchooz,,Puma,RUN ULTRAWEAVE 2IN1 4 SHORT Women,Shorts,women,90.0,,,False,in_stock,USD,"[""XS"", ""S"", ""M"", ""L""]",https://tchoozshoes.com/products/52666601,2026-04-10T14:22:54Z,True
tchooz:8751920972033,tchooz,,New Balance,New Balance Footwear-530 Men,Low Boots,men,189.0,,,False,in_stock,USD,"[""42.5"", ""43"", ""44"", ""44.5"", ""45""]",https://tchoozshoes.com/products/mr530abd,2026-04-10T14:22:54Z,True
tchooz:8751720759553,tchooz,,Puma,Easy Rider Road to Unity Men,Low boots,men,145.0,60.0,58.62,True,in_stock,USD,"[""Burgundy""]",https://tchoozshoes.com/products/40133901,2026-04-10T14:22:54Z,True
tchooz:8751719481601,tchooz,,Puma,ATTACANTO IT Men,Low boots,men,70.0,,,False,in_stock,USD,"[""39"", ""41"", ""42"", ""42.5"", ""44.5"", ""45"", ""46""]",https://tchoozshoes.com/products/10747901,2026-04-10T14:22:54Z,True
tchooz:8751306309889,tchooz,,Puma,PUMA CLASS HW Flared Leggings G Girls,Tights,girls,45.0,15.0,66.67,True,in_stock,USD,"[""14 Years"", ""16 Years""]",https://tchoozshoes.com/products/68587018,2026-04-10T14:22:54Z,True
tchooz:8751301492993,tchooz,,Puma,PUMA Big Cat ball Men,Ball,men,30.0,,,False,in_stock,USD,"[""5""]",https://tchoozshoes.com/products/8458901,2026-04-10T14:22:54Z,True
tchooz:8751301427457,tchooz,,Puma,ATTACANTO Graphic Men,Ball,men,30.0,,,False,in_stock,USD,"[""5""]",https://tchoozshoes.com/products/8407319,2026-04-10T14:22:54Z,True
tchooz:8751301361921,tchooz,,Puma,ATTACANTO Graphic Men,Ball,men,30.0,,,False,in_stock,USD,"[""5""]",https://tchoozshoes.com/products/8407317,2026-04-10T14:22:54Z,True
tchooz:8751301329153,tchooz,,Puma,AT Sportbands (6pcs) Women,Sportband,women,30.0,,,False,in_stock,USD,"[""X""]",https://tchoozshoes.com/products/5345233,2026-04-10T14:22:54Z,True
tchooz:8751301132545,tchooz,,Puma,BMW MMS BB Cap Men,Caps,men,40.0,,,False,in_stock,USD,"[""X""]",https://tchoozshoes.com/products/2623302,2026-04-10T14:22:54Z,True
tchooz:8751300870401,tchooz,,Puma,ESS NO.1 LOGO BB Cap Jr,Caps,boys,20.0,,,False,in_stock,USD,"[""YUTH""]",https://tchoozshoes.com/products/2611503,2026-04-10T14:22:54Z,True
tchooz:8751300772097,tchooz,,Puma,PL BB Cap Men,Caps,men,35.0,,,False,in_stock,USD,"[""X""]",https://tchoozshoes.com/products/2609402,2026-04-10T14:22:54Z,True
tchooz:8740654842113,tchooz,,Puma,NEYMAR JR Graphic ball Unisex,Ball,unisex,35.0,,,False,in_stock,USD,"[""5""]",https://tchoozshoes.com/products/8467801,2026-04-10T14:22:54Z,True
tchooz:8740654809345,tchooz,,Puma,PUMA x HK&FR Trucker Cap Jr Kids,Caps,girls,35.0,,,False,in_stock,USD,"[""YUTH""]",https://tchoozshoes.com/products/2612801,2026-04-10T14:22:54Z,True
tchooz:8718538440961,tchooz,,Puma,Easy Rider Mix Men,Low Boots,men,145.0,75.0,48.28,True,in_stock,USD,"[""43"", ""44"", ""44.5"", ""45"", ""46"", ""47""]",https://tchoozshoes.com/products/39902501,2026-04-10T14:22:54Z,True
tchooz:8718535885057,tchooz,,Puma,PUMA PHASE Gym Sack Unisex,Bags,unisex,20.0,,,False,in_stock,USD,"[""Navy""]",https://tchoozshoes.com/products/9116302,2026-04-10T14:22:54Z,True
tchooz:8718535819521,tchooz,,Puma,PUMA PHASE Gym Sack Unisex,Bags,unisex,20.0,,,False,in_stock,USD,"[""X""]",https://tchoozshoes.com/products/9116301,2026-04-10T14:22:54Z,True
tchooz:8718535655681,tchooz,,Puma,PUMA CHALLENGER Sports Bag Unisex,Bags,unisex,60.0,,,False,in_stock,USD,"[""Navy""]",https://tchoozshoes.com/products/9114503,2026-04-10T14:22:54Z,True
tchooz:8718535065857,tchooz,,Puma,PUMA ULTRA Play RC Unisex,Gloves,unisex,35.0,,,False,in_stock,USD,"[""8"", ""10""]",https://tchoozshoes.com/products/4195206,2026-04-10T14:22:54Z,True
tchooz:8693922038017,tchooz,3WF10060299,On,Cloud 6 Women,Low Boots,women,179.0,,,False,in_stock,USD,"[""36"", ""37"", ""38"", ""39"", ""40""]",https://tchoozshoes.com/products/3wf10060299,2026-04-10T14:22:54Z,True
tchooz:8689303453953,tchooz,,Puma,ESS Logo Tee Women,Tees,women,30.0,,,False,in_stock,USD,"[""XS""]",https://tchoozshoes.com/products/68237001,2026-04-10T14:22:54Z,True
tchooz:8689303027969,tchooz,,Puma,Inhale Men,Low Boots,men,160.0,65.0,59.38,True,in_stock,USD,"[""44""]",https://tchoozshoes.com/products/40156002,2026-04-10T14:22:54Z,True
tchooz:8689302208769,tchooz,,Puma,Easy Rider Vintage Men,Low Boots,men,145.0,75.0,48.28,True,in_stock,USD,"[""44"", ""44.5"", ""45"", ""46"", ""47""]",https://tchoozshoes.com/products/39902810,2026-04-10T14:22:54Z,True
tchooz:8689302110465,tchooz,,Puma,Palermo Lth Men,Low Boots,men,140.0,85.0,39.29,True,in_stock,USD,"[""41"", ""42"", ""43"", ""44"", ""44.5"", ""45"", ""46""]",https://tchoozshoes.com/products/39646403,2026-04-10T14:22:54Z,True
tchooz:8689301389569,tchooz,,Puma,PUMA ULTRA Play RC Men,Gloves,men,35.0,,,False,in_stock,USD,"[""8"", ""10""]",https://tchoozshoes.com/products/4195208,2026-04-10T14:22:54Z,True
tchooz:8613839667457,tchooz,,Puma,ATTACANTO FG/AG Men,Low Boots,men,70.0,,,False,in_stock,USD,"[""42"", ""42.5"", ""43"", ""44"", ""44.5"", ""45"", ""47""]",https://tchoozshoes.com/products/10747701,2026-04-10T14:22:54Z,True
tchooz:6911406112960,tchooz,,Puma,At Sportbands (6Pcs) Running/Training Unisex,Sportband,unisex,30.0,,,False,in_stock,USD,"[""X""]",https://tchoozshoes.com/products/5345209,2026-04-10T14:22:54Z,True
tchooz:8638799282433,tchooz,,Puma,PUMA FINAL Graphic ball Men,Ball,men,30.0,15.0,50.0,True,in_stock,USD,"[""Yellow""]",https://tchoozshoes.com/products/8434702,2026-04-10T14:22:54Z,True
tchooz:8594548457729,tchooz,,Puma,All-Day Active AC+ PS Unisex/Boys,Low Boots,unisex,60.0,40.0,33.33,True,in_stock,USD,"[""28"", ""29"", ""30"", ""31"", ""34""]",https://tchoozshoes.com/products/38738706,2026-04-10T14:22:54Z,True
tchooz:8568433803521,tchooz,,Puma,ATTACANTO Graphic TEAMSPORT Unisex,Ball,unisex,30.0,,,False,in_stock,USD,"[""5""]",https://tchoozshoes.com/products/8407310,2026-04-10T14:22:54Z,True
tchooz:8568431083777,tchooz,,Puma,PUMA TR bottle core TRAINING Unisex,Waterbottles,unisex,15.0,,,False,in_stock,USD,"[""X""]",https://tchoozshoes.com/products/5381332,2026-04-10T14:22:54Z,True
tchooz:8528029876481,tchooz,,Puma,ATTACANTO FG/AG TEAMSPORT Men,Low Boots,men,70.0,40.0,42.86,True,in_stock,USD,"[""41"", ""42"", ""42.5"", ""43"", ""44"", ""44.5"", ""45"", ""46"", ""47""]",https://tchoozshoes.com/products/10747709,2026-04-10T14:22:54Z,True
tchooz:8465284759809,tchooz,,Puma,ULTRA Light Strap C-TEAMSPORT Unisex,Shinguards,unisex,25.0,,,False,in_stock,USD,"[""XS"", ""M"", ""L""]",https://tchoozshoes.com/products/3087503,2026-04-10T14:22:54Z,True
tchooz:8301584154881,tchooz,,Puma,PUMA Men's Trunks 2 pack Dark Grey -NO EXCHANGE-,Boxer,men,30.0,,,False,in_stock,USD,"[""Dark Grey""]",https://tchoozshoes.com/products/100000884008,2026-04-10T14:22:54Z,True
tchooz:8301561741569,tchooz,,Puma,PUMA Men's Trunks 2 pack Black -NO EXCHANGE-,Boxer,men,30.0,,,False,in_stock,USD,"[""XL""]",https://tchoozshoes.com/products/100000884001,2026-04-10T14:22:54Z,True
tchooz:6749543956672,tchooz,,Liveup and Fitness Brands,Yoga Foam Roller,Yoga Roller,unisex,16.0,,,False,in_stock,USD,"[""Purple""]",https://tchoozshoes.com/products/yogafoampunos,2026-04-10T14:22:54Z,True
tchooz:7650168602881,tchooz,,Puma,Ess+ Logo Leggings G Sportstyle/Core Girls,Tights,girls,15.0,,,False,in_stock,USD,"[""14 Years"", ""16 years""]",https://tchoozshoes.com/products/84696001,2026-04-10T14:22:54Z,True
tchooz:6749543825600,tchooz,,Liveup and Fitness Brands,Live Up Power Latex Band-Medium,Latex Band,unisex,6.0,,,False,in_stock,USD,"[""X""]",https://tchoozshoes.com/products/latxbndmdunos,2026-04-10T14:22:54Z,True
