sku_id,week_start_date,week_number,label,days_of_supply,sell_through_rate,velocity_ratio,price_gap_pct,gross_margin_pct,seasonal_mult,rule_triggered
SKU-JC9577,2026-01-01,1,,,,1.0,0.1538,0.5289,,cold_start
SKU-JC9577,2026-01-08,2,,,,1.0,0.1538,0.5289,,cold_start
SKU-JC9577,2026-01-15,3,,,,1.0,0.1538,0.5289,,cold_start
SKU-JC9577,2026-01-22,4,,,,1.0,0.1538,0.5289,,cold_start
SKU-JC9577,2026-01-29,5,HOLD,999.0,0.0,1.0,0.1538,0.5289,0.9,rule_hold
SKU-JC9577,2026-02-05,6,HOLD,999.0,0.0,1.0,0.1538,0.5289,0.9,rule_hold
SKU-JC9577,2026-02-12,7,HOLD,999.0,0.0,1.0,0.1538,0.5289,0.9,rule_hold
SKU-JC9577,2026-02-19,8,HOLD,999.0,0.0,1.0,0.1538,0.5289,0.9,rule_hold
SKU-JC9577,2026-02-26,9,HOLD,999.0,0.0,1.0,0.1538,0.5289,1.014,rule_hold
SKU-JC9577,2026-03-05,10,HOLD,999.0,0.0,1.0,0.1538,0.5289,1.1,rule_hold
SKU-JC9577,2026-03-12,11,HOLD,999.0,0.0,1.0,0.1538,0.5289,1.1,rule_hold
SKU-JC9577,2026-03-19,12,HOLD,999.0,0.0,1.0,0.1538,0.5289,1.1,rule_hold
SKU-JC9577,2026-03-26,13,HOLD,999.0,0.0,1.0,0.1538,0.5289,1.114,rule_hold
SKU-JC9577,2026-04-02,14,PROMOTE,999.0,0.0,1.0,0.1538,0.5289,1.2,rule_promote
SKU-JC9577,2026-04-09,15,PROMOTE,999.0,0.0,1.0,0.1538,0.5289,1.2,rule_promote
SKU-JC9577,2026-04-16,16,PROMOTE,999.0,0.0,1.0,0.1538,0.5289,1.2,rule_promote
SKU-JC9577,2026-04-23,17,PROMOTE,999.0,0.0,1.0,0.1538,0.5289,1.2,rule_promote
SKU-JC9577,2026-04-30,18,HOLD,999.0,0.0,1.0,0.1538,0.5289,1.114,rule_hold
SKU-JC9577,2026-05-07,19,HOLD,999.0,0.0,1.0,0.1538,0.5289,1.1,rule_hold
SKU-JC9577,2026-05-14,20,HOLD,999.0,0.0,1.0,0.1538,0.5289,1.1,rule_hold
SKU-JC9577,2026-05-21,21,HOLD,999.0,0.0,1.0,0.1538,0.5289,1.1,rule_hold
SKU-JC9577,2026-05-28,22,HOLD,999.0,0.0,1.0,0.1538,0.5289,0.971,rule_hold
SKU-JC9577,2026-06-04,23,HOLD,999.0,0.0,1.0,0.1538,0.5289,0.8,rule_hold
SKU-JC9577,2026-06-11,24,HOLD,999.0,0.0,1.0,0.1538,0.5289,0.8,rule_hold
SKU-JC9577,2026-06-18,25,HOLD,999.0,0.0,1.0,0.1538,0.5289,0.8,rule_hold
SKU-JC9577,2026-06-25,26,HOLD,999.0,0.0,1.0,0.1538,0.5289,0.786,rule_hold
SKU-JC9577,2026-07-02,27,HOLD,999.0,0.0,1.0,0.1538,0.5289,0.7,rule_hold
SKU-JC9577,2026-07-09,28,HOLD,999.0,0.0,1.0,0.1538,0.5289,0.7,rule_hold
SKU-JC9577,2026-07-16,29,HOLD,999.0,0.0,1.0,0.1538,0.5289,0.7,rule_hold
SKU-JC9577,2026-07-23,30,HOLD,999.0,0.0,1.0,0.1538,0.5289,0.7,rule_hold
SKU-JC9577,2026-07-30,31,HOLD,999.0,0.0,1.0,0.1538,0.5289,0.771,rule_hold
SKU-JC9577,2026-08-06,32,HOLD,999.0,0.0,1.0,0.1538,0.5289,0.8,rule_hold
SKU-JC9577,2026-08-13,33,HOLD,999.0,0.0,1.0,0.1538,0.5289,0.8,rule_hold
SKU-JC9577,2026-08-20,34,HOLD,999.0,0.0,1.0,0.1538,0.5289,0.8,rule_hold
SKU-JC9577,2026-08-27,35,HOLD,999.0,0.0,1.0,0.1538,0.5289,1.029,rule_hold
SKU-JC9577,2026-09-03,36,PROMOTE,84.0,0.25,1.0,0.1538,0.5289,1.6,rule_promote
SKU-JC9577,2026-09-10,37,MARKDOWN,84.0,0.25,0.2857,0.1538,0.5289,1.6,rule_markdown
SKU-JC9577,2026-09-17,38,PROMOTE,28.0,0.5,2.5714,0.1538,0.5289,1.6,rule_promote
SKU-JC9577,2026-09-24,39,PROMOTE,28.0,0.5,0.4286,0.1538,0.5289,1.6,rule_promote
SKU-JC9577,2026-10-01,40,MARKDOWN,56.0,0.5,0.0,0.1538,0.5289,1.1,rule_markdown
SKU-JC9577,2026-10-08,41,MARKDOWN,112.0,0.3333,0.0,0.1538,0.5289,1.1,rule_markdown
SKU-JC9577,2026-10-15,42,HOLD,999.0,0.3333,0.8571,0.1538,0.5289,1.1,rule_hold
SKU-JC9577,2026-10-22,43,HOLD,999.0,0.3333,1.0,0.1538,0.5289,1.1,rule_hold
SKU-JC9577,2026-10-29,44,HOLD,999.0,0.3333,1.0,0.1538,0.5289,1.043,rule_hold
SKU-JC9577,2026-11-05,45,HOLD,999.0,0.3333,1.0,0.1538,0.5289,1.0,rule_hold
SKU-JC9577,2026-11-12,46,HOLD,999.0,0.3333,1.0,0.1538,0.5289,1.0,rule_hold
SKU-JC9577,2026-11-19,47,HOLD,999.0,0.3333,1.0,0.1538,0.5289,1.0,rule_hold
SKU-JC9577,2026-11-26,48,HOLD,999.0,0.3333,1.0,0.1538,0.5289,1.0,rule_hold
SKU-JC9577,2026-12-03,49,HOLD,999.0,0.3333,1.0,0.1538,0.5289,1.0,rule_hold
SKU-JC9577,2026-12-10,50,HOLD,999.0,0.3333,1.0,0.1538,0.5289,1.0,rule_hold
SKU-JC9577,2026-12-17,51,HOLD,999.0,0.3333,1.0,0.1538,0.5289,1.0,rule_hold
SKU-JC9577,2026-12-24,52,HOLD,999.0,0.3333,1.0,0.1538,0.5289,1.0,rule_hold
SKU-IC9759,2026-01-01,1,,,,1.0,-0.0234,0.539,,cold_start
SKU-IC9759,2026-01-08,2,,,,1.0,-0.0234,0.539,,cold_start
SKU-IC9759,2026-01-15,3,,,,1.0,-0.0234,0.539,,cold_start
SKU-IC9759,2026-01-22,4,,,,1.0,-0.0234,0.539,,cold_start
SKU-IC9759,2026-01-29,5,MARKDOWN,140.0,0.1667,0.2857,-0.0234,0.539,0.9,rule_markdown
SKU-IC9759,2026-02-05,6,MARKDOWN,140.0,0.1667,0.0,-0.0234,0.539,0.9,rule_markdown
SKU-IC9759,2026-02-12,7,MARKDOWN,140.0,0.1667,0.0,-0.0234,0.539,0.9,rule_markdown
SKU-IC9759,2026-02-19,8,MARKDOWN,999.0,0.1667,0.7143,-0.0234,0.539,0.9,rule_markdown
SKU-IC9759,2026-02-26,9,HOLD,999.0,0.1667,1.0,-0.0234,0.539,1.014,rule_hold
SKU-IC9759,2026-03-05,10,HOLD,999.0,0.1667,1.0,-0.0234,0.539,1.1,rule_hold
SKU-IC9759,2026-03-12,11,HOLD,112.0,0.3333,1.0,-0.0234,0.539,1.1,rule_hold
SKU-IC9759,2026-03-19,12,HOLD,42.0,0.5,2.1429,-0.0234,0.539,1.1,rule_hold
SKU-IC9759,2026-03-26,13,HOLD,42.0,0.5,0.0,-0.0234,0.539,1.114,rule_hold
SKU-IC9759,2026-04-02,14,PROMOTE,42.0,0.5,0.0,-0.0234,0.539,1.2,rule_promote
SKU-IC9759,2026-04-09,15,PROMOTE,84.0,0.5,0.0,-0.0234,0.539,1.2,rule_promote
SKU-IC9759,2026-04-16,16,PROMOTE,56.0,0.6667,1.0,-0.0234,0.539,1.2,rule_promote
SKU-IC9759,2026-04-23,17,PROMOTE,56.0,0.6667,0.0,-0.0234,0.539,1.2,rule_promote
SKU-IC9759,2026-04-30,18,HOLD,56.0,0.6667,0.0,-0.0234,0.539,1.114,rule_hold
SKU-IC9759,2026-05-07,19,HOLD,14.0,0.8333,2.1429,-0.0234,0.539,1.1,rule_hold
SKU-IC9759,2026-05-14,20,HOLD,28.0,0.8333,0.2857,-0.0234,0.539,1.1,rule_hold
SKU-IC9759,2026-05-21,21,HOLD,28.0,0.75,0.4286,-0.0234,0.539,1.1,rule_hold
SKU-IC9759,2026-05-28,22,HOLD,28.0,0.75,2.5714,-0.0234,0.539,0.971,rule_hold
SKU-IC9759,2026-06-04,23,HOLD,9.33,0.8889,2.5714,-0.0234,0.539,0.8,rule_hold
SKU-IC9759,2026-06-11,24,HOLD,9.33,0.8889,3.4286,-0.0234,0.539,0.8,rule_hold
SKU-IC9759,2026-06-18,25,HOLD,70.0,0.6154,0.0,-0.0234,0.539,0.8,rule_hold
SKU-IC9759,2026-06-25,26,HOLD,70.0,0.6154,0.0,-0.0234,0.539,0.786,rule_hold
SKU-IC9759,2026-07-02,27,HOLD,999.0,0.6154,0.4286,-0.0234,0.539,0.7,rule_hold
SKU-IC9759,2026-07-09,28,HOLD,999.0,0.6154,1.0,-0.0234,0.539,0.7,rule_hold
SKU-IC9759,2026-07-16,29,HOLD,999.0,0.6154,1.0,-0.0234,0.539,0.7,rule_hold
SKU-IC9759,2026-07-23,30,HOLD,999.0,0.6154,1.0,-0.0234,0.539,0.7,rule_hold
SKU-IC9759,2026-07-30,31,HOLD,999.0,0.6154,1.0,-0.0234,0.539,0.771,rule_hold
SKU-IC9759,2026-08-06,32,HOLD,999.0,0.6154,1.0,-0.0234,0.539,0.8,rule_hold
SKU-IC9759,2026-08-13,33,HOLD,999.0,0.6154,1.0,-0.0234,0.539,0.8,rule_hold
SKU-IC9759,2026-08-20,34,HOLD,999.0,0.6154,1.0,-0.0234,0.539,0.8,rule_hold
SKU-IC9759,2026-08-27,35,HOLD,999.0,0.6154,1.0,-0.0234,0.539,1.029,rule_hold
SKU-IC9759,2026-09-03,36,PROMOTE,999.0,0.6154,1.0,-0.0234,0.539,1.6,rule_promote
SKU-IC9759,2026-09-10,37,PROMOTE,999.0,0.6154,1.0,-0.0234,0.539,1.6,rule_promote
SKU-IC9759,2026-09-17,38,PROMOTE,999.0,0.6154,1.0,-0.0234,0.539,1.6,rule_promote
SKU-IC9759,2026-09-24,39,PROMOTE,999.0,0.6154,1.0,-0.0234,0.539,1.6,rule_promote
SKU-IC9759,2026-10-01,40,HOLD,999.0,0.6154,1.0,-0.0234,0.539,1.1,rule_hold
SKU-IC9759,2026-10-08,41,HOLD,112.0,0.6923,1.0,-0.0234,0.539,1.1,rule_hold
SKU-IC9759,2026-10-15,42,HOLD,112.0,0.6923,0.8571,-0.0234,0.539,1.1,rule_hold
SKU-IC9759,2026-10-22,43,HOLD,112.0,0.6923,0.0,-0.0234,0.539,1.1,rule_hold
SKU-IC9759,2026-10-29,44,HOLD,112.0,0.6923,0.0,-0.0234,0.539,1.043,rule_hold
SKU-IC9759,2026-11-05,45,HOLD,999.0,0.6923,0.1429,-0.0234,0.539,1.0,rule_hold
SKU-IC9759,2026-11-12,46,HOLD,999.0,0.6923,1.0,-0.0234,0.539,1.0,rule_hold
SKU-IC9759,2026-11-19,47,HOLD,999.0,0.6923,1.0,-0.0234,0.539,1.0,rule_hold
SKU-IC9759,2026-11-26,48,HOLD,84.0,0.7692,1.0,-0.0234,0.539,1.0,rule_hold
SKU-IC9759,2026-12-03,49,HOLD,84.0,0.7692,0.0,-0.0234,0.539,1.0,rule_hold
SKU-IC9759,2026-12-10,50,HOLD,84.0,0.7692,0.0,-0.0234,0.539,1.0,rule_hold
SKU-IC9759,2026-12-17,51,HOLD,84.0,0.7692,0.0,-0.0234,0.539,1.0,rule_hold
SKU-IC9759,2026-12-24,52,HOLD,999.0,0.7692,1.0,-0.0234,0.539,1.0,rule_hold
SKU-IZ0114,2026-01-01,1,,,,1.0,0.1212,0.529,,cold_start
SKU-IZ0114,2026-01-08,2,,,,1.0,0.1212,0.529,,cold_start
SKU-IZ0114,2026-01-15,3,,,,1.0,0.1212,0.529,,cold_start
SKU-IZ0114,2026-01-22,4,,,,1.0,0.1212,0.529,,cold_start
SKU-IZ0114,2026-01-29,5,CLEAR,999.0,0.0,1.0,0.1212,0.529,0.9,rule_clear
SKU-IZ0114,2026-02-05,6,CLEAR,999.0,0.0,1.0,0.1212,0.529,0.9,rule_clear
SKU-IZ0114,2026-02-12,7,CLEAR,999.0,0.0,1.0,0.1212,0.529,0.9,rule_clear
SKU-IZ0114,2026-02-19,8,CLEAR,999.0,0.0,1.0,0.1212,0.529,0.9,rule_clear
SKU-IZ0114,2026-02-26,9,CLEAR,999.0,0.0,1.0,0.1212,0.529,1.014,rule_clear
SKU-IZ0114,2026-03-05,10,CLEAR,999.0,0.0,1.0,0.1212,0.529,1.1,rule_clear
SKU-IZ0114,2026-03-12,11,CLEAR,999.0,0.0,1.0,0.1212,0.529,1.1,rule_clear
SKU-IZ0114,2026-03-19,12,CLEAR,999.0,0.0,1.0,0.1212,0.529,1.1,rule_clear
SKU-IZ0114,2026-03-26,13,CLEAR,999.0,0.0,1.0,0.1212,0.529,1.114,rule_clear
SKU-IZ0114,2026-04-02,14,PROMOTE,999.0,0.0,1.0,0.1212,0.529,1.2,rule_promote
SKU-IZ0114,2026-04-09,15,PROMOTE,999.0,0.0,1.0,0.1212,0.529,1.2,rule_promote
SKU-IZ0114,2026-04-16,16,PROMOTE,999.0,0.0,1.0,0.1212,0.529,1.2,rule_promote
SKU-IZ0114,2026-04-23,17,PROMOTE,999.0,0.0,1.0,0.1212,0.529,1.2,rule_promote
SKU-IZ0114,2026-04-30,18,CLEAR,999.0,0.0,1.0,0.1212,0.529,1.114,rule_clear
SKU-IZ0114,2026-05-07,19,CLEAR,999.0,0.0,1.0,0.1212,0.529,1.1,rule_clear
SKU-IZ0114,2026-05-14,20,CLEAR,999.0,0.0,1.0,0.1212,0.529,1.1,rule_clear
SKU-IZ0114,2026-05-21,21,CLEAR,999.0,0.0,1.0,0.1212,0.529,1.1,rule_clear
SKU-IZ0114,2026-05-28,22,CLEAR,999.0,0.0,1.0,0.1212,0.529,0.971,rule_clear
SKU-IZ0114,2026-06-04,23,CLEAR,999.0,0.0,1.0,0.1212,0.529,0.8,rule_clear
SKU-IZ0114,2026-06-11,24,CLEAR,999.0,0.0,1.0,0.1212,0.529,0.8,rule_clear
SKU-IZ0114,2026-06-18,25,CLEAR,999.0,0.0,1.0,0.1212,0.529,0.8,rule_clear
SKU-IZ0114,2026-06-25,26,CLEAR,999.0,0.0,1.0,0.1212,0.529,0.786,rule_clear
SKU-IZ0114,2026-07-02,27,CLEAR,999.0,0.0,1.0,0.1212,0.529,0.7,rule_clear
SKU-IZ0114,2026-07-09,28,CLEAR,999.0,0.0,1.0,0.1212,0.529,0.7,rule_clear
SKU-IZ0114,2026-07-16,29,CLEAR,999.0,0.0,1.0,0.1212,0.529,0.7,rule_clear
SKU-IZ0114,2026-07-23,30,CLEAR,999.0,0.0,1.0,0.1212,0.529,0.7,rule_clear
SKU-IZ0114,2026-07-30,31,CLEAR,999.0,0.0,1.0,0.1212,0.529,0.771,rule_clear
SKU-IZ0114,2026-08-06,32,CLEAR,999.0,0.0,1.0,0.1212,0.529,0.8,rule_clear
SKU-IZ0114,2026-08-13,33,CLEAR,999.0,0.0,1.0,0.1212,0.529,0.8,rule_clear
SKU-IZ0114,2026-08-20,34,CLEAR,999.0,0.0,1.0,0.1212,0.529,0.8,rule_clear
SKU-IZ0114,2026-08-27,35,CLEAR,999.0,0.0,1.0,0.1212,0.529,1.029,rule_clear
SKU-IZ0114,2026-09-03,36,PROMOTE,999.0,0.0,1.0,0.1212,0.529,1.6,rule_promote
SKU-IZ0114,2026-09-10,37,PROMOTE,999.0,0.0,1.0,0.1212,0.529,1.6,rule_promote
SKU-IZ0114,2026-09-17,38,PROMOTE,999.0,0.0,1.0,0.1212,0.529,1.6,rule_promote
SKU-IZ0114,2026-09-24,39,PROMOTE,999.0,0.0,1.0,0.1212,0.529,1.6,rule_promote
SKU-IZ0114,2026-10-01,40,CLEAR,999.0,0.0,1.0,0.1212,0.529,1.1,rule_clear
SKU-IZ0114,2026-10-08,41,CLEAR,999.0,0.0,1.0,0.1212,0.529,1.1,rule_clear
SKU-IZ0114,2026-10-15,42,CLEAR,999.0,0.0,1.0,0.1212,0.529,1.1,rule_clear
SKU-IZ0114,2026-10-22,43,CLEAR,999.0,0.0,1.0,0.1212,0.529,1.1,rule_clear
SKU-IZ0114,2026-10-29,44,CLEAR,999.0,0.0,1.0,0.1212,0.529,1.043,rule_clear
SKU-IZ0114,2026-11-05,45,CLEAR,999.0,0.0,1.0,0.1212,0.529,1.0,rule_clear
SKU-IZ0114,2026-11-12,46,CLEAR,999.0,0.0,1.0,0.1212,0.529,1.0,rule_clear
SKU-IZ0114,2026-11-19,47,CLEAR,999.0,0.0,1.0,0.1212,0.529,1.0,rule_clear
SKU-IZ0114,2026-11-26,48,CLEAR,999.0,0.0,1.0,0.1212,0.529,1.0,rule_clear
SKU-IZ0114,2026-12-03,49,CLEAR,999.0,0.0,1.0,0.1212,0.529,1.0,rule_clear
SKU-IZ0114,2026-12-10,50,CLEAR,999.0,0.0,1.0,0.1212,0.529,1.0,rule_clear
SKU-IZ0114,2026-12-17,51,CLEAR,999.0,0.0,1.0,0.1212,0.529,1.0,rule_clear
SKU-IZ0114,2026-12-24,52,CLEAR,999.0,0.0,1.0,0.1212,0.529,1.0,rule_clear
SKU-IY9861,2026-01-01,1,,,,1.0,0.0612,0.5311,,cold_start
SKU-IY9861,2026-01-08,2,,,,1.0,0.0612,0.5311,,cold_start
SKU-IY9861,2026-01-15,3,,,,1.0,0.0612,0.5311,,cold_start
SKU-IY9861,2026-01-22,4,,,,1.0,0.0612,0.5311,,cold_start
SKU-IY9861,2026-01-29,5,HOLD,999.0,0.0,1.0,0.0612,0.5311,0.9,rule_hold
SKU-IY9861,2026-02-05,6,HOLD,999.0,0.0,1.0,0.0612,0.5311,0.9,rule_hold
SKU-IY9861,2026-02-12,7,HOLD,999.0,0.0,1.0,0.0612,0.5311,0.9,rule_hold
SKU-IY9861,2026-02-19,8,HOLD,999.0,0.0,1.0,0.0612,0.5311,0.9,rule_hold
SKU-IY9861,2026-02-26,9,HOLD,999.0,0.0,1.0,0.0612,0.5311,1.014,rule_hold
SKU-IY9861,2026-03-05,10,HOLD,308.0,0.0833,1.0,0.0612,0.5311,1.1,rule_hold
SKU-IY9861,2026-03-12,11,MARKDOWN,308.0,0.0833,0.1429,0.0612,0.5311,1.1,rule_markdown
SKU-IY9861,2026-03-19,12,MARKDOWN,308.0,0.0833,0.0,0.0612,0.5311,1.1,rule_markdown
SKU-IY9861,2026-03-26,13,HOLD,140.0,0.1667,1.2857,0.0612,0.5311,1.114,rule_hold
SKU-IY9861,2026-04-02,14,PROMOTE,280.0,0.1667,0.8571,0.0612,0.5311,1.2,rule_promote
SKU-IY9861,2026-04-09,15,PROMOTE,126.0,0.25,2.1429,0.0612,0.5311,1.2,rule_promote
SKU-IY9861,2026-04-16,16,PROMOTE,126.0,0.25,0.8571,0.0612,0.5311,1.2,rule_promote
SKU-IY9861,2026-04-23,17,MARKDOWN,112.0,0.3333,0.4286,0.0612,0.5311,1.2,rule_markdown
SKU-IY9861,2026-04-30,18,HOLD,112.0,0.3333,2.5714,0.0612,0.5311,1.114,rule_hold
SKU-IY9861,2026-05-07,19,MARKDOWN,224.0,0.3333,0.0,0.0612,0.5311,1.1,rule_markdown
SKU-IY9861,2026-05-14,20,MARKDOWN,224.0,0.3333,0.0,0.0612,0.5311,1.1,rule_markdown
SKU-IY9861,2026-05-21,21,MARKDOWN,999.0,0.3333,0.1429,0.0612,0.5311,1.1,rule_markdown
SKU-IY9861,2026-05-28,22,HOLD,999.0,0.3333,1.0,0.0612,0.5311,0.971,rule_hold
SKU-IY9861,2026-06-04,23,HOLD,999.0,0.3333,1.0,0.0612,0.5311,0.8,rule_hold
SKU-IY9861,2026-06-11,24,HOLD,196.0,0.4167,1.0,0.0612,0.5311,0.8,rule_hold
SKU-IY9861,2026-06-18,25,MARKDOWN,196.0,0.4167,0.7143,0.0612,0.5311,0.8,rule_markdown
SKU-IY9861,2026-06-25,26,MARKDOWN,196.0,0.4167,0.0,0.0612,0.5311,0.786,rule_markdown
SKU-IY9861,2026-07-02,27,MARKDOWN,196.0,0.4167,0.0,0.0612,0.5311,0.7,rule_markdown
SKU-IY9861,2026-07-09,28,MARKDOWN,999.0,0.4167,0.2857,0.0612,0.5311,0.7,rule_markdown
SKU-IY9861,2026-07-16,29,HOLD,999.0,0.4167,1.0,0.0612,0.5311,0.7,rule_hold
SKU-IY9861,2026-07-23,30,HOLD,999.0,0.4167,1.0,0.0612,0.5311,0.7,rule_hold
SKU-IY9861,2026-07-30,31,HOLD,168.0,0.5,1.0,0.0612,0.5311,0.771,rule_hold
SKU-IY9861,2026-08-06,32,HOLD,70.0,0.5833,2.0,0.0612,0.5311,0.8,rule_hold
SKU-IY9861,2026-08-13,33,HOLD,70.0,0.5833,1.2857,0.0612,0.5311,0.8,rule_hold
SKU-IY9861,2026-08-20,34,HOLD,37.33,0.6667,0.8571,0.0612,0.5311,0.8,rule_hold
SKU-IY9861,2026-08-27,35,HOLD,56.0,0.6667,0.8571,0.0612,0.5311,1.029,rule_hold
SKU-IY9861,2026-09-03,36,MARKDOWN,112.0,0.6667,0.0,0.0612,0.5311,1.6,rule_markdown
SKU-IY9861,2026-09-10,37,PROMOTE,70.0,0.6429,1.7143,0.0612,0.5311,1.6,rule_promote
SKU-IY9861,2026-09-17,38,PROMOTE,140.0,0.6429,1.2857,0.0612,0.5311,1.6,rule_promote
SKU-IY9861,2026-09-24,39,PROMOTE,28.0,0.7857,3.8571,0.0612,0.5311,1.6,rule_promote
SKU-IY9861,2026-10-01,40,HOLD,28.0,0.7857,1.0714,0.0612,0.5311,1.1,rule_hold
SKU-IY9861,2026-10-08,41,MARKDOWN,70.0,0.6875,0.0,0.0612,0.5311,1.1,rule_markdown
SKU-IY9861,2026-10-15,42,MARKDOWN,70.0,0.6875,0.0,0.0612,0.5311,1.1,rule_markdown
SKU-IY9861,2026-10-22,43,MARKDOWN,999.0,0.6875,0.2857,0.0612,0.5311,1.1,rule_markdown
SKU-IY9861,2026-10-29,44,HOLD,112.0,0.75,1.0,0.0612,0.5311,1.043,rule_hold
SKU-IY9861,2026-11-05,45,MARKDOWN,112.0,0.75,0.7143,0.0612,0.5311,1.0,rule_markdown
SKU-IY9861,2026-11-12,46,MARKDOWN,112.0,0.75,0.0,0.0612,0.5311,1.0,rule_markdown
SKU-IY9861,2026-11-19,47,MARKDOWN,112.0,0.75,0.0,0.0612,0.5311,1.0,rule_markdown
SKU-IY9861,2026-11-26,48,HOLD,84.0,0.8125,2.4286,0.0612,0.5311,1.0,rule_hold
SKU-IY9861,2026-12-03,49,MARKDOWN,84.0,0.8125,0.0,0.0612,0.5311,1.0,rule_markdown
SKU-IY9861,2026-12-10,50,HOLD,9.33,0.9375,4.7143,0.0612,0.5311,1.0,rule_hold
SKU-IY9861,2026-12-17,51,HOLD,18.67,0.8824,1.0714,0.0612,0.5311,1.0,rule_hold
SKU-IY9861,2026-12-24,52,HOLD,28.0,0.8824,0.0,0.0612,0.5311,1.0,rule_hold
SKU-H11427,2026-01-01,1,,,,1.0,0.0225,0.5105,,cold_start
SKU-H11427,2026-01-08,2,,,,1.0,0.0225,0.5105,,cold_start
SKU-H11427,2026-01-15,3,,,,1.0,0.0225,0.5105,,cold_start
SKU-H11427,2026-01-22,4,,,,1.0,0.0225,0.5105,,cold_start
SKU-H11427,2026-01-29,5,HOLD,999.0,0.0,1.0,0.0225,0.5105,0.9,rule_hold
SKU-H11427,2026-02-05,6,HOLD,999.0,0.0,1.0,0.0225,0.5105,0.9,rule_hold
SKU-H11427,2026-02-12,7,HOLD,999.0,0.0,1.0,0.0225,0.5105,0.9,rule_hold
SKU-H11427,2026-02-19,8,HOLD,999.0,0.0,1.0,0.0225,0.5105,0.9,rule_hold
SKU-H11427,2026-02-26,9,HOLD,999.0,0.0,1.0,0.0225,0.5105,1.014,rule_hold
SKU-H11427,2026-03-05,10,HOLD,999.0,0.0,1.0,0.0225,0.5105,1.1,rule_hold
SKU-H11427,2026-03-12,11,HOLD,999.0,0.0,1.0,0.0225,0.5105,1.1,rule_hold
SKU-H11427,2026-03-19,12,HOLD,999.0,0.0,1.0,0.0225,0.5105,1.1,rule_hold
SKU-H11427,2026-03-26,13,HOLD,999.0,0.0,1.0,0.0225,0.5105,1.114,rule_hold
SKU-H11427,2026-04-02,14,PROMOTE,196.0,0.125,1.0,0.0225,0.5105,1.2,rule_promote
SKU-H11427,2026-04-09,15,PROMOTE,84.0,0.25,1.2857,0.0225,0.5105,1.2,rule_promote
SKU-H11427,2026-04-16,16,PROMOTE,84.0,0.25,2.1429,0.0225,0.5105,1.2,rule_promote
SKU-H11427,2026-04-23,17,MARKDOWN,84.0,0.25,0.0,0.0225,0.5105,1.2,rule_markdown
SKU-H11427,2026-04-30,18,MARKDOWN,168.0,0.25,0.0,0.0225,0.5105,1.114,rule_markdown
SKU-H11427,2026-05-07,19,HOLD,140.0,0.375,2.0,0.0225,0.5105,1.1,rule_hold
SKU-H11427,2026-05-14,20,MARKDOWN,140.0,0.375,0.1429,0.0225,0.5105,1.1,rule_markdown
SKU-H11427,2026-05-21,21,MARKDOWN,140.0,0.375,0.0,0.0225,0.5105,1.1,rule_markdown
SKU-H11427,2026-05-28,22,HOLD,56.0,0.5,2.5714,0.0225,0.5105,0.971,rule_hold
SKU-H11427,2026-06-04,23,MARKDOWN,112.0,0.5,0.4286,0.0225,0.5105,0.8,rule_markdown
SKU-H11427,2026-06-11,24,MARKDOWN,112.0,0.5,0.0,0.0225,0.5105,0.8,rule_markdown
SKU-H11427,2026-06-18,25,HOLD,42.0,0.625,0.8571,0.0225,0.5105,0.8,rule_hold
SKU-H11427,2026-06-25,26,HOLD,84.0,0.625,1.0,0.0225,0.5105,0.786,rule_hold
SKU-H11427,2026-07-02,27,MARKDOWN,84.0,0.625,0.0,0.0225,0.5105,0.7,rule_markdown
SKU-H11427,2026-07-09,28,MARKDOWN,84.0,0.625,0.0,0.0225,0.5105,0.7,rule_markdown
SKU-H11427,2026-07-16,29,MARKDOWN,999.0,0.625,0.2857,0.0225,0.5105,0.7,rule_markdown
SKU-H11427,2026-07-23,30,HOLD,999.0,0.625,1.0,0.0225,0.5105,0.7,rule_hold
SKU-H11427,2026-07-30,31,HOLD,999.0,0.625,1.0,0.0225,0.5105,0.771,rule_hold
SKU-H11427,2026-08-06,32,HOLD,56.0,0.75,1.0,0.0225,0.5105,0.8,rule_hold
SKU-H11427,2026-08-13,33,HOLD,56.0,0.75,0.8571,0.0225,0.5105,0.8,rule_hold
SKU-H11427,2026-08-20,34,HOLD,14.0,0.875,1.7143,0.0225,0.5105,0.8,rule_hold
SKU-H11427,2026-08-27,35,HOLD,14.0,0.875,1.2857,0.0225,0.5105,1.029,rule_hold
SKU-H11427,2026-09-03,36,MARKDOWN,112.0,0.6364,0.0,0.0225,0.5105,1.6,rule_markdown
SKU-H11427,2026-09-10,37,MARKDOWN,112.0,0.6364,0.0,0.0225,0.5105,1.6,rule_markdown
SKU-H11427,2026-09-17,38,PROMOTE,84.0,0.7273,1.4286,0.0225,0.5105,1.6,rule_promote
SKU-H11427,2026-09-24,39,MARKDOWN,84.0,0.7273,0.1429,0.0225,0.5105,1.6,rule_markdown
SKU-H11427,2026-10-01,40,MARKDOWN,84.0,0.7273,0.0,0.0225,0.5105,1.1,rule_markdown
SKU-H11427,2026-10-08,41,MARKDOWN,84.0,0.7273,0.0,0.0225,0.5105,1.1,rule_markdown
SKU-H11427,2026-10-15,42,HOLD,999.0,0.7273,0.8571,0.0225,0.5105,1.1,rule_hold
SKU-H11427,2026-10-22,43,HOLD,999.0,0.7273,1.0,0.0225,0.5105,1.1,rule_hold
SKU-H11427,2026-10-29,44,HOLD,999.0,0.7273,1.0,0.0225,0.5105,1.043,rule_hold
SKU-H11427,2026-11-05,45,HOLD,999.0,0.7273,1.0,0.0225,0.5105,1.0,rule_hold
SKU-H11427,2026-11-12,46,HOLD,999.0,0.7273,1.0,0.0225,0.5105,1.0,rule_hold
SKU-H11427,2026-11-19,47,HOLD,999.0,0.7273,1.0,0.0225,0.5105,1.0,rule_hold
SKU-H11427,2026-11-26,48,HOLD,56.0,0.8182,1.0,0.0225,0.5105,1.0,rule_hold
SKU-H11427,2026-12-03,49,MARKDOWN,56.0,0.8182,0.4286,0.0225,0.5105,1.0,rule_markdown
SKU-H11427,2026-12-10,50,MARKDOWN,56.0,0.8182,0.0,0.0225,0.5105,1.0,rule_markdown
SKU-H11427,2026-12-17,51,MARKDOWN,56.0,0.8182,0.0,0.0225,0.5105,1.0,rule_markdown
SKU-H11427,2026-12-24,52,MARKDOWN,999.0,0.8182,0.5714,0.0225,0.5105,1.0,rule_markdown
SKU-GC8048,2026-01-01,1,,,,1.0,0.1674,0.5129,,cold_start
SKU-GC8048,2026-01-08,2,,,,1.0,0.1674,0.5129,,cold_start
SKU-GC8048,2026-01-15,3,,,,1.0,0.1674,0.5129,,cold_start
SKU-GC8048,2026-01-22,4,,,,1.0,0.1674,0.5129,,cold_start
SKU-GC8048,2026-01-29,5,CLEAR,999.0,0.0,1.0,0.1674,0.5129,0.9,rule_clear
SKU-GC8048,2026-02-05,6,CLEAR,999.0,0.0,1.0,0.1674,0.5129,0.9,rule_clear
SKU-GC8048,2026-02-12,7,CLEAR,999.0,0.0,1.0,0.1674,0.5129,0.9,rule_clear
SKU-GC8048,2026-02-19,8,CLEAR,999.0,0.0,1.0,0.1674,0.5129,0.9,rule_clear
SKU-GC8048,2026-02-26,9,CLEAR,999.0,0.0,1.0,0.1674,0.5129,1.014,rule_clear
SKU-GC8048,2026-03-05,10,CLEAR,999.0,0.0,1.0,0.1674,0.5129,1.1,rule_clear
SKU-GC8048,2026-03-12,11,CLEAR,999.0,0.0,1.0,0.1674,0.5129,1.1,rule_clear
SKU-GC8048,2026-03-19,12,CLEAR,999.0,0.0,1.0,0.1674,0.5129,1.1,rule_clear
SKU-GC8048,2026-03-26,13,CLEAR,999.0,0.0,1.0,0.1674,0.5129,1.114,rule_clear
SKU-GC8048,2026-04-02,14,PROMOTE,999.0,0.0,1.0,0.1674,0.5129,1.2,rule_promote
SKU-GC8048,2026-04-09,15,PROMOTE,999.0,0.0,1.0,0.1674,0.5129,1.2,rule_promote
SKU-GC8048,2026-04-16,16,PROMOTE,999.0,0.0,1.0,0.1674,0.5129,1.2,rule_promote
SKU-GC8048,2026-04-23,17,PROMOTE,999.0,0.0,1.0,0.1674,0.5129,1.2,rule_promote
SKU-GC8048,2026-04-30,18,CLEAR,999.0,0.0,1.0,0.1674,0.5129,1.114,rule_clear
SKU-GC8048,2026-05-07,19,CLEAR,999.0,0.0,1.0,0.1674,0.5129,1.1,rule_clear
SKU-GC8048,2026-05-14,20,CLEAR,999.0,0.0,1.0,0.1674,0.5129,1.1,rule_clear
SKU-GC8048,2026-05-21,21,CLEAR,999.0,0.0,1.0,0.1674,0.5129,1.1,rule_clear
SKU-GC8048,2026-05-28,22,CLEAR,999.0,0.0,1.0,0.1674,0.5129,0.971,rule_clear
SKU-GC8048,2026-06-04,23,CLEAR,999.0,0.0,1.0,0.1674,0.5129,0.8,rule_clear
SKU-GC8048,2026-06-11,24,CLEAR,999.0,0.0,1.0,0.1674,0.5129,0.8,rule_clear
SKU-GC8048,2026-06-18,25,CLEAR,999.0,0.0,1.0,0.1674,0.5129,0.8,rule_clear
SKU-GC8048,2026-06-25,26,CLEAR,999.0,0.0,1.0,0.1674,0.5129,0.786,rule_clear
SKU-GC8048,2026-07-02,27,CLEAR,999.0,0.0,1.0,0.1674,0.5129,0.7,rule_clear
SKU-GC8048,2026-07-09,28,CLEAR,999.0,0.0,1.0,0.1674,0.5129,0.7,rule_clear
SKU-GC8048,2026-07-16,29,CLEAR,999.0,0.0,1.0,0.1674,0.5129,0.7,rule_clear
SKU-GC8048,2026-07-23,30,CLEAR,999.0,0.0,1.0,0.1674,0.5129,0.7,rule_clear
SKU-GC8048,2026-07-30,31,CLEAR,999.0,0.0,1.0,0.1674,0.5129,0.771,rule_clear
SKU-GC8048,2026-08-06,32,CLEAR,999.0,0.0,1.0,0.1674,0.5129,0.8,rule_clear
SKU-GC8048,2026-08-13,33,CLEAR,999.0,0.0,1.0,0.1674,0.5129,0.8,rule_clear
SKU-GC8048,2026-08-20,34,CLEAR,999.0,0.0,1.0,0.1674,0.5129,0.8,rule_clear
SKU-GC8048,2026-08-27,35,CLEAR,999.0,0.0,1.0,0.1674,0.5129,1.029,rule_clear
SKU-GC8048,2026-09-03,36,PROMOTE,999.0,0.0,1.0,0.1674,0.5129,1.6,rule_promote
SKU-GC8048,2026-09-10,37,PROMOTE,999.0,0.0,1.0,0.1674,0.5129,1.6,rule_promote
SKU-GC8048,2026-09-17,38,PROMOTE,999.0,0.0,1.0,0.1674,0.5129,1.6,rule_promote
SKU-GC8048,2026-09-24,39,PROMOTE,999.0,0.0,1.0,0.1674,0.5129,1.6,rule_promote
SKU-GC8048,2026-10-01,40,CLEAR,999.0,0.0,1.0,0.1674,0.5129,1.1,rule_clear
SKU-GC8048,2026-10-08,41,CLEAR,999.0,0.0,1.0,0.1674,0.5129,1.1,rule_clear
SKU-GC8048,2026-10-15,42,CLEAR,999.0,0.0,1.0,0.1674,0.5129,1.1,rule_clear
SKU-GC8048,2026-10-22,43,CLEAR,999.0,0.0,1.0,0.1674,0.5129,1.1,rule_clear
SKU-GC8048,2026-10-29,44,CLEAR,999.0,0.0,1.0,0.1674,0.5129,1.043,rule_clear
SKU-GC8048,2026-11-05,45,CLEAR,999.0,0.0,1.0,0.1674,0.5129,1.0,rule_clear
SKU-GC8048,2026-11-12,46,CLEAR,999.0,0.0,1.0,0.1674,0.5129,1.0,rule_clear
SKU-GC8048,2026-11-19,47,CLEAR,999.0,0.0,1.0,0.1674,0.5129,1.0,rule_clear
SKU-GC8048,2026-11-26,48,CLEAR,999.0,0.0,1.0,0.1674,0.5129,1.0,rule_clear
SKU-GC8048,2026-12-03,49,CLEAR,999.0,0.0,1.0,0.1674,0.5129,1.0,rule_clear
SKU-GC8048,2026-12-10,50,CLEAR,999.0,0.0,1.0,0.1674,0.5129,1.0,rule_clear
SKU-GC8048,2026-12-17,51,CLEAR,999.0,0.0,1.0,0.1674,0.5129,1.0,rule_clear
SKU-GC8048,2026-12-24,52,CLEAR,999.0,0.0,1.0,0.1674,0.5129,1.0,rule_clear
SKU-IA4790,2026-01-01,1,,,,1.0,-0.0241,0.5043,,cold_start
SKU-IA4790,2026-01-08,2,,,,1.0,-0.0241,0.5043,,cold_start
SKU-IA4790,2026-01-15,3,,,,1.0,-0.0241,0.5043,,cold_start
SKU-IA4790,2026-01-22,4,,,,1.0,-0.0241,0.5043,,cold_start
SKU-IA4790,2026-01-29,5,MARKDOWN,140.0,0.1667,0.0,-0.0241,0.5043,0.9,rule_markdown
SKU-IA4790,2026-02-05,6,MARKDOWN,140.0,0.1667,0.0,-0.0241,0.5043,0.9,rule_markdown
SKU-IA4790,2026-02-12,7,MARKDOWN,999.0,0.1667,0.5714,-0.0241,0.5043,0.9,rule_markdown
SKU-IA4790,2026-02-19,8,HOLD,999.0,0.1667,1.0,-0.0241,0.5043,0.9,rule_hold
SKU-IA4790,2026-02-26,9,HOLD,999.0,0.1667,1.0,-0.0241,0.5043,1.014,rule_hold
SKU-IA4790,2026-03-05,10,HOLD,999.0,0.1667,1.0,-0.0241,0.5043,1.1,rule_hold
SKU-IA4790,2026-03-12,11,HOLD,999.0,0.1667,1.0,-0.0241,0.5043,1.1,rule_hold
SKU-IA4790,2026-03-19,12,HOLD,999.0,0.1667,1.0,-0.0241,0.5043,1.1,rule_hold
SKU-IA4790,2026-03-26,13,HOLD,112.0,0.3333,1.0,-0.0241,0.5043,1.114,rule_hold
SKU-IA4790,2026-04-02,14,MARKDOWN,112.0,0.3333,0.4286,-0.0241,0.5043,1.2,rule_markdown
SKU-IA4790,2026-04-09,15,MARKDOWN,112.0,0.3333,0.0,-0.0241,0.5043,1.2,rule_markdown
SKU-IA4790,2026-04-16,16,MARKDOWN,112.0,0.3333,0.0,-0.0241,0.5043,1.2,rule_markdown
SKU-IA4790,2026-04-23,17,MARKDOWN,999.0,0.3333,0.5714,-0.0241,0.5043,1.2,rule_markdown
SKU-IA4790,2026-04-30,18,HOLD,999.0,0.3333,1.0,-0.0241,0.5043,1.114,rule_hold
SKU-IA4790,2026-05-07,19,HOLD,999.0,0.3333,1.0,-0.0241,0.5043,1.1,rule_hold
SKU-IA4790,2026-05-14,20,HOLD,999.0,0.3333,1.0,-0.0241,0.5043,1.1,rule_hold
SKU-IA4790,2026-05-21,21,HOLD,999.0,0.3333,1.0,-0.0241,0.5043,1.1,rule_hold
SKU-IA4790,2026-05-28,22,HOLD,999.0,0.3333,1.0,-0.0241,0.5043,0.971,rule_hold
SKU-IA4790,2026-06-04,23,HOLD,999.0,0.3333,1.0,-0.0241,0.5043,0.8,rule_hold
SKU-IA4790,2026-06-11,24,HOLD,999.0,0.3333,1.0,-0.0241,0.5043,0.8,rule_hold
SKU-IA4790,2026-06-18,25,HOLD,999.0,0.3333,1.0,-0.0241,0.5043,0.8,rule_hold
SKU-IA4790,2026-06-25,26,HOLD,84.0,0.5,1.0,-0.0241,0.5043,0.786,rule_hold
SKU-IA4790,2026-07-02,27,HOLD,84.0,0.5,0.7143,-0.0241,0.5043,0.7,rule_hold
SKU-IA4790,2026-07-09,28,HOLD,84.0,0.5,0.0,-0.0241,0.5043,0.7,rule_hold
SKU-IA4790,2026-07-16,29,HOLD,84.0,0.5,0.0,-0.0241,0.5043,0.7,rule_hold
SKU-IA4790,2026-07-23,30,HOLD,999.0,0.5,0.2857,-0.0241,0.5043,0.7,rule_hold
SKU-IA4790,2026-07-30,31,HOLD,999.0,0.5,1.0,-0.0241,0.5043,0.771,rule_hold
SKU-IA4790,2026-08-06,32,HOLD,999.0,0.5,1.0,-0.0241,0.5043,0.8,rule_hold
SKU-IA4790,2026-08-13,33,HOLD,999.0,0.5,1.0,-0.0241,0.5043,0.8,rule_hold
SKU-IA4790,2026-08-20,34,HOLD,56.0,0.6667,1.0,-0.0241,0.5043,0.8,rule_hold
SKU-IA4790,2026-08-27,35,HOLD,56.0,0.6667,0.0,-0.0241,0.5043,1.029,rule_hold
SKU-IA4790,2026-09-03,36,PROMOTE,56.0,0.6667,0.0,-0.0241,0.5043,1.6,rule_promote
SKU-IA4790,2026-09-10,37,PROMOTE,14.0,0.8333,1.7143,-0.0241,0.5043,1.6,rule_promote
SKU-IA4790,2026-09-17,38,PROMOTE,28.0,0.8333,0.4286,-0.0241,0.5043,1.6,rule_promote
SKU-IA4790,2026-09-24,39,HOLD,0.0,1.0,2.5714,-0.0241,0.5043,1.6,rule_hold
SKU-IA4790,2026-10-01,40,HOLD,42.0,0.6667,0.4286,-0.0241,0.5043,1.1,rule_hold
SKU-IA4790,2026-10-08,41,HOLD,84.0,0.6667,0.0,-0.0241,0.5043,1.1,rule_hold
SKU-IA4790,2026-10-15,42,HOLD,84.0,0.6667,0.0,-0.0241,0.5043,1.1,rule_hold
SKU-IA4790,2026-10-22,43,HOLD,56.0,0.7778,0.8571,-0.0241,0.5043,1.1,rule_hold
SKU-IA4790,2026-10-29,44,HOLD,56.0,0.7778,0.4286,-0.0241,0.5043,1.043,rule_hold
SKU-IA4790,2026-11-05,45,HOLD,56.0,0.7778,0.0,-0.0241,0.5043,1.0,rule_hold
SKU-IA4790,2026-11-12,46,HOLD,56.0,0.7778,0.0,-0.0241,0.5043,1.0,rule_hold
SKU-IA4790,2026-11-19,47,HOLD,999.0,0.7778,0.5714,-0.0241,0.5043,1.0,rule_hold
SKU-IA4790,2026-11-26,48,HOLD,999.0,0.7778,1.0,-0.0241,0.5043,1.0,rule_hold
SKU-IA4790,2026-12-03,49,HOLD,999.0,0.7778,1.0,-0.0241,0.5043,1.0,rule_hold
SKU-IA4790,2026-12-10,50,HOLD,999.0,0.7778,1.0,-0.0241,0.5043,1.0,rule_hold
SKU-IA4790,2026-12-17,51,HOLD,999.0,0.7778,1.0,-0.0241,0.5043,1.0,rule_hold
SKU-IA4790,2026-12-24,52,HOLD,999.0,0.7778,1.0,-0.0241,0.5043,1.0,rule_hold
SKU-JM8134,2026-01-01,1,,,,1.0,0.0024,0.5731,,cold_start
SKU-JM8134,2026-01-08,2,,,,1.0,0.0024,0.5731,,cold_start
SKU-JM8134,2026-01-15,3,,,,1.0,0.0024,0.5731,,cold_start
SKU-JM8134,2026-01-22,4,,,,1.0,0.0024,0.5731,,cold_start
SKU-JM8134,2026-01-29,5,HOLD,999.0,0.0,1.0,0.0024,0.5731,0.9,rule_hold
SKU-JM8134,2026-02-05,6,HOLD,999.0,0.0,1.0,0.0024,0.5731,0.9,rule_hold
SKU-JM8134,2026-02-12,7,HOLD,999.0,0.0,1.0,0.0024,0.5731,0.9,rule_hold
SKU-JM8134,2026-02-19,8,HOLD,999.0,0.0,1.0,0.0024,0.5731,0.9,rule_hold
SKU-JM8134,2026-02-26,9,HOLD,999.0,0.0,1.0,0.0024,0.5731,1.014,rule_hold
SKU-JM8134,2026-03-05,10,HOLD,999.0,0.0,1.0,0.0024,0.5731,1.1,rule_hold
SKU-JM8134,2026-03-12,11,HOLD,999.0,0.0,1.0,0.0024,0.5731,1.1,rule_hold
SKU-JM8134,2026-03-19,12,HOLD,999.0,0.0,1.0,0.0024,0.5731,1.1,rule_hold
SKU-JM8134,2026-03-26,13,HOLD,999.0,0.0,1.0,0.0024,0.5731,1.114,rule_hold
SKU-JM8134,2026-04-02,14,PROMOTE,999.0,0.0,1.0,0.0024,0.5731,1.2,rule_promote
SKU-JM8134,2026-04-09,15,PROMOTE,280.0,0.0909,1.0,0.0024,0.5731,1.2,rule_promote
SKU-JM8134,2026-04-16,16,MARKDOWN,280.0,0.0909,0.7143,0.0024,0.5731,1.2,rule_markdown
SKU-JM8134,2026-04-23,17,MARKDOWN,126.0,0.1818,0.4286,0.0024,0.5731,1.2,rule_markdown
SKU-JM8134,2026-04-30,18,HOLD,126.0,0.1818,2.5714,0.0024,0.5731,1.114,rule_hold
SKU-JM8134,2026-05-07,19,MARKDOWN,252.0,0.1818,0.0,0.0024,0.5731,1.1,rule_markdown
SKU-JM8134,2026-05-14,20,HOLD,112.0,0.2727,1.7143,0.0024,0.5731,1.1,rule_hold
SKU-JM8134,2026-05-21,21,HOLD,224.0,0.2727,1.2857,0.0024,0.5731,1.1,rule_hold
SKU-JM8134,2026-05-28,22,MARKDOWN,224.0,0.2727,0.0,0.0024,0.5731,0.971,rule_markdown
SKU-JM8134,2026-06-04,23,MARKDOWN,224.0,0.2727,0.0,0.0024,0.5731,0.8,rule_markdown
SKU-JM8134,2026-06-11,24,MARKDOWN,999.0,0.2727,0.5714,0.0024,0.5731,0.8,rule_markdown
SKU-JM8134,2026-06-18,25,HOLD,999.0,0.2727,1.0,0.0024,0.5731,0.8,rule_hold
SKU-JM8134,2026-06-25,26,HOLD,999.0,0.2727,1.0,0.0024,0.5731,0.786,rule_hold
SKU-JM8134,2026-07-02,27,HOLD,196.0,0.3636,1.0,0.0024,0.5731,0.7,rule_hold
SKU-JM8134,2026-07-09,28,HOLD,196.0,0.3636,0.8571,0.0024,0.5731,0.7,rule_hold
SKU-JM8134,2026-07-16,29,MARKDOWN,196.0,0.3636,0.0,0.0024,0.5731,0.7,rule_markdown
SKU-JM8134,2026-07-23,30,MARKDOWN,196.0,0.3636,0.0,0.0024,0.5731,0.7,rule_markdown
SKU-JM8134,2026-07-30,31,MARKDOWN,999.0,0.3636,0.1429,0.0024,0.5731,0.771,rule_markdown
SKU-JM8134,2026-08-06,32,HOLD,999.0,0.3636,1.0,0.0024,0.5731,0.8,rule_hold
SKU-JM8134,2026-08-13,33,HOLD,999.0,0.3636,1.0,0.0024,0.5731,0.8,rule_hold
SKU-JM8134,2026-08-20,34,HOLD,168.0,0.4545,1.0,0.0024,0.5731,0.8,rule_hold
SKU-JM8134,2026-08-27,35,MARKDOWN,168.0,0.4545,0.4286,0.0024,0.5731,1.029,rule_markdown
SKU-JM8134,2026-09-03,36,MARKDOWN,168.0,0.4545,0.0,0.0024,0.5731,1.6,rule_markdown
SKU-JM8134,2026-09-10,37,MARKDOWN,168.0,0.4545,0.0,0.0024,0.5731,1.6,rule_markdown
SKU-JM8134,2026-09-17,38,MARKDOWN,999.0,0.4545,0.5714,0.0024,0.5731,1.6,rule_markdown
SKU-JM8134,2026-09-24,39,PROMOTE,999.0,0.4545,1.0,0.0024,0.5731,1.6,rule_promote
SKU-JM8134,2026-10-01,40,HOLD,999.0,0.4545,1.0,0.0024,0.5731,1.1,rule_hold
SKU-JM8134,2026-10-08,41,HOLD,999.0,0.4545,1.0,0.0024,0.5731,1.1,rule_hold
SKU-JM8134,2026-10-15,42,HOLD,999.0,0.4545,1.0,0.0024,0.5731,1.1,rule_hold
SKU-JM8134,2026-10-22,43,HOLD,999.0,0.4545,1.0,0.0024,0.5731,1.1,rule_hold
SKU-JM8134,2026-10-29,44,HOLD,140.0,0.5455,1.0,0.0024,0.5731,1.043,rule_hold
SKU-JM8134,2026-11-05,45,MARKDOWN,140.0,0.5455,0.2857,0.0024,0.5731,1.0,rule_markdown
SKU-JM8134,2026-11-12,46,MARKDOWN,140.0,0.5455,0.0,0.0024,0.5731,1.0,rule_markdown
SKU-JM8134,2026-11-19,47,HOLD,56.0,0.6364,2.5714,0.0024,0.5731,1.0,rule_hold
SKU-JM8134,2026-11-26,48,MARKDOWN,112.0,0.6364,0.4286,0.0024,0.5731,1.0,rule_markdown
SKU-JM8134,2026-12-03,49,MARKDOWN,112.0,0.6364,0.0,0.0024,0.5731,1.0,rule_markdown
SKU-JM8134,2026-12-10,50,MARKDOWN,112.0,0.6364,0.0,0.0024,0.5731,1.0,rule_markdown
SKU-JM8134,2026-12-17,51,HOLD,999.0,0.6364,0.8571,0.0024,0.5731,1.0,rule_hold
SKU-JM8134,2026-12-24,52,HOLD,84.0,0.7273,1.0,0.0024,0.5731,1.0,rule_hold
SKU-IY7395,2026-01-01,1,,,,1.0,0.0459,0.5231,,cold_start
SKU-IY7395,2026-01-08,2,,,,1.0,0.0459,0.5231,,cold_start
SKU-IY7395,2026-01-15,3,,,,1.0,0.0459,0.5231,,cold_start
SKU-IY7395,2026-01-22,4,,,,1.0,0.0459,0.5231,,cold_start
SKU-IY7395,2026-01-29,5,CLEAR,999.0,0.0,1.0,0.0459,0.5231,0.9,rule_clear
SKU-IY7395,2026-02-05,6,CLEAR,999.0,0.0,1.0,0.0459,0.5231,0.9,rule_clear
SKU-IY7395,2026-02-12,7,CLEAR,999.0,0.0,1.0,0.0459,0.5231,0.9,rule_clear
SKU-IY7395,2026-02-19,8,CLEAR,999.0,0.0,1.0,0.0459,0.5231,0.9,rule_clear
SKU-IY7395,2026-02-26,9,CLEAR,999.0,0.0,1.0,0.0459,0.5231,1.014,rule_clear
SKU-IY7395,2026-03-05,10,CLEAR,999.0,0.0,1.0,0.0459,0.5231,1.1,rule_clear
SKU-IY7395,2026-03-12,11,CLEAR,999.0,0.0,1.0,0.0459,0.5231,1.1,rule_clear
SKU-IY7395,2026-03-19,12,CLEAR,999.0,0.0,1.0,0.0459,0.5231,1.1,rule_clear
SKU-IY7395,2026-03-26,13,CLEAR,999.0,0.0,1.0,0.0459,0.5231,1.114,rule_clear
SKU-IY7395,2026-04-02,14,PROMOTE,999.0,0.0,1.0,0.0459,0.5231,1.2,rule_promote
SKU-IY7395,2026-04-09,15,PROMOTE,999.0,0.0,1.0,0.0459,0.5231,1.2,rule_promote
SKU-IY7395,2026-04-16,16,PROMOTE,999.0,0.0,1.0,0.0459,0.5231,1.2,rule_promote
SKU-IY7395,2026-04-23,17,PROMOTE,999.0,0.0,1.0,0.0459,0.5231,1.2,rule_promote
SKU-IY7395,2026-04-30,18,CLEAR,999.0,0.0,1.0,0.0459,0.5231,1.114,rule_clear
SKU-IY7395,2026-05-07,19,CLEAR,999.0,0.0,1.0,0.0459,0.5231,1.1,rule_clear
SKU-IY7395,2026-05-14,20,CLEAR,999.0,0.0,1.0,0.0459,0.5231,1.1,rule_clear
SKU-IY7395,2026-05-21,21,CLEAR,999.0,0.0,1.0,0.0459,0.5231,1.1,rule_clear
SKU-IY7395,2026-05-28,22,CLEAR,999.0,0.0,1.0,0.0459,0.5231,0.971,rule_clear
SKU-IY7395,2026-06-04,23,CLEAR,999.0,0.0,1.0,0.0459,0.5231,0.8,rule_clear
SKU-IY7395,2026-06-11,24,CLEAR,999.0,0.0,1.0,0.0459,0.5231,0.8,rule_clear
SKU-IY7395,2026-06-18,25,CLEAR,999.0,0.0,1.0,0.0459,0.5231,0.8,rule_clear
SKU-IY7395,2026-06-25,26,CLEAR,999.0,0.0,1.0,0.0459,0.5231,0.786,rule_clear
SKU-IY7395,2026-07-02,27,CLEAR,999.0,0.0,1.0,0.0459,0.5231,0.7,rule_clear
SKU-IY7395,2026-07-09,28,CLEAR,999.0,0.0,1.0,0.0459,0.5231,0.7,rule_clear
SKU-IY7395,2026-07-16,29,CLEAR,999.0,0.0,1.0,0.0459,0.5231,0.7,rule_clear
SKU-IY7395,2026-07-23,30,CLEAR,999.0,0.0,1.0,0.0459,0.5231,0.7,rule_clear
SKU-IY7395,2026-07-30,31,CLEAR,999.0,0.0,1.0,0.0459,0.5231,0.771,rule_clear
SKU-IY7395,2026-08-06,32,CLEAR,999.0,0.0,1.0,0.0459,0.5231,0.8,rule_clear
SKU-IY7395,2026-08-13,33,CLEAR,999.0,0.0,1.0,0.0459,0.5231,0.8,rule_clear
SKU-IY7395,2026-08-20,34,CLEAR,999.0,0.0,1.0,0.0459,0.5231,0.8,rule_clear
SKU-IY7395,2026-08-27,35,CLEAR,999.0,0.0,1.0,0.0459,0.5231,1.029,rule_clear
SKU-IY7395,2026-09-03,36,PROMOTE,999.0,0.0,1.0,0.0459,0.5231,1.6,rule_promote
SKU-IY7395,2026-09-10,37,PROMOTE,999.0,0.0,1.0,0.0459,0.5231,1.6,rule_promote
SKU-IY7395,2026-09-17,38,PROMOTE,999.0,0.0,1.0,0.0459,0.5231,1.6,rule_promote
SKU-IY7395,2026-09-24,39,PROMOTE,999.0,0.0,1.0,0.0459,0.5231,1.6,rule_promote
SKU-IY7395,2026-10-01,40,CLEAR,999.0,0.0,1.0,0.0459,0.5231,1.1,rule_clear
SKU-IY7395,2026-10-08,41,CLEAR,999.0,0.0,1.0,0.0459,0.5231,1.1,rule_clear
SKU-IY7395,2026-10-15,42,CLEAR,999.0,0.0,1.0,0.0459,0.5231,1.1,rule_clear
SKU-IY7395,2026-10-22,43,CLEAR,999.0,0.0,1.0,0.0459,0.5231,1.1,rule_clear
SKU-IY7395,2026-10-29,44,CLEAR,999.0,0.0,1.0,0.0459,0.5231,1.043,rule_clear
SKU-IY7395,2026-11-05,45,CLEAR,999.0,0.0,1.0,0.0459,0.5231,1.0,rule_clear
SKU-IY7395,2026-11-12,46,CLEAR,999.0,0.0,1.0,0.0459,0.5231,1.0,rule_clear
SKU-IY7395,2026-11-19,47,CLEAR,999.0,0.0,1.0,0.0459,0.5231,1.0,rule_clear
SKU-IY7395,2026-11-26,48,CLEAR,999.0,0.0,1.0,0.0459,0.5231,1.0,rule_clear
SKU-IY7395,2026-12-03,49,CLEAR,999.0,0.0,1.0,0.0459,0.5231,1.0,rule_clear
SKU-IY7395,2026-12-10,50,CLEAR,999.0,0.0,1.0,0.0459,0.5231,1.0,rule_clear
SKU-IY7395,2026-12-17,51,CLEAR,999.0,0.0,1.0,0.0459,0.5231,1.0,rule_clear
SKU-IY7395,2026-12-24,52,CLEAR,999.0,0.0,1.0,0.0459,0.5231,1.0,rule_clear
SKU-IT3328,2026-01-01,1,,,,1.0,-0.0158,0.5388,,cold_start
SKU-IT3328,2026-01-08,2,,,,1.0,-0.0158,0.5388,,cold_start
SKU-IT3328,2026-01-15,3,,,,1.0,-0.0158,0.5388,,cold_start
SKU-IT3328,2026-01-22,4,,,,1.0,-0.0158,0.5388,,cold_start
SKU-IT3328,2026-01-29,5,CLEAR,999.0,0.0,1.0,-0.0158,0.5388,0.9,rule_clear
SKU-IT3328,2026-02-05,6,CLEAR,999.0,0.0,1.0,-0.0158,0.5388,0.9,rule_clear
SKU-IT3328,2026-02-12,7,CLEAR,999.0,0.0,1.0,-0.0158,0.5388,0.9,rule_clear
SKU-IT3328,2026-02-19,8,CLEAR,999.0,0.0,1.0,-0.0158,0.5388,0.9,rule_clear
SKU-IT3328,2026-02-26,9,CLEAR,999.0,0.0,1.0,-0.0158,0.5388,1.014,rule_clear
SKU-IT3328,2026-03-05,10,CLEAR,999.0,0.0,1.0,-0.0158,0.5388,1.1,rule_clear
SKU-IT3328,2026-03-12,11,CLEAR,999.0,0.0,1.0,-0.0158,0.5388,1.1,rule_clear
SKU-IT3328,2026-03-19,12,CLEAR,999.0,0.0,1.0,-0.0158,0.5388,1.1,rule_clear
SKU-IT3328,2026-03-26,13,CLEAR,999.0,0.0,1.0,-0.0158,0.5388,1.114,rule_clear
SKU-IT3328,2026-04-02,14,PROMOTE,999.0,0.0,1.0,-0.0158,0.5388,1.2,rule_promote
SKU-IT3328,2026-04-09,15,PROMOTE,999.0,0.0,1.0,-0.0158,0.5388,1.2,rule_promote
SKU-IT3328,2026-04-16,16,PROMOTE,999.0,0.0,1.0,-0.0158,0.5388,1.2,rule_promote
SKU-IT3328,2026-04-23,17,PROMOTE,999.0,0.0,1.0,-0.0158,0.5388,1.2,rule_promote
SKU-IT3328,2026-04-30,18,CLEAR,999.0,0.0,1.0,-0.0158,0.5388,1.114,rule_clear
SKU-IT3328,2026-05-07,19,CLEAR,999.0,0.0,1.0,-0.0158,0.5388,1.1,rule_clear
SKU-IT3328,2026-05-14,20,CLEAR,999.0,0.0,1.0,-0.0158,0.5388,1.1,rule_clear
SKU-IT3328,2026-05-21,21,CLEAR,999.0,0.0,1.0,-0.0158,0.5388,1.1,rule_clear
SKU-IT3328,2026-05-28,22,CLEAR,999.0,0.0,1.0,-0.0158,0.5388,0.971,rule_clear
SKU-IT3328,2026-06-04,23,CLEAR,999.0,0.0,1.0,-0.0158,0.5388,0.8,rule_clear
SKU-IT3328,2026-06-11,24,CLEAR,999.0,0.0,1.0,-0.0158,0.5388,0.8,rule_clear
SKU-IT3328,2026-06-18,25,CLEAR,999.0,0.0,1.0,-0.0158,0.5388,0.8,rule_clear
SKU-IT3328,2026-06-25,26,CLEAR,999.0,0.0,1.0,-0.0158,0.5388,0.786,rule_clear
SKU-IT3328,2026-07-02,27,CLEAR,999.0,0.0,1.0,-0.0158,0.5388,0.7,rule_clear
SKU-IT3328,2026-07-09,28,CLEAR,999.0,0.0,1.0,-0.0158,0.5388,0.7,rule_clear
SKU-IT3328,2026-07-16,29,CLEAR,999.0,0.0,1.0,-0.0158,0.5388,0.7,rule_clear
SKU-IT3328,2026-07-23,30,CLEAR,999.0,0.0,1.0,-0.0158,0.5388,0.7,rule_clear
SKU-IT3328,2026-07-30,31,CLEAR,999.0,0.0,1.0,-0.0158,0.5388,0.771,rule_clear
SKU-IT3328,2026-08-06,32,CLEAR,999.0,0.0,1.0,-0.0158,0.5388,0.8,rule_clear
SKU-IT3328,2026-08-13,33,CLEAR,999.0,0.0,1.0,-0.0158,0.5388,0.8,rule_clear
SKU-IT3328,2026-08-20,34,CLEAR,999.0,0.0,1.0,-0.0158,0.5388,0.8,rule_clear
SKU-IT3328,2026-08-27,35,CLEAR,999.0,0.0,1.0,-0.0158,0.5388,1.029,rule_clear
SKU-IT3328,2026-09-03,36,PROMOTE,999.0,0.0,1.0,-0.0158,0.5388,1.6,rule_promote
SKU-IT3328,2026-09-10,37,PROMOTE,999.0,0.0,1.0,-0.0158,0.5388,1.6,rule_promote
SKU-IT3328,2026-09-17,38,PROMOTE,999.0,0.0,1.0,-0.0158,0.5388,1.6,rule_promote
SKU-IT3328,2026-09-24,39,PROMOTE,999.0,0.0,1.0,-0.0158,0.5388,1.6,rule_promote
SKU-IT3328,2026-10-01,40,CLEAR,999.0,0.0,1.0,-0.0158,0.5388,1.1,rule_clear
SKU-IT3328,2026-10-08,41,CLEAR,999.0,0.0,1.0,-0.0158,0.5388,1.1,rule_clear
SKU-IT3328,2026-10-15,42,CLEAR,999.0,0.0,1.0,-0.0158,0.5388,1.1,rule_clear
SKU-IT3328,2026-10-22,43,CLEAR,999.0,0.0,1.0,-0.0158,0.5388,1.1,rule_clear
SKU-IT3328,2026-10-29,44,CLEAR,999.0,0.0,1.0,-0.0158,0.5388,1.043,rule_clear
SKU-IT3328,2026-11-05,45,CLEAR,999.0,0.0,1.0,-0.0158,0.5388,1.0,rule_clear
SKU-IT3328,2026-11-12,46,CLEAR,999.0,0.0,1.0,-0.0158,0.5388,1.0,rule_clear
SKU-IT3328,2026-11-19,47,CLEAR,999.0,0.0,1.0,-0.0158,0.5388,1.0,rule_clear
SKU-IT3328,2026-11-26,48,CLEAR,999.0,0.0,1.0,-0.0158,0.5388,1.0,rule_clear
SKU-IT3328,2026-12-03,49,CLEAR,999.0,0.0,1.0,-0.0158,0.5388,1.0,rule_clear
SKU-IT3328,2026-12-10,50,CLEAR,999.0,0.0,1.0,-0.0158,0.5388,1.0,rule_clear
SKU-IT3328,2026-12-17,51,CLEAR,999.0,0.0,1.0,-0.0158,0.5388,1.0,rule_clear
SKU-IT3328,2026-12-24,52,CLEAR,999.0,0.0,1.0,-0.0158,0.5388,1.0,rule_clear
SKU-HR5377,2026-01-01,1,,,,1.0,-0.0011,0.5312,,cold_start
SKU-HR5377,2026-01-08,2,,,,1.0,-0.0011,0.5312,,cold_start
SKU-HR5377,2026-01-15,3,,,,1.0,-0.0011,0.5312,,cold_start
SKU-HR5377,2026-01-22,4,,,,1.0,-0.0011,0.5312,,cold_start
SKU-HR5377,2026-01-29,5,HOLD,74.67,0.3333,1.0714,-0.0011,0.5312,0.9,rule_hold
SKU-HR5377,2026-02-05,6,MARKDOWN,224.0,0.3333,0.0,-0.0011,0.5312,0.9,rule_markdown
SKU-HR5377,2026-02-12,7,MARKDOWN,224.0,0.3333,0.0,-0.0011,0.5312,0.9,rule_markdown
SKU-HR5377,2026-02-19,8,MARKDOWN,999.0,0.3333,0.1429,-0.0011,0.5312,0.9,rule_markdown
SKU-HR5377,2026-02-26,9,HOLD,999.0,0.3333,1.0,-0.0011,0.5312,1.014,rule_hold
SKU-HR5377,2026-03-05,10,HOLD,999.0,0.3333,1.0,-0.0011,0.5312,1.1,rule_hold
SKU-HR5377,2026-03-12,11,HOLD,999.0,0.3333,1.0,-0.0011,0.5312,1.1,rule_hold
SKU-HR5377,2026-03-19,12,HOLD,999.0,0.3333,1.0,-0.0011,0.5312,1.1,rule_hold
SKU-HR5377,2026-03-26,13,HOLD,196.0,0.4167,1.0,-0.0011,0.5312,1.114,rule_hold
SKU-HR5377,2026-04-02,14,MARKDOWN,84.0,0.5,0.4286,-0.0011,0.5312,1.2,rule_markdown
SKU-HR5377,2026-04-09,15,PROMOTE,46.67,0.5833,5.3571,-0.0011,0.5312,1.2,rule_promote
SKU-HR5377,2026-04-16,16,MARKDOWN,46.67,0.5833,0.0,-0.0011,0.5312,1.2,rule_markdown
SKU-HR5377,2026-04-23,17,MARKDOWN,70.0,0.5833,0.0,-0.0011,0.5312,1.2,rule_markdown
SKU-HR5377,2026-04-30,18,MARKDOWN,140.0,0.5833,0.0,-0.0011,0.5312,1.114,rule_markdown
SKU-HR5377,2026-05-07,19,HOLD,999.0,0.5833,1.0,-0.0011,0.5312,1.1,rule_hold
SKU-HR5377,2026-05-14,20,HOLD,112.0,0.6667,1.0,-0.0011,0.5312,1.1,rule_hold
SKU-HR5377,2026-05-21,21,MARKDOWN,112.0,0.6667,0.7143,-0.0011,0.5312,1.1,rule_markdown
SKU-HR5377,2026-05-28,22,MARKDOWN,112.0,0.6667,0.0,-0.0011,0.5312,0.971,rule_markdown
SKU-HR5377,2026-06-04,23,MARKDOWN,112.0,0.6667,0.0,-0.0011,0.5312,0.8,rule_markdown
SKU-HR5377,2026-06-11,24,MARKDOWN,999.0,0.6667,0.2857,-0.0011,0.5312,0.8,rule_markdown
SKU-HR5377,2026-06-18,25,HOLD,999.0,0.6667,1.0,-0.0011,0.5312,0.8,rule_hold
SKU-HR5377,2026-06-25,26,HOLD,999.0,0.6667,1.0,-0.0011,0.5312,0.786,rule_hold
SKU-HR5377,2026-07-02,27,HOLD,999.0,0.6667,1.0,-0.0011,0.5312,0.7,rule_hold
SKU-HR5377,2026-07-09,28,HOLD,999.0,0.6667,1.0,-0.0011,0.5312,0.7,rule_hold
SKU-HR5377,2026-07-16,29,HOLD,999.0,0.6667,1.0,-0.0011,0.5312,0.7,rule_hold
SKU-HR5377,2026-07-23,30,HOLD,84.0,0.75,1.0,-0.0011,0.5312,0.7,rule_hold
SKU-HR5377,2026-07-30,31,HOLD,28.0,0.8333,1.4286,-0.0011,0.5312,0.771,rule_hold
SKU-HR5377,2026-08-06,32,HOLD,56.0,0.7143,1.7143,-0.0011,0.5312,0.8,rule_hold
SKU-HR5377,2026-08-13,33,MARKDOWN,56.0,0.7143,0.0,-0.0011,0.5312,0.8,rule_markdown
SKU-HR5377,2026-08-20,34,MARKDOWN,112.0,0.7143,0.0,-0.0011,0.5312,0.8,rule_markdown
SKU-HR5377,2026-08-27,35,HOLD,28.0,0.8571,0.8571,-0.0011,0.5312,1.029,rule_hold
SKU-HR5377,2026-09-03,36,PROMOTE,28.0,0.8571,1.7143,-0.0011,0.5312,1.6,rule_promote
SKU-HR5377,2026-09-10,37,HOLD,9.33,0.9286,0.4286,-0.0011,0.5312,1.6,rule_hold
SKU-HR5377,2026-09-17,38,HOLD,9.33,0.9286,1.0714,-0.0011,0.5312,1.6,rule_hold
SKU-HR5377,2026-09-24,39,MARKDOWN,84.0,0.8125,0.0,-0.0011,0.5312,1.6,rule_markdown
SKU-HR5377,2026-10-01,40,MARKDOWN,140.0,0.7222,0.0,-0.0011,0.5312,1.1,rule_markdown
SKU-HR5377,2026-10-08,41,MARKDOWN,999.0,0.7222,0.2857,-0.0011,0.5312,1.1,rule_markdown
SKU-HR5377,2026-10-15,42,HOLD,999.0,0.7222,1.0,-0.0011,0.5312,1.1,rule_hold
SKU-HR5377,2026-10-22,43,HOLD,999.0,0.7222,1.0,-0.0011,0.5312,1.1,rule_hold
SKU-HR5377,2026-10-29,44,HOLD,999.0,0.7222,1.0,-0.0011,0.5312,1.043,rule_hold
SKU-HR5377,2026-11-05,45,HOLD,999.0,0.7222,1.0,-0.0011,0.5312,1.0,rule_hold
SKU-HR5377,2026-11-12,46,HOLD,18.67,0.8889,1.0,-0.0011,0.5312,1.0,rule_hold
SKU-HR5377,2026-11-19,47,HOLD,18.67,0.8889,1.4286,-0.0011,0.5312,1.0,rule_hold
SKU-HR5377,2026-11-26,48,HOLD,18.67,0.8889,0.0,-0.0011,0.5312,1.0,rule_hold
SKU-HR5377,2026-12-03,49,HOLD,28.0,0.8095,0.1429,-0.0011,0.5312,1.0,rule_hold
SKU-HR5377,2026-12-10,50,HOLD,42.0,0.8571,1.3571,-0.0011,0.5312,1.0,rule_hold
SKU-HR5377,2026-12-17,51,HOLD,98.0,0.72,2.5714,-0.0011,0.5312,1.0,rule_hold
SKU-HR5377,2026-12-24,52,MARKDOWN,98.0,0.72,0.0,-0.0011,0.5312,1.0,rule_markdown
SKU-IX7598,2026-01-01,1,,,,1.0,0.0241,0.5198,,cold_start
SKU-IX7598,2026-01-08,2,,,,1.0,0.0241,0.5198,,cold_start
SKU-IX7598,2026-01-15,3,,,,1.0,0.0241,0.5198,,cold_start
SKU-IX7598,2026-01-22,4,,,,1.0,0.0241,0.5198,,cold_start
SKU-IX7598,2026-01-29,5,HOLD,999.0,0.0,1.0,0.0241,0.5198,0.9,rule_hold
SKU-IX7598,2026-02-05,6,HOLD,999.0,0.0,1.0,0.0241,0.5198,0.9,rule_hold
SKU-IX7598,2026-02-12,7,HOLD,999.0,0.0,1.0,0.0241,0.5198,0.9,rule_hold
SKU-IX7598,2026-02-19,8,HOLD,999.0,0.0,1.0,0.0241,0.5198,0.9,rule_hold
SKU-IX7598,2026-02-26,9,HOLD,999.0,0.0,1.0,0.0241,0.5198,1.014,rule_hold
SKU-IX7598,2026-03-05,10,HOLD,999.0,0.0,1.0,0.0241,0.5198,1.1,rule_hold
SKU-IX7598,2026-03-12,11,HOLD,999.0,0.0,1.0,0.0241,0.5198,1.1,rule_hold
SKU-IX7598,2026-03-19,12,HOLD,999.0,0.0,1.0,0.0241,0.5198,1.1,rule_hold
SKU-IX7598,2026-03-26,13,HOLD,196.0,0.125,1.0,0.0241,0.5198,1.114,rule_hold
SKU-IX7598,2026-04-02,14,PROMOTE,196.0,0.125,1.7143,0.0241,0.5198,1.2,rule_promote
SKU-IX7598,2026-04-09,15,MARKDOWN,196.0,0.125,0.0,0.0241,0.5198,1.2,rule_markdown
SKU-IX7598,2026-04-16,16,MARKDOWN,196.0,0.125,0.0,0.0241,0.5198,1.2,rule_markdown
SKU-IX7598,2026-04-23,17,MARKDOWN,364.0,0.1875,0.5714,0.0241,0.5198,1.2,rule_markdown
SKU-IX7598,2026-04-30,18,MARKDOWN,364.0,0.1875,0.7143,0.0241,0.5198,1.114,rule_markdown
SKU-IX7598,2026-05-07,19,MARKDOWN,364.0,0.1875,0.0,0.0241,0.5198,1.1,rule_markdown
SKU-IX7598,2026-05-14,20,MARKDOWN,364.0,0.1875,0.0,0.0241,0.5198,1.1,rule_markdown
SKU-IX7598,2026-05-21,21,MARKDOWN,999.0,0.1875,0.2857,0.0241,0.5198,1.1,rule_markdown
SKU-IX7598,2026-05-28,22,HOLD,999.0,0.1875,1.0,0.0241,0.5198,0.971,rule_hold
SKU-IX7598,2026-06-04,23,HOLD,999.0,0.1875,1.0,0.0241,0.5198,0.8,rule_hold
SKU-IX7598,2026-06-11,24,HOLD,999.0,0.1875,1.0,0.0241,0.5198,0.8,rule_hold
SKU-IX7598,2026-06-18,25,HOLD,336.0,0.25,1.0,0.0241,0.5198,0.8,rule_hold
SKU-IX7598,2026-06-25,26,MARKDOWN,336.0,0.25,0.1429,0.0241,0.5198,0.786,rule_markdown
SKU-IX7598,2026-07-02,27,MARKDOWN,336.0,0.25,0.0,0.0241,0.5198,0.7,rule_markdown
SKU-IX7598,2026-07-09,28,MARKDOWN,336.0,0.25,0.0,0.0241,0.5198,0.7,rule_markdown
SKU-IX7598,2026-07-16,29,HOLD,999.0,0.25,0.8571,0.0241,0.5198,0.7,rule_hold
SKU-IX7598,2026-07-23,30,HOLD,999.0,0.25,1.0,0.0241,0.5198,0.7,rule_hold
SKU-IX7598,2026-07-30,31,HOLD,999.0,0.25,1.0,0.0241,0.5198,0.771,rule_hold
SKU-IX7598,2026-08-06,32,HOLD,999.0,0.25,1.0,0.0241,0.5198,0.8,rule_hold
SKU-IX7598,2026-08-13,33,HOLD,308.0,0.3125,1.0,0.0241,0.5198,0.8,rule_hold
SKU-IX7598,2026-08-20,34,MARKDOWN,308.0,0.3125,0.2857,0.0241,0.5198,0.8,rule_markdown
SKU-IX7598,2026-08-27,35,HOLD,140.0,0.375,3.0,0.0241,0.5198,1.029,rule_hold
SKU-IX7598,2026-09-03,36,PROMOTE,84.0,0.4375,1.0714,0.0241,0.5198,1.6,rule_promote
SKU-IX7598,2026-09-10,37,MARKDOWN,126.0,0.4375,0.4286,0.0241,0.5198,1.6,rule_markdown
SKU-IX7598,2026-09-17,38,PROMOTE,74.67,0.5,0.8571,0.0241,0.5198,1.6,rule_promote
SKU-IX7598,2026-09-24,39,PROMOTE,112.0,0.5,1.2857,0.0241,0.5198,1.6,rule_promote
SKU-IX7598,2026-10-01,40,MARKDOWN,224.0,0.5,0.0,0.0241,0.5198,1.1,rule_markdown
SKU-IX7598,2026-10-08,41,MARKDOWN,224.0,0.5,0.0,0.0241,0.5198,1.1,rule_markdown
SKU-IX7598,2026-10-15,42,MARKDOWN,999.0,0.5,0.5714,0.0241,0.5198,1.1,rule_markdown
SKU-IX7598,2026-10-22,43,HOLD,999.0,0.5,1.0,0.0241,0.5198,1.1,rule_hold
SKU-IX7598,2026-10-29,44,HOLD,999.0,0.5,1.0,0.0241,0.5198,1.043,rule_hold
SKU-IX7598,2026-11-05,45,HOLD,196.0,0.5625,1.0,0.0241,0.5198,1.0,rule_hold
SKU-IX7598,2026-11-12,46,MARKDOWN,196.0,0.5625,0.5714,0.0241,0.5198,1.0,rule_markdown
SKU-IX7598,2026-11-19,47,MARKDOWN,84.0,0.625,0.4286,0.0241,0.5198,1.0,rule_markdown
SKU-IX7598,2026-11-26,48,HOLD,84.0,0.625,2.5714,0.0241,0.5198,1.0,rule_hold
SKU-IX7598,2026-12-03,49,MARKDOWN,168.0,0.625,0.0,0.0241,0.5198,1.0,rule_markdown
SKU-IX7598,2026-12-10,50,HOLD,70.0,0.6875,2.5714,0.0241,0.5198,1.0,rule_hold
SKU-IX7598,2026-12-17,51,HOLD,56.0,0.75,2.3571,0.0241,0.5198,1.0,rule_hold
SKU-IX7598,2026-12-24,52,MARKDOWN,56.0,0.75,0.0,0.0241,0.5198,1.0,rule_markdown
SKU-HY6973,2026-01-01,1,,,,1.0,0.0304,0.539,,cold_start
SKU-HY6973,2026-01-08,2,,,,1.0,0.0304,0.539,,cold_start
SKU-HY6973,2026-01-15,3,,,,1.0,0.0304,0.539,,cold_start
SKU-HY6973,2026-01-22,4,,,,1.0,0.0304,0.539,,cold_start
SKU-HY6973,2026-01-29,5,MARKDOWN,700.0,0.1071,0.0,0.0304,0.539,0.9,rule_markdown
SKU-HY6973,2026-02-05,6,HOLD,999.0,0.1071,1.0,0.0304,0.539,0.9,rule_hold
SKU-HY6973,2026-02-12,7,HOLD,672.0,0.1429,1.0,0.0304,0.539,0.9,rule_hold
SKU-HY6973,2026-02-19,8,MARKDOWN,672.0,0.1429,0.4286,0.0304,0.539,0.9,rule_markdown
SKU-HY6973,2026-02-26,9,MARKDOWN,672.0,0.1429,0.0,0.0304,0.539,1.014,rule_markdown
SKU-HY6973,2026-03-05,10,MARKDOWN,672.0,0.1429,0.0,0.0304,0.539,1.1,rule_markdown
SKU-HY6973,2026-03-12,11,MARKDOWN,999.0,0.1429,0.5714,0.0304,0.539,1.1,rule_markdown
SKU-HY6973,2026-03-19,12,HOLD,999.0,0.1429,1.0,0.0304,0.539,1.1,rule_hold
SKU-HY6973,2026-03-26,13,HOLD,644.0,0.1786,1.0,0.0304,0.539,1.114,rule_hold
SKU-HY6973,2026-04-02,14,PROMOTE,196.0,0.25,5.2857,0.0304,0.539,1.2,rule_promote
SKU-HY6973,2026-04-09,15,PROMOTE,196.0,0.25,0.8571,0.0304,0.539,1.2,rule_promote
SKU-HY6973,2026-04-16,16,MARKDOWN,106.4,0.3214,0.4286,0.0304,0.539,1.2,rule_markdown
SKU-HY6973,2026-04-23,17,PROMOTE,100.8,0.3571,2.8214,0.0304,0.539,1.2,rule_promote
SKU-HY6973,2026-04-30,18,MARKDOWN,168.0,0.3571,0.5357,0.0304,0.539,1.114,rule_markdown
SKU-HY6973,2026-05-07,19,MARKDOWN,168.0,0.3571,0.0,0.0304,0.539,1.1,rule_markdown
SKU-HY6973,2026-05-14,20,MARKDOWN,238.0,0.3929,0.7857,0.0304,0.539,1.1,rule_markdown
SKU-HY6973,2026-05-21,21,HOLD,476.0,0.3929,1.4286,0.0304,0.539,1.1,rule_hold
SKU-HY6973,2026-05-28,22,MARKDOWN,476.0,0.3929,0.0,0.0304,0.539,0.971,rule_markdown
SKU-HY6973,2026-06-04,23,MARKDOWN,476.0,0.3929,0.0,0.0304,0.539,0.8,rule_markdown
SKU-HY6973,2026-06-11,24,HOLD,448.0,0.4286,1.2857,0.0304,0.539,0.8,rule_hold
SKU-HY6973,2026-06-18,25,MARKDOWN,448.0,0.4286,0.2857,0.0304,0.539,0.8,rule_markdown
SKU-HY6973,2026-06-25,26,MARKDOWN,448.0,0.4286,0.0,0.0304,0.539,0.786,rule_markdown
SKU-HY6973,2026-07-02,27,MARKDOWN,448.0,0.4286,0.0,0.0304,0.539,0.7,rule_markdown
SKU-HY6973,2026-07-09,28,MARKDOWN,999.0,0.4286,0.7143,0.0304,0.539,0.7,rule_markdown
SKU-HY6973,2026-07-16,29,HOLD,999.0,0.4286,1.0,0.0304,0.539,0.7,rule_hold
SKU-HY6973,2026-07-23,30,HOLD,420.0,0.4643,1.0,0.0304,0.539,0.7,rule_hold
SKU-HY6973,2026-07-30,31,HOLD,196.0,0.5,1.0,0.0304,0.539,0.771,rule_hold
SKU-HY6973,2026-08-06,32,HOLD,196.0,0.5,2.1429,0.0304,0.539,0.8,rule_hold
SKU-HY6973,2026-08-13,33,HOLD,121.33,0.5357,1.5,0.0304,0.539,0.8,rule_hold
SKU-HY6973,2026-08-20,34,MARKDOWN,182.0,0.5357,0.0,0.0304,0.539,0.8,rule_markdown
SKU-HY6973,2026-08-27,35,HOLD,168.0,0.5714,1.2857,0.0304,0.539,1.029,rule_hold
SKU-HY6973,2026-09-03,36,PROMOTE,102.67,0.6071,1.9286,0.0304,0.539,1.6,rule_promote
SKU-HY6973,2026-09-10,37,PROMOTE,93.33,0.6429,2.7857,0.0304,0.539,1.6,rule_promote
SKU-HY6973,2026-09-17,38,PROMOTE,63.0,0.6786,0.9286,0.0304,0.539,1.6,rule_promote
SKU-HY6973,2026-09-24,39,PROMOTE,84.0,0.6786,0.8571,0.0304,0.539,1.6,rule_promote
SKU-HY6973,2026-10-01,40,MARKDOWN,74.67,0.7143,0.2143,0.0304,0.539,1.1,rule_markdown
SKU-HY6973,2026-10-08,41,HOLD,42.0,0.7857,5.5714,0.0304,0.539,1.1,rule_hold
SKU-HY6973,2026-10-15,42,MARKDOWN,56.0,0.7857,0.4286,0.0304,0.539,1.1,rule_markdown
SKU-HY6973,2026-10-22,43,MARKDOWN,56.0,0.7857,0.0,0.0304,0.539,1.1,rule_markdown
SKU-HY6973,2026-10-29,44,MARKDOWN,84.0,0.7857,0.0,0.0304,0.539,1.043,rule_markdown
SKU-HY6973,2026-11-05,45,HOLD,140.0,0.8214,1.8571,0.0304,0.539,1.0,rule_hold
SKU-HY6973,2026-11-12,46,MARKDOWN,140.0,0.8214,0.0,0.0304,0.539,1.0,rule_markdown
SKU-HY6973,2026-11-19,47,HOLD,56.0,0.8571,2.5714,0.0304,0.539,1.0,rule_hold
SKU-HY6973,2026-11-26,48,HOLD,14.0,0.9286,2.5714,0.0304,0.539,1.0,rule_hold
SKU-HY6973,2026-12-03,49,HOLD,18.67,0.9286,1.2857,0.0304,0.539,1.0,rule_hold
SKU-HY6973,2026-12-10,50,HOLD,18.67,0.9286,0.0,0.0304,0.539,1.0,rule_hold
SKU-HY6973,2026-12-17,51,HOLD,28.0,0.9,0.8571,0.0304,0.539,1.0,rule_hold
SKU-HY6973,2026-12-24,52,HOLD,9.33,0.9667,4.9286,0.0304,0.539,1.0,rule_hold
SKU-JC9632,2026-01-01,1,,,,1.0,-0.0263,0.5641,,cold_start
SKU-JC9632,2026-01-08,2,,,,1.0,-0.0263,0.5641,,cold_start
SKU-JC9632,2026-01-15,3,,,,1.0,-0.0263,0.5641,,cold_start
SKU-JC9632,2026-01-22,4,,,,1.0,-0.0263,0.5641,,cold_start
SKU-JC9632,2026-01-29,5,MARKDOWN,999.0,0.0667,0.7143,-0.0263,0.5641,0.9,rule_markdown
SKU-JC9632,2026-02-05,6,HOLD,999.0,0.0667,1.0,-0.0263,0.5641,0.9,rule_hold
SKU-JC9632,2026-02-12,7,HOLD,999.0,0.0667,1.0,-0.0263,0.5641,0.9,rule_hold
SKU-JC9632,2026-02-19,8,HOLD,999.0,0.0667,1.0,-0.0263,0.5641,0.9,rule_hold
SKU-JC9632,2026-02-26,9,HOLD,999.0,0.0667,1.0,-0.0263,0.5641,1.014,rule_hold
SKU-JC9632,2026-03-05,10,HOLD,999.0,0.0667,1.0,-0.0263,0.5641,1.1,rule_hold
SKU-JC9632,2026-03-12,11,HOLD,999.0,0.0667,1.0,-0.0263,0.5641,1.1,rule_hold
SKU-JC9632,2026-03-19,12,HOLD,999.0,0.0667,1.0,-0.0263,0.5641,1.1,rule_hold
SKU-JC9632,2026-03-26,13,HOLD,999.0,0.0667,1.0,-0.0263,0.5641,1.114,rule_hold
SKU-JC9632,2026-04-02,14,PROMOTE,999.0,0.0667,1.0,-0.0263,0.5641,1.2,rule_promote
SKU-JC9632,2026-04-09,15,PROMOTE,999.0,0.0667,1.0,-0.0263,0.5641,1.2,rule_promote
SKU-JC9632,2026-04-16,16,PROMOTE,999.0,0.0667,1.0,-0.0263,0.5641,1.2,rule_promote
SKU-JC9632,2026-04-23,17,PROMOTE,999.0,0.0667,1.0,-0.0263,0.5641,1.2,rule_promote
SKU-JC9632,2026-04-30,18,HOLD,364.0,0.1333,1.0,-0.0263,0.5641,1.114,rule_hold
SKU-JC9632,2026-05-07,19,MARKDOWN,364.0,0.1333,0.7143,-0.0263,0.5641,1.1,rule_markdown
SKU-JC9632,2026-05-14,20,HOLD,168.0,0.2,3.0,-0.0263,0.5641,1.1,rule_hold
SKU-JC9632,2026-05-21,21,MARKDOWN,168.0,0.2,0.0,-0.0263,0.5641,1.1,rule_markdown
SKU-JC9632,2026-05-28,22,MARKDOWN,336.0,0.2,0.0,-0.0263,0.5641,0.971,rule_markdown
SKU-JC9632,2026-06-04,23,MARKDOWN,336.0,0.2,0.0,-0.0263,0.5641,0.8,rule_markdown
SKU-JC9632,2026-06-11,24,HOLD,999.0,0.2,1.0,-0.0263,0.5641,0.8,rule_hold
SKU-JC9632,2026-06-18,25,HOLD,999.0,0.2,1.0,-0.0263,0.5641,0.8,rule_hold
SKU-JC9632,2026-06-25,26,HOLD,999.0,0.2,1.0,-0.0263,0.5641,0.786,rule_hold
SKU-JC9632,2026-07-02,27,HOLD,999.0,0.2,1.0,-0.0263,0.5641,0.7,rule_hold
SKU-JC9632,2026-07-09,28,HOLD,999.0,0.2,1.0,-0.0263,0.5641,0.7,rule_hold
SKU-JC9632,2026-07-16,29,HOLD,999.0,0.2,1.0,-0.0263,0.5641,0.7,rule_hold
SKU-JC9632,2026-07-23,30,HOLD,999.0,0.2,1.0,-0.0263,0.5641,0.7,rule_hold
SKU-JC9632,2026-07-30,31,HOLD,308.0,0.2667,1.0,-0.0263,0.5641,0.771,rule_hold
SKU-JC9632,2026-08-06,32,HOLD,308.0,0.2667,0.8571,-0.0263,0.5641,0.8,rule_hold
SKU-JC9632,2026-08-13,33,MARKDOWN,308.0,0.2667,0.0,-0.0263,0.5641,0.8,rule_markdown
SKU-JC9632,2026-08-20,34,MARKDOWN,308.0,0.2667,0.0,-0.0263,0.5641,0.8,rule_markdown
SKU-JC9632,2026-08-27,35,MARKDOWN,999.0,0.2667,0.1429,-0.0263,0.5641,1.029,rule_markdown
SKU-JC9632,2026-09-03,36,PROMOTE,126.0,0.4,1.0,-0.0263,0.5641,1.6,rule_promote
SKU-JC9632,2026-09-10,37,PROMOTE,126.0,0.4,0.7143,-0.0263,0.5641,1.6,rule_promote
SKU-JC9632,2026-09-17,38,PROMOTE,126.0,0.4,0.0,-0.0263,0.5641,1.6,rule_promote
SKU-JC9632,2026-09-24,39,PROMOTE,126.0,0.4,0.0,-0.0263,0.5641,1.6,rule_promote
SKU-JC9632,2026-10-01,40,HOLD,999.0,0.4,0.2857,-0.0263,0.5641,1.1,rule_hold
SKU-JC9632,2026-10-08,41,HOLD,999.0,0.4,1.0,-0.0263,0.5641,1.1,rule_hold
SKU-JC9632,2026-10-15,42,HOLD,999.0,0.4,1.0,-0.0263,0.5641,1.1,rule_hold
SKU-JC9632,2026-10-22,43,HOLD,999.0,0.4,1.0,-0.0263,0.5641,1.1,rule_hold
SKU-JC9632,2026-10-29,44,HOLD,224.0,0.4667,1.0,-0.0263,0.5641,1.043,rule_hold
SKU-JC9632,2026-11-05,45,HOLD,224.0,0.4667,0.4286,-0.0263,0.5641,1.0,rule_hold
SKU-JC9632,2026-11-12,46,HOLD,224.0,0.4667,0.0,-0.0263,0.5641,1.0,rule_hold
SKU-JC9632,2026-11-19,47,HOLD,224.0,0.4667,0.0,-0.0263,0.5641,1.0,rule_hold
SKU-JC9632,2026-11-26,48,HOLD,196.0,0.5333,1.0,-0.0263,0.5641,1.0,rule_hold
SKU-JC9632,2026-12-03,49,HOLD,46.67,0.6667,3.7143,-0.0263,0.5641,1.0,rule_hold
SKU-JC9632,2026-12-10,50,HOLD,46.67,0.6667,2.1429,-0.0263,0.5641,1.0,rule_hold
SKU-JC9632,2026-12-17,51,HOLD,46.67,0.6667,0.0,-0.0263,0.5641,1.0,rule_hold
SKU-JC9632,2026-12-24,52,HOLD,70.0,0.6667,0.0,-0.0263,0.5641,1.0,rule_hold
SKU-IU4682,2026-01-01,1,,,,1.0,0.1875,0.514,,cold_start
SKU-IU4682,2026-01-08,2,,,,1.0,0.1875,0.514,,cold_start
SKU-IU4682,2026-01-15,3,,,,1.0,0.1875,0.514,,cold_start
SKU-IU4682,2026-01-22,4,,,,1.0,0.1875,0.514,,cold_start
SKU-IU4682,2026-01-29,5,HOLD,999.0,0.0,1.0,0.1875,0.514,0.9,rule_hold
SKU-IU4682,2026-02-05,6,HOLD,999.0,0.0,1.0,0.1875,0.514,0.9,rule_hold
SKU-IU4682,2026-02-12,7,HOLD,999.0,0.0,1.0,0.1875,0.514,0.9,rule_hold
SKU-IU4682,2026-02-19,8,HOLD,84.0,0.25,1.0,0.1875,0.514,0.9,rule_hold
SKU-IU4682,2026-02-26,9,HOLD,84.0,0.25,2.2857,0.1875,0.514,1.014,rule_hold
SKU-IU4682,2026-03-05,10,MARKDOWN,84.0,0.25,0.0,0.1875,0.514,1.1,rule_markdown
SKU-IU4682,2026-03-12,11,MARKDOWN,84.0,0.25,0.0,0.1875,0.514,1.1,rule_markdown
SKU-IU4682,2026-03-19,12,MARKDOWN,999.0,0.25,0.1429,0.1875,0.514,1.1,rule_markdown
SKU-IU4682,2026-03-26,13,HOLD,999.0,0.25,1.0,0.1875,0.514,1.114,rule_hold
SKU-IU4682,2026-04-02,14,PROMOTE,140.0,0.375,1.0,0.1875,0.514,1.2,rule_promote
SKU-IU4682,2026-04-09,15,MARKDOWN,140.0,0.375,0.0,0.1875,0.514,1.2,rule_markdown
SKU-IU4682,2026-04-16,16,MARKDOWN,140.0,0.375,0.0,0.1875,0.514,1.2,rule_markdown
SKU-IU4682,2026-04-23,17,MARKDOWN,56.0,0.5,0.4286,0.1875,0.514,1.2,rule_markdown
SKU-IU4682,2026-04-30,18,HOLD,112.0,0.5,0.8571,0.1875,0.514,1.114,rule_hold
SKU-IU4682,2026-05-07,19,HOLD,42.0,0.625,0.8571,0.1875,0.514,1.1,rule_hold
SKU-IU4682,2026-05-14,20,HOLD,42.0,0.625,2.1429,0.1875,0.514,1.1,rule_hold
SKU-IU4682,2026-05-21,21,MARKDOWN,84.0,0.625,0.0,0.1875,0.514,1.1,rule_markdown
SKU-IU4682,2026-05-28,22,MARKDOWN,84.0,0.625,0.0,0.1875,0.514,0.971,rule_markdown
SKU-IU4682,2026-06-04,23,MARKDOWN,999.0,0.625,0.2857,0.1875,0.514,0.8,rule_markdown
SKU-IU4682,2026-06-11,24,HOLD,999.0,0.625,1.0,0.1875,0.514,0.8,rule_hold
SKU-IU4682,2026-06-18,25,HOLD,999.0,0.625,1.0,0.1875,0.514,0.8,rule_hold
SKU-IU4682,2026-06-25,26,HOLD,999.0,0.625,1.0,0.1875,0.514,0.786,rule_hold
SKU-IU4682,2026-07-02,27,HOLD,999.0,0.625,1.0,0.1875,0.514,0.7,rule_hold
SKU-IU4682,2026-07-09,28,HOLD,999.0,0.625,1.0,0.1875,0.514,0.7,rule_hold
SKU-IU4682,2026-07-16,29,HOLD,999.0,0.625,1.0,0.1875,0.514,0.7,rule_hold
SKU-IU4682,2026-07-23,30,HOLD,999.0,0.625,1.0,0.1875,0.514,0.7,rule_hold
SKU-IU4682,2026-07-30,31,HOLD,999.0,0.625,1.0,0.1875,0.514,0.771,rule_hold
SKU-IU4682,2026-08-06,32,HOLD,999.0,0.625,1.0,0.1875,0.514,0.8,rule_hold
SKU-IU4682,2026-08-13,33,HOLD,999.0,0.625,1.0,0.1875,0.514,0.8,rule_hold
SKU-IU4682,2026-08-20,34,HOLD,999.0,0.625,1.0,0.1875,0.514,0.8,rule_hold
SKU-IU4682,2026-08-27,35,HOLD,999.0,0.625,1.0,0.1875,0.514,1.029,rule_hold
SKU-IU4682,2026-09-03,36,PROMOTE,56.0,0.75,1.0,0.1875,0.514,1.6,rule_promote
SKU-IU4682,2026-09-10,37,MARKDOWN,56.0,0.75,0.7143,0.1875,0.514,1.6,rule_markdown
SKU-IU4682,2026-09-17,38,MARKDOWN,56.0,0.75,0.0,0.1875,0.514,1.6,rule_markdown
SKU-IU4682,2026-09-24,39,MARKDOWN,56.0,0.75,0.0,0.1875,0.514,1.6,rule_markdown
SKU-IU4682,2026-10-01,40,MARKDOWN,999.0,0.75,0.2857,0.1875,0.514,1.1,rule_markdown
SKU-IU4682,2026-10-08,41,HOLD,999.0,0.75,1.0,0.1875,0.514,1.1,rule_hold
SKU-IU4682,2026-10-15,42,HOLD,999.0,0.75,1.0,0.1875,0.514,1.1,rule_hold
SKU-IU4682,2026-10-22,43,HOLD,999.0,0.75,1.0,0.1875,0.514,1.1,rule_hold
SKU-IU4682,2026-10-29,44,HOLD,999.0,0.75,1.0,0.1875,0.514,1.043,rule_hold
SKU-IU4682,2026-11-05,45,HOLD,999.0,0.75,1.0,0.1875,0.514,1.0,rule_hold
SKU-IU4682,2026-11-12,46,HOLD,999.0,0.75,1.0,0.1875,0.514,1.0,rule_hold
SKU-IU4682,2026-11-19,47,HOLD,28.0,0.875,1.0,0.1875,0.514,1.0,rule_hold
SKU-IU4682,2026-11-26,48,HOLD,14.0,0.8889,2.1429,0.1875,0.514,1.0,rule_hold
SKU-IU4682,2026-12-03,49,HOLD,0.0,1.0,2.5714,0.1875,0.514,1.0,rule_hold
SKU-IU4682,2026-12-10,50,HOLD,0.0,1.0,0.4286,0.1875,0.514,1.0,rule_hold
SKU-IU4682,2026-12-17,51,MARKDOWN,42.0,0.75,0.0,0.1875,0.514,1.0,rule_markdown
SKU-IU4682,2026-12-24,52,MARKDOWN,84.0,0.75,0.0,0.1875,0.514,1.0,rule_markdown
SKU-JE7845,2026-01-01,1,,,,1.0,-0.0129,0.5364,,cold_start
SKU-JE7845,2026-01-08,2,,,,1.0,-0.0129,0.5364,,cold_start
SKU-JE7845,2026-01-15,3,,,,1.0,-0.0129,0.5364,,cold_start
SKU-JE7845,2026-01-22,4,,,,1.0,-0.0129,0.5364,,cold_start
SKU-JE7845,2026-01-29,5,HOLD,999.0,0.0,1.0,-0.0129,0.5364,0.9,rule_hold
SKU-JE7845,2026-02-05,6,HOLD,999.0,0.0,1.0,-0.0129,0.5364,0.9,rule_hold
SKU-JE7845,2026-02-12,7,HOLD,999.0,0.0,1.0,-0.0129,0.5364,0.9,rule_hold
SKU-JE7845,2026-02-19,8,HOLD,999.0,0.0,1.0,-0.0129,0.5364,0.9,rule_hold
SKU-JE7845,2026-02-26,9,HOLD,999.0,0.0,1.0,-0.0129,0.5364,1.014,rule_hold
SKU-JE7845,2026-03-05,10,HOLD,999.0,0.0,1.0,-0.0129,0.5364,1.1,rule_hold
SKU-JE7845,2026-03-12,11,HOLD,999.0,0.0,1.0,-0.0129,0.5364,1.1,rule_hold
SKU-JE7845,2026-03-19,12,HOLD,999.0,0.0,1.0,-0.0129,0.5364,1.1,rule_hold
SKU-JE7845,2026-03-26,13,HOLD,999.0,0.0,1.0,-0.0129,0.5364,1.114,rule_hold
SKU-JE7845,2026-04-02,14,PROMOTE,308.0,0.0833,1.0,-0.0129,0.5364,1.2,rule_promote
SKU-JE7845,2026-04-09,15,MARKDOWN,308.0,0.0833,0.2857,-0.0129,0.5364,1.2,rule_markdown
SKU-JE7845,2026-04-16,16,MARKDOWN,308.0,0.0833,0.0,-0.0129,0.5364,1.2,rule_markdown
SKU-JE7845,2026-04-23,17,MARKDOWN,308.0,0.0833,0.0,-0.0129,0.5364,1.2,rule_markdown
SKU-JE7845,2026-04-30,18,MARKDOWN,999.0,0.0833,0.7143,-0.0129,0.5364,1.114,rule_markdown
SKU-JE7845,2026-05-07,19,HOLD,999.0,0.0833,1.0,-0.0129,0.5364,1.1,rule_hold
SKU-JE7845,2026-05-14,20,HOLD,280.0,0.1667,1.0,-0.0129,0.5364,1.1,rule_hold
SKU-JE7845,2026-05-21,21,HOLD,126.0,0.25,1.8571,-0.0129,0.5364,1.1,rule_hold
SKU-JE7845,2026-05-28,22,MARKDOWN,126.0,0.25,0.0,-0.0129,0.5364,0.971,rule_markdown
SKU-JE7845,2026-06-04,23,MARKDOWN,126.0,0.25,0.0,-0.0129,0.5364,0.8,rule_markdown
SKU-JE7845,2026-06-11,24,MARKDOWN,252.0,0.25,0.0,-0.0129,0.5364,0.8,rule_markdown
SKU-JE7845,2026-06-18,25,HOLD,999.0,0.25,1.0,-0.0129,0.5364,0.8,rule_hold
SKU-JE7845,2026-06-25,26,HOLD,224.0,0.3333,1.0,-0.0129,0.5364,0.786,rule_hold
SKU-JE7845,2026-07-02,27,MARKDOWN,224.0,0.3333,0.7143,-0.0129,0.5364,0.7,rule_markdown
SKU-JE7845,2026-07-09,28,MARKDOWN,224.0,0.3333,0.0,-0.0129,0.5364,0.7,rule_markdown
SKU-JE7845,2026-07-16,29,HOLD,56.0,0.5,3.0,-0.0129,0.5364,0.7,rule_hold
SKU-JE7845,2026-07-23,30,HOLD,84.0,0.5,2.3571,-0.0129,0.5364,0.7,rule_hold
SKU-JE7845,2026-07-30,31,HOLD,84.0,0.5,0.0,-0.0129,0.5364,0.771,rule_hold
SKU-JE7845,2026-08-06,32,HOLD,46.67,0.5833,1.0714,-0.0129,0.5364,0.8,rule_hold
SKU-JE7845,2026-08-13,33,HOLD,140.0,0.5833,0.4286,-0.0129,0.5364,0.8,rule_hold
SKU-JE7845,2026-08-20,34,HOLD,140.0,0.5833,0.0,-0.0129,0.5364,0.8,rule_hold
SKU-JE7845,2026-08-27,35,HOLD,140.0,0.5833,0.0,-0.0129,0.5364,1.029,rule_hold
SKU-JE7845,2026-09-03,36,PROMOTE,999.0,0.5833,0.7143,-0.0129,0.5364,1.6,rule_promote
SKU-JE7845,2026-09-10,37,PROMOTE,999.0,0.5833,1.0,-0.0129,0.5364,1.6,rule_promote
SKU-JE7845,2026-09-17,38,PROMOTE,999.0,0.5833,1.0,-0.0129,0.5364,1.6,rule_promote
SKU-JE7845,2026-09-24,39,PROMOTE,112.0,0.6667,1.0,-0.0129,0.5364,1.6,rule_promote
SKU-JE7845,2026-10-01,40,HOLD,112.0,0.6667,0.7143,-0.0129,0.5364,1.1,rule_hold
SKU-JE7845,2026-10-08,41,HOLD,112.0,0.6667,0.0,-0.0129,0.5364,1.1,rule_hold
SKU-JE7845,2026-10-15,42,HOLD,112.0,0.6667,0.0,-0.0129,0.5364,1.1,rule_hold
SKU-JE7845,2026-10-22,43,HOLD,999.0,0.6667,0.2857,-0.0129,0.5364,1.1,rule_hold
SKU-JE7845,2026-10-29,44,HOLD,84.0,0.75,1.0,-0.0129,0.5364,1.043,rule_hold
SKU-JE7845,2026-11-05,45,HOLD,84.0,0.75,0.2857,-0.0129,0.5364,1.0,rule_hold
SKU-JE7845,2026-11-12,46,HOLD,28.0,0.8333,1.2857,-0.0129,0.5364,1.0,rule_hold
SKU-JE7845,2026-11-19,47,HOLD,28.0,0.8333,1.7143,-0.0129,0.5364,1.0,rule_hold
SKU-JE7845,2026-11-26,48,HOLD,42.0,0.7857,2.5714,-0.0129,0.5364,1.0,rule_hold
SKU-JE7845,2026-12-03,49,HOLD,42.0,0.7857,0.0,-0.0129,0.5364,1.0,rule_hold
SKU-JE7845,2026-12-10,50,HOLD,84.0,0.7857,0.0,-0.0129,0.5364,1.0,rule_hold
SKU-JE7845,2026-12-17,51,HOLD,84.0,0.7857,0.0,-0.0129,0.5364,1.0,rule_hold
SKU-JE7845,2026-12-24,52,HOLD,999.0,0.7857,1.0,-0.0129,0.5364,1.0,rule_hold
SKU-GL3734,2026-01-01,1,,,,1.0,0.0138,0.5312,,cold_start
SKU-GL3734,2026-01-08,2,,,,1.0,0.0138,0.5312,,cold_start
SKU-GL3734,2026-01-15,3,,,,1.0,0.0138,0.5312,,cold_start
SKU-GL3734,2026-01-22,4,,,,1.0,0.0138,0.5312,,cold_start
SKU-GL3734,2026-01-29,5,HOLD,308.0,0.1538,0.8571,0.0138,0.5312,0.9,rule_hold
SKU-GL3734,2026-02-05,6,MARKDOWN,308.0,0.1538,0.2857,0.0138,0.5312,0.9,rule_markdown
SKU-GL3734,2026-02-12,7,MARKDOWN,308.0,0.1538,0.0,0.0138,0.5312,0.9,rule_markdown
SKU-GL3734,2026-02-19,8,MARKDOWN,308.0,0.1538,0.0,0.0138,0.5312,0.9,rule_markdown
SKU-GL3734,2026-02-26,9,MARKDOWN,999.0,0.1538,0.7143,0.0138,0.5312,1.014,rule_markdown
SKU-GL3734,2026-03-05,10,HOLD,999.0,0.1538,1.0,0.0138,0.5312,1.1,rule_hold
SKU-GL3734,2026-03-12,11,HOLD,999.0,0.1538,1.0,0.0138,0.5312,1.1,rule_hold
SKU-GL3734,2026-03-19,12,HOLD,999.0,0.1538,1.0,0.0138,0.5312,1.1,rule_hold
SKU-GL3734,2026-03-26,13,HOLD,999.0,0.1538,1.0,0.0138,0.5312,1.114,rule_hold
SKU-GL3734,2026-04-02,14,PROMOTE,999.0,0.1538,1.0,0.0138,0.5312,1.2,rule_promote
SKU-GL3734,2026-04-09,15,PROMOTE,280.0,0.2308,1.0,0.0138,0.5312,1.2,rule_promote
SKU-GL3734,2026-04-16,16,MARKDOWN,280.0,0.2308,0.0,0.0138,0.5312,1.2,rule_markdown
SKU-GL3734,2026-04-23,17,MARKDOWN,280.0,0.2308,0.0,0.0138,0.5312,1.2,rule_markdown
SKU-GL3734,2026-04-30,18,MARKDOWN,280.0,0.2308,0.0,0.0138,0.5312,1.114,rule_markdown
SKU-GL3734,2026-05-07,19,HOLD,112.0,0.3846,1.0,0.0138,0.5312,1.1,rule_hold
SKU-GL3734,2026-05-14,20,HOLD,65.33,0.4615,3.6429,0.0138,0.5312,1.1,rule_hold
SKU-GL3734,2026-05-21,21,HOLD,65.33,0.4615,0.8571,0.0138,0.5312,1.1,rule_hold
SKU-GL3734,2026-05-28,22,MARKDOWN,65.33,0.4615,0.0,0.0138,0.5312,0.971,rule_markdown
SKU-GL3734,2026-06-04,23,MARKDOWN,196.0,0.4615,0.0,0.0138,0.5312,0.8,rule_markdown
SKU-GL3734,2026-06-11,24,MARKDOWN,999.0,0.4615,0.4286,0.0138,0.5312,0.8,rule_markdown
SKU-GL3734,2026-06-18,25,HOLD,999.0,0.4615,1.0,0.0138,0.5312,0.8,rule_hold
SKU-GL3734,2026-06-25,26,HOLD,168.0,0.5385,1.0,0.0138,0.5312,0.786,rule_hold
SKU-GL3734,2026-07-02,27,MARKDOWN,168.0,0.5385,0.7143,0.0138,0.5312,0.7,rule_markdown
SKU-GL3734,2026-07-09,28,MARKDOWN,168.0,0.5385,0.0,0.0138,0.5312,0.7,rule_markdown
SKU-GL3734,2026-07-16,29,MARKDOWN,168.0,0.5385,0.0,0.0138,0.5312,0.7,rule_markdown
SKU-GL3734,2026-07-23,30,MARKDOWN,999.0,0.5385,0.2857,0.0138,0.5312,0.7,rule_markdown
SKU-GL3734,2026-07-30,31,HOLD,999.0,0.5385,1.0,0.0138,0.5312,0.771,rule_hold
SKU-GL3734,2026-08-06,32,HOLD,999.0,0.5385,1.0,0.0138,0.5312,0.8,rule_hold
SKU-GL3734,2026-08-13,33,HOLD,999.0,0.5385,1.0,0.0138,0.5312,0.8,rule_hold
SKU-GL3734,2026-08-20,34,HOLD,999.0,0.5385,1.0,0.0138,0.5312,0.8,rule_hold
SKU-GL3734,2026-08-27,35,HOLD,140.0,0.6154,1.0,0.0138,0.5312,1.029,rule_hold
SKU-GL3734,2026-09-03,36,MARKDOWN,140.0,0.6154,0.1429,0.0138,0.5312,1.6,rule_markdown
SKU-GL3734,2026-09-10,37,MARKDOWN,140.0,0.6154,0.0,0.0138,0.5312,1.6,rule_markdown
SKU-GL3734,2026-09-17,38,MARKDOWN,140.0,0.6154,0.0,0.0138,0.5312,1.6,rule_markdown
SKU-GL3734,2026-09-24,39,PROMOTE,999.0,0.6154,0.8571,0.0138,0.5312,1.6,rule_promote
SKU-GL3734,2026-10-01,40,HOLD,42.0,0.7692,1.0,0.0138,0.5312,1.1,rule_hold
SKU-GL3734,2026-10-08,41,HOLD,42.0,0.7692,1.0,0.0138,0.5312,1.1,rule_hold
SKU-GL3734,2026-10-15,42,MARKDOWN,42.0,0.7692,0.0,0.0138,0.5312,1.1,rule_markdown
SKU-GL3734,2026-10-22,43,HOLD,18.67,0.8462,0.8571,0.0138,0.5312,1.1,rule_hold
SKU-GL3734,2026-10-29,44,HOLD,56.0,0.8462,1.0714,0.0138,0.5312,1.043,rule_hold
SKU-GL3734,2026-11-05,45,MARKDOWN,168.0,0.6471,0.0,0.0138,0.5312,1.0,rule_markdown
SKU-GL3734,2026-11-12,46,MARKDOWN,168.0,0.6471,0.0,0.0138,0.5312,1.0,rule_markdown
SKU-GL3734,2026-11-19,47,MARKDOWN,999.0,0.6471,0.5714,0.0138,0.5312,1.0,rule_markdown
SKU-GL3734,2026-11-26,48,HOLD,999.0,0.6471,1.0,0.0138,0.5312,1.0,rule_hold
SKU-GL3734,2026-12-03,49,HOLD,999.0,0.6471,1.0,0.0138,0.5312,1.0,rule_hold
SKU-GL3734,2026-12-10,50,HOLD,999.0,0.6471,1.0,0.0138,0.5312,1.0,rule_hold
SKU-GL3734,2026-12-17,51,HOLD,140.0,0.7059,1.0,0.0138,0.5312,1.0,rule_hold
SKU-GL3734,2026-12-24,52,MARKDOWN,140.0,0.7059,0.7143,0.0138,0.5312,1.0,rule_markdown
SKU-KD1360,2026-01-01,1,,,,1.0,0.0097,0.5328,,cold_start
SKU-KD1360,2026-01-08,2,,,,1.0,0.0097,0.5328,,cold_start
SKU-KD1360,2026-01-15,3,,,,1.0,0.0097,0.5328,,cold_start
SKU-KD1360,2026-01-22,4,,,,1.0,0.0097,0.5328,,cold_start
SKU-KD1360,2026-01-29,5,MARKDOWN,238.0,0.15,0.4286,0.0097,0.5328,0.9,rule_markdown
SKU-KD1360,2026-02-05,6,HOLD,238.0,0.15,2.5714,0.0097,0.5328,0.9,rule_hold
SKU-KD1360,2026-02-12,7,MARKDOWN,476.0,0.15,0.0,0.0097,0.5328,0.9,rule_markdown
SKU-KD1360,2026-02-19,8,MARKDOWN,476.0,0.15,0.0,0.0097,0.5328,0.9,rule_markdown
SKU-KD1360,2026-02-26,9,HOLD,448.0,0.2,1.4286,0.0097,0.5328,1.014,rule_hold
SKU-KD1360,2026-03-05,10,MARKDOWN,448.0,0.2,0.4286,0.0097,0.5328,1.1,rule_markdown
SKU-KD1360,2026-03-12,11,MARKDOWN,448.0,0.2,0.0,0.0097,0.5328,1.1,rule_markdown
SKU-KD1360,2026-03-19,12,MARKDOWN,448.0,0.2,0.0,0.0097,0.5328,1.1,rule_markdown
SKU-KD1360,2026-03-26,13,HOLD,196.0,0.3,1.8571,0.0097,0.5328,1.114,rule_hold
SKU-KD1360,2026-04-02,14,PROMOTE,196.0,0.3,1.7143,0.0097,0.5328,1.2,rule_promote
SKU-KD1360,2026-04-09,15,PROMOTE,121.33,0.35,1.5,0.0097,0.5328,1.2,rule_promote
SKU-KD1360,2026-04-16,16,MARKDOWN,84.0,0.4,0.5714,0.0097,0.5328,1.2,rule_markdown
SKU-KD1360,2026-04-23,17,MARKDOWN,168.0,0.4,0.6429,0.0097,0.5328,1.2,rule_markdown
SKU-KD1360,2026-04-30,18,MARKDOWN,168.0,0.4,0.0,0.0097,0.5328,1.114,rule_markdown
SKU-KD1360,2026-05-07,19,HOLD,154.0,0.45,2.1429,0.0097,0.5328,1.1,rule_hold
SKU-KD1360,2026-05-14,20,HOLD,308.0,0.45,0.8571,0.0097,0.5328,1.1,rule_hold
SKU-KD1360,2026-05-21,21,MARKDOWN,308.0,0.45,0.0,0.0097,0.5328,1.1,rule_markdown
SKU-KD1360,2026-05-28,22,HOLD,140.0,0.5,1.2857,0.0097,0.5328,0.971,rule_hold
SKU-KD1360,2026-06-04,23,HOLD,126.0,0.55,2.4286,0.0097,0.5328,0.8,rule_hold
SKU-KD1360,2026-06-11,24,HOLD,126.0,0.55,1.2857,0.0097,0.5328,0.8,rule_hold
SKU-KD1360,2026-06-18,25,MARKDOWN,74.67,0.6,0.4286,0.0097,0.5328,0.8,rule_markdown
SKU-KD1360,2026-06-25,26,HOLD,112.0,0.6,1.2857,0.0097,0.5328,0.786,rule_hold
SKU-KD1360,2026-07-02,27,MARKDOWN,224.0,0.6,0.0,0.0097,0.5328,0.7,rule_markdown
SKU-KD1360,2026-07-09,28,MARKDOWN,224.0,0.6,0.0,0.0097,0.5328,0.7,rule_markdown
SKU-KD1360,2026-07-16,29,MARKDOWN,999.0,0.6,0.2857,0.0097,0.5328,0.7,rule_markdown
SKU-KD1360,2026-07-23,30,HOLD,999.0,0.6,1.0,0.0097,0.5328,0.7,rule_hold
SKU-KD1360,2026-07-30,31,HOLD,999.0,0.6,1.0,0.0097,0.5328,0.771,rule_hold
SKU-KD1360,2026-08-06,32,HOLD,999.0,0.6,1.0,0.0097,0.5328,0.8,rule_hold
SKU-KD1360,2026-08-13,33,HOLD,999.0,0.6,1.0,0.0097,0.5328,0.8,rule_hold
SKU-KD1360,2026-08-20,34,HOLD,999.0,0.6,1.0,0.0097,0.5328,0.8,rule_hold
SKU-KD1360,2026-08-27,35,HOLD,999.0,0.6,1.0,0.0097,0.5328,1.029,rule_hold
SKU-KD1360,2026-09-03,36,PROMOTE,999.0,0.6,1.0,0.0097,0.5328,1.6,rule_promote
SKU-KD1360,2026-09-10,37,PROMOTE,999.0,0.6,1.0,0.0097,0.5328,1.6,rule_promote
SKU-KD1360,2026-09-17,38,PROMOTE,999.0,0.6,1.0,0.0097,0.5328,1.6,rule_promote
SKU-KD1360,2026-09-24,39,PROMOTE,999.0,0.6,1.0,0.0097,0.5328,1.6,rule_promote
SKU-KD1360,2026-10-01,40,HOLD,999.0,0.6,1.0,0.0097,0.5328,1.1,rule_hold
SKU-KD1360,2026-10-08,41,HOLD,999.0,0.6,1.0,0.0097,0.5328,1.1,rule_hold
SKU-KD1360,2026-10-15,42,HOLD,999.0,0.6,1.0,0.0097,0.5328,1.1,rule_hold
SKU-KD1360,2026-10-22,43,HOLD,999.0,0.6,1.0,0.0097,0.5328,1.1,rule_hold
SKU-KD1360,2026-10-29,44,HOLD,999.0,0.6,1.0,0.0097,0.5328,1.043,rule_hold
SKU-KD1360,2026-11-05,45,HOLD,999.0,0.6,1.0,0.0097,0.5328,1.0,rule_hold
SKU-KD1360,2026-11-12,46,HOLD,999.0,0.6,1.0,0.0097,0.5328,1.0,rule_hold
SKU-KD1360,2026-11-19,47,HOLD,999.0,0.6,1.0,0.0097,0.5328,1.0,rule_hold
SKU-KD1360,2026-11-26,48,HOLD,999.0,0.6,1.0,0.0097,0.5328,1.0,rule_hold
SKU-KD1360,2026-12-03,49,HOLD,999.0,0.6,1.0,0.0097,0.5328,1.0,rule_hold
SKU-KD1360,2026-12-10,50,HOLD,999.0,0.6,1.0,0.0097,0.5328,1.0,rule_hold
SKU-KD1360,2026-12-17,51,HOLD,999.0,0.6,1.0,0.0097,0.5328,1.0,rule_hold
SKU-KD1360,2026-12-24,52,HOLD,999.0,0.6,1.0,0.0097,0.5328,1.0,rule_hold
SKU-GM5619,2026-01-01,1,,,,1.0,-0.0186,0.5077,,cold_start
SKU-GM5619,2026-01-08,2,,,,1.0,-0.0186,0.5077,,cold_start
SKU-GM5619,2026-01-15,3,,,,1.0,-0.0186,0.5077,,cold_start
SKU-GM5619,2026-01-22,4,,,,1.0,-0.0186,0.5077,,cold_start
SKU-GM5619,2026-01-29,5,HOLD,77.0,0.3125,0.8214,-0.0186,0.5077,0.9,rule_hold
SKU-GM5619,2026-02-05,6,MARKDOWN,93.33,0.375,0.7857,-0.0186,0.5077,0.9,rule_markdown
SKU-GM5619,2026-02-12,7,MARKDOWN,140.0,0.375,0.6429,-0.0186,0.5077,0.9,rule_markdown
SKU-GM5619,2026-02-19,8,MARKDOWN,280.0,0.375,0.0,-0.0186,0.5077,0.9,rule_markdown
SKU-GM5619,2026-02-26,9,MARKDOWN,280.0,0.375,0.0,-0.0186,0.5077,1.014,rule_markdown
SKU-GM5619,2026-03-05,10,MARKDOWN,999.0,0.375,0.5714,-0.0186,0.5077,1.1,rule_markdown
SKU-GM5619,2026-03-12,11,HOLD,999.0,0.375,1.0,-0.0186,0.5077,1.1,rule_hold
SKU-GM5619,2026-03-19,12,HOLD,252.0,0.4375,1.0,-0.0186,0.5077,1.1,rule_hold
SKU-GM5619,2026-03-26,13,HOLD,252.0,0.4375,0.5714,-0.0186,0.5077,1.114,rule_hold
SKU-GM5619,2026-04-02,14,PROMOTE,112.0,0.5,0.4286,-0.0186,0.5077,1.2,rule_promote
SKU-GM5619,2026-04-09,15,PROMOTE,112.0,0.5,2.5714,-0.0186,0.5077,1.2,rule_promote
SKU-GM5619,2026-04-16,16,PROMOTE,224.0,0.5,0.0,-0.0186,0.5077,1.2,rule_promote
SKU-GM5619,2026-04-23,17,PROMOTE,224.0,0.5,0.0,-0.0186,0.5077,1.2,rule_promote
SKU-GM5619,2026-04-30,18,HOLD,999.0,0.5,0.1429,-0.0186,0.5077,1.114,rule_hold
SKU-GM5619,2026-05-07,19,HOLD,999.0,0.5,1.0,-0.0186,0.5077,1.1,rule_hold
SKU-GM5619,2026-05-14,20,HOLD,999.0,0.5,1.0,-0.0186,0.5077,1.1,rule_hold
SKU-GM5619,2026-05-21,21,HOLD,999.0,0.5,1.0,-0.0186,0.5077,1.1,rule_hold
SKU-GM5619,2026-05-28,22,HOLD,999.0,0.5,1.0,-0.0186,0.5077,0.971,rule_hold
SKU-GM5619,2026-06-04,23,HOLD,999.0,0.5,1.0,-0.0186,0.5077,0.8,rule_hold
SKU-GM5619,2026-06-11,24,HOLD,999.0,0.5,1.0,-0.0186,0.5077,0.8,rule_hold
SKU-GM5619,2026-06-18,25,HOLD,196.0,0.5625,1.0,-0.0186,0.5077,0.8,rule_hold
SKU-GM5619,2026-06-25,26,HOLD,196.0,0.5625,0.0,-0.0186,0.5077,0.786,rule_hold
SKU-GM5619,2026-07-02,27,HOLD,196.0,0.5625,0.0,-0.0186,0.5077,0.7,rule_hold
SKU-GM5619,2026-07-09,28,HOLD,196.0,0.5625,0.0,-0.0186,0.5077,0.7,rule_hold
SKU-GM5619,2026-07-16,29,HOLD,999.0,0.5625,1.0,-0.0186,0.5077,0.7,rule_hold
SKU-GM5619,2026-07-23,30,HOLD,999.0,0.5625,1.0,-0.0186,0.5077,0.7,rule_hold
SKU-GM5619,2026-07-30,31,HOLD,999.0,0.5625,1.0,-0.0186,0.5077,0.771,rule_hold
SKU-GM5619,2026-08-06,32,HOLD,999.0,0.5625,1.0,-0.0186,0.5077,0.8,rule_hold
SKU-GM5619,2026-08-13,33,HOLD,999.0,0.5625,1.0,-0.0186,0.5077,0.8,rule_hold
SKU-GM5619,2026-08-20,34,HOLD,999.0,0.5625,1.0,-0.0186,0.5077,0.8,rule_hold
SKU-GM5619,2026-08-27,35,HOLD,999.0,0.5625,1.0,-0.0186,0.5077,1.029,rule_hold
SKU-GM5619,2026-09-03,36,PROMOTE,70.0,0.6875,1.0,-0.0186,0.5077,1.6,rule_promote
SKU-GM5619,2026-09-10,37,PROMOTE,70.0,0.6875,1.4286,-0.0186,0.5077,1.6,rule_promote
SKU-GM5619,2026-09-17,38,PROMOTE,70.0,0.6875,0.0,-0.0186,0.5077,1.6,rule_promote
SKU-GM5619,2026-09-24,39,PROMOTE,70.0,0.6875,0.0,-0.0186,0.5077,1.6,rule_promote
SKU-GM5619,2026-10-01,40,HOLD,112.0,0.75,0.8571,-0.0186,0.5077,1.1,rule_hold
SKU-GM5619,2026-10-08,41,HOLD,42.0,0.8125,2.1429,-0.0186,0.5077,1.1,rule_hold
SKU-GM5619,2026-10-15,42,HOLD,42.0,0.8125,0.0,-0.0186,0.5077,1.1,rule_hold
SKU-GM5619,2026-10-22,43,HOLD,42.0,0.8125,0.0,-0.0186,0.5077,1.1,rule_hold
SKU-GM5619,2026-10-29,44,HOLD,84.0,0.8125,0.0,-0.0186,0.5077,1.043,rule_hold
SKU-GM5619,2026-11-05,45,HOLD,999.0,0.7647,1.0,-0.0186,0.5077,1.0,rule_hold
SKU-GM5619,2026-11-12,46,HOLD,999.0,0.7647,1.0,-0.0186,0.5077,1.0,rule_hold
SKU-GM5619,2026-11-19,47,HOLD,999.0,0.7647,1.0,-0.0186,0.5077,1.0,rule_hold
SKU-GM5619,2026-11-26,48,HOLD,999.0,0.7647,1.0,-0.0186,0.5077,1.0,rule_hold
SKU-GM5619,2026-12-03,49,HOLD,999.0,0.7647,1.0,-0.0186,0.5077,1.0,rule_hold
SKU-GM5619,2026-12-10,50,HOLD,999.0,0.7647,1.0,-0.0186,0.5077,1.0,rule_hold
SKU-GM5619,2026-12-17,51,HOLD,999.0,0.7647,1.0,-0.0186,0.5077,1.0,rule_hold
SKU-GM5619,2026-12-24,52,HOLD,999.0,0.7647,1.0,-0.0186,0.5077,1.0,rule_hold
SKU-IL7185,2026-01-01,1,,,,1.0,0.0399,0.5397,,cold_start
SKU-IL7185,2026-01-08,2,,,,1.0,0.0399,0.5397,,cold_start
SKU-IL7185,2026-01-15,3,,,,1.0,0.0399,0.5397,,cold_start
SKU-IL7185,2026-01-22,4,,,,1.0,0.0399,0.5397,,cold_start
SKU-IL7185,2026-01-29,5,HOLD,999.0,0.0,1.0,0.0399,0.5397,0.9,rule_hold
SKU-IL7185,2026-02-05,6,HOLD,999.0,0.0,1.0,0.0399,0.5397,0.9,rule_hold
SKU-IL7185,2026-02-12,7,HOLD,999.0,0.0,1.0,0.0399,0.5397,0.9,rule_hold
SKU-IL7185,2026-02-19,8,HOLD,999.0,0.0,1.0,0.0399,0.5397,0.9,rule_hold
SKU-IL7185,2026-02-26,9,HOLD,999.0,0.0,1.0,0.0399,0.5397,1.014,rule_hold
SKU-IL7185,2026-03-05,10,HOLD,308.0,0.0833,1.0,0.0399,0.5397,1.1,rule_hold
SKU-IL7185,2026-03-12,11,MARKDOWN,308.0,0.0833,0.0,0.0399,0.5397,1.1,rule_markdown
SKU-IL7185,2026-03-19,12,MARKDOWN,308.0,0.0833,0.0,0.0399,0.5397,1.1,rule_markdown
SKU-IL7185,2026-03-26,13,MARKDOWN,308.0,0.0833,0.0,0.0399,0.5397,1.114,rule_markdown
SKU-IL7185,2026-04-02,14,PROMOTE,999.0,0.0833,1.0,0.0399,0.5397,1.2,rule_promote
SKU-IL7185,2026-04-09,15,PROMOTE,999.0,0.0833,1.0,0.0399,0.5397,1.2,rule_promote
SKU-IL7185,2026-04-16,16,PROMOTE,280.0,0.1667,1.0,0.0399,0.5397,1.2,rule_promote
SKU-IL7185,2026-04-23,17,PROMOTE,280.0,0.1667,0.8571,0.0399,0.5397,1.2,rule_promote
SKU-IL7185,2026-04-30,18,MARKDOWN,280.0,0.1667,0.0,0.0399,0.5397,1.114,rule_markdown
SKU-IL7185,2026-05-07,19,MARKDOWN,280.0,0.1667,0.0,0.0399,0.5397,1.1,rule_markdown
SKU-IL7185,2026-05-14,20,MARKDOWN,999.0,0.1667,0.1429,0.0399,0.5397,1.1,rule_markdown
SKU-IL7185,2026-05-21,21,HOLD,999.0,0.1667,1.0,0.0399,0.5397,1.1,rule_hold
SKU-IL7185,2026-05-28,22,HOLD,999.0,0.1667,1.0,0.0399,0.5397,0.971,rule_hold
SKU-IL7185,2026-06-04,23,HOLD,999.0,0.1667,1.0,0.0399,0.5397,0.8,rule_hold
SKU-IL7185,2026-06-11,24,HOLD,999.0,0.1667,1.0,0.0399,0.5397,0.8,rule_hold
SKU-IL7185,2026-06-18,25,HOLD,999.0,0.1667,1.0,0.0399,0.5397,0.8,rule_hold
SKU-IL7185,2026-06-25,26,HOLD,999.0,0.1667,1.0,0.0399,0.5397,0.786,rule_hold
SKU-IL7185,2026-07-02,27,HOLD,999.0,0.1667,1.0,0.0399,0.5397,0.7,rule_hold
SKU-IL7185,2026-07-09,28,HOLD,999.0,0.1667,1.0,0.0399,0.5397,0.7,rule_hold
SKU-IL7185,2026-07-16,29,HOLD,252.0,0.25,1.0,0.0399,0.5397,0.7,rule_hold
SKU-IL7185,2026-07-23,30,MARKDOWN,252.0,0.25,0.5714,0.0399,0.5397,0.7,rule_markdown
SKU-IL7185,2026-07-30,31,MARKDOWN,252.0,0.25,0.0,0.0399,0.5397,0.771,rule_markdown
SKU-IL7185,2026-08-06,32,MARKDOWN,252.0,0.25,0.0,0.0399,0.5397,0.8,rule_markdown
SKU-IL7185,2026-08-13,33,MARKDOWN,999.0,0.25,0.4286,0.0399,0.5397,0.8,rule_markdown
SKU-IL7185,2026-08-20,34,HOLD,999.0,0.25,1.0,0.0399,0.5397,0.8,rule_hold
SKU-IL7185,2026-08-27,35,HOLD,224.0,0.3333,1.0,0.0399,0.5397,1.029,rule_hold
SKU-IL7185,2026-09-03,36,MARKDOWN,224.0,0.3333,0.2857,0.0399,0.5397,1.6,rule_markdown
SKU-IL7185,2026-09-10,37,MARKDOWN,224.0,0.3333,0.0,0.0399,0.5397,1.6,rule_markdown
SKU-IL7185,2026-09-17,38,MARKDOWN,98.0,0.4167,0.4286,0.0399,0.5397,1.6,rule_markdown
SKU-IL7185,2026-09-24,39,PROMOTE,84.0,0.5,1.8571,0.0399,0.5397,1.6,rule_promote
SKU-IL7185,2026-10-01,40,HOLD,84.0,0.5,1.2857,0.0399,0.5397,1.1,rule_hold
SKU-IL7185,2026-10-08,41,MARKDOWN,84.0,0.5,0.0,0.0399,0.5397,1.1,rule_markdown
SKU-IL7185,2026-10-15,42,MARKDOWN,168.0,0.5,0.0,0.0399,0.5397,1.1,rule_markdown
SKU-IL7185,2026-10-22,43,MARKDOWN,999.0,0.5,0.5714,0.0399,0.5397,1.1,rule_markdown
SKU-IL7185,2026-10-29,44,HOLD,999.0,0.5,1.0,0.0399,0.5397,1.043,rule_hold
SKU-IL7185,2026-11-05,45,HOLD,999.0,0.5,1.0,0.0399,0.5397,1.0,rule_hold
SKU-IL7185,2026-11-12,46,HOLD,999.0,0.5,1.0,0.0399,0.5397,1.0,rule_hold
SKU-IL7185,2026-11-19,47,HOLD,999.0,0.5,1.0,0.0399,0.5397,1.0,rule_hold
SKU-IL7185,2026-11-26,48,HOLD,999.0,0.5,1.0,0.0399,0.5397,1.0,rule_hold
SKU-IL7185,2026-12-03,49,HOLD,140.0,0.5833,1.0,0.0399,0.5397,1.0,rule_hold
SKU-IL7185,2026-12-10,50,MARKDOWN,140.0,0.5833,0.0,0.0399,0.5397,1.0,rule_markdown
SKU-IL7185,2026-12-17,51,MARKDOWN,140.0,0.5833,0.0,0.0399,0.5397,1.0,rule_markdown
SKU-IL7185,2026-12-24,52,MARKDOWN,140.0,0.5833,0.0,0.0399,0.5397,1.0,rule_markdown
SKU-KA0250,2026-01-01,1,,,,1.0,-0.0263,0.5156,,cold_start
SKU-KA0250,2026-01-08,2,,,,1.0,-0.0263,0.5156,,cold_start
SKU-KA0250,2026-01-15,3,,,,1.0,-0.0263,0.5156,,cold_start
SKU-KA0250,2026-01-22,4,,,,1.0,-0.0263,0.5156,,cold_start
SKU-KA0250,2026-01-29,5,HOLD,392.0,0.125,1.1429,-0.0263,0.5156,0.9,rule_hold
SKU-KA0250,2026-02-05,6,MARKDOWN,392.0,0.125,0.0,-0.0263,0.5156,0.9,rule_markdown
SKU-KA0250,2026-02-12,7,MARKDOWN,392.0,0.125,0.0,-0.0263,0.5156,0.9,rule_markdown
SKU-KA0250,2026-02-19,8,MARKDOWN,999.0,0.125,0.4286,-0.0263,0.5156,0.9,rule_markdown
SKU-KA0250,2026-02-26,9,HOLD,364.0,0.1875,1.0,-0.0263,0.5156,1.014,rule_hold
SKU-KA0250,2026-03-05,10,MARKDOWN,364.0,0.1875,0.0,-0.0263,0.5156,1.1,rule_markdown
SKU-KA0250,2026-03-12,11,MARKDOWN,364.0,0.1875,0.0,-0.0263,0.5156,1.1,rule_markdown
SKU-KA0250,2026-03-19,12,MARKDOWN,364.0,0.1875,0.0,-0.0263,0.5156,1.1,rule_markdown
SKU-KA0250,2026-03-26,13,HOLD,999.0,0.1875,1.0,-0.0263,0.5156,1.114,rule_hold
SKU-KA0250,2026-04-02,14,PROMOTE,999.0,0.1875,1.0,-0.0263,0.5156,1.2,rule_promote
SKU-KA0250,2026-04-09,15,PROMOTE,999.0,0.1875,1.0,-0.0263,0.5156,1.2,rule_promote
SKU-KA0250,2026-04-16,16,PROMOTE,154.0,0.3125,1.0,-0.0263,0.5156,1.2,rule_promote
SKU-KA0250,2026-04-23,17,PROMOTE,154.0,0.3125,1.1429,-0.0263,0.5156,1.2,rule_promote
SKU-KA0250,2026-04-30,18,MARKDOWN,154.0,0.3125,0.0,-0.0263,0.5156,1.114,rule_markdown
SKU-KA0250,2026-05-07,19,HOLD,93.33,0.375,1.0714,-0.0263,0.5156,1.1,rule_hold
SKU-KA0250,2026-05-14,20,MARKDOWN,280.0,0.375,0.4286,-0.0263,0.5156,1.1,rule_markdown
SKU-KA0250,2026-05-21,21,HOLD,126.0,0.4375,2.1429,-0.0263,0.5156,1.1,rule_hold
SKU-KA0250,2026-05-28,22,HOLD,126.0,0.4375,0.8571,-0.0263,0.5156,0.971,rule_hold
SKU-KA0250,2026-06-04,23,HOLD,252.0,0.4375,0.0,-0.0263,0.5156,0.8,rule_hold
SKU-KA0250,2026-06-11,24,HOLD,252.0,0.4375,0.0,-0.0263,0.5156,0.8,rule_hold
SKU-KA0250,2026-06-18,25,HOLD,999.0,0.4375,0.7143,-0.0263,0.5156,0.8,rule_hold
SKU-KA0250,2026-06-25,26,HOLD,999.0,0.4375,1.0,-0.0263,0.5156,0.786,rule_hold
SKU-KA0250,2026-07-02,27,HOLD,999.0,0.4375,1.0,-0.0263,0.5156,0.7,rule_hold
SKU-KA0250,2026-07-09,28,HOLD,999.0,0.4375,1.0,-0.0263,0.5156,0.7,rule_hold
SKU-KA0250,2026-07-16,29,HOLD,999.0,0.4375,1.0,-0.0263,0.5156,0.7,rule_hold
SKU-KA0250,2026-07-23,30,HOLD,224.0,0.5,1.0,-0.0263,0.5156,0.7,rule_hold
SKU-KA0250,2026-07-30,31,HOLD,224.0,0.5,0.7143,-0.0263,0.5156,0.771,rule_hold
SKU-KA0250,2026-08-06,32,HOLD,224.0,0.5,0.0,-0.0263,0.5156,0.8,rule_hold
SKU-KA0250,2026-08-13,33,HOLD,98.0,0.5625,2.1429,-0.0263,0.5156,0.8,rule_hold
SKU-KA0250,2026-08-20,34,HOLD,196.0,0.5625,0.8571,-0.0263,0.5156,0.8,rule_hold
SKU-KA0250,2026-08-27,35,HOLD,196.0,0.5625,0.0,-0.0263,0.5156,1.029,rule_hold
SKU-KA0250,2026-09-03,36,PROMOTE,196.0,0.5625,0.0,-0.0263,0.5156,1.6,rule_promote
SKU-KA0250,2026-09-10,37,PROMOTE,999.0,0.5625,0.7143,-0.0263,0.5156,1.6,rule_promote
SKU-KA0250,2026-09-17,38,PROMOTE,999.0,0.5625,1.0,-0.0263,0.5156,1.6,rule_promote
SKU-KA0250,2026-09-24,39,PROMOTE,999.0,0.5625,1.0,-0.0263,0.5156,1.6,rule_promote
SKU-KA0250,2026-10-01,40,HOLD,999.0,0.5625,1.0,-0.0263,0.5156,1.1,rule_hold
SKU-KA0250,2026-10-08,41,HOLD,999.0,0.5625,1.0,-0.0263,0.5156,1.1,rule_hold
SKU-KA0250,2026-10-15,42,HOLD,999.0,0.5625,1.0,-0.0263,0.5156,1.1,rule_hold
SKU-KA0250,2026-10-22,43,HOLD,999.0,0.5625,1.0,-0.0263,0.5156,1.1,rule_hold
SKU-KA0250,2026-10-29,44,HOLD,999.0,0.5625,1.0,-0.0263,0.5156,1.043,rule_hold
SKU-KA0250,2026-11-05,45,HOLD,168.0,0.625,1.0,-0.0263,0.5156,1.0,rule_hold
SKU-KA0250,2026-11-12,46,HOLD,168.0,0.625,0.0,-0.0263,0.5156,1.0,rule_hold
SKU-KA0250,2026-11-19,47,HOLD,168.0,0.625,0.0,-0.0263,0.5156,1.0,rule_hold
SKU-KA0250,2026-11-26,48,HOLD,70.0,0.6875,2.1429,-0.0263,0.5156,1.0,rule_hold
SKU-KA0250,2026-12-03,49,HOLD,140.0,0.6875,0.2857,-0.0263,0.5156,1.0,rule_hold
SKU-KA0250,2026-12-10,50,HOLD,140.0,0.6875,0.0,-0.0263,0.5156,1.0,rule_hold
SKU-KA0250,2026-12-17,51,HOLD,140.0,0.6875,0.0,-0.0263,0.5156,1.0,rule_hold
SKU-KA0250,2026-12-24,52,HOLD,999.0,0.6875,0.7143,-0.0263,0.5156,1.0,rule_hold
SKU-JC9774,2026-01-01,1,,,,1.0,0.04,0.5242,,cold_start
SKU-JC9774,2026-01-08,2,,,,1.0,0.04,0.5242,,cold_start
SKU-JC9774,2026-01-15,3,,,,1.0,0.04,0.5242,,cold_start
SKU-JC9774,2026-01-22,4,,,,1.0,0.04,0.5242,,cold_start
SKU-JC9774,2026-01-29,5,MARKDOWN,999.0,0.0556,0.4286,0.04,0.5242,0.9,rule_markdown
SKU-JC9774,2026-02-05,6,HOLD,999.0,0.0556,1.0,0.04,0.5242,0.9,rule_hold
SKU-JC9774,2026-02-12,7,HOLD,448.0,0.1111,1.0,0.04,0.5242,0.9,rule_hold
SKU-JC9774,2026-02-19,8,MARKDOWN,448.0,0.1111,0.1429,0.04,0.5242,0.9,rule_markdown
SKU-JC9774,2026-02-26,9,MARKDOWN,448.0,0.1111,0.0,0.04,0.5242,1.014,rule_markdown
SKU-JC9774,2026-03-05,10,MARKDOWN,448.0,0.1111,0.0,0.04,0.5242,1.1,rule_markdown
SKU-JC9774,2026-03-12,11,HOLD,999.0,0.1111,0.8571,0.04,0.5242,1.1,rule_hold
SKU-JC9774,2026-03-19,12,HOLD,999.0,0.1111,1.0,0.04,0.5242,1.1,rule_hold
SKU-JC9774,2026-03-26,13,HOLD,999.0,0.1111,1.0,0.04,0.5242,1.114,rule_hold
SKU-JC9774,2026-04-02,14,PROMOTE,999.0,0.1111,1.0,0.04,0.5242,1.2,rule_promote
SKU-JC9774,2026-04-09,15,PROMOTE,999.0,0.1111,1.0,0.04,0.5242,1.2,rule_promote
SKU-JC9774,2026-04-16,16,PROMOTE,420.0,0.1667,1.0,0.04,0.5242,1.2,rule_promote
SKU-JC9774,2026-04-23,17,MARKDOWN,420.0,0.1667,0.2857,0.04,0.5242,1.2,rule_markdown
SKU-JC9774,2026-04-30,18,MARKDOWN,420.0,0.1667,0.0,0.04,0.5242,1.114,rule_markdown
SKU-JC9774,2026-05-07,19,MARKDOWN,420.0,0.1667,0.0,0.04,0.5242,1.1,rule_markdown
SKU-JC9774,2026-05-14,20,MARKDOWN,999.0,0.1667,0.7143,0.04,0.5242,1.1,rule_markdown
SKU-JC9774,2026-05-21,21,HOLD,999.0,0.1667,1.0,0.04,0.5242,1.1,rule_hold
SKU-JC9774,2026-05-28,22,HOLD,999.0,0.1667,1.0,0.04,0.5242,0.971,rule_hold
SKU-JC9774,2026-06-04,23,HOLD,999.0,0.1667,1.0,0.04,0.5242,0.8,rule_hold
SKU-JC9774,2026-06-11,24,HOLD,999.0,0.1667,1.0,0.04,0.5242,0.8,rule_hold
SKU-JC9774,2026-06-18,25,HOLD,999.0,0.1667,1.0,0.04,0.5242,0.8,rule_hold
SKU-JC9774,2026-06-25,26,HOLD,392.0,0.2222,1.0,0.04,0.5242,0.786,rule_hold
SKU-JC9774,2026-07-02,27,MARKDOWN,392.0,0.2222,0.0,0.04,0.5242,0.7,rule_markdown
SKU-JC9774,2026-07-09,28,MARKDOWN,392.0,0.2222,0.0,0.04,0.5242,0.7,rule_markdown
SKU-JC9774,2026-07-16,29,MARKDOWN,392.0,0.2222,0.0,0.04,0.5242,0.7,rule_markdown
SKU-JC9774,2026-07-23,30,HOLD,999.0,0.2222,1.0,0.04,0.5242,0.7,rule_hold
SKU-JC9774,2026-07-30,31,HOLD,999.0,0.2222,1.0,0.04,0.5242,0.771,rule_hold
SKU-JC9774,2026-08-06,32,HOLD,999.0,0.2222,1.0,0.04,0.5242,0.8,rule_hold
SKU-JC9774,2026-08-13,33,HOLD,364.0,0.2778,1.0,0.04,0.5242,0.8,rule_hold
SKU-JC9774,2026-08-20,34,HOLD,168.0,0.3333,1.8571,0.04,0.5242,0.8,rule_hold
SKU-JC9774,2026-08-27,35,HOLD,168.0,0.3333,1.7143,0.04,0.5242,1.029,rule_hold
SKU-JC9774,2026-09-03,36,PROMOTE,102.67,0.3889,1.5,0.04,0.5242,1.6,rule_promote
SKU-JC9774,2026-09-10,37,MARKDOWN,154.0,0.3889,0.0,0.04,0.5242,1.6,rule_markdown
SKU-JC9774,2026-09-17,38,PROMOTE,140.0,0.4444,0.8571,0.04,0.5242,1.6,rule_promote
SKU-JC9774,2026-09-24,39,PROMOTE,84.0,0.5,3.8571,0.04,0.5242,1.6,rule_promote
SKU-JC9774,2026-10-01,40,HOLD,126.0,0.5,0.8571,0.04,0.5242,1.1,rule_hold
SKU-JC9774,2026-10-08,41,MARKDOWN,126.0,0.5,0.0,0.04,0.5242,1.1,rule_markdown
SKU-JC9774,2026-10-15,42,HOLD,112.0,0.5556,1.2857,0.04,0.5242,1.1,rule_hold
SKU-JC9774,2026-10-22,43,HOLD,224.0,0.5556,1.0,0.04,0.5242,1.1,rule_hold
SKU-JC9774,2026-10-29,44,MARKDOWN,224.0,0.5556,0.0,0.04,0.5242,1.043,rule_markdown
SKU-JC9774,2026-11-05,45,HOLD,98.0,0.6111,1.2857,0.04,0.5242,1.0,rule_hold
SKU-JC9774,2026-11-12,46,HOLD,196.0,0.6111,1.4286,0.04,0.5242,1.0,rule_hold
SKU-JC9774,2026-11-19,47,MARKDOWN,196.0,0.6111,0.0,0.04,0.5242,1.0,rule_markdown
SKU-JC9774,2026-11-26,48,HOLD,84.0,0.6667,2.5714,0.04,0.5242,1.0,rule_hold
SKU-JC9774,2026-12-03,49,MARKDOWN,168.0,0.6667,0.4286,0.04,0.5242,1.0,rule_markdown
SKU-JC9774,2026-12-10,50,MARKDOWN,168.0,0.6667,0.0,0.04,0.5242,1.0,rule_markdown
SKU-JC9774,2026-12-17,51,MARKDOWN,168.0,0.6667,0.0,0.04,0.5242,1.0,rule_markdown
SKU-JC9774,2026-12-24,52,HOLD,999.0,0.6667,0.8571,0.04,0.5242,1.0,rule_hold
SKU-HN1609,2026-01-01,1,,,,1.0,0.0385,0.5264,,cold_start
SKU-HN1609,2026-01-08,2,,,,1.0,0.0385,0.5264,,cold_start
SKU-HN1609,2026-01-15,3,,,,1.0,0.0385,0.5264,,cold_start
SKU-HN1609,2026-01-22,4,,,,1.0,0.0385,0.5264,,cold_start
SKU-HN1609,2026-01-29,5,MARKDOWN,224.0,0.1111,0.0,0.0385,0.5264,0.9,rule_markdown
SKU-HN1609,2026-02-05,6,MARKDOWN,210.0,0.1667,0.4286,0.0385,0.5264,0.9,rule_markdown
SKU-HN1609,2026-02-12,7,HOLD,420.0,0.1667,2.0,0.0385,0.5264,0.9,rule_hold
SKU-HN1609,2026-02-19,8,HOLD,196.0,0.2222,3.0,0.0385,0.5264,0.9,rule_hold
SKU-HN1609,2026-02-26,9,MARKDOWN,196.0,0.2222,0.0,0.0385,0.5264,1.014,rule_markdown
SKU-HN1609,2026-03-05,10,MARKDOWN,392.0,0.2222,0.0,0.0385,0.5264,1.1,rule_markdown
SKU-HN1609,2026-03-12,11,MARKDOWN,392.0,0.2222,0.0,0.0385,0.5264,1.1,rule_markdown
SKU-HN1609,2026-03-19,12,HOLD,999.0,0.2222,1.0,0.0385,0.5264,1.1,rule_hold
SKU-HN1609,2026-03-26,13,HOLD,999.0,0.2222,1.0,0.0385,0.5264,1.114,rule_hold
SKU-HN1609,2026-04-02,14,PROMOTE,364.0,0.2778,1.0,0.0385,0.5264,1.2,rule_promote
SKU-HN1609,2026-04-09,15,PROMOTE,168.0,0.3333,2.1429,0.0385,0.5264,1.2,rule_promote
SKU-HN1609,2026-04-16,16,PROMOTE,168.0,0.3333,1.2857,0.0385,0.5264,1.2,rule_promote
SKU-HN1609,2026-04-23,17,MARKDOWN,168.0,0.3333,0.0,0.0385,0.5264,1.2,rule_markdown
SKU-HN1609,2026-04-30,18,MARKDOWN,336.0,0.3333,0.0,0.0385,0.5264,1.114,rule_markdown
SKU-HN1609,2026-05-07,19,MARKDOWN,999.0,0.3333,0.5714,0.0385,0.5264,1.1,rule_markdown
SKU-HN1609,2026-05-14,20,HOLD,999.0,0.3333,1.0,0.0385,0.5264,1.1,rule_hold
SKU-HN1609,2026-05-21,21,HOLD,308.0,0.3889,1.0,0.0385,0.5264,1.1,rule_hold
SKU-HN1609,2026-05-28,22,MARKDOWN,308.0,0.3889,0.2857,0.0385,0.5264,0.971,rule_markdown
SKU-HN1609,2026-06-04,23,MARKDOWN,308.0,0.3889,0.0,0.0385,0.5264,0.8,rule_markdown
SKU-HN1609,2026-06-11,24,HOLD,140.0,0.4444,0.8571,0.0385,0.5264,0.8,rule_hold
SKU-HN1609,2026-06-18,25,HOLD,280.0,0.4444,1.2857,0.0385,0.5264,0.8,rule_hold
SKU-HN1609,2026-06-25,26,MARKDOWN,126.0,0.5,0.4286,0.0385,0.5264,0.786,rule_markdown
SKU-HN1609,2026-07-02,27,HOLD,126.0,0.5,2.5714,0.0385,0.5264,0.7,rule_hold
SKU-HN1609,2026-07-09,28,MARKDOWN,252.0,0.5,0.0,0.0385,0.5264,0.7,rule_markdown
SKU-HN1609,2026-07-16,29,MARKDOWN,252.0,0.5,0.0,0.0385,0.5264,0.7,rule_markdown
SKU-HN1609,2026-07-23,30,MARKDOWN,999.0,0.5,0.1429,0.0385,0.5264,0.7,rule_markdown
SKU-HN1609,2026-07-30,31,HOLD,98.0,0.6111,1.0,0.0385,0.5264,0.771,rule_hold
SKU-HN1609,2026-08-06,32,HOLD,98.0,0.6111,1.7143,0.0385,0.5264,0.8,rule_hold
SKU-HN1609,2026-08-13,33,MARKDOWN,98.0,0.6111,0.0,0.0385,0.5264,0.8,rule_markdown
SKU-HN1609,2026-08-20,34,MARKDOWN,98.0,0.6111,0.0,0.0385,0.5264,0.8,rule_markdown
SKU-HN1609,2026-08-27,35,MARKDOWN,168.0,0.6667,0.1429,0.0385,0.5264,1.029,rule_markdown
SKU-HN1609,2026-09-03,36,PROMOTE,21.0,0.8333,2.1429,0.0385,0.5264,1.6,rule_promote
SKU-HN1609,2026-09-10,37,PROMOTE,21.0,0.8333,0.8571,0.0385,0.5264,1.6,rule_promote
SKU-HN1609,2026-09-17,38,PROMOTE,22.4,0.8,0.3214,0.0385,0.5264,1.6,rule_promote
SKU-HN1609,2026-09-24,39,MARKDOWN,70.0,0.6154,0.4286,0.0385,0.5264,1.6,rule_markdown
SKU-HN1609,2026-10-01,40,MARKDOWN,280.0,0.6154,0.0,0.0385,0.5264,1.1,rule_markdown
SKU-HN1609,2026-10-08,41,MARKDOWN,280.0,0.6154,0.0,0.0385,0.5264,1.1,rule_markdown
SKU-HN1609,2026-10-15,42,MARKDOWN,999.0,0.6154,0.4286,0.0385,0.5264,1.1,rule_markdown
SKU-HN1609,2026-10-22,43,HOLD,999.0,0.6154,1.0,0.0385,0.5264,1.1,rule_hold
SKU-HN1609,2026-10-29,44,HOLD,999.0,0.6154,1.0,0.0385,0.5264,1.043,rule_hold
SKU-HN1609,2026-11-05,45,HOLD,999.0,0.6154,1.0,0.0385,0.5264,1.0,rule_hold
SKU-HN1609,2026-11-12,46,HOLD,999.0,0.6154,1.0,0.0385,0.5264,1.0,rule_hold
SKU-HN1609,2026-11-19,47,HOLD,999.0,0.6154,1.0,0.0385,0.5264,1.0,rule_hold
SKU-HN1609,2026-11-26,48,HOLD,999.0,0.6154,1.0,0.0385,0.5264,1.0,rule_hold
SKU-HN1609,2026-12-03,49,HOLD,999.0,0.6154,1.0,0.0385,0.5264,1.0,rule_hold
SKU-HN1609,2026-12-10,50,HOLD,999.0,0.6154,1.0,0.0385,0.5264,1.0,rule_hold
SKU-HN1609,2026-12-17,51,HOLD,999.0,0.6154,1.0,0.0385,0.5264,1.0,rule_hold
SKU-HN1609,2026-12-24,52,HOLD,252.0,0.6538,1.0,0.0385,0.5264,1.0,rule_hold
SKU-IL5427,2026-01-01,1,,,,1.0,0.0252,0.5337,,cold_start
SKU-IL5427,2026-01-08,2,,,,1.0,0.0252,0.5337,,cold_start
SKU-IL5427,2026-01-15,3,,,,1.0,0.0252,0.5337,,cold_start
SKU-IL5427,2026-01-22,4,,,,1.0,0.0252,0.5337,,cold_start
SKU-IL5427,2026-01-29,5,CLEAR,999.0,0.0,1.0,0.0252,0.5337,0.9,rule_clear
SKU-IL5427,2026-02-05,6,CLEAR,999.0,0.0,1.0,0.0252,0.5337,0.9,rule_clear
SKU-IL5427,2026-02-12,7,CLEAR,999.0,0.0,1.0,0.0252,0.5337,0.9,rule_clear
SKU-IL5427,2026-02-19,8,CLEAR,999.0,0.0,1.0,0.0252,0.5337,0.9,rule_clear
SKU-IL5427,2026-02-26,9,CLEAR,999.0,0.0,1.0,0.0252,0.5337,1.014,rule_clear
SKU-IL5427,2026-03-05,10,CLEAR,999.0,0.0,1.0,0.0252,0.5337,1.1,rule_clear
SKU-IL5427,2026-03-12,11,CLEAR,999.0,0.0,1.0,0.0252,0.5337,1.1,rule_clear
SKU-IL5427,2026-03-19,12,CLEAR,999.0,0.0,1.0,0.0252,0.5337,1.1,rule_clear
SKU-IL5427,2026-03-26,13,CLEAR,999.0,0.0,1.0,0.0252,0.5337,1.114,rule_clear
SKU-IL5427,2026-04-02,14,PROMOTE,999.0,0.0,1.0,0.0252,0.5337,1.2,rule_promote
SKU-IL5427,2026-04-09,15,PROMOTE,999.0,0.0,1.0,0.0252,0.5337,1.2,rule_promote
SKU-IL5427,2026-04-16,16,PROMOTE,999.0,0.0,1.0,0.0252,0.5337,1.2,rule_promote
SKU-IL5427,2026-04-23,17,PROMOTE,999.0,0.0,1.0,0.0252,0.5337,1.2,rule_promote
SKU-IL5427,2026-04-30,18,CLEAR,999.0,0.0,1.0,0.0252,0.5337,1.114,rule_clear
SKU-IL5427,2026-05-07,19,CLEAR,999.0,0.0,1.0,0.0252,0.5337,1.1,rule_clear
SKU-IL5427,2026-05-14,20,CLEAR,999.0,0.0,1.0,0.0252,0.5337,1.1,rule_clear
SKU-IL5427,2026-05-21,21,CLEAR,999.0,0.0,1.0,0.0252,0.5337,1.1,rule_clear
SKU-IL5427,2026-05-28,22,CLEAR,999.0,0.0,1.0,0.0252,0.5337,0.971,rule_clear
SKU-IL5427,2026-06-04,23,CLEAR,999.0,0.0,1.0,0.0252,0.5337,0.8,rule_clear
SKU-IL5427,2026-06-11,24,CLEAR,999.0,0.0,1.0,0.0252,0.5337,0.8,rule_clear
SKU-IL5427,2026-06-18,25,CLEAR,999.0,0.0,1.0,0.0252,0.5337,0.8,rule_clear
SKU-IL5427,2026-06-25,26,CLEAR,999.0,0.0,1.0,0.0252,0.5337,0.786,rule_clear
SKU-IL5427,2026-07-02,27,CLEAR,999.0,0.0,1.0,0.0252,0.5337,0.7,rule_clear
SKU-IL5427,2026-07-09,28,CLEAR,999.0,0.0,1.0,0.0252,0.5337,0.7,rule_clear
SKU-IL5427,2026-07-16,29,CLEAR,999.0,0.0,1.0,0.0252,0.5337,0.7,rule_clear
SKU-IL5427,2026-07-23,30,CLEAR,999.0,0.0,1.0,0.0252,0.5337,0.7,rule_clear
SKU-IL5427,2026-07-30,31,CLEAR,999.0,0.0,1.0,0.0252,0.5337,0.771,rule_clear
SKU-IL5427,2026-08-06,32,CLEAR,999.0,0.0,1.0,0.0252,0.5337,0.8,rule_clear
SKU-IL5427,2026-08-13,33,CLEAR,999.0,0.0,1.0,0.0252,0.5337,0.8,rule_clear
SKU-IL5427,2026-08-20,34,CLEAR,999.0,0.0,1.0,0.0252,0.5337,0.8,rule_clear
SKU-IL5427,2026-08-27,35,CLEAR,999.0,0.0,1.0,0.0252,0.5337,1.029,rule_clear
SKU-IL5427,2026-09-03,36,PROMOTE,999.0,0.0,1.0,0.0252,0.5337,1.6,rule_promote
SKU-IL5427,2026-09-10,37,PROMOTE,999.0,0.0,1.0,0.0252,0.5337,1.6,rule_promote
SKU-IL5427,2026-09-17,38,PROMOTE,999.0,0.0,1.0,0.0252,0.5337,1.6,rule_promote
SKU-IL5427,2026-09-24,39,PROMOTE,999.0,0.0,1.0,0.0252,0.5337,1.6,rule_promote
SKU-IL5427,2026-10-01,40,CLEAR,999.0,0.0,1.0,0.0252,0.5337,1.1,rule_clear
SKU-IL5427,2026-10-08,41,CLEAR,999.0,0.0,1.0,0.0252,0.5337,1.1,rule_clear
SKU-IL5427,2026-10-15,42,CLEAR,999.0,0.0,1.0,0.0252,0.5337,1.1,rule_clear
SKU-IL5427,2026-10-22,43,CLEAR,999.0,0.0,1.0,0.0252,0.5337,1.1,rule_clear
SKU-IL5427,2026-10-29,44,CLEAR,999.0,0.0,1.0,0.0252,0.5337,1.043,rule_clear
SKU-IL5427,2026-11-05,45,CLEAR,999.0,0.0,1.0,0.0252,0.5337,1.0,rule_clear
SKU-IL5427,2026-11-12,46,CLEAR,999.0,0.0,1.0,0.0252,0.5337,1.0,rule_clear
SKU-IL5427,2026-11-19,47,CLEAR,999.0,0.0,1.0,0.0252,0.5337,1.0,rule_clear
SKU-IL5427,2026-11-26,48,CLEAR,999.0,0.0,1.0,0.0252,0.5337,1.0,rule_clear
SKU-IL5427,2026-12-03,49,CLEAR,999.0,0.0,1.0,0.0252,0.5337,1.0,rule_clear
SKU-IL5427,2026-12-10,50,CLEAR,999.0,0.0,1.0,0.0252,0.5337,1.0,rule_clear
SKU-IL5427,2026-12-17,51,CLEAR,999.0,0.0,1.0,0.0252,0.5337,1.0,rule_clear
SKU-IL5427,2026-12-24,52,CLEAR,999.0,0.0,1.0,0.0252,0.5337,1.0,rule_clear
SKU-HT2172,2026-01-01,1,,,,1.0,-0.0266,0.5017,,cold_start
SKU-HT2172,2026-01-08,2,,,,1.0,-0.0266,0.5017,,cold_start
SKU-HT2172,2026-01-15,3,,,,1.0,-0.0266,0.5017,,cold_start
SKU-HT2172,2026-01-22,4,,,,1.0,-0.0266,0.5017,,cold_start
SKU-HT2172,2026-01-29,5,CLEAR,999.0,0.0,1.0,-0.0266,0.5017,0.9,rule_clear
SKU-HT2172,2026-02-05,6,CLEAR,999.0,0.0,1.0,-0.0266,0.5017,0.9,rule_clear
SKU-HT2172,2026-02-12,7,CLEAR,999.0,0.0,1.0,-0.0266,0.5017,0.9,rule_clear
SKU-HT2172,2026-02-19,8,CLEAR,999.0,0.0,1.0,-0.0266,0.5017,0.9,rule_clear
SKU-HT2172,2026-02-26,9,CLEAR,999.0,0.0,1.0,-0.0266,0.5017,1.014,rule_clear
SKU-HT2172,2026-03-05,10,CLEAR,999.0,0.0,1.0,-0.0266,0.5017,1.1,rule_clear
SKU-HT2172,2026-03-12,11,CLEAR,999.0,0.0,1.0,-0.0266,0.5017,1.1,rule_clear
SKU-HT2172,2026-03-19,12,CLEAR,999.0,0.0,1.0,-0.0266,0.5017,1.1,rule_clear
SKU-HT2172,2026-03-26,13,CLEAR,999.0,0.0,1.0,-0.0266,0.5017,1.114,rule_clear
SKU-HT2172,2026-04-02,14,PROMOTE,999.0,0.0,1.0,-0.0266,0.5017,1.2,rule_promote
SKU-HT2172,2026-04-09,15,PROMOTE,999.0,0.0,1.0,-0.0266,0.5017,1.2,rule_promote
SKU-HT2172,2026-04-16,16,PROMOTE,999.0,0.0,1.0,-0.0266,0.5017,1.2,rule_promote
SKU-HT2172,2026-04-23,17,PROMOTE,999.0,0.0,1.0,-0.0266,0.5017,1.2,rule_promote
SKU-HT2172,2026-04-30,18,CLEAR,999.0,0.0,1.0,-0.0266,0.5017,1.114,rule_clear
SKU-HT2172,2026-05-07,19,CLEAR,999.0,0.0,1.0,-0.0266,0.5017,1.1,rule_clear
SKU-HT2172,2026-05-14,20,CLEAR,999.0,0.0,1.0,-0.0266,0.5017,1.1,rule_clear
SKU-HT2172,2026-05-21,21,CLEAR,999.0,0.0,1.0,-0.0266,0.5017,1.1,rule_clear
SKU-HT2172,2026-05-28,22,CLEAR,999.0,0.0,1.0,-0.0266,0.5017,0.971,rule_clear
SKU-HT2172,2026-06-04,23,CLEAR,999.0,0.0,1.0,-0.0266,0.5017,0.8,rule_clear
SKU-HT2172,2026-06-11,24,CLEAR,999.0,0.0,1.0,-0.0266,0.5017,0.8,rule_clear
SKU-HT2172,2026-06-18,25,CLEAR,999.0,0.0,1.0,-0.0266,0.5017,0.8,rule_clear
SKU-HT2172,2026-06-25,26,CLEAR,999.0,0.0,1.0,-0.0266,0.5017,0.786,rule_clear
SKU-HT2172,2026-07-02,27,CLEAR,999.0,0.0,1.0,-0.0266,0.5017,0.7,rule_clear
SKU-HT2172,2026-07-09,28,CLEAR,999.0,0.0,1.0,-0.0266,0.5017,0.7,rule_clear
SKU-HT2172,2026-07-16,29,CLEAR,999.0,0.0,1.0,-0.0266,0.5017,0.7,rule_clear
SKU-HT2172,2026-07-23,30,CLEAR,999.0,0.0,1.0,-0.0266,0.5017,0.7,rule_clear
SKU-HT2172,2026-07-30,31,CLEAR,999.0,0.0,1.0,-0.0266,0.5017,0.771,rule_clear
SKU-HT2172,2026-08-06,32,CLEAR,999.0,0.0,1.0,-0.0266,0.5017,0.8,rule_clear
SKU-HT2172,2026-08-13,33,CLEAR,999.0,0.0,1.0,-0.0266,0.5017,0.8,rule_clear
SKU-HT2172,2026-08-20,34,CLEAR,999.0,0.0,1.0,-0.0266,0.5017,0.8,rule_clear
SKU-HT2172,2026-08-27,35,CLEAR,999.0,0.0,1.0,-0.0266,0.5017,1.029,rule_clear
SKU-HT2172,2026-09-03,36,PROMOTE,999.0,0.0,1.0,-0.0266,0.5017,1.6,rule_promote
SKU-HT2172,2026-09-10,37,PROMOTE,999.0,0.0,1.0,-0.0266,0.5017,1.6,rule_promote
SKU-HT2172,2026-09-17,38,PROMOTE,999.0,0.0,1.0,-0.0266,0.5017,1.6,rule_promote
SKU-HT2172,2026-09-24,39,PROMOTE,999.0,0.0,1.0,-0.0266,0.5017,1.6,rule_promote
SKU-HT2172,2026-10-01,40,CLEAR,999.0,0.0,1.0,-0.0266,0.5017,1.1,rule_clear
SKU-HT2172,2026-10-08,41,CLEAR,999.0,0.0,1.0,-0.0266,0.5017,1.1,rule_clear
SKU-HT2172,2026-10-15,42,CLEAR,999.0,0.0,1.0,-0.0266,0.5017,1.1,rule_clear
SKU-HT2172,2026-10-22,43,CLEAR,999.0,0.0,1.0,-0.0266,0.5017,1.1,rule_clear
SKU-HT2172,2026-10-29,44,CLEAR,999.0,0.0,1.0,-0.0266,0.5017,1.043,rule_clear
SKU-HT2172,2026-11-05,45,CLEAR,999.0,0.0,1.0,-0.0266,0.5017,1.0,rule_clear
SKU-HT2172,2026-11-12,46,CLEAR,999.0,0.0,1.0,-0.0266,0.5017,1.0,rule_clear
SKU-HT2172,2026-11-19,47,CLEAR,999.0,0.0,1.0,-0.0266,0.5017,1.0,rule_clear
SKU-HT2172,2026-11-26,48,CLEAR,999.0,0.0,1.0,-0.0266,0.5017,1.0,rule_clear
SKU-HT2172,2026-12-03,49,CLEAR,999.0,0.0,1.0,-0.0266,0.5017,1.0,rule_clear
SKU-HT2172,2026-12-10,50,CLEAR,999.0,0.0,1.0,-0.0266,0.5017,1.0,rule_clear
SKU-HT2172,2026-12-17,51,CLEAR,999.0,0.0,1.0,-0.0266,0.5017,1.0,rule_clear
SKU-HT2172,2026-12-24,52,CLEAR,999.0,0.0,1.0,-0.0266,0.5017,1.0,rule_clear
SKU-JF8502,2026-01-01,1,,,,1.0,0.0,0.5531,,cold_start
SKU-JF8502,2026-01-08,2,,,,1.0,0.0,0.5531,,cold_start
SKU-JF8502,2026-01-15,3,,,,1.0,0.0,0.5531,,cold_start
SKU-JF8502,2026-01-22,4,,,,1.0,0.0,0.5531,,cold_start
SKU-JF8502,2026-01-29,5,HOLD,999.0,0.0,1.0,0.0,0.5531,0.9,rule_hold
SKU-JF8502,2026-02-05,6,HOLD,322.0,0.08,1.0,0.0,0.5531,0.9,rule_hold
SKU-JF8502,2026-02-12,7,MARKDOWN,322.0,0.08,0.7143,0.0,0.5531,0.9,rule_markdown
SKU-JF8502,2026-02-19,8,MARKDOWN,322.0,0.08,0.0,0.0,0.5531,0.9,rule_markdown
SKU-JF8502,2026-02-26,9,MARKDOWN,322.0,0.08,0.0,0.0,0.5531,1.014,rule_markdown
SKU-JF8502,2026-03-05,10,MARKDOWN,999.0,0.08,0.2857,0.0,0.5531,1.1,rule_markdown
SKU-JF8502,2026-03-12,11,HOLD,616.0,0.12,1.0,0.0,0.5531,1.1,rule_hold
SKU-JF8502,2026-03-19,12,MARKDOWN,616.0,0.12,0.2857,0.0,0.5531,1.1,rule_markdown
SKU-JF8502,2026-03-26,13,MARKDOWN,616.0,0.12,0.0,0.0,0.5531,1.114,rule_markdown
SKU-JF8502,2026-04-02,14,PROMOTE,294.0,0.16,2.1429,0.0,0.5531,1.2,rule_promote
SKU-JF8502,2026-04-09,15,PROMOTE,588.0,0.16,0.8571,0.0,0.5531,1.2,rule_promote
SKU-JF8502,2026-04-16,16,MARKDOWN,280.0,0.2,0.4286,0.0,0.5531,1.2,rule_markdown
SKU-JF8502,2026-04-23,17,PROMOTE,280.0,0.2,2.5714,0.0,0.5531,1.2,rule_promote
SKU-JF8502,2026-04-30,18,HOLD,266.0,0.24,2.1429,0.0,0.5531,1.114,rule_hold
SKU-JF8502,2026-05-07,19,HOLD,266.0,0.24,0.8571,0.0,0.5531,1.1,rule_hold
SKU-JF8502,2026-05-14,20,MARKDOWN,532.0,0.24,0.0,0.0,0.5531,1.1,rule_markdown
SKU-JF8502,2026-05-21,21,HOLD,158.67,0.32,2.5714,0.0,0.5531,1.1,rule_hold
SKU-JF8502,2026-05-28,22,HOLD,238.0,0.32,3.4286,0.0,0.5531,0.971,rule_hold
SKU-JF8502,2026-06-04,23,MARKDOWN,238.0,0.32,0.0,0.0,0.5531,0.8,rule_markdown
SKU-JF8502,2026-06-11,24,HOLD,149.33,0.36,0.8571,0.0,0.5531,0.8,rule_hold
SKU-JF8502,2026-06-18,25,HOLD,210.0,0.4,2.5714,0.0,0.5531,0.8,rule_hold
SKU-JF8502,2026-06-25,26,MARKDOWN,210.0,0.4,0.4286,0.0,0.5531,0.786,rule_markdown
SKU-JF8502,2026-07-02,27,MARKDOWN,210.0,0.4,0.0,0.0,0.5531,0.7,rule_markdown
SKU-JF8502,2026-07-09,28,HOLD,196.0,0.44,1.9286,0.0,0.5531,0.7,rule_hold
SKU-JF8502,2026-07-16,29,MARKDOWN,392.0,0.44,0.5714,0.0,0.5531,0.7,rule_markdown
SKU-JF8502,2026-07-23,30,MARKDOWN,392.0,0.44,0.0,0.0,0.5531,0.7,rule_markdown
SKU-JF8502,2026-07-30,31,MARKDOWN,392.0,0.44,0.0,0.0,0.5531,0.771,rule_markdown
SKU-JF8502,2026-08-06,32,MARKDOWN,364.0,0.48,0.7143,0.0,0.5531,0.8,rule_markdown
SKU-JF8502,2026-08-13,33,HOLD,364.0,0.48,0.8571,0.0,0.5531,0.8,rule_hold
SKU-JF8502,2026-08-20,34,MARKDOWN,364.0,0.48,0.0,0.0,0.5531,0.8,rule_markdown
SKU-JF8502,2026-08-27,35,MARKDOWN,364.0,0.48,0.0,0.0,0.5531,1.029,rule_markdown
SKU-JF8502,2026-09-03,36,MARKDOWN,154.0,0.56,0.5714,0.0,0.5531,1.6,rule_markdown
SKU-JF8502,2026-09-10,37,PROMOTE,93.33,0.6,1.7857,0.0,0.5531,1.6,rule_promote
SKU-JF8502,2026-09-17,38,MARKDOWN,63.0,0.64,0.7857,0.0,0.5531,1.6,rule_markdown
SKU-JF8502,2026-09-24,39,MARKDOWN,44.8,0.68,0.75,0.0,0.5531,1.6,rule_markdown
SKU-JF8502,2026-10-01,40,MARKDOWN,74.67,0.68,0.4286,0.0,0.5531,1.1,rule_markdown
SKU-JF8502,2026-10-08,41,MARKDOWN,112.0,0.68,0.0,0.0,0.5531,1.1,rule_markdown
SKU-JF8502,2026-10-15,42,HOLD,98.0,0.72,1.9286,0.0,0.5531,1.1,rule_hold
SKU-JF8502,2026-10-22,43,HOLD,196.0,0.72,0.8571,0.0,0.5531,1.1,rule_hold
SKU-JF8502,2026-10-29,44,MARKDOWN,196.0,0.72,0.0,0.0,0.5531,1.043,rule_markdown
SKU-JF8502,2026-11-05,45,HOLD,84.0,0.76,3.0,0.0,0.5531,1.0,rule_hold
SKU-JF8502,2026-11-12,46,MARKDOWN,70.0,0.8,0.4286,0.0,0.5531,1.0,rule_markdown
SKU-JF8502,2026-11-19,47,HOLD,70.0,0.8,2.5714,0.0,0.5531,1.0,rule_hold
SKU-JF8502,2026-11-26,48,MARKDOWN,70.0,0.8,0.0,0.0,0.5531,1.0,rule_markdown
SKU-JF8502,2026-12-03,49,MARKDOWN,140.0,0.8,0.0,0.0,0.5531,1.0,rule_markdown
SKU-JF8502,2026-12-10,50,MARKDOWN,999.0,0.8,0.1429,0.0,0.5531,1.0,rule_markdown
SKU-JF8502,2026-12-17,51,HOLD,112.0,0.84,1.0,0.0,0.5531,1.0,rule_hold
SKU-JF8502,2026-12-24,52,MARKDOWN,112.0,0.84,0.7143,0.0,0.5531,1.0,rule_markdown
SKU-JZ7700,2026-01-01,1,,,,1.0,0.0,0.5726,,cold_start
SKU-JZ7700,2026-01-08,2,,,,1.0,0.0,0.5726,,cold_start
SKU-JZ7700,2026-01-15,3,,,,1.0,0.0,0.5726,,cold_start
SKU-JZ7700,2026-01-22,4,,,,1.0,0.0,0.5726,,cold_start
SKU-JZ7700,2026-01-29,5,HOLD,158.67,0.15,3.2143,0.0,0.5726,0.9,rule_hold
SKU-JZ7700,2026-02-05,6,HOLD,112.0,0.2,1.0,0.0,0.5726,0.9,rule_hold
SKU-JZ7700,2026-02-12,7,MARKDOWN,112.0,0.2,0.4286,0.0,0.5726,0.9,rule_markdown
SKU-JZ7700,2026-02-19,8,MARKDOWN,224.0,0.2,0.0,0.0,0.5726,0.9,rule_markdown
SKU-JZ7700,2026-02-26,9,MARKDOWN,448.0,0.2,0.0,0.0,0.5726,1.014,rule_markdown
SKU-JZ7700,2026-03-05,10,MARKDOWN,420.0,0.25,0.5714,0.0,0.5726,1.1,rule_markdown
SKU-JZ7700,2026-03-12,11,HOLD,196.0,0.3,1.5714,0.0,0.5726,1.1,rule_hold
SKU-JZ7700,2026-03-19,12,HOLD,196.0,0.3,1.2857,0.0,0.5726,1.1,rule_hold
SKU-JZ7700,2026-03-26,13,MARKDOWN,196.0,0.3,0.0,0.0,0.5726,1.114,rule_markdown
SKU-JZ7700,2026-04-02,14,PROMOTE,182.0,0.35,1.9286,0.0,0.5726,1.2,rule_promote
SKU-JZ7700,2026-04-09,15,PROMOTE,168.0,0.4,2.3571,0.0,0.5726,1.2,rule_promote
SKU-JZ7700,2026-04-16,16,PROMOTE,102.67,0.45,1.0714,0.0,0.5726,1.2,rule_promote
SKU-JZ7700,2026-04-23,17,MARKDOWN,102.67,0.45,0.4286,0.0,0.5726,1.2,rule_markdown
SKU-JZ7700,2026-04-30,18,MARKDOWN,154.0,0.45,0.0,0.0,0.5726,1.114,rule_markdown
SKU-JZ7700,2026-05-07,19,MARKDOWN,308.0,0.45,0.0,0.0,0.5726,1.1,rule_markdown
SKU-JZ7700,2026-05-14,20,MARKDOWN,999.0,0.45,0.7143,0.0,0.5726,1.1,rule_markdown
SKU-JZ7700,2026-05-21,21,HOLD,999.0,0.45,1.0,0.0,0.5726,1.1,rule_hold
SKU-JZ7700,2026-05-28,22,HOLD,999.0,0.45,1.0,0.0,0.5726,0.971,rule_hold
SKU-JZ7700,2026-06-04,23,HOLD,999.0,0.45,1.0,0.0,0.5726,0.8,rule_hold
SKU-JZ7700,2026-06-11,24,HOLD,999.0,0.45,1.0,0.0,0.5726,0.8,rule_hold
SKU-JZ7700,2026-06-18,25,HOLD,999.0,0.45,1.0,0.0,0.5726,0.8,rule_hold
SKU-JZ7700,2026-06-25,26,HOLD,999.0,0.45,1.0,0.0,0.5726,0.786,rule_hold
SKU-JZ7700,2026-07-02,27,HOLD,280.0,0.5,1.0,0.0,0.5726,0.7,rule_hold
SKU-JZ7700,2026-07-09,28,MARKDOWN,280.0,0.5,0.0,0.0,0.5726,0.7,rule_markdown
SKU-JZ7700,2026-07-16,29,MARKDOWN,280.0,0.5,0.0,0.0,0.5726,0.7,rule_markdown
SKU-JZ7700,2026-07-23,30,MARKDOWN,280.0,0.5,0.0,0.0,0.5726,0.7,rule_markdown
SKU-JZ7700,2026-07-30,31,HOLD,999.0,0.5,1.0,0.0,0.5726,0.771,rule_hold
SKU-JZ7700,2026-08-06,32,HOLD,999.0,0.5,1.0,0.0,0.5726,0.8,rule_hold
SKU-JZ7700,2026-08-13,33,HOLD,252.0,0.55,1.0,0.0,0.5726,0.8,rule_hold
SKU-JZ7700,2026-08-20,34,MARKDOWN,252.0,0.55,0.1429,0.0,0.5726,0.8,rule_markdown
SKU-JZ7700,2026-08-27,35,MARKDOWN,252.0,0.55,0.0,0.0,0.5726,1.029,rule_markdown
SKU-JZ7700,2026-09-03,36,PROMOTE,112.0,0.6,1.2857,0.0,0.5726,1.6,rule_promote
SKU-JZ7700,2026-09-10,37,PROMOTE,224.0,0.6,0.8571,0.0,0.5726,1.6,rule_promote
SKU-JZ7700,2026-09-17,38,PROMOTE,98.0,0.65,0.8571,0.0,0.5726,1.6,rule_promote
SKU-JZ7700,2026-09-24,39,PROMOTE,98.0,0.65,2.1429,0.0,0.5726,1.6,rule_promote
SKU-JZ7700,2026-10-01,40,MARKDOWN,196.0,0.65,0.0,0.0,0.5726,1.1,rule_markdown
SKU-JZ7700,2026-10-08,41,HOLD,84.0,0.7,2.1429,0.0,0.5726,1.1,rule_hold
SKU-JZ7700,2026-10-15,42,HOLD,168.0,0.7,0.8571,0.0,0.5726,1.1,rule_hold
SKU-JZ7700,2026-10-22,43,HOLD,70.0,0.75,0.8571,0.0,0.5726,1.1,rule_hold
SKU-JZ7700,2026-10-29,44,HOLD,70.0,0.75,2.1429,0.0,0.5726,1.043,rule_hold
SKU-JZ7700,2026-11-05,45,MARKDOWN,140.0,0.75,0.0,0.0,0.5726,1.0,rule_markdown
SKU-JZ7700,2026-11-12,46,MARKDOWN,140.0,0.75,0.0,0.0,0.5726,1.0,rule_markdown
SKU-JZ7700,2026-11-19,47,HOLD,42.0,0.85,2.0,0.0,0.5726,1.0,rule_hold
SKU-JZ7700,2026-11-26,48,HOLD,42.0,0.85,1.8571,0.0,0.5726,1.0,rule_hold
SKU-JZ7700,2026-12-03,49,MARKDOWN,42.0,0.85,0.0,0.0,0.5726,1.0,rule_markdown
SKU-JZ7700,2026-12-10,50,HOLD,7.0,0.95,1.0714,0.0,0.5726,1.0,rule_hold
SKU-JZ7700,2026-12-17,51,HOLD,14.0,0.95,3.2143,0.0,0.5726,1.0,rule_hold
SKU-JZ7700,2026-12-24,52,MARKDOWN,98.0,0.7308,0.0,0.0,0.5726,1.0,rule_markdown
SKU-KD8792,2026-01-01,1,,,,1.0,0.0211,0.5723,,cold_start
SKU-KD8792,2026-01-08,2,,,,1.0,0.0211,0.5723,,cold_start
SKU-KD8792,2026-01-15,3,,,,1.0,0.0211,0.5723,,cold_start
SKU-KD8792,2026-01-22,4,,,,1.0,0.0211,0.5723,,cold_start
SKU-KD8792,2026-01-29,5,MARKDOWN,168.0,0.1429,0.0,0.0211,0.5723,0.9,rule_markdown
SKU-KD8792,2026-02-05,6,MARKDOWN,999.0,0.1429,0.5714,0.0211,0.5723,0.9,rule_markdown
SKU-KD8792,2026-02-12,7,HOLD,999.0,0.1429,1.0,0.0211,0.5723,0.9,rule_hold
SKU-KD8792,2026-02-19,8,HOLD,999.0,0.1429,1.0,0.0211,0.5723,0.9,rule_hold
SKU-KD8792,2026-02-26,9,HOLD,999.0,0.1429,1.0,0.0211,0.5723,1.014,rule_hold
SKU-KD8792,2026-03-05,10,HOLD,999.0,0.1429,1.0,0.0211,0.5723,1.1,rule_hold
SKU-KD8792,2026-03-12,11,HOLD,999.0,0.1429,1.0,0.0211,0.5723,1.1,rule_hold
SKU-KD8792,2026-03-19,12,HOLD,999.0,0.1429,1.0,0.0211,0.5723,1.1,rule_hold
SKU-KD8792,2026-03-26,13,HOLD,999.0,0.1429,1.0,0.0211,0.5723,1.114,rule_hold
SKU-KD8792,2026-04-02,14,PROMOTE,999.0,0.1429,1.0,0.0211,0.5723,1.2,rule_promote
SKU-KD8792,2026-04-09,15,PROMOTE,999.0,0.1429,1.0,0.0211,0.5723,1.2,rule_promote
SKU-KD8792,2026-04-16,16,PROMOTE,999.0,0.1429,1.0,0.0211,0.5723,1.2,rule_promote
SKU-KD8792,2026-04-23,17,PROMOTE,999.0,0.1429,1.0,0.0211,0.5723,1.2,rule_promote
SKU-KD8792,2026-04-30,18,HOLD,999.0,0.1429,1.0,0.0211,0.5723,1.114,rule_hold
SKU-KD8792,2026-05-07,19,HOLD,999.0,0.1429,1.0,0.0211,0.5723,1.1,rule_hold
SKU-KD8792,2026-05-14,20,HOLD,999.0,0.1429,1.0,0.0211,0.5723,1.1,rule_hold
SKU-KD8792,2026-05-21,21,HOLD,999.0,0.1429,1.0,0.0211,0.5723,1.1,rule_hold
SKU-KD8792,2026-05-28,22,HOLD,999.0,0.1429,1.0,0.0211,0.5723,0.971,rule_hold
SKU-KD8792,2026-06-04,23,HOLD,999.0,0.1429,1.0,0.0211,0.5723,0.8,rule_hold
SKU-KD8792,2026-06-11,24,HOLD,999.0,0.1429,1.0,0.0211,0.5723,0.8,rule_hold
SKU-KD8792,2026-06-18,25,HOLD,999.0,0.1429,1.0,0.0211,0.5723,0.8,rule_hold
SKU-KD8792,2026-06-25,26,HOLD,999.0,0.1429,1.0,0.0211,0.5723,0.786,rule_hold
SKU-KD8792,2026-07-02,27,HOLD,140.0,0.2857,1.0,0.0211,0.5723,0.7,rule_hold
SKU-KD8792,2026-07-09,28,MARKDOWN,140.0,0.2857,0.0,0.0211,0.5723,0.7,rule_markdown
SKU-KD8792,2026-07-16,29,MARKDOWN,140.0,0.2857,0.0,0.0211,0.5723,0.7,rule_markdown
SKU-KD8792,2026-07-23,30,MARKDOWN,140.0,0.2857,0.0,0.0211,0.5723,0.7,rule_markdown
SKU-KD8792,2026-07-30,31,HOLD,999.0,0.2857,1.0,0.0211,0.5723,0.771,rule_hold
SKU-KD8792,2026-08-06,32,HOLD,999.0,0.2857,1.0,0.0211,0.5723,0.8,rule_hold
SKU-KD8792,2026-08-13,33,HOLD,999.0,0.2857,1.0,0.0211,0.5723,0.8,rule_hold
SKU-KD8792,2026-08-20,34,HOLD,999.0,0.2857,1.0,0.0211,0.5723,0.8,rule_hold
SKU-KD8792,2026-08-27,35,HOLD,999.0,0.2857,1.0,0.0211,0.5723,1.029,rule_hold
SKU-KD8792,2026-09-03,36,PROMOTE,999.0,0.2857,1.0,0.0211,0.5723,1.6,rule_promote
SKU-KD8792,2026-09-10,37,PROMOTE,112.0,0.4286,1.0,0.0211,0.5723,1.6,rule_promote
SKU-KD8792,2026-09-17,38,PROMOTE,42.0,0.5714,0.8571,0.0211,0.5723,1.6,rule_promote
SKU-KD8792,2026-09-24,39,PROMOTE,42.0,0.5714,2.1429,0.0211,0.5723,1.6,rule_promote
SKU-KD8792,2026-10-01,40,MARKDOWN,42.0,0.5714,0.0,0.0211,0.5723,1.1,rule_markdown
SKU-KD8792,2026-10-08,41,MARKDOWN,84.0,0.5714,0.0,0.0211,0.5723,1.1,rule_markdown
SKU-KD8792,2026-10-15,42,MARKDOWN,999.0,0.5714,0.2857,0.0211,0.5723,1.1,rule_markdown
SKU-KD8792,2026-10-22,43,HOLD,999.0,0.5714,1.0,0.0211,0.5723,1.1,rule_hold
SKU-KD8792,2026-10-29,44,HOLD,999.0,0.5714,1.0,0.0211,0.5723,1.043,rule_hold
SKU-KD8792,2026-11-05,45,HOLD,999.0,0.5714,1.0,0.0211,0.5723,1.0,rule_hold
SKU-KD8792,2026-11-12,46,HOLD,999.0,0.5714,1.0,0.0211,0.5723,1.0,rule_hold
SKU-KD8792,2026-11-19,47,HOLD,56.0,0.7143,1.0,0.0211,0.5723,1.0,rule_hold
SKU-KD8792,2026-11-26,48,MARKDOWN,56.0,0.7143,0.4286,0.0211,0.5723,1.0,rule_markdown
SKU-KD8792,2026-12-03,49,MARKDOWN,56.0,0.7143,0.0,0.0211,0.5723,1.0,rule_markdown
SKU-KD8792,2026-12-10,50,MARKDOWN,56.0,0.7143,0.0,0.0211,0.5723,1.0,rule_markdown
SKU-KD8792,2026-12-17,51,MARKDOWN,999.0,0.7143,0.5714,0.0211,0.5723,1.0,rule_markdown
SKU-KD8792,2026-12-24,52,HOLD,999.0,0.7143,1.0,0.0211,0.5723,1.0,rule_hold
SKU-KE2758,2026-01-01,1,,,,1.0,0.0416,0.5122,,cold_start
SKU-KE2758,2026-01-08,2,,,,1.0,0.0416,0.5122,,cold_start
SKU-KE2758,2026-01-15,3,,,,1.0,0.0416,0.5122,,cold_start
SKU-KE2758,2026-01-22,4,,,,1.0,0.0416,0.5122,,cold_start
SKU-KE2758,2026-01-29,5,HOLD,999.0,0.0,1.0,0.0416,0.5122,0.9,rule_hold
SKU-KE2758,2026-02-05,6,HOLD,999.0,0.0,1.0,0.0416,0.5122,0.9,rule_hold
SKU-KE2758,2026-02-12,7,HOLD,999.0,0.0,1.0,0.0416,0.5122,0.9,rule_hold
SKU-KE2758,2026-02-19,8,HOLD,999.0,0.0,1.0,0.0416,0.5122,0.9,rule_hold
SKU-KE2758,2026-02-26,9,HOLD,999.0,0.0,1.0,0.0416,0.5122,1.014,rule_hold
SKU-KE2758,2026-03-05,10,HOLD,308.0,0.0833,1.0,0.0416,0.5122,1.1,rule_hold
SKU-KE2758,2026-03-12,11,HOLD,308.0,0.0833,0.8571,0.0416,0.5122,1.1,rule_hold
SKU-KE2758,2026-03-19,12,MARKDOWN,308.0,0.0833,0.0,0.0416,0.5122,1.1,rule_markdown
SKU-KE2758,2026-03-26,13,HOLD,84.0,0.25,3.4286,0.0416,0.5122,1.114,rule_hold
SKU-KE2758,2026-04-02,14,PROMOTE,126.0,0.25,1.7143,0.0416,0.5122,1.2,rule_promote
SKU-KE2758,2026-04-09,15,MARKDOWN,126.0,0.25,0.0,0.0416,0.5122,1.2,rule_markdown
SKU-KE2758,2026-04-16,16,MARKDOWN,126.0,0.25,0.0,0.0416,0.5122,1.2,rule_markdown
SKU-KE2758,2026-04-23,17,MARKDOWN,999.0,0.25,0.2857,0.0416,0.5122,1.2,rule_markdown
SKU-KE2758,2026-04-30,18,HOLD,999.0,0.25,1.0,0.0416,0.5122,1.114,rule_hold
SKU-KE2758,2026-05-07,19,HOLD,999.0,0.25,1.0,0.0416,0.5122,1.1,rule_hold
SKU-KE2758,2026-05-14,20,HOLD,999.0,0.25,1.0,0.0416,0.5122,1.1,rule_hold
SKU-KE2758,2026-05-21,21,HOLD,999.0,0.25,1.0,0.0416,0.5122,1.1,rule_hold
SKU-KE2758,2026-05-28,22,HOLD,999.0,0.25,1.0,0.0416,0.5122,0.971,rule_hold
SKU-KE2758,2026-06-04,23,HOLD,224.0,0.3333,1.0,0.0416,0.5122,0.8,rule_hold
SKU-KE2758,2026-06-11,24,MARKDOWN,224.0,0.3333,0.1429,0.0416,0.5122,0.8,rule_markdown
SKU-KE2758,2026-06-18,25,MARKDOWN,224.0,0.3333,0.0,0.0416,0.5122,0.8,rule_markdown
SKU-KE2758,2026-06-25,26,MARKDOWN,224.0,0.3333,0.0,0.0416,0.5122,0.786,rule_markdown
SKU-KE2758,2026-07-02,27,HOLD,999.0,0.3333,0.8571,0.0416,0.5122,0.7,rule_hold
SKU-KE2758,2026-07-09,28,HOLD,999.0,0.3333,1.0,0.0416,0.5122,0.7,rule_hold
SKU-KE2758,2026-07-16,29,HOLD,999.0,0.3333,1.0,0.0416,0.5122,0.7,rule_hold
SKU-KE2758,2026-07-23,30,HOLD,196.0,0.4167,1.0,0.0416,0.5122,0.7,rule_hold
SKU-KE2758,2026-07-30,31,HOLD,196.0,0.4167,0.8571,0.0416,0.5122,0.771,rule_hold
SKU-KE2758,2026-08-06,32,MARKDOWN,196.0,0.4167,0.0,0.0416,0.5122,0.8,rule_markdown
SKU-KE2758,2026-08-13,33,MARKDOWN,196.0,0.4167,0.0,0.0416,0.5122,0.8,rule_markdown
SKU-KE2758,2026-08-20,34,MARKDOWN,999.0,0.4167,0.1429,0.0416,0.5122,0.8,rule_markdown
SKU-KE2758,2026-08-27,35,HOLD,999.0,0.4167,1.0,0.0416,0.5122,1.029,rule_hold
SKU-KE2758,2026-09-03,36,PROMOTE,999.0,0.4167,1.0,0.0416,0.5122,1.6,rule_promote
SKU-KE2758,2026-09-10,37,PROMOTE,999.0,0.4167,1.0,0.0416,0.5122,1.6,rule_promote
SKU-KE2758,2026-09-17,38,PROMOTE,999.0,0.4167,1.0,0.0416,0.5122,1.6,rule_promote
SKU-KE2758,2026-09-24,39,PROMOTE,999.0,0.4167,1.0,0.0416,0.5122,1.6,rule_promote
SKU-KE2758,2026-10-01,40,HOLD,999.0,0.4167,1.0,0.0416,0.5122,1.1,rule_hold
SKU-KE2758,2026-10-08,41,HOLD,999.0,0.4167,1.0,0.0416,0.5122,1.1,rule_hold
SKU-KE2758,2026-10-15,42,HOLD,999.0,0.4167,1.0,0.0416,0.5122,1.1,rule_hold
SKU-KE2758,2026-10-22,43,HOLD,999.0,0.4167,1.0,0.0416,0.5122,1.1,rule_hold
SKU-KE2758,2026-10-29,44,HOLD,999.0,0.4167,1.0,0.0416,0.5122,1.043,rule_hold
SKU-KE2758,2026-11-05,45,HOLD,168.0,0.5,1.0,0.0416,0.5122,1.0,rule_hold
SKU-KE2758,2026-11-12,46,MARKDOWN,168.0,0.5,0.1429,0.0416,0.5122,1.0,rule_markdown
SKU-KE2758,2026-11-19,47,MARKDOWN,168.0,0.5,0.0,0.0416,0.5122,1.0,rule_markdown
SKU-KE2758,2026-11-26,48,MARKDOWN,168.0,0.5,0.0,0.0416,0.5122,1.0,rule_markdown
SKU-KE2758,2026-12-03,49,HOLD,999.0,0.5,0.8571,0.0416,0.5122,1.0,rule_hold
SKU-KE2758,2026-12-10,50,HOLD,999.0,0.5,1.0,0.0416,0.5122,1.0,rule_hold
SKU-KE2758,2026-12-17,51,HOLD,999.0,0.5,1.0,0.0416,0.5122,1.0,rule_hold
SKU-KE2758,2026-12-24,52,HOLD,999.0,0.5,1.0,0.0416,0.5122,1.0,rule_hold
SKU-JH3373,2026-01-01,1,,,,1.0,-0.0058,0.5159,,cold_start
SKU-JH3373,2026-01-08,2,,,,1.0,-0.0058,0.5159,,cold_start
SKU-JH3373,2026-01-15,3,,,,1.0,-0.0058,0.5159,,cold_start
SKU-JH3373,2026-01-22,4,,,,1.0,-0.0058,0.5159,,cold_start
SKU-JH3373,2026-01-29,5,HOLD,999.0,0.0,1.0,-0.0058,0.5159,0.9,rule_hold
SKU-JH3373,2026-02-05,6,HOLD,999.0,0.0,1.0,-0.0058,0.5159,0.9,rule_hold
SKU-JH3373,2026-02-12,7,HOLD,999.0,0.0,1.0,-0.0058,0.5159,0.9,rule_hold
SKU-JH3373,2026-02-19,8,HOLD,999.0,0.0,1.0,-0.0058,0.5159,0.9,rule_hold
SKU-JH3373,2026-02-26,9,HOLD,999.0,0.0,1.0,-0.0058,0.5159,1.014,rule_hold
SKU-JH3373,2026-03-05,10,HOLD,999.0,0.0,1.0,-0.0058,0.5159,1.1,rule_hold
SKU-JH3373,2026-03-12,11,HOLD,999.0,0.0,1.0,-0.0058,0.5159,1.1,rule_hold
SKU-JH3373,2026-03-19,12,HOLD,999.0,0.0,1.0,-0.0058,0.5159,1.1,rule_hold
SKU-JH3373,2026-03-26,13,HOLD,140.0,0.1667,1.0,-0.0058,0.5159,1.114,rule_hold
SKU-JH3373,2026-04-02,14,MARKDOWN,140.0,0.1667,0.5714,-0.0058,0.5159,1.2,rule_markdown
SKU-JH3373,2026-04-09,15,MARKDOWN,140.0,0.1667,0.0,-0.0058,0.5159,1.2,rule_markdown
SKU-JH3373,2026-04-16,16,MARKDOWN,140.0,0.1667,0.0,-0.0058,0.5159,1.2,rule_markdown
SKU-JH3373,2026-04-23,17,MARKDOWN,999.0,0.1667,0.4286,-0.0058,0.5159,1.2,rule_markdown
SKU-JH3373,2026-04-30,18,HOLD,999.0,0.1667,1.0,-0.0058,0.5159,1.114,rule_hold
SKU-JH3373,2026-05-07,19,HOLD,999.0,0.1667,1.0,-0.0058,0.5159,1.1,rule_hold
SKU-JH3373,2026-05-14,20,HOLD,999.0,0.1667,1.0,-0.0058,0.5159,1.1,rule_hold
SKU-JH3373,2026-05-21,21,HOLD,999.0,0.1667,1.0,-0.0058,0.5159,1.1,rule_hold
SKU-JH3373,2026-05-28,22,HOLD,999.0,0.1667,1.0,-0.0058,0.5159,0.971,rule_hold
SKU-JH3373,2026-06-04,23,HOLD,999.0,0.1667,1.0,-0.0058,0.5159,0.8,rule_hold
SKU-JH3373,2026-06-11,24,HOLD,999.0,0.1667,1.0,-0.0058,0.5159,0.8,rule_hold
SKU-JH3373,2026-06-18,25,HOLD,999.0,0.1667,1.0,-0.0058,0.5159,0.8,rule_hold
SKU-JH3373,2026-06-25,26,HOLD,999.0,0.1667,1.0,-0.0058,0.5159,0.786,rule_hold
SKU-JH3373,2026-07-02,27,HOLD,999.0,0.1667,1.0,-0.0058,0.5159,0.7,rule_hold
SKU-JH3373,2026-07-09,28,HOLD,112.0,0.3333,1.0,-0.0058,0.5159,0.7,rule_hold
SKU-JH3373,2026-07-16,29,MARKDOWN,112.0,0.3333,0.4286,-0.0058,0.5159,0.7,rule_markdown
SKU-JH3373,2026-07-23,30,MARKDOWN,112.0,0.3333,0.0,-0.0058,0.5159,0.7,rule_markdown
SKU-JH3373,2026-07-30,31,MARKDOWN,112.0,0.3333,0.0,-0.0058,0.5159,0.771,rule_markdown
SKU-JH3373,2026-08-06,32,HOLD,84.0,0.5,1.8571,-0.0058,0.5159,0.8,rule_hold
SKU-JH3373,2026-08-13,33,MARKDOWN,84.0,0.5,0.0,-0.0058,0.5159,0.8,rule_markdown
SKU-JH3373,2026-08-20,34,MARKDOWN,84.0,0.5,0.0,-0.0058,0.5159,0.8,rule_markdown
SKU-JH3373,2026-08-27,35,MARKDOWN,84.0,0.5,0.0,-0.0058,0.5159,1.029,rule_markdown
SKU-JH3373,2026-09-03,36,PROMOTE,999.0,0.5,1.0,-0.0058,0.5159,1.6,rule_promote
SKU-JH3373,2026-09-10,37,PROMOTE,999.0,0.5,1.0,-0.0058,0.5159,1.6,rule_promote
SKU-JH3373,2026-09-17,38,PROMOTE,999.0,0.5,1.0,-0.0058,0.5159,1.6,rule_promote
SKU-JH3373,2026-09-24,39,PROMOTE,999.0,0.5,1.0,-0.0058,0.5159,1.6,rule_promote
SKU-JH3373,2026-10-01,40,HOLD,56.0,0.6667,1.0,-0.0058,0.5159,1.1,rule_hold
SKU-JH3373,2026-10-08,41,MARKDOWN,56.0,0.6667,0.2857,-0.0058,0.5159,1.1,rule_markdown
SKU-JH3373,2026-10-15,42,MARKDOWN,56.0,0.6667,0.0,-0.0058,0.5159,1.1,rule_markdown
SKU-JH3373,2026-10-22,43,MARKDOWN,56.0,0.6667,0.0,-0.0058,0.5159,1.1,rule_markdown
SKU-JH3373,2026-10-29,44,MARKDOWN,999.0,0.6667,0.7143,-0.0058,0.5159,1.043,rule_markdown
SKU-JH3373,2026-11-05,45,HOLD,999.0,0.6667,1.0,-0.0058,0.5159,1.0,rule_hold
SKU-JH3373,2026-11-12,46,HOLD,28.0,0.8333,1.0,-0.0058,0.5159,1.0,rule_hold
SKU-JH3373,2026-11-19,47,HOLD,28.0,0.8333,0.7143,-0.0058,0.5159,1.0,rule_hold
SKU-JH3373,2026-11-26,48,MARKDOWN,56.0,0.7143,0.0,-0.0058,0.5159,1.0,rule_markdown
SKU-JH3373,2026-12-03,49,MARKDOWN,56.0,0.7143,0.0,-0.0058,0.5159,1.0,rule_markdown
SKU-JH3373,2026-12-10,50,MARKDOWN,999.0,0.7143,0.2857,-0.0058,0.5159,1.0,rule_markdown
SKU-JH3373,2026-12-17,51,HOLD,999.0,0.7143,1.0,-0.0058,0.5159,1.0,rule_hold
SKU-JH3373,2026-12-24,52,HOLD,999.0,0.7143,1.0,-0.0058,0.5159,1.0,rule_hold
SKU-KD2947,2026-01-01,1,,,,1.0,-0.1032,0.5155,,cold_start
SKU-KD2947,2026-01-08,2,,,,1.0,-0.1032,0.5155,,cold_start
SKU-KD2947,2026-01-15,3,,,,1.0,-0.1032,0.5155,,cold_start
SKU-KD2947,2026-01-22,4,,,,1.0,-0.1032,0.5155,,cold_start
SKU-KD2947,2026-01-29,5,MARKDOWN,952.0,0.0286,0.4286,-0.1032,0.5155,0.9,rule_markdown
SKU-KD2947,2026-02-05,6,HOLD,462.0,0.0571,2.5714,-0.1032,0.5155,0.9,rule_hold
SKU-KD2947,2026-02-12,7,MARKDOWN,462.0,0.0571,0.4286,-0.1032,0.5155,0.9,rule_markdown
SKU-KD2947,2026-02-19,8,HOLD,289.33,0.1143,4.0714,-0.1032,0.5155,0.9,rule_hold
SKU-KD2947,2026-02-26,9,MARKDOWN,289.33,0.1143,0.6429,-0.1032,0.5155,1.014,rule_markdown
SKU-KD2947,2026-03-05,10,MARKDOWN,434.0,0.1143,0.0,-0.1032,0.5155,1.1,rule_markdown
SKU-KD2947,2026-03-12,11,HOLD,280.0,0.1429,1.2857,-0.1032,0.5155,1.1,rule_hold
SKU-KD2947,2026-03-19,12,HOLD,261.33,0.2,3.8571,-0.1032,0.5155,1.1,rule_hold
SKU-KD2947,2026-03-26,13,HOLD,189.0,0.2286,2.0,-0.1032,0.5155,1.114,rule_hold
SKU-KD2947,2026-04-02,14,PROMOTE,145.6,0.2571,0.8214,-0.1032,0.5155,1.2,rule_promote
SKU-KD2947,2026-04-09,15,MARKDOWN,182.0,0.2571,0.25,-0.1032,0.5155,1.2,rule_markdown
SKU-KD2947,2026-04-16,16,PROMOTE,128.8,0.3429,3.1429,-0.1032,0.5155,1.2,rule_promote
SKU-KD2947,2026-04-23,17,MARKDOWN,123.2,0.3714,0.75,-0.1032,0.5155,1.2,rule_markdown
SKU-KD2947,2026-04-30,18,HOLD,93.33,0.4286,0.75,-0.1032,0.5155,1.114,rule_hold
SKU-KD2947,2026-05-07,19,HOLD,76.0,0.4571,1.3857,-0.1032,0.5155,1.1,rule_hold
SKU-KD2947,2026-05-14,20,HOLD,133.0,0.4571,0.2143,-0.1032,0.5155,1.1,rule_hold
SKU-KD2947,2026-05-21,21,HOLD,126.0,0.4857,0.8214,-0.1032,0.5155,1.1,rule_hold
SKU-KD2947,2026-05-28,22,HOLD,252.0,0.4857,0.1429,-0.1032,0.5155,0.971,rule_hold
SKU-KD2947,2026-06-04,23,HOLD,504.0,0.4857,0.0,-0.1032,0.5155,0.8,rule_hold
SKU-KD2947,2026-06-11,24,HOLD,504.0,0.4857,0.0,-0.1032,0.5155,0.8,rule_hold
SKU-KD2947,2026-06-18,25,HOLD,476.0,0.5143,0.8571,-0.1032,0.5155,0.8,rule_hold
SKU-KD2947,2026-06-25,26,HOLD,476.0,0.5143,0.8571,-0.1032,0.5155,0.786,rule_hold
SKU-KD2947,2026-07-02,27,HOLD,224.0,0.5429,2.5714,-0.1032,0.5155,0.7,rule_hold
SKU-KD2947,2026-07-09,28,HOLD,224.0,0.5429,0.4286,-0.1032,0.5155,0.7,rule_hold
SKU-KD2947,2026-07-16,29,HOLD,448.0,0.5429,0.0,-0.1032,0.5155,0.7,rule_hold
SKU-KD2947,2026-07-23,30,HOLD,210.0,0.5714,2.5714,-0.1032,0.5155,0.7,rule_hold
SKU-KD2947,2026-07-30,31,HOLD,420.0,0.5714,0.4286,-0.1032,0.5155,0.771,rule_hold
SKU-KD2947,2026-08-06,32,HOLD,196.0,0.6,1.2857,-0.1032,0.5155,0.8,rule_hold
SKU-KD2947,2026-08-13,33,HOLD,196.0,0.6,1.7143,-0.1032,0.5155,0.8,rule_hold
SKU-KD2947,2026-08-20,34,HOLD,392.0,0.6,0.0,-0.1032,0.5155,0.8,rule_hold
SKU-KD2947,2026-08-27,35,HOLD,182.0,0.6286,3.0,-0.1032,0.5155,1.029,rule_hold
SKU-KD2947,2026-09-03,36,PROMOTE,70.0,0.7143,4.5,-0.1032,0.5155,1.6,rule_promote
SKU-KD2947,2026-09-10,37,PROMOTE,70.0,0.7143,2.1429,-0.1032,0.5155,1.6,rule_promote
SKU-KD2947,2026-09-17,38,PROMOTE,70.0,0.7143,0.0,-0.1032,0.5155,1.6,rule_promote
SKU-KD2947,2026-09-24,39,PROMOTE,93.33,0.7143,0.0,-0.1032,0.5155,1.6,rule_promote
SKU-KD2947,2026-10-01,40,HOLD,252.0,0.7429,1.7857,-0.1032,0.5155,1.1,rule_hold
SKU-KD2947,2026-10-08,41,HOLD,252.0,0.7429,0.1429,-0.1032,0.5155,1.1,rule_hold
SKU-KD2947,2026-10-15,42,HOLD,65.33,0.8,3.0,-0.1032,0.5155,1.1,rule_hold
SKU-KD2947,2026-10-22,43,HOLD,65.33,0.8,2.7857,-0.1032,0.5155,1.1,rule_hold
SKU-KD2947,2026-10-29,44,HOLD,98.0,0.8,0.0,-0.1032,0.5155,1.043,rule_hold
SKU-KD2947,2026-11-05,45,HOLD,98.0,0.8,0.0,-0.1032,0.5155,1.0,rule_hold
SKU-KD2947,2026-11-12,46,HOLD,168.0,0.8286,0.8571,-0.1032,0.5155,1.0,rule_hold
SKU-KD2947,2026-11-19,47,HOLD,168.0,0.8286,0.4286,-0.1032,0.5155,1.0,rule_hold
SKU-KD2947,2026-11-26,48,HOLD,70.0,0.8571,2.1429,-0.1032,0.5155,1.0,rule_hold
SKU-KD2947,2026-12-03,49,HOLD,37.33,0.8857,1.2857,-0.1032,0.5155,1.0,rule_hold
SKU-KD2947,2026-12-10,50,HOLD,56.0,0.8857,1.5,-0.1032,0.5155,1.0,rule_hold
SKU-KD2947,2026-12-17,51,HOLD,14.0,0.9429,1.7143,-0.1032,0.5155,1.0,rule_hold
SKU-KD2947,2026-12-24,52,HOLD,18.67,0.9429,1.2143,-0.1032,0.5155,1.0,rule_hold
SKU-IS1606,2026-01-01,1,,,,1.0,-0.0276,0.5108,,cold_start
SKU-IS1606,2026-01-08,2,,,,1.0,-0.0276,0.5108,,cold_start
SKU-IS1606,2026-01-15,3,,,,1.0,-0.0276,0.5108,,cold_start
SKU-IS1606,2026-01-22,4,,,,1.0,-0.0276,0.5108,,cold_start
SKU-IS1606,2026-01-29,5,CLEAR,999.0,0.0,1.0,-0.0276,0.5108,0.9,rule_clear
SKU-IS1606,2026-02-05,6,CLEAR,999.0,0.0,1.0,-0.0276,0.5108,0.9,rule_clear
SKU-IS1606,2026-02-12,7,CLEAR,999.0,0.0,1.0,-0.0276,0.5108,0.9,rule_clear
SKU-IS1606,2026-02-19,8,CLEAR,999.0,0.0,1.0,-0.0276,0.5108,0.9,rule_clear
SKU-IS1606,2026-02-26,9,CLEAR,999.0,0.0,1.0,-0.0276,0.5108,1.014,rule_clear
SKU-IS1606,2026-03-05,10,CLEAR,999.0,0.0,1.0,-0.0276,0.5108,1.1,rule_clear
SKU-IS1606,2026-03-12,11,CLEAR,999.0,0.0,1.0,-0.0276,0.5108,1.1,rule_clear
SKU-IS1606,2026-03-19,12,CLEAR,999.0,0.0,1.0,-0.0276,0.5108,1.1,rule_clear
SKU-IS1606,2026-03-26,13,CLEAR,999.0,0.0,1.0,-0.0276,0.5108,1.114,rule_clear
SKU-IS1606,2026-04-02,14,PROMOTE,999.0,0.0,1.0,-0.0276,0.5108,1.2,rule_promote
SKU-IS1606,2026-04-09,15,PROMOTE,999.0,0.0,1.0,-0.0276,0.5108,1.2,rule_promote
SKU-IS1606,2026-04-16,16,PROMOTE,999.0,0.0,1.0,-0.0276,0.5108,1.2,rule_promote
SKU-IS1606,2026-04-23,17,PROMOTE,999.0,0.0,1.0,-0.0276,0.5108,1.2,rule_promote
SKU-IS1606,2026-04-30,18,CLEAR,999.0,0.0,1.0,-0.0276,0.5108,1.114,rule_clear
SKU-IS1606,2026-05-07,19,CLEAR,999.0,0.0,1.0,-0.0276,0.5108,1.1,rule_clear
SKU-IS1606,2026-05-14,20,CLEAR,999.0,0.0,1.0,-0.0276,0.5108,1.1,rule_clear
SKU-IS1606,2026-05-21,21,CLEAR,999.0,0.0,1.0,-0.0276,0.5108,1.1,rule_clear
SKU-IS1606,2026-05-28,22,CLEAR,999.0,0.0,1.0,-0.0276,0.5108,0.971,rule_clear
SKU-IS1606,2026-06-04,23,CLEAR,999.0,0.0,1.0,-0.0276,0.5108,0.8,rule_clear
SKU-IS1606,2026-06-11,24,CLEAR,999.0,0.0,1.0,-0.0276,0.5108,0.8,rule_clear
SKU-IS1606,2026-06-18,25,CLEAR,999.0,0.0,1.0,-0.0276,0.5108,0.8,rule_clear
SKU-IS1606,2026-06-25,26,CLEAR,999.0,0.0,1.0,-0.0276,0.5108,0.786,rule_clear
SKU-IS1606,2026-07-02,27,CLEAR,999.0,0.0,1.0,-0.0276,0.5108,0.7,rule_clear
SKU-IS1606,2026-07-09,28,CLEAR,999.0,0.0,1.0,-0.0276,0.5108,0.7,rule_clear
SKU-IS1606,2026-07-16,29,CLEAR,999.0,0.0,1.0,-0.0276,0.5108,0.7,rule_clear
SKU-IS1606,2026-07-23,30,CLEAR,999.0,0.0,1.0,-0.0276,0.5108,0.7,rule_clear
SKU-IS1606,2026-07-30,31,CLEAR,999.0,0.0,1.0,-0.0276,0.5108,0.771,rule_clear
SKU-IS1606,2026-08-06,32,CLEAR,999.0,0.0,1.0,-0.0276,0.5108,0.8,rule_clear
SKU-IS1606,2026-08-13,33,CLEAR,999.0,0.0,1.0,-0.0276,0.5108,0.8,rule_clear
SKU-IS1606,2026-08-20,34,CLEAR,999.0,0.0,1.0,-0.0276,0.5108,0.8,rule_clear
SKU-IS1606,2026-08-27,35,CLEAR,999.0,0.0,1.0,-0.0276,0.5108,1.029,rule_clear
SKU-IS1606,2026-09-03,36,PROMOTE,999.0,0.0,1.0,-0.0276,0.5108,1.6,rule_promote
SKU-IS1606,2026-09-10,37,PROMOTE,999.0,0.0,1.0,-0.0276,0.5108,1.6,rule_promote
SKU-IS1606,2026-09-17,38,PROMOTE,999.0,0.0,1.0,-0.0276,0.5108,1.6,rule_promote
SKU-IS1606,2026-09-24,39,PROMOTE,999.0,0.0,1.0,-0.0276,0.5108,1.6,rule_promote
SKU-IS1606,2026-10-01,40,CLEAR,999.0,0.0,1.0,-0.0276,0.5108,1.1,rule_clear
SKU-IS1606,2026-10-08,41,CLEAR,999.0,0.0,1.0,-0.0276,0.5108,1.1,rule_clear
SKU-IS1606,2026-10-15,42,CLEAR,999.0,0.0,1.0,-0.0276,0.5108,1.1,rule_clear
SKU-IS1606,2026-10-22,43,CLEAR,999.0,0.0,1.0,-0.0276,0.5108,1.1,rule_clear
SKU-IS1606,2026-10-29,44,CLEAR,999.0,0.0,1.0,-0.0276,0.5108,1.043,rule_clear
SKU-IS1606,2026-11-05,45,CLEAR,999.0,0.0,1.0,-0.0276,0.5108,1.0,rule_clear
SKU-IS1606,2026-11-12,46,CLEAR,999.0,0.0,1.0,-0.0276,0.5108,1.0,rule_clear
SKU-IS1606,2026-11-19,47,CLEAR,999.0,0.0,1.0,-0.0276,0.5108,1.0,rule_clear
SKU-IS1606,2026-11-26,48,CLEAR,999.0,0.0,1.0,-0.0276,0.5108,1.0,rule_clear
SKU-IS1606,2026-12-03,49,CLEAR,999.0,0.0,1.0,-0.0276,0.5108,1.0,rule_clear
SKU-IS1606,2026-12-10,50,CLEAR,999.0,0.0,1.0,-0.0276,0.5108,1.0,rule_clear
SKU-IS1606,2026-12-17,51,CLEAR,999.0,0.0,1.0,-0.0276,0.5108,1.0,rule_clear
SKU-IS1606,2026-12-24,52,CLEAR,999.0,0.0,1.0,-0.0276,0.5108,1.0,rule_clear
SKU-KE8163,2026-01-01,1,,,,1.0,0.1418,0.537,,cold_start
SKU-KE8163,2026-01-08,2,,,,1.0,0.1418,0.537,,cold_start
SKU-KE8163,2026-01-15,3,,,,1.0,0.1418,0.537,,cold_start
SKU-KE8163,2026-01-22,4,,,,1.0,0.1418,0.537,,cold_start
SKU-KE8163,2026-01-29,5,MARKDOWN,233.33,0.1667,0.6429,0.1418,0.537,0.9,rule_markdown
SKU-KE8163,2026-02-05,6,MARKDOWN,700.0,0.1667,0.0,0.1418,0.537,0.9,rule_markdown
SKU-KE8163,2026-02-12,7,MARKDOWN,336.0,0.2,0.4286,0.1418,0.537,0.9,rule_markdown
SKU-KE8163,2026-02-19,8,HOLD,672.0,0.2,2.0,0.1418,0.537,0.9,rule_hold
SKU-KE8163,2026-02-26,9,HOLD,322.0,0.2333,1.2857,0.1418,0.537,1.014,rule_hold
SKU-KE8163,2026-03-05,10,HOLD,147.0,0.3,5.5714,0.1418,0.537,1.1,rule_hold
SKU-KE8163,2026-03-12,11,HOLD,140.0,0.3333,1.1429,0.1418,0.537,1.1,rule_hold
SKU-KE8163,2026-03-19,12,MARKDOWN,140.0,0.3333,0.0,0.1418,0.537,1.1,rule_markdown
SKU-KE8163,2026-03-26,13,MARKDOWN,186.67,0.3333,0.0,0.1418,0.537,1.114,rule_markdown
SKU-KE8163,2026-04-02,14,MARKDOWN,560.0,0.3333,0.0,0.1418,0.537,1.2,rule_markdown
SKU-KE8163,2026-04-09,15,PROMOTE,532.0,0.3667,1.0,0.1418,0.537,1.2,rule_promote
SKU-KE8163,2026-04-16,16,PROMOTE,252.0,0.4,1.2857,0.1418,0.537,1.2,rule_promote
SKU-KE8163,2026-04-23,17,PROMOTE,112.0,0.4667,2.3571,0.1418,0.537,1.2,rule_promote
SKU-KE8163,2026-04-30,18,HOLD,84.0,0.5,3.6071,0.1418,0.537,1.114,rule_hold
SKU-KE8163,2026-05-07,19,MARKDOWN,78.4,0.5333,0.1071,0.1418,0.537,1.1,rule_markdown
SKU-KE8163,2026-05-14,20,MARKDOWN,98.0,0.5333,0.7143,0.1418,0.537,1.1,rule_markdown
SKU-KE8163,2026-05-21,21,MARKDOWN,196.0,0.5333,0.0,0.1418,0.537,1.1,rule_markdown
SKU-KE8163,2026-05-28,22,MARKDOWN,392.0,0.5333,0.0,0.1418,0.537,0.971,rule_markdown
SKU-KE8163,2026-06-04,23,MARKDOWN,999.0,0.5333,0.1429,0.1418,0.537,0.8,rule_markdown
SKU-KE8163,2026-06-11,24,HOLD,364.0,0.5667,1.0,0.1418,0.537,0.8,rule_hold
SKU-KE8163,2026-06-18,25,MARKDOWN,364.0,0.5667,0.2857,0.1418,0.537,0.8,rule_markdown
SKU-KE8163,2026-06-25,26,MARKDOWN,364.0,0.5667,0.0,0.1418,0.537,0.786,rule_markdown
SKU-KE8163,2026-07-02,27,MARKDOWN,364.0,0.5667,0.0,0.1418,0.537,0.7,rule_markdown
SKU-KE8163,2026-07-09,28,MARKDOWN,999.0,0.5667,0.7143,0.1418,0.537,0.7,rule_markdown
SKU-KE8163,2026-07-16,29,HOLD,154.0,0.6333,1.0,0.1418,0.537,0.7,rule_hold
SKU-KE8163,2026-07-23,30,MARKDOWN,154.0,0.6333,0.7143,0.1418,0.537,0.7,rule_markdown
SKU-KE8163,2026-07-30,31,MARKDOWN,154.0,0.6333,0.0,0.1418,0.537,0.771,rule_markdown
SKU-KE8163,2026-08-06,32,HOLD,63.0,0.7,1.9286,0.1418,0.537,0.8,rule_hold
SKU-KE8163,2026-08-13,33,HOLD,74.67,0.7333,2.0357,0.1418,0.537,0.8,rule_hold
SKU-KE8163,2026-08-20,34,MARKDOWN,49.0,0.7667,0.7143,0.1418,0.537,0.8,rule_markdown
SKU-KE8163,2026-08-27,35,HOLD,33.6,0.8,0.5,0.1418,0.537,1.029,rule_hold
SKU-KE8163,2026-09-03,36,MARKDOWN,56.0,0.8,0.75,0.1418,0.537,1.6,rule_markdown
SKU-KE8163,2026-09-10,37,PROMOTE,28.0,0.8667,2.7857,0.1418,0.537,1.6,rule_promote
SKU-KE8163,2026-09-17,38,PROMOTE,21.0,0.9,0.8571,0.1418,0.537,1.6,rule_promote
SKU-KE8163,2026-09-24,39,PROMOTE,14.0,0.9333,0.5714,0.1418,0.537,1.6,rule_promote
SKU-KE8163,2026-10-01,40,HOLD,28.0,0.8529,0.9286,0.1418,0.537,1.1,rule_hold
SKU-KE8163,2026-10-08,41,HOLD,28.0,0.8824,1.5,0.1418,0.537,1.1,rule_hold
SKU-KE8163,2026-10-15,42,HOLD,37.33,0.8824,0.7143,0.1418,0.537,1.1,rule_hold
SKU-KE8163,2026-10-22,43,HOLD,49.0,0.8205,1.8571,0.1418,0.537,1.1,rule_hold
SKU-KE8163,2026-10-29,44,HOLD,28.0,0.8718,1.25,0.1418,0.537,1.043,rule_hold
SKU-KE8163,2026-11-05,45,HOLD,35.0,0.8718,1.2857,0.1418,0.537,1.0,rule_hold
SKU-KE8163,2026-11-12,46,HOLD,35.0,0.8718,0.0,0.1418,0.537,1.0,rule_hold
SKU-KE8163,2026-11-19,47,HOLD,37.33,0.8974,0.2143,0.1418,0.537,1.0,rule_hold
SKU-KE8163,2026-11-26,48,HOLD,196.0,0.8333,1.4286,0.1418,0.537,1.0,rule_hold
SKU-KE8163,2026-12-03,49,MARKDOWN,196.0,0.8333,0.0,0.1418,0.537,1.0,rule_markdown
SKU-KE8163,2026-12-10,50,MARKDOWN,196.0,0.8333,0.0,0.1418,0.537,1.0,rule_markdown
SKU-KE8163,2026-12-17,51,MARKDOWN,999.0,0.8333,0.1429,0.1418,0.537,1.0,rule_markdown
SKU-KE8163,2026-12-24,52,HOLD,70.0,0.881,1.0,0.1418,0.537,1.0,rule_hold
SKU-IM0487,2026-01-01,1,,,,1.0,-0.011,0.5011,,cold_start
SKU-IM0487,2026-01-08,2,,,,1.0,-0.011,0.5011,,cold_start
SKU-IM0487,2026-01-15,3,,,,1.0,-0.011,0.5011,,cold_start
SKU-IM0487,2026-01-22,4,,,,1.0,-0.011,0.5011,,cold_start
SKU-IM0487,2026-01-29,5,CLEAR,999.0,0.0,1.0,-0.011,0.5011,0.9,rule_clear
SKU-IM0487,2026-02-05,6,CLEAR,999.0,0.0,1.0,-0.011,0.5011,0.9,rule_clear
SKU-IM0487,2026-02-12,7,CLEAR,999.0,0.0,1.0,-0.011,0.5011,0.9,rule_clear
SKU-IM0487,2026-02-19,8,CLEAR,999.0,0.0,1.0,-0.011,0.5011,0.9,rule_clear
SKU-IM0487,2026-02-26,9,CLEAR,999.0,0.0,1.0,-0.011,0.5011,1.014,rule_clear
SKU-IM0487,2026-03-05,10,CLEAR,999.0,0.0,1.0,-0.011,0.5011,1.1,rule_clear
SKU-IM0487,2026-03-12,11,CLEAR,999.0,0.0,1.0,-0.011,0.5011,1.1,rule_clear
SKU-IM0487,2026-03-19,12,CLEAR,999.0,0.0,1.0,-0.011,0.5011,1.1,rule_clear
SKU-IM0487,2026-03-26,13,CLEAR,999.0,0.0,1.0,-0.011,0.5011,1.114,rule_clear
SKU-IM0487,2026-04-02,14,PROMOTE,999.0,0.0,1.0,-0.011,0.5011,1.2,rule_promote
SKU-IM0487,2026-04-09,15,PROMOTE,999.0,0.0,1.0,-0.011,0.5011,1.2,rule_promote
SKU-IM0487,2026-04-16,16,PROMOTE,999.0,0.0,1.0,-0.011,0.5011,1.2,rule_promote
SKU-IM0487,2026-04-23,17,PROMOTE,999.0,0.0,1.0,-0.011,0.5011,1.2,rule_promote
SKU-IM0487,2026-04-30,18,CLEAR,999.0,0.0,1.0,-0.011,0.5011,1.114,rule_clear
SKU-IM0487,2026-05-07,19,CLEAR,999.0,0.0,1.0,-0.011,0.5011,1.1,rule_clear
SKU-IM0487,2026-05-14,20,CLEAR,999.0,0.0,1.0,-0.011,0.5011,1.1,rule_clear
SKU-IM0487,2026-05-21,21,CLEAR,999.0,0.0,1.0,-0.011,0.5011,1.1,rule_clear
SKU-IM0487,2026-05-28,22,CLEAR,999.0,0.0,1.0,-0.011,0.5011,0.971,rule_clear
SKU-IM0487,2026-06-04,23,CLEAR,999.0,0.0,1.0,-0.011,0.5011,0.8,rule_clear
SKU-IM0487,2026-06-11,24,CLEAR,999.0,0.0,1.0,-0.011,0.5011,0.8,rule_clear
SKU-IM0487,2026-06-18,25,CLEAR,999.0,0.0,1.0,-0.011,0.5011,0.8,rule_clear
SKU-IM0487,2026-06-25,26,CLEAR,999.0,0.0,1.0,-0.011,0.5011,0.786,rule_clear
SKU-IM0487,2026-07-02,27,CLEAR,999.0,0.0,1.0,-0.011,0.5011,0.7,rule_clear
SKU-IM0487,2026-07-09,28,CLEAR,999.0,0.0,1.0,-0.011,0.5011,0.7,rule_clear
SKU-IM0487,2026-07-16,29,CLEAR,999.0,0.0,1.0,-0.011,0.5011,0.7,rule_clear
SKU-IM0487,2026-07-23,30,CLEAR,999.0,0.0,1.0,-0.011,0.5011,0.7,rule_clear
SKU-IM0487,2026-07-30,31,CLEAR,999.0,0.0,1.0,-0.011,0.5011,0.771,rule_clear
SKU-IM0487,2026-08-06,32,CLEAR,999.0,0.0,1.0,-0.011,0.5011,0.8,rule_clear
SKU-IM0487,2026-08-13,33,CLEAR,999.0,0.0,1.0,-0.011,0.5011,0.8,rule_clear
SKU-IM0487,2026-08-20,34,CLEAR,999.0,0.0,1.0,-0.011,0.5011,0.8,rule_clear
SKU-IM0487,2026-08-27,35,CLEAR,999.0,0.0,1.0,-0.011,0.5011,1.029,rule_clear
SKU-IM0487,2026-09-03,36,PROMOTE,999.0,0.0,1.0,-0.011,0.5011,1.6,rule_promote
SKU-IM0487,2026-09-10,37,PROMOTE,999.0,0.0,1.0,-0.011,0.5011,1.6,rule_promote
SKU-IM0487,2026-09-17,38,PROMOTE,999.0,0.0,1.0,-0.011,0.5011,1.6,rule_promote
SKU-IM0487,2026-09-24,39,PROMOTE,999.0,0.0,1.0,-0.011,0.5011,1.6,rule_promote
SKU-IM0487,2026-10-01,40,CLEAR,999.0,0.0,1.0,-0.011,0.5011,1.1,rule_clear
SKU-IM0487,2026-10-08,41,CLEAR,999.0,0.0,1.0,-0.011,0.5011,1.1,rule_clear
SKU-IM0487,2026-10-15,42,CLEAR,999.0,0.0,1.0,-0.011,0.5011,1.1,rule_clear
SKU-IM0487,2026-10-22,43,CLEAR,999.0,0.0,1.0,-0.011,0.5011,1.1,rule_clear
SKU-IM0487,2026-10-29,44,CLEAR,999.0,0.0,1.0,-0.011,0.5011,1.043,rule_clear
SKU-IM0487,2026-11-05,45,CLEAR,999.0,0.0,1.0,-0.011,0.5011,1.0,rule_clear
SKU-IM0487,2026-11-12,46,CLEAR,999.0,0.0,1.0,-0.011,0.5011,1.0,rule_clear
SKU-IM0487,2026-11-19,47,CLEAR,999.0,0.0,1.0,-0.011,0.5011,1.0,rule_clear
SKU-IM0487,2026-11-26,48,CLEAR,999.0,0.0,1.0,-0.011,0.5011,1.0,rule_clear
SKU-IM0487,2026-12-03,49,CLEAR,999.0,0.0,1.0,-0.011,0.5011,1.0,rule_clear
SKU-IM0487,2026-12-10,50,CLEAR,999.0,0.0,1.0,-0.011,0.5011,1.0,rule_clear
SKU-IM0487,2026-12-17,51,CLEAR,999.0,0.0,1.0,-0.011,0.5011,1.0,rule_clear
SKU-IM0487,2026-12-24,52,CLEAR,999.0,0.0,1.0,-0.011,0.5011,1.0,rule_clear
SKU-GK9252,2026-01-01,1,,,,1.0,0.1439,0.5249,,cold_start
SKU-GK9252,2026-01-08,2,,,,1.0,0.1439,0.5249,,cold_start
SKU-GK9252,2026-01-15,3,,,,1.0,0.1439,0.5249,,cold_start
SKU-GK9252,2026-01-22,4,,,,1.0,0.1439,0.5249,,cold_start
SKU-GK9252,2026-01-29,5,MARKDOWN,308.0,0.0833,0.7143,0.1439,0.5249,0.9,rule_markdown
SKU-GK9252,2026-02-05,6,MARKDOWN,308.0,0.0833,0.0,0.1439,0.5249,0.9,rule_markdown
SKU-GK9252,2026-02-12,7,MARKDOWN,308.0,0.0833,0.0,0.1439,0.5249,0.9,rule_markdown
SKU-GK9252,2026-02-19,8,MARKDOWN,999.0,0.0833,0.2857,0.1439,0.5249,0.9,rule_markdown
SKU-GK9252,2026-02-26,9,HOLD,999.0,0.0833,1.0,0.1439,0.5249,1.014,rule_hold
SKU-GK9252,2026-03-05,10,HOLD,999.0,0.0833,1.0,0.1439,0.5249,1.1,rule_hold
SKU-GK9252,2026-03-12,11,HOLD,999.0,0.0833,1.0,0.1439,0.5249,1.1,rule_hold
SKU-GK9252,2026-03-19,12,HOLD,999.0,0.0833,1.0,0.1439,0.5249,1.1,rule_hold
SKU-GK9252,2026-03-26,13,HOLD,999.0,0.0833,1.0,0.1439,0.5249,1.114,rule_hold
SKU-GK9252,2026-04-02,14,PROMOTE,999.0,0.0833,1.0,0.1439,0.5249,1.2,rule_promote
SKU-GK9252,2026-04-09,15,PROMOTE,999.0,0.0833,1.0,0.1439,0.5249,1.2,rule_promote
SKU-GK9252,2026-04-16,16,PROMOTE,999.0,0.0833,1.0,0.1439,0.5249,1.2,rule_promote
SKU-GK9252,2026-04-23,17,PROMOTE,999.0,0.0833,1.0,0.1439,0.5249,1.2,rule_promote
SKU-GK9252,2026-04-30,18,HOLD,999.0,0.0833,1.0,0.1439,0.5249,1.114,rule_hold
SKU-GK9252,2026-05-07,19,HOLD,280.0,0.1667,1.0,0.1439,0.5249,1.1,rule_hold
SKU-GK9252,2026-05-14,20,MARKDOWN,280.0,0.1667,0.7143,0.1439,0.5249,1.1,rule_markdown
SKU-GK9252,2026-05-21,21,MARKDOWN,280.0,0.1667,0.0,0.1439,0.5249,1.1,rule_markdown
SKU-GK9252,2026-05-28,22,HOLD,126.0,0.25,2.1429,0.1439,0.5249,0.971,rule_hold
SKU-GK9252,2026-06-04,23,HOLD,252.0,0.25,0.8571,0.1439,0.5249,0.8,rule_hold
SKU-GK9252,2026-06-11,24,MARKDOWN,252.0,0.25,0.0,0.1439,0.5249,0.8,rule_markdown
SKU-GK9252,2026-06-18,25,MARKDOWN,252.0,0.25,0.0,0.1439,0.5249,0.8,rule_markdown
SKU-GK9252,2026-06-25,26,MARKDOWN,999.0,0.25,0.7143,0.1439,0.5249,0.786,rule_markdown
SKU-GK9252,2026-07-02,27,HOLD,999.0,0.25,1.0,0.1439,0.5249,0.7,rule_hold
SKU-GK9252,2026-07-09,28,HOLD,224.0,0.3333,1.0,0.1439,0.5249,0.7,rule_hold
SKU-GK9252,2026-07-16,29,HOLD,224.0,0.3333,0.8571,0.1439,0.5249,0.7,rule_hold
SKU-GK9252,2026-07-23,30,MARKDOWN,224.0,0.3333,0.0,0.1439,0.5249,0.7,rule_markdown
SKU-GK9252,2026-07-30,31,MARKDOWN,224.0,0.3333,0.0,0.1439,0.5249,0.771,rule_markdown
SKU-GK9252,2026-08-06,32,MARKDOWN,999.0,0.3333,0.1429,0.1439,0.5249,0.8,rule_markdown
SKU-GK9252,2026-08-13,33,HOLD,999.0,0.3333,1.0,0.1439,0.5249,0.8,rule_hold
SKU-GK9252,2026-08-20,34,HOLD,999.0,0.3333,1.0,0.1439,0.5249,0.8,rule_hold
SKU-GK9252,2026-08-27,35,HOLD,196.0,0.4167,1.0,0.1439,0.5249,1.029,rule_hold
SKU-GK9252,2026-09-03,36,PROMOTE,84.0,0.5,2.1429,0.1439,0.5249,1.6,rule_promote
SKU-GK9252,2026-09-10,37,PROMOTE,28.0,0.6667,4.7143,0.1439,0.5249,1.6,rule_promote
SKU-GK9252,2026-09-17,38,PROMOTE,28.0,0.6667,0.2857,0.1439,0.5249,1.6,rule_promote
SKU-GK9252,2026-09-24,39,PROMOTE,37.33,0.6667,0.0,0.1439,0.5249,1.6,rule_promote
SKU-GK9252,2026-10-01,40,MARKDOWN,65.33,0.5625,0.2143,0.1439,0.5249,1.1,rule_markdown
SKU-GK9252,2026-10-08,41,HOLD,84.0,0.625,1.8571,0.1439,0.5249,1.1,rule_hold
SKU-GK9252,2026-10-15,42,HOLD,84.0,0.625,0.8571,0.1439,0.5249,1.1,rule_hold
SKU-GK9252,2026-10-22,43,MARKDOWN,84.0,0.625,0.0,0.1439,0.5249,1.1,rule_markdown
SKU-GK9252,2026-10-29,44,MARKDOWN,168.0,0.625,0.0,0.1439,0.5249,1.043,rule_markdown
SKU-GK9252,2026-11-05,45,MARKDOWN,999.0,0.625,0.7143,0.1439,0.5249,1.0,rule_markdown
SKU-GK9252,2026-11-12,46,HOLD,999.0,0.625,1.0,0.1439,0.5249,1.0,rule_hold
SKU-GK9252,2026-11-19,47,HOLD,140.0,0.6875,1.0,0.1439,0.5249,1.0,rule_hold
SKU-GK9252,2026-11-26,48,MARKDOWN,140.0,0.6875,0.2857,0.1439,0.5249,1.0,rule_markdown
SKU-GK9252,2026-12-03,49,MARKDOWN,140.0,0.6875,0.0,0.1439,0.5249,1.0,rule_markdown
SKU-GK9252,2026-12-10,50,MARKDOWN,140.0,0.6875,0.0,0.1439,0.5249,1.0,rule_markdown
SKU-GK9252,2026-12-17,51,MARKDOWN,999.0,0.6875,0.7143,0.1439,0.5249,1.0,rule_markdown
SKU-GK9252,2026-12-24,52,HOLD,112.0,0.75,1.0,0.1439,0.5249,1.0,rule_hold
SKU-IN1483,2026-01-01,1,,,,1.0,0.4824,0.5179,,cold_start
SKU-IN1483,2026-01-08,2,,,,1.0,0.4824,0.5179,,cold_start
SKU-IN1483,2026-01-15,3,,,,1.0,0.4824,0.5179,,cold_start
SKU-IN1483,2026-01-22,4,,,,1.0,0.4824,0.5179,,cold_start
SKU-IN1483,2026-01-29,5,MARKDOWN,999.0,0.0625,0.7143,0.4824,0.5179,0.9,rule_markdown
SKU-IN1483,2026-02-05,6,HOLD,999.0,0.0625,1.0,0.4824,0.5179,0.9,rule_hold
SKU-IN1483,2026-02-12,7,HOLD,999.0,0.0625,1.0,0.4824,0.5179,0.9,rule_hold
SKU-IN1483,2026-02-19,8,HOLD,999.0,0.0625,1.0,0.4824,0.5179,0.9,rule_hold
SKU-IN1483,2026-02-26,9,HOLD,392.0,0.125,1.0,0.4824,0.5179,1.014,rule_hold
SKU-IN1483,2026-03-05,10,MARKDOWN,392.0,0.125,0.1429,0.4824,0.5179,1.1,rule_markdown
SKU-IN1483,2026-03-12,11,MARKDOWN,392.0,0.125,0.0,0.4824,0.5179,1.1,rule_markdown
SKU-IN1483,2026-03-19,12,HOLD,182.0,0.1875,1.2857,0.4824,0.5179,1.1,rule_hold
SKU-IN1483,2026-03-26,13,HOLD,364.0,0.1875,0.8571,0.4824,0.5179,1.114,rule_hold
SKU-IN1483,2026-04-02,14,PROMOTE,102.67,0.3125,2.5714,0.4824,0.5179,1.2,rule_promote
SKU-IN1483,2026-04-09,15,PROMOTE,102.67,0.3125,3.0,0.4824,0.5179,1.2,rule_promote
SKU-IN1483,2026-04-16,16,MARKDOWN,154.0,0.3125,0.0,0.4824,0.5179,1.2,rule_markdown
SKU-IN1483,2026-04-23,17,MARKDOWN,154.0,0.3125,0.0,0.4824,0.5179,1.2,rule_markdown
SKU-IN1483,2026-04-30,18,HOLD,126.0,0.4375,1.1429,0.4824,0.5179,1.114,rule_hold
SKU-IN1483,2026-05-07,19,HOLD,126.0,0.4375,1.2857,0.4824,0.5179,1.1,rule_hold
SKU-IN1483,2026-05-14,20,MARKDOWN,126.0,0.4375,0.0,0.4824,0.5179,1.1,rule_markdown
SKU-IN1483,2026-05-21,21,HOLD,74.67,0.5,1.5,0.4824,0.5179,1.1,rule_hold
SKU-IN1483,2026-05-28,22,HOLD,98.0,0.5625,1.2857,0.4824,0.5179,0.971,rule_hold
SKU-IN1483,2026-06-04,23,HOLD,98.0,0.5625,1.2857,0.4824,0.5179,0.8,rule_hold
SKU-IN1483,2026-06-11,24,MARKDOWN,98.0,0.5625,0.0,0.4824,0.5179,0.8,rule_markdown
SKU-IN1483,2026-06-18,25,MARKDOWN,196.0,0.5625,0.0,0.4824,0.5179,0.8,rule_markdown
SKU-IN1483,2026-06-25,26,MARKDOWN,999.0,0.5625,0.5714,0.4824,0.5179,0.786,rule_markdown
SKU-IN1483,2026-07-02,27,HOLD,999.0,0.5625,1.0,0.4824,0.5179,0.7,rule_hold
SKU-IN1483,2026-07-09,28,HOLD,999.0,0.5625,1.0,0.4824,0.5179,0.7,rule_hold
SKU-IN1483,2026-07-16,29,HOLD,999.0,0.5625,1.0,0.4824,0.5179,0.7,rule_hold
SKU-IN1483,2026-07-23,30,HOLD,999.0,0.5625,1.0,0.4824,0.5179,0.7,rule_hold
SKU-IN1483,2026-07-30,31,HOLD,168.0,0.625,1.0,0.4824,0.5179,0.771,rule_hold
SKU-IN1483,2026-08-06,32,MARKDOWN,168.0,0.625,0.0,0.4824,0.5179,0.8,rule_markdown
SKU-IN1483,2026-08-13,33,HOLD,70.0,0.6875,0.8571,0.4824,0.5179,0.8,rule_hold
SKU-IN1483,2026-08-20,34,HOLD,70.0,0.6875,2.1429,0.4824,0.5179,0.8,rule_hold
SKU-IN1483,2026-08-27,35,MARKDOWN,140.0,0.6875,0.0,0.4824,0.5179,1.029,rule_markdown
SKU-IN1483,2026-09-03,36,MARKDOWN,56.0,0.75,0.4286,0.4824,0.5179,1.6,rule_markdown
SKU-IN1483,2026-09-10,37,PROMOTE,112.0,0.75,2.2857,0.4824,0.5179,1.6,rule_promote
SKU-IN1483,2026-09-17,38,MARKDOWN,112.0,0.75,0.0,0.4824,0.5179,1.6,rule_markdown
SKU-IN1483,2026-09-24,39,PROMOTE,18.67,0.875,4.2857,0.4824,0.5179,1.6,rule_promote
SKU-IN1483,2026-10-01,40,HOLD,28.0,0.875,1.2857,0.4824,0.5179,1.1,rule_hold
SKU-IN1483,2026-10-08,41,HOLD,9.33,0.9375,0.8571,0.4824,0.5179,1.1,rule_hold
SKU-IN1483,2026-10-15,42,HOLD,37.33,0.7895,0.6429,0.4824,0.5179,1.1,rule_hold
SKU-IN1483,2026-10-22,43,MARKDOWN,112.0,0.7895,0.0,0.4824,0.5179,1.1,rule_markdown
SKU-IN1483,2026-10-29,44,HOLD,18.67,0.8947,2.1429,0.4824,0.5179,1.043,rule_hold
SKU-IN1483,2026-11-05,45,HOLD,28.0,0.8947,3.1429,0.4824,0.5179,1.0,rule_hold
SKU-IN1483,2026-11-12,46,MARKDOWN,84.0,0.7391,0.0,0.4824,0.5179,1.0,rule_markdown
SKU-IN1483,2026-11-19,47,MARKDOWN,84.0,0.7391,0.0,0.4824,0.5179,1.0,rule_markdown
SKU-IN1483,2026-11-26,48,HOLD,140.0,0.7826,1.3571,0.4824,0.5179,1.0,rule_hold
SKU-IN1483,2026-12-03,49,MARKDOWN,140.0,0.7826,0.1429,0.4824,0.5179,1.0,rule_markdown
SKU-IN1483,2026-12-10,50,MARKDOWN,140.0,0.7826,0.0,0.4824,0.5179,1.0,rule_markdown
SKU-IN1483,2026-12-17,51,MARKDOWN,140.0,0.7826,0.0,0.4824,0.5179,1.0,rule_markdown
SKU-IN1483,2026-12-24,52,HOLD,999.0,0.7826,0.8571,0.4824,0.5179,1.0,rule_hold
SKU-GS1357,2026-01-01,1,,,,1.0,0.0752,0.5068,,cold_start
SKU-GS1357,2026-01-08,2,,,,1.0,0.0752,0.5068,,cold_start
SKU-GS1357,2026-01-15,3,,,,1.0,0.0752,0.5068,,cold_start
SKU-GS1357,2026-01-22,4,,,,1.0,0.0752,0.5068,,cold_start
SKU-GS1357,2026-01-29,5,CLEAR,999.0,0.0,1.0,0.0752,0.5068,0.9,rule_clear
SKU-GS1357,2026-02-05,6,CLEAR,999.0,0.0,1.0,0.0752,0.5068,0.9,rule_clear
SKU-GS1357,2026-02-12,7,CLEAR,999.0,0.0,1.0,0.0752,0.5068,0.9,rule_clear
SKU-GS1357,2026-02-19,8,CLEAR,999.0,0.0,1.0,0.0752,0.5068,0.9,rule_clear
SKU-GS1357,2026-02-26,9,CLEAR,999.0,0.0,1.0,0.0752,0.5068,1.014,rule_clear
SKU-GS1357,2026-03-05,10,CLEAR,999.0,0.0,1.0,0.0752,0.5068,1.1,rule_clear
SKU-GS1357,2026-03-12,11,CLEAR,999.0,0.0,1.0,0.0752,0.5068,1.1,rule_clear
SKU-GS1357,2026-03-19,12,CLEAR,999.0,0.0,1.0,0.0752,0.5068,1.1,rule_clear
SKU-GS1357,2026-03-26,13,CLEAR,999.0,0.0,1.0,0.0752,0.5068,1.114,rule_clear
SKU-GS1357,2026-04-02,14,PROMOTE,999.0,0.0,1.0,0.0752,0.5068,1.2,rule_promote
SKU-GS1357,2026-04-09,15,PROMOTE,999.0,0.0,1.0,0.0752,0.5068,1.2,rule_promote
SKU-GS1357,2026-04-16,16,PROMOTE,999.0,0.0,1.0,0.0752,0.5068,1.2,rule_promote
SKU-GS1357,2026-04-23,17,PROMOTE,999.0,0.0,1.0,0.0752,0.5068,1.2,rule_promote
SKU-GS1357,2026-04-30,18,CLEAR,999.0,0.0,1.0,0.0752,0.5068,1.114,rule_clear
SKU-GS1357,2026-05-07,19,CLEAR,999.0,0.0,1.0,0.0752,0.5068,1.1,rule_clear
SKU-GS1357,2026-05-14,20,CLEAR,999.0,0.0,1.0,0.0752,0.5068,1.1,rule_clear
SKU-GS1357,2026-05-21,21,CLEAR,999.0,0.0,1.0,0.0752,0.5068,1.1,rule_clear
SKU-GS1357,2026-05-28,22,CLEAR,999.0,0.0,1.0,0.0752,0.5068,0.971,rule_clear
SKU-GS1357,2026-06-04,23,CLEAR,999.0,0.0,1.0,0.0752,0.5068,0.8,rule_clear
SKU-GS1357,2026-06-11,24,CLEAR,999.0,0.0,1.0,0.0752,0.5068,0.8,rule_clear
SKU-GS1357,2026-06-18,25,CLEAR,999.0,0.0,1.0,0.0752,0.5068,0.8,rule_clear
SKU-GS1357,2026-06-25,26,CLEAR,999.0,0.0,1.0,0.0752,0.5068,0.786,rule_clear
SKU-GS1357,2026-07-02,27,CLEAR,999.0,0.0,1.0,0.0752,0.5068,0.7,rule_clear
SKU-GS1357,2026-07-09,28,CLEAR,999.0,0.0,1.0,0.0752,0.5068,0.7,rule_clear
SKU-GS1357,2026-07-16,29,CLEAR,999.0,0.0,1.0,0.0752,0.5068,0.7,rule_clear
SKU-GS1357,2026-07-23,30,CLEAR,999.0,0.0,1.0,0.0752,0.5068,0.7,rule_clear
SKU-GS1357,2026-07-30,31,CLEAR,999.0,0.0,1.0,0.0752,0.5068,0.771,rule_clear
SKU-GS1357,2026-08-06,32,CLEAR,999.0,0.0,1.0,0.0752,0.5068,0.8,rule_clear
SKU-GS1357,2026-08-13,33,CLEAR,999.0,0.0,1.0,0.0752,0.5068,0.8,rule_clear
SKU-GS1357,2026-08-20,34,CLEAR,999.0,0.0,1.0,0.0752,0.5068,0.8,rule_clear
SKU-GS1357,2026-08-27,35,CLEAR,999.0,0.0,1.0,0.0752,0.5068,1.029,rule_clear
SKU-GS1357,2026-09-03,36,PROMOTE,999.0,0.0,1.0,0.0752,0.5068,1.6,rule_promote
SKU-GS1357,2026-09-10,37,PROMOTE,999.0,0.0,1.0,0.0752,0.5068,1.6,rule_promote
SKU-GS1357,2026-09-17,38,PROMOTE,999.0,0.0,1.0,0.0752,0.5068,1.6,rule_promote
SKU-GS1357,2026-09-24,39,PROMOTE,999.0,0.0,1.0,0.0752,0.5068,1.6,rule_promote
SKU-GS1357,2026-10-01,40,CLEAR,999.0,0.0,1.0,0.0752,0.5068,1.1,rule_clear
SKU-GS1357,2026-10-08,41,CLEAR,999.0,0.0,1.0,0.0752,0.5068,1.1,rule_clear
SKU-GS1357,2026-10-15,42,CLEAR,999.0,0.0,1.0,0.0752,0.5068,1.1,rule_clear
SKU-GS1357,2026-10-22,43,CLEAR,999.0,0.0,1.0,0.0752,0.5068,1.1,rule_clear
SKU-GS1357,2026-10-29,44,CLEAR,999.0,0.0,1.0,0.0752,0.5068,1.043,rule_clear
SKU-GS1357,2026-11-05,45,CLEAR,999.0,0.0,1.0,0.0752,0.5068,1.0,rule_clear
SKU-GS1357,2026-11-12,46,CLEAR,999.0,0.0,1.0,0.0752,0.5068,1.0,rule_clear
SKU-GS1357,2026-11-19,47,CLEAR,999.0,0.0,1.0,0.0752,0.5068,1.0,rule_clear
SKU-GS1357,2026-11-26,48,CLEAR,999.0,0.0,1.0,0.0752,0.5068,1.0,rule_clear
SKU-GS1357,2026-12-03,49,CLEAR,999.0,0.0,1.0,0.0752,0.5068,1.0,rule_clear
SKU-GS1357,2026-12-10,50,CLEAR,999.0,0.0,1.0,0.0752,0.5068,1.0,rule_clear
SKU-GS1357,2026-12-17,51,CLEAR,999.0,0.0,1.0,0.0752,0.5068,1.0,rule_clear
SKU-GS1357,2026-12-24,52,CLEAR,999.0,0.0,1.0,0.0752,0.5068,1.0,rule_clear
SKU-HZ4371,2026-01-01,1,,,,1.0,0.1397,0.5152,,cold_start
SKU-HZ4371,2026-01-08,2,,,,1.0,0.1397,0.5152,,cold_start
SKU-HZ4371,2026-01-15,3,,,,1.0,0.1397,0.5152,,cold_start
SKU-HZ4371,2026-01-22,4,,,,1.0,0.1397,0.5152,,cold_start
SKU-HZ4371,2026-01-29,5,HOLD,999.0,0.0,1.0,0.1397,0.5152,0.9,rule_hold
SKU-HZ4371,2026-02-05,6,HOLD,999.0,0.0,1.0,0.1397,0.5152,0.9,rule_hold
SKU-HZ4371,2026-02-12,7,HOLD,308.0,0.0833,1.0,0.1397,0.5152,0.9,rule_hold
SKU-HZ4371,2026-02-19,8,MARKDOWN,308.0,0.0833,0.7143,0.1397,0.5152,0.9,rule_markdown
SKU-HZ4371,2026-02-26,9,MARKDOWN,308.0,0.0833,0.0,0.1397,0.5152,1.014,rule_markdown
SKU-HZ4371,2026-03-05,10,HOLD,56.0,0.3333,7.7143,0.1397,0.5152,1.1,rule_hold
SKU-HZ4371,2026-03-12,11,MARKDOWN,74.67,0.3333,0.5714,0.1397,0.5152,1.1,rule_markdown
SKU-HZ4371,2026-03-19,12,MARKDOWN,74.67,0.3333,0.0,0.1397,0.5152,1.1,rule_markdown
SKU-HZ4371,2026-03-26,13,MARKDOWN,74.67,0.3333,0.0,0.1397,0.5152,1.114,rule_markdown
SKU-HZ4371,2026-04-02,14,MARKDOWN,196.0,0.4167,0.7143,0.1397,0.5152,1.2,rule_markdown
SKU-HZ4371,2026-04-09,15,MARKDOWN,196.0,0.4167,0.4286,0.1397,0.5152,1.2,rule_markdown
SKU-HZ4371,2026-04-16,16,MARKDOWN,196.0,0.4167,0.0,0.1397,0.5152,1.2,rule_markdown
SKU-HZ4371,2026-04-23,17,MARKDOWN,84.0,0.5,0.4286,0.1397,0.5152,1.2,rule_markdown
SKU-HZ4371,2026-04-30,18,HOLD,168.0,0.5,1.7143,0.1397,0.5152,1.114,rule_hold
SKU-HZ4371,2026-05-07,19,MARKDOWN,168.0,0.5,0.0,0.1397,0.5152,1.1,rule_markdown
SKU-HZ4371,2026-05-14,20,MARKDOWN,168.0,0.5,0.0,0.1397,0.5152,1.1,rule_markdown
SKU-HZ4371,2026-05-21,21,MARKDOWN,999.0,0.5,0.1429,0.1397,0.5152,1.1,rule_markdown
SKU-HZ4371,2026-05-28,22,HOLD,999.0,0.5,1.0,0.1397,0.5152,0.971,rule_hold
SKU-HZ4371,2026-06-04,23,HOLD,999.0,0.5,1.0,0.1397,0.5152,0.8,rule_hold
SKU-HZ4371,2026-06-11,24,HOLD,140.0,0.5833,1.0,0.1397,0.5152,0.8,rule_hold
SKU-HZ4371,2026-06-18,25,HOLD,140.0,0.5833,0.8571,0.1397,0.5152,0.8,rule_hold
SKU-HZ4371,2026-06-25,26,MARKDOWN,140.0,0.5833,0.0,0.1397,0.5152,0.786,rule_markdown
SKU-HZ4371,2026-07-02,27,MARKDOWN,140.0,0.5833,0.0,0.1397,0.5152,0.7,rule_markdown
SKU-HZ4371,2026-07-09,28,MARKDOWN,999.0,0.5833,0.1429,0.1397,0.5152,0.7,rule_markdown
SKU-HZ4371,2026-07-16,29,HOLD,999.0,0.5833,1.0,0.1397,0.5152,0.7,rule_hold
SKU-HZ4371,2026-07-23,30,HOLD,999.0,0.5833,1.0,0.1397,0.5152,0.7,rule_hold
SKU-HZ4371,2026-07-30,31,HOLD,999.0,0.5833,1.0,0.1397,0.5152,0.771,rule_hold
SKU-HZ4371,2026-08-06,32,HOLD,999.0,0.5833,1.0,0.1397,0.5152,0.8,rule_hold
SKU-HZ4371,2026-08-13,33,HOLD,112.0,0.6667,1.0,0.1397,0.5152,0.8,rule_hold
SKU-HZ4371,2026-08-20,34,MARKDOWN,112.0,0.6667,0.1429,0.1397,0.5152,0.8,rule_markdown
SKU-HZ4371,2026-08-27,35,MARKDOWN,112.0,0.6667,0.0,0.1397,0.5152,1.029,rule_markdown
SKU-HZ4371,2026-09-03,36,MARKDOWN,112.0,0.6667,0.0,0.1397,0.5152,1.6,rule_markdown
SKU-HZ4371,2026-09-10,37,PROMOTE,999.0,0.6667,0.8571,0.1397,0.5152,1.6,rule_promote
SKU-HZ4371,2026-09-17,38,PROMOTE,999.0,0.6667,1.0,0.1397,0.5152,1.6,rule_promote
SKU-HZ4371,2026-09-24,39,PROMOTE,999.0,0.6667,1.0,0.1397,0.5152,1.6,rule_promote
SKU-HZ4371,2026-10-01,40,HOLD,999.0,0.6667,1.0,0.1397,0.5152,1.1,rule_hold
SKU-HZ4371,2026-10-08,41,HOLD,999.0,0.6667,1.0,0.1397,0.5152,1.1,rule_hold
SKU-HZ4371,2026-10-15,42,HOLD,84.0,0.75,1.0,0.1397,0.5152,1.1,rule_hold
SKU-HZ4371,2026-10-22,43,HOLD,84.0,0.75,0.8571,0.1397,0.5152,1.1,rule_hold
SKU-HZ4371,2026-10-29,44,MARKDOWN,84.0,0.75,0.0,0.1397,0.5152,1.043,rule_markdown
SKU-HZ4371,2026-11-05,45,MARKDOWN,84.0,0.75,0.0,0.1397,0.5152,1.0,rule_markdown
SKU-HZ4371,2026-11-12,46,MARKDOWN,999.0,0.75,0.1429,0.1397,0.5152,1.0,rule_markdown
SKU-HZ4371,2026-11-19,47,HOLD,56.0,0.8333,1.0,0.1397,0.5152,1.0,rule_hold
SKU-HZ4371,2026-11-26,48,MARKDOWN,56.0,0.8333,0.5714,0.1397,0.5152,1.0,rule_markdown
SKU-HZ4371,2026-12-03,49,HOLD,14.0,0.9167,1.7143,0.1397,0.5152,1.0,rule_hold
SKU-HZ4371,2026-12-10,50,HOLD,42.0,0.7857,1.2857,0.1397,0.5152,1.0,rule_hold
SKU-HZ4371,2026-12-17,51,HOLD,28.0,0.8571,1.7143,0.1397,0.5152,1.0,rule_hold
SKU-HZ4371,2026-12-24,52,HOLD,28.0,0.8571,0.8571,0.1397,0.5152,1.0,rule_hold
SKU-H06642,2026-01-01,1,,,,1.0,0.0257,0.5055,,cold_start
SKU-H06642,2026-01-08,2,,,,1.0,0.0257,0.5055,,cold_start
SKU-H06642,2026-01-15,3,,,,1.0,0.0257,0.5055,,cold_start
SKU-H06642,2026-01-22,4,,,,1.0,0.0257,0.5055,,cold_start
SKU-H06642,2026-01-29,5,CLEAR,999.0,0.0,1.0,0.0257,0.5055,0.9,rule_clear
SKU-H06642,2026-02-05,6,CLEAR,999.0,0.0,1.0,0.0257,0.5055,0.9,rule_clear
SKU-H06642,2026-02-12,7,CLEAR,999.0,0.0,1.0,0.0257,0.5055,0.9,rule_clear
SKU-H06642,2026-02-19,8,CLEAR,999.0,0.0,1.0,0.0257,0.5055,0.9,rule_clear
SKU-H06642,2026-02-26,9,CLEAR,999.0,0.0,1.0,0.0257,0.5055,1.014,rule_clear
SKU-H06642,2026-03-05,10,CLEAR,999.0,0.0,1.0,0.0257,0.5055,1.1,rule_clear
SKU-H06642,2026-03-12,11,CLEAR,999.0,0.0,1.0,0.0257,0.5055,1.1,rule_clear
SKU-H06642,2026-03-19,12,CLEAR,999.0,0.0,1.0,0.0257,0.5055,1.1,rule_clear
SKU-H06642,2026-03-26,13,CLEAR,999.0,0.0,1.0,0.0257,0.5055,1.114,rule_clear
SKU-H06642,2026-04-02,14,PROMOTE,999.0,0.0,1.0,0.0257,0.5055,1.2,rule_promote
SKU-H06642,2026-04-09,15,PROMOTE,999.0,0.0,1.0,0.0257,0.5055,1.2,rule_promote
SKU-H06642,2026-04-16,16,PROMOTE,999.0,0.0,1.0,0.0257,0.5055,1.2,rule_promote
SKU-H06642,2026-04-23,17,PROMOTE,999.0,0.0,1.0,0.0257,0.5055,1.2,rule_promote
SKU-H06642,2026-04-30,18,CLEAR,999.0,0.0,1.0,0.0257,0.5055,1.114,rule_clear
SKU-H06642,2026-05-07,19,CLEAR,999.0,0.0,1.0,0.0257,0.5055,1.1,rule_clear
SKU-H06642,2026-05-14,20,CLEAR,999.0,0.0,1.0,0.0257,0.5055,1.1,rule_clear
SKU-H06642,2026-05-21,21,CLEAR,999.0,0.0,1.0,0.0257,0.5055,1.1,rule_clear
SKU-H06642,2026-05-28,22,CLEAR,999.0,0.0,1.0,0.0257,0.5055,0.971,rule_clear
SKU-H06642,2026-06-04,23,CLEAR,999.0,0.0,1.0,0.0257,0.5055,0.8,rule_clear
SKU-H06642,2026-06-11,24,CLEAR,999.0,0.0,1.0,0.0257,0.5055,0.8,rule_clear
SKU-H06642,2026-06-18,25,CLEAR,999.0,0.0,1.0,0.0257,0.5055,0.8,rule_clear
SKU-H06642,2026-06-25,26,CLEAR,999.0,0.0,1.0,0.0257,0.5055,0.786,rule_clear
SKU-H06642,2026-07-02,27,CLEAR,999.0,0.0,1.0,0.0257,0.5055,0.7,rule_clear
SKU-H06642,2026-07-09,28,CLEAR,999.0,0.0,1.0,0.0257,0.5055,0.7,rule_clear
SKU-H06642,2026-07-16,29,CLEAR,999.0,0.0,1.0,0.0257,0.5055,0.7,rule_clear
SKU-H06642,2026-07-23,30,CLEAR,999.0,0.0,1.0,0.0257,0.5055,0.7,rule_clear
SKU-H06642,2026-07-30,31,CLEAR,999.0,0.0,1.0,0.0257,0.5055,0.771,rule_clear
SKU-H06642,2026-08-06,32,CLEAR,999.0,0.0,1.0,0.0257,0.5055,0.8,rule_clear
SKU-H06642,2026-08-13,33,CLEAR,999.0,0.0,1.0,0.0257,0.5055,0.8,rule_clear
SKU-H06642,2026-08-20,34,CLEAR,999.0,0.0,1.0,0.0257,0.5055,0.8,rule_clear
SKU-H06642,2026-08-27,35,CLEAR,999.0,0.0,1.0,0.0257,0.5055,1.029,rule_clear
SKU-H06642,2026-09-03,36,PROMOTE,999.0,0.0,1.0,0.0257,0.5055,1.6,rule_promote
SKU-H06642,2026-09-10,37,PROMOTE,999.0,0.0,1.0,0.0257,0.5055,1.6,rule_promote
SKU-H06642,2026-09-17,38,PROMOTE,999.0,0.0,1.0,0.0257,0.5055,1.6,rule_promote
SKU-H06642,2026-09-24,39,PROMOTE,999.0,0.0,1.0,0.0257,0.5055,1.6,rule_promote
SKU-H06642,2026-10-01,40,CLEAR,999.0,0.0,1.0,0.0257,0.5055,1.1,rule_clear
SKU-H06642,2026-10-08,41,CLEAR,999.0,0.0,1.0,0.0257,0.5055,1.1,rule_clear
SKU-H06642,2026-10-15,42,CLEAR,999.0,0.0,1.0,0.0257,0.5055,1.1,rule_clear
SKU-H06642,2026-10-22,43,CLEAR,999.0,0.0,1.0,0.0257,0.5055,1.1,rule_clear
SKU-H06642,2026-10-29,44,CLEAR,999.0,0.0,1.0,0.0257,0.5055,1.043,rule_clear
SKU-H06642,2026-11-05,45,CLEAR,999.0,0.0,1.0,0.0257,0.5055,1.0,rule_clear
SKU-H06642,2026-11-12,46,CLEAR,999.0,0.0,1.0,0.0257,0.5055,1.0,rule_clear
SKU-H06642,2026-11-19,47,CLEAR,999.0,0.0,1.0,0.0257,0.5055,1.0,rule_clear
SKU-H06642,2026-11-26,48,CLEAR,999.0,0.0,1.0,0.0257,0.5055,1.0,rule_clear
SKU-H06642,2026-12-03,49,CLEAR,999.0,0.0,1.0,0.0257,0.5055,1.0,rule_clear
SKU-H06642,2026-12-10,50,CLEAR,999.0,0.0,1.0,0.0257,0.5055,1.0,rule_clear
SKU-H06642,2026-12-17,51,CLEAR,999.0,0.0,1.0,0.0257,0.5055,1.0,rule_clear
SKU-H06642,2026-12-24,52,CLEAR,999.0,0.0,1.0,0.0257,0.5055,1.0,rule_clear
SKU-IC9364,2026-01-01,1,,,,1.0,-0.1984,0.5169,,cold_start
SKU-IC9364,2026-01-08,2,,,,1.0,-0.1984,0.5169,,cold_start
SKU-IC9364,2026-01-15,3,,,,1.0,-0.1984,0.5169,,cold_start
SKU-IC9364,2026-01-22,4,,,,1.0,-0.1984,0.5169,,cold_start
SKU-IC9364,2026-01-29,5,HOLD,308.0,0.0833,1.0,-0.1984,0.5169,0.9,rule_hold
SKU-IC9364,2026-02-05,6,MARKDOWN,308.0,0.0833,0.4286,-0.1984,0.5169,0.9,rule_markdown
SKU-IC9364,2026-02-12,7,MARKDOWN,308.0,0.0833,0.0,-0.1984,0.5169,0.9,rule_markdown
SKU-IC9364,2026-02-19,8,MARKDOWN,308.0,0.0833,0.0,-0.1984,0.5169,0.9,rule_markdown
SKU-IC9364,2026-02-26,9,MARKDOWN,280.0,0.1667,0.5714,-0.1984,0.5169,1.014,rule_markdown
SKU-IC9364,2026-03-05,10,MARKDOWN,280.0,0.1667,0.4286,-0.1984,0.5169,1.1,rule_markdown
SKU-IC9364,2026-03-12,11,HOLD,126.0,0.25,3.0,-0.1984,0.5169,1.1,rule_hold
SKU-IC9364,2026-03-19,12,MARKDOWN,126.0,0.25,0.0,-0.1984,0.5169,1.1,rule_markdown
SKU-IC9364,2026-03-26,13,MARKDOWN,252.0,0.25,0.0,-0.1984,0.5169,1.114,rule_markdown
SKU-IC9364,2026-04-02,14,MARKDOWN,252.0,0.25,0.0,-0.1984,0.5169,1.2,rule_markdown
SKU-IC9364,2026-04-09,15,PROMOTE,224.0,0.3333,1.0,-0.1984,0.5169,1.2,rule_promote
SKU-IC9364,2026-04-16,16,MARKDOWN,224.0,0.3333,0.1429,-0.1984,0.5169,1.2,rule_markdown
SKU-IC9364,2026-04-23,17,PROMOTE,98.0,0.4167,0.8571,-0.1984,0.5169,1.2,rule_promote
SKU-IC9364,2026-04-30,18,HOLD,98.0,0.4167,2.1429,-0.1984,0.5169,1.114,rule_hold
SKU-IC9364,2026-05-07,19,HOLD,196.0,0.4167,0.0,-0.1984,0.5169,1.1,rule_hold
SKU-IC9364,2026-05-14,20,HOLD,84.0,0.5,2.5714,-0.1984,0.5169,1.1,rule_hold
SKU-IC9364,2026-05-21,21,HOLD,168.0,0.5,0.4286,-0.1984,0.5169,1.1,rule_hold
SKU-IC9364,2026-05-28,22,HOLD,168.0,0.5,0.0,-0.1984,0.5169,0.971,rule_hold
SKU-IC9364,2026-06-04,23,HOLD,168.0,0.5,0.0,-0.1984,0.5169,0.8,rule_hold
SKU-IC9364,2026-06-11,24,HOLD,999.0,0.5,0.8571,-0.1984,0.5169,0.8,rule_hold
SKU-IC9364,2026-06-18,25,HOLD,999.0,0.5,1.0,-0.1984,0.5169,0.8,rule_hold
SKU-IC9364,2026-06-25,26,HOLD,999.0,0.5,1.0,-0.1984,0.5169,0.786,rule_hold
SKU-IC9364,2026-07-02,27,HOLD,999.0,0.5,1.0,-0.1984,0.5169,0.7,rule_hold
SKU-IC9364,2026-07-09,28,HOLD,999.0,0.5,1.0,-0.1984,0.5169,0.7,rule_hold
SKU-IC9364,2026-07-16,29,HOLD,999.0,0.5,1.0,-0.1984,0.5169,0.7,rule_hold
SKU-IC9364,2026-07-23,30,HOLD,999.0,0.5,1.0,-0.1984,0.5169,0.7,rule_hold
SKU-IC9364,2026-07-30,31,HOLD,140.0,0.5833,1.0,-0.1984,0.5169,0.771,rule_hold
SKU-IC9364,2026-08-06,32,HOLD,140.0,0.5833,0.4286,-0.1984,0.5169,0.8,rule_hold
SKU-IC9364,2026-08-13,33,HOLD,140.0,0.5833,0.0,-0.1984,0.5169,0.8,rule_hold
SKU-IC9364,2026-08-20,34,HOLD,140.0,0.5833,0.0,-0.1984,0.5169,0.8,rule_hold
SKU-IC9364,2026-08-27,35,HOLD,999.0,0.5833,0.5714,-0.1984,0.5169,1.029,rule_hold
SKU-IC9364,2026-09-03,36,PROMOTE,999.0,0.5833,1.0,-0.1984,0.5169,1.6,rule_promote
SKU-IC9364,2026-09-10,37,PROMOTE,112.0,0.6667,1.0,-0.1984,0.5169,1.6,rule_promote
SKU-IC9364,2026-09-17,38,PROMOTE,112.0,0.6667,0.1429,-0.1984,0.5169,1.6,rule_promote
SKU-IC9364,2026-09-24,39,PROMOTE,112.0,0.6667,0.0,-0.1984,0.5169,1.6,rule_promote
SKU-IC9364,2026-10-01,40,HOLD,112.0,0.6667,0.0,-0.1984,0.5169,1.1,rule_hold
SKU-IC9364,2026-10-08,41,HOLD,999.0,0.6667,0.8571,-0.1984,0.5169,1.1,rule_hold
SKU-IC9364,2026-10-15,42,HOLD,999.0,0.6667,1.0,-0.1984,0.5169,1.1,rule_hold
SKU-IC9364,2026-10-22,43,HOLD,999.0,0.6667,1.0,-0.1984,0.5169,1.1,rule_hold
SKU-IC9364,2026-10-29,44,HOLD,999.0,0.6667,1.0,-0.1984,0.5169,1.043,rule_hold
SKU-IC9364,2026-11-05,45,HOLD,84.0,0.75,1.0,-0.1984,0.5169,1.0,rule_hold
SKU-IC9364,2026-11-12,46,HOLD,84.0,0.75,0.1429,-0.1984,0.5169,1.0,rule_hold
SKU-IC9364,2026-11-19,47,HOLD,84.0,0.75,0.0,-0.1984,0.5169,1.0,rule_hold
SKU-IC9364,2026-11-26,48,HOLD,28.0,0.8333,1.2857,-0.1984,0.5169,1.0,rule_hold
SKU-IC9364,2026-12-03,49,HOLD,56.0,0.8333,0.8571,-0.1984,0.5169,1.0,rule_hold
SKU-IC9364,2026-12-10,50,HOLD,28.0,0.8462,2.5714,-0.1984,0.5169,1.0,rule_hold
SKU-IC9364,2026-12-17,51,HOLD,28.0,0.8462,0.4286,-0.1984,0.5169,1.0,rule_hold
SKU-IC9364,2026-12-24,52,HOLD,112.0,0.7333,0.0,-0.1984,0.5169,1.0,rule_hold
SKU-JE3078,2026-01-01,1,,,,1.0,0.0,0.5236,,cold_start
SKU-JE3078,2026-01-08,2,,,,1.0,0.0,0.5236,,cold_start
SKU-JE3078,2026-01-15,3,,,,1.0,0.0,0.5236,,cold_start
SKU-JE3078,2026-01-22,4,,,,1.0,0.0,0.5236,,cold_start
SKU-JE3078,2026-01-29,5,MARKDOWN,392.0,0.0667,0.0,0.0,0.5236,0.9,rule_markdown
SKU-JE3078,2026-02-05,6,HOLD,999.0,0.0667,0.8571,0.0,0.5236,0.9,rule_hold
SKU-JE3078,2026-02-12,7,HOLD,999.0,0.0667,1.0,0.0,0.5236,0.9,rule_hold
SKU-JE3078,2026-02-19,8,HOLD,999.0,0.0667,1.0,0.0,0.5236,0.9,rule_hold
SKU-JE3078,2026-02-26,9,HOLD,999.0,0.0667,1.0,0.0,0.5236,1.014,rule_hold
SKU-JE3078,2026-03-05,10,HOLD,999.0,0.0667,1.0,0.0,0.5236,1.1,rule_hold
SKU-JE3078,2026-03-12,11,HOLD,999.0,0.0667,1.0,0.0,0.5236,1.1,rule_hold
SKU-JE3078,2026-03-19,12,HOLD,999.0,0.0667,1.0,0.0,0.5236,1.1,rule_hold
SKU-JE3078,2026-03-26,13,HOLD,999.0,0.0667,1.0,0.0,0.5236,1.114,rule_hold
SKU-JE3078,2026-04-02,14,PROMOTE,999.0,0.0667,1.0,0.0,0.5236,1.2,rule_promote
SKU-JE3078,2026-04-09,15,PROMOTE,999.0,0.0667,1.0,0.0,0.5236,1.2,rule_promote
SKU-JE3078,2026-04-16,16,PROMOTE,999.0,0.0667,1.0,0.0,0.5236,1.2,rule_promote
SKU-JE3078,2026-04-23,17,PROMOTE,999.0,0.0667,1.0,0.0,0.5236,1.2,rule_promote
SKU-JE3078,2026-04-30,18,HOLD,999.0,0.0667,1.0,0.0,0.5236,1.114,rule_hold
SKU-JE3078,2026-05-07,19,HOLD,364.0,0.1333,1.0,0.0,0.5236,1.1,rule_hold
SKU-JE3078,2026-05-14,20,HOLD,102.67,0.2667,3.0,0.0,0.5236,1.1,rule_hold
SKU-JE3078,2026-05-21,21,HOLD,102.67,0.2667,2.3571,0.0,0.5236,1.1,rule_hold
SKU-JE3078,2026-05-28,22,MARKDOWN,102.67,0.2667,0.0,0.0,0.5236,0.971,rule_markdown
SKU-JE3078,2026-06-04,23,MARKDOWN,154.0,0.2667,0.0,0.0,0.5236,0.8,rule_markdown
SKU-JE3078,2026-06-11,24,MARKDOWN,999.0,0.2667,0.2857,0.0,0.5236,0.8,rule_markdown
SKU-JE3078,2026-06-18,25,HOLD,999.0,0.2667,1.0,0.0,0.5236,0.8,rule_hold
SKU-JE3078,2026-06-25,26,HOLD,999.0,0.2667,1.0,0.0,0.5236,0.786,rule_hold
SKU-JE3078,2026-07-02,27,HOLD,280.0,0.3333,1.0,0.0,0.5236,0.7,rule_hold
SKU-JE3078,2026-07-09,28,MARKDOWN,280.0,0.3333,0.0,0.0,0.5236,0.7,rule_markdown
SKU-JE3078,2026-07-16,29,MARKDOWN,280.0,0.3333,0.0,0.0,0.5236,0.7,rule_markdown
SKU-JE3078,2026-07-23,30,MARKDOWN,280.0,0.3333,0.0,0.0,0.5236,0.7,rule_markdown
SKU-JE3078,2026-07-30,31,HOLD,252.0,0.4,1.0,0.0,0.5236,0.771,rule_hold
SKU-JE3078,2026-08-06,32,MARKDOWN,252.0,0.4,0.4286,0.0,0.5236,0.8,rule_markdown
SKU-JE3078,2026-08-13,33,MARKDOWN,112.0,0.4667,0.4286,0.0,0.5236,0.8,rule_markdown
SKU-JE3078,2026-08-20,34,HOLD,112.0,0.4667,2.5714,0.0,0.5236,0.8,rule_hold
SKU-JE3078,2026-08-27,35,MARKDOWN,98.0,0.5333,0.4286,0.0,0.5236,1.029,rule_markdown
SKU-JE3078,2026-09-03,36,PROMOTE,98.0,0.5333,2.5714,0.0,0.5236,1.6,rule_promote
SKU-JE3078,2026-09-10,37,MARKDOWN,196.0,0.5333,0.0,0.0,0.5236,1.6,rule_markdown
SKU-JE3078,2026-09-17,38,MARKDOWN,196.0,0.5333,0.0,0.0,0.5236,1.6,rule_markdown
SKU-JE3078,2026-09-24,39,PROMOTE,168.0,0.6,2.2857,0.0,0.5236,1.6,rule_promote
SKU-JE3078,2026-10-01,40,HOLD,70.0,0.6667,1.8571,0.0,0.5236,1.1,rule_hold
SKU-JE3078,2026-10-08,41,HOLD,37.33,0.7333,1.5,0.0,0.5236,1.1,rule_hold
SKU-JE3078,2026-10-15,42,HOLD,37.33,0.7333,1.2857,0.0,0.5236,1.1,rule_hold
SKU-JE3078,2026-10-22,43,HOLD,28.0,0.8,1.2857,0.0,0.5236,1.1,rule_hold
SKU-JE3078,2026-10-29,44,MARKDOWN,42.0,0.8,0.2143,0.0,0.5236,1.043,rule_markdown
SKU-JE3078,2026-11-05,45,HOLD,28.0,0.8667,0.8571,0.0,0.5236,1.0,rule_hold
SKU-JE3078,2026-11-12,46,HOLD,70.0,0.7222,1.7143,0.0,0.5236,1.0,rule_hold
SKU-JE3078,2026-11-19,47,MARKDOWN,140.0,0.7222,0.0,0.0,0.5236,1.0,rule_markdown
SKU-JE3078,2026-11-26,48,MARKDOWN,140.0,0.7222,0.0,0.0,0.5236,1.0,rule_markdown
SKU-JE3078,2026-12-03,49,MARKDOWN,999.0,0.7222,0.4286,0.0,0.5236,1.0,rule_markdown
SKU-JE3078,2026-12-10,50,HOLD,999.0,0.7222,1.0,0.0,0.5236,1.0,rule_hold
SKU-JE3078,2026-12-17,51,HOLD,999.0,0.7222,1.0,0.0,0.5236,1.0,rule_hold
SKU-JE3078,2026-12-24,52,HOLD,999.0,0.7222,1.0,0.0,0.5236,1.0,rule_hold
SKU-KD1445,2026-01-01,1,,,,1.0,0.0038,0.5763,,cold_start
SKU-KD1445,2026-01-08,2,,,,1.0,0.0038,0.5763,,cold_start
SKU-KD1445,2026-01-15,3,,,,1.0,0.0038,0.5763,,cold_start
SKU-KD1445,2026-01-22,4,,,,1.0,0.0038,0.5763,,cold_start
SKU-KD1445,2026-01-29,5,MARKDOWN,999.0,0.05,0.7143,0.0038,0.5763,0.9,rule_markdown
SKU-KD1445,2026-02-05,6,HOLD,999.0,0.05,1.0,0.0038,0.5763,0.9,rule_hold
SKU-KD1445,2026-02-12,7,HOLD,504.0,0.1,1.0,0.0038,0.5763,0.9,rule_hold
SKU-KD1445,2026-02-19,8,HOLD,504.0,0.1,0.8571,0.0038,0.5763,0.9,rule_hold
SKU-KD1445,2026-02-26,9,MARKDOWN,504.0,0.1,0.0,0.0038,0.5763,1.014,rule_markdown
SKU-KD1445,2026-03-05,10,HOLD,238.0,0.15,0.8571,0.0038,0.5763,1.1,rule_hold
SKU-KD1445,2026-03-12,11,HOLD,476.0,0.15,2.1429,0.0038,0.5763,1.1,rule_hold
SKU-KD1445,2026-03-19,12,MARKDOWN,476.0,0.15,0.0,0.0038,0.5763,1.1,rule_markdown
SKU-KD1445,2026-03-26,13,MARKDOWN,476.0,0.15,0.0,0.0038,0.5763,1.114,rule_markdown
SKU-KD1445,2026-04-02,14,PROMOTE,448.0,0.2,1.5714,0.0038,0.5763,1.2,rule_promote
SKU-KD1445,2026-04-09,15,MARKDOWN,448.0,0.2,0.2857,0.0038,0.5763,1.2,rule_markdown
SKU-KD1445,2026-04-16,16,MARKDOWN,448.0,0.2,0.0,0.0038,0.5763,1.2,rule_markdown
SKU-KD1445,2026-04-23,17,PROMOTE,210.0,0.25,2.1429,0.0038,0.5763,1.2,rule_promote
SKU-KD1445,2026-04-30,18,HOLD,420.0,0.25,0.8571,0.0038,0.5763,1.114,rule_hold
SKU-KD1445,2026-05-07,19,MARKDOWN,420.0,0.25,0.0,0.0038,0.5763,1.1,rule_markdown
SKU-KD1445,2026-05-14,20,HOLD,196.0,0.3,2.5714,0.0038,0.5763,1.1,rule_hold
SKU-KD1445,2026-05-21,21,MARKDOWN,392.0,0.3,0.4286,0.0038,0.5763,1.1,rule_markdown
SKU-KD1445,2026-05-28,22,MARKDOWN,392.0,0.3,0.0,0.0038,0.5763,0.971,rule_markdown
SKU-KD1445,2026-06-04,23,MARKDOWN,392.0,0.3,0.0,0.0038,0.5763,0.8,rule_markdown
SKU-KD1445,2026-06-11,24,HOLD,999.0,0.3,0.8571,0.0038,0.5763,0.8,rule_hold
SKU-KD1445,2026-06-18,25,HOLD,999.0,0.3,1.0,0.0038,0.5763,0.8,rule_hold
SKU-KD1445,2026-06-25,26,HOLD,999.0,0.3,1.0,0.0038,0.5763,0.786,rule_hold
SKU-KD1445,2026-07-02,27,HOLD,999.0,0.3,1.0,0.0038,0.5763,0.7,rule_hold
SKU-KD1445,2026-07-09,28,HOLD,999.0,0.3,1.0,0.0038,0.5763,0.7,rule_hold
SKU-KD1445,2026-07-16,29,HOLD,999.0,0.3,1.0,0.0038,0.5763,0.7,rule_hold
SKU-KD1445,2026-07-23,30,HOLD,999.0,0.3,1.0,0.0038,0.5763,0.7,rule_hold
SKU-KD1445,2026-07-30,31,HOLD,364.0,0.35,1.0,0.0038,0.5763,0.771,rule_hold
SKU-KD1445,2026-08-06,32,MARKDOWN,364.0,0.35,0.4286,0.0038,0.5763,0.8,rule_markdown
SKU-KD1445,2026-08-13,33,HOLD,168.0,0.4,0.8571,0.0038,0.5763,0.8,rule_hold
SKU-KD1445,2026-08-20,34,HOLD,168.0,0.4,2.1429,0.0038,0.5763,0.8,rule_hold
SKU-KD1445,2026-08-27,35,HOLD,154.0,0.45,1.2857,0.0038,0.5763,1.029,rule_hold
SKU-KD1445,2026-09-03,36,PROMOTE,154.0,0.45,1.7143,0.0038,0.5763,1.6,rule_promote
SKU-KD1445,2026-09-10,37,PROMOTE,140.0,0.5,1.5,0.0038,0.5763,1.6,rule_promote
SKU-KD1445,2026-09-17,38,PROMOTE,84.0,0.55,1.0714,0.0038,0.5763,1.6,rule_promote
SKU-KD1445,2026-09-24,39,PROMOTE,126.0,0.55,1.7143,0.0038,0.5763,1.6,rule_promote
SKU-KD1445,2026-10-01,40,MARKDOWN,126.0,0.55,0.0,0.0038,0.5763,1.1,rule_markdown
SKU-KD1445,2026-10-08,41,MARKDOWN,252.0,0.55,0.0,0.0038,0.5763,1.1,rule_markdown
SKU-KD1445,2026-10-15,42,MARKDOWN,999.0,0.55,0.1429,0.0038,0.5763,1.1,rule_markdown
SKU-KD1445,2026-10-22,43,HOLD,999.0,0.55,1.0,0.0038,0.5763,1.1,rule_hold
SKU-KD1445,2026-10-29,44,HOLD,999.0,0.55,1.0,0.0038,0.5763,1.043,rule_hold
SKU-KD1445,2026-11-05,45,HOLD,999.0,0.55,1.0,0.0038,0.5763,1.0,rule_hold
SKU-KD1445,2026-11-12,46,HOLD,999.0,0.55,1.0,0.0038,0.5763,1.0,rule_hold
SKU-KD1445,2026-11-19,47,HOLD,999.0,0.55,1.0,0.0038,0.5763,1.0,rule_hold
SKU-KD1445,2026-11-26,48,HOLD,224.0,0.6,1.0,0.0038,0.5763,1.0,rule_hold
SKU-KD1445,2026-12-03,49,MARKDOWN,224.0,0.6,0.2857,0.0038,0.5763,1.0,rule_markdown
SKU-KD1445,2026-12-10,50,MARKDOWN,224.0,0.6,0.0,0.0038,0.5763,1.0,rule_markdown
SKU-KD1445,2026-12-17,51,MARKDOWN,224.0,0.6,0.0,0.0038,0.5763,1.0,rule_markdown
SKU-KD1445,2026-12-24,52,MARKDOWN,999.0,0.6,0.7143,0.0038,0.5763,1.0,rule_markdown
SKU-HP1782,2026-01-01,1,,,,1.0,0.1214,0.5309,,cold_start
SKU-HP1782,2026-01-08,2,,,,1.0,0.1214,0.5309,,cold_start
SKU-HP1782,2026-01-15,3,,,,1.0,0.1214,0.5309,,cold_start
SKU-HP1782,2026-01-22,4,,,,1.0,0.1214,0.5309,,cold_start
SKU-HP1782,2026-01-29,5,CLEAR,999.0,0.0,1.0,0.1214,0.5309,0.9,rule_clear
SKU-HP1782,2026-02-05,6,CLEAR,999.0,0.0,1.0,0.1214,0.5309,0.9,rule_clear
SKU-HP1782,2026-02-12,7,CLEAR,999.0,0.0,1.0,0.1214,0.5309,0.9,rule_clear
SKU-HP1782,2026-02-19,8,CLEAR,999.0,0.0,1.0,0.1214,0.5309,0.9,rule_clear
SKU-HP1782,2026-02-26,9,CLEAR,999.0,0.0,1.0,0.1214,0.5309,1.014,rule_clear
SKU-HP1782,2026-03-05,10,CLEAR,999.0,0.0,1.0,0.1214,0.5309,1.1,rule_clear
SKU-HP1782,2026-03-12,11,CLEAR,999.0,0.0,1.0,0.1214,0.5309,1.1,rule_clear
SKU-HP1782,2026-03-19,12,CLEAR,999.0,0.0,1.0,0.1214,0.5309,1.1,rule_clear
SKU-HP1782,2026-03-26,13,CLEAR,999.0,0.0,1.0,0.1214,0.5309,1.114,rule_clear
SKU-HP1782,2026-04-02,14,PROMOTE,999.0,0.0,1.0,0.1214,0.5309,1.2,rule_promote
SKU-HP1782,2026-04-09,15,PROMOTE,999.0,0.0,1.0,0.1214,0.5309,1.2,rule_promote
SKU-HP1782,2026-04-16,16,PROMOTE,999.0,0.0,1.0,0.1214,0.5309,1.2,rule_promote
SKU-HP1782,2026-04-23,17,PROMOTE,999.0,0.0,1.0,0.1214,0.5309,1.2,rule_promote
SKU-HP1782,2026-04-30,18,CLEAR,999.0,0.0,1.0,0.1214,0.5309,1.114,rule_clear
SKU-HP1782,2026-05-07,19,CLEAR,999.0,0.0,1.0,0.1214,0.5309,1.1,rule_clear
SKU-HP1782,2026-05-14,20,CLEAR,999.0,0.0,1.0,0.1214,0.5309,1.1,rule_clear
SKU-HP1782,2026-05-21,21,CLEAR,999.0,0.0,1.0,0.1214,0.5309,1.1,rule_clear
SKU-HP1782,2026-05-28,22,CLEAR,999.0,0.0,1.0,0.1214,0.5309,0.971,rule_clear
SKU-HP1782,2026-06-04,23,CLEAR,999.0,0.0,1.0,0.1214,0.5309,0.8,rule_clear
SKU-HP1782,2026-06-11,24,CLEAR,999.0,0.0,1.0,0.1214,0.5309,0.8,rule_clear
SKU-HP1782,2026-06-18,25,CLEAR,999.0,0.0,1.0,0.1214,0.5309,0.8,rule_clear
SKU-HP1782,2026-06-25,26,CLEAR,999.0,0.0,1.0,0.1214,0.5309,0.786,rule_clear
SKU-HP1782,2026-07-02,27,CLEAR,999.0,0.0,1.0,0.1214,0.5309,0.7,rule_clear
SKU-HP1782,2026-07-09,28,CLEAR,999.0,0.0,1.0,0.1214,0.5309,0.7,rule_clear
SKU-HP1782,2026-07-16,29,CLEAR,999.0,0.0,1.0,0.1214,0.5309,0.7,rule_clear
SKU-HP1782,2026-07-23,30,CLEAR,999.0,0.0,1.0,0.1214,0.5309,0.7,rule_clear
SKU-HP1782,2026-07-30,31,CLEAR,999.0,0.0,1.0,0.1214,0.5309,0.771,rule_clear
SKU-HP1782,2026-08-06,32,CLEAR,999.0,0.0,1.0,0.1214,0.5309,0.8,rule_clear
SKU-HP1782,2026-08-13,33,CLEAR,999.0,0.0,1.0,0.1214,0.5309,0.8,rule_clear
SKU-HP1782,2026-08-20,34,CLEAR,999.0,0.0,1.0,0.1214,0.5309,0.8,rule_clear
SKU-HP1782,2026-08-27,35,CLEAR,999.0,0.0,1.0,0.1214,0.5309,1.029,rule_clear
SKU-HP1782,2026-09-03,36,PROMOTE,999.0,0.0,1.0,0.1214,0.5309,1.6,rule_promote
SKU-HP1782,2026-09-10,37,PROMOTE,999.0,0.0,1.0,0.1214,0.5309,1.6,rule_promote
SKU-HP1782,2026-09-17,38,PROMOTE,999.0,0.0,1.0,0.1214,0.5309,1.6,rule_promote
SKU-HP1782,2026-09-24,39,PROMOTE,999.0,0.0,1.0,0.1214,0.5309,1.6,rule_promote
SKU-HP1782,2026-10-01,40,CLEAR,999.0,0.0,1.0,0.1214,0.5309,1.1,rule_clear
SKU-HP1782,2026-10-08,41,CLEAR,999.0,0.0,1.0,0.1214,0.5309,1.1,rule_clear
SKU-HP1782,2026-10-15,42,CLEAR,999.0,0.0,1.0,0.1214,0.5309,1.1,rule_clear
SKU-HP1782,2026-10-22,43,CLEAR,999.0,0.0,1.0,0.1214,0.5309,1.1,rule_clear
SKU-HP1782,2026-10-29,44,CLEAR,999.0,0.0,1.0,0.1214,0.5309,1.043,rule_clear
SKU-HP1782,2026-11-05,45,CLEAR,999.0,0.0,1.0,0.1214,0.5309,1.0,rule_clear
SKU-HP1782,2026-11-12,46,CLEAR,999.0,0.0,1.0,0.1214,0.5309,1.0,rule_clear
SKU-HP1782,2026-11-19,47,CLEAR,999.0,0.0,1.0,0.1214,0.5309,1.0,rule_clear
SKU-HP1782,2026-11-26,48,CLEAR,999.0,0.0,1.0,0.1214,0.5309,1.0,rule_clear
SKU-HP1782,2026-12-03,49,CLEAR,999.0,0.0,1.0,0.1214,0.5309,1.0,rule_clear
SKU-HP1782,2026-12-10,50,CLEAR,999.0,0.0,1.0,0.1214,0.5309,1.0,rule_clear
SKU-HP1782,2026-12-17,51,CLEAR,999.0,0.0,1.0,0.1214,0.5309,1.0,rule_clear
SKU-HP1782,2026-12-24,52,CLEAR,999.0,0.0,1.0,0.1214,0.5309,1.0,rule_clear
SKU-JP0115,2026-01-01,1,,,,1.0,-0.0221,0.5285,,cold_start
SKU-JP0115,2026-01-08,2,,,,1.0,-0.0221,0.5285,,cold_start
SKU-JP0115,2026-01-15,3,,,,1.0,-0.0221,0.5285,,cold_start
SKU-JP0115,2026-01-22,4,,,,1.0,-0.0221,0.5285,,cold_start
SKU-JP0115,2026-01-29,5,HOLD,999.0,0.0,1.0,-0.0221,0.5285,0.9,rule_hold
SKU-JP0115,2026-02-05,6,HOLD,999.0,0.0,1.0,-0.0221,0.5285,0.9,rule_hold
SKU-JP0115,2026-02-12,7,HOLD,999.0,0.0,1.0,-0.0221,0.5285,0.9,rule_hold
SKU-JP0115,2026-02-19,8,HOLD,140.0,0.1667,1.0,-0.0221,0.5285,0.9,rule_hold
SKU-JP0115,2026-02-26,9,MARKDOWN,140.0,0.1667,0.1429,-0.0221,0.5285,1.014,rule_markdown
SKU-JP0115,2026-03-05,10,MARKDOWN,56.0,0.3333,0.4286,-0.0221,0.5285,1.1,rule_markdown
SKU-JP0115,2026-03-12,11,HOLD,56.0,0.3333,2.5714,-0.0221,0.5285,1.1,rule_hold
SKU-JP0115,2026-03-19,12,HOLD,42.0,0.5,2.5714,-0.0221,0.5285,1.1,rule_hold
SKU-JP0115,2026-03-26,13,HOLD,42.0,0.5,0.4286,-0.0221,0.5285,1.114,rule_hold
SKU-JP0115,2026-04-02,14,PROMOTE,28.0,0.6667,1.7143,-0.0221,0.5285,1.2,rule_promote
SKU-JP0115,2026-04-09,15,PROMOTE,70.0,0.4444,0.0,-0.0221,0.5285,1.2,rule_promote
SKU-JP0115,2026-04-16,16,PROMOTE,140.0,0.4444,0.0,-0.0221,0.5285,1.2,rule_promote
SKU-JP0115,2026-04-23,17,PROMOTE,140.0,0.4444,0.0,-0.0221,0.5285,1.2,rule_promote
SKU-JP0115,2026-04-30,18,HOLD,999.0,0.4444,1.0,-0.0221,0.5285,1.114,rule_hold
SKU-JP0115,2026-05-07,19,HOLD,112.0,0.5556,1.0,-0.0221,0.5285,1.1,rule_hold
SKU-JP0115,2026-05-14,20,HOLD,112.0,0.5556,0.1429,-0.0221,0.5285,1.1,rule_hold
SKU-JP0115,2026-05-21,21,HOLD,112.0,0.5556,0.0,-0.0221,0.5285,1.1,rule_hold
SKU-JP0115,2026-05-28,22,HOLD,112.0,0.5556,0.0,-0.0221,0.5285,0.971,rule_hold
SKU-JP0115,2026-06-04,23,HOLD,84.0,0.6667,0.8571,-0.0221,0.5285,0.8,rule_hold
SKU-JP0115,2026-06-11,24,HOLD,84.0,0.6667,0.4286,-0.0221,0.5285,0.8,rule_hold
SKU-JP0115,2026-06-18,25,HOLD,84.0,0.6667,0.0,-0.0221,0.5285,0.8,rule_hold
SKU-JP0115,2026-06-25,26,HOLD,84.0,0.6667,0.0,-0.0221,0.5285,0.786,rule_hold
SKU-JP0115,2026-07-02,27,HOLD,999.0,0.6667,0.5714,-0.0221,0.5285,0.7,rule_hold
SKU-JP0115,2026-07-09,28,HOLD,999.0,0.6667,1.0,-0.0221,0.5285,0.7,rule_hold
SKU-JP0115,2026-07-16,29,HOLD,999.0,0.6667,1.0,-0.0221,0.5285,0.7,rule_hold
SKU-JP0115,2026-07-23,30,HOLD,999.0,0.6667,1.0,-0.0221,0.5285,0.7,rule_hold
SKU-JP0115,2026-07-30,31,HOLD,999.0,0.6667,1.0,-0.0221,0.5285,0.771,rule_hold
SKU-JP0115,2026-08-06,32,HOLD,999.0,0.6667,1.0,-0.0221,0.5285,0.8,rule_hold
SKU-JP0115,2026-08-13,33,HOLD,999.0,0.6667,1.0,-0.0221,0.5285,0.8,rule_hold
SKU-JP0115,2026-08-20,34,HOLD,999.0,0.6667,1.0,-0.0221,0.5285,0.8,rule_hold
SKU-JP0115,2026-08-27,35,HOLD,999.0,0.6667,1.0,-0.0221,0.5285,1.029,rule_hold
SKU-JP0115,2026-09-03,36,PROMOTE,999.0,0.6667,1.0,-0.0221,0.5285,1.6,rule_promote
SKU-JP0115,2026-09-10,37,PROMOTE,999.0,0.6667,1.0,-0.0221,0.5285,1.6,rule_promote
SKU-JP0115,2026-09-17,38,PROMOTE,999.0,0.6667,1.0,-0.0221,0.5285,1.6,rule_promote
SKU-JP0115,2026-09-24,39,PROMOTE,999.0,0.6667,1.0,-0.0221,0.5285,1.6,rule_promote
SKU-JP0115,2026-10-01,40,HOLD,999.0,0.6667,1.0,-0.0221,0.5285,1.1,rule_hold
SKU-JP0115,2026-10-08,41,HOLD,999.0,0.6667,1.0,-0.0221,0.5285,1.1,rule_hold
SKU-JP0115,2026-10-15,42,HOLD,999.0,0.6667,1.0,-0.0221,0.5285,1.1,rule_hold
SKU-JP0115,2026-10-22,43,HOLD,999.0,0.6667,1.0,-0.0221,0.5285,1.1,rule_hold
SKU-JP0115,2026-10-29,44,HOLD,999.0,0.6667,1.0,-0.0221,0.5285,1.043,rule_hold
SKU-JP0115,2026-11-05,45,HOLD,999.0,0.6667,1.0,-0.0221,0.5285,1.0,rule_hold
SKU-JP0115,2026-11-12,46,HOLD,999.0,0.6667,1.0,-0.0221,0.5285,1.0,rule_hold
SKU-JP0115,2026-11-19,47,HOLD,56.0,0.7778,1.0,-0.0221,0.5285,1.0,rule_hold
SKU-JP0115,2026-11-26,48,HOLD,56.0,0.7778,0.4286,-0.0221,0.5285,1.0,rule_hold
SKU-JP0115,2026-12-03,49,HOLD,56.0,0.7778,0.0,-0.0221,0.5285,1.0,rule_hold
SKU-JP0115,2026-12-10,50,HOLD,56.0,0.7778,0.0,-0.0221,0.5285,1.0,rule_hold
SKU-JP0115,2026-12-17,51,HOLD,999.0,0.7778,0.5714,-0.0221,0.5285,1.0,rule_hold
SKU-JP0115,2026-12-24,52,HOLD,999.0,0.7778,1.0,-0.0221,0.5285,1.0,rule_hold
SKU-JL9361,2026-01-01,1,,,,1.0,0.0417,0.5736,,cold_start
SKU-JL9361,2026-01-08,2,,,,1.0,0.0417,0.5736,,cold_start
SKU-JL9361,2026-01-15,3,,,,1.0,0.0417,0.5736,,cold_start
SKU-JL9361,2026-01-22,4,,,,1.0,0.0417,0.5736,,cold_start
SKU-JL9361,2026-01-29,5,HOLD,999.0,0.0,1.0,0.0417,0.5736,0.9,rule_hold
SKU-JL9361,2026-02-05,6,HOLD,999.0,0.0,1.0,0.0417,0.5736,0.9,rule_hold
SKU-JL9361,2026-02-12,7,HOLD,999.0,0.0,1.0,0.0417,0.5736,0.9,rule_hold
SKU-JL9361,2026-02-19,8,HOLD,532.0,0.05,1.0,0.0417,0.5736,0.9,rule_hold
SKU-JL9361,2026-02-26,9,HOLD,252.0,0.1,2.7143,0.0417,0.5736,1.014,rule_hold
SKU-JL9361,2026-03-05,10,MARKDOWN,252.0,0.1,0.0,0.0417,0.5736,1.1,rule_markdown
SKU-JL9361,2026-03-12,11,HOLD,112.0,0.2,1.7143,0.0417,0.5736,1.1,rule_hold
SKU-JL9361,2026-03-19,12,HOLD,149.33,0.2,1.2143,0.0417,0.5736,1.1,rule_hold
SKU-JL9361,2026-03-26,13,MARKDOWN,224.0,0.2,0.0,0.0417,0.5736,1.114,rule_markdown
SKU-JL9361,2026-04-02,14,MARKDOWN,224.0,0.2,0.0,0.0417,0.5736,1.2,rule_markdown
SKU-JL9361,2026-04-09,15,MARKDOWN,420.0,0.25,0.5714,0.0417,0.5736,1.2,rule_markdown
SKU-JL9361,2026-04-16,16,PROMOTE,196.0,0.3,1.5714,0.0417,0.5736,1.2,rule_promote
SKU-JL9361,2026-04-23,17,PROMOTE,121.33,0.35,0.8571,0.0417,0.5736,1.2,rule_promote
SKU-JL9361,2026-04-30,18,HOLD,121.33,0.35,1.0714,0.0417,0.5736,1.114,rule_hold
SKU-JL9361,2026-05-07,19,MARKDOWN,182.0,0.35,0.0,0.0417,0.5736,1.1,rule_markdown
SKU-JL9361,2026-05-14,20,MARKDOWN,364.0,0.35,0.0,0.0417,0.5736,1.1,rule_markdown
SKU-JL9361,2026-05-21,21,HOLD,336.0,0.4,1.5714,0.0417,0.5736,1.1,rule_hold
SKU-JL9361,2026-05-28,22,MARKDOWN,336.0,0.4,0.2857,0.0417,0.5736,0.971,rule_markdown
SKU-JL9361,2026-06-04,23,MARKDOWN,336.0,0.4,0.0,0.0417,0.5736,0.8,rule_markdown
SKU-JL9361,2026-06-11,24,MARKDOWN,336.0,0.4,0.0,0.0417,0.5736,0.8,rule_markdown
SKU-JL9361,2026-06-18,25,HOLD,308.0,0.45,1.5714,0.0417,0.5736,0.8,rule_hold
SKU-JL9361,2026-06-25,26,MARKDOWN,308.0,0.45,0.0,0.0417,0.5736,0.786,rule_markdown
SKU-JL9361,2026-07-02,27,MARKDOWN,308.0,0.45,0.0,0.0417,0.5736,0.7,rule_markdown
SKU-JL9361,2026-07-09,28,MARKDOWN,308.0,0.45,0.0,0.0417,0.5736,0.7,rule_markdown
SKU-JL9361,2026-07-16,29,HOLD,280.0,0.5,1.0,0.0417,0.5736,0.7,rule_hold
SKU-JL9361,2026-07-23,30,HOLD,280.0,0.5,0.8571,0.0417,0.5736,0.7,rule_hold
SKU-JL9361,2026-07-30,31,MARKDOWN,280.0,0.5,0.0,0.0417,0.5736,0.771,rule_markdown
SKU-JL9361,2026-08-06,32,MARKDOWN,280.0,0.5,0.0,0.0417,0.5736,0.8,rule_markdown
SKU-JL9361,2026-08-13,33,MARKDOWN,999.0,0.5,0.1429,0.0417,0.5736,0.8,rule_markdown
SKU-JL9361,2026-08-20,34,HOLD,999.0,0.5,1.0,0.0417,0.5736,0.8,rule_hold
SKU-JL9361,2026-08-27,35,HOLD,999.0,0.5,1.0,0.0417,0.5736,1.029,rule_hold
SKU-JL9361,2026-09-03,36,PROMOTE,252.0,0.55,1.0,0.0417,0.5736,1.6,rule_promote
SKU-JL9361,2026-09-10,37,PROMOTE,252.0,0.55,0.8571,0.0417,0.5736,1.6,rule_promote
SKU-JL9361,2026-09-17,38,MARKDOWN,252.0,0.55,0.0,0.0417,0.5736,1.6,rule_markdown
SKU-JL9361,2026-09-24,39,MARKDOWN,252.0,0.55,0.0,0.0417,0.5736,1.6,rule_markdown
SKU-JL9361,2026-10-01,40,MARKDOWN,999.0,0.55,0.1429,0.0417,0.5736,1.1,rule_markdown
SKU-JL9361,2026-10-08,41,HOLD,98.0,0.65,1.0,0.0417,0.5736,1.1,rule_hold
SKU-JL9361,2026-10-15,42,HOLD,98.0,0.65,1.1429,0.0417,0.5736,1.1,rule_hold
SKU-JL9361,2026-10-22,43,HOLD,56.0,0.7,1.0714,0.0417,0.5736,1.1,rule_hold
SKU-JL9361,2026-10-29,44,MARKDOWN,56.0,0.7,0.4286,0.0417,0.5736,1.043,rule_markdown
SKU-JL9361,2026-11-05,45,MARKDOWN,168.0,0.7,0.0,0.0417,0.5736,1.0,rule_markdown
SKU-JL9361,2026-11-12,46,MARKDOWN,168.0,0.7,0.0,0.0417,0.5736,1.0,rule_markdown
SKU-JL9361,2026-11-19,47,MARKDOWN,999.0,0.7,0.7143,0.0417,0.5736,1.0,rule_markdown
SKU-JL9361,2026-11-26,48,HOLD,140.0,0.75,1.0,0.0417,0.5736,1.0,rule_hold
SKU-JL9361,2026-12-03,49,MARKDOWN,140.0,0.75,0.1429,0.0417,0.5736,1.0,rule_markdown
SKU-JL9361,2026-12-10,50,HOLD,56.0,0.8,2.5714,0.0417,0.5736,1.0,rule_hold
SKU-JL9361,2026-12-17,51,MARKDOWN,56.0,0.8,0.4286,0.0417,0.5736,1.0,rule_markdown
SKU-JL9361,2026-12-24,52,MARKDOWN,112.0,0.8,0.0,0.0417,0.5736,1.0,rule_markdown
SKU-HQ8708,2026-01-01,1,,,,1.0,0.0,0.466,,cold_start
SKU-HQ8708,2026-01-08,2,,,,1.0,0.0,0.466,,cold_start
SKU-HQ8708,2026-01-15,3,,,,1.0,0.0,0.466,,cold_start
SKU-HQ8708,2026-01-22,4,,,,1.0,0.0,0.466,,cold_start
SKU-HQ8708,2026-01-29,5,HOLD,417.67,0.0867,1.0106,0.0,0.466,0.857,rule_hold
SKU-HQ8708,2026-02-05,6,MARKDOWN,453.09,0.0918,0.581,0.0,0.466,0.9,rule_markdown
SKU-HQ8708,2026-02-12,7,MARKDOWN,492.8,0.102,0.5476,0.0,0.466,0.9,rule_markdown
SKU-HQ8708,2026-02-19,8,HOLD,399.0,0.1276,1.7143,0.0,0.466,0.9,rule_hold
SKU-HQ8708,2026-02-26,9,HOLD,330.0,0.1582,2.3801,0.0,0.466,0.957,rule_hold
SKU-HQ8708,2026-03-05,10,HOLD,221.2,0.1939,1.4356,0.0,0.466,1.0,rule_hold
SKU-HQ8708,2026-03-12,11,HOLD,218.4,0.2041,0.8639,0.0,0.466,1.0,rule_hold
SKU-HQ8708,2026-03-19,12,MARKDOWN,238.0,0.2194,0.3895,0.0,0.466,1.0,rule_markdown
SKU-HQ8708,2026-03-26,13,HOLD,215.16,0.2551,1.7785,0.0,0.466,1.057,rule_hold
SKU-HQ8708,2026-04-02,14,PROMOTE,204.84,0.2908,1.4513,0.0,0.466,1.4,rule_promote
SKU-HQ8708,2026-04-09,15,PROMOTE,161.91,0.3214,1.1071,0.0,0.466,1.4,rule_promote
SKU-HQ8708,2026-04-16,16,PROMOTE,150.5,0.3418,1.0649,0.0,0.466,1.4,rule_promote
SKU-HQ8708,2026-04-23,17,MARKDOWN,135.52,0.3827,0.716,0.0,0.466,1.4,rule_markdown
SKU-HQ8708,2026-04-30,18,PROMOTE,141.22,0.4082,1.2111,0.0,0.466,1.486,rule_promote
SKU-HQ8708,2026-05-07,19,PROMOTE,109.93,0.4592,1.6157,0.0,0.466,1.5,rule_promote
SKU-HQ8708,2026-05-14,20,PROMOTE,84.88,0.5051,1.2308,0.0,0.466,1.5,rule_promote
SKU-HQ8708,2026-05-21,21,MARKDOWN,102.31,0.5153,0.6699,0.0,0.466,1.5,rule_markdown
SKU-HQ8708,2026-05-28,22,MARKDOWN,96.92,0.5408,0.3498,0.0,0.466,1.457,rule_markdown
SKU-HQ8708,2026-06-04,23,PROMOTE,106.91,0.5714,1.5754,0.0,0.466,1.4,rule_promote
SKU-HQ8708,2026-06-11,24,MARKDOWN,122.89,0.5969,0.7523,0.0,0.466,1.4,rule_markdown
SKU-HQ8708,2026-06-18,25,PROMOTE,98.67,0.6224,1.5119,0.0,0.466,1.4,rule_promote
SKU-HQ8708,2026-06-25,26,MARKDOWN,98.0,0.6429,0.5159,0.0,0.466,1.386,rule_markdown
SKU-HQ8708,2026-07-02,27,MARKDOWN,119.0,0.6531,0.5156,0.0,0.466,1.3,rule_markdown
SKU-HQ8708,2026-07-09,28,MARKDOWN,142.15,0.6633,0.3378,0.0,0.466,1.3,rule_markdown
SKU-HQ8708,2026-07-16,29,PROMOTE,179.2,0.6735,0.948,0.0,0.466,1.3,rule_promote
SKU-HQ8708,2026-07-23,30,PROMOTE,150.18,0.699,2.5791,0.0,0.466,1.3,rule_promote
SKU-HQ8708,2026-07-30,31,PROMOTE,130.67,0.7143,1.4694,0.0,0.466,1.157,rule_promote
SKU-HQ8708,2026-08-06,32,HOLD,114.15,0.7296,0.8961,0.0,0.466,1.1,rule_hold
SKU-HQ8708,2026-08-13,33,MARKDOWN,100.0,0.7449,0.6654,0.0,0.466,1.1,rule_markdown
SKU-HQ8708,2026-08-20,34,HOLD,82.13,0.7755,1.5809,0.0,0.466,1.1,rule_hold
SKU-HQ8708,2026-08-27,35,HOLD,92.62,0.7806,0.8853,0.0,0.466,1.071,rule_hold
SKU-HQ8708,2026-09-03,36,MARKDOWN,106.91,0.7857,0.3797,0.0,0.466,1.0,rule_markdown
SKU-HQ8708,2026-09-10,37,HOLD,79.69,0.8112,1.0529,0.0,0.466,1.0,rule_hold
SKU-HQ8708,2026-09-17,38,HOLD,84.0,0.8316,2.1344,0.0,0.466,1.0,rule_hold
SKU-HQ8708,2026-09-24,39,HOLD,72.33,0.8418,0.883,0.0,0.466,1.0,rule_hold
SKU-HQ8708,2026-10-01,40,MARKDOWN,62.46,0.852,0.7481,0.0,0.466,1.0,rule_markdown
SKU-HQ8708,2026-10-08,41,MARKDOWN,58.33,0.8724,0.7273,0.0,0.466,1.0,rule_markdown
SKU-HQ8708,2026-10-15,42,HOLD,56.0,0.8878,1.5179,0.0,0.466,1.0,rule_hold
SKU-HQ8708,2026-10-22,43,HOLD,50.91,0.898,0.9583,0.0,0.466,1.0,rule_hold
SKU-HQ8708,2026-10-29,44,MARKDOWN,53.2,0.9031,0.3452,0.0,0.466,1.057,rule_markdown
SKU-HQ8708,2026-11-05,45,HOLD,30.33,0.9337,2.0391,0.0,0.466,1.1,rule_hold
SKU-HQ8708,2026-11-12,46,HOLD,23.33,0.949,1.4905,0.0,0.466,1.1,rule_hold
SKU-HQ8708,2026-11-19,47,HOLD,4.94,0.9847,1.3416,0.0,0.466,1.1,rule_hold
SKU-HQ8708,2026-11-26,48,HOLD,0.0,1.0,1.5184,0.0,0.466,1.157,rule_hold
SKU-HQ8708,2026-12-03,49,HOLD,0.0,1.0,0.0,0.0,0.466,1.3,rule_hold
SKU-HQ8708,2026-12-10,50,HOLD,0.0,1.0,0.0,0.0,0.466,1.3,rule_hold
SKU-HQ8708,2026-12-17,51,HOLD,0.0,1.0,0.0,0.0,0.466,1.3,rule_hold
SKU-HQ8708,2026-12-24,52,HOLD,0.0,1.0,1.0,0.0,0.466,1.3,rule_hold
SKU-JQ5874,2026-01-01,1,,,,1.0,0.0784,0.474,,cold_start
SKU-JQ5874,2026-01-08,2,,,,1.0,0.0784,0.474,,cold_start
SKU-JQ5874,2026-01-15,3,,,,1.0,0.0784,0.474,,cold_start
SKU-JQ5874,2026-01-22,4,,,,1.0,0.0784,0.474,,cold_start
SKU-JQ5874,2026-01-29,5,MARKDOWN,420.0,0.0625,0.0,0.0784,0.474,0.857,rule_markdown
SKU-JQ5874,2026-02-05,6,MARKDOWN,999.0,0.0625,0.1429,0.0784,0.474,0.9,rule_markdown
SKU-JQ5874,2026-02-12,7,HOLD,999.0,0.0625,1.0,0.0784,0.474,0.9,rule_hold
SKU-JQ5874,2026-02-19,8,HOLD,999.0,0.0625,1.0,0.0784,0.474,0.9,rule_hold
SKU-JQ5874,2026-02-26,9,HOLD,999.0,0.0625,1.0,0.0784,0.474,0.957,rule_hold
SKU-JQ5874,2026-03-05,10,HOLD,999.0,0.0625,1.0,0.0784,0.474,1.0,rule_hold
SKU-JQ5874,2026-03-12,11,HOLD,999.0,0.0625,1.0,0.0784,0.474,1.0,rule_hold
SKU-JQ5874,2026-03-19,12,HOLD,999.0,0.0625,1.0,0.0784,0.474,1.0,rule_hold
SKU-JQ5874,2026-03-26,13,HOLD,392.0,0.125,1.0,0.0784,0.474,1.057,rule_hold
SKU-JQ5874,2026-04-02,14,MARKDOWN,392.0,0.125,0.4286,0.0784,0.474,1.4,rule_markdown
SKU-JQ5874,2026-04-09,15,PROMOTE,182.0,0.1875,1.2857,0.0784,0.474,1.4,rule_promote
SKU-JQ5874,2026-04-16,16,PROMOTE,182.0,0.1875,1.7143,0.0784,0.474,1.4,rule_promote
SKU-JQ5874,2026-04-23,17,PROMOTE,168.0,0.25,2.1429,0.0784,0.474,1.4,rule_promote
SKU-JQ5874,2026-04-30,18,MARKDOWN,168.0,0.25,0.4286,0.0784,0.474,1.486,rule_markdown
SKU-JQ5874,2026-05-07,19,MARKDOWN,336.0,0.25,0.0,0.0784,0.474,1.5,rule_markdown
SKU-JQ5874,2026-05-14,20,MARKDOWN,336.0,0.25,0.0,0.0784,0.474,1.5,rule_markdown
SKU-JQ5874,2026-05-21,21,PROMOTE,999.0,0.25,0.8571,0.0784,0.474,1.5,rule_promote
SKU-JQ5874,2026-05-28,22,PROMOTE,999.0,0.25,1.0,0.0784,0.474,1.457,rule_promote
SKU-JQ5874,2026-06-04,23,PROMOTE,999.0,0.25,1.0,0.0784,0.474,1.4,rule_promote
SKU-JQ5874,2026-06-11,24,PROMOTE,308.0,0.3125,1.0,0.0784,0.474,1.4,rule_promote
SKU-JQ5874,2026-06-18,25,MARKDOWN,308.0,0.3125,0.4286,0.0784,0.474,1.4,rule_markdown
SKU-JQ5874,2026-06-25,26,MARKDOWN,308.0,0.3125,0.0,0.0784,0.474,1.386,rule_markdown
SKU-JQ5874,2026-07-02,27,PROMOTE,84.0,0.4375,2.5714,0.0784,0.474,1.3,rule_promote
SKU-JQ5874,2026-07-09,28,PROMOTE,126.0,0.4375,3.2143,0.0784,0.474,1.3,rule_promote
SKU-JQ5874,2026-07-16,29,PROMOTE,49.0,0.5625,1.2857,0.0784,0.474,1.3,rule_promote
SKU-JQ5874,2026-07-23,30,PROMOTE,49.0,0.5625,1.7143,0.0784,0.474,1.3,rule_promote
SKU-JQ5874,2026-07-30,31,MARKDOWN,98.0,0.5625,0.0,0.0784,0.474,1.157,rule_markdown
SKU-JQ5874,2026-08-06,32,MARKDOWN,56.0,0.625,0.6429,0.0784,0.474,1.1,rule_markdown
SKU-JQ5874,2026-08-13,33,HOLD,168.0,0.625,0.8571,0.0784,0.474,1.1,rule_hold
SKU-JQ5874,2026-08-20,34,MARKDOWN,168.0,0.625,0.0,0.0784,0.474,1.1,rule_markdown
SKU-JQ5874,2026-08-27,35,HOLD,70.0,0.6875,2.1429,0.0784,0.474,1.071,rule_hold
SKU-JQ5874,2026-09-03,36,HOLD,140.0,0.6875,0.8571,0.0784,0.474,1.0,rule_hold
SKU-JQ5874,2026-09-10,37,MARKDOWN,140.0,0.6875,0.0,0.0784,0.474,1.0,rule_markdown
SKU-JQ5874,2026-09-17,38,MARKDOWN,140.0,0.6875,0.0,0.0784,0.474,1.0,rule_markdown
SKU-JQ5874,2026-09-24,39,MARKDOWN,999.0,0.6875,0.7143,0.0784,0.474,1.0,rule_markdown
SKU-JQ5874,2026-10-01,40,HOLD,999.0,0.6875,1.0,0.0784,0.474,1.0,rule_hold
SKU-JQ5874,2026-10-08,41,HOLD,112.0,0.75,1.0,0.0784,0.474,1.0,rule_hold
SKU-JQ5874,2026-10-15,42,MARKDOWN,112.0,0.75,0.0,0.0784,0.474,1.0,rule_markdown
SKU-JQ5874,2026-10-22,43,MARKDOWN,112.0,0.75,0.0,0.0784,0.474,1.0,rule_markdown
SKU-JQ5874,2026-10-29,44,MARKDOWN,42.0,0.8125,0.4286,0.0784,0.474,1.057,rule_markdown
SKU-JQ5874,2026-11-05,45,HOLD,84.0,0.8125,0.8571,0.0784,0.474,1.1,rule_hold
SKU-JQ5874,2026-11-12,46,MARKDOWN,84.0,0.8125,0.0,0.0784,0.474,1.1,rule_markdown
SKU-JQ5874,2026-11-19,47,MARKDOWN,84.0,0.8125,0.0,0.0784,0.474,1.1,rule_markdown
SKU-JQ5874,2026-11-26,48,PROMOTE,56.0,0.875,1.4286,0.0784,0.474,1.157,rule_promote
SKU-JQ5874,2026-12-03,49,MARKDOWN,56.0,0.875,0.4286,0.0784,0.474,1.3,rule_markdown
SKU-JQ5874,2026-12-10,50,MARKDOWN,56.0,0.875,0.0,0.0784,0.474,1.3,rule_markdown
SKU-JQ5874,2026-12-17,51,MARKDOWN,56.0,0.875,0.0,0.0784,0.474,1.3,rule_markdown
SKU-JQ5874,2026-12-24,52,MARKDOWN,999.0,0.875,0.5714,0.0784,0.474,1.3,rule_markdown
SKU-JQ9011,2026-01-01,1,,,,1.0,0.0026,0.4416,,cold_start
SKU-JQ9011,2026-01-08,2,,,,1.0,0.0026,0.4416,,cold_start
SKU-JQ9011,2026-01-15,3,,,,1.0,0.0026,0.4416,,cold_start
SKU-JQ9011,2026-01-22,4,,,,1.0,0.0026,0.4416,,cold_start
SKU-JQ9011,2026-01-29,5,MARKDOWN,173.6,0.1389,0.2143,0.0026,0.4416,0.857,rule_markdown
SKU-JQ9011,2026-02-05,6,HOLD,289.33,0.1389,0.8929,0.0026,0.4416,0.9,rule_hold
SKU-JQ9011,2026-02-12,7,MARKDOWN,868.0,0.1389,0.0,0.0026,0.4416,0.9,rule_markdown
SKU-JQ9011,2026-02-19,8,MARKDOWN,868.0,0.1389,0.0,0.0026,0.4416,0.9,rule_markdown
SKU-JQ9011,2026-02-26,9,MARKDOWN,999.0,0.1389,0.2857,0.0026,0.4416,0.957,rule_markdown
SKU-JQ9011,2026-03-05,10,HOLD,840.0,0.1667,1.0,0.0026,0.4416,1.0,rule_hold
SKU-JQ9011,2026-03-12,11,MARKDOWN,840.0,0.1667,0.4286,0.0026,0.4416,1.0,rule_markdown
SKU-JQ9011,2026-03-19,12,HOLD,406.0,0.1944,1.2857,0.0026,0.4416,1.0,rule_hold
SKU-JQ9011,2026-03-26,13,HOLD,406.0,0.1944,1.7143,0.0026,0.4416,1.057,rule_hold
SKU-JQ9011,2026-04-02,14,MARKDOWN,392.0,0.2222,0.4286,0.0026,0.4416,1.4,rule_markdown
SKU-JQ9011,2026-04-09,15,PROMOTE,392.0,0.2222,2.5714,0.0026,0.4416,1.4,rule_promote
SKU-JQ9011,2026-04-16,16,MARKDOWN,784.0,0.2222,0.0,0.0026,0.4416,1.4,rule_markdown
SKU-JQ9011,2026-04-23,17,PROMOTE,242.67,0.2778,3.0,0.0026,0.4416,1.4,rule_promote
SKU-JQ9011,2026-04-30,18,PROMOTE,364.0,0.2778,2.7857,0.0026,0.4416,1.486,rule_promote
SKU-JQ9011,2026-05-07,19,MARKDOWN,364.0,0.2778,0.0,0.0026,0.4416,1.5,rule_markdown
SKU-JQ9011,2026-05-14,20,MARKDOWN,364.0,0.2778,0.0,0.0026,0.4416,1.5,rule_markdown
SKU-JQ9011,2026-05-21,21,MARKDOWN,999.0,0.2778,0.4286,0.0026,0.4416,1.5,rule_markdown
SKU-JQ9011,2026-05-28,22,PROMOTE,999.0,0.2778,1.0,0.0026,0.4416,1.457,rule_promote
SKU-JQ9011,2026-06-04,23,PROMOTE,999.0,0.2778,1.0,0.0026,0.4416,1.4,rule_promote
SKU-JQ9011,2026-06-11,24,PROMOTE,336.0,0.3333,1.0,0.0026,0.4416,1.4,rule_promote
SKU-JQ9011,2026-06-18,25,PROMOTE,336.0,0.3333,1.5714,0.0026,0.4416,1.4,rule_promote
SKU-JQ9011,2026-06-25,26,PROMOTE,214.67,0.3611,1.0714,0.0026,0.4416,1.386,rule_promote
SKU-JQ9011,2026-07-02,27,MARKDOWN,154.0,0.3889,0.5714,0.0026,0.4416,1.3,rule_markdown
SKU-JQ9011,2026-07-09,28,PROMOTE,308.0,0.3889,1.3571,0.0026,0.4416,1.3,rule_promote
SKU-JQ9011,2026-07-16,29,MARKDOWN,196.0,0.4167,0.4286,0.0026,0.4416,1.3,rule_markdown
SKU-JQ9011,2026-07-23,30,PROMOTE,294.0,0.4167,1.7143,0.0026,0.4416,1.3,rule_promote
SKU-JQ9011,2026-07-30,31,PROMOTE,280.0,0.4444,0.8571,0.0026,0.4416,1.157,rule_promote
SKU-JQ9011,2026-08-06,32,HOLD,177.33,0.4722,2.3571,0.0026,0.4416,1.1,rule_hold
SKU-JQ9011,2026-08-13,33,HOLD,266.0,0.4722,0.8571,0.0026,0.4416,1.1,rule_hold
SKU-JQ9011,2026-08-20,34,MARKDOWN,266.0,0.4722,0.0,0.0026,0.4416,1.1,rule_markdown
SKU-JQ9011,2026-08-27,35,HOLD,252.0,0.5,1.9286,0.0026,0.4416,1.071,rule_hold
SKU-JQ9011,2026-09-03,36,HOLD,238.0,0.5278,2.7857,0.0026,0.4416,1.0,rule_hold
SKU-JQ9011,2026-09-10,37,MARKDOWN,238.0,0.5278,0.0,0.0026,0.4416,1.0,rule_markdown
SKU-JQ9011,2026-09-17,38,MARKDOWN,238.0,0.5278,0.0,0.0026,0.4416,1.0,rule_markdown
SKU-JQ9011,2026-09-24,39,HOLD,224.0,0.5556,2.1429,0.0026,0.4416,1.0,rule_hold
SKU-JQ9011,2026-10-01,40,HOLD,210.0,0.5833,2.4286,0.0026,0.4416,1.0,rule_hold
SKU-JQ9011,2026-10-08,41,MARKDOWN,210.0,0.5833,0.0,0.0026,0.4416,1.0,rule_markdown
SKU-JQ9011,2026-10-15,42,MARKDOWN,210.0,0.5833,0.0,0.0026,0.4416,1.0,rule_markdown
SKU-JQ9011,2026-10-22,43,MARKDOWN,420.0,0.5833,0.0,0.0026,0.4416,1.0,rule_markdown
SKU-JQ9011,2026-10-29,44,HOLD,999.0,0.5833,1.0,0.0026,0.4416,1.057,rule_hold
SKU-JQ9011,2026-11-05,45,HOLD,392.0,0.6111,1.0,0.0026,0.4416,1.1,rule_hold
SKU-JQ9011,2026-11-12,46,MARKDOWN,392.0,0.6111,0.4286,0.0026,0.4416,1.1,rule_markdown
SKU-JQ9011,2026-11-19,47,MARKDOWN,392.0,0.6111,0.0,0.0026,0.4416,1.1,rule_markdown
SKU-JQ9011,2026-11-26,48,MARKDOWN,392.0,0.6111,0.0,0.0026,0.4416,1.157,rule_markdown
SKU-JQ9011,2026-12-03,49,MARKDOWN,999.0,0.6111,0.5714,0.0026,0.4416,1.3,rule_markdown
SKU-JQ9011,2026-12-10,50,PROMOTE,364.0,0.6389,1.0,0.0026,0.4416,1.3,rule_promote
SKU-JQ9011,2026-12-17,51,MARKDOWN,364.0,0.6389,0.4286,0.0026,0.4416,1.3,rule_markdown
SKU-JQ9011,2026-12-24,52,MARKDOWN,364.0,0.6389,0.0,0.0026,0.4416,1.3,rule_markdown
SKU-JR5758,2026-01-01,1,,,,1.0,0.0,0.4419,,cold_start
SKU-JR5758,2026-01-08,2,,,,1.0,0.0,0.4419,,cold_start
SKU-JR5758,2026-01-15,3,,,,1.0,0.0,0.4419,,cold_start
SKU-JR5758,2026-01-22,4,,,,1.0,0.0,0.4419,,cold_start
SKU-JR5758,2026-01-29,5,HOLD,999.0,0.0,1.0,0.0,0.4419,0.857,rule_hold
SKU-JR5758,2026-02-05,6,HOLD,999.0,0.0,1.0,0.0,0.4419,0.9,rule_hold
SKU-JR5758,2026-02-12,7,HOLD,999.0,0.0,1.0,0.0,0.4419,0.9,rule_hold
SKU-JR5758,2026-02-19,8,HOLD,999.0,0.0,1.0,0.0,0.4419,0.9,rule_hold
SKU-JR5758,2026-02-26,9,HOLD,999.0,0.0,1.0,0.0,0.4419,0.957,rule_hold
SKU-JR5758,2026-03-05,10,HOLD,999.0,0.0,1.0,0.0,0.4419,1.0,rule_hold
SKU-JR5758,2026-03-12,11,HOLD,999.0,0.0,1.0,0.0,0.4419,1.0,rule_hold
SKU-JR5758,2026-03-19,12,HOLD,999.0,0.0,1.0,0.0,0.4419,1.0,rule_hold
SKU-JR5758,2026-03-26,13,HOLD,999.0,0.0,1.0,0.0,0.4419,1.057,rule_hold
SKU-JR5758,2026-04-02,14,PROMOTE,252.0,0.1,1.0,0.0,0.4419,1.4,rule_promote
SKU-JR5758,2026-04-09,15,MARKDOWN,252.0,0.1,0.5714,0.0,0.4419,1.4,rule_markdown
SKU-JR5758,2026-04-16,16,MARKDOWN,252.0,0.1,0.0,0.0,0.4419,1.4,rule_markdown
SKU-JR5758,2026-04-23,17,MARKDOWN,252.0,0.1,0.0,0.0,0.4419,1.4,rule_markdown
SKU-JR5758,2026-04-30,18,MARKDOWN,999.0,0.1,0.4286,0.0,0.4419,1.486,rule_markdown
SKU-JR5758,2026-05-07,19,PROMOTE,999.0,0.1,1.0,0.0,0.4419,1.5,rule_promote
SKU-JR5758,2026-05-14,20,PROMOTE,999.0,0.1,1.0,0.0,0.4419,1.5,rule_promote
SKU-JR5758,2026-05-21,21,PROMOTE,999.0,0.1,1.0,0.0,0.4419,1.5,rule_promote
SKU-JR5758,2026-05-28,22,PROMOTE,224.0,0.2,1.0,0.0,0.4419,1.457,rule_promote
SKU-JR5758,2026-06-04,23,MARKDOWN,224.0,0.2,0.7143,0.0,0.4419,1.4,rule_markdown
SKU-JR5758,2026-06-11,24,MARKDOWN,224.0,0.2,0.0,0.0,0.4419,1.4,rule_markdown
SKU-JR5758,2026-06-18,25,MARKDOWN,224.0,0.2,0.0,0.0,0.4419,1.4,rule_markdown
SKU-JR5758,2026-06-25,26,PROMOTE,196.0,0.3,1.1429,0.0,0.4419,1.386,rule_promote
SKU-JR5758,2026-07-02,27,PROMOTE,84.0,0.4,0.8571,0.0,0.4419,1.3,rule_promote
SKU-JR5758,2026-07-09,28,PROMOTE,84.0,0.4,2.5714,0.0,0.4419,1.3,rule_promote
SKU-JR5758,2026-07-16,29,MARKDOWN,84.0,0.4,0.0,0.0,0.4419,1.3,rule_markdown
SKU-JR5758,2026-07-23,30,MARKDOWN,168.0,0.4,0.0,0.0,0.4419,1.3,rule_markdown
SKU-JR5758,2026-07-30,31,MARKDOWN,999.0,0.4,0.1429,0.0,0.4419,1.157,rule_markdown
SKU-JR5758,2026-08-06,32,HOLD,999.0,0.4,1.0,0.0,0.4419,1.1,rule_hold
SKU-JR5758,2026-08-13,33,HOLD,999.0,0.4,1.0,0.0,0.4419,1.1,rule_hold
SKU-JR5758,2026-08-20,34,HOLD,999.0,0.4,1.0,0.0,0.4419,1.1,rule_hold
SKU-JR5758,2026-08-27,35,HOLD,999.0,0.4,1.0,0.0,0.4419,1.071,rule_hold
SKU-JR5758,2026-09-03,36,HOLD,999.0,0.4,1.0,0.0,0.4419,1.0,rule_hold
SKU-JR5758,2026-09-10,37,HOLD,140.0,0.5,1.0,0.0,0.4419,1.0,rule_hold
SKU-JR5758,2026-09-17,38,MARKDOWN,140.0,0.5,0.4286,0.0,0.4419,1.0,rule_markdown
SKU-JR5758,2026-09-24,39,HOLD,56.0,0.6,1.7143,0.0,0.4419,1.0,rule_hold
SKU-JR5758,2026-10-01,40,HOLD,56.0,0.6,1.2857,0.0,0.4419,1.0,rule_hold
SKU-JR5758,2026-10-08,41,MARKDOWN,112.0,0.6,0.0,0.0,0.4419,1.0,rule_markdown
SKU-JR5758,2026-10-15,42,MARKDOWN,112.0,0.6,0.0,0.0,0.4419,1.0,rule_markdown
SKU-JR5758,2026-10-22,43,MARKDOWN,999.0,0.6,0.5714,0.0,0.4419,1.0,rule_markdown
SKU-JR5758,2026-10-29,44,HOLD,999.0,0.6,1.0,0.0,0.4419,1.057,rule_hold
SKU-JR5758,2026-11-05,45,HOLD,999.0,0.6,1.0,0.0,0.4419,1.1,rule_hold
SKU-JR5758,2026-11-12,46,HOLD,999.0,0.6,1.0,0.0,0.4419,1.1,rule_hold
SKU-JR5758,2026-11-19,47,HOLD,84.0,0.7,1.0,0.0,0.4419,1.1,rule_hold
SKU-JR5758,2026-11-26,48,MARKDOWN,84.0,0.7,0.7143,0.0,0.4419,1.157,rule_markdown
SKU-JR5758,2026-12-03,49,MARKDOWN,84.0,0.7,0.0,0.0,0.4419,1.3,rule_markdown
SKU-JR5758,2026-12-10,50,MARKDOWN,84.0,0.7,0.0,0.0,0.4419,1.3,rule_markdown
SKU-JR5758,2026-12-17,51,MARKDOWN,999.0,0.7,0.2857,0.0,0.4419,1.3,rule_markdown
SKU-JR5758,2026-12-24,52,PROMOTE,999.0,0.7,1.0,0.0,0.4419,1.3,rule_promote
SKU-JR8774,2026-01-01,1,,,,1.0,0.1973,0.4581,,cold_start
SKU-JR8774,2026-01-08,2,,,,1.0,0.1973,0.4581,,cold_start
SKU-JR8774,2026-01-15,3,,,,1.0,0.1973,0.4581,,cold_start
SKU-JR8774,2026-01-22,4,,,,1.0,0.1973,0.4581,,cold_start
SKU-JR8774,2026-01-29,5,HOLD,472.89,0.0788,0.8597,0.1973,0.4581,0.857,rule_hold
SKU-JR8774,2026-02-05,6,HOLD,604.0,0.0848,1.4082,0.1973,0.4581,0.9,rule_hold
SKU-JR8774,2026-02-12,7,HOLD,411.6,0.1091,1.0714,0.1973,0.4581,0.9,rule_hold
SKU-JR8774,2026-02-19,8,HOLD,331.33,0.1394,2.0408,0.1973,0.4581,0.9,rule_hold
SKU-JR8774,2026-02-26,9,HOLD,276.0,0.1636,2.1536,0.1973,0.4581,0.957,rule_hold
SKU-JR8774,2026-03-05,10,MARKDOWN,274.0,0.1697,0.4371,0.1973,0.4581,1.0,rule_markdown
SKU-JR8774,2026-03-12,11,MARKDOWN,315.0,0.1818,0.2296,0.1973,0.4581,1.0,rule_markdown
SKU-JR8774,2026-03-19,12,HOLD,256.0,0.2242,1.7245,0.1973,0.4581,1.0,rule_hold
SKU-JR8774,2026-03-26,13,HOLD,248.0,0.2485,2.2199,0.1973,0.4581,1.057,rule_hold
SKU-JR8774,2026-04-02,14,PROMOTE,197.65,0.2727,1.1104,0.1973,0.4581,1.4,rule_promote
SKU-JR8774,2026-04-09,15,PROMOTE,170.95,0.297,1.0366,0.1973,0.4581,1.4,rule_promote
SKU-JR8774,2026-04-16,16,MARKDOWN,228.0,0.3091,0.6837,0.1973,0.4581,1.4,rule_markdown
SKU-JR8774,2026-04-23,17,MARKDOWN,261.33,0.3212,0.4428,0.1973,0.4581,1.4,rule_markdown
SKU-JR8774,2026-04-30,18,MARKDOWN,308.0,0.3333,0.738,0.1973,0.4581,1.486,rule_markdown
SKU-JR8774,2026-05-07,19,PROMOTE,267.27,0.3636,1.6607,0.1973,0.4581,1.5,rule_promote
SKU-JR8774,2026-05-14,20,PROMOTE,171.5,0.4061,2.2389,0.1973,0.4581,1.5,rule_promote
SKU-JR8774,2026-05-21,21,PROMOTE,137.05,0.4364,1.4418,0.1973,0.4581,1.5,rule_promote
SKU-JR8774,2026-05-28,22,MARKDOWN,153.18,0.4364,0.4885,0.1973,0.4581,1.457,rule_markdown
SKU-JR8774,2026-06-04,23,MARKDOWN,144.94,0.4667,0.5801,0.1973,0.4581,1.4,rule_markdown
SKU-JR8774,2026-06-11,24,PROMOTE,143.5,0.503,1.4844,0.1973,0.4581,1.4,rule_promote
SKU-JR8774,2026-06-18,25,PROMOTE,134.75,0.5333,1.9208,0.1973,0.4581,1.4,rule_promote
SKU-JR8774,2026-06-25,26,MARKDOWN,116.67,0.5455,0.6393,0.1973,0.4581,1.386,rule_markdown
SKU-JR8774,2026-07-02,27,MARKDOWN,116.94,0.5697,0.4866,0.1973,0.4581,1.3,rule_markdown
SKU-JR8774,2026-07-09,28,PROMOTE,148.62,0.5818,0.959,0.1973,0.4581,1.3,rule_promote
SKU-JR8774,2026-07-16,29,MARKDOWN,211.56,0.5879,0.599,0.1973,0.4581,1.3,rule_markdown
SKU-JR8774,2026-07-23,30,MARKDOWN,234.5,0.5939,0.3903,0.1973,0.4581,1.3,rule_markdown
SKU-JR8774,2026-07-30,31,PROMOTE,303.33,0.6061,0.8469,0.1973,0.4581,1.157,rule_promote
SKU-JR8774,2026-08-06,32,HOLD,248.0,0.6242,1.2,0.1973,0.4581,1.1,rule_hold
SKU-JR8774,2026-08-13,33,HOLD,289.33,0.6242,1.2643,0.1973,0.4581,1.1,rule_hold
SKU-JR8774,2026-08-20,34,MARKDOWN,240.0,0.6364,0.4286,0.1973,0.4581,1.1,rule_markdown
SKU-JR8774,2026-08-27,35,HOLD,199.5,0.6545,1.9714,0.1973,0.4581,1.071,rule_hold
SKU-JR8774,2026-09-03,36,HOLD,189.0,0.6727,1.6,0.1973,0.4581,1.0,rule_hold
SKU-JR8774,2026-09-10,37,HOLD,145.6,0.6848,1.9602,0.1973,0.4581,1.0,rule_hold
SKU-JR8774,2026-09-17,38,MARKDOWN,182.0,0.6848,0.0476,0.1973,0.4581,1.0,rule_markdown
SKU-JR8774,2026-09-24,39,MARKDOWN,200.0,0.697,0.4265,0.1973,0.4581,1.0,rule_markdown
SKU-JR8774,2026-10-01,40,HOLD,274.4,0.703,1.0357,0.1973,0.4581,1.0,rule_hold
SKU-JR8774,2026-10-08,41,HOLD,263.2,0.7152,2.2857,0.1973,0.4581,1.0,rule_hold
SKU-JR8774,2026-10-15,42,HOLD,214.67,0.7212,1.4143,0.1973,0.4581,1.0,rule_hold
SKU-JR8774,2026-10-22,43,MARKDOWN,252.0,0.7273,0.3643,0.1973,0.4581,1.0,rule_markdown
SKU-JR8774,2026-10-29,44,MARKDOWN,246.4,0.7333,0.4286,0.1973,0.4581,1.057,rule_markdown
SKU-JR8774,2026-11-05,45,HOLD,235.2,0.7455,2.2857,0.1973,0.4581,1.1,rule_hold
SKU-JR8774,2026-11-12,46,HOLD,186.67,0.7576,2.0714,0.1973,0.4581,1.1,rule_hold
SKU-JR8774,2026-11-19,47,MARKDOWN,224.0,0.7576,0.4714,0.1973,0.4581,1.1,rule_markdown
SKU-JR8774,2026-11-26,48,MARKDOWN,148.0,0.7758,0.75,0.1973,0.4581,1.157,rule_markdown
SKU-JR8774,2026-12-03,49,PROMOTE,119.0,0.7939,3.5286,0.1973,0.4581,1.3,rule_promote
SKU-JR8774,2026-12-10,50,MARKDOWN,158.67,0.7939,0.4929,0.1973,0.4581,1.3,rule_markdown
SKU-JR8774,2026-12-17,51,PROMOTE,73.82,0.8242,1.2143,0.1973,0.4581,1.3,rule_promote
SKU-JR8774,2026-12-24,52,PROMOTE,66.18,0.8424,2.1735,0.1973,0.4581,1.3,rule_promote
SKU-JH9976,2026-01-01,1,,,,1.0,0.0,0.4578,,cold_start
SKU-JH9976,2026-01-08,2,,,,1.0,0.0,0.4578,,cold_start
SKU-JH9976,2026-01-15,3,,,,1.0,0.0,0.4578,,cold_start
SKU-JH9976,2026-01-22,4,,,,1.0,0.0,0.4578,,cold_start
SKU-JH9976,2026-01-29,5,HOLD,168.0,0.1429,1.2857,0.0,0.4578,0.857,rule_hold
SKU-JH9976,2026-02-05,6,MARKDOWN,336.0,0.1429,0.0,0.0,0.4578,0.9,rule_markdown
SKU-JH9976,2026-02-12,7,MARKDOWN,336.0,0.1429,0.0,0.0,0.4578,0.9,rule_markdown
SKU-JH9976,2026-02-19,8,MARKDOWN,999.0,0.1429,0.5714,0.0,0.4578,0.9,rule_markdown
SKU-JH9976,2026-02-26,9,HOLD,999.0,0.1429,1.0,0.0,0.4578,0.957,rule_hold
SKU-JH9976,2026-03-05,10,HOLD,999.0,0.1429,1.0,0.0,0.4578,1.0,rule_hold
SKU-JH9976,2026-03-12,11,HOLD,999.0,0.1429,1.0,0.0,0.4578,1.0,rule_hold
SKU-JH9976,2026-03-19,12,HOLD,308.0,0.2143,1.0,0.0,0.4578,1.0,rule_hold
SKU-JH9976,2026-03-26,13,HOLD,140.0,0.2857,1.2857,0.0,0.4578,1.057,rule_hold
SKU-JH9976,2026-04-02,14,PROMOTE,84.0,0.3571,4.5,0.0,0.4578,1.4,rule_promote
SKU-JH9976,2026-04-09,15,MARKDOWN,56.0,0.4286,0.5714,0.0,0.4578,1.4,rule_markdown
SKU-JH9976,2026-04-16,16,PROMOTE,74.67,0.4286,0.8571,0.0,0.4578,1.4,rule_promote
SKU-JH9976,2026-04-23,17,MARKDOWN,65.33,0.5,0.3571,0.0,0.4578,1.4,rule_markdown
SKU-JH9976,2026-04-30,18,PROMOTE,98.0,0.5,1.7143,0.0,0.4578,1.486,rule_promote
SKU-JH9976,2026-05-07,19,MARKDOWN,196.0,0.5,0.0,0.0,0.4578,1.5,rule_markdown
SKU-JH9976,2026-05-14,20,PROMOTE,46.67,0.6429,0.8571,0.0,0.4578,1.5,rule_promote
SKU-JH9976,2026-05-21,21,PROMOTE,70.0,0.6429,4.4286,0.0,0.4578,1.5,rule_promote
SKU-JH9976,2026-05-28,22,MARKDOWN,70.0,0.6429,0.0,0.0,0.4578,1.457,rule_markdown
SKU-JH9976,2026-06-04,23,PROMOTE,37.33,0.7143,1.5,0.0,0.4578,1.4,rule_promote
SKU-JH9976,2026-06-11,24,PROMOTE,42.0,0.7857,1.0,0.0,0.4578,1.4,rule_promote
SKU-JH9976,2026-06-18,25,PROMOTE,42.0,0.7857,0.8571,0.0,0.4578,1.4,rule_promote
SKU-JH9976,2026-06-25,26,MARKDOWN,42.0,0.7857,0.0,0.0,0.4578,1.386,rule_markdown
SKU-JH9976,2026-07-02,27,PROMOTE,28.0,0.8571,3.0,0.0,0.4578,1.3,rule_promote
SKU-JH9976,2026-07-09,28,PROMOTE,14.0,0.9286,1.7143,0.0,0.4578,1.3,rule_promote
SKU-JH9976,2026-07-16,29,PROMOTE,14.0,0.9286,1.2857,0.0,0.4578,1.3,rule_promote
SKU-JH9976,2026-07-23,30,HOLD,0.0,1.0,1.2857,0.0,0.4578,1.3,rule_hold
SKU-JH9976,2026-07-30,31,HOLD,0.0,1.0,0.4286,0.0,0.4578,1.157,rule_hold
SKU-JH9976,2026-08-06,32,HOLD,28.0,0.9333,0.0,0.0,0.4578,1.1,rule_hold
SKU-JH9976,2026-08-13,33,HOLD,28.0,0.9333,0.0,0.0,0.4578,1.1,rule_hold
SKU-JH9976,2026-08-20,34,HOLD,0.0,1.0,0.8571,0.0,0.4578,1.1,rule_hold
SKU-JH9976,2026-08-27,35,HOLD,0.0,1.0,0.5714,0.0,0.4578,1.071,rule_hold
SKU-JH9976,2026-09-03,36,HOLD,0.0,1.0,0.0,0.0,0.4578,1.0,rule_hold
SKU-JH9976,2026-09-10,37,HOLD,0.0,1.0,0.0,0.0,0.4578,1.0,rule_hold
SKU-JH9976,2026-09-17,38,HOLD,0.0,1.0,0.4286,0.0,0.4578,1.0,rule_hold
SKU-JH9976,2026-09-24,39,HOLD,0.0,1.0,1.0,0.0,0.4578,1.0,rule_hold
SKU-JH9976,2026-10-01,40,HOLD,0.0,1.0,1.0,0.0,0.4578,1.0,rule_hold
SKU-JH9976,2026-10-08,41,HOLD,0.0,1.0,1.0,0.0,0.4578,1.0,rule_hold
SKU-JH9976,2026-10-15,42,HOLD,0.0,1.0,1.0,0.0,0.4578,1.0,rule_hold
SKU-JH9976,2026-10-22,43,HOLD,0.0,1.0,1.0,0.0,0.4578,1.0,rule_hold
SKU-JH9976,2026-10-29,44,HOLD,999.0,0.8824,1.0,0.0,0.4578,1.057,rule_hold
SKU-JH9976,2026-11-05,45,HOLD,999.0,0.8824,1.0,0.0,0.4578,1.1,rule_hold
SKU-JH9976,2026-11-12,46,HOLD,999.0,0.8824,1.0,0.0,0.4578,1.1,rule_hold
SKU-JH9976,2026-11-19,47,HOLD,999.0,0.8824,1.0,0.0,0.4578,1.1,rule_hold
SKU-JH9976,2026-11-26,48,PROMOTE,999.0,0.8824,1.0,0.0,0.4578,1.157,rule_promote
SKU-JH9976,2026-12-03,49,PROMOTE,999.0,0.8824,1.0,0.0,0.4578,1.3,rule_promote
SKU-JH9976,2026-12-10,50,PROMOTE,999.0,0.8824,1.0,0.0,0.4578,1.3,rule_promote
SKU-JH9976,2026-12-17,51,PROMOTE,28.0,0.9412,1.0,0.0,0.4578,1.3,rule_promote
SKU-JH9976,2026-12-24,52,PROMOTE,28.0,0.9412,0.7143,0.0,0.4578,1.3,rule_promote
SKU-IE3438,2026-01-01,1,,,,1.0,0.0017,0.4674,,cold_start
SKU-IE3438,2026-01-08,2,,,,1.0,0.0017,0.4674,,cold_start
SKU-IE3438,2026-01-15,3,,,,1.0,0.0017,0.4674,,cold_start
SKU-IE3438,2026-01-22,4,,,,1.0,0.0017,0.4674,,cold_start
SKU-IE3438,2026-01-29,5,MARKDOWN,504.0,0.1429,0.5714,0.0017,0.4674,0.857,rule_markdown
SKU-IE3438,2026-02-05,6,MARKDOWN,504.0,0.1429,0.0,0.0017,0.4674,0.9,rule_markdown
SKU-IE3438,2026-02-12,7,MARKDOWN,504.0,0.1429,0.0,0.0017,0.4674,0.9,rule_markdown
SKU-IE3438,2026-02-19,8,HOLD,476.0,0.1905,0.8571,0.0017,0.4674,0.9,rule_hold
SKU-IE3438,2026-02-26,9,HOLD,476.0,0.1905,1.7143,0.0017,0.4674,0.957,rule_hold
SKU-IE3438,2026-03-05,10,HOLD,308.0,0.2143,1.2857,0.0017,0.4674,1.0,rule_hold
SKU-IE3438,2026-03-12,11,MARKDOWN,308.0,0.2143,0.2143,0.0017,0.4674,1.0,rule_markdown
SKU-IE3438,2026-03-19,12,HOLD,448.0,0.2381,1.0714,0.0017,0.4674,1.0,rule_hold
SKU-IE3438,2026-03-26,13,HOLD,448.0,0.2381,1.2857,0.0017,0.4674,1.057,rule_hold
SKU-IE3438,2026-04-02,14,PROMOTE,434.0,0.2619,1.2857,0.0017,0.4674,1.4,rule_promote
SKU-IE3438,2026-04-09,15,PROMOTE,280.0,0.2857,2.1429,0.0017,0.4674,1.4,rule_promote
SKU-IE3438,2026-04-16,16,PROMOTE,196.0,0.3333,2.1429,0.0017,0.4674,1.4,rule_promote
SKU-IE3438,2026-04-23,17,PROMOTE,196.0,0.3333,2.2857,0.0017,0.4674,1.4,rule_promote
SKU-IE3438,2026-04-30,18,MARKDOWN,261.33,0.3333,0.0,0.0017,0.4674,1.486,rule_markdown
SKU-IE3438,2026-05-07,19,MARKDOWN,392.0,0.3333,0.0,0.0017,0.4674,1.5,rule_markdown
SKU-IE3438,2026-05-14,20,PROMOTE,756.0,0.3571,1.0,0.0017,0.4674,1.5,rule_promote
SKU-IE3438,2026-05-21,21,PROMOTE,364.0,0.381,1.7143,0.0017,0.4674,1.5,rule_promote
SKU-IE3438,2026-05-28,22,PROMOTE,233.33,0.4048,4.0714,0.0017,0.4674,1.457,rule_promote
SKU-IE3438,2026-06-04,23,MARKDOWN,233.33,0.4048,0.0,0.0017,0.4674,1.4,rule_markdown
SKU-IE3438,2026-06-11,24,PROMOTE,224.0,0.4286,1.2857,0.0017,0.4674,1.4,rule_promote
SKU-IE3438,2026-06-18,25,PROMOTE,214.67,0.4524,0.9286,0.0017,0.4674,1.4,rule_promote
SKU-IE3438,2026-06-25,26,PROMOTE,147.0,0.5,1.9286,0.0017,0.4674,1.386,rule_promote
SKU-IE3438,2026-07-02,27,PROMOTE,147.0,0.5,1.7143,0.0017,0.4674,1.3,rule_promote
SKU-IE3438,2026-07-09,28,MARKDOWN,196.0,0.5,0.0,0.0017,0.4674,1.3,rule_markdown
SKU-IE3438,2026-07-16,29,MARKDOWN,186.67,0.5238,0.4286,0.0017,0.4674,1.3,rule_markdown
SKU-IE3438,2026-07-23,30,PROMOTE,560.0,0.5238,1.5,0.0017,0.4674,1.3,rule_promote
SKU-IE3438,2026-07-30,31,PROMOTE,266.0,0.5476,1.2857,0.0017,0.4674,1.157,rule_promote
SKU-IE3438,2026-08-06,32,HOLD,266.0,0.5476,1.7143,0.0017,0.4674,1.1,rule_hold
SKU-IE3438,2026-08-13,33,MARKDOWN,532.0,0.5476,0.0,0.0017,0.4674,1.1,rule_markdown
SKU-IE3438,2026-08-20,34,MARKDOWN,532.0,0.5476,0.0,0.0017,0.4674,1.1,rule_markdown
SKU-IE3438,2026-08-27,35,MARKDOWN,238.0,0.5952,0.4286,0.0017,0.4674,1.071,rule_markdown
SKU-IE3438,2026-09-03,36,HOLD,149.33,0.619,1.7857,0.0017,0.4674,1.0,rule_hold
SKU-IE3438,2026-09-10,37,HOLD,105.0,0.6429,1.3571,0.0017,0.4674,1.0,rule_hold
SKU-IE3438,2026-09-17,38,HOLD,60.67,0.6905,0.8929,0.0017,0.4674,1.0,rule_hold
SKU-IE3438,2026-09-24,39,MARKDOWN,91.0,0.6905,0.7286,0.0017,0.4674,1.0,rule_markdown
SKU-IE3438,2026-10-01,40,MARKDOWN,121.33,0.6905,0.0,0.0017,0.4674,1.0,rule_markdown
SKU-IE3438,2026-10-08,41,MARKDOWN,182.0,0.6905,0.0,0.0017,0.4674,1.0,rule_markdown
SKU-IE3438,2026-10-15,42,HOLD,336.0,0.7143,1.0714,0.0017,0.4674,1.0,rule_hold
SKU-IE3438,2026-10-22,43,HOLD,154.0,0.7381,1.1429,0.0017,0.4674,1.0,rule_hold
SKU-IE3438,2026-10-29,44,HOLD,93.33,0.7619,3.4286,0.0017,0.4674,1.057,rule_hold
SKU-IE3438,2026-11-05,45,HOLD,44.8,0.8095,2.1429,0.0017,0.4674,1.1,rule_hold
SKU-IE3438,2026-11-12,46,HOLD,39.2,0.8333,1.2857,0.0017,0.4674,1.1,rule_hold
SKU-IE3438,2026-11-19,47,HOLD,33.6,0.8571,0.7929,0.0017,0.4674,1.1,rule_hold
SKU-IE3438,2026-11-26,48,MARKDOWN,42.0,0.8571,0.1071,0.0017,0.4674,1.157,rule_markdown
SKU-IE3438,2026-12-03,49,PROMOTE,28.0,0.9048,0.7857,0.0017,0.4674,1.3,rule_promote
SKU-IE3438,2026-12-10,50,PROMOTE,21.0,0.9286,4.8571,0.0017,0.4674,1.3,rule_promote
SKU-IE3438,2026-12-17,51,PROMOTE,28.0,0.9286,0.0,0.0017,0.4674,1.3,rule_promote
SKU-IE3438,2026-12-24,52,PROMOTE,14.0,0.9524,0.7143,0.0017,0.4674,1.3,rule_promote
SKU-IH4200,2026-01-01,1,,,,1.0,0.0,0.464,,cold_start
SKU-IH4200,2026-01-08,2,,,,1.0,0.0,0.464,,cold_start
SKU-IH4200,2026-01-15,3,,,,1.0,0.0,0.464,,cold_start
SKU-IH4200,2026-01-22,4,,,,1.0,0.0,0.464,,cold_start
SKU-IH4200,2026-01-29,5,HOLD,999.0,0.0,1.0,0.0,0.464,0.857,rule_hold
SKU-IH4200,2026-02-05,6,HOLD,999.0,0.0,1.0,0.0,0.464,0.9,rule_hold
SKU-IH4200,2026-02-12,7,HOLD,999.0,0.0,1.0,0.0,0.464,0.9,rule_hold
SKU-IH4200,2026-02-19,8,HOLD,999.0,0.0,1.0,0.0,0.464,0.9,rule_hold
SKU-IH4200,2026-02-26,9,HOLD,999.0,0.0,1.0,0.0,0.464,0.957,rule_hold
SKU-IH4200,2026-03-05,10,HOLD,224.0,0.1111,1.0,0.0,0.464,1.0,rule_hold
SKU-IH4200,2026-03-12,11,MARKDOWN,224.0,0.1111,0.5714,0.0,0.464,1.0,rule_markdown
SKU-IH4200,2026-03-19,12,MARKDOWN,224.0,0.1111,0.0,0.0,0.464,1.0,rule_markdown
SKU-IH4200,2026-03-26,13,MARKDOWN,224.0,0.1111,0.0,0.0,0.464,1.057,rule_markdown
SKU-IH4200,2026-04-02,14,MARKDOWN,999.0,0.1111,0.4286,0.0,0.464,1.4,rule_markdown
SKU-IH4200,2026-04-09,15,PROMOTE,999.0,0.1111,1.0,0.0,0.464,1.4,rule_promote
SKU-IH4200,2026-04-16,16,PROMOTE,999.0,0.1111,1.0,0.0,0.464,1.4,rule_promote
SKU-IH4200,2026-04-23,17,PROMOTE,999.0,0.1111,1.0,0.0,0.464,1.4,rule_promote
SKU-IH4200,2026-04-30,18,PROMOTE,999.0,0.1111,1.0,0.0,0.464,1.486,rule_promote
SKU-IH4200,2026-05-07,19,PROMOTE,999.0,0.1111,1.0,0.0,0.464,1.5,rule_promote
SKU-IH4200,2026-05-14,20,PROMOTE,999.0,0.1111,1.0,0.0,0.464,1.5,rule_promote
SKU-IH4200,2026-05-21,21,PROMOTE,999.0,0.1111,1.0,0.0,0.464,1.5,rule_promote
SKU-IH4200,2026-05-28,22,PROMOTE,999.0,0.1111,1.0,0.0,0.464,1.457,rule_promote
SKU-IH4200,2026-06-04,23,PROMOTE,999.0,0.1111,1.0,0.0,0.464,1.4,rule_promote
SKU-IH4200,2026-06-11,24,PROMOTE,999.0,0.1111,1.0,0.0,0.464,1.4,rule_promote
SKU-IH4200,2026-06-18,25,PROMOTE,999.0,0.1111,1.0,0.0,0.464,1.4,rule_promote
SKU-IH4200,2026-06-25,26,PROMOTE,999.0,0.1111,1.0,0.0,0.464,1.386,rule_promote
SKU-IH4200,2026-07-02,27,PROMOTE,999.0,0.1111,1.0,0.0,0.464,1.3,rule_promote
SKU-IH4200,2026-07-09,28,PROMOTE,999.0,0.1111,1.0,0.0,0.464,1.3,rule_promote
SKU-IH4200,2026-07-16,29,PROMOTE,999.0,0.1111,1.0,0.0,0.464,1.3,rule_promote
SKU-IH4200,2026-07-23,30,PROMOTE,999.0,0.1111,1.0,0.0,0.464,1.3,rule_promote
SKU-IH4200,2026-07-30,31,PROMOTE,999.0,0.1111,1.0,0.0,0.464,1.157,rule_promote
SKU-IH4200,2026-08-06,32,HOLD,999.0,0.1111,1.0,0.0,0.464,1.1,rule_hold
SKU-IH4200,2026-08-13,33,HOLD,999.0,0.1111,1.0,0.0,0.464,1.1,rule_hold
SKU-IH4200,2026-08-20,34,HOLD,999.0,0.1111,1.0,0.0,0.464,1.1,rule_hold
SKU-IH4200,2026-08-27,35,HOLD,999.0,0.1111,1.0,0.0,0.464,1.071,rule_hold
SKU-IH4200,2026-09-03,36,HOLD,999.0,0.1111,1.0,0.0,0.464,1.0,rule_hold
SKU-IH4200,2026-09-10,37,HOLD,999.0,0.1111,1.0,0.0,0.464,1.0,rule_hold
SKU-IH4200,2026-09-17,38,HOLD,999.0,0.1111,1.0,0.0,0.464,1.0,rule_hold
SKU-IH4200,2026-09-24,39,HOLD,999.0,0.1111,1.0,0.0,0.464,1.0,rule_hold
SKU-IH4200,2026-10-01,40,HOLD,999.0,0.1111,1.0,0.0,0.464,1.0,rule_hold
SKU-IH4200,2026-10-08,41,HOLD,196.0,0.2222,1.0,0.0,0.464,1.0,rule_hold
SKU-IH4200,2026-10-15,42,MARKDOWN,196.0,0.2222,0.1429,0.0,0.464,1.0,rule_markdown
SKU-IH4200,2026-10-22,43,MARKDOWN,196.0,0.2222,0.0,0.0,0.464,1.0,rule_markdown
SKU-IH4200,2026-10-29,44,MARKDOWN,196.0,0.2222,0.0,0.0,0.464,1.057,rule_markdown
SKU-IH4200,2026-11-05,45,HOLD,999.0,0.2222,0.8571,0.0,0.464,1.1,rule_hold
SKU-IH4200,2026-11-12,46,HOLD,999.0,0.2222,1.0,0.0,0.464,1.1,rule_hold
SKU-IH4200,2026-11-19,47,HOLD,999.0,0.2222,1.0,0.0,0.464,1.1,rule_hold
SKU-IH4200,2026-11-26,48,PROMOTE,168.0,0.3333,1.0,0.0,0.464,1.157,rule_promote
SKU-IH4200,2026-12-03,49,PROMOTE,70.0,0.4444,2.1429,0.0,0.464,1.3,rule_promote
SKU-IH4200,2026-12-10,50,PROMOTE,70.0,0.4444,0.8571,0.0,0.464,1.3,rule_promote
SKU-IH4200,2026-12-17,51,MARKDOWN,70.0,0.4444,0.0,0.0,0.464,1.3,rule_markdown
SKU-IH4200,2026-12-24,52,MARKDOWN,140.0,0.4444,0.0,0.0,0.464,1.3,rule_markdown
SKU-IH1507,2026-01-01,1,,,,1.0,0.0,0.4238,,cold_start
SKU-IH1507,2026-01-08,2,,,,1.0,0.0,0.4238,,cold_start
SKU-IH1507,2026-01-15,3,,,,1.0,0.0,0.4238,,cold_start
SKU-IH1507,2026-01-22,4,,,,1.0,0.0,0.4238,,cold_start
SKU-IH1507,2026-01-29,5,MARKDOWN,756.0,0.1,0.0,0.0,0.4238,0.857,rule_markdown
SKU-IH1507,2026-02-05,6,MARKDOWN,756.0,0.1,0.0,0.0,0.4238,0.9,rule_markdown
SKU-IH1507,2026-02-12,7,HOLD,999.0,0.1,1.0,0.0,0.4238,0.9,rule_hold
SKU-IH1507,2026-02-19,8,HOLD,728.0,0.1333,1.0,0.0,0.4238,0.9,rule_hold
SKU-IH1507,2026-02-26,9,HOLD,350.0,0.1667,1.8571,0.0,0.4238,0.957,rule_hold
SKU-IH1507,2026-03-05,10,HOLD,350.0,0.1667,0.8571,0.0,0.4238,1.0,rule_hold
SKU-IH1507,2026-03-12,11,MARKDOWN,350.0,0.1667,0.0,0.0,0.4238,1.0,rule_markdown
SKU-IH1507,2026-03-19,12,HOLD,214.67,0.2333,4.2857,0.0,0.4238,1.0,rule_hold
SKU-IH1507,2026-03-26,13,HOLD,147.0,0.3,1.7857,0.0,0.4238,1.057,rule_hold
SKU-IH1507,2026-04-02,14,PROMOTE,88.67,0.3667,1.4286,0.0,0.4238,1.4,rule_promote
SKU-IH1507,2026-04-09,15,PROMOTE,72.0,0.4,1.45,0.0,0.4238,1.4,rule_promote
SKU-IH1507,2026-04-16,16,MARKDOWN,100.8,0.4,0.0,0.0,0.4238,1.4,rule_markdown
SKU-IH1507,2026-04-23,17,MARKDOWN,89.6,0.4667,0.4286,0.0,0.4238,1.4,rule_markdown
SKU-IH1507,2026-04-30,18,PROMOTE,149.33,0.4667,1.9286,0.0,0.4238,1.486,rule_promote
SKU-IH1507,2026-05-07,19,MARKDOWN,140.0,0.5,0.4286,0.0,0.4238,1.5,rule_markdown
SKU-IH1507,2026-05-14,20,PROMOTE,140.0,0.5,1.0714,0.0,0.4238,1.5,rule_promote
SKU-IH1507,2026-05-21,21,MARKDOWN,196.0,0.5333,0.6429,0.0,0.4238,1.5,rule_markdown
SKU-IH1507,2026-05-28,22,PROMOTE,121.33,0.5667,3.0,0.0,0.4238,1.457,rule_promote
SKU-IH1507,2026-06-04,23,PROMOTE,112.0,0.6,1.8571,0.0,0.4238,1.4,rule_promote
SKU-IH1507,2026-06-11,24,MARKDOWN,112.0,0.6,0.4286,0.0,0.4238,1.4,rule_markdown
SKU-IH1507,2026-06-18,25,MARKDOWN,168.0,0.6,0.0,0.0,0.4238,1.4,rule_markdown
SKU-IH1507,2026-06-25,26,PROMOTE,154.0,0.6333,1.9286,0.0,0.4238,1.386,rule_promote
SKU-IH1507,2026-07-02,27,PROMOTE,140.0,0.6667,0.8571,0.0,0.4238,1.3,rule_promote
SKU-IH1507,2026-07-09,28,PROMOTE,140.0,0.6667,2.5714,0.0,0.4238,1.3,rule_promote
SKU-IH1507,2026-07-16,29,MARKDOWN,140.0,0.6667,0.0,0.0,0.4238,1.3,rule_markdown
SKU-IH1507,2026-07-23,30,MARKDOWN,280.0,0.6667,0.0,0.0,0.4238,1.3,rule_markdown
SKU-IH1507,2026-07-30,31,PROMOTE,252.0,0.7,1.4286,0.0,0.4238,1.157,rule_promote
SKU-IH1507,2026-08-06,32,HOLD,112.0,0.7333,2.1429,0.0,0.4238,1.1,rule_hold
SKU-IH1507,2026-08-13,33,MARKDOWN,112.0,0.7333,0.0,0.0,0.4238,1.1,rule_markdown
SKU-IH1507,2026-08-20,34,HOLD,65.33,0.7667,1.0714,0.0,0.4238,1.1,rule_hold
SKU-IH1507,2026-08-27,35,HOLD,56.0,0.8,1.8571,0.0,0.4238,1.071,rule_hold
SKU-IH1507,2026-09-03,36,HOLD,28.0,0.8667,3.0,0.0,0.4238,1.0,rule_hold
SKU-IH1507,2026-09-10,37,HOLD,28.0,0.8667,0.0,0.0,0.4238,1.0,rule_hold
SKU-IH1507,2026-09-17,38,HOLD,21.0,0.9,0.9286,0.0,0.4238,1.0,rule_hold
SKU-IH1507,2026-09-24,39,HOLD,28.0,0.9,0.0,0.0,0.4238,1.0,rule_hold
SKU-IH1507,2026-10-01,40,MARKDOWN,84.0,0.9,0.0,0.0,0.4238,1.0,rule_markdown
SKU-IH1507,2026-10-08,41,MARKDOWN,84.0,0.9,0.0,0.0,0.4238,1.0,rule_markdown
SKU-IH1507,2026-10-15,42,HOLD,56.0,0.9333,1.0,0.0,0.4238,1.0,rule_hold
SKU-IH1507,2026-10-22,43,MARKDOWN,56.0,0.9333,0.4286,0.0,0.4238,1.0,rule_markdown
SKU-IH1507,2026-10-29,44,MARKDOWN,56.0,0.9333,0.0,0.0,0.4238,1.057,rule_markdown
SKU-IH1507,2026-11-05,45,HOLD,14.0,0.9667,0.8571,0.0,0.4238,1.1,rule_hold
SKU-IH1507,2026-11-12,46,HOLD,0.0,1.0,3.2857,0.0,0.4238,1.1,rule_hold
SKU-IH1507,2026-11-19,47,HOLD,28.0,0.9375,0.4286,0.0,0.4238,1.1,rule_hold
SKU-IH1507,2026-11-26,48,HOLD,9.33,0.9688,1.2857,0.0,0.4238,1.157,rule_hold
SKU-IH1507,2026-12-03,49,HOLD,0.0,1.0,1.0714,0.0,0.4238,1.3,rule_hold
SKU-IH1507,2026-12-10,50,HOLD,0.0,1.0,0.6429,0.0,0.4238,1.3,rule_hold
SKU-IH1507,2026-12-17,51,HOLD,0.0,1.0,0.0,0.0,0.4238,1.3,rule_hold
SKU-IH1507,2026-12-24,52,HOLD,0.0,1.0,0.0,0.0,0.4238,1.3,rule_hold
SKU-IH8659,2026-01-01,1,,,,1.0,0.0,0.4411,,cold_start
SKU-IH8659,2026-01-08,2,,,,1.0,0.0,0.4411,,cold_start
SKU-IH8659,2026-01-15,3,,,,1.0,0.0,0.4411,,cold_start
SKU-IH8659,2026-01-22,4,,,,1.0,0.0,0.4411,,cold_start
SKU-IH8659,2026-01-29,5,HOLD,369.6,0.0769,2.5071,0.0,0.4411,0.857,rule_hold
SKU-IH8659,2026-02-05,6,HOLD,325.82,0.1049,3.302,0.0,0.4411,0.9,rule_hold
SKU-IH8659,2026-02-12,7,HOLD,248.0,0.1329,1.0456,0.0,0.4411,0.9,rule_hold
SKU-IH8659,2026-02-19,8,HOLD,211.75,0.1538,1.1457,0.0,0.4411,0.9,rule_hold
SKU-IH8659,2026-02-26,9,MARKDOWN,280.0,0.1608,0.3294,0.0,0.4411,0.957,rule_markdown
SKU-IH8659,2026-03-05,10,HOLD,297.82,0.1818,1.0131,0.0,0.4411,1.0,rule_hold
SKU-IH8659,2026-03-12,11,MARKDOWN,357.78,0.1958,0.6454,0.0,0.4411,1.0,rule_markdown
SKU-IH8659,2026-03-19,12,HOLD,348.44,0.2168,1.701,0.0,0.4411,1.0,rule_hold
SKU-IH8659,2026-03-26,13,HOLD,252.0,0.2448,1.2483,0.0,0.4411,1.057,rule_hold
SKU-IH8659,2026-04-02,14,PROMOTE,224.0,0.2727,1.7177,0.0,0.4411,1.4,rule_promote
SKU-IH8659,2026-04-09,15,PROMOTE,161.41,0.3147,1.784,0.0,0.4411,1.4,rule_promote
SKU-IH8659,2026-04-16,16,PROMOTE,137.05,0.3497,1.3376,0.0,0.4411,1.4,rule_promote
SKU-IH8659,2026-04-23,17,MARKDOWN,140.0,0.3706,0.4784,0.0,0.4411,1.4,rule_markdown
SKU-IH8659,2026-04-30,18,PROMOTE,125.26,0.4056,1.002,0.0,0.4411,1.486,rule_promote
SKU-IH8659,2026-05-07,19,PROMOTE,116.42,0.4476,1.2598,0.0,0.4411,1.5,rule_promote
SKU-IH8659,2026-05-14,20,PROMOTE,109.05,0.4825,1.3003,0.0,0.4411,1.5,rule_promote
SKU-IH8659,2026-05-21,21,PROMOTE,98.0,0.5105,0.95,0.0,0.4411,1.5,rule_promote
SKU-IH8659,2026-05-28,22,MARKDOWN,91.0,0.5455,0.6738,0.0,0.4411,1.457,rule_markdown
SKU-IH8659,2026-06-04,23,PROMOTE,94.89,0.5734,1.0516,0.0,0.4411,1.4,rule_promote
SKU-IH8659,2026-06-11,24,PROMOTE,75.6,0.6224,1.0926,0.0,0.4411,1.4,rule_promote
SKU-IH8659,2026-06-18,25,PROMOTE,70.0,0.6503,1.234,0.0,0.4411,1.4,rule_promote
SKU-IH8659,2026-06-25,26,PROMOTE,73.11,0.6713,0.8658,0.0,0.4411,1.386,rule_promote
SKU-IH8659,2026-07-02,27,MARKDOWN,85.87,0.6783,0.2087,0.0,0.4411,1.3,rule_markdown
SKU-IH8659,2026-07-09,28,PROMOTE,80.0,0.7203,1.3387,0.0,0.4411,1.3,rule_promote
SKU-IH8659,2026-07-16,29,PROMOTE,59.5,0.7622,1.8476,0.0,0.4411,1.3,rule_promote
SKU-IH8659,2026-07-23,30,PROMOTE,49.41,0.7902,1.3428,0.0,0.4411,1.3,rule_promote
SKU-IH8659,2026-07-30,31,PROMOTE,30.55,0.8322,1.1975,0.0,0.4411,1.157,rule_promote
SKU-IH8659,2026-08-06,32,HOLD,30.95,0.8531,0.66,0.0,0.4411,1.1,rule_hold
SKU-IH8659,2026-08-13,33,HOLD,35.47,0.8671,0.5942,0.0,0.4411,1.1,rule_hold
SKU-IH8659,2026-08-20,34,MARKDOWN,42.0,0.8741,0.3094,0.0,0.4411,1.1,rule_markdown
SKU-IH8659,2026-08-27,35,HOLD,39.2,0.9021,1.3728,0.0,0.4411,1.071,rule_hold
SKU-IH8659,2026-09-03,36,HOLD,45.5,0.9091,0.8036,0.0,0.4411,1.0,rule_hold
SKU-IH8659,2026-09-10,37,HOLD,16.33,0.951,2.2143,0.0,0.4411,1.0,rule_hold
SKU-IH8659,2026-09-17,38,HOLD,10.77,0.965,0.7536,0.0,0.4411,1.0,rule_hold
SKU-IH8659,2026-09-24,39,HOLD,15.56,0.965,0.5747,0.0,0.4411,1.0,rule_hold
SKU-IH8659,2026-10-01,40,HOLD,17.5,0.965,0.0,0.0,0.4411,1.0,rule_hold
SKU-IH8659,2026-10-08,41,HOLD,21.0,0.979,0.4286,0.0,0.4411,1.0,rule_hold
SKU-IH8659,2026-10-15,42,HOLD,0.0,1.0,7.2857,0.0,0.4411,1.0,rule_hold
SKU-IH8659,2026-10-22,43,HOLD,11.2,0.9862,0.5714,0.0,0.4411,1.0,rule_hold
SKU-IH8659,2026-10-29,44,HOLD,11.2,0.9862,0.0,0.0,0.4411,1.057,rule_hold
SKU-IH8659,2026-11-05,45,HOLD,0.0,1.0,0.8,0.0,0.4411,1.1,rule_hold
SKU-IH8659,2026-11-12,46,HOLD,0.0,1.0,2.0,0.0,0.4411,1.1,rule_hold
SKU-IH8659,2026-11-19,47,HOLD,0.0,1.0,0.0,0.0,0.4411,1.1,rule_hold
SKU-IH8659,2026-11-26,48,HOLD,0.0,1.0,0.0,0.0,0.4411,1.157,rule_hold
SKU-IH8659,2026-12-03,49,HOLD,0.0,1.0,0.1429,0.0,0.4411,1.3,rule_hold
SKU-IH8659,2026-12-10,50,HOLD,0.0,1.0,1.0,0.0,0.4411,1.3,rule_hold
SKU-IH8659,2026-12-17,51,PROMOTE,140.0,0.9669,1.0,0.0,0.4411,1.3,rule_promote
SKU-IH8659,2026-12-24,52,PROMOTE,56.0,0.9735,1.2857,0.0,0.4411,1.3,rule_promote
SKU-JI4331,2026-01-01,1,,,,1.0,0.0,0.4434,,cold_start
SKU-JI4331,2026-01-08,2,,,,1.0,0.0,0.4434,,cold_start
SKU-JI4331,2026-01-15,3,,,,1.0,0.0,0.4434,,cold_start
SKU-JI4331,2026-01-22,4,,,,1.0,0.0,0.4434,,cold_start
SKU-JI4331,2026-01-29,5,HOLD,630.0,0.0625,2.7857,0.0,0.4434,0.857,rule_hold
SKU-JI4331,2026-02-05,6,HOLD,630.0,0.0625,1.2857,0.0,0.4434,0.9,rule_hold
SKU-JI4331,2026-02-12,7,MARKDOWN,630.0,0.0625,0.0,0.0,0.4434,0.9,rule_markdown
SKU-JI4331,2026-02-19,8,HOLD,616.0,0.0833,2.1429,0.0,0.4434,0.9,rule_hold
SKU-JI4331,2026-02-26,9,MARKDOWN,999.0,0.0833,0.4286,0.0,0.4434,0.957,rule_markdown
SKU-JI4331,2026-03-05,10,HOLD,392.0,0.125,5.1429,0.0,0.4434,1.0,rule_hold
SKU-JI4331,2026-03-12,11,HOLD,287.0,0.1458,1.5714,0.0,0.4434,1.0,rule_hold
SKU-JI4331,2026-03-19,12,MARKDOWN,382.67,0.1458,0.0,0.0,0.4434,1.0,rule_markdown
SKU-JI4331,2026-03-26,13,HOLD,218.4,0.1875,0.8571,0.0,0.4434,1.057,rule_hold
SKU-JI4331,2026-04-02,14,PROMOTE,364.0,0.1875,1.7143,0.0,0.4434,1.4,rule_promote
SKU-JI4331,2026-04-09,15,PROMOTE,354.67,0.2083,1.0714,0.0,0.4434,1.4,rule_promote
SKU-JI4331,2026-04-16,16,PROMOTE,163.33,0.2708,2.5,0.0,0.4434,1.4,rule_promote
SKU-JI4331,2026-04-23,17,PROMOTE,190.4,0.2917,1.0357,0.0,0.4434,1.4,rule_promote
SKU-JI4331,2026-04-30,18,PROMOTE,108.5,0.3542,2.4,0.0,0.4434,1.486,rule_promote
SKU-JI4331,2026-05-07,19,MARKDOWN,124.0,0.3542,0.3184,0.0,0.4434,1.5,rule_markdown
SKU-JI4331,2026-05-14,20,MARKDOWN,168.0,0.375,0.2143,0.0,0.4434,1.5,rule_markdown
SKU-JI4331,2026-05-21,21,PROMOTE,162.4,0.3958,1.05,0.0,0.4434,1.5,rule_promote
SKU-JI4331,2026-05-28,22,MARKDOWN,406.0,0.3958,0.3214,0.0,0.4434,1.457,rule_markdown
SKU-JI4331,2026-06-04,23,MARKDOWN,406.0,0.3958,0.0,0.0,0.4434,1.4,rule_markdown
SKU-JI4331,2026-06-11,24,MARKDOWN,812.0,0.3958,0.0,0.0,0.4434,1.4,rule_markdown
SKU-JI4331,2026-06-18,25,PROMOTE,784.0,0.4167,1.5714,0.0,0.4434,1.4,rule_promote
SKU-JI4331,2026-06-25,26,MARKDOWN,784.0,0.4167,0.0,0.0,0.4434,1.386,rule_markdown
SKU-JI4331,2026-07-02,27,MARKDOWN,784.0,0.4167,0.0,0.0,0.4434,1.3,rule_markdown
SKU-JI4331,2026-07-09,28,PROMOTE,242.67,0.4583,1.7143,0.0,0.4434,1.3,rule_promote
SKU-JI4331,2026-07-16,29,PROMOTE,168.0,0.5,2.7143,0.0,0.4434,1.3,rule_promote
SKU-JI4331,2026-07-23,30,PROMOTE,168.0,0.5,0.8571,0.0,0.4434,1.3,rule_promote
SKU-JI4331,2026-07-30,31,MARKDOWN,128.8,0.5208,0.3214,0.0,0.4434,1.157,rule_markdown
SKU-JI4331,2026-08-06,32,MARKDOWN,214.67,0.5208,0.4286,0.0,0.4434,1.1,rule_markdown
SKU-JI4331,2026-08-13,33,MARKDOWN,308.0,0.5417,0.6429,0.0,0.4434,1.1,rule_markdown
SKU-JI4331,2026-08-20,34,HOLD,308.0,0.5417,2.1429,0.0,0.4434,1.1,rule_hold
SKU-JI4331,2026-08-27,35,MARKDOWN,616.0,0.5417,0.0,0.0,0.4434,1.071,rule_markdown
SKU-JI4331,2026-09-03,36,HOLD,294.0,0.5625,2.1429,0.0,0.4434,1.0,rule_hold
SKU-JI4331,2026-09-10,37,HOLD,280.0,0.5833,2.3571,0.0,0.4434,1.0,rule_hold
SKU-JI4331,2026-09-17,38,HOLD,177.33,0.6042,1.0714,0.0,0.4434,1.0,rule_hold
SKU-JI4331,2026-09-24,39,HOLD,126.0,0.625,1.4286,0.0,0.4434,1.0,rule_hold
SKU-JI4331,2026-10-01,40,HOLD,89.6,0.6667,2.9286,0.0,0.4434,1.0,rule_hold
SKU-JI4331,2026-10-08,41,MARKDOWN,112.0,0.6667,0.7143,0.0,0.4434,1.0,rule_markdown
SKU-JI4331,2026-10-15,42,MARKDOWN,149.33,0.6667,0.0,0.0,0.4434,1.0,rule_markdown
SKU-JI4331,2026-10-22,43,MARKDOWN,140.0,0.6875,0.6429,0.0,0.4434,1.0,rule_markdown
SKU-JI4331,2026-10-29,44,HOLD,420.0,0.6875,0.8571,0.0,0.4434,1.057,rule_hold
SKU-JI4331,2026-11-05,45,HOLD,196.0,0.7083,3.0,0.0,0.4434,1.1,rule_hold
SKU-JI4331,2026-11-12,46,HOLD,121.33,0.7292,0.8571,0.0,0.4434,1.1,rule_hold
SKU-JI4331,2026-11-19,47,MARKDOWN,182.0,0.7292,0.6429,0.0,0.4434,1.1,rule_markdown
SKU-JI4331,2026-11-26,48,PROMOTE,77.0,0.7708,1.9286,0.0,0.4434,1.157,rule_promote
SKU-JI4331,2026-12-03,49,PROMOTE,102.67,0.7708,1.9286,0.0,0.4434,1.3,rule_promote
SKU-JI4331,2026-12-10,50,PROMOTE,93.33,0.7917,1.0,0.0,0.4434,1.3,rule_promote
SKU-JI4331,2026-12-17,51,PROMOTE,63.0,0.8125,1.5714,0.0,0.4434,1.3,rule_promote
SKU-JI4331,2026-12-24,52,MARKDOWN,126.0,0.8125,0.0,0.0,0.4434,1.3,rule_markdown
SKU-JH7439,2026-01-01,1,,,,1.0,0.0033,0.4449,,cold_start
SKU-JH7439,2026-01-08,2,,,,1.0,0.0033,0.4449,,cold_start
SKU-JH7439,2026-01-15,3,,,,1.0,0.0033,0.4449,,cold_start
SKU-JH7439,2026-01-22,4,,,,1.0,0.0033,0.4449,,cold_start
SKU-JH7439,2026-01-29,5,HOLD,999.0,0.125,0.8571,0.0033,0.4449,0.857,rule_hold
SKU-JH7439,2026-02-05,6,HOLD,560.0,0.1667,1.0,0.0033,0.4449,0.9,rule_hold
SKU-JH7439,2026-02-12,7,HOLD,266.0,0.2083,1.5714,0.0033,0.4449,0.9,rule_hold
SKU-JH7439,2026-02-19,8,HOLD,266.0,0.2083,0.8571,0.0033,0.4449,0.9,rule_hold
SKU-JH7439,2026-02-26,9,HOLD,168.0,0.25,1.5,0.0033,0.4449,0.957,rule_hold
SKU-JH7439,2026-03-05,10,MARKDOWN,252.0,0.25,0.0,0.0033,0.4449,1.0,rule_markdown
SKU-JH7439,2026-03-12,11,MARKDOWN,504.0,0.25,0.0,0.0033,0.4449,1.0,rule_markdown
SKU-JH7439,2026-03-19,12,MARKDOWN,504.0,0.25,0.0,0.0033,0.4449,1.0,rule_markdown
SKU-JH7439,2026-03-26,13,HOLD,476.0,0.2917,1.0,0.0033,0.4449,1.057,rule_hold
SKU-JH7439,2026-04-02,14,PROMOTE,140.0,0.375,3.8571,0.0033,0.4449,1.4,rule_promote
SKU-JH7439,2026-04-09,15,PROMOTE,140.0,0.375,1.0714,0.0033,0.4449,1.4,rule_promote
SKU-JH7439,2026-04-16,16,MARKDOWN,140.0,0.375,0.0,0.0033,0.4449,1.4,rule_markdown
SKU-JH7439,2026-04-23,17,MARKDOWN,210.0,0.375,0.0,0.0033,0.4449,1.4,rule_markdown
SKU-JH7439,2026-04-30,18,MARKDOWN,392.0,0.4167,0.2857,0.0033,0.4449,1.486,rule_markdown
SKU-JH7439,2026-05-07,19,PROMOTE,182.0,0.4583,1.2857,0.0033,0.4449,1.5,rule_promote
SKU-JH7439,2026-05-14,20,MARKDOWN,112.0,0.5,0.6429,0.0033,0.4449,1.5,rule_markdown
SKU-JH7439,2026-05-21,21,PROMOTE,112.0,0.5,0.8571,0.0033,0.4449,1.5,rule_promote
SKU-JH7439,2026-05-28,22,MARKDOWN,102.67,0.5417,0.5,0.0033,0.4449,1.457,rule_markdown
SKU-JH7439,2026-06-04,23,PROMOTE,44.8,0.6667,6.0,0.0033,0.4449,1.4,rule_promote
SKU-JH7439,2026-06-11,24,PROMOTE,39.2,0.7083,1.6786,0.0033,0.4449,1.4,rule_promote
SKU-JH7439,2026-06-18,25,PROMOTE,28.0,0.75,0.8571,0.0033,0.4449,1.4,rule_promote
SKU-JH7439,2026-06-25,26,PROMOTE,33.6,0.75,0.0,0.0033,0.4449,1.386,rule_promote
SKU-JH7439,2026-07-02,27,MARKDOWN,84.0,0.75,0.0,0.0033,0.4449,1.3,rule_markdown
SKU-JH7439,2026-07-09,28,MARKDOWN,168.0,0.75,0.0,0.0033,0.4449,1.3,rule_markdown
SKU-JH7439,2026-07-16,29,PROMOTE,999.0,0.75,1.0,0.0033,0.4449,1.3,rule_promote
SKU-JH7439,2026-07-23,30,PROMOTE,140.0,0.7917,1.0,0.0033,0.4449,1.3,rule_promote
SKU-JH7439,2026-07-30,31,MARKDOWN,168.0,0.76,0.0,0.0033,0.4449,1.157,rule_markdown
SKU-JH7439,2026-08-06,32,HOLD,37.33,0.84,5.5714,0.0033,0.4449,1.1,rule_hold
SKU-JH7439,2026-08-13,33,HOLD,37.33,0.84,0.2143,0.0033,0.4449,1.1,rule_hold
SKU-JH7439,2026-08-20,34,MARKDOWN,56.0,0.84,0.0,0.0033,0.4449,1.1,rule_markdown
SKU-JH7439,2026-08-27,35,MARKDOWN,56.0,0.84,0.0,0.0033,0.4449,1.071,rule_markdown
SKU-JH7439,2026-09-03,36,HOLD,84.0,0.88,0.8571,0.0033,0.4449,1.0,rule_hold
SKU-JH7439,2026-09-10,37,MARKDOWN,84.0,0.88,0.2857,0.0033,0.4449,1.0,rule_markdown
SKU-JH7439,2026-09-17,38,HOLD,28.0,0.92,3.0,0.0033,0.4449,1.0,rule_hold
SKU-JH7439,2026-09-24,39,HOLD,9.33,0.96,0.2143,0.0033,0.4449,1.0,rule_hold
SKU-JH7439,2026-10-01,40,HOLD,14.0,0.96,2.1429,0.0033,0.4449,1.0,rule_hold
SKU-JH7439,2026-10-08,41,HOLD,14.0,0.96,0.0,0.0033,0.4449,1.0,rule_hold
SKU-JH7439,2026-10-15,42,MARKDOWN,56.0,0.9231,0.0,0.0033,0.4449,1.0,rule_markdown
SKU-JH7439,2026-10-22,43,MARKDOWN,976.67,0.9231,0.1429,0.0033,0.4449,1.0,rule_markdown
SKU-JH7439,2026-10-29,44,HOLD,976.67,0.9231,1.0,0.0033,0.4449,1.057,rule_hold
SKU-JH7439,2026-11-05,45,HOLD,976.67,0.9231,1.0,0.0033,0.4449,1.1,rule_hold
SKU-JH7439,2026-11-12,46,HOLD,976.67,0.9231,1.0,0.0033,0.4449,1.1,rule_hold
SKU-JH7439,2026-11-19,47,HOLD,976.67,0.9231,1.0,0.0033,0.4449,1.1,rule_hold
SKU-JH7439,2026-11-26,48,PROMOTE,28.0,0.9615,1.0,0.0033,0.4449,1.157,rule_promote
SKU-JH7439,2026-12-03,49,HOLD,0.0,1.0,2.1429,0.0033,0.4449,1.3,rule_hold
SKU-JH7439,2026-12-10,50,HOLD,0.0,1.0,0.4286,0.0033,0.4449,1.3,rule_hold
SKU-JH7439,2026-12-17,51,HOLD,0.0,1.0,0.0,0.0033,0.4449,1.3,rule_hold
SKU-JH7439,2026-12-24,52,HOLD,0.0,1.0,0.0,0.0033,0.4449,1.3,rule_hold
SKU-IE3677,2026-01-01,1,,,,1.0,-0.0112,0.4363,,cold_start
SKU-IE3677,2026-01-08,2,,,,1.0,-0.0112,0.4363,,cold_start
SKU-IE3677,2026-01-15,3,,,,1.0,-0.0112,0.4363,,cold_start
SKU-IE3677,2026-01-22,4,,,,1.0,-0.0112,0.4363,,cold_start
SKU-IE3677,2026-01-29,5,MARKDOWN,532.0,0.05,0.7857,-0.0112,0.4363,0.857,rule_markdown
SKU-IE3677,2026-02-05,6,HOLD,345.33,0.075,2.2143,-0.0112,0.4363,0.9,rule_hold
SKU-IE3677,2026-02-12,7,MARKDOWN,518.0,0.075,0.5,-0.0112,0.4363,0.9,rule_markdown
SKU-IE3677,2026-02-19,8,HOLD,403.2,0.1,1.0714,-0.0112,0.4363,0.9,rule_hold
SKU-IE3677,2026-02-26,9,HOLD,397.6,0.1125,1.3357,-0.0112,0.4363,0.957,rule_hold
SKU-IE3677,2026-03-05,10,MARKDOWN,490.0,0.125,0.6786,-0.0112,0.4363,1.0,rule_markdown
SKU-IE3677,2026-03-12,11,HOLD,386.4,0.1375,1.0,-0.0112,0.4363,1.0,rule_hold
SKU-IE3677,2026-03-19,12,HOLD,375.2,0.1625,1.25,-0.0112,0.4363,1.0,rule_hold
SKU-IE3677,2026-03-26,13,HOLD,369.6,0.175,1.0714,-0.0112,0.4363,1.057,rule_hold
SKU-IE3677,2026-04-02,14,PROMOTE,364.0,0.1875,0.9643,-0.0112,0.4363,1.4,rule_promote
SKU-IE3677,2026-04-09,15,MARKDOWN,358.4,0.2,0.6071,-0.0112,0.4363,1.4,rule_markdown
SKU-IE3677,2026-04-16,16,PROMOTE,180.44,0.275,5.4286,-0.0112,0.4363,1.4,rule_promote
SKU-IE3677,2026-04-23,17,PROMOTE,156.8,0.3,1.3988,-0.0112,0.4363,1.4,rule_promote
SKU-IE3677,2026-04-30,18,MARKDOWN,154.0,0.3125,0.3452,-0.0112,0.4363,1.486,rule_markdown
SKU-IE3677,2026-05-07,19,MARKDOWN,151.2,0.325,0.5143,-0.0112,0.4363,1.5,rule_markdown
SKU-IE3677,2026-05-14,20,PROMOTE,242.67,0.35,1.0469,-0.0112,0.4363,1.5,rule_promote
SKU-IE3677,2026-05-21,21,MARKDOWN,285.6,0.3625,0.5357,-0.0112,0.4363,1.5,rule_markdown
SKU-IE3677,2026-05-28,22,MARKDOWN,357.0,0.3625,0.5714,-0.0112,0.4363,1.457,rule_markdown
SKU-IE3677,2026-06-04,23,PROMOTE,274.4,0.3875,1.0,-0.0112,0.4363,1.4,rule_promote
SKU-IE3677,2026-06-11,24,PROMOTE,263.2,0.4125,3.8571,-0.0112,0.4363,1.4,rule_promote
SKU-IE3677,2026-06-18,25,PROMOTE,329.0,0.4125,0.3214,-0.0112,0.4363,1.4,rule_promote
SKU-IE3677,2026-06-25,26,PROMOTE,257.6,0.425,0.4286,-0.0112,0.4363,1.386,rule_promote
SKU-IE3677,2026-07-02,27,PROMOTE,315.0,0.4375,0.4643,-0.0112,0.4363,1.3,rule_promote
SKU-IE3677,2026-07-09,28,PROMOTE,410.67,0.45,3.4286,-0.0112,0.4363,1.3,rule_promote
SKU-IE3677,2026-07-16,29,PROMOTE,301.0,0.4625,1.4286,-0.0112,0.4363,1.3,rule_promote
SKU-IE3677,2026-07-23,30,PROMOTE,133.0,0.525,2.6786,-0.0112,0.4363,1.3,rule_promote
SKU-IE3677,2026-07-30,31,PROMOTE,112.0,0.55,2.2347,-0.0112,0.4363,1.157,rule_promote
SKU-IE3677,2026-08-06,32,HOLD,126.0,0.55,0.5714,-0.0112,0.4363,1.1,rule_hold
SKU-IE3677,2026-08-13,33,HOLD,144.0,0.55,0.0,-0.0112,0.4363,1.1,rule_hold
SKU-IE3677,2026-08-20,34,HOLD,184.8,0.5875,1.2857,-0.0112,0.4363,1.1,rule_hold
SKU-IE3677,2026-08-27,35,HOLD,173.6,0.6125,4.4286,-0.0112,0.4363,1.071,rule_hold
SKU-IE3677,2026-09-03,36,HOLD,173.6,0.6125,0.4286,-0.0112,0.4363,1.0,rule_hold
SKU-IE3677,2026-09-10,37,HOLD,173.6,0.6125,0.0,-0.0112,0.4363,1.0,rule_hold
SKU-IE3677,2026-09-17,38,HOLD,434.0,0.6125,0.0,-0.0112,0.4363,1.0,rule_hold
SKU-IE3677,2026-09-24,39,HOLD,406.0,0.6375,1.7143,-0.0112,0.4363,1.0,rule_hold
SKU-IE3677,2026-10-01,40,HOLD,261.33,0.65,2.9286,-0.0112,0.4363,1.0,rule_hold
SKU-IE3677,2026-10-08,41,HOLD,189.0,0.6625,1.3571,-0.0112,0.4363,1.0,rule_hold
SKU-IE3677,2026-10-15,42,HOLD,80.5,0.7125,3.1429,-0.0112,0.4363,1.0,rule_hold
SKU-IE3677,2026-10-22,43,HOLD,107.33,0.7125,1.0714,-0.0112,0.4363,1.0,rule_hold
SKU-IE3677,2026-10-29,44,HOLD,70.0,0.75,0.9286,-0.0112,0.4363,1.057,rule_hold
SKU-IE3677,2026-11-05,45,HOLD,66.5,0.7625,0.9714,-0.0112,0.4363,1.1,rule_hold
SKU-IE3677,2026-11-12,46,HOLD,64.0,0.8,1.702,-0.0112,0.4363,1.1,rule_hold
SKU-IE3677,2026-11-19,47,HOLD,43.56,0.825,1.0857,-0.0112,0.4363,1.1,rule_hold
SKU-IE3677,2026-11-26,48,PROMOTE,52.0,0.8375,0.6556,-0.0112,0.4363,1.157,rule_promote
SKU-IE3677,2026-12-03,49,PROMOTE,38.5,0.8625,0.8469,-0.0112,0.4363,1.3,rule_promote
SKU-IE3677,2026-12-10,50,PROMOTE,61.6,0.8625,0.2429,-0.0112,0.4363,1.3,rule_promote
SKU-IE3677,2026-12-17,51,PROMOTE,37.33,0.9,1.9286,-0.0112,0.4363,1.3,rule_promote
SKU-IE3677,2026-12-24,52,PROMOTE,32.67,0.9125,1.5571,-0.0112,0.4363,1.3,rule_promote
SKU-JI2581,2026-01-01,1,,,,1.0,-0.1824,0.4451,,cold_start
SKU-JI2581,2026-01-08,2,,,,1.0,-0.1824,0.4451,,cold_start
SKU-JI2581,2026-01-15,3,,,,1.0,-0.1824,0.4451,,cold_start
SKU-JI2581,2026-01-22,4,,,,1.0,-0.1824,0.4451,,cold_start
SKU-JI2581,2026-01-29,5,MARKDOWN,168.0,0.1429,0.0,-0.1824,0.4451,0.857,rule_markdown
SKU-JI2581,2026-02-05,6,MARKDOWN,336.0,0.1429,0.0,-0.1824,0.4451,0.9,rule_markdown
SKU-JI2581,2026-02-12,7,MARKDOWN,999.0,0.1429,0.5714,-0.1824,0.4451,0.9,rule_markdown
SKU-JI2581,2026-02-19,8,HOLD,999.0,0.1429,1.0,-0.1824,0.4451,0.9,rule_hold
SKU-JI2581,2026-02-26,9,HOLD,999.0,0.1429,1.0,-0.1824,0.4451,0.957,rule_hold
SKU-JI2581,2026-03-05,10,HOLD,308.0,0.2143,1.0,-0.1824,0.4451,1.0,rule_hold
SKU-JI2581,2026-03-12,11,MARKDOWN,308.0,0.2143,0.2857,-0.1824,0.4451,1.0,rule_markdown
SKU-JI2581,2026-03-19,12,HOLD,140.0,0.2857,2.1429,-0.1824,0.4451,1.0,rule_hold
SKU-JI2581,2026-03-26,13,HOLD,140.0,0.2857,0.8571,-0.1824,0.4451,1.057,rule_hold
SKU-JI2581,2026-04-02,14,MARKDOWN,280.0,0.2857,0.0,-0.1824,0.4451,1.4,rule_markdown
SKU-JI2581,2026-04-09,15,MARKDOWN,280.0,0.2857,0.0,-0.1824,0.4451,1.4,rule_markdown
SKU-JI2581,2026-04-16,16,MARKDOWN,999.0,0.2857,0.7143,-0.1824,0.4451,1.4,rule_markdown
SKU-JI2581,2026-04-23,17,PROMOTE,999.0,0.2857,1.0,-0.1824,0.4451,1.4,rule_promote
SKU-JI2581,2026-04-30,18,PROMOTE,999.0,0.2857,1.0,-0.1824,0.4451,1.486,rule_promote
SKU-JI2581,2026-05-07,19,PROMOTE,999.0,0.2857,1.0,-0.1824,0.4451,1.5,rule_promote
SKU-JI2581,2026-05-14,20,PROMOTE,252.0,0.3571,1.0,-0.1824,0.4451,1.5,rule_promote
SKU-JI2581,2026-05-21,21,MARKDOWN,252.0,0.3571,0.5714,-0.1824,0.4451,1.5,rule_markdown
SKU-JI2581,2026-05-28,22,MARKDOWN,252.0,0.3571,0.0,-0.1824,0.4451,1.457,rule_markdown
SKU-JI2581,2026-06-04,23,PROMOTE,65.33,0.5,5.5714,-0.1824,0.4451,1.4,rule_promote
SKU-JI2581,2026-06-11,24,PROMOTE,35.0,0.6429,1.2143,-0.1824,0.4451,1.4,rule_promote
SKU-JI2581,2026-06-18,25,PROMOTE,22.4,0.7143,2.8929,-0.1824,0.4451,1.4,rule_promote
SKU-JI2581,2026-06-25,26,PROMOTE,22.4,0.7143,0.0,-0.1824,0.4451,1.386,rule_promote
SKU-JI2581,2026-07-02,27,PROMOTE,37.33,0.7143,0.0,-0.1824,0.4451,1.3,rule_promote
SKU-JI2581,2026-07-09,28,PROMOTE,42.0,0.7857,1.0714,-0.1824,0.4451,1.3,rule_promote
SKU-JI2581,2026-07-16,29,PROMOTE,84.0,0.7857,0.4286,-0.1824,0.4451,1.3,rule_promote
SKU-JI2581,2026-07-23,30,PROMOTE,28.0,0.8571,2.1429,-0.1824,0.4451,1.3,rule_promote
SKU-JI2581,2026-07-30,31,PROMOTE,28.0,0.8571,0.8571,-0.1824,0.4451,1.157,rule_promote
SKU-JI2581,2026-08-06,32,HOLD,28.0,0.8667,2.1429,-0.1824,0.4451,1.1,rule_hold
SKU-JI2581,2026-08-13,33,HOLD,28.0,0.8667,0.4286,-0.1824,0.4451,1.1,rule_hold
SKU-JI2581,2026-08-20,34,HOLD,56.0,0.8667,0.0,-0.1824,0.4451,1.1,rule_hold
SKU-JI2581,2026-08-27,35,HOLD,56.0,0.8667,0.0,-0.1824,0.4451,1.071,rule_hold
SKU-JI2581,2026-09-03,36,HOLD,28.0,0.9333,0.8571,-0.1824,0.4451,1.0,rule_hold
SKU-JI2581,2026-09-10,37,HOLD,28.0,0.9333,0.4286,-0.1824,0.4451,1.0,rule_hold
SKU-JI2581,2026-09-17,38,HOLD,0.0,1.0,3.0,-0.1824,0.4451,1.0,rule_hold
SKU-JI2581,2026-09-24,39,HOLD,14.0,0.9375,0.0,-0.1824,0.4451,1.0,rule_hold
SKU-JI2581,2026-10-01,40,HOLD,28.0,0.9375,0.0,-0.1824,0.4451,1.0,rule_hold
SKU-JI2581,2026-10-08,41,HOLD,28.0,0.9375,0.0,-0.1824,0.4451,1.0,rule_hold
SKU-JI2581,2026-10-15,42,HOLD,844.29,0.9375,1.0,-0.1824,0.4451,1.0,rule_hold
SKU-JI2581,2026-10-22,43,HOLD,844.29,0.9375,1.0,-0.1824,0.4451,1.0,rule_hold
SKU-JI2581,2026-10-29,44,HOLD,844.29,0.9375,1.0,-0.1824,0.4451,1.057,rule_hold
SKU-JI2581,2026-11-05,45,HOLD,0.0,1.0,1.0,-0.1824,0.4451,1.1,rule_hold
SKU-JI2581,2026-11-12,46,HOLD,0.0,1.0,0.1429,-0.1824,0.4451,1.1,rule_hold
SKU-JI2581,2026-11-19,47,HOLD,0.0,1.0,0.0,-0.1824,0.4451,1.1,rule_hold
SKU-JI2581,2026-11-26,48,HOLD,0.0,1.0,0.0,-0.1824,0.4451,1.157,rule_hold
SKU-JI2581,2026-12-03,49,HOLD,0.0,1.0,0.8571,-0.1824,0.4451,1.3,rule_hold
SKU-JI2581,2026-12-10,50,HOLD,0.0,1.0,1.0,-0.1824,0.4451,1.3,rule_hold
SKU-JI2581,2026-12-17,51,PROMOTE,999.0,0.8889,1.0,-0.1824,0.4451,1.3,rule_promote
SKU-JI2581,2026-12-24,52,PROMOTE,999.0,0.8889,1.0,-0.1824,0.4451,1.3,rule_promote
SKU-JI4335,2026-01-01,1,,,,1.0,-0.0112,0.4573,,cold_start
SKU-JI4335,2026-01-08,2,,,,1.0,-0.0112,0.4573,,cold_start
SKU-JI4335,2026-01-15,3,,,,1.0,-0.0112,0.4573,,cold_start
SKU-JI4335,2026-01-22,4,,,,1.0,-0.0112,0.4573,,cold_start
SKU-JI4335,2026-01-29,5,HOLD,532.0,0.05,2.2143,-0.0112,0.4573,0.857,rule_hold
SKU-JI4335,2026-02-05,6,MARKDOWN,999.0,0.05,0.2143,-0.0112,0.4573,0.9,rule_markdown
SKU-JI4335,2026-02-12,7,MARKDOWN,999.0,0.05,0.0,-0.0112,0.4573,0.9,rule_markdown
SKU-JI4335,2026-02-19,8,MARKDOWN,999.0,0.05,0.0,-0.0112,0.4573,0.9,rule_markdown
SKU-JI4335,2026-02-26,9,HOLD,999.0,0.05,0.8571,-0.0112,0.4573,0.957,rule_hold
SKU-JI4335,2026-03-05,10,HOLD,681.33,0.0875,1.0,-0.0112,0.4573,1.0,rule_hold
SKU-JI4335,2026-03-12,11,HOLD,681.33,0.0875,2.5714,-0.0112,0.4573,1.0,rule_hold
SKU-JI4335,2026-03-19,12,MARKDOWN,397.6,0.1125,0.2857,-0.0112,0.4573,1.0,rule_markdown
SKU-JI4335,2026-03-26,13,HOLD,276.0,0.1375,3.4571,-0.0112,0.4573,1.057,rule_hold
SKU-JI4335,2026-04-02,14,PROMOTE,227.5,0.1875,1.8357,-0.0112,0.4573,1.4,rule_promote
SKU-JI4335,2026-04-09,15,PROMOTE,227.5,0.1875,1.0612,-0.0112,0.4573,1.4,rule_promote
SKU-JI4335,2026-04-16,16,PROMOTE,170.8,0.2375,1.4107,-0.0112,0.4573,1.4,rule_promote
SKU-JI4335,2026-04-23,17,MARKDOWN,165.2,0.2625,0.5587,-0.0112,0.4573,1.4,rule_markdown
SKU-JI4335,2026-04-30,18,MARKDOWN,275.33,0.2625,0.4327,-0.0112,0.4573,1.486,rule_markdown
SKU-JI4335,2026-05-07,19,MARKDOWN,174.22,0.3,0.7857,-0.0112,0.4573,1.5,rule_markdown
SKU-JI4335,2026-05-14,20,PROMOTE,185.5,0.3375,2.1214,-0.0112,0.4573,1.5,rule_promote
SKU-JI4335,2026-05-21,21,PROMOTE,178.5,0.3625,1.5714,-0.0112,0.4573,1.5,rule_promote
SKU-JI4335,2026-05-28,22,PROMOTE,155.56,0.375,0.8316,-0.0112,0.4573,1.457,rule_promote
SKU-JI4335,2026-06-04,23,MARKDOWN,196.0,0.3875,0.4736,-0.0112,0.4573,1.4,rule_markdown
SKU-JI4335,2026-06-11,24,PROMOTE,184.0,0.425,0.9286,-0.0112,0.4573,1.4,rule_promote
SKU-JI4335,2026-06-18,25,PROMOTE,210.0,0.4375,1.7786,-0.0112,0.4573,1.4,rule_promote
SKU-JI4335,2026-06-25,26,PROMOTE,205.33,0.45,0.5357,-0.0112,0.4573,1.386,rule_promote
SKU-JI4335,2026-07-02,27,PROMOTE,246.4,0.45,0.3214,-0.0112,0.4573,1.3,rule_promote
SKU-JI4335,2026-07-09,28,PROMOTE,229.6,0.4875,2.3143,-0.0112,0.4573,1.3,rule_promote
SKU-JI4335,2026-07-16,29,PROMOTE,224.0,0.5,2.1786,-0.0112,0.4573,1.3,rule_promote
SKU-JI4335,2026-07-23,30,PROMOTE,218.4,0.5125,0.8357,-0.0112,0.4573,1.3,rule_promote
SKU-JI4335,2026-07-30,31,PROMOTE,177.33,0.525,0.2786,-0.0112,0.4573,1.157,rule_promote
SKU-JI4335,2026-08-06,32,HOLD,354.67,0.525,0.6714,-0.0112,0.4573,1.1,rule_hold
SKU-JI4335,2026-08-13,33,HOLD,345.33,0.5375,0.6429,-0.0112,0.4573,1.1,rule_hold
SKU-JI4335,2026-08-20,34,HOLD,245.0,0.5625,3.2143,-0.0112,0.4573,1.1,rule_hold
SKU-JI4335,2026-08-27,35,HOLD,326.67,0.5625,1.5,-0.0112,0.4573,1.071,rule_hold
SKU-JI4335,2026-09-03,36,HOLD,326.67,0.5625,0.0,-0.0112,0.4573,1.0,rule_hold
SKU-JI4335,2026-09-10,37,HOLD,231.0,0.5875,1.4286,-0.0112,0.4573,1.0,rule_hold
SKU-JI4335,2026-09-17,38,HOLD,462.0,0.5875,1.9286,-0.0112,0.4573,1.0,rule_hold
SKU-JI4335,2026-09-24,39,HOLD,298.67,0.6,0.6429,-0.0112,0.4573,1.0,rule_hold
SKU-JI4335,2026-10-01,40,HOLD,135.33,0.6375,3.0,-0.0112,0.4573,1.0,rule_hold
SKU-JI4335,2026-10-08,41,HOLD,126.0,0.6625,2.0714,-0.0112,0.4573,1.0,rule_hold
SKU-JI4335,2026-10-15,42,HOLD,104.0,0.675,0.6429,-0.0112,0.4573,1.0,rule_hold
SKU-JI4335,2026-10-22,43,HOLD,71.56,0.7125,1.0612,-0.0112,0.4573,1.0,rule_hold
SKU-JI4335,2026-10-29,44,HOLD,107.33,0.7125,0.6653,-0.0112,0.4573,1.057,rule_hold
SKU-JI4335,2026-11-05,45,HOLD,161.0,0.7125,0.0,-0.0112,0.4573,1.1,rule_hold
SKU-JI4335,2026-11-12,46,HOLD,154.0,0.725,0.6786,-0.0112,0.4573,1.1,rule_hold
SKU-JI4335,2026-11-19,47,HOLD,294.0,0.7375,0.8571,-0.0112,0.4573,1.1,rule_hold
SKU-JI4335,2026-11-26,48,PROMOTE,100.8,0.775,6.6429,-0.0112,0.4573,1.157,rule_promote
SKU-JI4335,2026-12-03,49,PROMOTE,100.8,0.775,1.7857,-0.0112,0.4573,1.3,rule_promote
SKU-JI4335,2026-12-10,50,PROMOTE,126.0,0.775,0.0,-0.0112,0.4573,1.3,rule_promote
SKU-JI4335,2026-12-17,51,PROMOTE,119.0,0.7875,0.6786,-0.0112,0.4573,1.3,rule_promote
SKU-JI4335,2026-12-24,52,PROMOTE,140.0,0.8125,2.0,-0.0112,0.4573,1.3,rule_promote
SKU-JH9065,2026-01-01,1,,,,1.0,-0.0141,0.4304,,cold_start
SKU-JH9065,2026-01-08,2,,,,1.0,-0.0141,0.4304,,cold_start
SKU-JH9065,2026-01-15,3,,,,1.0,-0.0141,0.4304,,cold_start
SKU-JH9065,2026-01-22,4,,,,1.0,-0.0141,0.4304,,cold_start
SKU-JH9065,2026-01-29,5,HOLD,999.0,0.0,1.0,-0.0141,0.4304,0.6,rule_hold
SKU-JH9065,2026-02-05,6,HOLD,999.0,0.0,1.0,-0.0141,0.4304,0.6,rule_hold
SKU-JH9065,2026-02-12,7,HOLD,999.0,0.0,1.0,-0.0141,0.4304,0.6,rule_hold
SKU-JH9065,2026-02-19,8,HOLD,999.0,0.0,1.0,-0.0141,0.4304,0.6,rule_hold
SKU-JH9065,2026-02-26,9,HOLD,999.0,0.0,1.0,-0.0141,0.4304,1.114,rule_hold
SKU-JH9065,2026-03-05,10,PROMOTE,196.0,0.125,1.0,-0.0141,0.4304,1.5,rule_promote
SKU-JH9065,2026-03-12,11,MARKDOWN,196.0,0.125,0.1429,-0.0141,0.4304,1.5,rule_markdown
SKU-JH9065,2026-03-19,12,MARKDOWN,196.0,0.125,0.0,-0.0141,0.4304,1.5,rule_markdown
SKU-JH9065,2026-03-26,13,MARKDOWN,196.0,0.125,0.0,-0.0141,0.4304,1.543,rule_markdown
SKU-JH9065,2026-04-02,14,PROMOTE,168.0,0.25,1.2857,-0.0141,0.4304,1.8,rule_promote
SKU-JH9065,2026-04-09,15,MARKDOWN,168.0,0.25,0.0,-0.0141,0.4304,1.8,rule_markdown
SKU-JH9065,2026-04-16,16,MARKDOWN,168.0,0.25,0.0,-0.0141,0.4304,1.8,rule_markdown
SKU-JH9065,2026-04-23,17,PROMOTE,70.0,0.375,1.7143,-0.0141,0.4304,1.8,rule_promote
SKU-JH9065,2026-04-30,18,MARKDOWN,140.0,0.375,0.4286,-0.0141,0.4304,1.629,rule_markdown
SKU-JH9065,2026-05-07,19,PROMOTE,56.0,0.5,3.0,-0.0141,0.4304,1.6,rule_promote
SKU-JH9065,2026-05-14,20,PROMOTE,56.0,0.5,0.0,-0.0141,0.4304,1.6,rule_promote
SKU-JH9065,2026-05-21,21,PROMOTE,42.0,0.625,2.1429,-0.0141,0.4304,1.6,rule_promote
SKU-JH9065,2026-05-28,22,PROMOTE,42.0,0.625,0.4286,-0.0141,0.4304,1.343,rule_promote
SKU-JH9065,2026-06-04,23,HOLD,84.0,0.625,0.0,-0.0141,0.4304,1.0,rule_hold
SKU-JH9065,2026-06-11,24,HOLD,140.0,0.5,0.0,-0.0141,0.4304,1.0,rule_hold
SKU-JH9065,2026-06-18,25,HOLD,999.0,0.5,0.8571,-0.0141,0.4304,1.0,rule_hold
SKU-JH9065,2026-06-25,26,HOLD,999.0,0.5,1.0,-0.0141,0.4304,0.957,rule_hold
SKU-JH9065,2026-07-02,27,HOLD,999.0,0.5,1.0,-0.0141,0.4304,0.7,rule_hold
SKU-JH9065,2026-07-09,28,HOLD,999.0,0.5,1.0,-0.0141,0.4304,0.7,rule_hold
SKU-JH9065,2026-07-16,29,HOLD,999.0,0.5,1.0,-0.0141,0.4304,0.7,rule_hold
SKU-JH9065,2026-07-23,30,HOLD,999.0,0.5,1.0,-0.0141,0.4304,0.7,rule_hold
SKU-JH9065,2026-07-30,31,HOLD,999.0,0.5,1.0,-0.0141,0.4304,0.771,rule_hold
SKU-JH9065,2026-08-06,32,HOLD,999.0,0.5,1.0,-0.0141,0.4304,0.8,rule_hold
SKU-JH9065,2026-08-13,33,HOLD,999.0,0.5,1.0,-0.0141,0.4304,0.8,rule_hold
SKU-JH9065,2026-08-20,34,HOLD,999.0,0.5,1.0,-0.0141,0.4304,0.8,rule_hold
SKU-JH9065,2026-08-27,35,HOLD,999.0,0.5,1.0,-0.0141,0.4304,1.057,rule_hold
SKU-JH9065,2026-09-03,36,PROMOTE,112.0,0.6,1.0,-0.0141,0.4304,1.7,rule_promote
SKU-JH9065,2026-09-10,37,PROMOTE,42.0,0.7,0.7143,-0.0141,0.4304,1.7,rule_promote
SKU-JH9065,2026-09-17,38,PROMOTE,42.0,0.7,2.5714,-0.0141,0.4304,1.7,rule_promote
SKU-JH9065,2026-09-24,39,PROMOTE,42.0,0.7,0.0,-0.0141,0.4304,1.7,rule_promote
SKU-JH9065,2026-10-01,40,PROMOTE,84.0,0.7,0.0,-0.0141,0.4304,1.5,rule_promote
SKU-JH9065,2026-10-08,41,PROMOTE,999.0,0.7,0.1429,-0.0141,0.4304,1.5,rule_promote
SKU-JH9065,2026-10-15,42,PROMOTE,56.0,0.8,1.0,-0.0141,0.4304,1.5,rule_promote
SKU-JH9065,2026-10-22,43,PROMOTE,14.0,0.9,1.8571,-0.0141,0.4304,1.5,rule_promote
SKU-JH9065,2026-10-29,44,PROMOTE,14.0,0.9,1.2857,-0.0141,0.4304,1.271,rule_promote
SKU-JH9065,2026-11-05,45,HOLD,0.0,1.0,1.2857,-0.0141,0.4304,1.1,rule_hold
SKU-JH9065,2026-11-12,46,HOLD,0.0,1.0,0.2143,-0.0141,0.4304,1.1,rule_hold
SKU-JH9065,2026-11-19,47,HOLD,0.0,1.0,0.0,-0.0141,0.4304,1.1,rule_hold
SKU-JH9065,2026-11-26,48,HOLD,0.0,1.0,0.0,-0.0141,0.4304,1.014,rule_hold
SKU-JH9065,2026-12-03,49,HOLD,999.0,0.8333,0.8571,-0.0141,0.4304,0.8,rule_hold
SKU-JH9065,2026-12-10,50,HOLD,999.0,0.8333,1.0,-0.0141,0.4304,0.8,rule_hold
SKU-JH9065,2026-12-17,51,HOLD,999.0,0.8333,1.0,-0.0141,0.4304,0.8,rule_hold
SKU-JH9065,2026-12-24,52,HOLD,999.0,0.8333,1.0,-0.0141,0.4304,0.8,rule_hold
SKU-KI1899,2026-01-01,1,,,,1.0,-0.0738,0.4552,,cold_start
SKU-KI1899,2026-01-08,2,,,,1.0,-0.0738,0.4552,,cold_start
SKU-KI1899,2026-01-15,3,,,,1.0,-0.0738,0.4552,,cold_start
SKU-KI1899,2026-01-22,4,,,,1.0,-0.0738,0.4552,,cold_start
SKU-KI1899,2026-01-29,5,MARKDOWN,252.0,0.1,0.2857,-0.0738,0.4552,0.6,rule_markdown
SKU-KI1899,2026-02-05,6,MARKDOWN,245.0,0.125,0.1429,-0.0738,0.4552,0.6,rule_markdown
SKU-KI1899,2026-02-12,7,HOLD,490.0,0.125,2.0714,-0.0738,0.4552,0.6,rule_hold
SKU-KI1899,2026-02-19,8,HOLD,476.0,0.15,2.3571,-0.0738,0.4552,0.6,rule_hold
SKU-KI1899,2026-02-26,9,HOLD,224.0,0.2,3.8571,-0.0738,0.4552,1.114,rule_hold
SKU-KI1899,2026-03-05,10,MARKDOWN,217.0,0.225,0.3571,-0.0738,0.4552,1.5,rule_markdown
SKU-KI1899,2026-03-12,11,PROMOTE,70.0,0.375,3.25,-0.0738,0.4552,1.5,rule_promote
SKU-KI1899,2026-03-19,12,PROMOTE,58.55,0.425,2.3512,-0.0738,0.4552,1.5,rule_promote
SKU-KI1899,2026-03-26,13,PROMOTE,61.6,0.45,0.426,-0.0738,0.4552,1.543,rule_promote
SKU-KI1899,2026-04-02,14,PROMOTE,58.8,0.475,0.3809,-0.0738,0.4552,1.8,rule_promote
SKU-KI1899,2026-04-09,15,PROMOTE,112.0,0.5,0.6384,-0.0738,0.4552,1.8,rule_promote
SKU-KI1899,2026-04-16,16,PROMOTE,133.0,0.525,0.5357,-0.0738,0.4552,1.8,rule_promote
SKU-KI1899,2026-04-23,17,PROMOTE,126.0,0.55,1.4286,-0.0738,0.4552,1.8,rule_promote
SKU-KI1899,2026-04-30,18,PROMOTE,119.0,0.575,0.7143,-0.0738,0.4552,1.629,rule_promote
SKU-KI1899,2026-05-07,19,PROMOTE,158.67,0.575,0.5714,-0.0738,0.4552,1.6,rule_promote
SKU-KI1899,2026-05-14,20,PROMOTE,238.0,0.575,0.0,-0.0738,0.4552,1.6,rule_promote
SKU-KI1899,2026-05-21,21,PROMOTE,224.0,0.6,1.2857,-0.0738,0.4552,1.6,rule_promote
SKU-KI1899,2026-05-28,22,PROMOTE,448.0,0.6,1.4286,-0.0738,0.4552,1.343,rule_promote
SKU-KI1899,2026-06-04,23,HOLD,448.0,0.6,0.0,-0.0738,0.4552,1.0,rule_hold
SKU-KI1899,2026-06-11,24,HOLD,448.0,0.6,0.0,-0.0738,0.4552,1.0,rule_hold
SKU-KI1899,2026-06-18,25,HOLD,420.0,0.625,0.4286,-0.0738,0.4552,1.0,rule_hold
SKU-KI1899,2026-06-25,26,HOLD,420.0,0.625,0.7143,-0.0738,0.4552,0.957,rule_hold
SKU-KI1899,2026-07-02,27,HOLD,196.0,0.65,1.2857,-0.0738,0.4552,0.7,rule_hold
SKU-KI1899,2026-07-09,28,HOLD,196.0,0.65,1.7143,-0.0738,0.4552,0.7,rule_hold
SKU-KI1899,2026-07-16,29,HOLD,392.0,0.65,0.0,-0.0738,0.4552,0.7,rule_hold
SKU-KI1899,2026-07-23,30,HOLD,182.0,0.675,0.4286,-0.0738,0.4552,0.7,rule_hold
SKU-KI1899,2026-07-30,31,HOLD,102.67,0.725,5.8571,-0.0738,0.4552,0.771,rule_hold
SKU-KI1899,2026-08-06,32,HOLD,102.67,0.725,0.2143,-0.0738,0.4552,0.8,rule_hold
SKU-KI1899,2026-08-13,33,HOLD,102.67,0.725,0.0,-0.0738,0.4552,0.8,rule_hold
SKU-KI1899,2026-08-20,34,HOLD,154.0,0.725,0.0,-0.0738,0.4552,0.8,rule_hold
SKU-KI1899,2026-08-27,35,HOLD,999.0,0.725,0.8571,-0.0738,0.4552,1.057,rule_hold
SKU-KI1899,2026-09-03,36,PROMOTE,999.0,0.725,1.0,-0.0738,0.4552,1.7,rule_promote
SKU-KI1899,2026-09-10,37,PROMOTE,126.0,0.775,1.0,-0.0738,0.4552,1.7,rule_promote
SKU-KI1899,2026-09-17,38,PROMOTE,49.0,0.825,2.5714,-0.0738,0.4552,1.7,rule_promote
SKU-KI1899,2026-09-24,39,PROMOTE,33.6,0.85,0.9643,-0.0738,0.4552,1.7,rule_promote
SKU-KI1899,2026-10-01,40,PROMOTE,33.6,0.85,0.6429,-0.0738,0.4552,1.5,rule_promote
SKU-KI1899,2026-10-08,41,PROMOTE,56.0,0.85,0.0,-0.0738,0.4552,1.5,rule_promote
SKU-KI1899,2026-10-15,42,PROMOTE,70.0,0.875,2.1429,-0.0738,0.4552,1.5,rule_promote
SKU-KI1899,2026-10-22,43,PROMOTE,56.0,0.9,2.1429,-0.0738,0.4552,1.5,rule_promote
SKU-KI1899,2026-10-29,44,PROMOTE,56.0,0.9,0.8571,-0.0738,0.4552,1.271,rule_promote
SKU-KI1899,2026-11-05,45,HOLD,98.0,0.8372,0.0,-0.0738,0.4552,1.1,rule_hold
SKU-KI1899,2026-11-12,46,HOLD,84.0,0.8605,2.3571,-0.0738,0.4552,1.1,rule_hold
SKU-KI1899,2026-11-19,47,HOLD,70.0,0.8837,3.2143,-0.0738,0.4552,1.1,rule_hold
SKU-KI1899,2026-11-26,48,HOLD,70.0,0.8837,0.0,-0.0738,0.4552,1.014,rule_hold
SKU-KI1899,2026-12-03,49,HOLD,37.33,0.907,1.2857,-0.0738,0.4552,0.8,rule_hold
SKU-KI1899,2026-12-10,50,HOLD,28.0,0.9302,0.8571,-0.0738,0.4552,0.8,rule_hold
SKU-KI1899,2026-12-17,51,HOLD,42.0,0.9302,1.7143,-0.0738,0.4552,0.8,rule_hold
SKU-KI1899,2026-12-24,52,HOLD,42.0,0.9302,0.0,-0.0738,0.4552,0.8,rule_hold
SKU-IE8573,2026-01-01,1,,,,1.0,0.0,0.461,,cold_start
SKU-IE8573,2026-01-08,2,,,,1.0,0.0,0.461,,cold_start
SKU-IE8573,2026-01-15,3,,,,1.0,0.0,0.461,,cold_start
SKU-IE8573,2026-01-22,4,,,,1.0,0.0,0.461,,cold_start
SKU-IE8573,2026-01-29,5,MARKDOWN,364.0,0.1333,0.0,0.0,0.461,0.6,rule_markdown
SKU-IE8573,2026-02-05,6,MARKDOWN,364.0,0.1333,0.0,0.0,0.461,0.6,rule_markdown
SKU-IE8573,2026-02-12,7,HOLD,700.0,0.1667,1.1429,0.0,0.461,0.6,rule_hold
SKU-IE8573,2026-02-19,8,MARKDOWN,700.0,0.1667,0.1429,0.0,0.461,0.6,rule_markdown
SKU-IE8573,2026-02-26,9,HOLD,336.0,0.2,3.0,0.0,0.461,1.114,rule_hold
SKU-IE8573,2026-03-05,10,MARKDOWN,214.67,0.2333,0.4286,0.0,0.461,1.5,rule_markdown
SKU-IE8573,2026-03-12,11,PROMOTE,322.0,0.2333,1.9286,0.0,0.461,1.5,rule_promote
SKU-IE8573,2026-03-19,12,MARKDOWN,205.33,0.2667,0.2143,0.0,0.461,1.5,rule_markdown
SKU-IE8573,2026-03-26,13,PROMOTE,196.0,0.3,4.0714,0.0,0.461,1.543,rule_promote
SKU-IE8573,2026-04-02,14,PROMOTE,186.67,0.3333,0.8571,0.0,0.461,1.8,rule_promote
SKU-IE8573,2026-04-09,15,PROMOTE,133.0,0.3667,2.7143,0.0,0.461,1.8,rule_promote
SKU-IE8573,2026-04-16,16,MARKDOWN,126.0,0.4,0.5714,0.0,0.461,1.8,rule_markdown
SKU-IE8573,2026-04-23,17,MARKDOWN,168.0,0.4,0.2857,0.0,0.461,1.8,rule_markdown
SKU-IE8573,2026-04-30,18,PROMOTE,84.0,0.5,1.2143,0.0,0.461,1.629,rule_promote
SKU-IE8573,2026-05-07,19,PROMOTE,60.67,0.5667,7.7143,0.0,0.461,1.6,rule_promote
SKU-IE8573,2026-05-14,20,PROMOTE,56.0,0.6,0.9857,0.0,0.461,1.6,rule_promote
SKU-IE8573,2026-05-21,21,MARKDOWN,44.0,0.6333,0.3857,0.0,0.461,1.6,rule_markdown
SKU-IE8573,2026-05-28,22,MARKDOWN,56.0,0.6667,0.5,0.0,0.461,1.343,rule_markdown
SKU-IE8573,2026-06-04,23,HOLD,44.8,0.7333,2.1429,0.0,0.461,1.0,rule_hold
SKU-IE8573,2026-06-11,24,HOLD,56.0,0.7333,0.8571,0.0,0.461,1.0,rule_hold
SKU-IE8573,2026-06-18,25,MARKDOWN,74.67,0.7333,0.0,0.0,0.461,1.0,rule_markdown
SKU-IE8573,2026-06-25,26,HOLD,74.67,0.7419,1.0,0.0,0.461,0.957,rule_hold
SKU-IE8573,2026-07-02,27,MARKDOWN,224.0,0.7419,0.2143,0.0,0.461,0.7,rule_markdown
SKU-IE8573,2026-07-09,28,HOLD,56.0,0.8065,5.1429,0.0,0.461,0.7,rule_hold
SKU-IE8573,2026-07-16,29,MARKDOWN,56.0,0.8065,0.4286,0.0,0.461,0.7,rule_markdown
SKU-IE8573,2026-07-23,30,HOLD,46.67,0.8387,1.4286,0.0,0.461,0.7,rule_hold
SKU-IE8573,2026-07-30,31,MARKDOWN,46.67,0.8387,0.0,0.0,0.461,0.771,rule_markdown
SKU-IE8573,2026-08-06,32,HOLD,56.0,0.871,2.5714,0.0,0.461,0.8,rule_hold
SKU-IE8573,2026-08-13,33,MARKDOWN,56.0,0.871,0.0,0.0,0.461,0.8,rule_markdown
SKU-IE8573,2026-08-20,34,MARKDOWN,112.0,0.871,0.0,0.0,0.461,0.8,rule_markdown
SKU-IE8573,2026-08-27,35,MARKDOWN,112.0,0.871,0.0,0.0,0.461,1.057,rule_markdown
SKU-IE8573,2026-09-03,36,PROMOTE,84.0,0.9032,1.0,0.0,0.461,1.7,rule_promote
SKU-IE8573,2026-09-10,37,MARKDOWN,84.0,0.9032,0.7143,0.0,0.461,1.7,rule_markdown
SKU-IE8573,2026-09-17,38,MARKDOWN,84.0,0.9032,0.0,0.0,0.461,1.7,rule_markdown
SKU-IE8573,2026-09-24,39,MARKDOWN,84.0,0.9032,0.0,0.0,0.461,1.7,rule_markdown
SKU-IE8573,2026-10-01,40,PROMOTE,56.0,0.9355,2.0,0.0,0.461,1.5,rule_promote
SKU-IE8573,2026-10-08,41,MARKDOWN,56.0,0.9355,0.1429,0.0,0.461,1.5,rule_markdown
SKU-IE8573,2026-10-15,42,MARKDOWN,56.0,0.9355,0.0,0.0,0.461,1.5,rule_markdown
SKU-IE8573,2026-10-22,43,PROMOTE,28.0,0.9375,3.0,0.0,0.461,1.5,rule_promote
SKU-IE8573,2026-10-29,44,PROMOTE,14.0,0.9688,2.5714,0.0,0.461,1.271,rule_promote
SKU-IE8573,2026-11-05,45,HOLD,14.0,0.9688,0.4286,0.0,0.461,1.1,rule_hold
SKU-IE8573,2026-11-12,46,HOLD,0.0,1.0,0.4286,0.0,0.461,1.1,rule_hold
SKU-IE8573,2026-11-19,47,HOLD,14.0,0.9697,2.1429,0.0,0.461,1.1,rule_hold
SKU-IE8573,2026-11-26,48,HOLD,0.0,1.0,1.7143,0.0,0.461,1.014,rule_hold
SKU-IE8573,2026-12-03,49,HOLD,0.0,1.0,1.2857,0.0,0.461,0.8,rule_hold
SKU-IE8573,2026-12-10,50,HOLD,0.0,1.0,0.0,0.0,0.461,0.8,rule_hold
SKU-IE8573,2026-12-17,51,HOLD,0.0,1.0,0.0,0.0,0.461,0.8,rule_hold
SKU-IE8573,2026-12-24,52,HOLD,0.0,1.0,0.5714,0.0,0.461,0.8,rule_hold
SKU-IE0525,2026-01-01,1,,,,1.0,-0.0112,0.452,,cold_start
SKU-IE0525,2026-01-08,2,,,,1.0,-0.0112,0.452,,cold_start
SKU-IE0525,2026-01-15,3,,,,1.0,-0.0112,0.452,,cold_start
SKU-IE0525,2026-01-22,4,,,,1.0,-0.0112,0.452,,cold_start
SKU-IE0525,2026-01-29,5,HOLD,999.0,0.0,1.0,-0.0112,0.452,0.6,rule_hold
SKU-IE0525,2026-02-05,6,HOLD,999.0,0.0,1.0,-0.0112,0.452,0.6,rule_hold
SKU-IE0525,2026-02-12,7,HOLD,999.0,0.0,1.0,-0.0112,0.452,0.6,rule_hold
SKU-IE0525,2026-02-19,8,HOLD,999.0,0.0,1.0,-0.0112,0.452,0.6,rule_hold
SKU-IE0525,2026-02-26,9,HOLD,999.0,0.0,1.0,-0.0112,0.452,1.114,rule_hold
SKU-IE0525,2026-03-05,10,PROMOTE,224.0,0.1111,1.0,-0.0112,0.452,1.5,rule_promote
SKU-IE0525,2026-03-12,11,PROMOTE,98.0,0.2222,3.0,-0.0112,0.452,1.5,rule_promote
SKU-IE0525,2026-03-19,12,MARKDOWN,98.0,0.2222,0.0,-0.0112,0.452,1.5,rule_markdown
SKU-IE0525,2026-03-26,13,MARKDOWN,98.0,0.2222,0.0,-0.0112,0.452,1.543,rule_markdown
SKU-IE0525,2026-04-02,14,MARKDOWN,196.0,0.2222,0.0,-0.0112,0.452,1.8,rule_markdown
SKU-IE0525,2026-04-09,15,PROMOTE,168.0,0.3333,1.0,-0.0112,0.452,1.8,rule_promote
SKU-IE0525,2026-04-16,16,MARKDOWN,168.0,0.3333,0.4286,-0.0112,0.452,1.8,rule_markdown
SKU-IE0525,2026-04-23,17,MARKDOWN,168.0,0.3333,0.0,-0.0112,0.452,1.8,rule_markdown
SKU-IE0525,2026-04-30,18,MARKDOWN,168.0,0.3333,0.0,-0.0112,0.452,1.629,rule_markdown
SKU-IE0525,2026-05-07,19,MARKDOWN,999.0,0.3333,0.5714,-0.0112,0.452,1.6,rule_markdown
SKU-IE0525,2026-05-14,20,PROMOTE,56.0,0.5556,1.0,-0.0112,0.452,1.6,rule_promote
SKU-IE0525,2026-05-21,21,PROMOTE,56.0,0.5556,0.7143,-0.0112,0.452,1.6,rule_promote
SKU-IE0525,2026-05-28,22,PROMOTE,56.0,0.5556,0.0,-0.0112,0.452,1.343,rule_promote
SKU-IE0525,2026-06-04,23,HOLD,56.0,0.5556,0.0,-0.0112,0.452,1.0,rule_hold
SKU-IE0525,2026-06-11,24,HOLD,999.0,0.5556,0.2857,-0.0112,0.452,1.0,rule_hold
SKU-IE0525,2026-06-18,25,HOLD,999.0,0.5556,1.0,-0.0112,0.452,1.0,rule_hold
SKU-IE0525,2026-06-25,26,HOLD,999.0,0.5556,1.0,-0.0112,0.452,0.957,rule_hold
SKU-IE0525,2026-07-02,27,HOLD,999.0,0.5556,1.0,-0.0112,0.452,0.7,rule_hold
SKU-IE0525,2026-07-09,28,HOLD,999.0,0.5556,1.0,-0.0112,0.452,0.7,rule_hold
SKU-IE0525,2026-07-16,29,HOLD,999.0,0.5556,1.0,-0.0112,0.452,0.7,rule_hold
SKU-IE0525,2026-07-23,30,HOLD,999.0,0.5556,1.0,-0.0112,0.452,0.7,rule_hold
SKU-IE0525,2026-07-30,31,HOLD,999.0,0.5556,1.0,-0.0112,0.452,0.771,rule_hold
SKU-IE0525,2026-08-06,32,HOLD,999.0,0.5556,1.0,-0.0112,0.452,0.8,rule_hold
SKU-IE0525,2026-08-13,33,HOLD,28.0,0.7778,1.0,-0.0112,0.452,0.8,rule_hold
SKU-IE0525,2026-08-20,34,HOLD,28.0,0.7778,1.8571,-0.0112,0.452,0.8,rule_hold
SKU-IE0525,2026-08-27,35,HOLD,28.0,0.7778,0.0,-0.0112,0.452,1.057,rule_hold
SKU-IE0525,2026-09-03,36,HOLD,9.33,0.8889,0.8571,-0.0112,0.452,1.7,rule_hold
SKU-IE0525,2026-09-10,37,PROMOTE,56.0,0.8,1.0714,-0.0112,0.452,1.7,rule_promote
SKU-IE0525,2026-09-17,38,PROMOTE,56.0,0.8,0.0,-0.0112,0.452,1.7,rule_promote
SKU-IE0525,2026-09-24,39,PROMOTE,14.0,0.9,2.5714,-0.0112,0.452,1.7,rule_promote
SKU-IE0525,2026-10-01,40,PROMOTE,56.0,0.8182,0.4286,-0.0112,0.452,1.5,rule_promote
SKU-IE0525,2026-10-08,41,PROMOTE,56.0,0.8182,0.0,-0.0112,0.452,1.5,rule_promote
SKU-IE0525,2026-10-15,42,PROMOTE,56.0,0.8182,0.0,-0.0112,0.452,1.5,rule_promote
SKU-IE0525,2026-10-22,43,PROMOTE,999.0,0.8182,0.8571,-0.0112,0.452,1.5,rule_promote
SKU-IE0525,2026-10-29,44,PROMOTE,28.0,0.9091,1.0,-0.0112,0.452,1.271,rule_promote
SKU-IE0525,2026-11-05,45,HOLD,28.0,0.9091,0.2857,-0.0112,0.452,1.1,rule_hold
SKU-IE0525,2026-11-12,46,HOLD,28.0,0.9091,0.0,-0.0112,0.452,1.1,rule_hold
SKU-IE0525,2026-11-19,47,HOLD,28.0,0.9091,0.0,-0.0112,0.452,1.1,rule_hold
SKU-IE0525,2026-11-26,48,HOLD,0.0,1.0,0.7143,-0.0112,0.452,1.014,rule_hold
SKU-IE0525,2026-12-03,49,HOLD,28.0,0.9167,0.5714,-0.0112,0.452,0.8,rule_hold
SKU-IE0525,2026-12-10,50,HOLD,28.0,0.9167,0.0,-0.0112,0.452,0.8,rule_hold
SKU-IE0525,2026-12-17,51,HOLD,28.0,0.9167,0.0,-0.0112,0.452,0.8,rule_hold
SKU-IE0525,2026-12-24,52,HOLD,0.0,1.0,0.8571,-0.0112,0.452,0.8,rule_hold
SKU-JH9242,2026-01-01,1,,,,1.0,0.0,0.441,,cold_start
SKU-JH9242,2026-01-08,2,,,,1.0,0.0,0.441,,cold_start
SKU-JH9242,2026-01-15,3,,,,1.0,0.0,0.441,,cold_start
SKU-JH9242,2026-01-22,4,,,,1.0,0.0,0.441,,cold_start
SKU-JH9242,2026-01-29,5,MARKDOWN,616.0,0.0833,0.4286,0.0,0.441,0.6,rule_markdown
SKU-JH9242,2026-02-05,6,MARKDOWN,616.0,0.0833,0.0,0.0,0.441,0.6,rule_markdown
SKU-JH9242,2026-02-12,7,MARKDOWN,616.0,0.0833,0.0,0.0,0.441,0.6,rule_markdown
SKU-JH9242,2026-02-19,8,MARKDOWN,999.0,0.0833,0.5714,0.0,0.441,0.6,rule_markdown
SKU-JH9242,2026-02-26,9,HOLD,588.0,0.125,1.0,0.0,0.441,1.114,rule_hold
SKU-JH9242,2026-03-05,10,PROMOTE,177.33,0.2083,1.7143,0.0,0.441,1.5,rule_promote
SKU-JH9242,2026-03-12,11,PROMOTE,177.33,0.2083,1.2857,0.0,0.441,1.5,rule_promote
SKU-JH9242,2026-03-19,12,MARKDOWN,126.0,0.25,0.5714,0.0,0.441,1.5,rule_markdown
SKU-JH9242,2026-03-26,13,MARKDOWN,168.0,0.25,0.4286,0.0,0.441,1.543,rule_markdown
SKU-JH9242,2026-04-02,14,MARKDOWN,238.0,0.2917,0.4286,0.0,0.441,1.8,rule_markdown
SKU-JH9242,2026-04-09,15,PROMOTE,238.0,0.2917,2.5714,0.0,0.441,1.8,rule_promote
SKU-JH9242,2026-04-16,16,PROMOTE,98.0,0.4167,3.6429,0.0,0.441,1.8,rule_promote
SKU-JH9242,2026-04-23,17,PROMOTE,98.0,0.4167,3.7143,0.0,0.441,1.8,rule_promote
SKU-JH9242,2026-04-30,18,MARKDOWN,130.67,0.4167,0.0,0.0,0.441,1.629,rule_markdown
SKU-JH9242,2026-05-07,19,PROMOTE,51.33,0.5417,0.8571,0.0,0.441,1.6,rule_promote
SKU-JH9242,2026-05-14,20,PROMOTE,37.33,0.6667,5.1429,0.0,0.441,1.6,rule_promote
SKU-JH9242,2026-05-21,21,PROMOTE,37.33,0.6667,0.6429,0.0,0.441,1.6,rule_promote
SKU-JH9242,2026-05-28,22,PROMOTE,37.33,0.6667,0.0,0.0,0.441,1.343,rule_promote
SKU-JH9242,2026-06-04,23,MARKDOWN,74.67,0.6667,0.0,0.0,0.441,1.0,rule_markdown
SKU-JH9242,2026-06-11,24,MARKDOWN,999.0,0.6667,0.1429,0.0,0.441,1.0,rule_markdown
SKU-JH9242,2026-06-18,25,HOLD,999.0,0.5926,1.0,0.0,0.441,1.0,rule_hold
SKU-JH9242,2026-06-25,26,HOLD,280.0,0.6296,1.0,0.0,0.441,0.957,rule_hold
SKU-JH9242,2026-07-02,27,HOLD,126.0,0.6667,1.5714,0.0,0.441,0.7,rule_hold
SKU-JH9242,2026-07-09,28,MARKDOWN,126.0,0.6667,0.4286,0.0,0.441,0.7,rule_markdown
SKU-JH9242,2026-07-16,29,MARKDOWN,126.0,0.6667,0.0,0.0,0.441,0.7,rule_markdown
SKU-JH9242,2026-07-23,30,MARKDOWN,252.0,0.6667,0.0,0.0,0.441,0.7,rule_markdown
SKU-JH9242,2026-07-30,31,HOLD,224.0,0.7037,0.8571,0.0,0.441,0.771,rule_hold
SKU-JH9242,2026-08-06,32,HOLD,98.0,0.7407,2.4286,0.0,0.441,0.8,rule_hold
SKU-JH9242,2026-08-13,33,MARKDOWN,98.0,0.7407,0.4286,0.0,0.441,0.8,rule_markdown
SKU-JH9242,2026-08-20,34,MARKDOWN,98.0,0.7407,0.0,0.0,0.441,0.8,rule_markdown
SKU-JH9242,2026-08-27,35,MARKDOWN,84.0,0.7778,0.4286,0.0,0.441,1.057,rule_markdown
SKU-JH9242,2026-09-03,36,PROMOTE,37.33,0.8519,2.0,0.0,0.441,1.7,rule_promote
SKU-JH9242,2026-09-10,37,HOLD,11.2,0.9259,5.6429,0.0,0.441,1.7,rule_hold
SKU-JH9242,2026-09-17,38,HOLD,11.2,0.9259,0.5714,0.0,0.441,1.7,rule_hold
SKU-JH9242,2026-09-24,39,HOLD,5.6,0.963,0.3643,0.0,0.441,1.7,rule_hold
SKU-JH9242,2026-10-01,40,HOLD,0.0,1.0,0.7857,0.0,0.441,1.5,rule_hold
SKU-JH9242,2026-10-08,41,HOLD,0.0,1.0,0.7143,0.0,0.441,1.5,rule_hold
SKU-JH9242,2026-10-15,42,HOLD,0.0,1.0,0.0,0.0,0.441,1.5,rule_hold
SKU-JH9242,2026-10-22,43,HOLD,0.0,1.0,1.2857,0.0,0.441,1.5,rule_hold
SKU-JH9242,2026-10-29,44,HOLD,0.0,1.0,1.4286,0.0,0.441,1.271,rule_hold
SKU-JH9242,2026-11-05,45,HOLD,0.0,1.0,0.0,0.0,0.441,1.1,rule_hold
SKU-JH9242,2026-11-12,46,HOLD,0.0,1.0,0.0,0.0,0.441,1.1,rule_hold
SKU-JH9242,2026-11-19,47,HOLD,0.0,1.0,0.4286,0.0,0.441,1.1,rule_hold
SKU-JH9242,2026-11-26,48,HOLD,999.0,0.9032,1.0,0.0,0.441,1.014,rule_hold
SKU-JH9242,2026-12-03,49,HOLD,56.0,0.9355,1.0,0.0,0.441,0.8,rule_hold
SKU-JH9242,2026-12-10,50,MARKDOWN,56.0,0.9355,0.1429,0.0,0.441,0.8,rule_markdown
SKU-JH9242,2026-12-17,51,HOLD,14.0,0.9677,2.5714,0.0,0.441,0.8,rule_hold
SKU-JH9242,2026-12-24,52,HOLD,14.0,0.9677,0.4286,0.0,0.441,0.8,rule_hold
SKU-JQ5167,2026-01-01,1,,,,1.0,0.0779,0.4456,,cold_start
SKU-JQ5167,2026-01-08,2,,,,1.0,0.0779,0.4456,,cold_start
SKU-JQ5167,2026-01-15,3,,,,1.0,0.0779,0.4456,,cold_start
SKU-JQ5167,2026-01-22,4,,,,1.0,0.0779,0.4456,,cold_start
SKU-JQ5167,2026-01-29,5,HOLD,999.0,0.0,1.0,0.0779,0.4456,0.6,rule_hold
SKU-JQ5167,2026-02-05,6,HOLD,999.0,0.0,1.0,0.0779,0.4456,0.6,rule_hold
SKU-JQ5167,2026-02-12,7,HOLD,999.0,0.0,1.0,0.0779,0.4456,0.6,rule_hold
SKU-JQ5167,2026-02-19,8,HOLD,999.0,0.0,1.0,0.0779,0.4456,0.6,rule_hold
SKU-JQ5167,2026-02-26,9,HOLD,999.0,0.0,1.0,0.0779,0.4456,1.114,rule_hold
SKU-JQ5167,2026-03-05,10,PROMOTE,999.0,0.0,1.0,0.0779,0.4456,1.5,rule_promote
SKU-JQ5167,2026-03-12,11,PROMOTE,999.0,0.0,1.0,0.0779,0.4456,1.5,rule_promote
SKU-JQ5167,2026-03-19,12,PROMOTE,999.0,0.0,1.0,0.0779,0.4456,1.5,rule_promote
SKU-JQ5167,2026-03-26,13,PROMOTE,999.0,0.0,1.0,0.0779,0.4456,1.543,rule_promote
SKU-JQ5167,2026-04-02,14,PROMOTE,999.0,0.0,1.0,0.0779,0.4456,1.8,rule_promote
SKU-JQ5167,2026-04-09,15,PROMOTE,999.0,0.0,1.0,0.0779,0.4456,1.8,rule_promote
SKU-JQ5167,2026-04-16,16,PROMOTE,999.0,0.0,1.0,0.0779,0.4456,1.8,rule_promote
SKU-JQ5167,2026-04-23,17,PROMOTE,999.0,0.0,1.0,0.0779,0.4456,1.8,rule_promote
SKU-JQ5167,2026-04-30,18,PROMOTE,999.0,0.0,1.0,0.0779,0.4456,1.629,rule_promote
SKU-JQ5167,2026-05-07,19,PROMOTE,999.0,0.0,1.0,0.0779,0.4456,1.6,rule_promote
SKU-JQ5167,2026-05-14,20,PROMOTE,999.0,0.0,1.0,0.0779,0.4456,1.6,rule_promote
SKU-JQ5167,2026-05-21,21,PROMOTE,999.0,0.0,1.0,0.0779,0.4456,1.6,rule_promote
SKU-JQ5167,2026-05-28,22,PROMOTE,999.0,0.0,1.0,0.0779,0.4456,1.343,rule_promote
SKU-JQ5167,2026-06-04,23,HOLD,999.0,0.0,1.0,0.0779,0.4456,1.0,rule_hold
SKU-JQ5167,2026-06-11,24,HOLD,999.0,0.0,1.0,0.0779,0.4456,1.0,rule_hold
SKU-JQ5167,2026-06-18,25,HOLD,999.0,0.0,1.0,0.0779,0.4456,1.0,rule_hold
SKU-JQ5167,2026-06-25,26,HOLD,999.0,0.0,1.0,0.0779,0.4456,0.957,rule_hold
SKU-JQ5167,2026-07-02,27,HOLD,999.0,0.0,1.0,0.0779,0.4456,0.7,rule_hold
SKU-JQ5167,2026-07-09,28,HOLD,999.0,0.0,1.0,0.0779,0.4456,0.7,rule_hold
SKU-JQ5167,2026-07-16,29,HOLD,999.0,0.0,1.0,0.0779,0.4456,0.7,rule_hold
SKU-JQ5167,2026-07-23,30,HOLD,999.0,0.0,1.0,0.0779,0.4456,0.7,rule_hold
SKU-JQ5167,2026-07-30,31,HOLD,999.0,0.0,1.0,0.0779,0.4456,0.771,rule_hold
SKU-JQ5167,2026-08-06,32,HOLD,999.0,0.0,1.0,0.0779,0.4456,0.8,rule_hold
SKU-JQ5167,2026-08-13,33,HOLD,999.0,0.0,1.0,0.0779,0.4456,0.8,rule_hold
SKU-JQ5167,2026-08-20,34,HOLD,999.0,0.0,1.0,0.0779,0.4456,0.8,rule_hold
SKU-JQ5167,2026-08-27,35,HOLD,84.0,0.25,1.0,0.0779,0.4456,1.057,rule_hold
SKU-JQ5167,2026-09-03,36,MARKDOWN,84.0,0.25,0.7143,0.0779,0.4456,1.7,rule_markdown
SKU-JQ5167,2026-09-10,37,MARKDOWN,84.0,0.25,0.0,0.0779,0.4456,1.7,rule_markdown
SKU-JQ5167,2026-09-17,38,MARKDOWN,84.0,0.25,0.0,0.0779,0.4456,1.7,rule_markdown
SKU-JQ5167,2026-09-24,39,MARKDOWN,999.0,0.25,0.2857,0.0779,0.4456,1.7,rule_markdown
SKU-JQ5167,2026-10-01,40,PROMOTE,999.0,0.25,1.0,0.0779,0.4456,1.5,rule_promote
SKU-JQ5167,2026-10-08,41,PROMOTE,999.0,0.25,1.0,0.0779,0.4456,1.5,rule_promote
SKU-JQ5167,2026-10-15,42,PROMOTE,999.0,0.25,1.0,0.0779,0.4456,1.5,rule_promote
SKU-JQ5167,2026-10-22,43,PROMOTE,999.0,0.25,1.0,0.0779,0.4456,1.5,rule_promote
SKU-JQ5167,2026-10-29,44,PROMOTE,999.0,0.25,1.0,0.0779,0.4456,1.271,rule_promote
SKU-JQ5167,2026-11-05,45,HOLD,999.0,0.25,1.0,0.0779,0.4456,1.1,rule_hold
SKU-JQ5167,2026-11-12,46,HOLD,999.0,0.25,1.0,0.0779,0.4456,1.1,rule_hold
SKU-JQ5167,2026-11-19,47,HOLD,999.0,0.25,1.0,0.0779,0.4456,1.1,rule_hold
SKU-JQ5167,2026-11-26,48,HOLD,999.0,0.25,1.0,0.0779,0.4456,1.014,rule_hold
SKU-JQ5167,2026-12-03,49,HOLD,999.0,0.25,1.0,0.0779,0.4456,0.8,rule_hold
SKU-JQ5167,2026-12-10,50,HOLD,999.0,0.25,1.0,0.0779,0.4456,0.8,rule_hold
SKU-JQ5167,2026-12-17,51,HOLD,999.0,0.25,1.0,0.0779,0.4456,0.8,rule_hold
SKU-JQ5167,2026-12-24,52,HOLD,999.0,0.25,1.0,0.0779,0.4456,0.8,rule_hold
SKU-IH6705,2026-01-01,1,,,,1.0,0.0883,0.484,,cold_start
SKU-IH6705,2026-01-08,2,,,,1.0,0.0883,0.484,,cold_start
SKU-IH6705,2026-01-15,3,,,,1.0,0.0883,0.484,,cold_start
SKU-IH6705,2026-01-22,4,,,,1.0,0.0883,0.484,,cold_start
SKU-IH6705,2026-01-29,5,MARKDOWN,999.0,0.0179,0.0,0.0883,0.484,0.6,rule_markdown
SKU-IH6705,2026-02-05,6,HOLD,999.0,0.0179,1.0,0.0883,0.484,0.6,rule_hold
SKU-IH6705,2026-02-12,7,HOLD,999.0,0.0179,1.0,0.0883,0.484,0.6,rule_hold
SKU-IH6705,2026-02-19,8,HOLD,999.0,0.0179,1.0,0.0883,0.484,0.6,rule_hold
SKU-IH6705,2026-02-26,9,HOLD,999.0,0.0357,1.0,0.0883,0.484,1.114,rule_hold
SKU-IH6705,2026-03-05,10,PROMOTE,742.0,0.0536,1.2857,0.0883,0.484,1.5,rule_promote
SKU-IH6705,2026-03-12,11,PROMOTE,143.11,0.1786,6.6429,0.0883,0.484,1.5,rule_promote
SKU-IH6705,2026-03-19,12,PROMOTE,112.0,0.2143,1.9425,0.0883,0.484,1.5,rule_promote
SKU-IH6705,2026-03-26,13,MARKDOWN,109.45,0.2321,0.3714,0.0883,0.484,1.543,rule_markdown
SKU-IH6705,2026-04-02,14,MARKDOWN,106.91,0.25,0.4714,0.0883,0.484,1.8,rule_markdown
SKU-IH6705,2026-04-09,15,MARKDOWN,229.6,0.2679,0.2832,0.0883,0.484,1.8,rule_markdown
SKU-IH6705,2026-04-16,16,PROMOTE,280.0,0.2857,1.9286,0.0883,0.484,1.8,rule_promote
SKU-IH6705,2026-04-23,17,MARKDOWN,273.0,0.3036,0.5714,0.0883,0.484,1.8,rule_markdown
SKU-IH6705,2026-04-30,18,MARKDOWN,364.0,0.3036,0.2857,0.0883,0.484,1.629,rule_markdown
SKU-IH6705,2026-05-07,19,PROMOTE,354.67,0.3214,1.0714,0.0883,0.484,1.6,rule_promote
SKU-IH6705,2026-05-14,20,PROMOTE,345.33,0.3393,1.5,0.0883,0.484,1.6,rule_promote
SKU-IH6705,2026-05-21,21,MARKDOWN,518.0,0.3393,0.0,0.0883,0.484,1.6,rule_markdown
SKU-IH6705,2026-05-28,22,PROMOTE,245.0,0.375,2.3571,0.0883,0.484,1.343,rule_promote
SKU-IH6705,2026-06-04,23,HOLD,149.33,0.4286,3.2857,0.0883,0.484,1.0,rule_hold
SKU-IH6705,2026-06-11,24,HOLD,179.2,0.4286,1.0357,0.0883,0.484,1.0,rule_hold
SKU-IH6705,2026-06-18,25,MARKDOWN,120.0,0.4643,0.4286,0.0883,0.484,1.0,rule_markdown
SKU-IH6705,2026-06-25,26,HOLD,135.33,0.4821,1.65,0.0883,0.484,0.957,rule_hold
SKU-IH6705,2026-07-02,27,MARKDOWN,196.0,0.5,0.7643,0.0883,0.484,0.7,rule_markdown
SKU-IH6705,2026-07-09,28,MARKDOWN,196.0,0.5,0.2857,0.0883,0.484,0.7,rule_markdown
SKU-IH6705,2026-07-16,29,MARKDOWN,392.0,0.5,0.0,0.0883,0.484,0.7,rule_markdown
SKU-IH6705,2026-07-23,30,HOLD,378.0,0.5179,1.7143,0.0883,0.484,0.7,rule_hold
SKU-IH6705,2026-07-30,31,HOLD,756.0,0.5179,1.0,0.0883,0.484,0.771,rule_hold
SKU-IH6705,2026-08-06,32,MARKDOWN,756.0,0.5179,0.0,0.0883,0.484,0.8,rule_markdown
SKU-IH6705,2026-08-13,33,MARKDOWN,756.0,0.5179,0.0,0.0883,0.484,0.8,rule_markdown
SKU-IH6705,2026-08-20,34,HOLD,728.0,0.5357,1.8571,0.0883,0.484,0.8,rule_hold
SKU-IH6705,2026-08-27,35,HOLD,350.0,0.5536,2.1429,0.0883,0.484,1.057,rule_hold
SKU-IH6705,2026-09-03,36,PROMOTE,224.0,0.5714,2.7857,0.0883,0.484,1.7,rule_promote
SKU-IH6705,2026-09-10,37,PROMOTE,98.0,0.625,1.8571,0.0883,0.484,1.7,rule_promote
SKU-IH6705,2026-09-17,38,PROMOTE,52.89,0.6964,3.1714,0.0883,0.484,1.7,rule_promote
SKU-IH6705,2026-09-24,39,PROMOTE,59.5,0.6964,0.8429,0.0883,0.484,1.7,rule_promote
SKU-IH6705,2026-10-01,40,MARKDOWN,56.0,0.7143,0.0612,0.0883,0.484,1.5,rule_markdown
SKU-IH6705,2026-10-08,41,PROMOTE,56.0,0.75,1.1939,0.0883,0.484,1.5,rule_promote
SKU-IH6705,2026-10-15,42,PROMOTE,67.2,0.7857,1.9929,0.0883,0.484,1.5,rule_promote
SKU-IH6705,2026-10-22,43,PROMOTE,31.5,0.8393,1.2071,0.0883,0.484,1.5,rule_promote
SKU-IH6705,2026-10-29,44,PROMOTE,28.0,0.8571,1.5918,0.0883,0.484,1.271,rule_promote
SKU-IH6705,2026-11-05,45,HOLD,28.0,0.875,0.4439,0.0883,0.484,1.1,rule_hold
SKU-IH6705,2026-11-12,46,HOLD,28.0,0.8929,0.1571,0.0883,0.484,1.1,rule_hold
SKU-IH6705,2026-11-19,47,HOLD,33.6,0.8966,1.9143,0.0883,0.484,1.1,rule_hold
SKU-IH6705,2026-11-26,48,MARKDOWN,42.0,0.8966,0.4286,0.0883,0.484,1.014,rule_markdown
SKU-IH6705,2026-12-03,49,HOLD,35.0,0.9138,0.2857,0.0883,0.484,0.8,rule_hold
SKU-IH6705,2026-12-10,50,HOLD,16.8,0.9483,1.6786,0.0883,0.484,0.8,rule_hold
SKU-IH6705,2026-12-17,51,HOLD,0.0,1.0,3.2857,0.0883,0.484,0.8,rule_hold
SKU-IH6705,2026-12-24,52,HOLD,18.67,0.9355,1.0714,0.0883,0.484,0.8,rule_hold
SKU-JP7147,2026-01-01,1,,,,1.0,-0.0045,0.4977,,cold_start
SKU-JP7147,2026-01-08,2,,,,1.0,-0.0045,0.4977,,cold_start
SKU-JP7147,2026-01-15,3,,,,1.0,-0.0045,0.4977,,cold_start
SKU-JP7147,2026-01-22,4,,,,1.0,-0.0045,0.4977,,cold_start
SKU-JP7147,2026-01-29,5,HOLD,999.0,0.0185,1.0,-0.0045,0.4977,0.6,rule_hold
SKU-JP7147,2026-02-05,6,HOLD,999.0,0.0185,1.0,-0.0045,0.4977,0.6,rule_hold
SKU-JP7147,2026-02-12,7,HOLD,999.0,0.0185,1.0,-0.0045,0.4977,0.6,rule_hold
SKU-JP7147,2026-02-19,8,HOLD,999.0,0.0185,1.0,-0.0045,0.4977,0.6,rule_hold
SKU-JP7147,2026-02-26,9,HOLD,999.0,0.037,1.0,-0.0045,0.4977,1.114,rule_hold
SKU-JP7147,2026-03-05,10,PROMOTE,343.0,0.0926,2.8571,-0.0045,0.4977,1.5,rule_promote
SKU-JP7147,2026-03-12,11,PROMOTE,184.0,0.1481,6.3214,-0.0045,0.4977,1.5,rule_promote
SKU-JP7147,2026-03-19,12,PROMOTE,157.5,0.1667,0.9755,-0.0045,0.4977,1.5,rule_promote
SKU-JP7147,2026-03-26,13,MARKDOWN,154.0,0.1852,0.2985,-0.0045,0.4977,1.543,rule_markdown
SKU-JP7147,2026-04-02,14,PROMOTE,168.0,0.2222,1.0592,-0.0045,0.4977,1.8,rule_promote
SKU-JP7147,2026-04-09,15,MARKDOWN,229.6,0.2407,0.5571,-0.0045,0.4977,1.8,rule_markdown
SKU-JP7147,2026-04-16,16,MARKDOWN,287.0,0.2407,0.5,-0.0045,0.4977,1.8,rule_markdown
SKU-JP7147,2026-04-23,17,MARKDOWN,382.67,0.2407,0.0,-0.0045,0.4977,1.8,rule_markdown
SKU-JP7147,2026-04-30,18,MARKDOWN,999.0,0.2407,0.0,-0.0045,0.4977,1.629,rule_markdown
SKU-JP7147,2026-05-07,19,MARKDOWN,999.0,0.2407,0.4286,-0.0045,0.4977,1.6,rule_markdown
SKU-JP7147,2026-05-14,20,PROMOTE,999.0,0.2593,1.0,-0.0045,0.4977,1.6,rule_promote
SKU-JP7147,2026-05-21,21,PROMOTE,546.0,0.2778,2.7143,-0.0045,0.4977,1.6,rule_promote
SKU-JP7147,2026-05-28,22,PROMOTE,354.67,0.2963,1.5,-0.0045,0.4977,1.343,rule_promote
SKU-JP7147,2026-06-04,23,HOLD,259.0,0.3148,1.0,-0.0045,0.4977,1.0,rule_hold
SKU-JP7147,2026-06-11,24,MARKDOWN,345.33,0.3148,0.0,-0.0045,0.4977,1.0,rule_markdown
SKU-JP7147,2026-06-18,25,MARKDOWN,518.0,0.3148,0.0,-0.0045,0.4977,1.0,rule_markdown
SKU-JP7147,2026-06-25,26,MARKDOWN,999.0,0.3148,0.0,-0.0045,0.4977,0.957,rule_markdown
SKU-JP7147,2026-07-02,27,HOLD,999.0,0.3148,1.0,-0.0045,0.4977,0.7,rule_hold
SKU-JP7147,2026-07-09,28,HOLD,999.0,0.3148,1.0,-0.0045,0.4977,0.7,rule_hold
SKU-JP7147,2026-07-16,29,HOLD,999.0,0.3148,1.0,-0.0045,0.4977,0.7,rule_hold
SKU-JP7147,2026-07-23,30,HOLD,999.0,0.3148,1.0,-0.0045,0.4977,0.7,rule_hold
SKU-JP7147,2026-07-30,31,HOLD,999.0,0.3148,1.0,-0.0045,0.4977,0.771,rule_hold
SKU-JP7147,2026-08-06,32,HOLD,490.0,0.3519,1.0,-0.0045,0.4977,0.8,rule_hold
SKU-JP7147,2026-08-13,33,MARKDOWN,490.0,0.3519,0.4286,-0.0045,0.4977,0.8,rule_markdown
SKU-JP7147,2026-08-20,34,MARKDOWN,317.33,0.3704,0.2143,-0.0045,0.4977,0.8,rule_markdown
SKU-JP7147,2026-08-27,35,HOLD,179.2,0.4074,2.4286,-0.0045,0.4977,1.057,rule_hold
SKU-JP7147,2026-09-03,36,PROMOTE,298.67,0.4074,1.3214,-0.0045,0.4977,1.7,rule_promote
SKU-JP7147,2026-09-10,37,MARKDOWN,298.67,0.4074,0.0,-0.0045,0.4977,1.7,rule_markdown
SKU-JP7147,2026-09-17,38,PROMOTE,162.4,0.463,2.0714,-0.0045,0.4977,1.7,rule_promote
SKU-JP7147,2026-09-24,39,PROMOTE,270.67,0.463,1.1429,-0.0045,0.4977,1.7,rule_promote
SKU-JP7147,2026-10-01,40,MARKDOWN,270.67,0.463,0.0,-0.0045,0.4977,1.5,rule_markdown
SKU-JP7147,2026-10-08,41,MARKDOWN,196.0,0.4815,0.1429,-0.0045,0.4977,1.5,rule_markdown
SKU-JP7147,2026-10-15,42,PROMOTE,242.67,0.5185,4.7143,-0.0045,0.4977,1.5,rule_promote
SKU-JP7147,2026-10-22,43,PROMOTE,175.0,0.537,3.1429,-0.0045,0.4977,1.5,rule_promote
SKU-JP7147,2026-10-29,44,PROMOTE,175.0,0.537,0.8571,-0.0045,0.4977,1.271,rule_promote
SKU-JP7147,2026-11-05,45,MARKDOWN,233.33,0.537,0.0,-0.0045,0.4977,1.1,rule_markdown
SKU-JP7147,2026-11-12,46,HOLD,214.67,0.5741,2.0,-0.0045,0.4977,1.1,rule_hold
SKU-JP7147,2026-11-19,47,HOLD,205.33,0.5926,2.3571,-0.0045,0.4977,1.1,rule_hold
SKU-JP7147,2026-11-26,48,HOLD,205.33,0.5926,1.0714,-0.0045,0.4977,1.014,rule_hold
SKU-JP7147,2026-12-03,49,MARKDOWN,205.33,0.5926,0.0,-0.0045,0.4977,0.8,rule_markdown
SKU-JP7147,2026-12-10,50,MARKDOWN,616.0,0.5926,0.0,-0.0045,0.4977,0.8,rule_markdown
SKU-JP7147,2026-12-17,51,HOLD,588.0,0.6111,2.4286,-0.0045,0.4977,0.8,rule_hold
SKU-JP7147,2026-12-24,52,HOLD,177.33,0.6481,3.8571,-0.0045,0.4977,0.8,rule_hold
SKU-IE0552,2026-01-01,1,,,,1.0,0.0212,0.478,,cold_start
SKU-IE0552,2026-01-08,2,,,,1.0,0.0212,0.478,,cold_start
SKU-IE0552,2026-01-15,3,,,,1.0,0.0212,0.478,,cold_start
SKU-IE0552,2026-01-22,4,,,,1.0,0.0212,0.478,,cold_start
SKU-IE0552,2026-01-29,5,HOLD,718.67,0.0375,1.2857,0.0212,0.478,0.6,rule_hold
SKU-IE0552,2026-02-05,6,MARKDOWN,709.33,0.05,0.4286,0.0212,0.478,0.6,rule_markdown
SKU-IE0552,2026-02-12,7,HOLD,408.8,0.0875,6.8571,0.0212,0.478,0.6,rule_hold
SKU-IE0552,2026-02-19,8,HOLD,336.0,0.1,2.5286,0.0212,0.478,0.6,rule_hold
SKU-IE0552,2026-02-26,9,MARKDOWN,280.0,0.125,0.5143,0.0212,0.478,1.114,rule_markdown
SKU-IE0552,2026-03-05,10,PROMOTE,208.44,0.1625,1.4286,0.0212,0.478,1.5,rule_promote
SKU-IE0552,2026-03-12,11,PROMOTE,227.5,0.1875,1.2551,0.0212,0.478,1.5,rule_promote
SKU-IE0552,2026-03-19,12,MARKDOWN,224.0,0.2,0.5898,0.0212,0.478,1.5,rule_markdown
SKU-IE0552,2026-03-26,13,PROMOTE,168.0,0.25,1.551,0.0212,0.478,1.543,rule_promote
SKU-IE0552,2026-04-02,14,PROMOTE,206.5,0.2625,0.9347,0.0212,0.478,1.8,rule_promote
SKU-IE0552,2026-04-09,15,PROMOTE,174.22,0.3,1.7653,0.0212,0.478,1.8,rule_promote
SKU-IE0552,2026-04-16,16,PROMOTE,134.91,0.3375,0.807,0.0212,0.478,1.8,rule_promote
SKU-IE0552,2026-04-23,17,PROMOTE,140.0,0.375,0.9842,0.0212,0.478,1.8,rule_promote
SKU-IE0552,2026-04-30,18,PROMOTE,109.67,0.4125,1.3726,0.0212,0.478,1.629,rule_promote
SKU-IE0552,2026-05-07,19,PROMOTE,102.67,0.45,0.8801,0.0212,0.478,1.6,rule_promote
SKU-IE0552,2026-05-14,20,PROMOTE,86.15,0.5,1.25,0.0212,0.478,1.6,rule_promote
SKU-IE0552,2026-05-21,21,PROMOTE,72.0,0.55,1.4667,0.0212,0.478,1.6,rule_promote
SKU-IE0552,2026-05-28,22,PROMOTE,59.73,0.6,1.3247,0.0212,0.478,1.343,rule_promote
SKU-IE0552,2026-06-04,23,HOLD,49.0,0.65,0.8281,0.0212,0.478,1.0,rule_hold
SKU-IE0552,2026-06-11,24,MARKDOWN,65.33,0.65,0.2037,0.0212,0.478,1.0,rule_markdown
SKU-IE0552,2026-06-18,25,MARKDOWN,84.0,0.6625,0.1548,0.0212,0.478,1.0,rule_markdown
SKU-IE0552,2026-06-25,26,HOLD,121.33,0.675,0.8429,0.0212,0.478,0.957,rule_hold
SKU-IE0552,2026-07-02,27,HOLD,168.0,0.7,2.25,0.0212,0.478,0.7,rule_hold
SKU-IE0552,2026-07-09,28,HOLD,128.8,0.7125,1.6071,0.0212,0.478,0.7,rule_hold
SKU-IE0552,2026-07-16,29,MARKDOWN,123.2,0.725,0.4286,0.0212,0.478,0.7,rule_markdown
SKU-IE0552,2026-07-23,30,HOLD,93.33,0.75,1.8214,0.0212,0.478,0.7,rule_hold
SKU-IE0552,2026-07-30,31,HOLD,68.0,0.7875,1.35,0.0212,0.478,0.771,rule_hold
SKU-IE0552,2026-08-06,32,HOLD,79.33,0.7875,1.1143,0.0212,0.478,0.8,rule_hold
SKU-IE0552,2026-08-13,33,MARKDOWN,74.67,0.8,0.3286,0.0212,0.478,0.8,rule_markdown
SKU-IE0552,2026-08-20,34,MARKDOWN,112.0,0.8,0.3357,0.0212,0.478,0.8,rule_markdown
SKU-IE0552,2026-08-27,35,MARKDOWN,448.0,0.8,0.0,0.0212,0.478,1.057,rule_markdown
SKU-IE0552,2026-09-03,36,MARKDOWN,210.0,0.8125,0.4286,0.0212,0.478,1.7,rule_markdown
SKU-IE0552,2026-09-10,37,PROMOTE,84.0,0.85,3.4286,0.0212,0.478,1.7,rule_promote
SKU-IE0552,2026-09-17,38,PROMOTE,36.0,0.8875,6.9643,0.0212,0.478,1.7,rule_promote
SKU-IE0552,2026-09-24,39,PROMOTE,16.8,0.925,1.7939,0.0212,0.478,1.7,rule_promote
SKU-IE0552,2026-10-01,40,HOLD,7.0,0.9625,1.1559,0.0212,0.478,1.5,rule_hold
SKU-IE0552,2026-10-08,41,HOLD,5.6,0.975,0.2502,0.0212,0.478,1.5,rule_hold
SKU-IE0552,2026-10-15,42,HOLD,0.0,1.0,0.92,0.0212,0.478,1.5,rule_hold
SKU-IE0552,2026-10-22,43,HOLD,0.0,1.0,0.1429,0.0212,0.478,1.5,rule_hold
SKU-IE0552,2026-10-29,44,PROMOTE,28.0,0.9639,0.0,0.0212,0.478,1.271,rule_promote
SKU-IE0552,2026-11-05,45,MARKDOWN,42.0,0.9639,0.0,0.0212,0.478,1.1,rule_markdown
SKU-IE0552,2026-11-12,46,HOLD,56.0,0.9759,0.8571,0.0212,0.478,1.1,rule_hold
SKU-IE0552,2026-11-19,47,HOLD,0.0,1.0,2.4286,0.0212,0.478,1.1,rule_hold
SKU-IE0552,2026-11-26,48,HOLD,0.0,1.0,0.0,0.0212,0.478,1.014,rule_hold
SKU-IE0552,2026-12-03,49,HOLD,0.0,1.0,0.0,0.0212,0.478,0.8,rule_hold
SKU-IE0552,2026-12-10,50,HOLD,0.0,1.0,0.0,0.0212,0.478,0.8,rule_hold
SKU-IE0552,2026-12-17,51,HOLD,0.0,1.0,1.0,0.0212,0.478,0.8,rule_hold
SKU-IE0552,2026-12-24,52,HOLD,0.0,1.0,2.0,0.0212,0.478,0.8,rule_hold
SKU-JR0318,2026-01-01,1,,,,1.0,-0.0149,0.4812,,cold_start
SKU-JR0318,2026-01-08,2,,,,1.0,-0.0149,0.4812,,cold_start
SKU-JR0318,2026-01-15,3,,,,1.0,-0.0149,0.4812,,cold_start
SKU-JR0318,2026-01-22,4,,,,1.0,-0.0149,0.4812,,cold_start
SKU-JR0318,2026-01-29,5,HOLD,999.0,0.0,1.0,-0.0149,0.4812,0.6,rule_hold
SKU-JR0318,2026-02-05,6,HOLD,999.0,0.0,1.0,-0.0149,0.4812,0.6,rule_hold
SKU-JR0318,2026-02-12,7,HOLD,999.0,0.0,1.0,-0.0149,0.4812,0.6,rule_hold
SKU-JR0318,2026-02-19,8,HOLD,999.0,0.0,1.0,-0.0149,0.4812,0.6,rule_hold
SKU-JR0318,2026-02-26,9,HOLD,999.0,0.0167,1.0,-0.0149,0.4812,1.114,rule_hold
SKU-JR0318,2026-03-05,10,MARKDOWN,999.0,0.0167,0.7143,-0.0149,0.4812,1.5,rule_markdown
SKU-JR0318,2026-03-12,11,PROMOTE,812.0,0.0333,2.1429,-0.0149,0.4812,1.5,rule_promote
SKU-JR0318,2026-03-19,12,PROMOTE,392.0,0.0667,3.4286,-0.0149,0.4812,1.5,rule_promote
SKU-JR0318,2026-03-26,13,MARKDOWN,522.67,0.0667,0.5714,-0.0149,0.4812,1.543,rule_markdown
SKU-JR0318,2026-04-02,14,MARKDOWN,385.0,0.0833,0.5714,-0.0149,0.4812,1.8,rule_markdown
SKU-JR0318,2026-04-09,15,PROMOTE,242.67,0.1333,2.1429,-0.0149,0.4812,1.8,rule_promote
SKU-JR0318,2026-04-16,16,PROMOTE,364.0,0.1333,1.7857,-0.0149,0.4812,1.8,rule_promote
SKU-JR0318,2026-04-23,17,PROMOTE,196.0,0.1833,1.5,-0.0149,0.4812,1.8,rule_promote
SKU-JR0318,2026-04-30,18,PROMOTE,164.5,0.2167,1.2143,-0.0149,0.4812,1.629,rule_promote
SKU-JR0318,2026-05-07,19,PROMOTE,154.0,0.2667,1.4837,-0.0149,0.4812,1.6,rule_promote
SKU-JR0318,2026-05-14,20,PROMOTE,104.36,0.3167,1.473,-0.0149,0.4812,1.6,rule_promote
SKU-JR0318,2026-05-21,21,PROMOTE,109.2,0.35,0.9643,-0.0149,0.4812,1.6,rule_promote
SKU-JR0318,2026-05-28,22,PROMOTE,91.64,0.4,0.9762,-0.0149,0.4812,1.343,rule_promote
SKU-JR0318,2026-06-04,23,HOLD,108.89,0.4167,0.4107,-0.0149,0.4812,1.0,rule_hold
SKU-JR0318,2026-06-11,24,HOLD,136.0,0.4333,0.3469,-0.0149,0.4812,1.0,rule_hold
SKU-JR0318,2026-06-18,25,HOLD,190.4,0.4333,0.5857,-0.0149,0.4812,1.0,rule_hold
SKU-JR0318,2026-06-25,26,HOLD,476.0,0.4333,0.0,-0.0149,0.4812,0.957,rule_hold
SKU-JR0318,2026-07-02,27,HOLD,952.0,0.4333,0.0,-0.0149,0.4812,0.7,rule_hold
SKU-JR0318,2026-07-09,28,HOLD,999.0,0.4333,0.1429,-0.0149,0.4812,0.7,rule_hold
SKU-JR0318,2026-07-16,29,HOLD,924.0,0.45,1.0,-0.0149,0.4812,0.7,rule_hold
SKU-JR0318,2026-07-23,30,HOLD,448.0,0.4667,2.2857,-0.0149,0.4812,0.7,rule_hold
SKU-JR0318,2026-07-30,31,HOLD,448.0,0.4667,0.8571,-0.0149,0.4812,0.771,rule_hold
SKU-JR0318,2026-08-06,32,HOLD,448.0,0.4667,0.0,-0.0149,0.4812,0.8,rule_hold
SKU-JR0318,2026-08-13,33,HOLD,126.0,0.55,11.1429,-0.0149,0.4812,0.8,rule_hold
SKU-JR0318,2026-08-20,34,HOLD,151.2,0.55,2.5714,-0.0149,0.4812,0.8,rule_hold
SKU-JR0318,2026-08-27,35,HOLD,100.0,0.5833,0.6857,-0.0149,0.4812,1.057,rule_hold
SKU-JR0318,2026-09-03,36,PROMOTE,100.0,0.5833,0.4286,-0.0149,0.4812,1.7,rule_promote
SKU-JR0318,2026-09-10,37,PROMOTE,161.0,0.6167,1.7143,-0.0149,0.4812,1.7,rule_promote
SKU-JR0318,2026-09-17,38,PROMOTE,80.0,0.6667,2.4286,-0.0149,0.4812,1.7,rule_promote
SKU-JR0318,2026-09-24,39,PROMOTE,72.0,0.7,2.1714,-0.0149,0.4812,1.7,rule_promote
SKU-JR0318,2026-10-01,40,PROMOTE,42.0,0.75,0.8449,-0.0149,0.4812,1.5,rule_promote
SKU-JR0318,2026-10-08,41,PROMOTE,36.4,0.7833,0.7653,-0.0149,0.4812,1.5,rule_promote
SKU-JR0318,2026-10-15,42,PROMOTE,42.0,0.8,1.1699,-0.0149,0.4812,1.5,rule_promote
SKU-JR0318,2026-10-22,43,PROMOTE,56.0,0.8,0.0612,-0.0149,0.4812,1.5,rule_promote
SKU-JR0318,2026-10-29,44,PROMOTE,77.0,0.8167,0.7071,-0.0149,0.4812,1.271,rule_promote
SKU-JR0318,2026-11-05,45,HOLD,112.0,0.8065,0.3571,-0.0149,0.4812,1.1,rule_hold
SKU-JR0318,2026-11-12,46,HOLD,168.0,0.8065,1.9286,-0.0149,0.4812,1.1,rule_hold
SKU-JR0318,2026-11-19,47,HOLD,70.0,0.8387,1.7143,-0.0149,0.4812,1.1,rule_hold
SKU-JR0318,2026-11-26,48,HOLD,32.67,0.8871,2.7857,-0.0149,0.4812,1.014,rule_hold
SKU-JR0318,2026-12-03,49,HOLD,39.2,0.8871,1.6929,-0.0149,0.4812,0.8,rule_hold
SKU-JR0318,2026-12-10,50,HOLD,28.0,0.9032,0.6,-0.0149,0.4812,0.8,rule_hold
SKU-JR0318,2026-12-17,51,HOLD,42.0,0.9032,0.0,-0.0149,0.4812,0.8,rule_hold
SKU-JR0318,2026-12-24,52,HOLD,70.0,0.9194,1.1071,-0.0149,0.4812,0.8,rule_hold
SKU-IH8231,2026-01-01,1,,,,1.0,-0.1914,0.4853,,cold_start
SKU-IH8231,2026-01-08,2,,,,1.0,-0.1914,0.4853,,cold_start
SKU-IH8231,2026-01-15,3,,,,1.0,-0.1914,0.4853,,cold_start
SKU-IH8231,2026-01-22,4,,,,1.0,-0.1914,0.4853,,cold_start
SKU-IH8231,2026-01-29,5,MARKDOWN,324.8,0.0938,0.6,-0.1914,0.4853,0.6,rule_markdown
SKU-IH8231,2026-02-05,6,MARKDOWN,406.0,0.0938,0.3214,-0.1914,0.4853,0.6,rule_markdown
SKU-IH8231,2026-02-12,7,HOLD,313.6,0.125,1.0357,-0.1914,0.4853,0.6,rule_hold
SKU-IH8231,2026-02-19,8,HOLD,522.67,0.125,1.0,-0.1914,0.4853,0.6,rule_hold
SKU-IH8231,2026-02-26,9,MARKDOWN,784.0,0.125,0.0,-0.1914,0.4853,1.114,rule_markdown
SKU-IH8231,2026-03-05,10,MARKDOWN,784.0,0.125,0.0,-0.1914,0.4853,1.5,rule_markdown
SKU-IH8231,2026-03-12,11,MARKDOWN,999.0,0.1406,0.4286,-0.1914,0.4853,1.5,rule_markdown
SKU-IH8231,2026-03-19,12,PROMOTE,756.0,0.1562,1.2857,-0.1914,0.4853,1.5,rule_promote
SKU-IH8231,2026-03-26,13,PROMOTE,364.0,0.1875,1.5,-0.1914,0.4853,1.543,rule_promote
SKU-IH8231,2026-04-02,14,PROMOTE,285.6,0.2031,2.8571,-0.1914,0.4853,1.8,rule_promote
SKU-IH8231,2026-04-09,15,PROMOTE,164.5,0.2656,1.6714,-0.1914,0.4853,1.8,rule_promote
SKU-IH8231,2026-04-16,16,PROMOTE,161.0,0.2812,1.2041,-0.1914,0.4853,1.8,rule_promote
SKU-IH8231,2026-04-23,17,MARKDOWN,214.67,0.2812,0.1837,-0.1914,0.4853,1.8,rule_markdown
SKU-IH8231,2026-04-30,18,MARKDOWN,210.0,0.2969,0.4286,-0.1914,0.4853,1.629,rule_markdown
SKU-IH8231,2026-05-07,19,MARKDOWN,630.0,0.2969,0.25,-0.1914,0.4853,1.6,rule_markdown
SKU-IH8231,2026-05-14,20,PROMOTE,401.33,0.3281,1.7143,-0.1914,0.4853,1.6,rule_promote
SKU-IH8231,2026-05-21,21,PROMOTE,229.6,0.3594,6.2857,-0.1914,0.4853,1.6,rule_promote
SKU-IH8231,2026-05-28,22,PROMOTE,224.0,0.375,1.2857,-0.1914,0.4853,1.343,rule_promote
SKU-IH8231,2026-06-04,23,MARKDOWN,224.0,0.375,0.2143,-0.1914,0.4853,1.0,rule_markdown
SKU-IH8231,2026-06-11,24,MARKDOWN,273.0,0.3906,0.1429,-0.1914,0.4853,1.0,rule_markdown
SKU-IH8231,2026-06-18,25,HOLD,546.0,0.3906,1.6429,-0.1914,0.4853,1.0,rule_hold
SKU-IH8231,2026-06-25,26,MARKDOWN,999.0,0.3906,0.0,-0.1914,0.4853,0.957,rule_markdown
SKU-IH8231,2026-07-02,27,MARKDOWN,999.0,0.3906,0.0,-0.1914,0.4853,0.7,rule_markdown
SKU-IH8231,2026-07-09,28,HOLD,518.0,0.4219,1.8571,-0.1914,0.4853,0.7,rule_hold
SKU-IH8231,2026-07-16,29,HOLD,518.0,0.4219,0.5714,-0.1914,0.4853,0.7,rule_hold
SKU-IH8231,2026-07-23,30,HOLD,336.0,0.4375,0.8571,-0.1914,0.4853,0.7,rule_hold
SKU-IH8231,2026-07-30,31,HOLD,190.4,0.4688,1.3571,-0.1914,0.4853,0.771,rule_hold
SKU-IH8231,2026-08-06,32,HOLD,231.0,0.4844,1.75,-0.1914,0.4853,0.8,rule_hold
SKU-IH8231,2026-08-13,33,HOLD,179.2,0.5,1.5,-0.1914,0.4853,0.8,rule_hold
SKU-IH8231,2026-08-20,34,HOLD,224.0,0.5,0.1071,-0.1914,0.4853,0.8,rule_hold
SKU-IH8231,2026-08-27,35,HOLD,448.0,0.5,0.0,-0.1914,0.4853,1.057,rule_hold
SKU-IH8231,2026-09-03,36,PROMOTE,434.0,0.5156,0.4286,-0.1914,0.4853,1.7,rule_promote
SKU-IH8231,2026-09-10,37,PROMOTE,420.0,0.5312,1.5714,-0.1914,0.4853,1.7,rule_promote
SKU-IH8231,2026-09-17,38,PROMOTE,196.0,0.5625,3.0,-0.1914,0.4853,1.7,rule_promote
SKU-IH8231,2026-09-24,39,PROMOTE,84.0,0.625,4.0,-0.1914,0.4853,1.7,rule_promote
SKU-IH8231,2026-10-01,40,PROMOTE,80.5,0.6406,1.2541,-0.1914,0.4853,1.5,rule_promote
SKU-IH8231,2026-10-08,41,PROMOTE,77.0,0.6562,0.4898,-0.1914,0.4853,1.5,rule_promote
SKU-IH8231,2026-10-15,42,PROMOTE,84.0,0.6719,0.5,-0.1914,0.4853,1.5,rule_promote
SKU-IH8231,2026-10-22,43,PROMOTE,196.0,0.6719,0.1571,-0.1914,0.4853,1.5,rule_promote
SKU-IH8231,2026-10-29,44,PROMOTE,294.0,0.6719,0.0,-0.1914,0.4853,1.271,rule_promote
SKU-IH8231,2026-11-05,45,HOLD,280.0,0.6875,2.1429,-0.1914,0.4853,1.1,rule_hold
SKU-IH8231,2026-11-12,46,HOLD,266.0,0.7031,3.2143,-0.1914,0.4853,1.1,rule_hold
SKU-IH8231,2026-11-19,47,HOLD,266.0,0.7031,0.0,-0.1914,0.4853,1.1,rule_hold
SKU-IH8231,2026-11-26,48,HOLD,168.0,0.7188,0.6429,-0.1914,0.4853,1.014,rule_hold
SKU-IH8231,2026-12-03,49,HOLD,252.0,0.7188,1.5,-0.1914,0.4853,0.8,rule_hold
SKU-IH8231,2026-12-10,50,HOLD,238.0,0.7344,0.8571,-0.1914,0.4853,0.8,rule_hold
SKU-IH8231,2026-12-17,51,HOLD,149.33,0.75,2.3571,-0.1914,0.4853,0.8,rule_hold
SKU-IH8231,2026-12-24,52,HOLD,224.0,0.75,1.7143,-0.1914,0.4853,0.8,rule_hold
SKU-JQ7693,2026-01-01,1,,,,1.0,0.0198,0.434,,cold_start
SKU-JQ7693,2026-01-08,2,,,,1.0,0.0198,0.434,,cold_start
SKU-JQ7693,2026-01-15,3,,,,1.0,0.0198,0.434,,cold_start
SKU-JQ7693,2026-01-22,4,,,,1.0,0.0198,0.434,,cold_start
SKU-JQ7693,2026-01-29,5,MARKDOWN,532.0,0.05,0.0,0.0198,0.434,0.6,rule_markdown
SKU-JQ7693,2026-02-05,6,HOLD,999.0,0.05,0.8571,0.0198,0.434,0.6,rule_hold
SKU-JQ7693,2026-02-12,7,HOLD,999.0,0.05,1.0,0.0198,0.434,0.6,rule_hold
SKU-JQ7693,2026-02-19,8,HOLD,999.0,0.05,1.0,0.0198,0.434,0.6,rule_hold
SKU-JQ7693,2026-02-26,9,HOLD,504.0,0.1,1.0,0.0198,0.434,1.114,rule_hold
SKU-JQ7693,2026-03-05,10,MARKDOWN,504.0,0.1,0.4286,0.0198,0.434,1.5,rule_markdown
SKU-JQ7693,2026-03-12,11,MARKDOWN,504.0,0.1,0.0,0.0198,0.434,1.5,rule_markdown
SKU-JQ7693,2026-03-19,12,MARKDOWN,504.0,0.1,0.0,0.0198,0.434,1.5,rule_markdown
SKU-JQ7693,2026-03-26,13,MARKDOWN,999.0,0.1,0.5714,0.0198,0.434,1.543,rule_markdown
SKU-JQ7693,2026-04-02,14,PROMOTE,999.0,0.1,1.0,0.0198,0.434,1.8,rule_promote
SKU-JQ7693,2026-04-09,15,PROMOTE,999.0,0.1,1.0,0.0198,0.434,1.8,rule_promote
SKU-JQ7693,2026-04-16,16,PROMOTE,999.0,0.1,1.0,0.0198,0.434,1.8,rule_promote
SKU-JQ7693,2026-04-23,17,PROMOTE,999.0,0.1,1.0,0.0198,0.434,1.8,rule_promote
SKU-JQ7693,2026-04-30,18,PROMOTE,999.0,0.1,1.0,0.0198,0.434,1.629,rule_promote
SKU-JQ7693,2026-05-07,19,PROMOTE,999.0,0.1,1.0,0.0198,0.434,1.6,rule_promote
SKU-JQ7693,2026-05-14,20,PROMOTE,999.0,0.1,1.0,0.0198,0.434,1.6,rule_promote
SKU-JQ7693,2026-05-21,21,PROMOTE,999.0,0.1,1.0,0.0198,0.434,1.6,rule_promote
SKU-JQ7693,2026-05-28,22,PROMOTE,999.0,0.1,1.0,0.0198,0.434,1.343,rule_promote
SKU-JQ7693,2026-06-04,23,HOLD,476.0,0.15,1.0,0.0198,0.434,1.0,rule_hold
SKU-JQ7693,2026-06-11,24,MARKDOWN,476.0,0.15,0.7143,0.0198,0.434,1.0,rule_markdown
SKU-JQ7693,2026-06-18,25,MARKDOWN,476.0,0.15,0.0,0.0198,0.434,1.0,rule_markdown
SKU-JQ7693,2026-06-25,26,HOLD,140.0,0.25,3.4286,0.0198,0.434,0.957,rule_hold
SKU-JQ7693,2026-07-02,27,HOLD,210.0,0.25,2.1429,0.0198,0.434,0.7,rule_hold
SKU-JQ7693,2026-07-09,28,MARKDOWN,210.0,0.25,0.0,0.0198,0.434,0.7,rule_markdown
SKU-JQ7693,2026-07-16,29,MARKDOWN,210.0,0.25,0.0,0.0198,0.434,0.7,rule_markdown
SKU-JQ7693,2026-07-23,30,MARKDOWN,999.0,0.25,0.4286,0.0198,0.434,0.7,rule_markdown
SKU-JQ7693,2026-07-30,31,HOLD,392.0,0.3,1.0,0.0198,0.434,0.771,rule_hold
SKU-JQ7693,2026-08-06,32,MARKDOWN,392.0,0.3,0.1429,0.0198,0.434,0.8,rule_markdown
SKU-JQ7693,2026-08-13,33,HOLD,182.0,0.35,2.5714,0.0198,0.434,0.8,rule_hold
SKU-JQ7693,2026-08-20,34,MARKDOWN,182.0,0.35,0.4286,0.0198,0.434,0.8,rule_markdown
SKU-JQ7693,2026-08-27,35,MARKDOWN,364.0,0.35,0.0,0.0198,0.434,1.057,rule_markdown
SKU-JQ7693,2026-09-03,36,MARKDOWN,364.0,0.35,0.0,0.0198,0.434,1.7,rule_markdown
SKU-JQ7693,2026-09-10,37,PROMOTE,999.0,0.35,0.8571,0.0198,0.434,1.7,rule_promote
SKU-JQ7693,2026-09-17,38,PROMOTE,999.0,0.35,1.0,0.0198,0.434,1.7,rule_promote
SKU-JQ7693,2026-09-24,39,PROMOTE,336.0,0.4,1.0,0.0198,0.434,1.7,rule_promote
SKU-JQ7693,2026-10-01,40,PROMOTE,154.0,0.45,1.2857,0.0198,0.434,1.5,rule_promote
SKU-JQ7693,2026-10-08,41,PROMOTE,154.0,0.45,2.1429,0.0198,0.434,1.5,rule_promote
SKU-JQ7693,2026-10-15,42,MARKDOWN,154.0,0.45,0.0,0.0198,0.434,1.5,rule_markdown
SKU-JQ7693,2026-10-22,43,MARKDOWN,308.0,0.45,0.0,0.0198,0.434,1.5,rule_markdown
SKU-JQ7693,2026-10-29,44,MARKDOWN,999.0,0.45,0.2857,0.0198,0.434,1.271,rule_markdown
SKU-JQ7693,2026-11-05,45,HOLD,999.0,0.45,1.0,0.0198,0.434,1.1,rule_hold
SKU-JQ7693,2026-11-12,46,HOLD,999.0,0.45,1.0,0.0198,0.434,1.1,rule_hold
SKU-JQ7693,2026-11-19,47,HOLD,280.0,0.5,1.0,0.0198,0.434,1.1,rule_hold
SKU-JQ7693,2026-11-26,48,HOLD,280.0,0.5,0.8571,0.0198,0.434,1.014,rule_hold
SKU-JQ7693,2026-12-03,49,MARKDOWN,280.0,0.5,0.0,0.0198,0.434,0.8,rule_markdown
SKU-JQ7693,2026-12-10,50,MARKDOWN,280.0,0.5,0.0,0.0198,0.434,0.8,rule_markdown
SKU-JQ7693,2026-12-17,51,MARKDOWN,999.0,0.5,0.1429,0.0198,0.434,0.8,rule_markdown
SKU-JQ7693,2026-12-24,52,HOLD,999.0,0.5,1.0,0.0198,0.434,0.8,rule_hold
SKU-HQ4515,2026-01-01,1,,,,1.0,0.0867,0.505,,cold_start
SKU-HQ4515,2026-01-08,2,,,,1.0,0.0867,0.505,,cold_start
SKU-HQ4515,2026-01-15,3,,,,1.0,0.0867,0.505,,cold_start
SKU-HQ4515,2026-01-22,4,,,,1.0,0.0867,0.505,,cold_start
SKU-HQ4515,2026-01-29,5,MARKDOWN,840.0,0.0625,0.0,0.0867,0.505,0.857,rule_markdown
SKU-HQ4515,2026-02-05,6,MARKDOWN,999.0,0.0625,0.5714,0.0867,0.505,0.9,rule_markdown
SKU-HQ4515,2026-02-12,7,HOLD,999.0,0.0625,1.0,0.0867,0.505,0.9,rule_hold
SKU-HQ4515,2026-02-19,8,HOLD,999.0,0.0625,1.0,0.0867,0.505,0.9,rule_hold
SKU-HQ4515,2026-02-26,9,HOLD,999.0,0.0625,1.0,0.0867,0.505,0.957,rule_hold
SKU-HQ4515,2026-03-05,10,HOLD,812.0,0.0938,1.0,0.0867,0.505,1.0,rule_hold
SKU-HQ4515,2026-03-12,11,MARKDOWN,812.0,0.0938,0.0,0.0867,0.505,1.0,rule_markdown
SKU-HQ4515,2026-03-19,12,HOLD,392.0,0.125,2.5714,0.0867,0.505,1.0,rule_hold
SKU-HQ4515,2026-03-26,13,MARKDOWN,392.0,0.125,0.4286,0.0867,0.505,1.014,rule_markdown
SKU-HQ4515,2026-04-02,14,HOLD,378.0,0.1562,1.2857,0.0867,0.505,1.1,rule_hold
SKU-HQ4515,2026-04-09,15,HOLD,242.67,0.1875,3.6429,0.0867,0.505,1.1,rule_hold
SKU-HQ4515,2026-04-16,16,MARKDOWN,364.0,0.1875,0.2143,0.0867,0.505,1.1,rule_markdown
SKU-HQ4515,2026-04-23,17,MARKDOWN,233.33,0.2188,0.2143,0.0867,0.505,1.1,rule_markdown
SKU-HQ4515,2026-04-30,18,HOLD,350.0,0.2188,1.7143,0.0867,0.505,1.014,rule_hold
SKU-HQ4515,2026-05-07,19,MARKDOWN,700.0,0.2188,0.0,0.0867,0.505,1.0,rule_markdown
SKU-HQ4515,2026-05-14,20,HOLD,336.0,0.25,2.5714,0.0867,0.505,1.0,rule_hold
SKU-HQ4515,2026-05-21,21,MARKDOWN,672.0,0.25,0.4286,0.0867,0.505,1.0,rule_markdown
SKU-HQ4515,2026-05-28,22,MARKDOWN,672.0,0.25,0.0,0.0867,0.505,0.957,rule_markdown
SKU-HQ4515,2026-06-04,23,MARKDOWN,322.0,0.2812,0.4286,0.0867,0.505,0.9,rule_markdown
SKU-HQ4515,2026-06-11,24,HOLD,196.0,0.3438,2.0,0.0867,0.505,0.9,rule_hold
SKU-HQ4515,2026-06-18,25,HOLD,140.0,0.375,6.1429,0.0867,0.505,0.9,rule_hold
SKU-HQ4515,2026-06-25,26,MARKDOWN,140.0,0.375,0.5714,0.0867,0.505,0.886,rule_markdown
SKU-HQ4515,2026-07-02,27,MARKDOWN,186.67,0.375,0.0,0.0867,0.505,0.8,rule_markdown
SKU-HQ4515,2026-07-09,28,MARKDOWN,560.0,0.375,0.0,0.0867,0.505,0.8,rule_markdown
SKU-HQ4515,2026-07-16,29,MARKDOWN,999.0,0.375,0.4286,0.0867,0.505,0.8,rule_markdown
SKU-HQ4515,2026-07-23,30,HOLD,532.0,0.4062,1.0,0.0867,0.505,0.8,rule_hold
SKU-HQ4515,2026-07-30,31,MARKDOWN,532.0,0.4062,0.2857,0.0867,0.505,0.871,rule_markdown
SKU-HQ4515,2026-08-06,32,MARKDOWN,532.0,0.4062,0.0,0.0867,0.505,0.9,rule_markdown
SKU-HQ4515,2026-08-13,33,MARKDOWN,532.0,0.4062,0.0,0.0867,0.505,0.9,rule_markdown
SKU-HQ4515,2026-08-20,34,MARKDOWN,999.0,0.4062,0.7143,0.0867,0.505,0.9,rule_markdown
SKU-HQ4515,2026-08-27,35,HOLD,149.33,0.5,1.0,0.0867,0.505,1.043,rule_hold
SKU-HQ4515,2026-09-03,36,PROMOTE,105.0,0.5312,3.5714,0.0867,0.505,1.4,rule_promote
SKU-HQ4515,2026-09-10,37,MARKDOWN,78.4,0.5625,0.3929,0.0867,0.505,1.4,rule_markdown
SKU-HQ4515,2026-09-17,38,PROMOTE,48.0,0.625,1.4571,0.0867,0.505,1.4,rule_promote
SKU-HQ4515,2026-09-24,39,MARKDOWN,61.6,0.6562,0.7286,0.0867,0.505,1.4,rule_markdown
SKU-HQ4515,2026-10-01,40,HOLD,56.0,0.6875,1.5,0.0867,0.505,1.1,rule_hold
SKU-HQ4515,2026-10-08,41,MARKDOWN,50.4,0.7188,0.1071,0.0867,0.505,1.1,rule_markdown
SKU-HQ4515,2026-10-15,42,HOLD,28.0,0.8125,3.5714,0.0867,0.505,1.1,rule_hold
SKU-HQ4515,2026-10-22,43,HOLD,33.6,0.8125,0.6,0.0867,0.505,1.1,rule_hold
SKU-HQ4515,2026-10-29,44,HOLD,28.0,0.8438,0.5357,0.0867,0.505,1.043,rule_hold
SKU-HQ4515,2026-11-05,45,MARKDOWN,63.0,0.75,0.2143,0.0867,0.505,1.0,rule_markdown
SKU-HQ4515,2026-11-12,46,HOLD,112.0,0.7778,1.9286,0.0867,0.505,1.0,rule_hold
SKU-HQ4515,2026-11-19,47,HOLD,112.0,0.7778,0.8571,0.0867,0.505,1.0,rule_hold
SKU-HQ4515,2026-11-26,48,MARKDOWN,224.0,0.7778,0.0,0.0867,0.505,0.971,rule_markdown
SKU-HQ4515,2026-12-03,49,HOLD,98.0,0.8056,1.7143,0.0867,0.505,0.9,rule_hold
SKU-HQ4515,2026-12-10,50,HOLD,196.0,0.8056,1.0,0.0867,0.505,0.9,rule_hold
SKU-HQ4515,2026-12-17,51,MARKDOWN,196.0,0.8056,0.0,0.0867,0.505,0.9,rule_markdown
SKU-HQ4515,2026-12-24,52,MARKDOWN,196.0,0.8056,0.0,0.0867,0.505,0.9,rule_markdown
SKU-JR3312,2026-01-01,1,,,,1.0,0.0,0.4748,,cold_start
SKU-JR3312,2026-01-08,2,,,,1.0,0.0,0.4748,,cold_start
SKU-JR3312,2026-01-15,3,,,,1.0,0.0,0.4748,,cold_start
SKU-JR3312,2026-01-22,4,,,,1.0,0.0,0.4748,,cold_start
SKU-JR3312,2026-01-29,5,MARKDOWN,714.0,0.0727,0.2143,0.0,0.4748,0.857,rule_markdown
SKU-JR3312,2026-02-05,6,HOLD,952.0,0.0727,1.2857,0.0,0.4748,0.9,rule_hold
SKU-JR3312,2026-02-12,7,HOLD,942.67,0.0818,1.5,0.0,0.4748,0.9,rule_hold
SKU-JR3312,2026-02-19,8,HOLD,933.33,0.0909,1.2857,0.0,0.4748,0.9,rule_hold
SKU-JR3312,2026-02-26,9,MARKDOWN,924.0,0.1,0.7143,0.0,0.4748,0.957,rule_markdown
SKU-JR3312,2026-03-05,10,HOLD,686.0,0.1091,1.0,0.0,0.4748,1.0,rule_hold
SKU-JR3312,2026-03-12,11,HOLD,443.33,0.1364,3.6429,0.0,0.4748,1.0,rule_hold
SKU-JR3312,2026-03-19,12,HOLD,532.0,0.1364,1.4643,0.0,0.4748,1.0,rule_hold
SKU-JR3312,2026-03-26,13,MARKDOWN,434.0,0.1545,0.6429,0.0,0.4748,1.014,rule_markdown
SKU-JR3312,2026-04-02,14,HOLD,364.0,0.1727,1.1,0.0,0.4748,1.1,rule_hold
SKU-JR3312,2026-04-09,15,HOLD,504.0,0.1818,2.0214,0.0,0.4748,1.1,rule_hold
SKU-JR3312,2026-04-16,16,HOLD,352.0,0.2,0.8357,0.0,0.4748,1.1,rule_hold
SKU-JR3312,2026-04-23,17,HOLD,406.0,0.2091,1.1286,0.0,0.4748,1.1,rule_hold
SKU-JR3312,2026-04-30,18,HOLD,255.11,0.2545,2.2786,0.0,0.4748,1.014,rule_hold
SKU-JR3312,2026-05-07,19,HOLD,182.0,0.2909,1.602,0.0,0.4748,1.0,rule_hold
SKU-JR3312,2026-05-14,20,HOLD,196.0,0.3,0.8476,0.0,0.4748,1.0,rule_hold
SKU-JR3312,2026-05-21,21,MARKDOWN,159.38,0.3273,0.6818,0.0,0.4748,1.0,rule_markdown
SKU-JR3312,2026-05-28,22,HOLD,201.6,0.3455,0.8512,0.0,0.4748,0.957,rule_hold
SKU-JR3312,2026-06-04,23,HOLD,190.4,0.3818,1.2372,0.0,0.4748,0.9,rule_hold
SKU-JR3312,2026-06-11,24,HOLD,187.6,0.3909,0.9677,0.0,0.4748,0.9,rule_hold
SKU-JR3312,2026-06-18,25,MARKDOWN,202.22,0.4091,0.6352,0.0,0.4748,0.9,rule_markdown
SKU-JR3312,2026-06-25,26,MARKDOWN,260.0,0.4091,0.3265,0.0,0.4748,0.886,rule_markdown
SKU-JR3312,2026-07-02,27,MARKDOWN,606.67,0.4091,0.0,0.0,0.4748,0.8,rule_markdown
SKU-JR3312,2026-07-09,28,HOLD,347.2,0.4364,3.0714,0.0,0.4748,0.8,rule_hold
SKU-JR3312,2026-07-16,29,HOLD,336.0,0.4545,2.5,0.0,0.4748,0.8,rule_hold
SKU-JR3312,2026-07-23,30,HOLD,275.33,0.4636,0.95,0.0,0.4748,0.8,rule_hold
SKU-JR3312,2026-07-30,31,MARKDOWN,275.33,0.4636,0.1714,0.0,0.4748,0.871,rule_markdown
SKU-JR3312,2026-08-06,32,MARKDOWN,550.67,0.4636,0.0,0.0,0.4748,0.9,rule_markdown
SKU-JR3312,2026-08-13,33,HOLD,532.0,0.4818,3.1429,0.0,0.4748,0.9,rule_hold
SKU-JR3312,2026-08-20,34,HOLD,522.67,0.4909,1.9286,0.0,0.4748,0.9,rule_hold
SKU-JR3312,2026-08-27,35,HOLD,385.0,0.5,1.4286,0.0,0.4748,1.043,rule_hold
SKU-JR3312,2026-09-03,36,PROMOTE,208.0,0.5273,2.8929,0.0,0.4748,1.4,rule_promote
SKU-JR3312,2026-09-10,37,PROMOTE,149.33,0.5636,1.3714,0.0,0.4748,1.4,rule_promote
SKU-JR3312,2026-09-17,38,PROMOTE,114.55,0.5909,1.85,0.0,0.4748,1.4,rule_promote
SKU-JR3312,2026-09-24,39,PROMOTE,112.0,0.6,0.9143,0.0,0.4748,1.4,rule_promote
SKU-JR3312,2026-10-01,40,HOLD,84.0,0.6455,1.2262,0.0,0.4748,1.1,rule_hold
SKU-JR3312,2026-10-08,41,HOLD,106.4,0.6545,1.0476,0.0,0.4748,1.1,rule_hold
SKU-JR3312,2026-10-15,42,MARKDOWN,112.0,0.6727,0.4486,0.0,0.4748,1.1,rule_markdown
SKU-JR3312,2026-10-22,43,MARKDOWN,95.2,0.6909,0.7117,0.0,0.4748,1.1,rule_markdown
SKU-JR3312,2026-10-29,44,HOLD,128.0,0.7091,0.8236,0.0,0.4748,1.043,rule_hold
SKU-JR3312,2026-11-05,45,HOLD,149.33,0.7091,1.0286,0.0,0.4748,1.0,rule_hold
SKU-JR3312,2026-11-12,46,MARKDOWN,224.0,0.7091,0.0,0.0,0.4748,1.0,rule_markdown
SKU-JR3312,2026-11-19,47,HOLD,108.0,0.7545,2.0714,0.0,0.4748,1.0,rule_hold
SKU-JR3312,2026-11-26,48,HOLD,61.6,0.8,7.2143,0.0,0.4748,0.971,rule_hold
SKU-JR3312,2026-12-03,49,HOLD,46.67,0.8182,1.5347,0.0,0.4748,0.9,rule_hold
SKU-JR3312,2026-12-10,50,MARKDOWN,46.67,0.8182,0.039,0.0,0.4748,0.9,rule_markdown
SKU-JR3312,2026-12-17,51,MARKDOWN,56.0,0.8364,0.3153,0.0,0.4748,0.9,rule_markdown
SKU-JR3312,2026-12-24,52,HOLD,95.2,0.8455,1.2214,0.0,0.4748,0.9,rule_hold
SKU-IF4987,2026-01-01,1,,,,1.0,0.1966,0.4338,,cold_start
SKU-IF4987,2026-01-08,2,,,,1.0,0.1966,0.4338,,cold_start
SKU-IF4987,2026-01-15,3,,,,1.0,0.1966,0.4338,,cold_start
SKU-IF4987,2026-01-22,4,,,,1.0,0.1966,0.4338,,cold_start
SKU-IF4987,2026-01-29,5,MARKDOWN,812.0,0.0333,0.0,0.1966,0.4338,0.857,rule_markdown
SKU-IF4987,2026-02-05,6,HOLD,999.0,0.0333,0.8571,0.1966,0.4338,0.9,rule_hold
SKU-IF4987,2026-02-12,7,HOLD,378.0,0.1,1.0,0.1966,0.4338,0.9,rule_hold
SKU-IF4987,2026-02-19,8,HOLD,378.0,0.1,1.0,0.1966,0.4338,0.9,rule_hold
SKU-IF4987,2026-02-26,9,MARKDOWN,378.0,0.1,0.0,0.1966,0.4338,0.957,rule_markdown
SKU-IF4987,2026-03-05,10,HOLD,175.0,0.1667,2.1429,0.1966,0.4338,1.0,rule_hold
SKU-IF4987,2026-03-12,11,MARKDOWN,350.0,0.1667,0.5714,0.1966,0.4338,1.0,rule_markdown
SKU-IF4987,2026-03-19,12,MARKDOWN,350.0,0.1667,0.0,0.1966,0.4338,1.0,rule_markdown
SKU-IF4987,2026-03-26,13,HOLD,224.0,0.2,1.2857,0.1966,0.4338,1.014,rule_hold
SKU-IF4987,2026-04-02,14,MARKDOWN,672.0,0.2,0.4286,0.1966,0.4338,1.1,rule_markdown
SKU-IF4987,2026-04-09,15,MARKDOWN,672.0,0.2,0.0,0.1966,0.4338,1.1,rule_markdown
SKU-IF4987,2026-04-16,16,MARKDOWN,672.0,0.2,0.0,0.1966,0.4338,1.1,rule_markdown
SKU-IF4987,2026-04-23,17,HOLD,644.0,0.2333,0.8571,0.1966,0.4338,1.1,rule_hold
SKU-IF4987,2026-04-30,18,MARKDOWN,644.0,0.2333,0.7143,0.1966,0.4338,1.014,rule_markdown
SKU-IF4987,2026-05-07,19,MARKDOWN,644.0,0.2333,0.0,0.1966,0.4338,1.0,rule_markdown
SKU-IF4987,2026-05-14,20,MARKDOWN,644.0,0.2333,0.0,0.1966,0.4338,1.0,rule_markdown
SKU-IF4987,2026-05-21,21,HOLD,616.0,0.2667,2.4286,0.1966,0.4338,1.0,rule_hold
SKU-IF4987,2026-05-28,22,HOLD,294.0,0.3,1.2857,0.1966,0.4338,0.957,rule_hold
SKU-IF4987,2026-06-04,23,HOLD,294.0,0.3,1.7143,0.1966,0.4338,0.9,rule_hold
SKU-IF4987,2026-06-11,24,MARKDOWN,186.67,0.3333,0.2143,0.1966,0.4338,0.9,rule_markdown
SKU-IF4987,2026-06-18,25,HOLD,280.0,0.3333,2.5714,0.1966,0.4338,0.9,rule_hold
SKU-IF4987,2026-06-25,26,MARKDOWN,560.0,0.3333,0.0,0.1966,0.4338,0.886,rule_markdown
SKU-IF4987,2026-07-02,27,MARKDOWN,560.0,0.3333,0.0,0.1966,0.4338,0.8,rule_markdown
SKU-IF4987,2026-07-09,28,MARKDOWN,999.0,0.3333,0.1429,0.1966,0.4338,0.8,rule_markdown
SKU-IF4987,2026-07-16,29,HOLD,532.0,0.3667,1.0,0.1966,0.4338,0.8,rule_hold
SKU-IF4987,2026-07-23,30,MARKDOWN,532.0,0.3667,0.7143,0.1966,0.4338,0.8,rule_markdown
SKU-IF4987,2026-07-30,31,HOLD,252.0,0.4,1.2857,0.1966,0.4338,0.871,rule_hold
SKU-IF4987,2026-08-06,32,HOLD,252.0,0.4,1.7143,0.1966,0.4338,0.9,rule_hold
SKU-IF4987,2026-08-13,33,HOLD,238.0,0.4333,1.0714,0.1966,0.4338,0.9,rule_hold
SKU-IF4987,2026-08-20,34,HOLD,238.0,0.4333,1.7143,0.1966,0.4338,0.9,rule_hold
SKU-IF4987,2026-08-27,35,MARKDOWN,476.0,0.4333,0.0,0.1966,0.4338,1.043,rule_markdown
SKU-IF4987,2026-09-03,36,PROMOTE,224.0,0.4667,1.7143,0.1966,0.4338,1.4,rule_promote
SKU-IF4987,2026-09-10,37,PROMOTE,448.0,0.4667,1.2857,0.1966,0.4338,1.4,rule_promote
SKU-IF4987,2026-09-17,38,MARKDOWN,448.0,0.4667,0.0,0.1966,0.4338,1.4,rule_markdown
SKU-IF4987,2026-09-24,39,MARKDOWN,448.0,0.4667,0.0,0.1966,0.4338,1.4,rule_markdown
SKU-IF4987,2026-10-01,40,MARKDOWN,196.0,0.5333,0.5714,0.1966,0.4338,1.1,rule_markdown
SKU-IF4987,2026-10-08,41,HOLD,196.0,0.5333,1.0,0.1966,0.4338,1.1,rule_hold
SKU-IF4987,2026-10-15,42,MARKDOWN,196.0,0.5333,0.0,0.1966,0.4338,1.1,rule_markdown
SKU-IF4987,2026-10-22,43,HOLD,121.33,0.5667,0.8571,0.1966,0.4338,1.1,rule_hold
SKU-IF4987,2026-10-29,44,MARKDOWN,364.0,0.5667,0.6429,0.1966,0.4338,1.043,rule_markdown
SKU-IF4987,2026-11-05,45,MARKDOWN,364.0,0.5667,0.0,0.1966,0.4338,1.0,rule_markdown
SKU-IF4987,2026-11-12,46,HOLD,168.0,0.6,2.1429,0.1966,0.4338,1.0,rule_hold
SKU-IF4987,2026-11-19,47,HOLD,336.0,0.6,0.8571,0.1966,0.4338,1.0,rule_hold
SKU-IF4987,2026-11-26,48,MARKDOWN,336.0,0.6,0.0,0.1966,0.4338,0.971,rule_markdown
SKU-IF4987,2026-12-03,49,MARKDOWN,336.0,0.6,0.0,0.1966,0.4338,0.9,rule_markdown
SKU-IF4987,2026-12-10,50,MARKDOWN,999.0,0.6,0.7143,0.1966,0.4338,0.9,rule_markdown
SKU-IF4987,2026-12-17,51,HOLD,308.0,0.6333,1.0,0.1966,0.4338,0.9,rule_hold
SKU-IF4987,2026-12-24,52,MARKDOWN,308.0,0.6333,0.7143,0.1966,0.4338,0.9,rule_markdown
SKU-JR3462,2026-01-01,1,,,,1.0,0.1051,0.4442,,cold_start
SKU-JR3462,2026-01-08,2,,,,1.0,0.1051,0.4442,,cold_start
SKU-JR3462,2026-01-15,3,,,,1.0,0.1051,0.4442,,cold_start
SKU-JR3462,2026-01-22,4,,,,1.0,0.1051,0.4442,,cold_start
SKU-JR3462,2026-01-29,5,MARKDOWN,980.0,0.0278,0.0,0.1051,0.4442,0.857,rule_markdown
SKU-JR3462,2026-02-05,6,MARKDOWN,980.0,0.0278,0.0,0.1051,0.4442,0.9,rule_markdown
SKU-JR3462,2026-02-12,7,MARKDOWN,999.0,0.0278,0.2857,0.1051,0.4442,0.9,rule_markdown
SKU-JR3462,2026-02-19,8,HOLD,952.0,0.0556,1.0,0.1051,0.4442,0.9,rule_hold
SKU-JR3462,2026-02-26,9,HOLD,462.0,0.0833,2.7143,0.1051,0.4442,0.957,rule_hold
SKU-JR3462,2026-03-05,10,MARKDOWN,462.0,0.0833,0.4286,0.1051,0.4442,1.0,rule_markdown
SKU-JR3462,2026-03-12,11,MARKDOWN,298.67,0.1111,0.2143,0.1051,0.4442,1.0,rule_markdown
SKU-JR3462,2026-03-19,12,HOLD,289.33,0.1389,3.4286,0.1051,0.4442,1.0,rule_hold
SKU-JR3462,2026-03-26,13,HOLD,434.0,0.1389,1.5,0.1051,0.4442,1.014,rule_hold
SKU-JR3462,2026-04-02,14,HOLD,156.8,0.2222,2.5714,0.1051,0.4442,1.1,rule_hold
SKU-JR3462,2026-04-09,15,HOLD,196.0,0.2222,1.6071,0.1051,0.4442,1.1,rule_hold
SKU-JR3462,2026-04-16,16,MARKDOWN,261.33,0.2222,0.0,0.1051,0.4442,1.1,rule_markdown
SKU-JR3462,2026-04-23,17,MARKDOWN,261.33,0.2222,0.0,0.1051,0.4442,1.1,rule_markdown
SKU-JR3462,2026-04-30,18,HOLD,233.33,0.3056,4.5714,0.1051,0.4442,1.014,rule_hold
SKU-JR3462,2026-05-07,19,HOLD,168.0,0.3333,1.2143,0.1051,0.4442,1.0,rule_hold
SKU-JR3462,2026-05-14,20,HOLD,168.0,0.3333,0.8571,0.1051,0.4442,1.0,rule_hold
SKU-JR3462,2026-05-21,21,MARKDOWN,168.0,0.3333,0.0,0.1051,0.4442,1.0,rule_markdown
SKU-JR3462,2026-05-28,22,MARKDOWN,672.0,0.3333,0.0,0.1051,0.4442,0.957,rule_markdown
SKU-JR3462,2026-06-04,23,MARKDOWN,999.0,0.3333,0.1429,0.1051,0.4442,0.9,rule_markdown
SKU-JR3462,2026-06-11,24,HOLD,999.0,0.3333,1.0,0.1051,0.4442,0.9,rule_hold
SKU-JR3462,2026-06-18,25,HOLD,999.0,0.3333,1.0,0.1051,0.4442,0.9,rule_hold
SKU-JR3462,2026-06-25,26,HOLD,999.0,0.3333,1.0,0.1051,0.4442,0.886,rule_hold
SKU-JR3462,2026-07-02,27,HOLD,999.0,0.3333,1.0,0.1051,0.4442,0.8,rule_hold
SKU-JR3462,2026-07-09,28,HOLD,644.0,0.3611,1.0,0.1051,0.4442,0.8,rule_hold
SKU-JR3462,2026-07-16,29,HOLD,308.0,0.3889,2.1429,0.1051,0.4442,0.8,rule_hold
SKU-JR3462,2026-07-23,30,MARKDOWN,196.0,0.4167,0.4286,0.1051,0.4442,0.8,rule_markdown
SKU-JR3462,2026-07-30,31,HOLD,196.0,0.4167,1.0714,0.1051,0.4442,0.871,rule_hold
SKU-JR3462,2026-08-06,32,MARKDOWN,294.0,0.4167,0.0,0.1051,0.4442,0.9,rule_markdown
SKU-JR3462,2026-08-13,33,MARKDOWN,588.0,0.4167,0.0,0.1051,0.4442,0.9,rule_markdown
SKU-JR3462,2026-08-20,34,HOLD,560.0,0.4444,1.1429,0.1051,0.4442,0.9,rule_hold
SKU-JR3462,2026-08-27,35,HOLD,168.0,0.5,2.1429,0.1051,0.4442,1.043,rule_hold
SKU-JR3462,2026-09-03,36,PROMOTE,119.0,0.5278,5.0,0.1051,0.4442,1.4,rule_promote
SKU-JR3462,2026-09-10,37,PROMOTE,70.0,0.5833,1.6429,0.1051,0.4442,1.4,rule_promote
SKU-JR3462,2026-09-17,38,MARKDOWN,65.33,0.6111,0.6643,0.1051,0.4442,1.4,rule_markdown
SKU-JR3462,2026-09-24,39,PROMOTE,72.8,0.6389,0.9,0.1051,0.4442,1.4,rule_promote
SKU-JR3462,2026-10-01,40,MARKDOWN,91.0,0.6389,0.2143,0.1051,0.4442,1.1,rule_markdown
SKU-JR3462,2026-10-08,41,MARKDOWN,182.0,0.6389,0.0,0.1051,0.4442,1.1,rule_markdown
SKU-JR3462,2026-10-15,42,MARKDOWN,364.0,0.6389,0.0,0.1051,0.4442,1.1,rule_markdown
SKU-JR3462,2026-10-22,43,MARKDOWN,999.0,0.6389,0.7143,0.1051,0.4442,1.1,rule_markdown
SKU-JR3462,2026-10-29,44,HOLD,999.0,0.6389,1.0,0.1051,0.4442,1.043,rule_hold
SKU-JR3462,2026-11-05,45,HOLD,336.0,0.6667,1.0,0.1051,0.4442,1.0,rule_hold
SKU-JR3462,2026-11-12,46,MARKDOWN,154.0,0.6944,0.4286,0.1051,0.4442,1.0,rule_markdown
SKU-JR3462,2026-11-19,47,HOLD,154.0,0.6944,2.5714,0.1051,0.4442,1.0,rule_hold
SKU-JR3462,2026-11-26,48,MARKDOWN,154.0,0.6944,0.0,0.1051,0.4442,0.971,rule_markdown
SKU-JR3462,2026-12-03,49,HOLD,140.0,0.7222,2.1429,0.1051,0.4442,0.9,rule_hold
SKU-JR3462,2026-12-10,50,HOLD,280.0,0.7222,0.8571,0.1051,0.4442,0.9,rule_hold
SKU-JR3462,2026-12-17,51,MARKDOWN,280.0,0.7222,0.0,0.1051,0.4442,0.9,rule_markdown
SKU-JR3462,2026-12-24,52,MARKDOWN,280.0,0.7222,0.0,0.1051,0.4442,0.9,rule_markdown
SKU-GW8747,2026-01-01,1,,,,1.0,0.0037,0.5033,,cold_start
SKU-GW8747,2026-01-08,2,,,,1.0,0.0037,0.5033,,cold_start
SKU-GW8747,2026-01-15,3,,,,1.0,0.0037,0.5033,,cold_start
SKU-GW8747,2026-01-22,4,,,,1.0,0.0037,0.5033,,cold_start
SKU-GW8747,2026-01-29,5,MARKDOWN,406.0,0.0794,0.5714,0.0037,0.5033,0.857,rule_markdown
SKU-GW8747,2026-02-05,6,MARKDOWN,812.0,0.0794,0.5,0.0037,0.5033,0.9,rule_markdown
SKU-GW8747,2026-02-12,7,HOLD,798.0,0.0952,1.7143,0.0037,0.5033,0.9,rule_hold
SKU-GW8747,2026-02-19,8,HOLD,302.4,0.1429,5.7857,0.0037,0.5033,0.9,rule_hold
SKU-GW8747,2026-02-26,9,HOLD,242.67,0.1746,1.9286,0.0037,0.5033,0.957,rule_hold
SKU-GW8747,2026-03-05,10,MARKDOWN,204.0,0.1905,0.3286,0.0037,0.5033,1.0,rule_markdown
SKU-GW8747,2026-03-12,11,MARKDOWN,200.0,0.2063,0.7143,0.0037,0.5033,1.0,rule_markdown
SKU-GW8747,2026-03-19,12,MARKDOWN,274.4,0.2222,0.6214,0.0037,0.5033,1.0,rule_markdown
SKU-GW8747,2026-03-26,13,HOLD,263.2,0.254,2.7143,0.0037,0.5033,1.014,rule_hold
SKU-GW8747,2026-04-02,14,MARKDOWN,257.6,0.2698,0.5,0.0037,0.5033,1.1,rule_markdown
SKU-GW8747,2026-04-09,15,MARKDOWN,322.0,0.2698,0.7143,0.0037,0.5033,1.1,rule_markdown
SKU-GW8747,2026-04-16,16,MARKDOWN,315.0,0.2857,0.5,0.0037,0.5033,1.1,rule_markdown
SKU-GW8747,2026-04-23,17,HOLD,410.67,0.3016,1.0,0.0037,0.5033,1.1,rule_hold
SKU-GW8747,2026-04-30,18,HOLD,616.0,0.3016,1.2857,0.0037,0.5033,1.014,rule_hold
SKU-GW8747,2026-05-07,19,MARKDOWN,616.0,0.3016,0.0,0.0037,0.5033,1.0,rule_markdown
SKU-GW8747,2026-05-14,20,MARKDOWN,999.0,0.3016,0.0,0.0037,0.5033,1.0,rule_markdown
SKU-GW8747,2026-05-21,21,MARKDOWN,999.0,0.3016,0.1429,0.0037,0.5033,1.0,rule_markdown
SKU-GW8747,2026-05-28,22,HOLD,999.0,0.3175,1.0,0.0037,0.5033,0.957,rule_hold
SKU-GW8747,2026-06-04,23,HOLD,588.0,0.3333,0.8571,0.0037,0.5033,0.9,rule_hold
SKU-GW8747,2026-06-11,24,HOLD,280.0,0.3651,4.2857,0.0037,0.5033,0.9,rule_hold
SKU-GW8747,2026-06-18,25,HOLD,218.4,0.381,2.2143,0.0037,0.5033,0.9,rule_hold
SKU-GW8747,2026-06-25,26,MARKDOWN,212.8,0.3968,0.6786,0.0037,0.5033,0.886,rule_markdown
SKU-GW8747,2026-07-02,27,MARKDOWN,266.0,0.3968,0.5357,0.0037,0.5033,0.8,rule_markdown
SKU-GW8747,2026-07-09,28,MARKDOWN,532.0,0.3968,0.0,0.0037,0.5033,0.8,rule_markdown
SKU-GW8747,2026-07-16,29,MARKDOWN,999.0,0.3968,0.0,0.0037,0.5033,0.8,rule_markdown
SKU-GW8747,2026-07-23,30,MARKDOWN,326.67,0.4444,0.7143,0.0037,0.5033,0.8,rule_markdown
SKU-GW8747,2026-07-30,31,HOLD,238.0,0.4603,2.4286,0.0037,0.5033,0.871,rule_hold
SKU-GW8747,2026-08-06,32,HOLD,149.33,0.4921,0.9643,0.0037,0.5033,0.9,rule_hold
SKU-GW8747,2026-08-13,33,HOLD,149.33,0.4921,0.9,0.0037,0.5033,0.9,rule_hold
SKU-GW8747,2026-08-20,34,MARKDOWN,217.0,0.5079,0.6214,0.0037,0.5033,0.9,rule_markdown
SKU-GW8747,2026-08-27,35,MARKDOWN,210.0,0.5238,0.1429,0.0037,0.5033,1.043,rule_markdown
SKU-GW8747,2026-09-03,36,PROMOTE,270.67,0.5397,2.3571,0.0037,0.5033,1.4,rule_promote
SKU-GW8747,2026-09-10,37,PROMOTE,196.0,0.5556,0.8571,0.0037,0.5033,1.4,rule_promote
SKU-GW8747,2026-09-17,38,MARKDOWN,189.0,0.5714,0.3571,0.0037,0.5033,1.4,rule_markdown
SKU-GW8747,2026-09-24,39,PROMOTE,182.0,0.5873,1.1429,0.0037,0.5033,1.4,rule_promote
SKU-GW8747,2026-10-01,40,HOLD,175.0,0.6032,1.2143,0.0037,0.5033,1.1,rule_hold
SKU-GW8747,2026-10-08,41,HOLD,233.33,0.6032,1.2143,0.0037,0.5033,1.1,rule_hold
SKU-GW8747,2026-10-15,42,HOLD,224.0,0.619,1.0714,0.0037,0.5033,1.1,rule_hold
SKU-GW8747,2026-10-22,43,HOLD,117.6,0.6667,1.2143,0.0037,0.5033,1.1,rule_hold
SKU-GW8747,2026-10-29,44,HOLD,147.0,0.6667,2.9643,0.0037,0.5033,1.043,rule_hold
SKU-GW8747,2026-11-05,45,MARKDOWN,72.0,0.7143,0.6429,0.0037,0.5033,1.0,rule_markdown
SKU-GW8747,2026-11-12,46,HOLD,84.0,0.7143,2.0143,0.0037,0.5033,1.0,rule_hold
SKU-GW8747,2026-11-19,47,MARKDOWN,168.0,0.7143,0.0,0.0037,0.5033,1.0,rule_markdown
SKU-GW8747,2026-11-26,48,HOLD,89.6,0.746,1.5714,0.0037,0.5033,0.971,rule_hold
SKU-GW8747,2026-12-03,49,HOLD,140.0,0.7619,0.8714,0.0037,0.5033,0.9,rule_hold
SKU-GW8747,2026-12-10,50,HOLD,98.0,0.7778,1.4286,0.0037,0.5033,0.9,rule_hold
SKU-GW8747,2026-12-17,51,HOLD,56.0,0.8095,1.5357,0.0037,0.5033,0.9,rule_hold
SKU-GW8747,2026-12-24,52,MARKDOWN,84.0,0.8095,0.3214,0.0037,0.5033,0.9,rule_markdown
SKU-HQ4534,2026-01-01,1,,,,1.0,0.1907,0.4416,,cold_start
SKU-HQ4534,2026-01-08,2,,,,1.0,0.1907,0.4416,,cold_start
SKU-HQ4534,2026-01-15,3,,,,1.0,0.1907,0.4416,,cold_start
SKU-HQ4534,2026-01-22,4,,,,1.0,0.1907,0.4416,,cold_start
SKU-HQ4534,2026-01-29,5,HOLD,285.6,0.0893,2.8571,0.1907,0.4416,0.857,rule_hold
SKU-HQ4534,2026-02-05,6,MARKDOWN,285.6,0.0893,0.0,0.1907,0.4416,0.9,rule_markdown
SKU-HQ4534,2026-02-12,7,MARKDOWN,196.0,0.125,0.3429,0.1907,0.4416,0.9,rule_markdown
SKU-HQ4534,2026-02-19,8,HOLD,448.0,0.1429,3.7143,0.1907,0.4416,0.9,rule_hold
SKU-HQ4534,2026-02-26,9,MARKDOWN,448.0,0.1429,0.6429,0.1907,0.4416,0.957,rule_markdown
SKU-HQ4534,2026-03-05,10,MARKDOWN,448.0,0.1429,0.0,0.1907,0.4416,1.0,rule_markdown
SKU-HQ4534,2026-03-12,11,HOLD,658.0,0.1607,0.8571,0.1907,0.4416,1.0,rule_hold
SKU-HQ4534,2026-03-19,12,HOLD,308.0,0.2143,6.5714,0.1907,0.4416,1.0,rule_hold
SKU-HQ4534,2026-03-26,13,HOLD,308.0,0.2143,1.8571,0.1907,0.4416,1.014,rule_hold
SKU-HQ4534,2026-04-02,14,MARKDOWN,308.0,0.2143,0.0,0.1907,0.4416,1.1,rule_markdown
SKU-HQ4534,2026-04-09,15,MARKDOWN,410.67,0.2143,0.0,0.1907,0.4416,1.1,rule_markdown
SKU-HQ4534,2026-04-16,16,HOLD,999.0,0.2321,1.3571,0.1907,0.4416,1.1,rule_hold
SKU-HQ4534,2026-04-23,17,HOLD,280.0,0.2857,2.5714,0.1907,0.4416,1.1,rule_hold
SKU-HQ4534,2026-04-30,18,HOLD,218.4,0.3036,7.8929,0.1907,0.4416,1.014,rule_hold
SKU-HQ4534,2026-05-07,19,HOLD,148.0,0.3393,0.8571,0.1907,0.4416,1.0,rule_hold
SKU-HQ4534,2026-05-14,20,MARKDOWN,172.67,0.3393,0.3429,0.1907,0.4416,1.0,rule_markdown
SKU-HQ4534,2026-05-21,21,MARKDOWN,196.0,0.375,0.7429,0.1907,0.4416,1.0,rule_markdown
SKU-HQ4534,2026-05-28,22,HOLD,245.0,0.375,1.4286,0.1907,0.4416,0.957,rule_hold
SKU-HQ4534,2026-06-04,23,MARKDOWN,490.0,0.375,0.0,0.1907,0.4416,0.9,rule_markdown
SKU-HQ4534,2026-06-11,24,HOLD,231.0,0.4107,2.7857,0.1907,0.4416,0.9,rule_hold
SKU-HQ4534,2026-06-18,25,MARKDOWN,298.67,0.4286,0.5714,0.1907,0.4416,0.9,rule_markdown
SKU-HQ4534,2026-06-25,26,HOLD,298.67,0.4286,1.0714,0.1907,0.4416,0.886,rule_hold
SKU-HQ4534,2026-07-02,27,HOLD,168.0,0.4643,1.2857,0.1907,0.4416,0.8,rule_hold
SKU-HQ4534,2026-07-09,28,HOLD,203.0,0.4821,2.7143,0.1907,0.4416,0.8,rule_hold
SKU-HQ4534,2026-07-16,29,MARKDOWN,270.67,0.4821,0.1429,0.1907,0.4416,0.8,rule_markdown
SKU-HQ4534,2026-07-23,30,HOLD,151.2,0.5179,1.8571,0.1907,0.4416,0.8,rule_hold
SKU-HQ4534,2026-07-30,31,MARKDOWN,182.0,0.5357,0.3929,0.1907,0.4416,0.871,rule_markdown
SKU-HQ4534,2026-08-06,32,HOLD,242.67,0.5357,1.0,0.1907,0.4416,0.9,rule_hold
SKU-HQ4534,2026-08-13,33,MARKDOWN,242.67,0.5357,0.0,0.1907,0.4416,0.9,rule_markdown
SKU-HQ4534,2026-08-20,34,MARKDOWN,728.0,0.5357,0.0,0.1907,0.4416,0.9,rule_markdown
SKU-HQ4534,2026-08-27,35,HOLD,214.67,0.5893,2.0,0.1907,0.4416,1.043,rule_hold
SKU-HQ4534,2026-09-03,36,PROMOTE,93.33,0.6429,3.2143,0.1907,0.4416,1.4,rule_promote
SKU-HQ4534,2026-09-10,37,PROMOTE,52.89,0.6964,1.9286,0.1907,0.4416,1.4,rule_promote
SKU-HQ4534,2026-09-17,38,MARKDOWN,44.8,0.7143,0.3036,0.1907,0.4416,1.4,rule_markdown
SKU-HQ4534,2026-09-24,39,MARKDOWN,43.56,0.75,0.4949,0.1907,0.4416,1.4,rule_markdown
SKU-HQ4534,2026-10-01,40,HOLD,52.0,0.7679,1.2857,0.1907,0.4416,1.1,rule_hold
SKU-HQ4534,2026-10-08,41,MARKDOWN,67.2,0.7857,0.6857,0.1907,0.4416,1.1,rule_markdown
SKU-HQ4534,2026-10-15,42,MARKDOWN,61.6,0.8036,0.4071,0.1907,0.4416,1.1,rule_markdown
SKU-HQ4534,2026-10-22,43,MARKDOWN,70.0,0.8214,0.7857,0.1907,0.4416,1.1,rule_markdown
SKU-HQ4534,2026-10-29,44,HOLD,70.0,0.8246,1.8571,0.1907,0.4416,1.043,rule_hold
SKU-HQ4534,2026-11-05,45,MARKDOWN,63.0,0.8421,0.5714,0.1907,0.4416,1.0,rule_markdown
SKU-HQ4534,2026-11-12,46,HOLD,56.0,0.8596,1.1429,0.1907,0.4416,1.0,rule_hold
SKU-HQ4534,2026-11-19,47,MARKDOWN,74.67,0.8596,0.2857,0.1907,0.4416,1.0,rule_markdown
SKU-HQ4534,2026-11-26,48,HOLD,65.33,0.8772,1.0714,0.1907,0.4416,0.971,rule_hold
SKU-HQ4534,2026-12-03,49,HOLD,35.0,0.9123,1.7143,0.1907,0.4416,0.9,rule_hold
SKU-HQ4534,2026-12-10,50,HOLD,46.67,0.9123,2.1429,0.1907,0.4416,0.9,rule_hold
SKU-HQ4534,2026-12-17,51,HOLD,28.0,0.9298,0.4286,0.1907,0.4416,0.9,rule_hold
SKU-HQ4534,2026-12-24,52,HOLD,37.33,0.9298,0.7143,0.1907,0.4416,0.9,rule_hold
SKU-GY9353,2026-01-01,1,,,,1.0,-0.0211,0.4494,,cold_start
SKU-GY9353,2026-01-08,2,,,,1.0,-0.0211,0.4494,,cold_start
SKU-GY9353,2026-01-15,3,,,,1.0,-0.0211,0.4494,,cold_start
SKU-GY9353,2026-01-22,4,,,,1.0,-0.0211,0.4494,,cold_start
SKU-GY9353,2026-01-29,5,MARKDOWN,301.0,0.1042,0.2857,-0.0211,0.4494,0.857,rule_markdown
SKU-GY9353,2026-02-05,6,HOLD,401.33,0.1042,0.8571,-0.0211,0.4494,0.9,rule_hold
SKU-GY9353,2026-02-12,7,HOLD,382.67,0.1458,1.2857,-0.0211,0.4494,0.9,rule_hold
SKU-GY9353,2026-02-19,8,HOLD,382.67,0.1458,4.5,-0.0211,0.4494,0.9,rule_hold
SKU-GY9353,2026-02-26,9,MARKDOWN,574.0,0.1458,0.0,-0.0211,0.4494,0.957,rule_markdown
SKU-GY9353,2026-03-05,10,HOLD,373.33,0.1667,1.0714,-0.0211,0.4494,1.0,rule_hold
SKU-GY9353,2026-03-12,11,HOLD,354.67,0.2083,1.7857,-0.0211,0.4494,1.0,rule_hold
SKU-GY9353,2026-03-19,12,HOLD,354.67,0.2083,3.2143,-0.0211,0.4494,1.0,rule_hold
SKU-GY9353,2026-03-26,13,MARKDOWN,354.67,0.2083,0.0,-0.0211,0.4494,1.014,rule_markdown
SKU-GY9353,2026-04-02,14,MARKDOWN,345.33,0.2292,0.4286,-0.0211,0.4494,1.1,rule_markdown
SKU-GY9353,2026-04-09,15,HOLD,504.0,0.25,3.2143,-0.0211,0.4494,1.1,rule_hold
SKU-GY9353,2026-04-16,16,HOLD,504.0,0.25,0.8571,-0.0211,0.4494,1.1,rule_hold
SKU-GY9353,2026-04-23,17,MARKDOWN,504.0,0.25,0.0,-0.0211,0.4494,1.1,rule_markdown
SKU-GY9353,2026-04-30,18,HOLD,231.0,0.3125,4.9286,-0.0211,0.4494,1.014,rule_hold
SKU-GY9353,2026-05-07,19,HOLD,224.0,0.3333,0.9286,-0.0211,0.4494,1.0,rule_hold
SKU-GY9353,2026-05-14,20,HOLD,116.0,0.3958,1.4643,-0.0211,0.4494,1.0,rule_hold
SKU-GY9353,2026-05-21,21,HOLD,116.0,0.3958,1.6286,-0.0211,0.4494,1.0,rule_hold
SKU-GY9353,2026-05-28,22,HOLD,126.0,0.4375,0.8143,-0.0211,0.4494,0.957,rule_hold
SKU-GY9353,2026-06-04,23,HOLD,100.0,0.4792,1.3214,-0.0211,0.4494,0.9,rule_hold
SKU-GY9353,2026-06-11,24,HOLD,134.4,0.5,0.55,-0.0211,0.4494,0.9,rule_hold
SKU-GY9353,2026-06-18,25,HOLD,134.4,0.5,0.5357,-0.0211,0.4494,0.9,rule_hold
SKU-GY9353,2026-06-25,26,HOLD,224.0,0.5,0.0,-0.0211,0.4494,0.886,rule_hold
SKU-GY9353,2026-07-02,27,HOLD,672.0,0.5,0.0,-0.0211,0.4494,0.8,rule_hold
SKU-GY9353,2026-07-09,28,HOLD,644.0,0.5208,1.1429,-0.0211,0.4494,0.8,rule_hold
SKU-GY9353,2026-07-16,29,HOLD,644.0,0.5208,0.4286,-0.0211,0.4494,0.8,rule_hold
SKU-GY9353,2026-07-23,30,HOLD,140.0,0.5833,5.5714,-0.0211,0.4494,0.8,rule_hold
SKU-GY9353,2026-07-30,31,HOLD,140.0,0.5833,1.4286,-0.0211,0.4494,0.871,rule_hold
SKU-GY9353,2026-08-06,32,HOLD,186.67,0.5833,0.0,-0.0211,0.4494,0.9,rule_hold
SKU-GY9353,2026-08-13,33,HOLD,133.0,0.6042,0.1429,-0.0211,0.4494,0.9,rule_hold
SKU-GY9353,2026-08-20,34,HOLD,532.0,0.6042,2.1429,-0.0211,0.4494,0.9,rule_hold
SKU-GY9353,2026-08-27,35,HOLD,532.0,0.6042,0.0,-0.0211,0.4494,1.043,rule_hold
SKU-GY9353,2026-09-03,36,PROMOTE,252.0,0.625,2.5714,-0.0211,0.4494,1.4,rule_promote
SKU-GY9353,2026-09-10,37,PROMOTE,149.33,0.6667,3.6429,-0.0211,0.4494,1.4,rule_promote
SKU-GY9353,2026-09-17,38,PROMOTE,149.33,0.6667,0.4286,-0.0211,0.4494,1.4,rule_promote
SKU-GY9353,2026-09-24,39,PROMOTE,60.67,0.7292,2.2857,-0.0211,0.4494,1.4,rule_promote
SKU-GY9353,2026-10-01,40,HOLD,72.8,0.7292,0.6071,-0.0211,0.4494,1.1,rule_hold
SKU-GY9353,2026-10-08,41,HOLD,84.0,0.75,0.9286,-0.0211,0.4494,1.1,rule_hold
SKU-GY9353,2026-10-15,42,HOLD,84.0,0.75,0.0,-0.0211,0.4494,1.1,rule_hold
SKU-GY9353,2026-10-22,43,HOLD,336.0,0.75,0.0,-0.0211,0.4494,1.1,rule_hold
SKU-GY9353,2026-10-29,44,HOLD,336.0,0.75,0.0,-0.0211,0.4494,1.043,rule_hold
SKU-GY9353,2026-11-05,45,HOLD,999.0,0.75,1.0,-0.0211,0.4494,1.0,rule_hold
SKU-GY9353,2026-11-12,46,HOLD,308.0,0.7708,1.0,-0.0211,0.4494,1.0,rule_hold
SKU-GY9353,2026-11-19,47,HOLD,308.0,0.7708,0.1429,-0.0211,0.4494,1.0,rule_hold
SKU-GY9353,2026-11-26,48,HOLD,84.0,0.8125,4.7143,-0.0211,0.4494,0.971,rule_hold
SKU-GY9353,2026-12-03,49,HOLD,84.0,0.8125,0.6429,-0.0211,0.4494,0.9,rule_hold
SKU-GY9353,2026-12-10,50,HOLD,126.0,0.8125,0.0,-0.0211,0.4494,0.9,rule_hold
SKU-GY9353,2026-12-17,51,HOLD,74.67,0.8333,1.2857,-0.0211,0.4494,0.9,rule_hold
SKU-GY9353,2026-12-24,52,HOLD,56.0,0.875,3.8571,-0.0211,0.4494,0.9,rule_hold
SKU-JS3686,2026-01-01,1,,,,1.0,0.0,0.4803,,cold_start
SKU-JS3686,2026-01-08,2,,,,1.0,0.0,0.4803,,cold_start
SKU-JS3686,2026-01-15,3,,,,1.0,0.0,0.4803,,cold_start
SKU-JS3686,2026-01-22,4,,,,1.0,0.0,0.4803,,cold_start
SKU-JS3686,2026-01-29,5,HOLD,999.0,0.0,1.0,0.0,0.4803,0.857,rule_hold
SKU-JS3686,2026-02-05,6,HOLD,999.0,0.0,1.0,0.0,0.4803,0.9,rule_hold
SKU-JS3686,2026-02-12,7,HOLD,999.0,0.0,1.0,0.0,0.4803,0.9,rule_hold
SKU-JS3686,2026-02-19,8,HOLD,999.0,0.0,1.0,0.0,0.4803,0.9,rule_hold
SKU-JS3686,2026-02-26,9,HOLD,999.0,0.0,1.0,0.0,0.4803,0.957,rule_hold
SKU-JS3686,2026-03-05,10,HOLD,999.0,0.0,1.0,0.0,0.4803,1.0,rule_hold
SKU-JS3686,2026-03-12,11,HOLD,999.0,0.0,1.0,0.0,0.4803,1.0,rule_hold
SKU-JS3686,2026-03-19,12,HOLD,999.0,0.0,1.0,0.0,0.4803,1.0,rule_hold
SKU-JS3686,2026-03-26,13,HOLD,999.0,0.0,1.0,0.0,0.4803,1.014,rule_hold
SKU-JS3686,2026-04-02,14,HOLD,999.0,0.0,1.0,0.0,0.4803,1.1,rule_hold
SKU-JS3686,2026-04-09,15,HOLD,999.0,0.0,1.0,0.0,0.4803,1.1,rule_hold
SKU-JS3686,2026-04-16,16,HOLD,999.0,0.0,1.0,0.0,0.4803,1.1,rule_hold
SKU-JS3686,2026-04-23,17,HOLD,999.0,0.0,1.0,0.0,0.4803,1.1,rule_hold
SKU-JS3686,2026-04-30,18,HOLD,140.0,0.1667,1.0,0.0,0.4803,1.014,rule_hold
SKU-JS3686,2026-05-07,19,HOLD,56.0,0.3333,2.1429,0.0,0.4803,1.0,rule_hold
SKU-JS3686,2026-05-14,20,HOLD,56.0,0.3333,0.8571,0.0,0.4803,1.0,rule_hold
SKU-JS3686,2026-05-21,21,MARKDOWN,56.0,0.3333,0.0,0.0,0.4803,1.0,rule_markdown
SKU-JS3686,2026-05-28,22,MARKDOWN,112.0,0.3333,0.0,0.0,0.4803,0.957,rule_markdown
SKU-JS3686,2026-06-04,23,MARKDOWN,999.0,0.3333,0.7143,0.0,0.4803,0.9,rule_markdown
SKU-JS3686,2026-06-11,24,HOLD,999.0,0.3333,1.0,0.0,0.4803,0.9,rule_hold
SKU-JS3686,2026-06-18,25,HOLD,999.0,0.3333,1.0,0.0,0.4803,0.9,rule_hold
SKU-JS3686,2026-06-25,26,HOLD,999.0,0.3333,1.0,0.0,0.4803,0.886,rule_hold
SKU-JS3686,2026-07-02,27,HOLD,999.0,0.3333,1.0,0.0,0.4803,0.8,rule_hold
SKU-JS3686,2026-07-09,28,HOLD,84.0,0.5,1.0,0.0,0.4803,0.8,rule_hold
SKU-JS3686,2026-07-16,29,HOLD,84.0,0.5,0.8571,0.0,0.4803,0.8,rule_hold
SKU-JS3686,2026-07-23,30,MARKDOWN,84.0,0.5,0.0,0.0,0.4803,0.8,rule_markdown
SKU-JS3686,2026-07-30,31,MARKDOWN,84.0,0.5,0.0,0.0,0.4803,0.871,rule_markdown
SKU-JS3686,2026-08-06,32,MARKDOWN,999.0,0.5,0.1429,0.0,0.4803,0.9,rule_markdown
SKU-JS3686,2026-08-13,33,HOLD,999.0,0.5,1.0,0.0,0.4803,0.9,rule_hold
SKU-JS3686,2026-08-20,34,HOLD,999.0,0.5,1.0,0.0,0.4803,0.9,rule_hold
SKU-JS3686,2026-08-27,35,HOLD,999.0,0.5,1.0,0.0,0.4803,1.043,rule_hold
SKU-JS3686,2026-09-03,36,PROMOTE,56.0,0.6667,1.0,0.0,0.4803,1.4,rule_promote
SKU-JS3686,2026-09-10,37,MARKDOWN,56.0,0.6667,0.4286,0.0,0.4803,1.4,rule_markdown
SKU-JS3686,2026-09-17,38,PROMOTE,14.0,0.8333,1.7143,0.0,0.4803,1.4,rule_promote
SKU-JS3686,2026-09-24,39,PROMOTE,14.0,0.8333,1.2857,0.0,0.4803,1.4,rule_promote
SKU-JS3686,2026-10-01,40,HOLD,28.0,0.8333,0.0,0.0,0.4803,1.1,rule_hold
SKU-JS3686,2026-10-08,41,HOLD,28.0,0.8333,0.0,0.0,0.4803,1.1,rule_hold
SKU-JS3686,2026-10-15,42,MARKDOWN,999.0,0.625,0.5714,0.0,0.4803,1.1,rule_markdown
SKU-JS3686,2026-10-22,43,HOLD,999.0,0.625,1.0,0.0,0.4803,1.1,rule_hold
SKU-JS3686,2026-10-29,44,HOLD,999.0,0.625,1.0,0.0,0.4803,1.043,rule_hold
SKU-JS3686,2026-11-05,45,HOLD,999.0,0.625,1.0,0.0,0.4803,1.0,rule_hold
SKU-JS3686,2026-11-12,46,HOLD,999.0,0.625,1.0,0.0,0.4803,1.0,rule_hold
SKU-JS3686,2026-11-19,47,HOLD,999.0,0.625,1.0,0.0,0.4803,1.0,rule_hold
SKU-JS3686,2026-11-26,48,HOLD,56.0,0.75,1.0,0.0,0.4803,0.971,rule_hold
SKU-JS3686,2026-12-03,49,HOLD,14.0,0.875,1.5714,0.0,0.4803,0.9,rule_hold
SKU-JS3686,2026-12-10,50,HOLD,14.0,0.875,0.4286,0.0,0.4803,0.9,rule_hold
SKU-JS3686,2026-12-17,51,HOLD,14.0,0.875,0.0,0.0,0.4803,0.9,rule_hold
SKU-JS3686,2026-12-24,52,HOLD,28.0,0.875,0.0,0.0,0.4803,0.9,rule_hold
SKU-IG7711,2026-01-01,1,,,,1.0,0.0928,0.4375,,cold_start
SKU-IG7711,2026-01-08,2,,,,1.0,0.0928,0.4375,,cold_start
SKU-IG7711,2026-01-15,3,,,,1.0,0.0928,0.4375,,cold_start
SKU-IG7711,2026-01-22,4,,,,1.0,0.0928,0.4375,,cold_start
SKU-IG7711,2026-01-29,5,MARKDOWN,999.0,0.0417,0.1429,0.0928,0.4375,0.857,rule_markdown
SKU-IG7711,2026-02-05,6,HOLD,999.0,0.0417,1.0,0.0928,0.4375,0.9,rule_hold
SKU-IG7711,2026-02-12,7,HOLD,616.0,0.0833,1.0,0.0928,0.4375,0.9,rule_hold
SKU-IG7711,2026-02-19,8,HOLD,186.67,0.1667,0.8571,0.0928,0.4375,0.9,rule_hold
SKU-IG7711,2026-02-26,9,HOLD,186.67,0.1667,5.1429,0.0928,0.4375,0.957,rule_hold
SKU-IG7711,2026-03-05,10,MARKDOWN,186.67,0.1667,0.0,0.0928,0.4375,1.0,rule_markdown
SKU-IG7711,2026-03-12,11,HOLD,95.2,0.2917,2.1429,0.0928,0.4375,1.0,rule_hold
SKU-IG7711,2026-03-19,12,HOLD,84.0,0.375,3.1571,0.0928,0.4375,1.0,rule_hold
SKU-IG7711,2026-03-26,13,HOLD,52.0,0.4583,1.5286,0.0928,0.4375,1.014,rule_hold
SKU-IG7711,2026-04-02,14,MARKDOWN,52.0,0.4583,0.5286,0.0928,0.4375,1.1,rule_markdown
SKU-IG7711,2026-04-09,15,MARKDOWN,91.0,0.4583,0.0,0.0928,0.4375,1.1,rule_markdown
SKU-IG7711,2026-04-16,16,MARKDOWN,182.0,0.4583,0.0,0.0928,0.4375,1.1,rule_markdown
SKU-IG7711,2026-04-23,17,MARKDOWN,999.0,0.4583,0.1429,0.0928,0.4375,1.1,rule_markdown
SKU-IG7711,2026-04-30,18,HOLD,999.0,0.4583,1.0,0.0928,0.4375,1.014,rule_hold
SKU-IG7711,2026-05-07,19,HOLD,999.0,0.4583,1.0,0.0928,0.4375,1.0,rule_hold
SKU-IG7711,2026-05-14,20,HOLD,999.0,0.4583,1.0,0.0928,0.4375,1.0,rule_hold
SKU-IG7711,2026-05-21,21,HOLD,999.0,0.4583,1.0,0.0928,0.4375,1.0,rule_hold
SKU-IG7711,2026-05-28,22,HOLD,999.0,0.4583,1.0,0.0928,0.4375,0.957,rule_hold
SKU-IG7711,2026-06-04,23,HOLD,336.0,0.5,1.0,0.0928,0.4375,0.9,rule_hold
SKU-IG7711,2026-06-11,24,HOLD,93.33,0.5833,1.7143,0.0928,0.4375,0.9,rule_hold
SKU-IG7711,2026-06-18,25,HOLD,93.33,0.5833,1.2857,0.0928,0.4375,0.9,rule_hold
SKU-IG7711,2026-06-25,26,MARKDOWN,44.8,0.6667,0.5714,0.0928,0.4375,0.886,rule_markdown
SKU-IG7711,2026-07-02,27,HOLD,56.0,0.6667,1.3571,0.0928,0.4375,0.8,rule_hold
SKU-IG7711,2026-07-09,28,MARKDOWN,112.0,0.6667,0.0,0.0928,0.4375,0.8,rule_markdown
SKU-IG7711,2026-07-16,29,MARKDOWN,112.0,0.6667,0.0,0.0928,0.4375,0.8,rule_markdown
SKU-IG7711,2026-07-23,30,MARKDOWN,999.0,0.6667,0.1429,0.0928,0.4375,0.8,rule_markdown
SKU-IG7711,2026-07-30,31,HOLD,999.0,0.64,1.0,0.0928,0.4375,0.871,rule_hold
SKU-IG7711,2026-08-06,32,HOLD,224.0,0.68,1.0,0.0928,0.4375,0.9,rule_hold
SKU-IG7711,2026-08-13,33,MARKDOWN,224.0,0.68,0.2857,0.0928,0.4375,0.9,rule_markdown
SKU-IG7711,2026-08-20,34,MARKDOWN,224.0,0.68,0.0,0.0928,0.4375,0.9,rule_markdown
SKU-IG7711,2026-08-27,35,HOLD,98.0,0.72,0.8571,0.0928,0.4375,1.043,rule_hold
SKU-IG7711,2026-09-03,36,PROMOTE,28.0,0.84,4.2857,0.0928,0.4375,1.4,rule_promote
SKU-IG7711,2026-09-10,37,PROMOTE,16.8,0.88,2.2857,0.0928,0.4375,1.4,rule_promote
SKU-IG7711,2026-09-17,38,HOLD,9.33,0.92,0.5786,0.0928,0.4375,1.4,rule_hold
SKU-IG7711,2026-09-24,39,HOLD,11.2,0.92,0.3429,0.0928,0.4375,1.4,rule_hold
SKU-IG7711,2026-10-01,40,HOLD,28.0,0.92,0.0,0.0928,0.4375,1.1,rule_hold
SKU-IG7711,2026-10-08,41,MARKDOWN,56.0,0.92,0.0,0.0928,0.4375,1.1,rule_markdown
SKU-IG7711,2026-10-15,42,HOLD,84.0,0.8889,0.8571,0.0928,0.4375,1.1,rule_hold
SKU-IG7711,2026-10-22,43,MARKDOWN,84.0,0.8889,0.4286,0.0928,0.4375,1.1,rule_markdown
SKU-IG7711,2026-10-29,44,HOLD,28.0,0.9259,2.5714,0.0928,0.4375,1.043,rule_hold
SKU-IG7711,2026-11-05,45,HOLD,28.0,0.9259,0.4286,0.0928,0.4375,1.0,rule_hold
SKU-IG7711,2026-11-12,46,MARKDOWN,56.0,0.9259,0.0,0.0928,0.4375,1.0,rule_markdown
SKU-IG7711,2026-11-19,47,MARKDOWN,56.0,0.9259,0.0,0.0928,0.4375,1.0,rule_markdown
SKU-IG7711,2026-11-26,48,HOLD,0.0,1.0,0.8571,0.0928,0.4375,0.971,rule_hold
SKU-IG7711,2026-12-03,49,HOLD,0.0,1.0,2.2143,0.0928,0.4375,0.9,rule_hold
SKU-IG7711,2026-12-10,50,HOLD,0.0,1.0,0.0,0.0928,0.4375,0.9,rule_hold
SKU-IG7711,2026-12-17,51,HOLD,0.0,1.0,0.0,0.0928,0.4375,0.9,rule_hold
SKU-IG7711,2026-12-24,52,HOLD,0.0,1.0,0.2857,0.0928,0.4375,0.9,rule_hold
SKU-JH9315,2026-01-01,1,,,,1.0,-0.0042,0.479,,cold_start
SKU-JH9315,2026-01-08,2,,,,1.0,-0.0042,0.479,,cold_start
SKU-JH9315,2026-01-15,3,,,,1.0,-0.0042,0.479,,cold_start
SKU-JH9315,2026-01-22,4,,,,1.0,-0.0042,0.479,,cold_start
SKU-JH9315,2026-01-29,5,HOLD,455.0,0.0714,2.9286,-0.0042,0.479,0.857,rule_hold
SKU-JH9315,2026-02-05,6,HOLD,352.8,0.1,1.5714,-0.0042,0.479,0.9,rule_hold
SKU-JH9315,2026-02-12,7,MARKDOWN,352.8,0.1,0.5357,-0.0042,0.479,0.9,rule_markdown
SKU-JH9315,2026-02-19,8,HOLD,280.0,0.1429,1.9714,-0.0042,0.479,0.9,rule_hold
SKU-JH9315,2026-02-26,9,MARKDOWN,275.33,0.1571,0.4929,-0.0042,0.479,0.957,rule_markdown
SKU-JH9315,2026-03-05,10,MARKDOWN,413.0,0.1571,0.5357,-0.0042,0.479,1.0,rule_markdown
SKU-JH9315,2026-03-12,11,HOLD,266.0,0.1857,1.0714,-0.0042,0.479,1.0,rule_hold
SKU-JH9315,2026-03-19,12,HOLD,308.0,0.2143,1.7143,-0.0042,0.479,1.0,rule_hold
SKU-JH9315,2026-03-26,13,HOLD,302.4,0.2286,1.1071,-0.0042,0.479,1.014,rule_hold
SKU-JH9315,2026-04-02,14,MARKDOWN,302.4,0.2286,0.5357,-0.0042,0.479,1.1,rule_markdown
SKU-JH9315,2026-04-09,15,HOLD,291.2,0.2571,1.4429,-0.0042,0.479,1.1,rule_hold
SKU-JH9315,2026-04-16,16,MARKDOWN,485.33,0.2571,0.3571,-0.0042,0.479,1.1,rule_markdown
SKU-JH9315,2026-04-23,17,MARKDOWN,476.0,0.2714,0.5714,-0.0042,0.479,1.1,rule_markdown
SKU-JH9315,2026-04-30,18,HOLD,350.0,0.2857,1.9286,-0.0042,0.479,1.014,rule_hold
SKU-JH9315,2026-05-07,19,HOLD,180.0,0.3571,4.0,-0.0042,0.479,1.0,rule_hold
SKU-JH9315,2026-05-14,20,HOLD,180.0,0.3571,2.1286,-0.0042,0.479,1.0,rule_hold
SKU-JH9315,2026-05-21,21,MARKDOWN,210.0,0.3571,0.0,-0.0042,0.479,1.0,rule_markdown
SKU-JH9315,2026-05-28,22,MARKDOWN,205.33,0.3714,0.5857,-0.0042,0.479,0.957,rule_markdown
SKU-JH9315,2026-06-04,23,HOLD,392.0,0.4,2.4286,-0.0042,0.479,0.9,rule_hold
SKU-JH9315,2026-06-11,24,HOLD,182.0,0.4429,2.0,-0.0042,0.479,0.9,rule_hold
SKU-JH9315,2026-06-18,25,HOLD,112.0,0.4857,1.6429,-0.0042,0.479,0.9,rule_hold
SKU-JH9315,2026-06-25,26,MARKDOWN,126.0,0.4857,0.7265,-0.0042,0.479,0.886,rule_markdown
SKU-JH9315,2026-07-02,27,MARKDOWN,140.0,0.5,0.5,-0.0042,0.479,0.8,rule_markdown
SKU-JH9315,2026-07-09,28,MARKDOWN,154.0,0.5286,0.7255,-0.0042,0.479,0.8,rule_markdown
SKU-JH9315,2026-07-16,29,HOLD,224.0,0.5429,1.0143,-0.0042,0.479,0.8,rule_hold
SKU-JH9315,2026-07-23,30,MARKDOWN,224.0,0.5429,0.7143,-0.0042,0.479,0.8,rule_markdown
SKU-JH9315,2026-07-30,31,MARKDOWN,298.67,0.5429,0.0,-0.0042,0.479,0.871,rule_markdown
SKU-JH9315,2026-08-06,32,HOLD,434.0,0.5571,1.2857,-0.0042,0.479,0.9,rule_hold
SKU-JH9315,2026-08-13,33,HOLD,420.0,0.5714,2.7857,-0.0042,0.479,0.9,rule_hold
SKU-JH9315,2026-08-20,34,MARKDOWN,420.0,0.5714,0.4286,-0.0042,0.479,0.9,rule_markdown
SKU-JH9315,2026-08-27,35,HOLD,196.0,0.6,1.9286,-0.0042,0.479,1.043,rule_hold
SKU-JH9315,2026-09-03,36,PROMOTE,189.0,0.6143,1.1429,-0.0042,0.479,1.4,rule_promote
SKU-JH9315,2026-09-10,37,PROMOTE,182.0,0.6286,1.5714,-0.0042,0.479,1.4,rule_promote
SKU-JH9315,2026-09-17,38,PROMOTE,112.0,0.6571,2.0,-0.0042,0.479,1.4,rule_promote
SKU-JH9315,2026-09-24,39,PROMOTE,102.67,0.6857,1.6286,-0.0042,0.479,1.4,rule_promote
SKU-JH9315,2026-10-01,40,MARKDOWN,80.0,0.7143,0.5429,-0.0042,0.479,1.1,rule_markdown
SKU-JH9315,2026-10-08,41,HOLD,93.33,0.7143,0.9429,-0.0042,0.479,1.1,rule_hold
SKU-JH9315,2026-10-15,42,MARKDOWN,84.0,0.7429,0.4286,-0.0042,0.479,1.1,rule_markdown
SKU-JH9315,2026-10-22,43,HOLD,126.0,0.7429,1.6429,-0.0042,0.479,1.1,rule_hold
SKU-JH9315,2026-10-29,44,MARKDOWN,158.67,0.7571,0.6786,-0.0042,0.479,1.043,rule_markdown
SKU-JH9315,2026-11-05,45,MARKDOWN,158.67,0.7571,0.4286,-0.0042,0.479,1.0,rule_markdown
SKU-JH9315,2026-11-12,46,HOLD,140.0,0.7857,1.7857,-0.0042,0.479,1.0,rule_hold
SKU-JH9315,2026-11-19,47,HOLD,56.0,0.8286,6.0714,-0.0042,0.479,1.0,rule_hold
SKU-JH9315,2026-11-26,48,HOLD,40.0,0.8571,1.8857,-0.0042,0.479,0.971,rule_hold
SKU-JH9315,2026-12-03,49,HOLD,40.0,0.8571,0.0714,-0.0042,0.479,0.9,rule_hold
SKU-JH9315,2026-12-10,50,MARKDOWN,42.0,0.8714,0.4469,-0.0042,0.479,0.9,rule_markdown
SKU-JH9315,2026-12-17,51,HOLD,56.0,0.8857,0.9643,-0.0042,0.479,0.9,rule_hold
SKU-JH9315,2026-12-24,52,MARKDOWN,126.0,0.8732,0.0,-0.0042,0.479,0.9,rule_markdown
SKU-HM8314,2026-01-01,1,,,,1.0,0.092,0.5709,,cold_start
SKU-HM8314,2026-01-08,2,,,,1.0,0.092,0.5709,,cold_start
SKU-HM8314,2026-01-15,3,,,,1.0,0.092,0.5709,,cold_start
SKU-HM8314,2026-01-22,4,,,,1.0,0.092,0.5709,,cold_start
SKU-HM8314,2026-01-29,5,MARKDOWN,154.0,0.1538,0.0,0.092,0.5709,0.943,rule_markdown
SKU-HM8314,2026-02-05,6,MARKDOWN,308.0,0.1538,0.0,0.092,0.5709,0.9,rule_markdown
SKU-HM8314,2026-02-12,7,HOLD,999.0,0.1538,0.8571,0.092,0.5709,0.9,rule_hold
SKU-HM8314,2026-02-19,8,HOLD,999.0,0.1538,1.0,0.092,0.5709,0.9,rule_hold
SKU-HM8314,2026-02-26,9,HOLD,999.0,0.1538,1.0,0.092,0.5709,0.957,rule_hold
SKU-HM8314,2026-03-05,10,HOLD,999.0,0.1538,1.0,0.092,0.5709,1.0,rule_hold
SKU-HM8314,2026-03-12,11,HOLD,999.0,0.1538,1.0,0.092,0.5709,1.0,rule_hold
SKU-HM8314,2026-03-19,12,HOLD,999.0,0.1538,1.0,0.092,0.5709,1.0,rule_hold
SKU-HM8314,2026-03-26,13,HOLD,999.0,0.1538,1.0,0.092,0.5709,1.0,rule_hold
SKU-HM8314,2026-04-02,14,HOLD,999.0,0.1538,1.0,0.092,0.5709,1.0,rule_hold
SKU-HM8314,2026-04-09,15,HOLD,999.0,0.1538,1.0,0.092,0.5709,1.0,rule_hold
SKU-HM8314,2026-04-16,16,HOLD,999.0,0.1538,1.0,0.092,0.5709,1.0,rule_hold
SKU-HM8314,2026-04-23,17,HOLD,999.0,0.1538,1.0,0.092,0.5709,1.0,rule_hold
SKU-HM8314,2026-04-30,18,HOLD,999.0,0.1538,1.0,0.092,0.5709,1.0,rule_hold
SKU-HM8314,2026-05-07,19,HOLD,999.0,0.1538,1.0,0.092,0.5709,1.0,rule_hold
SKU-HM8314,2026-05-14,20,HOLD,999.0,0.1538,1.0,0.092,0.5709,1.0,rule_hold
SKU-HM8314,2026-05-21,21,HOLD,999.0,0.1538,1.0,0.092,0.5709,1.0,rule_hold
SKU-HM8314,2026-05-28,22,HOLD,999.0,0.1538,1.0,0.092,0.5709,0.957,rule_hold
SKU-HM8314,2026-06-04,23,HOLD,280.0,0.2308,1.0,0.092,0.5709,0.9,rule_hold
SKU-HM8314,2026-06-11,24,MARKDOWN,280.0,0.2308,0.4286,0.092,0.5709,0.9,rule_markdown
SKU-HM8314,2026-06-18,25,MARKDOWN,280.0,0.2308,0.0,0.092,0.5709,0.9,rule_markdown
SKU-HM8314,2026-06-25,26,MARKDOWN,280.0,0.2308,0.0,0.092,0.5709,0.9,rule_markdown
SKU-HM8314,2026-07-02,27,MARKDOWN,999.0,0.2308,0.5714,0.092,0.5709,0.9,rule_markdown
SKU-HM8314,2026-07-09,28,HOLD,999.0,0.2308,1.0,0.092,0.5709,0.9,rule_hold
SKU-HM8314,2026-07-16,29,HOLD,999.0,0.2308,1.0,0.092,0.5709,0.9,rule_hold
SKU-HM8314,2026-07-23,30,HOLD,999.0,0.2308,1.0,0.092,0.5709,0.9,rule_hold
SKU-HM8314,2026-07-30,31,HOLD,999.0,0.2308,1.0,0.092,0.5709,0.971,rule_hold
SKU-HM8314,2026-08-06,32,HOLD,999.0,0.2308,1.0,0.092,0.5709,1.0,rule_hold
SKU-HM8314,2026-08-13,33,HOLD,999.0,0.2308,1.0,0.092,0.5709,1.0,rule_hold
SKU-HM8314,2026-08-20,34,HOLD,999.0,0.2308,1.0,0.092,0.5709,1.0,rule_hold
SKU-HM8314,2026-08-27,35,HOLD,252.0,0.3077,1.0,0.092,0.5709,1.057,rule_hold
SKU-HM8314,2026-09-03,36,MARKDOWN,252.0,0.3077,0.1429,0.092,0.5709,1.2,rule_markdown
SKU-HM8314,2026-09-10,37,PROMOTE,65.33,0.4615,5.5714,0.092,0.5709,1.2,rule_promote
SKU-HM8314,2026-09-17,38,MARKDOWN,65.33,0.4615,0.2143,0.092,0.5709,1.2,rule_markdown
SKU-HM8314,2026-09-24,39,PROMOTE,56.0,0.5385,0.8571,0.092,0.5709,1.2,rule_promote
SKU-HM8314,2026-10-01,40,MARKDOWN,56.0,0.5385,0.6429,0.092,0.5709,1.1,rule_markdown
SKU-HM8314,2026-10-08,41,MARKDOWN,70.0,0.6154,0.4286,0.092,0.5709,1.1,rule_markdown
SKU-HM8314,2026-10-15,42,HOLD,70.0,0.6154,2.5714,0.092,0.5709,1.1,rule_hold
SKU-HM8314,2026-10-22,43,MARKDOWN,140.0,0.6154,0.0,0.092,0.5709,1.1,rule_markdown
SKU-HM8314,2026-10-29,44,MARKDOWN,140.0,0.6154,0.0,0.092,0.5709,1.157,rule_markdown
SKU-HM8314,2026-11-05,45,MARKDOWN,999.0,0.6154,0.1429,0.092,0.5709,1.2,rule_markdown
SKU-HM8314,2026-11-12,46,PROMOTE,999.0,0.6154,1.0,0.092,0.5709,1.2,rule_promote
SKU-HM8314,2026-11-19,47,PROMOTE,999.0,0.6154,1.0,0.092,0.5709,1.2,rule_promote
SKU-HM8314,2026-11-26,48,PROMOTE,999.0,0.6154,1.0,0.092,0.5709,1.229,rule_promote
SKU-HM8314,2026-12-03,49,PROMOTE,999.0,0.6154,1.0,0.092,0.5709,1.3,rule_promote
SKU-HM8314,2026-12-10,50,PROMOTE,999.0,0.6154,1.0,0.092,0.5709,1.3,rule_promote
SKU-HM8314,2026-12-17,51,PROMOTE,999.0,0.6154,1.0,0.092,0.5709,1.3,rule_promote
SKU-HM8314,2026-12-24,52,PROMOTE,999.0,0.6154,1.0,0.092,0.5709,1.3,rule_promote
SKU-JD8028,2026-01-01,1,,,,1.0,-0.0347,0.5603,,cold_start
SKU-JD8028,2026-01-08,2,,,,1.0,-0.0347,0.5603,,cold_start
SKU-JD8028,2026-01-15,3,,,,1.0,-0.0347,0.5603,,cold_start
SKU-JD8028,2026-01-22,4,,,,1.0,-0.0347,0.5603,,cold_start
SKU-JD8028,2026-01-29,5,HOLD,252.0,0.1,1.0,-0.0347,0.5603,0.943,rule_hold
SKU-JD8028,2026-02-05,6,MARKDOWN,252.0,0.1,0.2857,-0.0347,0.5603,0.9,rule_markdown
SKU-JD8028,2026-02-12,7,MARKDOWN,252.0,0.1,0.0,-0.0347,0.5603,0.9,rule_markdown
SKU-JD8028,2026-02-19,8,HOLD,112.0,0.2,2.1429,-0.0347,0.5603,0.9,rule_hold
SKU-JD8028,2026-02-26,9,HOLD,98.0,0.3,3.8571,-0.0347,0.5603,0.957,rule_hold
SKU-JD8028,2026-03-05,10,MARKDOWN,98.0,0.3,0.0,-0.0347,0.5603,1.0,rule_markdown
SKU-JD8028,2026-03-12,11,MARKDOWN,98.0,0.3,0.0,-0.0347,0.5603,1.0,rule_markdown
SKU-JD8028,2026-03-19,12,MARKDOWN,196.0,0.3,0.0,-0.0347,0.5603,1.0,rule_markdown
SKU-JD8028,2026-03-26,13,HOLD,999.0,0.3,1.0,-0.0347,0.5603,1.0,rule_hold
SKU-JD8028,2026-04-02,14,HOLD,999.0,0.3,1.0,-0.0347,0.5603,1.0,rule_hold
SKU-JD8028,2026-04-09,15,HOLD,999.0,0.3,1.0,-0.0347,0.5603,1.0,rule_hold
SKU-JD8028,2026-04-16,16,HOLD,999.0,0.3,1.0,-0.0347,0.5603,1.0,rule_hold
SKU-JD8028,2026-04-23,17,HOLD,999.0,0.3,1.0,-0.0347,0.5603,1.0,rule_hold
SKU-JD8028,2026-04-30,18,HOLD,999.0,0.3,1.0,-0.0347,0.5603,1.0,rule_hold
SKU-JD8028,2026-05-07,19,HOLD,999.0,0.3,1.0,-0.0347,0.5603,1.0,rule_hold
SKU-JD8028,2026-05-14,20,HOLD,999.0,0.3,1.0,-0.0347,0.5603,1.0,rule_hold
SKU-JD8028,2026-05-21,21,HOLD,999.0,0.3,1.0,-0.0347,0.5603,1.0,rule_hold
SKU-JD8028,2026-05-28,22,HOLD,168.0,0.4,1.0,-0.0347,0.5603,0.957,rule_hold
SKU-JD8028,2026-06-04,23,HOLD,168.0,0.4,0.2857,-0.0347,0.5603,0.9,rule_hold
SKU-JD8028,2026-06-11,24,HOLD,168.0,0.4,0.0,-0.0347,0.5603,0.9,rule_hold
SKU-JD8028,2026-06-18,25,HOLD,168.0,0.4,0.0,-0.0347,0.5603,0.9,rule_hold
SKU-JD8028,2026-06-25,26,HOLD,999.0,0.4,0.7143,-0.0347,0.5603,0.9,rule_hold
SKU-JD8028,2026-07-02,27,HOLD,140.0,0.5,1.0,-0.0347,0.5603,0.9,rule_hold
SKU-JD8028,2026-07-09,28,HOLD,140.0,0.5,0.4286,-0.0347,0.5603,0.9,rule_hold
SKU-JD8028,2026-07-16,29,HOLD,140.0,0.5,0.0,-0.0347,0.5603,0.9,rule_hold
SKU-JD8028,2026-07-23,30,HOLD,140.0,0.5,0.0,-0.0347,0.5603,0.9,rule_hold
SKU-JD8028,2026-07-30,31,HOLD,999.0,0.5,0.5714,-0.0347,0.5603,0.971,rule_hold
SKU-JD8028,2026-08-06,32,HOLD,999.0,0.5,1.0,-0.0347,0.5603,1.0,rule_hold
SKU-JD8028,2026-08-13,33,HOLD,999.0,0.5,1.0,-0.0347,0.5603,1.0,rule_hold
SKU-JD8028,2026-08-20,34,HOLD,999.0,0.5,1.0,-0.0347,0.5603,1.0,rule_hold
SKU-JD8028,2026-08-27,35,HOLD,999.0,0.5,1.0,-0.0347,0.5603,1.057,rule_hold
SKU-JD8028,2026-09-03,36,PROMOTE,999.0,0.5,1.0,-0.0347,0.5603,1.2,rule_promote
SKU-JD8028,2026-09-10,37,PROMOTE,112.0,0.6,1.0,-0.0347,0.5603,1.2,rule_promote
SKU-JD8028,2026-09-17,38,PROMOTE,112.0,0.6,0.8571,-0.0347,0.5603,1.2,rule_promote
SKU-JD8028,2026-09-24,39,PROMOTE,112.0,0.6,0.0,-0.0347,0.5603,1.2,rule_promote
SKU-JD8028,2026-10-01,40,HOLD,112.0,0.6,0.0,-0.0347,0.5603,1.1,rule_hold
SKU-JD8028,2026-10-08,41,HOLD,999.0,0.6,0.1429,-0.0347,0.5603,1.1,rule_hold
SKU-JD8028,2026-10-15,42,HOLD,999.0,0.6,1.0,-0.0347,0.5603,1.1,rule_hold
SKU-JD8028,2026-10-22,43,HOLD,999.0,0.6,1.0,-0.0347,0.5603,1.1,rule_hold
SKU-JD8028,2026-10-29,44,PROMOTE,999.0,0.6,1.0,-0.0347,0.5603,1.157,rule_promote
SKU-JD8028,2026-11-05,45,PROMOTE,999.0,0.6,1.0,-0.0347,0.5603,1.2,rule_promote
SKU-JD8028,2026-11-12,46,PROMOTE,999.0,0.6,1.0,-0.0347,0.5603,1.2,rule_promote
SKU-JD8028,2026-11-19,47,PROMOTE,999.0,0.6,1.0,-0.0347,0.5603,1.2,rule_promote
SKU-JD8028,2026-11-26,48,PROMOTE,999.0,0.6,1.0,-0.0347,0.5603,1.229,rule_promote
SKU-JD8028,2026-12-03,49,PROMOTE,999.0,0.6,1.0,-0.0347,0.5603,1.3,rule_promote
SKU-JD8028,2026-12-10,50,PROMOTE,84.0,0.7,1.0,-0.0347,0.5603,1.3,rule_promote
SKU-JD8028,2026-12-17,51,PROMOTE,84.0,0.7,0.5714,-0.0347,0.5603,1.3,rule_promote
SKU-JD8028,2026-12-24,52,PROMOTE,84.0,0.7,0.0,-0.0347,0.5603,1.3,rule_promote
SKU-JH1286,2026-01-01,1,,,,1.0,0.0908,0.61,,cold_start
SKU-JH1286,2026-01-08,2,,,,1.0,0.0908,0.61,,cold_start
SKU-JH1286,2026-01-15,3,,,,1.0,0.0908,0.61,,cold_start
SKU-JH1286,2026-01-22,4,,,,1.0,0.0908,0.61,,cold_start
SKU-JH1286,2026-01-29,5,HOLD,999.0,0.0,1.0,0.0908,0.61,0.943,rule_hold
SKU-JH1286,2026-02-05,6,HOLD,999.0,0.0,1.0,0.0908,0.61,0.9,rule_hold
SKU-JH1286,2026-02-12,7,HOLD,999.0,0.0,1.0,0.0908,0.61,0.9,rule_hold
SKU-JH1286,2026-02-19,8,HOLD,999.0,0.0,1.0,0.0908,0.61,0.9,rule_hold
SKU-JH1286,2026-02-26,9,HOLD,999.0,0.0,1.0,0.0908,0.61,0.957,rule_hold
SKU-JH1286,2026-03-05,10,HOLD,999.0,0.0,1.0,0.0908,0.61,1.0,rule_hold
SKU-JH1286,2026-03-12,11,HOLD,999.0,0.0,1.0,0.0908,0.61,1.0,rule_hold
SKU-JH1286,2026-03-19,12,HOLD,999.0,0.0,1.0,0.0908,0.61,1.0,rule_hold
SKU-JH1286,2026-03-26,13,HOLD,168.0,0.1429,1.0,0.0908,0.61,1.0,rule_hold
SKU-JH1286,2026-04-02,14,MARKDOWN,168.0,0.1429,0.7143,0.0908,0.61,1.0,rule_markdown
SKU-JH1286,2026-04-09,15,MARKDOWN,168.0,0.1429,0.0,0.0908,0.61,1.0,rule_markdown
SKU-JH1286,2026-04-16,16,MARKDOWN,168.0,0.1429,0.0,0.0908,0.61,1.0,rule_markdown
SKU-JH1286,2026-04-23,17,MARKDOWN,999.0,0.1429,0.2857,0.0908,0.61,1.0,rule_markdown
SKU-JH1286,2026-04-30,18,HOLD,999.0,0.1429,1.0,0.0908,0.61,1.0,rule_hold
SKU-JH1286,2026-05-07,19,HOLD,999.0,0.1429,1.0,0.0908,0.61,1.0,rule_hold
SKU-JH1286,2026-05-14,20,HOLD,999.0,0.1429,1.0,0.0908,0.61,1.0,rule_hold
SKU-JH1286,2026-05-21,21,HOLD,999.0,0.1429,1.0,0.0908,0.61,1.0,rule_hold
SKU-JH1286,2026-05-28,22,HOLD,999.0,0.1429,1.0,0.0908,0.61,0.957,rule_hold
SKU-JH1286,2026-06-04,23,HOLD,999.0,0.1429,1.0,0.0908,0.61,0.9,rule_hold
SKU-JH1286,2026-06-11,24,HOLD,999.0,0.1429,1.0,0.0908,0.61,0.9,rule_hold
SKU-JH1286,2026-06-18,25,HOLD,999.0,0.1429,1.0,0.0908,0.61,0.9,rule_hold
SKU-JH1286,2026-06-25,26,HOLD,999.0,0.1429,1.0,0.0908,0.61,0.9,rule_hold
SKU-JH1286,2026-07-02,27,HOLD,999.0,0.1429,1.0,0.0908,0.61,0.9,rule_hold
SKU-JH1286,2026-07-09,28,HOLD,999.0,0.1429,1.0,0.0908,0.61,0.9,rule_hold
SKU-JH1286,2026-07-16,29,HOLD,999.0,0.1429,1.0,0.0908,0.61,0.9,rule_hold
SKU-JH1286,2026-07-23,30,HOLD,999.0,0.1429,1.0,0.0908,0.61,0.9,rule_hold
SKU-JH1286,2026-07-30,31,HOLD,999.0,0.1429,1.0,0.0908,0.61,0.971,rule_hold
SKU-JH1286,2026-08-06,32,HOLD,999.0,0.1429,1.0,0.0908,0.61,1.0,rule_hold
SKU-JH1286,2026-08-13,33,HOLD,999.0,0.1429,1.0,0.0908,0.61,1.0,rule_hold
SKU-JH1286,2026-08-20,34,HOLD,140.0,0.2857,1.0,0.0908,0.61,1.0,rule_hold
SKU-JH1286,2026-08-27,35,HOLD,140.0,0.2857,0.8571,0.0908,0.61,1.057,rule_hold
SKU-JH1286,2026-09-03,36,MARKDOWN,140.0,0.2857,0.0,0.0908,0.61,1.2,rule_markdown
SKU-JH1286,2026-09-10,37,MARKDOWN,140.0,0.2857,0.0,0.0908,0.61,1.2,rule_markdown
SKU-JH1286,2026-09-17,38,MARKDOWN,999.0,0.2857,0.1429,0.0908,0.61,1.2,rule_markdown
SKU-JH1286,2026-09-24,39,PROMOTE,999.0,0.2857,1.0,0.0908,0.61,1.2,rule_promote
SKU-JH1286,2026-10-01,40,HOLD,999.0,0.2857,1.0,0.0908,0.61,1.1,rule_hold
SKU-JH1286,2026-10-08,41,HOLD,999.0,0.2857,1.0,0.0908,0.61,1.1,rule_hold
SKU-JH1286,2026-10-15,42,HOLD,999.0,0.2857,1.0,0.0908,0.61,1.1,rule_hold
SKU-JH1286,2026-10-22,43,HOLD,999.0,0.2857,1.0,0.0908,0.61,1.1,rule_hold
SKU-JH1286,2026-10-29,44,PROMOTE,999.0,0.2857,1.0,0.0908,0.61,1.157,rule_promote
SKU-JH1286,2026-11-05,45,PROMOTE,112.0,0.4286,1.0,0.0908,0.61,1.2,rule_promote
SKU-JH1286,2026-11-12,46,PROMOTE,42.0,0.5714,2.1429,0.0908,0.61,1.2,rule_promote
SKU-JH1286,2026-11-19,47,PROMOTE,42.0,0.5714,0.8571,0.0908,0.61,1.2,rule_promote
SKU-JH1286,2026-11-26,48,PROMOTE,18.67,0.7143,1.2857,0.0908,0.61,1.229,rule_promote
SKU-JH1286,2026-12-03,49,PROMOTE,28.0,0.7143,0.4286,0.0908,0.61,1.3,rule_promote
SKU-JH1286,2026-12-10,50,MARKDOWN,140.0,0.5,0.0,0.0908,0.61,1.3,rule_markdown
SKU-JH1286,2026-12-17,51,MARKDOWN,140.0,0.5,0.0,0.0908,0.61,1.3,rule_markdown
SKU-JH1286,2026-12-24,52,PROMOTE,999.0,0.5,0.8571,0.0908,0.61,1.3,rule_promote
SKU-HS7259,2026-01-01,1,,,,1.0,0.01,0.5891,,cold_start
SKU-HS7259,2026-01-08,2,,,,1.0,0.01,0.5891,,cold_start
SKU-HS7259,2026-01-15,3,,,,1.0,0.01,0.5891,,cold_start
SKU-HS7259,2026-01-22,4,,,,1.0,0.01,0.5891,,cold_start
SKU-HS7259,2026-01-29,5,CLEAR,999.0,0.0,1.0,0.01,0.5891,0.943,rule_clear
SKU-HS7259,2026-02-05,6,CLEAR,999.0,0.0,1.0,0.01,0.5891,0.9,rule_clear
SKU-HS7259,2026-02-12,7,CLEAR,999.0,0.0,1.0,0.01,0.5891,0.9,rule_clear
SKU-HS7259,2026-02-19,8,CLEAR,999.0,0.0,1.0,0.01,0.5891,0.9,rule_clear
SKU-HS7259,2026-02-26,9,CLEAR,999.0,0.0,1.0,0.01,0.5891,0.957,rule_clear
SKU-HS7259,2026-03-05,10,CLEAR,999.0,0.0,1.0,0.01,0.5891,1.0,rule_clear
SKU-HS7259,2026-03-12,11,CLEAR,999.0,0.0,1.0,0.01,0.5891,1.0,rule_clear
SKU-HS7259,2026-03-19,12,CLEAR,999.0,0.0,1.0,0.01,0.5891,1.0,rule_clear
SKU-HS7259,2026-03-26,13,CLEAR,999.0,0.0,1.0,0.01,0.5891,1.0,rule_clear
SKU-HS7259,2026-04-02,14,CLEAR,999.0,0.0,1.0,0.01,0.5891,1.0,rule_clear
SKU-HS7259,2026-04-09,15,CLEAR,999.0,0.0,1.0,0.01,0.5891,1.0,rule_clear
SKU-HS7259,2026-04-16,16,CLEAR,999.0,0.0,1.0,0.01,0.5891,1.0,rule_clear
SKU-HS7259,2026-04-23,17,CLEAR,999.0,0.0,1.0,0.01,0.5891,1.0,rule_clear
SKU-HS7259,2026-04-30,18,CLEAR,999.0,0.0,1.0,0.01,0.5891,1.0,rule_clear
SKU-HS7259,2026-05-07,19,CLEAR,999.0,0.0,1.0,0.01,0.5891,1.0,rule_clear
SKU-HS7259,2026-05-14,20,CLEAR,999.0,0.0,1.0,0.01,0.5891,1.0,rule_clear
SKU-HS7259,2026-05-21,21,CLEAR,999.0,0.0,1.0,0.01,0.5891,1.0,rule_clear
SKU-HS7259,2026-05-28,22,CLEAR,999.0,0.0,1.0,0.01,0.5891,0.957,rule_clear
SKU-HS7259,2026-06-04,23,CLEAR,999.0,0.0,1.0,0.01,0.5891,0.9,rule_clear
SKU-HS7259,2026-06-11,24,CLEAR,999.0,0.0,1.0,0.01,0.5891,0.9,rule_clear
SKU-HS7259,2026-06-18,25,CLEAR,999.0,0.0,1.0,0.01,0.5891,0.9,rule_clear
SKU-HS7259,2026-06-25,26,CLEAR,999.0,0.0,1.0,0.01,0.5891,0.9,rule_clear
SKU-HS7259,2026-07-02,27,CLEAR,999.0,0.0,1.0,0.01,0.5891,0.9,rule_clear
SKU-HS7259,2026-07-09,28,CLEAR,999.0,0.0,1.0,0.01,0.5891,0.9,rule_clear
SKU-HS7259,2026-07-16,29,CLEAR,999.0,0.0,1.0,0.01,0.5891,0.9,rule_clear
SKU-HS7259,2026-07-23,30,CLEAR,999.0,0.0,1.0,0.01,0.5891,0.9,rule_clear
SKU-HS7259,2026-07-30,31,CLEAR,999.0,0.0,1.0,0.01,0.5891,0.971,rule_clear
SKU-HS7259,2026-08-06,32,CLEAR,999.0,0.0,1.0,0.01,0.5891,1.0,rule_clear
SKU-HS7259,2026-08-13,33,CLEAR,999.0,0.0,1.0,0.01,0.5891,1.0,rule_clear
SKU-HS7259,2026-08-20,34,CLEAR,999.0,0.0,1.0,0.01,0.5891,1.0,rule_clear
SKU-HS7259,2026-08-27,35,CLEAR,999.0,0.0,1.0,0.01,0.5891,1.057,rule_clear
SKU-HS7259,2026-09-03,36,PROMOTE,999.0,0.0,1.0,0.01,0.5891,1.2,rule_promote
SKU-HS7259,2026-09-10,37,PROMOTE,999.0,0.0,1.0,0.01,0.5891,1.2,rule_promote
SKU-HS7259,2026-09-17,38,PROMOTE,999.0,0.0,1.0,0.01,0.5891,1.2,rule_promote
SKU-HS7259,2026-09-24,39,PROMOTE,999.0,0.0,1.0,0.01,0.5891,1.2,rule_promote
SKU-HS7259,2026-10-01,40,CLEAR,999.0,0.0,1.0,0.01,0.5891,1.1,rule_clear
SKU-HS7259,2026-10-08,41,CLEAR,999.0,0.0,1.0,0.01,0.5891,1.1,rule_clear
SKU-HS7259,2026-10-15,42,CLEAR,999.0,0.0,1.0,0.01,0.5891,1.1,rule_clear
SKU-HS7259,2026-10-22,43,CLEAR,999.0,0.0,1.0,0.01,0.5891,1.1,rule_clear
SKU-HS7259,2026-10-29,44,PROMOTE,999.0,0.0,1.0,0.01,0.5891,1.157,rule_promote
SKU-HS7259,2026-11-05,45,PROMOTE,999.0,0.0,1.0,0.01,0.5891,1.2,rule_promote
SKU-HS7259,2026-11-12,46,PROMOTE,999.0,0.0,1.0,0.01,0.5891,1.2,rule_promote
SKU-HS7259,2026-11-19,47,PROMOTE,999.0,0.0,1.0,0.01,0.5891,1.2,rule_promote
SKU-HS7259,2026-11-26,48,PROMOTE,999.0,0.0,1.0,0.01,0.5891,1.229,rule_promote
SKU-HS7259,2026-12-03,49,PROMOTE,999.0,0.0,1.0,0.01,0.5891,1.3,rule_promote
SKU-HS7259,2026-12-10,50,PROMOTE,999.0,0.0,1.0,0.01,0.5891,1.3,rule_promote
SKU-HS7259,2026-12-17,51,PROMOTE,999.0,0.0,1.0,0.01,0.5891,1.3,rule_promote
SKU-HS7259,2026-12-24,52,PROMOTE,999.0,0.0,1.0,0.01,0.5891,1.3,rule_promote
SKU-KA6840,2026-01-01,1,,,,1.0,0.1252,0.55,,cold_start
SKU-KA6840,2026-01-08,2,,,,1.0,0.1252,0.55,,cold_start
SKU-KA6840,2026-01-15,3,,,,1.0,0.1252,0.55,,cold_start
SKU-KA6840,2026-01-22,4,,,,1.0,0.1252,0.55,,cold_start
SKU-KA6840,2026-01-29,5,MARKDOWN,999.0,0.1,0.4286,0.1252,0.55,0.943,rule_markdown
SKU-KA6840,2026-02-05,6,HOLD,999.0,0.1,1.0,0.1252,0.55,0.9,rule_hold
SKU-KA6840,2026-02-12,7,HOLD,999.0,0.1,1.0,0.1252,0.55,0.9,rule_hold
SKU-KA6840,2026-02-19,8,HOLD,999.0,0.1,1.0,0.1252,0.55,0.9,rule_hold
SKU-KA6840,2026-02-26,9,HOLD,999.0,0.1,1.0,0.1252,0.55,0.957,rule_hold
SKU-KA6840,2026-03-05,10,HOLD,999.0,0.1,1.0,0.1252,0.55,1.0,rule_hold
SKU-KA6840,2026-03-12,11,HOLD,999.0,0.1,1.0,0.1252,0.55,1.0,rule_hold
SKU-KA6840,2026-03-19,12,HOLD,224.0,0.2,1.0,0.1252,0.55,1.0,rule_hold
SKU-KA6840,2026-03-26,13,MARKDOWN,224.0,0.2,0.4286,0.1252,0.55,1.0,rule_markdown
SKU-KA6840,2026-04-02,14,MARKDOWN,224.0,0.2,0.0,0.1252,0.55,1.0,rule_markdown
SKU-KA6840,2026-04-09,15,MARKDOWN,224.0,0.2,0.0,0.1252,0.55,1.0,rule_markdown
SKU-KA6840,2026-04-16,16,MARKDOWN,999.0,0.2,0.5714,0.1252,0.55,1.0,rule_markdown
SKU-KA6840,2026-04-23,17,HOLD,999.0,0.2,1.0,0.1252,0.55,1.0,rule_hold
SKU-KA6840,2026-04-30,18,HOLD,999.0,0.2,1.0,0.1252,0.55,1.0,rule_hold
SKU-KA6840,2026-05-07,19,HOLD,196.0,0.3,1.0,0.1252,0.55,1.0,rule_hold
SKU-KA6840,2026-05-14,20,MARKDOWN,196.0,0.3,0.4286,0.1252,0.55,1.0,rule_markdown
SKU-KA6840,2026-05-21,21,HOLD,46.67,0.5,5.1429,0.1252,0.55,1.0,rule_hold
SKU-KA6840,2026-05-28,22,MARKDOWN,46.67,0.5,0.4286,0.1252,0.55,0.957,rule_markdown
SKU-KA6840,2026-06-04,23,MARKDOWN,70.0,0.5,0.0,0.1252,0.55,0.9,rule_markdown
SKU-KA6840,2026-06-11,24,MARKDOWN,70.0,0.5,0.0,0.1252,0.55,0.9,rule_markdown
SKU-KA6840,2026-06-18,25,MARKDOWN,999.0,0.5,0.7143,0.1252,0.55,0.9,rule_markdown
SKU-KA6840,2026-06-25,26,HOLD,999.0,0.5,1.0,0.1252,0.55,0.9,rule_hold
SKU-KA6840,2026-07-02,27,HOLD,999.0,0.5,1.0,0.1252,0.55,0.9,rule_hold
SKU-KA6840,2026-07-09,28,HOLD,999.0,0.5,1.0,0.1252,0.55,0.9,rule_hold
SKU-KA6840,2026-07-16,29,HOLD,999.0,0.5,1.0,0.1252,0.55,0.9,rule_hold
SKU-KA6840,2026-07-23,30,HOLD,999.0,0.5,1.0,0.1252,0.55,0.9,rule_hold
SKU-KA6840,2026-07-30,31,HOLD,999.0,0.5,1.0,0.1252,0.55,0.971,rule_hold
SKU-KA6840,2026-08-06,32,HOLD,999.0,0.5,1.0,0.1252,0.55,1.0,rule_hold
SKU-KA6840,2026-08-13,33,HOLD,999.0,0.5,1.0,0.1252,0.55,1.0,rule_hold
SKU-KA6840,2026-08-20,34,HOLD,112.0,0.6,1.0,0.1252,0.55,1.0,rule_hold
SKU-KA6840,2026-08-27,35,MARKDOWN,112.0,0.6,0.7143,0.1252,0.55,1.057,rule_markdown
SKU-KA6840,2026-09-03,36,MARKDOWN,112.0,0.6,0.0,0.1252,0.55,1.2,rule_markdown
SKU-KA6840,2026-09-10,37,MARKDOWN,112.0,0.6,0.0,0.1252,0.55,1.2,rule_markdown
SKU-KA6840,2026-09-17,38,MARKDOWN,999.0,0.6,0.2857,0.1252,0.55,1.2,rule_markdown
SKU-KA6840,2026-09-24,39,PROMOTE,999.0,0.6,1.0,0.1252,0.55,1.2,rule_promote
SKU-KA6840,2026-10-01,40,HOLD,999.0,0.6,1.0,0.1252,0.55,1.1,rule_hold
SKU-KA6840,2026-10-08,41,HOLD,999.0,0.6,1.0,0.1252,0.55,1.1,rule_hold
SKU-KA6840,2026-10-15,42,HOLD,999.0,0.6,1.0,0.1252,0.55,1.1,rule_hold
SKU-KA6840,2026-10-22,43,HOLD,999.0,0.6,1.0,0.1252,0.55,1.1,rule_hold
SKU-KA6840,2026-10-29,44,PROMOTE,999.0,0.6,1.0,0.1252,0.55,1.157,rule_promote
SKU-KA6840,2026-11-05,45,PROMOTE,999.0,0.6,1.0,0.1252,0.55,1.2,rule_promote
SKU-KA6840,2026-11-12,46,PROMOTE,84.0,0.7,1.0,0.1252,0.55,1.2,rule_promote
SKU-KA6840,2026-11-19,47,MARKDOWN,84.0,0.7,0.1429,0.1252,0.55,1.2,rule_markdown
SKU-KA6840,2026-11-26,48,MARKDOWN,84.0,0.7,0.0,0.1252,0.55,1.229,rule_markdown
SKU-KA6840,2026-12-03,49,PROMOTE,28.0,0.8,3.0,0.1252,0.55,1.3,rule_promote
SKU-KA6840,2026-12-10,50,MARKDOWN,56.0,0.8,0.0,0.1252,0.55,1.3,rule_markdown
SKU-KA6840,2026-12-17,51,MARKDOWN,84.0,0.7273,0.0,0.1252,0.55,1.3,rule_markdown
SKU-KA6840,2026-12-24,52,MARKDOWN,84.0,0.7273,0.0,0.1252,0.55,1.3,rule_markdown
SKU-JV7442,2026-01-01,1,,,,1.0,0.0284,0.5991,,cold_start
SKU-JV7442,2026-01-08,2,,,,1.0,0.0284,0.5991,,cold_start
SKU-JV7442,2026-01-15,3,,,,1.0,0.0284,0.5991,,cold_start
SKU-JV7442,2026-01-22,4,,,,1.0,0.0284,0.5991,,cold_start
SKU-JV7442,2026-01-29,5,HOLD,999.0,0.0,1.0,0.0284,0.5991,0.943,rule_hold
SKU-JV7442,2026-02-05,6,HOLD,999.0,0.0,1.0,0.0284,0.5991,0.9,rule_hold
SKU-JV7442,2026-02-12,7,HOLD,999.0,0.0,1.0,0.0284,0.5991,0.9,rule_hold
SKU-JV7442,2026-02-19,8,HOLD,999.0,0.0,1.0,0.0284,0.5991,0.9,rule_hold
SKU-JV7442,2026-02-26,9,HOLD,420.0,0.0625,1.0,0.0284,0.5991,0.957,rule_hold
SKU-JV7442,2026-03-05,10,HOLD,196.0,0.125,1.1429,0.0284,0.5991,1.0,rule_hold
SKU-JV7442,2026-03-12,11,HOLD,196.0,0.125,2.5714,0.0284,0.5991,1.0,rule_hold
SKU-JV7442,2026-03-19,12,MARKDOWN,196.0,0.125,0.0,0.0284,0.5991,1.0,rule_markdown
SKU-JV7442,2026-03-26,13,MARKDOWN,392.0,0.125,0.0,0.0284,0.5991,1.0,rule_markdown
SKU-JV7442,2026-04-02,14,MARKDOWN,999.0,0.125,0.1429,0.0284,0.5991,1.0,rule_markdown
SKU-JV7442,2026-04-09,15,HOLD,999.0,0.125,1.0,0.0284,0.5991,1.0,rule_hold
SKU-JV7442,2026-04-16,16,HOLD,364.0,0.1875,1.0,0.0284,0.5991,1.0,rule_hold
SKU-JV7442,2026-04-23,17,MARKDOWN,364.0,0.1875,0.2857,0.0284,0.5991,1.0,rule_markdown
SKU-JV7442,2026-04-30,18,MARKDOWN,364.0,0.1875,0.0,0.0284,0.5991,1.0,rule_markdown
SKU-JV7442,2026-05-07,19,MARKDOWN,364.0,0.1875,0.0,0.0284,0.5991,1.0,rule_markdown
SKU-JV7442,2026-05-14,20,MARKDOWN,999.0,0.1875,0.7143,0.0284,0.5991,1.0,rule_markdown
SKU-JV7442,2026-05-21,21,HOLD,336.0,0.25,1.0,0.0284,0.5991,1.0,rule_hold
SKU-JV7442,2026-05-28,22,MARKDOWN,336.0,0.25,0.0,0.0284,0.5991,0.957,rule_markdown
SKU-JV7442,2026-06-04,23,MARKDOWN,336.0,0.25,0.0,0.0284,0.5991,0.9,rule_markdown
SKU-JV7442,2026-06-11,24,MARKDOWN,336.0,0.25,0.0,0.0284,0.5991,0.9,rule_markdown
SKU-JV7442,2026-06-18,25,HOLD,999.0,0.25,1.0,0.0284,0.5991,0.9,rule_hold
SKU-JV7442,2026-06-25,26,HOLD,999.0,0.25,1.0,0.0284,0.5991,0.9,rule_hold
SKU-JV7442,2026-07-02,27,HOLD,999.0,0.25,1.0,0.0284,0.5991,0.9,rule_hold
SKU-JV7442,2026-07-09,28,HOLD,999.0,0.25,1.0,0.0284,0.5991,0.9,rule_hold
SKU-JV7442,2026-07-16,29,HOLD,308.0,0.3125,1.0,0.0284,0.5991,0.9,rule_hold
SKU-JV7442,2026-07-23,30,MARKDOWN,308.0,0.3125,0.5714,0.0284,0.5991,0.9,rule_markdown
SKU-JV7442,2026-07-30,31,MARKDOWN,308.0,0.3125,0.0,0.0284,0.5991,0.971,rule_markdown
SKU-JV7442,2026-08-06,32,MARKDOWN,308.0,0.3125,0.0,0.0284,0.5991,1.0,rule_markdown
SKU-JV7442,2026-08-13,33,MARKDOWN,999.0,0.3125,0.4286,0.0284,0.5991,1.0,rule_markdown
SKU-JV7442,2026-08-20,34,HOLD,999.0,0.3125,1.0,0.0284,0.5991,1.0,rule_hold
SKU-JV7442,2026-08-27,35,HOLD,999.0,0.3125,1.0,0.0284,0.5991,1.057,rule_hold
SKU-JV7442,2026-09-03,36,PROMOTE,999.0,0.3125,1.0,0.0284,0.5991,1.2,rule_promote
SKU-JV7442,2026-09-10,37,PROMOTE,280.0,0.375,1.0,0.0284,0.5991,1.2,rule_promote
SKU-JV7442,2026-09-17,38,MARKDOWN,280.0,0.375,0.5714,0.0284,0.5991,1.2,rule_markdown
SKU-JV7442,2026-09-24,39,MARKDOWN,280.0,0.375,0.0,0.0284,0.5991,1.2,rule_markdown
SKU-JV7442,2026-10-01,40,MARKDOWN,280.0,0.375,0.0,0.0284,0.5991,1.1,rule_markdown
SKU-JV7442,2026-10-08,41,HOLD,252.0,0.4375,0.8571,0.0284,0.5991,1.1,rule_hold
SKU-JV7442,2026-10-15,42,MARKDOWN,252.0,0.4375,0.4286,0.0284,0.5991,1.1,rule_markdown
SKU-JV7442,2026-10-22,43,MARKDOWN,252.0,0.4375,0.0,0.0284,0.5991,1.1,rule_markdown
SKU-JV7442,2026-10-29,44,MARKDOWN,252.0,0.4375,0.0,0.0284,0.5991,1.157,rule_markdown
SKU-JV7442,2026-11-05,45,MARKDOWN,999.0,0.4375,0.5714,0.0284,0.5991,1.2,rule_markdown
SKU-JV7442,2026-11-12,46,PROMOTE,999.0,0.4375,1.0,0.0284,0.5991,1.2,rule_promote
SKU-JV7442,2026-11-19,47,PROMOTE,999.0,0.4375,1.0,0.0284,0.5991,1.2,rule_promote
SKU-JV7442,2026-11-26,48,PROMOTE,999.0,0.4375,1.0,0.0284,0.5991,1.229,rule_promote
SKU-JV7442,2026-12-03,49,PROMOTE,224.0,0.5,1.0,0.0284,0.5991,1.3,rule_promote
SKU-JV7442,2026-12-10,50,MARKDOWN,224.0,0.5,0.2857,0.0284,0.5991,1.3,rule_markdown
SKU-JV7442,2026-12-17,51,MARKDOWN,224.0,0.5,0.0,0.0284,0.5991,1.3,rule_markdown
SKU-JV7442,2026-12-24,52,MARKDOWN,224.0,0.5,0.0,0.0284,0.5991,1.3,rule_markdown
SKU-KC8038,2026-01-01,1,,,,1.0,0.0255,0.6411,,cold_start
SKU-KC8038,2026-01-08,2,,,,1.0,0.0255,0.6411,,cold_start
SKU-KC8038,2026-01-15,3,,,,1.0,0.0255,0.6411,,cold_start
SKU-KC8038,2026-01-22,4,,,,1.0,0.0255,0.6411,,cold_start
SKU-KC8038,2026-01-29,5,HOLD,999.0,0.0,1.0,0.0255,0.6411,0.943,rule_hold
SKU-KC8038,2026-02-05,6,HOLD,999.0,0.0,1.0,0.0255,0.6411,0.9,rule_hold
SKU-KC8038,2026-02-12,7,HOLD,999.0,0.0,1.0,0.0255,0.6411,0.9,rule_hold
SKU-KC8038,2026-02-19,8,HOLD,999.0,0.0,1.0,0.0255,0.6411,0.9,rule_hold
SKU-KC8038,2026-02-26,9,HOLD,999.0,0.0,1.0,0.0255,0.6411,0.957,rule_hold
SKU-KC8038,2026-03-05,10,HOLD,999.0,0.0,1.0,0.0255,0.6411,1.0,rule_hold
SKU-KC8038,2026-03-12,11,HOLD,999.0,0.0,1.0,0.0255,0.6411,1.0,rule_hold
SKU-KC8038,2026-03-19,12,HOLD,999.0,0.0,1.0,0.0255,0.6411,1.0,rule_hold
SKU-KC8038,2026-03-26,13,HOLD,999.0,0.0,1.0,0.0255,0.6411,1.0,rule_hold
SKU-KC8038,2026-04-02,14,HOLD,999.0,0.0,1.0,0.0255,0.6411,1.0,rule_hold
SKU-KC8038,2026-04-09,15,HOLD,999.0,0.0,1.0,0.0255,0.6411,1.0,rule_hold
SKU-KC8038,2026-04-16,16,HOLD,999.0,0.0,1.0,0.0255,0.6411,1.0,rule_hold
SKU-KC8038,2026-04-23,17,HOLD,999.0,0.0,1.0,0.0255,0.6411,1.0,rule_hold
SKU-KC8038,2026-04-30,18,HOLD,999.0,0.0,1.0,0.0255,0.6411,1.0,rule_hold
SKU-KC8038,2026-05-07,19,HOLD,999.0,0.0,1.0,0.0255,0.6411,1.0,rule_hold
SKU-KC8038,2026-05-14,20,HOLD,999.0,0.0,1.0,0.0255,0.6411,1.0,rule_hold
SKU-KC8038,2026-05-21,21,HOLD,999.0,0.0,1.0,0.0255,0.6411,1.0,rule_hold
SKU-KC8038,2026-05-28,22,HOLD,999.0,0.0,1.0,0.0255,0.6411,0.957,rule_hold
SKU-KC8038,2026-06-04,23,HOLD,999.0,0.0,1.0,0.0255,0.6411,0.9,rule_hold
SKU-KC8038,2026-06-11,24,HOLD,999.0,0.0,1.0,0.0255,0.6411,0.9,rule_hold
SKU-KC8038,2026-06-18,25,HOLD,999.0,0.0,1.0,0.0255,0.6411,0.9,rule_hold
SKU-KC8038,2026-06-25,26,HOLD,999.0,0.0,1.0,0.0255,0.6411,0.9,rule_hold
SKU-KC8038,2026-07-02,27,HOLD,999.0,0.0,1.0,0.0255,0.6411,0.9,rule_hold
SKU-KC8038,2026-07-09,28,HOLD,999.0,0.0,1.0,0.0255,0.6411,0.9,rule_hold
SKU-KC8038,2026-07-16,29,HOLD,999.0,0.0,1.0,0.0255,0.6411,0.9,rule_hold
SKU-KC8038,2026-07-23,30,HOLD,999.0,0.0,1.0,0.0255,0.6411,0.9,rule_hold
SKU-KC8038,2026-07-30,31,HOLD,999.0,0.0,1.0,0.0255,0.6411,0.971,rule_hold
SKU-KC8038,2026-08-06,32,HOLD,999.0,0.0,1.0,0.0255,0.6411,1.0,rule_hold
SKU-KC8038,2026-08-13,33,HOLD,999.0,0.0,1.0,0.0255,0.6411,1.0,rule_hold
SKU-KC8038,2026-08-20,34,HOLD,999.0,0.0,1.0,0.0255,0.6411,1.0,rule_hold
SKU-KC8038,2026-08-27,35,HOLD,999.0,0.0,1.0,0.0255,0.6411,1.057,rule_hold
SKU-KC8038,2026-09-03,36,PROMOTE,999.0,0.0,1.0,0.0255,0.6411,1.2,rule_promote
SKU-KC8038,2026-09-10,37,PROMOTE,999.0,0.0,1.0,0.0255,0.6411,1.2,rule_promote
SKU-KC8038,2026-09-17,38,PROMOTE,999.0,0.0,1.0,0.0255,0.6411,1.2,rule_promote
SKU-KC8038,2026-09-24,39,PROMOTE,999.0,0.0,1.0,0.0255,0.6411,1.2,rule_promote
SKU-KC8038,2026-10-01,40,HOLD,112.0,0.2,1.0,0.0255,0.6411,1.1,rule_hold
SKU-KC8038,2026-10-08,41,MARKDOWN,112.0,0.2,0.4286,0.0255,0.6411,1.1,rule_markdown
SKU-KC8038,2026-10-15,42,MARKDOWN,112.0,0.2,0.0,0.0255,0.6411,1.1,rule_markdown
SKU-KC8038,2026-10-22,43,MARKDOWN,112.0,0.2,0.0,0.0255,0.6411,1.1,rule_markdown
SKU-KC8038,2026-10-29,44,MARKDOWN,999.0,0.2,0.5714,0.0255,0.6411,1.157,rule_markdown
SKU-KC8038,2026-11-05,45,PROMOTE,999.0,0.2,1.0,0.0255,0.6411,1.2,rule_promote
SKU-KC8038,2026-11-12,46,PROMOTE,999.0,0.2,1.0,0.0255,0.6411,1.2,rule_promote
SKU-KC8038,2026-11-19,47,PROMOTE,999.0,0.2,1.0,0.0255,0.6411,1.2,rule_promote
SKU-KC8038,2026-11-26,48,PROMOTE,999.0,0.2,1.0,0.0255,0.6411,1.229,rule_promote
SKU-KC8038,2026-12-03,49,PROMOTE,999.0,0.2,1.0,0.0255,0.6411,1.3,rule_promote
SKU-KC8038,2026-12-10,50,PROMOTE,999.0,0.2,1.0,0.0255,0.6411,1.3,rule_promote
SKU-KC8038,2026-12-17,51,PROMOTE,999.0,0.2,1.0,0.0255,0.6411,1.3,rule_promote
SKU-KC8038,2026-12-24,52,PROMOTE,999.0,0.2,1.0,0.0255,0.6411,1.3,rule_promote
SKU-JX1126,2026-01-01,1,,,,1.0,0.0576,0.6454,,cold_start
SKU-JX1126,2026-01-08,2,,,,1.0,0.0576,0.6454,,cold_start
SKU-JX1126,2026-01-15,3,,,,1.0,0.0576,0.6454,,cold_start
SKU-JX1126,2026-01-22,4,,,,1.0,0.0576,0.6454,,cold_start
SKU-JX1126,2026-01-29,5,HOLD,999.0,0.0,1.0,0.0576,0.6454,0.943,rule_hold
SKU-JX1126,2026-02-05,6,HOLD,999.0,0.0,1.0,0.0576,0.6454,0.9,rule_hold
SKU-JX1126,2026-02-12,7,HOLD,999.0,0.0,1.0,0.0576,0.6454,0.9,rule_hold
SKU-JX1126,2026-02-19,8,HOLD,112.0,0.2,1.0,0.0576,0.6454,0.9,rule_hold
SKU-JX1126,2026-02-26,9,MARKDOWN,112.0,0.2,0.5714,0.0576,0.6454,0.957,rule_markdown
SKU-JX1126,2026-03-05,10,MARKDOWN,112.0,0.2,0.0,0.0576,0.6454,1.0,rule_markdown
SKU-JX1126,2026-03-12,11,MARKDOWN,112.0,0.2,0.0,0.0576,0.6454,1.0,rule_markdown
SKU-JX1126,2026-03-19,12,MARKDOWN,84.0,0.4,0.4286,0.0576,0.6454,1.0,rule_markdown
SKU-JX1126,2026-03-26,13,HOLD,28.0,0.6,1.4286,0.0576,0.6454,1.0,rule_hold
SKU-JX1126,2026-04-02,14,HOLD,28.0,0.6,2.1429,0.0576,0.6454,1.0,rule_hold
SKU-JX1126,2026-04-09,15,HOLD,9.33,0.8,1.0714,0.0576,0.6454,1.0,rule_hold
SKU-JX1126,2026-04-16,16,MARKDOWN,42.0,0.5714,0.4286,0.0576,0.6454,1.0,rule_markdown
SKU-JX1126,2026-04-23,17,MARKDOWN,84.0,0.5714,0.0,0.0576,0.6454,1.0,rule_markdown
SKU-JX1126,2026-04-30,18,MARKDOWN,84.0,0.5714,0.0,0.0576,0.6454,1.0,rule_markdown
SKU-JX1126,2026-05-07,19,MARKDOWN,999.0,0.5714,0.7143,0.0576,0.6454,1.0,rule_markdown
SKU-JX1126,2026-05-14,20,HOLD,999.0,0.5714,1.0,0.0576,0.6454,1.0,rule_hold
SKU-JX1126,2026-05-21,21,HOLD,999.0,0.5714,1.0,0.0576,0.6454,1.0,rule_hold
SKU-JX1126,2026-05-28,22,HOLD,999.0,0.5714,1.0,0.0576,0.6454,0.957,rule_hold
SKU-JX1126,2026-06-04,23,HOLD,999.0,0.5714,1.0,0.0576,0.6454,0.9,rule_hold
SKU-JX1126,2026-06-11,24,HOLD,999.0,0.5714,1.0,0.0576,0.6454,0.9,rule_hold
SKU-JX1126,2026-06-18,25,HOLD,999.0,0.5714,1.0,0.0576,0.6454,0.9,rule_hold
SKU-JX1126,2026-06-25,26,HOLD,56.0,0.7143,1.0,0.0576,0.6454,0.9,rule_hold
SKU-JX1126,2026-07-02,27,MARKDOWN,56.0,0.7143,0.4286,0.0576,0.6454,0.9,rule_markdown
SKU-JX1126,2026-07-09,28,MARKDOWN,56.0,0.7143,0.0,0.0576,0.6454,0.9,rule_markdown
SKU-JX1126,2026-07-16,29,MARKDOWN,56.0,0.7143,0.0,0.0576,0.6454,0.9,rule_markdown
SKU-JX1126,2026-07-23,30,MARKDOWN,999.0,0.7143,0.5714,0.0576,0.6454,0.9,rule_markdown
SKU-JX1126,2026-07-30,31,HOLD,999.0,0.7143,1.0,0.0576,0.6454,0.971,rule_hold
SKU-JX1126,2026-08-06,32,HOLD,999.0,0.7143,1.0,0.0576,0.6454,1.0,rule_hold
SKU-JX1126,2026-08-13,33,HOLD,999.0,0.7143,1.0,0.0576,0.6454,1.0,rule_hold
SKU-JX1126,2026-08-20,34,HOLD,28.0,0.8571,1.0,0.0576,0.6454,1.0,rule_hold
SKU-JX1126,2026-08-27,35,HOLD,28.0,0.8571,0.8571,0.0576,0.6454,1.057,rule_hold
SKU-JX1126,2026-09-03,36,PROMOTE,28.0,0.8571,0.0,0.0576,0.6454,1.2,rule_promote
SKU-JX1126,2026-09-10,37,PROMOTE,28.0,0.8571,0.0,0.0576,0.6454,1.2,rule_promote
SKU-JX1126,2026-09-17,38,MARKDOWN,999.0,0.75,0.1429,0.0576,0.6454,1.2,rule_markdown
SKU-JX1126,2026-09-24,39,PROMOTE,999.0,0.75,1.0,0.0576,0.6454,1.2,rule_promote
SKU-JX1126,2026-10-01,40,HOLD,999.0,0.75,1.0,0.0576,0.6454,1.1,rule_hold
SKU-JX1126,2026-10-08,41,HOLD,999.0,0.75,1.0,0.0576,0.6454,1.1,rule_hold
SKU-JX1126,2026-10-15,42,HOLD,999.0,0.75,1.0,0.0576,0.6454,1.1,rule_hold
SKU-JX1126,2026-10-22,43,HOLD,999.0,0.75,1.0,0.0576,0.6454,1.1,rule_hold
SKU-JX1126,2026-10-29,44,PROMOTE,999.0,0.75,1.0,0.0576,0.6454,1.157,rule_promote
SKU-JX1126,2026-11-05,45,PROMOTE,999.0,0.75,1.0,0.0576,0.6454,1.2,rule_promote
SKU-JX1126,2026-11-12,46,PROMOTE,999.0,0.75,1.0,0.0576,0.6454,1.2,rule_promote
SKU-JX1126,2026-11-19,47,PROMOTE,999.0,0.75,1.0,0.0576,0.6454,1.2,rule_promote
SKU-JX1126,2026-11-26,48,PROMOTE,999.0,0.75,1.0,0.0576,0.6454,1.229,rule_promote
SKU-JX1126,2026-12-03,49,PROMOTE,999.0,0.75,1.0,0.0576,0.6454,1.3,rule_promote
SKU-JX1126,2026-12-10,50,PROMOTE,999.0,0.75,1.0,0.0576,0.6454,1.3,rule_promote
SKU-JX1126,2026-12-17,51,PROMOTE,999.0,0.75,1.0,0.0576,0.6454,1.3,rule_promote
SKU-JX1126,2026-12-24,52,PROMOTE,999.0,0.75,1.0,0.0576,0.6454,1.3,rule_promote
SKU-FM9935,2026-01-01,1,,,,1.0,-0.0194,0.5944,,cold_start
SKU-FM9935,2026-01-08,2,,,,1.0,-0.0194,0.5944,,cold_start
SKU-FM9935,2026-01-15,3,,,,1.0,-0.0194,0.5944,,cold_start
SKU-FM9935,2026-01-22,4,,,,1.0,-0.0194,0.5944,,cold_start
SKU-FM9935,2026-01-29,5,MARKDOWN,364.0,0.0714,0.0,-0.0194,0.5944,0.943,rule_markdown
SKU-FM9935,2026-02-05,6,MARKDOWN,999.0,0.0714,0.1429,-0.0194,0.5944,0.9,rule_markdown
SKU-FM9935,2026-02-12,7,HOLD,999.0,0.0714,1.0,-0.0194,0.5944,0.9,rule_hold
SKU-FM9935,2026-02-19,8,HOLD,999.0,0.0714,1.0,-0.0194,0.5944,0.9,rule_hold
SKU-FM9935,2026-02-26,9,HOLD,999.0,0.0714,1.0,-0.0194,0.5944,0.957,rule_hold
SKU-FM9935,2026-03-05,10,HOLD,999.0,0.0714,1.0,-0.0194,0.5944,1.0,rule_hold
SKU-FM9935,2026-03-12,11,HOLD,999.0,0.0714,1.0,-0.0194,0.5944,1.0,rule_hold
SKU-FM9935,2026-03-19,12,HOLD,999.0,0.0714,1.0,-0.0194,0.5944,1.0,rule_hold
SKU-FM9935,2026-03-26,13,HOLD,999.0,0.0714,1.0,-0.0194,0.5944,1.0,rule_hold
SKU-FM9935,2026-04-02,14,HOLD,999.0,0.0714,1.0,-0.0194,0.5944,1.0,rule_hold
SKU-FM9935,2026-04-09,15,HOLD,999.0,0.0714,1.0,-0.0194,0.5944,1.0,rule_hold
SKU-FM9935,2026-04-16,16,HOLD,999.0,0.0714,1.0,-0.0194,0.5944,1.0,rule_hold
SKU-FM9935,2026-04-23,17,HOLD,999.0,0.0714,1.0,-0.0194,0.5944,1.0,rule_hold
SKU-FM9935,2026-04-30,18,HOLD,336.0,0.1429,1.0,-0.0194,0.5944,1.0,rule_hold
SKU-FM9935,2026-05-07,19,MARKDOWN,336.0,0.1429,0.2857,-0.0194,0.5944,1.0,rule_markdown
SKU-FM9935,2026-05-14,20,MARKDOWN,336.0,0.1429,0.0,-0.0194,0.5944,1.0,rule_markdown
SKU-FM9935,2026-05-21,21,MARKDOWN,336.0,0.1429,0.0,-0.0194,0.5944,1.0,rule_markdown
SKU-FM9935,2026-05-28,22,MARKDOWN,999.0,0.1429,0.7143,-0.0194,0.5944,0.957,rule_markdown
SKU-FM9935,2026-06-04,23,HOLD,999.0,0.1429,1.0,-0.0194,0.5944,0.9,rule_hold
SKU-FM9935,2026-06-11,24,HOLD,999.0,0.1429,1.0,-0.0194,0.5944,0.9,rule_hold
SKU-FM9935,2026-06-18,25,HOLD,308.0,0.2143,1.0,-0.0194,0.5944,0.9,rule_hold
SKU-FM9935,2026-06-25,26,MARKDOWN,308.0,0.2143,0.4286,-0.0194,0.5944,0.9,rule_markdown
SKU-FM9935,2026-07-02,27,MARKDOWN,308.0,0.2143,0.0,-0.0194,0.5944,0.9,rule_markdown
SKU-FM9935,2026-07-09,28,MARKDOWN,308.0,0.2143,0.0,-0.0194,0.5944,0.9,rule_markdown
SKU-FM9935,2026-07-16,29,MARKDOWN,999.0,0.2143,0.5714,-0.0194,0.5944,0.9,rule_markdown
SKU-FM9935,2026-07-23,30,HOLD,999.0,0.2143,1.0,-0.0194,0.5944,0.9,rule_hold
SKU-FM9935,2026-07-30,31,HOLD,280.0,0.2857,1.0,-0.0194,0.5944,0.971,rule_hold
SKU-FM9935,2026-08-06,32,MARKDOWN,280.0,0.2857,0.0,-0.0194,0.5944,1.0,rule_markdown
SKU-FM9935,2026-08-13,33,HOLD,126.0,0.3571,2.1429,-0.0194,0.5944,1.0,rule_hold
SKU-FM9935,2026-08-20,34,HOLD,126.0,0.3571,0.8571,-0.0194,0.5944,1.0,rule_hold
SKU-FM9935,2026-08-27,35,HOLD,112.0,0.4286,0.8571,-0.0194,0.5944,1.057,rule_hold
SKU-FM9935,2026-09-03,36,PROMOTE,112.0,0.4286,2.1429,-0.0194,0.5944,1.2,rule_promote
SKU-FM9935,2026-09-10,37,PROMOTE,224.0,0.4286,0.0,-0.0194,0.5944,1.2,rule_promote
SKU-FM9935,2026-09-17,38,PROMOTE,224.0,0.4286,0.0,-0.0194,0.5944,1.2,rule_promote
SKU-FM9935,2026-09-24,39,PROMOTE,999.0,0.4286,0.2857,-0.0194,0.5944,1.2,rule_promote
SKU-FM9935,2026-10-01,40,HOLD,196.0,0.5,1.0,-0.0194,0.5944,1.1,rule_hold
SKU-FM9935,2026-10-08,41,HOLD,84.0,0.5714,1.2857,-0.0194,0.5944,1.1,rule_hold
SKU-FM9935,2026-10-15,42,HOLD,84.0,0.5714,1.7143,-0.0194,0.5944,1.1,rule_hold
SKU-FM9935,2026-10-22,43,HOLD,84.0,0.5714,0.0,-0.0194,0.5944,1.1,rule_hold
SKU-FM9935,2026-10-29,44,PROMOTE,168.0,0.5714,0.0,-0.0194,0.5944,1.157,rule_promote
SKU-FM9935,2026-11-05,45,PROMOTE,999.0,0.5714,0.4286,-0.0194,0.5944,1.2,rule_promote
SKU-FM9935,2026-11-12,46,PROMOTE,999.0,0.5714,1.0,-0.0194,0.5944,1.2,rule_promote
SKU-FM9935,2026-11-19,47,PROMOTE,999.0,0.5714,1.0,-0.0194,0.5944,1.2,rule_promote
SKU-FM9935,2026-11-26,48,PROMOTE,140.0,0.6429,1.0,-0.0194,0.5944,1.229,rule_promote
SKU-FM9935,2026-12-03,49,PROMOTE,140.0,0.6429,0.0,-0.0194,0.5944,1.3,rule_promote
SKU-FM9935,2026-12-10,50,PROMOTE,56.0,0.7143,3.0,-0.0194,0.5944,1.3,rule_promote
SKU-FM9935,2026-12-17,51,PROMOTE,56.0,0.7143,0.0,-0.0194,0.5944,1.3,rule_promote
SKU-FM9935,2026-12-24,52,PROMOTE,42.0,0.7857,2.1429,-0.0194,0.5944,1.3,rule_promote
SKU-JX1635,2026-01-01,1,,,,1.0,-0.0192,0.5873,,cold_start
SKU-JX1635,2026-01-08,2,,,,1.0,-0.0192,0.5873,,cold_start
SKU-JX1635,2026-01-15,3,,,,1.0,-0.0192,0.5873,,cold_start
SKU-JX1635,2026-01-22,4,,,,1.0,-0.0192,0.5873,,cold_start
SKU-JX1635,2026-01-29,5,HOLD,252.0,0.1,1.0,-0.0192,0.5873,0.943,rule_hold
SKU-JX1635,2026-02-05,6,MARKDOWN,252.0,0.1,0.7143,-0.0192,0.5873,0.9,rule_markdown
SKU-JX1635,2026-02-12,7,MARKDOWN,252.0,0.1,0.0,-0.0192,0.5873,0.9,rule_markdown
SKU-JX1635,2026-02-19,8,MARKDOWN,252.0,0.1,0.0,-0.0192,0.5873,0.9,rule_markdown
SKU-JX1635,2026-02-26,9,MARKDOWN,999.0,0.1,0.2857,-0.0192,0.5873,0.957,rule_markdown
SKU-JX1635,2026-03-05,10,HOLD,999.0,0.1,1.0,-0.0192,0.5873,1.0,rule_hold
SKU-JX1635,2026-03-12,11,HOLD,999.0,0.1,1.0,-0.0192,0.5873,1.0,rule_hold
SKU-JX1635,2026-03-19,12,HOLD,999.0,0.1,1.0,-0.0192,0.5873,1.0,rule_hold
SKU-JX1635,2026-03-26,13,HOLD,999.0,0.1,1.0,-0.0192,0.5873,1.0,rule_hold
SKU-JX1635,2026-04-02,14,HOLD,999.0,0.1,1.0,-0.0192,0.5873,1.0,rule_hold
SKU-JX1635,2026-04-09,15,HOLD,999.0,0.1,1.0,-0.0192,0.5873,1.0,rule_hold
SKU-JX1635,2026-04-16,16,HOLD,999.0,0.1,1.0,-0.0192,0.5873,1.0,rule_hold
SKU-JX1635,2026-04-23,17,HOLD,999.0,0.1,1.0,-0.0192,0.5873,1.0,rule_hold
SKU-JX1635,2026-04-30,18,HOLD,999.0,0.1,1.0,-0.0192,0.5873,1.0,rule_hold
SKU-JX1635,2026-05-07,19,HOLD,999.0,0.1,1.0,-0.0192,0.5873,1.0,rule_hold
SKU-JX1635,2026-05-14,20,HOLD,999.0,0.1,1.0,-0.0192,0.5873,1.0,rule_hold
SKU-JX1635,2026-05-21,21,HOLD,999.0,0.1,1.0,-0.0192,0.5873,1.0,rule_hold
SKU-JX1635,2026-05-28,22,HOLD,999.0,0.1,1.0,-0.0192,0.5873,0.957,rule_hold
SKU-JX1635,2026-06-04,23,HOLD,999.0,0.1,1.0,-0.0192,0.5873,0.9,rule_hold
SKU-JX1635,2026-06-11,24,HOLD,999.0,0.1,1.0,-0.0192,0.5873,0.9,rule_hold
SKU-JX1635,2026-06-18,25,HOLD,999.0,0.1,1.0,-0.0192,0.5873,0.9,rule_hold
SKU-JX1635,2026-06-25,26,HOLD,999.0,0.1,1.0,-0.0192,0.5873,0.9,rule_hold
SKU-JX1635,2026-07-02,27,HOLD,999.0,0.1,1.0,-0.0192,0.5873,0.9,rule_hold
SKU-JX1635,2026-07-09,28,HOLD,999.0,0.1,1.0,-0.0192,0.5873,0.9,rule_hold
SKU-JX1635,2026-07-16,29,HOLD,999.0,0.1,1.0,-0.0192,0.5873,0.9,rule_hold
SKU-JX1635,2026-07-23,30,HOLD,999.0,0.1,1.0,-0.0192,0.5873,0.9,rule_hold
SKU-JX1635,2026-07-30,31,HOLD,999.0,0.1,1.0,-0.0192,0.5873,0.971,rule_hold
SKU-JX1635,2026-08-06,32,HOLD,999.0,0.1,1.0,-0.0192,0.5873,1.0,rule_hold
SKU-JX1635,2026-08-13,33,HOLD,999.0,0.1,1.0,-0.0192,0.5873,1.0,rule_hold
SKU-JX1635,2026-08-20,34,HOLD,999.0,0.1,1.0,-0.0192,0.5873,1.0,rule_hold
SKU-JX1635,2026-08-27,35,HOLD,999.0,0.1,1.0,-0.0192,0.5873,1.057,rule_hold
SKU-JX1635,2026-09-03,36,PROMOTE,224.0,0.2,1.0,-0.0192,0.5873,1.2,rule_promote
SKU-JX1635,2026-09-10,37,MARKDOWN,224.0,0.2,0.4286,-0.0192,0.5873,1.2,rule_markdown
SKU-JX1635,2026-09-17,38,MARKDOWN,224.0,0.2,0.0,-0.0192,0.5873,1.2,rule_markdown
SKU-JX1635,2026-09-24,39,MARKDOWN,224.0,0.2,0.0,-0.0192,0.5873,1.2,rule_markdown
SKU-JX1635,2026-10-01,40,MARKDOWN,999.0,0.2,0.5714,-0.0192,0.5873,1.1,rule_markdown
SKU-JX1635,2026-10-08,41,HOLD,999.0,0.2,1.0,-0.0192,0.5873,1.1,rule_hold
SKU-JX1635,2026-10-15,42,HOLD,999.0,0.2,1.0,-0.0192,0.5873,1.1,rule_hold
SKU-JX1635,2026-10-22,43,HOLD,999.0,0.2,1.0,-0.0192,0.5873,1.1,rule_hold
SKU-JX1635,2026-10-29,44,PROMOTE,999.0,0.2,1.0,-0.0192,0.5873,1.157,rule_promote
SKU-JX1635,2026-11-05,45,PROMOTE,999.0,0.2,1.0,-0.0192,0.5873,1.2,rule_promote
SKU-JX1635,2026-11-12,46,PROMOTE,999.0,0.2,1.0,-0.0192,0.5873,1.2,rule_promote
SKU-JX1635,2026-11-19,47,PROMOTE,999.0,0.2,1.0,-0.0192,0.5873,1.2,rule_promote
SKU-JX1635,2026-11-26,48,PROMOTE,999.0,0.2,1.0,-0.0192,0.5873,1.229,rule_promote
SKU-JX1635,2026-12-03,49,PROMOTE,999.0,0.2,1.0,-0.0192,0.5873,1.3,rule_promote
SKU-JX1635,2026-12-10,50,PROMOTE,999.0,0.2,1.0,-0.0192,0.5873,1.3,rule_promote
SKU-JX1635,2026-12-17,51,PROMOTE,999.0,0.2,1.0,-0.0192,0.5873,1.3,rule_promote
SKU-JX1635,2026-12-24,52,PROMOTE,999.0,0.2,1.0,-0.0192,0.5873,1.3,rule_promote
SKU-JQ0937,2026-01-01,1,,,,1.0,-0.067,0.4367,,cold_start
SKU-JQ0937,2026-01-08,2,,,,1.0,-0.067,0.4367,,cold_start
SKU-JQ0937,2026-01-15,3,,,,1.0,-0.067,0.4367,,cold_start
SKU-JQ0937,2026-01-22,4,,,,1.0,-0.067,0.4367,,cold_start
SKU-JQ0937,2026-01-29,5,HOLD,451.11,0.0705,1.4714,-0.067,0.4367,0.4,rule_hold
SKU-JQ0937,2026-02-05,6,HOLD,576.0,0.0769,0.9209,-0.067,0.4367,0.4,rule_hold
SKU-JQ0937,2026-02-12,7,MARKDOWN,667.33,0.0833,0.6,-0.067,0.4367,0.4,rule_markdown
SKU-JQ0937,2026-02-19,8,MARKDOWN,662.67,0.0897,0.2571,-0.067,0.4367,0.4,rule_markdown
SKU-JQ0937,2026-02-26,9,HOLD,987.0,0.0962,1.5,-0.067,0.4367,0.457,rule_hold
SKU-JQ0937,2026-03-05,10,MARKDOWN,999.0,0.0962,0.2857,-0.067,0.4367,0.5,rule_markdown
SKU-JQ0937,2026-03-12,11,MARKDOWN,999.0,0.1026,0.6429,-0.067,0.4367,0.5,rule_markdown
SKU-JQ0937,2026-03-19,12,HOLD,999.0,0.109,1.0714,-0.067,0.4367,0.5,rule_hold
SKU-JQ0937,2026-03-26,13,HOLD,999.0,0.109,2.1429,-0.067,0.4367,0.5,rule_hold
SKU-JQ0937,2026-04-02,14,MARKDOWN,999.0,0.109,0.0,-0.067,0.4367,0.5,rule_markdown
SKU-JQ0937,2026-04-09,15,HOLD,952.0,0.1282,4.5,-0.067,0.4367,0.5,rule_hold
SKU-JQ0937,2026-04-16,16,HOLD,750.4,0.141,2.5357,-0.067,0.4367,0.5,rule_hold
SKU-JQ0937,2026-04-23,17,HOLD,458.5,0.1603,3.0071,-0.067,0.4367,0.5,rule_hold
SKU-JQ0937,2026-04-30,18,MARKDOWN,458.5,0.1603,0.6449,-0.067,0.4367,0.586,rule_markdown
SKU-JQ0937,2026-05-07,19,HOLD,395.11,0.1859,1.6577,-0.067,0.4367,0.6,rule_hold
SKU-JQ0937,2026-05-14,20,HOLD,313.09,0.2115,1.1675,-0.067,0.4367,0.6,rule_hold
SKU-JQ0937,2026-05-21,21,HOLD,338.8,0.2244,1.0434,-0.067,0.4367,0.6,rule_hold
SKU-JQ0937,2026-05-28,22,HOLD,254.15,0.2436,1.075,-0.067,0.4367,0.6,rule_hold
SKU-JQ0937,2026-06-04,23,HOLD,295.27,0.2564,1.0396,-0.067,0.4367,0.6,rule_hold
SKU-JQ0937,2026-06-11,24,HOLD,354.67,0.2692,0.8486,-0.067,0.4367,0.6,rule_hold
SKU-JQ0937,2026-06-18,25,MARKDOWN,395.5,0.2756,0.4073,-0.067,0.4367,0.6,rule_markdown
SKU-JQ0937,2026-06-25,26,MARKDOWN,522.67,0.2821,0.4429,-0.067,0.4367,0.6,rule_markdown
SKU-JQ0937,2026-07-02,27,HOLD,621.6,0.2885,0.9929,-0.067,0.4367,0.6,rule_hold
SKU-JQ0937,2026-07-09,28,MARKDOWN,999.0,0.2885,0.4286,-0.067,0.4367,0.6,rule_markdown
SKU-JQ0937,2026-07-16,29,MARKDOWN,999.0,0.2949,0.7857,-0.067,0.4367,0.6,rule_markdown
SKU-JQ0937,2026-07-23,30,HOLD,756.0,0.3077,1.6429,-0.067,0.4367,0.6,rule_hold
SKU-JQ0937,2026-07-30,31,PROMOTE,416.0,0.3333,4.7857,-0.067,0.4367,1.457,rule_promote
SKU-JQ0937,2026-08-06,32,PROMOTE,231.0,0.3654,3.0296,-0.067,0.4367,1.8,rule_promote
SKU-JQ0937,2026-08-13,33,PROMOTE,153.18,0.4038,2.1333,-0.067,0.4367,1.8,rule_promote
SKU-JQ0937,2026-08-20,34,PROMOTE,123.2,0.4359,1.4754,-0.067,0.4367,1.8,rule_promote
SKU-JQ0937,2026-08-27,35,PROMOTE,117.6,0.4615,0.5524,-0.067,0.4367,1.857,rule_promote
SKU-JQ0937,2026-09-03,36,PROMOTE,98.0,0.5064,0.812,-0.067,0.4367,2.0,rule_promote
SKU-JQ0937,2026-09-10,37,PROMOTE,90.36,0.5449,1.421,-0.067,0.4367,2.0,rule_promote
SKU-JQ0937,2026-09-17,38,PROMOTE,66.77,0.6026,2.0687,-0.067,0.4367,2.0,rule_promote
SKU-JQ0937,2026-09-24,39,PROMOTE,62.46,0.6282,0.7734,-0.067,0.4367,2.0,rule_promote
SKU-JQ0937,2026-10-01,40,PROMOTE,79.8,0.6346,0.3401,-0.067,0.4367,1.5,rule_promote
SKU-JQ0937,2026-10-08,41,PROMOTE,62.36,0.6859,1.0114,-0.067,0.4367,1.5,rule_promote
SKU-JQ0937,2026-10-15,42,PROMOTE,80.5,0.7051,1.4445,-0.067,0.4367,1.5,rule_promote
SKU-JQ0937,2026-10-22,43,PROMOTE,88.0,0.7179,0.3741,-0.067,0.4367,1.5,rule_promote
SKU-JQ0937,2026-10-29,44,PROMOTE,41.39,0.7821,1.3407,-0.067,0.4367,1.386,rule_promote
SKU-JQ0937,2026-11-05,45,PROMOTE,40.6,0.8141,1.6292,-0.067,0.4367,1.3,rule_promote
SKU-JQ0937,2026-11-12,46,PROMOTE,39.79,0.8269,0.7126,-0.067,0.4367,1.3,rule_promote
SKU-JQ0937,2026-11-19,47,PROMOTE,30.67,0.8526,0.438,-0.067,0.4367,1.3,rule_promote
SKU-JQ0937,2026-11-26,48,PROMOTE,35.47,0.8782,1.2354,-0.067,0.4367,1.157,rule_promote
SKU-JQ0937,2026-12-03,49,HOLD,39.67,0.891,0.6552,-0.067,0.4367,0.8,rule_hold
SKU-JQ0937,2026-12-10,50,HOLD,26.0,0.9167,0.8433,-0.067,0.4367,0.8,rule_hold
SKU-JQ0937,2026-12-17,51,HOLD,25.67,0.9295,0.9818,-0.067,0.4367,0.8,rule_hold
SKU-JQ0937,2026-12-24,52,HOLD,38.5,0.9295,0.1333,-0.067,0.4367,0.8,rule_hold
SKU-ID3752,2026-01-01,1,,,,1.0,0.0102,0.4431,,cold_start
SKU-ID3752,2026-01-08,2,,,,1.0,0.0102,0.4431,,cold_start
SKU-ID3752,2026-01-15,3,,,,1.0,0.0102,0.4431,,cold_start
SKU-ID3752,2026-01-22,4,,,,1.0,0.0102,0.4431,,cold_start
SKU-ID3752,2026-01-29,5,MARKDOWN,308.0,0.0833,0.7143,0.0102,0.4431,0.4,rule_markdown
SKU-ID3752,2026-02-05,6,MARKDOWN,308.0,0.0833,0.0,0.0102,0.4431,0.4,rule_markdown
SKU-ID3752,2026-02-12,7,MARKDOWN,308.0,0.0833,0.0,0.0102,0.4431,0.4,rule_markdown
SKU-ID3752,2026-02-19,8,MARKDOWN,999.0,0.0833,0.2857,0.0102,0.4431,0.4,rule_markdown
SKU-ID3752,2026-02-26,9,HOLD,999.0,0.0833,1.0,0.0102,0.4431,0.457,rule_hold
SKU-ID3752,2026-03-05,10,HOLD,999.0,0.0833,1.0,0.0102,0.4431,0.5,rule_hold
SKU-ID3752,2026-03-12,11,HOLD,999.0,0.0833,1.0,0.0102,0.4431,0.5,rule_hold
SKU-ID3752,2026-03-19,12,HOLD,280.0,0.1667,1.0,0.0102,0.4431,0.5,rule_hold
SKU-ID3752,2026-03-26,13,HOLD,280.0,0.1667,0.8571,0.0102,0.4431,0.5,rule_hold
SKU-ID3752,2026-04-02,14,MARKDOWN,280.0,0.1667,0.0,0.0102,0.4431,0.5,rule_markdown
SKU-ID3752,2026-04-09,15,MARKDOWN,280.0,0.1667,0.0,0.0102,0.4431,0.5,rule_markdown
SKU-ID3752,2026-04-16,16,MARKDOWN,999.0,0.1667,0.1429,0.0102,0.4431,0.5,rule_markdown
SKU-ID3752,2026-04-23,17,HOLD,999.0,0.1667,1.0,0.0102,0.4431,0.5,rule_hold
SKU-ID3752,2026-04-30,18,HOLD,999.0,0.1667,1.0,0.0102,0.4431,0.586,rule_hold
SKU-ID3752,2026-05-07,19,HOLD,252.0,0.25,1.0,0.0102,0.4431,0.6,rule_hold
SKU-ID3752,2026-05-14,20,MARKDOWN,252.0,0.25,0.5714,0.0102,0.4431,0.6,rule_markdown
SKU-ID3752,2026-05-21,21,MARKDOWN,252.0,0.25,0.0,0.0102,0.4431,0.6,rule_markdown
SKU-ID3752,2026-05-28,22,HOLD,112.0,0.3333,1.7143,0.0102,0.4431,0.6,rule_hold
SKU-ID3752,2026-06-04,23,HOLD,224.0,0.3333,1.2857,0.0102,0.4431,0.6,rule_hold
SKU-ID3752,2026-06-11,24,HOLD,98.0,0.4167,1.7143,0.0102,0.4431,0.6,rule_hold
SKU-ID3752,2026-06-18,25,HOLD,98.0,0.4167,1.2857,0.0102,0.4431,0.6,rule_hold
SKU-ID3752,2026-06-25,26,MARKDOWN,196.0,0.4167,0.0,0.0102,0.4431,0.6,rule_markdown
SKU-ID3752,2026-07-02,27,MARKDOWN,196.0,0.4167,0.0,0.0102,0.4431,0.6,rule_markdown
SKU-ID3752,2026-07-09,28,MARKDOWN,999.0,0.4167,0.5714,0.0102,0.4431,0.6,rule_markdown
SKU-ID3752,2026-07-16,29,HOLD,999.0,0.4167,1.0,0.0102,0.4431,0.6,rule_hold
SKU-ID3752,2026-07-23,30,HOLD,999.0,0.4167,1.0,0.0102,0.4431,0.6,rule_hold
SKU-ID3752,2026-07-30,31,PROMOTE,999.0,0.4167,1.0,0.0102,0.4431,1.457,rule_promote
SKU-ID3752,2026-08-06,32,PROMOTE,999.0,0.4167,1.0,0.0102,0.4431,1.8,rule_promote
SKU-ID3752,2026-08-13,33,PROMOTE,168.0,0.5,1.0,0.0102,0.4431,1.8,rule_promote
SKU-ID3752,2026-08-20,34,PROMOTE,70.0,0.5833,1.4286,0.0102,0.4431,1.8,rule_promote
SKU-ID3752,2026-08-27,35,PROMOTE,37.33,0.6667,3.4286,0.0102,0.4431,1.857,rule_promote
SKU-ID3752,2026-09-03,36,PROMOTE,21.0,0.75,1.6429,0.0102,0.4431,2.0,rule_promote
SKU-ID3752,2026-09-10,37,PROMOTE,28.0,0.75,0.1429,0.0102,0.4431,2.0,rule_promote
SKU-ID3752,2026-09-17,38,PROMOTE,18.67,0.8333,0.8571,0.0102,0.4431,2.0,rule_promote
SKU-ID3752,2026-09-24,39,PROMOTE,28.0,0.8333,0.4286,0.0102,0.4431,2.0,rule_promote
SKU-ID3752,2026-10-01,40,MARKDOWN,56.0,0.8333,0.0,0.0102,0.4431,1.5,rule_markdown
SKU-ID3752,2026-10-08,41,PROMOTE,14.0,0.9167,0.8571,0.0102,0.4431,1.5,rule_promote
SKU-ID3752,2026-10-15,42,PROMOTE,28.0,0.9167,1.2857,0.0102,0.4431,1.5,rule_promote
SKU-ID3752,2026-10-22,43,PROMOTE,28.0,0.9167,0.0,0.0102,0.4431,1.5,rule_promote
SKU-ID3752,2026-10-29,44,PROMOTE,28.0,0.9167,0.0,0.0102,0.4431,1.386,rule_promote
SKU-ID3752,2026-11-05,45,MARKDOWN,756.67,0.9167,0.2857,0.0102,0.4431,1.3,rule_markdown
SKU-ID3752,2026-11-12,46,PROMOTE,756.67,0.9167,1.0,0.0102,0.4431,1.3,rule_promote
SKU-ID3752,2026-11-19,47,PROMOTE,999.0,0.7857,1.0,0.0102,0.4431,1.3,rule_promote
SKU-ID3752,2026-11-26,48,PROMOTE,999.0,0.7857,1.0,0.0102,0.4431,1.157,rule_promote
SKU-ID3752,2026-12-03,49,HOLD,999.0,0.7857,1.0,0.0102,0.4431,0.8,rule_hold
SKU-ID3752,2026-12-10,50,HOLD,999.0,0.7857,1.0,0.0102,0.4431,0.8,rule_hold
SKU-ID3752,2026-12-17,51,HOLD,999.0,0.7857,1.0,0.0102,0.4431,0.8,rule_hold
SKU-ID3752,2026-12-24,52,HOLD,999.0,0.7857,1.0,0.0102,0.4431,0.8,rule_hold
SKU-JS0425,2026-01-01,1,,,,1.0,-0.0151,0.4949,,cold_start
SKU-JS0425,2026-01-08,2,,,,1.0,-0.0151,0.4949,,cold_start
SKU-JS0425,2026-01-15,3,,,,1.0,-0.0151,0.4949,,cold_start
SKU-JS0425,2026-01-22,4,,,,1.0,-0.0151,0.4949,,cold_start
SKU-JS0425,2026-01-29,5,MARKDOWN,834.4,0.0325,0.2143,-0.0151,0.4949,0.4,rule_markdown
SKU-JS0425,2026-02-05,6,MARKDOWN,686.0,0.0455,0.75,-0.0151,0.4949,0.4,rule_markdown
SKU-JS0425,2026-02-12,7,HOLD,999.0,0.0519,2.5357,-0.0151,0.4949,0.4,rule_hold
SKU-JS0425,2026-02-19,8,MARKDOWN,999.0,0.0519,0.0,-0.0151,0.4949,0.4,rule_markdown
SKU-JS0425,2026-02-26,9,MARKDOWN,999.0,0.0519,0.0,-0.0151,0.4949,0.457,rule_markdown
SKU-JS0425,2026-03-05,10,HOLD,999.0,0.0584,1.5,-0.0151,0.4949,0.5,rule_hold
SKU-JS0425,2026-03-12,11,MARKDOWN,999.0,0.0584,0.2857,-0.0151,0.4949,0.5,rule_markdown
SKU-JS0425,2026-03-19,12,HOLD,999.0,0.0649,0.8571,-0.0151,0.4949,0.5,rule_hold
SKU-JS0425,2026-03-26,13,HOLD,999.0,0.0649,2.1429,-0.0151,0.4949,0.5,rule_hold
SKU-JS0425,2026-04-02,14,HOLD,999.0,0.0714,1.7143,-0.0151,0.4949,0.5,rule_hold
SKU-JS0425,2026-04-09,15,HOLD,648.67,0.0974,3.4286,-0.0151,0.4949,0.5,rule_hold
SKU-JS0425,2026-04-16,16,HOLD,644.0,0.1039,3.4071,-0.0151,0.4949,0.5,rule_hold
SKU-JS0425,2026-04-23,17,HOLD,476.0,0.1169,1.6857,-0.0151,0.4949,0.5,rule_hold
SKU-JS0425,2026-04-30,18,MARKDOWN,472.5,0.1234,0.2449,-0.0151,0.4949,0.586,rule_markdown
SKU-JS0425,2026-05-07,19,HOLD,620.67,0.1364,0.8347,-0.0151,0.4949,0.6,rule_hold
SKU-JS0425,2026-05-14,20,HOLD,616.0,0.1429,0.9429,-0.0151,0.4949,0.6,rule_hold
SKU-JS0425,2026-05-21,21,HOLD,606.67,0.1558,1.5,-0.0151,0.4949,0.6,rule_hold
SKU-JS0425,2026-05-28,22,MARKDOWN,728.0,0.1558,0.4714,-0.0151,0.4949,0.6,rule_markdown
SKU-JS0425,2026-06-04,23,HOLD,592.67,0.1753,2.1429,-0.0151,0.4949,0.6,rule_hold
SKU-JS0425,2026-06-11,24,HOLD,588.0,0.1818,0.95,-0.0151,0.4949,0.6,rule_hold
SKU-JS0425,2026-06-18,25,MARKDOWN,700.0,0.1883,0.6643,-0.0151,0.4949,0.6,rule_markdown
SKU-JS0425,2026-06-25,26,HOLD,427.0,0.2078,1.0714,-0.0151,0.4949,0.6,rule_hold
SKU-JS0425,2026-07-02,27,HOLD,564.67,0.2143,1.3214,-0.0151,0.4949,0.6,rule_hold
SKU-JS0425,2026-07-09,28,MARKDOWN,677.6,0.2143,0.5143,-0.0151,0.4949,0.6,rule_markdown
SKU-JS0425,2026-07-16,29,MARKDOWN,672.0,0.2208,0.7286,-0.0151,0.4949,0.6,rule_markdown
SKU-JS0425,2026-07-23,30,MARKDOWN,999.0,0.2273,0.2143,-0.0151,0.4949,0.6,rule_markdown
SKU-JS0425,2026-07-30,31,PROMOTE,536.67,0.2532,3.4286,-0.0151,0.4949,1.457,rule_promote
SKU-JS0425,2026-08-06,32,PROMOTE,280.0,0.2857,6.6786,-0.0151,0.4949,1.8,rule_promote
SKU-JS0425,2026-08-13,33,PROMOTE,230.46,0.3052,1.8918,-0.0151,0.4949,1.8,rule_promote
SKU-JS0425,2026-08-20,34,MARKDOWN,194.13,0.3247,0.6851,-0.0151,0.4949,1.8,rule_markdown
SKU-JS0425,2026-08-27,35,MARKDOWN,202.0,0.3442,0.6922,-0.0151,0.4949,1.857,rule_markdown
SKU-JS0425,2026-09-03,36,PROMOTE,208.92,0.3701,1.4091,-0.0151,0.4949,2.0,rule_promote
SKU-JS0425,2026-09-10,37,PROMOTE,138.44,0.4221,1.5545,-0.0151,0.4949,2.0,rule_promote
SKU-JS0425,2026-09-17,38,PROMOTE,117.6,0.4545,1.4472,-0.0151,0.4949,2.0,rule_promote
SKU-JS0425,2026-09-24,39,PROMOTE,100.55,0.487,1.2501,-0.0151,0.4949,2.0,rule_promote
SKU-JS0425,2026-10-01,40,PROMOTE,101.33,0.5065,0.5482,-0.0151,0.4949,1.5,rule_promote
SKU-JS0425,2026-10-08,41,PROMOTE,150.0,0.513,0.3549,-0.0151,0.4949,1.5,rule_promote
SKU-JS0425,2026-10-15,42,PROMOTE,233.33,0.513,0.0659,-0.0151,0.4949,1.5,rule_promote
SKU-JS0425,2026-10-22,43,PROMOTE,193.2,0.5519,2.3648,-0.0151,0.4949,1.5,rule_promote
SKU-JS0425,2026-10-29,44,PROMOTE,165.45,0.5779,3.0541,-0.0151,0.4949,1.386,rule_promote
SKU-JS0425,2026-11-05,45,PROMOTE,147.0,0.5909,0.7357,-0.0151,0.4949,1.3,rule_promote
SKU-JS0425,2026-11-12,46,PROMOTE,103.25,0.6169,1.187,-0.0151,0.4949,1.3,rule_promote
SKU-JS0425,2026-11-19,47,PROMOTE,92.75,0.6558,0.9452,-0.0151,0.4949,1.3,rule_promote
SKU-JS0425,2026-11-26,48,PROMOTE,93.33,0.6753,1.9154,-0.0151,0.4949,1.157,rule_promote
SKU-JS0425,2026-12-03,49,HOLD,82.25,0.6948,0.4642,-0.0151,0.4949,0.8,rule_hold
SKU-JS0425,2026-12-10,50,HOLD,90.0,0.7078,0.5097,-0.0151,0.4949,0.8,rule_hold
SKU-JS0425,2026-12-17,51,HOLD,136.89,0.7143,0.5311,-0.0151,0.4949,0.8,rule_hold
SKU-JS0425,2026-12-24,52,HOLD,205.33,0.7143,0.0714,-0.0151,0.4949,0.8,rule_hold
SKU-JH8854,2026-01-01,1,,,,1.0,0.1492,0.4448,,cold_start
SKU-JH8854,2026-01-08,2,,,,1.0,0.1492,0.4448,,cold_start
SKU-JH8854,2026-01-15,3,,,,1.0,0.1492,0.4448,,cold_start
SKU-JH8854,2026-01-22,4,,,,1.0,0.1492,0.4448,,cold_start
SKU-JH8854,2026-01-29,5,HOLD,795.2,0.0533,1.0643,0.1492,0.4448,0.4,rule_hold
SKU-JH8854,2026-02-05,6,HOLD,556.0,0.0733,2.9286,0.1492,0.4448,0.4,rule_hold
SKU-JH8854,2026-02-12,7,HOLD,426.22,0.0867,1.151,0.1492,0.4448,0.4,rule_hold
SKU-JH8854,2026-02-19,8,MARKDOWN,548.0,0.0867,0.3265,0.1492,0.4448,0.4,rule_markdown
SKU-JH8854,2026-02-26,9,MARKDOWN,634.67,0.0933,0.0857,0.1492,0.4448,0.457,rule_markdown
SKU-JH8854,2026-03-05,10,HOLD,750.4,0.1067,1.6786,0.1492,0.4448,0.5,rule_hold
SKU-JH8854,2026-03-12,11,HOLD,611.33,0.1267,3.8571,0.1492,0.4448,0.5,rule_hold
SKU-JH8854,2026-03-19,12,HOLD,520.0,0.1333,1.4571,0.1492,0.4448,0.5,rule_hold
SKU-JH8854,2026-03-26,13,MARKDOWN,606.67,0.1333,0.0714,0.1492,0.4448,0.5,rule_markdown
SKU-JH8854,2026-04-02,14,MARKDOWN,722.4,0.14,0.45,0.1492,0.4448,0.5,rule_markdown
SKU-JH8854,2026-04-09,15,MARKDOWN,999.0,0.14,0.2143,0.1492,0.4448,0.5,rule_markdown
SKU-JH8854,2026-04-16,16,HOLD,999.0,0.1467,2.7857,0.1492,0.4448,0.5,rule_hold
SKU-JH8854,2026-04-23,17,MARKDOWN,999.0,0.1467,0.0,0.1492,0.4448,0.5,rule_markdown
SKU-JH8854,2026-04-30,18,HOLD,999.0,0.16,2.5714,0.1492,0.4448,0.586,rule_hold
SKU-JH8854,2026-05-07,19,HOLD,694.4,0.1733,5.2857,0.1492,0.4448,0.6,rule_hold
SKU-JH8854,2026-05-14,20,HOLD,688.8,0.18,0.8214,0.1492,0.4448,0.6,rule_hold
SKU-JH8854,2026-05-21,21,HOLD,370.22,0.2067,2.3786,0.1492,0.4448,0.6,rule_hold
SKU-JH8854,2026-05-28,22,MARKDOWN,476.0,0.2067,0.7347,0.1492,0.4448,0.6,rule_markdown
SKU-JH8854,2026-06-04,23,MARKDOWN,550.67,0.2133,0.1714,0.1492,0.4448,0.6,rule_markdown
SKU-JH8854,2026-06-11,24,MARKDOWN,660.8,0.2133,0.4286,0.1492,0.4448,0.6,rule_markdown
SKU-JH8854,2026-06-18,25,HOLD,999.0,0.22,1.3929,0.1492,0.4448,0.6,rule_hold
SKU-JH8854,2026-06-25,26,HOLD,638.4,0.24,1.7143,0.1492,0.4448,0.6,rule_hold
SKU-JH8854,2026-07-02,27,HOLD,522.67,0.2533,3.4286,0.1492,0.4448,0.6,rule_hold
SKU-JH8854,2026-07-09,28,HOLD,444.0,0.26,1.0429,0.1492,0.4448,0.6,rule_hold
SKU-JH8854,2026-07-16,29,MARKDOWN,518.0,0.26,0.0857,0.1492,0.4448,0.6,rule_markdown
SKU-JH8854,2026-07-23,30,MARKDOWN,999.0,0.26,0.0,0.1492,0.4448,0.6,rule_markdown
SKU-JH8854,2026-07-30,31,PROMOTE,494.67,0.2933,5.7857,0.1492,0.4448,1.457,rule_promote
SKU-JH8854,2026-08-06,32,PROMOTE,282.8,0.3267,8.7357,0.1492,0.4448,1.8,rule_promote
SKU-JH8854,2026-08-13,33,PROMOTE,144.67,0.38,2.6643,0.1492,0.4448,1.8,rule_promote
SKU-JH8854,2026-08-20,34,PROMOTE,113.27,0.4067,0.9412,0.1492,0.4448,1.8,rule_promote
SKU-JH8854,2026-08-27,35,MARKDOWN,128.21,0.42,0.3828,0.1492,0.4448,1.857,rule_markdown
SKU-JH8854,2026-09-03,36,MARKDOWN,129.11,0.4467,0.6592,0.1492,0.4448,2.0,rule_markdown
SKU-JH8854,2026-09-10,37,PROMOTE,158.0,0.4733,1.2156,0.1492,0.4448,2.0,rule_promote
SKU-JH8854,2026-09-17,38,PROMOTE,179.67,0.4867,1.037,0.1492,0.4448,2.0,rule_promote
SKU-JH8854,2026-09-24,39,MARKDOWN,175.0,0.5,0.6935,0.1492,0.4448,2.0,rule_markdown
SKU-JH8854,2026-10-01,40,PROMOTE,150.77,0.5333,1.1864,0.1492,0.4448,1.5,rule_promote
SKU-JH8854,2026-10-08,41,PROMOTE,142.15,0.56,0.9056,0.1492,0.4448,1.5,rule_promote
SKU-JH8854,2026-10-15,42,PROMOTE,115.73,0.5867,1.9297,0.1492,0.4448,1.5,rule_promote
SKU-JH8854,2026-10-22,43,PROMOTE,88.67,0.62,1.0779,0.1492,0.4448,1.5,rule_promote
SKU-JH8854,2026-10-29,44,PROMOTE,102.67,0.6333,0.8328,0.1492,0.4448,1.386,rule_promote
SKU-JH8854,2026-11-05,45,MARKDOWN,95.2,0.66,0.6574,0.1492,0.4448,1.3,rule_markdown
SKU-JH8854,2026-11-12,46,PROMOTE,96.0,0.68,0.9409,0.1492,0.4448,1.3,rule_promote
SKU-JH8854,2026-11-19,47,PROMOTE,105.0,0.7,0.9062,0.1492,0.4448,1.3,rule_promote
SKU-JH8854,2026-11-26,48,PROMOTE,82.0,0.7267,1.6834,0.1492,0.4448,1.157,rule_promote
SKU-JH8854,2026-12-03,49,MARKDOWN,91.0,0.74,0.5046,0.1492,0.4448,0.8,rule_markdown
SKU-JH8854,2026-12-10,50,MARKDOWN,106.4,0.7467,0.3524,0.1492,0.4448,0.8,rule_markdown
SKU-JH8854,2026-12-17,51,MARKDOWN,112.0,0.76,0.7092,0.1492,0.4448,0.8,rule_markdown
SKU-JH8854,2026-12-24,52,HOLD,115.5,0.78,1.3786,0.1492,0.4448,0.8,rule_hold
SKU-JR2852,2026-01-01,1,,,,1.0,0.0,0.4203,,cold_start
SKU-JR2852,2026-01-08,2,,,,1.0,0.0,0.4203,,cold_start
SKU-JR2852,2026-01-15,3,,,,1.0,0.0,0.4203,,cold_start
SKU-JR2852,2026-01-22,4,,,,1.0,0.0,0.4203,,cold_start
SKU-JR2852,2026-01-29,5,MARKDOWN,999.0,0.0568,0.0,0.0,0.4203,0.4,rule_markdown
SKU-JR2852,2026-02-05,6,MARKDOWN,765.33,0.0682,0.6429,0.0,0.4203,0.4,rule_markdown
SKU-JR2852,2026-02-12,7,HOLD,999.0,0.0795,2.2143,0.0,0.4203,0.4,rule_hold
SKU-JR2852,2026-02-19,8,HOLD,746.67,0.0909,1.5,0.0,0.4203,0.4,rule_hold
SKU-JR2852,2026-02-26,9,HOLD,746.67,0.0909,0.8571,0.0,0.4203,0.457,rule_hold
SKU-JR2852,2026-03-05,10,MARKDOWN,999.0,0.0909,0.0,0.0,0.4203,0.5,rule_markdown
SKU-JR2852,2026-03-12,11,MARKDOWN,999.0,0.0909,0.0,0.0,0.4203,0.5,rule_markdown
SKU-JR2852,2026-03-19,12,HOLD,999.0,0.1023,1.2857,0.0,0.4203,0.5,rule_hold
SKU-JR2852,2026-03-26,13,HOLD,999.0,0.1136,2.0,0.0,0.4203,0.5,rule_hold
SKU-JR2852,2026-04-02,14,HOLD,999.0,0.1136,1.2857,0.0,0.4203,0.5,rule_hold
SKU-JR2852,2026-04-09,15,MARKDOWN,999.0,0.1136,0.0,0.0,0.4203,0.5,rule_markdown
SKU-JR2852,2026-04-16,16,MARKDOWN,999.0,0.1136,0.0,0.0,0.4203,0.5,rule_markdown
SKU-JR2852,2026-04-23,17,HOLD,999.0,0.125,1.4286,0.0,0.4203,0.5,rule_hold
SKU-JR2852,2026-04-30,18,HOLD,700.0,0.1477,4.8571,0.0,0.4203,0.586,rule_hold
SKU-JR2852,2026-05-07,19,MARKDOWN,700.0,0.1477,0.4286,0.0,0.4203,0.6,rule_markdown
SKU-JR2852,2026-05-14,20,MARKDOWN,700.0,0.1477,0.0,0.0,0.4203,0.6,rule_markdown
SKU-JR2852,2026-05-21,21,HOLD,690.67,0.1591,1.0714,0.0,0.4203,0.6,rule_hold
SKU-JR2852,2026-05-28,22,HOLD,999.0,0.1705,3.4286,0.0,0.4203,0.6,rule_hold
SKU-JR2852,2026-06-04,23,MARKDOWN,999.0,0.1705,0.4286,0.0,0.4203,0.6,rule_markdown
SKU-JR2852,2026-06-11,24,HOLD,672.0,0.1818,0.8571,0.0,0.4203,0.6,rule_hold
SKU-JR2852,2026-06-18,25,HOLD,999.0,0.1818,0.8571,0.0,0.4203,0.6,rule_hold
SKU-JR2852,2026-06-25,26,MARKDOWN,999.0,0.1818,0.0,0.0,0.4203,0.6,rule_markdown
SKU-JR2852,2026-07-02,27,MARKDOWN,999.0,0.1818,0.0,0.0,0.4203,0.6,rule_markdown
SKU-JR2852,2026-07-09,28,MARKDOWN,999.0,0.1818,0.5714,0.0,0.4203,0.6,rule_markdown
SKU-JR2852,2026-07-16,29,HOLD,999.0,0.1932,1.0,0.0,0.4203,0.6,rule_hold
SKU-JR2852,2026-07-23,30,HOLD,644.0,0.2159,3.1429,0.0,0.4203,0.6,rule_hold
SKU-JR2852,2026-07-30,31,PROMOTE,476.0,0.2273,3.5714,0.0,0.4203,1.457,rule_promote
SKU-JR2852,2026-08-06,32,MARKDOWN,375.2,0.2386,0.1071,0.0,0.4203,1.8,rule_markdown
SKU-JR2852,2026-08-13,33,PROMOTE,170.8,0.3068,4.3929,0.0,0.4203,1.8,rule_promote
SKU-JR2852,2026-08-20,34,PROMOTE,165.2,0.3295,1.5631,0.0,0.4203,1.8,rule_promote
SKU-JR2852,2026-08-27,35,MARKDOWN,162.4,0.3409,0.6632,0.0,0.4203,1.857,rule_markdown
SKU-JR2852,2026-09-03,36,MARKDOWN,159.6,0.3523,0.1381,0.0,0.4203,2.0,rule_markdown
SKU-JR2852,2026-09-10,37,PROMOTE,161.78,0.4091,2.3673,0.0,0.4203,2.0,rule_promote
SKU-JR2852,2026-09-17,38,PROMOTE,155.56,0.4318,1.9082,0.0,0.4203,2.0,rule_promote
SKU-JR2852,2026-09-24,39,MARKDOWN,152.44,0.4432,0.3214,0.0,0.4203,2.0,rule_markdown
SKU-JR2852,2026-10-01,40,MARKDOWN,149.33,0.4545,0.3571,0.0,0.4203,1.5,rule_markdown
SKU-JR2852,2026-10-08,41,MARKDOWN,336.0,0.4545,0.1429,0.0,0.4203,1.5,rule_markdown
SKU-JR2852,2026-10-15,42,PROMOTE,438.67,0.4659,1.0714,0.0,0.4203,1.5,rule_promote
SKU-JR2852,2026-10-22,43,MARKDOWN,658.0,0.4659,0.4286,0.0,0.4203,1.5,rule_markdown
SKU-JR2852,2026-10-29,44,MARKDOWN,999.0,0.4659,0.0,0.0,0.4203,1.386,rule_markdown
SKU-JR2852,2026-11-05,45,MARKDOWN,999.0,0.4659,0.0,0.0,0.4203,1.3,rule_markdown
SKU-JR2852,2026-11-12,46,PROMOTE,410.67,0.5,2.0,0.0,0.4203,1.3,rule_promote
SKU-JR2852,2026-11-19,47,PROMOTE,235.2,0.5227,2.7143,0.0,0.4203,1.3,rule_promote
SKU-JR2852,2026-11-26,48,PROMOTE,136.5,0.5568,1.5857,0.0,0.4203,1.157,rule_promote
SKU-JR2852,2026-12-03,49,MARKDOWN,136.5,0.5568,0.551,0.0,0.4203,0.8,rule_markdown
SKU-JR2852,2026-12-10,50,MARKDOWN,218.4,0.5568,0.0,0.0,0.4203,0.8,rule_markdown
SKU-JR2852,2026-12-17,51,MARKDOWN,266.0,0.5682,0.1429,0.0,0.4203,0.8,rule_markdown
SKU-JR2852,2026-12-24,52,HOLD,245.0,0.6023,6.3571,0.0,0.4203,0.8,rule_hold
SKU-HB4362,2026-01-01,1,,,,1.0,0.0366,0.5189,,cold_start
SKU-HB4362,2026-01-08,2,,,,1.0,0.0366,0.5189,,cold_start
SKU-HB4362,2026-01-15,3,,,,1.0,0.0366,0.5189,,cold_start
SKU-HB4362,2026-01-22,4,,,,1.0,0.0366,0.5189,,cold_start
SKU-HB4362,2026-01-29,5,HOLD,999.0,0.0714,1.0,0.0366,0.5189,0.857,rule_hold
SKU-HB4362,2026-02-05,6,HOLD,999.0,0.0714,1.0,0.0366,0.5189,0.9,rule_hold
SKU-HB4362,2026-02-12,7,HOLD,336.0,0.1429,1.0,0.0366,0.5189,0.9,rule_hold
SKU-HB4362,2026-02-19,8,MARKDOWN,336.0,0.1429,0.7143,0.0366,0.5189,0.9,rule_markdown
SKU-HB4362,2026-02-26,9,MARKDOWN,336.0,0.1429,0.0,0.0366,0.5189,1.014,rule_markdown
SKU-HB4362,2026-03-05,10,MARKDOWN,336.0,0.1429,0.0,0.0366,0.5189,1.1,rule_markdown
SKU-HB4362,2026-03-12,11,MARKDOWN,999.0,0.1429,0.2857,0.0366,0.5189,1.1,rule_markdown
SKU-HB4362,2026-03-19,12,HOLD,308.0,0.2143,1.0,0.0366,0.5189,1.1,rule_hold
SKU-HB4362,2026-03-26,13,MARKDOWN,308.0,0.2143,0.2857,0.0366,0.5189,1.114,rule_markdown
SKU-HB4362,2026-04-02,14,PROMOTE,140.0,0.2857,2.1429,0.0366,0.5189,1.2,rule_promote
SKU-HB4362,2026-04-09,15,PROMOTE,56.0,0.4286,2.5714,0.0366,0.5189,1.2,rule_promote
SKU-HB4362,2026-04-16,16,PROMOTE,74.67,0.4286,1.4286,0.0366,0.5189,1.2,rule_promote
SKU-HB4362,2026-04-23,17,MARKDOWN,74.67,0.4286,0.0,0.0366,0.5189,1.2,rule_markdown
SKU-HB4362,2026-04-30,18,MARKDOWN,112.0,0.4286,0.0,0.0366,0.5189,1.114,rule_markdown
SKU-HB4362,2026-05-07,19,HOLD,196.0,0.5,1.0,0.0366,0.5189,1.1,rule_hold
SKU-HB4362,2026-05-14,20,MARKDOWN,196.0,0.5,0.5714,0.0366,0.5189,1.1,rule_markdown
SKU-HB4362,2026-05-21,21,HOLD,84.0,0.5714,1.7143,0.0366,0.5189,1.1,rule_hold
SKU-HB4362,2026-05-28,22,HOLD,28.0,0.7143,2.3571,0.0366,0.5189,1.014,rule_hold
SKU-HB4362,2026-06-04,23,HOLD,37.33,0.7143,1.8571,0.0366,0.5189,0.9,rule_hold
SKU-HB4362,2026-06-11,24,HOLD,21.0,0.7857,0.5714,0.0366,0.5189,0.9,rule_hold
SKU-HB4362,2026-06-18,25,HOLD,28.0,0.7857,0.4286,0.0366,0.5189,0.9,rule_hold
SKU-HB4362,2026-06-25,26,HOLD,28.0,0.8571,0.4286,0.0366,0.5189,0.886,rule_hold
SKU-HB4362,2026-07-02,27,HOLD,28.0,0.8571,2.5714,0.0366,0.5189,0.8,rule_hold
SKU-HB4362,2026-07-09,28,MARKDOWN,140.0,0.7059,0.0,0.0366,0.5189,0.8,rule_markdown
SKU-HB4362,2026-07-16,29,MARKDOWN,140.0,0.7059,0.0,0.0366,0.5189,0.8,rule_markdown
SKU-HB4362,2026-07-23,30,MARKDOWN,999.0,0.7059,0.1429,0.0366,0.5189,0.8,rule_markdown
SKU-HB4362,2026-07-30,31,HOLD,999.0,0.7059,1.0,0.0366,0.5189,0.943,rule_hold
SKU-HB4362,2026-08-06,32,HOLD,42.0,0.8235,1.0,0.0366,0.5189,1.0,rule_hold
SKU-HB4362,2026-08-13,33,HOLD,42.0,0.8235,1.0,0.0366,0.5189,1.0,rule_hold
SKU-HB4362,2026-08-20,34,HOLD,18.67,0.8824,0.8571,0.0366,0.5189,1.0,rule_hold
SKU-HB4362,2026-08-27,35,HOLD,7.0,0.9412,0.7857,0.0366,0.5189,1.229,rule_hold
SKU-HB4362,2026-09-03,36,PROMOTE,14.0,0.9412,1.2143,0.0366,0.5189,1.8,rule_promote
SKU-HB4362,2026-09-10,37,PROMOTE,28.0,0.8889,0.0,0.0366,0.5189,1.8,rule_promote
SKU-HB4362,2026-09-17,38,MARKDOWN,56.0,0.8889,0.0,0.0366,0.5189,1.8,rule_markdown
SKU-HB4362,2026-09-24,39,MARKDOWN,999.0,0.8889,0.1429,0.0366,0.5189,1.8,rule_markdown
SKU-HB4362,2026-10-01,40,HOLD,28.0,0.9444,1.0,0.0366,0.5189,1.1,rule_hold
SKU-HB4362,2026-10-08,41,HOLD,28.0,0.9444,0.1429,0.0366,0.5189,1.1,rule_hold
SKU-HB4362,2026-10-15,42,HOLD,28.0,0.9444,0.0,0.0366,0.5189,1.1,rule_hold
SKU-HB4362,2026-10-22,43,MARKDOWN,56.0,0.8947,0.0,0.0366,0.5189,1.1,rule_markdown
SKU-HB4362,2026-10-29,44,HOLD,28.0,0.9474,0.8571,0.0366,0.5189,1.043,rule_hold
SKU-HB4362,2026-11-05,45,HOLD,28.0,0.9474,0.5714,0.0366,0.5189,1.0,rule_hold
SKU-HB4362,2026-11-12,46,HOLD,28.0,0.9474,0.0,0.0366,0.5189,1.0,rule_hold
SKU-HB4362,2026-11-19,47,HOLD,28.0,0.9474,0.0,0.0366,0.5189,1.0,rule_hold
SKU-HB4362,2026-11-26,48,HOLD,28.0,0.95,1.7143,0.0366,0.5189,1.057,rule_hold
SKU-HB4362,2026-12-03,49,PROMOTE,28.0,0.95,0.1429,0.0366,0.5189,1.2,rule_promote
SKU-HB4362,2026-12-10,50,PROMOTE,28.0,0.95,0.0,0.0366,0.5189,1.2,rule_promote
SKU-HB4362,2026-12-17,51,HOLD,0.0,1.0,2.5714,0.0366,0.5189,1.2,rule_hold
SKU-HB4362,2026-12-24,52,HOLD,0.0,1.0,0.4286,0.0366,0.5189,1.2,rule_hold
SKU-IG5442,2026-01-01,1,,,,1.0,-0.018,0.4511,,cold_start
SKU-IG5442,2026-01-08,2,,,,1.0,-0.018,0.4511,,cold_start
SKU-IG5442,2026-01-15,3,,,,1.0,-0.018,0.4511,,cold_start
SKU-IG5442,2026-01-22,4,,,,1.0,-0.018,0.4511,,cold_start
SKU-IG5442,2026-01-29,5,MARKDOWN,441.0,0.1,0.5318,-0.018,0.4511,0.857,rule_markdown
SKU-IG5442,2026-02-05,6,HOLD,496.0,0.1143,1.8571,-0.018,0.4511,0.9,rule_hold
SKU-IG5442,2026-02-12,7,HOLD,423.5,0.1357,1.3214,-0.018,0.4511,0.9,rule_hold
SKU-IG5442,2026-02-19,8,MARKDOWN,484.0,0.1357,0.6653,-0.018,0.4511,0.9,rule_markdown
SKU-IG5442,2026-02-26,9,MARKDOWN,476.0,0.15,0.4571,-0.018,0.4511,1.014,rule_markdown
SKU-IG5442,2026-03-05,10,HOLD,666.4,0.15,0.9143,-0.018,0.4511,1.1,rule_hold
SKU-IG5442,2026-03-12,11,HOLD,999.0,0.1571,1.0143,-0.018,0.4511,1.1,rule_hold
SKU-IG5442,2026-03-19,12,HOLD,649.6,0.1714,1.7143,-0.018,0.4511,1.1,rule_hold
SKU-IG5442,2026-03-26,13,MARKDOWN,638.4,0.1857,0.7857,-0.018,0.4511,1.114,rule_markdown
SKU-IG5442,2026-04-02,14,PROMOTE,342.22,0.2143,4.2714,-0.018,0.4511,1.2,rule_promote
SKU-IG5442,2026-04-09,15,MARKDOWN,302.4,0.2286,0.5862,-0.018,0.4511,1.2,rule_markdown
SKU-IG5442,2026-04-16,16,PROMOTE,267.27,0.25,1.2321,-0.018,0.4511,1.2,rule_promote
SKU-IG5442,2026-04-23,17,PROMOTE,238.0,0.2714,1.2381,-0.018,0.4511,1.2,rule_promote
SKU-IG5442,2026-04-30,18,MARKDOWN,280.0,0.2857,0.4439,-0.018,0.4511,1.114,rule_markdown
SKU-IG5442,2026-05-07,19,HOLD,246.91,0.3071,1.3623,-0.018,0.4511,1.1,rule_hold
SKU-IG5442,2026-05-14,20,HOLD,239.27,0.3286,1.0798,-0.018,0.4511,1.1,rule_hold
SKU-IG5442,2026-05-21,21,MARKDOWN,329.0,0.3286,0.5128,-0.018,0.4511,1.1,rule_markdown
SKU-IG5442,2026-05-28,22,HOLD,252.0,0.3571,1.3342,-0.018,0.4511,1.014,rule_hold
SKU-IG5442,2026-06-04,23,HOLD,243.6,0.3786,0.8818,-0.018,0.4511,0.9,rule_hold
SKU-IG5442,2026-06-11,24,HOLD,301.0,0.3857,0.8979,-0.018,0.4511,0.9,rule_hold
SKU-IG5442,2026-06-18,25,HOLD,211.27,0.4071,0.9184,-0.018,0.4511,0.9,rule_hold
SKU-IG5442,2026-06-25,26,HOLD,287.0,0.4143,1.0816,-0.018,0.4511,0.886,rule_hold
SKU-IG5442,2026-07-02,27,HOLD,378.0,0.4214,0.351,-0.018,0.4511,0.8,rule_hold
SKU-IG5442,2026-07-09,28,HOLD,316.0,0.4357,0.9857,-0.018,0.4511,0.8,rule_hold
SKU-IG5442,2026-07-16,29,HOLD,304.0,0.4571,1.7071,-0.018,0.4511,0.8,rule_hold
SKU-IG5442,2026-07-23,30,HOLD,259.0,0.4714,1.5071,-0.018,0.4511,0.8,rule_hold
SKU-IG5442,2026-07-30,31,HOLD,255.5,0.4786,0.398,-0.018,0.4511,0.943,rule_hold
SKU-IG5442,2026-08-06,32,HOLD,248.5,0.4929,1.351,-0.018,0.4511,1.0,rule_hold
SKU-IG5442,2026-08-13,33,HOLD,276.0,0.5071,0.8327,-0.018,0.4511,1.0,rule_hold
SKU-IG5442,2026-08-20,34,HOLD,268.0,0.5214,1.4214,-0.018,0.4511,1.0,rule_hold
SKU-IG5442,2026-08-27,35,PROMOTE,142.33,0.5643,1.0796,-0.018,0.4511,1.229,rule_promote
SKU-IG5442,2026-09-03,36,PROMOTE,71.4,0.6357,5.2333,-0.018,0.4511,1.8,rule_promote
SKU-IG5442,2026-09-10,37,PROMOTE,64.0,0.6571,1.6834,-0.018,0.4511,1.8,rule_promote
SKU-IG5442,2026-09-17,38,PROMOTE,61.33,0.6714,0.3488,-0.018,0.4511,1.8,rule_promote
SKU-IG5442,2026-09-24,39,PROMOTE,85.87,0.6714,0.0868,-0.018,0.4511,1.8,rule_promote
SKU-IG5442,2026-10-01,40,HOLD,210.0,0.6786,0.2497,-0.018,0.4511,1.1,rule_hold
SKU-IG5442,2026-10-08,41,HOLD,196.0,0.7,0.7857,-0.018,0.4511,1.1,rule_hold
SKU-IG5442,2026-10-15,42,HOLD,133.0,0.7286,10.5,-0.018,0.4511,1.1,rule_hold
SKU-IG5442,2026-10-22,43,HOLD,79.33,0.7571,1.6082,-0.018,0.4511,1.1,rule_hold
SKU-IG5442,2026-10-29,44,HOLD,62.0,0.7786,1.0147,-0.018,0.4511,1.043,rule_hold
SKU-IG5442,2026-11-05,45,HOLD,70.0,0.7857,0.4612,-0.018,0.4511,1.0,rule_hold
SKU-IG5442,2026-11-12,46,HOLD,90.22,0.7929,0.2512,-0.018,0.4511,1.0,rule_hold
SKU-IG5442,2026-11-19,47,HOLD,162.4,0.7929,0.3469,-0.018,0.4511,1.0,rule_hold
SKU-IG5442,2026-11-26,48,HOLD,68.44,0.8429,4.4429,-0.018,0.4511,1.057,rule_hold
SKU-IG5442,2026-12-03,49,PROMOTE,48.36,0.8643,2.8964,-0.018,0.4511,1.2,rule_promote
SKU-IG5442,2026-12-10,50,PROMOTE,34.46,0.8857,0.9595,-0.018,0.4511,1.2,rule_promote
SKU-IG5442,2026-12-17,51,PROMOTE,22.75,0.9071,1.0863,-0.018,0.4511,1.2,rule_promote
SKU-IG5442,2026-12-24,52,PROMOTE,23.33,0.9286,0.7302,-0.018,0.4511,1.2,rule_promote
SKU-GN3999,2026-01-01,1,,,,1.0,-0.1406,0.5056,,cold_start
SKU-GN3999,2026-01-08,2,,,,1.0,-0.1406,0.5056,,cold_start
SKU-GN3999,2026-01-15,3,,,,1.0,-0.1406,0.5056,,cold_start
SKU-GN3999,2026-01-22,4,,,,1.0,-0.1406,0.5056,,cold_start
SKU-GN3999,2026-01-29,5,HOLD,999.0,0.0,1.0,-0.1406,0.5056,0.857,rule_hold
SKU-GN3999,2026-02-05,6,HOLD,999.0,0.0,1.0,-0.1406,0.5056,0.9,rule_hold
SKU-GN3999,2026-02-12,7,HOLD,999.0,0.0,1.0,-0.1406,0.5056,0.9,rule_hold
SKU-GN3999,2026-02-19,8,HOLD,999.0,0.0,1.0,-0.1406,0.5056,0.9,rule_hold
SKU-GN3999,2026-02-26,9,HOLD,999.0,0.0,1.0,-0.1406,0.5056,1.014,rule_hold
SKU-GN3999,2026-03-05,10,HOLD,999.0,0.0,1.0,-0.1406,0.5056,1.1,rule_hold
SKU-GN3999,2026-03-12,11,HOLD,999.0,0.0,1.0,-0.1406,0.5056,1.1,rule_hold
SKU-GN3999,2026-03-19,12,HOLD,999.0,0.0,1.0,-0.1406,0.5056,1.1,rule_hold
SKU-GN3999,2026-03-26,13,HOLD,84.0,0.25,1.0,-0.1406,0.5056,1.114,rule_hold
SKU-GN3999,2026-04-02,14,MARKDOWN,84.0,0.25,0.2857,-0.1406,0.5056,1.2,rule_markdown
SKU-GN3999,2026-04-09,15,MARKDOWN,84.0,0.25,0.0,-0.1406,0.5056,1.2,rule_markdown
SKU-GN3999,2026-04-16,16,MARKDOWN,84.0,0.25,0.0,-0.1406,0.5056,1.2,rule_markdown
SKU-GN3999,2026-04-23,17,MARKDOWN,999.0,0.25,0.7143,-0.1406,0.5056,1.2,rule_markdown
SKU-GN3999,2026-04-30,18,HOLD,999.0,0.25,1.0,-0.1406,0.5056,1.114,rule_hold
SKU-GN3999,2026-05-07,19,HOLD,999.0,0.25,1.0,-0.1406,0.5056,1.1,rule_hold
SKU-GN3999,2026-05-14,20,HOLD,999.0,0.25,1.0,-0.1406,0.5056,1.1,rule_hold
SKU-GN3999,2026-05-21,21,HOLD,999.0,0.25,1.0,-0.1406,0.5056,1.1,rule_hold
SKU-GN3999,2026-05-28,22,HOLD,999.0,0.25,1.0,-0.1406,0.5056,1.014,rule_hold
SKU-GN3999,2026-06-04,23,HOLD,999.0,0.25,1.0,-0.1406,0.5056,0.9,rule_hold
SKU-GN3999,2026-06-11,24,HOLD,999.0,0.25,1.0,-0.1406,0.5056,0.9,rule_hold
SKU-GN3999,2026-06-18,25,HOLD,999.0,0.25,1.0,-0.1406,0.5056,0.9,rule_hold
SKU-GN3999,2026-06-25,26,HOLD,999.0,0.25,1.0,-0.1406,0.5056,0.886,rule_hold
SKU-GN3999,2026-07-02,27,HOLD,999.0,0.25,1.0,-0.1406,0.5056,0.8,rule_hold
SKU-GN3999,2026-07-09,28,HOLD,999.0,0.25,1.0,-0.1406,0.5056,0.8,rule_hold
SKU-GN3999,2026-07-16,29,HOLD,999.0,0.25,1.0,-0.1406,0.5056,0.8,rule_hold
SKU-GN3999,2026-07-23,30,HOLD,999.0,0.25,1.0,-0.1406,0.5056,0.8,rule_hold
SKU-GN3999,2026-07-30,31,HOLD,999.0,0.25,1.0,-0.1406,0.5056,0.943,rule_hold
SKU-GN3999,2026-08-06,32,HOLD,999.0,0.25,1.0,-0.1406,0.5056,1.0,rule_hold
SKU-GN3999,2026-08-13,33,HOLD,999.0,0.25,1.0,-0.1406,0.5056,1.0,rule_hold
SKU-GN3999,2026-08-20,34,HOLD,999.0,0.25,1.0,-0.1406,0.5056,1.0,rule_hold
SKU-GN3999,2026-08-27,35,PROMOTE,999.0,0.25,1.0,-0.1406,0.5056,1.229,rule_promote
SKU-GN3999,2026-09-03,36,PROMOTE,999.0,0.25,1.0,-0.1406,0.5056,1.8,rule_promote
SKU-GN3999,2026-09-10,37,PROMOTE,999.0,0.25,1.0,-0.1406,0.5056,1.8,rule_promote
SKU-GN3999,2026-09-17,38,PROMOTE,999.0,0.25,1.0,-0.1406,0.5056,1.8,rule_promote
SKU-GN3999,2026-09-24,39,PROMOTE,999.0,0.25,1.0,-0.1406,0.5056,1.8,rule_promote
SKU-GN3999,2026-10-01,40,HOLD,999.0,0.25,1.0,-0.1406,0.5056,1.1,rule_hold
SKU-GN3999,2026-10-08,41,HOLD,999.0,0.25,1.0,-0.1406,0.5056,1.1,rule_hold
SKU-GN3999,2026-10-15,42,HOLD,999.0,0.25,1.0,-0.1406,0.5056,1.1,rule_hold
SKU-GN3999,2026-10-22,43,HOLD,999.0,0.25,1.0,-0.1406,0.5056,1.1,rule_hold
SKU-GN3999,2026-10-29,44,HOLD,999.0,0.25,1.0,-0.1406,0.5056,1.043,rule_hold
SKU-GN3999,2026-11-05,45,HOLD,999.0,0.25,1.0,-0.1406,0.5056,1.0,rule_hold
SKU-GN3999,2026-11-12,46,HOLD,999.0,0.25,1.0,-0.1406,0.5056,1.0,rule_hold
SKU-GN3999,2026-11-19,47,HOLD,999.0,0.25,1.0,-0.1406,0.5056,1.0,rule_hold
SKU-GN3999,2026-11-26,48,HOLD,56.0,0.5,1.0,-0.1406,0.5056,1.057,rule_hold
SKU-GN3999,2026-12-03,49,PROMOTE,56.0,0.5,0.2857,-0.1406,0.5056,1.2,rule_promote
SKU-GN3999,2026-12-10,50,PROMOTE,56.0,0.5,0.0,-0.1406,0.5056,1.2,rule_promote
SKU-GN3999,2026-12-17,51,PROMOTE,56.0,0.5,0.0,-0.1406,0.5056,1.2,rule_promote
SKU-GN3999,2026-12-24,52,PROMOTE,999.0,0.5,0.7143,-0.1406,0.5056,1.2,rule_promote
