competitor_product_id,competitor_name,style_code,brand_name,product_name,category,gender_target,competitor_price,competitor_sale_price,discount_pct,is_on_sale,availability,currency,sizes_available,source_url,scraped_at,data_valid
kix:9672793620837,kix,,Nike,Nike Mind 002 Men's black,,men,145.0,,,False,in_stock,USD,"[""36"", ""37"", ""38"", ""39"", ""40"", ""41"", ""42"", ""43"", ""44"", ""45"", ""46""]",https://kixlb.com/products/copy-nike-mind-002-mens-grey,2026-04-10T15:12:21Z,True
kix:9672793555301,kix,,Nike,Nike Mind 002 Men's grey,,men,145.0,,,False,in_stock,USD,"[""36"", ""37"", ""38"", ""39"", ""40"", ""41"", ""42"", ""43"", ""44"", ""45"", ""46""]",https://kixlb.com/products/copy-nike-mind-002-mens-purple,2026-04-10T15:12:21Z,True
kix:9672793456997,kix,,Nike,Nike Mind 002 Men's purple,,men,145.0,,,False,in_stock,USD,"[""36"", ""37"", ""38"", ""39"", ""40"", ""41"", ""42"", ""43"", ""44"", ""45"", ""46""]",https://kixlb.com/products/copy-nike-mind-002-mens-beige,2026-04-10T15:12:21Z,True
kix:9672793293157,kix,,Nike,Nike Mind 002 Men's beige,,men,145.0,,,False,in_stock,USD,"[""36"", ""37"", ""38"", ""39"", ""40"", ""41"", ""42"", ""43"", ""44"", ""45"", ""46""]",https://kixlb.com/products/copy-nike-mind-001-mens-beige,2026-04-10T15:12:21Z,True
kix:9672793227621,kix,,Nike,Nike Mind 001 Men's beige,,men,95.0,,,False,in_stock,USD,"[""36"", ""37"", ""38"", ""39"", ""40"", ""41"", ""42"", ""43"", ""44"", ""45"", ""46""]",https://kixlb.com/products/copy-nike-mind-001-mens-red,2026-04-10T15:12:21Z,True
kix:9672793162085,kix,,Nike,Nike Mind 001 Men's red,,men,95.0,,,False,in_stock,USD,"[""36"", ""37"", ""38"", ""39"", ""40"", ""41"", ""42"", ""43"", ""44"", ""45"", ""46""]",https://kixlb.com/products/copy-nike-mind-001-mens-grey,2026-04-10T15:12:21Z,True
kix:9672793096549,kix,,Nike,Nike Mind 001 Men's grey,,men,95.0,,,False,in_stock,USD,"[""36"", ""37"", ""38"", ""39"", ""40"", ""41"", ""42"", ""43"", ""44"", ""45"", ""46""]",https://kixlb.com/products/copy-nike-mind-001-mens-black,2026-04-10T15:12:21Z,True
kix:9672792637797,kix,,Nike,Nike Mind 001 Men's black,,men,95.0,,,False,in_stock,USD,"[""36"", ""37"", ""38"", ""39"", ""40"", ""41"", ""42"", ""43"", ""44"", ""45"", ""46""]",https://kixlb.com/products/nike-mind-001-mens-pregame-mules,2026-04-10T15:12:21Z,True
kix:9671021134181,kix,,Puma,puma bella UT beige green gum,,,106.0,80.0,24.53,True,in_stock,USD,"[""36"", ""37"", ""37.5"", ""38"", ""38.5"", ""39"", ""40"", ""40.5"", ""41"", ""42"", ""42.5"", ""43"", ""44"", ""44.5"", ""45""]",https://kixlb.com/products/puma-bella-ut-black-and-white-copy,2026-04-10T15:12:21Z,True
kix:9671021101413,kix,,Puma,puma bella UT black and white,,,106.0,80.0,24.53,True,in_stock,USD,"[""36"", ""37"", ""37.5"", ""38"", ""38.5"", ""39"", ""40"", ""40.5"", ""41"", ""42"", ""42.5"", ""43"", ""44"", ""44.5"", ""45""]",https://kixlb.com/products/puma-bella-ut-pale-lemon-copy,2026-04-10T15:12:21Z,True
kix:9671020872037,kix,,Puma,puma bella UT pale lemon,,,106.0,80.0,24.53,True,in_stock,USD,"[""36"", ""37"", ""37.5"", ""38"", ""38.5"", ""39"", ""40"", ""40.5"", ""41"", ""42"", ""42.5"", ""43"", ""44"", ""44.5"", ""45""]",https://kixlb.com/products/puma-bella-ut-low-blue-copy,2026-04-10T15:12:21Z,True
kix:9671020806501,kix,,Puma,puma bella UT low blue,,,106.0,80.0,24.53,True,in_stock,USD,"[""36"", ""37"", ""37.5"", ""38"", ""38.5"", ""39"", ""40"", ""40.5"", ""41"", ""42"", ""42.5"", ""43"", ""44"", ""44.5"", ""45""]",https://kixlb.com/products/puma-bella-ut-leather-copy,2026-04-10T15:12:21Z,True
kix:9671020544357,kix,,Puma,puma bella UT leather,,,106.0,80.0,24.53,True,in_stock,USD,"[""36"", ""37"", ""37.5"", ""38"", ""38.5"", ""39"", ""40"", ""40.5"", ""41"", ""42"", ""42.5"", ""43"", ""44"", ""44.5"", ""45""]",https://kixlb.com/products/puma-bella-ut-canvas-copy,2026-04-10T15:12:21Z,True
kix:9671019168101,kix,,Puma,puma bella UT canvas,,,106.0,80.0,24.53,True,in_stock,USD,"[""36"", ""37"", ""37.5"", ""38"", ""38.5"", ""39"", ""40"", ""40.5"", ""41"", ""42"", ""42.5"", ""43"", ""44"", ""44.5"", ""45""]",https://kixlb.com/products/puma-speedboat-zebra-copy,2026-04-10T15:12:21Z,True
kix:9671019135333,kix,,Puma,puma Bella pink,,,106.0,80.0,24.53,True,in_stock,USD,"[""35"", ""35.5"", ""36"", ""37"", ""37.5"", ""38"", ""38.5"", ""39"", ""40"", ""40.5"", ""41""]",https://kixlb.com/products/puma-suede-pink-rope-copy-3,2026-04-10T15:12:21Z,True
kix:9671019004261,kix,,Puma,puma speedboat zebra,,,106.0,80.0,24.53,True,in_stock,USD,"[""36"", ""37"", ""37.5"", ""38"", ""38.5"", ""39"", ""40"", ""40.5"", ""41"", ""42"", ""42.5"", ""43"", ""44"", ""44.5"", ""45""]",https://kixlb.com/products/puma-fade-nitro-silver-copy,2026-04-10T15:12:21Z,True
kix:9671018938725,kix,,Puma,puma fade nitro silver,,,106.0,80.0,24.53,True,in_stock,USD,"[""36"", ""37"", ""37.5"", ""38"", ""38.5"", ""39"", ""40"", ""40.5"", ""41"", ""42"", ""42.5"", ""43"", ""44"", ""44.5"", ""45""]",https://kixlb.com/products/puma-mujer-speedboat-cow-copy,2026-04-10T15:12:21Z,True
kix:9670694044005,kix,,Puma,puma mujer speedboat cow,,,106.0,80.0,24.53,True,in_stock,USD,"[""36"", ""37"", ""37.5"", ""38"", ""38.5"", ""39"", ""40"", ""40.5"", ""41"", ""42"", ""42.5"", ""43"", ""44"", ""44.5"", ""45""]",https://kixlb.com/products/puma-magma-nitro-royal-blue-copy,2026-04-10T15:12:21Z,True
kix:9670694011237,kix,,Puma,puma magma nitro royal blue,,,106.0,80.0,24.53,True,in_stock,USD,"[""36"", ""37"", ""37.5"", ""38"", ""38.5"", ""39"", ""40"", ""40.5"", ""41"", ""42"", ""42.5"", ""43"", ""44"", ""44.5"", ""45""]",https://kixlb.com/products/puma-magma-nitro-blue-and-white-copy,2026-04-10T15:12:21Z,True
kix:9670693945701,kix,,Puma,puma magma nitro blue and white,,,106.0,80.0,24.53,True,in_stock,USD,"[""36"", ""37"", ""37.5"", ""38"", ""38.5"", ""39"", ""40"", ""40.5"", ""41"", ""42"", ""42.5"", ""43"", ""44"", ""44.5"", ""45""]",https://kixlb.com/products/puma-magma-nitro-black-copy,2026-04-10T15:12:21Z,True
kix:9670693912933,kix,,Puma,puma magma nitro black,,,106.0,80.0,24.53,True,in_stock,USD,"[""36"", ""37"", ""37.5"", ""38"", ""38.5"", ""39"", ""40"", ""40.5"", ""41"", ""42"", ""42.5"", ""43"", ""44"", ""44.5"", ""45""]",https://kixlb.com/products/puma-suede-xl-black-and-silver-copy,2026-04-10T15:12:21Z,True
kix:9670693749093,kix,,Puma,puma suede XL black and silver,,,106.0,80.0,24.53,True,in_stock,USD,"[""36"", ""37"", ""37.5"", ""38"", ""38.5"", ""39"", ""40"", ""40.5"", ""41"", ""42"", ""42.5"", ""43"", ""44"", ""44.5"", ""45""]",https://kixlb.com/products/puma-fenty-creeper-phatty-green-fog-copy,2026-04-10T15:12:21Z,True
kix:9670693716325,kix,,Puma,puma fenty creeper phatty green fog,,,106.0,80.0,24.53,True,in_stock,USD,"[""36"", ""37"", ""37.5"", ""38"", ""38.5"", ""39"", ""40"", ""40.5"", ""41"", ""42"", ""42.5"", ""43"", ""44"", ""44.5"", ""45""]",https://kixlb.com/products/puma-suede-year-of-the-dragon-copy,2026-04-10T15:12:21Z,True
kix:9670693650789,kix,,Puma,puma suede year of the dragon,,,106.0,80.0,24.53,True,in_stock,USD,"[""36"", ""37"", ""37.5"", ""38"", ""38.5"", ""39"", ""40"", ""40.5"", ""41"", ""42"", ""42.5"", ""43"", ""44"", ""44.5"", ""45""]",https://kixlb.com/products/puma-fenty-creeper-phatty-brown-copy,2026-04-10T15:12:21Z,True
kix:9670693552485,kix,,Puma,puma fenty creeper phatty brown,,,106.0,80.0,24.53,True,in_stock,USD,"[""36"", ""37"", ""37.5"", ""38"", ""38.5"", ""39"", ""40"", ""40.5"", ""41"", ""42"", ""42.5"", ""43"", ""44"", ""44.5"", ""45""]",https://kixlb.com/products/puma-suede-xl-white-copy,2026-04-10T15:12:21Z,True
kix:9670693519717,kix,,Puma,puma suede pink and brown,,,106.0,80.0,24.53,True,in_stock,USD,"[""35"", ""35.5"", ""36"", ""37"", ""37.5"", ""38"", ""38.5"", ""39"", ""40""]",https://kixlb.com/products/puma-suede-pink-rope-copy-2,2026-04-10T15:12:21Z,True
kix:9670693454181,kix,,Puma,puma suede XL white,,,106.0,80.0,24.53,True,in_stock,USD,"[""36"", ""37"", ""37.5"", ""38"", ""38.5"", ""39"", ""40"", ""40.5"", ""41"", ""42"", ""42.5"", ""43"", ""44"", ""44.5"", ""45""]",https://kixlb.com/products/puma-palermo-green-copy,2026-04-10T15:12:21Z,True
kix:9670693388645,kix,,Puma,puma palermo green,,,106.0,80.0,24.53,True,in_stock,USD,"[""36"", ""37"", ""37.5"", ""38"", ""38.5"", ""39"", ""40"", ""40.5"", ""41"", ""42"", ""42.5"", ""43"", ""44"", ""44.5"", ""45""]",https://kixlb.com/products/puma-suede-shashiko-warm-white-copy,2026-04-10T15:12:21Z,True
kix:9670692995429,kix,,Puma,puma suede shashiko warm white,,,106.0,80.0,24.53,True,in_stock,USD,"[""36"", ""37"", ""37.5"", ""38"", ""38.5"", ""39"", ""40"", ""40.5"", ""41"", ""42"", ""42.5"", ""43"", ""44"", ""44.5"", ""45""]",https://kixlb.com/products/puma-suede-black-navy-marzipan-copy,2026-04-10T15:12:21Z,True
kix:9670692864357,kix,,Puma,puma suede black navy marzipan,,,106.0,80.0,24.53,True,in_stock,USD,"[""36"", ""37"", ""37.5"", ""38"", ""38.5"", ""39"", ""40"", ""40.5"", ""41"", ""42"", ""42.5"", ""43"", ""44"", ""44.5"", ""45""]",https://kixlb.com/products/puma-slipstream-low-the-never-worn-copy,2026-04-10T15:12:21Z,True
kix:9670692372837,kix,,Puma,puma slipstream low the never worn,,,106.0,80.0,24.53,True,in_stock,USD,"[""36"", ""37"", ""37.5"", ""38"", ""38.5"", ""39"", ""40"", ""40.5"", ""41"", ""42"", ""42.5"", ""43"", ""44"", ""44.5"", ""45""]",https://kixlb.com/products/puma-suede-xl-crush-beige-copy,2026-04-10T15:12:21Z,True
kix:9670692340069,kix,,Puma,puma suede XL crush beige,,,106.0,80.0,24.53,True,in_stock,USD,"[""36"", ""37"", ""37.5"", ""38"", ""38.5"", ""39"", ""40"", ""40.5"", ""41"", ""42"", ""42.5"", ""43"", ""44"", ""44.5"", ""45""]",https://kixlb.com/products/puma-suede-club-red-copy,2026-04-10T15:12:21Z,True
kix:9670692307301,kix,,Puma,puma suede club red,,,106.0,80.0,24.53,True,in_stock,USD,"[""36"", ""37"", ""37.5"", ""38"", ""38.5"", ""39"", ""40"", ""40.5"", ""41"", ""42"", ""42.5"", ""43"", ""44"", ""44.5"", ""45""]",https://kixlb.com/products/puma-suede-vine-copy,2026-04-10T15:12:21Z,True
kix:9670692274533,kix,,Puma,puma suede vine,,,106.0,80.0,24.53,True,in_stock,USD,"[""35.5"", ""36"", ""37"", ""37.5"", ""38"", ""38.5"", ""39"", ""40"", ""40.5"", ""41"", ""42"", ""42.5"", ""43"", ""44"", ""44.5"", ""45""]",https://kixlb.com/products/puma-suede-frosted-ivory-copy-1,2026-04-10T15:12:21Z,True
kix:9670692110693,kix,,Puma,puma suede XL black,,,106.0,80.0,24.53,True,in_stock,USD,"[""40"", ""40.5"", ""41"", ""42"", ""42.5"", ""43"", ""44"", ""44.5"", ""45""]",https://kixlb.com/products/puma-suede-frosted-ivory-copy,2026-04-10T15:12:21Z,True
kix:9670692077925,kix,,Puma,puma suede frosted ivory,,,106.0,80.0,24.53,True,in_stock,USD,"[""35.5"", ""36"", ""37"", ""37.5"", ""38"", ""38.5"", ""39"", ""40"", ""40.5"", ""41"", ""42"", ""42.5"", ""43"", ""44"", ""44.5"", ""45""]",https://kixlb.com/products/puma-palermo-white-vapor-copy,2026-04-10T15:12:21Z,True
kix:9670692045157,kix,,Puma,puma palermo white vapor,,,106.0,80.0,24.53,True,in_stock,USD,"[""35"", ""35.5"", ""36"", ""37"", ""37.5"", ""38"", ""38.5"", ""39"", ""40"", ""40.5"", ""41"", ""42"", ""42.5"", ""43"", ""44"", ""44.5"", ""45""]",https://kixlb.com/products/puma-suede-xl-camel-copy,2026-04-10T15:12:21Z,True
kix:9670686933349,kix,,Puma,puma suede XL camel,,,106.0,80.0,24.53,True,in_stock,USD,"[""35"", ""35.5"", ""36"", ""37"", ""37.5"", ""38"", ""38.5"", ""39"", ""40"", ""40.5"", ""41"", ""42"", ""42.5"", ""43"", ""44"", ""44.5"", ""45""]",https://kixlb.com/products/puma-suede-xl-crush-copy,2026-04-10T15:12:21Z,True
kix:9670686900581,kix,,Puma,puma suede mint green,,,106.0,80.0,24.53,True,in_stock,USD,"[""35"", ""35.5"", ""36"", ""37"", ""37.5"", ""38"", ""38.5"", ""39"", ""40"", ""40.5"", ""41""]",https://kixlb.com/products/puma-suede-off-white-rope-copy,2026-04-10T15:12:21Z,True
kix:9670686867813,kix,,Puma,puma suede XL crush,,,106.0,80.0,24.53,True,in_stock,USD,"[""35"", ""35.5"", ""36"", ""37"", ""37.5"", ""38"", ""38.5"", ""39"", ""40"", ""40.5"", ""41"", ""42"", ""42.5"", ""43"", ""44"", ""44.5"", ""45""]",https://kixlb.com/products/puma-suede-skate-black-copy,2026-04-10T15:12:21Z,True
kix:9670686277989,kix,,Puma,puma suede Skate black,,,106.0,80.0,24.53,True,in_stock,USD,"[""35"", ""35.5"", ""36"", ""37"", ""37.5"", ""38"", ""38.5"", ""39"", ""40"", ""40.5"", ""41"", ""42"", ""42.5"", ""43"", ""44"", ""44.5"", ""45""]",https://kixlb.com/products/puma-suede-skate-copy,2026-04-10T15:12:21Z,True
kix:9670685983077,kix,,Puma,puma suede Skate,,,106.0,80.0,24.53,True,in_stock,USD,"[""35"", ""35.5"", ""36"", ""37"", ""37.5"", ""38"", ""38.5"", ""39"", ""40"", ""40.5"", ""41"", ""42"", ""42.5"", ""43"", ""44"", ""44.5"", ""45""]",https://kixlb.com/products/puma-suede-scooby-doo-copy,2026-04-10T15:12:21Z,True
kix:9670685426021,kix,,Puma,puma suede Scooby doo,,,106.0,80.0,24.53,True,in_stock,USD,"[""35"", ""35.5"", ""36"", ""37"", ""37.5"", ""38"", ""38.5"", ""39"", ""40"", ""40.5"", ""41"", ""42"", ""42.5"", ""43"", ""44"", ""44.5"", ""45""]",https://kixlb.com/products/puma-suede-black-ferrari-copy,2026-04-10T15:12:21Z,True
kix:9670685163877,kix,,Puma,puma suede black Ferrari,,,106.0,80.0,24.53,True,in_stock,USD,"[""35"", ""35.5"", ""36"", ""37"", ""37.5"", ""38"", ""38.5"", ""39"", ""40"", ""40.5"", ""41"", ""42"", ""42.5"", ""43"", ""44"", ""44.5"", ""45""]",https://kixlb.com/products/puma-suede-white-and-navy-copy,2026-04-10T15:12:21Z,True
kix:9670684967269,kix,,Puma,puma suede white and navy,,,106.0,80.0,24.53,True,in_stock,USD,"[""35"", ""35.5"", ""36"", ""37"", ""37.5"", ""38"", ""38.5"", ""39"", ""40"", ""40.5"", ""41"", ""42"", ""42.5"", ""43"", ""44"", ""44.5"", ""45""]",https://kixlb.com/products/puma-palermo-vintage-black-copy,2026-04-10T15:12:21Z,True
kix:9670684541285,kix,,Puma,puma Palermo vintage black,,,106.0,80.0,24.53,True,in_stock,USD,"[""35"", ""35.5"", ""36"", ""37"", ""37.5"", ""38"", ""38.5"", ""39"", ""40"", ""40.5"", ""41"", ""42"", ""42.5"", ""43"", ""44"", ""44.5"", ""45""]",https://kixlb.com/products/puma-suede-black-gum-copy,2026-04-10T15:12:21Z,True
kix:9670683787621,kix,,Puma,puma suede off white rope,,,106.0,80.0,24.53,True,in_stock,USD,"[""35"", ""35.5"", ""36"", ""37"", ""37.5"", ""38"", ""38.5"", ""39"", ""40"", ""40.5"", ""41""]",https://kixlb.com/products/puma-suede-pink-rope-copy-1,2026-04-10T15:12:21Z,True
kix:9670683689317,kix,,Puma,puma suede black gum,,,106.0,80.0,24.53,True,in_stock,USD,"[""35"", ""35.5"", ""36"", ""37"", ""37.5"", ""38"", ""38.5"", ""39"", ""40"", ""40.5"", ""41"", ""42"", ""42.5"", ""43"", ""44"", ""44.5"", ""45""]",https://kixlb.com/products/puma-suede-cool-light-grey-copy,2026-04-10T15:12:21Z,True
kix:9670683623781,kix,,Puma,puma suede cool light grey,,,106.0,80.0,24.53,True,in_stock,USD,"[""35"", ""35.5"", ""36"", ""37"", ""37.5"", ""38"", ""38.5"", ""39"", ""40"", ""40.5"", ""41"", ""42"", ""42.5"", ""43"", ""44"", ""44.5"", ""45""]",https://kixlb.com/products/puma-suede-navy-blue-copy,2026-04-10T15:12:21Z,True
kix:9670682509669,kix,,Puma,puma suede navy blue,,,106.0,80.0,24.53,True,in_stock,USD,"[""35"", ""35.5"", ""36"", ""37"", ""37.5"", ""38"", ""38.5"", ""39"", ""40"", ""40.5"", ""41"", ""42"", ""42.5"", ""43"", ""44"", ""44.5"", ""45""]",https://kixlb.com/products/puma-suede-red-and-white-copy,2026-04-10T15:12:21Z,True
kix:9670682444133,kix,,Puma,puma suede red and white,,,106.0,80.0,24.53,True,in_stock,USD,"[""35"", ""35.5"", ""36"", ""37"", ""37.5"", ""38"", ""38.5"", ""39"", ""40"", ""40.5"", ""41"", ""42"", ""42.5"", ""43"", ""44"", ""44.5"", ""45""]",https://kixlb.com/products/puma-suede-red-ferrari-copy,2026-04-10T15:12:21Z,True
kix:9670682411365,kix,,Puma,puma suede red Ferrari,,,106.0,80.0,24.53,True,in_stock,USD,"[""35"", ""35.5"", ""36"", ""37"", ""37.5"", ""38"", ""38.5"", ""39"", ""40"", ""40.5"", ""41"", ""42"", ""42.5"", ""43"", ""44"", ""44.5"", ""45""]",https://kixlb.com/products/puma-suede-black-and-pink-copy,2026-04-10T15:12:21Z,True
kix:9670682345829,kix,,Puma,puma suede black and pink,,,106.0,80.0,24.53,True,in_stock,USD,"[""35"", ""35.5"", ""36"", ""37"", ""37.5"", ""38"", ""38.5"", ""39"", ""40"", ""40.5"", ""41"", ""42"", ""42.5"", ""43"", ""44"", ""44.5"", ""45""]",https://kixlb.com/products/puma-suede-dark-olive-green-copy,2026-04-10T15:12:21Z,True
kix:9670682280293,kix,,Puma,puma suede pink and white,,,106.0,80.0,24.53,True,in_stock,USD,"[""35"", ""35.5"", ""36"", ""37"", ""37.5"", ""38"", ""38.5"", ""39"", ""40"", ""40.5"", ""41""]",https://kixlb.com/products/puma-suede-pink-rope-copy,2026-04-10T15:12:21Z,True
kix:9670682247525,kix,,Puma,puma suede dark olive green,,,106.0,80.0,24.53,True,in_stock,USD,"[""35"", ""35.5"", ""36"", ""37"", ""37.5"", ""38"", ""38.5"", ""39"", ""40"", ""40.5"", ""41"", ""42"", ""42.5"", ""43"", ""44"", ""44.5"", ""45""]",https://kixlb.com/products/puma-suede-white-copy,2026-04-10T15:12:21Z,True
kix:9670681624933,kix,,Puma,puma suede white,,,106.0,80.0,24.53,True,in_stock,USD,"[""35"", ""35.5"", ""36"", ""37"", ""37.5"", ""38"", ""38.5"", ""39"", ""40"", ""40.5"", ""41"", ""42"", ""42.5"", ""43"", ""44"", ""44.5"", ""45""]",https://kixlb.com/products/puma-suede-light-blue-copy-1,2026-04-10T15:12:21Z,True
kix:9670681526629,kix,,Puma,puma suede pink rope,,,106.0,80.0,24.53,True,in_stock,USD,"[""35"", ""35.5"", ""36"", ""37"", ""37.5"", ""38"", ""38.5"", ""39"", ""40"", ""40.5"", ""41""]",https://kixlb.com/products/puma-suede-light-blue-copy,2026-04-10T15:12:21Z,True
kix:9670681395557,kix,,Puma,puma suede light blue,,,106.0,80.0,24.53,True,in_stock,USD,"[""35"", ""35.5"", ""36"", ""37"", ""37.5"", ""38"", ""38.5"", ""39"", ""40"", ""40.5"", ""41"", ""42"", ""42.5"", ""43"", ""44"", ""44.5"", ""45""]",https://kixlb.com/products/puma-suede-teal-copy,2026-04-10T15:12:21Z,True
kix:9670681330021,kix,,Puma,puma suede teal,,,106.0,80.0,24.53,True,in_stock,USD,"[""35"", ""35.5"", ""36"", ""37"", ""37.5"", ""38"", ""38.5"", ""39"", ""40"", ""40.5"", ""41"", ""42"", ""42.5"", ""43"", ""44"", ""44.5"", ""45""]",https://kixlb.com/products/puma-suede-black-and-white-copy,2026-04-10T15:12:21Z,True
kix:9670681231717,kix,,Puma,puma suede black and white,,,106.0,80.0,24.53,True,in_stock,USD,"[""35"", ""35.5"", ""36"", ""37"", ""37.5"", ""38"", ""38.5"", ""39"", ""40"", ""40.5"", ""41"", ""42"", ""42.5"", ""43"", ""44"", ""44.5"", ""45""]",https://kixlb.com/products/puma-fenty-creeper-phatty-pine-copy,2026-04-10T15:12:21Z,True
kix:9670680379749,kix,,Puma,puma fenty creeper phatty pine,,,106.0,80.0,24.53,True,in_stock,USD,"[""35"", ""35.5"", ""36"", ""37"", ""37.5"", ""38"", ""38.5"", ""39"", ""40"", ""40.5"", ""41"", ""42"", ""42.5"", ""43"", ""44"", ""44.5"", ""45""]",https://kixlb.com/products/puma-fenty-creeper-patty-lavender-alert-copy,2026-04-10T15:12:21Z,True
kix:9670680084837,kix,,Puma,puma fenty creeper patty lavender alert,,,106.0,80.0,24.53,True,in_stock,USD,"[""35"", ""35.5"", ""36"", ""37"", ""37.5"", ""38"", ""38.5"", ""39"", ""40"", ""40.5"", ""41"", ""42"", ""42.5"", ""43"", ""44"", ""44.5"", ""45""]",https://kixlb.com/products/puma-fenty-creeper-patty-black-copy,2026-04-10T15:12:21Z,True
kix:9670679658853,kix,,Puma,puma fenty creeper patty black,,,106.0,80.0,24.53,True,in_stock,USD,"[""35"", ""35.5"", ""36"", ""37"", ""37.5"", ""38"", ""38.5"", ""39"", ""40"", ""40.5"", ""41"", ""42"", ""42.5"", ""43"", ""44"", ""44.5"", ""45""]",https://kixlb.com/products/puma-fenty-creeper-patty-copy,2026-04-10T15:12:21Z,True
kix:9670679527781,kix,,Puma,puma fenty creeper patty,,,106.0,80.0,24.53,True,in_stock,USD,"[""35"", ""35.5"", ""36"", ""37"", ""37.5"", ""38"", ""38.5"", ""39"", ""40"", ""40.5"", ""41"", ""42"", ""42.5"", ""43"", ""44"", ""44.5"", ""45""]",https://kixlb.com/products/nike-p-6000-white-metallic-silver-black-copy,2026-04-10T15:12:21Z,True
kix:9669999427941,kix,,The North Face,the north face undercover grey,,,200.0,130.0,35.0,True,in_stock,USD,"[""37"", ""38"", ""39"", ""40"", ""41"", ""42"", ""43"", ""44"", ""45""]",https://kixlb.com/products/copy-the-north-face-undercover-navy-blue,2026-04-10T15:12:21Z,True
kix:9669993595237,kix,,The North Face,the north face undercover navy blue,,,200.0,130.0,35.0,True,in_stock,USD,"[""37"", ""38"", ""39"", ""40"", ""41"", ""42"", ""43"", ""44"", ""45""]",https://kixlb.com/products/copy-the-north-face-undercover-olive-green,2026-04-10T15:12:21Z,True
kix:9669987959141,kix,,The North Face,the north face undercover olive green,,,200.0,130.0,35.0,True,in_stock,USD,"[""37"", ""38"", ""39"", ""40"", ""41"", ""42"", ""43"", ""44"", ""45""]",https://kixlb.com/products/copy-the-north-face-undercover-black-1,2026-04-10T15:12:21Z,True
kix:9669984223589,kix,,The North Face,the north face undercover black and white,,,200.0,130.0,35.0,True,in_stock,USD,"[""37"", ""38"", ""39"", ""40"", ""41"", ""42"", ""43"", ""44"", ""45""]",https://kixlb.com/products/copy-the-north-face-undercover-black,2026-04-10T15:12:21Z,True
kix:9669983568229,kix,,The North Face,the north face undercover black,,,200.0,130.0,35.0,True,in_stock,USD,"[""37"", ""38"", ""39"", ""40"", ""41"", ""42"", ""43"", ""44"", ""45""]",https://kixlb.com/products/the-north-face-undercover-white-copy,2026-04-10T15:12:21Z,True
kix:9669983502693,kix,,The North Face,the north face undercover white,,,200.0,130.0,35.0,True,in_stock,USD,"[""37"", ""38"", ""39"", ""40"", ""41"", ""42"", ""43"", ""44"", ""45""]",https://kixlb.com/products/the-north-face-thermoball-traction-mule-orange-copy,2026-04-10T15:12:21Z,True
kix:9669983437157,kix,,The North Face,the north face thermoball traction mule orange,,,200.0,130.0,35.0,True,in_stock,USD,"[""39"", ""40"", ""40.5"", ""41"", ""42"", ""42.5"", ""43"", ""44"", ""45""]",https://kixlb.com/products/the-north-face-glenclyffe-boots-copy,2026-04-10T15:12:21Z,True
kix:9669983306085,kix,,The North Face,the north face GLENCLYFFE boots,,,200.0,130.0,35.0,True,in_stock,USD,"[""37"", ""38"", ""39"", ""40"", ""41"", ""42"", ""43"", ""44"", ""45""]",https://kixlb.com/products/the-north-face-glenclyffe-low-navy-blue-copy,2026-04-10T15:12:21Z,True
kix:9669982978405,kix,,The North Face,the north face GLENCLYFFE LOW navy blue,,,200.0,130.0,35.0,True,in_stock,USD,"[""40"", ""41"", ""42"", ""43"", ""44"", ""45""]",https://kixlb.com/products/the-north-face-glenclyffe-low-navy-copy,2026-04-10T15:12:21Z,True
kix:9669982814565,kix,,The North Face,the north face GLENCLYFFE LOW navy,,,200.0,130.0,35.0,True,in_stock,USD,"[""40"", ""41"", ""42"", ""43"", ""44"", ""45""]",https://kixlb.com/products/the-north-face-glenclyffe-low-copy-1,2026-04-10T15:12:21Z,True
kix:9669982716261,kix,,The North Face,the north face THERMOBALL white,,,200.0,130.0,35.0,True,in_stock,USD,"[""36"", ""37"", ""38"", ""39"", ""40"", ""41"", ""42"", ""43"", ""44"", ""45""]",https://kixlb.com/products/the-north-face-thermoball-white,2026-04-10T15:12:21Z,True
kix:9669982552421,kix,,The North Face,the north face THERMOBALL blue,,,200.0,130.0,35.0,True,in_stock,USD,"[""36"", ""37"", ""38"", ""39"", ""40"", ""41"", ""42"", ""43"", ""44"", ""45""]",https://kixlb.com/products/the-north-face-thermoball-blue,2026-04-10T15:12:21Z,True
kix:9669981995365,kix,,The North Face,the north face THERMOBALL black,,,200.0,130.0,35.0,True,in_stock,USD,"[""36"", ""37"", ""38"", ""39"", ""40"", ""41"", ""42"", ""43"", ""44"", ""45""]",https://kixlb.com/products/the-north-face-thermoball-orange-copy,2026-04-10T15:12:21Z,True
kix:9669981798757,kix,,The North Face,the north face THERMOBALL orange,,,200.0,130.0,35.0,True,in_stock,USD,"[""36"", ""37"", ""38"", ""39"", ""40"", ""41"", ""42"", ""43"", ""44"", ""45""]",https://kixlb.com/products/the-north-face-thermoball-orange,2026-04-10T15:12:21Z,True
kix:9669981045093,kix,,The North Face,the north face THERMOBALL,,,200.0,130.0,35.0,True,in_stock,USD,"[""36"", ""37"", ""38"", ""39"", ""40"", ""41"", ""42"", ""43"", ""44"", ""45""]",https://kixlb.com/products/the-north-face-glenclyffe-low-copy,2026-04-10T15:12:21Z,True
kix:9669980619109,kix,,The North Face,the north face GLENCLYFFE LOW,,,200.0,130.0,35.0,True,in_stock,USD,"[""40"", ""41"", ""42"", ""43"", ""44"", ""45""]",https://kixlb.com/products/the-north-face-soukuu-tnf-olive-green-copy,2026-04-10T15:12:21Z,True
kix:9669980520805,kix,,The North Face,the north face SOUKUU tnf olive green,,,200.0,130.0,35.0,True,in_stock,USD,"[""40"", ""41"", ""42"", ""43"", ""44"", ""45""]",https://kixlb.com/products/the-north-face-soukuu-tnf-olive-green,2026-04-10T15:12:21Z,True
kix:9669980455269,kix,,The North Face,the north face SOUKUU tnf grey,,,200.0,130.0,35.0,True,in_stock,USD,"[""40"", ""41"", ""42"", ""43"", ""44"", ""45""]",https://kixlb.com/products/the-north-face-soukuu-tnf-black-copy,2026-04-10T15:12:21Z,True
kix:9669980422501,kix,,The North Face,the north face SOUKUU tnf black,,,200.0,130.0,35.0,True,in_stock,USD,"[""40"", ""41"", ""42"", ""43"", ""44"", ""45""]",https://kixlb.com/products/the-north-face-soukuu-black-copy,2026-04-10T15:12:21Z,True
kix:9669980324197,kix,,The North Face,the north face SOUKUU black,,,200.0,130.0,35.0,True,in_stock,USD,"[""40"", ""41"", ""42"", ""43"", ""44"", ""45""]",https://kixlb.com/products/the-north-face-soukuu-red-and-grey-copy,2026-04-10T15:12:21Z,True
kix:9669980258661,kix,,The North Face,the north face SOUKUU red and grey,,,200.0,130.0,35.0,True,in_stock,USD,"[""40"", ""41"", ""42"", ""43"", ""44"", ""45""]",https://kixlb.com/products/the-north-face-soukuu-blue-copy,2026-04-10T15:12:21Z,True
kix:9669980160357,kix,,The North Face,the north face SOUKUU blue,,,200.0,130.0,35.0,True,in_stock,USD,"[""40"", ""41"", ""42"", ""43"", ""44"", ""45""]",https://kixlb.com/products/the-north-face-offtrail-ve-off-white-copy,2026-04-10T15:12:21Z,True
kix:9669980094821,kix,,The North Face,the north face OFFTRAIL VE off white,,,200.0,130.0,35.0,True,in_stock,USD,"[""36"", ""37"", ""38"", ""39"", ""40"", ""41"", ""42"", ""43"", ""44"", ""45""]",https://kixlb.com/products/the-north-face-offtrail-ve-navy-and-grey-copy,2026-04-10T15:12:21Z,True
kix:9669979996517,kix,,The North Face,the north face OFFTRAIL VE navy and grey,,,200.0,130.0,35.0,True,in_stock,USD,"[""36"", ""37"", ""38"", ""39"", ""40"", ""41"", ""42"", ""43"", ""44"", ""45""]",https://kixlb.com/products/the-north-face-offtrail-ve-black-copy,2026-04-10T15:12:21Z,True
kix:9669979930981,kix,,The North Face,the north face OFFTRAIL VE black,,,200.0,130.0,35.0,True,in_stock,USD,"[""36"", ""37"", ""38"", ""39"", ""40"", ""41"", ""42"", ""43"", ""44"", ""45""]",https://kixlb.com/products/the-north-face-glenclyffe-copy,2026-04-10T15:12:21Z,True
kix:9669978653029,kix,,The North Face,the north face GLENCLYFFE,,,200.0,130.0,35.0,True,in_stock,USD,"[""36"", ""37"", ""38"", ""39"", ""40"", ""41"", ""42"", ""43"", ""44"", ""45""]",https://kixlb.com/products/the-north-face-white-boots-copy,2026-04-10T15:12:21Z,True
kix:9669942018405,kix,,UGG,UGG tazzelle chestnut,,,95.0,75.0,21.05,True,in_stock,USD,"[""35"", ""36"", ""37"", ""38"", ""39"", ""40""]",https://kixlb.com/products/coquette-chestnut-copy,2026-04-10T15:12:21Z,True
kix:9669812486501,kix,,UGG,UGG coquette chestnut,,,95.0,75.0,21.05,True,in_stock,USD,"[""35"", ""36"", ""37"", ""38"", ""39"", ""40""]",https://kixlb.com/products/coquette-chestnut,2026-04-10T15:12:21Z,True
kix:9669812224357,kix,,UGG,UGG classic mini dipper black,,,95.0,75.0,21.05,True,in_stock,USD,"[""35"", ""36"", ""37"", ""38"", ""39"", ""40""]",https://kixlb.com/products/classic-mini-dipper-black,2026-04-10T15:12:21Z,True
kix:9669812126053,kix,,UGG,UGG classic mini dipper chestnut,,,95.0,75.0,21.05,True,in_stock,USD,"[""35"", ""36"", ""37"", ""38"", ""39"", ""40""]",https://kixlb.com/products/tazz-platform-black-copy,2026-04-10T15:12:21Z,True
kix:9669811962213,kix,,UGG,UGG Tazz platform black,,,95.0,75.0,21.05,True,in_stock,USD,"[""35"", ""36"", ""37"", ""38"", ""39"", ""40""]",https://kixlb.com/products/tazz-platform-sand-copy,2026-04-10T15:12:21Z,True
kix:9669811896677,kix,,UGG,UGG Tazz platform sand,,,95.0,75.0,21.05,True,in_stock,USD,"[""35"", ""36"", ""37"", ""38"", ""39"", ""40""]",https://kixlb.com/products/classic-ultra-mini-platform-black-copy,2026-04-10T15:12:21Z,True
kix:9669811863909,kix,,UGG,UGG classic ultra mini platform black,,,95.0,75.0,21.05,True,in_stock,USD,"[""35"", ""36"", ""37"", ""38"", ""39"", ""40""]",https://kixlb.com/products/classic-ultra-mini-platform-charcoal-copy,2026-04-10T15:12:21Z,True
kix:9669811831141,kix,,,classic ultra mini platform charcoal,,,95.0,75.0,21.05,True,in_stock,USD,"[""35"", ""36"", ""37"", ""38"", ""39"", ""40""]",https://kixlb.com/products/classic-ultra-mini-platform-copy,2026-04-10T15:12:21Z,True
kix:9669811601765,kix,,UGG,UGG classic ultra mini platform,,,95.0,75.0,21.05,True,in_stock,USD,"[""35"", ""36"", ""37"", ""38"", ""39"", ""40""]",https://kixlb.com/products/tazz-platform-sole-embroidered-slippers-copy,2026-04-10T15:12:21Z,True
kix:9669811306853,kix,,UGG,UGG Tazz platform sole embroidered slippers,,,95.0,75.0,21.05,True,in_stock,USD,"[""35"", ""36"", ""37"", ""38"", ""39"", ""40""]",https://kixlb.com/products/ugg-tazz-chestnut-chestnut-copy,2026-04-10T15:12:21Z,True
kix:9669806915941,kix,,Timberland,timberland high brown and black,,,110.0,,,False,in_stock,USD,"[""38"", ""39"", ""40"", ""41"", ""42"", ""43"", ""44""]",https://kixlb.com/products/timberland-high-camel-and-black-copy,2026-04-10T15:12:21Z,True
kix:9669804425573,kix,,Timberland,timberland high camel and black,,,110.0,,,False,in_stock,USD,"[""38"", ""39"", ""40"", ""41"", ""42"", ""43"", ""44""]",https://kixlb.com/products/timberland-high-camel-copy-2,2026-04-10T15:12:21Z,True
kix:9669801607525,kix,,Timberland,timberland high camel,,,110.0,,,False,in_stock,USD,"[""35"", ""36"", ""37"", ""38"", ""39"", ""40""]",https://kixlb.com/products/timberland-high-full-black-copy,2026-04-10T15:12:21Z,True
kix:9669798199653,kix,,Timberland,timberland high full black,,,110.0,,,False,in_stock,USD,"[""36"", ""37"", ""38"", ""39"", ""40"", ""41"", ""42"", ""43"", ""44"", ""45"", ""46""]",https://kixlb.com/products/timberland-high-camel-copy-1,2026-04-10T15:12:21Z,True
kix:9669795250533,kix,,Timberland,timberland high camel,,,110.0,,,False,in_stock,USD,"[""39"", ""40"", ""41"", ""42"", ""43"", ""44""]",https://kixlb.com/products/timberland-high-black-platform-copy,2026-04-10T15:12:21Z,True
kix:9669783585125,kix,,Timberland,timberland high black platform,,,110.0,,,False,in_stock,USD,"[""39"", ""40"", ""41"", ""42"", ""43"", ""44"", ""38""]",https://kixlb.com/products/timberland-high-brown-copy,2026-04-10T15:12:21Z,True
kix:9669779947877,kix,,Timberland,timberland high brown,,,110.0,,,False,in_stock,USD,"[""39"", ""40"", ""41"", ""42"", ""43"", ""44""]",https://kixlb.com/products/timberland-high-camel-copy,2026-04-10T15:12:21Z,True
kix:9669778243941,kix,,Timberland,timberland high camel,,,110.0,,,False,in_stock,USD,"[""39"", ""40"", ""41"", ""42"", ""43"", ""44""]",https://kixlb.com/products/timberland-high-mustard-with-burnt-top-copy,2026-04-10T15:12:21Z,True
kix:9669775065445,kix,,Timberland,timberland high mustard with burnt top,,,110.0,,,False,in_stock,USD,"[""39"", ""40"", ""41"", ""42"", ""43"", ""44"", ""45""]",https://kixlb.com/products/timberland-high-black-copy-1,2026-04-10T15:12:21Z,True
kix:9669772869989,kix,,Timberland,timberland high black,,,110.0,,,False,in_stock,USD,"[""38"", ""39"", ""40"", ""41"", ""42"", ""43"", ""44""]",https://kixlb.com/products/timberland-high-brown-edges-copy,2026-04-10T15:12:21Z,True
kix:9669770543461,kix,,Timberland,timberland high brown edges,,,110.0,,,False,in_stock,USD,"[""38"", ""39"", ""40"", ""41"", ""42"", ""43"", ""44""]",https://kixlb.com/products/timberland-high-burnt-brown-copy,2026-04-10T15:12:21Z,True
kix:9669768184165,kix,,Timberland,timberland high burnt brown,,,110.0,,,False,in_stock,USD,"[""38"", ""39"", ""40"", ""41"", ""42"", ""43"", ""44""]",https://kixlb.com/products/timberland-mid-havane-copy,2026-04-10T15:12:21Z,True
kix:9669766152549,kix,,Timberland,timberland mid havane,,,110.0,,,False,in_stock,USD,"[""38"", ""39"", ""40"", ""41"", ""42"", ""43"", ""44""]",https://kixlb.com/products/timberland-mid-chunky-copy,2026-04-10T15:12:21Z,True
kix:9669763826021,kix,,Timberland,timberland mid chunky,,,110.0,,,False,in_stock,USD,"[""38"", ""39"", ""40"", ""41"", ""42"", ""43"", ""44""]",https://kixlb.com/products/timberland-brown-mid-platform-copy,2026-04-10T15:12:21Z,True
kix:9669759861093,kix,,Timberland,timberland brown mid platform,,,110.0,,,False,in_stock,USD,"[""39"", ""40"", ""41"", ""42"", ""43"", ""44""]",https://kixlb.com/products/timberland-black-low-copy,2026-04-10T15:12:21Z,True
kix:9669757108581,kix,,Timberland,timberland black low,,,95.0,,,False,in_stock,USD,"[""39"", ""40"", ""40.5"", ""41"", ""42"", ""42.5"", ""43"", ""44"", ""45"", ""46""]",https://kixlb.com/products/timberland-brick-low-copy,2026-04-10T15:12:21Z,True
kix:9669755601253,kix,,Timberland,timberland brick low,,,95.0,,,False,in_stock,USD,"[""39"", ""40"", ""40.5"", ""41"", ""42"", ""42.5"", ""43"", ""44"", ""45"", ""46""]",https://kixlb.com/products/timberland-brick-low,2026-04-10T15:12:21Z,True
kix:9669753274725,kix,,Timberland,timberland brown low,,,95.0,,,False,in_stock,USD,"[""39"", ""40"", ""40.5"", ""41"", ""42"", ""42.5"", ""43"", ""44"", ""45"", ""46""]",https://kixlb.com/products/timberland-grey-and-black-copy,2026-04-10T15:12:21Z,True
kix:9669750227301,kix,,Timberland,timberland grey and black,,,95.0,,,False,in_stock,USD,"[""40"", ""40.5"", ""41"", ""42"", ""42.5"", ""43"", ""44"", ""45"", ""46""]",https://kixlb.com/products/timberland-high-dark-brown-copy,2026-04-10T15:12:21Z,True
kix:9669746721125,kix,,Timberland,timberland high dark brown,,,110.0,,,False,in_stock,USD,"[""38"", ""39"", ""40"", ""41"", ""42"", ""43"", ""44""]",https://kixlb.com/products/timberland-high-sunset-copy,2026-04-10T15:12:21Z,True
kix:9669744853349,kix,,Timberland,timberland high sunset,,,110.0,,,False,in_stock,USD,"[""38"", ""39"", ""40"", ""41"", ""42"", ""43"", ""44""]",https://kixlb.com/products/timberland-high-havane-copy,2026-04-10T15:12:21Z,True
kix:9669743509861,kix,,Timberland,timberland high Havane,,,110.0,,,False,in_stock,USD,"[""38"", ""39"", ""40"", ""41"", ""42"", ""43"", ""44""]",https://kixlb.com/products/timberland-high-havane-and-black-copy,2026-04-10T15:12:21Z,True
kix:9669741642085,kix,,Timberland,timberland high Havane and black,,,110.0,,,False,in_stock,USD,"[""38"", ""39"", ""40"", ""41"", ""42"", ""43"", ""44""]",https://kixlb.com/products/timberland-high-brown-and-black-copy-1,2026-04-10T15:12:21Z,True
kix:9669739315557,kix,,Timberland,timberland high brown and black,,,110.0,,,False,in_stock,USD,"[""38"", ""39"", ""40"", ""41"", ""42"", ""43"", ""44""]",https://kixlb.com/products/timberland-high-brown-and-black-copy,2026-04-10T15:12:21Z,True
kix:9669737546085,kix,,Timberland,timberland high brown and black,,,110.0,,,False,in_stock,USD,"[""38"", ""39"", ""40"", ""41"", ""42"", ""43"", ""44""]",https://kixlb.com/products/timberland-mid-light-beige-copy,2026-04-10T15:12:21Z,True
kix:9669736104293,kix,,Timberland,timberland mid light beige,,,110.0,,,False,in_stock,USD,"[""38"", ""39"", ""40"", ""41"", ""42"", ""43"", ""44""]",https://kixlb.com/products/timberland-griege-high-copy,2026-04-10T15:12:21Z,True
kix:9669733679461,kix,,Timberland,timberland griege high,,,110.0,,,False,in_stock,USD,"[""38"", ""39"", ""40"", ""41"", ""42"", ""43"", ""44""]",https://kixlb.com/products/timberland-brown-suede-high-copy,2026-04-10T15:12:21Z,True
kix:9669730468197,kix,,Timberland,timberland brown suede high,,,110.0,,,False,in_stock,USD,"[""38"", ""39"", ""40"", ""41"", ""42"", ""43"", ""44""]",https://kixlb.com/products/timberland-havane-high-copy,2026-04-10T15:12:21Z,True
kix:9669728829797,kix,,Timberland,timberland havane high,,,110.0,,,False,in_stock,USD,"[""38"", ""39"", ""40"", ""41"", ""42"", ""43"", ""44""]",https://kixlb.com/products/cat-camel-copy,2026-04-10T15:12:21Z,True
kix:9669720146277,kix,,CAT,CAT camel,,,200.0,130.0,35.0,True,in_stock,USD,"[""38"", ""39"", ""40"", ""41"", ""42"", ""43"", ""44""]",https://kixlb.com/products/balenciaga-camel-boots-copy,2026-04-10T15:12:21Z,True
kix:9669706219877,kix,,Balenciaga,BALENCIAGA camel boots,,,200.0,130.0,35.0,True,in_stock,USD,"[""36"", ""37"", ""38"", ""39"", ""40"", ""41"", ""42"", ""43"", ""44"", ""45""]",https://kixlb.com/products/cat-khaki-copy,2026-04-10T15:12:21Z,True
kix:9669624136037,kix,,CAT,CAT LIGH BEIGE,,,200.0,130.0,35.0,True,in_stock,USD,"[""39"", ""40"", ""41"", ""42"", ""43"", ""44""]",https://kixlb.com/products/trimberland-x-cat-dark-brown-copy,2026-04-10T15:12:21Z,True
kix:9669620793701,kix,,Timberland,Trimberland x cat dark brown,,,200.0,130.0,35.0,True,in_stock,USD,"[""39"", ""40"", ""41"", ""42"", ""43"", ""44""]",https://kixlb.com/products/trimberland-high-light-camel-copy,2026-04-10T15:12:21Z,True
kix:9669620728165,kix,,Timberland,Trimberland high light camel,,,200.0,130.0,35.0,True,in_stock,USD,"[""39"", ""40"", ""41"", ""42"", ""43"", ""44"", ""45""]",https://kixlb.com/products/trimberland-x-cat-high-light-camel-copy-1,2026-04-10T15:12:21Z,True
kix:9669613912421,kix,,Timberland,Trimberland dark brown,,,200.0,130.0,35.0,True,in_stock,USD,"[""35"", ""36"", ""37"", ""38"", ""39"", ""40"", ""41"", ""42"", ""43"", ""44"", ""45""]",https://kixlb.com/products/trimberland-x-cat-high-light-camel-copy,2026-04-10T15:12:21Z,True
kix:9669613846885,kix,,Timberland,Trimberland x cat high light camel,,,200.0,130.0,35.0,True,in_stock,USD,"[""38"", ""39"", ""40"", ""41"", ""42"", ""43"", ""44""]",https://kixlb.com/products/trimberland-x-cat-high-camel-copy,2026-04-10T15:12:21Z,True
kix:9669613584741,kix,,Timberland,Trimberland x cat high camel,,,200.0,130.0,35.0,True,in_stock,USD,"[""38"", ""39"", ""40"", ""41"", ""42"", ""43"", ""44""]",https://kixlb.com/products/trimberland-x-cat-low-camel-copy,2026-04-10T15:12:21Z,True
kix:9669613388133,kix,,Timberland,Trimberland x cat low camel,,,200.0,130.0,35.0,True,in_stock,USD,"[""38"", ""39"", ""40"", ""41"", ""42"", ""43"", ""44""]",https://kixlb.com/products/trimberland-low-black-and-yellow-copy,2026-04-10T15:12:21Z,True
kix:9669613355365,kix,,Timberland,Trimberland low black and yellow,,,200.0,130.0,35.0,True,in_stock,USD,"[""40"", ""41"", ""41.5"", ""42"", ""43"", ""43.5"", ""44"", ""44.5"", ""45"", ""45.5"", ""46""]",https://kixlb.com/products/trimberland-low-khaki-copy,2026-04-10T15:12:21Z,True
kix:9669613125989,kix,,Timberland,Trimberland low khaki,,,200.0,130.0,35.0,True,in_stock,USD,"[""39"", ""40"", ""41"", ""41.5"", ""42"", ""43"", ""43.5"", ""44"", ""44.5"", ""45"", ""45.5"", ""46""]",https://kixlb.com/products/trimberland-low-light-blue-copy-1,2026-04-10T15:12:21Z,True
kix:9669612929381,kix,,Timberland,Trimberland high light brown,,,200.0,130.0,35.0,True,in_stock,USD,"[""38"", ""39"", ""40"", ""41"", ""42"", ""43"", ""44""]",https://kixlb.com/products/trimberland-low-light-blue-copy,2026-04-10T15:12:21Z,True
kix:9669612798309,kix,,Timberland,Trimberland low light blue,,,200.0,130.0,35.0,True,in_stock,USD,"[""40"", ""41"", ""41.5"", ""42"", ""43"", ""43.5"", ""44"", ""44.5"", ""45"", ""45.5"", ""46""]",https://kixlb.com/products/trimberland-low-brown-and-aqua-copy,2026-04-10T15:12:21Z,True
kix:9669612667237,kix,,Timberland,Trimberland low brown and aqua,,,200.0,130.0,35.0,True,in_stock,USD,"[""40"", ""41"", ""41.5"", ""42"", ""43"", ""43.5"", ""44"", ""44.5"", ""45"", ""45.5"", ""46""]",https://kixlb.com/products/trimberland-burnt-yellow-copy,2026-04-10T15:12:21Z,True
kix:9669612536165,kix,,Timberland,Trimberland burnt yellow,,,200.0,130.0,35.0,True,in_stock,USD,"[""38"", ""39"", ""40"", ""41"", ""42"", ""43"", ""44""]",https://kixlb.com/products/trimberland-undefeated-bapex-copy,2026-04-10T15:12:21Z,True
kix:9669604147557,kix,,Timberland,Trimberland undefeated BAPEx,,,200.0,130.0,35.0,True,in_stock,USD,"[""39"", ""40"", ""41"", ""42"", ""43"", ""44"", ""45""]",https://kixlb.com/products/trimberland-undefeated-bapex,2026-04-10T15:12:21Z,True
kix:9669601263973,kix,,Timberland,Trimberland mustard yellow,,,200.0,130.0,35.0,True,in_stock,USD,"[""39"", ""40"", ""41"", ""42"", ""43"", ""44"", ""45""]",https://kixlb.com/products/hyke-x-keen-hoodzerra-nxis-wp-beige-copy,2026-04-10T15:12:21Z,True
kix:9669601165669,kix,,,hyke x keen hoodzerra Nxis wp beige,,,200.0,130.0,35.0,True,in_stock,USD,"[""35.5"", ""36"", ""37"", ""38"", ""39""]",https://kixlb.com/products/hyke-x-keen-hoodzerra-nxis-wp-beige,2026-04-10T15:12:21Z,True
kix:9669600903525,kix,,,hyke x keen hoodzerra Nxis wp white,,,200.0,130.0,35.0,True,in_stock,USD,"[""35.5"", ""36"", ""37"", ""38"", ""39""]",https://kixlb.com/products/hyke-x-keen-hoodzerra-nxis-wp-black-copy,2026-04-10T15:12:21Z,True
kix:9669600412005,kix,,,hyke x keen hoodzerra Nxis wp black,,,110.0,,,False,in_stock,USD,"[""35.5"", ""36"", ""37"", ""38"", ""39""]",https://kixlb.com/products/timberland-high-grey-and-light-blue-copy,2026-04-10T15:12:21Z,True
kix:9669600280933,kix,,Timberland,TIMBERLAND high GREY AND LIGHT BLUE,,,110.0,,,False,in_stock,USD,"[""35.5"", ""36"", ""37"", ""38"", ""39"", ""40"", ""41"", ""42"", ""43"", ""44"", ""45""]",https://kixlb.com/products/timberland-high-yellow-beeline-copy,2026-04-10T15:12:21Z,True
kix:9669600182629,kix,,Timberland,TIMBERLAND high X ALO,,,110.0,,,False,in_stock,USD,"[""39"", ""40"", ""41"", ""42"", ""43"", ""44""]",https://kixlb.com/products/timberland-high-x-alo-copy,2026-04-10T15:12:21Z,True
kix:9669600084325,kix,,Timberland,TIMBERLAND high X ALO,,,110.0,,,False,in_stock,USD,"[""39"", ""40"", ""41"", ""42"", ""43"", ""44""]",https://kixlb.com/products/timberland-high-black-copy,2026-04-10T15:12:21Z,True
kix:9669599854949,kix,,Timberland,TIMBERLAND high yellow beeline,,,110.0,,,False,in_stock,USD,"[""35"", ""36"", ""37"", ""38"", ""39"", ""40"", ""41"", ""42"", ""43"", ""44"", ""45""]",https://kixlb.com/products/timberland-high-yellow,2026-04-10T15:12:21Z,True
kix:9669599822181,kix,,Timberland,TIMBERLAND high black,,,110.0,,,False,in_stock,USD,"[""39"", ""40"", ""41"", ""42"", ""43"", ""44"", ""45""]",https://kixlb.com/products/timberland-high-black,2026-04-10T15:12:21Z,True
kix:9669599691109,kix,,CAT,FOOTWEAR/CAT LIGHT BROWN,,,200.0,130.0,35.0,True,in_stock,USD,"[""39"", ""40"", ""41"", ""42"", ""43"", ""44""]",https://kixlb.com/products/footwear-cat-havane-copy,2026-04-10T15:12:21Z,True
kix:9669599461733,kix,,CAT,FOOTWEAR/CAT HAVANE,,,200.0,130.0,35.0,True,in_stock,USD,"[""39"", ""40"", ""41"", ""42"", ""43"", ""44""]",https://kixlb.com/products/keen-hoodzerra-ii-light-beige-copy,2026-04-10T15:12:21Z,True
kix:9669598708069,kix,,,KEEN HOODZERRA II LIGHT BEIGE,,,200.0,130.0,35.0,True,in_stock,USD,"[""35.5"", ""36"", ""37"", ""37.5"", ""38"", ""38.5"", ""39"", ""39.5""]",https://kixlb.com/products/lv-cortina-low-brown-copy,2026-04-10T15:12:21Z,True
kix:9669598576997,kix,,,LV cortina low brown,,,200.0,130.0,35.0,True,in_stock,USD,"[""35"", ""36"", ""37"", ""38"", ""39"", ""40"", ""41""]",https://kixlb.com/products/lv-cortina-high-navy-boots-copy,2026-04-10T15:12:21Z,True
kix:9669598445925,kix,,,LV cortina high navy boots,,,200.0,130.0,35.0,True,in_stock,USD,"[""35"", ""36"", ""37"", ""38"", ""39"", ""40"", ""41""]",https://kixlb.com/products/lv-cortina-low-black-copy,2026-04-10T15:12:21Z,True
kix:9669598347621,kix,,,LV cortina low black,,,200.0,130.0,35.0,True,in_stock,USD,"[""35"", ""36"", ""37"", ""38"", ""39"", ""40"", ""41""]",https://kixlb.com/products/lv-cortina-high-light-brown-boots-copy,2026-04-10T15:12:21Z,True
kix:9669598085477,kix,,,LV cortina high light brown boots,,,200.0,130.0,35.0,True,in_stock,USD,"[""35"", ""36"", ""37"", ""38"", ""39"", ""40"", ""41""]",https://kixlb.com/products/lv-cortina-high-brown-boots-copy,2026-04-10T15:12:21Z,True
kix:9669597233509,kix,,,LV cortina high brown boots,,,200.0,130.0,35.0,True,in_stock,USD,"[""35"", ""36"", ""37"", ""38"", ""39"", ""40"", ""41""]",https://kixlb.com/products/lv-cortina-low-copy,2026-04-10T15:12:21Z,True
kix:9669596447077,kix,,,LV cortina low,,,200.0,130.0,35.0,True,in_stock,USD,"[""35"", ""36"", ""37"", ""38"", ""39"", ""40""]",https://kixlb.com/products/the-north-face-black-boots-copy,2026-04-10T15:12:21Z,True
kix:9669595890021,kix,,The North Face,the north face black boots,,,200.0,130.0,35.0,True,in_stock,USD,"[""35"", ""36"", ""37"", ""38"", ""39"", ""40""]",https://kixlb.com/products/the-north-face-camel-boots-copy,2026-04-10T15:12:21Z,True
kix:9669591204197,kix,,The North Face,the north face camel boots,,,200.0,130.0,35.0,True,in_stock,USD,"[""35"", ""36"", ""37"", ""38"", ""39"", ""40""]",https://kixlb.com/products/the-north-face-camel-boots,2026-04-10T15:12:21Z,True
kix:9669590942053,kix,,The North Face,the north face white boots,,,200.0,130.0,35.0,True,in_stock,USD,"[""35"", ""36"", ""37"", ""38"", ""39"", ""40""]",https://kixlb.com/products/moon-boots-high-black-satin-copy,2026-04-10T15:12:21Z,True
kix:9669068357989,kix,,Nike,"Nike Air VaporMax Plus ""Olympic""",,,175.0,90.0,48.57,True,in_stock,USD,"[""36"", ""37"", ""38"", ""39"", ""40"", ""41"", ""42"", ""43"", ""44"", ""45"", ""46""]",https://kixlb.com/products/nike-air-vapormax-plus-olympic,2026-04-10T15:12:21Z,True
kix:9669068292453,kix,,Nike,"Nike Air VaporMax Plus in the ""Rough Green/Black/Sequoia/Dark Russet""",,,175.0,90.0,48.57,True,in_stock,USD,"[""36"", ""37"", ""38"", ""39"", ""40"", ""41"", ""42"", ""43"", ""44"", ""45"", ""46""]",https://kixlb.com/products/nike-air-vapormax-plus-in-the-rough-green-black-sequoia-dark-russet,2026-04-10T15:12:21Z,True
kix:9669068259685,kix,,Nike,"Nike Air VaporMax Plus ""Cargo Khaki & Metallic Gold""",,,175.0,90.0,48.57,True,in_stock,USD,"[""36"", ""37"", ""38"", ""39"", ""40"", ""41"", ""42"", ""43"", ""44"", ""45"", ""46""]",https://kixlb.com/products/nike-air-vapormax-plus-cargo-khaki-metallic-gold,2026-04-10T15:12:21Z,True
kix:9669068161381,kix,,Nike,"Nike Air VaporMax Plus sneaker in the ""Obsidian/Photo Blue""",,,175.0,90.0,48.57,True,in_stock,USD,"[""36"", ""37"", ""38"", ""39"", ""40"", ""41"", ""42"", ""43"", ""44"", ""45"", ""46""]",https://kixlb.com/products/nike-air-vapormax-plus-sneaker-in-the-obsidian-photo-blue,2026-04-10T15:12:21Z,True
kix:9669068063077,kix,,Nike,"Nike Air VaporMax Plus 'Live Together, Play Together'",,,175.0,90.0,48.57,True,in_stock,USD,"[""36"", ""37"", ""38"", ""39"", ""40"", ""41"", ""42"", ""43"", ""44"", ""45"", ""46""]",https://kixlb.com/products/nike-air-vapormax-plus-live-together-play-together,2026-04-10T15:12:21Z,True
kix:9669067866469,kix,,Nike,"Nike Air VaporMax Plus ""Game Royal""",,,175.0,90.0,48.57,True,in_stock,USD,"[""36"", ""37"", ""38"", ""39"", ""40"", ""41"", ""42"", ""43"", ""44"", ""45"", ""46""]",https://kixlb.com/products/nike-air-vapormax-plus-game-royal,2026-04-10T15:12:21Z,True
kix:9669067800933,kix,,Nike,Nike Air VaporMax Plus in the 'Cool Grey/Black',,,175.0,90.0,48.57,True,in_stock,USD,"[""36"", ""37"", ""38"", ""39"", ""40"", ""41"", ""42"", ""43"", ""44"", ""45"", ""46""]",https://kixlb.com/products/nike-air-vapormax-plus-in-the-cool-grey-black,2026-04-10T15:12:21Z,True
kix:9669067702629,kix,,Nike,"Nike Air VaporMax Plus in the ""Black Volt""",,,175.0,90.0,48.57,True,in_stock,USD,"[""36"", ""37"", ""38"", ""39"", ""40"", ""41"", ""42"", ""43"", ""44"", ""45"", ""46""]",https://kixlb.com/products/nike-air-vapormax-plus-in-the-black-volt,2026-04-10T15:12:21Z,True
kix:9669067669861,kix,,Nike,Nike Air VaporMax Plus sneaker in the night maroon,,,175.0,90.0,48.57,True,in_stock,USD,"[""36"", ""37"", ""38"", ""39"", ""40"", ""41"", ""42"", ""43"", ""44"", ""45"", ""46""]",https://kixlb.com/products/nike-air-vapormax-plus-sneaker-in-the-night-maroon,2026-04-10T15:12:21Z,True
kix:9669067604325,kix,,Nike,"Nike Air VaporMax Plus sneaker in the ""Pink""",,,175.0,90.0,48.57,True,in_stock,USD,"[""36"", ""37"", ""38"", ""39"", ""40"", ""41"", ""42"", ""43"", ""44"", ""45"", ""46""]",https://kixlb.com/products/nike-air-vapormax-plus-sneaker-in-the-pink,2026-04-10T15:12:21Z,True
kix:9669067342181,kix,,Nike,"Nike Air VaporMax Plus sneaker in the ""University Red/Black""",,,175.0,90.0,48.57,True,in_stock,USD,"[""36"", ""37"", ""38"", ""39"", ""40"", ""41"", ""42"", ""43"", ""44"", ""45"", ""46""]",https://kixlb.com/products/nike-air-vapormax-plus-sneaker-in-the-university-red-black,2026-04-10T15:12:21Z,True
kix:9669067014501,kix,,Nike,"Nike Air VaporMax Plus sneaker in the ""Black Noble Red""",,,175.0,90.0,48.57,True,in_stock,USD,"[""36"", ""37"", ""38"", ""39"", ""40"", ""41"", ""42"", ""43"", ""44"", ""45"", ""46""]",https://kixlb.com/products/nike-air-vapormax-plus-sneaker-in-the-black-noble-red,2026-04-10T15:12:21Z,True
kix:9669066654053,kix,,Nike,"Nike Air VaporMax Plus ""Full Black & Red""",,,175.0,90.0,48.57,True,in_stock,USD,"[""36"", ""37"", ""38"", ""39"", ""40"", ""41"", ""42"", ""43"", ""44"", ""45"", ""46""]",https://kixlb.com/products/nike-air-vapormax-plus-full-black-red,2026-04-10T15:12:21Z,True
kix:9669066522981,kix,,Nike,"Nike Air VaporMax Plus ""Shark""",,,175.0,90.0,48.57,True,in_stock,USD,"[""36"", ""37"", ""38"", ""39"", ""40"", ""41"", ""42"", ""43"", ""44"", ""45"", ""46""]",https://kixlb.com/products/nike-air-vapormax-plus-shark,2026-04-10T15:12:21Z,True
kix:9669066359141,kix,,Nike,Nike Air VaporMax Plus Black/Magma Orange/University Red,,,175.0,90.0,48.57,True,in_stock,USD,"[""36"", ""37"", ""38"", ""39"", ""40"", ""41"", ""42"", ""43"", ""44"", ""45"", ""46""]",https://kixlb.com/products/nike-air-vapormax-plus-black-magma-orange-university-red,2026-04-10T15:12:21Z,True
kix:9669066162533,kix,,Nike,Nike Air VaporMax Plus Full Black & Gold,,,175.0,90.0,48.57,True,in_stock,USD,"[""36"", ""37"", ""38"", ""39"", ""40"", ""41"", ""42"", ""43"", ""44"", ""45"", ""46""]",https://kixlb.com/products/nike-air-vapormax-plus-full-black-gold,2026-04-10T15:12:21Z,True
kix:9669065965925,kix,,Nike,Nike Air VaporMax Plus Blue And Black,,,175.0,90.0,48.57,True,in_stock,USD,"[""36"", ""37"", ""38"", ""39"", ""40"", ""41"", ""42"", ""43"", ""44"", ""45"", ""46""]",https://kixlb.com/products/nike-air-vapormax-plus-blue-and-black,2026-04-10T15:12:21Z,True
kix:9669065834853,kix,,Nike,Nike Air VaporMax Plus 'Black/Gold',,,175.0,90.0,48.57,True,in_stock,USD,"[""36"", ""37"", ""38"", ""39"", ""40"", ""41"", ""42"", ""43"", ""44"", ""45"", ""46""]",https://kixlb.com/products/nike-air-vapormax-plus-black-gold,2026-04-10T15:12:21Z,True
kix:9669065605477,kix,,Nike,Nike Air VaporMax Plus 'Summer Sunset',,,175.0,90.0,48.57,True,in_stock,USD,"[""36"", ""37"", ""38"", ""39"", ""40"", ""41"", ""42"", ""43"", ""44"", ""45"", ""46""]",https://kixlb.com/products/nike-air-vapormax-plus-summer-sunset,2026-04-10T15:12:21Z,True
kix:9669065441637,kix,,Nike,Nike Air VaporMax Plus 'Easter',,,175.0,90.0,48.57,True,in_stock,USD,"[""36"", ""37"", ""38"", ""39"", ""40"", ""41"", ""42"", ""43"", ""44"", ""45"", ""46""]",https://kixlb.com/products/nike-air-vapormax-plus-easter,2026-04-10T15:12:21Z,True
kix:9669065343333,kix,,Nike,Nike Air VaporMax Plus Wolf gray,,,175.0,90.0,48.57,True,in_stock,USD,"[""36"", ""37"", ""38"", ""39"", ""40"", ""41"", ""42"", ""43"", ""44"", ""45"", ""46""]",https://kixlb.com/products/nike-air-vapormax-plus-wolf-gray,2026-04-10T15:12:21Z,True
kix:9669065245029,kix,,Nike,Nike Air VaporMax Plus Black/White,,,175.0,90.0,48.57,True,in_stock,USD,"[""36"", ""37"", ""38"", ""39"", ""40"", ""41"", ""42"", ""43"", ""44"", ""45"", ""46""]",https://kixlb.com/products/nike-air-vapormax-plus-black-white,2026-04-10T15:12:21Z,True
kix:9669065081189,kix,,Nike,Nike Air VaporMax Plus White/Pure,,,175.0,90.0,48.57,True,in_stock,USD,"[""36"", ""37"", ""38"", ""39"", ""40"", ""41"", ""42"", ""43"", ""44"", ""45"", ""46""]",https://kixlb.com/products/nike-air-vapormax-plus-white-pure,2026-04-10T15:12:21Z,True
kix:9669064884581,kix,,Nike,Nike Air VaporMax Plus 'Tropical Sunset',,,175.0,90.0,48.57,True,in_stock,USD,"[""36"", ""37"", ""38"", ""39"", ""40"", ""41"", ""42"", ""43"", ""44"", ""45"", ""46""]",https://kixlb.com/products/nike-air-vapormax-plus-tropical-sunset,2026-04-10T15:12:21Z,True
kix:9669064393061,kix,,Nike,Nike Air VaporMax Plus Cool Grey,,,175.0,90.0,48.57,True,in_stock,USD,"[""36"", ""37"", ""38"", ""39"", ""40"", ""41"", ""42"", ""43"", ""44"", ""45"", ""46""]",https://kixlb.com/products/nike-air-vapormax-plus-cool-grey,2026-04-10T15:12:21Z,True
kix:9669064327525,kix,,Nike,Nike Air VaporMax Plus Triple Black,,,175.0,90.0,48.57,True,in_stock,USD,"[""36"", ""37"", ""38"", ""39"", ""40"", ""41"", ""42"", ""43"", ""44"", ""45"", ""46""]",https://kixlb.com/products/nike-air-vapormax-plus-triple-black,2026-04-10T15:12:21Z,True
kix:9668200661349,kix,,,moon boots high black satin,,,200.0,130.0,35.0,True,in_stock,USD,"[""33-35"", ""36-38"", ""39-41"", ""42-44""]",https://kixlb.com/products/moon-boots-high-olive-green-copy,2026-04-10T15:12:21Z,True
kix:9668198302053,kix,,,moon boots high olive green,,,200.0,130.0,35.0,True,in_stock,USD,"[""33-35"", ""36-38"", ""39-41"", ""42-44""]",https://kixlb.com/products/moon-boots-high-olive-green,2026-04-10T15:12:21Z,True
kix:9668195909989,kix,,,moon boots low white,,,150.0,110.0,26.67,True,in_stock,USD,"[""33-35"", ""36-38"", ""39-41"", ""42-44""]",https://kixlb.com/products/moon-boots-low-black-copy,2026-04-10T15:12:21Z,True
kix:9668194074981,kix,,,moon boots low black,,,150.0,110.0,26.67,True,in_stock,USD,"[""33-35"", ""36-38"", ""39-41"", ""42-44""]",https://kixlb.com/products/moon-boots-high-cream-shearling-copy,2026-04-10T15:12:21Z,True
kix:9668191158629,kix,,,moon boots high cream shearling,,,250.0,150.0,40.0,True,in_stock,USD,"[""33-35"", ""36-38"", ""39-41"", ""42-44""]",https://kixlb.com/products/moon-boots-high-white-copy,2026-04-10T15:12:21Z,True
kix:9668186308965,kix,,,moon boots high white,,,200.0,130.0,35.0,True,in_stock,USD,"[""33-35"", ""36-38"", ""39-41"", ""42-44""]",https://kixlb.com/products/moon-boots-high-black-fur-copy,2026-04-10T15:12:21Z,True
kix:9668186276197,kix,,,moon boots high black fur,,,200.0,137.0,31.5,True,in_stock,USD,"[""33-35"", ""36-38"", ""39-41"", ""42-44""]",https://kixlb.com/products/moon-boots-high-white-and-black-copy,2026-04-10T15:12:21Z,True
kix:9668178772325,kix,,,moon boots high white and black,,,200.0,137.0,31.5,True,in_stock,USD,"[""33-35"", ""36-38"", ""39-41"", ""42-44""]",https://kixlb.com/products/moon-boots-low-black-fur-copy,2026-04-10T15:12:21Z,True
kix:9668178739557,kix,,,moon boots low black fur,,,170.0,125.0,26.47,True,in_stock,USD,"[""33-35"", ""36-38"", ""39-41"", ""42-44""]",https://kixlb.com/products/moon-boots-low-brown-shearling-copy,2026-04-10T15:12:21Z,True
kix:9668177330533,kix,,,moon boots low brown shearling,,,170.0,125.0,26.47,True,in_stock,USD,"[""33-35"", ""36-38"", ""39-41"", ""42-44""]",https://kixlb.com/products/moon-boots-high-white-faux-fur-copy,2026-04-10T15:12:21Z,True
kix:9668176347493,kix,,,moon boots high white faux fur,,,220.0,142.0,35.45,True,in_stock,USD,"[""33-35"", ""36-38"", ""39-41"", ""42-44""]",https://kixlb.com/products/moon-boots-short-black-and-white-copy,2026-04-10T15:12:21Z,True
kix:9668176281957,kix,,,moon boots short black and white,,,184.0,120.0,34.78,True,in_stock,USD,"[""36"", ""37"", ""38"", ""39"", ""40"", ""41"", ""42"", ""43"", ""44"", ""45"", ""46""]",https://kixlb.com/products/moon-boots-short-khaki-copy,2026-04-10T15:12:21Z,True
kix:9668176118117,kix,,,moon boots short khaki,,,184.0,120.0,34.78,True,in_stock,USD,"[""36"", ""33-35"", ""36-38"", ""39-41"", ""42-44""]",https://kixlb.com/products/moon-boots-short-cream-copy,2026-04-10T15:12:21Z,True
kix:9668176085349,kix,,,moon boots short cream,,,184.0,120.0,34.78,True,in_stock,USD,"[""37"", ""33-35"", ""36-38"", ""39-41"", ""42-44""]",https://kixlb.com/products/moon-boots-short-black-copy,2026-04-10T15:12:21Z,True
kix:9668175987045,kix,,,moon boots short black,,,184.0,120.0,34.78,True,in_stock,USD,"[""33-35"", ""36-38"", ""39-41"", ""42-44""]",https://kixlb.com/products/moon-boots-white-fur-copy,2026-04-10T15:12:21Z,True
kix:9668175659365,kix,,,moon boots white fur,,,176.0,133.0,24.43,True,in_stock,USD,"[""33-35"", ""36-38"", ""39-41"", ""42-44""]",https://kixlb.com/products/nike-blazer-mid-faded-light-dew-copy,2026-04-10T15:12:21Z,True
kix:9667788767589,kix,,Nike,NIKE BLAZER MID FADED LIGHT DEW,,,80.0,,,False,in_stock,USD,"[""36"", ""37"", ""38"", ""39"", ""40"", ""41"", ""42"", ""43"", ""44"", ""45"", ""46""]",https://kixlb.com/products/nike-sb-blazer-mid-faded-light-dew,2026-04-10T15:12:21Z,True
kix:9667788734821,kix,,Nike,NIKE BLAZER MID 77 BRICK RED,,,80.0,,,False,in_stock,USD,"[""36"", ""37"", ""38"", ""39"", ""40"", ""41"", ""42"", ""43"", ""44"", ""45"", ""46""]",https://kixlb.com/products/nike-blazer-mid-77-brick-red,2026-04-10T15:12:21Z,True
kix:9667788669285,kix,,Nike,NIKE BLAZER MID 77 VINTAGE SLAM JAM CLASS 1977,,,80.0,,,False,in_stock,USD,"[""36"", ""37"", ""38"", ""39"", ""40"", ""41"", ""42"", ""43"", ""44"", ""45"", ""46""]",https://kixlb.com/products/nike-blazer-mid-77-vintage-slam-jam-class-1977,2026-04-10T15:12:21Z,True
kix:9667788636517,kix,,Nike,NIKE BLAZER MID 77 SUEDE BLACK,,,80.0,,,False,in_stock,USD,"[""36"", ""37"", ""38"", ""39"", ""40"", ""41"", ""42"", ""43"", ""44"", ""45"", ""46""]",https://kixlb.com/products/nike-blazer-mid-77-suede-black,2026-04-10T15:12:21Z,True
kix:9667788570981,kix,,Nike,NIKE BLAZER MID X STRANGER THINGS HAWKINS HIGH SCHOOL,,,80.0,,,False,in_stock,USD,"[""36"", ""37"", ""38"", ""39"", ""40"", ""41"", ""42"", ""43"", ""44"", ""45"", ""46""]",https://kixlb.com/products/nike-blazer-mid-x-stranger-things-hawkins-high-school,2026-04-10T15:12:21Z,True
kix:9667788538213,kix,,Nike,STRANGER THINGS X NIKE BLAZER MID QS SAIL,,,80.0,,,False,in_stock,USD,"[""36"", ""37"", ""38"", ""39"", ""40"", ""41"", ""42"", ""43"", ""44"", ""45"", ""46""]",https://kixlb.com/products/stranger-things-x-nike-blazer-mid-qs-sail,2026-04-10T15:12:21Z,True
kix:9667788144997,kix,,Nike,NIKE BLAZER MID UNIVERSITY RED,,,80.0,,,False,in_stock,USD,"[""36"", ""37"", ""38"", ""39"", ""40"", ""41"", ""42"", ""43"", ""44"", ""45"", ""46""]",https://kixlb.com/products/nike-blazer-mid-university-red,2026-04-10T15:12:21Z,True
kix:9667788112229,kix,,Nike,DENHAM X NIKE BLAZER MID SAIL,,,80.0,,,False,in_stock,USD,"[""36"", ""37"", ""38"", ""39"", ""40"", ""41"", ""42"", ""43"", ""44"", ""45"", ""46""]",https://kixlb.com/products/denham-x-nike-blazer-mid-sail,2026-04-10T15:12:21Z,True
kix:9667787948389,kix,,Nike,NIKE BLAZER MID 77 SKETCH WHITE RED,,,80.0,,,False,in_stock,USD,"[""36"", ""37"", ""38"", ""39"", ""40"", ""41"", ""42"", ""43"", ""44"", ""45"", ""46""]",https://kixlb.com/products/nike-blazer-mid-77-sketch-white-red,2026-04-10T15:12:21Z,True
kix:9667787882853,kix,,Nike,NIKE BLAZER MID 77 SUMMIT WHITE SILVER WOMENS,,women,80.0,,,False,in_stock,USD,"[""36"", ""37"", ""38"", ""39"", ""40"", ""41"", ""42"", ""43"", ""44"", ""45"", ""46""]",https://kixlb.com/products/nike-blazer-mid-77-summit-white-silver-womens,2026-04-10T15:12:21Z,True
kix:9667787850085,kix,,Nike,NIKE BLAZER MID WHITE CELESTINE BLUE GS,,,80.0,,,False,in_stock,USD,"[""36"", ""37"", ""38"", ""39"", ""40"", ""41"", ""42"", ""43"", ""44"", ""45"", ""46""]",https://kixlb.com/products/nike-blazer-mid-77-white-laser-blue-gs-copy,2026-04-10T15:12:21Z,True
kix:9667787817317,kix,,Nike,NIKE BLAZER MID 77 WHITE LASER BLUE GS,,,80.0,,,False,in_stock,USD,"[""36"", ""37"", ""38"", ""39"", ""40"", ""41"", ""42"", ""43"", ""44"", ""45"", ""46""]",https://kixlb.com/products/nike-blazer-mid-77-white-laser-blue-gs,2026-04-10T15:12:21Z,True
kix:9667787784549,kix,,Nike,NIKE BLAZER MID INFINITE SUMMIT WHITE,,,80.0,,,False,in_stock,USD,"[""36"", ""37"", ""38"", ""39"", ""40"", ""41"", ""42"", ""43"", ""44"", ""45"", ""46""]",https://kixlb.com/products/nike-blazer-mid-infinite-summit-white,2026-04-10T15:12:21Z,True
kix:9667787751781,kix,,Nike,NIKE BLAZER MID 77 D/MS/X ROYAL BLUE COPA,,,80.0,,,False,in_stock,USD,"[""36"", ""37"", ""38"", ""39"", ""40"", ""41"", ""42"", ""43"", ""44"", ""45"", ""46""]",https://kixlb.com/products/nike-blazer-mid-77-d-ms-x-royal-blue-copa,2026-04-10T15:12:21Z,True
kix:9667787719013,kix,,Nike,NIKE BLAZER MID LEOPARD WOMENS,,women,80.0,,,False,in_stock,USD,"[""36"", ""37"", ""38"", ""39"", ""40"", ""41"", ""42"", ""43"", ""44"", ""45"", ""46""]",https://kixlb.com/products/nike-blazer-mid-leopard-womens,2026-04-10T15:12:21Z,True
kix:9667787686245,kix,,Nike,NIKE BLAZER MID 77 VINTAGE WHITE GOLD EMBLEM WOMENS,,women,80.0,,,False,in_stock,USD,"[""36"", ""37"", ""38"", ""39"", ""40"", ""41"", ""42"", ""43"", ""44"", ""45"", ""46""]",https://kixlb.com/products/nike-blazer-mid-77-vintage-white-gold-emblem-womens,2026-04-10T15:12:21Z,True
kix:9667787620709,kix,,Nike,NIKE BLAZER MID VINTAGE 77 PINK FOAM WOMENS,,women,80.0,,,False,in_stock,USD,"[""36"", ""37"", ""38"", ""39"", ""40"", ""41"", ""42"", ""43"", ""44"", ""45"", ""46""]",https://kixlb.com/products/nike-blazer-mid-vintage-77-pink-foam-womens,2026-04-10T15:12:21Z,True
kix:9667787587941,kix,,Nike,NIKE BLAZER MID 77 VINTAGE BRUSHSTROKE,,,80.0,,,False,in_stock,USD,"[""36"", ""37"", ""38"", ""39"", ""40"", ""41"", ""42"", ""43"", ""44"", ""45"", ""46""]",https://kixlb.com/products/nike-blazer-mid-77-vintage-brushstroke,2026-04-10T15:12:21Z,True
kix:9667787555173,kix,,Nike,NIKE BLAZER MID 77 WHITE GLACIER BLUE WOMENS,,women,80.0,,,False,in_stock,USD,"[""36"", ""37"", ""38"", ""39"", ""40"", ""41"", ""42"", ""43"", ""44"", ""45"", ""46""]",https://kixlb.com/products/nike-blazer-mid-77-white-glacier-blue-womens,2026-04-10T15:12:21Z,True
kix:9667787161957,kix,,Nike,NIKE BLAZER MID 77 SE FIRST USE WHITE WOMENS,,women,80.0,,,False,in_stock,USD,"[""36"", ""37"", ""38"", ""39"", ""40"", ""41"", ""42"", ""43"", ""44"", ""45"", ""46""]",https://kixlb.com/products/nike-blazer-mid-77-se-first-use-white-womens,2026-04-10T15:12:21Z,True
kix:9667787129189,kix,,Nike,NIKE BLAZER MID 77 NEXT NATURE UNIVERSITY BLUE WOMENS,,women,80.0,,,False,in_stock,USD,"[""36"", ""37"", ""38"", ""39"", ""40"", ""41"", ""42"", ""43"", ""44"", ""45"", ""46""]",https://kixlb.com/products/nike-blazer-mid-77-next-nature-university-blue-womens,2026-04-10T15:12:21Z,True
kix:9667786768741,kix,,Nike,NIKE BLAZER MID 77 VINTAGE SUMMIT WHITE MADDER ROOT WOMENS,,women,80.0,,,False,in_stock,USD,"[""36"", ""37"", ""38"", ""39"", ""40"", ""41"", ""42"", ""43"", ""44"", ""45"", ""46""]",https://kixlb.com/products/nike-blazer-mid-77-vintage-summit-white-madder-root-womens,2026-04-10T15:12:21Z,True
kix:9667786735973,kix,,Nike,NIKE BLAZER MID 77 DOUBLE NEGATIVE WOMENS,,women,80.0,,,False,in_stock,USD,"[""36"", ""37"", ""38"", ""39"", ""40"", ""41"", ""42"", ""43"", ""44"", ""45"", ""46""]",https://kixlb.com/products/nike-blazer-mid-77-double-negative-womens,2026-04-10T15:12:21Z,True
kix:9667786703205,kix,,Nike,NIKE BLAZER MID 77 CHENILLE SWOOSH WHITE GREEN,,,80.0,,,False,in_stock,USD,"[""36"", ""37"", ""38"", ""39"", ""40"", ""41"", ""42"", ""43"", ""44"", ""45"", ""46""]",https://kixlb.com/products/nike-blazer-mid-77-chenille-swoosh-green-fade-womens-copy,2026-04-10T15:12:21Z,True
kix:9667786670437,kix,,Nike,NIKE BLAZER MID 77 CHENILLE SWOOSH GREEN FADE WOMENS,,women,80.0,,,False,in_stock,USD,"[""36"", ""37"", ""38"", ""39"", ""40"", ""41"", ""42"", ""43"", ""44"", ""45"", ""46""]",https://kixlb.com/products/nike-blazer-mid-77-chenille-swoosh-green-fade-womens,2026-04-10T15:12:21Z,True
kix:9667786637669,kix,,Nike,NIKE BLAZER MID NEXT NATURE MULTI SWOOSH WHITE MANDARIN GS,,,80.0,,,False,in_stock,USD,"[""36"", ""37"", ""38"", ""39"", ""40"", ""41"", ""42"", ""43"", ""44"", ""45"", ""46""]",https://kixlb.com/products/nike-blazer-mid-next-nature-multi-swoosh-white-mandarin-gs,2026-04-10T15:12:21Z,True
kix:9667786604901,kix,,Nike,NIKE BLAZER MID 77 WHITE PINK,,,80.0,,,False,in_stock,USD,"[""36"", ""37"", ""38"", ""39"", ""40"", ""41"", ""42"", ""43"", ""44"", ""45"", ""46""]",https://kixlb.com/products/nike-blazer-mid-77-white-pink,2026-04-10T15:12:21Z,True
kix:9667786539365,kix,,Nike,NIKE BLAZER MID 77 NEXT NATURE WHITE BLACK WOMENS,,women,80.0,,,False,in_stock,USD,"[""36"", ""37"", ""38"", ""39"", ""40"", ""41"", ""42"", ""43"", ""44"", ""45"", ""46""]",https://kixlb.com/products/nike-blazer-mid-77-next-nature-white-black-womens,2026-04-10T15:12:21Z,True
kix:9667786473829,kix,,Nike,NIKE BLAZER MID 77 NEXT NATURE LIGHT OREWOOD BROWN WOMENS,,women,80.0,,,False,in_stock,USD,"[""36"", ""37"", ""38"", ""39"", ""40"", ""41"", ""42"", ""43"", ""44"", ""45"", ""46""]",https://kixlb.com/products/nike-blazer-mid-77-next-nature-light-orewood-brown-womens,2026-04-10T15:12:21Z,True
kix:9667786441061,kix,,Nike,NIKE BLAZER MID 77 NEXT NATURE WHITE GREEN,,,80.0,,,False,in_stock,USD,"[""36"", ""37"", ""38"", ""39"", ""40"", ""41"", ""42"", ""43"", ""44"", ""45"", ""46""]",https://kixlb.com/products/nike-blazer-mid-77-next-nature-white-green,2026-04-10T15:12:21Z,True
kix:9667784409445,kix,,Nike,NIKE BLAZER MID 77 VINTAGE WHITE,,,80.0,,,False,in_stock,USD,"[""36"", ""37"", ""38"", ""39"", ""40"", ""41"", ""42"", ""43"", ""44"", ""45"", ""46""]",https://kixlb.com/products/nike-air-max-1-og-anniversary-copy,2026-04-10T15:12:21Z,True
kix:9667784147301,kix,,Jordan,AIR JORDAN 1 HIGH ZOOM WHITE KHAKI WOMENS,,women,170.0,110.0,35.29,True,in_stock,USD,"[""36"", ""37"", ""38"", ""39"", ""40"", ""41"", ""42"", ""43"", ""44"", ""45"", ""46""]",https://kixlb.com/products/air-jordan-1-high-zoom-white-khaki-womens,2026-04-10T15:12:21Z,True
kix:9667784114533,kix,,Jordan,AIR JORDAN 1 HIGH ZOOM CMFT TEAM RED,,,170.0,110.0,35.29,True,in_stock,USD,"[""36"", ""37"", ""38"", ""39"", ""40"", ""41"", ""42"", ""43"", ""44"", ""45"", ""46""]",https://kixlb.com/products/air-jordan-1-high-zoom-cmft-team-red,2026-04-10T15:12:21Z,True
kix:9667784081765,kix,,Jordan,AIR JORDAN 1 HIGH ZOOM COMFORT LEMON TWIST WOMENS,,women,170.0,110.0,35.29,True,in_stock,USD,"[""36"", ""37"", ""38"", ""39"", ""40"", ""41"", ""42"", ""43"", ""44"", ""45"", ""46""]",https://kixlb.com/products/air-jordan-1-high-zoom-comfort-lemon-twist-womens,2026-04-10T15:12:21Z,True
kix:9667784016229,kix,,Jordan,AIR JORDAN 1 HIGH ZOOM AIR CMFT LIGHT MAUVE WOMENS,,women,170.0,110.0,35.29,True,in_stock,USD,"[""36"", ""37"", ""38"", ""39"", ""40"", ""41"", ""42"", ""43"", ""44"", ""45"", ""46""]",https://kixlb.com/products/air-jordan-1-high-zoom-air-cmft-light-mauve-womens,2026-04-10T15:12:21Z,True
kix:9667783950693,kix,,Jordan,AIR JORDAN 1 HIGH ZOOM AIR COMFORT PINK GLAZE WOMENS,,women,170.0,110.0,35.29,True,in_stock,USD,"[""36"", ""37"", ""38"", ""39"", ""40"", ""41"", ""42"", ""43"", ""44"", ""45"", ""46""]",https://kixlb.com/products/air-jordan-1-high-zoom-air-comfort-pink-glaze-womens,2026-04-10T15:12:21Z,True
kix:9667783917925,kix,,Jordan,AIR JORDAN 1 HIGH ZOOM AIR COMFORT CANYON RUST WOMENS,,women,170.0,110.0,35.29,True,in_stock,USD,"[""36"", ""37"", ""38"", ""39"", ""40"", ""41"", ""42"", ""43"", ""44"", ""45"", ""46""]",https://kixlb.com/products/air-jordan-1-high-zoom-air-comfort-canyon-rust-womens,2026-04-10T15:12:21Z,True
kix:9667783885157,kix,,Jordan,AIR JORDAN 1 HIGH ZOOM CMFT FIRE RED CURRY WOMENS,,women,170.0,110.0,35.29,True,in_stock,USD,"[""36"", ""37"", ""38"", ""39"", ""40"", ""41"", ""42"", ""43"", ""44"", ""45"", ""46""]",https://kixlb.com/products/air-jordan-1-high-zoom-cmft-fire-red-curry-womens,2026-04-10T15:12:21Z,True
kix:9667783852389,kix,,Jordan,AIR JORDAN 1 HIGH OG JAPAN MIDNIGHT NAVY,,,170.0,110.0,35.29,True,in_stock,USD,"[""36"", ""37"", ""38"", ""39"", ""40"", ""41"", ""42"", ""43"", ""44"", ""45"", ""46""]",https://kixlb.com/products/air-jordan-1-high-og-japan-midnight-navy,2026-04-10T15:12:21Z,True
kix:9667783819621,kix,,Jordan,AIR JORDAN 1 HIGH ACCLIMATE WHITE WOMENS,,women,170.0,110.0,35.29,True,in_stock,USD,"[""36"", ""37"", ""38"", ""39"", ""40"", ""41"", ""42"", ""43"", ""44"", ""45"", ""46""]",https://kixlb.com/products/air-jordan-1-high-acclimate-white-womens,2026-04-10T15:12:21Z,True
kix:9667783754085,kix,,Jordan,AIR JORDAN 1 HIGH FLYEASE BLACK WHITE GS,,,170.0,110.0,35.29,True,in_stock,USD,"[""36"", ""37"", ""38"", ""39"", ""40"", ""41"", ""42"", ""43"", ""44"", ""45"", ""46""]",https://kixlb.com/products/air-jordan-1-high-flyease-black-white-gs,2026-04-10T15:12:21Z,True
kix:9667783655781,kix,,Jordan,AIR JORDAN 1 HIGH OG HAND CRAFTED,,,170.0,110.0,35.29,True,in_stock,USD,"[""36"", ""37"", ""38"", ""39"", ""40"", ""41"", ""42"", ""43"", ""44"", ""45"", ""46""]",https://kixlb.com/products/air-jordan-1-high-og-hand-crafted,2026-04-10T15:12:21Z,True
kix:9667783623013,kix,,Jordan,AIR JORDAN 1 HIGH ZOOM AIR COMFORT LONDON,,,170.0,110.0,35.29,True,in_stock,USD,"[""36"", ""37"", ""38"", ""39"", ""40"", ""41"", ""42"", ""43"", ""44"", ""45"", ""46""]",https://kixlb.com/products/air-jordan-1-high-zoom-air-comfort-london,2026-04-10T15:12:21Z,True
kix:9667783557477,kix,,Jordan,AIR JORDAN 1 HIGH ZOOM COMFORT ALEALI MAY WOMENS,,women,170.0,110.0,35.29,True,in_stock,USD,"[""36"", ""37"", ""38"", ""39"", ""40"", ""41"", ""42"", ""43"", ""44"", ""45"", ""46""]",https://kixlb.com/products/air-jordan-1-high-zoom-comfort-aleali-may-womens,2026-04-10T15:12:21Z,True
kix:9667733619045,kix,,Jordan,AIR JORDAN 1 HIGH ZOOM CMFT TO MY FIRST COACH,,,170.0,110.0,35.29,True,in_stock,USD,"[""36"", ""37"", ""38"", ""39"", ""40"", ""41"", ""42"", ""43"", ""44"", ""45"", ""46""]",https://kixlb.com/products/air-jordan-1-high-og-sp-utility-black-copy,2026-04-10T15:12:21Z,True
kix:9667733586277,kix,,Jordan,AIR JORDAN 1 HIGH OG SP UTILITY BLACK,,,170.0,110.0,35.29,True,in_stock,USD,"[""36"", ""37"", ""38"", ""39"", ""40"", ""41"", ""42"", ""43"", ""44"", ""45"", ""46""]",https://kixlb.com/products/air-jordan-1-high-og-sp-utility-black-1,2026-04-10T15:12:21Z,True
kix:9667733487973,kix,,Jordan,AIR JORDAN 1 HIGH OG DENIM WOMENS,,women,170.0,110.0,35.29,True,in_stock,USD,"[""36"", ""37"", ""38"", ""39"", ""40"", ""41"", ""42"", ""43"", ""44"", ""45"", ""46""]",https://kixlb.com/products/air-jordan-1-high-og-sp-utility-black,2026-04-10T15:12:21Z,True
kix:9667733389669,kix,,Jordan,AIR JORDAN 1 HIGH STASH WHITE,,,170.0,110.0,35.29,True,in_stock,USD,"[""36"", ""37"", ""38"", ""39"", ""40"", ""41"", ""42"", ""43"", ""44"", ""45"", ""46""]",https://kixlb.com/products/air-jordan-1-high-og-starfish-womens-copy,2026-04-10T15:12:21Z,True
kix:9667733356901,kix,,Jordan,AIR JORDAN 1 HIGH OG STARFISH WOMENS,,women,170.0,110.0,35.29,True,in_stock,USD,"[""36"", ""37"", ""38"", ""39"", ""40"", ""41"", ""42"", ""43"", ""44"", ""45"", ""46""]",https://kixlb.com/products/air-jordan-1-high-og-starfish-womens,2026-04-10T15:12:21Z,True
kix:9667733291365,kix,,Jordan,AIR JORDAN 1 HIGH GOLF MIDNIGHT NAVY,,,170.0,110.0,35.29,True,in_stock,USD,"[""36"", ""37"", ""38"", ""39"", ""40"", ""41"", ""42"", ""43"", ""44"", ""45"", ""46""]",https://kixlb.com/products/air-jordan-1-high-golf-midnight-navy,2026-04-10T15:12:21Z,True
kix:9667733029221,kix,,Jordan,AIR JORDAN 1 HIGH GOLF BLACK WHITE,,,170.0,110.0,35.29,True,in_stock,USD,"[""36"", ""37"", ""38"", ""39"", ""40"", ""41"", ""42"", ""43"", ""44"", ""45"", ""46""]",https://kixlb.com/products/air-jordan-1-high-golf-black-white,2026-04-10T15:12:21Z,True
kix:9667726934373,kix,,Jordan,AIR JORDAN 1 HIGH GOLF CAMO,,,170.0,110.0,35.29,True,in_stock,USD,"[""36"", ""37"", ""38"", ""39"", ""40"", ""41"", ""42"", ""43"", ""44"", ""45"", ""46""]",https://kixlb.com/products/air-jordan-1-high-golf-camo,2026-04-10T15:12:21Z,True
kix:9667726836069,kix,,Jordan,AIR JORDAN 1 HIGH ZOOM CMFT 2 VALENTINES DAY WOMENS,,women,170.0,110.0,35.29,True,in_stock,USD,"[""36"", ""37"", ""38"", ""39"", ""40"", ""41"", ""42"", ""43"", ""44"", ""45"", ""46""]",https://kixlb.com/products/air-jordan-1-high-zoom-air-cmft-2-concord-womens-copy,2026-04-10T15:12:21Z,True
kix:9667726770533,kix,,Jordan,AIR JORDAN 1 HIGH ZOOM AIR CMFT 2 CONCORD WOMENS,,women,170.0,110.0,35.29,True,in_stock,USD,"[""36"", ""37"", ""38"", ""39"", ""40"", ""41"", ""42"", ""43"", ""44"", ""45"", ""46""]",https://kixlb.com/products/air-jordan-1-high-zoom-air-cmft-2-concord-womens,2026-04-10T15:12:21Z,True
kix:9667726737765,kix,,Jordan,AIR JORDAN 1 HIGH ZOOM CMFT 2 BLACKENED BLUE,,,170.0,110.0,35.29,True,in_stock,USD,"[""36"", ""37"", ""38"", ""39"", ""40"", ""41"", ""42"", ""43"", ""44"", ""45"", ""46""]",https://kixlb.com/products/air-jordan-1-high-zoom-cmft-2-blackened-blue,2026-04-10T15:12:21Z,True
kix:9667726573925,kix,,Jordan,AIR JORDAN 1 HIGH ZOOM CMFT 2 BLUE ELECTRIC GREEN,,,170.0,110.0,35.29,True,in_stock,USD,"[""36"", ""37"", ""38"", ""39"", ""40"", ""41"", ""42"", ""43"", ""44"", ""45"", ""46""]",https://kixlb.com/products/air-jordan-1-high-zoom-cmft-2-blue-electric-green,2026-04-10T15:12:21Z,True
kix:9667726541157,kix,,Jordan,AIR JORDAN 1 HIGH ZOOM AIR CMFT 2 BORDEAUX WOMENS,,women,170.0,103.0,39.41,True,in_stock,USD,"[""36"", ""37"", ""38"", ""39"", ""40"", ""41"", ""42"", ""43"", ""44"", ""45"", ""46""]",https://kixlb.com/products/air-jordan-1-high-zoom-air-cmft-2-bordeaux-womens,2026-04-10T15:12:21Z,True
kix:9667726410085,kix,,Jordan,AIR JORDAN 1 HIGH ZOOM CMFT 2 WHITE GREY GOLD,,,170.0,103.0,39.41,True,in_stock,USD,"[""36"", ""37"", ""38"", ""39"", ""40"", ""41"", ""42"", ""43"", ""44"", ""45"", ""46""]",https://kixlb.com/products/air-jordan-1-high-zoom-cmft-2-white-grey-gold,2026-04-10T15:12:21Z,True
kix:9667726279013,kix,,Jordan,AIR JORDAN 1 HIGH ZOOM CMFT 2 SAIL GOLD,,,170.0,103.0,39.41,True,in_stock,USD,"[""36"", ""37"", ""38"", ""39"", ""40"", ""41"", ""42"", ""43"", ""44"", ""45"", ""46""]",https://kixlb.com/products/air-jordan-1-high-zoom-cmft-2-sail-gold,2026-04-10T15:12:21Z,True
kix:9667726115173,kix,,Jordan,AIR JORDAN 1 HIGH ZOOM AIR CMFT 2 ROYAL PULSE ALPHA ORANGE,,,170.0,103.0,39.41,True,in_stock,USD,"[""36"", ""37"", ""38"", ""39"", ""40"", ""41"", ""42"", ""43"", ""44"", ""45"", ""46""]",https://kixlb.com/products/air-jordan-1-high-zoom-air-cmft-2-royal-pulse-alpha-orange,2026-04-10T15:12:21Z,True
kix:9667726049637,kix,,Jordan,AIR JORDAN 1 HIGH ZOOM CMFT 2 PALOMINO WILD BERRY,,,170.0,103.0,39.41,True,in_stock,USD,"[""36"", ""37"", ""38"", ""39"", ""40"", ""41"", ""42"", ""43"", ""44"", ""45"", ""46""]",https://kixlb.com/products/air-jordan-1-high-zoom-cmft-2-palomino-wild-berry,2026-04-10T15:12:21Z,True
kix:9667725885797,kix,,Jordan,AIR JORDAN 1 HIGH ZOOM CMFT BREAKFAST CLUB,,,170.0,103.0,39.41,True,in_stock,USD,"[""36"", ""37"", ""38"", ""39"", ""40"", ""41"", ""42"", ""43"", ""44"", ""45"", ""46""]",https://kixlb.com/products/air-jordan-1-high-zoom-cmft-breakfast-club,2026-04-10T15:12:21Z,True
kix:9667725787493,kix,,Jordan,AIR JORDAN 1 HIGH RETRO OG GREEN GLOW,,,170.0,103.0,39.41,True,in_stock,USD,"[""36"", ""37"", ""38"", ""39"", ""40"", ""41"", ""42"", ""43"", ""44"", ""45"", ""46""]",https://kixlb.com/products/air-jordan-1-high-retro-og-green-glow,2026-04-10T15:12:21Z,True
kix:9667725656421,kix,,Jordan,AIR JORDAN 1 HIGH OG GORGE GREEN,,,170.0,103.0,39.41,True,in_stock,USD,"[""36"", ""37"", ""38"", ""39"", ""40"", ""41"", ""42"", ""43"", ""44"", ""45"", ""46""]",https://kixlb.com/products/air-jordan-1-high-og-gorge-green,2026-04-10T15:12:21Z,True
kix:9667725361509,kix,,Jordan,AIR JORDAN 1 HIGH OG YELLOW OCHRE,,,170.0,103.0,39.41,True,in_stock,USD,"[""36"", ""37"", ""38"", ""39"", ""40"", ""41"", ""42"", ""43"", ""44"", ""45"", ""46""]",https://kixlb.com/products/air-jordan-1-high-og-yellow-ochre,2026-04-10T15:12:21Z,True
kix:9667725230437,kix,,Jordan,AIR JORDAN 1 HIGH METHOD OF MAKE ROYAL TOE WOMENS,,women,170.0,103.0,39.41,True,in_stock,USD,"[""36"", ""37"", ""38"", ""39"", ""40"", ""41"", ""42"", ""43"", ""44"", ""45"", ""46""]",https://kixlb.com/products/air-jordan-1-high-method-of-make-royal-toe-womens,2026-04-10T15:12:21Z,True
kix:9667725164901,kix,,Jordan,AIR JORDAN 1 HIGH MM LEGEND MEDIUM BROWN WOMENS,,women,170.0,103.0,39.41,True,in_stock,USD,"[""36"", ""37"", ""38"", ""39"", ""40"", ""41"", ""42"", ""43"", ""44"", ""45"", ""46""]",https://kixlb.com/products/air-jordan-1-high-mm-legend-medium-brown-womens,2026-04-10T15:12:21Z,True
kix:9667725066597,kix,,Jordan,AIR JORDAN 1 HIGH MM SPORT RED WOMENS,,women,170.0,103.0,39.41,True,in_stock,USD,"[""36"", ""37"", ""38"", ""39"", ""40"", ""41"", ""42"", ""43"", ""44"", ""45"", ""46""]",https://kixlb.com/products/air-jordan-1-high-mm-sport-red-womens,2026-04-10T15:12:21Z,True
kix:9667724935525,kix,,Jordan,AIR JORDAN 1 HIGH METHOD OF MAKE DESERT ORANGE WOMENS,,women,170.0,103.0,39.41,True,in_stock,USD,"[""36"", ""37"", ""38"", ""39"", ""40"", ""41"", ""42"", ""43"", ""44"", ""45"", ""46""]",https://kixlb.com/products/air-jordan-1-high-method-of-make-desert-orange-womens,2026-04-10T15:12:21Z,True
kix:9667724869989,kix,,Jordan,AIR JORDAN 1 HIGH OG REVERSE PANDA PS,,,170.0,103.0,39.41,True,in_stock,USD,"[""36"", ""37"", ""38"", ""39"", ""40"", ""41"", ""42"", ""43"", ""44"", ""45"", ""46""]",https://kixlb.com/products/air-jordan-1-high-og-reverse-panda-ps,2026-04-10T15:12:21Z,True
kix:9667724575077,kix,,Jordan,AIR JORDAN 1 HIGH OG ROYAL REIMAGINED PS,,,170.0,103.0,39.41,True,in_stock,USD,"[""36"", ""37"", ""38"", ""39"", ""40"", ""41"", ""42"", ""43"", ""44"", ""45"", ""46""]",https://kixlb.com/products/air-jordan-1-high-og-university-blue-ps,2026-04-10T15:12:21Z,True
kix:9667724411237,kix,,Jordan,AIR JORDAN 1 HIGH RETRO OG PALOMINO GS,,,170.0,103.0,39.41,True,in_stock,USD,"[""36"", ""37"", ""38"", ""39"", ""40"", ""41"", ""42"", ""43"", ""44"", ""45"", ""46""]",https://kixlb.com/products/air-jordan-1-high-retro-og-palomino-gs,2026-04-10T15:12:21Z,True
kix:9667724018021,kix,,Jordan,AIR JORDAN 1 HIGH X UNION LA X BEPHIES BEAUTY SUPPLY SAIL,,,170.0,103.0,39.41,True,in_stock,USD,"[""36"", ""37"", ""38"", ""39"", ""40"", ""41"", ""42"", ""43"", ""44"", ""45"", ""46""]",https://kixlb.com/products/air-jordan-1-high-og-varsity-red-womens-copy,2026-04-10T15:12:21Z,True
kix:9667723624805,kix,,Jordan,AIR JORDAN 1 HIGH OG VARSITY RED WOMENS,,women,170.0,103.0,39.41,True,in_stock,USD,"[""36"", ""37"", ""38"", ""39"", ""40"", ""41"", ""42"", ""43"", ""44"", ""45"", ""46""]",https://kixlb.com/products/air-jordan-1-high-og-varsity-red-womens,2026-04-10T15:12:21Z,True
kix:9667723592037,kix,,Jordan,AIR JORDAN 1 HIGH OG REVERSE LANEY WOMENS,,women,170.0,103.0,39.41,True,in_stock,USD,"[""36"", ""37"", ""38"", ""39"", ""40"", ""41"", ""42"", ""43"", ""44"", ""45"", ""46""]",https://kixlb.com/products/air-jordan-1-high-og-reverse-laney-womens,2026-04-10T15:12:21Z,True
kix:9667723526501,kix,,Jordan,AIR JORDAN 1 HIGH OG METALLIC GOLD WHITE PS,,,170.0,103.0,39.41,True,in_stock,USD,"[""36"", ""37"", ""38"", ""39"", ""40"", ""41"", ""42"", ""43"", ""44"", ""45"", ""46""]",https://kixlb.com/products/air-jordan-1-high-og-metallic-gold-white-ps,2026-04-10T15:12:21Z,True
kix:9667723460965,kix,,Jordan,AIR JORDAN 1 HIGH OG SATIN BRED WOMENS,,women,170.0,103.0,39.41,True,in_stock,USD,"[""36"", ""37"", ""38"", ""39"", ""40"", ""41"", ""42"", ""43"", ""44"", ""45"", ""46""]",https://kixlb.com/products/air-jordan-1-high-og-satin-bred-womens,2026-04-10T15:12:21Z,True
kix:9667723395429,kix,,Jordan,AIR JORDAN 1 HIGH OG SATIN BRED PS,,,170.0,103.0,39.41,True,in_stock,USD,"[""36"", ""37"", ""38"", ""39"", ""40"", ""41"", ""42"", ""43"", ""44"", ""45"", ""46""]",https://kixlb.com/products/air-jordan-1-high-og-satin-bred-ps,2026-04-10T15:12:21Z,True
kix:9667723297125,kix,,Jordan,AIR JORDAN 1 HIGH OG CRAFT,,,170.0,103.0,39.41,True,in_stock,USD,"[""36"", ""37"", ""38"", ""39"", ""40"", ""41"", ""42"", ""43"", ""44"", ""45"", ""46""]",https://kixlb.com/products/air-jordan-1-high-og-craft,2026-04-10T15:12:21Z,True
kix:9667722805605,kix,,Jordan,AIR JORDAN 1 HIGH ZOOM CMFT 2 X TEYANA TAYLOR A ROSE FROM HARLEM,,,170.0,103.0,39.41,True,in_stock,USD,"[""36"", ""37"", ""38"", ""39"", ""40"", ""41"", ""42"", ""43"", ""44"", ""45"", ""46""]",https://kixlb.com/products/air-jordan-1-high-zoom-cmft-2-x-teyana-taylor-a-rose-from-harlem,2026-04-10T15:12:21Z,True
kix:9667722740069,kix,,Jordan,AIR JORDAN 1 HIGH GOLF X EASTSIDE GOLF 1961 CHANGE,,,170.0,103.0,39.41,True,in_stock,USD,"[""36"", ""37"", ""38"", ""39"", ""40"", ""41"", ""42"", ""43"", ""44"", ""45"", ""46""]",https://kixlb.com/products/air-jordan-1-high-golf-x-eastside-golf-1961-change,2026-04-10T15:12:21Z,True
kix:9667722641765,kix,,Jordan,AIR JORDAN 1 HIGH OG PRALINE PS,,,170.0,103.0,39.41,True,in_stock,USD,"[""36"", ""37"", ""38"", ""39"", ""40"", ""41"", ""42"", ""43"", ""44"", ""45"", ""46""]",https://kixlb.com/products/air-jordan-1-high-og-praline-ps,2026-04-10T15:12:21Z,True
kix:9667722543461,kix,,Jordan,AIR JORDAN 1 HIGH METHOD OF MAKE PINK OXFORD WOMENS,,women,170.0,103.0,39.41,True,in_stock,USD,"[""36"", ""37"", ""38"", ""39"", ""40"", ""41"", ""42"", ""43"", ""44"", ""45"", ""46""]",https://kixlb.com/products/air-jordan-1-high-method-of-make-pink-oxford-womens,2026-04-10T15:12:21Z,True
kix:9667722445157,kix,,Jordan,AIR JORDAN 1 HIGH REBELLIONAIRE,,,170.0,107.0,37.06,True,in_stock,USD,"[""36"", ""37"", ""38"", ""39"", ""40"", ""41"", ""42"", ""43"", ""44"", ""45"", ""46""]",https://kixlb.com/products/air-jordan-1-high-rebellionaire,2026-04-10T15:12:21Z,True
kix:9667722314085,kix,,Jordan,AIR JORDAN 1 HIGH OG SMOKE GREY,,,170.0,107.0,37.06,True,in_stock,USD,"[""36"", ""37"", ""38"", ""39"", ""40"", ""41"", ""42"", ""43"", ""44"", ""45"", ""46""]",https://kixlb.com/products/air-jordan-1-high-og-smoke-grey,2026-04-10T15:12:21Z,True
kix:9667722281317,kix,,Jordan,AIR JORDAN 1 HIGH DARK MARINA BLUE,,,170.0,107.0,37.06,True,in_stock,USD,"[""36"", ""37"", ""38"", ""39"", ""40"", ""41"", ""42"", ""43"", ""44"", ""45"", ""46""]",https://kixlb.com/products/air-jordan-1-high-dark-marina-blue,2026-04-10T15:12:21Z,True
kix:9667722248549,kix,,Jordan,AIR JORDAN 1 HIGH COURT PURPLE,,,170.0,107.0,37.06,True,in_stock,USD,"[""36"", ""37"", ""38"", ""39"", ""40"", ""41"", ""42"", ""43"", ""44"", ""45"", ""46""]",https://kixlb.com/products/air-jordan-1-high-court-purple,2026-04-10T15:12:21Z,True
kix:9667717300581,kix,,Jordan,AIR JORDAN 1 HIGH RETRO OG BROTHERHOOD,,,170.0,107.0,37.06,True,in_stock,USD,"[""36"", ""37"", ""38"", ""39"", ""40"", ""41"", ""42"", ""43"", ""44"", ""45"", ""46""]",https://kixlb.com/products/air-jordan-1-high-retro-og-brotherhood,2026-04-10T15:12:21Z,True
kix:9667717103973,kix,,Jordan,AIR JORDAN 1 HIGH RETRO 85 BLACK WHITE,,,170.0,107.0,37.06,True,in_stock,USD,"[""36"", ""37"", ""38"", ""39"", ""40"", ""41"", ""42"", ""43"", ""44"", ""45"", ""46""]",https://kixlb.com/products/air-jordan-1-high-retro-85-black-white,2026-04-10T15:12:21Z,True
kix:9667717038437,kix,,Jordan,AIR JORDAN 1 HIGH 85 METALLIC BURGUNDY,,,170.0,107.0,37.06,True,in_stock,USD,"[""36"", ""37"", ""38"", ""39"", ""40"", ""41"", ""42"", ""43"", ""44"", ""45"", ""46""]",https://kixlb.com/products/air-jordan-1-high-85-metallic-burgundy,2026-04-10T15:12:21Z,True
kix:9667716874597,kix,,Jordan,AIR JORDAN 1 HIGH ZOOM COMFORT MULTI COLOUR,,,170.0,107.0,37.06,True,in_stock,USD,"[""36"", ""37"", ""38"", ""39"", ""40"", ""41"", ""42"", ""43"", ""44"", ""45"", ""46""]",https://kixlb.com/products/air-jordan-1-high-zoom-comfort-multi-colour,2026-04-10T15:12:21Z,True
kix:9667716776293,kix,,Jordan,AIR JORDAN 1 HIGH OG VARSITY RED PS,,,170.0,107.0,37.06,True,in_stock,USD,"[""36"", ""37"", ""38"", ""39"", ""40"", ""41"", ""42"", ""43"", ""44"", ""45"", ""46""]",https://kixlb.com/products/air-jordan-1-high-og-varsity-red-ps,2026-04-10T15:12:21Z,True
kix:9667716677989,kix,,Jordan,AIR JORDAN 1 HIGH KO STORM BLUE,,,170.0,107.0,37.06,True,in_stock,USD,"[""36"", ""37"", ""38"", ""39"", ""40"", ""41"", ""42"", ""43"", ""44"", ""45"", ""46""]",https://kixlb.com/products/air-jordan-1-high-ko-storm-blue,2026-04-10T15:12:21Z,True
kix:9667716579685,kix,,Jordan,AIR JORDAN 1 HIGH ELEMENT GORE-TEX SHADOW,,,170.0,107.0,37.06,True,in_stock,USD,"[""36"", ""37"", ""38"", ""39"", ""40"", ""41"", ""42"", ""43"", ""44"", ""45"", ""46""]",https://kixlb.com/products/air-jordan-1-high-element-gore-tex-shadow,2026-04-10T15:12:21Z,True
kix:9667716481381,kix,,Jordan,PARIS SAINT-GERMAIN X AIR JORDAN 1 HIGH ZOOM COMFORT PARIS,,,170.0,107.0,37.06,True,in_stock,USD,"[""36"", ""37"", ""38"", ""39"", ""40"", ""41"", ""42"", ""43"", ""44"", ""45"", ""46""]",https://kixlb.com/products/paris-saint-germain-x-air-jordan-1-high-zoom-comfort-paris,2026-04-10T15:12:21Z,True
kix:9667716448613,kix,,Jordan,AIR JORDAN 1 HIGH X SPIDER-MAN ACROSS THE SPIDER-VERSE RED BLACK,,,170.0,107.0,37.06,True,in_stock,USD,"[""36"", ""37"", ""38"", ""39"", ""40"", ""41"", ""42"", ""43"", ""44"", ""45"", ""46""]",https://kixlb.com/products/air-jordan-1-high-x-spider-man-across-the-spider-verse-red-black,2026-04-10T15:12:21Z,True
kix:9667716350309,kix,,Jordan,AIR JORDAN 1 HIGH OG SKYLINE,,,170.0,107.0,37.06,True,in_stock,USD,"[""36"", ""37"", ""38"", ""39"", ""40"", ""41"", ""42"", ""43"", ""44"", ""45"", ""46""]",https://kixlb.com/products/air-jordan-1-high-og-skyline,2026-04-10T15:12:21Z,True
kix:9667716284773,kix,,Jordan,AIR JORDAN 1 HIGH OG WHITE CEMENT,,,170.0,107.0,37.06,True,in_stock,USD,"[""36"", ""37"", ""38"", ""39"", ""40"", ""41"", ""42"", ""43"", ""44"", ""45"", ""46""]",https://kixlb.com/products/air-jordan-1-high-og-white-cement,2026-04-10T15:12:21Z,True
kix:9667716186469,kix,,Jordan,AIR JORDAN 1 HIGH MM COCONUT MILK WOMENS,,women,170.0,107.0,37.06,True,in_stock,USD,"[""36"", ""37"", ""38"", ""39"", ""40"", ""41"", ""42"", ""43"", ""44"", ""45"", ""46""]",https://kixlb.com/products/air-jordan-1-high-mm-coconut-milk-womens,2026-04-10T15:12:21Z,True
kix:9667716120933,kix,,Jordan,AIR JORDAN 1 HIGH ZOOM CMFT 2 FAMILIA,,,170.0,107.0,37.06,True,in_stock,USD,"[""36"", ""37"", ""38"", ""39"", ""40"", ""41"", ""42"", ""43"", ""44"", ""45"", ""46""]",https://kixlb.com/products/air-jordan-1-high-zoom-cmft-2-familia,2026-04-10T15:12:21Z,True
kix:9667716055397,kix,,Jordan,AIR JORDAN 1 HIGH RETRO ROYAL TOE,,,170.0,107.0,37.06,True,in_stock,USD,"[""36"", ""37"", ""38"", ""39"", ""40"", ""41"", ""42"", ""43"", ""44"", ""45"", ""46""]",https://kixlb.com/products/air-jordan-1-high-retro-royal-toe,2026-04-10T15:12:21Z,True
kix:9667715989861,kix,,Jordan,AIR JORDAN 1 HIGH DARK MOCHA,,,170.0,107.0,37.06,True,in_stock,USD,"[""36"", ""37"", ""38"", ""39"", ""40"", ""41"", ""42"", ""43"", ""44"", ""45"", ""46""]",https://kixlb.com/products/air-jordan-1-high-dark-mocha,2026-04-10T15:12:21Z,True
kix:9667715957093,kix,,Jordan,AIR JORDAN 1 HIGH RETRO OG LATTE WOMENS,,women,170.0,107.0,37.06,True,in_stock,USD,"[""36"", ""37"", ""38"", ""39"", ""40"", ""41"", ""42"", ""43"", ""44"", ""45"", ""46""]",https://kixlb.com/products/air-jordan-1-high-og-bordeaux-copy,2026-04-10T15:12:21Z,True
kix:9667715891557,kix,,Jordan,AIR JORDAN 1 HIGH OG BORDEAUX,,,170.0,107.0,37.06,True,in_stock,USD,"[""36"", ""37"", ""38"", ""39"", ""40"", ""41"", ""42"", ""43"", ""44"", ""45"", ""46""]",https://kixlb.com/products/air-jordan-1-high-og-bordeaux,2026-04-10T15:12:21Z,True
kix:9667715858789,kix,,Jordan,AIR JORDAN 1 HIGH OG WASHED PINK WOMENS,,women,170.0,107.0,37.06,True,in_stock,USD,"[""36"", ""37"", ""38"", ""39"", ""40"", ""41"", ""42"", ""43"", ""44"", ""45"", ""46""]",https://kixlb.com/products/air-jordan-1-high-zoom-cmft-2-chrome-swoosh-copy,2026-04-10T15:12:21Z,True
kix:9667715826021,kix,,Jordan,AIR JORDAN 1 HIGH ZOOM CMFT 2 CHROME SWOOSH,,,170.0,107.0,37.06,True,in_stock,USD,"[""36"", ""37"", ""38"", ""39"", ""40"", ""41"", ""42"", ""43"", ""44"", ""45"", ""46""]",https://kixlb.com/products/air-jordan-1-high-zoom-cmft-2-chrome-swoosh,2026-04-10T15:12:21Z,True
kix:9667698327909,kix,,Jordan,AIR JORDAN 1 HIGH OG SKY J MAUVE,,,170.0,107.0,37.06,True,in_stock,USD,"[""36"", ""37"", ""38"", ""39"", ""40"", ""41"", ""42"", ""43"", ""44"", ""45"", ""46""]",https://kixlb.com/products/air-jordan-1-high-og-sky-j-mauve,2026-04-10T15:12:21Z,True
kix:9667698229605,kix,,Jordan,AIR JORDAN 1 HIGH OG UNIVERSITY BLUE UNC,,,170.0,107.0,37.06,True,in_stock,USD,"[""36"", ""37"", ""38"", ""39"", ""40"", ""41"", ""42"", ""43"", ""44"", ""45"", ""46""]",https://kixlb.com/products/air-jordan-1-high-og-university-blue-unc,2026-04-10T15:12:21Z,True
kix:9667698131301,kix,,Jordan,AIR JORDAN 1 HIGH OG BRED PATENT,,,170.0,107.0,37.06,True,in_stock,USD,"[""36"", ""37"", ""38"", ""39"", ""40"", ""41"", ""42"", ""43"", ""44"", ""45"", ""46""]",https://kixlb.com/products/air-jordan-1-high-og-bred-patent,2026-04-10T15:12:21Z,True
kix:9667698065765,kix,,Jordan,AIR JORDAN 1 HIGH OG CHICAGO LOST AND FOUND,,,170.0,107.0,37.06,True,in_stock,USD,"[""36"", ""37"", ""38"", ""39"", ""40"", ""41"", ""42"", ""43"", ""44"", ""45"", ""46""]",https://kixlb.com/products/air-jordan-1-high-og-chicago-lost-and-found,2026-04-10T15:12:21Z,True
kix:9667665756517,kix,,Nike,Nike Air Max 1 OG 'Anniversary',,,80.0,,,False,in_stock,USD,"[""36"", ""37"", ""38"", ""39"", ""40"", ""41"", ""42"", ""43"", ""44"", ""45"", ""46""]",https://kixlb.com/products/nike-air-max-1-og-anniversary,2026-04-10T15:12:21Z,True
kix:9667665690981,kix,,Nike,Nike Air Max 1 City Pack 'London',,,80.0,,,False,in_stock,USD,"[""36"", ""37"", ""38"", ""39"", ""40"", ""41"", ""42"", ""43"", ""44"", ""45"", ""46""]",https://kixlb.com/products/nike-air-max-1-city-pack-london,2026-04-10T15:12:21Z,True
kix:9667665625445,kix,,Nike,HUF x Nike Air Max 1 SP 'Pink',,,80.0,,,False,in_stock,USD,"[""36"", ""37"", ""38"", ""39"", ""40"", ""41"", ""42"", ""43"", ""44"", ""45"", ""46""]",https://kixlb.com/products/huf-x-nike-air-max-1-sp-pink,2026-04-10T15:12:21Z,True
kix:9667665559909,kix,,Nike,Nike Air Max 1 'Familia',,,80.0,,,False,in_stock,USD,"[""36"", ""37"", ""38"", ""39"", ""40"", ""41"", ""42"", ""43"", ""44"", ""45"", ""46""]",https://kixlb.com/products/nike-air-max-1-familia,2026-04-10T15:12:21Z,True
kix:9667665494373,kix,,Nike,CLOT x Nike Air Max 1 'Kiss Of Death Solar Red',,,80.0,,,False,in_stock,USD,"[""36"", ""37"", ""38"", ""39"", ""40"", ""41"", ""42"", ""43"", ""44"", ""45"", ""46""]",https://kixlb.com/products/clot-x-nike-air-max-1-kiss-of-death-solar-red,2026-04-10T15:12:21Z,True
kix:9667665428837,kix,,Nike,Nike Air Max 1 87 Luxe 'University Of Oregon' PE,,,80.0,,,False,in_stock,USD,"[""36"", ""37"", ""38"", ""39"", ""40"", ""41"", ""42"", ""43"", ""44"", ""45"", ""46""]",https://kixlb.com/products/nike-air-max-1-87-luxe-university-of-oregon-pe,2026-04-10T15:12:21Z,True
kix:9667665363301,kix,,Nike,Concepts x Nike Air Max 1 SP 'Heavy',,,80.0,,,False,in_stock,USD,"[""36"", ""37"", ""38"", ""39"", ""40"", ""41"", ""42"", ""43"", ""44"", ""45"", ""46""]",https://kixlb.com/products/concepts-x-nike-air-max-1-sp-heavy,2026-04-10T15:12:21Z,True
kix:9667665264997,kix,,Nike,PHANTA Ci X Nike Air Max 1 'Grand Piano',,,80.0,,,False,in_stock,USD,"[""36"", ""37"", ""38"", ""39"", ""40"", ""41"", ""42"", ""43"", ""44"", ""45"", ""46""]",https://kixlb.com/products/phanta-ci-x-nike-air-max-1-grand-piano,2026-04-10T15:12:21Z,True
kix:9667665199461,kix,,Nike,Nike Air Max 1 'Evolution Of Icons',,,80.0,,,False,in_stock,USD,"[""36"", ""37"", ""38"", ""39"", ""40"", ""41"", ""42"", ""43"", ""44"", ""45"", ""46""]",https://kixlb.com/products/nike-air-max-1-evolution-of-icons,2026-04-10T15:12:21Z,True
kix:9667665133925,kix,,Nike,Nike Air Max 1 'Athletic Department Midnight Navy',,,80.0,,,False,in_stock,USD,"[""36"", ""37"", ""38"", ""39"", ""40"", ""41"", ""42"", ""43"", ""44"", ""45"", ""46""]",https://kixlb.com/products/nike-air-max-1-athletic-department-midnight-navy,2026-04-10T15:12:21Z,True
kix:9667665101157,kix,,Nike,Supreme x Nike Air Max 1 87 SP 'Speed Yellow',,,80.0,,,False,in_stock,USD,"[""36"", ""37"", ""38"", ""39"", ""40"", ""41"", ""42"", ""43"", ""44"", ""45"", ""46""]",https://kixlb.com/products/supreme-x-nike-air-max-1-87-sp-speed-yellow,2026-04-10T15:12:21Z,True
kix:9667665068389,kix,,Nike,Supreme x Nike Air Max 1 87 SP 'Triple White',,,80.0,,,False,in_stock,USD,"[""36"", ""37"", ""38"", ""39"", ""40"", ""41"", ""42"", ""43"", ""44"", ""45"", ""46""]",https://kixlb.com/products/supreme-x-nike-air-max-1-87-sp-triple-white,2026-04-10T15:12:21Z,True
kix:9667665035621,kix,,Nike,Supreme x Nike Air Max 1 87 SP 'Varsity Purple',,,80.0,,,False,in_stock,USD,"[""36"", ""37"", ""38"", ""39"", ""40"", ""41"", ""42"", ""43"", ""44"", ""45"", ""46""]",https://kixlb.com/products/supreme-x-nike-air-max-1-87-sp-varsity-purple,2026-04-10T15:12:21Z,True
kix:9667665002853,kix,,Nike,Patta x Nike Air Max 1 'Chlorophyll',,,80.0,,,False,in_stock,USD,"[""36"", ""37"", ""38"", ""39"", ""40"", ""41"", ""42"", ""43"", ""44"", ""45"", ""46""]",https://kixlb.com/products/patta-x-nike-air-max-1-chlorophyll,2026-04-10T15:12:21Z,True
kix:9667664871781,kix,,Nike,Nike Air Max 1 'Low Poly - Big Head Origins',,,80.0,,,False,in_stock,USD,"[""36"", ""37"", ""38"", ""39"", ""40"", ""41"", ""42"", ""43"", ""44"", ""45"", ""46""]",https://kixlb.com/products/nike-air-max-1-low-poly-big-head-origins,2026-04-10T15:12:21Z,True
kix:9667664707941,kix,,Nike,Nike Air Max 1 'Hot Sauce',,,80.0,,,False,in_stock,USD,"[""36"", ""37"", ""38"", ""39"", ""40"", ""41"", ""42"", ""43"", ""44"", ""45"", ""46""]",https://kixlb.com/products/nikeair-max-1-navy-royal,2026-04-10T15:12:21Z,True
kix:9667657400677,kix,,Jordan,AIR JORDAN 1 MID SE WHITE BROWN BLUE GREY GS,,,150.0,94.0,37.33,True,in_stock,USD,"[""36"", ""37"", ""38"", ""39"", ""40"", ""41"", ""42"", ""43"", ""44"", ""45"", ""46""]",https://kixlb.com/products/air-jordan-1-mid-se-white-brown-blue-grey-gs,2026-04-10T15:12:21Z,True
kix:9667657335141,kix,,Jordan,AIR JORDAN 1 MID NIGHT STADIUM,,,150.0,94.0,37.33,True,in_stock,USD,"[""36"", ""37"", ""38"", ""39"", ""40"", ""41"", ""42"", ""43"", ""44"", ""45"", ""46""]",https://kixlb.com/products/air-jordan-1-mid-night-stadium,2026-04-10T15:12:21Z,True
kix:9667657302373,kix,,Jordan,AIR JORDAN 1 MID GLITTER SWOOSH BLUE GS,,,150.0,94.0,37.33,True,in_stock,USD,"[""36"", ""37"", ""38"", ""39"", ""40"", ""41"", ""42"", ""43"", ""44"", ""45"", ""46""]",https://kixlb.com/products/air-jordan-1-mid-glitter-swoosh-blue-gs,2026-04-10T15:12:21Z,True
kix:9667657269605,kix,,Jordan,AIR JORDAN 1 MID SE SEA GLASS OIL GREEN WOMENS,,women,150.0,94.0,37.33,True,in_stock,USD,"[""36"", ""37"", ""38"", ""39"", ""40"", ""41"", ""42"", ""43"", ""44"", ""45"", ""46""]",https://kixlb.com/products/air-jordan-1-mid-se-sea-glass-oil-green-womens,2026-04-10T15:12:21Z,True
kix:9667657236837,kix,,Jordan,AIR JORDAN 1 MID FLAMINGO GS,,,150.0,94.0,37.33,True,in_stock,USD,"[""36"", ""37"", ""38"", ""39"", ""40"", ""41"", ""42"", ""43"", ""44"", ""45"", ""46""]",https://kixlb.com/products/air-jordan-1-mid-se-white-sea-glass-glacier-blue-guava-ice,2026-04-10T15:12:21Z,True
kix:9667657204069,kix,,Jordan,AIR JORDAN 1 MID LIGHT OREWOOD BROWN TAUPE GREY WOMENS,,women,150.0,94.0,37.33,True,in_stock,USD,"[""36"", ""37"", ""38"", ""39"", ""40"", ""41"", ""42"", ""43"", ""44"", ""45"", ""46""]",https://kixlb.com/products/air-jordan-1-mid-light-orewood-brown-taupe-grey-womens,2026-04-10T15:12:21Z,True
kix:9667657171301,kix,,Jordan,AIR JORDAN 1 MID SE BLACK METALLIC REIMAGINED GS,,,150.0,94.0,37.33,True,in_stock,USD,"[""36"", ""37"", ""38"", ""39"", ""40"", ""41"", ""42"", ""43"", ""44"", ""45"", ""46""]",https://kixlb.com/products/air-jordan-1-mid-se-black-metallic-reimagined-gs,2026-04-10T15:12:21Z,True
kix:9667657138533,kix,,Jordan,AIR JORDAN 1 MID REVERSE BRED,,,150.0,94.0,37.33,True,in_stock,USD,"[""36"", ""37"", ""38"", ""39"", ""40"", ""41"", ""42"", ""43"", ""44"", ""45"", ""46""]",https://kixlb.com/products/air-jordan-1-mid-reverse-bred,2026-04-10T15:12:21Z,True
kix:9667657105765,kix,,Jordan,AIR JORDAN 1 MID BLACK CHILE RED WHITE,,,150.0,94.0,37.33,True,in_stock,USD,"[""36"", ""37"", ""38"", ""39"", ""40"", ""41"", ""42"", ""43"", ""44"", ""45"", ""46""]",https://kixlb.com/products/air-jordan-1-mid-triple-black-copy,2026-04-10T15:12:21Z,True
kix:9667656614245,kix,,Jordan,AIR JORDAN 1 MID TRIPLE BLACK,,,150.0,94.0,37.33,True,in_stock,USD,"[""36"", ""37"", ""38"", ""39"", ""40"", ""41"", ""42"", ""43"", ""44"", ""45"", ""46""]",https://kixlb.com/products/air-jordan-1-mid-triple-black,2026-04-10T15:12:21Z,True
kix:9667656548709,kix,,Jordan,AIR JORDAN 1 MID PURPLE AQUA,,,150.0,94.0,37.33,True,in_stock,USD,"[""36"", ""37"", ""38"", ""39"", ""40"", ""41"", ""42"", ""43"", ""44"", ""45"", ""46""]",https://kixlb.com/products/air-jordan-1-mid-purple-aqua,2026-04-10T15:12:21Z,True
kix:9667656483173,kix,,Jordan,AIR JORDAN 1 MID WHITE SHADOW GS,,,150.0,94.0,37.33,True,in_stock,USD,"[""36"", ""37"", ""38"", ""39"", ""40"", ""41"", ""42"", ""43"", ""44"", ""45"", ""46""]",https://kixlb.com/products/air-jordan-1-mid-white-shadow-gs,2026-04-10T15:12:21Z,True
kix:9667656450405,kix,,Jordan,AIR JORDAN 1 MID HYPER ROYAL GS,,,150.0,94.0,37.33,True,in_stock,USD,"[""36"", ""37"", ""38"", ""39"", ""40"", ""41"", ""42"", ""43"", ""44"", ""45"", ""46""]",https://kixlb.com/products/air-jordan-1-mid-hyper-royal-gs,2026-04-10T15:12:21Z,True
kix:9667656417637,kix,,Jordan,AIR JORDAN 1 MID GS SONICS,,,150.0,94.0,37.33,True,in_stock,USD,"[""36"", ""37"", ""38"", ""39"", ""40"", ""41"", ""42"", ""43"", ""44"", ""45"", ""46""]",https://kixlb.com/products/air-jordan-1-mid-gs-sonics,2026-04-10T15:12:21Z,True
kix:9667656352101,kix,,Jordan,AIR JORDAN 1 MID GS CORAL CHALK,,,150.0,98.0,34.67,True,in_stock,USD,"[""36"", ""37"", ""38"", ""39"", ""40"", ""41"", ""42"", ""43"", ""44"", ""45"", ""46""]",https://kixlb.com/products/air-jordan-1-mid-gs-coral-chalk,2026-04-10T15:12:21Z,True
kix:9667656286565,kix,,Jordan,JORDAN 1 MID BLACK ARCTIC PINK GS,,,150.0,98.0,34.67,True,in_stock,USD,"[""36"", ""37"", ""38"", ""39"", ""40"", ""41"", ""42"", ""43"", ""44"", ""45"", ""46""]",https://kixlb.com/products/jordan-1-mid-black-arctic-pink-gs,2026-04-10T15:12:21Z,True
kix:9667655500133,kix,,Jordan,AIR JORDAN 1 MID SE VARSITY PURPLE,,,150.0,98.0,34.67,True,in_stock,USD,"[""36"", ""37"", ""38"", ""39"", ""40"", ""41"", ""42"", ""43"", ""44"", ""45"", ""46""]",https://kixlb.com/products/air-jordan-1-mid-se-varsity-purple,2026-04-10T15:12:21Z,True
kix:9667655401829,kix,,Jordan,AIR JORDAN 1 MID ALTERNATE BRED TOE WOMENS,,women,150.0,98.0,34.67,True,in_stock,USD,"[""36"", ""37"", ""38"", ""39"", ""40"", ""41"", ""42"", ""43"", ""44"", ""45"", ""46""]",https://kixlb.com/products/air-jordan-1-mid-alternate-bred-toe-womens,2026-04-10T15:12:21Z,True
kix:9667655369061,kix,,Jordan,AIR JORDAN 1 MID DIFFUSED BLUE WOMENS,,women,140.0,98.0,30.0,True,in_stock,USD,"[""36"", ""37"", ""38"", ""39"", ""40"", ""41"", ""42"", ""43"", ""44"", ""45"", ""46""]",https://kixlb.com/products/air-jordan-1-mid-diffused-blue-womens,2026-04-10T15:12:21Z,True
kix:9667655237989,kix,,Jordan,AIR JORDAN 1 MID BURGUNDY DUSTY PINK WOMENS,,women,140.0,98.0,30.0,True,in_stock,USD,"[""36"", ""37"", ""38"", ""39"", ""40"", ""41"", ""42"", ""43"", ""44"", ""45"", ""46""]",https://kixlb.com/products/air-jordan-1-mid-burgundy-dusty-pink-womens,2026-04-10T15:12:21Z,True
kix:9667655205221,kix,,Jordan,AIR JORDAN 1 MID MAGENTA WOMENS,,women,140.0,98.0,30.0,True,in_stock,USD,"[""36"", ""37"", ""38"", ""39"", ""40"", ""41"", ""42"", ""43"", ""44"", ""45"", ""46""]",https://kixlb.com/products/air-jordan-1-mid-magenta-womens,2026-04-10T15:12:21Z,True
kix:9667655139685,kix,,Jordan,AIR JORDAN 1 MID SE DUTCH GREEN WOMENS,,women,140.0,98.0,30.0,True,in_stock,USD,"[""36"", ""37"", ""38"", ""39"", ""40"", ""41"", ""42"", ""43"", ""44"", ""45"", ""46""]",https://kixlb.com/products/air-jordan-1-mid-se-dutch-green-womens,2026-04-10T15:12:21Z,True
kix:9667655041381,kix,,Jordan,AIR JORDAN 1 MID FAMILIA DIA DE LOS MUERTOS,,,140.0,98.0,30.0,True,in_stock,USD,"[""36"", ""37"", ""38"", ""39"", ""40"", ""41"", ""42"", ""43"", ""44"", ""45"", ""46""]",https://kixlb.com/products/air-jordan-1-mid-familia-dia-de-los-muertos,2026-04-10T15:12:21Z,True
kix:9667654975845,kix,,Jordan,AIR JORDAN 1 MID SE GS BARCELONA SWEATER,,,140.0,98.0,30.0,True,in_stock,USD,"[""36"", ""37"", ""38"", ""39"", ""40"", ""41"", ""42"", ""43"", ""44"", ""45"", ""46""]",https://kixlb.com/products/air-jordan-1-mid-se-gs-barcelona-sweater,2026-04-10T15:12:21Z,True
kix:9667654877541,kix,,Jordan,AIR JORDAN 1 MID SE ALL-STAR WEEKEND GS,,,140.0,98.0,30.0,True,in_stock,USD,"[""36"", ""37"", ""38"", ""39"", ""40"", ""41"", ""42"", ""43"", ""44"", ""45"", ""46""]",https://kixlb.com/products/air-jordan-1-mid-se-all-star-weekend-gs,2026-04-10T15:12:21Z,True
kix:9667654844773,kix,,Jordan,AIR JORDAN 1 MID SE PARTICLE BEIGE WOMENS,,women,140.0,90.0,35.71,True,in_stock,USD,"[""36"", ""37"", ""38"", ""39"", ""40"", ""41"", ""42"", ""43"", ""44"", ""45"", ""46""]",https://kixlb.com/products/air-jordan-1-mid-se-particle-beige-womens,2026-04-10T15:12:21Z,True
kix:9667654779237,kix,,Jordan,AIR JORDAN 1 MID SE MOTORSPORTS GS,,,140.0,90.0,35.71,True,in_stock,USD,"[""36"", ""37"", ""38"", ""39"", ""40"", ""41"", ""42"", ""43"", ""44"", ""45"", ""46""]",https://kixlb.com/products/air-jordan-1-mid-se-motorsports-gs,2026-04-10T15:12:21Z,True
kix:9667654713701,kix,,Jordan,AIR JORDAN 1 MID SE ELECTRO ORANGE,,,140.0,90.0,35.71,True,in_stock,USD,"[""36"", ""37"", ""38"", ""39"", ""40"", ""41"", ""42"", ""43"", ""44"", ""45"", ""46""]",https://kixlb.com/products/air-jordan-1-mid-se-electro-orange,2026-04-10T15:12:21Z,True
kix:9667654680933,kix,,Jordan,AIR JORDAN 1 MID ANTI GRAVITY MACHINES WOMENS,,women,140.0,90.0,35.71,True,in_stock,USD,"[""36"", ""37"", ""38"", ""39"", ""40"", ""41"", ""42"", ""43"", ""44"", ""45"", ""46""]",https://kixlb.com/products/air-jordan-1-mid-anti-gravity-machines-womens,2026-04-10T15:12:21Z,True
kix:9667654648165,kix,,Jordan,AIR JORDAN 1 MID SE COCONUT MILK GREY GS,,,140.0,90.0,35.71,True,in_stock,USD,"[""36"", ""37"", ""38"", ""39"", ""40"", ""41"", ""42"", ""43"", ""44"", ""45"", ""46""]",https://kixlb.com/products/air-jordan-1-mid-se-coconut-milk-grey-gs,2026-04-10T15:12:21Z,True
kix:9667654615397,kix,,Jordan,AIR JORDAN 1 MID CELTICS GS,,,140.0,90.0,35.71,True,in_stock,USD,"[""36"", ""37"", ""38"", ""39"", ""40"", ""41"", ""42"", ""43"", ""44"", ""45"", ""46""]",https://kixlb.com/products/air-jordan-1-mid-celtics-gs,2026-04-10T15:12:21Z,True
kix:9667654582629,kix,,Jordan,AIR JORDAN 1 MID PURPLE VENOM GS,,,140.0,90.0,35.71,True,in_stock,USD,"[""36"", ""37"", ""38"", ""39"", ""40"", ""41"", ""42"", ""43"", ""44"", ""45"", ""46""]",https://kixlb.com/products/air-jordan-1-mid-purple-venom-gs,2026-04-10T15:12:21Z,True
kix:9667654484325,kix,,Jordan,AIR JORDAN 1 MID BLACK ROYAL BLUE,,,140.0,90.0,35.71,True,in_stock,USD,"[""36"", ""37"", ""38"", ""39"", ""40"", ""41"", ""42"", ""43"", ""44"", ""45"", ""46""]",https://kixlb.com/products/air-jordan-1-mid-black-royal-blue,2026-04-10T15:12:21Z,True
kix:9667654451557,kix,,Jordan,AIR JORDAN 1 MID UNIVERSITY BLUE BLACK,,,140.0,90.0,35.71,True,in_stock,USD,"[""36"", ""37"", ""38"", ""39"", ""40"", ""41"", ""42"", ""43"", ""44"", ""45"", ""46""]",https://kixlb.com/products/air-jordan-1-mid-university-blue-black,2026-04-10T15:12:21Z,True
kix:9667654418789,kix,,Jordan,AIR JORDAN 1 MID GAME ROYAL,,,140.0,90.0,35.71,True,in_stock,USD,"[""36"", ""37"", ""38"", ""39"", ""40"", ""41"", ""42"", ""43"", ""44"", ""45"", ""46""]",https://kixlb.com/products/air-jordan-1-mid-game-royal,2026-04-10T15:12:21Z,True
kix:9667654287717,kix,,Jordan,AIR JORDAN 1 MID LAKERS,,,140.0,90.0,35.71,True,in_stock,USD,"[""36"", ""37"", ""38"", ""39"", ""40"", ""41"", ""42"", ""43"", ""44"", ""45"", ""46""]",https://kixlb.com/products/air-jordan-1-mid-lakers,2026-04-10T15:12:21Z,True
kix:9667654189413,kix,,Jordan,AIR JORDAN 1 MID TEAM RED,,,140.0,90.0,35.71,True,in_stock,USD,"[""36"", ""37"", ""38"", ""39"", ""40"", ""41"", ""42"", ""43"", ""44"", ""45"", ""46""]",https://kixlb.com/products/air-jordan-1-mid-team-red,2026-04-10T15:12:21Z,True
kix:9667654156645,kix,,Jordan,AIR JORDAN 1 MID VALENTINE'S DAY 2022 WOMENS,,women,140.0,95.0,32.14,True,in_stock,USD,"[""36"", ""37"", ""38"", ""39"", ""40"", ""41"", ""42"", ""43"", ""44"", ""45"", ""46""]",https://kixlb.com/products/air-jordan-1-mid-valentines-day-2022-womens,2026-04-10T15:12:21Z,True
kix:9667654091109,kix,,Jordan,AIR JORDAN 1 MID SPLIT BLACK WHITE WOMENS TWO TONE,,women,165.0,95.0,42.42,True,in_stock,USD,"[""36"", ""37"", ""38"", ""39"", ""40"", ""41"", ""42"", ""43"", ""44"", ""45"", ""46""]",https://kixlb.com/products/air-jordan-1-mid-split-black-white-womens-two-tone,2026-04-10T15:12:21Z,True
kix:9667654025573,kix,,Jordan,AIR JORDAN 1 MID SE GLITTER BLACK GOLD GS,,,165.0,95.0,42.42,True,in_stock,USD,"[""36"", ""37"", ""38"", ""39"", ""40"", ""41"", ""42"", ""43"", ""44"", ""45"", ""46""]",https://kixlb.com/products/air-jordan-1-mid-se-glitter-black-gold-gs,2026-04-10T15:12:21Z,True
kix:9667653992805,kix,,Jordan,AIR JORDAN 1 MID SE CANVAS STEEL GREY,,,165.0,95.0,42.42,True,in_stock,USD,"[""36"", ""37"", ""38"", ""39"", ""40"", ""41"", ""42"", ""43"", ""44"", ""45"", ""46""]",https://kixlb.com/products/air-jordan-1-mid-se-canvas-steel-grey,2026-04-10T15:12:21Z,True
kix:9667653960037,kix,,Jordan,AIR JORDAN 1 MID SE SPACE JAM,,,165.0,95.0,42.42,True,in_stock,USD,"[""36"", ""37"", ""38"", ""39"", ""40"", ""41"", ""42"", ""43"", ""44"", ""45"", ""46""]",https://kixlb.com/products/air-jordan-1-mid-se-space-jam,2026-04-10T15:12:21Z,True
kix:9667653894501,kix,,Jordan,AIR JORDAN 1 MID ORANGE SUEDE GS,,,165.0,95.0,42.42,True,in_stock,USD,"[""36"", ""37"", ""38"", ""39"", ""40"", ""41"", ""42"", ""43"", ""44"", ""45"", ""46""]",https://kixlb.com/products/air-jordan-1-mid-se-cacao-wow-gs-1,2026-04-10T15:12:21Z,True
kix:9667653861733,kix,,Jordan,AIR JORDAN 1 MID SE CACAO WOW GS,,,165.0,95.0,42.42,True,in_stock,USD,"[""36"", ""37"", ""38"", ""39"", ""40"", ""41"", ""42"", ""43"", ""44"", ""45"", ""46""]",https://kixlb.com/products/air-jordan-1-mid-se-cacao-wow-gs,2026-04-10T15:12:21Z,True
kix:9667653828965,kix,,Jordan,AIR JORDAN 1 MID SE PANDA ELEPHANT,,,165.0,95.0,42.42,True,in_stock,USD,"[""36"", ""37"", ""38"", ""39"", ""40"", ""41"", ""42"", ""43"", ""44"", ""45"", ""46""]",https://kixlb.com/products/air-jordan-1-mid-se-panda-elephant,2026-04-10T15:12:21Z,True
kix:9667653796197,kix,,Jordan,AIR JORDAN 1 MID SE LEGEND PINK,,,165.0,95.0,42.42,True,in_stock,USD,"[""36"", ""37"", ""38"", ""39"", ""40"", ""41"", ""42"", ""43"", ""44"", ""45"", ""46""]",https://kixlb.com/products/air-jordan-1-mid-se-legend-pink,2026-04-10T15:12:21Z,True
kix:9667653108069,kix,,Jordan,AIR JORDAN 1 MID SE OXIDIZED GREEN GS,,,165.0,95.0,42.42,True,in_stock,USD,"[""36"", ""37"", ""38"", ""39"", ""40"", ""41"", ""42"", ""43"", ""44"", ""45"", ""46""]",https://kixlb.com/products/air-jordan-1-mid-se-oxidized-green-gs,2026-04-10T15:12:21Z,True
kix:9667653075301,kix,,Jordan,AIR JORDAN 1 MID WHITE UNIVERSITY RED,,,165.0,95.0,42.42,True,in_stock,USD,"[""36"", ""37"", ""38"", ""39"", ""40"", ""41"", ""42"", ""43"", ""44"", ""45"", ""46""]",https://kixlb.com/products/air-jordan-1-mid-white-university-red,2026-04-10T15:12:21Z,True
kix:9667653042533,kix,,Jordan,AIR JORDAN 1 MID CHICAGO TOE GS,,,165.0,95.0,42.42,True,in_stock,USD,"[""36"", ""37"", ""38"", ""39"", ""40"", ""41"", ""42"", ""43"", ""44"", ""45"", ""46""]",https://kixlb.com/products/air-jordan-1-mid-chicago-toe-gs,2026-04-10T15:12:21Z,True
kix:9667652976997,kix,,Jordan,AIR JORDAN 1 MID GS WHITE BLACK LIGHT ARCTIC PINK,,,165.0,95.0,42.42,True,in_stock,USD,"[""36"", ""37"", ""38"", ""39"", ""40"", ""41"", ""42"", ""43"", ""44"", ""45"", ""46""]",https://kixlb.com/products/air-jordan-1-mid-gs-white-black-light-arctic-pink,2026-04-10T15:12:21Z,True
kix:9667652911461,kix,,Jordan,AIR JORDAN 1 MID LIGHT SMOKE GREY WOMENS,,women,165.0,95.0,42.42,True,in_stock,USD,"[""36"", ""37"", ""38"", ""39"", ""40"", ""41"", ""42"", ""43"", ""44"", ""45"", ""46""]",https://kixlb.com/products/air-jordan-1-mid-light-smoke-grey-womens,2026-04-10T15:12:21Z,True
kix:9667652878693,kix,,Jordan,AIR JORDAN 1 MID UNIVERSITY BLUE WOMENS,,women,165.0,95.0,42.42,True,in_stock,USD,"[""36"", ""37"", ""38"", ""39"", ""40"", ""41"", ""42"", ""43"", ""44"", ""45"", ""46""]",https://kixlb.com/products/air-jordan-1-mid-university-blue-womens,2026-04-10T15:12:21Z,True
kix:9667652747621,kix,,Jordan,AIR JORDAN 1 MID BARELY ORANGE,,,165.0,95.0,42.42,True,in_stock,USD,"[""36"", ""37"", ""38"", ""39"", ""40"", ""41"", ""42"", ""43"", ""44"", ""45"", ""46""]",https://kixlb.com/products/air-jordan-1-mid-to-my-first-coach-womens-copy,2026-04-10T15:12:21Z,True
kix:9667652682085,kix,,Jordan,AIR JORDAN 1 MID TO MY FIRST COACH WOMENS,,women,165.0,95.0,42.42,True,in_stock,USD,"[""36"", ""37"", ""38"", ""39"", ""40"", ""41"", ""42"", ""43"", ""44"", ""45"", ""46""]",https://kixlb.com/products/air-jordan-1-mid-to-my-first-coach-womens,2026-04-10T15:12:21Z,True
kix:9667652616549,kix,,Jordan,AIR JORDAN 1 MID PINK LAVENDER GS,,,165.0,95.0,42.42,True,in_stock,USD,"[""36"", ""37"", ""38"", ""39"", ""40"", ""41"", ""42"", ""43"", ""44"", ""45"", ""46""]",https://kixlb.com/products/air-jordan-1-mid-pink-lavender-gs,2026-04-10T15:12:21Z,True
kix:9667652583781,kix,,Jordan,AIR JORDAN 1 MID BLACK WHITE IRON GREY,,,165.0,95.0,42.42,True,in_stock,USD,"[""36"", ""37"", ""38"", ""39"", ""40"", ""41"", ""42"", ""43"", ""44"", ""45"", ""46""]",https://kixlb.com/products/air-jordan-1-mid-black-white-iron-grey,2026-04-10T15:12:21Z,True
kix:9667652551013,kix,,Jordan,AIR JORDAN 1 MID WHITE BLACK,,,165.0,92.0,44.24,True,in_stock,USD,"[""36"", ""37"", ""38"", ""39"", ""40"", ""41"", ""42"", ""43"", ""44"", ""45"", ""46""]",https://kixlb.com/products/air-jordan-1-mid-white-black,2026-04-10T15:12:21Z,True
kix:9667652452709,kix,,Jordan,AIR JORDAN 1 MID UNIVERSITY BLUE GREY,,,165.0,92.0,44.24,True,in_stock,USD,"[""36"", ""37"", ""38"", ""39"", ""40"", ""41"", ""42"", ""43"", ""44"", ""45"", ""46""]",https://kixlb.com/products/air-jordan-1-mid-university-blue-grey,2026-04-10T15:12:21Z,True
kix:9667652419941,kix,,Jordan,AIR JORDAN 1 MID WHITE METALLIC GOLD OBSIDIAN,,,165.0,92.0,44.24,True,in_stock,USD,"[""36"", ""37"", ""38"", ""39"", ""40"", ""41"", ""42"", ""43"", ""44"", ""45"", ""46""]",https://kixlb.com/products/air-jordan-1-mid-reverse-yellow-toe-gs-copy,2026-04-10T15:12:21Z,True
kix:9667652354405,kix,,Jordan,AIR JORDAN 1 MID REVERSE YELLOW TOE GS,,,165.0,92.0,44.24,True,in_stock,USD,"[""36"", ""37"", ""38"", ""39"", ""40"", ""41"", ""42"", ""43"", ""44"", ""45"", ""46""]",https://kixlb.com/products/air-jordan-1-mid-reverse-yellow-toe-gs,2026-04-10T15:12:21Z,True
kix:9667652288869,kix,,Jordan,AIR JORDAN 1 MID BERRY PINK WOMENS,,women,165.0,92.0,44.24,True,in_stock,USD,"[""36"", ""37"", ""38"", ""39"", ""40"", ""41"", ""42"", ""43"", ""44"", ""45"", ""46""]",https://kixlb.com/products/air-jordan-1-mid-grey-camo-gs-copy,2026-04-10T15:12:21Z,True
kix:9667652256101,kix,,Jordan,AIR JORDAN 1 MID GREY CAMO GS,,,165.0,92.0,44.24,True,in_stock,USD,"[""36"", ""37"", ""38"", ""39"", ""40"", ""41"", ""42"", ""43"", ""44"", ""45"", ""46""]",https://kixlb.com/products/air-jordan-1-mid-grey-camo-gs,2026-04-10T15:12:21Z,True
kix:9667652223333,kix,,Jordan,AIR JORDAN 1 MID VALENTINES DAY GS,,,165.0,92.0,44.24,True,in_stock,USD,"[""36"", ""37"", ""38"", ""39"", ""40"", ""41"", ""42"", ""43"", ""44"", ""45"", ""46""]",https://kixlb.com/products/air-jordan-1-mid-grey-blue-womens-copy,2026-04-10T15:12:21Z,True
kix:9667652190565,kix,,Jordan,AIR JORDAN 1 MID GREY BLUE WOMENS,,women,165.0,92.0,44.24,True,in_stock,USD,"[""36"", ""37"", ""38"", ""39"", ""40"", ""41"", ""42"", ""43"", ""44"", ""45"", ""46""]",https://kixlb.com/products/air-jordan-1-mid-grey-blue-womens,2026-04-10T15:12:21Z,True
kix:9667652157797,kix,,Jordan,AIR JORDAN 1 MID SE DIAMOND,,,165.0,92.0,44.24,True,in_stock,USD,"[""36"", ""37"", ""38"", ""39"", ""40"", ""41"", ""42"", ""43"", ""44"", ""45"", ""46""]",https://kixlb.com/products/air-jordan-1-mid-reverse-bred-2022-gs-copy,2026-04-10T15:12:21Z,True
kix:9667652092261,kix,,Jordan,AIR JORDAN 1 MID REVERSE BRED 2022 GS,,,165.0,92.0,44.24,True,in_stock,USD,"[""36"", ""37"", ""38"", ""39"", ""40"", ""41"", ""42"", ""43"", ""44"", ""45"", ""46""]",https://kixlb.com/products/air-jordan-1-mid-panda-womens-copy,2026-04-10T15:12:21Z,True
kix:9667652059493,kix,,Jordan,AIR JORDAN 1 MID PANDA WOMENS,,women,165.0,92.0,44.24,True,in_stock,USD,"[""36"", ""37"", ""38"", ""39"", ""40"", ""41"", ""42"", ""43"", ""44"", ""45"", ""46""]",https://kixlb.com/products/air-jordan-1-mid-dark-teal-copy,2026-04-10T15:12:21Z,True
kix:9667650322789,kix,,Jordan,AIR JORDAN 1 MID DARK TEAL,,,165.0,92.0,44.24,True,in_stock,USD,"[""36"", ""37"", ""38"", ""39"", ""40"", ""41"", ""42"", ""43"", ""44"", ""45"", ""46""]",https://kixlb.com/products/air-jordan-1-mid-se-elephant-toe-gs-copy,2026-04-10T15:12:21Z,True
kix:9667650290021,kix,,Jordan,AIR JORDAN 1 MID SE ELEPHANT TOE GS,,,165.0,92.0,44.24,True,in_stock,USD,"[""36"", ""37"", ""38"", ""39"", ""40"", ""41"", ""42"", ""43"", ""44"", ""45"", ""46""]",https://kixlb.com/products/air-jordan-1-mid-linen-copy,2026-04-10T15:12:21Z,True
kix:9667650257253,kix,,Jordan,AIR JORDAN 1 MID LINEN,,,165.0,92.0,44.24,True,in_stock,USD,"[""36"", ""37"", ""38"", ""39"", ""40"", ""41"", ""42"", ""43"", ""44"", ""45"", ""46""]",https://kixlb.com/products/air-jordan-1-mid-se-french-blue-fire-red-gs-copy,2026-04-10T15:12:21Z,True
kix:9667650191717,kix,,Jordan,AIR JORDAN 1 MID SE FRENCH BLUE FIRE RED GS,,,165.0,92.0,44.24,True,in_stock,USD,"[""36"", ""37"", ""38"", ""39"", ""40"", ""41"", ""42"", ""43"", ""44"", ""45"", ""46""]",https://kixlb.com/products/air-jordan-1-mid-shadow-red-copy,2026-04-10T15:12:21Z,True
kix:9667650158949,kix,,Jordan,AIR JORDAN 1 MID SHADOW RED,,,165.0,92.0,44.24,True,in_stock,USD,"[""36"", ""37"", ""38"", ""39"", ""40"", ""41"", ""42"", ""43"", ""44"", ""45"", ""46""]",https://kixlb.com/products/air-jordan-1-mid-black-gym-red-copy,2026-04-10T15:12:21Z,True
kix:9667650126181,kix,,Jordan,AIR JORDAN 1 MID BLACK GYM RED,,,165.0,92.0,44.24,True,in_stock,USD,"[""36"", ""37"", ""38"", ""39"", ""40"", ""41"", ""42"", ""43"", ""44"", ""45"", ""46""]",https://kixlb.com/products/air-jordan-1-mid-banned-2020-gs-copy,2026-04-10T15:12:21Z,True
kix:9667649929573,kix,,Jordan,AIR JORDAN 1 MID BANNED 2020 GS,,,165.0,92.0,44.24,True,in_stock,USD,"[""36"", ""37"", ""38"", ""39"", ""40"", ""41"", ""42"", ""43"", ""44"", ""45"", ""46""]",https://kixlb.com/products/air-jordan-1-mid-triple-white-gs-copy,2026-04-10T15:12:21Z,True
kix:9667649896805,kix,,Jordan,AIR JORDAN 1 MID TRIPLE WHITE GS,,,155.0,92.0,40.65,True,in_stock,USD,"[""36"", ""37"", ""38"", ""39"", ""40"", ""41"", ""42"", ""43"", ""44"", ""45"", ""46""]",https://kixlb.com/products/air-jordan-1-mid-bred-toe-white-gs-copy,2026-04-10T15:12:21Z,True
kix:9667649864037,kix,,Jordan,"Air Jordan 4 ""Black Canvas""",,,120.0,83.0,30.83,True,in_stock,USD,"[""36"", ""37"", ""38"", ""39"", ""40"", ""41"", ""42"", ""43"", ""44"", ""45"", ""46""]",https://kixlb.com/products/air-jordan-4-black-canvas,2026-04-10T15:12:21Z,True
kix:9667649831269,kix,,Jordan,AIR JORDAN 1 MID BRED TOE WHITE GS,,,155.0,92.0,40.65,True,in_stock,USD,"[""36"", ""37"", ""38"", ""39"", ""40"", ""41"", ""42"", ""43"", ""44"", ""45"", ""46""]",https://kixlb.com/products/air-jordan-1-mid-grey-sail-womens-copy,2026-04-10T15:12:21Z,True
kix:9667649175909,kix,,Jordan,AIR JORDAN 1 MID GREY SAIL WOMENS,,women,155.0,92.0,40.65,True,in_stock,USD,"[""36"", ""37"", ""38"", ""39"", ""40"", ""41"", ""42"", ""43"", ""44"", ""45"", ""46""]",https://kixlb.com/products/air-jordan-1-mid-white-true-blue-grey-gs-copy,2026-04-10T15:12:21Z,True
kix:9667649143141,kix,,Jordan,AIR JORDAN 1 MID WHITE TRUE BLUE GREY GS,,,155.0,92.0,40.65,True,in_stock,USD,"[""36"", ""37"", ""38"", ""39"", ""40"", ""41"", ""42"", ""43"", ""44"", ""45"", ""46""]",https://kixlb.com/products/air-jordan-1-mid-smoke-grey-black-copy,2026-04-10T15:12:21Z,True
kix:9667649110373,kix,,Jordan,Air Jordan 4 Retro Motorsports Alternate,,,120.0,83.0,30.83,True,in_stock,USD,"[""36"", ""37"", ""38"", ""39"", ""40"", ""41"", ""42"", ""43"", ""44"", ""45"", ""46""]",https://kixlb.com/products/air-jordan-4-retro-motorsports-alternate,2026-04-10T15:12:21Z,True
kix:9667649044837,kix,,Jordan,Air Jordan 4 x Travis Scott Retro Cactus Jack,,,120.0,83.0,30.83,True,in_stock,USD,"[""36"", ""37"", ""38"", ""39"", ""40"", ""41"", ""42"", ""43"", ""44"", ""45"", ""46""]",https://kixlb.com/products/air-jordan-4-x-travis-scott-retro-cactus-jack,2026-04-10T15:12:21Z,True
kix:9667649012069,kix,,Jordan,AIR JORDAN 1 MID SMOKE GREY BLACK,,,155.0,92.0,40.65,True,in_stock,USD,"[""36"", ""37"", ""38"", ""39"", ""40"", ""41"", ""42"", ""43"", ""44"", ""45"", ""46""]",https://kixlb.com/products/air-jordan-1-mid-ice-blue-gs-copy,2026-04-10T15:12:21Z,True
kix:9667648979301,kix,,Jordan,Air Jordan 4 Retro Canyon Purple,,,120.0,83.0,30.83,True,in_stock,USD,"[""36"", ""37"", ""38"", ""39"", ""40"", ""41"", ""42"", ""43"", ""44"", ""45"", ""46""]",https://kixlb.com/products/air-jordan-4-retro-canyon-purple,2026-04-10T15:12:21Z,True
kix:9667648946533,kix,,Jordan,Jordan 4 Retro Fiba,,,120.0,83.0,30.83,True,in_stock,USD,"[""36"", ""37"", ""38"", ""39"", ""40"", ""41"", ""42"", ""43"", ""44"", ""45"", ""46""]",https://kixlb.com/products/jordan-4-retro-fiba,2026-04-10T15:12:21Z,True
kix:9667648880997,kix,,Jordan,AIR JORDAN 1 MID ICE BLUE GS,,,155.0,92.0,40.65,True,in_stock,USD,"[""36"", ""37"", ""38"", ""39"", ""40"", ""41"", ""42"", ""43"", ""44"", ""45"", ""46""]",https://kixlb.com/products/air-jordan-1-mid-light-smoke-grey-copy,2026-04-10T15:12:21Z,True
kix:9667648848229,kix,,Jordan,Air Jordan 4 95 Neon Grey,,,120.0,83.0,30.83,True,in_stock,USD,"[""36"", ""37"", ""38"", ""39"", ""40"", ""41"", ""42"", ""43"", ""44"", ""45"", ""46""]",https://kixlb.com/products/air-jordan-4-95-neon-grey,2026-04-10T15:12:21Z,True
kix:9667648815461,kix,,Jordan,AIR JORDAN 1 MID LIGHT SMOKE GREY,,,155.0,92.0,40.65,True,in_stock,USD,"[""36"", ""37"", ""38"", ""39"", ""40"", ""41"", ""42"", ""43"", ""44"", ""45"", ""46""]",https://kixlb.com/products/nike-air-jordan-1-low-givenchy-brown-copy,2026-04-10T15:12:21Z,True
kix:9667648782693,kix,,Jordan,Air Jordan 4 Retro Red Cement,,,120.0,83.0,30.83,True,in_stock,USD,"[""36"", ""37"", ""38"", ""39"", ""40"", ""41"", ""42"", ""43"", ""44"", ""45"", ""46""]",https://kixlb.com/products/air-jordan-4-retro-red-cement,2026-04-10T15:12:21Z,True
kix:9667648749925,kix,,Jordan,Air Jordan 4 Red Thunder,,,120.0,83.0,30.83,True,in_stock,USD,"[""36"", ""37"", ""38"", ""39"", ""40"", ""41"", ""42"", ""43"", ""44"", ""45"", ""46""]",https://kixlb.com/products/air-jordan-4-red-thunder,2026-04-10T15:12:21Z,True
kix:9667648717157,kix,,Jordan,Air Jordan 4 Retro Orchid,,,120.0,83.0,30.83,True,in_stock,USD,"[""36"", ""37"", ""38"", ""39"", ""40"", ""41"", ""42"", ""43"", ""44"", ""45"", ""46""]",https://kixlb.com/products/air-jordan-4-retro-orchid,2026-04-10T15:12:21Z,True
kix:9667648684389,kix,,Jordan,Air Jordan 4 Retro University Blue,,,120.0,83.0,30.83,True,in_stock,USD,"[""36"", ""37"", ""38"", ""39"", ""40"", ""41"", ""42"", ""43"", ""44"", ""45"", ""46""]",https://kixlb.com/products/air-jordan-4-retro-university-blue,2026-04-10T15:12:21Z,True
kix:9667648651621,kix,,Jordan,Air Jordan 4 Retro Lightning,,,120.0,83.0,30.83,True,in_stock,USD,"[""36"", ""37"", ""38"", ""39"", ""40"", ""41"", ""42"", ""43"", ""44"", ""45"", ""46""]",https://kixlb.com/products/air-jordan-4-retro-lightning,2026-04-10T15:12:21Z,True
kix:9667648618853,kix,,Jordan,Air Jordan 4 Infrared,,,120.0,83.0,30.83,True,in_stock,USD,"[""36"", ""37"", ""38"", ""39"", ""40"", ""41"", ""42"", ""43"", ""44"", ""45"", ""46""]",https://kixlb.com/products/air-jordan-4-infrared,2026-04-10T15:12:21Z,True
kix:9667648586085,kix,,Jordan,Air Jordan 4 Retro OG Cave Stone,,,120.0,83.0,30.83,True,in_stock,USD,"[""36"", ""37"", ""38"", ""39"", ""40"", ""41"", ""42"", ""43"", ""44"", ""45"", ""46""]",https://kixlb.com/products/air-jordan-4-retro-og-cave-stone,2026-04-10T15:12:21Z,True
kix:9667648553317,kix,,Jordan,Air Jordan 4 Seafoam,,,120.0,83.0,30.83,True,in_stock,USD,"[""36"", ""37"", ""38"", ""39"", ""40"", ""41"", ""42"", ""43"", ""44"", ""45"", ""46""]",https://kixlb.com/products/air-jordan-4-seafoam,2026-04-10T15:12:21Z,True
kix:9667648520549,kix,,Jordan,Air Jordan 4 Thunder,,,120.0,83.0,30.83,True,in_stock,USD,"[""36"", ""37"", ""38"", ""39"", ""40"", ""41"", ""42"", ""43"", ""44"", ""45"", ""46""]",https://kixlb.com/products/air-jordan-4-thunder,2026-04-10T15:12:21Z,True
kix:9667648487781,kix,,Jordan,Air Jordan 4 White Thunder Retro,,,120.0,83.0,30.83,True,in_stock,USD,"[""36"", ""37"", ""38"", ""39"", ""40"", ""41"", ""42"", ""43"", ""44"", ""45"", ""46""]",https://kixlb.com/products/air-jordan-4-white-thunder-retro,2026-04-10T15:12:21Z,True
kix:9667648455013,kix,,Jordan,Air Jordan 4 Retro Military Blue,,,120.0,83.0,30.83,True,in_stock,USD,"[""36"", ""37"", ""38"", ""39"", ""40"", ""41"", ""42"", ""43"", ""44"", ""45"", ""46""]",https://kixlb.com/products/air-jordan-4-retro-military-blue,2026-04-10T15:12:21Z,True
kix:9667648422245,kix,,Jordan,Air Jordan 4 SE Wet Cement,,,120.0,83.0,30.83,True,in_stock,USD,"[""36"", ""37"", ""38"", ""39"", ""40"", ""41"", ""42"", ""43"", ""44"", ""45"", ""46""]",https://kixlb.com/products/air-jordan-4-se-wet-cement,2026-04-10T15:12:21Z,True
kix:9667648389477,kix,,Jordan,Air Jordan 4 OG Bred Reimagined,,,120.0,83.0,30.83,True,in_stock,USD,"[""36"", ""37"", ""38"", ""39"", ""40"", ""41"", ""42"", ""43"", ""44"", ""45"", ""46""]",https://kixlb.com/products/air-jordan-4-og-bred-reimagined,2026-04-10T15:12:21Z,True
kix:9667648356709,kix,,Jordan,Air Jordan 4 Rare Air,,,120.0,83.0,30.83,True,in_stock,USD,"[""36"", ""37"", ""38"", ""39"", ""40"", ""41"", ""42"", ""43"", ""44"", ""45"", ""46""]",https://kixlb.com/products/air-jordan-4-rare-air,2026-04-10T15:12:21Z,True
kix:9667647766885,kix,,Jordan,Air Jordan 4 Retro Navy,,,120.0,83.0,30.83,True,in_stock,USD,"[""36"", ""37"", ""38"", ""39"", ""40"", ""41"", ""42"", ""43"", ""44"", ""45"", ""46""]",https://kixlb.com/products/air-jordan-4-retro-sb-navy,2026-04-10T15:12:21Z,True
kix:9667647701349,kix,,Jordan,Air Jordan 4 Retro White Cement,,,120.0,83.0,30.83,True,in_stock,USD,"[""36"", ""37"", ""38"", ""39"", ""40"", ""41"", ""42"", ""43"", ""44"", ""45"", ""46""]",https://kixlb.com/products/air-jordan-4-retro-white-cement,2026-04-10T15:12:21Z,True
kix:9667647668581,kix,,Jordan,Air Jordan 4 Retro Cave Stone,,,120.0,83.0,30.83,True,in_stock,USD,"[""36"", ""37"", ""38"", ""39"", ""40"", ""41"", ""42"", ""43"", ""44"", ""45"", ""46""]",https://kixlb.com/products/air-jordan-4-retro-cave-stone,2026-04-10T15:12:21Z,True
kix:9667647635813,kix,,Jordan,Air Jordan 4 Black Cat,,,120.0,83.0,30.83,True,in_stock,USD,"[""36"", ""37"", ""38"", ""39"", ""40"", ""41"", ""42"", ""43"", ""44"", ""45"", ""46""]",https://kixlb.com/products/air-jordan-4-black-cat,2026-04-10T15:12:21Z,True
kix:9667647406437,kix,,Adidas,Adidas Stan Smith Core Collegiate Green,,,120.0,76.0,36.67,True,in_stock,USD,"[""36"", ""37"", ""38"", ""39"", ""40"", ""41"", ""42"", ""43"", ""44"", ""45"", ""46""]",https://kixlb.com/products/adidas-stain-smith-core-collegiate-green,2026-04-10T15:12:21Z,True
kix:9667647373669,kix,,Adidas,Adidas Stan Smith Core Collegiate Navy,,,120.0,76.0,36.67,True,in_stock,USD,"[""36"", ""37"", ""38"", ""39"", ""40"", ""41"", ""42"", ""43"", ""44"", ""45"", ""46""]",https://kixlb.com/products/adidas-stain-smith-core-collegiate-navy,2026-04-10T15:12:21Z,True
kix:9667647242597,kix,,Adidas,Adidas Stan Smith Core Cloud White,,,120.0,76.0,36.67,True,in_stock,USD,"[""36"", ""37"", ""38"", ""39"", ""40"", ""41"", ""42"", ""43"", ""44"", ""45"", ""46""]",https://kixlb.com/products/adidas-stain-smith-core-cloud-white,2026-04-10T15:12:21Z,True
kix:9667647111525,kix,,Adidas,Adidas Stan Smith Core Cloud White / Cloud White / Bold Pink,,,120.0,76.0,36.67,True,in_stock,USD,"[""36"", ""37"", ""38"", ""39"", ""40"", ""41"", ""42"", ""43"", ""44"", ""45"", ""46""]",https://kixlb.com/products/adidas-stain-smith-core-cloud-white-cloud-white-bold-pink,2026-04-10T15:12:21Z,True
kix:9667646783845,kix,,Adidas,Adidas Stan Smith Core Black / Core Black / Cloud White,,,120.0,76.0,36.67,True,in_stock,USD,"[""36"", ""37"", ""38"", ""39"", ""40"", ""41"", ""42"", ""43"", ""44"", ""45"", ""46""]",https://kixlb.com/products/core-black-core-black-cloud-white,2026-04-10T15:12:21Z,True
kix:9667646751077,kix,,Adidas,Adidas Stan Smith Shoes Cloud White / Cloud White / Silver Metallic,,,120.0,76.0,36.67,True,in_stock,USD,"[""36"", ""37"", ""38"", ""39"", ""40"", ""41"", ""42"", ""43"", ""44"", ""45"", ""46""]",https://kixlb.com/products/adidas-stan-smith-shoes-cloud-white-cloud-white-silver-metallic,2026-04-10T15:12:21Z,True
kix:9667638362469,kix,,Nike,Nike air Jordan 1 low Givenchy brown,,,125.0,83.0,33.6,True,in_stock,USD,"[""36"", ""37"", ""38"", ""39"", ""40"", ""41"", ""42"", ""43"", ""44"", ""45"", ""46""]",https://kixlb.com/products/nike-air-jordan-1-low-b-pe-black-copy,2026-04-10T15:12:21Z,True
kix:9667638264165,kix,,Nike,Nike air Jordan 1 low B*PE black,,,125.0,83.0,33.6,True,in_stock,USD,"[""36"", ""37"", ""38"", ""39"", ""40"", ""41"", ""42"", ""43"", ""44"", ""45"", ""46""]",https://kixlb.com/products/nike-air-jordan-1-low-double-navy-copy,2026-04-10T15:12:21Z,True
kix:9667638002021,kix,,Nike,Nike air Jordan 1 low double navy,,,125.0,83.0,33.6,True,in_stock,USD,"[""36"", ""37"", ""38"", ""39"", ""40"", ""41"", ""42"", ""43"", ""44"", ""45"", ""46""]",https://kixlb.com/products/nike-air-jordan-1-low-north-face-jungle-copy,2026-04-10T15:12:21Z,True
kix:9667637772645,kix,,Nike,Nike air Jordan 1 low north face jungle,,,125.0,83.0,33.6,True,in_stock,USD,"[""36"", ""37"", ""38"", ""39"", ""40"", ""41"", ""42"", ""43"", ""44"", ""45"", ""46""]",https://kixlb.com/products/nike-air-jordan-1-low-stussy-green-copy,2026-04-10T15:12:21Z,True
kix:9667637739877,kix,,Nike,Nike air Jordan 1 low stussy green,,,125.0,83.0,33.6,True,in_stock,USD,"[""36"", ""37"", ""38"", ""39"", ""40"", ""41"", ""42"", ""43"", ""44"", ""45"", ""46""]",https://kixlb.com/products/nike-air-jordan-1-low-black-and-brown-copy,2026-04-10T15:12:21Z,True
kix:9667637117285,kix,,Nike,Nike air Jordan 1 low black and brown,,,125.0,83.0,33.6,True,in_stock,USD,"[""36"", ""37"", ""38"", ""39"", ""40"", ""41"", ""42"", ""43"", ""44"", ""45"", ""46""]",https://kixlb.com/products/nike-air-jordan-1-low-white-and-red-copy-2,2026-04-10T15:12:21Z,True
kix:9667637051749,kix,,Nike,Nike air Jordan 1 low white and red,,,125.0,83.0,33.6,True,in_stock,USD,"[""36"", ""37"", ""38"", ""39"", ""40"", ""41"", ""42"", ""43"", ""44"", ""45"", ""46""]",https://kixlb.com/products/nike-air-jordan-1-low-red-and-black-copy-1,2026-04-10T15:12:21Z,True
kix:9667636953445,kix,,Nike,Nike air Jordan 1 low red and black,,,125.0,83.0,33.6,True,in_stock,USD,"[""36"", ""37"", ""38"", ""39"", ""40"", ""41"", ""42"", ""43"", ""44"", ""45"", ""46""]",https://kixlb.com/products/nike-air-jordan-1-low-ray-ban-black-copy,2026-04-10T15:12:21Z,True
kix:9667636920677,kix,,Nike,Nike air Jordan 1 low ray ban black,,,125.0,83.0,33.6,True,in_stock,USD,"[""36"", ""37"", ""38"", ""39"", ""40"", ""41"", ""42"", ""43"", ""44"", ""45"", ""46""]",https://kixlb.com/products/nike-air-jordan-1-low-the-red-copy,2026-04-10T15:12:21Z,True
kix:9667636887909,kix,,Nike,Nike air Jordan 1 low the red,,,125.0,83.0,33.6,True,in_stock,USD,"[""36"", ""37"", ""38"", ""39"", ""40"", ""41"", ""42"", ""43"", ""44"", ""45"", ""46""]",https://kixlb.com/products/nike-air-jordan-1-low-black-and-purple-copy,2026-04-10T15:12:21Z,True
kix:9667636855141,kix,,Nike,Nike air Jordan 1 low black and purple,,,125.0,83.0,33.6,True,in_stock,USD,"[""36"", ""37"", ""38"", ""39"", ""40"", ""41"", ""42"", ""43"", ""44"", ""45"", ""46""]",https://kixlb.com/products/nike-air-jordan-1-low-just-do-it-in-green-copy,2026-04-10T15:12:21Z,True
kix:9667636822373,kix,,Nike,Nike air Jordan 1 low just do it in green,,,125.0,83.0,33.6,True,in_stock,USD,"[""36"", ""37"", ""38"", ""39"", ""40"", ""41"", ""42"", ""43"", ""44"", ""45"", ""46""]",https://kixlb.com/products/nike-air-jordan-1-low-stussy-x-north-face-copy,2026-04-10T15:12:21Z,True
kix:9667636789605,kix,,Nike,Nike air Jordan 1 low stussy X north face,,,125.0,83.0,33.6,True,in_stock,USD,"[""36"", ""37"", ""38"", ""39"", ""40"", ""41"", ""42"", ""43"", ""44"", ""45"", ""46""]",https://kixlb.com/products/nike-air-jordan-1-low-stussy-horse-copy,2026-04-10T15:12:21Z,True
kix:9667636724069,kix,,Nike,Nike air Jordan 1 low stussy horse,,,125.0,83.0,33.6,True,in_stock,USD,"[""36"", ""37"", ""38"", ""39"", ""40"", ""41"", ""42"", ""43"", ""44"", ""45"", ""46""]",https://kixlb.com/products/nike-air-jordan-1-low-x-supreme-copy,2026-04-10T15:12:21Z,True
kix:9667636691301,kix,,Nike,Nike air Jordan 1 low X Supreme,,,125.0,83.0,33.6,True,in_stock,USD,"[""36"", ""37"", ""38"", ""39"", ""40"", ""41"", ""42"", ""43"", ""44"", ""45"", ""46""]",https://kixlb.com/products/nike-air-jordan-1-low-snake-copy,2026-04-10T15:12:21Z,True
kix:9667636658533,kix,,Nike,Nike air Jordan 1 low snake,,,125.0,83.0,33.6,True,in_stock,USD,"[""36"", ""37"", ""38"", ""39"", ""40"", ""41"", ""42"", ""43"", ""44"", ""45"", ""46""]",https://kixlb.com/products/nike-air-jordan-1-low-b-pe-copy,2026-04-10T15:12:21Z,True
kix:9667636625765,kix,,Nike,Nike air Jordan 1 low B*PE,,,125.0,83.0,33.6,True,in_stock,USD,"[""36"", ""37"", ""38"", ""39"", ""40"", ""41"", ""42"", ""43"", ""44"", ""45"", ""46""]",https://kixlb.com/products/nike-air-jordan-1-low-christian-dior-copy,2026-04-10T15:12:21Z,True
kix:9667636560229,kix,,Nike,Nike air Jordan 1 low christian Dior,,,125.0,83.0,33.6,True,in_stock,USD,"[""36"", ""37"", ""38"", ""39"", ""40"", ""41"", ""42"", ""43"", ""44"", ""45"", ""46""]",https://kixlb.com/products/nike-air-jordan-1-low-monkey-brown-copy,2026-04-10T15:12:21Z,True
kix:9667636527461,kix,,Nike,Nike air Jordan 1 low monkey brown,,,125.0,83.0,33.6,True,in_stock,USD,"[""36"", ""37"", ""38"", ""39"", ""40"", ""41"", ""42"", ""43"", ""44"", ""45"", ""46""]",https://kixlb.com/products/nike-air-jordan-1-low-black-dior-copy,2026-04-10T15:12:21Z,True
kix:9667636429157,kix,,Nike,Nike air Jordan 1 low black Dior,,,125.0,83.0,33.6,True,in_stock,USD,"[""36"", ""37"", ""38"", ""39"", ""40"", ""41"", ""42"", ""43"", ""44"", ""45"", ""46""]",https://kixlb.com/products/nike-air-jordan-1-low-light-brown-and-cream-white-copy,2026-04-10T15:12:21Z,True
kix:9667636396389,kix,,Nike,Nike air Jordan 1 low light brown and cream white,,,125.0,83.0,33.6,True,in_stock,USD,"[""36"", ""37"", ""38"", ""39"", ""40"", ""41"", ""42"", ""43"", ""44"", ""45"", ""46""]",https://kixlb.com/products/nike-air-jordan-1-low-white-and-red-copy-1,2026-04-10T15:12:21Z,True
kix:9667636232549,kix,,Nike,Nike air Jordan 1 low white and red,,,125.0,83.0,33.6,True,in_stock,USD,"[""36"", ""37"", ""38"", ""39"", ""40"", ""41"", ""42"", ""43"", ""44"", ""45"", ""46""]",https://kixlb.com/products/nike-air-jordan-1-low-navy-blue-copy,2026-04-10T15:12:21Z,True
kix:9667636167013,kix,,Nike,Nike air Jordan 1 low navy blue,,,125.0,83.0,33.6,True,in_stock,USD,"[""36"", ""37"", ""38"", ""39"", ""40"", ""41"", ""42"", ""43"", ""44"", ""45"", ""46""]",https://kixlb.com/products/nike-air-jordan-1-low-white-and-blue-copy-1,2026-04-10T15:12:21Z,True
kix:9667636134245,kix,,Nike,Nike air Jordan 1 low white and blue,,,125.0,83.0,33.6,True,in_stock,USD,"[""36"", ""37"", ""38"", ""39"", ""40"", ""41"", ""42"", ""43"", ""44"", ""45"", ""46""]",https://kixlb.com/products/nike-air-jordan-1-low-red-and-yellow-copy,2026-04-10T15:12:21Z,True
kix:9667636003173,kix,,Nike,Nike air Jordan 1 low red and yellow,,,125.0,83.0,33.6,True,in_stock,USD,"[""36"", ""37"", ""38"", ""39"", ""40"", ""41"", ""42"", ""43"", ""44"", ""45"", ""46""]",https://kixlb.com/products/nike-air-jordan-1-low-white-and-purple-copy,2026-04-10T15:12:21Z,True
kix:9667635904869,kix,,Nike,Nike air Jordan 1 low white and purple,,,125.0,83.0,33.6,True,in_stock,USD,"[""36"", ""37"", ""38"", ""39"", ""40"", ""41"", ""42"", ""43"", ""44"", ""45"", ""46""]",https://kixlb.com/products/nike-air-jordan-1-low-black-and-pink-copy,2026-04-10T15:12:21Z,True
kix:9667635839333,kix,,Nike,Nike air Jordan 1 low black and pink,,,125.0,83.0,33.6,True,in_stock,USD,"[""36"", ""37"", ""38"", ""39"", ""40"", ""41"", ""42"", ""43"", ""44"", ""45"", ""46""]",https://kixlb.com/products/nike-air-jordan-1-low-spiderman-copy,2026-04-10T15:12:21Z,True
kix:9667635773797,kix,,Nike,Nike air Jordan 1 low Spiderman,,,125.0,83.0,33.6,True,in_stock,USD,"[""36"", ""37"", ""38"", ""39"", ""40"", ""41"", ""42"", ""43"", ""44"", ""45"", ""46""]",https://kixlb.com/products/nike-air-jordan-1-low-light-blue-and-black-copy,2026-04-10T15:12:21Z,True
kix:9667635708261,kix,,Nike,Nike air Jordan 1 low light blue and black,,,125.0,83.0,33.6,True,in_stock,USD,"[""36"", ""37"", ""38"", ""39"", ""40"", ""41"", ""42"", ""43"", ""44"", ""45"", ""46""]",https://kixlb.com/products/nike-air-jordan-1-low-green-and-black-copy,2026-04-10T15:12:21Z,True
kix:9667635544421,kix,,Nike,Nike air Jordan 1 low green and black,,,125.0,83.0,33.6,True,in_stock,USD,"[""36"", ""37"", ""38"", ""39"", ""40"", ""41"", ""42"", ""43"", ""44"", ""45"", ""46""]",https://kixlb.com/products/nike-air-jordan-1-low-givenchy-black-copy,2026-04-10T15:12:21Z,True
kix:9667635511653,kix,,Nike,Nike air Jordan 1 low Givenchy black,,,125.0,83.0,33.6,True,in_stock,USD,"[""36"", ""37"", ""38"", ""39"", ""40"", ""41"", ""42"", ""43"", ""44"", ""45"", ""46""]",https://kixlb.com/products/nike-air-jordan-1-low-the-monkey-copy,2026-04-10T15:12:21Z,True
kix:9667635413349,kix,,Nike,Nike air Jordan 1 low the monkey,,,125.0,83.0,33.6,True,in_stock,USD,"[""36"", ""37"", ""38"", ""39"", ""40"", ""41"", ""42"", ""43"", ""44"", ""45"", ""46""]",https://kixlb.com/products/nike-air-jordan-1-low-white-and-black-copy,2026-04-10T15:12:21Z,True
kix:9667635347813,kix,,Nike,Nike air Jordan 1 low white and black,,,125.0,83.0,33.6,True,in_stock,USD,"[""36"", ""37"", ""38"", ""39"", ""40"", ""41"", ""42"", ""43"", ""44"", ""45"", ""46""]",https://kixlb.com/products/nike-air-jordan-1-low-light-brown-copy,2026-04-10T15:12:21Z,True
kix:9667635315045,kix,,Nike,Nike air Jordan 1 low light brown,,,125.0,83.0,33.6,True,in_stock,USD,"[""36"", ""37"", ""38"", ""39"", ""40"", ""41"", ""42"", ""43"", ""44"", ""45"", ""46""]",https://kixlb.com/products/nike-air-jordan-1-low-gucci-colors-copy,2026-04-10T15:12:21Z,True
kix:9667635282277,kix,,Nike,Nike air Jordan 1 low gucci colors,,,125.0,83.0,33.6,True,in_stock,USD,"[""36"", ""37"", ""38"", ""39"", ""40"", ""41"", ""42"", ""43"", ""44"", ""45"", ""46""]",https://kixlb.com/products/nike-air-jordan-1-low-2026-copy,2026-04-10T15:12:21Z,True
kix:9667635249509,kix,,Nike,Nike air Jordan 1 low 2026,,,125.0,83.0,33.6,True,in_stock,USD,"[""36"", ""37"", ""38"", ""39"", ""40"", ""41"", ""42"", ""43"", ""44"", ""45"", ""46""]",https://kixlb.com/products/nike-air-jordan-1-low-gucci-brown-copy,2026-04-10T15:12:21Z,True
kix:9667635183973,kix,,Nike,Nike air Jordan 1 low Gucci brown,,,125.0,83.0,33.6,True,in_stock,USD,"[""36"", ""37"", ""38"", ""39"", ""40"", ""41"", ""42"", ""43"", ""44"", ""45"", ""46""]",https://kixlb.com/products/nike-air-jordan-1-low-camel-brown-copy,2026-04-10T15:12:21Z,True
kix:9667635151205,kix,,Nike,Nike air Jordan 1 low camel brown,,,125.0,83.0,33.6,True,in_stock,USD,"[""36"", ""37"", ""38"", ""39"", ""40"", ""41"", ""42"", ""43"", ""44"", ""45"", ""46""]",https://kixlb.com/products/nike-air-jordan-1-low-hi-panda-copy,2026-04-10T15:12:21Z,True
kix:9667635118437,kix,,Nike,Nike air Jordan 1 low hi panda,,,125.0,83.0,33.6,True,in_stock,USD,"[""36"", ""37"", ""38"", ""39"", ""40"", ""41"", ""42"", ""43"", ""44"", ""45"", ""46""]",https://kixlb.com/products/nike-air-jordan-1-low-north-face-brown-copy,2026-04-10T15:12:21Z,True
kix:9667635020133,kix,,Nike,Nike air Jordan 1 low north face brown,,,125.0,83.0,33.6,True,in_stock,USD,"[""36"", ""37"", ""38"", ""39"", ""40"", ""41"", ""42"", ""43"", ""44"", ""45"", ""46""]",https://kixlb.com/products/nike-air-jordan-1-low-nba-copy,2026-04-10T15:12:21Z,True
kix:9667634987365,kix,,Nike,Nike air Jordan 1 low NBA,,,125.0,83.0,33.6,True,in_stock,USD,"[""36"", ""37"", ""38"", ""39"", ""40"", ""41"", ""42"", ""43"", ""44"", ""45"", ""46""]",https://kixlb.com/products/nike-air-jordan-1-low-gucci-black-copy,2026-04-10T15:12:21Z,True
kix:9667634954597,kix,,Nike,Nike air Jordan 1 low GUCCI BLACK,,,125.0,83.0,33.6,True,in_stock,USD,"[""36"", ""37"", ""38"", ""39"", ""40"", ""41"", ""42"", ""43"", ""44"", ""45"", ""46""]",https://kixlb.com/products/nike-air-jordan-1-low-off-copy,2026-04-10T15:12:21Z,True
kix:9667634921829,kix,,Nike,Nike air Jordan 1 low OFF,,,125.0,83.0,33.6,True,in_stock,USD,"[""36"", ""37"", ""38"", ""39"", ""40"", ""41"", ""42"", ""43"", ""44"", ""45"", ""46""]",https://kixlb.com/products/nike-air-jordan-1-low-red-gucci-copy,2026-04-10T15:12:21Z,True
kix:9667634889061,kix,,Nike,Nike air Jordan 1 low red Gucci,,,125.0,83.0,33.6,True,in_stock,USD,"[""36"", ""37"", ""38"", ""39"", ""40"", ""41"", ""42"", ""43"", ""44"", ""45"", ""46""]",https://kixlb.com/products/nike-air-jordan-1-low-off-white-copy,2026-04-10T15:12:21Z,True
kix:9667634725221,kix,,Nike,Nike air Jordan 1 low off white,,,125.0,83.0,33.6,True,in_stock,USD,"[""36"", ""37"", ""38"", ""39"", ""40"", ""41"", ""42"", ""43"", ""44"", ""45"", ""46""]",https://kixlb.com/products/nike-air-jordan-1-low-dior-green-and-white-copy,2026-04-10T15:12:21Z,True
kix:9667634364773,kix,,Nike,Nike air Jordan 1 low Dior green and white,,,125.0,83.0,33.6,True,in_stock,USD,"[""36"", ""37"", ""38"", ""39"", ""40"", ""41"", ""42"", ""43"", ""44"", ""45"", ""46""]",https://kixlb.com/products/nike-air-jordan-1-low-dior-grey-copy,2026-04-10T15:12:21Z,True
kix:9667634233701,kix,,Nike,Nike air Jordan 1 low Dior grey,,,130.0,86.0,33.85,True,in_stock,USD,"[""36"", ""37"", ""38"", ""39"", ""40"", ""41"", ""42"", ""43"", ""44"", ""45"", ""46""]",https://kixlb.com/products/nike-air-jordan-1-low-undefeated-copy,2026-04-10T15:12:21Z,True
kix:9667634200933,kix,,Nike,Nike air Jordan 1 low undefeated,,,130.0,86.0,33.85,True,in_stock,USD,"[""36"", ""37"", ""38"", ""39"", ""40"", ""41"", ""42"", ""43"", ""44"", ""45"", ""46""]",https://kixlb.com/products/nike-air-jordan-1-low-denim-balanciaga-copy,2026-04-10T15:12:21Z,True
kix:9667634168165,kix,,Nike,Nike air Jordan 1 low denim balanciaga,,,130.0,86.0,33.85,True,in_stock,USD,"[""36"", ""37"", ""38"", ""39"", ""40"", ""41"", ""42"", ""43"", ""44"", ""45"", ""46""]",https://kixlb.com/products/nike-air-jordan-1-low-gucci-green-copy,2026-04-10T15:12:21Z,True
kix:9667634004325,kix,,Nike,Nike air Jordan 1 low Gucci green,,,130.0,86.0,33.85,True,in_stock,USD,"[""36"", ""37"", ""38"", ""39"", ""40"", ""41"", ""42"", ""43"", ""44"", ""45"", ""46""]",https://kixlb.com/products/nike-air-jordan-1-low-denim-copy,2026-04-10T15:12:21Z,True
kix:9667633938789,kix,,Nike,Nike air Jordan 1 low denim,,,130.0,86.0,33.85,True,in_stock,USD,"[""36"", ""37"", ""38"", ""39"", ""40"", ""41"", ""42"", ""43"", ""44"", ""45"", ""46""]",https://kixlb.com/products/nike-air-jordan-1-low-chinese-red-copy,2026-04-10T15:12:21Z,True
kix:9667633906021,kix,,Nike,Nike air Jordan 1 low Chinese red,,,130.0,86.0,33.85,True,in_stock,USD,"[""36"", ""37"", ""38"", ""39"", ""40"", ""41"", ""42"", ""43"", ""44"", ""45"", ""46""]",https://kixlb.com/products/nike-air-jordan-1-low-daisy-copy,2026-04-10T15:12:21Z,True
kix:9667633873253,kix,,Nike,Nike air Jordan 1 low daisy,,,130.0,86.0,33.85,True,in_stock,USD,"[""36"", ""37"", ""38"", ""39"", ""40"", ""41"", ""42"", ""43"", ""44"", ""45"", ""46""]",https://kixlb.com/products/nike-air-jordan-1-low-north-face-olive-green-copy,2026-04-10T15:12:21Z,True
kix:9667633119589,kix,,Nike,Nike air Jordan 1 low north face olive green,,,130.0,86.0,33.85,True,in_stock,USD,"[""36"", ""37"", ""38"", ""39"", ""40"", ""41"", ""42"", ""43"", ""44"", ""45"", ""46""]",https://kixlb.com/products/nike-air-jordan-1-low-blue-copy-1,2026-04-10T15:12:21Z,True
kix:9667632759141,kix,,Nike,Nike air Jordan 1 low blue,,,130.0,86.0,33.85,True,in_stock,USD,"[""36"", ""37"", ""38"", ""39"", ""40"", ""41"", ""42"", ""43"", ""44"", ""45"", ""46""]",https://kixlb.com/products/nike-air-jordan-1-low-green-copy,2026-04-10T15:12:21Z,True
kix:9667325231461,kix,,,NikeAir Max 90 'Diffused Blue',,,165.0,89.0,46.06,True,in_stock,USD,"[""36"", ""36.5"", ""37.5"", ""38"", ""38.5"", ""39"", ""40"", ""40.5"", ""41"", ""42"", ""43"", ""44"", ""45""]",https://kixlb.com/products/nikeair-max-90-diffused-blue,2026-04-10T15:12:22Z,True
kix:9667325165925,kix,,Nike,Nike Air Max 90 'Sail Neon Green',,,165.0,89.0,46.06,True,in_stock,USD,"[""36"", ""36.5"", ""37.5"", ""38"", ""38.5"", ""39"", ""40"", ""40.5"", ""41"", ""42"", ""43"", ""44"", ""45""]",https://kixlb.com/products/nike-air-max-90-sail-neon-green,2026-04-10T15:12:22Z,True
kix:9667325133157,kix,,Nike,Nike Air Max 90 'St. Patrick's Day',,,165.0,89.0,46.06,True,in_stock,USD,"[""36"", ""36.5"", ""37.5"", ""38"", ""38.5"", ""39"", ""40"", ""40.5"", ""41"", ""42"", ""43"", ""44"", ""45""]",https://kixlb.com/products/nike-air-max-90-st-patricks-day,2026-04-10T15:12:22Z,True
kix:9667325100389,kix,,,NikeAir Max 90 'Action Grape Citron',,,165.0,89.0,46.06,True,in_stock,USD,"[""36"", ""36.5"", ""37.5"", ""38"", ""38.5"", ""39"", ""40"", ""40.5"", ""41"", ""42"", ""43"", ""44"", ""45""]",https://kixlb.com/products/nikeair-max-90-action-grape-citron,2026-04-10T15:12:22Z,True
kix:9667325002085,kix,,Nike,Nike Air Max 90 'Da de Muertos',,,165.0,89.0,46.06,True,in_stock,USD,"[""36"", ""36.5"", ""37.5"", ""38"", ""38.5"", ""39"", ""40"", ""40.5"", ""41"", ""42"", ""43"", ""44"", ""45""]",https://kixlb.com/products/nike-air-max-90-da-de-muertos,2026-04-10T15:12:22Z,True
kix:9667324739941,kix,,Nike,Nike Air Max 90 'Smoke Grey',,,165.0,89.0,46.06,True,in_stock,USD,"[""36"", ""36.5"", ""37.5"", ""38"", ""38.5"", ""39"", ""40"", ""40.5"", ""41"", ""42"", ""43"", ""44"", ""45""]",https://kixlb.com/products/nike-air-max-90-smoke-grey,2026-04-10T15:12:22Z,True
kix:9667324674405,kix,,Nike,Nike Nike Air Max 90 'White Light Orewood Brown',,,165.0,89.0,46.06,True,in_stock,USD,"[""36"", ""36.5"", ""37.5"", ""38"", ""38.5"", ""39"", ""40"", ""40.5"", ""41"", ""42"", ""43"", ""44"", ""45""]",https://kixlb.com/products/nike-nike-air-max-90-white-light-orewood-brown,2026-04-10T15:12:22Z,True
kix:9667324576101,kix,,Nike,Nike(WMNS) Nike Air Max 90 'White Hyper Pink',,,165.0,89.0,46.06,True,in_stock,USD,"[""36"", ""36.5"", ""37.5"", ""38"", ""38.5"", ""39"", ""40""]",https://kixlb.com/products/nikewmns-nike-air-max-90-white-hyper-pink,2026-04-10T15:12:22Z,True
kix:9667322904933,kix,,Nike,Nike Nike x Patta Air Max 90 SP 'Waves Cyber',,,165.0,89.0,46.06,True,in_stock,USD,"[""36"", ""36.5"", ""37.5"", ""38"", ""38.5"", ""39"", ""40"", ""40.5"", ""41"", ""42"", ""43"", ""44"", ""45""]",https://kixlb.com/products/nike-nike-x-patta-air-max-90-sp-waves-cyber,2026-04-10T15:12:22Z,True
kix:9667322839397,kix,,Nike,Nike Air Max 90 'Evergreen Aura',,,165.0,89.0,46.06,True,in_stock,USD,"[""36"", ""36.5"", ""37.5"", ""38"", ""38.5"", ""39"", ""40"", ""40.5"", ""41"", ""42"", ""43"", ""44"", ""45""]",https://kixlb.com/products/nike-air-max-90-evergreen-aura,2026-04-10T15:12:22Z,True
kix:9667322806629,kix,,Nike,Nike Air Max 90 'White Team Red',,,165.0,89.0,46.06,True,in_stock,USD,"[""36"", ""36.5"", ""37.5"", ""38"", ""38.5"", ""39"", ""40"", ""40.5"", ""41"", ""42"", ""43"", ""44"", ""45""]",https://kixlb.com/products/nike-air-max-90-white-team-red,2026-04-10T15:12:22Z,True
kix:9667322773861,kix,,,NikeAir Max 90 'Triple Red',,,165.0,89.0,46.06,True,in_stock,USD,"[""36"", ""36.5"", ""37.5"", ""38"", ""38.5"", ""39"", ""40"", ""40.5"", ""41"", ""42"", ""43"", ""44"", ""45""]",https://kixlb.com/products/nikeair-max-90-triple-red,2026-04-10T15:12:22Z,True
kix:9667322642789,kix,,Nike,Nike Air Max Terrascape 90 'Pink Oxford',,,165.0,89.0,46.06,True,in_stock,USD,"[""36"", ""36.5"", ""37.5"", ""38"", ""38.5"", ""39"", ""40""]",https://kixlb.com/products/nike-air-max-terrascape-90-pink-oxford,2026-04-10T15:12:22Z,True
kix:9667322577253,kix,,,NikeAir Max 90 NRG 'Pirate Radio White',,,165.0,89.0,46.06,True,in_stock,USD,"[""36"", ""36.5"", ""37.5"", ""38"", ""38.5"", ""39"", ""40"", ""40.5"", ""41"", ""42"", ""43"", ""44"", ""45""]",https://kixlb.com/products/nikeair-max-90-nrg-pirate-radio-white,2026-04-10T15:12:22Z,True
kix:9667322511717,kix,,,NikeAir Max 90 'Smoke Grey Light Lemon Twist',,,165.0,89.0,46.06,True,in_stock,USD,"[""36"", ""36.5"", ""37.5"", ""38"", ""38.5"", ""39"", ""40"", ""40.5"", ""41"", ""42"", ""43"", ""44"", ""45""]",https://kixlb.com/products/nikeair-max-90-smoke-grey-light-lemon-twist,2026-04-10T15:12:22Z,True
kix:9667322413413,kix,,,NikeAir Max 90 'Hyper Pink',,,165.0,89.0,46.06,True,in_stock,USD,"[""36"", ""36.5"", ""37.5"", ""38"", ""38.5"", ""39"", ""40"", ""40.5"", ""41"", ""42"", ""43"", ""44"", ""45""]",https://kixlb.com/products/nikeair-max-90-hyper-pink,2026-04-10T15:12:22Z,True
kix:9667322347877,kix,,,NikeAir Max 90 Premium 'Black Gold',,,165.0,89.0,46.06,True,in_stock,USD,"[""36"", ""36.5"", ""37.5"", ""38"", ""38.5"", ""39"", ""40"", ""40.5"", ""41"", ""42"", ""43"", ""44"", ""45""]",https://kixlb.com/products/nikeair-max-90-premium-black-gold,2026-04-10T15:12:22Z,True
kix:9667322315109,kix,,Nike,Nike Air Max 90 'Black',,,165.0,89.0,46.06,True,in_stock,USD,"[""36"", ""36.5"", ""37.5"", ""38"", ""38.5"", ""39"", ""40"", ""40.5"", ""41"", ""42"", ""43"", ""44"", ""45""]",https://kixlb.com/products/nike-air-max-90-black,2026-04-10T15:12:22Z,True
kix:9667322249573,kix,,Nike,Nike(WMNS) Nike Air Max 90 'Black Pattern',,,165.0,89.0,46.06,True,in_stock,USD,"[""36"", ""36.5"", ""37.5"", ""38"", ""38.5"", ""39"", ""40"", ""40.5"", ""41"", ""42"", ""43"", ""44"", ""45""]",https://kixlb.com/products/nikewmns-nike-air-max-90-black-pattern,2026-04-10T15:12:22Z,True
kix:9667322151269,kix,,,NikeAir Max 90 'Black University Blue',,,165.0,89.0,46.06,True,in_stock,USD,[],https://kixlb.com/products/nikeair-max-90-black-university-blue,2026-04-10T15:12:22Z,True
kix:9667322118501,kix,,,NikeAir Max 90 'Home & Away - Safety Orange',,,165.0,89.0,46.06,True,in_stock,USD,"[""36"", ""36.5"", ""37.5"", ""38"", ""38.5"", ""39"", ""40"", ""40.5"", ""41"", ""42"", ""43"", ""44"", ""45""]",https://kixlb.com/products/nikeair-max-90-home-away-safety-orange,2026-04-10T15:12:22Z,True
kix:9667322052965,kix,,,NikeAir Max 90 'Pure Platinum Photo Blue',,,165.0,89.0,46.06,True,in_stock,USD,"[""36"", ""36.5"", ""37.5"", ""38"", ""38.5"", ""39"", ""40"", ""40.5"", ""41"", ""42"", ""43"", ""44"", ""45""]",https://kixlb.com/products/nikeair-max-90-pure-platinum-photo-blue,2026-04-10T15:12:22Z,True
kix:9667321987429,kix,,,NikeAir Max 90 'Blue Lighting',,,165.0,89.0,46.06,True,in_stock,USD,"[""36"", ""36.5"", ""37.5"", ""38"", ""38.5"", ""39"", ""40"", ""40.5"", ""41"", ""42"", ""43"", ""44"", ""45""]",https://kixlb.com/products/nikeair-max-90-blue-lighting,2026-04-10T15:12:22Z,True
kix:9667321954661,kix,,,NikeAir Max 90 'White University Blue',,,165.0,89.0,46.06,True,in_stock,USD,"[""36"", ""36.5"", ""37.5"", ""38"", ""38.5"", ""39"", ""40"", ""40.5"", ""41"", ""42"", ""43"", ""44"", ""45""]",https://kixlb.com/products/nikeair-max-90-white-university-blue,2026-04-10T15:12:22Z,True
kix:9667321921893,kix,,,NikeAir Max 90 'Lucha Libre',,,165.0,89.0,46.06,True,in_stock,USD,"[""36"", ""36.5"", ""37.5"", ""38"", ""38.5"", ""39"", ""40"", ""40.5"", ""41"", ""42"", ""43"", ""44"", ""45""]",https://kixlb.com/products/nikeair-max-90-lucha-libre,2026-04-10T15:12:22Z,True
kix:9667309863269,kix,,Nike,Nike air Jordan 1 low green,,,130.0,86.0,33.85,True,in_stock,USD,"[""36"", ""37"", ""38"", ""39"", ""40"", ""41"", ""42"", ""43"", ""44"", ""45"", ""46""]",https://kixlb.com/products/nike-air-jordan-1-low-warriors-copy,2026-04-10T15:12:22Z,True
kix:9667309076837,kix,,Nike,Nike air Jordan 1 low warriors,,,130.0,86.0,33.85,True,in_stock,USD,"[""36"", ""37"", ""38"", ""39"", ""40"", ""41"", ""42"", ""43"", ""44"", ""45"", ""46""]",https://kixlb.com/products/nike-air-jordan-1-low-north-face-grey-and-red-copy,2026-04-10T15:12:22Z,True
kix:9667306226021,kix,,Nike,Nike air Jordan 1 low north face grey and red,,,130.0,86.0,33.85,True,in_stock,USD,"[""36"", ""37"", ""38"", ""39"", ""40"", ""41"", ""42"", ""43"", ""44"", ""45"", ""46""]",https://kixlb.com/products/nike-air-jordan-1-low-reverse-grey-copy,2026-04-10T15:12:22Z,True
kix:9667304194405,kix,,Nike,Nike air Jordan 1 low reverse grey,,,130.0,86.0,33.85,True,in_stock,USD,"[""36"", ""37"", ""38"", ""39"", ""40"", ""41"", ""42"", ""43"", ""44"", ""45"", ""46""]",https://kixlb.com/products/nike-air-jordan-1-low-fragment-design-baby-blue-copy,2026-04-10T15:12:22Z,True
kix:9667301638501,kix,,Nike,Nike air Jordan 1 low fragment design baby blue,,,130.0,86.0,33.85,True,in_stock,USD,"[""36"", ""37"", ""38"", ""39"", ""40"", ""41"", ""42"", ""43"", ""44"", ""45"", ""46""]",https://kixlb.com/products/nike-air-jordan-1-low-black-kobe-copy,2026-04-10T15:12:22Z,True
kix:9667299770725,kix,,Nike,Nike air Jordan 1 low black Kobe,,,130.0,86.0,33.85,True,in_stock,USD,"[""36"", ""37"", ""38"", ""39"", ""40"", ""41"", ""42"", ""43"", ""44"", ""45"", ""46""]",https://kixlb.com/products/nike-air-jordan-1-low-mint-green-copy,2026-04-10T15:12:22Z,True
kix:9667297050981,kix,,Nike,Nike air Jordan 1 low mint green,,,130.0,86.0,33.85,True,in_stock,USD,"[""36"", ""37"", ""38"", ""39"", ""40"", ""41"", ""42"", ""43"", ""44"", ""45"", ""46""]",https://kixlb.com/products/nike-air-jordan-1-low-dirty-beige-with-black-copy,2026-04-10T15:12:22Z,True
kix:9667292332389,kix,,Nike,Nike air Jordan 1 low dirty beige with black,,,130.0,86.0,33.85,True,in_stock,USD,"[""36"", ""37"", ""38"", ""39"", ""40"", ""41"", ""42"", ""43"", ""44"", ""45"", ""46""]",https://kixlb.com/products/nike-air-jordan-1-low-purple-copy,2026-04-10T15:12:22Z,True
kix:9667290202469,kix,,Nike,Nike air Jordan 1 low purple,,,130.0,86.0,33.85,True,in_stock,USD,"[""36"", ""37"", ""38"", ""39"", ""40"", ""41"", ""42"", ""43"", ""44"", ""45"", ""46""]",https://kixlb.com/products/nike-air-jordan-1-low-dirty-blue-copy,2026-04-10T15:12:22Z,True
kix:9667288400229,kix,,Nike,Nike air Jordan 1 low dirty blue,,,130.0,86.0,33.85,True,in_stock,USD,"[""36"", ""37"", ""38"", ""39"", ""40"", ""41"", ""42"", ""43"", ""44"", ""45"", ""46""]",https://kixlb.com/products/nike-air-jordan-1-low-olive-copy,2026-04-10T15:12:22Z,True
kix:9667284664677,kix,,Nike,Nike air Jordan 1 low olive,,,130.0,86.0,33.85,True,in_stock,USD,"[""36"", ""37"", ""38"", ""39"", ""40"", ""41"", ""42"", ""43"", ""44"", ""45"", ""46""]",https://kixlb.com/products/nike-air-jordan-1-low-black-and-white-2026-copy,2026-04-10T15:12:22Z,True
kix:9667282829669,kix,,Nike,Nike air Jordan 1 low black and white 2026,,,130.0,86.0,33.85,True,in_stock,USD,"[""36"", ""37"", ""38"", ""39"", ""40"", ""41"", ""42"", ""43"", ""44"", ""45"", ""46""]",https://kixlb.com/products/nike-air-jordan-1-low-japanese-copy,2026-04-10T15:12:22Z,True
kix:9667279815013,kix,,Nike,Nike air Jordan 1 low Japanese,,,130.0,86.0,33.85,True,in_stock,USD,"[""36"", ""37"", ""38"", ""39"", ""40"", ""41"", ""42"", ""43"", ""44"", ""45"", ""46""]",https://kixlb.com/products/nike-air-jordan-1-low-pastels-copy,2026-04-10T15:12:22Z,True
kix:9667277816165,kix,,Nike,Nike air Jordan 1 low horse,,,130.0,86.0,33.85,True,in_stock,USD,"[""36"", ""37"", ""38"", ""39"", ""40"", ""41"", ""42"", ""43"", ""44"", ""45"", ""46""]",https://kixlb.com/products/nike-air-jordan-1-low-red-pastels-copy,2026-04-10T15:12:22Z,True
kix:9667275391333,kix,,Nike,Nike air Jordan 1 low pastels,,,130.0,86.0,33.85,True,in_stock,USD,"[""36"", ""37"", ""38"", ""39"", ""40"", ""41"", ""42"", ""43"", ""44"", ""45"", ""46""]",https://kixlb.com/products/nike-air-jordan-1-low-red-copy,2026-04-10T15:12:22Z,True
kix:9667274047845,kix,,Nike,Nike air Jordan 1 low red,,,130.0,86.0,33.85,True,in_stock,USD,"[""36"", ""37"", ""38"", ""39"", ""40"", ""41"", ""42"", ""43"", ""44"", ""45"", ""46""]",https://kixlb.com/products/nike-air-jordan-1-low-beige-and-black-copy,2026-04-10T15:12:22Z,True
kix:9667272442213,kix,,Nike,Nike air Jordan 1 low beige and black,,,130.0,86.0,33.85,True,in_stock,USD,"[""36"", ""37"", ""38"", ""39"", ""40"", ""41"", ""42"", ""43"", ""44"", ""45"", ""46""]",https://kixlb.com/products/nike-air-jordan-1-low-fuchsia-copy,2026-04-10T15:12:22Z,True
kix:9667226337637,kix,,Nike,Nike air Jordan 1 low fuchsia,,,130.0,86.0,33.85,True,in_stock,USD,"[""36"", ""37"", ""38"", ""39"", ""40"", ""41"", ""42"", ""43"", ""44"", ""45"", ""46""]",https://kixlb.com/products/nike-air-jordan-1-low-standard-black-copy,2026-04-10T15:12:22Z,True
kix:9667226239333,kix,,Nike,Nike air Jordan 1 low standard black,,,130.0,86.0,33.85,True,in_stock,USD,"[""36"", ""37"", ""38"", ""39"", ""40"", ""41"", ""42"", ""43"", ""44"", ""45"", ""46""]",https://kixlb.com/products/nike-air-jordan-1-low-violet-copy,2026-04-10T15:12:22Z,True
kix:9667226141029,kix,,Nike,Nike air Jordan 1 low violet,,,130.0,86.0,33.85,True,in_stock,USD,"[""36"", ""37"", ""38"", ""39"", ""40"", ""41"", ""42"", ""43"", ""44"", ""45"", ""46""]",https://kixlb.com/products/nike-air-jordan-1-low-autumn-copy,2026-04-10T15:12:22Z,True
kix:9667226042725,kix,,Nike,Nike air Jordan 1 low autumn,,,130.0,86.0,33.85,True,in_stock,USD,"[""36"", ""37"", ""38"", ""39"", ""40"", ""41"", ""42"", ""43"", ""44"", ""45"", ""46""]",https://kixlb.com/products/nike-air-jordan-1-low-shiny-green-copy,2026-04-10T15:12:22Z,True
kix:9667226009957,kix,,Nike,Nike air Jordan 1 low shiny green,,,130.0,86.0,33.85,True,in_stock,USD,"[""36"", ""37"", ""38"", ""39"", ""40"", ""41"", ""42"", ""43"", ""44"", ""45"", ""46""]",https://kixlb.com/products/nike-air-jordan-1-low-black-pink-copy,2026-04-10T15:12:22Z,True
kix:9667225977189,kix,,Nike,Nike air Jordan 1 low black pink,,,130.0,86.0,33.85,True,in_stock,USD,"[""36"", ""37"", ""38"", ""39"", ""40"", ""41"", ""42"", ""43"", ""44"", ""45"", ""46""]",https://kixlb.com/products/nike-air-jordan-1-low-black-jeans-copy,2026-04-10T15:12:22Z,True
kix:9667225944421,kix,,Nike,Nike air Jordan 1 low black jeans,,,130.0,86.0,33.85,True,in_stock,USD,"[""36"", ""37"", ""38"", ""39"", ""40"", ""41"", ""42"", ""43"", ""44"", ""45"", ""46""]",https://kixlb.com/products/nike-air-jordan-1-low-watermelon-and-grey-copy,2026-04-10T15:12:22Z,True
kix:9667225846117,kix,,Nike,Nike air Jordan 1 low watermelon and grey,,,130.0,86.0,33.85,True,in_stock,USD,"[""36"", ""37"", ""38"", ""39"", ""40"", ""41"", ""42"", ""43"", ""44"", ""45"", ""46""]",https://kixlb.com/products/nike-air-jordan-1-low-rose-gold-copy,2026-04-10T15:12:22Z,True
kix:9667225747813,kix,,Nike,Nike air Jordan 1 low rose gold,,,130.0,86.0,33.85,True,in_stock,USD,"[""36"", ""37"", ""38"", ""39"", ""40"", ""41"", ""42"", ""43"", ""44"", ""45"", ""46""]",https://kixlb.com/products/nike-air-jordan-1-low-yarn-copy,2026-04-10T15:12:22Z,True
kix:9667225715045,kix,,Nike,Nike air Jordan 1 low yarn,,,130.0,86.0,33.85,True,in_stock,USD,"[""36"", ""37"", ""38"", ""39"", ""40"", ""41"", ""42"", ""43"", ""44"", ""45"", ""46""]",https://kixlb.com/products/nike-air-jordan-1-low-somos-eternos-copy,2026-04-10T15:12:22Z,True
kix:9667225616741,kix,,Nike,Nike air Jordan 1 low somos eternos,,,130.0,86.0,33.85,True,in_stock,USD,"[""36"", ""37"", ""38"", ""39"", ""40"", ""41"", ""42"", ""43"", ""44"", ""45"", ""46""]",https://kixlb.com/products/nike-air-jordan-1-low-giraffe-copy,2026-04-10T15:12:22Z,True
kix:9667225583973,kix,,Nike,Nike air Jordan 1 low giraffe,,,130.0,86.0,33.85,True,in_stock,USD,"[""36"", ""37"", ""38"", ""39"", ""40"", ""41"", ""42"", ""43"", ""44"", ""45"", ""46""]",https://kixlb.com/products/nike-air-jordan-1-low-white-and-blue-copy,2026-04-10T15:12:22Z,True
kix:9667225551205,kix,,Nike,Nike air Jordan 1 low white and blue,,,130.0,86.0,33.85,True,in_stock,USD,"[""36"", ""37"", ""38"", ""39"", ""40"", ""41"", ""42"", ""43"", ""44"", ""45"", ""46""]",https://kixlb.com/products/nike-air-jordan-1-low-red-and-black-copy,2026-04-10T15:12:22Z,True
kix:9667225518437,kix,,Nike,Nike air Jordan 1 low red and black,,,130.0,86.0,33.85,True,in_stock,USD,"[""36"", ""37"", ""38"", ""39"", ""40"", ""41"", ""42"", ""43"", ""44"", ""45"", ""46""]",https://kixlb.com/products/nike-air-jordan-1-low-aqua-blue-and-beige-copy,2026-04-10T15:12:22Z,True
kix:9667225059685,kix,,Nike,Nike air Jordan 1 low aqua blue and beige,,,130.0,86.0,33.85,True,in_stock,USD,"[""36"", ""37"", ""38"", ""39"", ""40"", ""41"", ""42"", ""43"", ""44"", ""45"", ""46""]",https://kixlb.com/products/nike-air-jordan-1-low-silver-copy,2026-04-10T15:12:22Z,True
kix:9667225026917,kix,,Nike,Nike air Jordan 1 low silver,,,130.0,86.0,33.85,True,in_stock,USD,"[""36"", ""37"", ""38"", ""39"", ""40"", ""41"", ""42"", ""43"", ""44"", ""45"", ""46""]",https://kixlb.com/products/nike-air-jordan-1-low-old-black-copy,2026-04-10T15:12:22Z,True
kix:9667224994149,kix,,Nike,Nike air Jordan 1 low old black,,,130.0,86.0,33.85,True,in_stock,USD,"[""36"", ""37"", ""38"", ""39"", ""40"", ""41"", ""42"", ""43"", ""44"", ""45"", ""46""]",https://kixlb.com/products/nike-air-jordan-1-low-blue-and-black-copy,2026-04-10T15:12:22Z,True
kix:9667224928613,kix,,Nike,Nike air Jordan 1 low blue and black,,,130.0,86.0,33.85,True,in_stock,USD,"[""36"", ""37"", ""38"", ""39"", ""40"", ""41"", ""42"", ""43"", ""44"", ""45"", ""46""]",https://kixlb.com/products/nike-air-jordan-1-low-blue-copy,2026-04-10T15:12:22Z,True
kix:9667224797541,kix,,Nike,Nike air Jordan 1 low blue,,,130.0,86.0,33.85,True,in_stock,USD,"[""36"", ""37"", ""38"", ""39"", ""40"", ""41"", ""42"", ""43"", ""44"", ""45"", ""46""]",https://kixlb.com/products/nike-air-jordan-1-low-brown-and-white-copy,2026-04-10T15:12:22Z,True
kix:9667224502629,kix,,Nike,Nike air Jordan 1 low brown and white,,,130.0,86.0,33.85,True,in_stock,USD,"[""36"", ""37"", ""38"", ""39"", ""40"", ""41"", ""42"", ""43"", ""44"", ""45"", ""46""]",https://kixlb.com/products/nike-air-jordan-1-low-havane-copy,2026-04-10T15:12:22Z,True
kix:9667224240485,kix,,Nike,Nike air Jordan 1 low havane,,,130.0,86.0,33.85,True,in_stock,USD,"[""36"", ""37"", ""38"", ""39"", ""40"", ""41"", ""42"", ""43"", ""44"", ""45"", ""46""]",https://kixlb.com/products/nike-air-jordan-1-low-caramel-copy,2026-04-10T15:12:22Z,True
kix:9667224142181,kix,,Nike,Nike air Jordan 1 low caramel,,,130.0,86.0,33.85,True,in_stock,USD,"[""36"", ""37"", ""38"", ""39"", ""40"", ""41"", ""42"", ""43"", ""44"", ""45"", ""46""]",https://kixlb.com/products/nike-air-jordan-1-low-velvet-blue-lv-copy,2026-04-10T15:12:22Z,True
kix:9667224109413,kix,,Nike,Nike air Jordan 1 low velvet blue lv,,,130.0,86.0,33.85,True,in_stock,USD,"[""36"", ""37"", ""38"", ""39"", ""40"", ""41"", ""42"", ""43"", ""44"", ""45"", ""46""]",https://kixlb.com/products/nike-air-jordan-1-low-navy-and-green-copy,2026-04-10T15:12:22Z,True
kix:9667223781733,kix,,Nike,Nike air Jordan 1 low navy and green,,,145.0,89.0,38.62,True,in_stock,USD,"[""36"", ""37"", ""38"", ""39"", ""40"", ""41"", ""42"", ""43"", ""44"", ""45"", ""46""]",https://kixlb.com/products/nike-air-jordan-1-low-lv-kick-copy,2026-04-10T15:12:22Z,True
kix:9667222143333,kix,,Nike,Nike air Jordan 1 low lv kick,,,145.0,89.0,38.62,True,in_stock,USD,"[""36"", ""37"", ""38"", ""39"", ""40"", ""41"", ""42"", ""43"", ""44"", ""45"", ""46""]",https://kixlb.com/products/nike-air-jordan-1-low-north-face-green-leather-copy,2026-04-10T15:12:22Z,True
kix:9667222077797,kix,,Nike,Nike air Jordan 1 low green leather,,,145.0,89.0,38.62,True,in_stock,USD,"[""36"", ""37"", ""38"", ""39"", ""40"", ""41"", ""42"", ""43"", ""44"", ""45"", ""46""]",https://kixlb.com/products/nike-air-jordan-1-low-dior-green-copy,2026-04-10T15:12:22Z,True
kix:9667222045029,kix,,Nike,Nike air Jordan 1 low Dior green,,,145.0,89.0,38.62,True,in_stock,USD,"[""36"", ""37"", ""38"", ""39"", ""40"", ""41"", ""42"", ""43"", ""44"", ""45"", ""46""]",https://kixlb.com/products/nike-air-jordan-1-low-brick-and-cream-copy,2026-04-10T15:12:22Z,True
kix:9667222012261,kix,,Nike,Nike air Jordan 1 low brick and cream,,,145.0,89.0,38.62,True,in_stock,USD,"[""36"", ""37"", ""38"", ""39"", ""40"", ""41"", ""42"", ""43"", ""44"", ""45"", ""46""]",https://kixlb.com/products/nike-air-jordan-1-low-lv-white-grey-and-blue-copy,2026-04-10T15:12:22Z,True
kix:9667221979493,kix,,Nike,"Nike air Jordan 1 low LV white, grey, and blue",,,145.0,89.0,38.62,True,in_stock,USD,"[""36"", ""37"", ""38"", ""39"", ""40"", ""41"", ""42"", ""43"", ""44"", ""45"", ""46""]",https://kixlb.com/products/nike-air-jordan-1-low-lv-black-and-white-copy,2026-04-10T15:12:22Z,True
kix:9667221946725,kix,,Nike,Nike air Jordan 1 low LV black and white,,,145.0,89.0,38.62,True,in_stock,USD,"[""36"", ""37"", ""38"", ""39"", ""40"", ""41"", ""42"", ""43"", ""44"", ""45"", ""46""]",https://kixlb.com/products/nike-air-jordan-1-low-lv-dark-green-copy,2026-04-10T15:12:22Z,True
kix:9667220767077,kix,,Nike,Nike air Jordan 1 low LV dark green,,,145.0,89.0,38.62,True,in_stock,USD,"[""36"", ""37"", ""38"", ""39"", ""40"", ""41"", ""42"", ""43"", ""44"", ""45"", ""46""]",https://kixlb.com/products/nike-air-jordan-1-low-lv-blue-and-grey-copy,2026-04-10T15:12:22Z,True
kix:9667220734309,kix,,Nike,Nike air Jordan 1 low LV blue and grey,,,145.0,89.0,38.62,True,in_stock,USD,"[""36"", ""36.5"", ""37"", ""37.5"", ""38"", ""38.5"", ""39"", ""40"", ""40.5"", ""41"", ""42"", ""42.5"", ""43"", ""44"", ""45""]",https://kixlb.com/products/nike-air-jordan-1-low-lv-grass-green-copy,2026-04-10T15:12:22Z,True
kix:9667220701541,kix,,Nike,Nike air Jordan 1 low LV grass green,,,145.0,89.0,38.62,True,in_stock,USD,"[""36"", ""36.5"", ""37"", ""37.5"", ""38"", ""38.5"", ""39"", ""40"", ""40.5"", ""41"", ""42"", ""42.5"", ""43"", ""44"", ""45""]",https://kixlb.com/products/nike-air-jordan-1-low-lv-white-and-green-copy,2026-04-10T15:12:22Z,True
kix:9667220668773,kix,,Nike,Nike air Jordan 1 low LV white and green,,,145.0,89.0,38.62,True,in_stock,USD,"[""36"", ""36.5"", ""37"", ""37.5"", ""38"", ""38.5"", ""39"", ""40"", ""40.5"", ""41"", ""42"", ""42.5"", ""43"", ""44"", ""45""]",https://kixlb.com/products/nike-air-jordan-1-low-baby-blue-bunny-copy,2026-04-10T15:12:22Z,True
kix:9667220636005,kix,,Nike,Nike air Jordan 1 low baby blue bunny,,,145.0,89.0,38.62,True,in_stock,USD,"[""36"", ""36.5"", ""37"", ""37.5"", ""38"", ""38.5"", ""39"", ""40"", ""40.5"", ""41"", ""42"", ""42.5"", ""43"", ""44"", ""45""]",https://kixlb.com/products/nike-air-jordan-1-low-white-and-green-copy,2026-04-10T15:12:22Z,True
kix:9667220570469,kix,,Nike,Nike air Jordan 1 low white and green,,,145.0,89.0,38.62,True,in_stock,USD,"[""36"", ""36.5"", ""37"", ""37.5"", ""38"", ""38.5"", ""39"", ""40"", ""40.5"", ""41"", ""42"", ""42.5"", ""43"", ""44"", ""45""]",https://kixlb.com/products/nike-air-jordan-1-low-brown-and-red-copy,2026-04-10T15:12:22Z,True
kix:9667220537701,kix,,Nike,Nike air Jordan 1 low brown and red,,,145.0,89.0,38.62,True,in_stock,USD,"[""36"", ""36.5"", ""37"", ""37.5"", ""38"", ""38.5"", ""39"", ""40"", ""40.5"", ""41"", ""42"", ""42.5"", ""43"", ""44"", ""45""]",https://kixlb.com/products/nike-air-jordan-1-low-gucci-beige-copy,2026-04-10T15:12:22Z,True
kix:9667220504933,kix,,Nike,Nike air Jordan 1 low Gucci beige,,,145.0,89.0,38.62,True,in_stock,USD,"[""36"", ""36.5"", ""37"", ""37.5"", ""38"", ""38.5"", ""39"", ""40"", ""40.5"", ""41"", ""42"", ""42.5"", ""43"", ""44"", ""45""]",https://kixlb.com/products/nike-air-jordan-1-low-blue-labubu-copy,2026-04-10T15:12:22Z,True
kix:9667220472165,kix,,Nike,Nike air Jordan 1 low blue labubu,,,145.0,89.0,38.62,True,in_stock,USD,"[""36"", ""36.5"", ""37"", ""37.5"", ""38"", ""38.5"", ""39"", ""40"", ""40.5"", ""41"", ""42"", ""42.5"", ""43"", ""44"", ""45""]",https://kixlb.com/products/nike-air-jordan-1-low-grey-labubu-copy,2026-04-10T15:12:22Z,True
kix:9667220406629,kix,,Nike,Nike air Jordan 1 low grey labubu,,,145.0,89.0,38.62,True,in_stock,USD,"[""36"", ""36.5"", ""37"", ""37.5"", ""38"", ""38.5"", ""39"", ""40"", ""40.5"", ""41"", ""42"", ""42.5"", ""43"", ""44"", ""45""]",https://kixlb.com/products/nike-air-jordan-1-low-pink-labubu-copy,2026-04-10T15:12:22Z,True
kix:9667220078949,kix,,Nike,Nike air Jordan 1 low pink labubu,,,145.0,89.0,38.62,True,in_stock,USD,"[""36"", ""36.5"", ""37"", ""37.5"", ""38"", ""38.5"", ""39"", ""40"", ""40.5"", ""41"", ""42"", ""42.5"", ""43"", ""44"", ""45""]",https://kixlb.com/products/nike-air-jordan-1-low-purple-labubu-copy,2026-04-10T15:12:22Z,True
kix:9667220046181,kix,,Nike,Nike air Jordan 1 low purple labubu,,,145.0,89.0,38.62,True,in_stock,USD,"[""36"", ""36.5"", ""37"", ""37.5"", ""38"", ""38.5"", ""39"", ""40"", ""40.5"", ""41"", ""42"", ""42.5"", ""43"", ""44"", ""45""]",https://kixlb.com/products/nike-air-jordan-1-low-black-labubu-copy,2026-04-10T15:12:22Z,True
kix:9667220013413,kix,,Nike,Nike air Jordan 1 low black labubu,,,145.0,89.0,38.62,True,in_stock,USD,"[""36"", ""36.5"", ""37"", ""37.5"", ""38"", ""38.5"", ""39"", ""40"", ""40.5"", ""41"", ""42"", ""42.5"", ""43"", ""44"", ""45""]",https://kixlb.com/products/nike-air-jordan-1-low-white-black-and-yellow-copy,2026-04-10T15:12:22Z,True
kix:9667219980645,kix,,Nike,"Nike air Jordan 1 low white, black, and yellow",,,145.0,89.0,38.62,True,in_stock,USD,"[""36"", ""36.5"", ""37"", ""37.5"", ""38"", ""38.5"", ""39"", ""40"", ""40.5"", ""41"", ""42"", ""42.5"", ""43"", ""44"", ""45""]",https://kixlb.com/products/nike-air-jordan-1-low-white-and-red-copy,2026-04-10T15:12:22Z,True
kix:9667219947877,kix,,Nike,Nike air Jordan 1 low white and red,,,145.0,89.0,38.62,True,in_stock,USD,"[""36"", ""36.5"", ""37"", ""37.5"", ""38"", ""38.5"", ""39"", ""40"", ""40.5"", ""41"", ""42"", ""42.5"", ""43"", ""44"", ""45""]",https://kixlb.com/products/nike-air-jordan-1-low-white-and-navy-copy,2026-04-10T15:12:22Z,True
kix:9667219915109,kix,,Nike,Nike air Jordan 1 low white and navy,,,145.0,89.0,38.62,True,in_stock,USD,"[""36"", ""36.5"", ""37"", ""37.5"", ""38"", ""38.5"", ""39"", ""40"", ""40.5"", ""41"", ""42"", ""42.5"", ""43"", ""44"", ""45""]",https://kixlb.com/products/nikep-6000-black-obsidian-grey-game-royal-copy,2026-04-10T15:12:22Z,True
kix:9667208249701,kix,,Nike,Nike(WMNS) Nike P-6000 'Summit White Metallic Silver Burgundy Crush',,,106.0,80.0,24.53,True,in_stock,USD,"[""36"", ""37"", ""38"", ""39"", ""40"", ""41"", ""42"", ""43"", ""44"", ""45"", ""46""]",https://kixlb.com/products/nikewmns-nike-p-6000-summit-white-metallic-silver-burgundy-crush,2026-04-10T15:12:22Z,True
kix:9667208216933,kix,,,NikeP-6000 'Black Obsidian Grey Game Royal',,,106.0,80.0,24.53,True,in_stock,USD,"[""36"", ""37"", ""38"", ""39"", ""40"", ""41"", ""42"", ""43"", ""44"", ""45"", ""46""]",https://kixlb.com/products/nikep-6000-black-obsidian-grey-game-royal,2026-04-10T15:12:22Z,True
kix:9667208184165,kix,,Nike,Nike P-6000 'White Metallic Silver Black',,,106.0,80.0,24.53,True,in_stock,USD,"[""36"", ""37"", ""38"", ""39"", ""40"", ""41"", ""42"", ""43"", ""44"", ""45"", ""46""]",https://kixlb.com/products/nike-p-6000-white-metallic-silver-black,2026-04-10T15:12:22Z,True
kix:9667208151397,kix,,,NikeP-6000 'Anthracite Clay Green',,,106.0,80.0,24.53,True,in_stock,USD,"[""36"", ""37"", ""38"", ""39"", ""40"", ""41"", ""42"", ""43"", ""44"", ""45"", ""46""]",https://kixlb.com/products/nikep-6000-anthracite-clay-green,2026-04-10T15:12:22Z,True
kix:9667208053093,kix,,Nike,Nike P-6000 Black Blue Gray,,,106.0,80.0,24.53,True,in_stock,USD,"[""36"", ""37"", ""38"", ""39"", ""40"", ""41"", ""42"", ""43"", ""44"", ""45"", ""46""]",https://kixlb.com/products/nike-p-6000-black-blue-gray,2026-04-10T15:12:22Z,True
kix:9667207954789,kix,,,NikeP-6000 Premium 'Light Bone Bicoastal',,,106.0,80.0,24.53,True,in_stock,USD,"[""36"", ""37"", ""38"", ""39"", ""40"", ""41"", ""42"", ""43"", ""44"", ""45"", ""46""]",https://kixlb.com/products/nikep-6000-premium-light-bone-bicoastal,2026-04-10T15:12:22Z,True
kix:9667207889253,kix,,Nike,Nike(WMNS) Nike P-6000 Essential 'Pale Ivory,,,106.0,80.0,24.53,True,in_stock,USD,"[""36"", ""37"", ""38"", ""39"", ""40"", ""41"", ""42"", ""43"", ""44"", ""45"", ""46""]",https://kixlb.com/products/nikewmns-nike-p-6000-essential-pale-ivory,2026-04-10T15:12:22Z,True
kix:9667207823717,kix,,Nike,Nike P-6000 CNPT 'Metallic Silver,,,106.0,80.0,24.53,True,in_stock,USD,"[""36"", ""37"", ""38"", ""39"", ""40"", ""41"", ""42"", ""43"", ""44"", ""45"", ""46""]",https://kixlb.com/products/nike-p-6000-cnpt-metallic-silver,2026-04-10T15:12:22Z,True
kix:9667207201125,kix,,Nike,Nike P-6000 'Athletic Department',,,106.0,80.0,24.53,True,in_stock,USD,"[""36"", ""37"", ""38"", ""39"", ""40"", ""41"", ""42"", ""43"", ""44"", ""45"", ""46""]",https://kixlb.com/products/nike-p-6000-athletic-department,2026-04-10T15:12:22Z,True
kix:9667207135589,kix,,Nike,Nike P-6000 White 'Platinum Tint Black',,,106.0,80.0,24.53,True,in_stock,USD,"[""36"", ""37"", ""38"", ""39"", ""40"", ""41"", ""42"", ""43"", ""44"", ""45"", ""46""]",https://kixlb.com/products/nike-p-6000-white-platinum-tint-black,2026-04-10T15:12:22Z,True
kix:9667207004517,kix,,Nike,Nike P-6000 White 'Sail',,,106.0,80.0,24.53,True,in_stock,USD,"[""36"", ""37"", ""38"", ""39"", ""40"", ""41"", ""42"", ""43"", ""44"", ""45"", ""46""]",https://kixlb.com/products/nike-p-6000-white-sail,2026-04-10T15:12:22Z,True
kix:9667206447461,kix,,Nike,Nike P-6000 White ''Oracle Aqua'',,,106.0,80.0,24.53,True,in_stock,USD,"[""36"", ""37"", ""38"", ""39"", ""40"", ""41"", ""42"", ""43"", ""44"", ""45"", ""46""]",https://kixlb.com/products/nike-p-6000-white-oracle-aqua,2026-04-10T15:12:22Z,True
kix:9667206316389,kix,,Nike,Nike P-6000 Light Aqua,,,106.0,80.0,24.53,True,in_stock,USD,"[""36"", ""37"", ""38"", ""39"", ""40"", ""41"", ""42"", ""43"", ""44"", ""45"", ""46""]",https://kixlb.com/products/nike-p-6000-light-aqua,2026-04-10T15:12:22Z,True
kix:9667206250853,kix,,Nike,"Nike P-6000 Premium ""Triple Black""",,,106.0,80.0,24.53,True,in_stock,USD,"[""36"", ""37"", ""38"", ""39"", ""40"", ""41"", ""42"", ""43"", ""44"", ""45"", ""46""]",https://kixlb.com/products/nike-p-6000-premium-triple-black,2026-04-10T15:12:22Z,True
kix:9667206185317,kix,,Nike,Nike P-6000 black metallic finishy,,,106.0,80.0,24.53,True,in_stock,USD,"[""36"", ""37"", ""38"", ""39"", ""40"", ""41"", ""42"", ""43"", ""44"", ""45"", ""46""]",https://kixlb.com/products/nike-p-6000-black-metallic-finishy,2026-04-10T15:12:22Z,True
kix:9667206087013,kix,,Nike,"Nike P-6000 ""Laser Fuchsia""",,,106.0,80.0,24.53,True,in_stock,USD,"[""36"", ""37"", ""38"", ""39"", ""40"", ""41"", ""42"", ""43"", ""44"", ""45"", ""46""]",https://kixlb.com/products/nike-p-6000-laser-fuchsia,2026-04-10T15:12:22Z,True
kix:9667206021477,kix,,Nike,Nike P-6000 Pure Platinum/Black/White,,,106.0,80.0,24.53,True,in_stock,USD,"[""36"", ""37"", ""38"", ""39"", ""40"", ""41"", ""42"", ""43"", ""44"", ""45"", ""46""]",https://kixlb.com/products/nike-p-6000-pure-platinum-black-white,2026-04-10T15:12:22Z,True
kix:9667205628261,kix,,UGG,Ugg Violet Shearling Platform Slipper Chestnut,,,190.0,87.0,54.21,True,in_stock,USD,"[""35"", ""36"", ""37"", ""38"", ""39"", ""40""]",https://kixlb.com/products/ugg-violet-shearling-platform-slipper-chestnut,2026-04-10T15:12:22Z,True
kix:9667205595493,kix,,UGG,UGG Funkette mules Black Chestnut,,,190.0,110.0,42.11,True,in_stock,USD,"[""36"", ""37"", ""38"", ""39"", ""40"", ""41"", ""42"", ""43""]",https://kixlb.com/products/ugg-funkette-mules-black-chestnut,2026-04-10T15:12:22Z,True
kix:9667205562725,kix,,UGG,UGG Funkette mules Black,,,190.0,110.0,42.11,True,in_stock,USD,"[""36"", ""37"", ""38"", ""39"", ""40"", ""41"", ""42"", ""43""]",https://kixlb.com/products/ugg-funkette-mules-black,2026-04-10T15:12:22Z,True
kix:9667205497189,kix,,UGG,UGG Classic Short II burnt grey,,,190.0,110.0,42.11,True,in_stock,USD,"[""36"", ""37"", ""38"", ""39"", ""40"", ""41"", ""42"", ""43""]",https://kixlb.com/products/ugg-classic-short-ii-burnt-grey,2026-04-10T15:12:22Z,True
kix:9667205464421,kix,,UGG,UGG Classic Short II burnt cedar,,,190.0,110.0,42.11,True,in_stock,USD,"[""36"", ""37"", ""38"", ""39"", ""40"", ""41"", ""42"", ""43""]",https://kixlb.com/products/ugg-classic-short-ii-burnt-cedar,2026-04-10T15:12:22Z,True
kix:9667205431653,kix,,UGG,UGG Classic Short II black,,,190.0,110.0,42.11,True,in_stock,USD,"[""36"", ""37"", ""38"", ""39"", ""40"", ""41"", ""42"", ""43""]",https://kixlb.com/products/ugg-classic-short-ii-black,2026-04-10T15:12:22Z,True
kix:9667205366117,kix,,UGG,UGG Classic Short II chestnut,,,190.0,110.0,42.11,True,in_stock,USD,"[""36"", ""37"", ""38"", ""39"", ""40"", ""41"", ""42"", ""43""]",https://kixlb.com/products/ugg-classic-short-ii,2026-04-10T15:12:22Z,True
kix:9667205333349,kix,,UGG,UGG Disquette Slipper chestnut,,,120.0,84.0,30.0,True,in_stock,USD,"[""36"", ""37"", ""38"", ""39"", ""40"", ""41"", ""42"", ""43""]",https://kixlb.com/products/ugg-disquette-slipper-chestnut,2026-04-10T15:12:22Z,True
kix:9667205300581,kix,,UGG,UGG Disquette Slipper sand,,,120.0,84.0,30.0,True,in_stock,USD,"[""36"", ""37"", ""38"", ""39"", ""40"", ""41"", ""42"", ""43""]",https://kixlb.com/products/ugg-disquette-slipper-sand,2026-04-10T15:12:22Z,True
kix:9667205267813,kix,,UGG,UGG Disquette Slipper charcoal,,,120.0,84.0,30.0,True,in_stock,USD,"[""36"", ""37"", ""38"", ""39"", ""40"", ""41"", ""42"", ""43""]",https://kixlb.com/products/ugg-disquette-slipper-charcoal,2026-04-10T15:12:22Z,True
kix:9667205202277,kix,,UGG,UGG Disquette Slipper black,,,120.0,84.0,30.0,True,in_stock,USD,"[""36"", ""37"", ""38"", ""39"", ""40"", ""41"", ""42"", ""43""]",https://kixlb.com/products/ugg-disquette-slipper-black,2026-04-10T15:12:22Z,True
kix:9667205038437,kix,,UGG,UGG Classic Ultra Mini Dune-Dune,,,160.0,95.0,40.62,True,in_stock,USD,"[""36"", ""37"", ""38"", ""39"", ""40"", ""41"", ""42"", ""43""]",https://kixlb.com/products/ugg-classic-ultra-mini-dune-dune,2026-04-10T15:12:22Z,True
kix:9667204841829,kix,,UGG,UGG Classic Ultra Mini Rocky Oak-Rocky Oak,,,160.0,95.0,40.62,True,in_stock,USD,"[""36"", ""37"", ""38"", ""39"", ""40"", ""41"", ""42"", ""43""]",https://kixlb.com/products/ugg-classic-ultra-mini-rocky-oak-rocky-oak,2026-04-10T15:12:22Z,True
kix:9667204809061,kix,,UGG,UGG Classic Ultra Mini Chestnut-Chestnut,,,160.0,95.0,40.62,True,in_stock,USD,"[""36"", ""37"", ""38"", ""39"", ""40"", ""41"", ""42"", ""43""]",https://kixlb.com/products/ugg-classic-ultra-mini-chestnut-chestnut,2026-04-10T15:12:22Z,True
kix:9667204776293,kix,,UGG,UGG Classic Ultra Mini Gray-Gray-Grey,,,160.0,95.0,40.62,True,in_stock,USD,"[""36"", ""37"", ""38"", ""39"", ""40"", ""41"", ""42"", ""43""]",https://kixlb.com/products/ugg-classic-ultra-mini-gray-gray-grey,2026-04-10T15:12:22Z,True
kix:9667204710757,kix,,UGG,UGG Classic Ultra Mini Caribou-Caribou,,,160.0,95.0,40.62,True,in_stock,USD,"[""36"", ""37"", ""38"", ""39"", ""40"", ""41"", ""42"", ""43""]",https://kixlb.com/products/ugg-classic-ultra-mini,2026-04-10T15:12:22Z,True
kix:9667204546917,kix,,UGG,UGG Tazz Black-Black,,,95.0,75.0,21.05,True,in_stock,USD,"[""36"", ""37"", ""38"", ""39"", ""40"", ""41"", ""42"", ""43""]",https://kixlb.com/products/ugg-tazz-black-black,2026-04-10T15:12:22Z,True
kix:9667204514149,kix,,UGG,UGG Tazz Oak-Rocky Oak,,,95.0,75.0,21.05,True,in_stock,USD,"[""36"", ""37"", ""38"", ""39"", ""40"", ""41"", ""42"", ""43"", ""44"", ""45""]",https://kixlb.com/products/ugg-tazz-oak-rocky-oak,2026-04-10T15:12:22Z,True
kix:9667204481381,kix,,UGG,UGG Tazz Sand-Sand,,,95.0,75.0,21.05,True,in_stock,USD,"[""36"", ""37"", ""38"", ""39"", ""40"", ""41"", ""42"", ""43""]",https://kixlb.com/products/ugg-tazz-sand-sand,2026-04-10T15:12:22Z,True
kix:9667204448613,kix,,UGG,UGG Tazz Chestnut-Chestnut,,,95.0,75.0,21.05,True,in_stock,USD,"[""36"", ""37"", ""38"", ""39"", ""40"", ""41"", ""42"", ""43""]",https://kixlb.com/products/ugg-tazz-chestnut-chestnut,2026-04-10T15:12:22Z,True
kix:9667201892709,kix,,New Balance,New Balance 530 Festival Pack Clay,,,110.0,77.0,30.0,True,in_stock,USD,"[""36"", ""37"", ""38"", ""39"", ""40"", ""41"", ""42"", ""43"", ""44"", ""45"", ""46""]",https://kixlb.com/products/new-balance-530-festival-pack-clay,2026-04-10T15:12:22Z,True
kix:9667201532261,kix,,New Balance,New Balance 530 mesh sneakers,,,110.0,77.0,30.0,True,in_stock,USD,"[""36"", ""37"", ""38"", ""39"", ""40"", ""41"", ""42"", ""43"", ""44"", ""45"", ""46""]",https://kixlb.com/products/new-balance-530-mesh-sneakers,2026-04-10T15:12:22Z,True
kix:9667201499493,kix,,New Balance,"New Balance 530 ""Carolina"" sneakers",,,110.0,77.0,30.0,True,in_stock,USD,"[""36"", ""37"", ""38"", ""39"", ""40"", ""41"", ""42"", ""43"", ""44"", ""45"", ""46""]",https://kixlb.com/products/new-balance-530-carolina-sneakers,2026-04-10T15:12:22Z,True
kix:9667201433957,kix,,New Balance,"New Balance 530 ""White/Purple"" sneakers",,,110.0,77.0,30.0,True,in_stock,USD,"[""36"", ""37"", ""38"", ""39"", ""40"", ""41"", ""42"", ""43"", ""44"", ""45"", ""46""]",https://kixlb.com/products/new-balance-530-white-purple-sneakers,2026-04-10T15:12:22Z,True
kix:9667201401189,kix,,New Balance,New Balance BISQUE with EARTH SHADOW,,,110.0,77.0,30.0,True,in_stock,USD,"[""36"", ""37"", ""38"", ""39"", ""40"", ""41"", ""42"", ""43"", ""44"", ""45"", ""46""]",https://kixlb.com/products/new-balance-bisque-with-earth-shadow,2026-04-10T15:12:22Z,True
kix:9667201335653,kix,,New Balance,New Balance 530 NB 103 WHITE with PINK SUGAR and Silver Metallic,,,110.0,77.0,30.0,True,in_stock,USD,"[""36"", ""37"", ""38"", ""39"", ""40"", ""41"", ""42"", ""43"", ""44"", ""45"", ""46""]",https://kixlb.com/products/new-balance-530-nb-103-white-with-pink-sugar-and-silver-metallic,2026-04-10T15:12:22Z,True
kix:9667201270117,kix,,New Balance,New Balance 530 DARK MUSHROOM with INCENSE and Linen,,,110.0,77.0,30.0,True,in_stock,USD,"[""36"", ""37"", ""38"", ""39"", ""40"", ""41"", ""42"", ""43"", ""44"", ""45"", ""46""]",https://kixlb.com/products/new-balance-530-dark-mushroom-with-incense-and-linen,2026-04-10T15:12:22Z,True
kix:9667201237349,kix,,New Balance,New Balance 530 RAINCLOUD with SHADOW GREY and Silver Metallic,,,110.0,77.0,30.0,True,in_stock,USD,"[""36"", ""37"", ""38"", ""39"", ""40"", ""41"", ""42"", ""43"", ""44"", ""45"", ""46""]",https://kixlb.com/products/new-balance-530-raincloud-with-shadow-grey-and-silver-metallic,2026-04-10T15:12:22Z,True
kix:9667201171813,kix,,New Balance,New Balance 530 BLACK with MAGNET and Silver Metallic,,,110.0,77.0,30.0,True,in_stock,USD,"[""36"", ""37"", ""38"", ""39"", ""40"", ""41"", ""42"", ""43"", ""44"", ""45"", ""46""]",https://kixlb.com/products/new-balance-530-black-with-magnet-and-silver-metallic,2026-04-10T15:12:22Z,True
kix:9667201139045,kix,,New Balance,New Balance 530 NB WHITE with SILVER METALLIC,,,110.0,77.0,30.0,True,in_stock,USD,"[""36"", ""37"", ""38"", ""39"", ""40"", ""41"", ""42"", ""43"", ""44"", ""45"", ""46""]",https://kixlb.com/products/new-balance-530-nb-white-with-silver-metallic,2026-04-10T15:12:22Z,True
kix:9667201106277,kix,,New Balance,New Balance 530 WHITE with NATURAL INDIGO,,,110.0,77.0,30.0,True,in_stock,USD,"[""36"", ""37"", ""38"", ""39"", ""40"", ""41"", ""42"", ""43"", ""44"", ""45"", ""46""]",https://kixlb.com/products/new-balance-530-white-with-natural-indigo,2026-04-10T15:12:22Z,True
kix:9667200123237,kix,,New Balance,New Balance 9060 Grey Matter,,,90.0,,,False,in_stock,USD,"[""36"", ""37"", ""38"", ""39"", ""40"", ""41"", ""42"", ""43"", ""44"", ""45"", ""46""]",https://kixlb.com/products/new-balance-9060-grey-matter,2026-04-10T15:12:22Z,True
kix:9667200090469,kix,,New Balance,New Balance 9060 Black,,,90.0,,,False,in_stock,USD,"[""36"", ""37"", ""38"", ""39"", ""40"", ""41"", ""42"", ""43"", ""44"", ""45"", ""46""]",https://kixlb.com/products/new-balance-9060-black-1,2026-04-10T15:12:22Z,True
kix:9667199959397,kix,,New Balance,New Balance 9060 Pink/ Beige,,,90.0,,,False,in_stock,USD,"[""36"", ""37"", ""38"", ""39"", ""40"", ""41"", ""42"", ""43"", ""44"", ""45"", ""46""]",https://kixlb.com/products/new-balance-9060-pink-beige,2026-04-10T15:12:22Z,True
kix:9667199926629,kix,,New Balance,New Balance 9060 Green,,,90.0,,,False,in_stock,USD,"[""36"", ""37"", ""38"", ""39"", ""40"", ""41"", ""42"", ""43"", ""44"", ""45"", ""46""]",https://kixlb.com/products/new-balance-9060-green,2026-04-10T15:12:22Z,True
kix:9667199893861,kix,,New Balance,New Balance 9060 Grey,,,90.0,,,False,in_stock,USD,"[""36"", ""37"", ""38"", ""39"", ""40"", ""41"", ""42"", ""43"", ""44"", ""45"", ""46""]",https://kixlb.com/products/new-balance-9060-grey,2026-04-10T15:12:22Z,True
kix:9667199861093,kix,,New Balance,New Balance 9060 Arid Stone,,,90.0,,,False,in_stock,USD,"[""36"", ""37"", ""38"", ""39"", ""40"", ""41"", ""42"", ""43"", ""44"", ""45"", ""46""]",https://kixlb.com/products/new-balance-9060-arid-stone-1,2026-04-10T15:12:22Z,True
kix:9667199828325,kix,,New Balance,New Balance 9060 Shoreline Blue,,,90.0,,,False,in_stock,USD,"[""36"", ""37"", ""38"", ""39"", ""40"", ""41"", ""42"", ""43"", ""44"", ""45"", ""46""]",https://kixlb.com/products/new-balance-9060-shoreline-blue,2026-04-10T15:12:22Z,True
kix:9667199762789,kix,,New Balance,New Balance 9060 Raincloud,,,90.0,,,False,in_stock,USD,"[""36"", ""37"", ""38"", ""39"", ""40"", ""41"", ""42"", ""43"", ""44"", ""45"", ""46""]",https://kixlb.com/products/new-balance-9060-raincloud,2026-04-10T15:12:22Z,True
kix:9667199730021,kix,,New Balance,New Balance 9060 Arid Stone,,,90.0,,,False,in_stock,USD,"[""36"", ""37"", ""38"", ""39"", ""40"", ""41"", ""42"", ""43"", ""44"", ""45"", ""46""]",https://kixlb.com/products/new-balance-9060-arid-stone,2026-04-10T15:12:22Z,True
kix:9667199697253,kix,,New Balance,New Balance 9060 Black,,,90.0,,,False,in_stock,USD,"[""36"", ""37"", ""38"", ""39"", ""40"", ""41"", ""42"", ""43"", ""44"", ""45"", ""46""]",https://kixlb.com/products/new-balance-9060-black,2026-04-10T15:12:22Z,True
kix:9667199631717,kix,,New Balance,New Balance 9060 Slate Grey,,,90.0,,,False,in_stock,USD,"[""36"", ""37"", ""38"", ""39"", ""40"", ""41"", ""42"", ""43"", ""44"", ""45"", ""46""]",https://kixlb.com/products/new-balance-9060-slate-grey,2026-04-10T15:12:22Z,True
kix:9667199598949,kix,,New Balance,New Balance 9060 Dark Olivine,,,90.0,,,False,in_stock,USD,"[""36"", ""37"", ""38"", ""39"", ""40"", ""41"", ""42"", ""43"", ""44"", ""45"", ""46""]",https://kixlb.com/products/new-balance-9060-dark-olivine,2026-04-10T15:12:22Z,True
kix:9667199533413,kix,,New Balance,New Balance 9060 Beige/ Sea Salt,,,90.0,,,False,in_stock,USD,"[""36"", ""37"", ""38"", ""39"", ""40"", ""41"", ""42"", ""43"", ""44"", ""45"", ""46""]",https://kixlb.com/products/new-balance-9060-beige-sea-salt,2026-04-10T15:12:22Z,True
kix:9667199435109,kix,,New Balance,New Balance 9060 Earth Shadow with Flat Taupe and Bisque,,,90.0,,,False,in_stock,USD,"[""36"", ""37"", ""38"", ""39"", ""40"", ""41"", ""42"", ""43"", ""44"", ""45"", ""46""]",https://kixlb.com/products/new-balance-9060-earth-shadow-with-flat-taupe-and-bisque,2026-04-10T15:12:22Z,True
kix:9667199041893,kix,,New Balance,New Balance 2002R Salehe Bembury Peace Be The Journey,,,80.0,,,False,in_stock,USD,"[""36"", ""37"", ""38"", ""39"", ""40"", ""41"", ""42"", ""43"", ""44"", ""45"", ""46""]",https://kixlb.com/products/new-balance-2002r-protection-pack-vintage-orange,2026-04-10T15:12:22Z,True
kix:9667198845285,kix,,New Balance,New Balance 2002R Gore-Tex Navy Arctic Grey,,,80.0,,,False,in_stock,USD,"[""36"", ""37"", ""38"", ""39"", ""40"", ""41"", ""42"", ""43"", ""44"", ""45"", ""46""]",https://kixlb.com/products/new-balance-2002r-gore-tex-navy-arctic-grey,2026-04-10T15:12:22Z,True
kix:9667198714213,kix,,New Balance,New Balance 2002R Gore-Tex Marblehead Moon Shadow,,,80.0,,,False,in_stock,USD,"[""36"", ""37"", ""38"", ""39"", ""40"", ""41"", ""42"", ""43"", ""44"", ""45"", ""46""]",https://kixlb.com/products/new-balance-2002r-gore-tex-marblehead-moon-shadow,2026-04-10T15:12:22Z,True
kix:9667198681445,kix,,New Balance,New Balance 2002R Protection Pack Mirage Grey,,,80.0,,,False,in_stock,USD,"[""36"", ""37"", ""38"", ""39"", ""40"", ""41"", ""42"", ""43"", ""44"", ""45"", ""46""]",https://kixlb.com/products/new-balance-2002r-protection-pack-mirage-grey,2026-04-10T15:12:22Z,True
kix:9667198583141,kix,,New Balance,New Balance 2002R Protection Pack Navy,,,80.0,,,False,in_stock,USD,"[""36"", ""37"", ""38"", ""39"", ""40"", ""41"", ""42"", ""43"", ""44"", ""45"", ""46""]",https://kixlb.com/products/new-balance-2002r-protection-pack-navy,2026-04-10T15:12:22Z,True
kix:9667198550373,kix,,New Balance,New Balance 2002R Castlerock Black,,,80.0,,,False,in_stock,USD,"[""36"", ""37"", ""38"", ""39"", ""40"", ""41"", ""42"", ""43"", ""44"", ""45"", ""46""]",https://kixlb.com/products/new-balance-2002r-castlerock-black,2026-04-10T15:12:22Z,True
kix:9667198484837,kix,,New Balance,New Balance 2002R Protection Pack Dark Moss,,,80.0,,,False,in_stock,USD,"[""36"", ""37"", ""38"", ""39"", ""40"", ""41"", ""42"", ""43"", ""44"", ""45"", ""46""]",https://kixlb.com/products/new-balance-2002r-protection-pack-dark-moss,2026-04-10T15:12:22Z,True
kix:9667198452069,kix,,New Balance,New Balance 2002R Suede Pack Deep Ocean Grey,,,80.0,,,False,in_stock,USD,"[""36"", ""37"", ""38"", ""39"", ""40"", ""41"", ""42"", ""43"", ""44"", ""45"", ""46""]",https://kixlb.com/products/new-balance-2002r-suede-pack-deep-ocean-grey,2026-04-10T15:12:22Z,True
kix:9667198419301,kix,,New Balance,New Balance 2002R Nightwatch Green,,,80.0,,,False,in_stock,USD,"[""36"", ""37"", ""38"", ""39"", ""40"", ""41"", ""42"", ""43"", ""44"", ""45"", ""46""]",https://kixlb.com/products/new-balance-2002r-nightwatch-green,2026-04-10T15:12:22Z,True
kix:9667198386533,kix,,New Balance,New Balance 2002R Protection Pack Rain Cloud,,,80.0,,,False,in_stock,USD,"[""36"", ""37"", ""38"", ""39"", ""40"", ""41"", ""42"", ""43"", ""44"", ""45"", ""46""]",https://kixlb.com/products/new-balance-2002r-protection-pack-rain-cloud,2026-04-10T15:12:22Z,True
kix:9667198320997,kix,,New Balance,New Balance 2002R Protection Pack Grey,,,80.0,,,False,in_stock,USD,"[""36"", ""37"", ""38"", ""39"", ""40"", ""41"", ""42"", ""43"", ""44"", ""45"", ""46""]",https://kixlb.com/products/new-balance-2002r-protection-pack-grey,2026-04-10T15:12:22Z,True
kix:9667198288229,kix,,New Balance,New Balance 2002R Navy Eclipse,,,80.0,,,False,in_stock,USD,"[""36"", ""37"", ""38"", ""39"", ""40"", ""41"", ""42"", ""43"", ""44"", ""45"", ""46""]",https://kixlb.com/products/new-balance-2002r-navy-eclipse,2026-04-10T15:12:22Z,True
kix:9667006955877,kix,,New Balance,New Balance 550 Sea Salt Burgundy,,,82.0,,,False,in_stock,USD,"[""36"", ""37"", ""38"", ""39"", ""40"", ""41"", ""42"", ""43"", ""44"", ""45""]",https://kixlb.com/products/new-balance-550-sea-salt-burgundy,2026-04-10T15:12:22Z,True
kix:9667006923109,kix,,New Balance,New Balance 550 Sea Salt Black,,,82.0,,,False,in_stock,USD,"[""36"", ""37"", ""38"", ""39"", ""40"", ""41"", ""42"", ""43"", ""44"", ""45""]",https://kixlb.com/products/new-balance-550-sea-salt-black,2026-04-10T15:12:22Z,True
kix:9667006890341,kix,,New Balance,New Balance 550 Aime Leon Dore Olive,,,82.0,,,False,in_stock,USD,"[""36"", ""37"", ""38"", ""39"", ""40"", ""41"", ""42"", ""43"", ""44"", ""45""]",https://kixlb.com/products/new-balance-550-aime-leon-dore-olive,2026-04-10T15:12:22Z,True
kix:9667006857573,kix,,New Balance,New Balance 550 White Blue Groove,,,82.0,,,False,in_stock,USD,"[""36"", ""37"", ""38"", ""39"", ""40"", ""41"", ""42"", ""43"", ""44"", ""45""]",https://kixlb.com/products/new-balance-550-white-blue-groove,2026-04-10T15:12:22Z,True
kix:9667006824805,kix,,New Balance,New Balance 550 White Dark Mercury,,,82.0,,,False,in_stock,USD,"[""36"", ""37"", ""38"", ""39"", ""40"", ""41"", ""42"", ""43"", ""44"", ""45""]",https://kixlb.com/products/new-balance-550-white-dark-mercury,2026-04-10T15:12:22Z,True
kix:9667006792037,kix,,New Balance,New Balance 550 Sea Salt Team Royal,,,82.0,,,False,in_stock,USD,"[""36"", ""37"", ""38"", ""39"", ""40"", ""41"", ""42"", ""43"", ""44"", ""45""]",https://kixlb.com/products/new-balance-550-sea-salt-team-royal,2026-04-10T15:12:22Z,True
kix:9667006759269,kix,,New Balance,New Balance 550 Burnt Orange,,,82.0,,,False,in_stock,USD,"[""36"", ""37"", ""38"", ""39"", ""40"", ""41"", ""42"", ""43"", ""44"", ""45""]",https://kixlb.com/products/new-balance-550-burnt-orange,2026-04-10T15:12:22Z,True
kix:9667006726501,kix,,New Balance,New Balance 550 Aime Leon Dore White Red,,,82.0,,,False,in_stock,USD,"[""36"", ""37"", ""38"", ""39"", ""40"", ""41"", ""42"", ""43"", ""44"", ""45""]",https://kixlb.com/products/new-balance-550-aime-leon-dore-white-red,2026-04-10T15:12:22Z,True
kix:9667006693733,kix,,New Balance,New balance 550 White Green,,,82.0,,,False,in_stock,USD,"[""36"", ""37"", ""38"", ""39"", ""40"", ""41"", ""42"", ""43"", ""44"", ""45""]",https://kixlb.com/products/new-balance-550-white-green,2026-04-10T15:12:22Z,True
kix:9667006660965,kix,,New Balance,New Balance 550 White Grey,,,82.0,,,False,in_stock,USD,"[""36"", ""37"", ""38"", ""39"", ""40"", ""41"", ""42"", ""43"", ""44"", ""45""]",https://kixlb.com/products/new-balance-550-white-grey,2026-04-10T15:12:22Z,True
kix:9667003973989,kix,,Nike,nike airforce1 navy blue and orange,,,86.0,,,False,in_stock,USD,"[""36"", ""36.5"", ""37"", ""38"", ""38.5"", ""39"", ""40"", ""40.5"", ""41"", ""42"", ""42.5"", ""43"", ""44"", ""45""]",https://kixlb.com/products/nike-airforce1-navy-blue-and-grey-copy,2026-04-10T15:12:22Z,True
kix:9667003908453,kix,,Nike,nike airforce1 navy blue and grey,,,86.0,,,False,in_stock,USD,"[""36"", ""36.5"", ""37"", ""38"", ""38.5"", ""39"", ""40"", ""40.5"", ""41"", ""42"", ""42.5"", ""43"", ""44"", ""45""]",https://kixlb.com/products/nike-airforce1-low-beige-copy-1,2026-04-10T15:12:22Z,True
kix:9667003875685,kix,,Nike,nike airforce1 low beige,,,86.0,,,False,in_stock,USD,"[""36"", ""36.5"", ""37"", ""38"", ""38.5"", ""39"", ""40"", ""40.5"", ""41"", ""42"", ""42.5"", ""43"", ""44"", ""45""]",https://kixlb.com/products/nike-airforce1-low-navy-and-red-copy,2026-04-10T15:12:22Z,True
kix:9667003351397,kix,,Nike,nike airforce1 low navy and red,,,86.0,,,False,in_stock,USD,"[""36"", ""36.5"", ""37"", ""38"", ""38.5"", ""39"", ""40"", ""40.5"", ""41"", ""42"", ""42.5"", ""43"", ""44"", ""45""]",https://kixlb.com/products/nike-airforce1-low-north-face-burgundy-copy,2026-04-10T15:12:22Z,True
kix:9667003122021,kix,,Nike,nike airforce1 low north face burgundy,,,86.0,,,False,in_stock,USD,"[""36"", ""36.5"", ""37"", ""38"", ""38.5"", ""39"", ""40"", ""40.5"", ""41"", ""42"", ""42.5"", ""43"", ""44"", ""45""]",https://kixlb.com/products/nike-airforce1-low-the-kaws-copy,2026-04-10T15:12:22Z,True
kix:9667003023717,kix,,Nike,nike airforce1 low the kaws,,,86.0,,,False,in_stock,USD,"[""36"", ""36.5"", ""37"", ""38"", ""38.5"", ""39"", ""40"", ""40.5"", ""41"", ""42"", ""42.5"", ""43"", ""44"", ""45""]",https://kixlb.com/products/nike-airforce1-low-navy-and-light-blue-copy,2026-04-10T15:12:22Z,True
kix:9667002958181,kix,,Nike,nike airforce1 low navy and light blue,,,86.0,,,False,in_stock,USD,"[""36"", ""36.5"", ""37"", ""38"", ""38.5"", ""39"", ""40"", ""40.5"", ""41"", ""42"", ""42.5"", ""43"", ""44"", ""45""]",https://kixlb.com/products/nike-airforce1-low-lv-stussy-copy,2026-04-10T15:12:22Z,True
kix:9667002892645,kix,,Nike,nike airforce1 low LV stussy,,,86.0,,,False,in_stock,USD,"[""36"", ""36.5"", ""37"", ""38"", ""38.5"", ""39"", ""40"", ""40.5"", ""41"", ""42"", ""42.5"", ""43"", ""44"", ""45""]",https://kixlb.com/products/nike-airforce1-low-lv-copy-1,2026-04-10T15:12:22Z,True
kix:9667002827109,kix,,Nike,nike airforce1 low LV,,,86.0,,,False,in_stock,USD,"[""36"", ""36.5"", ""37"", ""38"", ""38.5"", ""39"", ""40"", ""40.5"", ""41"", ""42"", ""42.5"", ""43"", ""44"", ""45""]",https://kixlb.com/products/nike-airforce1-low-black-and-red-copy,2026-04-10T15:12:22Z,True
kix:9667002794341,kix,,Nike,nike airforce1 low black and red,,,86.0,,,False,in_stock,USD,"[""36"", ""36.5"", ""37"", ""38"", ""38.5"", ""39"", ""40"", ""40.5"", ""41"", ""42"", ""42.5"", ""43"", ""44"", ""45""]",https://kixlb.com/products/nike-airforce1-low-study-grey-copy,2026-04-10T15:12:22Z,True
kix:9667002073445,kix,,Nike,nike airforce1 low stussy grey,,,86.0,,,False,in_stock,USD,"[""36"", ""36.5"", ""37"", ""38"", ""38.5"", ""39"", ""40"", ""40.5"", ""41"", ""42"", ""42.5"", ""43"", ""44"", ""45""]",https://kixlb.com/products/nike-airforce1-low-blue-and-orange-copy,2026-04-10T15:12:22Z,True
kix:9667001975141,kix,,Nike,nike airforce1 low blue and orange,,,86.0,,,False,in_stock,USD,"[""36"", ""36.5"", ""37"", ""38"", ""38.5"", ""39"", ""40"", ""40.5"", ""41"", ""42"", ""42.5"", ""43"", ""44"", ""45""]",https://kixlb.com/products/nike-airforce1-low-lv-red-copy,2026-04-10T15:12:22Z,True
kix:9667001909605,kix,,Nike,nike airforce1 low LV red,,,86.0,,,False,in_stock,USD,"[""36"", ""36.5"", ""37"", ""38"", ""38.5"", ""39"", ""40"", ""40.5"", ""41"", ""42"", ""42.5"", ""43"", ""44"", ""45""]",https://kixlb.com/products/nike-airforce1-low-blue-dior-copy,2026-04-10T15:12:22Z,True
kix:9667001712997,kix,,Nike,nike airforce1 low blue Dior,,,86.0,,,False,in_stock,USD,"[""36"", ""36.5"", ""37"", ""38"", ""38.5"", ""39"", ""40"", ""40.5"", ""41"", ""42"", ""42.5"", ""43"", ""44"", ""45""]",https://kixlb.com/products/nike-airforce1-low-off-copy,2026-04-10T15:12:22Z,True
kix:9667001385317,kix,,Nike,nike airforce1 low OFF,,,86.0,,,False,in_stock,USD,"[""36"", ""36.5"", ""37"", ""38"", ""38.5"", ""39"", ""40"", ""40.5"", ""41"", ""42"", ""42.5"", ""43"", ""44"", ""45""]",https://kixlb.com/products/nike-airforce1-low-burnt-brown-copy,2026-04-10T15:12:22Z,True
kix:9667001319781,kix,,Nike,nike airforce1 low burnt brown,,,86.0,,,False,in_stock,USD,"[""36"", ""36.5"", ""37"", ""38"", ""38.5"", ""39"", ""40"", ""40.5"", ""41"", ""42"", ""42.5"", ""43"", ""44"", ""45""]",https://kixlb.com/products/nike-airforce1-low-light-grey-and-blue-copy,2026-04-10T15:12:22Z,True
kix:9667001287013,kix,,Nike,nike airforce1 low light grey and blue,,,86.0,,,False,in_stock,USD,"[""36"", ""36.5"", ""37"", ""38"", ""38.5"", ""39"", ""40"", ""40.5"", ""41"", ""42"", ""42.5"", ""43"", ""44"", ""45""]",https://kixlb.com/products/nike-airforce1-low-off-white-dragon-copy,2026-04-10T15:12:22Z,True
kix:9667001123173,kix,,Nike,nike airforce1 low OFF white dragon,,,86.0,,,False,in_stock,USD,"[""36"", ""36.5"", ""37"", ""38"", ""38.5"", ""39"", ""40"", ""40.5"", ""41"", ""42"", ""42.5"", ""43"", ""44"", ""45""]",https://kixlb.com/products/nike-airforce1-low-green-and-orange-lv-copy,2026-04-10T15:12:22Z,True
kix:9667001057637,kix,,Nike,nike airforce1 low green and orange LV,,,86.0,,,False,in_stock,USD,"[""36"", ""36.5"", ""37"", ""38"", ""38.5"", ""39"", ""40"", ""40.5"", ""41"", ""42"", ""42.5"", ""43"", ""44"", ""45""]",https://kixlb.com/products/nike-airforce1-low-study-green-copy,2026-04-10T15:12:22Z,True
kix:9667000992101,kix,,Nike,nike airforce1 low study green,,,86.0,,,False,in_stock,USD,"[""36"", ""36.5"", ""37"", ""38"", ""38.5"", ""39"", ""40"", ""40.5"", ""41"", ""42"", ""42.5"", ""43"", ""44"", ""45""]",https://kixlb.com/products/nike-airforce1-low-fear-of-god-copy,2026-04-10T15:12:22Z,True
kix:9667000959333,kix,,Nike,nike airforce1 low fear of god,,,86.0,,,False,in_stock,USD,"[""36"", ""36.5"", ""37"", ""38"", ""38.5"", ""39"", ""40"", ""40.5"", ""41"", ""42"", ""42.5"", ""43"", ""44"", ""45""]",https://kixlb.com/products/nike-airforce1-low-lakers-copy,2026-04-10T15:12:22Z,True
kix:9667000893797,kix,,Nike,nike airforce1 low lakers,,,86.0,,,False,in_stock,USD,"[""36"", ""36.5"", ""37"", ""38"", ""38.5"", ""39"", ""40"", ""40.5"", ""41"", ""42"", ""42.5"", ""43"", ""44"", ""45""]",https://kixlb.com/products/nike-airforce1-low-gucci-green-copy,2026-04-10T15:12:22Z,True
kix:9667000861029,kix,,Nike,nike airforce1 low Gucci green,,,86.0,,,False,in_stock,USD,"[""36"", ""36.5"", ""37"", ""38"", ""38.5"", ""39"", ""40"", ""40.5"", ""41"", ""42"", ""42.5"", ""43"", ""44"", ""45""]",https://kixlb.com/products/nike-airforce1-low-doraeman-copy,2026-04-10T15:12:22Z,True
kix:9667000828261,kix,,Nike,nike airforce1 low doraeman,,,86.0,,,False,in_stock,USD,"[""36"", ""36.5"", ""37"", ""38"", ""38.5"", ""39"", ""40"", ""40.5"", ""41"", ""42"", ""42.5"", ""43"", ""44"", ""45""]",https://kixlb.com/products/nike-airforce1-low-fire-copy,2026-04-10T15:12:22Z,True
kix:9667000795493,kix,,Nike,nike airforce1 low fire,,,86.0,,,False,in_stock,USD,"[""36"", ""36.5"", ""37"", ""38"", ""38.5"", ""39"", ""40"", ""40.5"", ""41"", ""42"", ""42.5"", ""43"", ""44"", ""45""]",https://kixlb.com/products/nike-airforce1-low-classic-brown-lv-copy,2026-04-10T15:12:22Z,True
kix:9667000762725,kix,,Nike,nike airforce1 low classic brown LV,,,86.0,,,False,in_stock,USD,"[""36"", ""36.5"", ""37"", ""38"", ""38.5"", ""39"", ""40"", ""40.5"", ""41"", ""42"", ""42.5"", ""43"", ""44"", ""45""]",https://kixlb.com/products/nike-airforce1-low-waves-copy,2026-04-10T15:12:22Z,True
kix:9667000664421,kix,,Nike,nike airforce1 low waves,,,86.0,,,False,in_stock,USD,"[""36"", ""36.5"", ""37"", ""38"", ""38.5"", ""39"", ""40"", ""40.5"", ""41"", ""42"", ""42.5"", ""43"", ""44"", ""45""]",https://kixlb.com/products/nike-airforce1-low-north-face-squares-copy,2026-04-10T15:12:22Z,True
kix:9667000598885,kix,,Nike,nike airforce1 low north face squares,,,86.0,,,False,in_stock,USD,"[""36"", ""36.5"", ""37"", ""38"", ""38.5"", ""39"", ""40"", ""40.5"", ""41"", ""42"", ""42.5"", ""43"", ""44"", ""45""]",https://kixlb.com/products/nike-airforce1-low-halloween-copy,2026-04-10T15:12:22Z,True
kix:9667000566117,kix,,Nike,nike airforce1 low halloween,,,86.0,,,False,in_stock,USD,"[""36"", ""36.5"", ""37"", ""38"", ""38.5"", ""39"", ""40"", ""40.5"", ""41"", ""42"", ""42.5"", ""43"", ""44"", ""45""]",https://kixlb.com/products/nike-airforce1-low-warrior-copy,2026-04-10T15:12:22Z,True
kix:9667000402277,kix,,Nike,nike airforce1 low warrior,,,86.0,,,False,in_stock,USD,"[""36"", ""36.5"", ""37"", ""38"", ""38.5"", ""39"", ""40"", ""40.5"", ""41"", ""42"", ""42.5"", ""43"", ""44"", ""45""]",https://kixlb.com/products/nike-airforce1-low-baby-blue-copy,2026-04-10T15:12:22Z,True
kix:9667000369509,kix,,Nike,nike airforce1 low baby blue,,,86.0,,,False,in_stock,USD,"[""36"", ""36.5"", ""37"", ""38"", ""38.5"", ""39"", ""40"", ""40.5"", ""41"", ""42"", ""42.5"", ""43"", ""44"", ""45""]",https://kixlb.com/products/nike-airforce1-low-colored-kaws-copy,2026-04-10T15:12:22Z,True
kix:9666999910757,kix,,Nike,nike airforce1 low colored KAWS,,,86.0,,,False,in_stock,USD,"[""36"", ""36.5"", ""37"", ""38"", ""38.5"", ""39"", ""40"", ""40.5"", ""41"", ""42"", ""42.5"", ""43"", ""44"", ""45""]",https://kixlb.com/products/nike-airforce1-low-royal-blue-lv-copy,2026-04-10T15:12:22Z,True
kix:9666999615845,kix,,Nike,nike airforce1 low royal blue LV,,,86.0,,,False,in_stock,USD,"[""36"", ""36.5"", ""37"", ""38"", ""38.5"", ""39"", ""40"", ""40.5"", ""41"", ""42"", ""42.5"", ""43"", ""44"", ""45""]",https://kixlb.com/products/nike-airforce1-low-black-leather-copy,2026-04-10T15:12:22Z,True
kix:9666999583077,kix,,Nike,nike airforce1 low black leather,,,86.0,,,False,in_stock,USD,"[""36"", ""36.5"", ""37"", ""38"", ""38.5"", ""39"", ""40"", ""40.5"", ""41"", ""42"", ""42.5"", ""43"", ""44"", ""45""]",https://kixlb.com/products/nike-airforce1-low-navy-balanciaga-copy,2026-04-10T15:12:22Z,True
kix:9666999419237,kix,,Nike,nike airforce1 low Navy balanciaga,,,86.0,,,False,in_stock,USD,"[""36"", ""36.5"", ""37"", ""38"", ""38.5"", ""39"", ""40"", ""40.5"", ""41"", ""42"", ""42.5"", ""43"", ""44"", ""45""]",https://kixlb.com/products/nike-airforce1-low-olive-green-lv-copy,2026-04-10T15:12:22Z,True
kix:9666999386469,kix,,Nike,nike airforce1 low olive green LV,,,86.0,,,False,in_stock,USD,"[""36"", ""36.5"", ""37"", ""38"", ""38.5"", ""39"", ""40"", ""40.5"", ""41"", ""42"", ""42.5"", ""43"", ""44"", ""45""]",https://kixlb.com/products/nike-airforce1-low-navy-blue-and-camel-lv-copy,2026-04-10T15:12:22Z,True
kix:9666999353701,kix,,Nike,nike airforce1 low navy blue and camel LV,,,86.0,,,False,in_stock,USD,"[""36"", ""36.5"", ""37"", ""38"", ""38.5"", ""39"", ""40"", ""40.5"", ""41"", ""42"", ""42.5"", ""43"", ""44"", ""45""]",https://kixlb.com/products/nike-airforce1-low-thunder-grey-copy,2026-04-10T15:12:22Z,True
kix:9666999222629,kix,,Nike,nike airforce1 low thunder grey,,,86.0,,,False,in_stock,USD,"[""36"", ""36.5"", ""37"", ""38"", ""38.5"", ""39"", ""40"", ""40.5"", ""41"", ""42"", ""42.5"", ""43"", ""44"", ""45""]",https://kixlb.com/products/nike-airforce1-low-undefeated-red-copy,2026-04-10T15:12:22Z,True
kix:9666999058789,kix,,Nike,nike airforce1 low undefeated red,,,86.0,,,False,in_stock,USD,"[""36"", ""36.5"", ""37"", ""38"", ""38.5"", ""39"", ""40"", ""40.5"", ""41"", ""42"", ""42.5"", ""43"", ""44"", ""45""]",https://kixlb.com/products/nike-airforce1-low-nb8-copy,2026-04-10T15:12:22Z,True
kix:9666998796645,kix,,Nike,nike airforce1 low NB8,,,86.0,,,False,in_stock,USD,"[""36"", ""36.5"", ""37"", ""38"", ""38.5"", ""39"", ""40"", ""40.5"", ""41"", ""42"", ""42.5"", ""43"", ""44"", ""45""]",https://kixlb.com/products/nike-airforce1-low-supreme-x-lv-copy,2026-04-10T15:12:22Z,True
kix:9666998763877,kix,,Nike,nike airforce1 low supreme x LV,,,86.0,,,False,in_stock,USD,"[""36"", ""36.5"", ""37"", ""38"", ""38.5"", ""39"", ""40"", ""40.5"", ""41"", ""42"", ""42.5"", ""43"", ""44"", ""45""]",https://kixlb.com/products/nike-airforce1-low-north-face-red-and-yellow-copy,2026-04-10T15:12:22Z,True
kix:9666998665573,kix,,Nike,nike airforce1 low north face red and yellow,,,86.0,,,False,in_stock,USD,"[""36"", ""36.5"", ""37"", ""38"", ""38.5"", ""39"", ""40"", ""40.5"", ""41"", ""42"", ""42.5"", ""43"", ""44"", ""45""]",https://kixlb.com/products/nike-airforce1-low-white-and-black-copy,2026-04-10T15:12:22Z,True
kix:9666998370661,kix,,Nike,nike airforce1 low white and black,,,86.0,,,False,in_stock,USD,"[""36"", ""36.5"", ""37"", ""38"", ""38.5"", ""39"", ""40"", ""40.5"", ""41"", ""42"", ""42.5"", ""43"", ""44"", ""45""]",https://kixlb.com/products/nike-airforce1-low-supreme-green-and-red-copy,2026-04-10T15:12:22Z,True
kix:9666998337893,kix,,Nike,nike airforce1 low supreme green and red,,,86.0,,,False,in_stock,USD,"[""36"", ""36.5"", ""37"", ""38"", ""38.5"", ""39"", ""40"", ""40.5"", ""41"", ""42"", ""42.5"", ""43"", ""44"", ""45""]",https://kixlb.com/products/nike-airforce1-low-red-wine-copy,2026-04-10T15:12:22Z,True
kix:9666998239589,kix,,Nike,nike airforce1 low red wine,,,86.0,,,False,in_stock,USD,"[""36"", ""36.5"", ""37"", ""38"", ""38.5"", ""39"", ""40"", ""40.5"", ""41"", ""42"", ""42.5"", ""43"", ""44"", ""45""]",https://kixlb.com/products/nike-airforce1-low-jeans-copy,2026-04-10T15:12:22Z,True
kix:9666998075749,kix,,Nike,nike airforce1 low jeans,,,86.0,,,False,in_stock,USD,"[""36"", ""36.5"", ""37"", ""38"", ""38.5"", ""39"", ""40"", ""40.5"", ""41"", ""42"", ""42.5"", ""43"", ""44"", ""45""]",https://kixlb.com/products/nike-airforce1-low-lv-pattern-copy,2026-04-10T15:12:22Z,True
kix:9666997977445,kix,,Nike,nike airforce1 low LV pattern,,,86.0,,,False,in_stock,USD,"[""36"", ""36.5"", ""37"", ""38"", ""38.5"", ""39"", ""40"", ""40.5"", ""41"", ""42"", ""42.5"", ""43"", ""44"", ""45""]",https://kixlb.com/products/nike-airforce1-low-grey-and-red-lv-copy,2026-04-10T15:12:22Z,True
kix:9666997944677,kix,,Nike,nike airforce1 low grey and red LV,,,86.0,,,False,in_stock,USD,"[""36"", ""36.5"", ""37"", ""38"", ""38.5"", ""39"", ""40"", ""40.5"", ""41"", ""42"", ""42.5"", ""43"", ""44"", ""45""]",https://kixlb.com/products/nike-airforce1-low-splashed-black-copy,2026-04-10T15:12:22Z,True
kix:9666997879141,kix,,Nike,nike airforce1 low splashed black,,,86.0,,,False,in_stock,USD,"[""36"", ""36.5"", ""37"", ""38"", ""38.5"", ""39"", ""40"", ""40.5"", ""41"", ""42"", ""42.5"", ""43"", ""44"", ""45""]",https://kixlb.com/products/nike-airforce1-low-beige-copy,2026-04-10T15:12:22Z,True
kix:9666997715301,kix,,Nike,nike airforce1 low beige,,,86.0,,,False,in_stock,USD,"[""36"", ""36.5"", ""37"", ""38"", ""38.5"", ""39"", ""40"", ""40.5"", ""41"", ""42"", ""42.5"", ""43"", ""44"", ""45""]",https://kixlb.com/products/nike-airforce1-low-black-and-white-copy-2,2026-04-10T15:12:22Z,True
kix:9666997682533,kix,,Nike,nike airforce1 low black and white,,,86.0,,,False,in_stock,USD,"[""36"", ""36.5"", ""37"", ""38"", ""38.5"", ""39"", ""40"", ""40.5"", ""41"", ""42"", ""42.5"", ""43"", ""44"", ""45""]",https://kixlb.com/products/nike-airforce1-low-grey-copy-1,2026-04-10T15:12:22Z,True
kix:9666997584229,kix,,Nike,nike airforce1 low grey,,,86.0,,,False,in_stock,USD,"[""36"", ""36.5"", ""37"", ""38"", ""38.5"", ""39"", ""40"", ""40.5"", ""41"", ""42"", ""42.5"", ""43"", ""44"", ""45""]",https://kixlb.com/products/nike-airforce1-low-undefeated-brown-copy,2026-04-10T15:12:22Z,True
kix:9666997485925,kix,,Nike,nike airforce1 low undefeated brown,,,86.0,,,False,in_stock,USD,"[""36"", ""36.5"", ""37"", ""38"", ""38.5"", ""39"", ""40"", ""40.5"", ""41"", ""42"", ""42.5"", ""43"", ""44"", ""45""]",https://kixlb.com/products/nike-airforce1-low-supreme-black-and-white-copy,2026-04-10T15:12:22Z,True
kix:9666997354853,kix,,Nike,nike airforce1 low supreme black and white,,,86.0,,,False,in_stock,USD,"[""36"", ""36.5"", ""37"", ""38"", ""38.5"", ""39"", ""40"", ""40.5"", ""41"", ""42"", ""42.5"", ""43"", ""44"", ""45""]",https://kixlb.com/products/nike-airforce1-low-duck-egg-green-copy,2026-04-10T15:12:22Z,True
kix:9666812215653,kix,,Nike,nike airforce1 low duck egg green,,,86.0,,,False,in_stock,USD,"[""36"", ""36.5"", ""37"", ""38"", ""38.5"", ""39"", ""40"", ""40.5"", ""41"", ""42"", ""42.5"", ""43"", ""44"", ""45""]",https://kixlb.com/products/nike-airforce1-low-light-green-gucci-copy-copy,2026-04-10T15:12:22Z,True
kix:9666812117349,kix,,Nike,nike airforce1 low egg duck,,,86.0,,,False,in_stock,USD,"[""36"", ""36.5"", ""37"", ""38"", ""38.5"", ""39"", ""40"", ""40.5"", ""41"", ""42"", ""42.5"", ""43"", ""44"", ""45""]",https://kixlb.com/products/nike-airforce1-low-light-green-gucci-copy,2026-04-10T15:12:22Z,True
kix:9666812084581,kix,,Nike,nike airforce1 low light green Gucci,,,86.0,,,False,in_stock,USD,"[""36"", ""36.5"", ""37"", ""38"", ""38.5"", ""39"", ""40"", ""40.5"", ""41"", ""42"", ""42.5"", ""43"", ""44"", ""45""]",https://kixlb.com/products/nike-airforce1-low-black-and-orange-copy,2026-04-10T15:12:22Z,True
kix:9666812051813,kix,,Nike,nike airforce1 low black and orange,,,86.0,,,False,in_stock,USD,"[""36"", ""36.5"", ""37"", ""38"", ""38.5"", ""39"", ""40"", ""40.5"", ""41"", ""42"", ""42.5"", ""43"", ""44"", ""45""]",https://kixlb.com/products/nike-airforce1-low-creamy-copy,2026-04-10T15:12:22Z,True
kix:9666812019045,kix,,Nike,nike airforce1 low creamy,,,86.0,,,False,in_stock,USD,"[""36"", ""36.5"", ""37"", ""38"", ""38.5"", ""39"", ""40"", ""40.5"", ""41"", ""42"", ""42.5"", ""43"", ""44"", ""45""]",https://kixlb.com/products/nike-airforce1-low-balanciaga-copy,2026-04-10T15:12:22Z,True
kix:9666811986277,kix,,Nike,nike airforce1 low balanciaga,,,86.0,,,False,in_stock,USD,"[""36"", ""36.5"", ""37"", ""38"", ""38.5"", ""39"", ""40"", ""40.5"", ""41"", ""42"", ""42.5"", ""43"", ""44"", ""45""]",https://kixlb.com/products/nike-airforce1-low-velvet-brown-copy,2026-04-10T15:12:22Z,True
kix:9666811920741,kix,,Nike,nike airforce1 low velvet brown,,,86.0,,,False,in_stock,USD,"[""36"", ""36.5"", ""37"", ""38"", ""38.5"", ""39"", ""40"", ""40.5"", ""41"", ""42"", ""42.5"", ""43"", ""44"", ""45""]",https://kixlb.com/products/nike-airforce1-low-bold-nike-brown-copy,2026-04-10T15:12:22Z,True
kix:9666811887973,kix,,Nike,nike airforce1 low bold nike brown,,,86.0,,,False,in_stock,USD,"[""36"", ""36.5"", ""37"", ""38"", ""38.5"", ""39"", ""40"", ""40.5"", ""41"", ""42"", ""42.5"", ""43"", ""44"", ""45""]",https://kixlb.com/products/nike-airforce1-low-gucci-grey-copy,2026-04-10T15:12:22Z,True
kix:9666811855205,kix,,Nike,nike airforce1 low Gucci grey,,,86.0,,,False,in_stock,USD,"[""36"", ""36.5"", ""37"", ""38"", ""38.5"", ""39"", ""40"", ""40.5"", ""41"", ""42"", ""42.5"", ""43"", ""44"", ""45""]",https://kixlb.com/products/nike-airforce1-low-the-north-face-copy,2026-04-10T15:12:22Z,True
kix:9666811822437,kix,,The North Face,nike airforce1 low the north face,,,86.0,,,False,in_stock,USD,"[""36"", ""36.5"", ""37"", ""38"", ""38.5"", ""39"", ""40"", ""40.5"", ""41"", ""42"", ""42.5"", ""43"", ""44"", ""45""]",https://kixlb.com/products/nike-airforce1-low-wild-copy,2026-04-10T15:12:22Z,True
kix:9666811756901,kix,,Nike,nike airforce1 low wild,,,86.0,,,False,in_stock,USD,"[""36"", ""36.5"", ""37"", ""38"", ""38.5"", ""39"", ""40"", ""40.5"", ""41"", ""42"", ""42.5"", ""43"", ""44"", ""45""]",https://kixlb.com/products/nike-airforce1-low-olive-green-copy,2026-04-10T15:12:22Z,True
kix:9666811625829,kix,,Nike,nike airforce1 low olive green,,,86.0,,,False,in_stock,USD,"[""36"", ""36.5"", ""37"", ""38"", ""38.5"", ""39"", ""40"", ""40.5"", ""41"", ""42"", ""42.5"", ""43"", ""44"", ""45""]",https://kixlb.com/products/nike-airforce1-low-lv-x-supreme-copy,2026-04-10T15:12:22Z,True
kix:9666811527525,kix,,Nike,nike airforce1 low LV X SUPREME,,,86.0,,,False,in_stock,USD,"[""36"", ""36.5"", ""37"", ""38"", ""38.5"", ""39"", ""40"", ""40.5"", ""41"", ""42"", ""42.5"", ""43"", ""44"", ""45""]",https://kixlb.com/products/nike-airforce1-low-lv-copy,2026-04-10T15:12:22Z,True
kix:9666811494757,kix,,Nike,nike airforce1 low LV,,,86.0,,,False,in_stock,USD,"[""36"", ""36.5"", ""37"", ""38"", ""38.5"", ""39"", ""40"", ""40.5"", ""41"", ""42"", ""42.5"", ""43"", ""44"", ""45""]",https://kixlb.com/products/nike-airforce1-low-neon-copy,2026-04-10T15:12:22Z,True
kix:9666811461989,kix,,Nike,nike airforce1 low NEON,,,86.0,,,False,in_stock,USD,"[""36"", ""36.5"", ""37"", ""38"", ""38.5"", ""39"", ""40"", ""40.5"", ""41"", ""42"", ""42.5"", ""43"", ""44"", ""45""]",https://kixlb.com/products/nike-airforce1-low-lv-b-w-copy,2026-04-10T15:12:22Z,True
kix:9666811396453,kix,,Nike,nike airforce1 low LV B&W,,,86.0,,,False,in_stock,USD,"[""36"", ""36.5"", ""37"", ""38"", ""38.5"", ""39"", ""40"", ""40.5"", ""41"", ""42"", ""42.5"", ""43"", ""44"", ""45""]",https://kixlb.com/products/nike-airforce1-low-lv-brown-copy-1,2026-04-10T15:12:22Z,True
kix:9666811363685,kix,,Nike,nike airforce1 low LV brown,,,86.0,,,False,in_stock,USD,"[""36"", ""36.5"", ""37"", ""38"", ""38.5"", ""39"", ""40"", ""40.5"", ""41"", ""42"", ""42.5"", ""43"", ""44"", ""45""]",https://kixlb.com/products/nike-airforce1-low-supreme-brown-copy,2026-04-10T15:12:22Z,True
kix:9666811330917,kix,,Nike,nike airforce1 low supreme brown,,,86.0,,,False,in_stock,USD,"[""36"", ""36.5"", ""37"", ""38"", ""38.5"", ""39"", ""40"", ""40.5"", ""41"", ""42"", ""42.5"", ""43"", ""44"", ""45""]",https://kixlb.com/products/nike-airforce1-low-green-north-face-copy,2026-04-10T15:12:22Z,True
kix:9666811298149,kix,,Nike,nike airforce1 low green north face,,,86.0,,,False,in_stock,USD,"[""36"", ""36.5"", ""37"", ""38"", ""38.5"", ""39"", ""40"", ""40.5"", ""41"", ""42"", ""42.5"", ""43"", ""44"", ""45""]",https://kixlb.com/products/nike-airforce1-low-yellow-copy,2026-04-10T15:12:22Z,True
kix:9666811199845,kix,,Nike,nike airforce1 low yellow,,,86.0,,,False,in_stock,USD,"[""36"", ""36.5"", ""37"", ""38"", ""38.5"", ""39"", ""40"", ""40.5"", ""41"", ""42"", ""42.5"", ""43"", ""44"", ""45""]",https://kixlb.com/products/nike-airforce1-low-textured-beige-copy,2026-04-10T15:12:22Z,True
kix:9666811134309,kix,,Nike,nike airforce1 low textured beige,,,86.0,,,False,in_stock,USD,"[""36"", ""36.5"", ""37"", ""38"", ""38.5"", ""39"", ""40"", ""40.5"", ""41"", ""42"", ""42.5"", ""43"", ""44"", ""45""]",https://kixlb.com/products/nike-airforce1-low-lv-brown-copy,2026-04-10T15:12:22Z,True
kix:9666811101541,kix,,Nike,nike airforce1 low LV brown,,,86.0,,,False,in_stock,USD,"[""36"", ""36.5"", ""37"", ""38"", ""38.5"", ""39"", ""40"", ""40.5"", ""41"", ""42"", ""42.5"", ""43"", ""44"", ""45""]",https://kixlb.com/products/nike-airforce1-low-gucci-copy,2026-04-10T15:12:22Z,True
kix:9666811068773,kix,,Nike,nike airforce1 low Gucci,,,86.0,,,False,in_stock,USD,"[""36"", ""36.5"", ""37"", ""38"", ""38.5"", ""39"", ""40"", ""40.5"", ""41"", ""42"", ""42.5"", ""43"", ""44"", ""45""]",https://kixlb.com/products/nike-airforce1-low-peace-copy,2026-04-10T15:12:22Z,True
kix:9666811036005,kix,,Nike,nike airforce1 low peace,,,86.0,,,False,in_stock,USD,"[""36"", ""36.5"", ""37"", ""38"", ""38.5"", ""39"", ""40"", ""40.5"", ""41"", ""42"", ""42.5"", ""43"", ""44"", ""45""]",https://kixlb.com/products/nike-airforce1-low-green-gucci-copy,2026-04-10T15:12:22Z,True
kix:9666811003237,kix,,Nike,nike airforce1 low green Gucci,,,86.0,,,False,in_stock,USD,"[""36"", ""36.5"", ""37"", ""38"", ""38.5"", ""39"", ""40"", ""40.5"", ""41"", ""42"", ""42.5"", ""43"", ""44"", ""45""]",https://kixlb.com/products/nike-airforce1-low-orange-stitch-north-face-copy,2026-04-10T15:12:23Z,True
kix:9666810970469,kix,,Nike,nike airforce1 low orange stitch north face,,,86.0,,,False,in_stock,USD,"[""36"", ""36.5"", ""37"", ""38"", ""38.5"", ""39"", ""40"", ""40.5"", ""41"", ""42"", ""42.5"", ""43"", ""44"", ""45""]",https://kixlb.com/products/nike-airforce1-low-teddy-copy,2026-04-10T15:12:23Z,True
kix:9666810937701,kix,,Nike,nike airforce1 low teddy,,,86.0,,,False,in_stock,USD,"[""36"", ""36.5"", ""37"", ""38"", ""38.5"", ""39"", ""40"", ""40.5"", ""41"", ""42"", ""42.5"", ""43"", ""44"", ""45""]",https://kixlb.com/products/nike-airforce1-low-chocolate-copy,2026-04-10T15:12:23Z,True
kix:9666810904933,kix,,Nike,nike airforce1 low chocolate,,,86.0,,,False,in_stock,USD,"[""36"", ""36.5"", ""37"", ""38"", ""38.5"", ""39"", ""40"", ""40.5"", ""41"", ""42"", ""42.5"", ""43"", ""44"", ""45""]",https://kixlb.com/products/nike-airforce1-low-gucci-lavender-copy,2026-04-10T15:12:23Z,True
kix:9666810872165,kix,,Nike,nike airforce1 low Gucci lavender,,,86.0,,,False,in_stock,USD,"[""36"", ""36.5"", ""37"", ""38"", ""38.5"", ""39"", ""40"", ""40.5"", ""41"", ""42"", ""42.5"", ""43"", ""44"", ""45""]",https://kixlb.com/products/nike-airforce1-low-dior-copy,2026-04-10T15:12:23Z,True
kix:9666810839397,kix,,Nike,nike airforce1 low Dior,,,86.0,,,False,in_stock,USD,"[""36"", ""36.5"", ""37"", ""38"", ""38.5"", ""39"", ""40"", ""40.5"", ""41"", ""42"", ""42.5"", ""43"", ""44"", ""45""]",https://kixlb.com/products/nike-airforce1-low-stone-island-gucci-copy,2026-04-10T15:12:23Z,True
kix:9666810806629,kix,,Nike,nike airforce1 low stone island Gucci,,,86.0,,,False,in_stock,USD,"[""36"", ""36.5"", ""37"", ""38"", ""38.5"", ""39"", ""40"", ""40.5"", ""41"", ""42"", ""42.5"", ""43"", ""44"", ""45""]",https://kixlb.com/products/nike-airforce1-low-north-face-grey-copy,2026-04-10T15:12:23Z,True
kix:9666810773861,kix,,Nike,nike airforce1 low north face grey,,,86.0,,,False,in_stock,USD,"[""36"", ""36.5"", ""37"", ""38"", ""38.5"", ""39"", ""40"", ""40.5"", ""41"", ""42"", ""42.5"", ""43"", ""44"", ""45""]",https://kixlb.com/products/nike-airforce1-low-north-face-blue-copy,2026-04-10T15:12:23Z,True
kix:9666810708325,kix,,Nike,nike airforce1 low north face blue,,,86.0,,,False,in_stock,USD,"[""36"", ""36.5"", ""37"", ""38"", ""38.5"", ""39"", ""40"", ""40.5"", ""41"", ""42"", ""42.5"", ""43"", ""44"", ""45""]",https://kixlb.com/products/nike-airforce1-low-red-kobe-copy,2026-04-10T15:12:23Z,True
kix:9666810642789,kix,,Nike,nike airforce1 low red Kobe,,,86.0,,,False,in_stock,USD,"[""36"", ""36.5"", ""37"", ""38"", ""38.5"", ""39"", ""40"", ""40.5"", ""41"", ""42"", ""42.5"", ""43"", ""44"", ""45""]",https://kixlb.com/products/nike-airforce1-low-supreme-black-copy,2026-04-10T15:12:23Z,True
kix:9666810577253,kix,,Nike,nike airforce1 low supreme black,,,86.0,,,False,in_stock,USD,"[""36"", ""36.5"", ""37"", ""38"", ""38.5"", ""39"", ""40"", ""40.5"", ""41"", ""42"", ""42.5"", ""43"", ""44"", ""45""]",https://kixlb.com/products/nike-airforce1-low-supreme-blue-copy,2026-04-10T15:12:23Z,True
kix:9666810380645,kix,,Nike,nike airforce1 low supreme blue,,,86.0,,,False,in_stock,USD,"[""36"", ""36.5"", ""37"", ""38"", ""38.5"", ""39"", ""40"", ""40.5"", ""41"", ""42"", ""42.5"", ""43"", ""44"", ""45""]",https://kixlb.com/products/nike-airforce1-low-navy-lv-copy,2026-04-10T15:12:23Z,True
kix:9666810282341,kix,,Nike,nike airforce1 low navy LV,,,86.0,,,False,in_stock,USD,"[""36"", ""36.5"", ""37"", ""38"", ""38.5"", ""39"", ""40"", ""40.5"", ""41"", ""42"", ""42.5"", ""43"", ""44"", ""45""]",https://kixlb.com/products/nike-airforce1-low-black-and-yellow-copy,2026-04-10T15:12:23Z,True
kix:9666810151269,kix,,Nike,nike airforce1 low black and yellow,,,86.0,,,False,in_stock,USD,"[""36"", ""36.5"", ""37"", ""38"", ""38.5"", ""39"", ""40"", ""40.5"", ""41"", ""42"", ""42.5"", ""43"", ""44"", ""45""]",https://kixlb.com/products/nike-airforce1-low-red-fragment-copy,2026-04-10T15:12:23Z,True
kix:9666810085733,kix,,Nike,nike airforce1 low red fragment,,,86.0,,,False,in_stock,USD,"[""36"", ""36.5"", ""37"", ""38"", ""38.5"", ""39"", ""40"", ""40.5"", ""41"", ""42"", ""42.5"", ""43"", ""44"", ""45""]",https://kixlb.com/products/nike-airforce1-low-mint-and-olive-green-copy,2026-04-10T15:12:23Z,True
kix:9666809987429,kix,,Nike,nike airforce1 low mint and olive green,,,86.0,,,False,in_stock,USD,"[""36"", ""36.5"", ""37"", ""38"", ""38.5"", ""39"", ""40"", ""40.5"", ""41"", ""42"", ""42.5"", ""43"", ""44"", ""45""]",https://kixlb.com/products/nike-airforce1-low-red-and-griege-copy,2026-04-10T15:12:23Z,True
kix:9666809954661,kix,,Nike,nike airforce1 low red and griege,,,86.0,,,False,in_stock,USD,"[""36"", ""36.5"", ""37"", ""38"", ""38.5"", ""39"", ""40"", ""40.5"", ""41"", ""42"", ""42.5"", ""43"", ""44"", ""45""]",https://kixlb.com/products/nike-airforce1-low-green-and-black-copy,2026-04-10T15:12:23Z,True
kix:9666809758053,kix,,Nike,nike airforce1 low green and black,,,86.0,,,False,in_stock,USD,"[""36"", ""36.5"", ""37"", ""38"", ""38.5"", ""39"", ""40"", ""40.5"", ""41"", ""42"", ""42.5"", ""43"", ""44"", ""45""]",https://kixlb.com/products/nike-airforce1-low-disney-mickey-mouse-copy,2026-04-10T15:12:23Z,True
kix:9666809692517,kix,,Nike,nike airforce1 low Disney Mickey Mouse,,,86.0,,,False,in_stock,USD,"[""36"", ""36.5"", ""37"", ""38"", ""38.5"", ""39"", ""40"", ""40.5"", ""41"", ""42"", ""42.5"", ""43"", ""44"", ""45""]",https://kixlb.com/products/nike-airforce1-low-camel-and-red-copy,2026-04-10T15:12:23Z,True
kix:9666809561445,kix,,Nike,nike airforce1 low camel and red,,,86.0,,,False,in_stock,USD,"[""36"", ""36.5"", ""37"", ""38"", ""38.5"", ""39"", ""40"", ""40.5"", ""41"", ""42"", ""42.5"", ""43"", ""44"", ""45""]",https://kixlb.com/products/nike-airforce1-low-black-and-white-copy-1,2026-04-10T15:12:23Z,True
kix:9666809528677,kix,,Nike,nike airforce1 low black and white,,,86.0,,,False,in_stock,USD,"[""36"", ""36.5"", ""37"", ""38"", ""38.5"", ""39"", ""40"", ""40.5"", ""41"", ""42"", ""42.5"", ""43"", ""44"", ""45""]",https://kixlb.com/products/nike-airforce1-low-light-green-snake-copy,2026-04-10T15:12:23Z,True
kix:9666809495909,kix,,Nike,nike airforce1 low light green snake,,,86.0,,,False,in_stock,USD,"[""36"", ""36.5"", ""37"", ""38"", ""38.5"", ""39"", ""40"", ""40.5"", ""41"", ""42"", ""42.5"", ""43"", ""44"", ""45""]",https://kixlb.com/products/nike-airforce1-low-black-and-silver-copy,2026-04-10T15:12:23Z,True
kix:9666809463141,kix,,Nike,nike airforce1 low black and silver,,,86.0,,,False,in_stock,USD,"[""36"", ""36.5"", ""37"", ""38"", ""38.5"", ""39"", ""40"", ""40.5"", ""41"", ""42"", ""42.5"", ""43"", ""44"", ""45""]",https://kixlb.com/products/nike-airforce1-low-lv-red-and-grey-copy,2026-04-10T15:12:23Z,True
kix:9666809430373,kix,,Nike,nike airforce1 low LV red and grey,,,86.0,,,False,in_stock,USD,"[""36"", ""36.5"", ""37"", ""38"", ""38.5"", ""39"", ""40"", ""40.5"", ""41"", ""42"", ""42.5"", ""43"", ""44"", ""45""]",https://kixlb.com/products/nike-airforce1-low-green-cross-copy,2026-04-10T15:12:23Z,True
kix:9666809397605,kix,,Nike,nike airforce1 low green cross,,,86.0,,,False,in_stock,USD,"[""36"", ""36.5"", ""37"", ""38"", ""38.5"", ""39"", ""40"", ""40.5"", ""41"", ""42"", ""42.5"", ""43"", ""44"", ""45""]",https://kixlb.com/products/nike-airforce1-low-full-black-velvet-supreme-copy,2026-04-10T15:12:23Z,True
kix:9666809364837,kix,,Nike,nike airforce1 low full black velvet supreme,,,86.0,,,False,in_stock,USD,"[""36"", ""36.5"", ""37"", ""38"", ""38.5"", ""39"", ""40"", ""40.5"", ""41"", ""42"", ""42.5"", ""43"", ""44"", ""45""]",https://kixlb.com/products/nike-airforce1-low-black-supreme-copy,2026-04-10T15:12:23Z,True
kix:9666809332069,kix,,Nike,nike airforce1 low black supreme,,,86.0,,,False,in_stock,USD,"[""36"", ""36.5"", ""37"", ""38"", ""38.5"", ""39"", ""40"", ""40.5"", ""41"", ""42"", ""42.5"", ""43"", ""44"", ""45""]",https://kixlb.com/products/nike-airforce1-low-velvet-blue-copy,2026-04-10T15:12:23Z,True
kix:9666809299301,kix,,Nike,nike airforce1 low velvet blue,,,86.0,,,False,in_stock,USD,"[""36"", ""36.5"", ""37"", ""38"", ""38.5"", ""39"", ""40"", ""40.5"", ""41"", ""42"", ""42.5"", ""43"", ""44"", ""45""]",https://kixlb.com/products/nike-airforce1-low-havane-copy,2026-04-10T15:12:23Z,True
kix:9666809266533,kix,,Nike,nike airforce1 low havane,,,86.0,,,False,in_stock,USD,"[""36"", ""36.5"", ""37"", ""38"", ""38.5"", ""39"", ""40"", ""40.5"", ""41"", ""42"", ""42.5"", ""43"", ""44"", ""45""]",https://kixlb.com/products/nike-airforce1-low-bronze-copy,2026-04-10T15:12:23Z,True
kix:9666808742245,kix,,Nike,nike airforce1 low bronze,,,86.0,,,False,in_stock,USD,"[""36"", ""36.5"", ""37"", ""38"", ""38.5"", ""39"", ""40"", ""40.5"", ""41"", ""42"", ""42.5"", ""43"", ""44"", ""45""]",https://kixlb.com/products/nike-airforce1-low-supreme-red-and-navy-copy,2026-04-10T15:12:23Z,True
kix:9666808709477,kix,,Nike,nike airforce1 low supreme red and navy,,,86.0,,,False,in_stock,USD,"[""36"", ""36.5"", ""37"", ""38"", ""38.5"", ""39"", ""40"", ""40.5"", ""41"", ""42"", ""42.5"", ""43"", ""44"", ""45""]",https://kixlb.com/products/nike-airforce1-low-red-horse-copy,2026-04-10T15:12:23Z,True
kix:9666808643941,kix,,Nike,nike airforce1 low red horse,,,86.0,,,False,in_stock,USD,"[""36"", ""36.5"", ""37"", ""38"", ""38.5"", ""39"", ""40"", ""40.5"", ""41"", ""42"", ""42.5"", ""43"", ""44"", ""45""]",https://kixlb.com/products/nike-airforce1-low-gucci-blue-and-grey-copy,2026-04-10T15:12:23Z,True
kix:9666808611173,kix,,Nike,nike airforce1 low GUCCI blue and grey,,,86.0,,,False,in_stock,USD,"[""36"", ""36.5"", ""37"", ""38"", ""38.5"", ""39"", ""40"", ""40.5"", ""41"", ""42"", ""42.5"", ""43"", ""44"", ""45""]",https://kixlb.com/products/nike-airforce1-low-lv-brown-and-beige-copy,2026-04-10T15:12:23Z,True
kix:9666808578405,kix,,Nike,nike airforce1 low LV brown and beige,,,86.0,,,False,in_stock,USD,"[""36"", ""36.5"", ""37"", ""38"", ""38.5"", ""39"", ""40"", ""40.5"", ""41"", ""42"", ""42.5"", ""43"", ""44"", ""45""]",https://kixlb.com/products/nike-airforce1-low-balanciaga-blue-copy,2026-04-10T15:12:23Z,True
kix:9666808512869,kix,,Nike,nike airforce1 low BALANCIAGA blue,,,86.0,,,False,in_stock,USD,"[""36"", ""36.5"", ""37"", ""38"", ""38.5"", ""39"", ""40"", ""40.5"", ""41"", ""42"", ""42.5"", ""43"", ""44"", ""45""]",https://kixlb.com/products/nike-airforce1-low-grey-copy,2026-04-10T15:12:23Z,True
kix:9666808480101,kix,,Nike,nike airforce1 low GREY,,,86.0,,,False,in_stock,USD,"[""36"", ""36.5"", ""37"", ""38"", ""38.5"", ""39"", ""40"", ""40.5"", ""41"", ""42"", ""42.5"", ""43"", ""44"", ""45""]",https://kixlb.com/products/nike-airforce1-low-cream-and-brown-lv-copy,2026-04-10T15:12:23Z,True
kix:9666808414565,kix,,Nike,nike airforce1 low cream and brown LV,,,86.0,,,False,in_stock,USD,"[""36"", ""36.5"", ""37"", ""38"", ""38.5"", ""39"", ""40"", ""40.5"", ""41"", ""42"", ""42.5"", ""43"", ""44"", ""45""]",https://kixlb.com/products/nike-airforce1-low-aqua-blue-copy,2026-04-10T15:12:23Z,True
kix:9666808349029,kix,,Nike,nike airforce1 low aqua blue,,,86.0,,,False,in_stock,USD,"[""36"", ""36.5"", ""37"", ""38"", ""38.5"", ""39"", ""40"", ""40.5"", ""41"", ""42"", ""42.5"", ""43"", ""44"", ""45""]",https://kixlb.com/products/nike-airforce1-low-snake-north-face-copy,2026-04-10T15:12:23Z,True
kix:9666808283493,kix,,Nike,nike airforce1 low snake north face,,,86.0,,,False,in_stock,USD,"[""36"", ""36.5"", ""37"", ""38"", ""38.5"", ""39"", ""40"", ""40.5"", ""41"", ""42"", ""42.5"", ""43"", ""44"", ""45""]",https://kixlb.com/products/nike-airforce1-low-royal-blue-and-brown-copy,2026-04-10T15:12:23Z,True
kix:9666808185189,kix,,Nike,nike airforce1 low royal blue and brown,,,86.0,,,False,in_stock,USD,"[""36"", ""36.5"", ""37"", ""38"", ""38.5"", ""39"", ""40"", ""40.5"", ""41"", ""42"", ""42.5"", ""43"", ""44"", ""45""]",https://kixlb.com/products/nike-airforce1-low-bear-copy,2026-04-10T15:12:23Z,True
kix:9666808086885,kix,,Nike,nike airforce1 low bear,,,86.0,,,False,in_stock,USD,"[""36"", ""36.5"", ""37"", ""38"", ""38.5"", ""39"", ""40"", ""40.5"", ""41"", ""42"", ""42.5"", ""43"", ""44"", ""45""]",https://kixlb.com/products/nike-airforce1-low-fuchsia-copy,2026-04-10T15:12:23Z,True
kix:9666805334373,kix,,Nike,nike airforce1 low fuchsia,,,86.0,,,False,in_stock,USD,"[""36"", ""36.5"", ""37"", ""38"", ""38.5"", ""39"", ""40"", ""40.5"", ""41"", ""42"", ""42.5"", ""43"", ""44"", ""45""]",https://kixlb.com/products/nike-airforce1-low-camel-and-blue-copy,2026-04-10T15:12:23Z,True
kix:9666805301605,kix,,Nike,nike airforce1 low camel and blue,,,86.0,,,False,in_stock,USD,"[""36"", ""36.5"", ""37"", ""38"", ""38.5"", ""39"", ""40"", ""40.5"", ""41"", ""42"", ""42.5"", ""43"", ""44"", ""45""]",https://kixlb.com/products/nike-airforce1-low-red-china-copy,2026-04-10T15:12:23Z,True
kix:9666805072229,kix,,Nike,nike airforce1 low red china,,,86.0,,,False,in_stock,USD,"[""36"", ""36.5"", ""37"", ""38"", ""38.5"", ""39"", ""40"", ""40.5"", ""41"", ""42"", ""42.5"", ""43"", ""44"", ""45""]",https://kixlb.com/products/nike-airforce1-low-black-north-face-copy,2026-04-10T15:12:23Z,True
kix:9666804777317,kix,,Nike,nike airforce1 low black north face,,,86.0,,,False,in_stock,USD,"[""36"", ""36.5"", ""37"", ""38"", ""38.5"", ""39"", ""40"", ""40.5"", ""41"", ""42"", ""42.5"", ""43"", ""44"", ""45""]",https://kixlb.com/products/nike-airforce1-low-blue-and-white-copy,2026-04-10T15:12:23Z,True
kix:9666804744549,kix,,Nike,nike airforce1 low blue and white,,,86.0,,,False,in_stock,USD,"[""36"", ""36.5"", ""37"", ""38"", ""38.5"", ""39"", ""40"", ""40.5"", ""41"", ""42"", ""42.5"", ""43"", ""44"", ""45""]",https://kixlb.com/products/nike-airforce1-low-navy-blue-copy,2026-04-10T15:12:23Z,True
kix:9666804711781,kix,,Nike,nike airforce1 low navy blue,,,86.0,,,False,in_stock,USD,"[""36"", ""36.5"", ""37"", ""38"", ""38.5"", ""39"", ""40"", ""40.5"", ""41"", ""42"", ""42.5"", ""43"", ""44"", ""45""]",https://kixlb.com/products/nike-airforce1-mid-beige-copy,2026-04-10T15:12:23Z,True
kix:9666804646245,kix,,Nike,nike airforce1 mid beige,,,86.0,,,False,in_stock,USD,"[""36"", ""36.5"", ""37"", ""38"", ""38.5"", ""39"", ""40"", ""40.5"", ""41"", ""42"", ""42.5"", ""43"", ""44"", ""45""]",https://kixlb.com/products/nike-airforce1-low-dark-green-copy,2026-04-10T15:12:23Z,True
kix:9666804613477,kix,,Nike,nike airforce1 low dark green,,,86.0,,,False,in_stock,USD,"[""36"", ""36.5"", ""37"", ""38"", ""38.5"", ""39"", ""40"", ""40.5"", ""41"", ""42"", ""42.5"", ""43"", ""44"", ""45""]",https://kixlb.com/products/nike-airforce1-low-play-copy,2026-04-10T15:12:23Z,True
kix:9666804580709,kix,,Nike,nike airforce1 low play,,,86.0,,,False,in_stock,USD,"[""36"", ""36.5"", ""37"", ""38"", ""38.5"", ""39"", ""40"", ""40.5"", ""41"", ""42"", ""42.5"", ""43"", ""44"", ""45""]",https://kixlb.com/products/nike-airforce1-low-mocha-brown-copy,2026-04-10T15:12:23Z,True
kix:9666804547941,kix,,Nike,nike airforce1 low mocha brown,,,86.0,,,False,in_stock,USD,"[""36"", ""36.5"", ""37"", ""38"", ""38.5"", ""39"", ""40"", ""40.5"", ""41"", ""42"", ""42.5"", ""43"", ""44"", ""45""]",https://kixlb.com/products/nike-airforce1-low-unicorn-copy,2026-04-10T15:12:23Z,True
kix:9666804515173,kix,,Nike,nike airforce1 low unicorn,,,86.0,,,False,in_stock,USD,"[""36"", ""36.5"", ""37"", ""38"", ""38.5"", ""39"", ""40"", ""40.5"", ""41"", ""42"", ""42.5"", ""43"", ""44"", ""45""]",https://kixlb.com/products/nike-airforce1-low-mixed-tic-copy,2026-04-10T15:12:23Z,True
kix:9666803761509,kix,,Nike,nike airforce1 low mixed tic,,,86.0,,,False,in_stock,USD,"[""36"", ""36.5"", ""37"", ""38"", ""38.5"", ""39"", ""40"", ""40.5"", ""41"", ""42"", ""42.5"", ""43"", ""44"", ""45""]",https://kixlb.com/products/nike-airforce1-low-white-chrome-copy,2026-04-10T15:12:23Z,True
kix:9666802614629,kix,,Nike,nike airforce1 low white chrome,,,86.0,,,False,in_stock,USD,"[""36"", ""36.5"", ""37"", ""38"", ""38.5"", ""39"", ""40"", ""40.5"", ""41"", ""42"", ""42.5"", ""43"", ""44"", ""45""]",https://kixlb.com/products/nike-airforce1-mid-velvet-navy-copy,2026-04-10T15:12:23Z,True
kix:9666802581861,kix,,Nike,nike airforce1 mid velvet navy,,,86.0,,,False,in_stock,USD,"[""36"", ""36.5"", ""37"", ""38"", ""38.5"", ""39"", ""40"", ""40.5"", ""41"", ""42"", ""42.5"", ""43"", ""44"", ""45""]",https://kixlb.com/products/nike-airforce1-low-dior-red-copy,2026-04-10T15:12:23Z,True
kix:9666802549093,kix,,Nike,nike airforce1 low Dior red,,,86.0,,,False,in_stock,USD,"[""36"", ""36.5"", ""37"", ""38"", ""38.5"", ""39"", ""40"", ""40.5"", ""41"", ""42"", ""42.5"", ""43"", ""44"", ""45""]",https://kixlb.com/products/nike-airforce1-low-lv-brick-copy,2026-04-10T15:12:23Z,True
kix:9666802221413,kix,,Nike,nike airforce1 low LV brick,,,86.0,,,False,in_stock,USD,"[""36"", ""36.5"", ""37"", ""38"", ""38.5"", ""39"", ""40"", ""40.5"", ""41"", ""42"", ""42.5"", ""43"", ""44"", ""45""]",https://kixlb.com/products/nike-airforce1-low-grey-and-blue-copy,2026-04-10T15:12:23Z,True
kix:9666802123109,kix,,Nike,nike airforce1 low grey and blue,,,86.0,,,False,in_stock,USD,"[""36"", ""36.5"", ""37"", ""38"", ""38.5"", ""39"", ""40"", ""40.5"", ""41"", ""42"", ""42.5"", ""43"", ""44"", ""45""]",https://kixlb.com/products/nike-airforce1-low-supreme-olive-green-copy,2026-04-10T15:12:23Z,True
kix:9666802090341,kix,,Nike,nike airforce1 low supreme olive green,,,86.0,,,False,in_stock,USD,"[""36"", ""36.5"", ""37"", ""38"", ""38.5"", ""39"", ""40"", ""40.5"", ""41"", ""42"", ""42.5"", ""43"", ""44"", ""45""]",https://kixlb.com/products/nike-airforce1-low-bold-copy,2026-04-10T15:12:23Z,True
kix:9666802057573,kix,,Nike,nike airforce1 low bold,,,86.0,,,False,in_stock,USD,"[""36"", ""36.5"", ""37"", ""38"", ""38.5"", ""39"", ""40"", ""40.5"", ""41"", ""42"", ""42.5"", ""43"", ""44"", ""45""]",https://kixlb.com/products/nike-airforce1-low-black-and-white-copy,2026-04-10T15:12:23Z,True
kix:9666801992037,kix,,Nike,nike airforce1 low black and white,,,86.0,,,False,in_stock,USD,"[""36"", ""36.5"", ""37"", ""38"", ""38.5"", ""39"", ""40"", ""40.5"", ""41"", ""42"", ""42.5"", ""43"", ""44"", ""45""]",https://kixlb.com/products/nike-airforce1-mid-rose-pink-copy,2026-04-10T15:12:23Z,True
kix:9666797175141,kix,,Nike,nike airforce1 Mid rose pink,,,86.0,,,False,in_stock,USD,"[""36"", ""36.5"", ""37"", ""38"", ""38.5"", ""39"", ""40"", ""40.5"", ""41"", ""42"", ""42.5"", ""43"", ""44"", ""45""]",https://kixlb.com/products/nike-airforce1-low-black-and-grey-lv-copy,2026-04-10T15:12:23Z,True
kix:9666797076837,kix,,Nike,nike airforce1 low black and grey LV,,,86.0,,,False,in_stock,USD,"[""36"", ""36.5"", ""37"", ""38"", ""38.5"", ""39"", ""40"", ""40.5"", ""41"", ""42"", ""42.5"", ""43"", ""44"", ""45""]",https://kixlb.com/products/nike-airforce1-low-black-outline-copy,2026-04-10T15:12:23Z,True
kix:9666797011301,kix,,Nike,nike airforce1 low black outline,,,86.0,,,False,in_stock,USD,"[""36"", ""36.5"", ""37"", ""38"", ""38.5"", ""39"", ""40"", ""40.5"", ""41"", ""42"", ""42.5"", ""43"", ""44"", ""45""]",https://kixlb.com/products/nike-airforce1-low-off-white-and-grey-copy,2026-04-10T15:12:23Z,True
kix:9666796880229,kix,,Nike,nike airforce1 low off white and grey,,,86.0,,,False,in_stock,USD,"[""36"", ""36.5"", ""37"", ""38"", ""38.5"", ""39"", ""40"", ""40.5"", ""41"", ""42"", ""42.5"", ""43"", ""44"", ""45""]",https://kixlb.com/products/nike-airforce1-low-colored-lv-copy,2026-04-10T15:12:23Z,True
kix:9666796847461,kix,,Nike,nike airforce1 low colored LV,,,86.0,,,False,in_stock,USD,"[""36"", ""36.5"", ""37"", ""38"", ""38.5"", ""39"", ""40"", ""40.5"", ""41"", ""42"", ""42.5"", ""43"", ""44"", ""45""]",https://kixlb.com/products/nike-airforce1-low-blue-lv-copy,2026-04-10T15:12:23Z,True
kix:9666796814693,kix,,Nike,nike airforce1 low blue LV,,,86.0,,,False,in_stock,USD,"[""36"", ""36.5"", ""37"", ""38"", ""38.5"", ""39"", ""40"", ""40.5"", ""41"", ""42"", ""42.5"", ""43"", ""44"", ""45""]",https://kixlb.com/products/nike-airforce1-low-hipanda-copy,2026-04-10T15:12:23Z,True
kix:9666796749157,kix,,Nike,nike airforce1 low hipanda,,,86.0,,,False,in_stock,USD,"[""36"", ""36.5"", ""37"", ""38"", ""38.5"", ""39"", ""40"", ""40.5"", ""41"", ""42"", ""42.5"", ""43"", ""44"", ""45""]",https://kixlb.com/products/nike-airforce1-low-white-lv-copy,2026-04-10T15:12:23Z,True
kix:9666796618085,kix,,Nike,nike airforce1 low white LV,,,86.0,,,False,in_stock,USD,"[""36"", ""36.5"", ""37"", ""38"", ""38.5"", ""39"", ""40"", ""40.5"", ""41"", ""42"", ""42.5"", ""43"", ""44"", ""45""]",https://kixlb.com/products/nike-airforce1-low-black-gucci-copy,2026-04-10T15:12:23Z,True
kix:9666796585317,kix,,Nike,nike airforce1 low black Gucci,,,86.0,,,False,in_stock,USD,"[""36"", ""36.5"", ""37"", ""38"", ""38.5"", ""39"", ""40"", ""40.5"", ""41"", ""42"", ""42.5"", ""43"", ""44"", ""45""]",https://kixlb.com/products/nike-airforce1-low-velvet-navy-copy,2026-04-10T15:12:23Z,True
kix:9666796519781,kix,,Nike,nike airforce1 low velvet navy,,,86.0,,,False,in_stock,USD,"[""36"", ""36.5"", ""37"", ""38"", ""38.5"", ""39"", ""40"", ""40.5"", ""41"", ""42"", ""42.5"", ""43"", ""44"", ""45""]",https://kixlb.com/products/asics-court-control-ff-3-white-blue-orange-copy,2026-04-10T15:12:23Z,True
kix:9666796454245,kix,,ASICS,Asics Court Control FF 3 'White/Blue/Orange',,,86.0,,,False,in_stock,USD,"[""36"", ""36.5"", ""37"", ""38"", ""38.5"", ""39"", ""40"", ""40.5"", ""41"", ""41.5"", ""42"", ""42.5"", ""43"", ""44"", ""45""]",https://kixlb.com/products/asics-gel-tactic-12-2e-wide-white-noa-orange-copy,2026-04-10T15:12:23Z,True
kix:9666796388709,kix,,ASICS,Asics Gel Tactic 12 2E Wide 'White Noa Orange',,,86.0,,,False,in_stock,USD,"[""36"", ""36.5"", ""37"", ""38"", ""38.5"", ""39"", ""40"", ""40.5"", ""41"", ""41.5"", ""42"", ""42.5"", ""43"", ""44"", ""45""]",https://kixlb.com/products/asics-metarise-grey-red-blue-copy,2026-04-10T15:12:23Z,True
kix:9666796355941,kix,,ASICS,Asics Metarise 'Grey/Red/Blue',,,86.0,,,False,in_stock,USD,"[""36"", ""36.5"", ""37"", ""38"", ""38.5"", ""39"", ""40"", ""40.5"", ""41"", ""41.5"", ""42"", ""42.5"", ""43"", ""44"", ""45""]",https://kixlb.com/products/asics-netburner-ballistic-ff-mt-4-black-white-copy,2026-04-10T15:12:23Z,True
kix:9666796323173,kix,,ASICS,Asics Netburner Ballistic FF MT 4 'Black White',,,86.0,,,False,in_stock,USD,"[""36"", ""36.5"", ""37"", ""38"", ""38.5"", ""39"", ""40"", ""40.5"", ""41"", ""41.5"", ""42"", ""42.5"", ""43"", ""44"", ""45""]",https://kixlb.com/products/asics-sky-elite-ff-3-white-nova-orange-copy,2026-04-10T15:12:23Z,True
kix:9666796257637,kix,,ASICS,Asics Sky Elite FF 3 'White Nova Orange,,,86.0,,,False,in_stock,USD,"[""36"", ""36.5"", ""37"", ""38"", ""38.5"", ""39"", ""40"", ""40.5"", ""41"", ""41.5"", ""42"", ""42.5"", ""43"", ""44"", ""45""]",https://kixlb.com/products/asics-sky-elite-ff-mt-3-white-mako-blue-copy,2026-04-10T15:12:23Z,True
kix:9666796224869,kix,,ASICS,Asics Sky Elite FF MT 3 'White Mako Blue',,,86.0,,,False,in_stock,USD,"[""36"", ""36.5"", ""37"", ""38"", ""38.5"", ""39"", ""40"", ""40.5"", ""41"", ""41.5"", ""42"", ""42.5"", ""43"", ""44"", ""45""]",https://kixlb.com/products/asics-v-swift-ff-4-white-classic-red-copy,2026-04-10T15:12:23Z,True
kix:9666796192101,kix,,ASICS,Asics V Swift FF 4 'White Classic Red',,,86.0,,,False,in_stock,USD,"[""36"", ""36.5"", ""37"", ""38"", ""38.5"", ""39"", ""40"", ""40.5"", ""41"", ""41.5"", ""42"", ""42.5"", ""43"", ""44"", ""45""]",https://kixlb.com/products/asics-gel-challenger-14-white-sapphire-copy,2026-04-10T15:12:23Z,True
kix:9666796093797,kix,,ASICS,Asics Gel Challenger 14 'White Sapphire',,,86.0,,,False,in_stock,USD,"[""36"", ""36.5"", ""37"", ""38"", ""38.5"", ""39"", ""40"", ""40.5"", ""41"", ""41.5"", ""42"", ""42.5"", ""43"", ""44"", ""45""]",https://kixlb.com/products/asics-sky-elite-ff-2-pink-copy,2026-04-10T15:12:23Z,True
kix:9666775482725,kix,,ASICS,Asics Sky Elite FF 2 'Pink',,,86.0,,,False,in_stock,USD,"[""36"", ""36.5"", ""37"", ""38"", ""38.5"", ""39"", ""40"", ""40.5"", ""41"", ""41.5"", ""42"", ""42.5"", ""43"", ""44"", ""45""]",https://kixlb.com/products/asics-solution-speed-ff-3-soothing-sea-copy,2026-04-10T15:12:23Z,True
kix:9666775449957,kix,,ASICS,Asics Solution Speed FF 3 'Soothing Sea,,,86.0,,,False,in_stock,USD,"[""36"", ""36.5"", ""37"", ""38"", ""38.5"", ""39"", ""40"", ""40.5"", ""41"", ""41.5"", ""42"", ""42.5"", ""43"", ""44"", ""45""]",https://kixlb.com/products/asics-gel-resolution-10-white-copy,2026-04-10T15:12:23Z,True
kix:9666775417189,kix,,ASICS,Asics Gel Resolution 10 'White',,,86.0,,,False,in_stock,USD,"[""36"", ""36.5"", ""37"", ""38"", ""38.5"", ""39"", ""40"", ""40.5"", ""41"", ""41.5"", ""42"", ""42.5"", ""43"", ""44"", ""45""]",https://kixlb.com/products/asics-gel-resolution-10-black-orange-copy,2026-04-10T15:12:23Z,True
kix:9666775351653,kix,,ASICS,Asics Gel Resolution 10 'Black/Orange',,,86.0,,,False,in_stock,USD,"[""36"", ""36.5"", ""37"", ""38"", ""38.5"", ""39"", ""40"", ""40.5"", ""41"", ""41.5"", ""42"", ""42.5"", ""43"", ""44"", ""45""]",https://kixlb.com/products/asics-sky-elite-ff-mt-3-black-white-copy,2026-04-10T15:12:23Z,True
kix:9666775318885,kix,,ASICS,Asics Sky Elite FF MT 3 'Black/White,,,86.0,,,False,in_stock,USD,"[""36"", ""36.5"", ""37"", ""38"", ""38.5"", ""39"", ""40"", ""40.5"", ""41"", ""41.5"", ""42"", ""42.5"", ""43"", ""44"", ""45""]",https://kixlb.com/products/asics-sky-elite-ff-mt-3-white-blue-copy,2026-04-10T15:12:23Z,True
kix:9666775253349,kix,,ASICS,Asics Sky Elite FF MT 3 'White Blue',,,86.0,,,False,in_stock,USD,"[""36"", ""36.5"", ""37"", ""38"", ""38.5"", ""39"", ""40"", ""40.5"", ""41"", ""41.5"", ""42"", ""42.5"", ""43"", ""44"", ""45""]",https://kixlb.com/products/asics-gel-resolution-10-blue-orange-copy-copy,2026-04-10T15:12:23Z,True
kix:9666775220581,kix,,ASICS,Asics Court Control FF 3 'Black Lime Burst,,,86.0,,,False,in_stock,USD,"[""36"", ""36.5"", ""37"", ""38"", ""38.5"", ""39"", ""40"", ""40.5"", ""41"", ""41.5"", ""42"", ""42.5"", ""43"", ""44"", ""45""]",https://kixlb.com/products/asics-gel-resolution-10-blue-orange-copy,2026-04-10T15:12:23Z,True
kix:9666775122277,kix,,ASICS,Asics Gel Resolution 10 'Blue Orange',,,86.0,,,False,in_stock,USD,"[""36"", ""36.5"", ""37"", ""38"", ""38.5"", ""39"", ""40"", ""40.5"", ""41"", ""41.5"", ""42"", ""42.5"", ""43"", ""44"", ""45""]",https://kixlb.com/products/asics-sky-elite-ff-mt-3-white-green-red-copy,2026-04-10T15:12:23Z,True
kix:9666775056741,kix,,ASICS,Asics Sky Elite FF MT 3 'White Green Red',,,86.0,,,False,in_stock,USD,"[""36"", ""36.5"", ""37"", ""38"", ""38.5"", ""39"", ""40"", ""40.5"", ""41"", ""41.5"", ""42"", ""42.5"", ""43"", ""44"", ""45""]",https://kixlb.com/products/asics-court-ff-2-novak-white-mako-blue-copy,2026-04-10T15:12:23Z,True
kix:9666774958437,kix,,ASICS,Asics Court FF 2 Novak White Mako Blue,,,86.0,,,False,in_stock,USD,"[""36"", ""36.5"", ""37"", ""38"", ""38.5"", ""39"", ""40"", ""40.5"", ""41"", ""41.5"", ""42"", ""42.5"", ""43"", ""44"", ""45""]",https://kixlb.com/products/asics-nova-surge-3-green-and-orange-copy,2026-04-10T15:12:23Z,True
kix:9666774925669,kix,,ASICS,asics nova surge 3 green and orange,,,86.0,,,False,in_stock,USD,"[""36"", ""36.5"", ""37"", ""38"", ""38.5"", ""39"", ""40"", ""40.5"", ""41"", ""41.5"", ""42"", ""42.5"", ""43"", ""44"", ""45""]",https://kixlb.com/products/asics-nova-surge-3-pink-copy,2026-04-10T15:12:23Z,True
kix:9666774827365,kix,,ASICS,asics nova surge 3 pink,,,86.0,,,False,in_stock,USD,"[""36"", ""36.5"", ""37"", ""38"", ""38.5"", ""39"", ""40"", ""40.5"", ""41"", ""41.5"", ""42"", ""42.5"", ""43"", ""44"", ""45""]",https://kixlb.com/products/asics-sky-elite-ff-mt-3-white-dolphin-grey-copy,2026-04-10T15:12:23Z,True
kix:9666774794597,kix,,ASICS,asics sky elite FF MT 3 white dolphin grey,,,86.0,,,False,in_stock,USD,"[""36"", ""36.5"", ""37"", ""38"", ""38.5"", ""39"", ""40"", ""40.5"", ""41"", ""41.5"", ""42"", ""42.5"", ""43"", ""44"", ""45""]",https://kixlb.com/products/asics-nova-surge-2-white-gunmetal-copy,2026-04-10T15:12:23Z,True
kix:9666774761829,kix,,ASICS,asics nova surge 2 white gunmetal,,,86.0,,,False,in_stock,USD,"[""36"", ""36.5"", ""37"", ""38"", ""38.5"", ""39"", ""40"", ""40.5"", ""41"", ""41.5"", ""42"", ""42.5"", ""43"", ""44"", ""45""]",https://kixlb.com/products/asics-nova-surge-3-white-and-blue-copy,2026-04-10T15:12:23Z,True
kix:9666774729061,kix,,ASICS,asics nova surge 3 white and blue,,,86.0,,,False,in_stock,USD,"[""36"", ""36.5"", ""37"", ""38"", ""38.5"", ""39"", ""40"", ""40.5"", ""41"", ""41.5"", ""42"", ""42.5"", ""43"", ""44"", ""45""]",https://kixlb.com/products/asics-nova-surge-3-black-copy,2026-04-10T15:12:23Z,True
kix:9666774663525,kix,,ASICS,asics nova surge 3 black,,,86.0,,,False,in_stock,USD,"[""36"", ""36.5"", ""37"", ""38"", ""38.5"", ""39"", ""40"", ""40.5"", ""41"", ""41.5"", ""42"", ""42.5"", ""43"", ""44"", ""45""]",https://kixlb.com/products/asics-nova-surge-3-step-pack-copy,2026-04-10T15:12:23Z,True
kix:9666774630757,kix,,ASICS,asics nova surge 3 step pack,,,86.0,,,False,in_stock,USD,"[""36"", ""36.5"", ""37"", ""38"", ""38.5"", ""39"", ""40"", ""40.5"", ""41"", ""41.5"", ""42"", ""42.5"", ""43"", ""44"", ""45""]",https://kixlb.com/products/asics-sky-elite-ff-3-white-pure-gold-copy,2026-04-10T15:12:23Z,True
kix:9666774597989,kix,,ASICS,asics sky elite FF 3 white pure gold,,,86.0,,,False,in_stock,USD,"[""36"", ""36.5"", ""37"", ""38"", ""38.5"", ""39"", ""40"", ""40.5"", ""41"", ""41.5"", ""42"", ""42.5"", ""43"", ""44"", ""45""]",https://kixlb.com/products/asics-purple-solution-speed-ff-3-white-dusty-mauve-copy,2026-04-10T15:12:23Z,True
kix:9666774532453,kix,,ASICS,asics solution speed FF 3 white dusty mauve,,,86.0,,,False,in_stock,USD,"[""36"", ""36.5"", ""37"", ""38"", ""38.5"", ""39"", ""40"", ""40.5"", ""41"", ""41.5"", ""42"", ""42.5"", ""43"", ""44"", ""45""]",https://kixlb.com/products/asics-purple-copy,2026-04-10T15:12:23Z,True
kix:9666774303077,kix,,ASICS,asics purple,,,86.0,,,False,in_stock,USD,"[""36"", ""36.5"", ""37"", ""38"", ""38.5"", ""39"", ""40"", ""40.5"", ""41"", ""41.5"", ""42"", ""42.5"", ""43"", ""44"", ""45""]",https://kixlb.com/products/adidas-campus-black-and-white-gum-copy,2026-04-10T15:12:23Z,True
kix:9666774204773,kix,,Adidas,Adidas campus black and white gum,,,86.0,,,False,in_stock,USD,"[""36"", ""36.5"", ""37"", ""38"", ""38.5"", ""39"", ""40"", ""40.5"", ""41"", ""41.5"", ""42"", ""42.5"", ""43"", ""44"", ""45""]",https://kixlb.com/products/adidas-campus-light-pink-copy,2026-04-10T15:12:23Z,True
kix:9666774106469,kix,,Adidas,Adidas campus light pink,,,86.0,,,False,in_stock,USD,"[""36"", ""36.5"", ""37"", ""38"", ""38.5"", ""39"", ""40"", ""40.5"", ""41"", ""41.5"", ""42"", ""42.5"", ""43"", ""44"", ""45""]",https://kixlb.com/products/adidas-campus-red-and-white-copy,2026-04-10T15:12:23Z,True
kix:9666774073701,kix,,Adidas,Adidas campus red and white,,,86.0,,,False,in_stock,USD,"[""36"", ""36.5"", ""37"", ""38"", ""38.5"", ""39"", ""40"", ""40.5"", ""41"", ""41.5"", ""42"", ""42.5"", ""43"", ""44"", ""45""]",https://kixlb.com/products/adidas-campus-black-blue-copy,2026-04-10T15:12:23Z,True
kix:9666774040933,kix,,Adidas,Adidas campus black blue,,,86.0,,,False,in_stock,USD,"[""36"", ""36.5"", ""37"", ""38"", ""38.5"", ""39"", ""40"", ""40.5"", ""41"", ""41.5"", ""42"", ""42.5"", ""43"", ""44"", ""45""]",https://kixlb.com/products/adidas-campus-lucid-blue-gum-copy,2026-04-10T15:12:23Z,True
kix:9666774008165,kix,,Adidas,Adidas campus lucid blue gum,,,86.0,,,False,in_stock,USD,"[""36"", ""36.5"", ""37"", ""38"", ""38.5"", ""39"", ""40"", ""40.5"", ""41"", ""41.5"", ""42"", ""42.5"", ""43"", ""44"", ""45""]",https://kixlb.com/products/adidas-campus-energy-ink-black-copy,2026-04-10T15:12:23Z,True
kix:9666773942629,kix,,Adidas,Adidas campus energy ink black,,,86.0,,,False,in_stock,USD,"[""36"", ""36.5"", ""37"", ""38"", ""38.5"", ""39"", ""40"", ""40.5"", ""41"", ""41.5"", ""42"", ""42.5"", ""43"", ""44"", ""45""]",https://kixlb.com/products/adidas-campus-collegiate-green-copy,2026-04-10T15:12:23Z,True
kix:9666773909861,kix,,Adidas,Adidas campus collegiate green,,,86.0,,,False,in_stock,USD,"[""36"", ""36.5"", ""37"", ""38"", ""38.5"", ""39"", ""40"", ""40.5"", ""41"", ""41.5"", ""42"", ""42.5"", ""43"", ""44"", ""45""]",https://kixlb.com/products/adidas-campus-grey-gum-copy,2026-04-10T15:12:23Z,True
kix:9666773877093,kix,,Adidas,Adidas campus grey gum,,,86.0,,,False,in_stock,USD,"[""36"", ""36.5"", ""37"", ""38"", ""38.5"", ""39"", ""40"", ""40.5"", ""41"", ""41.5"", ""42"", ""42.5"", ""43"", ""44"", ""45""]",https://kixlb.com/products/adidas-campus-lilac-and-black-copy,2026-04-10T15:12:23Z,True
kix:9666773844325,kix,,Adidas,Adidas campus lilac and black,,,86.0,,,False,in_stock,USD,"[""36"", ""36.5"", ""37"", ""38"", ""38.5"", ""39"", ""40"", ""40.5"", ""41"", ""41.5"", ""42"", ""42.5"", ""43"", ""44"", ""45""]",https://kixlb.com/products/adidas-campus-ambiant-sky-copy,2026-04-10T15:12:23Z,True
kix:9666773811557,kix,,Adidas,Adidas campus ambiant sky,,,86.0,,,False,in_stock,USD,"[""36"", ""36.5"", ""37"", ""38"", ""38.5"", ""39"", ""40"", ""40.5"", ""41"", ""41.5"", ""42"", ""42.5"", ""43"", ""44"", ""45""]",https://kixlb.com/products/adidas-campus-amber-tint-copy,2026-04-10T15:12:23Z,True
kix:9666773746021,kix,,Adidas,Adidas campus amber tint,,,86.0,,,False,in_stock,USD,"[""36"", ""36.5"", ""37"", ""38"", ""38.5"", ""39"", ""40"", ""40.5"", ""41"", ""41.5"", ""42"", ""42.5"", ""43"", ""44"", ""45""]",https://kixlb.com/products/adidas-campus-brown-and-black-copy,2026-04-10T15:12:23Z,True
kix:9666773713253,kix,,Adidas,Adidas campus brown and black,,,86.0,,,False,in_stock,USD,"[""36"", ""36.5"", ""37"", ""38"", ""38.5"", ""39"", ""40"", ""40.5"", ""41"", ""41.5"", ""42"", ""42.5"", ""43"", ""44"", ""45""]",https://kixlb.com/products/adidas-campus-blue-and-yellow-copy,2026-04-10T15:12:23Z,True
kix:9666773680485,kix,,Adidas,Adidas campus blue and yellow,,,86.0,,,False,in_stock,USD,"[""36"", ""36.5"", ""37"", ""38"", ""38.5"", ""39"", ""40"", ""40.5"", ""41"", ""41.5"", ""42"", ""42.5"", ""43"", ""44"", ""45""]",https://kixlb.com/products/adidas-campus-black-copy,2026-04-10T15:12:23Z,True
kix:9666773614949,kix,,Adidas,Adidas campus black,,,86.0,,,False,in_stock,USD,"[""36"", ""36.5"", ""37"", ""38"", ""38.5"", ""39"", ""40"", ""40.5"", ""41"", ""41.5"", ""42"", ""42.5"", ""43"", ""44"", ""45""]",https://kixlb.com/products/adidas-campus-brown-copy,2026-04-10T15:12:23Z,True
kix:9666773582181,kix,,Adidas,Adidas campus brown,,,86.0,,,False,in_stock,USD,"[""36"", ""36.5"", ""37"", ""38"", ""38.5"", ""39"", ""40"", ""40.5"", ""41"", ""41.5"", ""42"", ""42.5"", ""43"", ""44"", ""45""]",https://kixlb.com/products/adidas-campus-burgundy-gum-copy,2026-04-10T15:12:23Z,True
kix:9666773549413,kix,,Adidas,Adidas campus burgundy gum,,,86.0,,,False,in_stock,USD,"[""36"", ""36.5"", ""37"", ""38"", ""38.5"", ""39"", ""40"", ""40.5"", ""41"", ""41.5"", ""42"", ""42.5"", ""43"", ""44"", ""45""]",https://kixlb.com/products/adidas-campus-shadow-violet-copy,2026-04-10T15:12:23Z,True
kix:9666773516645,kix,,Adidas,Adidas campus shadow violet,,,86.0,,,False,in_stock,USD,"[""36"", ""36.5"", ""37"", ""38"", ""38.5"", ""39"", ""40"", ""40.5"", ""41"", ""41.5"", ""42"", ""42.5"", ""43"", ""44"", ""45""]",https://kixlb.com/products/adidas-campus-pink-fusion-copy,2026-04-10T15:12:23Z,True
kix:9666773451109,kix,,Adidas,Adidas campus pink fusion,,,86.0,,,False,in_stock,USD,"[""36"", ""36.5"", ""37"", ""38"", ""38.5"", ""39"", ""40"", ""40.5"", ""41"", ""41.5"", ""42"", ""42.5"", ""43"", ""44"", ""45""]",https://kixlb.com/products/adidas-campus-mesa-copy,2026-04-10T15:12:23Z,True
kix:9666773418341,kix,,Adidas,Adidas campus mesa,,,86.0,,,False,in_stock,USD,"[""36"", ""36.5"", ""37"", ""38"", ""38.5"", ""39"", ""40"", ""40.5"", ""41"", ""41.5"", ""42"", ""42.5"", ""43"", ""44"", ""45""]",https://kixlb.com/products/adidas-campus-sunrise-copy,2026-04-10T15:12:23Z,True
kix:9666773385573,kix,,Adidas,Adidas campus sunrise,,,86.0,,,False,in_stock,USD,"[""36"", ""36.5"", ""37"", ""38"", ""38.5"", ""39"", ""40"", ""40.5"", ""41"", ""41.5"", ""42"", ""42.5"", ""43"", ""44"", ""45""]",https://kixlb.com/products/adidas-campus-green-oxide-copy,2026-04-10T15:12:23Z,True
kix:9666773352805,kix,,Adidas,Adidas campus green oxide,,,86.0,,,False,in_stock,USD,"[""36"", ""36.5"", ""37"", ""38"", ""38.5"", ""39"", ""40"", ""40.5"", ""41"", ""41.5"", ""42"", ""42.5"", ""43"", ""44"", ""45""]",https://kixlb.com/products/adidas-campus-orb-green-copy,2026-04-10T15:12:23Z,True
kix:9666773320037,kix,,Adidas,Adidas campus orb green,,,86.0,,,False,in_stock,USD,"[""36"", ""36.5"", ""37"", ""38"", ""38.5"", ""39"", ""40"", ""40.5"", ""41"", ""41.5"", ""42"", ""42.5"", ""43"", ""44"", ""45""]",https://kixlb.com/products/adidas-campus-burgundy-copy,2026-04-10T15:12:23Z,True
kix:9666773254501,kix,,Adidas,Adidas campus burgundy,,,86.0,,,False,in_stock,USD,"[""36"", ""36.5"", ""37"", ""38"", ""38.5"", ""39"", ""40"", ""40.5"", ""41"", ""41.5"", ""42"", ""42.5"", ""43"", ""44"", ""45""]",https://kixlb.com/products/adidas-campus-black-and-white-copy,2026-04-10T15:12:23Z,True
kix:9666773156197,kix,,Adidas,Adidas campus black and white,,,86.0,,,False,in_stock,USD,"[""36"", ""36.5"", ""37"", ""38"", ""38.5"", ""39"", ""40"", ""40.5"", ""41"", ""41.5"", ""42"", ""42.5"", ""43"", ""44"", ""45""]",https://kixlb.com/products/new-balance-2000-beige-and-brown-copy,2026-04-10T15:12:23Z,True
kix:9666755985765,kix,,New Balance,New balance 2000 beige and brown,,,86.0,,,False,in_stock,USD,"[""36"", ""36.5"", ""37"", ""38"", ""38.5"", ""39"", ""40"", ""40.5"", ""41"", ""41.5"", ""42"", ""42.5"", ""43"", ""44"", ""45""]",https://kixlb.com/products/new-balance-2000-silver-copy-1,2026-04-10T15:12:23Z,True
kix:9666753528165,kix,,New Balance,New balance 2000 black,,,86.0,,,False,in_stock,USD,"[""36"", ""37"", ""38"", ""39"", ""40"", ""41"", ""42"", ""43"", ""44"", ""45""]",https://kixlb.com/products/new-balance-2000-candy-pink-copy-1,2026-04-10T15:12:23Z,True
kix:9666753298789,kix,,New Balance,New balance 2000 grass green,,,86.0,,,False,in_stock,USD,"[""40"", ""41"", ""42"", ""43"", ""44"", ""45""]",https://kixlb.com/products/new-balance-2000-candy-pink-copy,2026-04-10T15:12:23Z,True
kix:9666753167717,kix,,New Balance,New balance 2000 candy pink,,,86.0,,,False,in_stock,USD,"[""36"", ""37"", ""38"", ""39"", ""40""]",https://kixlb.com/products/new-balance-breeze-camel-copy-1,2026-04-10T15:12:23Z,True
kix:9666753102181,kix,,New Balance,New balance 2000 green,,,86.0,,,False,in_stock,USD,"[""36"", ""37"", ""38"", ""39"", ""40"", ""41"", ""42"", ""43"", ""44"", ""45""]",https://kixlb.com/products/new-balance-2000-black-and-red-copy,2026-04-10T15:12:23Z,True
kix:9666753003877,kix,,New Balance,New balance 2000 bright blue,,,86.0,,,False,in_stock,USD,"[""36"", ""36.5"", ""37.5"", ""38"", ""38.5"", ""39"", ""40"", ""41"", ""42"", ""42.5"", ""43"", ""44"", ""45"", ""46.5""]",https://kixlb.com/products/new-balance-2000-grey-and-blue-copy,2026-04-10T15:12:23Z,True
kix:9666752938341,kix,,New Balance,New balance 2000 grey and blue,,,86.0,,,False,in_stock,USD,"[""36"", ""36.5"", ""37.5"", ""38"", ""38.5"", ""39"", ""40"", ""41"", ""42"", ""42.5"", ""43"", ""44"", ""45"", ""46.5""]",https://kixlb.com/products/new-balance-2000-black-and-orange-copy,2026-04-10T15:12:23Z,True
kix:9666752872805,kix,,New Balance,New balance 2000 black and orange,,,86.0,,,False,in_stock,USD,"[""36"", ""36.5"", ""37.5"", ""38"", ""38.5"", ""39"", ""40"", ""41"", ""42"", ""42.5"", ""43"", ""44"", ""45"", ""46.5""]",https://kixlb.com/products/new-balance-2000-olive-green-copy,2026-04-10T15:12:23Z,True
kix:9666752840037,kix,,New Balance,New balance 2000 black and red,,,86.0,,,False,in_stock,USD,"[""36"", ""37"", ""38"", ""39"", ""40"", ""41"", ""42"", ""43"", ""44"", ""45""]",https://kixlb.com/products/new-balance-2000-white-copy,2026-04-10T15:12:23Z,True
kix:9666752741733,kix,,New Balance,New balance 2000 olive green,,,86.0,,,False,in_stock,USD,"[""36"", ""36.5"", ""37.5"", ""38"", ""38.5"", ""39"", ""40"", ""41"", ""42"", ""42.5"", ""43"", ""44"", ""45"", ""46.5""]",https://kixlb.com/products/new-balance-2000-beige-and-blue-copy,2026-04-10T15:12:23Z,True
kix:9666752610661,kix,,New Balance,New balance 2000 beige and blue,,,86.0,,,False,in_stock,USD,"[""36"", ""36.5"", ""37.5"", ""38"", ""38.5"", ""39"", ""40"", ""41"", ""42"", ""43"", ""44"", ""45"", ""46.5""]",https://kixlb.com/products/new-balance-2000-grey-and-black-copy,2026-04-10T15:12:23Z,True
kix:9666752479589,kix,,New Balance,New balance 2000 grey and black,,,86.0,,,False,in_stock,USD,"[""36"", ""38"", ""39"", ""40"", ""41"", ""42"", ""43"", ""44"", ""45"", ""46.5""]",https://kixlb.com/products/new-balance-2000-pink-copy,2026-04-10T15:12:23Z,True
kix:9666752348517,kix,,New Balance,New balance 2000 pink,,,86.0,,,False,in_stock,USD,"[""36"", ""38"", ""39"", ""40"", ""41"", ""42"", ""43"", ""44"", ""45""]",https://kixlb.com/products/new-balance-2000-grey-copy-3,2026-04-10T15:12:23Z,True
kix:9666752315749,kix,,New Balance,New balance 2000 white,,,86.0,,,False,in_stock,USD,"[""36"", ""37"", ""38"", ""39"", ""40"", ""41"", ""42"", ""43"", ""44"", ""45""]",https://kixlb.com/products/new-balance-2000-silver-copy,2026-04-10T15:12:23Z,True
kix:9666752282981,kix,,New Balance,New balance 2000 silver,,,86.0,,,False,in_stock,USD,"[""36"", ""37"", ""38"", ""39"", ""40"", ""41"", ""42"", ""43"", ""44"", ""45""]",https://kixlb.com/products/new-balance-2000-navy-blue-copy,2026-04-10T15:12:23Z,True
kix:9666752250213,kix,,New Balance,New balance 2000 navy blue,,,86.0,,,False,in_stock,USD,"[""36"", ""37"", ""38"", ""39"", ""40"", ""41"", ""42"", ""43"", ""44"", ""45""]",https://kixlb.com/products/new-balance-2000-royal-blue-copy,2026-04-10T15:12:23Z,True
kix:9666752217445,kix,,New Balance,New balance 2000 brown,,,86.0,,,False,in_stock,USD,"[""36"", ""38"", ""39"", ""40"", ""41"", ""42"", ""43"", ""44""]",https://kixlb.com/products/new-balance-2000-delusional-copy,2026-04-10T15:12:23Z,True
kix:9666752184677,kix,,New Balance,New balance 2000 delusional,,,86.0,,,False,in_stock,USD,"[""36"", ""38"", ""39"", ""40"", ""41"", ""42"", ""43"", ""44""]",https://kixlb.com/products/new-balance-2000-grey-copy-2,2026-04-10T15:12:23Z,True
kix:9666752086373,kix,,New Balance,New balance 2000 royal blue,,,86.0,,,False,in_stock,USD,"[""36"", ""37"", ""38"", ""39"", ""40"", ""41"", ""42"", ""43"", ""44"", ""45""]",https://kixlb.com/products/new-balance-2000-grey-and-light-blue-copy,2026-04-10T15:12:23Z,True
kix:9666752053605,kix,,New Balance,New balance 2000 grey and light blue,,,86.0,,,False,in_stock,USD,"[""36"", ""37"", ""38"", ""39"", ""40"", ""41"", ""42"", ""43"", ""44"", ""45""]",https://kixlb.com/products/new-balance-2000-grey-and-navy-copy,2026-04-10T15:12:23Z,True
kix:9666752020837,kix,,New Balance,New balance 2000 grey and navy,,,86.0,,,False,in_stock,USD,"[""36"", ""37"", ""38"", ""39"", ""40"", ""41"", ""42"", ""43"", ""44""]",https://kixlb.com/products/new-balance-2000-grey-copy-1,2026-04-10T15:12:23Z,True
kix:9666751463781,kix,,New Balance,New balance 2000 grey,,,86.0,,,False,in_stock,USD,"[""36"", ""38"", ""39"", ""40"", ""41"", ""42"", ""43"", ""44""]",https://kixlb.com/products/new-balance-2000-black-and-pink-copy,2026-04-10T15:12:23Z,True
kix:9666751365477,kix,,New Balance,New balance 2000 black and pink,,,86.0,,,False,in_stock,USD,"[""36"", ""37"", ""38"", ""39"", ""40"", ""41"", ""42"", ""43"", ""44""]",https://kixlb.com/products/new-balance-2000-grey-and-pink-copy,2026-04-10T15:12:23Z,True
kix:9666751234405,kix,,New Balance,New balance 2000 grey and pink,,,86.0,,,False,in_stock,USD,"[""36"", ""37"", ""38"", ""39"", ""40"", ""41"", ""42"", ""43"", ""44""]",https://kixlb.com/products/new-balance-2000-grey-copy,2026-04-10T15:12:23Z,True
kix:9666711486821,kix,,New Balance,New balance 2000 grey,,,86.0,,,False,in_stock,USD,"[""36"", ""37"", ""38"", ""39"", ""40"", ""41"", ""42"", ""43"", ""44""]",https://kixlb.com/products/new-balance-327-black-leopard-copy,2026-04-10T15:12:23Z,True
kix:9666711322981,kix,,New Balance,New balance 327 black leopard,,,86.0,,,False,in_stock,USD,"[""36"", ""36.5"", ""37"", ""37.5"", ""38"", ""38.5"", ""39"", ""40"", ""40.5"", ""41"", ""42"", ""42.5"", ""43"", ""44"", ""44.5"", ""45""]",https://kixlb.com/products/new-balance-fresh-foam-x-congo-v6-yellow-copy-copy,2026-04-10T15:12:23Z,True
kix:9666711224677,kix,,New Balance,New balance fresh foam x Congo v6 yellow,,,86.0,,,False,in_stock,USD,"[""36"", ""37"", ""38"", ""39"", ""40""]",https://kixlb.com/products/new-balance-fresh-foam-x-congo-v6-blue-copy,2026-04-10T15:12:23Z,True
kix:9666710864229,kix,,New Balance,New balance fresh foam x Congo v6 blue,,,86.0,,,False,in_stock,USD,"[""36"", ""37"", ""38"", ""39"", ""40""]",https://kixlb.com/products/new-balance-fresh-foam-x-congo-v6-yellow-copy,2026-04-10T15:12:23Z,True
kix:9666710733157,kix,,New Balance,New balance fresh foam x more v6 grey and black,,,86.0,,,False,in_stock,USD,"[""36"", ""36.5"", ""37"", ""37.5"", ""38"", ""38.5"", ""39"", ""40"", ""40.5"", ""41"", ""42"", ""42.5"", ""43"", ""45""]",https://kixlb.com/products/new-balance-fresh-foam-x-more-v6-light-grey-copy,2026-04-10T15:12:23Z,True
kix:9666710438245,kix,,New Balance,New balance fresh foam x more v6 light grey,,,86.0,,,False,in_stock,USD,"[""36"", ""36.5"", ""37"", ""37.5"", ""38"", ""38.5"", ""39"", ""40"", ""40.5"", ""41"", ""42"", ""42.5"", ""43"", ""45""]",https://kixlb.com/products/new-balance-fresh-foam-x-more-v6-black-copy,2026-04-10T15:12:23Z,True
kix:9666710012261,kix,,New Balance,New balance fresh foam x more v6 black,,,86.0,,,False,in_stock,USD,"[""36"", ""36.5"", ""37"", ""37.5"", ""38"", ""38.5"", ""39"", ""40"", ""40.5"", ""41"", ""42"", ""42.5"", ""43"", ""45""]",https://kixlb.com/products/new-balance-fresh-foam-x-more-v6-white-copy,2026-04-10T15:12:23Z,True
kix:9666708898149,kix,,New Balance,New balance 600 red,,,86.0,,,False,in_stock,USD,"[""36"", ""36.5"", ""37"", ""37.5"", ""38"", ""38.5"", ""39"", ""40"", ""40.5"", ""41"", ""42"", ""42.5"", ""43"", ""45""]",https://kixlb.com/products/new-balance-9060-black-and-neon-copy,2026-04-10T15:12:23Z,True
kix:9666706866533,kix,,New Balance,New balance 471 cream,,,86.0,,,False,in_stock,USD,"[""36"", ""36.5"", ""37"", ""37.5"", ""38"", ""38.5"", ""39"", ""40"", ""40.5"", ""41"", ""42"", ""42.5"", ""43"", ""45""]",https://kixlb.com/products/new-balance-9060-dessert-copy,2026-04-10T15:12:23Z,True
kix:9666705850725,kix,,New Balance,New balance 600 baby blue,,,86.0,,,False,in_stock,USD,"[""36"", ""36.5"", ""37"", ""37.5"", ""38"", ""38.5"", ""39"", ""40"", ""40.5"", ""41"", ""42"", ""42.5"", ""43"", ""45""]",https://kixlb.com/products/new-balance-9060-beige-copy,2026-04-10T15:12:23Z,True
kix:9666705097061,kix,,New Balance,New balance breeze camel,,,86.0,,,False,in_stock,USD,"[""36"", ""37"", ""38"", ""39"", ""40""]",https://kixlb.com/products/new-balance-breeze-black-copy,2026-04-10T15:12:23Z,True
kix:9666704540005,kix,,New Balance,New balance breeze black,,,86.0,,,False,in_stock,USD,"[""36"", ""37"", ""38"", ""39"", ""40""]",https://kixlb.com/products/new-balance-breeze-brown-copy,2026-04-10T15:12:23Z,True
kix:9666703491429,kix,,New Balance,New balance breeze brown,,,86.0,,,False,in_stock,USD,"[""36"", ""37"", ""38"", ""39"", ""40""]",https://kixlb.com/products/adidas-superstar-puffy-shell-copy-1,2026-04-10T15:12:23Z,True
kix:9666703458661,kix,,Adidas,Adidas superstar puffy shell,,,86.0,,,False,in_stock,USD,"[""36"", ""36.5"", ""37.5"", ""38"", ""38.5"", ""39"", ""40"", ""40.5"", ""41"", ""42"", ""42.5"", ""43"", ""44"", ""44.5"", ""45""]",https://kixlb.com/products/adidas-superstar-puffy-shell-copy,2026-04-10T15:12:23Z,True
kix:9666690974053,kix,,Adidas,Adidas Campus 00s Leopard Stripes,Sneakers,,110.0,89.0,19.09,True,in_stock,USD,"[""36 2/3"", ""37 1/3"", ""38"", ""38 2/3"", ""39 1/3"", ""40"", ""40 2/3"", ""41 1/3"", ""42"", ""42 2/3"", ""43 1/3"", ""44""]",https://kixlb.com/products/adidas-campus-00s-leopard-stripes,2026-04-10T15:12:23Z,True
kix:9666690908517,kix,,Adidas,Adidas Campus 00s Core Black White,Sneakers,,110.0,89.0,19.09,True,in_stock,USD,"[""36 2/3"", ""37 1/3"", ""38"", ""38 2/3"", ""39 1/3"", ""40"", ""40 2/3"", ""41 1/3"", ""42"", ""42 2/3"", ""43 1/3"", ""44"", ""44 2/3"", ""45 1/3"", ""46"", ""46 2/3"", ""47 1/3""]",https://kixlb.com/products/adidas-campus-00s-core-white-black,2026-04-10T15:12:23Z,True
kix:9666690875749,kix,,Adidas,Adidas Campus 00s Leopard Black,Sneakers,,110.0,89.0,19.09,True,in_stock,USD,"[""36 2/3"", ""37 1/3"", ""38"", ""38 2/3"", ""39 1/3"", ""40"", ""40 2/3"", ""41 1/3"", ""42"", ""42 2/3"", ""43 1/3"", ""44""]",https://kixlb.com/products/adidas-campus-00s-leopard-black,2026-04-10T15:12:23Z,True
kix:9666690842981,kix,,Adidas,Adidas Campus 00s Liberty London Pink Kids,Sneakers,kids,110.0,89.0,19.09,True,in_stock,USD,"[""35 1/2"", ""36"", ""36 2/3"", ""37 1/3"", ""38"", ""38 2/3""]",https://kixlb.com/products/adidas-campus-00s-liberty-london-pink-kids,2026-04-10T15:12:23Z,True
kix:9666690810213,kix,,Adidas,Adidas Campus 00s Charcoal Black,Sneakers,,110.0,89.0,19.09,True,in_stock,USD,"[""36 2/3"", ""37 1/3"", ""38"", ""38 2/3"", ""39 1/3"", ""40"", ""40 2/3"", ""41 1/3"", ""42"", ""42 2/3"", ""43 1/3"", ""44"", ""44 2/3"", ""45 1/3"", ""46"", ""46 2/3"", ""47 1/3""]",https://kixlb.com/products/adidas-campus-00s-charcoal-black,2026-04-10T15:12:23Z,True
kix:9666690744677,kix,,Adidas,Adidas Campus Light Bad Bunny Wild Moss,Sneakers,,110.0,89.0,19.09,True,in_stock,USD,"[""36 2/3"", ""37 1/3"", ""38"", ""38 2/3"", ""39 1/3"", ""40"", ""40 2/3"", ""41 1/3"", ""42"", ""42 2/3"", ""43 1/3"", ""44"", ""44 2/3"", ""45 1/3"", ""46"", ""46 2/3"", ""47 1/3""]",https://kixlb.com/products/adidas-campus-light-bad-bunny-wild-moss,2026-04-10T15:12:23Z,True
kix:9666690711909,kix,,Adidas,Adidas Campus 00s Ambient Sky,Sneakers,,110.0,89.0,19.09,True,in_stock,USD,"[""36 2/3"", ""37 1/3"", ""38"", ""38 2/3"", ""39 1/3"", ""40"", ""40 2/3"", ""41 1/3"", ""42"", ""42 2/3"", ""43 1/3"", ""44"", ""44 2/3"", ""45 1/3"", ""46"", ""46 2/3"", ""47 1/3""]",https://kixlb.com/products/adidas-campus-00s-ambient-sky,2026-04-10T15:12:23Z,True
kix:9666690679141,kix,,Adidas,Adidas Campus 00s Medium Olive White Kids,Sneakers,kids,110.0,89.0,19.09,True,in_stock,USD,"[""35 1/2"", ""36"", ""36 2/3"", ""37 1/3"", ""38"", ""38 2/3""]",https://kixlb.com/products/adidas-campus-00s-medium-olive-white-kids,2026-04-10T15:12:23Z,True
kix:9666690646373,kix,,Adidas,Adidas Campus 00s Core Black Kids,Sneakers,kids,110.0,89.0,19.09,True,in_stock,USD,"[""35 1/2"", ""36"", ""36 2/3"", ""37 1/3"", ""38"", ""38 2/3""]",https://kixlb.com/products/adidas-campus-00s-core-black-gs,2026-04-10T15:12:23Z,True
kix:9666690613605,kix,,Adidas,Adidas Campus 00s Grey Gum White Kids,Sneakers,kids,110.0,89.0,19.09,True,in_stock,USD,"[""35 1/2"", ""36"", ""36 2/3"", ""37 1/3"", ""38"", ""38 2/3""]",https://kixlb.com/products/adidas-campus-00s-grey-gum-gs,2026-04-10T15:12:23Z,True
kix:9666680586597,kix,,Nike,Nike SB dunk low apple green shoes,,,90.0,,,False,in_stock,USD,"[""36"", ""37"", ""38"", ""39"", ""40"", ""41"", ""42"", ""43"", ""44"", ""45"", ""46""]",https://kixlb.com/products/nike-sb-dunk-low-apple-green-shoes,2026-04-10T15:12:23Z,True
kix:9666680553829,kix,,Nike,Nike SB dunk low white/purple/pink shoes,,,90.0,,,False,in_stock,USD,"[""36"", ""37"", ""38"", ""39"", ""40"", ""41"", ""42"", ""43"", ""44"", ""45"", ""46""]",https://kixlb.com/products/copy-nike-sb-dunk-low-apple-green-shoes,2026-04-10T15:12:23Z,True
kix:9666680521061,kix,,Nike,Nike SB low dunk obsidian shoes,,,90.0,,,False,in_stock,USD,"[""36"", ""37"", ""38"", ""39"", ""40"", ""41"", ""42"", ""43"", ""44"", ""45"", ""46""]",https://kixlb.com/products/copy-of-nike-sb-dunk-low-white-purple-pink-shoes,2026-04-10T15:12:23Z,True
kix:9666680488293,kix,,Nike,Nike SB dunk low concepts shoes,,,90.0,,,False,in_stock,USD,"[""36"", ""37"", ""38"", ""39"", ""40"", ""41"", ""42"", ""43"", ""44"", ""45"", ""46""]",https://kixlb.com/products/copy-nike-sb-dunk-low-white-purple-pink-shoes,2026-04-10T15:12:23Z,True
kix:9666680455525,kix,,Nike,Nike SB dunk low concepts brown shoes,,,90.0,,,False,in_stock,USD,"[""36"", ""37"", ""38"", ""39"", ""40"", ""41"", ""42"", ""43"", ""44"", ""45"", ""46""]",https://kixlb.com/products/copy-nike-sb-dunk-low-concepts-shoes,2026-04-10T15:12:23Z,True
kix:9666680422757,kix,,Nike,Nike SB low dunk white grey orange shoes,,,90.0,,,False,in_stock,USD,"[""36"", ""37"", ""38"", ""39"", ""40"", ""41"", ""42"", ""43"", ""44"", ""45"", ""46""]",https://kixlb.com/products/copy-of-nike-sb-low-dunk-obsidian-shoes,2026-04-10T15:12:23Z,True
kix:9666680389989,kix,,Nike,Nike SB dunk low concepts black shoes,,,90.0,,,False,in_stock,USD,"[""36"", ""37"", ""38"", ""39"", ""40"", ""41"", ""42"", ""43"", ""44"", ""45"", ""46""]",https://kixlb.com/products/copy-nike-sb-dunk-low-concepts-brown-shoes,2026-04-10T15:12:23Z,True
kix:9666680324453,kix,,Nike,Nike SB dunk low crenshew skate club shoes,,,90.0,,,False,in_stock,USD,"[""36"", ""37"", ""38"", ""39"", ""40"", ""41"", ""42"", ""43"", ""44"", ""45"", ""46""]",https://kixlb.com/products/copy-nike-sb-dunk-low-concepts-black-shoes,2026-04-10T15:12:23Z,True
kix:9666680291685,kix,,Nike,Nike SB dunk low cork shoes,,,90.0,,,False,in_stock,USD,"[""36"", ""37"", ""38"", ""39"", ""40"", ""41"", ""42"", ""43"", ""44"", ""45"", ""46""]",https://kixlb.com/products/copy-nike-sb-dunk-low-crenshew-skate-club-shoes,2026-04-10T15:12:23Z,True
kix:9666680258917,kix,,Nike,Nike SB low dunk needle work shoes,,,90.0,,,False,in_stock,USD,"[""36"", ""37"", ""38"", ""39"", ""40"", ""41"", ""42"", ""43"", ""44"", ""45"", ""46""]",https://kixlb.com/products/copy-of-nike-sb-low-dunk-white-grey-orange-shoes,2026-04-10T15:12:23Z,True
kix:9666680226149,kix,,Nike,Nike SB dunk low fishing shoes,,,90.0,,,False,in_stock,USD,"[""36"", ""37"", ""38"", ""39"", ""40"", ""41"", ""42"", ""43"", ""44"", ""45"", ""46""]",https://kixlb.com/products/copy-nike-sb-dunk-low-cork-shoes,2026-04-10T15:12:23Z,True
kix:9666680193381,kix,,Nike,Nike SB dunk low university of Oregon shoes,,,90.0,,,False,in_stock,USD,"[""36"", ""37"", ""38"", ""39"", ""40"", ""41"", ""42"", ""43"", ""44"", ""45"", ""46""]",https://kixlb.com/products/copy-nike-sb-dunk-low-fishing-shoes,2026-04-10T15:12:23Z,True
kix:9666680160613,kix,,Nike,Nike SB low dunk industrial blue shoes,,,90.0,,,False,in_stock,USD,"[""36"", ""37"", ""38"", ""39"", ""40"", ""41"", ""42"", ""43"", ""44"", ""45"", ""46""]",https://kixlb.com/products/copy-of-nike-sb-low-dunk-needle-work-shoes,2026-04-10T15:12:23Z,True
kix:9666680127845,kix,,Nike,Nike SB dunk low born raised shoes,,,90.0,,,False,in_stock,USD,"[""36"", ""37"", ""38"", ""39"", ""40"", ""41"", ""42"", ""43"", ""44"", ""45"", ""46""]",https://kixlb.com/products/copy-nike-sb-dunk-low-university-of-oregon-shoes,2026-04-10T15:12:23Z,True
kix:9666680095077,kix,,Nike,Nike SB dunk low green blue shoes,,,90.0,,,False,in_stock,USD,"[""36"", ""37"", ""38"", ""39"", ""40"", ""41"", ""42"", ""43"", ""44"", ""45"", ""46""]",https://kixlb.com/products/copy-nike-sb-dunk-low-born-raised-shoes,2026-04-10T15:12:23Z,True
kix:9666680062309,kix,,Nike,Nike SB low dunk red panda shoes,,,90.0,,,False,in_stock,USD,"[""36"", ""37"", ""38"", ""39"", ""40"", ""41"", ""42"", ""43"", ""44"", ""45"", ""46""]",https://kixlb.com/products/copy-of-nike-sb-low-dunk-industrial-blue-shoes,2026-04-10T15:12:23Z,True
kix:9666680029541,kix,,Nike,Nike SB dunk low frozen rose mirror shoes,,,90.0,,,False,in_stock,USD,"[""36"", ""37"", ""38"", ""39"", ""40"", ""41"", ""42"", ""43"", ""44"", ""45"", ""46""]",https://kixlb.com/products/copy-nike-sb-dunk-low-green-blue-shoes,2026-04-10T15:12:23Z,True
kix:9666679996773,kix,,Nike,Nike SB dunk low blue white shoes,,,90.0,,,False,in_stock,USD,"[""36"", ""37"", ""38"", ""39"", ""40"", ""41"", ""42"", ""43"", ""44"", ""45"", ""46""]",https://kixlb.com/products/copy-nike-sb-dunk-low-frozen-rose-mirror-shoes,2026-04-10T15:12:23Z,True
kix:9666679964005,kix,,Nike,Nike SB dunk low panda prank love shoes,,,90.0,,,False,in_stock,USD,"[""36"", ""37"", ""38"", ""39"", ""40"", ""41"", ""42"", ""43"", ""44"", ""45"", ""46""]",https://kixlb.com/products/copy-nike-sb-dunk-low-blue-white-shoes,2026-04-10T15:12:23Z,True
kix:9666679931237,kix,,Nike,Nike SB dunk low cartoon power little police pink shoes,,,90.0,,,False,in_stock,USD,"[""36"", ""37"", ""38"", ""39"", ""40"", ""41"", ""42"", ""43"", ""44"", ""45"", ""46""]",https://kixlb.com/products/copy-nike-sb-dunk-low-panda-prank-love-shoes,2026-04-10T15:12:23Z,True
kix:9666679898469,kix,,Nike,Nike SB dunk low cartoon power little police green shoes,,,90.0,,,False,in_stock,USD,"[""36"", ""37"", ""38"", ""39"", ""40"", ""41"", ""42"", ""43"", ""44"", ""45"", ""46""]",https://kixlb.com/products/copy-nike-sb-dunk-low-cartoon-power-little-pink-shoes,2026-04-10T15:12:23Z,True
kix:9666679865701,kix,,Nike,Nike SB dunk low cartoon power little police blue shoes,,,90.0,,,False,in_stock,USD,"[""36"", ""37"", ""38"", ""39"", ""40"", ""41"", ""42"", ""43"", ""44"", ""45"", ""46""]",https://kixlb.com/products/copy-nike-sb-dunk-low-cartoon-power-little-police-green-shoes,2026-04-10T15:12:23Z,True
kix:9666679832933,kix,,Nike,Nike SB dunk low retro black and white shoes,,,90.0,,,False,in_stock,USD,"[""36"", ""37"", ""38"", ""39"", ""40"", ""41"", ""42"", ""43"", ""44"", ""45"", ""46""]",https://kixlb.com/products/copy-nike-sb-dunk-low-cartoon-power-little-police-blue-shoes,2026-04-10T15:12:23Z,True
kix:9666679800165,kix,,Nike,Nike SB dunk low Beihai beach free shoes,,,90.0,,,False,in_stock,USD,"[""36"", ""37"", ""38"", ""39"", ""40"", ""41"", ""42"", ""43"", ""44"", ""45"", ""46""]",https://kixlb.com/products/copy-nike-sb-dunk-low-retro-black-and-white-shoes,2026-04-10T15:12:23Z,True
kix:9666679767397,kix,,Nike,Nike SB dunk low plum raspberry love shoes,,,95.0,,,False,in_stock,USD,"[""36"", ""37"", ""38"", ""39"", ""40"", ""41"", ""42"", ""43"", ""44"", ""45"", ""46""]",https://kixlb.com/products/copy-nike-sb-dunk-low-beihai-beach-free-shoes,2026-04-10T15:12:23Z,True
kix:9666679734629,kix,,Nike,Nike SB dunk low pink star shoes,,,95.0,,,False,in_stock,USD,"[""36"", ""37"", ""38"", ""39"", ""40"", ""41"", ""42"", ""43"", ""44"", ""45"", ""46""]",https://kixlb.com/products/copy-nike-sb-dunk-low-plum-raspberry-love-shoes,2026-04-10T15:12:23Z,True
kix:9666679701861,kix,,Nike,Nike SB dunk low tightbooth shoes,,,95.0,,,False,in_stock,USD,"[""36"", ""37"", ""38"", ""39"", ""40"", ""41"", ""42"", ""43"", ""44"", ""45"", ""46""]",https://kixlb.com/products/copy-nike-sb-dunk-low-pink-star-shoes,2026-04-10T15:12:23Z,True
kix:9666679669093,kix,,Nike,Nike SB dunk low black and white raw shoes,,,95.0,,,False,in_stock,USD,"[""36"", ""37"", ""38"", ""39"", ""40"", ""41"", ""42"", ""43"", ""44"", ""45"", ""46""]",https://kixlb.com/products/copy-nike-sb-dunk-low-tightbooth-shoes,2026-04-10T15:12:23Z,True
kix:9666679636325,kix,,Nike,Nike SB dunk low red lobster shoes,,,95.0,,,False,in_stock,USD,"[""36"", ""37"", ""38"", ""39"", ""40"", ""41"", ""42"", ""43"", ""44"", ""45"", ""46""]",https://kixlb.com/products/copy-nike-sb-dunk-low-black-and-white-raw-shoes,2026-04-10T15:12:23Z,True
kix:9666679603557,kix,,Nike,Nike SB dunk low red and blue mandarin shoes,,,95.0,,,False,in_stock,USD,"[""36"", ""37"", ""38"", ""39"", ""40"", ""41"", ""42"", ""43"", ""44"", ""45"", ""46""]",https://kixlb.com/products/copy-nike-sb-dunk-low-red-lobster-shoes,2026-04-10T15:12:23Z,True
kix:9666679570789,kix,,Nike,Nike SB dunk low olive red blue shoes,,,95.0,,,False,in_stock,USD,"[""36"", ""37"", ""38"", ""39"", ""40"", ""41"", ""42"", ""43"", ""44"", ""45"", ""46""]",https://kixlb.com/products/copy-nike-sb-dunk-low-red-and-blue-mandarin-shoes,2026-04-10T15:12:23Z,True
kix:9666679538021,kix,,Nike,Nike SB dunk low brick red shoes,,,95.0,,,False,in_stock,USD,"[""36"", ""37"", ""38"", ""39"", ""40"", ""41"", ""42"", ""43"", ""44"", ""45"", ""46""]",https://kixlb.com/products/copy-nike-sb-dunk-low-olive-red-blue-shoes,2026-04-10T15:12:23Z,True
kix:9666679505253,kix,,Nike,Nike SB dunk low the powerpuff girls pink shoes,,girls,95.0,,,False,in_stock,USD,"[""36"", ""37"", ""38"", ""39"", ""40"", ""41"", ""42"", ""43"", ""44"", ""45"", ""46""]",https://kixlb.com/products/copy-nike-sb-dunk-low-brick-red-shoes,2026-04-10T15:12:23Z,True
kix:9666679472485,kix,,Nike,Nike SB dunk low the powerpuff girls green shoes,,girls,95.0,,,False,in_stock,USD,"[""36"", ""37"", ""38"", ""39"", ""40"", ""41"", ""42"", ""43"", ""44"", ""45"", ""46""]",https://kixlb.com/products/copy-nike-sb-dunk-low-the-powerpuff-girls-pink-shoes,2026-04-10T15:12:23Z,True
kix:9666679439717,kix,,Nike,Nike SB dunk low the powerpuff girls blue shoes,,girls,95.0,,,False,in_stock,USD,"[""36"", ""37"", ""38"", ""39"", ""40"", ""41"", ""42"", ""43"", ""44"", ""45"", ""46""]",https://kixlb.com/products/copy-nike-sb-dunk-low-the-powerpuff-girls-green-shoes,2026-04-10T15:12:23Z,True
kix:9666679406949,kix,,Nike,Nike SB dunk low burgundy valentines shoes,,,95.0,,,False,in_stock,USD,"[""36"", ""37"", ""38"", ""39"", ""40"", ""41"", ""42"", ""43"", ""44"", ""45"", ""46""]",https://kixlb.com/products/copy-nike-sb-dunk-low-the-powerpuff-girls-blue-shoes,2026-04-10T15:12:23Z,True
kix:9666679374181,kix,,Nike,Nike SB dunk low retro blue grey shoes,,,95.0,,,False,in_stock,USD,"[""36"", ""37"", ""38"", ""39"", ""40"", ""41"", ""42"", ""43"", ""44"", ""45"", ""46""]",https://kixlb.com/products/copy-nike-sb-dunk-low-burgundy-valentines-shoes,2026-04-10T15:12:23Z,True
kix:9666679341413,kix,,Nike,Nike SB dunk low SE milk white shoes,,,95.0,,,False,in_stock,USD,"[""36"", ""37"", ""38"", ""39"", ""40"", ""41"", ""42"", ""43"", ""44"", ""45"", ""46""]",https://kixlb.com/products/copy-nike-sb-dunk-low-retro-blue-grey-shoes,2026-04-10T15:12:23Z,True
kix:9666679308645,kix,,Nike,Nike SB dunk low SE grey yellow shoes,,,95.0,,,False,in_stock,USD,"[""36"", ""37"", ""38"", ""39"", ""40"", ""41"", ""42"", ""43"", ""44"", ""45"", ""46""]",https://kixlb.com/products/copy-nike-sb-dunk-low-se-milk-white-shoes,2026-04-10T15:12:23Z,True
kix:9666679275877,kix,,Nike,Nike SB dunk low black green shoes,,,95.0,,,False,in_stock,USD,"[""36"", ""37"", ""38"", ""39"", ""40"", ""41"", ""42"", ""43"", ""44"", ""45"", ""46""]",https://kixlb.com/products/copy-nike-sb-dunk-low-se-grey-yellow-shoes,2026-04-10T15:12:23Z,True
kix:9666679243109,kix,,Nike,Nike SB dunk low twist vivid shoes,,,95.0,,,False,in_stock,USD,"[""36"", ""37"", ""38"", ""39"", ""40"", ""41"", ""42"", ""43"", ""44"", ""45"", ""46""]",https://kixlb.com/products/copy-nike-sb-dunk-low-black-green-shoes,2026-04-10T15:12:23Z,True
kix:9666679210341,kix,,Nike,Nike SB dunk low twist panda shoes,,,95.0,,,False,in_stock,USD,"[""36"", ""37"", ""38"", ""39"", ""40"", ""41"", ""42"", ""43"", ""44"", ""45"", ""46""]",https://kixlb.com/products/copy-nike-sb-dunk-low-twist-vivid-shoes,2026-04-10T15:12:23Z,True
kix:9666679177573,kix,,Nike,Nike SB dunk low double layer swoosh shoes,,,95.0,,,False,in_stock,USD,"[""36"", ""37"", ""38"", ""39"", ""40"", ""41"", ""42"", ""43"", ""44"", ""45"", ""46""]",https://kixlb.com/products/copy-nike-sb-dunk-low-twist-panda-shoes,2026-04-10T15:12:23Z,True
kix:9666679144805,kix,,Nike,Nike SB dunk low joint grey white shoes,,,95.0,,,False,in_stock,USD,"[""36"", ""37"", ""38"", ""39"", ""40"", ""41"", ""42"", ""43"", ""44"", ""45"", ""46""]",https://kixlb.com/products/copy-nike-sb-dunk-low-double-layer-swoosh-shoes,2026-04-10T15:12:23Z,True
kix:9666679112037,kix,,Nike,Nike SB dunk low bucks white brown shoes,,,95.0,,,False,in_stock,USD,"[""36"", ""37"", ""38"", ""39"", ""40"", ""41"", ""42"", ""43"", ""44"", ""45"", ""46""]",https://kixlb.com/products/copy-nike-sb-dunk-low-joint-grey-white-shoes,2026-04-10T15:12:23Z,True
kix:9666679079269,kix,,Nike,Nike SB dunk low black grey orange shoes,,,95.0,,,False,in_stock,USD,"[""36"", ""37"", ""38"", ""39"", ""40"", ""41"", ""42"", ""43"", ""44"", ""45"", ""46""]",https://kixlb.com/products/copy-nike-sb-dunk-low-bucks-white-brown-shoes,2026-04-10T15:12:23Z,True
kix:9666679046501,kix,,Nike,Nike SB dunk low supreme rammellzee shoes,,,95.0,,,False,in_stock,USD,"[""36"", ""37"", ""38"", ""39"", ""40"", ""41"", ""42"", ""43"", ""44"", ""45"", ""46""]",https://kixlb.com/products/copy-nike-sb-dunk-low-black-grey-orange-shoes,2026-04-10T15:12:23Z,True
kix:9666679013733,kix,,Nike,Nike SB dunk low twist vivid sulfer shoes,,,95.0,,,False,in_stock,USD,"[""36"", ""37"", ""38"", ""39"", ""40"", ""41"", ""42"", ""43"", ""44"", ""45"", ""46""]",https://kixlb.com/products/copy-nike-sb-dunk-low-supreme-rammellzee-shoes,2026-04-10T15:12:23Z,True
kix:9666678980965,kix,,Nike,Nike SB dunk low blue and pink shoes,,,95.0,,,False,in_stock,USD,"[""36"", ""37"", ""38"", ""39"", ""40"", ""41"", ""42"", ""43"", ""44"", ""45"", ""46""]",https://kixlb.com/products/copy-nike-sb-dunk-low-twist-vivid-sulfer-shoes,2026-04-10T15:12:23Z,True
kix:9666678948197,kix,,Nike,Nike SB dunk low milk tea shoes,,,95.0,,,False,in_stock,USD,"[""36"", ""37"", ""38"", ""39"", ""40"", ""41"", ""42"", ""43"", ""44"", ""45"", ""46""]",https://kixlb.com/products/copy-nike-sb-dunk-low-blue-and-pink-shoes,2026-04-10T15:12:23Z,True
kix:9666678915429,kix,,Nike,Nike SB dunk low retro white and red shoes,,,95.0,,,False,in_stock,USD,"[""36"", ""37"", ""38"", ""39"", ""40"", ""41"", ""42"", ""43"", ""44"", ""45"", ""46""]",https://kixlb.com/products/copy-nike-sb-dunk-low-milk-tea-shoes,2026-04-10T15:12:23Z,True
kix:9666678882661,kix,,Nike,Nike SB dunk low ATL shoes,,,95.0,,,False,in_stock,USD,"[""36"", ""37"", ""38"", ""39"", ""40"", ""41"", ""42"", ""43"", ""44"", ""45"", ""46""]",https://kixlb.com/products/copy-nike-sb-dunk-low-retro-white-and-red-shoes,2026-04-10T15:12:23Z,True
kix:9666678849893,kix,,Nike,Nike SB dunk low lottery green shoes,,,95.0,,,False,in_stock,USD,"[""36"", ""37"", ""38"", ""39"", ""40"", ""41"", ""42"", ""43"", ""44"", ""45"", ""46""]",https://kixlb.com/products/copy-nike-sb-dunk-low-atl-shoes,2026-04-10T15:12:23Z,True
kix:9666678817125,kix,,Nike,Nike SB dunk low strap light green shoes,,,95.0,,,False,in_stock,USD,"[""36"", ""37"", ""38"", ""39"", ""40"", ""41"", ""42"", ""43"", ""44"", ""45"", ""46""]",https://kixlb.com/products/copy-nike-sb-dunk-low-lottery-green-shoes,2026-04-10T15:12:23Z,True
kix:9666678751589,kix,,Nike,Nike SB dunk low grey and white paper shoes,,,95.0,,,False,in_stock,USD,"[""36"", ""37"", ""38"", ""39"", ""40"", ""41"", ""42"", ""43"", ""44"", ""45"", ""46""]",https://kixlb.com/products/copy-nike-sb-dunk-low-strap-light-green-shoes,2026-04-10T15:12:23Z,True
kix:9666678718821,kix,,Nike,Nike SB dunk low jarritos shoes,,,95.0,,,False,in_stock,USD,"[""36"", ""37"", ""38"", ""39"", ""40"", ""41"", ""42"", ""43"", ""44"", ""45"", ""46""]",https://kixlb.com/products/copy-nike-sb-dunk-low-grey-and-white-paper-shoes,2026-04-10T15:12:23Z,True
kix:9666678686053,kix,,Nike,Nike SB dunk low retro mocha shoes,,,95.0,,,False,in_stock,USD,"[""36"", ""37"", ""38"", ""39"", ""40"", ""41"", ""42"", ""43"", ""44"", ""45"", ""46""]",https://kixlb.com/products/copy-nike-sb-dunk-low-jarritos-shoes-1,2026-04-10T15:12:23Z,True
kix:9666678653285,kix,,Nike,Nike SB dunk low yellow panda shoes,,,95.0,,,False,in_stock,USD,"[""36"", ""37"", ""38"", ""39"", ""40"", ""41"", ""42"", ""43"", ""44"", ""45"", ""46""]",https://kixlb.com/products/copy-nike-sb-dunk-low-retro-mocha-shoes,2026-04-10T15:12:23Z,True
kix:9666678620517,kix,,Nike,Nike SB dunk low night marron shoes,,,95.0,,,False,in_stock,USD,"[""36"", ""37"", ""38"", ""39"", ""40"", ""41"", ""42"", ""43"", ""44"", ""45"", ""46""]",https://kixlb.com/products/copy-nike-sb-dunk-low-yellow-panda-shoes,2026-04-10T15:12:23Z,True
kix:9666678587749,kix,,Nike,Nike SB dunk low WMNS shoes,,,95.0,,,False,in_stock,USD,"[""36"", ""37"", ""38"", ""39"", ""40"", ""41"", ""42"", ""43"", ""44"", ""45"", ""46""]",https://kixlb.com/products/copy-nike-sb-dunk-low-night-marron-shoes,2026-04-10T15:12:23Z,True
kix:9666678554981,kix,,Nike,Nike SB dunk low dark brown mocha shoes,,,95.0,,,False,in_stock,USD,"[""36"", ""37"", ""38"", ""39"", ""40"", ""41"", ""42"", ""43"", ""44"", ""45"", ""46""]",https://kixlb.com/products/copy-nike-sb-dunk-low-wmns-shoes,2026-04-10T15:12:23Z,True
kix:9666678522213,kix,,Nike,Nike SB dunk low LV marvel joint batman shoes,,,95.0,,,False,in_stock,USD,"[""36"", ""37"", ""38"", ""39"", ""40"", ""41"", ""42"", ""43"", ""44"", ""45"", ""46""]",https://kixlb.com/products/copy-nike-sb-dunk-low-dark-brown-mocha-shoes,2026-04-10T15:12:23Z,True
kix:9666678489445,kix,,Nike,Nike SB dunk low 520 shoes,,,95.0,,,False,in_stock,USD,"[""36"", ""37"", ""38"", ""39"", ""40"", ""41"", ""42"", ""43"", ""44"", ""45"", ""46""]",https://kixlb.com/products/copy-nike-sb-dunk-low-lv-marvel-joint-batman-shoes,2026-04-10T15:12:23Z,True
kix:9666678456677,kix,,Nike,Nike SB dunk low south beach shoes,,,95.0,,,False,in_stock,USD,"[""36"", ""37"", ""38"", ""39"", ""40"", ""41"", ""42"", ""43"", ""44"", ""45"", ""46""]",https://kixlb.com/products/copy-nike-sb-dunk-low-520-shoes,2026-04-10T15:12:23Z,True
kix:9666678423909,kix,,Nike,Nike SB dunk low black grey shoes,,,95.0,,,False,in_stock,USD,"[""36"", ""37"", ""38"", ""39"", ""40"", ""41"", ""42"", ""43"", ""44"", ""45"", ""46""]",https://kixlb.com/products/copy-nike-sb-dunk-low-south-beach-shoes,2026-04-10T15:12:23Z,True
kix:9666678391141,kix,,Nike,Nike SB dunk low gorge green shoes,,,90.0,,,False,in_stock,USD,"[""36"", ""37"", ""38"", ""39"", ""40"", ""41"", ""42"", ""43"", ""44"", ""45"", ""46""]",https://kixlb.com/products/copy-nike-sb-dunk-low-black-grey-shoes,2026-04-10T15:12:23Z,True
kix:9666678358373,kix,,Nike,Nike SB dunk low gradient shoes,,,90.0,,,False,in_stock,USD,"[""36"", ""37"", ""38"", ""39"", ""40"", ""41"", ""42"", ""43"", ""44"", ""45"", ""46""]",https://kixlb.com/products/copy-nike-sb-dunk-low-gorge-green-shoes,2026-04-10T15:12:23Z,True
kix:9666678325605,kix,,Nike,Nike SB dunk low team red shoes,,,90.0,,,False,in_stock,USD,"[""36"", ""37"", ""38"", ""39"", ""40"", ""41"", ""42"", ""43"", ""44"", ""45"", ""46""]",https://kixlb.com/products/copy-nike-sb-dunk-low-gradient-shoes,2026-04-10T15:12:23Z,True
kix:9666678292837,kix,,Nike,Nike SB dunk low double lace pink black shoes,,,90.0,,,False,in_stock,USD,"[""36"", ""37"", ""38"", ""39"", ""40"", ""41"", ""42"", ""43"", ""44"", ""45"", ""46""]",https://kixlb.com/products/copy-nike-sb-dunk-low-team-red-shoes,2026-04-10T15:12:23Z,True
kix:9666678260069,kix,,Nike,Nike SB dunk low￼520 valentines day shoes,,,90.0,,,False,in_stock,USD,"[""36"", ""37"", ""38"", ""39"", ""40"", ""41"", ""42"", ""43"", ""44"", ""45"", ""46""]",https://kixlb.com/products/copy-nike-sb-dunk-low-double-lace-pink-black-shoes,2026-04-10T15:12:23Z,True
kix:9666678227301,kix,,Nike,Nike SB dunk low clot shoes,,,90.0,,,False,in_stock,USD,"[""36"", ""37"", ""38"", ""39"", ""40"", ""41"", ""42"", ""43"", ""44"", ""45"", ""46""]",https://kixlb.com/products/copy-nike-sb-dunk-low-520-valentines-day-shoes,2026-04-10T15:12:23Z,True
kix:9666678194533,kix,,Nike,Nike SB dunk low light cyan pink shoes,,,90.0,,,False,in_stock,USD,"[""36"", ""37"", ""38"", ""39"", ""40"", ""41"", ""42"", ""43"", ""44"", ""45"", ""46""]",https://kixlb.com/products/copy-nike-sb-dunk-low-clot-shoes,2026-04-10T15:12:23Z,True
kix:9666678161765,kix,,Nike,Nike SB dunk low green shoes,,,90.0,,,False,in_stock,USD,"[""36"", ""37"", ""38"", ""39"", ""40"", ""41"", ""42"", ""43"", ""44"", ""45"", ""46""]",https://kixlb.com/products/copy-nike-sb-dunk-low-light-cyan-pink-shoes,2026-04-10T15:12:23Z,True
kix:9666678128997,kix,,Nike,Nike SB dunk low neon shoes,,,90.0,,,False,in_stock,USD,"[""36"", ""37"", ""38"", ""39"", ""40"", ""41"", ""42"", ""43"", ""44"", ""45"", ""46""]",https://kixlb.com/products/copy-nike-sb-dunk-low-green-shoes,2026-04-10T15:12:23Z,True
kix:9666678096229,kix,,Nike,Nike SB dunk low metal buckle shoes,,,90.0,,,False,in_stock,USD,"[""36"", ""37"", ""38"", ""39"", ""40"", ""41"", ""42"", ""43"", ""44"", ""45"", ""46""]",https://kixlb.com/products/copy-nike-sb-dunk-low-neon-shoes,2026-04-10T15:12:23Z,True
kix:9666678063461,kix,,Nike,Nike SB dunk low sea salt milk shoes,,,90.0,,,False,in_stock,USD,"[""36"", ""37"", ""38"", ""39"", ""40"", ""41"", ""42"", ""43"", ""44"", ""45"", ""46""]",https://kixlb.com/products/copy-nike-sb-dunk-low-metal-buckle-shoes,2026-04-10T15:12:23Z,True
kix:9666678030693,kix,,Nike,Nike SB dunk low white shoes,,,90.0,,,False,in_stock,USD,"[""36"", ""37"", ""38"", ""39"", ""40"", ""41"", ""42"", ""43"", ""44"", ""45"", ""46""]",https://kixlb.com/products/copy-nike-sb-dunk-low-sea-salt-milk-shoes,2026-04-10T15:12:23Z,True
kix:9666677997925,kix,,Nike,Nike SB dunk low tiffany blue shoes,,,90.0,,,False,in_stock,USD,"[""36"", ""37"", ""38"", ""39"", ""40"", ""41"", ""42"", ""43"", ""44"", ""45"", ""46""]",https://kixlb.com/products/copy-nike-sb-dunk-low-white-shoes,2026-04-10T15:12:23Z,True
kix:9666677965157,kix,,Nike,Nike SB dunk low double red grey green shoes,,,90.0,,,False,in_stock,USD,"[""36"", ""37"", ""38"", ""39"", ""40"", ""41"", ""42"", ""43"", ""44"", ""45"", ""46""]",https://kixlb.com/products/copy-nike-sb-dunk-low-tiffany-blue-shoes,2026-04-10T15:12:23Z,True
kix:9666677932389,kix,,Nike,Nike SB dunk low grey shoes,,,90.0,,,False,in_stock,USD,"[""36"", ""37"", ""38"", ""39"", ""40"", ""41"", ""42"", ""43"", ""44"", ""45"", ""46""]",https://kixlb.com/products/copy-nike-sb-dunk-low-double-red-grey-green-shoes,2026-04-10T15:12:23Z,True
kix:9666677899621,kix,,Nike,Nike SB dunk low melon shoes,,,90.0,,,False,in_stock,USD,"[""36"", ""37"", ""38"", ""39"", ""40"", ""41"", ""42"", ""43"", ""44"", ""45"", ""46""]",https://kixlb.com/products/copy-nike-sb-dunk-low-grey-shoes,2026-04-10T15:12:23Z,True
kix:9666677866853,kix,,Nike,Nike SB dunk low green purple shoes,,,90.0,,,False,in_stock,USD,"[""36"", ""37"", ""38"", ""39"", ""40"", ""41"", ""42"", ""43"", ""44"", ""45"", ""46""]",https://kixlb.com/products/copy-nike-sb-dunk-low-melon-shoes,2026-04-10T15:12:23Z,True
kix:9666677834085,kix,,Nike,Nike SB dunk low christmas shoes,,,95.0,,,False,in_stock,USD,"[""36"", ""37"", ""38"", ""39"", ""40"", ""41"", ""42"", ""43"", ""44"", ""45"", ""46""]",https://kixlb.com/products/copy-nike-sb-dunk-low-green-purple-shoes,2026-04-10T15:12:23Z,True
kix:9666677801317,kix,,Nike,Nike SB dunk low 85 shoes,,,90.0,,,False,in_stock,USD,"[""36"", ""37"", ""38"", ""39"", ""40"", ""41"", ""42"", ""43"", ""44"", ""45"", ""46""]",https://kixlb.com/products/copy-nike-sb-dunk-low-christmas-shoes,2026-04-10T15:12:23Z,True
kix:9666677768549,kix,,Nike,Nike SB dunk low hot pink shoes,,,90.0,,,False,in_stock,USD,"[""36"", ""37"", ""38"", ""39"", ""40"", ""41"", ""42"", ""43"", ""44"", ""45"", ""46""]",https://kixlb.com/products/copy-nike-sb-dunk-low-85-shoes,2026-04-10T15:12:23Z,True
kix:9666677735781,kix,,Nike,Nike SB dunk low red yellow shoes,,,90.0,,,False,in_stock,USD,"[""36"", ""37"", ""38"", ""39"", ""40"", ""41"", ""42"", ""43"", ""44"", ""45"", ""46""]",https://kixlb.com/products/copy-nike-sb-dunk-low-hot-pink-shoes,2026-04-10T15:12:23Z,True
kix:9666677703013,kix,,Nike,Nike SB dunk low baby pink shoes,,,90.0,,,False,in_stock,USD,"[""36"", ""37"", ""38"", ""39"", ""40"", ""41"", ""42"", ""43"", ""44"", ""45"", ""46""]",https://kixlb.com/products/copy-nike-sb-dunk-low-red-yellow-shoes,2026-04-10T15:12:23Z,True
kix:9666677670245,kix,,Nike,Nike SB dunk low ice cream shoes,,,90.0,,,False,in_stock,USD,"[""36"", ""37"", ""38"", ""39"", ""40"", ""41"", ""42"", ""43"", ""44"", ""45"", ""46""]",https://kixlb.com/products/copy-nike-sb-dunk-low-baby-pink-shoes,2026-04-10T15:12:23Z,True
kix:9666677637477,kix,,Nike,Nike SB dunk low whitesail shoes,,,95.0,,,False,in_stock,USD,"[""36"", ""37"", ""38"", ""39"", ""40"", ""41"", ""42"", ""43"", ""44"", ""45"", ""46""]",https://kixlb.com/products/copy-nike-sb-dunk-low-ice-cream-shoes,2026-04-10T15:12:23Z,True
kix:9666677604709,kix,,Nike,Nike SB dunk low deconstructed shoes,,,90.0,,,False,in_stock,USD,"[""36"", ""37"", ""38"", ""39"", ""40"", ""41"", ""42"", ""43"", ""44"", ""45"", ""46""]",https://kixlb.com/products/copy-nike-sb-dunk-low-whitesail-shoes,2026-04-10T15:12:23Z,True
kix:9666677571941,kix,,Nike,Nike SB dunk low classic retro shoes,,,90.0,,,False,in_stock,USD,"[""36"", ""37"", ""38"", ""39"", ""40"", ""41"", ""42"", ""43"", ""44"", ""45"", ""46""]",https://kixlb.com/products/copy-nike-sb-dunk-low-deconstructed-shoes,2026-04-10T15:12:23Z,True
kix:9666677539173,kix,,Nike,Nike SB dunk low star dew/purple rabbit shoes,,,95.0,,,False,in_stock,USD,"[""36"", ""37"", ""38"", ""39"", ""40"", ""41"", ""42"", ""43"", ""44"", ""45"", ""46""]",https://kixlb.com/products/copy-nike-sb-dunk-low-classic-retro-shoes,2026-04-10T15:12:23Z,True
kix:9666677506405,kix,,Nike,Nike SB dunk low citron tint shoes,,,90.0,,,False,in_stock,USD,"[""36"", ""37"", ""38"", ""39"", ""40"", ""41"", ""42"", ""43"", ""44"", ""45"", ""46""]",https://kixlb.com/products/copy-nike-sb-dunk-low-star-dew-purple-rabbit-shoes,2026-04-10T15:12:23Z,True
kix:9666677473637,kix,,Nike,Nike SB dunk low light grey orange shoes,,,90.0,,,False,in_stock,USD,"[""36"", ""37"", ""38"", ""39"", ""40"", ""41"", ""42"", ""43"", ""44"", ""45"", ""46""]",https://kixlb.com/products/copy-nike-sb-dunk-low-citron-tint-shoes,2026-04-10T15:12:23Z,True
kix:9666677440869,kix,,Nike,Nike SB dunk low shanghai shoes,,,90.0,,,False,in_stock,USD,"[""36"", ""37"", ""38"", ""39"", ""40"", ""41"", ""42"", ""43"", ""44"", ""45"", ""46""]",https://kixlb.com/products/copy-nike-sb-dunk-low-light-grey-orange-shoes,2026-04-10T15:12:23Z,True
kix:9666677408101,kix,,Nike,Nike SB dunk low abstract art shoes,,,90.0,,,False,in_stock,USD,"[""36"", ""37"", ""38"", ""39"", ""40"", ""41"", ""42"", ""43"", ""44"", ""45"", ""46""]",https://kixlb.com/products/copy-nike-sb-dunk-low-shanghai-shoes,2026-04-10T15:12:23Z,True
kix:9666677375333,kix,,Nike,Nike SB low dunk rose shoes,,,90.0,,,False,in_stock,USD,"[""36"", ""37"", ""38"", ""39"", ""40"", ""41"", ""42"", ""43"", ""44"", ""45"", ""46""]",https://kixlb.com/products/copy-nike-sb-low-dunk-gold-premium-shoes,2026-04-10T15:12:23Z,True
kix:9666677342565,kix,,Nike,Nike SB low dunk black pink shoes,,,90.0,,,False,in_stock,USD,"[""36"", ""37"", ""38"", ""39"", ""40"", ""41"", ""42"", ""43"", ""44"", ""45"", ""46""]",https://kixlb.com/products/copy-nike-sb-low-dunk-pastel-shoes,2026-04-10T15:12:23Z,True
kix:9666677309797,kix,,Nike,Nike SB low dunk shades of grey shoes,,,90.0,,,False,in_stock,USD,"[""36"", ""37"", ""38"", ""39"", ""40"", ""41"", ""42"", ""43"", ""44"", ""45"", ""46""]",https://kixlb.com/products/copy-nike-sb-low-dunk-black-pink-shoes,2026-04-10T15:12:23Z,True
kix:9666677277029,kix,,Nike,Nike SB low dunk olive green shoes,,,90.0,,,False,in_stock,USD,"[""36"", ""37"", ""38"", ""39"", ""40"", ""41"", ""42"", ""43"", ""44"", ""45"", ""46""]",https://kixlb.com/products/copy-nike-sb-low-dunk-shades-of-grey-shoes,2026-04-10T15:12:23Z,True
kix:9666677244261,kix,,Nike,Nike SB low dunk fluffy yellow shoes,,,95.0,,,False,in_stock,USD,"[""36"", ""37"", ""38"", ""39"", ""40"", ""41"", ""42"", ""43"", ""44"", ""45"", ""46""]",https://kixlb.com/products/copy-nike-sb-low-dunk-olive-green-shoes,2026-04-10T15:12:23Z,True
kix:9666677211493,kix,,Nike,Nike SB low dunk fluffy green shoes,,,95.0,,,False,in_stock,USD,"[""36"", ""37"", ""38"", ""39"", ""40"", ""41"", ""42"", ""43"", ""44"", ""45"", ""46""]",https://kixlb.com/products/copy-nike-sb-low-dunk-fluffy-yellow-shoes,2026-04-10T15:12:23Z,True
kix:9666677178725,kix,,Nike,Nike SB low dunk fluffy orange shoes,,,95.0,,,False,in_stock,USD,"[""36"", ""37"", ""38"", ""39"", ""40"", ""41"", ""42"", ""43"", ""44"", ""45"", ""46""]",https://kixlb.com/products/copy-nike-sb-low-dunk-fluffy-green-shoes,2026-04-10T15:12:23Z,True
kix:9666677145957,kix,,Nike,Nike SB low dunk black shoes,,,90.0,,,False,in_stock,USD,"[""36"", ""37"", ""38"", ""39"", ""40"", ""41"", ""42"", ""43"", ""44"", ""45"", ""46""]",https://kixlb.com/products/copy-nike-sb-low-dunk-fluffy-orange-shoes,2026-04-10T15:12:23Z,True
kix:9666677113189,kix,,Adidas,Adidas superstar 2 purple,,,86.0,,,False,in_stock,USD,"[""36"", ""36.5"", ""37.5"", ""38"", ""38.5"", ""39"", ""40"", ""40.5"", ""41"", ""42"", ""42.5"", ""43"", ""44"", ""44.5"", ""45""]",https://kixlb.com/products/adidas-superstar-dragon-copy,2026-04-10T15:12:23Z,True
kix:9666677080421,kix,,Nike,Nike SB low dunk printed shoes,,,90.0,,,False,in_stock,USD,"[""36"", ""37"", ""38"", ""39"", ""40"", ""41"", ""42"", ""43"", ""44"", ""45"", ""46""]",https://kixlb.com/products/copy-nike-sb-low-dunk-black-shoes,2026-04-10T15:12:23Z,True
kix:9666677047653,kix,,Nike,Nike SB low dunk platinum grey shoes,,,90.0,,,False,in_stock,USD,"[""36"", ""37"", ""38"", ""39"", ""40"", ""41"", ""42"", ""43"", ""44"", ""45"", ""46""]",https://kixlb.com/products/copy-nike-sb-low-dunk-printed-shoes,2026-04-10T15:12:23Z,True
kix:9666677014885,kix,,Nike,Nike SB low dunk uv light shoes,,,90.0,,,False,in_stock,USD,"[""36"", ""37"", ""38"", ""39"", ""40"", ""41"", ""42"", ""43"", ""44"", ""45"", ""46""]",https://kixlb.com/products/copy-nike-sb-low-dunk-platinum-grey-shoes,2026-04-10T15:12:23Z,True
kix:9666676982117,kix,,Nike,Nike SB low dunk purple lobster shoes,,,90.0,,,False,in_stock,USD,"[""36"", ""37"", ""38"", ""39"", ""40"", ""41"", ""42"", ""43"", ""44"", ""45"", ""46""]",https://kixlb.com/products/copy-nike-sb-low-dunk-uv-light-shoes-1,2026-04-10T15:12:23Z,True
kix:9666676949349,kix,,Nike,Nike SB low dunk active fuschia shoes,,,90.0,,,False,in_stock,USD,"[""36"", ""37"", ""38"", ""39"", ""40"", ""41"", ""42"", ""43"", ""44"", ""45"", ""46""]",https://kixlb.com/products/copy-nike-sb-low-dunk-yankee-shoes,2026-04-10T15:12:23Z,True
kix:9666676916581,kix,,Nike,Nike SB low dunk NBA grey shoes,,,90.0,,,False,in_stock,USD,"[""36"", ""37"", ""38"", ""39"", ""40"", ""41"", ""42"", ""43"", ""44"", ""45"", ""46""]",https://kixlb.com/products/copy-nike-sb-low-dunk-blue-black-grey-shoes,2026-04-10T15:12:23Z,True
kix:9666676883813,kix,,Nike,Nike SB low dunk blue shoes,,,90.0,,,False,in_stock,USD,"[""36"", ""37"", ""38"", ""39"", ""40"", ""41"", ""42"", ""43"", ""44"", ""45"", ""46""]",https://kixlb.com/products/copy-nike-sb-low-dunk-double-grey-shoes,2026-04-10T15:12:23Z,True
kix:9666676851045,kix,,Nike,Nike SB low dunk red white gum shoes,,,90.0,,,False,in_stock,USD,"[""36"", ""37"", ""38"", ""39"", ""40"", ""41"", ""42"", ""43"", ""44"", ""45"", ""46""]",https://kixlb.com/products/copy-nike-sb-low-dunk-blue-shoes,2026-04-10T15:12:23Z,True
kix:9666676818277,kix,,Nike,Nike SB low dunk creme shoes,,,90.0,,,False,in_stock,USD,"[""36"", ""37"", ""38"", ""39"", ""40"", ""41"", ""42"", ""43"", ""44"", ""45"", ""46""]",https://kixlb.com/products/copy-nike-sb-low-dunk-red-white-gum-shoes,2026-04-10T15:12:23Z,True
kix:9666676785509,kix,,Nike,Nike SB low dunk pastels shoes,,,90.0,,,False,in_stock,USD,"[""36"", ""37"", ""38"", ""39"", ""40"", ""41"", ""42"", ""43"", ""44"", ""45"", ""46""]",https://kixlb.com/products/copy-nike-sb-low-dunk-red-white-gum-shoes-1,2026-04-10T15:12:23Z,True
kix:9666676752741,kix,,Nike,Nike SB low dunk black paisley shoes,,,90.0,,,False,in_stock,USD,"[""36"", ""37"", ""38"", ""39"", ""40"", ""41"", ""42"", ""43"", ""44"", ""45"", ""46""]",https://kixlb.com/products/copy-nike-sb-low-dunk-pastels-shoes,2026-04-10T15:12:23Z,True
kix:9666676719973,kix,,Nike,Nike SB low dunk green paisley shoes,,,90.0,,,False,in_stock,USD,"[""36"", ""37"", ""38"", ""39"", ""40"", ""41"", ""42"", ""43"", ""44"", ""45"", ""46""]",https://kixlb.com/products/copy-nike-sb-low-dunk-black-paisley-shoes,2026-04-10T15:12:23Z,True
kix:9666676654437,kix,,Nike,Nike SB low dunk blue paisley shoes,,,90.0,,,False,in_stock,USD,"[""36"", ""37"", ""38"", ""39"", ""40"", ""41"", ""42"", ""43"", ""44"", ""45"", ""46""]",https://kixlb.com/products/copy-nike-sb-low-dunk-green-paisley-shoes,2026-04-10T15:12:23Z,True
kix:9666676621669,kix,,Nike,Nike SB low dunk ashrow brown shoes,,,90.0,,,False,in_stock,USD,"[""36"", ""37"", ""38"", ""39"", ""40"", ""41"", ""42"", ""43"", ""44"", ""45"", ""46""]",https://kixlb.com/products/copy-nike-sb-low-dunk-blue-paisley-shoes,2026-04-10T15:12:23Z,True
kix:9666676588901,kix,,Nike,Nike SB low dunk the 50 shoes,,,90.0,,,False,in_stock,USD,"[""36"", ""37"", ""38"", ""39"", ""40"", ""41"", ""42"", ""43"", ""44"", ""45"", ""46""]",https://kixlb.com/products/copy-nike-sb-low-dunk-ashrow-brown-shoes,2026-04-10T15:12:23Z,True
kix:9666676556133,kix,,Nike,Nike SB low dunk orange paisley shoes,,,90.0,,,False,in_stock,USD,"[""36"", ""37"", ""38"", ""39"", ""40"", ""41"", ""42"", ""43"", ""44"", ""45"", ""46""]",https://kixlb.com/products/copy-nike-sb-low-dunk-the-50-shoes,2026-04-10T15:12:23Z,True
kix:9666676523365,kix,,Nike,Nike SB low dunk disrupt 2 malachite shoes,,,100.0,,,False,in_stock,USD,"[""36"", ""37"", ""38"", ""39"", ""40"", ""41"", ""42"", ""43"", ""44"", ""45"", ""46""]",https://kixlb.com/products/copy-nike-sb-low-dunk-orange-paisley-shoes,2026-04-10T15:12:23Z,True
kix:9666676490597,kix,,Nike,Nike SB low dunk familia shoes,,,100.0,,,False,in_stock,USD,"[""36"", ""37"", ""38"", ""39"", ""40"", ""41"", ""42"", ""43"", ""44"", ""45"", ""46""]",https://kixlb.com/products/copy-nike-sb-low-dunk-disrupt-2-malachite-shoes,2026-04-10T15:12:23Z,True
kix:9666676457829,kix,,Nike,Nike SB low dunk ice shoes,,,100.0,,,False,in_stock,USD,"[""36"", ""37"", ""38"", ""39"", ""40"", ""41"", ""42"", ""43"", ""44"", ""45"", ""46""]",https://kixlb.com/products/copy-nike-sb-low-dunk-familia-shoes,2026-04-10T15:12:23Z,True
kix:9666676425061,kix,,Nike,Nike SB low dunk patches shoes,,,90.0,,,False,in_stock,USD,"[""36"", ""37"", ""38"", ""39"", ""40"", ""41"", ""42"", ""43"", ""44"", ""45"", ""46""]",https://kixlb.com/products/copy-nike-sb-low-dunk-ice-shoes,2026-04-10T15:12:23Z,True
kix:9666676392293,kix,,Nike,Nike SB dunk low brownie,,,90.0,,,False,in_stock,USD,"[""36"", ""37"", ""38"", ""39"", ""40"", ""41"", ""42"", ""43"", ""44"", ""45"", ""46"", ""47""]",https://kixlb.com/products/copy-nike-sb-low-dunk-patches-shoes,2026-04-10T15:12:23Z,True
kix:9666676326757,kix,,Nike,Nike SB dunk low 1 @,,,90.0,,,False,in_stock,USD,"[""36"", ""37"", ""38"", ""39"", ""40"", ""41"", ""42"", ""43"", ""44"", ""45"", ""46"", ""47""]",https://kixlb.com/products/copy-air-jordan-low-1-purple-blue,2026-04-10T15:12:23Z,True
kix:9666676293989,kix,,Nike,Nike SB dunk low 1 jordan shoes,,,90.0,,,False,in_stock,USD,"[""36"", ""37"", ""38"", ""39"", ""40"", ""41"", ""42"", ""43"", ""44"", ""45"", ""46"", ""47""]",https://kixlb.com/products/copy-air-jordan-low-1,2026-04-10T15:12:23Z,True
kix:9666676261221,kix,,Nike,Nike SB dunk low ocean shoes,,,90.0,,,False,in_stock,USD,"[""36"", ""37"", ""38"", ""39"", ""40"", ""41"", ""42"", ""43"", ""44"", ""45"", ""46"", ""47""]",https://kixlb.com/products/copy-air-jordan-low-1-jordan-shoes,2026-04-10T15:12:23Z,True
kix:9666676228453,kix,,Nike,Nike SB dunk low peach shoes,,,90.0,,,False,in_stock,USD,"[""36"", ""37"", ""38"", ""39"", ""40"", ""41"", ""42"", ""43"", ""44"", ""45"", ""46"", ""47""]",https://kixlb.com/products/copy-air-jordan-low-1-ocean-shoes,2026-04-10T15:12:23Z,True
kix:9666676195685,kix,,Nike,Nike SB dunk low creme shoes,,,90.0,,,False,in_stock,USD,"[""36"", ""37"", ""38"", ""39"", ""40"", ""41"", ""42"", ""43"", ""44"", ""45"", ""46"", ""47""]",https://kixlb.com/products/copy-air-jordan-low-1-peach-shoes,2026-04-10T15:12:23Z,True
kix:9666676162917,kix,,Nike,Nike SB dunk low original shoes,,,90.0,,,False,in_stock,USD,"[""36"", ""37"", ""38"", ""39"", ""40"", ""41"", ""42"", ""43"", ""44"", ""45"", ""46"", ""47""]",https://kixlb.com/products/copy-air-jordan-low-1-creme-shoes,2026-04-10T15:12:23Z,True
kix:9666676130149,kix,,Nike,Nike SB dunk low ringo shoes,,,90.0,,,False,in_stock,USD,"[""36"", ""37"", ""38"", ""39"", ""40"", ""41"", ""42"", ""43"", ""44"", ""45"", ""46"", ""47""]",https://kixlb.com/products/copy-air-jordan-low-1-original-shoes,2026-04-10T15:12:23Z,True
kix:9666676097381,kix,,Nike,Nike SB dunk low multi-color shoes,,,90.0,,,False,in_stock,USD,"[""36"", ""37"", ""38"", ""39"", ""40"", ""41"", ""42"", ""43"", ""44"", ""45"", ""46"", ""47""]",https://kixlb.com/products/copy-air-jordan-low-1-ringo-shoes,2026-04-10T15:12:23Z,True
kix:9666676064613,kix,,Nike,Nike SB dunk low candy shoes,,,90.0,,,False,in_stock,USD,"[""36"", ""37"", ""38"", ""39"", ""40"", ""41"", ""42"", ""43"", ""44"", ""45"", ""46"", ""47""]",https://kixlb.com/products/copy-air-jordan-low-1-multi-color-shoes,2026-04-10T15:12:23Z,True
kix:9666676031845,kix,,Nike,Nike SB dunk low light spot shoes,,,90.0,,,False,in_stock,USD,"[""36"", ""37"", ""38"", ""39"", ""40"", ""41"", ""42"", ""43"", ""44"", ""45"", ""46"", ""47""]",https://kixlb.com/products/copy-air-jordan-low-1-candy-shoes,2026-04-10T15:12:23Z,True
kix:9666675999077,kix,,Nike,Nike SB dunk low grey/red shoes,,,90.0,,,False,in_stock,USD,"[""36"", ""37"", ""38"", ""39"", ""40"", ""41"", ""42"", ""43"", ""44"", ""45"", ""46"", ""47""]",https://kixlb.com/products/copy-air-jordan-low-1-light-spot-shoes,2026-04-10T15:12:23Z,True
kix:9666675966309,kix,,Nike,Nike SB dunk low valentines shoes,,,90.0,,,False,in_stock,USD,"[""36"", ""37"", ""38"", ""39"", ""40"", ""41"", ""42"", ""43"", ""44"", ""45"", ""46"", ""47""]",https://kixlb.com/products/copy-air-jordan-low-1-grey-red-shoes,2026-04-10T15:12:23Z,True
kix:9666675933541,kix,,Nike,Nike SB dunk low chunky dunky shoes,,,90.0,,,False,in_stock,USD,"[""36"", ""37"", ""38"", ""39"", ""40"", ""41"", ""42"", ""43"", ""44"", ""45"", ""46"", ""47""]",https://kixlb.com/products/copy-air-jordan-low-1-valentines-shoes,2026-04-10T15:12:23Z,True
kix:9666675900773,kix,,Nike,Nike SB dunk low ripped shoes,,,90.0,,,False,in_stock,USD,"[""36"", ""37"", ""38"", ""39"", ""40"", ""41"", ""42"", ""43"", ""44"", ""45"", ""46"", ""47""]",https://kixlb.com/products/copy-air-jordan-low-1-chunky-dunky-shoes,2026-04-10T15:12:23Z,True
kix:9666675868005,kix,,Nike,Nike SB dunk low cartoon shoes,,,90.0,,,False,in_stock,USD,"[""36"", ""37"", ""38"", ""39"", ""40"", ""41"", ""42"", ""43"", ""44"", ""45"", ""46"", ""47""]",https://kixlb.com/products/copy-air-jordan-low-1-ripped-shoes,2026-04-10T15:12:23Z,True
kix:9666675835237,kix,,Nike,Nike SB dunk low white raygun shoes,,,90.0,,,False,in_stock,USD,"[""36"", ""37"", ""38"", ""39"", ""40"", ""41"", ""42"", ""43"", ""44"", ""45"", ""46"", ""47""]",https://kixlb.com/products/copy-air-jordan-low-1-cartoon-shoes,2026-04-10T15:12:23Z,True
kix:9666675802469,kix,,Nike,Nike SB dunk low black raygun shoes,,,90.0,,,False,in_stock,USD,"[""36"", ""37"", ""38"", ""39"", ""40"", ""41"", ""42"", ""43"", ""44"", ""45"", ""46"", ""47""]",https://kixlb.com/products/copy-air-jordan-low-1-white-raygun-shoes-1,2026-04-10T15:12:23Z,True
kix:9666675769701,kix,,Nike,Nike SB dunk low 24 shoes,,,90.0,,,False,in_stock,USD,"[""36"", ""37"", ""38"", ""39"", ""40"", ""41"", ""42"", ""43"", ""44"", ""45"", ""46"", ""47""]",https://kixlb.com/products/copy-air-jordan-low-1-black-raygun-shoes,2026-04-10T15:12:23Z,True
kix:9666675736933,kix,,Nike,Nike SB dunk low greens swoosh shoes,,,90.0,,,False,in_stock,USD,"[""36"", ""37"", ""38"", ""39"", ""40"", ""41"", ""42"", ""43"", ""44"", ""45"", ""46"", ""47""]",https://kixlb.com/products/copy-air-jordan-low-1-black-24-shoes,2026-04-10T15:12:23Z,True
kix:9666675704165,kix,,Nike,Nike SB dunk low orange swoosh shoes,,,90.0,,,False,in_stock,USD,"[""36"", ""37"", ""38"", ""39"", ""40"", ""41"", ""42"", ""43"", ""44"", ""45"", ""46"", ""47""]",https://kixlb.com/products/copy-air-jordan-low-1-greens-swoosh-shoes,2026-04-10T15:12:23Z,True
kix:9666675671397,kix,,Nike,Nike SB dunk low ice shoes,,,90.0,,,False,in_stock,USD,"[""36"", ""37"", ""38"", ""39"", ""40"", ""41"", ""42"", ""43"", ""44"", ""45"", ""46"", ""47""]",https://kixlb.com/products/copy-air-jordan-low-1-orange-swoosh-shoes,2026-04-10T15:12:23Z,True
kix:9666675638629,kix,,Dunknation.lb,Nile SB dunk low dragon shoes,,,90.0,,,False,in_stock,USD,"[""36"", ""37"", ""38"", ""39"", ""40"", ""41"", ""42"", ""43"", ""44"", ""45"", ""46"", ""47""]",https://kixlb.com/products/copy-air-jordan-low-1-ice-shoes,2026-04-10T15:12:23Z,True
kix:9666675605861,kix,,Nike,Nike SB dunk low steamboy shoes,,,90.0,,,False,in_stock,USD,"[""36"", ""37"", ""38"", ""39"", ""40"", ""41"", ""42"", ""43"", ""44"", ""45"", ""46"", ""47""]",https://kixlb.com/products/copy-air-jordan-low-1-dragon-shoes,2026-04-10T15:12:23Z,True
kix:9666675573093,kix,,Nike,Nike SB dunk low just do it shoes,,,90.0,,,False,in_stock,USD,"[""36"", ""37"", ""38"", ""39"", ""40"", ""41"", ""42"", ""43"", ""44"", ""45"", ""46"", ""47""]",https://kixlb.com/products/copy-air-jordan-low-1-steamboy-shoes,2026-04-10T15:12:23Z,True
kix:9666675507557,kix,,Nike,Nike SB dunk low goch shoes,,,90.0,,,False,in_stock,USD,"[""36"", ""37"", ""38"", ""39"", ""40"", ""41"", ""42"", ""43"", ""44"", ""45"", ""46"", ""47""]",https://kixlb.com/products/copy-air-jordan-low-1-just-do-it-shoes,2026-04-10T15:12:23Z,True
kix:9666675474789,kix,,Nike,Nike SB dunk low rayssah shoes,,,90.0,,,False,in_stock,USD,"[""36"", ""37"", ""38"", ""39"", ""40"", ""41"", ""42"", ""43"", ""44"", ""45"", ""46"", ""47""]",https://kixlb.com/products/copy-air-jordan-low-1-goch-shoes,2026-04-10T15:12:23Z,True
kix:9666675442021,kix,,Nike,Nike SB dunk low cherry shoes,,,90.0,,,False,in_stock,USD,"[""36"", ""37"", ""38"", ""39"", ""40"", ""41"", ""42"", ""43"", ""44"", ""45"", ""46"", ""47""]",https://kixlb.com/products/copy-air-jordan-low-1-rayssah-shoes,2026-04-10T15:12:23Z,True
kix:9666675409253,kix,,Nike,Nike SB dunk low mirror shoes,,,90.0,,,False,in_stock,USD,"[""36"", ""37"", ""38"", ""39"", ""40"", ""41"", ""42"", ""43"", ""44"", ""45"", ""46"", ""47""]",https://kixlb.com/products/copy-air-jordan-low-1-cherry-shoes,2026-04-10T15:12:23Z,True
kix:9666675376485,kix,,Nike,Nike SB dunk low 42 navy shoes,,,90.0,,,False,in_stock,USD,"[""36"", ""37"", ""38"", ""39"", ""40"", ""41"", ""42"", ""43"", ""44"", ""45"", ""46"", ""47""]",https://kixlb.com/products/copy-air-jordan-low-1-mirror-shoes,2026-04-10T15:12:23Z,True
kix:9666675343717,kix,,Nike,Nike SB dunk low dunk shoes,,,90.0,,,False,in_stock,USD,"[""36"", ""37"", ""38"", ""39"", ""40"", ""41"", ""42"", ""43"", ""44"", ""45"", ""46"", ""47""]",https://kixlb.com/products/copy-air-jordan-low-1-42-navy-shoes,2026-04-10T15:12:23Z,True
kix:9666675310949,kix,,Nike,Nike SB dunk low brown shoes,,,90.0,,,False,in_stock,USD,"[""36"", ""37"", ""38"", ""39"", ""40"", ""41"", ""42"", ""43"", ""44"", ""45"", ""46"", ""47""]",https://kixlb.com/products/copy-air-jordan-low-1-dunk-shoes,2026-04-10T15:12:23Z,True
kix:9666675278181,kix,,Nike,Nike SB dunk low colored shoes,,,90.0,,,False,in_stock,USD,"[""36"", ""37"", ""38"", ""39"", ""40"", ""41"", ""42"", ""43"", ""44"", ""45"", ""46"", ""47""]",https://kixlb.com/products/copy-air-jordan-low-1-brown-shoes,2026-04-10T15:12:23Z,True
kix:9666675245413,kix,,Nike,Nike SB dunk low ribbed shoes,,,90.0,,,False,in_stock,USD,"[""36"", ""37"", ""38"", ""39"", ""40"", ""41"", ""42"", ""43"", ""44"", ""45"", ""46"", ""47""]",https://kixlb.com/products/copy-air-jordan-low-1-colored-shoes,2026-04-10T15:12:23Z,True
kix:9666675212645,kix,,Nike,Nike SB dunk low double green shoes,,,90.0,,,False,in_stock,USD,"[""36"", ""37"", ""38"", ""39"", ""40"", ""41"", ""42"", ""43"", ""44"", ""45"", ""46"", ""47""]",https://kixlb.com/products/copy-air-jordan-low-1-ribbed-shoes,2026-04-10T15:12:23Z,True
kix:9666675179877,kix,,Nike,Nike SB dunk low cutie shoes,,,90.0,,,False,in_stock,USD,"[""36"", ""37"", ""38"", ""39"", ""40"", ""41"", ""42"", ""43"", ""44"", ""45"", ""46"", ""47""]",https://kixlb.com/products/copy-air-jordan-low-1-double-green-shoes,2026-04-10T15:12:23Z,True
kix:9666675147109,kix,,Nike,Nike SB dunk low apple shoes,,,90.0,,,False,in_stock,USD,"[""36"", ""37"", ""38"", ""39"", ""40"", ""41"", ""42"", ""43"", ""44"", ""45"", ""46"", ""47""]",https://kixlb.com/products/copy-air-jordan-low-1-cutie-shoes,2026-04-10T15:12:23Z,True
kix:9666675114341,kix,,Nike,Nike SB dunk low mint green shoes,,,90.0,,,False,in_stock,USD,"[""36"", ""37"", ""38"", ""39"", ""40"", ""41"", ""42"", ""43"", ""44"", ""45"", ""46"", ""47""]",https://kixlb.com/products/copy-air-jordan-low-1-apple-shoes,2026-04-10T15:12:23Z,True
kix:9666675081573,kix,,Nike,Nike SB dunk low blue shoes,,,90.0,,,False,in_stock,USD,"[""36"", ""37"", ""38"", ""39"", ""40"", ""41"", ""42"", ""43"", ""44"", ""45"", ""46"", ""47""]",https://kixlb.com/products/copy-air-jordan-low-1-mint-green-shoes,2026-04-10T15:12:23Z,True
kix:9666675048805,kix,,Nike,Nike SB dunk low black shoes,,,90.0,,,False,in_stock,USD,"[""36"", ""37"", ""38"", ""39"", ""40"", ""41"", ""42"", ""43"", ""44"", ""45"", ""46"", ""47""]",https://kixlb.com/products/copy-air-jordan-low-1-blue-shoes,2026-04-10T15:12:23Z,True
kix:9666675016037,kix,,Nike,Nike SB dunk low beige/green shoes,,,90.0,,,False,in_stock,USD,"[""36"", ""37"", ""38"", ""39"", ""40"", ""41"", ""42"", ""43"", ""44"", ""45"", ""46"", ""47""]",https://kixlb.com/products/copy-air-jordan-low-1-black-shoes,2026-04-10T15:12:23Z,True
kix:9666674983269,kix,,Nike,Nike SB dunk low dark grey shoes,,,90.0,,,False,in_stock,USD,"[""36"", ""37"", ""38"", ""39"", ""40"", ""41"", ""42"", ""43"", ""44"", ""45"", ""46"", ""47""]",https://kixlb.com/products/copy-air-jordan-low-1-beige-green-shoes,2026-04-10T15:12:23Z,True
kix:9666674950501,kix,,Nike,Nike SB dunk low caramel shoes,,,90.0,,,False,in_stock,USD,"[""36"", ""37"", ""38"", ""39"", ""40"", ""41"", ""42"", ""43"", ""44"", ""45"", ""46"", ""47""]",https://kixlb.com/products/copy-air-jordan-low-1-dark-grey-shoes,2026-04-10T15:12:23Z,True
kix:9666674917733,kix,,Nike,Nike SB dunk low blue/yellow shoes,,,90.0,,,False,in_stock,USD,"[""36"", ""37"", ""38"", ""39"", ""40"", ""41"", ""42"", ""43"", ""44"", ""45"", ""46"", ""47""]",https://kixlb.com/products/copy-air-jordan-low-1-caramel-shoes,2026-04-10T15:12:23Z,True
kix:9666674884965,kix,,Nike,Nike SB dunk low purple shoes,,,90.0,,,False,in_stock,USD,"[""36"", ""37"", ""38"", ""39"", ""40"", ""41"", ""42"", ""43"", ""44"", ""45"", ""46"", ""47""]",https://kixlb.com/products/copy-air-jordan-low-1-blue-yellow-shoes,2026-04-10T15:12:23Z,True
kix:9666674852197,kix,,Nike,Nike SB dunk low camel shoes,,,90.0,,,False,in_stock,USD,"[""36"", ""37"", ""38"", ""39"", ""40"", ""41"", ""42"", ""43"", ""44"", ""45"", ""46"", ""47""]",https://kixlb.com/products/copy-air-jordan-low-1-purple-shoes,2026-04-10T15:12:23Z,True
kix:9666674819429,kix,,Nike,Nike SB dunk low smile shoes,,,90.0,,,False,in_stock,USD,"[""36"", ""37"", ""38"", ""39"", ""40"", ""41"", ""42"", ""43"", ""44"", ""45"", ""46"", ""47""]",https://kixlb.com/products/copy-air-jordan-low-1-camel-shoes,2026-04-10T15:12:23Z,True
kix:9666674786661,kix,,Nike,Nike SB dunk low grey shoes,,,90.0,,,False,in_stock,USD,"[""36"", ""37"", ""38"", ""39"", ""40"", ""41"", ""42"", ""43"", ""44"", ""45"", ""46"", ""47""]",https://kixlb.com/products/copy-air-jordan-low-1-smile-shoes,2026-04-10T15:12:23Z,True
kix:9666674753893,kix,,Nike,Nike SB dunk low rose shoes,,,90.0,,,False,in_stock,USD,"[""36"", ""37"", ""38"", ""39"", ""40"", ""41"", ""42"", ""43"", ""44"", ""45"", ""46"", ""47""]",https://kixlb.com/products/copy-nike-sb-dunk-low-grey-shoes-1,2026-04-10T15:12:23Z,True
kix:9666674721125,kix,,Nike,Nike SB dunk low double black shoes,,,90.0,,,False,in_stock,USD,"[""36"", ""37"", ""38"", ""39"", ""40"", ""41"", ""42"", ""43"", ""44"", ""45"", ""46"", ""47""]",https://kixlb.com/products/copy-nike-sb-dunk-low-rose-shoes,2026-04-10T15:12:23Z,True
kix:9666674688357,kix,,Nike,Nike SB dunk low yes i do shoes,,,90.0,,,False,in_stock,USD,"[""36"", ""37"", ""38"", ""39"", ""40"", ""41"", ""42"", ""43"", ""44"", ""45"", ""46"", ""47""]",https://kixlb.com/products/copy-nike-sb-dunk-low-double-black-shoes,2026-04-10T15:12:23Z,True
kix:9666674655589,kix,,Nike,Nike SB dunk low pro shoes,,,90.0,,,False,in_stock,USD,"[""36"", ""37"", ""38"", ""39"", ""40"", ""41"", ""42"", ""43"", ""44"", ""45"", ""46"", ""47""]",https://kixlb.com/products/copy-nike-sb-dunk-low-yes-i-do-shoes,2026-04-10T15:12:23Z,True
kix:9666674622821,kix,,Nike,Nike SB dunk low 85 shoes,,,90.0,,,False,in_stock,USD,"[""36"", ""37"", ""38"", ""39"", ""40"", ""41"", ""42"", ""43"", ""44"", ""45"", ""46"", ""47""]",https://kixlb.com/products/copy-nike-sb-dunk-low-pro-shoes,2026-04-10T15:12:23Z,True
kix:9666674590053,kix,,Nike,Nike SB Dunk Low Reese Forbes Denim,,,95.0,,,False,in_stock,USD,"[""36"", ""37"", ""38"", ""39"", ""40"", ""41"", ""42"", ""43"", ""44"", ""45""]",https://kixlb.com/products/nike-sb-dunk-low-reese-forbes-denim,2026-04-10T15:12:23Z,True
kix:9666674524517,kix,,Nike,Nike Dunk Low Mineral Teal,,,95.0,,,False,in_stock,USD,"[""36"", ""37"", ""38"", ""39"", ""40""]",https://kixlb.com/products/copy-nike-sb-dunk-low-reese-forbes-denim,2026-04-10T15:12:23Z,True
kix:9666674491749,kix,,Nike,NIKE DUNK SB LOW Dunk SB (White&Black),,,95.0,,,False,in_stock,USD,"[""36"", ""37"", ""38"", ""39"", ""40"", ""41"", ""42"", ""43"", ""44"", ""45""]",https://kixlb.com/products/copy-nike-sb-dunk-low-reese-forbes-denim-1,2026-04-10T15:12:23Z,True
kix:9666674458981,kix,,Nike,"NIKE DUNK LOW PRO SB ""Medicom 2""",,,95.0,,,False,in_stock,USD,"[""36"", ""37"", ""38"", ""39"", ""40"", ""41"", ""42"", ""43"", ""44"", ""45""]",https://kixlb.com/products/copy-nike-dunk-sb-low-dunk-sb-white-black,2026-04-10T15:12:23Z,True
kix:9666674426213,kix,,Nike,"NIKE DUNK LOW PRO SB ""CURRERA""",,,95.0,,,False,in_stock,USD,"[""36"", ""37"", ""38"", ""39"", ""40"", ""41"", ""42"", ""43"", ""44"", ""45""]",https://kixlb.com/products/copy-nike-dunk-low-pro-sb-medicom-2,2026-04-10T15:12:23Z,True
kix:9666674393445,kix,,Nike,"NIKE DUNK LOW PRO SB&LV ""BEIGE GREEN """,,,95.0,,,False,in_stock,USD,"[""35"", ""36"", ""37"", ""38"", ""39"", ""40"", ""41"", ""42"", ""43"", ""44"", ""45""]",https://kixlb.com/products/copy-nike-dunk-low-pro-sb-currera,2026-04-10T15:12:23Z,True
kix:9666674360677,kix,,Nike,"NIKE DUNK LOW PRO SB&LV ""BEIGE """,,,95.0,,,False,in_stock,USD,"[""35"", ""36"", ""37"", ""38"", ""39"", ""40"", ""41"", ""42"", ""43"", ""44"", ""45""]",https://kixlb.com/products/copy-nike-dunk-low-pro-sb-lv-beige-green,2026-04-10T15:12:23Z,True
kix:9666674327909,kix,,Nike,"NIKE DUNK LOW PRO SB&LV ""BEIGE & NAVY """,,,95.0,,,False,in_stock,USD,"[""35"", ""36"", ""37"", ""38"", ""39"", ""40"", ""41"", ""42"", ""43"", ""44"", ""45""]",https://kixlb.com/products/copy-nike-dunk-low-pro-sb-lv-beige,2026-04-10T15:12:23Z,True
kix:9666674295141,kix,,Nike,"NIKE DUNK LOW PRO SB & SUPREM ""Gray """,,,95.0,,,False,in_stock,USD,"[""35"", ""36"", ""37"", ""38"", ""39"", ""40"", ""41"", ""42"", ""43"", ""44"", ""45""]",https://kixlb.com/products/copy-copy-nike-dunk-low-pro-sb-lv-beige-navy,2026-04-10T15:12:23Z,True
kix:9666674262373,kix,,Nike,"NIKE DUNK LOW PRO SB & SUPREM ""BEIGE """,,,95.0,,,False,in_stock,USD,"[""35"", ""36"", ""37"", ""38"", ""39"", ""40"", ""41"", ""42"", ""43"", ""44"", ""45""]",https://kixlb.com/products/copy-nike-dunk-low-pro-sb-suprem-gray,2026-04-10T15:12:23Z,True
kix:9666674229605,kix,,Nike,"NIKE DUNK LOW RETRO SB ""White&Blue """,,,95.0,,,False,in_stock,USD,"[""36"", ""37"", ""38"", ""39"", ""40"", ""41"", ""42"", ""43"", ""44"", ""45""]",https://kixlb.com/products/copy-nike-dunk-low-pro-sb-suprem-beige,2026-04-10T15:12:23Z,True
kix:9666674196837,kix,,Nike,"NIKE DUNK LOW RETRO SB "" Banda land """,,,95.0,,,False,in_stock,USD,"[""36"", ""37"", ""38"", ""39"", ""40"", ""41"", ""42"", ""43"", ""44"", ""45""]",https://kixlb.com/products/copy-nike-dunk-low-retro-sb-white-blue,2026-04-10T15:12:23Z,True
kix:9666674164069,kix,,Nike,"NIKE DUNK LOW RETRO SB "" Black White """,,,95.0,,,False,in_stock,USD,"[""36"", ""37"", ""38"", ""39"", ""40"", ""41"", ""42"", ""43"", ""44"", ""45""]",https://kixlb.com/products/copy-nike-dunk-low-retro-sb-banda-land,2026-04-10T15:12:23Z,True
kix:9666674131301,kix,,Nike,"NIKE DUNK LOW RETRO SB & LV "" White Gray """,,,95.0,,,False,in_stock,USD,"[""36"", ""37"", ""38"", ""39"", ""40"", ""41"", ""42"", ""43"", ""44"", ""45""]",https://kixlb.com/products/copy-nike-dunk-low-retro-sb-black-white,2026-04-10T15:12:23Z,True
kix:9666674098533,kix,,Nike,"NIKE DUNK LOW RETRO SB ""Chinese DRAGON""",,,95.0,,,False,in_stock,USD,"[""36"", ""37"", ""38"", ""39"", ""40"", ""41"", ""42"", ""43"", ""44"", ""45"", ""46""]",https://kixlb.com/products/copy-nike-dunk-low-retro-sb-lv-white-gray,2026-04-10T15:12:23Z,True
kix:9666674065765,kix,,Nike,"NIKE DUNK LOW RETRO SB ""Summerville""",,,95.0,,,False,in_stock,USD,"[""36"", ""37"", ""38"", ""39"", ""40"", ""41"", ""42"", ""43"", ""44"", ""45""]",https://kixlb.com/products/copy-nike-dunk-low-retro-sb-chinese-dragon,2026-04-10T15:12:23Z,True
kix:9666674032997,kix,,Nike,"NIKE DUNK LOW RETRO SB & SUPREM ""BLACK """,,,95.0,,,False,in_stock,USD,"[""36"", ""37"", ""38"", ""39"", ""40"", ""41"", ""42"", ""43"", ""44"", ""45""]",https://kixlb.com/products/copy-nike-dunk-low-retro-sb-summerville,2026-04-10T15:12:23Z,True
kix:9666674000229,kix,,Nike,"NIKE DUNK LOW RETRO SB ""GRAY """,,,95.0,,,False,in_stock,USD,"[""36"", ""37"", ""38"", ""39"", ""40"", ""41"", ""42"", ""43"", ""44"", ""45""]",https://kixlb.com/products/copy-nike-dunk-low-retro-sb-suprem-black,2026-04-10T15:12:23Z,True
kix:9666673967461,kix,,Nike,"NIKE DUNK LOW RETRO SB ""Green """,,,95.0,,,False,in_stock,USD,"[""36"", ""37"", ""38"", ""39"", ""40"", ""41"", ""42"", ""43"", ""44"", ""45""]",https://kixlb.com/products/copy-nike-dunk-low-retro-sb-gray,2026-04-10T15:12:23Z,True
kix:9666673934693,kix,,Nike,"NIKE DUNK LOW RETRO SB & LV ""Navy """,,,95.0,,,False,in_stock,USD,"[""36"", ""37"", ""38"", ""39"", ""40"", ""41"", ""42"", ""43"", ""44"", ""45""]",https://kixlb.com/products/copy-nike-dunk-low-retro-sb-green,2026-04-10T15:12:23Z,True
kix:9666673901925,kix,,Nike,"NIKE DUNK LOW RETRO SB & Banda aprank ""Beige white """,,,95.0,,,False,in_stock,USD,"[""36"", ""37"", ""38"", ""39"", ""40"", ""41"", ""42"", ""43"", ""44"", ""45""]",https://kixlb.com/products/copy-nike-dunk-low-retro-sb-lv-navy,2026-04-10T15:12:23Z,True
kix:9666673869157,kix,,Nike,"NIKE DUNK LOW RETRO SB & LV ""RED """,,,95.0,,,False,in_stock,USD,"[""36"", ""37"", ""38"", ""39"", ""40"", ""41"", ""42"", ""43"", ""44"", ""45""]",https://kixlb.com/products/copy-nike-dunk-low-retro-sb-banda-aprank-beige-white,2026-04-10T15:12:23Z,True
kix:9666673836389,kix,,Nike,"NIKE DUNK LOW RETRO SB ""ENTE THE WA-TANG""",,,95.0,,,False,in_stock,USD,"[""36"", ""37"", ""38"", ""39"", ""40"", ""41"", ""42"", ""43"", ""44"", ""45""]",https://kixlb.com/products/copy-nike-dunk-low-retro-sb-lv-red,2026-04-10T15:12:23Z,True
kix:9666673803621,kix,,Nike,"NIKE DUNK LOW RETRO SB ""Blue beige """,,,95.0,,,False,in_stock,USD,"[""36"", ""37"", ""38"", ""39"", ""40"", ""41"", ""42"", ""43"", ""44"", ""45""]",https://kixlb.com/products/copy-nike-dunk-low-retro-sb-ente-the-wa-tang,2026-04-10T15:12:23Z,True
kix:9666673770853,kix,,Nike,"NIKE DUNK LOW RETRO SB ""beige """,,,95.0,,,False,in_stock,USD,"[""36"", ""37"", ""38"", ""39"", ""40"", ""41"", ""42"", ""43"", ""44"", ""45""]",https://kixlb.com/products/copy-nike-dunk-low-retro-sb-blue-beige,2026-04-10T15:12:23Z,True
kix:9666673738085,kix,,Nike,"NIKE DUNK LOW RETRO SB ""Blue Gray galaxy """,,,95.0,,,False,in_stock,USD,"[""36"", ""37"", ""38"", ""39"", ""40"", ""41"", ""42"", ""43"", ""44"", ""45""]",https://kixlb.com/products/copy-nike-dunk-low-retro-sb-beige,2026-04-10T15:12:23Z,True
kix:9666673705317,kix,,Nike,"NIKE DUNK LOW RETRO SB & LV "" Beige orange """,,,95.0,,,False,in_stock,USD,"[""36"", ""37"", ""38"", ""39"", ""40"", ""41"", ""42"", ""43"", ""44"", ""45""]",https://kixlb.com/products/copy-nike-dunk-low-retro-sb-blue-gray-galaxy,2026-04-10T15:12:23Z,True
kix:9666673672549,kix,,Nike,"NIKE DUNK LOW RETRO SB "" Gray Red """,,,95.0,,,False,in_stock,USD,"[""36"", ""37"", ""38"", ""39"", ""40"", ""41"", ""42"", ""43"", ""44"", ""45""]",https://kixlb.com/products/copy-nike-dunk-low-retro-sb-lv-beige-orange,2026-04-10T15:12:23Z,True
kix:9666673639781,kix,,Nike,"NIKE DUNK LOW RETRO SB "" Blue """,,,95.0,,,False,in_stock,USD,"[""36"", ""37"", ""38"", ""39"", ""40"", ""41"", ""42"", ""43"", ""44"", ""45""]",https://kixlb.com/products/copy-nike-dunk-low-retro-sb-gray-red,2026-04-10T15:12:23Z,True
kix:9666673607013,kix,,Nike,"NIKE DUNK LOW RETRO SB "" Pink gray """,,,95.0,,,False,in_stock,USD,"[""36"", ""37"", ""38"", ""39"", ""40"", ""41"", ""42"", ""43"", ""44"", ""45""]",https://kixlb.com/products/copy-nike-dunk-low-retro-sb-blue,2026-04-10T15:12:23Z,True
kix:9666673574245,kix,,Nike,"NIKE DUNK LOW RETRO SB "" Block white scorpion """,,,95.0,,,False,in_stock,USD,"[""36"", ""37"", ""38"", ""39"", ""40"", ""41"", ""42"", ""43"", ""44"", ""45""]",https://kixlb.com/products/copy-nike-dunk-low-retro-sb-pink-gray,2026-04-10T15:12:23Z,True
kix:9666673541477,kix,,Nike,"NIKE DUNK LOW RETRO SB "" Purple yellow """,,,95.0,,,False,in_stock,USD,"[""36"", ""37"", ""38"", ""39"", ""40"", ""41"", ""42"", ""43"", ""44"", ""45""]",https://kixlb.com/products/copy-nike-dunk-low-retro-sb-block-white-scorpion,2026-04-10T15:12:23Z,True
kix:9666673508709,kix,,Nike,"NIKE DUNK LOW RETRO SB "" Full black """,,,95.0,,,False,in_stock,USD,"[""36"", ""37"", ""38"", ""39"", ""40"", ""41"", ""42"", ""43"", ""44"", ""45""]",https://kixlb.com/products/copy-nike-dunk-low-retro-sb-purple-yellow,2026-04-10T15:12:23Z,True
kix:9666673475941,kix,,Nike,"NIKE DUNK LOW RETRO SB "" Navy """,,,95.0,,,False,in_stock,USD,"[""36"", ""37"", ""38"", ""39"", ""40"", ""41"", ""42"", ""43"", ""44"", ""45""]",https://kixlb.com/products/copy-nike-dunk-low-retro-sb-full-black,2026-04-10T15:12:23Z,True
kix:9666673443173,kix,,Nike,"NIKE DUNK LOW RETRO SB "" Dark green""",,,95.0,,,False,in_stock,USD,"[""36"", ""37"", ""38"", ""39"", ""40"", ""41"", ""42"", ""43"", ""44"", ""45""]",https://kixlb.com/products/copy-nike-dunk-low-retro-sb-navy,2026-04-10T15:12:23Z,True
kix:9666673410405,kix,,Nike,"NIKE DUNK LOW RETRO SB "" Colorful day""",,,95.0,,,False,in_stock,USD,"[""36"", ""37"", ""38"", ""39"", ""40"", ""41"", ""42"", ""43"", ""44"", ""45""]",https://kixlb.com/products/copy-nike-dunk-low-retro-sb-dark-green,2026-04-10T15:12:23Z,True
kix:9666673377637,kix,,Nike,"NIKE DUNK LOW RETRO SB "" Beige black""",,,95.0,,,False,in_stock,USD,"[""36"", ""37"", ""38"", ""39"", ""40"", ""41"", ""42"", ""43"", ""44"", ""45""]",https://kixlb.com/products/copy-nike-dunk-low-retro-sb-colorful-day,2026-04-10T15:12:23Z,True
kix:9666673344869,kix,,Nike,"NIKE DUNK LOW RETRO SB "" Primo cars""",,,95.0,,,False,in_stock,USD,"[""36"", ""37"", ""38"", ""39"", ""40"", ""41"", ""42"", ""43"", ""44"", ""45""]",https://kixlb.com/products/copy-nike-dunk-low-retro-sb-beige-black,2026-04-10T15:12:23Z,True
kix:9666673312101,kix,,Nike,"NIKE DUNK LOW RETRO SB "" Beige navy blue""",,,95.0,,,False,in_stock,USD,"[""36"", ""37"", ""38"", ""39"", ""40"", ""41"", ""42"", ""43"", ""44"", ""45""]",https://kixlb.com/products/copy-nike-dunk-low-retro-sb-primo-cars,2026-04-10T15:12:23Z,True
kix:9666673279333,kix,,Nike,"NIKE DUNK LOW RETRO SB "" Gray brown""",,,95.0,,,False,in_stock,USD,"[""36"", ""37"", ""38"", ""39"", ""40"", ""41"", ""42"", ""43"", ""44"", ""45""]",https://kixlb.com/products/copy-nike-dunk-low-retro-sb-beige-navy-blue,2026-04-10T15:12:23Z,True
kix:9666673246565,kix,,Nike,"NIKE DUNK LOW RETRO SB "" wood""",,,95.0,,,False,in_stock,USD,"[""36"", ""37"", ""38"", ""39"", ""40"", ""41"", ""42"", ""43"", ""44"", ""45""]",https://kixlb.com/products/copy-nike-dunk-low-retro-sb-gray-brown,2026-04-10T15:12:23Z,True
kix:9666673213797,kix,,Nike,"NIKE DUNK LOW RETRO SB "" Brown red beige""",,,95.0,,,False,in_stock,USD,"[""36"", ""37"", ""38"", ""39"", ""40"", ""41"", ""42"", ""43"", ""44"", ""45""]",https://kixlb.com/products/copy-nike-dunk-low-retro-sb-wood,2026-04-10T15:12:23Z,True
kix:9666673181029,kix,,Nike,"NIKE DUNK LOW RETRO SB & DIOR "" White blue""",,,95.0,,,False,in_stock,USD,"[""36"", ""37"", ""38"", ""39"", ""40"", ""41"", ""42"", ""43"", ""44"", ""45""]",https://kixlb.com/products/copy-nike-dunk-low-retro-sb-brown-red-beige,2026-04-10T15:12:23Z,True
kix:9666673148261,kix,,Nike,"NIKE DUNK LOW RETRO SB & LV "" Beige gold""",,,95.0,,,False,in_stock,USD,"[""36"", ""37"", ""38"", ""39"", ""40"", ""41"", ""42"", ""43"", ""44"", ""45""]",https://kixlb.com/products/copy-nike-dunk-low-retro-sb-dior-white-blue,2026-04-10T15:12:23Z,True
kix:9666673115493,kix,,Nike,"NIKE DUNK LOW RETRO SB "" Black white""",,,95.0,,,False,in_stock,USD,"[""36"", ""37"", ""38"", ""39"", ""40"", ""41"", ""42"", ""43"", ""44"", ""45""]",https://kixlb.com/products/copy-nike-dunk-low-retro-sb-lv-beige-gold,2026-04-10T15:12:23Z,True
kix:9666673082725,kix,,Nike,"NIKE DUNK LOW RETRO SB & SUPREM "" Beige""",,,95.0,,,False,in_stock,USD,"[""36"", ""37"", ""38"", ""39"", ""40"", ""41"", ""42"", ""43"", ""44"", ""45""]",https://kixlb.com/products/copy-nike-dunk-low-retro-sb-black-white-1,2026-04-10T15:12:23Z,True
kix:9666673049957,kix,,Nike,"NIKE DUNK LOW RETRO SB "" Mint green""",,,95.0,,,False,in_stock,USD,"[""36"", ""37"", ""38"", ""39"", ""40"", ""41"", ""42"", ""43"", ""44"", ""45""]",https://kixlb.com/products/copy-nike-dunk-low-retro-sb-suprem-beige,2026-04-10T15:12:23Z,True
kix:9666673017189,kix,,Nike,Futura Laboratories x Nike SB Dunk Low,,,95.0,,,False,in_stock,USD,"[""36"", ""37"", ""38"", ""39"", ""40"", ""41"", ""42"", ""43"", ""44"", ""45""]",https://kixlb.com/products/copy-nike-dunk-low-retro-sb-mint-green,2026-04-10T15:12:23Z,True
kix:9666672984421,kix,,Dunknation.lb,Otomo Katsuhiro x NK SB Dunk Low “Steamboy OST”,,,95.0,,,False,in_stock,USD,"[""36"", ""37"", ""38"", ""39"", ""40"", ""41"", ""42"", ""43"", ""44"", ""45""]",https://kixlb.com/products/copy-futura-laboratories-x-nike-sb-dunk-low,2026-04-10T15:12:23Z,True
kix:9666672951653,kix,,Nike,"Nike SB Dunk Low ""Green""",,,95.0,,,False,in_stock,USD,"[""39"", ""40"", ""41"", ""42"", ""43"", ""44"", ""45""]",https://kixlb.com/products/copy-otomo-katsuhiro-x-nk-sb-dunk-low-steamboy-ost,2026-04-10T15:12:23Z,True
kix:9666672918885,kix,,Nike,"Nike SB Dunk Low "" Brown yellow blue """,,,95.0,,,False,in_stock,USD,"[""39"", ""40"", ""41"", ""42"", ""43"", ""44"", ""45""]",https://kixlb.com/products/copy-nike-sb-dunk-low-green,2026-04-10T15:12:23Z,True
kix:9666672886117,kix,,Nike,"NIKE DUNK SB LOW "" The block Pink""",,,95.0,,,False,in_stock,USD,"[""36"", ""37"", ""38"", ""39"", ""40"", ""41""]",https://kixlb.com/products/copy-otomo-katsuhiro-x-nk-sb-dunk-low-steamboy-ost-1,2026-04-10T15:12:23Z,True
kix:9666672853349,kix,,Nike,"NIKE DUNK SB LOW "" Double purple""",,,95.0,,,False,in_stock,USD,"[""36"", ""37"", ""38"", ""39"", ""40"", ""41""]",https://kixlb.com/products/copy-nike-dunk-sb-low-the-block-pink,2026-04-10T15:12:23Z,True
kix:9666672820581,kix,,Nike,"NIKE DUNK SB LOW "" Beige purple""",,,95.0,,,False,in_stock,USD,"[""36"", ""37"", ""38"", ""39"", ""40"", ""41""]",https://kixlb.com/products/copy-nike-dunk-sb-low-double-purple,2026-04-10T15:12:23Z,True
kix:9666672787813,kix,,Nike,"NIKE DUNK SB LOW "" Black purple""",,,95.0,,,False,in_stock,USD,"[""36"", ""37"", ""38"", ""39"", ""40"", ""41""]",https://kixlb.com/products/copy-nike-dunk-sb-low-beige-purple,2026-04-10T15:12:23Z,True
kix:9666672755045,kix,,Nike,"NIKE DUNK SB LOW "" Beige Blue """,,,95.0,,,False,in_stock,USD,"[""36"", ""37"", ""38"", ""39"", ""40"", ""41""]",https://kixlb.com/products/copy-nike-dunk-sb-low-black-purple,2026-04-10T15:12:23Z,True
kix:9666672722277,kix,,Nike,"NIKE DUNK SB LOW "" Blue """,,,95.0,,,False,in_stock,USD,"[""36"", ""37"", ""38"", ""39"", ""40"", ""41"", ""42""]",https://kixlb.com/products/copy-nike-dunk-sb-low-beige-blue,2026-04-10T15:12:23Z,True
kix:9666672689509,kix,,Nike,"NIKE DUNK SB LOW "" Pink """,,,95.0,,,False,in_stock,USD,"[""36"", ""37"", ""38"", ""39"", ""40"", ""41"", ""42""]",https://kixlb.com/products/copy-nike-dunk-sb-low-blue,2026-04-10T15:12:23Z,True
kix:9666672656741,kix,,Nike,"NIKE DUNK SB LOW "" Pink black """,,,95.0,,,False,in_stock,USD,"[""36"", ""37"", ""38"", ""39"", ""40""]",https://kixlb.com/products/copy-nike-dunk-sb-low-pink,2026-04-10T15:12:23Z,True
kix:9666672623973,kix,,Nike,"NIKE DUNK SB LOW ""beige """,,,95.0,,,False,in_stock,USD,"[""36"", ""37"", ""38"", ""39"", ""40""]",https://kixlb.com/products/copy-nike-dunk-sb-low-pink-black,2026-04-10T15:12:23Z,True
kix:9666672591205,kix,,Nike,"NIKE DUNK SB LOW ""light blue pink """,,,95.0,,,False,in_stock,USD,"[""36"", ""37"", ""38"", ""39"", ""40""]",https://kixlb.com/products/copy-nike-dunk-sb-low-beige,2026-04-10T15:12:23Z,True
kix:9666672558437,kix,,Nike,"NIKE DUNK SB LOW ""beige """,,,95.0,,,False,in_stock,USD,"[""36"", ""37"", ""38"", ""39"", ""40""]",https://kixlb.com/products/copy-nike-dunk-sb-low-light-blue-pink,2026-04-10T15:12:23Z,True
kix:9666672525669,kix,,Nike,"NIKE DUNK SB LOW ""burry """,,,95.0,,,False,in_stock,USD,"[""36"", ""37"", ""38"", ""39""]",https://kixlb.com/products/copy-nike-dunk-sb-low-beige-1,2026-04-10T15:12:23Z,True
kix:9666672492901,kix,,Nike,Strange Love x NIKE DUNK LOW RETRO SB,,,95.0,,,False,in_stock,USD,"[""36"", ""37"", ""38"", ""39"", ""40"", ""41"", ""42"", ""43"", ""44"", ""45""]",https://kixlb.com/products/copy-nike-dunk-low-retro-sb-black-white-2,2026-04-10T15:12:23Z,True
kix:9666672460133,kix,,Nike,"NIKE DUNK SB LOW ""Beige wine""",,,95.0,,,False,in_stock,USD,"[""36"", ""37"", ""38"", ""39"", ""40"", ""41"", ""42"", ""43"", ""44"", ""45""]",https://kixlb.com/products/copy-strange-love-x-nike-dunk-low-retro-sb,2026-04-10T15:12:23Z,True
kix:9666672427365,kix,,Nike,"NIKE DUNK SB LOW ""Gold Gray """,,,95.0,,,False,in_stock,USD,"[""36"", ""37"", ""38"", ""39"", ""40"", ""41"", ""42"", ""43"", ""44"", ""45""]",https://kixlb.com/products/copy-nike-dunk-sb-low-beige-wine,2026-04-10T15:12:23Z,True
kix:9666672394597,kix,,Nike,Nike SB Dunk Low Travis Scott,,,95.0,,,False,in_stock,USD,"[""36"", ""37"", ""38"", ""39"", ""40"", ""41"", ""42"", ""43"", ""44"", ""45""]",https://kixlb.com/products/copy-nike-dunk-sb-low-gold-gray,2026-04-10T15:12:23Z,True
kix:9666672361829,kix,,Nike,"Nike SB Dunk Low ""Gray""",,,95.0,,,False,in_stock,USD,"[""36"", ""37"", ""38"", ""39"", ""40"", ""41"", ""42"", ""43"", ""44"", ""45"", ""46"", ""47.5""]",https://kixlb.com/products/copy-nike-sb-dunk-low-travis-scott,2026-04-10T15:12:23Z,True
kix:9666672329061,kix,,Nike,"Nike SB Dunk Low ""Beige""",,,95.0,,,False,in_stock,USD,"[""36"", ""37"", ""38"", ""39"", ""40"", ""41"", ""42"", ""43"", ""44"", ""45"", ""46"", ""47.5""]",https://kixlb.com/products/copy-nike-sb-dunk-low-gray,2026-04-10T15:12:23Z,True
kix:9666672296293,kix,,Nike,"Nike SB Dunk Low ""Beige Orange""",,,95.0,,,False,in_stock,USD,"[""36"", ""37"", ""38"", ""39"", ""40"", ""41"", ""42"", ""43"", ""44"", ""45"", ""46"", ""47.5""]",https://kixlb.com/products/copy-copy-nike-sb-dunk-low-beige,2026-04-10T15:12:23Z,True
kix:9666672263525,kix,,Nike,"Nike SB Dunk Low ""white black""",,,95.0,,,False,in_stock,USD,"[""36"", ""37"", ""38"", ""39"", ""40"", ""41"", ""42"", ""43"", ""44"", ""45"", ""46"", ""47.5""]",https://kixlb.com/products/copy-nike-sb-dunk-low-beige-orange,2026-04-10T15:12:23Z,True
kix:9666672230757,kix,,Nike,"Nike SB Dunk Low ""beige gold""",,,95.0,,,False,in_stock,USD,"[""36"", ""37"", ""38"", ""39"", ""40"", ""41"", ""42"", ""43"", ""44"", ""45"", ""46"", ""47.5""]",https://kixlb.com/products/copy-nike-sb-dunk-low-white-black,2026-04-10T15:12:23Z,True
kix:9666672197989,kix,,Nike,"Nike SB Dunk Low ""White gold""",,,95.0,,,False,in_stock,USD,"[""36"", ""37"", ""38"", ""39"", ""40"", ""41"", ""42"", ""43"", ""44"", ""45"", ""46"", ""47.5""]",https://kixlb.com/products/copy-nike-sb-dunk-low-beige-gold,2026-04-10T15:12:23Z,True
kix:9666672165221,kix,,Nike,"Nike SB Dunk Low ""Green Orange""",,,95.0,,,False,in_stock,USD,"[""36"", ""37"", ""38"", ""39"", ""40"", ""41"", ""42"", ""43"", ""44"", ""45"", ""46"", ""47.5""]",https://kixlb.com/products/copy-nike-sb-dunk-low-white-gold,2026-04-10T15:12:23Z,True
kix:9666672132453,kix,,Nike,"Nike SB Dunk Low ""Black """,,,95.0,,,False,in_stock,USD,"[""36"", ""37"", ""38"", ""39"", ""40"", ""41"", ""42"", ""43"", ""44"", ""45"", ""46"", ""47.5""]",https://kixlb.com/products/copy-nike-sb-dunk-low-green-orange,2026-04-10T15:12:23Z,True
kix:9666672099685,kix,,Nike,"Nike SB Dunk Low ""Red wine """,,,95.0,,,False,in_stock,USD,"[""36"", ""37"", ""38"", ""39"", ""40"", ""41"", ""42"", ""43"", ""44"", ""45"", ""46"", ""47.5""]",https://kixlb.com/products/copy-nike-sb-dunk-low-black,2026-04-10T15:12:23Z,True
kix:9666672034149,kix,,Nike,"Nike SB Dunk Low ""Orange green """,,,95.0,,,False,in_stock,USD,"[""36"", ""37"", ""38"", ""39"", ""40"", ""41"", ""42"", ""43"", ""44"", ""45"", ""46"", ""47.5""]",https://kixlb.com/products/copy-nike-sb-dunk-low-red-wine,2026-04-10T15:12:23Z,True
kix:9666672001381,kix,,Nike,"Nike SB Dunk Low "" green red """,,,95.0,,,False,in_stock,USD,"[""36"", ""37"", ""38"", ""39"", ""40"", ""41"", ""42"", ""43"", ""44"", ""45"", ""46"", ""47.5""]",https://kixlb.com/products/copy-nike-sb-dunk-low-orange-green,2026-04-10T15:12:23Z,True
kix:9666671968613,kix,,Nike,"Nike SB Dunk Low ""Olive green """,,,95.0,,,False,in_stock,USD,"[""36"", ""37"", ""38"", ""39"", ""40"", ""41"", ""42"", ""43"", ""44"", ""45"", ""46"", ""47.5""]",https://kixlb.com/products/copy-nike-sb-dunk-low-green-red,2026-04-10T15:12:23Z,True
kix:9666671935845,kix,,Nike,"Nike SB Dunk Low ""Blue Yellow """,,,95.0,,,False,in_stock,USD,"[""36"", ""37"", ""38"", ""39"", ""40"", ""41"", ""42"", ""43"", ""44"", ""45"", ""46"", ""47.5""]",https://kixlb.com/products/copy-nike-sb-dunk-low-olive-green,2026-04-10T15:12:23Z,True
kix:9666671903077,kix,,Nike,"Nike SB Dunk Low ""Green no.1""",,,95.0,,,False,in_stock,USD,"[""36"", ""37"", ""38"", ""39"", ""40"", ""41"", ""42"", ""43"", ""44"", ""45""]",https://kixlb.com/products/copy-nike-sb-dunk-low-blue-yellow,2026-04-10T15:12:23Z,True
kix:9666671870309,kix,,Nike,"Nike SB Dunk Low ""black""",,,95.0,,,False,in_stock,USD,"[""36"", ""37"", ""38"", ""39"", ""40"", ""41"", ""42"", ""43"", ""44"", ""45""]",https://kixlb.com/products/copy-nike-sb-dunk-low-green-no-1,2026-04-10T15:12:23Z,True
kix:9666671837541,kix,,Nike,"Nike SB Dunk Low ""Ice blue""",,,95.0,,,False,in_stock,USD,"[""36"", ""37"", ""38"", ""39"", ""40"", ""41"", ""42"", ""43"", ""44"", ""45""]",https://kixlb.com/products/copy-nike-sb-dunk-low-black-1,2026-04-10T15:12:23Z,True
kix:9666671804773,kix,,Nike,"Nike SB Dunk Low ""beige""",,,95.0,,,False,in_stock,USD,"[""36"", ""37"", ""38"", ""39"", ""40"", ""41"", ""42"", ""43"", ""44"", ""45""]",https://kixlb.com/products/copy-nike-sb-dunk-low-ice-blue,2026-04-10T15:12:23Z,True
kix:9666671772005,kix,,Nike,"Nike SB Dunk Low ""brown""",,,95.0,,,False,in_stock,USD,"[""36"", ""37"", ""38"", ""39"", ""40"", ""41"", ""42"", ""43"", ""44"", ""45""]",https://kixlb.com/products/copy-nike-sb-dunk-low-beige,2026-04-10T15:12:23Z,True
kix:9666671739237,kix,,Nike,"Nike SB Dunk Low ""black """,,,95.0,,,False,in_stock,USD,"[""36"", ""37"", ""38"", ""39"", ""40"", ""41"", ""42"", ""43"", ""44"", ""45"", ""46"", ""47.5""]",https://kixlb.com/products/copy-nike-sb-dunk-low-olive-green-1,2026-04-10T15:12:23Z,True
kix:9666671706469,kix,,Nike,"Nike SB Dunk Low ""Double lace Gray """,,,95.0,,,False,in_stock,USD,"[""36"", ""37"", ""38"", ""39"", ""40"", ""41"", ""42"", ""43"", ""44"", ""45"", ""46"", ""47.5""]",https://kixlb.com/products/copy-nike-sb-dunk-low-black-2,2026-04-10T15:12:23Z,True
kix:9666671673701,kix,,Nike,"Nike SB Dunk Low ""New Blue """,,,95.0,,,False,in_stock,USD,"[""36"", ""37"", ""38"", ""39"", ""40"", ""41"", ""42"", ""43"", ""44"", ""45"", ""46"", ""47.5""]",https://kixlb.com/products/copy-nike-sb-dunk-low-double-lace-gray,2026-04-10T15:12:23Z,True
kix:9666671640933,kix,,Nike,"Nike SB Dunk Low ""Black Blue """,,,95.0,,,False,in_stock,USD,"[""36"", ""37"", ""38"", ""39"", ""40"", ""41"", ""42"", ""43"", ""44"", ""45"", ""46"", ""47.5""]",https://kixlb.com/products/copy-nike-sb-dunk-low-new-blue,2026-04-10T15:12:23Z,True
kix:9666671608165,kix,,Adidas,Adidas superstar dragon,,,86.0,,,False,in_stock,USD,"[""36"", ""36.5"", ""37.5"", ""38"", ""38.5"", ""39"", ""40"", ""40.5"", ""41"", ""42"", ""42.5"", ""43"", ""44"", ""44.5"", ""45""]",https://kixlb.com/products/adidas-superstar-black-and-green-copy,2026-04-10T15:12:23Z,True
kix:9666671575397,kix,,Nike,"Nike SB Dunk Low ""colorfull Black""",,,95.0,,,False,in_stock,USD,"[""36"", ""37"", ""38"", ""39"", ""40"", ""41"", ""42"", ""43"", ""44"", ""45"", ""46"", ""47.5""]",https://kixlb.com/products/copy-nike-sb-dunk-low-black-blue,2026-04-10T15:12:23Z,True
kix:9666671542629,kix,,Nike,"Nike SB Dunk Low ""Double lace light purple """,,,95.0,,,False,in_stock,USD,"[""36"", ""37"", ""38"", ""39"", ""40"", ""41"", ""42"", ""43"", ""44"", ""45"", ""46"", ""47.5""]",https://kixlb.com/products/copy-nike-sb-dunk-low-colorfull-black,2026-04-10T15:12:23Z,True
kix:9666671509861,kix,,Nike,"Nike SB Dunk Low ""purple """,,,95.0,,,False,in_stock,USD,"[""36"", ""37"", ""38"", ""39"", ""40"", ""41"", ""42"", ""43"", ""44"", ""45"", ""46"", ""47.5""]",https://kixlb.com/products/copy-nike-sb-dunk-low-double-lace-light-purple,2026-04-10T15:12:23Z,True
kix:9666671477093,kix,,Nike,"Nike SB Dunk Low ""Blue """,,,95.0,,,False,in_stock,USD,"[""36"", ""37"", ""38"", ""39"", ""40"", ""41"", ""42"", ""43"", ""44"", ""45"", ""46"", ""47.5""]",https://kixlb.com/products/copy-nike-sb-dunk-low-purple,2026-04-10T15:12:23Z,True
kix:9666671444325,kix,,Nike,"Nike SB Dunk Low ""Blue green red """,,,95.0,,,False,in_stock,USD,"[""36"", ""37"", ""38"", ""39"", ""40"", ""41"", ""42"", ""43"", ""44"", ""45"", ""46"", ""47.5""]",https://kixlb.com/products/copy-nike-sb-dunk-low-blue,2026-04-10T15:12:23Z,True
kix:9666671411557,kix,,Nike,"Nike SB Dunk Low "" green """,,,95.0,,,False,in_stock,USD,"[""36"", ""37"", ""38"", ""39"", ""40"", ""41"", ""42"", ""43"", ""44"", ""45"", ""46"", ""47.5""]",https://kixlb.com/products/copy-nike-sb-dunk-low-blue-green-red,2026-04-10T15:12:23Z,True
kix:9666671378789,kix,,Nike,"Nike SB Dunk Low ""techno Black """,,,95.0,,,False,in_stock,USD,"[""36"", ""37"", ""38"", ""39"", ""40"", ""41"", ""42"", ""43"", ""44"", ""45"", ""46"", ""47.5""]",https://kixlb.com/products/copy-nike-sb-dunk-low-green-1,2026-04-10T15:12:23Z,True
kix:9666671346021,kix,,Nike,"Nike SB Dunk Low ""techno Navy """,,,95.0,,,False,in_stock,USD,"[""36"", ""37"", ""38"", ""39"", ""40"", ""41"", ""42"", ""43"", ""44"", ""45"", ""46"", ""47.5""]",https://kixlb.com/products/copy-nike-sb-dunk-low-techno-black,2026-04-10T15:12:23Z,True
kix:9666671313253,kix,,Nike,"Nike SB Dunk Low ""Nuton""",,,95.0,,,False,in_stock,USD,"[""36"", ""37"", ""38"", ""39"", ""40"", ""41"", ""42"", ""43"", ""44"", ""45"", ""46"", ""47.5""]",https://kixlb.com/products/copy-nike-sb-dunk-low-techno-navy,2026-04-10T15:12:23Z,True
kix:9666671280485,kix,,Nike,"Nike SB Dunk Low ""White""",,,95.0,,,False,in_stock,USD,"[""36"", ""37"", ""38"", ""39"", ""40"", ""41"", ""42"", ""43"", ""44"", ""45""]",https://kixlb.com/products/copy-nike-sb-dunk-low-beige-1,2026-04-10T15:12:23Z,True
kix:9666671247717,kix,,Nike,"Nike SB Dunk Low ""Dark Green""",,,95.0,,,False,in_stock,USD,"[""36"", ""37"", ""38"", ""39"", ""40"", ""41"", ""42"", ""43"", ""44"", ""45""]",https://kixlb.com/products/copy-nike-sb-dunk-low-white,2026-04-10T15:12:23Z,True
kix:9666671214949,kix,,Nike,"Nike SB Dunk Low "" Green Blue""",,,95.0,,,False,in_stock,USD,"[""36"", ""37"", ""38"", ""39"", ""40"", ""41"", ""42"", ""43"", ""44"", ""45""]",https://kixlb.com/products/copy-nike-sb-dunk-low-dark-green,2026-04-10T15:12:23Z,True
kix:9666671182181,kix,,Nike,"Nike SB Dunk Low ""Double Gray """,,,95.0,,,False,in_stock,USD,"[""36"", ""37"", ""38"", ""39"", ""40"", ""41"", ""42"", ""43"", ""44"", ""45""]",https://kixlb.com/products/copy-nike-sb-dunk-low-green-blue,2026-04-10T15:12:23Z,True
kix:9666671149413,kix,,Nike,"Nike SB Dunk Low ""Navy red gray """,,,95.0,,,False,in_stock,USD,"[""36"", ""37"", ""38"", ""39"", ""40"", ""41"", ""42"", ""43"", ""44"", ""45""]",https://kixlb.com/products/copy-nike-sb-dunk-low-double-gray,2026-04-10T15:12:23Z,True
kix:9666671116645,kix,,Nike,"Nike SB Dunk Low ""Triple Green """,,,95.0,,,False,in_stock,USD,"[""36"", ""37"", ""38"", ""39"", ""40"", ""41"", ""42"", ""43"", ""44"", ""45""]",https://kixlb.com/products/copy-nike-sb-dunk-low-navy-red-gray,2026-04-10T15:12:23Z,True
kix:9666671083877,kix,,Nike,"Nike SB Dunk Low ""Purple""",,,95.0,,,False,in_stock,USD,"[""36"", ""37"", ""38"", ""39"", ""40"", ""41"", ""42"", ""43"", ""44"", ""45""]",https://kixlb.com/products/copy-nike-sb-dunk-low-triple-green,2026-04-10T15:12:23Z,True
kix:9666671051109,kix,,Nike,"Nike SB Dunk Low ""Gray white navy """,,,95.0,,,False,in_stock,USD,"[""36"", ""37"", ""38"", ""39"", ""40"", ""41"", ""42"", ""43"", ""44"", ""45""]",https://kixlb.com/products/copy-nike-sb-dunk-low-purple-1,2026-04-10T15:12:23Z,True
kix:9666671018341,kix,,Nike,"Nike SB Dunk Low ""Orange """,,,95.0,,,False,in_stock,USD,"[""36"", ""37"", ""38"", ""39"", ""40"", ""41"", ""42"", ""43"", ""44"", ""45""]",https://kixlb.com/products/copy-nike-sb-dunk-low-gray-white-navy,2026-04-10T15:12:23Z,True
kix:9666670985573,kix,,Nike,"Nike SB Dunk Low ""Orange Brown""",,,95.0,,,False,in_stock,USD,"[""36"", ""37"", ""38"", ""39"", ""40"", ""41"", ""42"", ""43"", ""44"", ""45""]",https://kixlb.com/products/copy-nike-sb-dunk-low-orange,2026-04-10T15:12:23Z,True
kix:9666670952805,kix,,Nike,"Nike SB Dunk Low ""Black""",,,95.0,,,False,in_stock,USD,"[""36"", ""37"", ""38"", ""39"", ""40"", ""41"", ""42"", ""43"", ""44"", ""45""]",https://kixlb.com/products/copy-nike-sb-dunk-low-orange-brown,2026-04-10T15:12:23Z,True
kix:9666670920037,kix,,Nike,"Nike SB Dunk Low ""Aqua Blue""",,,95.0,,,False,in_stock,USD,"[""36"", ""37"", ""38"", ""39"", ""40"", ""41"", ""42"", ""43"", ""44"", ""45""]",https://kixlb.com/products/copy-nike-sb-dunk-low-black-3,2026-04-10T15:12:23Z,True
kix:9666670887269,kix,,Nike,"Nike SB Dunk Low ""Green""",,,95.0,,,False,in_stock,USD,"[""36"", ""37"", ""38"", ""39"", ""40"", ""41"", ""42"", ""43"", ""44"", ""45""]",https://kixlb.com/products/copy-nike-sb-dunk-low-aqua-blue,2026-04-10T15:12:23Z,True
kix:9666670854501,kix,,Nike,"Nike SB Dunk Low ""Gray pink red """,,,95.0,,,False,in_stock,USD,"[""36"", ""37"", ""38"", ""39"", ""40"", ""41"", ""42"", ""43"", ""44"", ""45""]",https://kixlb.com/products/copy-nike-sb-dunk-low-green-2,2026-04-10T15:12:23Z,True
kix:9666670821733,kix,,Nike,"Nike SB Dunk Low ""Blue Gray """,,,95.0,,,False,in_stock,USD,"[""36"", ""37"", ""38"", ""39"", ""40"", ""41"", ""42"", ""43"", ""44"", ""45""]",https://kixlb.com/products/copy-nike-sb-dunk-low-gray-pink-red,2026-04-10T15:12:23Z,True
kix:9666670788965,kix,,Nike,"Nike SB Dunk Low ""beige white """,,,95.0,,,False,in_stock,USD,"[""36"", ""37"", ""38"", ""39"", ""40"", ""41"", ""42"", ""43"", ""44"", ""45""]",https://kixlb.com/products/copy-nike-sb-dunk-low-blue-gray,2026-04-10T15:12:23Z,True
kix:9666670756197,kix,,Nike,"Nike SB Dunk Low ""beige red blue """,,,95.0,,,False,in_stock,USD,"[""36"", ""37"", ""38"", ""39"", ""40"", ""41"", ""42"", ""43"", ""44"", ""45""]",https://kixlb.com/products/copy-nike-sb-dunk-low-beige-white,2026-04-10T15:12:23Z,True
kix:9666670723429,kix,,Nike,"Nike SB Dunk Low ""Double blue """,,,95.0,,,False,in_stock,USD,"[""36"", ""37"", ""38"", ""39"", ""40"", ""41"", ""42"", ""43"", ""44"", ""45""]",https://kixlb.com/products/copy-nike-sb-dunk-low-beige-red-blue,2026-04-10T15:12:23Z,True
kix:9666670690661,kix,,Nike,"Nike SB Dunk Low ""Military Brown""",,,95.0,,,False,in_stock,USD,"[""36"", ""37"", ""38"", ""39"", ""40"", ""41"", ""42"", ""43"", ""44"", ""45""]",https://kixlb.com/products/copy-nike-sb-dunk-low-double-blue,2026-04-10T15:12:23Z,True
kix:9666670657893,kix,,Nike,"Nike SB Dunk Low ""Gray Brown""",,,95.0,,,False,in_stock,USD,"[""36"", ""37"", ""38"", ""39"", ""40"", ""41"", ""42"", ""43"", ""44"", ""45""]",https://kixlb.com/products/copy-nike-sb-dunk-low-military-brown,2026-04-10T15:12:23Z,True
kix:9666670625125,kix,,Nike,"Nike SB Dunk Low x PS ""Green""",,,95.0,,,False,in_stock,USD,"[""36"", ""37"", ""38"", ""39"", ""40"", ""41"", ""42"", ""43"", ""44"", ""45""]",https://kixlb.com/products/copy-nike-sb-dunk-low-gray-brown,2026-04-10T15:12:23Z,True
kix:9666670592357,kix,,Nike,Nike SB Dunk Low x Suzuki ninja 500,,,95.0,,,False,in_stock,USD,"[""36"", ""37"", ""38"", ""39"", ""40"", ""41"", ""42"", ""43"", ""44"", ""45""]",https://kixlb.com/products/copy-nike-sb-dunk-low-x-ps-green,2026-04-10T15:12:23Z,True
kix:9666670559589,kix,,Nike,"Nike SB Dunk Low ""Black""",,,95.0,,,False,in_stock,USD,"[""36"", ""37"", ""38"", ""39"", ""40"", ""41"", ""42"", ""43"", ""44"", ""45""]",https://kixlb.com/products/copy-nike-sb-dunk-low-x-suzuki-ninja-500,2026-04-10T15:12:23Z,True
kix:9666670526821,kix,,Nike,"Nike SB Dunk Low x OHOAT ""beige """,,,95.0,,,False,in_stock,USD,"[""36"", ""37"", ""38"", ""39"", ""40"", ""41"", ""42"", ""43"", ""44"", ""45""]",https://kixlb.com/products/copy-nike-sb-dunk-low-black-4,2026-04-10T15:12:23Z,True
kix:9666670494053,kix,,Nike,"Nike SB Dunk Low ""Foggy Blue """,,,95.0,,,False,in_stock,USD,"[""36"", ""37"", ""38"", ""39"", ""40"", ""41"", ""42"", ""43"", ""44"", ""45""]",https://kixlb.com/products/copy-nike-sb-dunk-low-x-ohoat-beige,2026-04-10T15:12:23Z,True
kix:9666670461285,kix,,Nike,"Nike SB Dunk Low ""Double Red """,,,95.0,,,False,in_stock,USD,"[""36"", ""37"", ""38"", ""39"", ""40"", ""41"", ""42"", ""43"", ""44"", ""45""]",https://kixlb.com/products/copy-nike-sb-dunk-low-foggy-blue,2026-04-10T15:12:23Z,True
kix:9666670428517,kix,,Nike,Nike SB Dunk Low ocean blue,,,90.0,,,False,in_stock,USD,"[""36"", ""37"", ""38"", ""39"", ""40"", ""41"", ""42"", ""43"", ""44"", ""45""]",https://kixlb.com/products/copy-nike-sb-dunk-low-foggy-blue-1,2026-04-10T15:12:23Z,True
kix:9666670395749,kix,,Nike,Nike SB Dunk Low black,,,90.0,,,False,in_stock,USD,"[""36"", ""37"", ""38"", ""39"", ""40"", ""41"", ""42"", ""43"", ""44"", ""45""]",https://kixlb.com/products/copy-nike-sb-dunk-low-ocean-blue,2026-04-10T15:12:23Z,True
kix:9666670362981,kix,,Nike,Nike SB Dunk Low brown,,,90.0,,,False,in_stock,USD,"[""36"", ""37"", ""38"", ""39"", ""40"", ""41"", ""42"", ""43"", ""44"", ""45""]",https://kixlb.com/products/copy-nike-sb-dunk-low-black-5,2026-04-10T15:12:23Z,True
kix:9666670297445,kix,,Nike,Nike SB Dunk Low multi color,,,90.0,,,False,in_stock,USD,"[""36"", ""37"", ""38"", ""39"", ""40"", ""41"", ""42"", ""43"", ""44"", ""45""]",https://kixlb.com/products/copy-nike-sb-dunk-low-brown,2026-04-10T15:12:23Z,True
kix:9666670264677,kix,,Nike,Nike SB Dunk Low lavender,,,90.0,,,False,in_stock,USD,"[""36"", ""37"", ""38"", ""39"", ""40"", ""41"", ""42"", ""43"", ""44"", ""45""]",https://kixlb.com/products/copy-nike-sb-dunk-low-multi-color,2026-04-10T15:12:23Z,True
kix:9666670231909,kix,,Nike,Nike SB Dunk Low light purple,,,90.0,,,False,in_stock,USD,"[""36"", ""37"", ""38"", ""39"", ""40"", ""41"", ""42"", ""43"", ""44"", ""45""]",https://kixlb.com/products/copy-nike-sb-dunk-low-lavender,2026-04-10T15:12:23Z,True
kix:9666670199141,kix,,Nike,Nike SB Dunk Low grey,,,90.0,,,False,in_stock,USD,"[""36"", ""37"", ""38"", ""39"", ""40"", ""41"", ""42"", ""43"", ""44"", ""45""]",https://kixlb.com/products/copy-nike-sb-dunk-low-light-purple,2026-04-10T15:12:23Z,True
kix:9666670166373,kix,,Nike,Nike SB Dunk Low golden,,,90.0,,,False,in_stock,USD,"[""36"", ""37"", ""38"", ""39"", ""40"", ""41"", ""42"", ""43"", ""44"", ""45""]",https://kixlb.com/products/copy-nike-sb-dunk-low-grey,2026-04-10T15:12:23Z,True
kix:9666670133605,kix,,Nike,Nike SB Dunk Low the grey blue,,,90.0,,,False,in_stock,USD,"[""36"", ""37"", ""38"", ""39"", ""40"", ""41"", ""42"", ""43"", ""44"", ""45""]",https://kixlb.com/products/copy-nike-sb-dunk-low-golden,2026-04-10T15:12:23Z,True
kix:9666670100837,kix,,Nike,Nike SB Dunk Low supreme navy,,,90.0,,,False,in_stock,USD,"[""36"", ""37"", ""38"", ""39"", ""40"", ""41"", ""42"", ""43"", ""44"", ""45""]",https://kixlb.com/products/copy-nike-sb-dunk-low-the-grey-blue,2026-04-10T15:12:23Z,True
kix:9666670068069,kix,,Nike,Nike SB Dunk Low snarkitexture,,,90.0,,,False,in_stock,USD,"[""36"", ""37"", ""38"", ""39"", ""40"", ""41"", ""42"", ""43"", ""44"", ""45""]",https://kixlb.com/products/copy-nike-sb-dunk-low-supreme-navy,2026-04-10T15:12:23Z,True
kix:9666670035301,kix,,Nike,Nike SB Dunk Low green,,,90.0,,,False,in_stock,USD,"[""36"", ""37"", ""38"", ""39"", ""40"", ""41"", ""42"", ""43"", ""44"", ""45""]",https://kixlb.com/products/copy-nike-sb-dunk-low-snarkitexture,2026-04-10T15:12:23Z,True
kix:9666670002533,kix,,Nike,Nike SB Dunk Low silver grey,,,90.0,,,False,in_stock,USD,"[""36"", ""37"", ""38"", ""39"", ""40"", ""41"", ""42"", ""43"", ""44"", ""45""]",https://kixlb.com/products/copy-nike-sb-dunk-low-green-3,2026-04-10T15:12:23Z,True
kix:9666669969765,kix,,Nike,Nike SB Dunk Low velvet navy blue,,,90.0,,,False,in_stock,USD,"[""36"", ""37"", ""38"", ""39"", ""40"", ""41"", ""42"", ""43"", ""44"", ""45""]",https://kixlb.com/products/copy-nike-sb-dunk-low-silver-grey,2026-04-10T15:12:23Z,True
kix:9666669936997,kix,,Nike,Nike SB Dunk Low green snake,,,90.0,,,False,in_stock,USD,"[""36"", ""37"", ""38"", ""39"", ""40"", ""41"", ""42"", ""43"", ""44"", ""45""]",https://kixlb.com/products/copy-nike-sb-dunk-low-velvet-navy-blue,2026-04-10T15:12:23Z,True
kix:9666669904229,kix,,Nike,Nike SB Dunk Low black blue,,,90.0,,,False,in_stock,USD,"[""36"", ""37"", ""38"", ""39"", ""40"", ""41"", ""42"", ""43"", ""44"", ""45""]",https://kixlb.com/products/copy-nike-sb-dunk-low-velvet-navy-blue-1,2026-04-10T15:12:23Z,True
kix:9666669871461,kix,,Nike,Nike SB Dunk Low cream grey,,,90.0,,,False,in_stock,USD,"[""36"", ""37"", ""38"", ""39"", ""40"", ""41"", ""42"", ""43"", ""44"", ""45""]",https://kixlb.com/products/copy-nike-sb-dunk-low-black-blue-1,2026-04-10T15:12:23Z,True
kix:9666669838693,kix,,Nike,Nike SB Dunk Low cream,,,90.0,,,False,in_stock,USD,"[""36"", ""37"", ""38"", ""39"", ""40"", ""41"", ""42"", ""43"", ""44"", ""45""]",https://kixlb.com/products/copy-nike-sb-dunk-low-cream-grey,2026-04-10T15:12:23Z,True
kix:9666669805925,kix,,Nike,Nike SB Dunk Low FZBB,,,90.0,,,False,in_stock,USD,"[""36"", ""37"", ""38"", ""39"", ""40"", ""41"", ""42"", ""43"", ""44"", ""45""]",https://kixlb.com/products/copy-nike-sb-dunk-low-cream,2026-04-10T15:12:23Z,True
kix:9666669773157,kix,,Nike,Nike SB Dunk Low the race,,,90.0,,,False,in_stock,USD,"[""36"", ""37"", ""38"", ""39"", ""40"", ""41"", ""42"", ""43"", ""44"", ""45""]",https://kixlb.com/products/copy-nike-sb-dunk-low-fzbb,2026-04-10T15:12:23Z,True
kix:9666669740389,kix,,Nike,Nike SB Dunk Low prank,,,90.0,,,False,in_stock,USD,"[""36"", ""37"", ""38"", ""39"", ""40"", ""41"", ""42"", ""43"", ""44"", ""45""]",https://kixlb.com/products/copy-nike-sb-dunk-low-the-race,2026-04-10T15:12:23Z,True
kix:9666669707621,kix,,Nike,Nike SB Dunk Low Chinese,,,90.0,,,False,in_stock,USD,"[""36"", ""37"", ""38"", ""39"", ""40"", ""41"", ""42"", ""43"", ""44"", ""45""]",https://kixlb.com/products/copy-nike-sb-dunk-low-prank,2026-04-10T15:12:23Z,True
kix:9666669674853,kix,,Nike,Nike SB Dunk Low Chinese navy blue,,,90.0,,,False,in_stock,USD,"[""36"", ""37"", ""38"", ""39"", ""40"", ""41"", ""42"", ""43"", ""44"", ""45""]",https://kixlb.com/products/copy-nike-sb-dunk-low-chinese,2026-04-10T15:12:23Z,True
kix:9666669642085,kix,,Nike,Nike SB Dunk Low fuzzy,,,90.0,,,False,in_stock,USD,"[""36"", ""37"", ""38"", ""39"", ""40"", ""41"", ""42"", ""43"", ""44"", ""45""]",https://kixlb.com/products/copy-nike-sb-dunk-low-chinese-navy-blue,2026-04-10T15:12:23Z,True
kix:9666669609317,kix,,The North Face,Nike SB Dunk Low the north face,,,90.0,,,False,in_stock,USD,"[""36"", ""37"", ""38"", ""39"", ""40"", ""41"", ""42"", ""43"", ""44"", ""45""]",https://kixlb.com/products/copy-nike-sb-dunk-low-fuzzy,2026-04-10T15:12:23Z,True
kix:9666669576549,kix,,Nike,Nike SB Dunk Low black chrome,,,90.0,,,False,in_stock,USD,"[""36"", ""37"", ""38"", ""39"", ""40"", ""41"", ""42"", ""43"", ""44"", ""45""]",https://kixlb.com/products/copy-nike-sb-dunk-low-the-north-face,2026-04-10T15:12:23Z,True
kix:9666669543781,kix,,Nike,Nike SB Dunk Low aqua,,,90.0,,,False,in_stock,USD,"[""36"", ""37"", ""38"", ""39"", ""40"", ""41"", ""42"", ""43"", ""44"", ""45""]",https://kixlb.com/products/copy-nike-sb-dunk-low-black-chrome,2026-04-10T15:12:24Z,True
kix:9666669511013,kix,,Nike,Nike SB Dunk Low grey LV,,,90.0,,,False,in_stock,USD,"[""36"", ""37"", ""38"", ""39"", ""40"", ""41"", ""42"", ""43"", ""44"", ""45""]",https://kixlb.com/products/copy-nike-sb-dunk-low-black-chrome-1,2026-04-10T15:12:24Z,True
kix:9666669478245,kix,,Nike,Nike SB Dunk Low black supreme,,,90.0,,,False,in_stock,USD,"[""36"", ""37"", ""38"", ""39"", ""40"", ""41"", ""42"", ""43"", ""44"", ""45""]",https://kixlb.com/products/copy-nike-sb-dunk-low-grey-lv,2026-04-10T15:12:24Z,True
kix:9666669445477,kix,,Nike,Nike SB Dunk Low scratches,,,90.0,,,False,in_stock,USD,"[""36"", ""37"", ""38"", ""39"", ""40"", ""41"", ""42"", ""43"", ""44"", ""45""]",https://kixlb.com/products/copy-nike-sb-dunk-low-black-supreme,2026-04-10T15:12:24Z,True
kix:9666669412709,kix,,Nike,Nike SB Dunk Low blue Yankees,,,90.0,,,False,in_stock,USD,"[""36"", ""37"", ""38"", ""39"", ""40"", ""41"", ""42"", ""43"", ""44"", ""45""]",https://kixlb.com/products/copy-nike-sb-dunk-low-scratches,2026-04-10T15:12:24Z,True
kix:9666669379941,kix,,Nike,Nike SB Dunk Low burberry,,,90.0,,,False,in_stock,USD,"[""36"", ""37"", ""38"", ""39"", ""40"", ""41"", ""42"", ""43"", ""44"", ""45""]",https://kixlb.com/products/copy-nike-sb-dunk-low-blue-yankees,2026-04-10T15:12:24Z,True
kix:9666669347173,kix,,Nike,Nike SB Dunk Low light blue,,,90.0,,,False,in_stock,USD,"[""36"", ""37"", ""38"", ""39"", ""40"", ""41"", ""42"", ""43"", ""44"", ""45""]",https://kixlb.com/products/copy-nike-sb-dunk-low-burberry,2026-04-10T15:12:24Z,True
kix:9666669314405,kix,,Nike,Nike SB Dunk Low cool tone,,,90.0,,,False,in_stock,USD,"[""36"", ""37"", ""38"", ""39"", ""40"", ""41"", ""42"", ""43"", ""44"", ""45""]",https://kixlb.com/products/copy-nike-sb-dunk-low-light-blue,2026-04-10T15:12:24Z,True
kix:9666669281637,kix,,Nike,Nike SB Dunk Low black and white,,,90.0,,,False,in_stock,USD,"[""36"", ""37"", ""38"", ""39"", ""40"", ""41"", ""42"", ""43"", ""44"", ""45""]",https://kixlb.com/products/copy-nike-sb-dunk-low-cool-tone,2026-04-10T15:12:24Z,True
kix:9666669248869,kix,,Nike,Nike SB Dunk Low oh heart,,,90.0,,,False,in_stock,USD,"[""36"", ""37"", ""38"", ""39"", ""40"", ""41"", ""42"", ""43"", ""44"", ""45""]",https://kixlb.com/products/copy-nike-sb-dunk-low-black-and-white,2026-04-10T15:12:24Z,True
kix:9666669216101,kix,,Nike,Nike SB Dunk Low caty,,,90.0,,,False,in_stock,USD,"[""36"", ""37"", ""38"", ""39"", ""40"", ""41"", ""42"", ""43"", ""44"", ""45""]",https://kixlb.com/products/copy-nike-sb-dunk-low-oh-heart,2026-04-10T15:12:24Z,True
kix:9666669183333,kix,,Nike,Nike SB Dunk Low beige,,,90.0,,,False,in_stock,USD,"[""36"", ""37"", ""38"", ""39"", ""40"", ""41"", ""42"", ""43"", ""44"", ""45""]",https://kixlb.com/products/copy-nike-sb-dunk-low-caty,2026-04-10T15:12:24Z,True
kix:9666669150565,kix,,Nike,Nike SB Dunk Low pink band,,,90.0,,,False,in_stock,USD,"[""36"", ""37"", ""38"", ""39"", ""40"", ""41"", ""42"", ""43"", ""44"", ""45""]",https://kixlb.com/products/copy-copy-nike-sb-dunk-low-caty,2026-04-10T15:12:24Z,True
kix:9666669117797,kix,,Nike,Nike SB Dunk Low silver blue,,,90.0,,,False,in_stock,USD,"[""36"", ""37"", ""38"", ""39"", ""40"", ""41"", ""42"", ""43"", ""44"", ""45""]",https://kixlb.com/products/copy-nike-sb-dunk-low-beige-2,2026-04-10T15:12:24Z,True
kix:9666669085029,kix,,Nike,Nike SB Dunk Low dragon,,,90.0,,,False,in_stock,USD,"[""36"", ""37"", ""38"", ""39"", ""40"", ""41"", ""42"", ""43"", ""44"", ""45""]",https://kixlb.com/products/copy-nike-sb-dunk-low-silver-blue,2026-04-10T15:12:24Z,True
kix:9666669052261,kix,,Nike,Nike SB Dunk Low to shine,,,90.0,,,False,in_stock,USD,"[""36"", ""37"", ""38"", ""39"", ""40"", ""41"", ""42"", ""43"", ""44"", ""45""]",https://kixlb.com/products/copy-nike-sb-dunk-low-dragon,2026-04-10T15:12:24Z,True
kix:9666669019493,kix,,Nike,Nike SB Dunk Low brown band,,,90.0,,,False,in_stock,USD,"[""36"", ""37"", ""38"", ""39"", ""40"", ""41"", ""42"", ""43"", ""44"", ""45""]",https://kixlb.com/products/copy-nike-sb-dunk-low-to-shine,2026-04-10T15:12:24Z,True
kix:9666668986725,kix,,Nike,Nike SB Dunk Low red,,,90.0,,,False,in_stock,USD,"[""36"", ""37"", ""38"", ""39"", ""40"", ""41"", ""42"", ""43"", ""44"", ""45""]",https://kixlb.com/products/copy-nike-sb-dunk-low-to-shine-1,2026-04-10T15:12:24Z,True
kix:9666668953957,kix,,Nike,Nike SB Dunk Low black and white LV,,,90.0,,,False,in_stock,USD,"[""36"", ""37"", ""38"", ""39"", ""40"", ""41"", ""42"", ""43"", ""44"", ""45""]",https://kixlb.com/products/copy-nike-sb-dunk-low-red,2026-04-10T15:12:24Z,True
kix:9666668921189,kix,,Nike,Nike SB Dunk Low velvet grey LV,,,90.0,,,False,in_stock,USD,"[""36"", ""37"", ""38"", ""39"", ""40"", ""41"", ""42"", ""43"", ""44"", ""45""]",https://kixlb.com/products/copy-nike-sb-dunk-low-black-and-white-lv,2026-04-10T15:12:24Z,True
kix:9666668888421,kix,,Nike,Nike SB Dunk Low green,,,90.0,,,False,in_stock,USD,"[""36"", ""37"", ""38"", ""39"", ""40"", ""41"", ""42"", ""43"", ""44"", ""45""]",https://kixlb.com/products/copy-nike-sb-dunk-low-velvet-grey-lv,2026-04-10T15:12:24Z,True
kix:9666668855653,kix,,Nike,Nike SB Dunk Low touch down,,,90.0,,,False,in_stock,USD,"[""36"", ""37"", ""38"", ""39"", ""40"", ""41"", ""42"", ""43"", ""44"", ""45""]",https://kixlb.com/products/copy-nike-sb-dunk-low-green-4,2026-04-10T15:12:24Z,True
kix:9666668822885,kix,,Nike,Nike SB Dunk Low white,,,90.0,,,False,in_stock,USD,"[""36"", ""37"", ""38"", ""39"", ""40"", ""41"", ""42"", ""43"", ""44"", ""45""]",https://kixlb.com/products/copy-nike-sb-dunk-low-touch-down,2026-04-10T15:12:24Z,True
kix:9666668790117,kix,,Nike,Nike SB Dunk Low beige,,,90.0,,,False,in_stock,USD,"[""36"", ""37"", ""38"", ""39"", ""40"", ""41"", ""42"", ""43"", ""44"", ""45""]",https://kixlb.com/products/copy-nike-sb-dunk-low-white-1,2026-04-10T15:12:24Z,True
kix:9666668757349,kix,,Nike,Nike SB Dunk low mint green,,,90.0,,,False,in_stock,USD,"[""36"", ""37"", ""38"", ""39"", ""40"", ""41"", ""42"", ""43"", ""44"", ""45""]",https://kixlb.com/products/copy-nike-sb-dunk-low-beige-3,2026-04-10T15:12:24Z,True
kix:9666668724581,kix,,Nike,Nike SB Dunk low beige and white,,,90.0,,,False,in_stock,USD,"[""36"", ""37"", ""38"", ""39"", ""40"", ""41"", ""42"", ""43"", ""44"", ""45""]",https://kixlb.com/products/copy-nike-sb-dunk-mint-green,2026-04-10T15:12:24Z,True
kix:9666668691813,kix,,Nike,Nike SB Dunk low brown LV,,,90.0,,,False,in_stock,USD,"[""36"", ""37"", ""38"", ""39"", ""40"", ""41"", ""42"", ""43"", ""44"", ""45""]",https://kixlb.com/products/copy-nike-sb-dunk-mint-beige-and-white,2026-04-10T15:12:24Z,True
kix:9666668659045,kix,,Nike,Nike SB Dunk low white aqua LV,,,90.0,,,False,in_stock,USD,"[""36"", ""37"", ""38"", ""39"", ""40"", ""41"", ""42"", ""43"", ""44"", ""45""]",https://kixlb.com/products/copy-nike-sb-dunk-mint-brown-lv,2026-04-10T15:12:24Z,True
kix:9666668626277,kix,,Nike,Nike SB Dunk low navy supreme,,,90.0,,,False,in_stock,USD,"[""36"", ""37"", ""38"", ""39"", ""40"", ""41"", ""42"", ""43"", ""44"", ""45""]",https://kixlb.com/products/copy-nike-sb-dunk-low-mint-green,2026-04-10T15:12:24Z,True
kix:9666668593509,kix,,Nike,Nike SB Dunk low black,,,90.0,,,False,in_stock,USD,"[""36"", ""37"", ""38"", ""39"", ""40"", ""41"", ""42"", ""43"", ""44"", ""45""]",https://kixlb.com/products/copy-nike-sb-dunk-low-navy-supreme,2026-04-10T15:12:24Z,True
kix:9666668560741,kix,,Nike,Nike SB Dunk low skate park,,,90.0,,,False,in_stock,USD,"[""36"", ""37"", ""38"", ""39"", ""40"", ""41"", ""42"", ""43"", ""44"", ""45""]",https://kixlb.com/products/copy-nike-sb-dunk-low-black-6,2026-04-10T15:12:24Z,True
kix:9666668527973,kix,,Nike,Nike SB Dunk low cream white,,,90.0,,,False,in_stock,USD,"[""36"", ""37"", ""38"", ""39"", ""40"", ""41"", ""42"", ""43"", ""44"", ""45""]",https://kixlb.com/products/copy-nike-sb-dunk-low-skate-park,2026-04-10T15:12:24Z,True
kix:9666668495205,kix,,Nike,Nike SB Dunk low grey white,,,90.0,,,False,in_stock,USD,"[""36"", ""37"", ""38"", ""39"", ""40"", ""41"", ""42"", ""43"", ""44"", ""45""]",https://kixlb.com/products/copy-nike-sb-dunk-low-cream-white,2026-04-10T15:12:24Z,True
kix:9666668462437,kix,,Nike,Nike SB Dunk low grey white LV,,,90.0,,,False,in_stock,USD,"[""36"", ""37"", ""38"", ""39"", ""40"", ""41"", ""42"", ""43"", ""44"", ""45""]",https://kixlb.com/products/copy-nike-sb-dunk-low-grey-white,2026-04-10T15:12:24Z,True
kix:9666668429669,kix,,Nike,Nike SB Dunk low blue white,,,90.0,,,False,in_stock,USD,"[""36"", ""37"", ""38"", ""39"", ""40"", ""41"", ""42"", ""43"", ""44"", ""45""]",https://kixlb.com/products/copy-nike-sb-dunk-low-grey-white-lv,2026-04-10T15:12:24Z,True
kix:9666668396901,kix,,Nike,Nike SB Dunk low premium supreme,,,90.0,,,False,in_stock,USD,"[""36"", ""37"", ""38"", ""39"", ""40"", ""41"", ""42"", ""43"", ""44"", ""45""]",https://kixlb.com/products/copy-nike-sb-dunk-low-blue-white,2026-04-10T15:12:24Z,True
kix:9666668364133,kix,,Nike,Nike SB Dunk low warm,,,90.0,,,False,in_stock,USD,"[""36"", ""37"", ""38"", ""39"", ""40"", ""41"", ""42"", ""43"", ""44"", ""45""]",https://kixlb.com/products/copy-nike-sb-dunk-low-premium-supreme,2026-04-10T15:12:24Z,True
kix:9666668331365,kix,,Nike,Nike SB Dunk low gucci,,,90.0,,,False,in_stock,USD,"[""36"", ""37"", ""38"", ""39"", ""40"", ""41"", ""42"", ""43"", ""44"", ""45""]",https://kixlb.com/products/copy-nike-sb-dunk-low-warm,2026-04-10T15:12:24Z,True
kix:9666668298597,kix,,Nike,Nike SB Dunk low dark red,,,90.0,,,False,in_stock,USD,"[""36"", ""37"", ""38"", ""39"", ""40"", ""41"", ""42"", ""43"", ""44"", ""45""]",https://kixlb.com/products/copy-nike-sb-dunk-low-gucci,2026-04-10T15:12:24Z,True
kix:9666668265829,kix,,Adidas,Adidas superstar black and green,,,86.0,,,False,in_stock,USD,"[""36"", ""36.5"", ""37.5"", ""38"", ""38.5"", ""39"", ""40"", ""40.5"", ""41"", ""42"", ""42.5"", ""43"", ""44"", ""44.5"", ""45""]",https://kixlb.com/products/adidas-superstar-the-double-green-copy,2026-04-10T15:12:24Z,True
kix:9666668233061,kix,,Adidas,Adidas superstar the double green,,,86.0,,,False,in_stock,USD,"[""36"", ""36.5"", ""37.5"", ""38"", ""38.5"", ""39"", ""40"", ""40.5"", ""41"", ""42"", ""42.5"", ""43"", ""44"", ""44.5"", ""45""]",https://kixlb.com/products/adidas-superstar-black-zipper-copy,2026-04-10T15:12:24Z,True
kix:9666668101989,kix,,Adidas,Adidas superstar Black zipper,,,86.0,,,False,in_stock,USD,"[""36"", ""36.5"", ""37.5"", ""38"", ""38.5"", ""39"", ""40"", ""40.5"", ""41"", ""42"", ""42.5"", ""43"", ""44"", ""44.5"", ""45""]",https://kixlb.com/products/adidas-superstar-b-w-copy,2026-04-10T15:12:24Z,True
kix:9666668003685,kix,,Adidas,Adidas superstar B&W,,,86.0,,,False,in_stock,USD,"[""36"", ""36.5"", ""37.5"", ""38"", ""38.5"", ""39"", ""40"", ""40.5"", ""41"", ""42"", ""42.5"", ""43"", ""44"", ""44.5"", ""45""]",https://kixlb.com/products/adidas-superstar-leopard-with-green-stripes-copy,2026-04-10T15:12:24Z,True
kix:9666667905381,kix,,Adidas,Adidas superstar leopard with green stripes,,,86.0,,,False,in_stock,USD,"[""36"", ""36.5"", ""37.5"", ""38"", ""38.5"", ""39"", ""40"", ""40.5"", ""41"", ""42"", ""42.5"", ""43"", ""44"", ""44.5"", ""45""]",https://kixlb.com/products/adidas-superstar-brown-copy,2026-04-10T15:12:24Z,True
kix:9666667807077,kix,,Adidas,Adidas superstar brown,,,86.0,,,False,in_stock,USD,"[""36"", ""36.5"", ""37.5"", ""38"", ""38.5"", ""39"", ""40"", ""40.5"", ""41"", ""42"", ""42.5"", ""43"", ""44"", ""44.5"", ""45""]",https://kixlb.com/products/adidas-superstar-olive-green-copy,2026-04-10T15:12:24Z,True
kix:9666667676005,kix,,Adidas,Adidas superstar olive green,,,86.0,,,False,in_stock,USD,"[""36"", ""36.5"", ""37.5"", ""38"", ""38.5"", ""39"", ""40"", ""40.5"", ""41"", ""42"", ""42.5"", ""43"", ""44"", ""44.5"", ""45""]",https://kixlb.com/products/adidas-superstar-black-and-pink-copy,2026-04-10T15:12:24Z,True
kix:9666667643237,kix,,Adidas,Adidas superstar black and pink,,,86.0,,,False,in_stock,USD,"[""36"", ""36.5"", ""37.5"", ""38"", ""38.5"", ""39"", ""40"", ""40.5"", ""41"", ""42"", ""42.5"", ""43"", ""44"", ""44.5"", ""45""]",https://kixlb.com/products/adidas-superstar-black-and-beige-copy,2026-04-10T15:12:24Z,True
kix:9666667610469,kix,,Adidas,Adidas superstar black and beige,,,86.0,,,False,in_stock,USD,"[""36"", ""36.5"", ""37.5"", ""38"", ""38.5"", ""39"", ""40"", ""40.5"", ""41"", ""42"", ""42.5"", ""43"", ""44"", ""44.5"", ""45""]",https://kixlb.com/products/adidas-superstar-white-and-green-copy,2026-04-10T15:12:24Z,True
kix:9666667577701,kix,,Adidas,Adidas superstar white and green,,,86.0,,,False,in_stock,USD,"[""36"", ""36.5"", ""37.5"", ""38"", ""38.5"", ""39"", ""40"", ""40.5"", ""41"", ""42"", ""42.5"", ""43"", ""44"", ""44.5"", ""45""]",https://kixlb.com/products/adidas-superstar-brown-and-yellow-copy,2026-04-10T15:12:24Z,True
kix:9666667512165,kix,,Adidas,Adidas superstar brown and yellow,,,86.0,,,False,in_stock,USD,"[""36"", ""36.5"", ""37.5"", ""38"", ""38.5"", ""39"", ""40"", ""40.5"", ""41"", ""42"", ""42.5"", ""43"", ""44"", ""44.5"", ""45""]",https://kixlb.com/products/adidas-superstar-black-leather-copy,2026-04-10T15:12:24Z,True
kix:9666667217253,kix,,Adidas,Adidas superstar black leather,,,86.0,,,False,in_stock,USD,"[""36"", ""36.5"", ""37.5"", ""38"", ""38.5"", ""39"", ""40"", ""40.5"", ""41"", ""42"", ""42.5"", ""43"", ""44"", ""44.5"", ""45""]",https://kixlb.com/products/adidas-superstar-caramel-copy,2026-04-10T15:12:24Z,True
kix:9666666987877,kix,,Adidas,Adidas superstar caramel,,,86.0,,,False,in_stock,USD,"[""36"", ""36.5"", ""37.5"", ""38"", ""38.5"", ""39"", ""40"", ""40.5"", ""41"", ""42"", ""42.5"", ""43"", ""44"", ""44.5"", ""45""]",https://kixlb.com/products/adidas-superstar-pink-sandy-copy,2026-04-10T15:12:24Z,True
kix:9666666955109,kix,,Adidas,Adidas superstar pink sandy,,,86.0,,,False,in_stock,USD,"[""36"", ""36.5"", ""37.5"", ""38"", ""38.5"", ""39"", ""40"", ""40.5"", ""41"", ""42"", ""42.5"", ""43"", ""44"", ""44.5"", ""45""]",https://kixlb.com/products/adidas-superstar-black-with-dantelle-lace-copy,2026-04-10T15:12:24Z,True
kix:9666666922341,kix,,Adidas,Adidas superstar black with dantelle lace,,,86.0,,,False,in_stock,USD,"[""36"", ""36.5"", ""37.5"", ""38"", ""38.5"", ""39"", ""40"", ""40.5"", ""41"", ""42"", ""42.5"", ""43"", ""44"", ""44.5"", ""45""]",https://kixlb.com/products/adidas-superstar-black-leopard-copy,2026-04-10T15:12:24Z,True
kix:9666666889573,kix,,Adidas,Adidas superstar black leopard,,,86.0,,,False,in_stock,USD,"[""36"", ""36.5"", ""37.5"", ""38"", ""38.5"", ""39"", ""40"", ""40.5"", ""41"", ""42"", ""42.5"", ""43"", ""44"", ""44.5"", ""45""]",https://kixlb.com/products/adidas-superstar-gold-metallic-copy,2026-04-10T15:12:24Z,True
kix:9666664169829,kix,,Adidas,Adidas superstar gold metallic,,,86.0,,,False,in_stock,USD,"[""36"", ""36.5"", ""37.5"", ""38"", ""38.5"", ""39"", ""40"", ""40.5"", ""41"", ""42"", ""42.5"", ""43"", ""44"", ""44.5"", ""45""]",https://kixlb.com/products/adidas-superstar-blue-suede-copy,2026-04-10T15:12:24Z,True
kix:9666661712229,kix,,Adidas,Adidas superstar blue suede,,,86.0,,,False,in_stock,USD,"[""36"", ""36.5"", ""37.5"", ""38"", ""38.5"", ""39"", ""40"", ""40.5"", ""41"", ""42"", ""42.5"", ""43"", ""44"", ""44.5"", ""45""]",https://kixlb.com/products/adidas-superstar-charcoal-copy,2026-04-10T15:12:24Z,True
kix:9666658664805,kix,,Adidas,Adidas superstar charcoal,,,86.0,,,False,in_stock,USD,"[""36"", ""36.5"", ""37.5"", ""38"", ""38.5"", ""39"", ""40"", ""40.5"", ""41"", ""42"", ""42.5"", ""43"", ""44"", ""44.5"", ""45""]",https://kixlb.com/products/adidas-superstar-cowboy-copy,2026-04-10T15:12:24Z,True
kix:9666655682917,kix,,Adidas,Adidas superstar cowboy,,,86.0,,,False,in_stock,USD,"[""36"", ""36.5"", ""37.5"", ""38"", ""38.5"", ""39"", ""40"", ""40.5"", ""41"", ""42"", ""42.5"", ""43"", ""44"", ""44.5"", ""45""]",https://kixlb.com/products/adidas-superstar-black-and-blue-copy,2026-04-10T15:12:24Z,True
kix:9666652242277,kix,,Adidas,Adidas superstar black and blue,,,86.0,,,False,in_stock,USD,"[""36"", ""36.5"", ""37.5"", ""38"", ""38.5"", ""39"", ""40"", ""40.5"", ""41"", ""42"", ""42.5"", ""43"", ""44"", ""44.5"", ""45""]",https://kixlb.com/products/adidas-superstar-cow-copy,2026-04-10T15:12:24Z,True
kix:9666579038565,kix,,Adidas,Adidas superstar cow,,,86.0,,,False,in_stock,USD,"[""36"", ""36.5"", ""37.5"", ""38"", ""38.5"", ""39"", ""40"", ""40.5"", ""41"", ""42"", ""42.5"", ""43"", ""44"", ""44.5"", ""45""]",https://kixlb.com/products/adidas-superstar-blue-jeans-copy,2026-04-10T15:12:24Z,True
kix:9666576679269,kix,,Adidas,Adidas superstar blue jeans,,,86.0,,,False,in_stock,USD,"[""36"", ""36.5"", ""37.5"", ""38"", ""38.5"", ""39"", ""40"", ""40.5"", ""41"", ""42"", ""42.5"", ""43"", ""44"", ""44.5"", ""45""]",https://kixlb.com/products/adidas-superstar-blue-copy,2026-04-10T15:12:24Z,True
kix:9666573762917,kix,,Adidas,Adidas superstar blue,,,86.0,,,False,in_stock,USD,"[""36"", ""36.5"", ""37.5"", ""38"", ""38.5"", ""39"", ""40"", ""40.5"", ""41"", ""42"", ""42.5"", ""43"", ""44"", ""44.5"", ""45""]",https://kixlb.com/products/adidas-superstar-black-and-grey-copy,2026-04-10T15:12:24Z,True
kix:9666570813797,kix,,Adidas,Adidas superstar black and grey,,,86.0,,,False,in_stock,USD,"[""36"", ""36.5"", ""37.5"", ""38"", ""38.5"", ""39"", ""40"", ""40.5"", ""41"", ""42"", ""42.5"", ""43"", ""44"", ""44.5"", ""45""]",https://kixlb.com/products/adidas-superstar-x-clot-copy,2026-04-10T15:12:24Z,True
kix:9666563244389,kix,,Adidas,Adidas superstar x clot,,,86.0,,,False,in_stock,USD,"[""36"", ""36.5"", ""37.5"", ""38"", ""38.5"", ""39"", ""40"", ""40.5"", ""41"", ""42"", ""42.5"", ""43"", ""44"", ""44.5"", ""45""]",https://kixlb.com/products/adidas-superstar-oreo-copy,2026-04-10T15:12:24Z,True
kix:9666563146085,kix,,Adidas,Adidas superstar oreo,,,86.0,,,False,in_stock,USD,"[""36"", ""36.5"", ""37.5"", ""38"", ""38.5"", ""39"", ""40"", ""40.5"", ""41"", ""42"", ""42.5"", ""43"", ""44"", ""44.5"", ""45""]",https://kixlb.com/products/adidas-superstar-white-and-black-copy,2026-04-10T15:12:24Z,True
kix:9666561114469,kix,,Adidas,Adidas superstar white and black,,,86.0,,,False,in_stock,USD,"[""36"", ""36.5"", ""37.5"", ""38"", ""38.5"", ""39"", ""40"", ""40.5"", ""41"", ""42"", ""42.5"", ""43"", ""44"", ""44.5"", ""45""]",https://kixlb.com/products/adidas-superstar-dark-navy-copy,2026-04-10T15:12:24Z,True
kix:9666560885093,kix,,Adidas,Adidas superstar dark navy,,,86.0,,,False,in_stock,USD,"[""36"", ""36.5"", ""37.5"", ""38"", ""38.5"", ""39"", ""40"", ""40.5"", ""41"", ""42"", ""42.5"", ""43"", ""44"", ""44.5"", ""45""]",https://kixlb.com/products/adidas-gazelle-bold-copy,2026-04-10T15:12:24Z,True
kix:9666560819557,kix,,Adidas,Adidas gazelle bold,,,86.0,,,False,in_stock,USD,"[""36"", ""36.5"", ""37.5"", ""38"", ""38.5"", ""39"", ""40"", ""40.5"", ""41"", ""42"", ""42.5"", ""43"", ""44"", ""44.5"", ""45""]",https://kixlb.com/products/adidas-gazelle-chinese-red-copy,2026-04-10T15:12:24Z,True
kix:9666560754021,kix,,Adidas,Adidas gazelle Chinese red,,,86.0,,,False,in_stock,USD,"[""36"", ""36.5"", ""37.5"", ""38"", ""38.5"", ""39"", ""40"", ""40.5"", ""41"", ""42"", ""42.5"", ""43"", ""44"", ""44.5"", ""45""]",https://kixlb.com/products/adidas-gazelle-sala-white-copy,2026-04-10T15:12:24Z,True
kix:9666560590181,kix,,Adidas,Adidas gazelle sala white,,,86.0,,,False,in_stock,USD,"[""36"", ""36.5"", ""37.5"", ""38"", ""38.5"", ""39"", ""40"", ""40.5"", ""41"", ""42"", ""42.5"", ""43"", ""44"", ""44.5"", ""45""]",https://kixlb.com/products/adidas-gazelle-sala-greige-and-red-copy,2026-04-10T15:12:24Z,True
kix:9666560524645,kix,,Adidas,Adidas gazelle sala greige and red,,,86.0,,,False,in_stock,USD,"[""36"", ""36.5"", ""37.5"", ""38"", ""38.5"", ""39"", ""40"", ""40.5"", ""41"", ""42"", ""42.5"", ""43"", ""44"", ""44.5"", ""45""]",https://kixlb.com/products/adidas-gazelle-sala-green-copy,2026-04-10T15:12:24Z,True
kix:9666560459109,kix,,Adidas,Adidas gazelle sala green,,,86.0,,,False,in_stock,USD,"[""36"", ""36.5"", ""37.5"", ""38"", ""38.5"", ""39"", ""40"", ""40.5"", ""41"", ""42"", ""42.5"", ""43"", ""44"", ""44.5"", ""45""]",https://kixlb.com/products/adidas-gazelle-sala-black-copy,2026-04-10T15:12:24Z,True
kix:9666560360805,kix,,Adidas,Adidas gazelle sala black,,,86.0,,,False,in_stock,USD,"[""36"", ""36.5"", ""37.5"", ""38"", ""38.5"", ""39"", ""40"", ""40.5"", ""41"", ""42"", ""42.5"", ""43"", ""44"", ""44.5"", ""45""]",https://kixlb.com/products/adidas-gazelle-white-gucci-copy,2026-04-10T15:12:24Z,True
kix:9666560229733,kix,,Adidas,Adidas gazelle white Gucci,,,86.0,,,False,in_stock,USD,"[""36"", ""36.5"", ""37.5"", ""38"", ""38.5"", ""39"", ""40"", ""40.5"", ""41"", ""42"", ""42.5"", ""43"", ""44"", ""44.5"", ""45""]",https://kixlb.com/products/adidas-gazelle-smokey-black-copy,2026-04-10T15:12:24Z,True
kix:9666559541605,kix,,Adidas,Adidas gazelle smokey black,,,86.0,,,False,in_stock,USD,"[""36"", ""36.5"", ""37.5"", ""38"", ""38.5"", ""39"", ""40"", ""40.5"", ""41"", ""42"", ""42.5"", ""43"", ""44"", ""44.5"", ""45""]",https://kixlb.com/products/adidas-gazelle-golden-disco-copy,2026-04-10T15:12:24Z,True
kix:9666558919013,kix,,Adidas,Adidas gazelle golden disco,,,86.0,,,False,in_stock,USD,"[""36"", ""36.5"", ""37.5"", ""38"", ""38.5"", ""39"", ""40"", ""40.5"", ""41"", ""42"", ""42.5"", ""43"", ""44"", ""44.5"", ""45""]",https://kixlb.com/products/adidas-gazelle-the-vintage-copy,2026-04-10T15:12:24Z,True
kix:9666558820709,kix,,Adidas,Adidas gazelle the vintage,,,86.0,,,False,in_stock,USD,"[""36"", ""36.5"", ""37.5"", ""38"", ""38.5"", ""39"", ""40"", ""40.5"", ""41"", ""42"", ""42.5"", ""43"", ""44"", ""44.5"", ""45""]",https://kixlb.com/products/adidas-gazelle-pinguin-copy,2026-04-10T15:12:24Z,True
kix:9666558722405,kix,,Adidas,Adidas gazelle pinguïn,,,86.0,,,False,in_stock,USD,"[""36"", ""36.5"", ""37.5"", ""38"", ""38.5"", ""39"", ""40"", ""40.5"", ""41"", ""42"", ""42.5"", ""43"", ""44"", ""44.5"", ""45""]",https://kixlb.com/products/adidas-gazelle-watermelon-copy,2026-04-10T15:12:24Z,True
kix:9666558656869,kix,,Adidas,Adidas gazelle watermelon,,,86.0,,,False,in_stock,USD,"[""36"", ""36.5"", ""37.5"", ""38"", ""38.5"", ""39"", ""40"", ""40.5"", ""41"", ""42"", ""42.5"", ""43"", ""44"", ""44.5"", ""45""]",https://kixlb.com/products/adidas-gazelle-joy-copy,2026-04-10T15:12:24Z,True
kix:9666558591333,kix,,Adidas,Adidas gazelle joy,,,86.0,,,False,in_stock,USD,"[""36"", ""36.5"", ""37.5"", ""38"", ""38.5"", ""39"", ""40"", ""40.5"", ""41"", ""42"", ""42.5"", ""43"", ""44"", ""44.5"", ""45""]",https://kixlb.com/products/adidas-gazelle-beige-copy,2026-04-10T15:12:24Z,True
kix:9666558460261,kix,,Adidas,Adidas gazelle beige,,,86.0,,,False,in_stock,USD,"[""36"", ""36.5"", ""37.5"", ""38"", ""38.5"", ""39"", ""40"", ""40.5"", ""41"", ""42"", ""42.5"", ""43"", ""44"", ""44.5"", ""45""]",https://kixlb.com/products/adidas-gazelle-disco-copy,2026-04-10T15:12:24Z,True
kix:9666558394725,kix,,Adidas,Adidas gazelle disco,,,86.0,,,False,in_stock,USD,"[""36"", ""36.5"", ""37.5"", ""38"", ""38.5"", ""39"", ""40"", ""40.5"", ""41"", ""42"", ""42.5"", ""43"", ""44"", ""44.5"", ""45""]",https://kixlb.com/products/adidas-gazelle-royal-blue-copy,2026-04-10T15:12:24Z,True
kix:9666558329189,kix,,Adidas,Adidas gazelle royal blue,,,86.0,,,False,in_stock,USD,"[""36"", ""36.5"", ""37.5"", ""38"", ""38.5"", ""39"", ""40"", ""40.5"", ""41"", ""42"", ""42.5"", ""43"", ""44"", ""44.5"", ""45""]",https://kixlb.com/products/adidas-gazelle-yellow-and-red-copy,2026-04-10T15:12:24Z,True
kix:9666558165349,kix,,Adidas,Adidas gazelle yellow and red,,,86.0,,,False,in_stock,USD,"[""36"", ""36.5"", ""37.5"", ""38"", ""38.5"", ""39"", ""40"", ""40.5"", ""41"", ""42"", ""42.5"", ""43"", ""44"", ""44.5"", ""45""]",https://kixlb.com/products/adidas-gazelle-light-brown-copy,2026-04-10T15:12:24Z,True
kix:9666558001509,kix,,Adidas,Adidas gazelle light brown,,,86.0,,,False,in_stock,USD,"[""36"", ""36.5"", ""37.5"", ""38"", ""38.5"", ""39"", ""40"", ""40.5"", ""41"", ""42"", ""42.5"", ""43"", ""44"", ""44.5"", ""45""]",https://kixlb.com/products/adidas-gazelle-bright-red-copy,2026-04-10T15:12:24Z,True
kix:9666557804901,kix,,Adidas,Adidas gazelle bright red,,,86.0,,,False,in_stock,USD,"[""36"", ""36.5"", ""37.5"", ""38"", ""38.5"", ""39"", ""40"", ""40.5"", ""41"", ""42"", ""42.5"", ""43"", ""44"", ""44.5"", ""45""]",https://kixlb.com/products/adidas-samba-spring-copy,2026-04-10T15:12:24Z,True
kix:9666415591781,kix,,Adidas,Adidas samba spring,,,86.0,,,False,in_stock,USD,"[""36"", ""36.5"", ""37.5"", ""38"", ""38.5"", ""39"", ""40"", ""40.5"", ""41"", ""42"", ""42.5"", ""43"", ""44"", ""44.5"", ""45""]",https://kixlb.com/products/adidas-samba-dark-blue-crocs-copy,2026-04-10T15:12:24Z,True
kix:9666415559013,kix,,Adidas,Adidas samba dark blue crocs,,,86.0,,,False,in_stock,USD,"[""36"", ""36.5"", ""37.5"", ""38"", ""38.5"", ""39"", ""40"", ""40.5"", ""41"", ""42"", ""42.5"", ""43"", ""44"", ""44.5"", ""45""]",https://kixlb.com/products/adidas-samba-stitched-original-copy,2026-04-10T15:12:24Z,True
kix:9666415526245,kix,,Adidas,Adidas samba stitched original,,,86.0,,,False,in_stock,USD,"[""36"", ""36.5"", ""37.5"", ""38"", ""38.5"", ""39"", ""40"", ""40.5"", ""41"", ""42"", ""42.5"", ""43"", ""44"", ""44.5"", ""45""]",https://kixlb.com/products/adidas-samba-the-snake-copy,2026-04-10T15:12:24Z,True
kix:9666415493477,kix,,Adidas,Adidas samba the snake,,,86.0,,,False,in_stock,USD,"[""36"", ""36.5"", ""37.5"", ""38"", ""38.5"", ""39"", ""40"", ""40.5"", ""41"", ""42"", ""42.5"", ""43"", ""44"", ""44.5"", ""45""]",https://kixlb.com/products/adidas-samba-chunky-beige-copy,2026-04-10T15:12:24Z,True
kix:9666415460709,kix,,Adidas,Adidas samba chunky beige,,,86.0,,,False,in_stock,USD,"[""36"", ""36.5"", ""37.5"", ""38"", ""38.5"", ""39"", ""40"", ""40.5"", ""41"", ""42"", ""42.5"", ""43"", ""44"", ""44.5"", ""45""]",https://kixlb.com/products/adidas-samba-baseball-copy,2026-04-10T15:12:24Z,True
kix:9666415427941,kix,,Adidas,Adidas samba baseball,,,86.0,,,False,in_stock,USD,"[""36"", ""36.5"", ""37.5"", ""38"", ""38.5"", ""39"", ""40"", ""40.5"", ""41"", ""42"", ""42.5"", ""43"", ""44"", ""44.5"", ""45""]",https://kixlb.com/products/adidas-samba-navy-fur-copy,2026-04-10T15:12:24Z,True
kix:9666415395173,kix,,Adidas,Adidas samba navy fur,,,86.0,,,False,in_stock,USD,"[""36"", ""36.5"", ""37.5"", ""38"", ""38.5"", ""39"", ""40"", ""40.5"", ""41"", ""42"", ""42.5"", ""43"", ""44"", ""44.5"", ""45""]",https://kixlb.com/products/adidas-samba-velvety-green-stripes-copy,2026-04-10T15:12:24Z,True
kix:9666415329637,kix,,Adidas,Adidas samba velvety green stripes,,,86.0,,,False,in_stock,USD,"[""36"", ""36.5"", ""37.5"", ""38"", ""38.5"", ""39"", ""40"", ""40.5"", ""41"", ""42"", ""42.5"", ""43"", ""44"", ""44.5"", ""45""]",https://kixlb.com/products/adidas-samba-supreme-black-copy,2026-04-10T15:12:24Z,True
kix:9666415264101,kix,,Adidas,Adidas samba supreme black,,,86.0,,,False,in_stock,USD,"[""36"", ""36.5"", ""37.5"", ""38"", ""38.5"", ""39"", ""40"", ""40.5"", ""41"", ""42"", ""42.5"", ""43"", ""44"", ""44.5"", ""45""]",https://kixlb.com/products/adidas-samba-navy-and-red-copy,2026-04-10T15:12:24Z,True
kix:9666415231333,kix,,Adidas,Adidas samba navy and red,,,86.0,,,False,in_stock,USD,"[""36"", ""36.5"", ""37.5"", ""38"", ""38.5"", ""39"", ""40"", ""40.5"", ""41"", ""42"", ""42.5"", ""43"", ""44"", ""44.5"", ""45""]",https://kixlb.com/products/adidas-samba-cloudy-grey-copy-1,2026-04-10T15:12:24Z,True
kix:9666415198565,kix,,Adidas,Adidas samba supreme,,,86.0,,,False,in_stock,USD,"[""36"", ""36.5"", ""37.5"", ""38"", ""38.5"", ""39"", ""40"", ""40.5"", ""41"", ""42"", ""42.5"", ""43"", ""44"", ""44.5"", ""45""]",https://kixlb.com/products/adidas-samba-cloudy-grey-copy,2026-04-10T15:12:24Z,True
kix:9666415133029,kix,,Adidas,Adidas samba cloudy grey,,,86.0,,,False,in_stock,USD,"[""36"", ""36.5"", ""37.5"", ""38"", ""38.5"", ""39"", ""40"", ""40.5"", ""41"", ""42"", ""42.5"", ""43"", ""44"", ""44.5"", ""45""]",https://kixlb.com/products/adidas-samba-the-animal-copy,2026-04-10T15:12:24Z,True
kix:9666415100261,kix,,Adidas,Adidas samba the animal,,,86.0,,,False,in_stock,USD,"[""36"", ""36.5"", ""37.5"", ""38"", ""38.5"", ""39"", ""40"", ""40.5"", ""41"", ""42"", ""42.5"", ""43"", ""44"", ""44.5"", ""45""]",https://kixlb.com/products/adidas-samba-vintage-blue-lv-copy,2026-04-10T15:12:24Z,True
kix:9666415067493,kix,,Adidas,Adidas samba vintage blue LV,,,86.0,,,False,in_stock,USD,"[""36"", ""36.5"", ""37.5"", ""38"", ""38.5"", ""39"", ""40"", ""40.5"", ""41"", ""42"", ""42.5"", ""43"", ""44"", ""44.5"", ""45""]",https://kixlb.com/products/adidas-samba-gucci-blue-plaid-copy-1,2026-04-10T15:12:24Z,True
kix:9666414936421,kix,,Adidas,Adidas samba Gucci blue plaid,,,86.0,,,False,in_stock,USD,"[""36"", ""36.5"", ""37.5"", ""38"", ""38.5"", ""39"", ""40"", ""40.5"", ""41"", ""42"", ""42.5"", ""43"", ""44"", ""44.5"", ""45""]",https://kixlb.com/products/adidas-samba-blue-lv-copy,2026-04-10T15:12:24Z,True
kix:9666414838117,kix,,Adidas,Adidas samba blue LV,,,86.0,,,False,in_stock,USD,"[""36"", ""36.5"", ""37.5"", ""38"", ""38.5"", ""39"", ""40"", ""40.5"", ""41"", ""42"", ""42.5"", ""43"", ""44"", ""44.5"", ""45""]",https://kixlb.com/products/adidas-samba-green-balenciaga-copy,2026-04-10T15:12:24Z,True
kix:9666414805349,kix,,Adidas,Adidas samba green balenciaga,,,86.0,,,False,in_stock,USD,"[""36"", ""36.5"", ""37.5"", ""38"", ""38.5"", ""39"", ""40"", ""40.5"", ""41"", ""42"", ""42.5"", ""43"", ""44"", ""44.5"", ""45""]",https://kixlb.com/products/adidas-samba-flowery-orange-copy,2026-04-10T15:12:24Z,True
kix:9666414707045,kix,,Adidas,Adidas samba flowery orange,,,86.0,,,False,in_stock,USD,"[""36"", ""36.5"", ""37.5"", ""38"", ""38.5"", ""39"", ""40"", ""40.5"", ""41"", ""42"", ""42.5"", ""43"", ""44"", ""44.5"", ""45""]",https://kixlb.com/products/adidas-samba-original-black-star-copy,2026-04-10T15:12:24Z,True
kix:9666414641509,kix,,Adidas,Adidas samba original black star,,,86.0,,,False,in_stock,USD,"[""36"", ""36.5"", ""37.5"", ""38"", ""38.5"", ""39"", ""40"", ""40.5"", ""41"", ""42"", ""42.5"", ""43"", ""44"", ""44.5"", ""45""]",https://kixlb.com/products/adidas-samba-yellow-kith-copy,2026-04-10T15:12:24Z,True
kix:9666414575973,kix,,Adidas,Adidas samba yellow kith,,,86.0,,,False,in_stock,USD,"[""36"", ""36.5"", ""37.5"", ""38"", ""38.5"", ""39"", ""40"", ""40.5"", ""41"", ""42"", ""42.5"", ""43"", ""44"", ""44.5"", ""45""]",https://kixlb.com/products/adidas-samba-white-leopard-stripes-copy,2026-04-10T15:12:24Z,True
kix:9666414444901,kix,,Adidas,Adidas samba white leopard stripes,,,86.0,,,False,in_stock,USD,"[""36"", ""36.5"", ""37.5"", ""38"", ""38.5"", ""39"", ""40"", ""40.5"", ""41"", ""42"", ""42.5"", ""43"", ""44"", ""44.5"", ""45""]",https://kixlb.com/products/adidas-samba-grassy-green-copy,2026-04-10T15:12:24Z,True
kix:9666414346597,kix,,Adidas,Adidas samba grassy green,,,86.0,,,False,in_stock,USD,"[""36"", ""36.5"", ""37.5"", ""38"", ""38.5"", ""39"", ""40"", ""40.5"", ""41"", ""42"", ""42.5"", ""43"", ""44"", ""44.5"", ""45""]",https://kixlb.com/products/adidas-samba-original-star-copy,2026-04-10T15:12:24Z,True
kix:9666414248293,kix,,Adidas,Adidas samba original star,,,86.0,,,False,in_stock,USD,"[""36"", ""36.5"", ""37.5"", ""38"", ""38.5"", ""39"", ""40"", ""40.5"", ""41"", ""42"", ""42.5"", ""43"", ""44"", ""44.5"", ""45""]",https://kixlb.com/products/adidas-samba-white-strawberry-copy-1,2026-04-10T15:12:24Z,True
kix:9666414149989,kix,,Adidas,Adidas samba white strawberry,,,86.0,,,False,in_stock,USD,"[""36"", ""36.5"", ""37.5"", ""38"", ""38.5"", ""39"", ""40"", ""40.5"", ""41"", ""42"", ""42.5"", ""43"", ""44"", ""44.5"", ""45""]",https://kixlb.com/products/adidas-samba-brownie-copy,2026-04-10T15:12:24Z,True
kix:9666414084453,kix,,Adidas,Adidas samba brownie,,,86.0,,,False,in_stock,USD,"[""36"", ""36.5"", ""37.5"", ""38"", ""38.5"", ""39"", ""40"", ""40.5"", ""41"", ""42"", ""42.5"", ""43"", ""44"", ""44.5"", ""45""]",https://kixlb.com/products/adidas-samba-navy-blue-copy,2026-04-10T15:12:24Z,True
kix:9666413232485,kix,,Adidas,Adidas samba navy blue,,,86.0,,,False,in_stock,USD,"[""36"", ""36.5"", ""37.5"", ""38"", ""38.5"", ""39"", ""40"", ""40.5"", ""41"", ""42"", ""42.5"", ""43"", ""44"", ""44.5"", ""45""]",https://kixlb.com/products/adidas-samba-gold-metallic-gucci-copy,2026-04-10T15:12:24Z,True
kix:9666413166949,kix,,Adidas,Adidas samba gold metallic Gucci,,,86.0,,,False,in_stock,USD,"[""36"", ""36.5"", ""37.5"", ""38"", ""38.5"", ""39"", ""40"", ""40.5"", ""41"", ""42"", ""42.5"", ""43"", ""44"", ""44.5"", ""45""]",https://kixlb.com/products/adidas-samba-silver-metallic-gucci-copy,2026-04-10T15:12:24Z,True
kix:9666413003109,kix,,Adidas,Adidas samba silver metallic Gucci,,,86.0,,,False,in_stock,USD,"[""36"", ""36.5"", ""37.5"", ""38"", ""38.5"", ""39"", ""40"", ""40.5"", ""41"", ""42"", ""42.5"", ""43"", ""44"", ""44.5"", ""45""]",https://kixlb.com/products/adidas-samba-brick-copy,2026-04-10T15:12:24Z,True
kix:9666412904805,kix,,Adidas,Adidas samba brick,,,86.0,,,False,in_stock,USD,"[""36"", ""36.5"", ""37.5"", ""38"", ""38.5"", ""39"", ""40"", ""40.5"", ""41"", ""42"", ""42.5"", ""43"", ""44"", ""44.5"", ""45""]",https://kixlb.com/products/adidas-samba-army-green-gucci-copy,2026-04-10T15:12:24Z,True
kix:9666412839269,kix,,Adidas,Adidas samba army green Gucci,,,86.0,,,False,in_stock,USD,"[""36"", ""36.5"", ""37.5"", ""38"", ""38.5"", ""39"", ""40"", ""40.5"", ""41"", ""42"", ""42.5"", ""43"", ""44"", ""44.5"", ""45""]",https://kixlb.com/products/adidas-samba-metalic-pink-copy,2026-04-10T15:12:24Z,True
kix:9666412675429,kix,,Adidas,Adidas samba metalic pink,,,86.0,,,False,in_stock,USD,"[""36"", ""36.5"", ""37.5"", ""38"", ""38.5"", ""39"", ""40"", ""40.5"", ""41"", ""42"", ""42.5"", ""43"", ""44"", ""44.5"", ""45""]",https://kixlb.com/products/adidas-samba-the-north-face-turquoise-copy,2026-04-10T15:12:24Z,True
kix:9666410447205,kix,,The North Face,Adidas samba the north face turquoise,,,86.0,,,False,in_stock,USD,"[""36"", ""36.5"", ""37.5"", ""38"", ""38.5"", ""39"", ""40"", ""40.5"", ""41"", ""42"", ""42.5"", ""43"", ""44"", ""44.5"", ""45""]",https://kixlb.com/products/adidas-samba-full-black-gucci-copy,2026-04-10T15:12:24Z,True
kix:9666410348901,kix,,Adidas,Adidas samba full black Gucci,,,86.0,,,False,in_stock,USD,"[""36"", ""36.5"", ""37.5"", ""38"", ""38.5"", ""39"", ""40"", ""40.5"", ""41"", ""42"", ""42.5"", ""43"", ""44"", ""44.5"", ""45""]",https://kixlb.com/products/adidas-samba-red-tie-cow-copy,2026-04-10T15:12:24Z,True
kix:9666410283365,kix,,Adidas,Adidas samba red tie cow,,,86.0,,,False,in_stock,USD,"[""36"", ""36.5"", ""37.5"", ""38"", ""38.5"", ""39"", ""40"", ""40.5"", ""41"", ""42"", ""42.5"", ""43"", ""44"", ""44.5"", ""45""]",https://kixlb.com/products/adidas-samba-black-cow-copy,2026-04-10T15:12:24Z,True
kix:9666410217829,kix,,Adidas,Adidas samba black cow,,,86.0,,,False,in_stock,USD,"[""36"", ""36.5"", ""37.5"", ""38"", ""38.5"", ""39"", ""40"", ""40.5"", ""41"", ""42"", ""42.5"", ""43"", ""44"", ""44.5"", ""45""]",https://kixlb.com/products/adidas-samba-toffee-copy,2026-04-10T15:12:24Z,True
kix:9666410152293,kix,,Adidas,Adidas samba toffee,,,86.0,,,False,in_stock,USD,"[""36"", ""36.5"", ""37.5"", ""38"", ""38.5"", ""39"", ""40"", ""40.5"", ""41"", ""42"", ""42.5"", ""43"", ""44"", ""44.5"", ""45""]",https://kixlb.com/products/adidas-samba-burgundy-copy,2026-04-10T15:12:24Z,True
kix:9666410119525,kix,,Adidas,Adidas samba burgundy,,,86.0,,,False,in_stock,USD,"[""36"", ""36.5"", ""37.5"", ""38"", ""38.5"", ""39"", ""40"", ""40.5"", ""41"", ""42"", ""42.5"", ""43"", ""44"", ""44.5"", ""45""]",https://kixlb.com/products/adidas-samba-wine-red-copy,2026-04-10T15:12:24Z,True
kix:9666409955685,kix,,Adidas,Adidas samba wine red,,,86.0,,,False,in_stock,USD,"[""36"", ""36.5"", ""37.5"", ""38"", ""38.5"", ""39"", ""40"", ""40.5"", ""41"", ""42"", ""42.5"", ""43"", ""44"", ""44.5"", ""45""]",https://kixlb.com/products/adidas-samba-metalic-blue-copy,2026-04-10T15:12:24Z,True
kix:9666409922917,kix,,Adidas,Adidas samba metalic blue,,,86.0,,,False,in_stock,USD,"[""36"", ""36.5"", ""37.5"", ""38"", ""38.5"", ""39"", ""40"", ""40.5"", ""41"", ""42"", ""42.5"", ""43"", ""44"", ""44.5"", ""45""]",https://kixlb.com/products/adidas-samba-cow-copy,2026-04-10T15:12:24Z,True
kix:9666409857381,kix,,Adidas,Adidas samba cow,,,86.0,,,False,in_stock,USD,"[""36"", ""36.5"", ""37.5"", ""38"", ""38.5"", ""39"", ""40"", ""40.5"", ""41"", ""42"", ""42.5"", ""43"", ""44"", ""44.5"", ""45""]",https://kixlb.com/products/adidas-samba-grey-copy,2026-04-10T15:12:24Z,True
kix:9666409791845,kix,,Adidas,Adidas samba grey,,,86.0,,,False,in_stock,USD,"[""36"", ""36.5"", ""37.5"", ""38"", ""38.5"", ""39"", ""40"", ""40.5"", ""41"", ""42"", ""42.5"", ""43"", ""44"", ""44.5"", ""45""]",https://kixlb.com/products/adidas-samba-green-copy,2026-04-10T15:12:24Z,True
kix:9666409660773,kix,,Adidas,Adidas samba green,,,86.0,,,False,in_stock,USD,"[""36"", ""36.5"", ""37.5"", ""38"", ""38.5"", ""39"", ""40"", ""40.5"", ""41"", ""42"", ""42.5"", ""43"", ""44"", ""44.5"", ""45""]",https://kixlb.com/products/adidas-samba-black-and-red-copy,2026-04-10T15:12:24Z,True
kix:9666391703909,kix,,Adidas,Adidas samba black and red,,,86.0,,,False,in_stock,USD,"[""36"", ""36.5"", ""37.5"", ""38"", ""38.5"", ""39"", ""40"", ""40.5"", ""41"", ""42"", ""42.5"", ""43"", ""44"", ""44.5"", ""45""]",https://kixlb.com/products/adidas-samba-gucci-black-copy,2026-04-10T15:12:24Z,True
kix:9666391671141,kix,,Adidas,Adidas samba gucci black,,,86.0,,,False,in_stock,USD,"[""36"", ""36.5"", ""37.5"", ""38"", ""38.5"", ""39"", ""40"", ""40.5"", ""41"", ""42"", ""42.5"", ""43"", ""44"", ""44.5"", ""45""]",https://kixlb.com/products/adidas-samba-dice-copy,2026-04-10T15:12:24Z,True
kix:9666391638373,kix,,Adidas,Adidas samba dice,,,86.0,,,False,in_stock,USD,"[""36"", ""36.5"", ""37.5"", ""38"", ""38.5"", ""39"", ""40"", ""40.5"", ""41"", ""42"", ""42.5"", ""43"", ""44"", ""44.5"", ""45""]",https://kixlb.com/products/adidas-samba-leopard-copy,2026-04-10T15:12:24Z,True
kix:9666391605605,kix,,Adidas,Adidas samba leopard,,,86.0,,,False,in_stock,USD,"[""36"", ""36.5"", ""37.5"", ""38"", ""38.5"", ""39"", ""40"", ""40.5"", ""41"", ""42"", ""42.5"", ""43"", ""44"", ""44.5"", ""45""]",https://kixlb.com/products/adidas-samba-rhinestones-copy,2026-04-10T15:12:24Z,True
kix:9666391540069,kix,,Adidas,Adidas samba rhinestones,,,86.0,,,False,in_stock,USD,"[""36"", ""36.5"", ""37.5"", ""38"", ""38.5"", ""39"", ""40"", ""40.5"", ""41"", ""42"", ""42.5"", ""43"", ""44"", ""44.5"", ""45""]",https://kixlb.com/products/adidas-samba-winnie-the-poo-copy,2026-04-10T15:12:24Z,True
kix:9666391408997,kix,,Adidas,Adidas samba Winnie the poo,,,86.0,,,False,in_stock,USD,"[""36"", ""36.5"", ""37.5"", ""38"", ""38.5"", ""39"", ""40"", ""40.5"", ""41"", ""42"", ""42.5"", ""43"", ""44"", ""44.5"", ""45""]",https://kixlb.com/products/adidas-samba-winnie-the-poo,2026-04-10T15:12:24Z,True
kix:9666391310693,kix,,Adidas,Adidas samba retro navy,,,86.0,,,False,in_stock,USD,"[""36"", ""36.5"", ""37.5"", ""38"", ""38.5"", ""39"", ""40"", ""40.5"", ""41"", ""42"", ""42.5"", ""43"", ""44"", ""44.5"", ""45""]",https://kixlb.com/products/adidas-samba-christmas-copy,2026-04-10T15:12:24Z,True
kix:9666391245157,kix,,Adidas,Adidas samba Christmas,,,86.0,,,False,in_stock,USD,"[""36"", ""36.5"", ""37.5"", ""38"", ""38.5"", ""39"", ""40"", ""40.5"", ""41"", ""42"", ""42.5"", ""43"", ""44"", ""44.5"", ""45""]",https://kixlb.com/products/adidas-samba-blue-stripes-copy,2026-04-10T15:12:24Z,True
kix:9666389967205,kix,,Adidas,Adidas samba blue stripes,,,86.0,,,False,in_stock,USD,"[""36"", ""36.5"", ""37.5"", ""38"", ""38.5"", ""39"", ""40"", ""40.5"", ""41"", ""42"", ""42.5"", ""43"", ""44"", ""44.5"", ""45""]",https://kixlb.com/products/adidas-samba-autumn-copy,2026-04-10T15:12:24Z,True
kix:9666389770597,kix,,Adidas,Adidas samba autumn,,,86.0,,,False,in_stock,USD,"[""36"", ""36.5"", ""37.5"", ""38"", ""38.5"", ""39"", ""40"", ""40.5"", ""41"", ""42"", ""42.5"", ""43"", ""44"", ""44.5"", ""45""]",https://kixlb.com/products/adidas-samba-gucci-copy,2026-04-10T15:12:24Z,True
kix:9666389541221,kix,,Adidas,Adidas samba gucci,,,86.0,,,False,in_stock,USD,"[""36"", ""36.5"", ""37.5"", ""38"", ""38.5"", ""39"", ""40"", ""40.5"", ""41"", ""42"", ""42.5"", ""43"", ""44"", ""44.5"", ""45""]",https://kixlb.com/products/adidas-samba-dark-jeans-and-grey-copy,2026-04-10T15:12:24Z,True
kix:9666389115237,kix,,Adidas,Adidas samba dark jeans and grey,,,86.0,,,False,in_stock,USD,"[""36"", ""36.5"", ""37.5"", ""38"", ""38.5"", ""39"", ""40"", ""40.5"", ""41"", ""42"", ""42.5"", ""43"", ""44"", ""44.5"", ""45""]",https://kixlb.com/products/adidas-samba,2026-04-10T15:12:24Z,True
