style_code,comparison_match_type,comparison_availability_relation,comparison_sale_relation,comparison_category_overlap,comparison_category_overlap_values,comparison_gender_overlap,comparison_gender_overlap_values,comparison_colorway_overlap,comparison_colorway_overlap_values,comparison_price_status,comparison_currency_match,comparison_fx_rate_lbp_per_usd,comparison_same_current_price,comparison_current_price_diff,comparison_current_price_diff_usd,comparison_current_price_diff_lbp,comparison_current_price_diff_pct_vs_adidas,comparison_current_price_diff_pct_vs_adidas_usd,comparison_current_price_relation,comparison_cheaper_retailer,comparison_same_discount_pct,comparison_discount_pct_diff,comparison_discount_relation,comparison_higher_discount_retailer,mikesport_row_count,mikesport_has_duplicate_rows,mikesport_product_name,mikesport_product_names,mikesport_source_url,mikesport_source_urls,mikesport_source_url_count,mikesport_category,mikesport_categories,mikesport_gender_target,mikesport_gender_targets,mikesport_colorway,mikesport_colorways,mikesport_availability_summary,mikesport_availability_values,mikesport_in_stock_count,mikesport_out_of_stock_count,mikesport_unknown_stock_count,mikesport_sizes_available,mikesport_sizes_count,mikesport_currency,mikesport_currency_values,mikesport_current_price_min,mikesport_current_price_max,mikesport_current_price_min_usd,mikesport_current_price_max_usd,mikesport_current_price_min_lbp,mikesport_current_price_max_lbp,mikesport_regular_price_min,mikesport_regular_price_max,mikesport_regular_price_min_usd,mikesport_regular_price_max_usd,mikesport_regular_price_min_lbp,mikesport_regular_price_max_lbp,mikesport_sale_price_min,mikesport_sale_price_max,mikesport_sale_price_min_usd,mikesport_sale_price_max_usd,mikesport_sale_price_min_lbp,mikesport_sale_price_max_lbp,mikesport_discount_pct_min,mikesport_discount_pct_max,mikesport_any_on_sale,mikesport_all_on_sale,adidas_row_count,adidas_has_duplicate_rows,adidas_product_name,adidas_product_names,adidas_source_url,adidas_source_urls,adidas_source_url_count,adidas_category,adidas_categories,adidas_gender_target,adidas_gender_targets,adidas_colorway,adidas_colorways,adidas_availability_summary,adidas_availability_values,adidas_in_stock_count,adidas_out_of_stock_count,adidas_unknown_stock_count,adidas_sizes_available,adidas_sizes_count,adidas_currency,adidas_currency_values,adidas_current_price_min,adidas_current_price_max,adidas_current_price_min_usd,adidas_current_price_max_usd,adidas_current_price_min_lbp,adidas_current_price_max_lbp,adidas_regular_price_min,adidas_regular_price_max,adidas_regular_price_min_usd,adidas_regular_price_max_usd,adidas_regular_price_min_lbp,adidas_regular_price_max_lbp,adidas_sale_price_min,adidas_sale_price_max,adidas_sale_price_min_usd,adidas_sale_price_max_usd,adidas_sale_price_min_lbp,adidas_sale_price_max_lbp,adidas_discount_pct_min,adidas_discount_pct_max,adidas_any_on_sale,adidas_all_on_sale,comparison_notes
B75806,exact_style_code,both_in_stock,neither_on_sale,False,,False,,False,,normalized_compare,False,90000.0,True,0.0,0.0,0.0,0.0,0.0,same_price,tie,True,0.0,neither_discounted,tie,1,False,Adidas Samba Og Unisex Original Shoes White/Black/Gum,Adidas Samba Og Unisex Original Shoes White/Black/Gum,https://lb.mikesport.com/products/adidas-samba-og-unisex-original-shoes-white-black-gum,https://lb.mikesport.com/products/adidas-samba-og-unisex-original-shoes-white-black-gum,1,shoes,shoes,unisex,unisex,Cloud White/Core Black/Gum,Cloud White/Core Black/Gum,in_stock,in_stock,1,0,0,44 2/3 EU | 45 1/3 EU | 46 EU | 36 2/3 EU | 38 EU | 38 2/3 EU | 40 EU | 40 2/3 EU | 41 1/3 EU | 42 EU | 43 1/3 EU | 44 EU,12,USD,USD,159.0,159.0,159.0,159.0,14310000.0,14310000.0,159.0,159.0,159.0,159.0,14310000.0,14310000.0,,,,,,,,,False,False,2,True,"Samba Og Shoes, White","Samba OG Shoes, White | Samba Og Shoes, White",https://www.adidas.com.lb/en/adidas-outlet-samba-og-shoes-white/A9_B75806_ONE.html,https://www.adidas.com.lb/en/adidas-samba-og-shoes-white/A7_B75806_ONE.html | https://www.adidas.com.lb/en/adidas-outlet-samba-og-shoes-white/A9_B75806_ONE.html,2,Samba Shoes,Originals | Samba Shoes,,women,White,White,in_stock,in_stock,2,0,0,36 2/3 | 37 1/3 | 38 | 40 | 40 2/3 | 41 1/3 | 42 | 42 2/3 | 43 1/3 | 44 | 44 2/3 | 45 1/3 | 46 | 46 2/3 | 47 1/3 | 36,16,LBP,LBP,14310000.0,14310000.0,159.0,159.0,14310000.0,14310000.0,14310000.0,14310000.0,159.0,159.0,14310000.0,14310000.0,,,,,,,,,False,False,Neither retailer currently shows a discount for this style code.
B75807,exact_style_code,both_in_stock,neither_on_sale,False,,False,,False,,normalized_compare,False,90000.0,True,0.0,0.0,0.0,0.0,0.0,same_price,tie,True,0.0,neither_discounted,tie,1,False,Adidas Samba Og Unixes Original Shoes Black/White/ Gum,Adidas Samba Og Unixes Original Shoes Black/White/ Gum,https://lb.mikesport.com/products/adidas-samba-og-men-original-shoes-black-white-gum,https://lb.mikesport.com/products/adidas-samba-og-men-original-shoes-black-white-gum,1,shoes,shoes,unisex,unisex,Black/White/Gum,Black/White/Gum,in_stock,in_stock,1,0,0,44 2/3 EU | 45 1/3 EU | 37 1/3 EU | 40 EU | 40 2/3 EU | 42 EU | 42 2/3 EU | 43 1/3 EU | 44 EU,9,USD,USD,159.0,159.0,159.0,159.0,14310000.0,14310000.0,159.0,159.0,159.0,159.0,14310000.0,14310000.0,,,,,,,,,False,False,2,True,"Samba OG Shoes, Black","Samba OG Shoes, Black",https://www.adidas.com.lb/en/adidas-outlet-samba-og-shoes-black/A9_B75807_ONE.html,https://www.adidas.com.lb/en/adidas-samba-og-shoes-black/A7_B75807_ONE.html | https://www.adidas.com.lb/en/adidas-outlet-samba-og-shoes-black/A9_B75807_ONE.html,2,Samba Shoes,Originals | Samba Shoes,,men,Black,Black,in_stock,in_stock,2,0,0,36 | 36 2/3 | 37 1/3 | 38 | 38 2/3 | 39 1/3 | 40 | 40 2/3 | 42 | 42 2/3 | 43 1/3 | 44 | 44 2/3 | 45 1/3 | 46 | 46 2/3 | 48 | 48 2/3,18,LBP,LBP,14310000.0,14310000.0,159.0,159.0,14310000.0,14310000.0,14310000.0,14310000.0,159.0,159.0,14310000.0,14310000.0,,,,,,,,,False,False,Neither retailer currently shows a discount for this style code.
BB5476,exact_style_code,both_in_stock,neither_on_sale,False,,True,men,False,,normalized_compare,False,90000.0,True,0.0,0.0,0.0,0.0,0.0,same_price,tie,True,0.0,neither_discounted,tie,1,False,Adidas Gazelle Men Original Shoes Black/White/Gold,Adidas Gazelle Men Original Shoes Black/White/Gold,https://lb.mikesport.com/products/adidas-gazelle-men-original-shoes-black-white-gold,https://lb.mikesport.com/products/adidas-gazelle-men-original-shoes-black-white-gold,1,shoes,shoes,men,men,s and slightly wider proportions. A nubuck upper gives these shoes a smooth touch and soft feel. Highlights: Regular fit Lace closure Enjoy the comfort and performance of OrthoLite® sockliner Composition: Nubuck Upper with Synthetic Leather Overlays Textile Lining Rubber Outsole Color: Black/White/Gold,s and slightly wider proportions. A nubuck upper gives these shoes a smooth touch and soft feel. Highlights: Regular fit Lace closure Enjoy the comfort and performance of OrthoLite® sockliner Composition: Nubuck Upper with Synthetic Leather Overlays Textile Lining Rubber Outsole Color: Black/White/Gold,in_stock,in_stock,1,0,0,44 2/3 EU,1,USD,USD,159.0,159.0,159.0,159.0,14310000.0,14310000.0,159.0,159.0,159.0,159.0,14310000.0,14310000.0,,,,,,,,,False,False,1,False,"Gazelle Shoes, Black","Gazelle Shoes, Black",https://www.adidas.com.lb/en/adidas-gazelle-shoes-black/A7_BB5476_ONE.html,https://www.adidas.com.lb/en/adidas-gazelle-shoes-black/A7_BB5476_ONE.html,1,Originals,Originals,men,men,Black,Black,in_stock,in_stock,1,0,0,40 2/3 | 42 | 42 2/3 | 43 1/3 | 44 | 44 2/3 | 45 1/3 | 46,8,LBP,LBP,14310000.0,14310000.0,159.0,159.0,14310000.0,14310000.0,14310000.0,14310000.0,159.0,159.0,14310000.0,14310000.0,,,,,,,,,False,False,Neither retailer currently shows a discount for this style code.
DB3021,exact_style_code,both_in_stock,neither_on_sale,False,,True,men,False,,normalized_compare,False,90000.0,True,0.0,0.0,0.0,0.0,0.0,same_price,tie,True,0.0,neither_discounted,tie,1,False,Adidas Handball Spezial Men Original Shoes Black/White/Gum,Adidas Handball Spezial Men Original Shoes Black/White/Gum,https://lb.mikesport.com/products/adidas-handball-spezial-men-original-shoes-black-white-gum,https://lb.mikesport.com/products/adidas-handball-spezial-men-original-shoes-black-white-gum,1,shoes,shoes,men,men,Black/White/Gum,Black/White/Gum,in_stock,in_stock,1,0,0,42 2/3 EU,1,USD,USD,159.0,159.0,159.0,159.0,14310000.0,14310000.0,159.0,159.0,159.0,159.0,14310000.0,14310000.0,,,,,,,,,False,False,1,False,"Handball Spezial Shoes, Black","Handball Spezial Shoes, Black",https://www.adidas.com.lb/en/adidas-handball-spezial-shoes-black/A7_DB3021_ONE.html,https://www.adidas.com.lb/en/adidas-handball-spezial-shoes-black/A7_DB3021_ONE.html,1,Originals,Originals,men,men,Black,Black,in_stock,in_stock,1,0,0,36 2/3 | 37 1/3 | 38 | 38 2/3 | 42 | 42 2/3 | 43 1/3 | 44 | 44 2/3 | 45 1/3 | 46,11,LBP,LBP,14310000.0,14310000.0,159.0,159.0,14310000.0,14310000.0,14310000.0,14310000.0,159.0,159.0,14310000.0,14310000.0,,,,,,,,,False,False,Neither retailer currently shows a discount for this style code.
DZ9365,exact_style_code,both_in_stock,mikesport_only_on_sale,False,,True,unisex,False,,normalized_compare,False,90000.0,False,-5.0,-5.0,-450000.0,-27.78,-27.78,mikesport_cheaper,mikesport_lb,False,27.78,mikesport_only_discounted,mikesport_lb,1,False,Adidas Cushioning Ankle 3Pp Unisex Training Sock White,Adidas Cushioning Ankle 3Pp Unisex Training Sock White,https://lb.mikesport.com/products/adidas-cush-ank-3pp-unisex-training-sock-white-dz9365,https://lb.mikesport.com/products/adidas-cush-ank-3pp-unisex-training-sock-white-dz9365,1,sock,sock,unisex,unisex,White,White,in_stock,in_stock,1,0,0,M | S | XS,3,USD,USD,13.0,13.0,13.0,13.0,1170000.0,1170000.0,18.0,18.0,18.0,18.0,1620000.0,1620000.0,13.0,13.0,13.0,13.0,1170000.0,1170000.0,27.78,27.78,True,True,1,False,"Unisex Cushioned Ankle Socks 3 Pairs, Multicolour","Unisex Cushioned Ankle Socks 3 Pairs, Multicolour",https://www.adidas.com.lb/en/outlet-adidas-unisex-cushioned-ankle-socks-3-pairs-multicolour/A9_DZ9365_ONE.html,https://www.adidas.com.lb/en/outlet-adidas-unisex-cushioned-ankle-socks-3-pairs-multicolour/A9_DZ9365_ONE.html,1,Accessories,Accessories,unisex,unisex,Multicolour,Multicolour,in_stock,in_stock,1,0,0,34-36 | 37-39,2,LBP,LBP,1620000.0,1620000.0,18.0,18.0,1620000.0,1620000.0,1620000.0,1620000.0,18.0,18.0,1620000.0,1620000.0,,,,,,,,,False,False,
DZ9435,exact_style_code,both_in_stock,mikesport_only_on_sale,False,,True,unisex,True,White,normalized_compare,False,90000.0,False,-5.0,-5.0,-450000.0,-27.78,-27.78,mikesport_cheaper,mikesport_lb,False,27.78,mikesport_only_discounted,mikesport_lb,1,False,Adidas Unisex Training Dz9435 Light Ank 3Pp White/White/White,Adidas Unisex Training Dz9435 Light Ank 3Pp White/White/White,https://lb.mikesport.com/products/adidas-unisex-training-dz9435-light-ank-3pp-white-white-white,https://lb.mikesport.com/products/adidas-unisex-training-dz9435-light-ank-3pp-white-white-white,1,sock,sock,unisex,unisex,White,White,in_stock,in_stock,1,0,0,XS,1,USD,USD,13.0,13.0,13.0,13.0,1170000.0,1170000.0,18.0,18.0,18.0,18.0,1620000.0,1620000.0,13.0,13.0,13.0,13.0,1170000.0,1170000.0,27.78,27.78,True,True,1,False,"Unisex Ankle Socks 3 Pairs, White","Unisex Ankle Socks 3 Pairs, White",https://www.adidas.com.lb/en/adidas-outlet-unisex-ankle-socks-3-pairs-white/A9_DZ9435_ONE.html,https://www.adidas.com.lb/en/adidas-outlet-unisex-ankle-socks-3-pairs-white/A9_DZ9435_ONE.html,1,Accessories,Accessories,unisex,unisex,White,White,in_stock,in_stock,1,0,0,34-36 | 31-33,2,LBP,LBP,1620000.0,1620000.0,18.0,18.0,1620000.0,1620000.0,1620000.0,1620000.0,18.0,18.0,1620000.0,1620000.0,,,,,,,,,False,False,
EG2041,exact_style_code,both_in_stock,both_on_sale,False,,True,men,False,,normalized_compare,False,90000.0,False,-4.0,-4.0,-360000.0,-16.67,-16.67,mikesport_cheaper,mikesport_lb,False,12.23,mikesport_higher_discount,mikesport_lb,1,False,Adidas Eezay Flip Flop Men Swim Slippers Blue Eg2041,Adidas Eezay Flip Flop Men Swim Slippers Blue Eg2041,https://lb.mikesport.com/products/adidas-eezay-flip-flop-men-swim-slippers-blue-eg2041,https://lb.mikesport.com/products/adidas-eezay-flip-flop-men-swim-slippers-blue-eg2041,1,slippers,slippers,men,men,,,in_stock,in_stock,1,0,0,38 EU,1,USD,USD,20.0,20.0,20.0,20.0,1800000.0,1800000.0,38.0,38.0,38.0,38.0,3420000.0,3420000.0,20.0,20.0,20.0,20.0,1800000.0,1800000.0,47.37,47.37,True,True,1,False,"Eezay Flip-Flops, Blue","Eezay Flip-Flops, Blue",https://www.adidas.com.lb/en/adidas-outlet-eezay-flip-flops-blue/A9_EG2041_ONE.html,https://www.adidas.com.lb/en/adidas-outlet-eezay-flip-flops-blue/A9_EG2041_ONE.html,1,Shoes,Shoes,men,men,Blue,Blue,in_stock,in_stock,1,0,0,40 2/3 | 42 | 43 1/3 | 44 2/3,4,LBP,LBP,2160000.0,2160000.0,24.0,24.0,2160000.0,2160000.0,3330000.0,3330000.0,37.0,37.0,3330000.0,3330000.0,2160000.0,2160000.0,24.0,24.0,2160000.0,2160000.0,35.14,35.14,True,True,
EG4958,exact_style_code,both_in_stock,both_on_sale,False,,False,,False,,normalized_compare,False,90000.0,False,23.0,23.0,2070000.0,28.75,28.75,adidas_cheaper,adidas_lb,False,-14.47,adidas_higher_discount,adidas_lb,1,False,Adidas Superstar Unisex Original Shoes Whte,Adidas Superstar Unisex Original Shoes Whte,https://lb.mikesport.com/products/adidas-superstar-men-original-shoes-whte,https://lb.mikesport.com/products/adidas-superstar-men-original-shoes-whte,1,espadrilles,espadrilles,unisex,unisex,,,in_stock,in_stock,1,0,0,44 2/3 EU | 46 2/3 EU,2,USD,USD,103.0,103.0,103.0,103.0,9270000.0,9270000.0,159.0,159.0,159.0,159.0,14310000.0,14310000.0,103.0,103.0,103.0,103.0,9270000.0,9270000.0,35.22,35.22,True,True,1,False,"Superstar Shoes, White","Superstar Shoes, White",https://www.adidas.com.lb/en/adidas-outlet-superstar-shoes-white/A9_EG4958_ONE.html,https://www.adidas.com.lb/en/adidas-outlet-superstar-shoes-white/A9_EG4958_ONE.html,1,Superstar,Superstar,,,White,White,in_stock,in_stock,1,0,0,36 | 36 2/3 | 43 1/3 | 44 | 44 2/3 | 45 1/3,6,LBP,LBP,7200000.0,7200000.0,80.0,80.0,7200000.0,7200000.0,14310000.0,14310000.0,159.0,159.0,14310000.0,14310000.0,7200000.0,7200000.0,80.0,80.0,7200000.0,7200000.0,49.69,49.69,True,True,
F35542,exact_style_code,both_in_stock,neither_on_sale,False,,False,,False,,normalized_compare,False,90000.0,False,1.0,1.0,90000.0,2.7,2.7,adidas_cheaper,adidas_lb,True,0.0,neither_discounted,tie,1,False,Adidas Adilette Aqua Men Swim Slippers Dark Blue,Adidas Adilette Aqua Men Swim Slippers Dark Blue,https://lb.mikesport.com/products/adidas-adilette-aqua-men-swim-slippers-dark-blue,https://lb.mikesport.com/products/adidas-adilette-aqua-men-swim-slippers-dark-blue,1,slippers,slippers,men,men,Dark Blue / Cloud White / Dark Blue,Dark Blue / Cloud White / Dark Blue,in_stock,in_stock,1,0,0,44 2/3 EU | 46 EU | 47 1/3 EU | 48 2/3 EU | 39 1/3 EU | 40 2/3 EU | 42 EU | 43 1/3 EU,8,USD,USD,38.0,38.0,38.0,38.0,3420000.0,3420000.0,38.0,38.0,38.0,38.0,3420000.0,3420000.0,,,,,,,,,False,False,1,False,"Unisex Adilette Aqua Slides, Blue","Unisex Adilette Aqua Slides, Blue",https://www.adidas.com.lb/en/adidas-unisex-adilette-aqua-slides-blue/A7_F35542_ONE.html,https://www.adidas.com.lb/en/adidas-unisex-adilette-aqua-slides-blue/A7_F35542_ONE.html,1,Slides & Slippers,Slides & Slippers,unisex,unisex,Blue,Blue,in_stock,in_stock,1,0,0,36 2/3 | 38 | 39 1/3 | 40 2/3 | 42 | 43 1/3 | 46 | 47 1/3,8,LBP,LBP,3330000.0,3330000.0,37.0,37.0,3330000.0,3330000.0,3330000.0,3330000.0,37.0,37.0,3330000.0,3330000.0,,,,,,,,,False,False,Neither retailer currently shows a discount for this style code.
F35550,exact_style_code,both_in_stock,neither_on_sale,False,,True,unisex,True,Black,normalized_compare,False,90000.0,False,1.0,1.0,90000.0,2.7,2.7,adidas_cheaper,adidas_lb,True,0.0,neither_discounted,tie,1,False,Adidas Adilette Aqua Unisex Sportswear Slippers Black,Adidas Adilette Aqua Unisex Sportswear Slippers Black,https://lb.mikesport.com/products/adidas-adilette-aqua-unisex-sportswear-slippers-black,https://lb.mikesport.com/products/adidas-adilette-aqua-unisex-sportswear-slippers-black,1,slippers,slippers,unisex,unisex,Black,Black,in_stock,in_stock,1,0,0,44 2/3 EU | 39 1/3 EU,2,USD,USD,38.0,38.0,38.0,38.0,3420000.0,3420000.0,38.0,38.0,38.0,38.0,3420000.0,3420000.0,,,,,,,,,False,False,1,False,"Unisex Adilette Aqua Slides, Black","Unisex Adilette Aqua Slides, Black",https://www.adidas.com.lb/en/adidas-unisex-adilette-aqua-slides-black/A7_F35550_ONE.html,https://www.adidas.com.lb/en/adidas-unisex-adilette-aqua-slides-black/A7_F35550_ONE.html,1,Swimming,Swimming,unisex,unisex,Black,Black,in_stock,in_stock,1,0,0,38 | 39 1/3 | 42 | 43 1/3 | 44 2/3,5,LBP,LBP,3330000.0,3330000.0,37.0,37.0,3330000.0,3330000.0,3330000.0,3330000.0,37.0,37.0,3330000.0,3330000.0,,,,,,,,,False,False,Neither retailer currently shows a discount for this style code.
F35556,exact_style_code,both_in_stock,neither_on_sale,False,,False,,False,,normalized_compare,False,90000.0,True,0.0,0.0,0.0,0.0,0.0,same_price,tie,True,0.0,neither_discounted,tie,1,False,Adidas Adilette Aqua Ps/Gs-Boys Swim Slippers Black/White,Adidas Adilette Aqua Ps/Gs-Boys Swim Slippers Black/White,https://lb.mikesport.com/products/adidas-adilette-aqua-ps-gs-boys-swim-slippers-black-white,https://lb.mikesport.com/products/adidas-adilette-aqua-ps-gs-boys-swim-slippers-black-white,1,slippers,slippers,boys,boys,Black/White,Black/White,in_stock,in_stock,1,0,0,33 EU | 28 EU | 30 EU | 29 EU | 30 1/2 EU | 31 1/2 EU | 35 1/2 EU,7,USD,USD,32.0,32.0,32.0,32.0,2880000.0,2880000.0,32.0,32.0,32.0,32.0,2880000.0,2880000.0,,,,,,,,,False,False,1,False,"Unisex Adilette Aqua Slides, Black","Unisex Adilette Aqua Slides, Black",https://www.adidas.com.lb/en/adidas-unisex-adilette-aqua-slides-black/A7_F35556_ONE.html,https://www.adidas.com.lb/en/adidas-unisex-adilette-aqua-slides-black/A7_F35556_ONE.html,1,Slides & Slippers,Slides & Slippers,unisex,unisex,Black,Black,in_stock,in_stock,1,0,0,35.5 | 28 | 29 | 30 | 30.5 | 31.5 | 33 | 34,8,LBP,LBP,2880000.0,2880000.0,32.0,32.0,2880000.0,2880000.0,2880000.0,2880000.0,32.0,32.0,2880000.0,2880000.0,,,,,,,,,False,False,Neither retailer currently shows a discount for this style code.
FM9931,exact_style_code,both_in_stock,adidas_only_on_sale,False,,True,unisex,False,,normalized_compare,False,90000.0,False,5.0,5.0,450000.0,62.5,62.5,adidas_cheaper,adidas_lb,False,-33.33,adidas_only_discounted,adidas_lb,1,False,Adidas Performance 0.75 Unisex Training Water Bottle Black,Adidas Performance 0.75 Unisex Training Water Bottle Black,https://lb.mikesport.com/products/adidas-performance-0-75-unisex-training-water-bottle-black-fm9931,https://lb.mikesport.com/products/adidas-performance-0-75-unisex-training-water-bottle-black-fm9931,1,bottle,bottle,unisex,unisex,Black/Solar Red,Black/Solar Red,in_stock,in_stock,1,0,0,,0,USD,USD,13.0,13.0,13.0,13.0,1170000.0,1170000.0,13.0,13.0,13.0,13.0,1170000.0,1170000.0,,,,,,,,,False,False,2,True,"Unisex Performance 750 Ml Water Bottle, Multicolour","Unisex Performance 750 Ml Water Bottle, Multicolour",https://www.adidas.com.lb/en/outlet-adidas-unisex-performance-750-ml-water-bottle-multicolour/A9_FM9931_ONE.html,https://www.adidas.com.lb/en/adidas-unisex-performance-750-ml-water-bottle-multicolour/A7_FM9931_ONE.html | https://www.adidas.com.lb/en/outlet-adidas-unisex-performance-750-ml-water-bottle-multicolour/A9_FM9931_ONE.html,2,Accessories,Bottles | Accessories,unisex,unisex,Multicolour,Multicolour,in_stock,in_stock,2,0,0,NS,1,LBP,LBP,720000.0,1170000.0,8.0,13.0,720000.0,1170000.0,1080000.0,1170000.0,12.0,13.0,1080000.0,1170000.0,720000.0,720000.0,8.0,8.0,720000.0,720000.0,33.33,33.33,True,False,
FM9932,exact_style_code,both_in_stock,neither_on_sale,False,,True,unisex,False,,normalized_compare,False,90000.0,True,0.0,0.0,0.0,0.0,0.0,same_price,tie,True,0.0,neither_discounted,tie,1,False,Adidas Performance Unisex Training Water Bottle White/Black,Adidas Performance Unisex Training Water Bottle White/Black,https://lb.mikesport.com/products/adidas-performance-unisex-training-water-bottle-white-black,https://lb.mikesport.com/products/adidas-performance-unisex-training-water-bottle-white-black,1,bottle,bottle,unisex,unisex,White/Black,White/Black,in_stock,in_stock,1,0,0,,0,USD,USD,13.0,13.0,13.0,13.0,1170000.0,1170000.0,13.0,13.0,13.0,13.0,1170000.0,1170000.0,,,,,,,,,False,False,1,False,"Unisex Performance 750 Ml Water Bottle, White","Unisex Performance 750 Ml Water Bottle, White",https://www.adidas.com.lb/en/adidas-unisex-performance-750-ml-water-bottle-white/A7_FM9932_ONE.html,https://www.adidas.com.lb/en/adidas-unisex-performance-750-ml-water-bottle-white/A7_FM9932_ONE.html,1,Bottles,Bottles,unisex,unisex,White,White,in_stock,in_stock,1,0,0,NS,1,LBP,LBP,1170000.0,1170000.0,13.0,13.0,1170000.0,1170000.0,1170000.0,1170000.0,13.0,13.0,1170000.0,1170000.0,,,,,,,,,False,False,Neither retailer currently shows a discount for this style code.
FX7534,exact_style_code,both_in_stock,both_on_sale,False,,False,,False,,normalized_compare,False,90000.0,True,0.0,0.0,0.0,0.0,0.0,same_price,tie,True,0.0,same_discount_pct,tie,1,False,Adidas Stan Smith Ps Original Shoes White/Green,Adidas Stan Smith Ps Original Shoes White/Green,https://lb.mikesport.com/products/adidas-stan-smith-ps-original-shoes-white-green,https://lb.mikesport.com/products/adidas-stan-smith-ps-original-shoes-white-green,1,espadrilles,espadrilles,kids,kids,Cloud White / Cloud White / Green,Cloud White / Cloud White / Green,in_stock,in_stock,1,0,0,33 EU | 33 1/3 EU | 32 EU | 34 EU | 35 EU,5,USD,USD,48.0,48.0,48.0,48.0,4320000.0,4320000.0,95.0,95.0,95.0,95.0,8550000.0,8550000.0,48.0,48.0,48.0,48.0,4320000.0,4320000.0,49.47,49.47,True,True,1,False,"Kids Unisex Stan Smith Shoes, White","Kids Unisex Stan Smith Shoes, White",https://www.adidas.com.lb/en/adidas-outlet-kids-unisex-stan-smith-shoes-white/A9_FX7534_ONE.html,https://www.adidas.com.lb/en/adidas-outlet-kids-unisex-stan-smith-shoes-white/A9_FX7534_ONE.html,1,Stan Smith,Stan Smith,unisex,unisex,White,White,in_stock,in_stock,1,0,0,28 | 32 | 34 | 35,4,LBP,LBP,4320000.0,4320000.0,48.0,48.0,4320000.0,4320000.0,8550000.0,8550000.0,95.0,95.0,8550000.0,8550000.0,4320000.0,4320000.0,48.0,48.0,4320000.0,4320000.0,49.47,49.47,True,True,
FY8072,exact_style_code,both_in_stock,adidas_only_on_sale,False,,False,,False,,normalized_compare,False,90000.0,False,11.0,11.0,990000.0,52.38,52.38,adidas_cheaper,adidas_lb,False,-34.38,adidas_only_discounted,adidas_lb,1,False,Adidas Adilette Aqua Girls Sportswear Slippers Pink/White,Adidas Adilette Aqua Girls Sportswear Slippers Pink/White,https://lb.mikesport.com/products/adidas-adilette-aqua-girls-sportswear-slippers-pink-white,https://lb.mikesport.com/products/adidas-adilette-aqua-girls-sportswear-slippers-pink-white,1,slippers,slippers,girls,girls,Pink/White,Pink/White,in_stock,in_stock,1,0,0,33 EU | 30 EU | 29 EU | 30 1/2 EU | 31 1/2 EU,5,USD,USD,32.0,32.0,32.0,32.0,2880000.0,2880000.0,32.0,32.0,32.0,32.0,2880000.0,2880000.0,,,,,,,,,False,False,1,False,"Kids Unisex Adilette Aqua Slides, Pink","Kids Unisex Adilette Aqua Slides, Pink",https://www.adidas.com.lb/en/adidas-outlet-kids-unisex-adilette-aqua-slides-pink/A9_FY8072_ONE.html,https://www.adidas.com.lb/en/adidas-outlet-kids-unisex-adilette-aqua-slides-pink/A9_FY8072_ONE.html,1,Shoes,Shoes,unisex,unisex,Pink,Pink,in_stock,in_stock,1,0,0,28 | 29 | 30 | 30.5 | 31.5 | 33 | 34,7,LBP,LBP,1890000.0,1890000.0,21.0,21.0,1890000.0,1890000.0,2880000.0,2880000.0,32.0,32.0,2880000.0,2880000.0,1890000.0,1890000.0,21.0,21.0,1890000.0,1890000.0,34.38,34.38,True,True,
GM5542,exact_style_code,both_in_stock,both_on_sale,False,,True,women,False,,normalized_compare,False,90000.0,False,10.0,10.0,900000.0,33.33,33.33,adidas_cheaper,adidas_lb,False,-13.16,adidas_higher_discount,adidas_lb,1,False,Adidas Essentials Women Lifestyle Pants Black/White,Adidas Essentials Women Lifestyle Pants Black/White,https://lb.mikesport.com/products/adidas-essentials-women-lifestyle-pant-black-white-1,https://lb.mikesport.com/products/adidas-essentials-women-lifestyle-pant-black-white-1,1,pant,pant,women,women,White,White,in_stock,in_stock,1,0,0,XL,1,USD,USD,40.0,40.0,40.0,40.0,3600000.0,3600000.0,76.0,76.0,76.0,76.0,6840000.0,6840000.0,40.0,40.0,40.0,40.0,3600000.0,3600000.0,47.37,47.37,True,True,1,False,"Essentials Single Jersey 3-Stripes Joggers, Black","Essentials Single Jersey 3-Stripes Joggers, Black",https://www.adidas.com.lb/en/adidas-outlet-essentials-single-jersey-3-stripes-joggers-black/A9_GM5542_ONE.html,https://www.adidas.com.lb/en/adidas-outlet-essentials-single-jersey-3-stripes-joggers-black/A9_GM5542_ONE.html,1,Joggers & Trousers,Joggers & Trousers,women,women,Black,Black,in_stock,in_stock,1,0,0,S,1,LBP,LBP,2700000.0,2700000.0,30.0,30.0,2700000.0,2700000.0,6840000.0,6840000.0,76.0,76.0,6840000.0,6840000.0,2700000.0,2700000.0,30.0,30.0,2700000.0,2700000.0,60.53,60.53,True,True,
GN1877,exact_style_code,both_in_stock,both_on_sale,False,,True,unisex,True,Black,normalized_compare,False,90000.0,False,-4.0,-4.0,-360000.0,-12.12,-12.12,mikesport_cheaper,mikesport_lb,False,11.44,mikesport_higher_discount,mikesport_lb,1,False,Adidas 0.75 L Steel Water Unisex Training Bottle Black,Adidas 0.75 L Steel Water Unisex Training Bottle Black,https://lb.mikesport.com/products/adidas-0-75-l-steel-water-unisex-training-bottle-black,https://lb.mikesport.com/products/adidas-0-75-l-steel-water-unisex-training-bottle-black,1,bottle,bottle,unisex,unisex,Black,Black,in_stock,in_stock,1,0,0,,0,USD,USD,29.0,29.0,29.0,29.0,2610000.0,2610000.0,42.0,42.0,42.0,42.0,3780000.0,3780000.0,29.0,29.0,29.0,29.0,2610000.0,2610000.0,30.95,30.95,True,True,1,False,"Unisex 0.75 L Steel Water Bottle, Black","Unisex 0.75 L Steel Water Bottle, Black",https://www.adidas.com.lb/en/outlet-adidas-unisex-0.75-l-steel-water-bottle-black/A9_GN1877_ONE.html,https://www.adidas.com.lb/en/outlet-adidas-unisex-0.75-l-steel-water-bottle-black/A9_GN1877_ONE.html,1,Accessories,Accessories,unisex,unisex,Black,Black,in_stock,in_stock,1,0,0,NS,1,LBP,LBP,2970000.0,2970000.0,33.0,33.0,2970000.0,2970000.0,3690000.0,3690000.0,41.0,41.0,3690000.0,3690000.0,2970000.0,2970000.0,33.0,33.0,2970000.0,2970000.0,19.51,19.51,True,True,
GS4284,exact_style_code,both_in_stock,both_on_sale,False,,True,girls,False,,normalized_compare,False,90000.0,False,-2.0,-2.0,-180000.0,-9.09,-9.09,mikesport_cheaper,mikesport_lb,False,4.38,mikesport_higher_discount,mikesport_lb,1,False,Adidas Performance Kids-Girls Sportswear Pant Grey Heather/Pink,Adidas Performance Kids-Girls Sportswear Pant Grey Heather/Pink,https://lb.mikesport.com/products/adidas-performance-kids-girls-sportswear-pant-grey-heather-pink,https://lb.mikesport.com/products/adidas-performance-kids-girls-sportswear-pant-grey-heather-pink,1,pant,pant,girls,girls,Grey Heather/Pink,Grey Heather/Pink,in_stock,in_stock,1,0,0,14-15 Years,1,USD,USD,20.0,20.0,20.0,20.0,1800000.0,1800000.0,55.0,55.0,55.0,55.0,4950000.0,4950000.0,20.0,20.0,20.0,20.0,1800000.0,1800000.0,63.64,63.64,True,True,1,False,"Kids Essentials French Terry Pants, Grey","Kids Essentials French Terry Pants, Grey",https://www.adidas.com.lb/en/adidas-outlet-kids-essentials-french-terry-pants-grey/A9_GS4284_ONE.html,https://www.adidas.com.lb/en/adidas-outlet-kids-essentials-french-terry-pants-grey/A9_GS4284_ONE.html,1,Girls Clothing,Girls Clothing,girls,girls,Grey,Grey,in_stock,in_stock,1,0,0,4-5 Yrs,1,LBP,LBP,1980000.0,1980000.0,22.0,22.0,1980000.0,1980000.0,4860000.0,4860000.0,54.0,54.0,4860000.0,4860000.0,1980000.0,1980000.0,22.0,22.0,1980000.0,1980000.0,59.26,59.26,True,True,
GU8940,exact_style_code,both_in_stock,both_on_sale,False,,True,women,True,Black,normalized_compare,False,90000.0,False,-12.0,-12.0,-1080000.0,-19.35,-19.35,mikesport_cheaper,mikesport_lb,False,12.63,mikesport_higher_discount,mikesport_lb,1,False,Adidas Own The Run 7/8 Women Running Tight Black,Adidas Own The Run 7/8 Women Running Tight Black,https://lb.mikesport.com/products/adidas-own-the-run-7-8-women-running-tight-black,https://lb.mikesport.com/products/adidas-own-the-run-7-8-women-running-tight-black,1,tight,tight,women,women,Black,Black,in_stock,in_stock,1,0,0,M | S | XS,3,USD,USD,50.0,50.0,50.0,50.0,4500000.0,4500000.0,95.0,95.0,95.0,95.0,8550000.0,8550000.0,50.0,50.0,50.0,50.0,4500000.0,4500000.0,47.37,47.37,True,True,1,False,"Own the Run 7/8 Running Leggings, Black","Own the Run 7/8 Running Leggings, Black",https://www.adidas.com.lb/en/adidas-outlet-own-the-run-7-8-running-leggings-black/A9_GU8940_ONE.html,https://www.adidas.com.lb/en/adidas-outlet-own-the-run-7-8-running-leggings-black/A9_GU8940_ONE.html,1,Joggers & Trousers,Joggers & Trousers,women,women,Black,Black,in_stock,in_stock,1,0,0,S | M,2,LBP,LBP,5580000.0,5580000.0,62.0,62.0,5580000.0,5580000.0,8550000.0,8550000.0,95.0,95.0,8550000.0,8550000.0,5580000.0,5580000.0,62.0,62.0,5580000.0,5580000.0,34.74,34.74,True,True,
GW1981,exact_style_code,both_in_stock,both_on_sale,False,,False,,False,,normalized_compare,False,90000.0,False,5.0,5.0,450000.0,13.89,13.89,adidas_cheaper,adidas_lb,False,-6.4,adidas_higher_discount,adidas_lb,1,False,Adidas Tensaur Sport 2.0 Ps-Boys Sportswear Shoes Cloud White/Black,Adidas Tensaur Sport 2.0 Ps-Boys Sportswear Shoes Cloud White/Black,https://lb.mikesport.com/products/adidas-tensaur-sport-2-0-ps-boys-sportswear-shoes-cloud-white-black,https://lb.mikesport.com/products/adidas-tensaur-sport-2-0-ps-boys-sportswear-shoes-cloud-white-black,1,shoes,shoes,boys,boys,Cloud White/Core Black,Cloud White/Core Black,in_stock,in_stock,1,0,0,33 EU | 32 EU | 34 EU | 35 EU,4,USD,USD,41.0,41.0,41.0,41.0,3690000.0,3690000.0,58.0,58.0,58.0,58.0,5220000.0,5220000.0,41.0,41.0,41.0,41.0,3690000.0,3690000.0,29.31,29.31,True,True,1,False,"Unisex Tensaur Hook and Loop Shoes, White","Unisex Tensaur Hook and Loop Shoes, White",https://www.adidas.com.lb/en/outlet-adidas-unisex-tensaur-hook-and-loop-shoes-white/A9_GW1981_ONE.html,https://www.adidas.com.lb/en/outlet-adidas-unisex-tensaur-hook-and-loop-shoes-white/A9_GW1981_ONE.html,1,Boys Shoes,Boys Shoes,unisex,unisex,White,White,in_stock,in_stock,1,0,0,37 1/3 | 38 | 38 2/3 | 39 1/3,4,LBP,LBP,3240000.0,3240000.0,36.0,36.0,3240000.0,3240000.0,5040000.0,5040000.0,56.0,56.0,5040000.0,5040000.0,3240000.0,3240000.0,36.0,36.0,3240000.0,3240000.0,35.71,35.71,True,True,
GW1988,exact_style_code,both_in_stock,neither_on_sale,False,,False,,False,,normalized_compare,False,90000.0,False,1.0,1.0,90000.0,2.13,2.13,adidas_cheaper,adidas_lb,True,0.0,neither_discounted,tie,1,False,Adidas Tensaur Sport 2.0 Infant-Boys Sportswear Shoes Cloud White/Black,Adidas Tensaur Sport 2.0 Infant-Boys Sportswear Shoes Cloud White/Black,https://lb.mikesport.com/products/adidas-tensaur-sport-2-0-infant-boys-sportswear-shoes-cloud-white-black,https://lb.mikesport.com/products/adidas-tensaur-sport-2-0-infant-boys-sportswear-shoes-cloud-white-black,1,shoes,shoes,unisex,unisex,Cloud White/Core Black,Cloud White/Core Black,in_stock,in_stock,1,0,0,23 EU | 25 EU | 26 EU,3,USD,USD,48.0,48.0,48.0,48.0,4320000.0,4320000.0,48.0,48.0,48.0,48.0,4320000.0,4320000.0,,,,,,,,,False,False,1,False,"Unisex Kids Tensaur Hook and Loop Shoes, White","Unisex Kids Tensaur Hook and Loop Shoes, White",https://www.adidas.com.lb/en/adidas-unisex-kids-tensaur-hook-and-loop-shoes-white/A7_GW1988_ONE.html,https://www.adidas.com.lb/en/adidas-unisex-kids-tensaur-hook-and-loop-shoes-white/A7_GW1988_ONE.html,1,Training,Training,kids,kids,White,White,in_stock,in_stock,1,0,0,26 | 27,2,LBP,LBP,4230000.0,4230000.0,47.0,47.0,4230000.0,4230000.0,4230000.0,4230000.0,47.0,47.0,4230000.0,4230000.0,,,,,,,,,False,False,Neither retailer currently shows a discount for this style code.
GW6439,exact_style_code,both_in_stock,both_on_sale,False,,False,,False,,normalized_compare,False,90000.0,False,-8.0,-8.0,-720000.0,-16.33,-16.33,mikesport_cheaper,mikesport_lb,False,9.64,mikesport_higher_discount,mikesport_lb,1,False,Adidas Tensaur Sport 2.0 Ps-Boys Sportswear Shoes Core Black/Grey,Adidas Tensaur Sport 2.0 Ps-Boys Sportswear Shoes Core Black/Grey,https://lb.mikesport.com/products/adidas-tensaur-sport-2-0-ps-boys-sportswear-shoes-core-black-grey,https://lb.mikesport.com/products/adidas-tensaur-sport-2-0-ps-boys-sportswear-shoes-core-black-grey,1,shoes,shoes,boys,boys,Core Black/Grey Six,Core Black/Grey Six,in_stock,in_stock,1,0,0,28 EU | 30 EU | 29 EU | 31 EU | 32 EU | 34 EU | 35 EU,7,USD,USD,41.0,41.0,41.0,41.0,3690000.0,3690000.0,58.0,58.0,58.0,58.0,5220000.0,5220000.0,41.0,41.0,41.0,41.0,3690000.0,3690000.0,29.31,29.31,True,True,1,False,"Kids Unisex Tensaur Hook and Loop Shoes, Black","Kids Unisex Tensaur Hook and Loop Shoes, Black",https://www.adidas.com.lb/en/outlet-adidas-kids-unisex-tensaur-hook-and-loop-shoes-black/A9_GW6439_ONE.html,https://www.adidas.com.lb/en/outlet-adidas-kids-unisex-tensaur-hook-and-loop-shoes-black/A9_GW6439_ONE.html,1,Boys Shoes,Boys Shoes,unisex,unisex,Black,Black,in_stock,in_stock,1,0,0,30 | 31 | 32 | 33 | 34 | 35 | 36 | 37 1/3 | 38 | 38 2/3 | 39 1/3 | 40,12,LBP,LBP,4410000.0,4410000.0,49.0,49.0,4410000.0,4410000.0,5490000.0,5490000.0,61.0,61.0,5490000.0,5490000.0,4410000.0,4410000.0,49.0,49.0,4410000.0,4410000.0,19.67,19.67,True,True,
GW6455,exact_style_code,both_in_stock,both_on_sale,False,,True,unisex,False,,normalized_compare,False,90000.0,False,-9.0,-9.0,-810000.0,-20.93,-20.93,mikesport_cheaper,mikesport_lb,False,8.8,mikesport_higher_discount,mikesport_lb,1,False,Adidas Tensaur Sport 2.0 Infant-Boys Sportswear Shoes Core Black/Grey,Adidas Tensaur Sport 2.0 Infant-Boys Sportswear Shoes Core Black/Grey,https://lb.mikesport.com/products/adidas-tensaur-sport-2-0-infant-boys-sportswear-shoes-core-black-grey,https://lb.mikesport.com/products/adidas-tensaur-sport-2-0-infant-boys-sportswear-shoes-core-black-grey,1,shoes,shoes,unisex,unisex,Core Black/Grey Six,Core Black/Grey Six,in_stock,in_stock,1,0,0,22 EU | 21 EU | 23 EU,3,USD,USD,34.0,34.0,34.0,34.0,3060000.0,3060000.0,48.0,48.0,48.0,48.0,4320000.0,4320000.0,34.0,34.0,34.0,34.0,3060000.0,3060000.0,29.17,29.17,True,True,1,False,"Kids Unisex Tensaur Hook and Loop Shoes, Black","Kids Unisex Tensaur Hook and Loop Shoes, Black",https://www.adidas.com.lb/en/outlet-adidas-kids-unisex-tensaur-hook-and-loop-shoes-black/A9_GW6455_ONE.html,https://www.adidas.com.lb/en/outlet-adidas-kids-unisex-tensaur-hook-and-loop-shoes-black/A9_GW6455_ONE.html,1,Boys Shoes,Boys Shoes,unisex,unisex,Black,Black,in_stock,in_stock,1,0,0,23 | 25 | 26 | 27,4,LBP,LBP,3870000.0,3870000.0,43.0,43.0,3870000.0,3870000.0,4860000.0,4860000.0,54.0,54.0,4860000.0,4860000.0,3870000.0,3870000.0,43.0,43.0,3870000.0,3870000.0,20.37,20.37,True,True,
GY0042,exact_style_code,both_in_stock,neither_on_sale,False,,True,women,False,,normalized_compare,False,90000.0,True,0.0,0.0,0.0,0.0,0.0,same_price,tie,True,0.0,neither_discounted,tie,1,False,Adidas Campus 00S Women Original Shoes Crystal White/Black,Adidas Campus 00S Women Original Shoes Crystal White/Black,https://lb.mikesport.com/products/adidas-campus-00s-women-original-shoes-crystal-white-black,https://lb.mikesport.com/products/adidas-campus-00s-women-original-shoes-crystal-white-black,1,shoes,shoes,women,women,Crystal White/Black,Crystal White/Black,in_stock,in_stock,1,0,0,36 EU | 36 2/3 EU | 37 1/3 EU | 38 EU | 38 2/3 EU | 39 1/3 EU | 40 EU | 40 2/3 EU,8,USD,USD,159.0,159.0,159.0,159.0,14310000.0,14310000.0,159.0,159.0,159.0,159.0,14310000.0,14310000.0,,,,,,,,,False,False,1,False,"Campus 00s Shoes, White","Campus 00s Shoes, White",https://www.adidas.com.lb/en/adidas-campus-00s-shoes-white/A7_GY0042_ONE.html,https://www.adidas.com.lb/en/adidas-campus-00s-shoes-white/A7_GY0042_ONE.html,1,Originals,Originals,women,women,White,White,in_stock,in_stock,1,0,0,36 2/3 | 37 1/3 | 38 | 38 2/3 | 39 1/3 | 40 | 40 2/3 | 41 1/3,8,LBP,LBP,14310000.0,14310000.0,159.0,159.0,14310000.0,14310000.0,14310000.0,14310000.0,159.0,159.0,14310000.0,14310000.0,,,,,,,,,False,False,Neither retailer currently shows a discount for this style code.
GZ2522,exact_style_code,both_in_stock,both_on_sale,False,,False,,False,,normalized_compare,False,90000.0,False,-15.0,-15.0,-1350000.0,-18.99,-18.99,mikesport_cheaper,mikesport_lb,False,12.4,mikesport_higher_discount,mikesport_lb,1,False,Adidas Copa Pure.3 Men Turf Shoes White/ Lemon,Adidas Copa Pure.3 Men Turf Shoes White/ Lemon,https://lb.mikesport.com/products/adidas-copa-pure-3-men-turf-shoes-white-lemon,https://lb.mikesport.com/products/adidas-copa-pure-3-men-turf-shoes-white-lemon,1,espadrilles,espadrilles,men,men,White/Lemon,White/Lemon,in_stock,in_stock,1,0,0,40 2/3 EU | 41 1/3 EU | 44 EU,3,USD,USD,64.0,64.0,64.0,64.0,5760000.0,5760000.0,121.0,121.0,121.0,121.0,10890000.0,10890000.0,64.0,64.0,64.0,64.0,5760000.0,5760000.0,47.11,47.11,True,True,1,False,"Unisex Copa Pure Ii.3 Turf Boots Ftwr, White","Unisex Copa Pure Ii.3 Turf Boots Ftwr, White",https://www.adidas.com.lb/en/adidas-outlet-unisex-copa-pure-ii.3-turf-boots-ftwr-white/A9_GZ2522_ONE.html,https://www.adidas.com.lb/en/adidas-outlet-unisex-copa-pure-ii.3-turf-boots-ftwr-white/A9_GZ2522_ONE.html,1,Shoes,Shoes,unisex,unisex,White,White,in_stock,in_stock,1,0,0,40 | 40 2/3 | 41 1/3 | 42 | 42 2/3 | 43 1/3 | 44 | 44 2/3 | 45 1/3,9,LBP,LBP,7110000.0,7110000.0,79.0,79.0,7110000.0,7110000.0,10890000.0,10890000.0,121.0,121.0,10890000.0,10890000.0,7110000.0,7110000.0,79.0,79.0,7110000.0,7110000.0,34.71,34.71,True,True,
GZ5896,exact_style_code,both_in_stock,adidas_only_on_sale,False,,False,,False,,normalized_compare,False,90000.0,False,23.0,23.0,2070000.0,52.27,52.27,adidas_cheaper,adidas_lb,False,-34.33,adidas_only_discounted,adidas_lb,1,False,Adidas Adilette Comfort Men Swim Slippers Black,Adidas Adilette Comfort Men Swim Slippers Black,https://lb.mikesport.com/products/adidas-adilette-comfort-men-swim-slippers-black-1,https://lb.mikesport.com/products/adidas-adilette-comfort-men-swim-slippers-black-1,1,slippers,slippers,men,men,Core Black / Core Black / Core Black,Core Black / Core Black / Core Black,in_stock,in_stock,1,0,0,46 EU | 43 1/3 EU,2,USD,USD,67.0,67.0,67.0,67.0,6030000.0,6030000.0,67.0,67.0,67.0,67.0,6030000.0,6030000.0,,,,,,,,,False,False,2,True,"Unisex Adilette Comfort Slides, Black","Unisex Adilette Comfort Slides, Black",https://www.adidas.com.lb/en/outlet-adidas-unisex-adilette-comfort-slides-black/A9_GZ5896_ONE.html,https://www.adidas.com.lb/en/adidas-unisex-adilette-comfort-slides-black/A7_GZ5896_ONE.html | https://www.adidas.com.lb/en/outlet-adidas-unisex-adilette-comfort-slides-black/A9_GZ5896_ONE.html,2,Shoes,Slides & Slippers | Shoes,unisex,unisex,Black,Black,in_stock,in_stock,2,0,0,36 2/3 | 38 | 39 1/3 | 40 2/3 | 42 | 43 1/3 | 47 1/3,7,LBP,LBP,3960000.0,6030000.0,44.0,67.0,3960000.0,6030000.0,6030000.0,6030000.0,67.0,67.0,6030000.0,6030000.0,3960000.0,3960000.0,44.0,44.0,3960000.0,3960000.0,34.33,34.33,True,False,
H03472,exact_style_code,both_in_stock,neither_on_sale,False,,False,,False,,normalized_compare,False,90000.0,True,0.0,0.0,0.0,0.0,0.0,same_price,tie,True,0.0,neither_discounted,tie,1,False,Adidas Campus 00S Unisex Original Shoes Green/White,Adidas Campus 00S Unisex Original Shoes Green/White,https://lb.mikesport.com/products/adidas-campus-00s-unisex-original-shoes-green-white,https://lb.mikesport.com/products/adidas-campus-00s-unisex-original-shoes-green-white,1,shoes,shoes,unisex,unisex,"blocking, graphics and branding create a fresh identity for the next generation to own and style. Highlights: Regular fit Lace closure Composition: Leather upper Textile lining Rubber outsole Color: Green/White","blocking, graphics and branding create a fresh identity for the next generation to own and style. Highlights: Regular fit Lace closure Composition: Leather upper Textile lining Rubber outsole Color: Green/White",in_stock,in_stock,1,0,0,44 2/3 EU | 45 1/3 EU | 35 1/2 EU | 36 EU | 37 1/3 EU | 41 1/3 EU | 42 EU | 42 2/3 EU | 43 1/3 EU | 44 EU,10,USD,USD,159.0,159.0,159.0,159.0,14310000.0,14310000.0,159.0,159.0,159.0,159.0,14310000.0,14310000.0,,,,,,,,,False,False,1,False,"Campus 00s Shoes, Green","Campus 00s Shoes, Green",https://www.adidas.com.lb/en/adidas-campus-00s-shoes-green/A7_H03472_ONE.html,https://www.adidas.com.lb/en/adidas-campus-00s-shoes-green/A7_H03472_ONE.html,1,Originals,Originals,men,men,Green,Green,in_stock,in_stock,1,0,0,36 | 36 2/3 | 37 1/3 | 38 | 38 2/3 | 39 1/3 | 40 | 40 2/3 | 41 1/3 | 42 | 42 2/3 | 43 1/3 | 44 | 44 2/3 | 45 1/3 | 46 | 46 2/3,17,LBP,LBP,14310000.0,14310000.0,159.0,159.0,14310000.0,14310000.0,14310000.0,14310000.0,159.0,159.0,14310000.0,14310000.0,,,,,,,,,False,False,Neither retailer currently shows a discount for this style code.
H57287,exact_style_code,both_in_stock,both_on_sale,False,,True,women,False,,normalized_compare,False,90000.0,False,-16.0,-16.0,-1440000.0,-22.22,-22.22,mikesport_cheaper,mikesport_lb,False,14.86,mikesport_higher_discount,mikesport_lb,1,False,Adidas Future Icons 3 Stripes Full Zip Women Sportswear Hoody Black,Adidas Future Icons 3 Stripes Full Zip Women Sportswear Hoody Black,https://lb.mikesport.com/products/adidas-future-icons-3-stripes-full-zip-women-sportswear-hoody-black-1,https://lb.mikesport.com/products/adidas-future-icons-3-stripes-full-zip-women-sportswear-hoody-black-1,1,hoody,hoody,women,women,Black/White,Black/White,in_stock,in_stock,1,0,0,M | S,2,USD,USD,56.0,56.0,56.0,56.0,5040000.0,5040000.0,112.0,112.0,112.0,112.0,10080000.0,10080000.0,56.0,56.0,56.0,56.0,5040000.0,5040000.0,50.0,50.0,True,True,1,False,"adidas Sportswear Future Icons 3-Stripes Hooded Track Top, Black","adidas Sportswear Future Icons 3-Stripes Hooded Track Top, Black",https://www.adidas.com.lb/en/adidas-outlet-adidas-sportswear-future-icons-3-stripes-hooded-track-top-black/A9_H57287_ONE.html,https://www.adidas.com.lb/en/adidas-outlet-adidas-sportswear-future-icons-3-stripes-hooded-track-top-black/A9_H57287_ONE.html,1,Tops,Tops,women,women,Black,Black,in_stock,in_stock,1,0,0,XS,1,LBP,LBP,6480000.0,6480000.0,72.0,72.0,6480000.0,6480000.0,9990000.0,9990000.0,111.0,111.0,9990000.0,9990000.0,6480000.0,6480000.0,72.0,72.0,6480000.0,6480000.0,35.14,35.14,True,True,
H65796,exact_style_code,both_in_stock,both_on_sale,False,,False,,False,,normalized_compare,False,90000.0,False,-5.0,-5.0,-450000.0,-17.24,-17.24,mikesport_cheaper,mikesport_lb,False,11.36,mikesport_higher_discount,mikesport_lb,1,False,Adidas Essential 3S Kids-Unisex Sportswear Pant Black/White,Adidas Essential 3S Kids-Unisex Sportswear Pant Black/White,https://lb.mikesport.com/products/adidas-essential-3s-kids-unisex-sportswear-pant-black-white,https://lb.mikesport.com/products/adidas-essential-3s-kids-unisex-sportswear-pant-black-white,1,pant,pant,unisex,unisex,Black/White,Black/White,in_stock,in_stock,1,0,0,3-4 Years | 5-6 Years,2,USD,USD,24.0,24.0,24.0,24.0,2160000.0,2160000.0,44.0,44.0,44.0,44.0,3960000.0,3960000.0,24.0,24.0,24.0,24.0,2160000.0,2160000.0,45.45,45.45,True,True,1,False,"Unisex Kids adidas Essential 3-Stripes Joggers, Black","Unisex Kids adidas Essential 3-Stripes Joggers, Black",https://www.adidas.com.lb/en/adidas-outlet-unisex-kids-adidas-essential-3-stripes-joggers-black/A9_H65796_ONE.html,https://www.adidas.com.lb/en/adidas-outlet-unisex-kids-adidas-essential-3-stripes-joggers-black/A9_H65796_ONE.html,1,Boys Clothing,Boys Clothing,kids,kids,Black,Black,in_stock,in_stock,1,0,0,3-4 Yrs | 4-5 Yrs | 5-6 Yrs | 7-8 Yrs | 6-7 Yrs,5,LBP,LBP,2610000.0,2610000.0,29.0,29.0,2610000.0,2610000.0,3960000.0,3960000.0,44.0,44.0,3960000.0,3960000.0,2610000.0,2610000.0,29.0,29.0,2610000.0,2610000.0,34.09,34.09,True,True,
HB9204,exact_style_code,both_in_stock,both_on_sale,False,,True,men,True,Black,normalized_compare,False,90000.0,False,-4.0,-4.0,-360000.0,-9.76,-9.76,mikesport_cheaper,mikesport_lb,False,6.55,mikesport_higher_discount,mikesport_lb,1,False,Adidas D4T Men Training T-Shirt Black/White,Adidas D4T Men Training T-Shirt Black/White,https://lb.mikesport.com/products/adidas-d4t-men-training-t-shirt-black-white,https://lb.mikesport.com/products/adidas-d4t-men-training-t-shirt-black-white,1,t-shirt,t-shirt,men,men,Black,Black,in_stock,in_stock,1,0,0,S,1,USD,USD,37.0,37.0,37.0,37.0,3330000.0,3330000.0,61.0,61.0,61.0,61.0,5490000.0,5490000.0,37.0,37.0,37.0,37.0,3330000.0,3330000.0,39.34,39.34,True,True,1,False,"Designed for Training T-shirt, Black","Designed for Training T-shirt, Black",https://www.adidas.com.lb/en/outlet-adidas-designed-for-training-t-shirt-black/A9_HB9204_ONE.html,https://www.adidas.com.lb/en/outlet-adidas-designed-for-training-t-shirt-black/A9_HB9204_ONE.html,1,Tops,Tops,men,men,Black,Black,in_stock,in_stock,1,0,0,XS | S | 2XL,3,LBP,LBP,3690000.0,3690000.0,41.0,41.0,3690000.0,3690000.0,5490000.0,5490000.0,61.0,61.0,5490000.0,5490000.0,3690000.0,3690000.0,41.0,41.0,3690000.0,3690000.0,32.79,32.79,True,True,
HD6803,exact_style_code,both_in_stock,both_on_sale,False,,True,women,True,Black,normalized_compare,False,90000.0,False,-11.0,-11.0,-990000.0,-22.45,-22.45,mikesport_cheaper,mikesport_lb,False,14.47,mikesport_higher_discount,mikesport_lb,1,False,Adidas Essential 7/8 Women Training Tight Black,Adidas Essential 7/8 Women Training Tight Black,https://lb.mikesport.com/products/adidas-essential-7-8-women-training-tight-black,https://lb.mikesport.com/products/adidas-essential-7-8-women-training-tight-black,1,tight,tight,women,women,Black,Black,in_stock,in_stock,1,0,0,XS,1,USD,USD,38.0,38.0,38.0,38.0,3420000.0,3420000.0,76.0,76.0,76.0,76.0,6840000.0,6840000.0,38.0,38.0,38.0,38.0,3420000.0,3420000.0,50.0,50.0,True,True,1,False,"Yoga Essentials High-Waisted Leggings, Black","Yoga Essentials High-Waisted Leggings, Black",https://www.adidas.com.lb/en/adidas-outlet-yoga-essentials-high-waisted-leggings-black/A9_HD6803_ONE.html,https://www.adidas.com.lb/en/adidas-outlet-yoga-essentials-high-waisted-leggings-black/A9_HD6803_ONE.html,1,Joggers & Trousers,Joggers & Trousers,women,women,Black,Black,in_stock,in_stock,1,0,0,XS | S,2,LBP,LBP,4410000.0,4410000.0,49.0,49.0,4410000.0,4410000.0,6840000.0,6840000.0,76.0,76.0,6840000.0,6840000.0,4410000.0,4410000.0,49.0,49.0,4410000.0,4410000.0,35.53,35.53,True,True,
HF4086,exact_style_code,both_in_stock,both_on_sale,False,,True,women,False,,normalized_compare,False,90000.0,False,7.0,7.0,630000.0,25.93,25.93,adidas_cheaper,adidas_lb,False,-10.45,adidas_higher_discount,adidas_lb,1,False,Adidas Summer Women Sportswear Short Black,Adidas Summer Women Sportswear Short Black,https://lb.mikesport.com/products/adidas-summer-women-sportswear-short-black,https://lb.mikesport.com/products/adidas-summer-women-sportswear-short-black,1,short,short,women,women,Black/White,Black/White,in_stock,in_stock,1,0,0,M | S,2,USD,USD,34.0,34.0,34.0,34.0,3060000.0,3060000.0,67.0,67.0,67.0,67.0,6030000.0,6030000.0,34.0,34.0,34.0,34.0,3060000.0,3060000.0,49.25,49.25,True,True,1,False,"Summer Shorts, Black","Summer Shorts, Black",https://www.adidas.com.lb/en/adidas-outlet-summer-shorts-black/A9_HF4086_ONE.html,https://www.adidas.com.lb/en/adidas-outlet-summer-shorts-black/A9_HF4086_ONE.html,1,Shorts,Shorts,women,women,Black,Black,in_stock,in_stock,1,0,0,2 XS,1,LBP,LBP,2430000.0,2430000.0,27.0,27.0,2430000.0,2430000.0,6030000.0,6030000.0,67.0,67.0,6030000.0,6030000.0,2430000.0,2430000.0,27.0,27.0,2430000.0,2430000.0,59.7,59.7,True,True,
HM4970,exact_style_code,both_in_stock,neither_on_sale,False,,False,,False,,normalized_compare,False,90000.0,True,0.0,0.0,0.0,0.0,0.0,same_price,tie,True,0.0,neither_discounted,tie,1,False,Adidas Rubber X3 Unisex Basketball Ball Natural/Black/Gold,Adidas Rubber X3 Unisex Basketball Ball Natural/Black/Gold,https://lb.mikesport.com/products/adidas-rubber-x3-unisex-basketball-ball-natural-black-gold,https://lb.mikesport.com/products/adidas-rubber-x3-unisex-basketball-ball-natural-black-gold,1,ball,ball,unisex,unisex,Natural/Black/Gold,Natural/Black/Gold,in_stock,in_stock,1,0,0,7,1,USD,USD,32.0,32.0,32.0,32.0,2880000.0,2880000.0,32.0,32.0,32.0,32.0,2880000.0,2880000.0,,,,,,,,,False,False,1,False,"3-Stripes Rubber X3 Basketball, Orange","3-Stripes Rubber X3 Basketball, Orange",https://www.adidas.com.lb/en/adidas-3-stripes-rubber-x3-basketball-orange/A7_HM4970_ONE.html,https://www.adidas.com.lb/en/adidas-3-stripes-rubber-x3-basketball-orange/A7_HM4970_ONE.html,1,Sports Balls,Sports Balls,men,men,Orange,Orange,in_stock,in_stock,1,0,0,7,1,LBP,LBP,2880000.0,2880000.0,32.0,32.0,2880000.0,2880000.0,2880000.0,2880000.0,32.0,32.0,2880000.0,2880000.0,,,,,,,,,False,False,Neither retailer currently shows a discount for this style code.
HM4975,exact_style_code,both_in_stock,neither_on_sale,False,,False,,False,,normalized_compare,False,90000.0,False,1.0,1.0,90000.0,2.44,2.44,adidas_cheaper,adidas_lb,True,0.0,neither_discounted,tie,1,False,Adidas All Court 3.0 Unisex Basketball Ball Wood/Black,Adidas All Court 3.0 Unisex Basketball Ball Wood/Black,https://lb.mikesport.com/products/adidas-all-court-3-0-unisex-basketball-ball-wood-black-hm4975,https://lb.mikesport.com/products/adidas-all-court-3-0-unisex-basketball-ball-wood-black-hm4975,1,ball,ball,unisex,unisex,Wood/Black,Wood/Black,in_stock,in_stock,1,0,0,7,1,USD,USD,42.0,42.0,42.0,42.0,3780000.0,3780000.0,42.0,42.0,42.0,42.0,3780000.0,3780000.0,,,,,,,,,False,False,2,True,"All Court 3.0 Ball, Orange","All Court 3.0 Ball, Orange",https://www.adidas.com.lb/en/adidas-all-court-3.0-ball-orange/A7_HM4975_ONE.html,https://www.adidas.com.lb/en/adidas-all-court-3.0-ball-orange/A7_HM4975_ONE.html | https://www.adidas.com.lb/en/outlet-adidas-all-court-3.0-ball-orange/A9_HM4975_ONE.html,2,Sports Balls,Sports Balls | Basketball,men,men,Orange,Orange,in_stock,in_stock,2,0,0,6 | 7,2,LBP,LBP,3690000.0,3690000.0,41.0,41.0,3690000.0,3690000.0,3690000.0,3690000.0,41.0,41.0,3690000.0,3690000.0,,,,,,,,,False,False,Neither retailer currently shows a discount for this style code.
HQ8707,exact_style_code,both_in_stock,neither_on_sale,False,,False,,False,,normalized_compare,False,90000.0,True,0.0,0.0,0.0,0.0,0.0,same_price,tie,True,0.0,neither_discounted,tie,1,False,Adidas Campus 00S Unisex Original Shoes Grey/White/Off White,Adidas Campus 00S Unisex Original Shoes Grey/White/Off White,https://lb.mikesport.com/products/adidas-campus-00s-men-original-shoes-grey-white-off-white,https://lb.mikesport.com/products/adidas-campus-00s-men-original-shoes-grey-white-off-white,1,shoes,shoes,unisex,unisex,s and proportions. Highlights : Regular fit Lace closure Composition: Leather upper Terry textile lining Rubber outsole Color: Grey/White/Off White,s and proportions. Highlights : Regular fit Lace closure Composition: Leather upper Terry textile lining Rubber outsole Color: Grey/White/Off White,in_stock,in_stock,1,0,0,44 2/3 EU | 45 1/3 EU | 46 EU | 46 2/3 EU | 35 1/3 EU | 36 EU | 36 2/3 EU | 42 EU | 42 2/3 EU | 43 1/3 EU | 44 EU,11,USD,USD,159.0,159.0,159.0,159.0,14310000.0,14310000.0,159.0,159.0,159.0,159.0,14310000.0,14310000.0,,,,,,,,,False,False,1,False,"Campus 00s Shoes, Grey","Campus 00s Shoes, Grey",https://www.adidas.com.lb/en/adidas-campus-00s-shoes-grey/A7_HQ8707_ONE.html,https://www.adidas.com.lb/en/adidas-campus-00s-shoes-grey/A7_HQ8707_ONE.html,1,Originals,Originals,women,women,Grey,Grey,in_stock,in_stock,1,0,0,36 2/3 | 37 1/3 | 38 | 38 2/3 | 39 1/3 | 40 2/3 | 41 1/3 | 42 | 42 2/3 | 43 1/3 | 44 | 46,12,LBP,LBP,14310000.0,14310000.0,159.0,159.0,14310000.0,14310000.0,14310000.0,14310000.0,159.0,159.0,14310000.0,14310000.0,,,,,,,,,False,False,Neither retailer currently shows a discount for this style code.
HQ8708,exact_style_code,both_in_stock,neither_on_sale,False,,False,,False,,normalized_compare,False,90000.0,True,0.0,0.0,0.0,0.0,0.0,same_price,tie,True,0.0,neither_discounted,tie,1,False,Adidas Campus 00S Unisex Original Shoes Black/White,Adidas Campus 00S Unisex Original Shoes Black/White,https://lb.mikesport.com/products/adidas-campus-00s-men-original-shoes-black-white,https://lb.mikesport.com/products/adidas-campus-00s-men-original-shoes-black-white,1,shoes,shoes,unisex,unisex,s and proportions. Highlights : Regular fit Lace closure Composition: Leather upper Terry textile lining Rubber outsole Color: Black/White,s and proportions. Highlights : Regular fit Lace closure Composition: Leather upper Terry textile lining Rubber outsole Color: Black/White,in_stock,in_stock,1,0,0,44 2/3 EU | 43 1/3 EU | 44 EU,3,USD,USD,159.0,159.0,159.0,159.0,14310000.0,14310000.0,159.0,159.0,159.0,159.0,14310000.0,14310000.0,,,,,,,,,False,False,1,False,"Campus 00s Shoes, Black","Campus 00s Shoes, Black",https://www.adidas.com.lb/en/adidas-campus-00s-shoes-black/A7_HQ8708_ONE.html,https://www.adidas.com.lb/en/adidas-campus-00s-shoes-black/A7_HQ8708_ONE.html,1,Originals,Originals,men,men,Black,Black,in_stock,in_stock,1,0,0,36 | 36 2/3 | 37 1/3 | 38 | 38 2/3 | 39 1/3 | 40 | 40 2/3 | 41 1/3 | 42 2/3 | 43 1/3 | 44 | 44 2/3 | 46,14,LBP,LBP,14310000.0,14310000.0,159.0,159.0,14310000.0,14310000.0,14310000.0,14310000.0,159.0,159.0,14310000.0,14310000.0,,,,,,,,,False,False,Neither retailer currently shows a discount for this style code.
HR2967,exact_style_code,both_in_stock,both_on_sale,False,,True,women,False,,normalized_compare,False,90000.0,False,-11.0,-11.0,-990000.0,-19.3,-19.3,mikesport_cheaper,mikesport_lb,False,13.08,mikesport_higher_discount,mikesport_lb,1,False,Adidas Optime Stash Pocket Animal Print 7/8 Women Training Tight Silver Green,Adidas Optime Stash Pocket Animal Print 7/8 Women Training Tight Silver Green,https://lb.mikesport.com/products/adidas-optime-stash-pocket-animal-print-7-8-women-training-tight-silver-green,https://lb.mikesport.com/products/adidas-optime-stash-pocket-animal-print-7-8-women-training-tight-silver-green,1,tight,tight,women,women,Silver Green/Black,Silver Green/Black,in_stock,in_stock,1,0,0,L | M | XS,3,USD,USD,46.0,46.0,46.0,46.0,4140000.0,4140000.0,89.0,89.0,89.0,89.0,8010000.0,8010000.0,46.0,46.0,46.0,46.0,4140000.0,4140000.0,48.31,48.31,True,True,1,False,"Optime Stash Pocket Training Animal Print 7/8 Leggings, Green","Optime Stash Pocket Training Animal Print 7/8 Leggings, Green",https://www.adidas.com.lb/en/adidas-outlet-optime-stash-pocket-training-animal-print-7-8-leggings-green/A9_HR2967_ONE.html,https://www.adidas.com.lb/en/adidas-outlet-optime-stash-pocket-training-animal-print-7-8-leggings-green/A9_HR2967_ONE.html,1,Joggers & Trousers,Joggers & Trousers,women,women,Green,Green,in_stock,in_stock,1,0,0,M | L,2,LBP,LBP,5130000.0,5130000.0,57.0,57.0,5130000.0,5130000.0,7920000.0,7920000.0,88.0,88.0,7920000.0,7920000.0,5130000.0,5130000.0,57.0,57.0,5130000.0,5130000.0,35.23,35.23,True,True,
HR5898,exact_style_code,both_in_stock,both_on_sale,False,,False,,False,,normalized_compare,False,90000.0,False,8.0,8.0,720000.0,29.63,29.63,adidas_cheaper,adidas_lb,False,-14.81,adidas_higher_discount,adidas_lb,1,False,Adidas Essentials Logo Kids-Unisex Sportswear Hoody Black/White,Adidas Essentials Logo Kids-Unisex Sportswear Hoody Black/White,https://lb.mikesport.com/products/adidas-essentials-logo-kids-unisex-sportswear-hoody-black-white,https://lb.mikesport.com/products/adidas-essentials-logo-kids-unisex-sportswear-hoody-black-white,1,hoody,hoody,unisex,unisex,Black/White,Black/White,in_stock,in_stock,1,0,0,4-5 Years | 5-6 Years | 7-8 Years,3,USD,USD,35.0,35.0,35.0,35.0,3150000.0,3150000.0,54.0,54.0,54.0,54.0,4860000.0,4860000.0,35.0,35.0,35.0,35.0,3150000.0,3150000.0,35.19,35.19,True,True,1,False,"Unisex Kids Essentials Logo Hoodie, Black","Unisex Kids Essentials Logo Hoodie, Black",https://www.adidas.com.lb/en/adidas-outlet-unisex-kids-essentials-logo-hoodie-black/A9_HR5898_ONE.html,https://www.adidas.com.lb/en/adidas-outlet-unisex-kids-essentials-logo-hoodie-black/A9_HR5898_ONE.html,1,Boys Clothing,Boys Clothing,kids,kids,Black,Black,in_stock,in_stock,1,0,0,7-8 Yrs,1,LBP,LBP,2430000.0,2430000.0,27.0,27.0,2430000.0,2430000.0,4860000.0,4860000.0,54.0,54.0,4860000.0,4860000.0,2430000.0,2430000.0,27.0,27.0,2430000.0,2430000.0,50.0,50.0,True,True,
HR6275,exact_style_code,both_in_stock,both_on_sale,False,,False,,False,,normalized_compare,False,90000.0,False,6.0,6.0,540000.0,27.27,27.27,adidas_cheaper,adidas_lb,False,-11.11,adidas_higher_discount,adidas_lb,1,False,Adidas City Escape Casual Gs-Boys Sportswear Short Black,Adidas City Escape Casual Gs-Boys Sportswear Short Black,https://lb.mikesport.com/products/adidas-city-escape-casual-gs-boys-sportswear-short-black,https://lb.mikesport.com/products/adidas-city-escape-casual-gs-boys-sportswear-short-black,1,short,short,boys,boys,Black,Black,in_stock,in_stock,1,0,0,9-10 Years | 11-12 Years,2,USD,USD,28.0,28.0,28.0,28.0,2520000.0,2520000.0,54.0,54.0,54.0,54.0,4860000.0,4860000.0,28.0,28.0,28.0,28.0,2520000.0,2520000.0,48.15,48.15,True,True,1,False,"Unisex Kids City Escape Casual Adjustable Woven Shorts, Grey","Unisex Kids City Escape Casual Adjustable Woven Shorts, Grey",https://www.adidas.com.lb/en/adidas-outlet-unisex-kids-city-escape-casual-adjustable-woven-shorts-grey/A9_HR6275_ONE.html,https://www.adidas.com.lb/en/adidas-outlet-unisex-kids-city-escape-casual-adjustable-woven-shorts-grey/A9_HR6275_ONE.html,1,Boys Clothing,Boys Clothing,kids,kids,Grey,Grey,in_stock,in_stock,1,0,0,7-8 Yrs,1,LBP,LBP,1980000.0,1980000.0,22.0,22.0,1980000.0,1980000.0,4860000.0,4860000.0,54.0,54.0,4860000.0,4860000.0,1980000.0,1980000.0,22.0,22.0,1980000.0,1980000.0,59.26,59.26,True,True,
HR6286,exact_style_code,both_in_stock,both_on_sale,False,,False,,False,,normalized_compare,False,90000.0,False,9.0,9.0,810000.0,33.33,33.33,adidas_cheaper,adidas_lb,False,-13.43,adidas_higher_discount,adidas_lb,1,False,Adidas Future Icons Logo Tracksuit Gs Sportswear Pant Black,Adidas Future Icons Logo Tracksuit Gs Sportswear Pant Black,https://lb.mikesport.com/products/adidas-future-icons-logo-tracksuit-gs-sportswear-pant-black,https://lb.mikesport.com/products/adidas-future-icons-logo-tracksuit-gs-sportswear-pant-black,1,pant,pant,unisex,unisex,Black / Black,Black / Black,in_stock,in_stock,1,0,0,7-8 Years | 9-10 Years | 11-12 Years | 13-14 Years,4,USD,USD,36.0,36.0,36.0,36.0,3240000.0,3240000.0,67.0,67.0,67.0,67.0,6030000.0,6030000.0,36.0,36.0,36.0,36.0,3240000.0,3240000.0,46.27,46.27,True,True,1,False,"Unisex Kids Future Icons Logo Tracksuit Bottoms, Black","Unisex Kids Future Icons Logo Tracksuit Bottoms, Black",https://www.adidas.com.lb/en/adidas-outlet-unisex-kids-future-icons-logo-tracksuit-bottoms-black/A9_HR6286_ONE.html,https://www.adidas.com.lb/en/adidas-outlet-unisex-kids-future-icons-logo-tracksuit-bottoms-black/A9_HR6286_ONE.html,1,Boys Clothing,Boys Clothing,kids,kids,Black,Black,in_stock,in_stock,1,0,0,7-8 Yrs,1,LBP,LBP,2430000.0,2430000.0,27.0,27.0,2430000.0,2430000.0,6030000.0,6030000.0,67.0,67.0,6030000.0,6030000.0,2430000.0,2430000.0,27.0,27.0,2430000.0,2430000.0,59.7,59.7,True,True,
HR6380,exact_style_code,both_in_stock,both_on_sale,False,,True,unisex,False,,normalized_compare,False,90000.0,False,-9.0,-9.0,-810000.0,-18.37,-18.37,mikesport_cheaper,mikesport_lb,False,14.76,mikesport_higher_discount,mikesport_lb,1,False,Adidas Eseentials Big Logo Kids-Unisex Sportswear Hoody Black/White,Adidas Eseentials Big Logo Kids-Unisex Sportswear Hoody Black/White,https://lb.mikesport.com/products/adidas-eseentials-big-logo-kids-unisex-sportswear-hoody-black-white,https://lb.mikesport.com/products/adidas-eseentials-big-logo-kids-unisex-sportswear-hoody-black-white,1,hoody,hoody,unisex,unisex,Black/White,Black/White,in_stock,in_stock,1,0,0,7-8 Years,1,USD,USD,40.0,40.0,40.0,40.0,3600000.0,3600000.0,61.0,61.0,61.0,61.0,5490000.0,5490000.0,40.0,40.0,40.0,40.0,3600000.0,3600000.0,34.43,34.43,True,True,1,False,"Kids Unisex Big Logo Essentials Cotton Hoodie, Black","Kids Unisex Big Logo Essentials Cotton Hoodie, Black",https://www.adidas.com.lb/en/adidas-outlet-kids-unisex-big-logo-essentials-cotton-hoodie-black/A9_HR6380_ONE.html,https://www.adidas.com.lb/en/adidas-outlet-kids-unisex-big-logo-essentials-cotton-hoodie-black/A9_HR6380_ONE.html,1,Boys Clothing,Boys Clothing,unisex,unisex,Black,Black,in_stock,in_stock,1,0,0,7-8 Yrs | 9-10 Yrs,2,LBP,LBP,4410000.0,4410000.0,49.0,49.0,4410000.0,4410000.0,5490000.0,5490000.0,61.0,61.0,5490000.0,5490000.0,4410000.0,4410000.0,49.0,49.0,4410000.0,4410000.0,19.67,19.67,True,True,
HS1606,exact_style_code,both_in_stock,both_on_sale,False,,False,,False,,normalized_compare,False,90000.0,False,5.0,5.0,450000.0,33.33,33.33,adidas_cheaper,adidas_lb,False,-12.09,adidas_higher_discount,adidas_lb,1,False,Adidas Essential 3S Kids-Unisex Sportswear Short Black/White,Adidas Essential 3S Kids-Unisex Sportswear Short Black/White,https://lb.mikesport.com/products/adidas-essential-3s-kids-unisex-sportswear-short-black-white,https://lb.mikesport.com/products/adidas-essential-3s-kids-unisex-sportswear-short-black-white,1,short,short,unisex,unisex,Black/White,Black/White,in_stock,in_stock,1,0,0,7-8 Years | 9-10 Years,2,USD,USD,20.0,20.0,20.0,20.0,1800000.0,1800000.0,38.0,38.0,38.0,38.0,3420000.0,3420000.0,20.0,20.0,20.0,20.0,1800000.0,1800000.0,47.37,47.37,True,True,1,False,"Unisex Kids Train Essentials Aeroready 3-Stripes Regular-Fit Shorts, Black","Unisex Kids Train Essentials Aeroready 3-Stripes Regular-Fit Shorts, Black",https://www.adidas.com.lb/en/adidas-outlet-unisex-kids-train-essentials-aeroready-3-stripes-regular-fit-shorts-black/A9_HS1606_ONE.html,https://www.adidas.com.lb/en/adidas-outlet-unisex-kids-train-essentials-aeroready-3-stripes-regular-fit-shorts-black/A9_HS1606_ONE.html,1,Boys Clothing,Boys Clothing,kids,kids,Black,Black,in_stock,in_stock,1,0,0,7-8 Yrs,1,LBP,LBP,1350000.0,1350000.0,15.0,15.0,1350000.0,1350000.0,3330000.0,3330000.0,37.0,37.0,3330000.0,3330000.0,1350000.0,1350000.0,15.0,15.0,1350000.0,1350000.0,59.46,59.46,True,True,
HS9766,exact_style_code,both_in_stock,neither_on_sale,False,,True,unisex,False,,normalized_compare,False,90000.0,True,0.0,0.0,0.0,0.0,0.0,same_price,tie,True,0.0,neither_discounted,tie,1,False,Adidas Tiro Capt Unisex Football Band Black/White,Adidas Tiro Capt Unisex Football Band Black/White,https://lb.mikesport.com/products/adidas-tiro-capt-unisex-football-band-black-white,https://lb.mikesport.com/products/adidas-tiro-capt-unisex-football-band-black-white,1,band,band,unisex,unisex,Black/White,Black/White,in_stock,in_stock,1,0,0,,0,USD,USD,26.0,26.0,26.0,26.0,2340000.0,2340000.0,26.0,26.0,26.0,26.0,2340000.0,2340000.0,,,,,,,,,False,False,1,False,"Unisex Tiro League Captain Arm Band, Black","Unisex Tiro League Captain Arm Band, Black",https://www.adidas.com.lb/en/adidas-unisex-tiro-league-captain-arm-band-black/A7_HS9766_ONE.html,https://www.adidas.com.lb/en/adidas-unisex-tiro-league-captain-arm-band-black/A7_HS9766_ONE.html,1,Others,Others,unisex,unisex,Black,Black,in_stock,in_stock,1,0,0,One-Size,1,LBP,LBP,2340000.0,2340000.0,26.0,26.0,2340000.0,2340000.0,2340000.0,2340000.0,26.0,26.0,2340000.0,2340000.0,,,,,,,,,False,False,Neither retailer currently shows a discount for this style code.
HT3434,exact_style_code,both_in_stock,neither_on_sale,False,,True,unisex,False,,normalized_compare,False,90000.0,True,0.0,0.0,0.0,0.0,0.0,same_price,tie,True,0.0,neither_discounted,tie,1,False,Adidas Cushioned Low-Cut 3 Pairs Unisex Training Sock White/Black,Adidas Cushioned Low-Cut 3 Pairs Unisex Training Sock White/Black,https://lb.mikesport.com/products/adidas-cushioned-low-cut-3-pairs-unisex-training-sock-white-black,https://lb.mikesport.com/products/adidas-cushioned-low-cut-3-pairs-unisex-training-sock-white-black,1,sock,sock,unisex,unisex,White/Black,White/Black,in_stock,in_stock,1,0,0,2XL | L | M | S | XL | XS,6,USD,USD,18.0,18.0,18.0,18.0,1620000.0,1620000.0,18.0,18.0,18.0,18.0,1620000.0,1620000.0,,,,,,,,,False,False,2,True,"Unisex Cushioned Low-Cut Socks - 3 Pairs, Multicolour","Unisex Cushioned Low-Cut Socks 3 Pairs, White | Unisex Cushioned Low-Cut Socks - 3 Pairs, Multicolour",https://www.adidas.com.lb/en/adidas-outlet-unisex-cushioned-low-cut-socks---3-pairs-multicolour/A9_HT3434_ONE.html,https://www.adidas.com.lb/en/adidas-unisex-cushioned-low-cut-socks-3-pairs-white/A7_HT3434_ONE.html | https://www.adidas.com.lb/en/adidas-outlet-unisex-cushioned-low-cut-socks---3-pairs-multicolour/A9_HT3434_ONE.html,2,Accessories,Socks | Accessories,unisex,unisex,Multicolour,White | Multicolour,in_stock,in_stock,2,0,0,34-36 | 37-39 | M | L | 28-30 | 31-33 | 46-48,7,LBP,LBP,1620000.0,1620000.0,18.0,18.0,1620000.0,1620000.0,1620000.0,1620000.0,18.0,18.0,1620000.0,1620000.0,,,,,,,,,False,False,Neither retailer currently shows a discount for this style code.
HT3446,exact_style_code,both_in_stock,neither_on_sale,False,,True,unisex,False,,normalized_compare,False,90000.0,True,0.0,0.0,0.0,0.0,0.0,same_price,tie,True,0.0,neither_discounted,tie,2,True,Adidas Cushioned Crew 3 Pairs Unisex Sportswear Sock White/Black,Adidas Cushioned Crew 3 Pairs Unisex Sportswear Sock White/Black,https://lb.mikesport.com/products/adidas-cushioned-crew-3-pairs-unisex-sportswear-sock-white-black,https://lb.mikesport.com/products/adidas-cushioned-crew-3-pairs-unisex-sportswear-sock-white-black-1 | https://lb.mikesport.com/products/adidas-cushioned-crew-3-pairs-unisex-sportswear-sock-white-black,2,sock,sock,unisex,unisex,White/Black,White/Black,in_stock,in_stock,2,0,0,2XL | L | M | S | XL | XS,6,USD,USD,19.0,19.0,19.0,19.0,1710000.0,1710000.0,19.0,19.0,19.0,19.0,1710000.0,1710000.0,,,,,,,,,False,False,2,True,"Unisex Cushioned Sportswear Crew Socks 3 Pair Pack, Multicolour","Unisex Cushioned Crew Socks 3 Pairs, White | Unisex Cushioned Sportswear Crew Socks 3 Pair Pack, Multicolour",https://www.adidas.com.lb/en/adidas-outlet-unisex-cushioned-sportswear-crew-socks-3-pair-pack-multicolour/A9_HT3446_ONE.html,https://www.adidas.com.lb/en/adidas-unisex-cushioned-crew-socks-3-pairs-white/A7_HT3446_ONE.html | https://www.adidas.com.lb/en/adidas-outlet-unisex-cushioned-sportswear-crew-socks-3-pair-pack-multicolour/A9_HT3446_ONE.html,2,Accessories,Socks | Accessories,unisex,unisex,Multicolour,White | Multicolour,in_stock,in_stock,2,0,0,34-36 | 37-39 | M | L | 28-30 | 31-33,6,LBP,LBP,1710000.0,1710000.0,19.0,19.0,1710000.0,1710000.0,1710000.0,1710000.0,19.0,19.0,1710000.0,1710000.0,,,,,,,,,False,False,Neither retailer currently shows a discount for this style code.
HT3463,exact_style_code,both_in_stock,neither_on_sale,False,,True,unisex,False,,normalized_compare,False,90000.0,True,0.0,0.0,0.0,0.0,0.0,same_price,tie,True,0.0,neither_discounted,tie,2,True,Adidas No Show 3 Pack Unisex Sportswear Sock White/Black,Adidas No Show 3 Pack Unisex Sportswear Sock White/Black | Adidas No-Show Unisex Training Sock White/Black,https://lb.mikesport.com/products/adidas-no-show-3-pack-unisex-sportswear-sock-white-black,https://lb.mikesport.com/products/adidas-no-show-3-pack-unisex-sportswear-sock-white-black | https://lb.mikesport.com/products/adidas-no-show-unisex-training-sock-white-black,2,sock,sock,unisex,unisex,White/Black,White/Black | Black/White,in_stock,in_stock,2,0,0,2XL | L | M | S | XL | XS,6,USD,USD,18.0,18.0,18.0,18.0,1620000.0,1620000.0,18.0,18.0,18.0,18.0,1620000.0,1620000.0,,,,,,,,,False,False,2,True,"Unisex Thin and Light No-Show Socks 3 Pairs, White","Unisex Thin and Light No-Show Socks 3 Pairs, White",https://www.adidas.com.lb/en/adidas-outlet-unisex-thin-and-light-no-show-socks-3-pairs-white/A9_HT3463_ONE.html,https://www.adidas.com.lb/en/adidas-unisex-thin-and-light-no-show-socks-3-pairs-white/A7_HT3463_ONE.html | https://www.adidas.com.lb/en/adidas-outlet-unisex-thin-and-light-no-show-socks-3-pairs-white/A9_HT3463_ONE.html,2,Accessories,Socks | Accessories,unisex,unisex,White,White,in_stock,in_stock,2,0,0,34-36 | M | L | 28-30 | 31-33 | 37-39 | 46-48,7,LBP,LBP,1620000.0,1620000.0,18.0,18.0,1620000.0,1620000.0,1620000.0,1620000.0,18.0,18.0,1620000.0,1620000.0,,,,,,,,,False,False,Neither retailer currently shows a discount for this style code.
HT3468,exact_style_code,both_in_stock,neither_on_sale,False,,True,unisex,False,,normalized_compare,False,90000.0,True,0.0,0.0,0.0,0.0,0.0,same_price,tie,True,0.0,neither_discounted,tie,1,False,Adidas Thin And Light Ankle 3 Pairs Unisex Sportswear Sock White/Black,Adidas Thin And Light Ankle 3 Pairs Unisex Sportswear Sock White/Black,https://lb.mikesport.com/products/adidas-thin-and-light-ankle-3-pairs-unisex-sportswear-sock-white-black,https://lb.mikesport.com/products/adidas-thin-and-light-ankle-3-pairs-unisex-sportswear-sock-white-black,1,sock,sock,unisex,unisex,White/Black,White/Black,in_stock,in_stock,1,0,0,2XL | L | M | S | XL | XS,6,USD,USD,18.0,18.0,18.0,18.0,1620000.0,1620000.0,18.0,18.0,18.0,18.0,1620000.0,1620000.0,,,,,,,,,False,False,2,True,"Unisex Thin and Light Ankle Socks - 3 Pairs, Multicolour","Unisex Thin and Light Ankle Socks 3 Pairs, White | Unisex Thin and Light Ankle Socks - 3 Pairs, Multicolour",https://www.adidas.com.lb/en/adidas-outlet-unisex-thin-and-light-ankle-socks---3-pairs-multicolour/A9_HT3468_ONE.html,https://www.adidas.com.lb/en/adidas-unisex-thin-and-light-ankle-socks-3-pairs-white/A7_HT3468_ONE.html | https://www.adidas.com.lb/en/adidas-outlet-unisex-thin-and-light-ankle-socks---3-pairs-multicolour/A9_HT3468_ONE.html,2,Accessories,Socks | Accessories,unisex,unisex,Multicolour,White | Multicolour,in_stock,in_stock,2,0,0,34-36 | 37-39 | M | L | 28-30 | 31-33,6,LBP,LBP,1620000.0,1620000.0,18.0,18.0,1620000.0,1620000.0,1620000.0,1620000.0,18.0,18.0,1620000.0,1620000.0,,,,,,,,,False,False,Neither retailer currently shows a discount for this style code.
HT3469,exact_style_code,both_in_stock,neither_on_sale,False,,True,unisex,False,,normalized_compare,False,90000.0,True,0.0,0.0,0.0,0.0,0.0,same_price,tie,True,0.0,neither_discounted,tie,1,False,Adidas Thin And Light Sportswear Low-Cut 3 Pairs Unisex Sportswear Sock White/Black,Adidas Thin And Light Sportswear Low-Cut 3 Pairs Unisex Sportswear Sock White/Black,https://lb.mikesport.com/products/adidas-thin-and-light-sportswear-low-cut-3-pairs-unisex-sportswear-sock-white-black,https://lb.mikesport.com/products/adidas-thin-and-light-sportswear-low-cut-3-pairs-unisex-sportswear-sock-white-black,1,sock,sock,unisex,unisex,White/Black,White/Black,in_stock,in_stock,1,0,0,2XL | L | M | S | XL | XS,6,USD,USD,18.0,18.0,18.0,18.0,1620000.0,1620000.0,18.0,18.0,18.0,18.0,1620000.0,1620000.0,,,,,,,,,False,False,2,True,"Unisex Thin and Light Sportswear Low-Cut Socks 3 Pairs, White","Unisex Thin and Light Sportswear Low-Cut Socks 3 Pairs, White",https://www.adidas.com.lb/en/adidas-unisex-thin-and-light-sportswear-low-cut-socks-3-pairs-white/A7_HT3469_ONE.html,https://www.adidas.com.lb/en/adidas-unisex-thin-and-light-sportswear-low-cut-socks-3-pairs-white/A7_HT3469_ONE.html | https://www.adidas.com.lb/en/outlet-adidas-unisex-thin-and-light-sportswear-low-cut-socks-3-pairs-white/A9_HT3469_ONE.html,2,Socks,Socks | Accessories,unisex,unisex,White,White,in_stock,in_stock,2,0,0,34-36 | 37-39 | M | L | 46-48 | 28-30 | 31-33,7,LBP,LBP,1620000.0,1620000.0,18.0,18.0,1620000.0,1620000.0,1620000.0,1620000.0,18.0,18.0,1620000.0,1620000.0,,,,,,,,,False,False,Neither retailer currently shows a discount for this style code.
HT3519,exact_style_code,both_in_stock,neither_on_sale,False,,True,unisex,False,,normalized_compare,False,90000.0,True,0.0,0.0,0.0,0.0,0.0,same_price,tie,True,0.0,neither_discounted,tie,1,False,Adidas Performance 750 Ml Unisex Training Bottle Red/Black,Adidas Performance 750 Ml Unisex Training Bottle Red/Black,https://lb.mikesport.com/products/adidas-performance-750-ml-unisex-training-bottle-red-black,https://lb.mikesport.com/products/adidas-performance-750-ml-unisex-training-bottle-red-black,1,bottle,bottle,unisex,unisex,Team Power Red 2/Black,Team Power Red 2/Black,in_stock,in_stock,1,0,0,,0,USD,USD,13.0,13.0,13.0,13.0,1170000.0,1170000.0,13.0,13.0,13.0,13.0,1170000.0,1170000.0,,,,,,,,,False,False,1,False,"Unisex Performance Water Bottle 750 ML, Red","Unisex Performance Water Bottle 750 ML, Red",https://www.adidas.com.lb/en/adidas-unisex-performance-water-bottle-750-ml-red/A7_HT3519_ONE.html,https://www.adidas.com.lb/en/adidas-unisex-performance-water-bottle-750-ml-red/A7_HT3519_ONE.html,1,Bottles,Bottles,unisex,unisex,Red,Red,in_stock,in_stock,1,0,0,NS,1,LBP,LBP,1170000.0,1170000.0,13.0,13.0,1170000.0,1170000.0,1170000.0,1170000.0,13.0,13.0,1170000.0,1170000.0,,,,,,,,,False,False,Neither retailer currently shows a discount for this style code.
HT3908,exact_style_code,both_in_stock,neither_on_sale,False,,True,unisex,False,,normalized_compare,False,90000.0,True,0.0,0.0,0.0,0.0,0.0,same_price,tie,True,0.0,neither_discounted,tie,1,False,Adidas Unisex Tennis Head Band,Adidas Unisex Tennis Head Band,https://lb.mikesport.com/products/adidas-unisex-tennis-head-band,https://lb.mikesport.com/products/adidas-unisex-tennis-head-band,1,band,band,unisex,unisex,White/Black,White/Black,in_stock,in_stock,1,0,0,,0,USD,USD,18.0,18.0,18.0,18.0,1620000.0,1620000.0,18.0,18.0,18.0,18.0,1620000.0,1620000.0,,,,,,,,,False,False,1,False,"Unisex Tennis Headband, White","Unisex Tennis Headband, White",https://www.adidas.com.lb/en/adidas-unisex-tennis-headband-white/A7_HT3908_ONE.html,https://www.adidas.com.lb/en/adidas-unisex-tennis-headband-white/A7_HT3908_ONE.html,1,Others,Others,unisex,unisex,White,White,in_stock,in_stock,1,0,0,One-Size,1,LBP,LBP,1620000.0,1620000.0,18.0,18.0,1620000.0,1620000.0,1620000.0,1620000.0,18.0,18.0,1620000.0,1620000.0,,,,,,,,,False,False,Neither retailer currently shows a discount for this style code.
HT3909,exact_style_code,both_in_stock,neither_on_sale,False,,True,unisex,False,,normalized_compare,False,90000.0,True,0.0,0.0,0.0,0.0,0.0,same_price,tie,True,0.0,neither_discounted,tie,1,False,Adidas Head Unisex Tennis Band Black/White,Adidas Head Unisex Tennis Band Black/White,https://lb.mikesport.com/products/adidas-head-unisex-tennis-band-black-white,https://lb.mikesport.com/products/adidas-head-unisex-tennis-band-black-white,1,band,band,unisex,unisex,Black/White,Black/White,in_stock,in_stock,1,0,0,,0,USD,USD,18.0,18.0,18.0,18.0,1620000.0,1620000.0,18.0,18.0,18.0,18.0,1620000.0,1620000.0,,,,,,,,,False,False,1,False,"Unisex Tennis Headband, Multicolour","Unisex Tennis Headband, Multicolour",https://www.adidas.com.lb/en/adidas-unisex-tennis-headband-multicolour/A7_HT3909_ONE.html,https://www.adidas.com.lb/en/adidas-unisex-tennis-headband-multicolour/A7_HT3909_ONE.html,1,Others,Others,unisex,unisex,Multicolour,Multicolour,in_stock,in_stock,1,0,0,One-Size,1,LBP,LBP,1620000.0,1620000.0,18.0,18.0,1620000.0,1620000.0,1620000.0,1620000.0,18.0,18.0,1620000.0,1620000.0,,,,,,,,,False,False,Neither retailer currently shows a discount for this style code.
HT3911,exact_style_code,both_in_stock,neither_on_sale,False,,True,unisex,False,,normalized_compare,False,90000.0,True,0.0,0.0,0.0,0.0,0.0,same_price,tie,True,0.0,neither_discounted,tie,1,False,Adidas Large Unisex Training Band White/Black,Adidas Large Unisex Training Band White/Black,https://lb.mikesport.com/products/adidas-large-unisex-training-band-white-black,https://lb.mikesport.com/products/adidas-large-unisex-training-band-white-black,1,band,band,unisex,unisex,White/Black,White/Black,in_stock,in_stock,1,0,0,,0,USD,USD,19.0,19.0,19.0,19.0,1710000.0,1710000.0,19.0,19.0,19.0,19.0,1710000.0,1710000.0,,,,,,,,,False,False,1,False,"Unisex Tennis Wristband Large, White","Unisex Tennis Wristband Large, White",https://www.adidas.com.lb/en/adidas-unisex-tennis-wristband-large-white/A7_HT3911_ONE.html,https://www.adidas.com.lb/en/adidas-unisex-tennis-wristband-large-white/A7_HT3911_ONE.html,1,Others,Others,unisex,unisex,White,White,in_stock,in_stock,1,0,0,One-Size,1,LBP,LBP,1710000.0,1710000.0,19.0,19.0,1710000.0,1710000.0,1710000.0,1710000.0,19.0,19.0,1710000.0,1710000.0,,,,,,,,,False,False,Neither retailer currently shows a discount for this style code.
HT6538,exact_style_code,both_in_stock,neither_on_sale,False,,True,unisex,False,,normalized_compare,False,90000.0,True,0.0,0.0,0.0,0.0,0.0,same_price,tie,True,0.0,neither_discounted,tie,1,False,Adidas Milano 23 Unisex Football Sock Black/White,Adidas Milano 23 Unisex Football Sock Black/White,https://lb.mikesport.com/products/adidas-milano-23-unisex-football-sock-black-white,https://lb.mikesport.com/products/adidas-milano-23-unisex-football-sock-black-white,1,sock,sock,unisex,unisex,Black/White,Black/White,in_stock,in_stock,1,0,0,M | S | XS,3,USD,USD,16.0,16.0,16.0,16.0,1440000.0,1440000.0,16.0,16.0,16.0,16.0,1440000.0,1440000.0,,,,,,,,,False,False,1,False,"Unisex Milano 23 Socks, Black","Unisex Milano 23 Socks, Black",https://www.adidas.com.lb/en/adidas-unisex-milano-23-socks-black/A7_HT6538_ONE.html,https://www.adidas.com.lb/en/adidas-unisex-milano-23-socks-black/A7_HT6538_ONE.html,1,Socks,Socks,unisex,unisex,Black,Black,in_stock,in_stock,1,0,0,34-36 | 37-39 | M | L | 46-48 | 31-33,6,LBP,LBP,1440000.0,1440000.0,16.0,16.0,1440000.0,1440000.0,1440000.0,1440000.0,16.0,16.0,1440000.0,1440000.0,,,,,,,,,False,False,Neither retailer currently shows a discount for this style code.
IA3031,exact_style_code,both_in_stock,neither_on_sale,False,,True,unisex,False,,normalized_compare,False,90000.0,True,0.0,0.0,0.0,0.0,0.0,same_price,tie,True,0.0,neither_discounted,tie,1,False,Adidas Multiple Width 3 Per Pack Unisex Training Band Black/White,Adidas Multiple Width 3 Per Pack Unisex Training Band Black/White,https://lb.mikesport.com/products/adidas-multiple-width-3-per-pack-unisex-training-band-black-white,https://lb.mikesport.com/products/adidas-multiple-width-3-per-pack-unisex-training-band-black-white,1,band,band,unisex,unisex,Black/White,Black/White,in_stock,in_stock,1,0,0,,0,USD,USD,22.0,22.0,22.0,22.0,1980000.0,1980000.0,22.0,22.0,22.0,22.0,1980000.0,1980000.0,,,,,,,,,False,False,1,False,"Unisex Multiple Width Training Headbands - Set Of 3, Multicolour","Unisex Multiple Width Training Headbands - Set Of 3, Multicolour",https://www.adidas.com.lb/en/adidas-unisex-multiple-width-training-headbands---set-of-3-multicolour/A7_IA3031_ONE.html,https://www.adidas.com.lb/en/adidas-unisex-multiple-width-training-headbands---set-of-3-multicolour/A7_IA3031_ONE.html,1,Others,Others,unisex,unisex,Multicolour,Multicolour,in_stock,in_stock,1,0,0,One-Size,1,LBP,LBP,1980000.0,1980000.0,22.0,22.0,1980000.0,1980000.0,1980000.0,1980000.0,22.0,22.0,1980000.0,1980000.0,,,,,,,,,False,False,Neither retailer currently shows a discount for this style code.
IA5390,exact_style_code,both_in_stock,both_on_sale,False,,True,men,False,,normalized_compare,False,90000.0,False,5.0,5.0,450000.0,26.32,26.32,adidas_cheaper,adidas_lb,False,-9.57,adidas_higher_discount,adidas_lb,1,False,Adidas Solid Clx Men Swim Swim Short Black/Lucid Lemon,Adidas Solid Clx Men Swim Swim Short Black/Lucid Lemon,https://lb.mikesport.com/products/adidas-solid-clx-men-swim-swim-short-black-lucid-lemon,https://lb.mikesport.com/products/adidas-solid-clx-men-swim-swim-short-black-lucid-lemon,1,swim_short,swim_short,men,men,Black/Lucid Lemon,Black/Lucid Lemon,in_stock,in_stock,1,0,0,S,1,USD,USD,24.0,24.0,24.0,24.0,2160000.0,2160000.0,48.0,48.0,48.0,48.0,4320000.0,4320000.0,24.0,24.0,24.0,24.0,2160000.0,2160000.0,50.0,50.0,True,True,1,False,"Solid Clx Short-Length Swim Shorts, Black","Solid Clx Short-Length Swim Shorts, Black",https://www.adidas.com.lb/en/adidas-outlet-solid-clx-short-length-swim-shorts-black/A9_IA5390_ONE.html,https://www.adidas.com.lb/en/adidas-outlet-solid-clx-short-length-swim-shorts-black/A9_IA5390_ONE.html,1,Shorts,Shorts,men,men,Black,Black,in_stock,in_stock,1,0,0,S,1,LBP,LBP,1710000.0,1710000.0,19.0,19.0,1710000.0,1710000.0,4230000.0,4230000.0,47.0,47.0,4230000.0,4230000.0,1710000.0,1710000.0,19.0,19.0,1710000.0,1710000.0,59.57,59.57,True,True,
IB7813,exact_style_code,both_in_stock,neither_on_sale,False,,True,unisex,False,,normalized_compare,False,90000.0,True,0.0,0.0,0.0,0.0,0.0,same_price,tie,True,0.0,neither_discounted,tie,1,False,Adidas Milano 23 Unisex Football Sock White/Black,Adidas Milano 23 Unisex Football Sock White/Black,https://lb.mikesport.com/products/adidas-milano-23-unisex-football-sock-white-black,https://lb.mikesport.com/products/adidas-milano-23-unisex-football-sock-white-black,1,sock,sock,unisex,unisex,White/Black,White/Black,in_stock,in_stock,1,0,0,M | S,2,USD,USD,16.0,16.0,16.0,16.0,1440000.0,1440000.0,16.0,16.0,16.0,16.0,1440000.0,1440000.0,,,,,,,,,False,False,1,False,"Unisex Milano 23 Socks, White","Unisex Milano 23 Socks, White",https://www.adidas.com.lb/en/adidas-unisex-milano-23-socks-white/A7_IB7813_ONE.html,https://www.adidas.com.lb/en/adidas-unisex-milano-23-socks-white/A7_IB7813_ONE.html,1,Socks,Socks,unisex,unisex,White,White,in_stock,in_stock,1,0,0,34-36 | 37-39 | M | L | 46-48 | 31-33,6,LBP,LBP,1440000.0,1440000.0,16.0,16.0,1440000.0,1440000.0,1440000.0,1440000.0,16.0,16.0,1440000.0,1440000.0,,,,,,,,,False,False,Neither retailer currently shows a discount for this style code.
IB8273,exact_style_code,both_in_stock,both_on_sale,False,,True,men,False,,normalized_compare,False,90000.0,False,3.0,3.0,270000.0,8.57,8.57,adidas_cheaper,adidas_lb,False,-5.56,adidas_higher_discount,adidas_lb,1,False,Adidas Essentials Feelready Logo Men Training T-Shirt Black/White,Adidas Essentials Feelready Logo Men Training T-Shirt Black/White,https://lb.mikesport.com/products/adidas-essentials-feelready-logo-men-training-t-shirt-black-white,https://lb.mikesport.com/products/adidas-essentials-feelready-logo-men-training-t-shirt-black-white,1,t-shirt,t-shirt,men,men,Black/White,Black/White,in_stock,in_stock,1,0,0,M | S,2,USD,USD,38.0,38.0,38.0,38.0,3420000.0,3420000.0,54.0,54.0,54.0,54.0,4860000.0,4860000.0,38.0,38.0,38.0,38.0,3420000.0,3420000.0,29.63,29.63,True,True,1,False,"Train Essentials Feelready Logo Training T-Shirt, Black","Train Essentials Feelready Logo Training T-Shirt, Black",https://www.adidas.com.lb/en/outlet-adidas-train-essentials-feelready-logo-training-t-shirt-black/A9_IB8273_ONE.html,https://www.adidas.com.lb/en/outlet-adidas-train-essentials-feelready-logo-training-t-shirt-black/A9_IB8273_ONE.html,1,Tops,Tops,men,men,Black,Black,in_stock,in_stock,1,0,0,S | M | L | 2XL,4,LBP,LBP,3150000.0,3150000.0,35.0,35.0,3150000.0,3150000.0,4860000.0,4860000.0,54.0,54.0,4860000.0,4860000.0,3150000.0,3150000.0,35.0,35.0,3150000.0,3150000.0,35.19,35.19,True,True,
IB8794,exact_style_code,both_in_stock,both_on_sale,False,,True,women,False,,normalized_compare,False,90000.0,False,-8.0,-8.0,-720000.0,-20.0,-20.0,mikesport_cheaper,mikesport_lb,False,12.24,mikesport_higher_discount,mikesport_lb,1,False,Adidas 3-Stripes Print Women Original Tight Black,Adidas 3-Stripes Print Women Original Tight Black,https://lb.mikesport.com/products/adidas-3-stripes-print-women-original-tight-black,https://lb.mikesport.com/products/adidas-3-stripes-print-women-original-tight-black,1,tight,tight,women,women,Black/Multicolor,Black/Multicolor,in_stock,in_stock,1,0,0,S | XS,2,USD,USD,32.0,32.0,32.0,32.0,2880000.0,2880000.0,60.0,60.0,60.0,60.0,5400000.0,5400000.0,32.0,32.0,32.0,32.0,2880000.0,2880000.0,46.67,46.67,True,True,1,False,"3-Stripes Print Leggings, Black","3-Stripes Print Leggings, Black",https://www.adidas.com.lb/en/adidas-outlet-3-stripes-print-leggings-black/A9_IB8794_ONE.html,https://www.adidas.com.lb/en/adidas-outlet-3-stripes-print-leggings-black/A9_IB8794_ONE.html,1,Joggers & Trousers,Joggers & Trousers,women,women,Black,Black,in_stock,in_stock,1,0,0,XS | S,2,LBP,LBP,3600000.0,3600000.0,40.0,40.0,3600000.0,3600000.0,5490000.0,5490000.0,61.0,61.0,5490000.0,5490000.0,3600000.0,3600000.0,40.0,40.0,3600000.0,3600000.0,34.43,34.43,True,True,
IC1282,exact_style_code,both_in_stock,neither_on_sale,False,,True,unisex,False,,normalized_compare,False,90000.0,True,0.0,0.0,0.0,0.0,0.0,same_price,tie,True,0.0,neither_discounted,tie,1,False,Adidas Thin And Light Ankle 3 Pairs Unisex Sportswear Sock Black/White,Adidas Thin And Light Ankle 3 Pairs Unisex Sportswear Sock Black/White,https://lb.mikesport.com/products/adidas-thin-and-light-ankle-3-pairs-unisex-sportswear-sock-black-white,https://lb.mikesport.com/products/adidas-thin-and-light-ankle-3-pairs-unisex-sportswear-sock-black-white,1,sock,sock,unisex,unisex,Black/White,Black/White,in_stock,in_stock,1,0,0,2XL | L | M | S | XL | XS,6,USD,USD,18.0,18.0,18.0,18.0,1620000.0,1620000.0,18.0,18.0,18.0,18.0,1620000.0,1620000.0,,,,,,,,,False,False,1,False,"Unisex Thin and Light Ankle Socks 3 Pairs, Black","Unisex Thin and Light Ankle Socks 3 Pairs, Black",https://www.adidas.com.lb/en/adidas-unisex-thin-and-light-ankle-socks-3-pairs-black/A7_IC1282_ONE.html,https://www.adidas.com.lb/en/adidas-unisex-thin-and-light-ankle-socks-3-pairs-black/A7_IC1282_ONE.html,1,Socks,Socks,unisex,unisex,Black,Black,in_stock,in_stock,1,0,0,34-36 | 37-39 | M | 28-30 | 31-33,5,LBP,LBP,1620000.0,1620000.0,18.0,18.0,1620000.0,1620000.0,1620000.0,1620000.0,18.0,18.0,1620000.0,1620000.0,,,,,,,,,False,False,Neither retailer currently shows a discount for this style code.
IC1310,exact_style_code,both_in_stock,neither_on_sale,False,,True,unisex,False,,normalized_compare,False,90000.0,True,0.0,0.0,0.0,0.0,0.0,same_price,tie,True,0.0,neither_discounted,tie,1,False,Adidas Cushioned Crew 3 Pairs Unisex Sportswear Sock Black/White,Adidas Cushioned Crew 3 Pairs Unisex Sportswear Sock Black/White,https://lb.mikesport.com/products/adidas-cushioned-crew-3-pairs-unisex-sportswear-sock-black-white,https://lb.mikesport.com/products/adidas-cushioned-crew-3-pairs-unisex-sportswear-sock-black-white,1,sock,sock,unisex,unisex,Black/White,Black/White,in_stock,in_stock,1,0,0,L | M | S | XL | XS,5,USD,USD,19.0,19.0,19.0,19.0,1710000.0,1710000.0,19.0,19.0,19.0,19.0,1710000.0,1710000.0,,,,,,,,,False,False,2,True,"Unisex Cushioned Crew Socks 3 Pairs, Black","Unisex Cushioned Crew Socks 3 Pairs, Multicolour | Unisex Cushioned Crew Socks 3 Pairs, Black",https://www.adidas.com.lb/en/adidas-outlet-unisex-cushioned-crew-socks-3-pairs-black/A9_IC1310_ONE.html,https://www.adidas.com.lb/en/adidas-unisex-cushioned-crew-socks-3-pairs-multicolour/A7_IC1310_ONE.html | https://www.adidas.com.lb/en/adidas-outlet-unisex-cushioned-crew-socks-3-pairs-black/A9_IC1310_ONE.html,2,Accessories,Socks | Accessories,unisex,unisex,Black,Multicolour | Black,in_stock,in_stock,2,0,0,34-36 | 37-39 | M | L | 28-30 | 31-33,6,LBP,LBP,1710000.0,1710000.0,19.0,19.0,1710000.0,1710000.0,1710000.0,1710000.0,19.0,19.0,1710000.0,1710000.0,,,,,,,,,False,False,Neither retailer currently shows a discount for this style code.
IC1321,exact_style_code,both_in_stock,neither_on_sale,False,,True,unisex,False,,normalized_compare,False,90000.0,True,0.0,0.0,0.0,0.0,0.0,same_price,tie,True,0.0,neither_discounted,tie,1,False,Adidas Unisex Training Sock Black/White,Adidas Unisex Training Sock Black/White,https://lb.mikesport.com/products/adidas-unisex-training-sock-black-white-1,https://lb.mikesport.com/products/adidas-unisex-training-sock-black-white-1,1,sock,sock,unisex,unisex,Black/White,Black/White,in_stock,in_stock,1,0,0,2XL,1,USD,USD,22.0,22.0,22.0,22.0,1980000.0,1980000.0,22.0,22.0,22.0,22.0,1980000.0,1980000.0,,,,,,,,,False,False,1,False,"Unisex 3-Stripes Cushioned Crew Socks 3 Pairs, Multicolour","Unisex 3-Stripes Cushioned Crew Socks 3 Pairs, Multicolour",https://www.adidas.com.lb/en/adidas-unisex-3-stripes-cushioned-crew-socks-3-pairs-multicolour/A7_IC1321_ONE.html,https://www.adidas.com.lb/en/adidas-unisex-3-stripes-cushioned-crew-socks-3-pairs-multicolour/A7_IC1321_ONE.html,1,Socks,Socks,unisex,unisex,Multicolour,Multicolour,in_stock,in_stock,1,0,0,34-36 | 37-39 | M | L | 28-30 | 31-33,6,LBP,LBP,1980000.0,1980000.0,22.0,22.0,1980000.0,1980000.0,1980000.0,1980000.0,22.0,22.0,1980000.0,1980000.0,,,,,,,,,False,False,Neither retailer currently shows a discount for this style code.
IC1327,exact_style_code,both_in_stock,neither_on_sale,False,,True,unisex,False,,normalized_compare,False,90000.0,True,0.0,0.0,0.0,0.0,0.0,same_price,tie,True,0.0,neither_discounted,tie,2,True,Adidas No-Show Unisex Training Sock Black/White,Adidas No-Show Unisex Training Sock Black/White | Adidas Thin And Light Unisex Training Sock Black/White,https://lb.mikesport.com/products/adidas-no-show-unisex-training-sock-black-white,https://lb.mikesport.com/products/adidas-no-show-unisex-training-sock-black-white | https://lb.mikesport.com/products/adidas-thin-and-light-unisex-training-sock-black-white,2,sock,sock,unisex,unisex,Black/White,Black/White,in_stock,in_stock,2,0,0,L | M | S | XL | XS | 2XL,6,USD,USD,18.0,19.0,18.0,19.0,1620000.0,1710000.0,18.0,19.0,18.0,19.0,1620000.0,1710000.0,,,,,,,,,False,False,2,True,"Unisex Thin and Light No-Show Socks 3 Pairs, Black","Unisex Thin and Light No-Show Socks 3 Pairs, Black",https://www.adidas.com.lb/en/adidas-outlet-unisex-thin-and-light-no-show-socks-3-pairs-black/A9_IC1327_ONE.html,https://www.adidas.com.lb/en/adidas-unisex-thin-and-light-no-show-socks-3-pairs-black/A7_IC1327_ONE.html | https://www.adidas.com.lb/en/adidas-outlet-unisex-thin-and-light-no-show-socks-3-pairs-black/A9_IC1327_ONE.html,2,Accessories,Socks | Accessories,unisex,unisex,Black,Black,in_stock,in_stock,2,0,0,34-36 | 37-39 | M | L | 46-48 | 28-30 | 31-33,7,LBP,LBP,1620000.0,1620000.0,18.0,18.0,1620000.0,1620000.0,1620000.0,1620000.0,18.0,18.0,1620000.0,1620000.0,,,,,,,,,False,False,Neither retailer currently shows a discount for this style code.
IC1332,exact_style_code,both_in_stock,neither_on_sale,False,,True,unisex,False,,normalized_compare,False,90000.0,True,0.0,0.0,0.0,0.0,0.0,same_price,tie,True,0.0,neither_discounted,tie,1,False,Adidas Unisex Training Sock Black/White,Adidas Unisex Training Sock Black/White,https://lb.mikesport.com/products/adidas-unisex-training-sock-black-white,https://lb.mikesport.com/products/adidas-unisex-training-sock-black-white,1,sock,sock,unisex,unisex,Black/White,Black/White,in_stock,in_stock,1,0,0,2XL | L | M | S | XL | XS,6,USD,USD,18.0,18.0,18.0,18.0,1620000.0,1620000.0,18.0,18.0,18.0,18.0,1620000.0,1620000.0,,,,,,,,,False,False,2,True,"Unisex Cushioned Low-Cut Socks - 3 Pairs, Multicolour","Unisex Cushioned Low-Cut Socks 3 Pairs, Black | Unisex Cushioned Low-Cut Socks - 3 Pairs, Multicolour",https://www.adidas.com.lb/en/adidas-outlet-unisex-cushioned-low-cut-socks---3-pairs-multicolour/A9_IC1332_ONE.html,https://www.adidas.com.lb/en/adidas-unisex-cushioned-low-cut-socks-3-pairs-black/A7_IC1332_ONE.html | https://www.adidas.com.lb/en/adidas-outlet-unisex-cushioned-low-cut-socks---3-pairs-multicolour/A9_IC1332_ONE.html,2,Accessories,Socks | Accessories,unisex,unisex,Multicolour,Black | Multicolour,in_stock,in_stock,2,0,0,34-36 | 37-39 | M | L | 28-30 | 31-33,6,LBP,LBP,1620000.0,1620000.0,18.0,18.0,1620000.0,1620000.0,1620000.0,1620000.0,18.0,18.0,1620000.0,1620000.0,,,,,,,,,False,False,Neither retailer currently shows a discount for this style code.
IC1336,exact_style_code,both_in_stock,neither_on_sale,False,,True,unisex,False,,normalized_compare,False,90000.0,True,0.0,0.0,0.0,0.0,0.0,same_price,tie,True,0.0,neither_discounted,tie,2,True,Adidas Thin And Light Sportswear Low-Cut 3 Pairs Unisex Sportswear Sock Black/White,Adidas Thin And Light Sportswear Low-Cut 3 Pairs Unisex Sportswear Sock Black/White,https://lb.mikesport.com/products/adidas-thin-and-light-sportswear-low-cut-3-pairs-unisex-sportswear-sock-black-white,https://lb.mikesport.com/products/adidas-thin-and-light-sportswear-low-cut-3-pairs-unisex-sportswear-sock-black-white-1 | https://lb.mikesport.com/products/adidas-thin-and-light-sportswear-low-cut-3-pairs-unisex-sportswear-sock-black-white,2,sock,sock,unisex,unisex,Black/White,Black/White,in_stock,in_stock,2,0,0,2XL | L | M | S | XL | XS,6,USD,USD,18.0,18.0,18.0,18.0,1620000.0,1620000.0,18.0,18.0,18.0,18.0,1620000.0,1620000.0,,,,,,,,,False,False,2,True,"Unisex Thin and Light Sportswear Low-Cut Socks 3 Pairs, Black","Unisex Thin and Light Sportswear Low-Cut Socks 3 Pairs, Black",https://www.adidas.com.lb/en/adidas-outlet-unisex-thin-and-light-sportswear-low-cut-socks-3-pairs-black/A9_IC1336_ONE.html,https://www.adidas.com.lb/en/adidas-unisex-thin-and-light-sportswear-low-cut-socks-3-pairs-black/A7_IC1336_ONE.html | https://www.adidas.com.lb/en/adidas-outlet-unisex-thin-and-light-sportswear-low-cut-socks-3-pairs-black/A9_IC1336_ONE.html,2,Accessories,Socks | Accessories,unisex,unisex,Black,Black,in_stock,in_stock,2,0,0,34-36 | 37-39 | M | L | 28-30 | 31-33,6,LBP,LBP,1620000.0,1620000.0,18.0,18.0,1620000.0,1620000.0,1620000.0,1620000.0,18.0,18.0,1620000.0,1620000.0,,,,,,,,,False,False,Neither retailer currently shows a discount for this style code.
IC2069,exact_style_code,both_in_stock,neither_on_sale,False,,True,unisex,False,,normalized_compare,False,90000.0,True,0.0,0.0,0.0,0.0,0.0,same_price,tie,True,0.0,neither_discounted,tie,1,False,Adidas Essentials Unisex Training Cap White/Silver,Adidas Essentials Unisex Training Cap White/Silver,https://lb.mikesport.com/products/adidas-essentials-unisex-training-cap-white-silver,https://lb.mikesport.com/products/adidas-essentials-unisex-training-cap-white-silver,1,cap,cap,unisex,unisex,White/Silver,White/Silver,in_stock,in_stock,1,0,0,,0,USD,USD,26.0,26.0,26.0,26.0,2340000.0,2340000.0,26.0,26.0,26.0,26.0,2340000.0,2340000.0,,,,,,,,,False,False,1,False,"Unisex Running Essentials Aeroready Six-Panel Baseball Cap, White","Unisex Running Essentials Aeroready Six-Panel Baseball Cap, White",https://www.adidas.com.lb/en/adidas-unisex-running-essentials-aeroready-six-panel-baseball-cap-white/A7_IC2069_ONE.html,https://www.adidas.com.lb/en/adidas-unisex-running-essentials-aeroready-six-panel-baseball-cap-white/A7_IC2069_ONE.html,1,Accessories,Accessories,unisex,unisex,White,White,in_stock,in_stock,1,0,0,One-Size,1,LBP,LBP,2340000.0,2340000.0,26.0,26.0,2340000.0,2340000.0,2340000.0,2340000.0,26.0,26.0,2340000.0,2340000.0,,,,,,,,,False,False,Neither retailer currently shows a discount for this style code.
IC3623,exact_style_code,both_in_stock,both_on_sale,False,,True,girls,False,,normalized_compare,False,90000.0,False,1.0,1.0,90000.0,5.26,5.26,adidas_cheaper,adidas_lb,False,-1.28,adidas_higher_discount,adidas_lb,1,False,Adidas Essential 3S Girls Sportswear Tight Black/White,Adidas Essential 3S Girls Sportswear Tight Black/White,https://lb.mikesport.com/products/adidas-essential-3s-girls-sportswear-tight-black-white,https://lb.mikesport.com/products/adidas-essential-3s-girls-sportswear-tight-black-white,1,tight,tight,girls,girls,Black/White,Black/White,in_stock,in_stock,1,0,0,11-12 Years | 13-14 Years,2,USD,USD,20.0,20.0,20.0,20.0,1800000.0,1800000.0,38.0,38.0,38.0,38.0,3420000.0,3420000.0,20.0,20.0,20.0,20.0,1800000.0,1800000.0,47.37,47.37,True,True,1,False,"Kids Essentials 3-Stripes Cotton Leggings, Black","Kids Essentials 3-Stripes Cotton Leggings, Black",https://www.adidas.com.lb/en/adidas-outlet-kids-essentials-3-stripes-cotton-leggings-black/A9_IC3623_ONE.html,https://www.adidas.com.lb/en/adidas-outlet-kids-essentials-3-stripes-cotton-leggings-black/A9_IC3623_ONE.html,1,Girls Clothing,Girls Clothing,girls,girls,Black,Black,in_stock,in_stock,1,0,0,7-8 Yrs | 11-12 Yrs | 13-14 Yrs,3,LBP,LBP,1710000.0,1710000.0,19.0,19.0,1710000.0,1710000.0,3330000.0,3330000.0,37.0,37.0,3330000.0,3330000.0,1710000.0,1710000.0,19.0,19.0,1710000.0,1710000.0,48.65,48.65,True,True,
IC5657,exact_style_code,both_in_stock,both_on_sale,False,,False,,False,,normalized_compare,False,90000.0,False,-2.0,-2.0,-180000.0,-9.09,-9.09,mikesport_cheaper,mikesport_lb,False,7.14,mikesport_higher_discount,mikesport_lb,1,False,Adidas Essential Logo Unisex Sportswear Short Legend Ink/White,Adidas Essential Logo Unisex Sportswear Short Legend Ink/White,https://lb.mikesport.com/products/adidas-essential-logo-unisex-sportswear-short-legend-ink-white,https://lb.mikesport.com/products/adidas-essential-logo-unisex-sportswear-short-legend-ink-white,1,short,short,unisex,unisex,Legend Ink/White,Legend Ink/White,in_stock,in_stock,1,0,0,7-8 Years | 9-10 Years | 11-12 Years,3,USD,USD,20.0,20.0,20.0,20.0,1800000.0,1800000.0,28.0,28.0,28.0,28.0,2520000.0,2520000.0,20.0,20.0,20.0,20.0,1800000.0,1800000.0,28.57,28.57,True,True,1,False,"Unisex Kids Train Essentials AEROREADY Logo Regular-Fit Shorts, Blue","Unisex Kids Train Essentials AEROREADY Logo Regular-Fit Shorts, Blue",https://www.adidas.com.lb/en/adidas-outlet-unisex-kids-train-essentials-aeroready-logo-regular-fit-shorts-blue/A9_IC5657_ONE.html,https://www.adidas.com.lb/en/adidas-outlet-unisex-kids-train-essentials-aeroready-logo-regular-fit-shorts-blue/A9_IC5657_ONE.html,1,Boys Clothing,Boys Clothing,kids,kids,Blue,Blue,in_stock,in_stock,1,0,0,5-6 Yrs | 11-12 Yrs,2,LBP,LBP,1980000.0,1980000.0,22.0,22.0,1980000.0,1980000.0,2520000.0,2520000.0,28.0,28.0,2520000.0,2520000.0,1980000.0,1980000.0,22.0,22.0,1980000.0,1980000.0,21.43,21.43,True,True,
IC6855,exact_style_code,both_in_stock,both_on_sale,False,,True,unisex,False,,normalized_compare,False,90000.0,False,-4.0,-4.0,-360000.0,-18.18,-18.18,mikesport_cheaper,mikesport_lb,False,14.28,mikesport_higher_discount,mikesport_lb,1,False,Adidas Essentials Kids-Unisex Sportswear T-Shirt Black/White,Adidas Essentials Kids-Unisex Sportswear T-Shirt Black/White,https://lb.mikesport.com/products/adidas-essentials-kids-unisex-sportswear-t-shirt-black-white,https://lb.mikesport.com/products/adidas-essentials-kids-unisex-sportswear-t-shirt-black-white,1,t-shirt,t-shirt,unisex,unisex,Black/White,Black/White,in_stock,in_stock,1,0,0,11-12 Years,1,USD,USD,18.0,18.0,18.0,18.0,1620000.0,1620000.0,28.0,28.0,28.0,28.0,2520000.0,2520000.0,18.0,18.0,18.0,18.0,1620000.0,1620000.0,35.71,35.71,True,True,1,False,"Kids Unisex Essentials Big Logo Cotton T-Shirt, Black","Kids Unisex Essentials Big Logo Cotton T-Shirt, Black",https://www.adidas.com.lb/en/adidas-outlet-kids-unisex-essentials-big-logo-cotton-t-shirt-black/A9_IC6855_ONE.html,https://www.adidas.com.lb/en/adidas-outlet-kids-unisex-essentials-big-logo-cotton-t-shirt-black/A9_IC6855_ONE.html,1,Boys Clothing,Boys Clothing,unisex,unisex,Black,Black,in_stock,in_stock,1,0,0,7-8 Yrs | 11-12 Yrs | 9-10 Yrs,3,LBP,LBP,1980000.0,1980000.0,22.0,22.0,1980000.0,1980000.0,2520000.0,2520000.0,28.0,28.0,2520000.0,2520000.0,1980000.0,1980000.0,22.0,22.0,1980000.0,1980000.0,21.43,21.43,True,True,
IC6977,exact_style_code,both_in_stock,neither_on_sale,False,,True,men,False,,normalized_compare,False,90000.0,True,0.0,0.0,0.0,0.0,0.0,same_price,tie,True,0.0,neither_discounted,tie,1,False,Adidas Essential Woven Men Training Short Dark Blue/White,Adidas Essential Woven Men Training Short Dark Blue/White,https://lb.mikesport.com/products/adidas-essential-woven-men-training-short-dark-blue-white,https://lb.mikesport.com/products/adidas-essential-woven-men-training-short-dark-blue-white,1,short,short,men,men,Dark Blue/White,Dark Blue/White,in_stock,in_stock,1,0,0,M | XL,2,USD,USD,44.0,44.0,44.0,44.0,3960000.0,3960000.0,44.0,44.0,44.0,44.0,3960000.0,3960000.0,,,,,,,,,False,False,1,False,"Train Essentials Woven Training Shorts, Blue","Train Essentials Woven Training Shorts, Blue",https://www.adidas.com.lb/en/adidas-train-essentials-woven-training-shorts-blue/A7_IC6977_ONE.html,https://www.adidas.com.lb/en/adidas-train-essentials-woven-training-shorts-blue/A7_IC6977_ONE.html,1,Shorts,Shorts,men,men,Blue,Blue,in_stock,in_stock,1,0,0,S 7 | M 7 | M 7in | L 7 | L 7in | XL7 | XS7,7,LBP,LBP,3960000.0,3960000.0,44.0,44.0,3960000.0,3960000.0,3960000.0,3960000.0,44.0,44.0,3960000.0,3960000.0,,,,,,,,,False,False,Neither retailer currently shows a discount for this style code.
IC9314,exact_style_code,both_in_stock,both_on_sale,False,,True,men,True,Black,normalized_compare,False,90000.0,False,6.0,6.0,540000.0,25.0,25.0,adidas_cheaper,adidas_lb,False,-10.66,adidas_higher_discount,adidas_lb,1,False,Adidas Essentials Piqu&#233; Men Sportswear Polo Short Sleeve Black,Adidas Essentials Piqu&#233; Men Sportswear Polo Short Sleeve Black,https://lb.mikesport.com/products/adidas-essentials-piqu-233-men-sportswear-polo-short-sleeve-black,https://lb.mikesport.com/products/adidas-essentials-piqu-233-men-sportswear-polo-short-sleeve-black,1,polo_short_sleeve,polo_short_sleeve,men,men,Black,Black,in_stock,in_stock,1,0,0,S,1,USD,USD,30.0,30.0,30.0,30.0,2700000.0,2700000.0,60.0,60.0,60.0,60.0,5400000.0,5400000.0,30.0,30.0,30.0,30.0,2700000.0,2700000.0,50.0,50.0,True,True,1,False,"Essentials Pique Small Logo Polo Shirt, Black","Essentials Pique Small Logo Polo Shirt, Black",https://www.adidas.com.lb/en/adidas-outlet-essentials-pique-small-logo-polo-shirt-black/A9_IC9314_ONE.html,https://www.adidas.com.lb/en/adidas-outlet-essentials-pique-small-logo-polo-shirt-black/A9_IC9314_ONE.html,1,Tops,Tops,men,men,Black,Black,in_stock,in_stock,1,0,0,S,1,LBP,LBP,2160000.0,2160000.0,24.0,24.0,2160000.0,2160000.0,5490000.0,5490000.0,61.0,61.0,5490000.0,5490000.0,2160000.0,2160000.0,24.0,24.0,2160000.0,2160000.0,60.66,60.66,True,True,
IC9406,exact_style_code,both_in_stock,both_on_sale,False,,True,men,False,,normalized_compare,False,90000.0,False,2.0,2.0,180000.0,5.26,5.26,adidas_cheaper,adidas_lb,False,-2.63,adidas_higher_discount,adidas_lb,1,False,Adidas Essentials French Terry Tapered Cuff 3-Stripes Men Sportswear Pant Legend Ink,Adidas Essentials French Terry Tapered Cuff 3-Stripes Men Sportswear Pant Legend Ink,https://lb.mikesport.com/products/adidas-essentials-french-terry-tapered-cuff-3-stripes-men-sportswear-pant-legend-ink,https://lb.mikesport.com/products/adidas-essentials-french-terry-tapered-cuff-3-stripes-men-sportswear-pant-legend-ink,1,pant,pant,men,men,Legend Ink,Legend Ink,in_stock,in_stock,1,0,0,S,1,USD,USD,40.0,40.0,40.0,40.0,3600000.0,3600000.0,76.0,76.0,76.0,76.0,6840000.0,6840000.0,40.0,40.0,40.0,40.0,3600000.0,3600000.0,47.37,47.37,True,True,1,False,"Essentials French Terry Tapered Cuff 3-Stripes Joggers, Blue","Essentials French Terry Tapered Cuff 3-Stripes Joggers, Blue",https://www.adidas.com.lb/en/adidas-outlet-essentials-french-terry-tapered-cuff-3-stripes-joggers-blue/A9_IC9406_ONE.html,https://www.adidas.com.lb/en/adidas-outlet-essentials-french-terry-tapered-cuff-3-stripes-joggers-blue/A9_IC9406_ONE.html,1,Joggers & Trousers,Joggers & Trousers,men,men,Blue,Blue,in_stock,in_stock,1,0,0,S,1,LBP,LBP,3420000.0,3420000.0,38.0,38.0,3420000.0,3420000.0,6840000.0,6840000.0,76.0,76.0,6840000.0,6840000.0,3420000.0,3420000.0,38.0,38.0,3420000.0,3420000.0,50.0,50.0,True,True,
ID0478,exact_style_code,both_in_stock,neither_on_sale,False,,True,women,False,,normalized_compare,False,90000.0,True,0.0,0.0,0.0,0.0,0.0,same_price,tie,True,0.0,neither_discounted,tie,1,False,Adidas Samba Og Women Original Shoes Cream White/Black,Adidas Samba Og Women Original Shoes Cream White/Black,https://lb.mikesport.com/products/adidas-samba-og-women-original-shoes-cream-white-black,https://lb.mikesport.com/products/adidas-samba-og-women-original-shoes-cream-white-black,1,shoes,shoes,women,women,Cream White/Black,Cream White/Black,in_stock,in_stock,1,0,0,36 2/3 EU | 38 EU | 40 EU,3,USD,USD,159.0,159.0,159.0,159.0,14310000.0,14310000.0,159.0,159.0,159.0,159.0,14310000.0,14310000.0,,,,,,,,,False,False,1,False,"Samba OG Shoes, Beige","Samba OG Shoes, Beige",https://www.adidas.com.lb/en/adidas-samba-og-shoes-beige/A7_ID0478_ONE.html,https://www.adidas.com.lb/en/adidas-samba-og-shoes-beige/A7_ID0478_ONE.html,1,Originals,Originals,women,women,Beige,Beige,in_stock,in_stock,1,0,0,36 | 36 2/3 | 37 1/3 | 38 | 38 2/3 | 39 1/3 | 40 | 40 2/3 | 41 1/3,9,LBP,LBP,14310000.0,14310000.0,159.0,159.0,14310000.0,14310000.0,14310000.0,14310000.0,159.0,159.0,14310000.0,14310000.0,,,,,,,,,False,False,Neither retailer currently shows a discount for this style code.
ID0910,exact_style_code,both_in_stock,both_on_sale,True,Shoes,True,unisex,False,,normalized_compare,False,90000.0,False,2.0,2.0,180000.0,2.78,2.78,adidas_cheaper,adidas_lb,False,-1.04,adidas_higher_discount,adidas_lb,1,False,Adidas Predator League Tf Men Turf Shoes Blue/White/Red,Adidas Predator League Tf Men Turf Shoes Blue/White/Red,https://lb.mikesport.com/products/adidas-predator-league-tf-men-turf-shoes-blue-white-red,https://lb.mikesport.com/products/adidas-predator-league-tf-men-turf-shoes-blue-white-red,1,shoes,shoes,unisex,unisex,Blue/White/Red,Blue/White/Red,in_stock,in_stock,1,0,0,45 1/3 EU | 40 EU | 40 2/3 EU,3,USD,USD,74.0,74.0,74.0,74.0,6660000.0,6660000.0,144.0,144.0,144.0,144.0,12960000.0,12960000.0,74.0,74.0,74.0,74.0,6660000.0,6660000.0,48.61,48.61,True,True,1,False,"Unisex Predator League Turf Boots, Blue","Unisex Predator League Turf Boots, Blue",https://www.adidas.com.lb/en/adidas-outlet-unisex-predator-league-turf-boots-blue/A9_ID0910_ONE.html,https://www.adidas.com.lb/en/adidas-outlet-unisex-predator-league-turf-boots-blue/A9_ID0910_ONE.html,1,Shoes,Shoes,unisex,unisex,Blue,Blue,in_stock,in_stock,1,0,0,39 1/3 | 40 | 40 2/3 | 41 1/3 | 42 | 42 2/3 | 43 1/3 | 44 | 44 2/3 | 45 1/3 | 46,11,LBP,LBP,6480000.0,6480000.0,72.0,72.0,6480000.0,6480000.0,12870000.0,12870000.0,143.0,143.0,12870000.0,12870000.0,6480000.0,6480000.0,72.0,72.0,6480000.0,6480000.0,49.65,49.65,True,True,
ID1305,exact_style_code,both_in_stock,neither_on_sale,False,,False,,False,,normalized_compare,False,90000.0,True,0.0,0.0,0.0,0.0,0.0,same_price,tie,True,0.0,neither_discounted,tie,1,False,Adidas Advantage Base 2 Ps-Girls Sportswear Shoes White/Bliss Pink,Adidas Advantage Base 2 Ps-Girls Sportswear Shoes White/Bliss Pink,https://lb.mikesport.com/products/adidas-advantage-base-2-ps-girls-sportswear-shoes-white-bliss-pink,https://lb.mikesport.com/products/adidas-advantage-base-2-ps-girls-sportswear-shoes-white-bliss-pink,1,shoes,shoes,girls,girls,White/Bliss Pink,White/Bliss Pink,in_stock,in_stock,1,0,0,33 EU | 28 EU | 30 EU | 29 EU | 31 EU | 32 EU | 34 EU | 35 EU,8,USD,USD,61.0,61.0,61.0,61.0,5490000.0,5490000.0,61.0,61.0,61.0,61.0,5490000.0,5490000.0,,,,,,,,,False,False,1,False,"Unisex Kids Advantage Base 2.0 Shoes, White","Unisex Kids Advantage Base 2.0 Shoes, White",https://www.adidas.com.lb/en/adidas-unisex-kids-advantage-base-2.0-shoes-white/A7_ID1305_ONE.html,https://www.adidas.com.lb/en/adidas-unisex-kids-advantage-base-2.0-shoes-white/A7_ID1305_ONE.html,1,Training,Training,kids,kids,White,White,in_stock,in_stock,1,0,0,28 | 29 | 31 | 32 | 34 | 35,6,LBP,LBP,5490000.0,5490000.0,61.0,61.0,5490000.0,5490000.0,5490000.0,5490000.0,61.0,61.0,5490000.0,5490000.0,,,,,,,,,False,False,Neither retailer currently shows a discount for this style code.
ID3886,exact_style_code,both_in_stock,neither_on_sale,False,,False,,False,,normalized_compare,False,90000.0,True,0.0,0.0,0.0,0.0,0.0,same_price,tie,True,0.0,neither_discounted,tie,1,False,Adidas Advantage Base 2.0 Gs-Girls Sportswear Shoes White/Bliss Pink,Adidas Advantage Base 2.0 Gs-Girls Sportswear Shoes White/Bliss Pink,https://lb.mikesport.com/products/adidas-advantage-base-2-0-gs-girls-sportswear-shoes-white-bliss-pink,https://lb.mikesport.com/products/adidas-advantage-base-2-0-gs-girls-sportswear-shoes-white-bliss-pink,1,shoes,shoes,girls,girls,Cloud White/Bliss Pink/Core Black,Cloud White/Bliss Pink/Core Black,in_stock,in_stock,1,0,0,36 2/3 EU | 37 1/3 EU | 39 1/3 EU,3,USD,USD,67.0,67.0,67.0,67.0,6030000.0,6030000.0,67.0,67.0,67.0,67.0,6030000.0,6030000.0,,,,,,,,,False,False,1,False,"Unisex Kids Advantage Base 2.0 Shoes, White","Unisex Kids Advantage Base 2.0 Shoes, White",https://www.adidas.com.lb/en/adidas-unisex-kids-advantage-base-2.0-shoes-white/A7_ID3886_ONE.html,https://www.adidas.com.lb/en/adidas-unisex-kids-advantage-base-2.0-shoes-white/A7_ID3886_ONE.html,1,Training,Training,kids,kids,White,White,in_stock,in_stock,1,0,0,36 2/3 | 37 1/3 | 38 | 38 2/3 | 39 1/3,5,LBP,LBP,6030000.0,6030000.0,67.0,67.0,6030000.0,6030000.0,6030000.0,6030000.0,67.0,67.0,6030000.0,6030000.0,,,,,,,,,False,False,Neither retailer currently shows a discount for this style code.
ID3888,exact_style_code,both_in_stock,neither_on_sale,False,,True,kids,True,Black,normalized_compare,False,90000.0,True,0.0,0.0,0.0,0.0,0.0,same_price,tie,True,0.0,neither_discounted,tie,1,False,Adidas Advantage Base 2 Gs Sportswear Shoes Black,Adidas Advantage Base 2 Gs Sportswear Shoes Black,https://lb.mikesport.com/products/adidas-advantage-base-2-gs-sportswear-shoes-black,https://lb.mikesport.com/products/adidas-advantage-base-2-gs-sportswear-shoes-black,1,shoes,shoes,kids,kids,Black,Black,in_stock,in_stock,1,0,0,38 EU | 38 2/3 EU,2,USD,USD,67.0,67.0,67.0,67.0,6030000.0,6030000.0,67.0,67.0,67.0,67.0,6030000.0,6030000.0,,,,,,,,,False,False,1,False,"Unisex Kids Advantage Base 2.0 Shoes, Black","Unisex Kids Advantage Base 2.0 Shoes, Black",https://www.adidas.com.lb/en/adidas-unisex-kids-advantage-base-2.0-shoes-black/A7_ID3888_ONE.html,https://www.adidas.com.lb/en/adidas-unisex-kids-advantage-base-2.0-shoes-black/A7_ID3888_ONE.html,1,Training,Training,kids,kids,Black,Black,in_stock,in_stock,1,0,0,35.5 | 36 | 37 1/3 | 38,4,LBP,LBP,6030000.0,6030000.0,67.0,67.0,6030000.0,6030000.0,6030000.0,6030000.0,67.0,67.0,6030000.0,6030000.0,,,,,,,,,False,False,Neither retailer currently shows a discount for this style code.
ID4019,exact_style_code,both_in_stock,both_on_sale,True,Shoes,True,men,False,,normalized_compare,False,90000.0,False,1.0,1.0,90000.0,1.75,1.75,adidas_cheaper,adidas_lb,False,-0.4,adidas_higher_discount,adidas_lb,1,False,Adidas Cloudfoam Go Lounge Men Sportswear Shoes Black/Lucid Blue,Adidas Cloudfoam Go Lounge Men Sportswear Shoes Black/Lucid Blue,https://lb.mikesport.com/products/adidas-cloudfoam-go-lounge-men-sportswear-shoes-black-lucid-blue,https://lb.mikesport.com/products/adidas-cloudfoam-go-lounge-men-sportswear-shoes-black-lucid-blue,1,shoes,shoes,men,men,Black/Lucid Blue,Black/Lucid Blue,in_stock,in_stock,1,0,0,41 1/3 EU,1,USD,USD,58.0,58.0,58.0,58.0,5220000.0,5220000.0,89.0,89.0,89.0,89.0,8010000.0,8010000.0,58.0,58.0,58.0,58.0,5220000.0,5220000.0,34.83,34.83,True,True,1,False,"Cloudfoam Go Lounger Shoes, Black","Cloudfoam Go Lounger Shoes, Black",https://www.adidas.com.lb/en/outlet-adidas-cloudfoam-go-lounger-shoes-black/A9_ID4019_ONE.html,https://www.adidas.com.lb/en/outlet-adidas-cloudfoam-go-lounger-shoes-black/A9_ID4019_ONE.html,1,Shoes,Shoes,men,men,Black,Black,in_stock,in_stock,1,0,0,40 2/3,1,LBP,LBP,5130000.0,5130000.0,57.0,57.0,5130000.0,5130000.0,7920000.0,7920000.0,88.0,88.0,7920000.0,7920000.0,5130000.0,5130000.0,57.0,57.0,5130000.0,5130000.0,35.23,35.23,True,True,
ID5271,exact_style_code,both_in_stock,neither_on_sale,False,,True,unisex,False,,normalized_compare,False,90000.0,True,0.0,0.0,0.0,0.0,0.0,same_price,tie,True,0.0,neither_discounted,tie,1,False,Adidas Grand Court 2 Infant Unisex Sportswear Shoes White/Black,Adidas Grand Court 2 Infant Unisex Sportswear Shoes White/Black,https://lb.mikesport.com/products/adidas-grand-court-2-infant-unisex-sportswear-shoes-white-black,https://lb.mikesport.com/products/adidas-grand-court-2-infant-unisex-sportswear-shoes-white-black,1,shoes,shoes,unisex,unisex,s and classic 3-Stripes will inspire a lifetime of play. Highlights: Regular fit Hook-and-loop closure Textile lining Combined EVA midsole and outsole Composition: Synthetic Leather Upper Synthetic Outsole Color: White/Black,s and classic 3-Stripes will inspire a lifetime of play. Highlights: Regular fit Hook-and-loop closure Textile lining Combined EVA midsole and outsole Composition: Synthetic Leather Upper Synthetic Outsole Color: White/Black,in_stock,in_stock,1,0,0,25 EU | 24 EU | 26 EU | 27 EU,4,USD,USD,54.0,54.0,54.0,54.0,4860000.0,4860000.0,54.0,54.0,54.0,54.0,4860000.0,4860000.0,,,,,,,,,False,False,1,False,"Kids Unisex Grand Court 2.0 Shoes, White","Kids Unisex Grand Court 2.0 Shoes, White",https://www.adidas.com.lb/en/adidas-kids-unisex-grand-court-2.0-shoes-white/A7_ID5271_ONE.html,https://www.adidas.com.lb/en/adidas-kids-unisex-grand-court-2.0-shoes-white/A7_ID5271_ONE.html,1,Tennis,Tennis,unisex,unisex,White,White,in_stock,in_stock,1,0,0,25 | 26 | 27,3,LBP,LBP,4860000.0,4860000.0,54.0,54.0,4860000.0,4860000.0,4860000.0,4860000.0,54.0,54.0,4860000.0,4860000.0,,,,,,,,,False,False,Neither retailer currently shows a discount for this style code.
ID5286,exact_style_code,both_in_stock,neither_on_sale,False,,False,,False,,normalized_compare,False,90000.0,True,0.0,0.0,0.0,0.0,0.0,same_price,tie,True,0.0,neither_discounted,tie,1,False,Adidas Advantage Infant-Unisex Sportswear Shoes White/Green,Adidas Advantage Infant-Unisex Sportswear Shoes White/Green,https://lb.mikesport.com/products/adidas-advantage-infant-unisex-sportswear-shoes-white-green,https://lb.mikesport.com/products/adidas-advantage-infant-unisex-sportswear-shoes-white-green,1,shoes,shoes,unisex,unisex,White/Green,White/Green,in_stock,in_stock,1,0,0,22 EU | 21 EU | 23 EU | 25 EU | 24 EU | 26 EU | 27 EU,7,USD,USD,54.0,54.0,54.0,54.0,4860000.0,4860000.0,54.0,54.0,54.0,54.0,4860000.0,4860000.0,,,,,,,,,False,False,1,False,"Unisex Kids Advantage Shoes, White","Unisex Kids Advantage Shoes, White",https://www.adidas.com.lb/en/adidas-unisex-kids-advantage-shoes-white/A7_ID5286_ONE.html,https://www.adidas.com.lb/en/adidas-unisex-kids-advantage-shoes-white/A7_ID5286_ONE.html,1,Tennis,Tennis,kids,kids,White,White,in_stock,in_stock,1,0,0,23 | 25 | 26 | 27,4,LBP,LBP,4860000.0,4860000.0,54.0,54.0,4860000.0,4860000.0,4860000.0,4860000.0,54.0,54.0,4860000.0,4860000.0,,,,,,,,,False,False,Neither retailer currently shows a discount for this style code.
ID6316,exact_style_code,both_in_stock,neither_on_sale,False,,True,men,False,,normalized_compare,False,90000.0,True,0.0,0.0,0.0,0.0,0.0,same_price,tie,True,0.0,neither_discounted,tie,1,False,Adidas Questar 3 Men Running Shoes Black/Grey,Adidas Questar 3 Men Running Shoes Black/Grey,https://lb.mikesport.com/products/adidas-questar-3-men-running-shoes-black-grey,https://lb.mikesport.com/products/adidas-questar-3-men-running-shoes-black-grey,1,shoes,shoes,men,men,Black/Grey,Black/Grey,in_stock,in_stock,1,0,0,46 EU | 41 1/3 EU | 44 EU,3,USD,USD,121.0,121.0,121.0,121.0,10890000.0,10890000.0,121.0,121.0,121.0,121.0,10890000.0,10890000.0,,,,,,,,,False,False,1,False,"Questar 3 Running Shoes, Black","Questar 3 Running Shoes, Black",https://www.adidas.com.lb/en/adidas-questar-3-running-shoes-black/A7_ID6316_ONE.html,https://www.adidas.com.lb/en/adidas-questar-3-running-shoes-black/A7_ID6316_ONE.html,1,Running,Running,men,men,Black,Black,in_stock,in_stock,1,0,0,40 | 40 2/3 | 41 1/3 | 42 | 42 2/3 | 43 1/3 | 44 | 44 2/3 | 45 1/3,9,LBP,LBP,10890000.0,10890000.0,121.0,121.0,10890000.0,10890000.0,10890000.0,10890000.0,121.0,121.0,10890000.0,10890000.0,,,,,,,,,False,False,Neither retailer currently shows a discount for this style code.
ID6520,exact_style_code,both_in_stock,neither_on_sale,False,,True,men,False,,normalized_compare,False,90000.0,False,1.0,1.0,90000.0,1.14,1.14,adidas_cheaper,adidas_lb,True,0.0,neither_discounted,tie,1,False,Adidas Cloudfoam Move Men Sportswear Shoes Black/Lucid Blue,Adidas Cloudfoam Move Men Sportswear Shoes Black/Lucid Blue,https://lb.mikesport.com/products/adidas-cloudfoam-move-men-sportswear-shoes-black-lucid-blue,https://lb.mikesport.com/products/adidas-cloudfoam-move-men-sportswear-shoes-black-lucid-blue,1,espadrilles,espadrilles,men,men,Black/Lucid Blue,Black/Lucid Blue,in_stock,in_stock,1,0,0,46 EU,1,USD,USD,89.0,89.0,89.0,89.0,8010000.0,8010000.0,89.0,89.0,89.0,89.0,8010000.0,8010000.0,,,,,,,,,False,False,1,False,"Cloudfoam Move Sock Shoes, Black","Cloudfoam Move Sock Shoes, Black",https://www.adidas.com.lb/en/adidas-cloudfoam-move-sock-shoes-black/A7_ID6520_ONE.html,https://www.adidas.com.lb/en/adidas-cloudfoam-move-sock-shoes-black/A7_ID6520_ONE.html,1,Tennis,Tennis,men,men,Black,Black,in_stock,in_stock,1,0,0,41 1/3 | 44 2/3,2,LBP,LBP,7920000.0,7920000.0,88.0,88.0,7920000.0,7920000.0,7920000.0,7920000.0,88.0,88.0,7920000.0,7920000.0,,,,,,,,,False,False,Neither retailer currently shows a discount for this style code.
ID8307,exact_style_code,both_in_stock,both_on_sale,False,,True,men,False,,normalized_compare,False,90000.0,False,-22.0,-22.0,-1980000.0,-19.3,-19.3,mikesport_cheaper,mikesport_lb,False,12.2,mikesport_higher_discount,mikesport_lb,1,False,Adidas Response Cl Men Original Shoes Black/White,Adidas Response Cl Men Original Shoes Black/White,https://lb.mikesport.com/products/adidas-response-cl-men-original-shoes-black-white,https://lb.mikesport.com/products/adidas-response-cl-men-original-shoes-black-white,1,espadrilles,espadrilles,men,men,Black/White,Black/White,in_stock,in_stock,1,0,0,41 1/3 EU | 43 1/3 EU | 44 EU,3,USD,USD,92.0,92.0,92.0,92.0,8280000.0,8280000.0,175.0,175.0,175.0,175.0,15750000.0,15750000.0,92.0,92.0,92.0,92.0,8280000.0,8280000.0,47.43,47.43,True,True,1,False,"Response Cl Shoes, Black","Response Cl Shoes, Black",https://www.adidas.com.lb/en/adidas-outlet-response-cl-shoes-black/A9_ID8307_ONE.html,https://www.adidas.com.lb/en/adidas-outlet-response-cl-shoes-black/A9_ID8307_ONE.html,1,Shoes,Shoes,men,men,Black,Black,in_stock,in_stock,1,0,0,39 1/3 | 40 2/3,2,LBP,LBP,10260000.0,10260000.0,114.0,114.0,10260000.0,10260000.0,15840000.0,15840000.0,176.0,176.0,15840000.0,15840000.0,10260000.0,10260000.0,114.0,114.0,10260000.0,10260000.0,35.23,35.23,True,True,
ID8754,exact_style_code,both_in_stock,neither_on_sale,False,,True,men,False,,normalized_compare,False,90000.0,True,0.0,0.0,0.0,0.0,0.0,same_price,tie,True,0.0,neither_discounted,tie,1,False,Adidas Galaxy 7 Men Running Shoes Silver/Carbon/Black,Adidas Galaxy 7 Men Running Shoes Silver/Carbon/Black,https://lb.mikesport.com/products/adidas-galaxy-7-men-running-shoes-silver-carbon-black,https://lb.mikesport.com/products/adidas-galaxy-7-men-running-shoes-silver-carbon-black,1,shoes,shoes,men,men,Silver/Carbon/Black,Silver/Carbon/Black,in_stock,in_stock,1,0,0,44 2/3 EU | 45 1/3 EU | 46 EU | 46 2/3 EU | 40 2/3 EU | 41 1/3 EU | 42 EU | 42 2/3 EU | 43 1/3 EU | 44 EU,10,USD,USD,80.0,80.0,80.0,80.0,7200000.0,7200000.0,80.0,80.0,80.0,80.0,7200000.0,7200000.0,,,,,,,,,False,False,1,False,"Galaxy 7 Running Shoes, Grey","Galaxy 7 Running Shoes, Grey",https://www.adidas.com.lb/en/adidas-galaxy-7-running-shoes-grey/A7_ID8754_ONE.html,https://www.adidas.com.lb/en/adidas-galaxy-7-running-shoes-grey/A7_ID8754_ONE.html,1,Running,Running,men,men,Grey,Grey,in_stock,in_stock,1,0,0,39 1/3 | 40 | 41 1/3 | 42 | 42 2/3 | 43 1/3 | 44 | 44 2/3 | 45 1/3 | 46 | 46 2/3 | 47 1/3,12,LBP,LBP,7200000.0,7200000.0,80.0,80.0,7200000.0,7200000.0,7200000.0,7200000.0,80.0,80.0,7200000.0,7200000.0,,,,,,,,,False,False,Neither retailer currently shows a discount for this style code.
ID8757,exact_style_code,both_in_stock,neither_on_sale,False,,True,men,True,Black,normalized_compare,False,90000.0,True,0.0,0.0,0.0,0.0,0.0,same_price,tie,True,0.0,neither_discounted,tie,1,False,Adidas Galaxy 7 Men Running Shoes Black,Adidas Galaxy 7 Men Running Shoes Black,https://lb.mikesport.com/products/adidas-galaxy-7-men-running-shoes-black,https://lb.mikesport.com/products/adidas-galaxy-7-men-running-shoes-black,1,shoes,shoes,men,men,Black,Black,in_stock,in_stock,1,0,0,44 2/3 EU | 45 1/3 EU | 46 EU | 46 2/3 EU | 40 2/3 EU | 41 1/3 EU | 42 EU | 42 2/3 EU | 43 1/3 EU | 44 EU,10,USD,USD,80.0,80.0,80.0,80.0,7200000.0,7200000.0,80.0,80.0,80.0,80.0,7200000.0,7200000.0,,,,,,,,,False,False,1,False,"Galaxy 7 Running Shoes, Black","Galaxy 7 Running Shoes, Black",https://www.adidas.com.lb/en/adidas-galaxy-7-running-shoes-black/A7_ID8757_ONE.html,https://www.adidas.com.lb/en/adidas-galaxy-7-running-shoes-black/A7_ID8757_ONE.html,1,Running,Running,men,men,Black,Black,in_stock,in_stock,1,0,0,41 1/3 | 42 | 42 2/3 | 43 1/3 | 44 | 44 2/3 | 45 1/3 | 46,8,LBP,LBP,7200000.0,7200000.0,80.0,80.0,7200000.0,7200000.0,7200000.0,7200000.0,80.0,80.0,7200000.0,7200000.0,,,,,,,,,False,False,Neither retailer currently shows a discount for this style code.
ID8763,exact_style_code,both_in_stock,neither_on_sale,False,,True,women,False,,normalized_compare,False,90000.0,True,0.0,0.0,0.0,0.0,0.0,same_price,tie,True,0.0,neither_discounted,tie,1,False,Adidas Galaxy 7 Women Running Shoes Black/Pink/Carbon,Adidas Galaxy 7 Women Running Shoes Black/Pink/Carbon,https://lb.mikesport.com/products/adidas-galaxy-7-women-running-shoes-black-pink-carbon,https://lb.mikesport.com/products/adidas-galaxy-7-women-running-shoes-black-pink-carbon,1,shoes,shoes,women,women,Black/Pink/Carbon,Black/Pink/Carbon,in_stock,in_stock,1,0,0,37 1/3 EU | 38 EU | 38 2/3 EU | 39 1/3 EU | 40 EU | 41 1/3 EU,6,USD,USD,80.0,80.0,80.0,80.0,7200000.0,7200000.0,80.0,80.0,80.0,80.0,7200000.0,7200000.0,,,,,,,,,False,False,1,False,"Galaxy 7 Running Shoes, Black","Galaxy 7 Running Shoes, Black",https://www.adidas.com.lb/en/adidas-galaxy-7-running-shoes-black/A7_ID8763_ONE.html,https://www.adidas.com.lb/en/adidas-galaxy-7-running-shoes-black/A7_ID8763_ONE.html,1,Running,Running,women,women,Black,Black,in_stock,in_stock,1,0,0,36 2/3 | 37 1/3 | 38 | 41 1/3,4,LBP,LBP,7200000.0,7200000.0,80.0,80.0,7200000.0,7200000.0,7200000.0,7200000.0,80.0,80.0,7200000.0,7200000.0,,,,,,,,,False,False,Neither retailer currently shows a discount for this style code.
ID8764,exact_style_code,both_in_stock,neither_on_sale,False,,True,women,True,Black,normalized_compare,False,90000.0,True,0.0,0.0,0.0,0.0,0.0,same_price,tie,True,0.0,neither_discounted,tie,1,False,Adidas Galaxy 7 Women Running Shoes Black,Adidas Galaxy 7 Women Running Shoes Black,https://lb.mikesport.com/products/id8764-galaxy-7-w-cblack-cblack-cblack,https://lb.mikesport.com/products/id8764-galaxy-7-w-cblack-cblack-cblack,1,shoes,shoes,women,women,Black,Black,in_stock,in_stock,1,0,0,36 2/3 EU | 37 1/3 EU | 38 2/3 EU | 39 1/3 EU | 40 EU | 40 2/3 EU | 41 1/3 EU,7,USD,USD,80.0,80.0,80.0,80.0,7200000.0,7200000.0,80.0,80.0,80.0,80.0,7200000.0,7200000.0,,,,,,,,,False,False,1,False,"Galaxy 7 Running Shoes, Black","Galaxy 7 Running Shoes, Black",https://www.adidas.com.lb/en/adidas-galaxy-7-running-shoes-black/A7_ID8764_ONE.html,https://www.adidas.com.lb/en/adidas-galaxy-7-running-shoes-black/A7_ID8764_ONE.html,1,Running,Running,women,women,Black,Black,in_stock,in_stock,1,0,0,36 2/3 | 37 1/3 | 38 | 38 2/3 | 39 1/3 | 40 | 40 2/3 | 41 1/3,8,LBP,LBP,7200000.0,7200000.0,80.0,80.0,7200000.0,7200000.0,7200000.0,7200000.0,80.0,80.0,7200000.0,7200000.0,,,,,,,,,False,False,Neither retailer currently shows a discount for this style code.
ID8765,exact_style_code,both_in_stock,neither_on_sale,False,,True,women,False,,normalized_compare,False,90000.0,False,-1.0,-1.0,-90000.0,-1.25,-1.25,mikesport_cheaper,mikesport_lb,True,0.0,neither_discounted,tie,1,False,Adidas Galaxy 7 Women Running Shoes Black/White/Carbon,Adidas Galaxy 7 Women Running Shoes Black/White/Carbon,https://lb.mikesport.com/products/adidas-galaxy-7-women-running-shoes-black-white-carbon,https://lb.mikesport.com/products/adidas-galaxy-7-women-running-shoes-black-white-carbon,1,shoes,shoes,women,women,Black/White/Carbon,Black/White/Carbon,in_stock,in_stock,1,0,0,36 EU | 36 2/3 EU | 37 1/3 EU | 38 EU | 38 2/3 EU | 39 1/3 EU | 40 EU | 40 2/3 EU | 41 1/3 EU,9,USD,USD,79.0,79.0,79.0,79.0,7110000.0,7110000.0,79.0,79.0,79.0,79.0,7110000.0,7110000.0,,,,,,,,,False,False,1,False,"Galaxy 7 Running Shoes, Black","Galaxy 7 Running Shoes, Black",https://www.adidas.com.lb/en/adidas-galaxy-7-running-shoes-black/A7_ID8765_ONE.html,https://www.adidas.com.lb/en/adidas-galaxy-7-running-shoes-black/A7_ID8765_ONE.html,1,Running,Running,women,women,Black,Black,in_stock,in_stock,1,0,0,36 2/3 | 37 1/3 | 38 | 38 2/3 | 39 1/3 | 40 | 40 2/3 | 41 1/3,8,LBP,LBP,7200000.0,7200000.0,80.0,80.0,7200000.0,7200000.0,7200000.0,7200000.0,80.0,80.0,7200000.0,7200000.0,,,,,,,,,False,False,Neither retailer currently shows a discount for this style code.
ID8840,exact_style_code,both_in_stock,both_on_sale,False,,True,women,False,,normalized_compare,False,90000.0,False,6.0,6.0,540000.0,4.17,4.17,adidas_cheaper,adidas_lb,False,-2.09,adidas_higher_discount,adidas_lb,1,False,Adidas Ultraboost 5 Women Running Shoes White/Grey/Pink,Adidas Ultraboost 5 Women Running Shoes White/Grey/Pink,https://lb.mikesport.com/products/id8840-ultraboost-5-w-ftwwht-glogry-lucpnk,https://lb.mikesport.com/products/id8840-ultraboost-5-w-ftwwht-glogry-lucpnk,1,espadrilles,espadrilles,women,women,White/Grey/Pink,White/Grey/Pink,in_stock,in_stock,1,0,0,37 1/3 EU,1,USD,USD,150.0,150.0,150.0,150.0,13500000.0,13500000.0,287.0,287.0,287.0,287.0,25830000.0,25830000.0,150.0,150.0,150.0,150.0,13500000.0,13500000.0,47.74,47.74,True,True,1,False,"Ultraboost 5 Shoes, White","Ultraboost 5 Shoes, White",https://www.adidas.com.lb/en/adidas-outlet-ultraboost-5-shoes-white/A9_ID8840_ONE.html,https://www.adidas.com.lb/en/adidas-outlet-ultraboost-5-shoes-white/A9_ID8840_ONE.html,1,Shoes,Shoes,women,women,White,White,in_stock,in_stock,1,0,0,36 2/3 | 40,2,LBP,LBP,12960000.0,12960000.0,144.0,144.0,12960000.0,12960000.0,25830000.0,25830000.0,287.0,287.0,25830000.0,25830000.0,12960000.0,12960000.0,144.0,144.0,12960000.0,12960000.0,49.83,49.83,True,True,
ID9337,exact_style_code,both_in_stock,both_on_sale,False,,True,unisex,False,,normalized_compare,False,90000.0,False,-21.0,-21.0,-1890000.0,-18.42,-18.42,mikesport_cheaper,mikesport_lb,False,14.69,mikesport_higher_discount,mikesport_lb,1,False,Adidas X Crazyfast.3 Men Turf Shoes Cloud White /Lemon,Adidas X Crazyfast.3 Men Turf Shoes Cloud White /Lemon,https://lb.mikesport.com/products/adidas-x-crazyfast-3-men-turf-shoes-cloud-white-lemon,https://lb.mikesport.com/products/adidas-x-crazyfast-3-men-turf-shoes-cloud-white-lemon,1,espadrilles,espadrilles,unisex,unisex,Cloud White/Lemon,Cloud White/Lemon,in_stock,in_stock,1,0,0,46 EU | 40 2/3 EU,2,USD,USD,93.0,93.0,93.0,93.0,8370000.0,8370000.0,143.0,143.0,143.0,143.0,12870000.0,12870000.0,93.0,93.0,93.0,93.0,8370000.0,8370000.0,34.97,34.97,True,True,1,False,"Unisex X Crazyfast.3 Turf Boots, White","Unisex X Crazyfast.3 Turf Boots, White",https://www.adidas.com.lb/en/adidas-outlet-unisex-x-crazyfast.3-turf-boots-white/A9_ID9337_ONE.html,https://www.adidas.com.lb/en/adidas-outlet-unisex-x-crazyfast.3-turf-boots-white/A9_ID9337_ONE.html,1,Shoes,Shoes,unisex,unisex,White,White,in_stock,in_stock,1,0,0,39 1/3 | 40 | 40 2/3 | 41 1/3 | 42 2/3 | 43 1/3 | 44 | 44 2/3 | 45 1/3,9,LBP,LBP,10260000.0,10260000.0,114.0,114.0,10260000.0,10260000.0,12870000.0,12870000.0,143.0,143.0,12870000.0,12870000.0,10260000.0,10260000.0,114.0,114.0,10260000.0,10260000.0,20.28,20.28,True,True,
IE0525,exact_style_code,both_in_stock,neither_on_sale,False,,True,men,False,,normalized_compare,False,90000.0,False,1.0,1.0,90000.0,1.14,1.14,adidas_cheaper,adidas_lb,True,0.0,neither_discounted,tie,1,False,Adidas Runfalcon 5 Men Running Shoes Olive Strata/Black,Adidas Runfalcon 5 Men Running Shoes Olive Strata/Black,https://lb.mikesport.com/products/adidas-runfalcon-5-men-running-shoes-olive-strata-black,https://lb.mikesport.com/products/adidas-runfalcon-5-men-running-shoes-olive-strata-black,1,shoes,shoes,men,men,Olive Strata/Black,Olive Strata/Black,in_stock,in_stock,1,0,0,42 EU | 42 2/3 EU | 44 EU,3,USD,USD,89.0,89.0,89.0,89.0,8010000.0,8010000.0,89.0,89.0,89.0,89.0,8010000.0,8010000.0,,,,,,,,,False,False,1,False,"Runfalcon 5 Running Shoes, Green","Runfalcon 5 Running Shoes, Green",https://www.adidas.com.lb/en/adidas-runfalcon-5-running-shoes-green/A7_IE0525_ONE.html,https://www.adidas.com.lb/en/adidas-runfalcon-5-running-shoes-green/A7_IE0525_ONE.html,1,Running,Running,men,men,Green,Green,in_stock,in_stock,1,0,0,44 | 44 2/3 | 45 1/3,3,LBP,LBP,7920000.0,7920000.0,88.0,88.0,7920000.0,7920000.0,7920000.0,7920000.0,88.0,88.0,7920000.0,7920000.0,,,,,,,,,False,False,Neither retailer currently shows a discount for this style code.
IE3677,exact_style_code,both_in_stock,neither_on_sale,False,,False,,False,,normalized_compare,False,90000.0,False,1.0,1.0,90000.0,1.14,1.14,adidas_cheaper,adidas_lb,True,0.0,neither_discounted,tie,1,False,Adidas Samba Og Ps Original Shoes White/Black/Gum,Adidas Samba Og Ps Original Shoes White/Black/Gum,https://lb.mikesport.com/products/adidas-samba-og-ps-original-shoes-white-black-gum,https://lb.mikesport.com/products/adidas-samba-og-ps-original-shoes-white-black-gum,1,shoes,shoes,kids,kids,White/Black/Gum,White/Black/Gum,in_stock,in_stock,1,0,0,30 EU | 29 EU,2,USD,USD,89.0,89.0,89.0,89.0,8010000.0,8010000.0,89.0,89.0,89.0,89.0,8010000.0,8010000.0,,,,,,,,,False,False,1,False,"Kids Unisex Samba OG Shoes, White","Kids Unisex Samba OG Shoes, White",https://www.adidas.com.lb/en/adidas-kids-unisex-samba-og-shoes-white/A7_IE3677_ONE.html,https://www.adidas.com.lb/en/adidas-kids-unisex-samba-og-shoes-white/A7_IE3677_ONE.html,1,Originals,Originals,unisex,unisex,White,White,in_stock,in_stock,1,0,0,28 | 28.5 | 29 | 30 | 30.5 | 31 | 31.5 | 32 | 33 | 34,10,LBP,LBP,7920000.0,7920000.0,88.0,88.0,7920000.0,7920000.0,7920000.0,7920000.0,88.0,88.0,7920000.0,7920000.0,,,,,,,,,False,False,Neither retailer currently shows a discount for this style code.
IE3678,exact_style_code,both_in_stock,neither_on_sale,False,,False,,False,,normalized_compare,False,90000.0,False,1.0,1.0,90000.0,1.14,1.14,adidas_cheaper,adidas_lb,True,0.0,neither_discounted,tie,1,False,Adidas Samba Og Ps Original Shoes Black/White/Gum,Adidas Samba Og Ps Original Shoes Black/White/Gum,https://lb.mikesport.com/products/adidas-samba-og-ps-original-shoes-black-white-gum,https://lb.mikesport.com/products/adidas-samba-og-ps-original-shoes-black-white-gum,1,shoes,shoes,kids,kids,Black/White/Gum,Black/White/Gum,in_stock,in_stock,1,0,0,33 EU | 28 EU | 30 EU | 29 EU | 31 EU | 32 EU | 34 EU | 35 EU,8,USD,USD,89.0,89.0,89.0,89.0,8010000.0,8010000.0,89.0,89.0,89.0,89.0,8010000.0,8010000.0,,,,,,,,,False,False,1,False,"Kids Unisex Samba OG Shoes, Black","Kids Unisex Samba OG Shoes, Black",https://www.adidas.com.lb/en/adidas-kids-unisex-samba-og-shoes-black/A7_IE3678_ONE.html,https://www.adidas.com.lb/en/adidas-kids-unisex-samba-og-shoes-black/A7_IE3678_ONE.html,1,Originals,Originals,unisex,unisex,Black,Black,in_stock,in_stock,1,0,0,28 | 28.5 | 29 | 30 | 30.5 | 31 | 31.5 | 32 | 33 | 33.5 | 34 | 35,12,LBP,LBP,7920000.0,7920000.0,88.0,88.0,7920000.0,7920000.0,7920000.0,7920000.0,88.0,88.0,7920000.0,7920000.0,,,,,,,,,False,False,Neither retailer currently shows a discount for this style code.
IE5985,exact_style_code,both_in_stock,neither_on_sale,False,,False,,False,,normalized_compare,False,90000.0,True,0.0,0.0,0.0,0.0,0.0,same_price,tie,True,0.0,neither_discounted,tie,1,False,Adidas Tensaur Run 2.0 Ps-Boys Sportswear Shoes Core Black,Adidas Tensaur Run 2.0 Ps-Boys Sportswear Shoes Core Black,https://lb.mikesport.com/products/adidas-tensaur-run-2-0-ps-boys-sportswear-shoes-core-black,https://lb.mikesport.com/products/adidas-tensaur-run-2-0-ps-boys-sportswear-shoes-core-black,1,shoes,shoes,boys,boys,Core Black,Core Black,in_stock,in_stock,1,0,0,28 EU | 30 EU | 32 EU,3,USD,USD,56.0,56.0,56.0,56.0,5040000.0,5040000.0,56.0,56.0,56.0,56.0,5040000.0,5040000.0,,,,,,,,,False,False,1,False,"Unisex Kids Tensaur Run 2.0 Shoes, Black","Unisex Kids Tensaur Run 2.0 Shoes, Black",https://www.adidas.com.lb/en/adidas-unisex-kids-tensaur-run-2.0-shoes-black/A7_IE5985_ONE.html,https://www.adidas.com.lb/en/adidas-unisex-kids-tensaur-run-2.0-shoes-black/A7_IE5985_ONE.html,1,Training,Training,kids,kids,Black,Black,in_stock,in_stock,1,0,0,28 | 29 | 30 | 31,4,LBP,LBP,5040000.0,5040000.0,56.0,56.0,5040000.0,5040000.0,5040000.0,5040000.0,56.0,56.0,5040000.0,5040000.0,,,,,,,,,False,False,Neither retailer currently shows a discount for this style code.
IE5989,exact_style_code,both_in_stock,neither_on_sale,False,,False,,False,,normalized_compare,False,90000.0,False,1.0,1.0,90000.0,1.79,1.79,adidas_cheaper,adidas_lb,True,0.0,neither_discounted,tie,1,False,Adidas Tensaur Run 3 Ps-Boys Running Shoes Royal/White/Navy,Adidas Tensaur Run 3 Ps-Boys Running Shoes Royal/White/Navy,https://lb.mikesport.com/products/adidas-tensaur-run-3-ps-boys-running-shoes-royal-white-navy,https://lb.mikesport.com/products/adidas-tensaur-run-3-ps-boys-running-shoes-royal-white-navy,1,shoes,shoes,boys,boys,Royal/White/Navy,Royal/White/Navy,in_stock,in_stock,1,0,0,33 EU | 28 EU | 30 EU | 29 EU | 31 EU | 32 EU | 34 EU | 35 EU,8,USD,USD,57.0,57.0,57.0,57.0,5130000.0,5130000.0,57.0,57.0,57.0,57.0,5130000.0,5130000.0,,,,,,,,,False,False,1,False,"Unisex Kids Tensaur Run 2.0 Shoes, Blue","Unisex Kids Tensaur Run 2.0 Shoes, Blue",https://www.adidas.com.lb/en/adidas-unisex-kids-tensaur-run-2.0-shoes-blue/A7_IE5989_ONE.html,https://www.adidas.com.lb/en/adidas-unisex-kids-tensaur-run-2.0-shoes-blue/A7_IE5989_ONE.html,1,Training,Training,kids,kids,Blue,Blue,in_stock,in_stock,1,0,0,28 | 29 | 30 | 31 | 32 | 33 | 34 | 35,8,LBP,LBP,5040000.0,5040000.0,56.0,56.0,5040000.0,5040000.0,5040000.0,5040000.0,56.0,56.0,5040000.0,5040000.0,,,,,,,,,False,False,Neither retailer currently shows a discount for this style code.
IE6134,exact_style_code,both_in_stock,neither_on_sale,False,,True,men,False,,normalized_compare,False,90000.0,True,0.0,0.0,0.0,0.0,0.0,same_price,tie,True,0.0,neither_discounted,tie,1,False,Adidas Lite Racer 4 Men Sportswear Shoes Grey/White,Adidas Lite Racer 4 Men Sportswear Shoes Grey/White,https://lb.mikesport.com/products/adidas-lite-racer-4-men-sportswear-shoes-grey-white,https://lb.mikesport.com/products/adidas-lite-racer-4-men-sportswear-shoes-grey-white,1,shoes,shoes,men,men,Grey/White,Grey/White,in_stock,in_stock,1,0,0,46 2/3 EU | 42 2/3 EU | 44 EU,3,USD,USD,80.0,80.0,80.0,80.0,7200000.0,7200000.0,80.0,80.0,80.0,80.0,7200000.0,7200000.0,,,,,,,,,False,False,1,False,"Lite Racer 4.0 Shoes, Grey","Lite Racer 4.0 Shoes, Grey",https://www.adidas.com.lb/en/adidas-lite-racer-4.0-shoes-grey/A7_IE6134_ONE.html,https://www.adidas.com.lb/en/adidas-lite-racer-4.0-shoes-grey/A7_IE6134_ONE.html,1,Tennis,Tennis,men,men,Grey,Grey,in_stock,in_stock,1,0,0,41 1/3 | 42 | 42 2/3 | 43 1/3 | 44 | 44 2/3 | 45 1/3 | 46 | 46 2/3 | 47 1/3,10,LBP,LBP,7200000.0,7200000.0,80.0,80.0,7200000.0,7200000.0,7200000.0,7200000.0,80.0,80.0,7200000.0,7200000.0,,,,,,,,,False,False,Neither retailer currently shows a discount for this style code.
IE8573,exact_style_code,both_in_stock,neither_on_sale,False,,True,kids,True,Black,normalized_compare,False,90000.0,True,0.0,0.0,0.0,0.0,0.0,same_price,tie,True,0.0,neither_discounted,tie,1,False,Adidas Runfalcon 5 Ps Sportswear Shoes Black,Adidas Runfalcon 5 Ps Sportswear Shoes Black,https://lb.mikesport.com/products/adidas-runfalcon-5-ps-sportswear-shoes-black,https://lb.mikesport.com/products/adidas-runfalcon-5-ps-sportswear-shoes-black,1,shoes,shoes,kids,kids,Black,Black,in_stock,in_stock,1,0,0,33 EU | 28 EU | 30 EU | 29 EU | 31 EU | 32 EU | 34 EU | 35 EU,8,USD,USD,61.0,61.0,61.0,61.0,5490000.0,5490000.0,61.0,61.0,61.0,61.0,5490000.0,5490000.0,,,,,,,,,False,False,1,False,"Unisex Kids Runfalcon 5 Shoes, Black","Unisex Kids Runfalcon 5 Shoes, Black",https://www.adidas.com.lb/en/adidas-unisex-kids-runfalcon-5-shoes-black/A7_IE8573_ONE.html,https://www.adidas.com.lb/en/adidas-unisex-kids-runfalcon-5-shoes-black/A7_IE8573_ONE.html,1,Running,Running,kids,kids,Black,Black,in_stock,in_stock,1,0,0,28 | 29 | 30 | 31 | 32 | 34,6,LBP,LBP,5490000.0,5490000.0,61.0,61.0,5490000.0,5490000.0,5490000.0,5490000.0,61.0,61.0,5490000.0,5490000.0,,,,,,,,,False,False,Neither retailer currently shows a discount for this style code.
IE8586,exact_style_code,both_in_stock,neither_on_sale,False,,True,kids,True,Black,normalized_compare,False,90000.0,True,0.0,0.0,0.0,0.0,0.0,same_price,tie,True,0.0,neither_discounted,tie,1,False,Adidas Runfalcon 5 Gs Running Shoes Black,Adidas Runfalcon 5 Gs Running Shoes Black,https://lb.mikesport.com/products/adidas-runfalcon-5-gs-running-shoes-black,https://lb.mikesport.com/products/adidas-runfalcon-5-gs-running-shoes-black,1,shoes,shoes,kids,kids,Black,Black,in_stock,in_stock,1,0,0,35 1/2 EU | 36 EU | 36 2/3 EU | 37 1/3 EU | 38 EU | 38 2/3 EU | 39 1/3 EU | 40 EU,8,USD,USD,73.0,73.0,73.0,73.0,6570000.0,6570000.0,73.0,73.0,73.0,73.0,6570000.0,6570000.0,,,,,,,,,False,False,1,False,"Unisex Kids Runfalcon 5 Shoes, Black","Unisex Kids Runfalcon 5 Shoes, Black",https://www.adidas.com.lb/en/adidas-unisex-kids-runfalcon-5-shoes-black/A7_IE8586_ONE.html,https://www.adidas.com.lb/en/adidas-unisex-kids-runfalcon-5-shoes-black/A7_IE8586_ONE.html,1,Running,Running,kids,kids,Black,Black,in_stock,in_stock,1,0,0,37 1/3 | 38 | 38 2/3,3,LBP,LBP,6570000.0,6570000.0,73.0,73.0,6570000.0,6570000.0,6570000.0,6570000.0,73.0,73.0,6570000.0,6570000.0,,,,,,,,,False,False,Neither retailer currently shows a discount for this style code.
IE8593,exact_style_code,both_in_stock,neither_on_sale,False,,True,kids,False,,normalized_compare,False,90000.0,True,0.0,0.0,0.0,0.0,0.0,same_price,tie,True,0.0,neither_discounted,tie,1,False,Adidas Runfalcon 5 Gs Running Shoes Cloud White/Black,Adidas Runfalcon 5 Gs Running Shoes Cloud White/Black,https://lb.mikesport.com/products/adidas-runfalcon-5-gs-running-shoes-cloud-white-black,https://lb.mikesport.com/products/adidas-runfalcon-5-gs-running-shoes-cloud-white-black,1,shoes,shoes,kids,kids,Cloud White/Black,Cloud White/Black,in_stock,in_stock,1,0,0,35 1/2 EU | 36 EU | 36 2/3 EU | 37 1/3 EU | 38 EU | 38 2/3 EU | 39 1/3 EU | 40 EU,8,USD,USD,73.0,73.0,73.0,73.0,6570000.0,6570000.0,73.0,73.0,73.0,73.0,6570000.0,6570000.0,,,,,,,,,False,False,1,False,"Unisex Kids Runfalcon 5 Shoes, White","Unisex Kids Runfalcon 5 Shoes, White",https://www.adidas.com.lb/en/adidas-unisex-kids-runfalcon-5-shoes-white/A7_IE8593_ONE.html,https://www.adidas.com.lb/en/adidas-unisex-kids-runfalcon-5-shoes-white/A7_IE8593_ONE.html,1,Running,Running,kids,kids,White,White,in_stock,in_stock,1,0,0,36 | 37 1/3 | 38 | 38 2/3 | 39 1/3,5,LBP,LBP,6570000.0,6570000.0,73.0,73.0,6570000.0,6570000.0,6570000.0,6570000.0,73.0,73.0,6570000.0,6570000.0,,,,,,,,,False,False,Neither retailer currently shows a discount for this style code.
IE8598,exact_style_code,both_in_stock,neither_on_sale,False,,False,,False,,normalized_compare,False,90000.0,True,0.0,0.0,0.0,0.0,0.0,same_price,tie,True,0.0,neither_discounted,tie,1,False,Adidas Runfalcon 5 Infant-Boys Running Shoes Black/Cloud White,Adidas Runfalcon 5 Infant-Boys Running Shoes Black/Cloud White,https://lb.mikesport.com/products/adidas-runfalcon-5-infant-boys-running-shoes-black-cloud-white,https://lb.mikesport.com/products/adidas-runfalcon-5-infant-boys-running-shoes-black-cloud-white,1,shoes,shoes,unisex,unisex,Core Black/Cloud White,Core Black/Cloud White,in_stock,in_stock,1,0,0,22 EU | 21 EU | 23 EU | 25 EU | 24 EU | 26 EU,6,USD,USD,56.0,56.0,56.0,56.0,5040000.0,5040000.0,56.0,56.0,56.0,56.0,5040000.0,5040000.0,,,,,,,,,False,False,1,False,"Unisex Kids Runfalcon 5 Shoes, Black","Unisex Kids Runfalcon 5 Shoes, Black",https://www.adidas.com.lb/en/adidas-unisex-kids-runfalcon-5-shoes-black/A7_IE8598_ONE.html,https://www.adidas.com.lb/en/adidas-unisex-kids-runfalcon-5-shoes-black/A7_IE8598_ONE.html,1,Running,Running,kids,kids,Black,Black,in_stock,in_stock,1,0,0,21 | 22 | 23 | 24 | 25 | 26 | 27,7,LBP,LBP,5040000.0,5040000.0,56.0,56.0,5040000.0,5040000.0,5040000.0,5040000.0,56.0,56.0,5040000.0,5040000.0,,,,,,,,,False,False,Neither retailer currently shows a discount for this style code.
IE8792,exact_style_code,both_in_stock,neither_on_sale,False,,True,men,False,,normalized_compare,False,90000.0,True,0.0,0.0,0.0,0.0,0.0,same_price,tie,True,0.0,neither_discounted,tie,1,False,Adidas Ultrarun 5 Men Running Shoes Legend Ink/White,Adidas Ultrarun 5 Men Running Shoes Legend Ink/White,https://lb.mikesport.com/products/adidas-ultrarun-5-men-running-shoes-legend-ink-white,https://lb.mikesport.com/products/adidas-ultrarun-5-men-running-shoes-legend-ink-white,1,shoes,shoes,men,men,Legend Ink/White,Legend Ink/White,in_stock,in_stock,1,0,0,43 1/3 EU,1,USD,USD,126.0,126.0,126.0,126.0,11340000.0,11340000.0,126.0,126.0,126.0,126.0,11340000.0,11340000.0,,,,,,,,,False,False,1,False,"Ultrarun 5 Running Shoes, Blue","Ultrarun 5 Running Shoes, Blue",https://www.adidas.com.lb/en/adidas-ultrarun-5-running-shoes-blue/A7_IE8792_ONE.html,https://www.adidas.com.lb/en/adidas-ultrarun-5-running-shoes-blue/A7_IE8792_ONE.html,1,Running,Running,men,men,Blue,Blue,in_stock,in_stock,1,0,0,41 1/3,1,LBP,LBP,11340000.0,11340000.0,126.0,126.0,11340000.0,11340000.0,11340000.0,11340000.0,126.0,126.0,11340000.0,11340000.0,,,,,,,,,False,False,Neither retailer currently shows a discount for this style code.
IE8809,exact_style_code,both_in_stock,neither_on_sale,False,,True,men,False,,normalized_compare,False,90000.0,False,1.0,1.0,90000.0,1.14,1.14,adidas_cheaper,adidas_lb,True,0.0,neither_discounted,tie,1,False,Adidas Runfalcon 5 Men Running Shoes Legend Ink/White,Adidas Runfalcon 5 Men Running Shoes Legend Ink/White,https://lb.mikesport.com/products/adidas-runfalcon-5-men-running-shoes-legend-ink-white,https://lb.mikesport.com/products/adidas-runfalcon-5-men-running-shoes-legend-ink-white,1,shoes,shoes,men,men,Legend Ink/White,Legend Ink/White,in_stock,in_stock,1,0,0,45 1/3 EU | 42 EU | 43 1/3 EU | 44 EU,4,USD,USD,89.0,89.0,89.0,89.0,8010000.0,8010000.0,89.0,89.0,89.0,89.0,8010000.0,8010000.0,,,,,,,,,False,False,1,False,"Runfalcon 5 Running Shoes, Blue","Runfalcon 5 Running Shoes, Blue",https://www.adidas.com.lb/en/adidas-runfalcon-5-running-shoes-blue/A7_IE8809_ONE.html,https://www.adidas.com.lb/en/adidas-runfalcon-5-running-shoes-blue/A7_IE8809_ONE.html,1,Running,Running,men,men,Blue,Blue,in_stock,in_stock,1,0,0,40 | 40 2/3 | 41 1/3 | 42 2/3 | 43 1/3 | 44 | 45 1/3 | 46,8,LBP,LBP,7920000.0,7920000.0,88.0,88.0,7920000.0,7920000.0,7920000.0,7920000.0,88.0,88.0,7920000.0,7920000.0,,,,,,,,,False,False,Neither retailer currently shows a discount for this style code.
IE8812,exact_style_code,both_in_stock,neither_on_sale,False,,True,men,False,,normalized_compare,False,90000.0,False,1.0,1.0,90000.0,1.14,1.14,adidas_cheaper,adidas_lb,True,0.0,neither_discounted,tie,1,False,Adidas Runfalcon 5 Men Running Shoes Core Black,Adidas Runfalcon 5 Men Running Shoes Core Black,https://lb.mikesport.com/products/adidas-runfalcon-5-men-running-shoes-core-black,https://lb.mikesport.com/products/adidas-runfalcon-5-men-running-shoes-core-black,1,shoes,shoes,men,men,Core Black,Core Black,in_stock,in_stock,1,0,0,46 EU | 40 EU | 40 2/3 EU | 41 1/3 EU | 42 EU | 42 2/3 EU | 44 EU,7,USD,USD,89.0,89.0,89.0,89.0,8010000.0,8010000.0,89.0,89.0,89.0,89.0,8010000.0,8010000.0,,,,,,,,,False,False,1,False,"Runfalcon 5 Running Shoes, Black","Runfalcon 5 Running Shoes, Black",https://www.adidas.com.lb/en/adidas-runfalcon-5-running-shoes-black/A7_IE8812_ONE.html,https://www.adidas.com.lb/en/adidas-runfalcon-5-running-shoes-black/A7_IE8812_ONE.html,1,Running,Running,men,men,Black,Black,in_stock,in_stock,1,0,0,39 1/3 | 40 2/3 | 41 1/3 | 42 | 42 2/3 | 43 1/3 | 44 | 44 2/3 | 45 1/3 | 46 | 47 1/3,11,LBP,LBP,7920000.0,7920000.0,88.0,88.0,7920000.0,7920000.0,7920000.0,7920000.0,88.0,88.0,7920000.0,7920000.0,,,,,,,,,False,False,Neither retailer currently shows a discount for this style code.
IE8898,exact_style_code,both_in_stock,neither_on_sale,False,,True,men,False,,normalized_compare,False,90000.0,False,1.0,1.0,90000.0,1.14,1.14,adidas_cheaper,adidas_lb,True,0.0,neither_discounted,tie,1,False,Adidas Ultimashow 2 Men Sportswear Shoes Black/Carbon,Adidas Ultimashow 2 Men Sportswear Shoes Black/Carbon,https://lb.mikesport.com/products/adidas-ultimashow-2-men-sportswear-shoes-black-carbon,https://lb.mikesport.com/products/adidas-ultimashow-2-men-sportswear-shoes-black-carbon,1,shoes,shoes,men,men,Black/Carbon,Black/Carbon,in_stock,in_stock,1,0,0,43 1/3 EU,1,USD,USD,89.0,89.0,89.0,89.0,8010000.0,8010000.0,89.0,89.0,89.0,89.0,8010000.0,8010000.0,,,,,,,,,False,False,1,False,"Ultimashow 2.0 Shoes, Black","Ultimashow 2.0 Shoes, Black",https://www.adidas.com.lb/en/adidas-ultimashow-2.0-shoes-black/A7_IE8898_ONE.html,https://www.adidas.com.lb/en/adidas-ultimashow-2.0-shoes-black/A7_IE8898_ONE.html,1,Tennis,Tennis,men,men,Black,Black,in_stock,in_stock,1,0,0,41 1/3 | 43 1/3,2,LBP,LBP,7920000.0,7920000.0,88.0,88.0,7920000.0,7920000.0,7920000.0,7920000.0,88.0,88.0,7920000.0,7920000.0,,,,,,,,,False,False,Neither retailer currently shows a discount for this style code.
IE8904,exact_style_code,both_in_stock,neither_on_sale,False,,True,women,False,,normalized_compare,False,90000.0,False,1.0,1.0,90000.0,1.14,1.14,adidas_cheaper,adidas_lb,True,0.0,neither_discounted,tie,1,False,Adidas Ultimashow 2.0 Women Sportswear Shoes Core Black,Adidas Ultimashow 2.0 Women Sportswear Shoes Core Black,https://lb.mikesport.com/products/adidas-ultimashow-2-0-women-sportswear-shoes-core-black,https://lb.mikesport.com/products/adidas-ultimashow-2-0-women-sportswear-shoes-core-black,1,shoes,shoes,women,women,Core Black / Champagne Met,Core Black / Champagne Met,in_stock,in_stock,1,0,0,36 2/3 EU | 37 1/3 EU | 38 EU | 38 2/3 EU | 39 1/3 EU | 40 EU | 40 2/3 EU | 41 1/3 EU,8,USD,USD,89.0,89.0,89.0,89.0,8010000.0,8010000.0,89.0,89.0,89.0,89.0,8010000.0,8010000.0,,,,,,,,,False,False,1,False,"Ultimashow 2.0 Shoes, Black","Ultimashow 2.0 Shoes, Black",https://www.adidas.com.lb/en/adidas-ultimashow-2.0-shoes-black/A7_IE8904_ONE.html,https://www.adidas.com.lb/en/adidas-ultimashow-2.0-shoes-black/A7_IE8904_ONE.html,1,Tennis,Tennis,women,women,Black,Black,in_stock,in_stock,1,0,0,36 2/3,1,LBP,LBP,7920000.0,7920000.0,88.0,88.0,7920000.0,7920000.0,7920000.0,7920000.0,88.0,88.0,7920000.0,7920000.0,,,,,,,,,False,False,Neither retailer currently shows a discount for this style code.
IE9018,exact_style_code,both_in_stock,neither_on_sale,False,,False,,False,,normalized_compare,False,90000.0,True,0.0,0.0,0.0,0.0,0.0,same_price,tie,True,0.0,neither_discounted,tie,1,False,Adidas Advantage Base 2.0 Ps-Boys Sportswear Shoes Core Black/Grey,Adidas Advantage Base 2.0 Ps-Boys Sportswear Shoes Core Black/Grey,https://lb.mikesport.com/products/adidas-advantage-base-2-0-ps-boys-sportswear-shoes-core-black-grey,https://lb.mikesport.com/products/adidas-advantage-base-2-0-ps-boys-sportswear-shoes-core-black-grey,1,shoes,shoes,boys,boys,Core Black/Grey Six,Core Black/Grey Six,in_stock,in_stock,1,0,0,33 EU | 28 EU | 30 EU | 29 EU | 31 EU | 32 EU | 34 EU | 35 EU,8,USD,USD,61.0,61.0,61.0,61.0,5490000.0,5490000.0,61.0,61.0,61.0,61.0,5490000.0,5490000.0,,,,,,,,,False,False,1,False,"Unisex Advantage Base 2.0 Shoes, Black","Unisex Advantage Base 2.0 Shoes, Black",https://www.adidas.com.lb/en/adidas-unisex-advantage-base-2.0-shoes-black/A7_IE9018_ONE.html,https://www.adidas.com.lb/en/adidas-unisex-advantage-base-2.0-shoes-black/A7_IE9018_ONE.html,1,Tennis,Tennis,unisex,unisex,Black,Black,in_stock,in_stock,1,0,0,28 | 29 | 30 | 31 | 32 | 33 | 34 | 35,8,LBP,LBP,5490000.0,5490000.0,61.0,61.0,5490000.0,5490000.0,5490000.0,5490000.0,61.0,61.0,5490000.0,5490000.0,,,,,,,,,False,False,Neither retailer currently shows a discount for this style code.
IE9019,exact_style_code,both_in_stock,neither_on_sale,False,,False,,False,,normalized_compare,False,90000.0,True,0.0,0.0,0.0,0.0,0.0,same_price,tie,True,0.0,neither_discounted,tie,1,False,Adidas Advantage Base 2 Ps Sportswear Shoes White/Green,Adidas Advantage Base 2 Ps Sportswear Shoes White/Green,https://lb.mikesport.com/products/adidas-advantage-base-2-ps-sportswear-shoes-white-green,https://lb.mikesport.com/products/adidas-advantage-base-2-ps-sportswear-shoes-white-green,1,shoes,shoes,boys,boys,White/Green,White/Green,in_stock,in_stock,1,0,0,33 EU | 28 EU | 30 EU | 29 EU | 31 EU | 32 EU | 34 EU | 35 EU,8,USD,USD,61.0,61.0,61.0,61.0,5490000.0,5490000.0,61.0,61.0,61.0,61.0,5490000.0,5490000.0,,,,,,,,,False,False,1,False,"Unisex Kids Advantage Base 2.0 Shoes, White","Unisex Kids Advantage Base 2.0 Shoes, White",https://www.adidas.com.lb/en/adidas-unisex-kids-advantage-base-2.0-shoes-white/A7_IE9019_ONE.html,https://www.adidas.com.lb/en/adidas-unisex-kids-advantage-base-2.0-shoes-white/A7_IE9019_ONE.html,1,Training,Training,kids,kids,White,White,in_stock,in_stock,1,0,0,28 | 29 | 30 | 31 | 32 | 33 | 34 | 35,8,LBP,LBP,5490000.0,5490000.0,61.0,61.0,5490000.0,5490000.0,5490000.0,5490000.0,61.0,61.0,5490000.0,5490000.0,,,,,,,,,False,False,Neither retailer currently shows a discount for this style code.
IF1337,exact_style_code,both_in_stock,both_on_sale,False,,False,,False,,normalized_compare,False,90000.0,False,-35.0,-35.0,-3150000.0,-31.82,-31.82,mikesport_cheaper,mikesport_lb,False,27.26,mikesport_higher_discount,mikesport_lb,1,False,Adidas F50 League Men Turf Shoes Black/Iron/Gold,Adidas F50 League Men Turf Shoes Black/Iron/Gold,https://lb.mikesport.com/products/adidas-f50-league-men-turf-shoes-black-iron-gold,https://lb.mikesport.com/products/adidas-f50-league-men-turf-shoes-black-iron-gold,1,espadrilles,espadrilles,men,men,Black/Iron/Gold,Black/Iron/Gold,in_stock,in_stock,1,0,0,41 1/3 EU,1,USD,USD,75.0,75.0,75.0,75.0,6750000.0,6750000.0,143.0,143.0,143.0,143.0,12870000.0,12870000.0,75.0,75.0,75.0,75.0,6750000.0,6750000.0,47.55,47.55,True,True,1,False,"Unisex F50 League Turf Boots, Black","Unisex F50 League Turf Boots, Black",https://www.adidas.com.lb/en/adidas-outlet-unisex-f50-league-turf-boots-black/A9_IF1337_ONE.html,https://www.adidas.com.lb/en/adidas-outlet-unisex-f50-league-turf-boots-black/A9_IF1337_ONE.html,1,Shoes,Shoes,unisex,unisex,Black,Black,in_stock,in_stock,1,0,0,40 | 40 2/3 | 41 1/3 | 42 | 42 2/3 | 43 1/3 | 44 2/3 | 45 1/3 | 46,9,LBP,LBP,9900000.0,9900000.0,110.0,110.0,9900000.0,9900000.0,12420000.0,12420000.0,138.0,138.0,12420000.0,12420000.0,9900000.0,9900000.0,110.0,110.0,9900000.0,9900000.0,20.29,20.29,True,True,
IF4135,exact_style_code,both_in_stock,neither_on_sale,False,,True,men,False,,normalized_compare,False,90000.0,False,1.0,1.0,90000.0,1.05,1.05,adidas_cheaper,adidas_lb,True,0.0,neither_discounted,tie,1,False,Adidas Advantage Base 2.0 Men Sportswear Shoes White/Green,Adidas Advantage Base 2.0 Men Sportswear Shoes White/Green,https://lb.mikesport.com/products/adidas-advantage-base-2-0-men-sportswear-shoes-white-green,https://lb.mikesport.com/products/adidas-advantage-base-2-0-men-sportswear-shoes-white-green,1,shoes,shoes,men,men,Cloud White/Collegiate Green,Cloud White/Collegiate Green,in_stock,in_stock,1,0,0,40 2/3 EU | 44 EU,2,USD,USD,96.0,96.0,96.0,96.0,8640000.0,8640000.0,96.0,96.0,96.0,96.0,8640000.0,8640000.0,,,,,,,,,False,False,1,False,"Advantage Base 2.0 Shoes, White","Advantage Base 2.0 Shoes, White",https://www.adidas.com.lb/en/adidas-advantage-base-2.0-shoes-white/A7_IF4135_ONE.html,https://www.adidas.com.lb/en/adidas-advantage-base-2.0-shoes-white/A7_IF4135_ONE.html,1,Tennis,Tennis,men,men,White,White,in_stock,in_stock,1,0,0,36 2/3 | 37 1/3 | 38 | 39 1/3 | 42 2/3 | 44 | 44 2/3 | 45 1/3,8,LBP,LBP,8550000.0,8550000.0,95.0,95.0,8550000.0,8550000.0,8550000.0,8550000.0,95.0,95.0,8550000.0,8550000.0,,,,,,,,,False,False,Neither retailer currently shows a discount for this style code.
IF6348,exact_style_code,both_in_stock,both_on_sale,True,Shoes,False,,False,,normalized_compare,False,90000.0,False,2.0,2.0,180000.0,2.78,2.78,adidas_cheaper,adidas_lb,False,-1.04,adidas_higher_discount,adidas_lb,1,False,Adidas Predator Leage Fg Men Football Shoes Blue/White/Red,Adidas Predator Leage Fg Men Football Shoes Blue/White/Red,https://lb.mikesport.com/products/adidas-predator-leage-fg-men-football-shoes-blue-white-red,https://lb.mikesport.com/products/adidas-predator-leage-fg-men-football-shoes-blue-white-red,1,shoes,shoes,men,men,Blue/White/Red,Blue/White/Red,in_stock,in_stock,1,0,0,44 2/3 EU | 45 1/3 EU | 46 EU | 44 EU,4,USD,USD,74.0,74.0,74.0,74.0,6660000.0,6660000.0,144.0,144.0,144.0,144.0,12960000.0,12960000.0,74.0,74.0,74.0,74.0,6660000.0,6660000.0,48.61,48.61,True,True,1,False,"Unisex Predator League Firm Ground Boots, Blue","Unisex Predator League Firm Ground Boots, Blue",https://www.adidas.com.lb/en/adidas-outlet-unisex-predator-league-firm-ground-boots-blue/A9_IF6348_ONE.html,https://www.adidas.com.lb/en/adidas-outlet-unisex-predator-league-firm-ground-boots-blue/A9_IF6348_ONE.html,1,Shoes,Shoes,unisex,unisex,Blue,Blue,in_stock,in_stock,1,0,0,42 | 43 1/3 | 44 | 44 2/3 | 45 1/3,5,LBP,LBP,6480000.0,6480000.0,72.0,72.0,6480000.0,6480000.0,12870000.0,12870000.0,143.0,143.0,12870000.0,12870000.0,6480000.0,6480000.0,72.0,72.0,6480000.0,6480000.0,49.65,49.65,True,True,
IF6349,exact_style_code,both_in_stock,both_on_sale,True,Shoes,False,,False,,normalized_compare,False,90000.0,False,2.0,2.0,180000.0,2.78,2.78,adidas_cheaper,adidas_lb,False,-1.04,adidas_higher_discount,adidas_lb,1,False,Adidas Predator League Fg Men Football Shoes Platinum/Black/Turbo,Adidas Predator League Fg Men Football Shoes Platinum/Black/Turbo,https://lb.mikesport.com/products/adidas-predator-league-fg-men-football-shoes-platinum-black-turbo,https://lb.mikesport.com/products/adidas-predator-league-fg-men-football-shoes-platinum-black-turbo,1,shoes,shoes,men,men,Platinum/Black/Turbo,Platinum/Black/Turbo,in_stock,in_stock,1,0,0,45 1/3 EU | 42 EU | 43 1/3 EU,3,USD,USD,74.0,74.0,74.0,74.0,6660000.0,6660000.0,144.0,144.0,144.0,144.0,12960000.0,12960000.0,74.0,74.0,74.0,74.0,6660000.0,6660000.0,48.61,48.61,True,True,1,False,"Unisex Predator League Firm Ground Football Boots, Grey","Unisex Predator League Firm Ground Football Boots, Grey",https://www.adidas.com.lb/en/adidas-outlet-unisex-predator-league-firm-ground-football-boots-grey/A9_IF6349_ONE.html,https://www.adidas.com.lb/en/adidas-outlet-unisex-predator-league-firm-ground-football-boots-grey/A9_IF6349_ONE.html,1,Shoes,Shoes,unisex,unisex,Grey,Grey,in_stock,in_stock,1,0,0,42 | 43 1/3 | 44,3,LBP,LBP,6480000.0,6480000.0,72.0,72.0,6480000.0,6480000.0,12870000.0,12870000.0,143.0,143.0,12870000.0,12870000.0,6480000.0,6480000.0,72.0,72.0,6480000.0,6480000.0,49.65,49.65,True,True,
IF6376,exact_style_code,both_in_stock,both_on_sale,False,,False,,False,,normalized_compare,False,90000.0,False,-19.0,-19.0,-1710000.0,-20.43,-20.43,mikesport_cheaper,mikesport_lb,False,13.64,mikesport_higher_discount,mikesport_lb,1,False,Adidas Predator League Tf Men Turf Shoes Platinum/Black/Turbo,Adidas Predator League Tf Men Turf Shoes Platinum/Black/Turbo,https://lb.mikesport.com/products/adidas-predator-league-tf-men-turf-shoes-platinum-black-turbo,https://lb.mikesport.com/products/adidas-predator-league-tf-men-turf-shoes-platinum-black-turbo,1,espadrilles,espadrilles,men,men,Platinum/Black/Turbo,Platinum/Black/Turbo,in_stock,in_stock,1,0,0,40 2/3 EU | 42 EU,2,USD,USD,74.0,74.0,74.0,74.0,6660000.0,6660000.0,144.0,144.0,144.0,144.0,12960000.0,12960000.0,74.0,74.0,74.0,74.0,6660000.0,6660000.0,48.61,48.61,True,True,1,False,"Unisex Predator League Turf Football Boots, Grey","Unisex Predator League Turf Football Boots, Grey",https://www.adidas.com.lb/en/adidas-outlet-unisex-predator-league-turf-football-boots-grey/A9_IF6376_ONE.html,https://www.adidas.com.lb/en/adidas-outlet-unisex-predator-league-turf-football-boots-grey/A9_IF6376_ONE.html,1,Shoes,Shoes,unisex,unisex,Grey,Grey,in_stock,in_stock,1,0,0,42,1,LBP,LBP,8370000.0,8370000.0,93.0,93.0,8370000.0,8370000.0,12870000.0,12870000.0,143.0,143.0,12870000.0,12870000.0,8370000.0,8370000.0,93.0,93.0,8370000.0,8370000.0,34.97,34.97,True,True,
IF6413,exact_style_code,both_in_stock,both_on_sale,False,,True,kids,False,,normalized_compare,False,90000.0,False,-29.0,-29.0,-2610000.0,-34.52,-34.52,mikesport_cheaper,mikesport_lb,False,27.62,mikesport_higher_discount,mikesport_lb,1,False,Adidas Predator League Tf Kids Turf Shoes Blue/White/Red,Adidas Predator League Tf Kids Turf Shoes Blue/White/Red,https://lb.mikesport.com/products/adidas-predator-league-tf-kids-turf-shoes-blue-white-red,https://lb.mikesport.com/products/adidas-predator-league-tf-kids-turf-shoes-blue-white-red,1,espadrilles,espadrilles,kids,kids,Blue/White/Red,Blue/White/Red,in_stock,in_stock,1,0,0,31 EU | 35 EU | 35 1/2 EU | 36 EU | 38 EU,5,USD,USD,55.0,55.0,55.0,55.0,4950000.0,4950000.0,105.0,105.0,105.0,105.0,9450000.0,9450000.0,55.0,55.0,55.0,55.0,4950000.0,4950000.0,47.62,47.62,True,True,1,False,"Unisex Kids Predator League Turf Boots, Blue","Unisex Kids Predator League Turf Boots, Blue",https://www.adidas.com.lb/en/adidas-outlet-unisex-kids-predator-league-turf-boots-blue/A9_IF6413_ONE.html,https://www.adidas.com.lb/en/adidas-outlet-unisex-kids-predator-league-turf-boots-blue/A9_IF6413_ONE.html,1,Boys Shoes,Boys Shoes,kids,kids,Blue,Blue,in_stock,in_stock,1,0,0,30 | 32 | 33 | 34 | 35 | 36 | 36 2/3 | 37 1/3 | 38 | 38 2/3,10,LBP,LBP,7560000.0,7560000.0,84.0,84.0,7560000.0,7560000.0,9450000.0,9450000.0,105.0,105.0,9450000.0,9450000.0,7560000.0,7560000.0,84.0,84.0,7560000.0,7560000.0,20.0,20.0,True,True,
IF6490,exact_style_code,both_in_stock,neither_on_sale,False,,False,,False,,normalized_compare,False,90000.0,True,0.0,0.0,0.0,0.0,0.0,same_price,tie,True,0.0,neither_discounted,tie,1,False,Adidas Handball Spezial Women Originals Shoes Strata/Off White,Adidas Handball Spezial Women Originals Shoes Strata/Off White,https://lb.mikesport.com/products/adidas-handball-spezial-women-originals-shoes-strata-off-white,https://lb.mikesport.com/products/adidas-handball-spezial-women-originals-shoes-strata-off-white,1,shoes,shoes,unisex,unisex,Strata/Off White/Gum,Strata/Off White/Gum,in_stock,in_stock,1,0,0,36 2/3 EU | 42 EU | 43 1/3 EU | 44 EU,4,USD,USD,159.0,159.0,159.0,159.0,14310000.0,14310000.0,159.0,159.0,159.0,159.0,14310000.0,14310000.0,,,,,,,,,False,False,1,False,"Handball Spezial Shoes, Brown","Handball Spezial Shoes, Brown",https://www.adidas.com.lb/en/adidas-handball-spezial-shoes-brown/A7_IF6490_ONE.html,https://www.adidas.com.lb/en/adidas-handball-spezial-shoes-brown/A7_IF6490_ONE.html,1,Originals,Originals,women,women,Brown,Brown,in_stock,in_stock,1,0,0,42 2/3 | 44 | 44 2/3 | 46 | 46 2/3 | 47 1/3 | 48 | 48 2/3,8,LBP,LBP,14310000.0,14310000.0,159.0,159.0,14310000.0,14310000.0,14310000.0,14310000.0,159.0,159.0,14310000.0,14310000.0,,,,,,,,,False,False,Neither retailer currently shows a discount for this style code.
IF6491,exact_style_code,both_in_stock,neither_on_sale,False,,True,women,False,,normalized_compare,False,90000.0,True,0.0,0.0,0.0,0.0,0.0,same_price,tie,True,0.0,neither_discounted,tie,1,False,Adidas Handball Spezial Women Original Shoes Silver/White/Gum,Adidas Handball Spezial Women Original Shoes Silver/White/Gum,https://lb.mikesport.com/products/adidas-handball-spezial-women-original-shoes-silver-white-gum,https://lb.mikesport.com/products/adidas-handball-spezial-women-original-shoes-silver-white-gum,1,shoes,shoes,women,women,Silver/White/Gum,Silver/White/Gum,in_stock,in_stock,1,0,0,36 EU | 36 2/3 EU | 37 1/3 EU | 38 EU | 38 2/3 EU | 39 1/3 EU | 40 EU | 40 2/3 EU | 41 1/3 EU,9,USD,USD,159.0,159.0,159.0,159.0,14310000.0,14310000.0,159.0,159.0,159.0,159.0,14310000.0,14310000.0,,,,,,,,,False,False,1,False,"Handball Spezial Shoes, Grey","Handball Spezial Shoes, Grey",https://www.adidas.com.lb/en/adidas-handball-spezial-shoes-grey/A7_IF6491_ONE.html,https://www.adidas.com.lb/en/adidas-handball-spezial-shoes-grey/A7_IF6491_ONE.html,1,Originals,Originals,women,women,Grey,Grey,in_stock,in_stock,1,0,0,36 | 36 2/3 | 37 1/3 | 38 | 38 2/3 | 39 1/3 | 40 | 40 2/3 | 41 1/3 | 42,10,LBP,LBP,14310000.0,14310000.0,159.0,159.0,14310000.0,14310000.0,14310000.0,14310000.0,159.0,159.0,14310000.0,14310000.0,,,,,,,,,False,False,Neither retailer currently shows a discount for this style code.
IF7086,exact_style_code,both_in_stock,neither_on_sale,False,,True,men,False,,normalized_compare,False,90000.0,True,0.0,0.0,0.0,0.0,0.0,same_price,tie,True,0.0,neither_discounted,tie,1,False,Adidas Handball Spezial Men Original Shoes Grey/Cream White,Adidas Handball Spezial Men Original Shoes Grey/Cream White,https://lb.mikesport.com/products/adidas-handball-spezial-men-original-shoes-grey-cream-white,https://lb.mikesport.com/products/adidas-handball-spezial-men-original-shoes-grey-cream-white,1,shoes,shoes,men,men,Grey/Cream White,Grey/Cream White,in_stock,in_stock,1,0,0,44 2/3 EU | 43 1/3 EU | 44 EU,3,USD,USD,159.0,159.0,159.0,159.0,14310000.0,14310000.0,159.0,159.0,159.0,159.0,14310000.0,14310000.0,,,,,,,,,False,False,1,False,"Handball Spezial Shoes, Grey","Handball Spezial Shoes, Grey",https://www.adidas.com.lb/en/adidas-handball-spezial-shoes-grey/A7_IF7086_ONE.html,https://www.adidas.com.lb/en/adidas-handball-spezial-shoes-grey/A7_IF7086_ONE.html,1,Originals,Originals,men,men,Grey,Grey,in_stock,in_stock,1,0,0,36 2/3 | 42 2/3 | 43 1/3 | 44 | 44 2/3 | 45 1/3 | 46 2/3 | 47 1/3,8,LBP,LBP,14310000.0,14310000.0,159.0,159.0,14310000.0,14310000.0,14310000.0,14310000.0,159.0,159.0,14310000.0,14310000.0,,,,,,,,,False,False,Neither retailer currently shows a discount for this style code.
IG2132,exact_style_code,both_in_stock,neither_on_sale,False,,True,men,False,,normalized_compare,False,90000.0,False,1.0,1.0,90000.0,0.66,0.66,adidas_cheaper,adidas_lb,True,0.0,neither_discounted,tie,1,False,Adidas Sl 72 Rs Men Original Shoes Blue/White/Scarlet,Adidas Sl 72 Rs Men Original Shoes Blue/White/Scarlet,https://lb.mikesport.com/products/adidas-sl-72-rs-men-original-shoes-blue-white-scarlet,https://lb.mikesport.com/products/adidas-sl-72-rs-men-original-shoes-blue-white-scarlet,1,espadrilles,espadrilles,men,men,Blue/White/Scarlet,Blue/White/Scarlet,in_stock,in_stock,1,0,0,44 2/3 EU | 45 1/3 EU | 46 EU | 40 2/3 EU | 41 1/3 EU | 42 EU | 43 1/3 EU | 44 EU,8,USD,USD,153.0,153.0,153.0,153.0,13770000.0,13770000.0,153.0,153.0,153.0,153.0,13770000.0,13770000.0,,,,,,,,,False,False,1,False,"Sl 72 Rs Shoes, Blue","Sl 72 Rs Shoes, Blue",https://www.adidas.com.lb/en/adidas-sl-72-rs-shoes-blue/A7_IG2132_ONE.html,https://www.adidas.com.lb/en/adidas-sl-72-rs-shoes-blue/A7_IG2132_ONE.html,1,Originals,Originals,men,men,Blue,Blue,in_stock,in_stock,1,0,0,40 2/3 | 41 1/3 | 42 | 42 2/3 | 43 1/3 | 44 | 44 2/3 | 45 1/3 | 46 | 46 2/3 | 47 1/3,11,LBP,LBP,13680000.0,13680000.0,152.0,152.0,13680000.0,13680000.0,13680000.0,13680000.0,152.0,152.0,13680000.0,13680000.0,,,,,,,,,False,False,Neither retailer currently shows a discount for this style code.
IG4257,exact_style_code,both_in_stock,neither_on_sale,True,Shoes,False,,False,,normalized_compare,False,90000.0,True,0.0,0.0,0.0,0.0,0.0,same_price,tie,True,0.0,neither_discounted,tie,1,False,Adidas Advantage&#160; Infant-Girls Sportswear Shoes Cloud White,Adidas Advantage&#160; Infant-Girls Sportswear Shoes Cloud White,https://lb.mikesport.com/products/adidas-advantage-160-infant-girls-sportswear-shoes-cloud-white,https://lb.mikesport.com/products/adidas-advantage-160-infant-girls-sportswear-shoes-cloud-white,1,shoes,shoes,girls,girls,Cloud White / Clear Pink,Cloud White / Clear Pink,in_stock,in_stock,1,0,0,22 EU | 21 EU | 23 EU | 25 EU | 24 EU | 26 EU | 27 EU,7,USD,USD,54.0,54.0,54.0,54.0,4860000.0,4860000.0,54.0,54.0,54.0,54.0,4860000.0,4860000.0,,,,,,,,,False,False,1,False,"Kids Unisex Advantage Shoes, White","Kids Unisex Advantage Shoes, White",https://www.adidas.com.lb/en/adidas-kids-unisex-advantage-shoes-white/A7_IG4257_ONE.html,https://www.adidas.com.lb/en/adidas-kids-unisex-advantage-shoes-white/A7_IG4257_ONE.html,1,Shoes,Shoes,unisex,unisex,White,White,in_stock,in_stock,1,0,0,24 | 25 | 26 | 27,4,LBP,LBP,4860000.0,4860000.0,54.0,54.0,4860000.0,4860000.0,4860000.0,4860000.0,54.0,54.0,4860000.0,4860000.0,,,,,,,,,False,False,Neither retailer currently shows a discount for this style code.
IG6860,exact_style_code,both_in_stock,neither_on_sale,False,,False,,False,,normalized_compare,False,90000.0,True,0.0,0.0,0.0,0.0,0.0,same_price,tie,True,0.0,neither_discounted,tie,1,False,Adidas Adilette Flow Men Sportswear Slippers Shadow Navy,Adidas Adilette Flow Men Sportswear Slippers Shadow Navy,https://lb.mikesport.com/products/adidas-adilette-flow-men-sportswear-slippers-shadow-navy,https://lb.mikesport.com/products/adidas-adilette-flow-men-sportswear-slippers-shadow-navy,1,slippers,slippers,men,men,Shadow Navy,Shadow Navy,in_stock,in_stock,1,0,0,40 2/3 EU,1,USD,USD,44.0,44.0,44.0,44.0,3960000.0,3960000.0,44.0,44.0,44.0,44.0,3960000.0,3960000.0,,,,,,,,,False,False,1,False,"Unisex Adilette Flow Slides, Blue","Unisex Adilette Flow Slides, Blue",https://www.adidas.com.lb/en/adidas-unisex-adilette-flow-slides-blue/A7_IG6860_ONE.html,https://www.adidas.com.lb/en/adidas-unisex-adilette-flow-slides-blue/A7_IG6860_ONE.html,1,Slides & Slippers,Slides & Slippers,unisex,unisex,Blue,Blue,in_stock,in_stock,1,0,0,38 | 40 2/3 | 47 1/3,3,LBP,LBP,3960000.0,3960000.0,44.0,44.0,3960000.0,3960000.0,3960000.0,3960000.0,44.0,44.0,3960000.0,3960000.0,,,,,,,,,False,False,Neither retailer currently shows a discount for this style code.
IG8720,exact_style_code,both_in_stock,both_on_sale,False,,False,,False,,normalized_compare,False,90000.0,False,3.0,3.0,270000.0,4.76,4.76,adidas_cheaper,adidas_lb,False,-2.38,adidas_higher_discount,adidas_lb,1,False,Adidas Copa Pure 2 League Men Turf Shoes Black/Platinum/Turbo,Adidas Copa Pure 2 League Men Turf Shoes Black/Platinum/Turbo,https://lb.mikesport.com/products/adidas-copa-pure-2-league-men-turf-shoes-black-platinum-turbo,https://lb.mikesport.com/products/adidas-copa-pure-2-league-men-turf-shoes-black-platinum-turbo,1,espadrilles,espadrilles,men,men,Black/Platinum/Turbo,Black/Platinum/Turbo,in_stock,in_stock,1,0,0,39 1/3 EU | 40 EU | 40 2/3 EU | 41 1/3 EU | 43 1/3 EU,5,USD,USD,66.0,66.0,66.0,66.0,5940000.0,5940000.0,126.0,126.0,126.0,126.0,11340000.0,11340000.0,66.0,66.0,66.0,66.0,5940000.0,5940000.0,47.62,47.62,True,True,1,False,"Unisex Copa Pure Ii League Football Boots Turf, Purple","Unisex Copa Pure Ii League Football Boots Turf, Purple",https://www.adidas.com.lb/en/adidas-outlet-unisex-copa-pure-ii-league-football-boots-turf-purple/A9_IG8720_ONE.html,https://www.adidas.com.lb/en/adidas-outlet-unisex-copa-pure-ii-league-football-boots-turf-purple/A9_IG8720_ONE.html,1,Shoes,Shoes,unisex,unisex,Purple,Purple,in_stock,in_stock,1,0,0,42,1,LBP,LBP,5670000.0,5670000.0,63.0,63.0,5670000.0,5670000.0,11340000.0,11340000.0,126.0,126.0,11340000.0,11340000.0,5670000.0,5670000.0,63.0,63.0,5670000.0,5670000.0,50.0,50.0,True,True,
IG9184,exact_style_code,both_in_stock,neither_on_sale,False,,True,men,False,,normalized_compare,False,90000.0,False,1.0,1.0,90000.0,1.05,1.05,adidas_cheaper,adidas_lb,True,0.0,neither_discounted,tie,1,False,Adidas Advantage Base 2 Men Sportswear Shoes Black/Grey,Adidas Advantage Base 2 Men Sportswear Shoes Black/Grey,https://lb.mikesport.com/products/adidas-advantage-base-2-men-sportswear-shoes-black-grey,https://lb.mikesport.com/products/adidas-advantage-base-2-men-sportswear-shoes-black-grey,1,shoes,shoes,men,men,Black/Grey,Black/Grey,in_stock,in_stock,1,0,0,45 1/3 EU | 46 EU | 42 EU | 42 2/3 EU,4,USD,USD,96.0,96.0,96.0,96.0,8640000.0,8640000.0,96.0,96.0,96.0,96.0,8640000.0,8640000.0,,,,,,,,,False,False,1,False,"Advantage Base 2.0 Shoes, Black","Advantage Base 2.0 Shoes, Black",https://www.adidas.com.lb/en/adidas-advantage-base-2.0-shoes-black/A7_IG9184_ONE.html,https://www.adidas.com.lb/en/adidas-advantage-base-2.0-shoes-black/A7_IG9184_ONE.html,1,Tennis,Tennis,men,men,Black,Black,in_stock,in_stock,1,0,0,40 2/3 | 41 1/3 | 43 1/3 | 45 1/3,4,LBP,LBP,8550000.0,8550000.0,95.0,95.0,8550000.0,8550000.0,8550000.0,8550000.0,95.0,95.0,8550000.0,8550000.0,,,,,,,,,False,False,Neither retailer currently shows a discount for this style code.
IH0800,exact_style_code,both_in_stock,neither_on_sale,False,,True,women,True,Black,normalized_compare,False,90000.0,False,1.0,1.0,90000.0,0.66,0.66,adidas_cheaper,adidas_lb,True,0.0,neither_discounted,tie,1,False,Adidas Supernova Ease Women Running Shoes Black,Adidas Supernova Ease Women Running Shoes Black,https://lb.mikesport.com/products/adidas-supernova-ease-women-running-shoes-black,https://lb.mikesport.com/products/adidas-supernova-ease-women-running-shoes-black,1,shoes,shoes,women,women,Black,Black,in_stock,in_stock,1,0,0,38 2/3 EU | 40 2/3 EU | 41 1/3 EU | 42 EU | 42 2/3 EU,5,USD,USD,153.0,153.0,153.0,153.0,13770000.0,13770000.0,153.0,153.0,153.0,153.0,13770000.0,13770000.0,,,,,,,,,False,False,1,False,"Supernova Ease Shoes, Black","Supernova Ease Shoes, Black",https://www.adidas.com.lb/en/adidas-supernova-ease-shoes-black/A7_IH0800_ONE.html,https://www.adidas.com.lb/en/adidas-supernova-ease-shoes-black/A7_IH0800_ONE.html,1,Running,Running,women,women,Black,Black,in_stock,in_stock,1,0,0,36 2/3 | 37 1/3 | 38 | 38 2/3 | 39 1/3 | 40 | 41 1/3,7,LBP,LBP,13680000.0,13680000.0,152.0,152.0,13680000.0,13680000.0,13680000.0,13680000.0,152.0,152.0,13680000.0,13680000.0,,,,,,,,,False,False,Neither retailer currently shows a discount for this style code.
IH1363,exact_style_code,both_in_stock,neither_on_sale,False,,True,women,False,,normalized_compare,False,90000.0,False,-1.0,-1.0,-90000.0,-1.25,-1.25,mikesport_cheaper,mikesport_lb,True,0.0,neither_discounted,tie,1,False,Adidas Breaknet Sleek Women Sportswear Shoes White/Sand Strata,Adidas Breaknet Sleek Women Sportswear Shoes White/Sand Strata,https://lb.mikesport.com/products/adidas-breaknet-sleek-women-sportswear-shoes-white-sand-strata,https://lb.mikesport.com/products/adidas-breaknet-sleek-women-sportswear-shoes-white-sand-strata,1,shoes,shoes,women,women,Off White / Sand Strata / Warm Vanilla,Off White / Sand Strata / Warm Vanilla,in_stock,in_stock,1,0,0,36 2/3 EU | 37 1/3 EU | 38 EU | 38 2/3 EU | 39 1/3 EU | 40 EU | 40 2/3 EU | 41 1/3 EU,8,USD,USD,79.0,79.0,79.0,79.0,7110000.0,7110000.0,79.0,79.0,79.0,79.0,7110000.0,7110000.0,,,,,,,,,False,False,1,False,"Breaknet Sleek Shoes, White","Breaknet Sleek Shoes, White",https://www.adidas.com.lb/en/adidas-breaknet-sleek-shoes-white/A7_IH1363_ONE.html,https://www.adidas.com.lb/en/adidas-breaknet-sleek-shoes-white/A7_IH1363_ONE.html,1,Training,Training,women,women,White,White,in_stock,in_stock,1,0,0,38 | 39 1/3,2,LBP,LBP,7200000.0,7200000.0,80.0,80.0,7200000.0,7200000.0,7200000.0,7200000.0,80.0,80.0,7200000.0,7200000.0,,,,,,,,,False,False,Neither retailer currently shows a discount for this style code.
IH1507,exact_style_code,both_in_stock,neither_on_sale,False,,True,women,True,Brown,normalized_compare,False,90000.0,True,0.0,0.0,0.0,0.0,0.0,same_price,tie,True,0.0,neither_discounted,tie,1,False,Adidas Handball Spezial Women Original Shoes Brown,Adidas Handball Spezial Women Original Shoes Brown,https://lb.mikesport.com/products/adidas-handball-spezial-women-original-shoes-brown,https://lb.mikesport.com/products/adidas-handball-spezial-women-original-shoes-brown,1,shoes,shoes,women,women,Brown,Brown,in_stock,in_stock,1,0,0,36 2/3 EU | 37 1/3 EU | 38 EU | 39 1/3 EU | 40 EU | 40 2/3 EU,6,USD,USD,159.0,159.0,159.0,159.0,14310000.0,14310000.0,159.0,159.0,159.0,159.0,14310000.0,14310000.0,,,,,,,,,False,False,1,False,"Handball Spezial Shoes, Brown","Handball Spezial Shoes, Brown",https://www.adidas.com.lb/en/adidas-handball-spezial-shoes-brown/A7_IH1507_ONE.html,https://www.adidas.com.lb/en/adidas-handball-spezial-shoes-brown/A7_IH1507_ONE.html,1,Originals,Originals,women,women,Brown,Brown,in_stock,in_stock,1,0,0,36 2/3 | 37 1/3 | 38 | 38 2/3 | 39 1/3 | 40,6,LBP,LBP,14310000.0,14310000.0,159.0,159.0,14310000.0,14310000.0,14310000.0,14310000.0,159.0,159.0,14310000.0,14310000.0,,,,,,,,,False,False,Neither retailer currently shows a discount for this style code.
IH2640,exact_style_code,both_in_stock,neither_on_sale,False,,True,men,False,,normalized_compare,False,90000.0,True,0.0,0.0,0.0,0.0,0.0,same_price,tie,True,0.0,neither_discounted,tie,1,False,Adidas Ultrarun 5 Men Running Shoes Black/White,Adidas Ultrarun 5 Men Running Shoes Black/White,https://lb.mikesport.com/products/adidas-ultrarun-5-men-running-shoes-black-white-1,https://lb.mikesport.com/products/adidas-ultrarun-5-men-running-shoes-black-white-1,1,shoes,shoes,men,men,Black/White,Black/White,in_stock,in_stock,1,0,0,46 2/3 EU | 41 1/3 EU | 42 EU | 42 2/3 EU | 43 1/3 EU | 44 EU,6,USD,USD,135.0,135.0,135.0,135.0,12150000.0,12150000.0,135.0,135.0,135.0,135.0,12150000.0,12150000.0,,,,,,,,,False,False,1,False,"Ultrarun 5 Running Shoes, Black","Ultrarun 5 Running Shoes, Black",https://www.adidas.com.lb/en/adidas-ultrarun-5-running-shoes-black/A7_IH2640_ONE.html,https://www.adidas.com.lb/en/adidas-ultrarun-5-running-shoes-black/A7_IH2640_ONE.html,1,Running,Running,men,men,Black,Black,in_stock,in_stock,1,0,0,40 | 40 2/3 | 41 1/3 | 42 | 42 2/3 | 43 1/3 | 44 | 44 2/3 | 45 1/3 | 46 | 46 2/3 | 47 1/3,12,LBP,LBP,12150000.0,12150000.0,135.0,135.0,12150000.0,12150000.0,12150000.0,12150000.0,135.0,135.0,12150000.0,12150000.0,,,,,,,,,False,False,Neither retailer currently shows a discount for this style code.
IH3597,exact_style_code,both_in_stock,neither_on_sale,False,,True,kids,False,,normalized_compare,False,90000.0,True,0.0,0.0,0.0,0.0,0.0,same_price,tie,True,0.0,neither_discounted,tie,1,False,Adidas Duramo Sl 2 Ps Sportswear Shoes Black/White/Grey,Adidas Duramo Sl 2 Ps Sportswear Shoes Black/White/Grey,https://lb.mikesport.com/products/adidas-duramo-sl-2-ps-sportswear-shoes-black-white-grey,https://lb.mikesport.com/products/adidas-duramo-sl-2-ps-sportswear-shoes-black-white-grey,1,shoes,shoes,kids,kids,Black/White/Grey,Black/White/Grey,in_stock,in_stock,1,0,0,33 EU | 28 EU | 30 EU | 29 EU | 31 EU | 32 EU | 34 EU | 35 EU,8,USD,USD,67.0,67.0,67.0,67.0,6030000.0,6030000.0,67.0,67.0,67.0,67.0,6030000.0,6030000.0,,,,,,,,,False,False,1,False,"Unisex Kids Duramo SL Shoes, Black","Unisex Kids Duramo SL Shoes, Black",https://www.adidas.com.lb/en/adidas-unisex-kids-duramo-sl-shoes-black/A7_IH3597_ONE.html,https://www.adidas.com.lb/en/adidas-unisex-kids-duramo-sl-shoes-black/A7_IH3597_ONE.html,1,Running,Running,kids,kids,Black,Black,in_stock,in_stock,1,0,0,28 | 29 | 30 | 31 | 33,5,LBP,LBP,6030000.0,6030000.0,67.0,67.0,6030000.0,6030000.0,6030000.0,6030000.0,67.0,67.0,6030000.0,6030000.0,,,,,,,,,False,False,Neither retailer currently shows a discount for this style code.
IH4200,exact_style_code,both_in_stock,neither_on_sale,False,,True,women,False,,normalized_compare,False,90000.0,True,0.0,0.0,0.0,0.0,0.0,same_price,tie,True,0.0,neither_discounted,tie,1,False,Adidas Superstar Ii Women Original Shoes Core Black,Adidas Superstar Ii Women Original Shoes Core Black,https://lb.mikesport.com/products/adidas-superstar-ii-women-original-shoes-core-black,https://lb.mikesport.com/products/adidas-superstar-ii-women-original-shoes-core-black,1,shoes,shoes,women,women,Core Black / Silver Metallic / Off White,Core Black / Silver Metallic / Off White,in_stock,in_stock,1,0,0,37 1/3 EU | 38 2/3 EU,2,USD,USD,208.0,208.0,208.0,208.0,18720000.0,18720000.0,208.0,208.0,208.0,208.0,18720000.0,18720000.0,,,,,,,,,False,False,1,False,"Superstar II Shoes, Black","Superstar II Shoes, Black",https://www.adidas.com.lb/en/adidas-superstar-ii-shoes-black/A7_IH4200_ONE.html,https://www.adidas.com.lb/en/adidas-superstar-ii-shoes-black/A7_IH4200_ONE.html,1,Originals,Originals,women,women,Black,Black,in_stock,in_stock,1,0,0,37 1/3 | 38 | 38 2/3,3,LBP,LBP,18720000.0,18720000.0,208.0,208.0,18720000.0,18720000.0,18720000.0,18720000.0,208.0,208.0,18720000.0,18720000.0,,,,,,,,,False,False,Neither retailer currently shows a discount for this style code.
IH4894,exact_style_code,both_in_stock,both_on_sale,True,Shoes,False,,False,,normalized_compare,False,90000.0,False,3.0,3.0,270000.0,8.57,8.57,adidas_cheaper,adidas_lb,False,-5.56,adidas_higher_discount,adidas_lb,1,False,Adidas Advantage Infant-Girls Sportswear Shoes White/Pink/Black,Adidas Advantage Infant-Girls Sportswear Shoes White/Pink/Black,https://lb.mikesport.com/products/adidas-advantage-infant-girls-sportswear-shoes-white-pink-black,https://lb.mikesport.com/products/adidas-advantage-infant-girls-sportswear-shoes-white-pink-black,1,shoes,shoes,girls,girls,Cloud White/Bliss Pink/Core Black,Cloud White/Bliss Pink/Core Black,in_stock,in_stock,1,0,0,27 EU,1,USD,USD,38.0,38.0,38.0,38.0,3420000.0,3420000.0,54.0,54.0,54.0,54.0,4860000.0,4860000.0,38.0,38.0,38.0,38.0,3420000.0,3420000.0,29.63,29.63,True,True,1,False,"Unisex Kids Advantage Shoes, White","Unisex Kids Advantage Shoes, White",https://www.adidas.com.lb/en/outlet-adidas-unisex-kids-advantage-shoes-white/A9_IH4894_ONE.html,https://www.adidas.com.lb/en/outlet-adidas-unisex-kids-advantage-shoes-white/A9_IH4894_ONE.html,1,Shoes,Shoes,kids,kids,White,White,in_stock,in_stock,1,0,0,25 | 26 | 27,3,LBP,LBP,3150000.0,3150000.0,35.0,35.0,3150000.0,3150000.0,4860000.0,4860000.0,54.0,54.0,4860000.0,4860000.0,3150000.0,3150000.0,35.0,35.0,3150000.0,3150000.0,35.19,35.19,True,True,
IH6185,exact_style_code,both_in_stock,neither_on_sale,False,,True,men,False,,normalized_compare,False,90000.0,True,0.0,0.0,0.0,0.0,0.0,same_price,tie,True,0.0,neither_discounted,tie,1,False,Adidas Grand Court Base 00S Men Sportswear Shoes Grey/White/Gum,Adidas Grand Court Base 00S Men Sportswear Shoes Grey/White/Gum,https://lb.mikesport.com/products/adidas-grand-court-base-00s-men-sportswear-shoes-grey-white-gum,https://lb.mikesport.com/products/adidas-grand-court-base-00s-men-sportswear-shoes-grey-white-gum,1,shoes,shoes,men,men,Grey Two/Cloud White/Gum,Grey Two/Cloud White/Gum,in_stock,in_stock,1,0,0,44 2/3 EU | 46 EU | 42 2/3 EU | 43 1/3 EU | 44 EU,5,USD,USD,105.0,105.0,105.0,105.0,9450000.0,9450000.0,105.0,105.0,105.0,105.0,9450000.0,9450000.0,,,,,,,,,False,False,1,False,"Grand Court Base 00S Shoes, Grey","Grand Court Base 00S Shoes, Grey",https://www.adidas.com.lb/en/adidas-grand-court-base-00s-shoes-grey/A7_IH6185_ONE.html,https://www.adidas.com.lb/en/adidas-grand-court-base-00s-shoes-grey/A7_IH6185_ONE.html,1,Training,Training,men,men,Grey,Grey,in_stock,in_stock,1,0,0,41 1/3 | 42 | 42 2/3 | 43 1/3 | 44 | 44 2/3 | 45 1/3 | 46,8,LBP,LBP,9450000.0,9450000.0,105.0,105.0,9450000.0,9450000.0,9450000.0,9450000.0,105.0,105.0,9450000.0,9450000.0,,,,,,,,,False,False,Neither retailer currently shows a discount for this style code.
IH6187,exact_style_code,both_in_stock,neither_on_sale,False,,True,men,False,,normalized_compare,False,90000.0,True,0.0,0.0,0.0,0.0,0.0,same_price,tie,True,0.0,neither_discounted,tie,1,False,Adidas Grand Court 00 Men Sportswear Shoes Green/White/Gum,Adidas Grand Court 00 Men Sportswear Shoes Green/White/Gum,https://lb.mikesport.com/products/adidas-grand-court-00-men-sportswear-shoes-green-white-gum,https://lb.mikesport.com/products/adidas-grand-court-00-men-sportswear-shoes-green-white-gum,1,shoes,shoes,men,men,Green/White/Gum,Green/White/Gum,in_stock,in_stock,1,0,0,44 2/3 EU | 46 EU | 40 2/3 EU | 42 EU | 42 2/3 EU | 43 1/3 EU | 44 EU,7,USD,USD,105.0,105.0,105.0,105.0,9450000.0,9450000.0,105.0,105.0,105.0,105.0,9450000.0,9450000.0,,,,,,,,,False,False,1,False,"Grand Court Base 00s Shoes, Green","Grand Court Base 00s Shoes, Green",https://www.adidas.com.lb/en/adidas-grand-court-base-00s-shoes-green/A7_IH6187_ONE.html,https://www.adidas.com.lb/en/adidas-grand-court-base-00s-shoes-green/A7_IH6187_ONE.html,1,Tennis,Tennis,men,men,Green,Green,in_stock,in_stock,1,0,0,43 1/3,1,LBP,LBP,9450000.0,9450000.0,105.0,105.0,9450000.0,9450000.0,9450000.0,9450000.0,105.0,105.0,9450000.0,9450000.0,,,,,,,,,False,False,Neither retailer currently shows a discount for this style code.
IH6388,exact_style_code,both_in_stock,neither_on_sale,True,Shoes,False,,False,,normalized_compare,False,90000.0,False,2.0,2.0,180000.0,1.59,1.59,adidas_cheaper,adidas_lb,True,0.0,neither_discounted,tie,1,False,Adidas Superstar Led Light Ps-Boys Original Shoes Core Black/Red,Adidas Superstar Led Light Ps-Boys Original Shoes Core Black/Red,https://lb.mikesport.com/products/adidas-superstar-led-light-ps-boys-original-shoes-core-black-red,https://lb.mikesport.com/products/adidas-superstar-led-light-ps-boys-original-shoes-core-black-red,1,shoes,shoes,boys,boys,Core Black/Red,Core Black/Red,in_stock,in_stock,1,0,0,28 EU | 30 EU | 29 EU | 31 EU | 32 EU | 34 EU | 35 EU,7,USD,USD,128.0,128.0,128.0,128.0,11520000.0,11520000.0,128.0,128.0,128.0,128.0,11520000.0,11520000.0,,,,,,,,,False,False,1,False,"Kids Unisex Superstar Led Lights Comfort Closure Elastic Lace Shoes, Black","Kids Unisex Superstar Led Lights Comfort Closure Elastic Lace Shoes, Black",https://www.adidas.com.lb/en/adidas-kids-unisex-superstar-led-lights-comfort-closure-elastic-lace-shoes-black/A7_IH6388_ONE.html,https://www.adidas.com.lb/en/adidas-kids-unisex-superstar-led-lights-comfort-closure-elastic-lace-shoes-black/A7_IH6388_ONE.html,1,Shoes,Shoes,unisex,unisex,Black,Black,in_stock,in_stock,1,0,0,28 | 29 | 30 | 31 | 32 | 33 | 34 | 35,8,LBP,LBP,11340000.0,11340000.0,126.0,126.0,11340000.0,11340000.0,11340000.0,11340000.0,126.0,126.0,11340000.0,11340000.0,,,,,,,,,False,False,Neither retailer currently shows a discount for this style code.
IH6506,exact_style_code,both_in_stock,neither_on_sale,False,,True,men,False,,normalized_compare,False,90000.0,True,0.0,0.0,0.0,0.0,0.0,same_price,tie,True,0.0,neither_discounted,tie,1,False,Adidas Handball Spezial Men Original Shoes Carbon,Adidas Handball Spezial Men Original Shoes Carbon,https://lb.mikesport.com/products/adidas-handball-spezial-men-original-shoes-carbon,https://lb.mikesport.com/products/adidas-handball-spezial-men-original-shoes-carbon,1,shoes,shoes,men,men,Carbon/Core Black/Gum,Carbon/Core Black/Gum,in_stock,in_stock,1,0,0,44 2/3 EU | 45 1/3 EU | 46 EU | 46 2/3 EU | 40 2/3 EU | 41 1/3 EU | 42 EU | 42 2/3 EU | 43 1/3 EU | 44 EU,10,USD,USD,159.0,159.0,159.0,159.0,14310000.0,14310000.0,159.0,159.0,159.0,159.0,14310000.0,14310000.0,,,,,,,,,False,False,1,False,"Handball Spezial Shoes, Grey","Handball Spezial Shoes, Grey",https://www.adidas.com.lb/en/adidas-handball-spezial-shoes-grey/A7_IH6506_ONE.html,https://www.adidas.com.lb/en/adidas-handball-spezial-shoes-grey/A7_IH6506_ONE.html,1,Originals,Originals,men,men,Grey,Grey,in_stock,in_stock,1,0,0,42 | 42 2/3 | 44 | 45 1/3,4,LBP,LBP,14310000.0,14310000.0,159.0,159.0,14310000.0,14310000.0,14310000.0,14310000.0,159.0,159.0,14310000.0,14310000.0,,,,,,,,,False,False,Neither retailer currently shows a discount for this style code.
IH7758,exact_style_code,both_in_stock,neither_on_sale,False,,True,men,False,,normalized_compare,False,90000.0,False,1.0,1.0,90000.0,1.14,1.14,adidas_cheaper,adidas_lb,True,0.0,neither_discounted,tie,1,False,Adidas Runfalcon 5 Men Running Shoes Black/White,Adidas Runfalcon 5 Men Running Shoes Black/White,https://lb.mikesport.com/products/adidas-runfalcon-5-men-running-shoes-black-white,https://lb.mikesport.com/products/adidas-runfalcon-5-men-running-shoes-black-white,1,shoes,shoes,men,men,Black/White,Black/White,in_stock,in_stock,1,0,0,44 2/3 EU | 45 1/3 EU | 46 EU | 46 2/3 EU | 41 1/3 EU | 42 EU | 42 2/3 EU | 43 1/3 EU | 44 EU,9,USD,USD,89.0,89.0,89.0,89.0,8010000.0,8010000.0,89.0,89.0,89.0,89.0,8010000.0,8010000.0,,,,,,,,,False,False,1,False,"Runfalcon 5 Running Shoes, Black","Runfalcon 5 Running Shoes, Black",https://www.adidas.com.lb/en/adidas-runfalcon-5-running-shoes-black/A7_IH7758_ONE.html,https://www.adidas.com.lb/en/adidas-runfalcon-5-running-shoes-black/A7_IH7758_ONE.html,1,Running,Running,men,men,Black,Black,in_stock,in_stock,1,0,0,39 1/3 | 40 | 40 2/3 | 41 1/3 | 42 | 42 2/3 | 43 1/3 | 44 | 44 2/3 | 45 1/3 | 46 | 46 2/3 | 47 1/3 | 48,14,LBP,LBP,7920000.0,7920000.0,88.0,88.0,7920000.0,7920000.0,7920000.0,7920000.0,88.0,88.0,7920000.0,7920000.0,,,,,,,,,False,False,Neither retailer currently shows a discount for this style code.
IH7759,exact_style_code,both_in_stock,neither_on_sale,False,,True,women,False,,normalized_compare,False,90000.0,True,0.0,0.0,0.0,0.0,0.0,same_price,tie,True,0.0,neither_discounted,tie,1,False,Adidas Runfalcon 5 Women Running Shoes Black/White,Adidas Runfalcon 5 Women Running Shoes Black/White,https://lb.mikesport.com/products/adidas-runfalcon-5-women-running-shoes-black-white,https://lb.mikesport.com/products/adidas-runfalcon-5-women-running-shoes-black-white,1,shoes,shoes,women,women,Black/White,Black/White,in_stock,in_stock,1,0,0,36 EU | 36 2/3 EU | 37 1/3 EU | 38 EU | 38 2/3 EU | 39 1/3 EU | 40 EU | 40 2/3 EU,8,USD,USD,88.0,88.0,88.0,88.0,7920000.0,7920000.0,88.0,88.0,88.0,88.0,7920000.0,7920000.0,,,,,,,,,False,False,1,False,"Runfalcon 5 Running Shoes, Black","Runfalcon 5 Running Shoes, Black",https://www.adidas.com.lb/en/adidas-runfalcon-5-running-shoes-black/A7_IH7759_ONE.html,https://www.adidas.com.lb/en/adidas-runfalcon-5-running-shoes-black/A7_IH7759_ONE.html,1,Running,Running,women,women,Black,Black,in_stock,in_stock,1,0,0,36 2/3 | 37 1/3 | 38 | 38 2/3 | 39 1/3 | 40 | 40 2/3 | 41 1/3,8,LBP,LBP,7920000.0,7920000.0,88.0,88.0,7920000.0,7920000.0,7920000.0,7920000.0,88.0,88.0,7920000.0,7920000.0,,,,,,,,,False,False,Neither retailer currently shows a discount for this style code.
IH8206,exact_style_code,both_in_stock,neither_on_sale,False,,True,men,False,,normalized_compare,False,90000.0,True,0.0,0.0,0.0,0.0,0.0,same_price,tie,True,0.0,neither_discounted,tie,1,False,Adidas Duramo Speed 2 Men Running Shoes White/Black/Silver,Adidas Duramo Speed 2 Men Running Shoes White/Black/Silver,https://lb.mikesport.com/products/adidas-duramo-speed-2-men-running-shoes-white-black-silver,https://lb.mikesport.com/products/adidas-duramo-speed-2-men-running-shoes-white-black-silver,1,shoes,shoes,men,men,White/Black/Silver,White/Black/Silver,in_stock,in_stock,1,0,0,44 EU,1,USD,USD,135.0,135.0,135.0,135.0,12150000.0,12150000.0,135.0,135.0,135.0,135.0,12150000.0,12150000.0,,,,,,,,,False,False,1,False,"Duramo Speed 2 Running Shoes, White","Duramo Speed 2 Running Shoes, White",https://www.adidas.com.lb/en/adidas-duramo-speed-2-running-shoes-white/A7_IH8206_ONE.html,https://www.adidas.com.lb/en/adidas-duramo-speed-2-running-shoes-white/A7_IH8206_ONE.html,1,Running,Running,men,men,White,White,in_stock,in_stock,1,0,0,43 1/3 | 44 | 46,3,LBP,LBP,12150000.0,12150000.0,135.0,135.0,12150000.0,12150000.0,12150000.0,12150000.0,135.0,135.0,12150000.0,12150000.0,,,,,,,,,False,False,Neither retailer currently shows a discount for this style code.
IH8217,exact_style_code,both_in_stock,neither_on_sale,False,,True,men,True,Black,normalized_compare,False,90000.0,False,1.0,1.0,90000.0,1.05,1.05,adidas_cheaper,adidas_lb,True,0.0,neither_discounted,tie,1,False,Adidas Duramo Sl2 Men Running Shoes Black,Adidas Duramo Sl2 Men Running Shoes Black,https://lb.mikesport.com/products/adidas-duramo-sl2-men-running-shoes-black,https://lb.mikesport.com/products/adidas-duramo-sl2-men-running-shoes-black,1,shoes,shoes,men,men,Black,Black,in_stock,in_stock,1,0,0,44 2/3 EU | 46 EU | 46 2/3 EU | 41 1/3 EU | 42 EU | 42 2/3 EU | 43 1/3 EU | 44 EU,8,USD,USD,96.0,96.0,96.0,96.0,8640000.0,8640000.0,96.0,96.0,96.0,96.0,8640000.0,8640000.0,,,,,,,,,False,False,1,False,"Duramo SL 2 Running Shoes, Black","Duramo SL 2 Running Shoes, Black",https://www.adidas.com.lb/en/adidas-duramo-sl-2-running-shoes-black/A7_IH8217_ONE.html,https://www.adidas.com.lb/en/adidas-duramo-sl-2-running-shoes-black/A7_IH8217_ONE.html,1,Running,Running,men,men,Black,Black,in_stock,in_stock,1,0,0,39 1/3 | 40 | 40 2/3 | 41 1/3 | 42 | 42 2/3 | 43 1/3 | 44 | 44 2/3 | 45 1/3 | 46 | 46 2/3 | 47 1/3,13,LBP,LBP,8550000.0,8550000.0,95.0,95.0,8550000.0,8550000.0,8550000.0,8550000.0,95.0,95.0,8550000.0,8550000.0,,,,,,,,,False,False,Neither retailer currently shows a discount for this style code.
IH8221,exact_style_code,both_in_stock,neither_on_sale,False,,True,men,False,,normalized_compare,False,90000.0,False,1.0,1.0,90000.0,1.05,1.05,adidas_cheaper,adidas_lb,True,0.0,neither_discounted,tie,1,False,Adidas Duramo Sl 2 Men Running Shoes Dark Blue/Silver,Adidas Duramo Sl 2 Men Running Shoes Dark Blue/Silver,https://lb.mikesport.com/products/adidas-duramo-sl-2-men-running-shoes-dark-blue-silver,https://lb.mikesport.com/products/adidas-duramo-sl-2-men-running-shoes-dark-blue-silver,1,shoes,shoes,men,men,Dark Blue / Silver Metallic / Halo Silver,Dark Blue / Silver Metallic / Halo Silver,in_stock,in_stock,1,0,0,44 2/3 EU | 45 1/3 EU | 46 EU | 46 2/3 EU | 41 1/3 EU | 42 EU | 42 2/3 EU | 43 1/3 EU | 44 EU,9,USD,USD,96.0,96.0,96.0,96.0,8640000.0,8640000.0,96.0,96.0,96.0,96.0,8640000.0,8640000.0,,,,,,,,,False,False,1,False,"Duramo SL 2 Running Shoes, Blue","Duramo SL 2 Running Shoes, Blue",https://www.adidas.com.lb/en/adidas-duramo-sl-2-running-shoes-blue/A7_IH8221_ONE.html,https://www.adidas.com.lb/en/adidas-duramo-sl-2-running-shoes-blue/A7_IH8221_ONE.html,1,Running,Running,men,men,Blue,Blue,in_stock,in_stock,1,0,0,41 1/3 | 42 | 42 2/3 | 43 1/3 | 44 | 45 1/3 | 46 | 47 1/3,8,LBP,LBP,8550000.0,8550000.0,95.0,95.0,8550000.0,8550000.0,8550000.0,8550000.0,95.0,95.0,8550000.0,8550000.0,,,,,,,,,False,False,Neither retailer currently shows a discount for this style code.
IH8225,exact_style_code,both_in_stock,neither_on_sale,False,,True,women,False,,normalized_compare,False,90000.0,False,1.0,1.0,90000.0,1.05,1.05,adidas_cheaper,adidas_lb,True,0.0,neither_discounted,tie,1,False,Adidas Duramo Sl2 Women Running Shoes Black/White/Grey,Adidas Duramo Sl2 Women Running Shoes Black/White/Grey,https://lb.mikesport.com/products/adidas-duramo-sl2-women-running-shoes-black-white-grey,https://lb.mikesport.com/products/adidas-duramo-sl2-women-running-shoes-black-white-grey,1,shoes,shoes,women,women,Black/White/Grey,Black/White/Grey,in_stock,in_stock,1,0,0,37 1/3 EU | 38 EU | 38 2/3 EU | 40 2/3 EU,4,USD,USD,96.0,96.0,96.0,96.0,8640000.0,8640000.0,96.0,96.0,96.0,96.0,8640000.0,8640000.0,,,,,,,,,False,False,1,False,"Duramo SL 2 Running Shoes, Black","Duramo SL 2 Running Shoes, Black",https://www.adidas.com.lb/en/adidas-duramo-sl-2-running-shoes-black/A7_IH8225_ONE.html,https://www.adidas.com.lb/en/adidas-duramo-sl-2-running-shoes-black/A7_IH8225_ONE.html,1,Running,Running,women,women,Black,Black,in_stock,in_stock,1,0,0,36 2/3 | 37 1/3 | 38 | 38 2/3,4,LBP,LBP,8550000.0,8550000.0,95.0,95.0,8550000.0,8550000.0,8550000.0,8550000.0,95.0,95.0,8550000.0,8550000.0,,,,,,,,,False,False,Neither retailer currently shows a discount for this style code.
IH8659,exact_style_code,both_in_stock,neither_on_sale,False,,True,unisex,False,,normalized_compare,False,90000.0,True,0.0,0.0,0.0,0.0,0.0,same_price,tie,True,0.0,neither_discounted,tie,1,False,Adidas Superstar Ii Unisex Original Shoes White/Black,Adidas Superstar Ii Unisex Original Shoes White/Black,https://lb.mikesport.com/products/adidas-superstar-ii-unisex-original-shoes-white-black,https://lb.mikesport.com/products/adidas-superstar-ii-unisex-original-shoes-white-black,1,shoes,shoes,unisex,unisex,White/Black,White/Black,in_stock,in_stock,1,0,0,44 2/3 EU | 45 1/3 EU | 46 EU | 46 2/3 EU | 36 2/3 EU | 37 1/3 EU | 38 EU | 38 2/3 EU | 39 1/3 EU | 40 EU | 40 2/3 EU | 41 1/3 EU | 42 EU | 42 2/3 EU | 43 1/3 EU | 44 EU,16,USD,USD,159.0,159.0,159.0,159.0,14310000.0,14310000.0,159.0,159.0,159.0,159.0,14310000.0,14310000.0,,,,,,,,,False,False,1,False,"Unisex Superstar II Shoes, White","Unisex Superstar II Shoes, White",https://www.adidas.com.lb/en/adidas-unisex-superstar-ii-shoes-white/A7_IH8659_ONE.html,https://www.adidas.com.lb/en/adidas-unisex-superstar-ii-shoes-white/A7_IH8659_ONE.html,1,Originals,Originals,unisex,unisex,White,White,in_stock,in_stock,1,0,0,37 1/3 | 38 | 38 2/3 | 39 1/3 | 40 | 40 2/3 | 42 | 42 2/3 | 43 1/3 | 44 | 44 2/3 | 45 1/3 | 46,13,LBP,LBP,14310000.0,14310000.0,159.0,159.0,14310000.0,14310000.0,14310000.0,14310000.0,159.0,159.0,14310000.0,14310000.0,,,,,,,,,False,False,Neither retailer currently shows a discount for this style code.
IH9314,exact_style_code,both_in_stock,neither_on_sale,False,,False,,False,,normalized_compare,False,90000.0,True,0.0,0.0,0.0,0.0,0.0,same_price,tie,True,0.0,neither_discounted,tie,1,False,Adidas Superstar Ii Men Original Shoes Aurora Coffee,Adidas Superstar Ii Men Original Shoes Aurora Coffee,https://lb.mikesport.com/products/adidas-superstar-ii-men-original-shoes-aurora-coffee,https://lb.mikesport.com/products/adidas-superstar-ii-men-original-shoes-aurora-coffee,1,shoes,shoes,men,men,Aurora Coffee / Off White / Stone Khaki,Aurora Coffee / Off White / Stone Khaki,in_stock,in_stock,1,0,0,44 2/3 EU | 45 1/3 EU | 46 EU | 46 2/3 EU | 42 EU | 43 1/3 EU | 44 EU,7,USD,USD,181.0,181.0,181.0,181.0,16290000.0,16290000.0,181.0,181.0,181.0,181.0,16290000.0,16290000.0,,,,,,,,,False,False,1,False,"Unisex Superstar II Shoes, Brown","Unisex Superstar II Shoes, Brown",https://www.adidas.com.lb/en/adidas-unisex-superstar-ii-shoes-brown/A7_IH9314_ONE.html,https://www.adidas.com.lb/en/adidas-unisex-superstar-ii-shoes-brown/A7_IH9314_ONE.html,1,Originals,Originals,unisex,unisex,Brown,Brown,in_stock,in_stock,1,0,0,37 1/3 | 38 | 38 2/3 | 39 1/3 | 42 | 42 2/3 | 43 1/3 | 44,8,LBP,LBP,16290000.0,16290000.0,181.0,181.0,16290000.0,16290000.0,16290000.0,16290000.0,181.0,181.0,16290000.0,16290000.0,,,,,,,,,False,False,Neither retailer currently shows a discount for this style code.
IH9761,exact_style_code,both_in_stock,neither_on_sale,False,,True,men,False,,normalized_compare,False,90000.0,True,0.0,0.0,0.0,0.0,0.0,same_price,tie,True,0.0,neither_discounted,tie,2,True,Adidas Handball Spezial Men Original Shoes Clay/Beige/Gum,Adidas Handball Spezial Men Original Shoes Clay/Beige/Gum,https://lb.mikesport.com/products/adidas-handball-spezial-men-original-shoes-clay-beige-gum,https://lb.mikesport.com/products/adidas-handball-spezial-men-original-shoes-clay-beige-gum-1 | https://lb.mikesport.com/products/adidas-handball-spezial-men-original-shoes-clay-beige-gum,2,shoes,shoes,men,men,Clay/Beige/Gum,Clay/Beige/Gum,in_stock,in_stock,2,0,0,44 2/3 EU | 45 1/3 EU | 46 EU | 46 2/3 EU | 40 2/3 EU | 41 1/3 EU | 42 EU | 42 2/3 EU | 43 1/3 EU | 44 EU,10,USD,USD,159.0,159.0,159.0,159.0,14310000.0,14310000.0,159.0,159.0,159.0,159.0,14310000.0,14310000.0,,,,,,,,,False,False,1,False,"Handball Spezial Shoes, Grey","Handball Spezial Shoes, Grey",https://www.adidas.com.lb/en/adidas-handball-spezial-shoes-grey/A7_IH9761_ONE.html,https://www.adidas.com.lb/en/adidas-handball-spezial-shoes-grey/A7_IH9761_ONE.html,1,Originals,Originals,men,men,Grey,Grey,in_stock,in_stock,1,0,0,36 2/3 | 37 1/3 | 38 | 38 2/3 | 39 1/3 | 40 | 40 2/3 | 42 | 42 2/3 | 43 1/3 | 44 | 44 2/3 | 45 1/3 | 46,14,LBP,LBP,14310000.0,14310000.0,159.0,159.0,14310000.0,14310000.0,14310000.0,14310000.0,159.0,159.0,14310000.0,14310000.0,,,,,,,,,False,False,Neither retailer currently shows a discount for this style code.
II3509,exact_style_code,both_in_stock,both_on_sale,False,,True,unisex,False,,normalized_compare,False,90000.0,False,-2.0,-2.0,-180000.0,-9.09,-9.09,mikesport_cheaper,mikesport_lb,False,9.6,mikesport_higher_discount,mikesport_lb,1,False,Adidas Baseball 3S Unisex Training Cap White/Black,Adidas Baseball 3S Unisex Training Cap White/Black,https://lb.mikesport.com/products/adidas-baseball-3s-unisex-training-cap-white-black,https://lb.mikesport.com/products/adidas-baseball-3s-unisex-training-cap-white-black,1,cap,cap,unisex,unisex,White/Black,White/Black,in_stock,in_stock,1,0,0,,0,USD,USD,20.0,20.0,20.0,20.0,1800000.0,1800000.0,29.0,29.0,29.0,29.0,2610000.0,2610000.0,20.0,20.0,20.0,20.0,1800000.0,1800000.0,31.03,31.03,True,True,1,False,"Unisex 3-Stripes Cotton Twill Baseball Cap, White","Unisex 3-Stripes Cotton Twill Baseball Cap, White",https://www.adidas.com.lb/en/adidas-outlet-unisex-3-stripes-cotton-twill-baseball-cap-white/A9_II3509_ONE.html,https://www.adidas.com.lb/en/adidas-outlet-unisex-3-stripes-cotton-twill-baseball-cap-white/A9_II3509_ONE.html,1,Accessories,Accessories,unisex,unisex,White,White,in_stock,in_stock,1,0,0,One-Size,1,LBP,LBP,1980000.0,1980000.0,22.0,22.0,1980000.0,1980000.0,2520000.0,2520000.0,28.0,28.0,2520000.0,2520000.0,1980000.0,1980000.0,22.0,22.0,1980000.0,1980000.0,21.43,21.43,True,True,
IJ0733,exact_style_code,both_in_stock,neither_on_sale,False,,True,unisex,False,,normalized_compare,False,90000.0,True,0.0,0.0,0.0,0.0,0.0,same_price,tie,True,0.0,neither_discounted,tie,1,False,Adidas Mid Cut Crew Socks 3 Unisex Original Sock White,Adidas Mid Cut Crew Socks 3 Unisex Original Sock White,https://lb.mikesport.com/products/adidas-mid-cut-crew-socks-3-unisex-original-sock-white,https://lb.mikesport.com/products/adidas-mid-cut-crew-socks-3-unisex-original-sock-white,1,sock,sock,unisex,unisex,White,White,in_stock,in_stock,1,0,0,L | M | XL,3,USD,USD,19.0,19.0,19.0,19.0,1710000.0,1710000.0,19.0,19.0,19.0,19.0,1710000.0,1710000.0,,,,,,,,,False,False,1,False,"Unisex Mid Cut Crew Socks - 3 Pairs, Multicolour","Unisex Mid Cut Crew Socks - 3 Pairs, Multicolour",https://www.adidas.com.lb/en/adidas-unisex-mid-cut-crew-socks---3-pairs-multicolour/A7_IJ0733_ONE.html,https://www.adidas.com.lb/en/adidas-unisex-mid-cut-crew-socks---3-pairs-multicolour/A7_IJ0733_ONE.html,1,Socks,Socks,unisex,unisex,Multicolour,Multicolour,in_stock,in_stock,1,0,0,M | L | 31-33,3,LBP,LBP,1710000.0,1710000.0,19.0,19.0,1710000.0,1710000.0,1710000.0,1710000.0,19.0,19.0,1710000.0,1710000.0,,,,,,,,,False,False,Neither retailer currently shows a discount for this style code.
IJ0734,exact_style_code,both_in_stock,neither_on_sale,False,,True,unisex,False,,normalized_compare,False,90000.0,True,0.0,0.0,0.0,0.0,0.0,same_price,tie,True,0.0,neither_discounted,tie,1,False,Adidas Solid Unisex Original Sock White/Black,Adidas Solid Unisex Original Sock White/Black,https://lb.mikesport.com/products/adidas-solid-unisex-original-sock-white-black,https://lb.mikesport.com/products/adidas-solid-unisex-original-sock-white-black,1,sock,sock,unisex,unisex,White/Black,White/Black,in_stock,in_stock,1,0,0,L | XL,2,USD,USD,21.0,21.0,21.0,21.0,1890000.0,1890000.0,21.0,21.0,21.0,21.0,1890000.0,1890000.0,,,,,,,,,False,False,1,False,"Unisex Solid Crew Socks 3 Pairs, Multicolour","Unisex Solid Crew Socks 3 Pairs, Multicolour",https://www.adidas.com.lb/en/adidas-unisex-solid-crew-socks-3-pairs-multicolour/A7_IJ0734_ONE.html,https://www.adidas.com.lb/en/adidas-unisex-solid-crew-socks-3-pairs-multicolour/A7_IJ0734_ONE.html,1,Socks,Socks,unisex,unisex,Multicolour,Multicolour,in_stock,in_stock,1,0,0,L,1,LBP,LBP,1890000.0,1890000.0,21.0,21.0,1890000.0,1890000.0,1890000.0,1890000.0,21.0,21.0,1890000.0,1890000.0,,,,,,,,,False,False,Neither retailer currently shows a discount for this style code.
IK5024,exact_style_code,both_in_stock,both_on_sale,False,,True,men,True,Black,normalized_compare,False,90000.0,False,-8.0,-8.0,-720000.0,-11.43,-11.43,mikesport_cheaper,mikesport_lb,False,9.1,mikesport_higher_discount,mikesport_lb,1,False,Adidas Own The Run Men Running Pant Black,Adidas Own The Run Men Running Pant Black,https://lb.mikesport.com/products/adidas-own-the-run-men-running-pant-black,https://lb.mikesport.com/products/adidas-own-the-run-men-running-pant-black,1,pant,pant,men,men,Black,Black,in_stock,in_stock,1,0,0,L,1,USD,USD,62.0,62.0,62.0,62.0,5580000.0,5580000.0,88.0,88.0,88.0,88.0,7920000.0,7920000.0,62.0,62.0,62.0,62.0,5580000.0,5580000.0,29.55,29.55,True,True,1,False,"Own The Run Joggers, Black","Own The Run Joggers, Black",https://www.adidas.com.lb/en/outlet-adidas-own-the-run-joggers-black/A9_IK5024_ONE.html,https://www.adidas.com.lb/en/outlet-adidas-own-the-run-joggers-black/A9_IK5024_ONE.html,1,Joggers & Trousers,Joggers & Trousers,men,men,Black,Black,in_stock,in_stock,1,0,0,S | M | L | XL,4,LBP,LBP,6300000.0,6300000.0,70.0,70.0,6300000.0,6300000.0,7920000.0,7920000.0,88.0,88.0,7920000.0,7920000.0,6300000.0,6300000.0,70.0,70.0,6300000.0,6300000.0,20.45,20.45,True,True,
IK6603,exact_style_code,both_in_stock,both_on_sale,False,,True,women,False,,normalized_compare,False,90000.0,False,12.0,12.0,1080000.0,54.55,54.55,adidas_cheaper,adidas_lb,False,-10.54,adidas_higher_discount,adidas_lb,1,False,Adidas Adicolor Sst Classic Women Original Pant Better Scarlet,Adidas Adicolor Sst Classic Women Original Pant Better Scarlet,https://lb.mikesport.com/products/adidas-adicolor-sst-classic-women-original-pant-better-scarlet,https://lb.mikesport.com/products/adidas-adicolor-sst-classic-women-original-pant-better-scarlet,1,pant,pant,women,women,Better Scarlet,Better Scarlet,in_stock,in_stock,1,0,0,S,1,USD,USD,34.0,34.0,34.0,34.0,3060000.0,3060000.0,112.0,112.0,112.0,112.0,10080000.0,10080000.0,34.0,34.0,34.0,34.0,3060000.0,3060000.0,69.64,69.64,True,True,1,False,"Adicolor Sst Tracksuit Bottoms, Red","Adicolor Sst Tracksuit Bottoms, Red",https://www.adidas.com.lb/en/adidas-outlet-adicolor-sst-tracksuit-bottoms-red/A9_IK6603_ONE.html,https://www.adidas.com.lb/en/adidas-outlet-adicolor-sst-tracksuit-bottoms-red/A9_IK6603_ONE.html,1,Clothing,Clothing,women,women,Red,Red,in_stock,in_stock,1,0,0,M,1,LBP,LBP,1980000.0,1980000.0,22.0,22.0,1980000.0,1980000.0,9990000.0,9990000.0,111.0,111.0,9990000.0,9990000.0,1980000.0,1980000.0,22.0,22.0,1980000.0,1980000.0,80.18,80.18,True,True,
IK9723,exact_style_code,both_in_stock,neither_on_sale,False,,True,men,True,Black,normalized_compare,False,90000.0,True,0.0,0.0,0.0,0.0,0.0,same_price,tie,True,0.0,neither_discounted,tie,1,False,Adidas D4T Men Training Short Black,Adidas D4T Men Training Short Black,https://lb.mikesport.com/products/adidas-d4t-men-training-short-black-1,https://lb.mikesport.com/products/adidas-d4t-men-training-short-black-1,1,short,short,men,men,Black,Black,in_stock,in_stock,1,0,0,2XL | L | M | S | XL,5,USD,USD,67.0,67.0,67.0,67.0,6030000.0,6030000.0,67.0,67.0,67.0,67.0,6030000.0,6030000.0,,,,,,,,,False,False,1,False,"Designed for Training Workout Shorts, Black","Designed for Training Workout Shorts, Black",https://www.adidas.com.lb/en/adidas-designed-for-training-workout-shorts-black/A7_IK9723_ONE.html,https://www.adidas.com.lb/en/adidas-designed-for-training-workout-shorts-black/A7_IK9723_ONE.html,1,Shorts,Shorts,men,men,Black,Black,in_stock,in_stock,1,0,0,S 7 | M 7 | L 7 | XL7 | XS7,5,LBP,LBP,6030000.0,6030000.0,67.0,67.0,6030000.0,6030000.0,6030000.0,6030000.0,67.0,67.0,6030000.0,6030000.0,,,,,,,,,False,False,Neither retailer currently shows a discount for this style code.
IK9725,exact_style_code,both_in_stock,neither_on_sale,False,,True,men,True,Black,normalized_compare,False,90000.0,True,0.0,0.0,0.0,0.0,0.0,same_price,tie,True,0.0,neither_discounted,tie,1,False,Adidas D4T Men Training T-Shirt Black,Adidas D4T Men Training T-Shirt Black,https://lb.mikesport.com/products/adidas-d4t-men-training-t-shirt-black,https://lb.mikesport.com/products/adidas-d4t-men-training-t-shirt-black,1,t-shirt,t-shirt,men,men,Black,Black,in_stock,in_stock,1,0,0,2XL | L | M | S | XL,5,USD,USD,61.0,61.0,61.0,61.0,5490000.0,5490000.0,61.0,61.0,61.0,61.0,5490000.0,5490000.0,,,,,,,,,False,False,1,False,"Designed for Training Workout T-Shirt, Black","Designed for Training Workout T-Shirt, Black",https://www.adidas.com.lb/en/adidas-designed-for-training-workout-t-shirt-black/A7_IK9725_ONE.html,https://www.adidas.com.lb/en/adidas-designed-for-training-workout-t-shirt-black/A7_IK9725_ONE.html,1,T-Shirts,T-Shirts,men,men,Black,Black,in_stock,in_stock,1,0,0,XS | S | M | L | XL | 2XL,6,LBP,LBP,5490000.0,5490000.0,61.0,61.0,5490000.0,5490000.0,5490000.0,5490000.0,61.0,61.0,5490000.0,5490000.0,,,,,,,,,False,False,Neither retailer currently shows a discount for this style code.
IL5022,exact_style_code,both_in_stock,neither_on_sale,False,,True,unisex,False,,normalized_compare,False,90000.0,True,0.0,0.0,0.0,0.0,0.0,same_price,tie,True,0.0,neither_discounted,tie,1,False,Adidas Mid Cut Crew Socks 3 Pairs Unisex Original Sock Black/White,Adidas Mid Cut Crew Socks 3 Pairs Unisex Original Sock Black/White,https://lb.mikesport.com/products/adidas-mid-cut-crew-socks-3-pairs-unisex-original-sock-black-white,https://lb.mikesport.com/products/adidas-mid-cut-crew-socks-3-pairs-unisex-original-sock-black-white,1,sock,sock,unisex,unisex,Black/White,Black/White,in_stock,in_stock,1,0,0,M,1,USD,USD,19.0,19.0,19.0,19.0,1710000.0,1710000.0,19.0,19.0,19.0,19.0,1710000.0,1710000.0,,,,,,,,,False,False,1,False,"Unisex Mid Cut Crew Socks - 3 Pairs, Black","Unisex Mid Cut Crew Socks - 3 Pairs, Black",https://www.adidas.com.lb/en/adidas-unisex-mid-cut-crew-socks---3-pairs-black/A7_IL5022_ONE.html,https://www.adidas.com.lb/en/adidas-unisex-mid-cut-crew-socks---3-pairs-black/A7_IL5022_ONE.html,1,Socks,Socks,unisex,unisex,Black,Black,in_stock,in_stock,1,0,0,M | L | 31-33,3,LBP,LBP,1710000.0,1710000.0,19.0,19.0,1710000.0,1710000.0,1710000.0,1710000.0,19.0,19.0,1710000.0,1710000.0,,,,,,,,,False,False,Neither retailer currently shows a discount for this style code.
IL6984,exact_style_code,mikesport_only_in_stock,both_on_sale,False,,True,women,True,Black,normalized_compare,False,90000.0,False,10.0,10.0,900000.0,52.63,52.63,adidas_cheaper,adidas_lb,False,-10.53,adidas_higher_discount,adidas_lb,1,False,Adidas Women Training Pant Black,Adidas Women Training Pant Black,https://lb.mikesport.com/products/adidas-women-training-pant-black,https://lb.mikesport.com/products/adidas-women-training-pant-black,1,pant,pant,women,women,Black,Black,in_stock,in_stock,1,0,0,XS,1,USD,USD,29.0,29.0,29.0,29.0,2610000.0,2610000.0,95.0,95.0,95.0,95.0,8550000.0,8550000.0,29.0,29.0,29.0,29.0,2610000.0,2610000.0,69.47,69.47,True,True,1,False,"Training Joggers, Black","Training Joggers, Black",https://www.adidas.com.lb/en/outlet-adidas-training-joggers-black/A9_IL6984_ONE.html,https://www.adidas.com.lb/en/outlet-adidas-training-joggers-black/A9_IL6984_ONE.html,1,Joggers & Trousers,Joggers & Trousers,women,women,Black,Black,out_of_stock,out_of_stock,0,1,0,,0,LBP,LBP,1710000.0,1710000.0,19.0,19.0,1710000.0,1710000.0,8550000.0,8550000.0,95.0,95.0,8550000.0,8550000.0,1710000.0,1710000.0,19.0,19.0,1710000.0,1710000.0,80.0,80.0,True,True,
IL7187,exact_style_code,both_in_stock,neither_on_sale,False,,True,men,True,Black,normalized_compare,False,90000.0,False,2.0,2.0,180000.0,1.59,1.59,adidas_cheaper,adidas_lb,True,0.0,neither_discounted,tie,1,False,Adidas Run It Tko Men Running Pant Black,Adidas Run It Tko Men Running Pant Black,https://lb.mikesport.com/products/adidas-run-it-tko-men-running-pant-black,https://lb.mikesport.com/products/adidas-run-it-tko-men-running-pant-black,1,pant,pant,men,men,Black,Black,in_stock,in_stock,1,0,0,L | M | S | XL,4,USD,USD,128.0,128.0,128.0,128.0,11520000.0,11520000.0,128.0,128.0,128.0,128.0,11520000.0,11520000.0,,,,,,,,,False,False,1,False,"Run It Tko Joggers, Black","Run It Tko Joggers, Black",https://www.adidas.com.lb/en/adidas-run-it-tko-joggers-black/A7_IL7187_ONE.html,https://www.adidas.com.lb/en/adidas-run-it-tko-joggers-black/A7_IL7187_ONE.html,1,Joggers & Trousers,Joggers & Trousers,men,men,Black,Black,in_stock,in_stock,1,0,0,S | M | L | XL,4,LBP,LBP,11340000.0,11340000.0,126.0,126.0,11340000.0,11340000.0,11340000.0,11340000.0,126.0,126.0,11340000.0,11340000.0,,,,,,,,,False,False,Neither retailer currently shows a discount for this style code.
IL7230,exact_style_code,both_in_stock,neither_on_sale,False,,True,men,True,Black,normalized_compare,False,90000.0,False,1.0,1.0,90000.0,1.05,1.05,adidas_cheaper,adidas_lb,True,0.0,neither_discounted,tie,1,False,Adidas Run It Men Running Jacket Black,Adidas Run It Men Running Jacket Black,https://lb.mikesport.com/products/adidas-run-it-men-running-jacket-black,https://lb.mikesport.com/products/adidas-run-it-men-running-jacket-black,1,jacket,jacket,men,men,Black,Black,in_stock,in_stock,1,0,0,XL,1,USD,USD,96.0,96.0,96.0,96.0,8640000.0,8640000.0,96.0,96.0,96.0,96.0,8640000.0,8640000.0,,,,,,,,,False,False,1,False,"Run It Jacket, Black","Run It Jacket, Black",https://www.adidas.com.lb/en/adidas-run-it-jacket-black/A7_IL7230_ONE.html,https://www.adidas.com.lb/en/adidas-run-it-jacket-black/A7_IL7230_ONE.html,1,Jackets & Tracktops,Jackets & Tracktops,men,men,Black,Black,in_stock,in_stock,1,0,0,M | L,2,LBP,LBP,8550000.0,8550000.0,95.0,95.0,8550000.0,8550000.0,8550000.0,8550000.0,95.0,95.0,8550000.0,8550000.0,,,,,,,,,False,False,Neither retailer currently shows a discount for this style code.
IL7232,exact_style_code,both_in_stock,neither_on_sale,False,,True,men,True,Black,normalized_compare,False,90000.0,False,1.0,1.0,90000.0,2.27,2.27,adidas_cheaper,adidas_lb,True,0.0,neither_discounted,tie,1,False,Adidas Run It Men Running Short Black,Adidas Run It Men Running Short Black,https://lb.mikesport.com/products/adidas-run-it-men-running-short-black-3,https://lb.mikesport.com/products/adidas-run-it-men-running-short-black-3,1,short,short,men,men,Black,Black,in_stock,in_stock,1,0,0,L | M | S | XL,4,USD,USD,45.0,45.0,45.0,45.0,4050000.0,4050000.0,45.0,45.0,45.0,45.0,4050000.0,4050000.0,,,,,,,,,False,False,1,False,"Run It Shorts, Black","Run It Shorts, Black",https://www.adidas.com.lb/en/adidas-run-it-shorts-black/A7_IL7232_ONE.html,https://www.adidas.com.lb/en/adidas-run-it-shorts-black/A7_IL7232_ONE.html,1,Shorts,Shorts,men,men,Black,Black,in_stock,in_stock,1,0,0,S 7 | M 7 | L 7 | XL7 | XS7,5,LBP,LBP,3960000.0,3960000.0,44.0,44.0,3960000.0,3960000.0,3960000.0,3960000.0,44.0,44.0,3960000.0,3960000.0,,,,,,,,,False,False,Neither retailer currently shows a discount for this style code.
IL7235,exact_style_code,both_in_stock,both_on_sale,False,,True,men,True,Black,normalized_compare,False,90000.0,False,-3.0,-3.0,-270000.0,-8.57,-8.57,mikesport_cheaper,mikesport_lb,False,8.44,mikesport_higher_discount,mikesport_lb,1,False,Adidas Run It Men Running T-Shirt Black,Adidas Run It Men Running T-Shirt Black,https://lb.mikesport.com/products/adidas-run-it-men-running-t-shirt-black-1,https://lb.mikesport.com/products/adidas-run-it-men-running-t-shirt-black-1,1,t-shirt,t-shirt,men,men,Black,Black,in_stock,in_stock,1,0,0,L | M | S | XL,4,USD,USD,32.0,32.0,32.0,32.0,2880000.0,2880000.0,45.0,45.0,45.0,45.0,4050000.0,4050000.0,32.0,32.0,32.0,32.0,2880000.0,2880000.0,28.89,28.89,True,True,1,False,"Run It T-Shirt, Black","Run It T-Shirt, Black",https://www.adidas.com.lb/en/outlet-adidas-run-it-t-shirt-black/A9_IL7235_ONE.html,https://www.adidas.com.lb/en/outlet-adidas-run-it-t-shirt-black/A9_IL7235_ONE.html,1,Tops,Tops,men,men,Black,Black,in_stock,in_stock,1,0,0,S | M | L | XL,4,LBP,LBP,3150000.0,3150000.0,35.0,35.0,3150000.0,3150000.0,3960000.0,3960000.0,44.0,44.0,3960000.0,3960000.0,3150000.0,3150000.0,35.0,35.0,3150000.0,3150000.0,20.45,20.45,True,True,
IL7327,exact_style_code,both_in_stock,both_on_sale,False,,True,women,True,Black,normalized_compare,False,90000.0,False,7.0,7.0,630000.0,25.93,25.93,adidas_cheaper,adidas_lb,False,-10.45,adidas_higher_discount,adidas_lb,1,False,Adidas All Me Essential Women Training Tight Black,Adidas All Me Essential Women Training Tight Black,https://lb.mikesport.com/products/adidas-all-me-essential-women-training-tight-black,https://lb.mikesport.com/products/adidas-all-me-essential-women-training-tight-black,1,tight,tight,women,women,Black,Black,in_stock,in_stock,1,0,0,XS,1,USD,USD,34.0,34.0,34.0,34.0,3060000.0,3060000.0,67.0,67.0,67.0,67.0,6030000.0,6030000.0,34.0,34.0,34.0,34.0,3060000.0,3060000.0,49.25,49.25,True,True,1,False,"All Me Essentials Full-Length Leggings, Black","All Me Essentials Full-Length Leggings, Black",https://www.adidas.com.lb/en/adidas-outlet-all-me-essentials-full-length-leggings-black/A9_IL7327_ONE.html,https://www.adidas.com.lb/en/adidas-outlet-all-me-essentials-full-length-leggings-black/A9_IL7327_ONE.html,1,Joggers & Trousers,Joggers & Trousers,women,women,Black,Black,in_stock,in_stock,1,0,0,XS | S,2,LBP,LBP,2430000.0,2430000.0,27.0,27.0,2430000.0,2430000.0,6030000.0,6030000.0,67.0,67.0,6030000.0,6030000.0,2430000.0,2430000.0,27.0,27.0,2430000.0,2430000.0,59.7,59.7,True,True,
IM5521,exact_style_code,both_in_stock,neither_on_sale,False,,True,unisex,False,,normalized_compare,False,90000.0,True,0.0,0.0,0.0,0.0,0.0,same_price,tie,True,0.0,neither_discounted,tie,1,False,Adidas 4 Athlts Medium Unisex Training Bag Black/White,Adidas 4 Athlts Medium Unisex Training Bag Black/White,https://lb.mikesport.com/products/adidas-4-athlts-medium-unisex-training-bag-black-white,https://lb.mikesport.com/products/adidas-4-athlts-medium-unisex-training-bag-black-white,1,bags_cases_and_luggage,bags_cases_and_luggage,unisex,unisex,Black/White,Black/White,in_stock,in_stock,1,0,0,,0,USD,USD,67.0,67.0,67.0,67.0,6030000.0,6030000.0,67.0,67.0,67.0,67.0,6030000.0,6030000.0,,,,,,,,,False,False,1,False,"Unisex 4ATHLTS Duffel Bag Medium, Black","Unisex 4ATHLTS Duffel Bag Medium, Black",https://www.adidas.com.lb/en/adidas-unisex-4athlts-duffel-bag-medium-black/A7_IM5521_ONE.html,https://www.adidas.com.lb/en/adidas-unisex-4athlts-duffel-bag-medium-black/A7_IM5521_ONE.html,1,Bags & Backpacks,Bags & Backpacks,unisex,unisex,Black,Black,in_stock,in_stock,1,0,0,NS,1,LBP,LBP,6030000.0,6030000.0,67.0,67.0,6030000.0,6030000.0,6030000.0,6030000.0,67.0,67.0,6030000.0,6030000.0,,,,,,,,,False,False,Neither retailer currently shows a discount for this style code.
IM5523,exact_style_code,both_in_stock,neither_on_sale,False,,True,unisex,False,,normalized_compare,False,90000.0,True,0.0,0.0,0.0,0.0,0.0,same_price,tie,True,0.0,neither_discounted,tie,1,False,Adidas 4Athlts S Unisex Training Bag Black/White,Adidas 4Athlts S Unisex Training Bag Black/White,https://lb.mikesport.com/products/adidas-4athlts-s-unisex-training-bag-black-white,https://lb.mikesport.com/products/adidas-4athlts-s-unisex-training-bag-black-white,1,bags_cases_and_luggage,bags_cases_and_luggage,unisex,unisex,Black/White,Black/White,in_stock,in_stock,1,0,0,,0,USD,USD,56.0,56.0,56.0,56.0,5040000.0,5040000.0,56.0,56.0,56.0,56.0,5040000.0,5040000.0,,,,,,,,,False,False,1,False,"Unisex 4Athlts Duffel Bag Small, Multicolour","Unisex 4Athlts Duffel Bag Small, Multicolour",https://www.adidas.com.lb/en/adidas-unisex-4athlts-duffel-bag-small-multicolour/A7_IM5523_ONE.html,https://www.adidas.com.lb/en/adidas-unisex-4athlts-duffel-bag-small-multicolour/A7_IM5523_ONE.html,1,Bags & Backpacks,Bags & Backpacks,unisex,unisex,Multicolour,Multicolour,in_stock,in_stock,1,0,0,NS,1,LBP,LBP,5040000.0,5040000.0,56.0,56.0,5040000.0,5040000.0,5040000.0,5040000.0,56.0,56.0,5040000.0,5040000.0,,,,,,,,,False,False,Neither retailer currently shows a discount for this style code.
IM8586,exact_style_code,both_in_stock,neither_on_sale,False,,True,men,True,Black,normalized_compare,False,90000.0,False,1.0,1.0,90000.0,2.7,2.7,adidas_cheaper,adidas_lb,True,0.0,neither_discounted,tie,1,False,Adidas Essentials Men Running Tank Black,Adidas Essentials Men Running Tank Black,https://lb.mikesport.com/products/adidas-essentials-men-running-tank-black,https://lb.mikesport.com/products/adidas-essentials-men-running-tank-black,1,tank,tank,men,men,Black,Black,in_stock,in_stock,1,0,0,M | S,2,USD,USD,38.0,38.0,38.0,38.0,3420000.0,3420000.0,38.0,38.0,38.0,38.0,3420000.0,3420000.0,,,,,,,,,False,False,1,False,"Adizero Essentials Running Tank Top, Black","Adizero Essentials Running Tank Top, Black",https://www.adidas.com.lb/en/adidas-adizero-essentials-running-tank-top-black/A7_IM8586_ONE.html,https://www.adidas.com.lb/en/adidas-adizero-essentials-running-tank-top-black/A7_IM8586_ONE.html,1,T-Shirts,T-Shirts,men,men,Black,Black,in_stock,in_stock,1,0,0,XS | S | M | L,4,LBP,LBP,3330000.0,3330000.0,37.0,37.0,3330000.0,3330000.0,3330000.0,3330000.0,37.0,37.0,3330000.0,3330000.0,,,,,,,,,False,False,Neither retailer currently shows a discount for this style code.
IN0075,exact_style_code,both_in_stock,both_on_sale,False,,True,men,True,White,normalized_compare,False,90000.0,False,-4.0,-4.0,-360000.0,-11.43,-11.43,mikesport_cheaper,mikesport_lb,False,9.1,mikesport_higher_discount,mikesport_lb,1,False,Adidas Run It Men Running T-Shirt White,Adidas Run It Men Running T-Shirt White,https://lb.mikesport.com/products/adidas-run-it-men-running-t-shirt-white,https://lb.mikesport.com/products/adidas-run-it-men-running-t-shirt-white,1,t-shirt,t-shirt,men,men,White,White,in_stock,in_stock,1,0,0,2XL | L | S,3,USD,USD,31.0,31.0,31.0,31.0,2790000.0,2790000.0,44.0,44.0,44.0,44.0,3960000.0,3960000.0,31.0,31.0,31.0,31.0,2790000.0,2790000.0,29.55,29.55,True,True,1,False,"Run It T-Shirt, White","Run It T-Shirt, White",https://www.adidas.com.lb/en/adidas-outlet-run-it-t-shirt-white/A9_IN0075_ONE.html,https://www.adidas.com.lb/en/adidas-outlet-run-it-t-shirt-white/A9_IN0075_ONE.html,1,Tops,Tops,men,men,White,White,in_stock,in_stock,1,0,0,S | M | L | XL,4,LBP,LBP,3150000.0,3150000.0,35.0,35.0,3150000.0,3150000.0,3960000.0,3960000.0,44.0,44.0,3960000.0,3960000.0,3150000.0,3150000.0,35.0,35.0,3150000.0,3150000.0,20.45,20.45,True,True,
IN0657,exact_style_code,both_in_stock,both_on_sale,False,,True,men,False,,normalized_compare,False,90000.0,False,31.0,31.0,2790000.0,72.09,72.09,adidas_cheaper,adidas_lb,False,-21.32,adidas_higher_discount,adidas_lb,1,False,Adidas Flag Inspired Italy Home Men Football T-Shirt Blue/White/Red/Green,Adidas Flag Inspired Italy Home Men Football T-Shirt Blue/White/Red/Green,https://lb.mikesport.com/products/adidas-flag-inspired-italy-home-men-football-t-shirt-blue-white-red-green,https://lb.mikesport.com/products/adidas-flag-inspired-italy-home-men-football-t-shirt-blue-white-red-green,1,t-shirt,t-shirt,men,men,"e take pride-of-place in the striking design of this Italy away jersey from adidas. And, sitting on the chest, a woven team badge adds a slice of football inspiration. Moisture-managing AEROREADY means you can take this shirt onto the pitch, but its primary purpose is to fill every fan with the pride of a nation. Highlights: Slim fit Ribbed V-neck AEROREADY Mesh panels on underarm, side and lower back Italy woven crest Composition: 100% recycled polyester interlock Color: Blue/White/Red/Green","e take pride-of-place in the striking design of this Italy away jersey from adidas. And, sitting on the chest, a woven team badge adds a slice of football inspiration. Moisture-managing AEROREADY means you can take this shirt onto the pitch, but its primary purpose is to fill every fan with the pride of a nation. Highlights: Slim fit Ribbed V-neck AEROREADY Mesh panels on underarm, side and lower back Italy woven crest Composition: 100% recycled polyester interlock Color: Blue/White/Red/Green",in_stock,in_stock,1,0,0,L | S | XL,3,USD,USD,74.0,74.0,74.0,74.0,6660000.0,6660000.0,144.0,144.0,144.0,144.0,12960000.0,12960000.0,74.0,74.0,74.0,74.0,6660000.0,6660000.0,48.61,48.61,True,True,1,False,"Italy 24 Home Jersey, Blue","Italy 24 Home Jersey, Blue",https://www.adidas.com.lb/en/adidas-outlet-italy-24-home-jersey-blue/A9_IN0657_ONE.html,https://www.adidas.com.lb/en/adidas-outlet-italy-24-home-jersey-blue/A9_IN0657_ONE.html,1,Tops,Tops,men,men,Blue,Blue,in_stock,in_stock,1,0,0,M,1,LBP,LBP,3870000.0,3870000.0,43.0,43.0,3870000.0,3870000.0,12870000.0,12870000.0,143.0,143.0,12870000.0,12870000.0,3870000.0,3870000.0,43.0,43.0,3870000.0,3870000.0,69.93,69.93,True,True,
IN1156,exact_style_code,both_in_stock,neither_on_sale,False,,True,men,True,Black,normalized_compare,False,90000.0,False,1.0,1.0,90000.0,2.27,2.27,adidas_cheaper,adidas_lb,True,0.0,neither_discounted,tie,1,False,Adidas Adizero Essentials Men Running T-Shirt Black,Adidas Adizero Essentials Men Running T-Shirt Black,https://lb.mikesport.com/products/adidas-adizero-essentials-men-running-t-shirt-black,https://lb.mikesport.com/products/adidas-adizero-essentials-men-running-t-shirt-black,1,t-shirt,t-shirt,men,men,Black,Black,in_stock,in_stock,1,0,0,2XL | L | M | S | XL,5,USD,USD,45.0,45.0,45.0,45.0,4050000.0,4050000.0,45.0,45.0,45.0,45.0,4050000.0,4050000.0,,,,,,,,,False,False,1,False,"Adizero Essentials Running T-Shirt, Black","Adizero Essentials Running T-Shirt, Black",https://www.adidas.com.lb/en/adidas-adizero-essentials-running-t-shirt-black/A7_IN1156_ONE.html,https://www.adidas.com.lb/en/adidas-adizero-essentials-running-t-shirt-black/A7_IN1156_ONE.html,1,T-Shirts,T-Shirts,men,men,Black,Black,in_stock,in_stock,1,0,0,S | M | XL,3,LBP,LBP,3960000.0,3960000.0,44.0,44.0,3960000.0,3960000.0,3960000.0,3960000.0,44.0,44.0,3960000.0,3960000.0,,,,,,,,,False,False,Neither retailer currently shows a discount for this style code.
IN1157,exact_style_code,both_in_stock,neither_on_sale,False,,True,men,True,White,normalized_compare,False,90000.0,False,1.0,1.0,90000.0,2.27,2.27,adidas_cheaper,adidas_lb,True,0.0,neither_discounted,tie,1,False,Adidas Adizero Essentials Men Running T-Shirt White,Adidas Adizero Essentials Men Running T-Shirt White,https://lb.mikesport.com/products/adidas-adizero-essentials-men-running-t-shirt-white,https://lb.mikesport.com/products/adidas-adizero-essentials-men-running-t-shirt-white,1,t-shirt,t-shirt,men,men,White,White,in_stock,in_stock,1,0,0,2XL | L | M | S | XL,5,USD,USD,45.0,45.0,45.0,45.0,4050000.0,4050000.0,45.0,45.0,45.0,45.0,4050000.0,4050000.0,,,,,,,,,False,False,1,False,"Adizero Essentials Running T-Shirt, White","Adizero Essentials Running T-Shirt, White",https://www.adidas.com.lb/en/adidas-adizero-essentials-running-t-shirt-white/A7_IN1157_ONE.html,https://www.adidas.com.lb/en/adidas-adizero-essentials-running-t-shirt-white/A7_IN1157_ONE.html,1,T-Shirts,T-Shirts,men,men,White,White,in_stock,in_stock,1,0,0,S | M | L | XL,4,LBP,LBP,3960000.0,3960000.0,44.0,44.0,3960000.0,3960000.0,3960000.0,3960000.0,44.0,44.0,3960000.0,3960000.0,,,,,,,,,False,False,Neither retailer currently shows a discount for this style code.
IN1172,exact_style_code,both_in_stock,neither_on_sale,False,,True,women,False,,normalized_compare,False,90000.0,True,0.0,0.0,0.0,0.0,0.0,same_price,tie,True,0.0,neither_discounted,tie,1,False,Adidas Adizero Essentials Women Running T-Shirt Black,Adidas Adizero Essentials Women Running T-Shirt Black,https://lb.mikesport.com/products/adidas-adizero-essentials-women-running-t-shirt-black,https://lb.mikesport.com/products/adidas-adizero-essentials-women-running-t-shirt-black,1,t-shirt,t-shirt,women,women,Black,Black,in_stock,in_stock,1,0,0,L | M,2,USD,USD,44.0,44.0,44.0,44.0,3960000.0,3960000.0,44.0,44.0,44.0,44.0,3960000.0,3960000.0,,,,,,,,,False,False,1,False,"Adizero Essentials Running T-Shirt, Multicolour","Adizero Essentials Running T-Shirt, Multicolour",https://www.adidas.com.lb/en/adidas-adizero-essentials-running-t-shirt-multicolour/A7_IN1172_ONE.html,https://www.adidas.com.lb/en/adidas-adizero-essentials-running-t-shirt-multicolour/A7_IN1172_ONE.html,1,T-Shirts & Tops,T-Shirts & Tops,women,women,Multicolour,Multicolour,in_stock,in_stock,1,0,0,S | M | L,3,LBP,LBP,3960000.0,3960000.0,44.0,44.0,3960000.0,3960000.0,3960000.0,3960000.0,44.0,44.0,3960000.0,3960000.0,,,,,,,,,False,False,Neither retailer currently shows a discount for this style code.
IN1173,exact_style_code,both_in_stock,neither_on_sale,False,,True,women,True,White,normalized_compare,False,90000.0,False,1.0,1.0,90000.0,2.27,2.27,adidas_cheaper,adidas_lb,True,0.0,neither_discounted,tie,1,False,Adidas Adizero Essentials Women Running T-Shirt White,Adidas Adizero Essentials Women Running T-Shirt White,https://lb.mikesport.com/products/adidas-adizero-essentials-women-running-t-shirt-white,https://lb.mikesport.com/products/adidas-adizero-essentials-women-running-t-shirt-white,1,t-shirt,t-shirt,women,women,White,White,in_stock,in_stock,1,0,0,L | M | XS,3,USD,USD,45.0,45.0,45.0,45.0,4050000.0,4050000.0,45.0,45.0,45.0,45.0,4050000.0,4050000.0,,,,,,,,,False,False,1,False,"Adizero Essentials Running T-Shirt, White","Adizero Essentials Running T-Shirt, White",https://www.adidas.com.lb/en/adidas-adizero-essentials-running-t-shirt-white/A7_IN1173_ONE.html,https://www.adidas.com.lb/en/adidas-adizero-essentials-running-t-shirt-white/A7_IN1173_ONE.html,1,T-Shirts & Tops,T-Shirts & Tops,women,women,White,White,in_stock,in_stock,1,0,0,S | L,2,LBP,LBP,3960000.0,3960000.0,44.0,44.0,3960000.0,3960000.0,3960000.0,3960000.0,44.0,44.0,3960000.0,3960000.0,,,,,,,,,False,False,Neither retailer currently shows a discount for this style code.
IN1483,exact_style_code,both_in_stock,both_on_sale,False,,True,men,True,Black,normalized_compare,False,90000.0,False,-16.0,-16.0,-1440000.0,-15.84,-15.84,mikesport_cheaper,mikesport_lb,False,9.91,mikesport_higher_discount,mikesport_lb,1,False,Adidas Own The Run Men Running Jacket Black,Adidas Own The Run Men Running Jacket Black,https://lb.mikesport.com/products/adidas-own-the-run-men-running-jacket-black-2,https://lb.mikesport.com/products/adidas-own-the-run-men-running-jacket-black-2,1,jacket,jacket,men,men,Black,Black,in_stock,in_stock,1,0,0,M,1,USD,USD,85.0,85.0,85.0,85.0,7650000.0,7650000.0,121.0,121.0,121.0,121.0,10890000.0,10890000.0,85.0,85.0,85.0,85.0,7650000.0,7650000.0,29.75,29.75,True,True,1,False,"Own the Run Jacket, Black","Own the Run Jacket, Black",https://www.adidas.com.lb/en/outlet-adidas-own-the-run-jacket-black/A9_IN1483_ONE.html,https://www.adidas.com.lb/en/outlet-adidas-own-the-run-jacket-black/A9_IN1483_ONE.html,1,Sweatshirts & Hoodies,Sweatshirts & Hoodies,men,men,Black,Black,in_stock,in_stock,1,0,0,S | M | L | XL,4,LBP,LBP,9090000.0,9090000.0,101.0,101.0,9090000.0,9090000.0,11340000.0,11340000.0,126.0,126.0,11340000.0,11340000.0,9090000.0,9090000.0,101.0,101.0,9090000.0,9090000.0,19.84,19.84,True,True,
IN1500,exact_style_code,both_in_stock,neither_on_sale,False,,True,men,True,Black,normalized_compare,False,90000.0,True,0.0,0.0,0.0,0.0,0.0,same_price,tie,True,0.0,neither_discounted,tie,1,False,Adidas Own The Run Men Running T-Shirt Black,Adidas Own The Run Men Running T-Shirt Black,https://lb.mikesport.com/products/adidas-own-the-run-men-running-t-shirt-black-1,https://lb.mikesport.com/products/adidas-own-the-run-men-running-t-shirt-black-1,1,t-shirt,t-shirt,men,men,Black,Black,in_stock,in_stock,1,0,0,2XL | M | S | XL,4,USD,USD,54.0,54.0,54.0,54.0,4860000.0,4860000.0,54.0,54.0,54.0,54.0,4860000.0,4860000.0,,,,,,,,,False,False,1,False,"Own The Run T-Shirt, Black","Own The Run T-Shirt, Black",https://www.adidas.com.lb/en/adidas-own-the-run-t-shirt-black/A7_IN1500_ONE.html,https://www.adidas.com.lb/en/adidas-own-the-run-t-shirt-black/A7_IN1500_ONE.html,1,T-Shirts,T-Shirts,men,men,Black,Black,in_stock,in_stock,1,0,0,S | M | L | XL,4,LBP,LBP,4860000.0,4860000.0,54.0,54.0,4860000.0,4860000.0,4860000.0,4860000.0,54.0,54.0,4860000.0,4860000.0,,,,,,,,,False,False,Neither retailer currently shows a discount for this style code.
IN1659,exact_style_code,both_in_stock,both_on_sale,False,,True,boys,False,,normalized_compare,False,90000.0,False,5.0,5.0,450000.0,33.33,33.33,adidas_cheaper,adidas_lb,False,-12.09,adidas_higher_discount,adidas_lb,1,False,Adidas D4T Kids Boys Sportswear T-Shirt Semi Spark/Silver,Adidas D4T Kids Boys Sportswear T-Shirt Semi Spark/Silver,https://lb.mikesport.com/products/adidas-d4t-kids-boys-sportswear-t-shirt-semi-spark-silver,https://lb.mikesport.com/products/adidas-d4t-kids-boys-sportswear-t-shirt-semi-spark-silver,1,t-shirt,t-shirt,boys,boys,Semi Spark/Silver,Semi Spark/Silver,in_stock,in_stock,1,0,0,9-10 Years,1,USD,USD,20.0,20.0,20.0,20.0,1800000.0,1800000.0,38.0,38.0,38.0,38.0,3420000.0,3420000.0,20.0,20.0,20.0,20.0,1800000.0,1800000.0,47.37,47.37,True,True,1,False,"Kids Training Aeroready T-Shirt, Orange","Kids Training Aeroready T-Shirt, Orange",https://www.adidas.com.lb/en/adidas-outlet-kids-training-aeroready-t-shirt-orange/A9_IN1659_ONE.html,https://www.adidas.com.lb/en/adidas-outlet-kids-training-aeroready-t-shirt-orange/A9_IN1659_ONE.html,1,Boys Clothing,Boys Clothing,boys,boys,Orange,Orange,in_stock,in_stock,1,0,0,7-8 Yrs | 9-10 Yrs,2,LBP,LBP,1350000.0,1350000.0,15.0,15.0,1350000.0,1350000.0,3330000.0,3330000.0,37.0,37.0,3330000.0,3330000.0,1350000.0,1350000.0,15.0,15.0,1350000.0,1350000.0,59.46,59.46,True,True,
IN2961,exact_style_code,both_in_stock,neither_on_sale,False,,True,women,False,,normalized_compare,False,90000.0,True,0.0,0.0,0.0,0.0,0.0,same_price,tie,True,0.0,neither_discounted,tie,1,False,Adidas Own The Run Women Running T-Shirt Black,Adidas Own The Run Women Running T-Shirt Black,https://lb.mikesport.com/products/adidas-own-the-run-women-running-t-shirt-black-1,https://lb.mikesport.com/products/adidas-own-the-run-women-running-t-shirt-black-1,1,t-shirt,t-shirt,women,women,Black,Black,in_stock,in_stock,1,0,0,M | S | XS,3,USD,USD,54.0,54.0,54.0,54.0,4860000.0,4860000.0,54.0,54.0,54.0,54.0,4860000.0,4860000.0,,,,,,,,,False,False,1,False,"Own The Run T-Shirt, Multicolour","Own The Run T-Shirt, Multicolour",https://www.adidas.com.lb/en/adidas-own-the-run-t-shirt-multicolour/A7_IN2961_ONE.html,https://www.adidas.com.lb/en/adidas-own-the-run-t-shirt-multicolour/A7_IN2961_ONE.html,1,T-Shirts & Tops,T-Shirts & Tops,women,women,Multicolour,Multicolour,in_stock,in_stock,1,0,0,XS | S | M | L,4,LBP,LBP,4860000.0,4860000.0,54.0,54.0,4860000.0,4860000.0,4860000.0,4860000.0,54.0,54.0,4860000.0,4860000.0,,,,,,,,,False,False,Neither retailer currently shows a discount for this style code.
IN5590,exact_style_code,both_in_stock,neither_on_sale,False,,True,men,True,Black,normalized_compare,False,90000.0,True,0.0,0.0,0.0,0.0,0.0,same_price,tie,True,0.0,neither_discounted,tie,1,False,Adidas Techfit Compression Men Training Tight Black,Adidas Techfit Compression Men Training Tight Black,https://lb.mikesport.com/products/adidas-techfit-compression-men-training-tight-black,https://lb.mikesport.com/products/adidas-techfit-compression-men-training-tight-black,1,tight,tight,men,men,Black,Black,in_stock,in_stock,1,0,0,S,1,USD,USD,61.0,61.0,61.0,61.0,5490000.0,5490000.0,61.0,61.0,61.0,61.0,5490000.0,5490000.0,,,,,,,,,False,False,1,False,"Techfit Compression Training Long Tights, Black","Techfit Compression Training Long Tights, Black",https://www.adidas.com.lb/en/adidas-techfit-compression-training-long-tights-black/A7_IN5590_ONE.html,https://www.adidas.com.lb/en/adidas-techfit-compression-training-long-tights-black/A7_IN5590_ONE.html,1,Joggers & Trousers,Joggers & Trousers,men,men,Black,Black,in_stock,in_stock,1,0,0,S | M | L | XL,4,LBP,LBP,5490000.0,5490000.0,61.0,61.0,5490000.0,5490000.0,5490000.0,5490000.0,61.0,61.0,5490000.0,5490000.0,,,,,,,,,False,False,Neither retailer currently shows a discount for this style code.
IN5591,exact_style_code,both_in_stock,neither_on_sale,False,,True,men,True,Black,normalized_compare,False,90000.0,False,1.0,1.0,90000.0,2.27,2.27,adidas_cheaper,adidas_lb,True,0.0,neither_discounted,tie,1,False,Adidas Base Men Training Short Black,Adidas Base Men Training Short Black,https://lb.mikesport.com/products/adidas-base-men-training-short-black,https://lb.mikesport.com/products/adidas-base-men-training-short-black,1,short,short,men,men,Black,Black,in_stock,in_stock,1,0,0,L | M | S | XL,4,USD,USD,45.0,45.0,45.0,45.0,4050000.0,4050000.0,45.0,45.0,45.0,45.0,4050000.0,4050000.0,,,,,,,,,False,False,1,False,"TECHFIT Compression Training Short Tights, Black","TECHFIT Compression Training Short Tights, Black",https://www.adidas.com.lb/en/adidas-techfit-compression-training-short-tights-black/A7_IN5591_ONE.html,https://www.adidas.com.lb/en/adidas-techfit-compression-training-short-tights-black/A7_IN5591_ONE.html,1,Joggers & Trousers,Joggers & Trousers,men,men,Black,Black,in_stock,in_stock,1,0,0,S | M | L,3,LBP,LBP,3960000.0,3960000.0,44.0,44.0,3960000.0,3960000.0,3960000.0,3960000.0,44.0,44.0,3960000.0,3960000.0,,,,,,,,,False,False,Neither retailer currently shows a discount for this style code.
IN8707,exact_style_code,both_in_stock,neither_on_sale,False,,False,,True,Black,normalized_compare,False,90000.0,False,1.0,1.0,90000.0,2.27,2.27,adidas_cheaper,adidas_lb,True,0.0,neither_discounted,tie,1,False,Adidas Adizero Women Running Short Black,Adidas Adizero Women Running Short Black,https://lb.mikesport.com/products/adidas-adizero-women-running-short-black,https://lb.mikesport.com/products/adidas-adizero-women-running-short-black,1,short,short,women,women,Black,Black,in_stock,in_stock,1,0,0,L | M | S | XS,4,USD,USD,45.0,45.0,45.0,45.0,4050000.0,4050000.0,45.0,45.0,45.0,45.0,4050000.0,4050000.0,,,,,,,,,False,False,1,False,"Adizero Essentials Running Short, Black","Adizero Essentials Running Short, Black",https://www.adidas.com.lb/en/adidas-adizero-essentials-running-short-black/A7_IN8707_ONE.html,https://www.adidas.com.lb/en/adidas-adizero-essentials-running-short-black/A7_IN8707_ONE.html,1,Shorts,Shorts,men,men,Black,Black,in_stock,in_stock,1,0,0,XS | S | M,3,LBP,LBP,3960000.0,3960000.0,44.0,44.0,3960000.0,3960000.0,3960000.0,3960000.0,44.0,44.0,3960000.0,3960000.0,,,,,,,,,False,False,Neither retailer currently shows a discount for this style code.
IP1583,exact_style_code,both_in_stock,both_on_sale,False,,True,boys,False,,normalized_compare,False,90000.0,False,-7.0,-7.0,-630000.0,-25.93,-25.93,mikesport_cheaper,mikesport_lb,False,18.23,mikesport_higher_discount,mikesport_lb,1,False,Adidas Essential L Boys Swim Short Aqua/Green Spark,Adidas Essential L Boys Swim Short Aqua/Green Spark,https://lb.mikesport.com/products/adidas-essential-l-boys-swim-short-aqua-green-spark,https://lb.mikesport.com/products/adidas-essential-l-boys-swim-short-aqua-green-spark,1,swim_short,swim_short,boys,boys,Aqua/Green Spark,Aqua/Green Spark,in_stock,in_stock,1,0,0,13-14 Years,1,USD,USD,20.0,20.0,20.0,20.0,1800000.0,1800000.0,42.0,42.0,42.0,42.0,3780000.0,3780000.0,20.0,20.0,20.0,20.0,1800000.0,1800000.0,52.38,52.38,True,True,1,False,"Kids Sportswear Essentials Logo Clx Swim Shorts, Turquoise","Kids Sportswear Essentials Logo Clx Swim Shorts, Turquoise",https://www.adidas.com.lb/en/adidas-outlet-kids-sportswear-essentials-logo-clx-swim-shorts-turquoise/A9_IP1583_ONE.html,https://www.adidas.com.lb/en/adidas-outlet-kids-sportswear-essentials-logo-clx-swim-shorts-turquoise/A9_IP1583_ONE.html,1,Boys Clothing,Boys Clothing,boys,boys,Turquoise,Turquoise,in_stock,in_stock,1,0,0,7-8 Yrs | 11-12 Yrs | 9-10 Yrs,3,LBP,LBP,2430000.0,2430000.0,27.0,27.0,2430000.0,2430000.0,3690000.0,3690000.0,41.0,41.0,3690000.0,3690000.0,2430000.0,2430000.0,27.0,27.0,2430000.0,2430000.0,34.15,34.15,True,True,
IP2638,exact_style_code,both_in_stock,both_on_sale,False,,False,,False,,normalized_compare,False,90000.0,False,-1.0,-1.0,-90000.0,-9.09,-9.09,mikesport_cheaper,mikesport_lb,False,4.55,mikesport_higher_discount,mikesport_lb,1,False,Adidas Women Training Sock White/Pink/Spark,Adidas Women Training Sock White/Pink/Spark,https://lb.mikesport.com/products/adidas-women-training-sock-white-pink-spark,https://lb.mikesport.com/products/adidas-women-training-sock-white-pink-spark,1,sock,sock,women,women,White/Pink/Spark,White/Pink/Spark,in_stock,in_stock,1,0,0,XL,1,USD,USD,10.0,10.0,10.0,10.0,900000.0,900000.0,22.0,22.0,22.0,22.0,1980000.0,1980000.0,10.0,10.0,10.0,10.0,900000.0,900000.0,54.55,54.55,True,True,1,False,"Unisex 3-Stripes Cushioned Crew Socks 3 Pairs, Multicolour","Unisex 3-Stripes Cushioned Crew Socks 3 Pairs, Multicolour",https://www.adidas.com.lb/en/adidas-outlet-unisex-3-stripes-cushioned-crew-socks-3-pairs-multicolour/A9_IP2638_ONE.html,https://www.adidas.com.lb/en/adidas-outlet-unisex-3-stripes-cushioned-crew-socks-3-pairs-multicolour/A9_IP2638_ONE.html,1,Accessories,Accessories,unisex,unisex,Multicolour,Multicolour,in_stock,in_stock,1,0,0,L | 46-48,2,LBP,LBP,990000.0,990000.0,11.0,11.0,990000.0,990000.0,1980000.0,1980000.0,22.0,22.0,1980000.0,1980000.0,990000.0,990000.0,11.0,11.0,990000.0,990000.0,50.0,50.0,True,True,
IP3085,exact_style_code,both_in_stock,neither_on_sale,False,,True,women,True,Black,normalized_compare,False,90000.0,True,0.0,0.0,0.0,0.0,0.0,same_price,tie,True,0.0,neither_discounted,tie,1,False,Adidas Adizero Essentials Full Length Women Running Tight Black,Adidas Adizero Essentials Full Length Women Running Tight Black,https://lb.mikesport.com/products/adidas-adizero-essentials-full-length-women-running-tight-black,https://lb.mikesport.com/products/adidas-adizero-essentials-full-length-women-running-tight-black,1,tight,tight,women,women,Black,Black,in_stock,in_stock,1,0,0,L | S | XS,3,USD,USD,80.0,80.0,80.0,80.0,7200000.0,7200000.0,80.0,80.0,80.0,80.0,7200000.0,7200000.0,,,,,,,,,False,False,1,False,"Adizero Essentials Full-Length Leggings, Black","Adizero Essentials Full-Length Leggings, Black",https://www.adidas.com.lb/en/adidas-adizero-essentials-full-length-leggings-black/A7_IP3085_ONE.html,https://www.adidas.com.lb/en/adidas-adizero-essentials-full-length-leggings-black/A7_IP3085_ONE.html,1,Leggings,Leggings,women,women,Black,Black,in_stock,in_stock,1,0,0,XS | S | M | L,4,LBP,LBP,7200000.0,7200000.0,80.0,80.0,7200000.0,7200000.0,7200000.0,7200000.0,80.0,80.0,7200000.0,7200000.0,,,,,,,,,False,False,Neither retailer currently shows a discount for this style code.
IP3996,exact_style_code,both_in_stock,neither_on_sale,False,,False,,False,,normalized_compare,False,90000.0,True,0.0,0.0,0.0,0.0,0.0,same_price,tie,True,0.0,neither_discounted,tie,1,False,Adidas Tiro Match Shin Guards Gs-Boys Football Protection Black/Gold Metallic,Adidas Tiro Match Shin Guards Gs-Boys Football Protection Black/Gold Metallic,https://lb.mikesport.com/products/adidas-tiro-match-shin-guards-gs-boys-football-protection-black-gold-metallic,https://lb.mikesport.com/products/adidas-tiro-match-shin-guards-gs-boys-football-protection-black-gold-metallic,1,protection,protection,boys,boys,Black / Gold Metallic / White,Black / Gold Metallic / White,in_stock,in_stock,1,0,0,M | S,2,USD,USD,26.0,26.0,26.0,26.0,2340000.0,2340000.0,26.0,26.0,26.0,26.0,2340000.0,2340000.0,,,,,,,,,False,False,1,False,"Unisex Tiro Match Shin Guards, Black","Unisex Tiro Match Shin Guards, Black",https://www.adidas.com.lb/en/adidas-unisex-tiro-match-shin-guards-black/A7_IP3996_ONE.html,https://www.adidas.com.lb/en/adidas-unisex-tiro-match-shin-guards-black/A7_IP3996_ONE.html,1,Accessories,Accessories,unisex,unisex,Black,Black,in_stock,in_stock,1,0,0,37-39 | M | L,3,LBP,LBP,2340000.0,2340000.0,26.0,26.0,2340000.0,2340000.0,2340000.0,2340000.0,26.0,26.0,2340000.0,2340000.0,,,,,,,,,False,False,Neither retailer currently shows a discount for this style code.
IP3998,exact_style_code,both_in_stock,neither_on_sale,False,,True,unisex,False,,normalized_compare,False,90000.0,True,0.0,0.0,0.0,0.0,0.0,same_price,tie,True,0.0,neither_discounted,tie,1,False,Adidas Tiro Training Shin Unisex Football Protection Black/Gold/White,Adidas Tiro Training Shin Unisex Football Protection Black/Gold/White,https://lb.mikesport.com/products/adidas-tiro-training-shin-unisex-football-protection-black-gold-white,https://lb.mikesport.com/products/adidas-tiro-training-shin-unisex-football-protection-black-gold-white,1,protection,protection,unisex,unisex,Black/Gold Metallic/White,Black/Gold Metallic/White,in_stock,in_stock,1,0,0,L | M | S,3,USD,USD,26.0,26.0,26.0,26.0,2340000.0,2340000.0,26.0,26.0,26.0,26.0,2340000.0,2340000.0,,,,,,,,,False,False,1,False,"Unisex Tiro Training Shin Guards, Multicolour","Unisex Tiro Training Shin Guards, Multicolour",https://www.adidas.com.lb/en/adidas-unisex-tiro-training-shin-guards-multicolour/A7_IP3998_ONE.html,https://www.adidas.com.lb/en/adidas-unisex-tiro-training-shin-guards-multicolour/A7_IP3998_ONE.html,1,Others,Others,unisex,unisex,Multicolour,Multicolour,in_stock,in_stock,1,0,0,37-39 | M | L,3,LBP,LBP,2340000.0,2340000.0,26.0,26.0,2340000.0,2340000.0,2340000.0,2340000.0,26.0,26.0,2340000.0,2340000.0,,,,,,,,,False,False,Neither retailer currently shows a discount for this style code.
IP9774,exact_style_code,both_in_stock,both_on_sale,False,,True,unisex,False,,normalized_compare,False,90000.0,False,-4.0,-4.0,-360000.0,-8.89,-8.89,mikesport_cheaper,mikesport_lb,False,9.67,mikesport_higher_discount,mikesport_lb,1,False,Adidas Power Unisex Sportswear Backpack Black/White,Adidas Power Unisex Sportswear Backpack Black/White,https://lb.mikesport.com/products/adidas-power-unisex-sportswear-backpack-black-white,https://lb.mikesport.com/products/adidas-power-unisex-sportswear-backpack-black-white,1,bags_cases_and_luggage,bags_cases_and_luggage,unisex,unisex,Black/White,Black/White,in_stock,in_stock,1,0,0,,0,USD,USD,41.0,41.0,41.0,41.0,3690000.0,3690000.0,58.0,58.0,58.0,58.0,5220000.0,5220000.0,41.0,41.0,41.0,41.0,3690000.0,3690000.0,29.31,29.31,True,True,1,False,"Unisex Power Backpack, Black","Unisex Power Backpack, Black",https://www.adidas.com.lb/en/outlet-adidas-unisex-power-backpack-black/A9_IP9774_ONE.html,https://www.adidas.com.lb/en/outlet-adidas-unisex-power-backpack-black/A9_IP9774_ONE.html,1,Accessories,Accessories,unisex,unisex,Black,Black,in_stock,in_stock,1,0,0,NS,1,LBP,LBP,4050000.0,4050000.0,45.0,45.0,4050000.0,4050000.0,5040000.0,5040000.0,56.0,56.0,5040000.0,5040000.0,4050000.0,4050000.0,45.0,45.0,4050000.0,4050000.0,19.64,19.64,True,True,
IQ2655,exact_style_code,both_in_stock,neither_on_sale,False,,True,women,True,Black,normalized_compare,False,90000.0,True,0.0,0.0,0.0,0.0,0.0,same_price,tie,True,0.0,neither_discounted,tie,1,False,Adidas D4T Women Training Short Black,Adidas D4T Women Training Short Black,https://lb.mikesport.com/products/adidas-d4t-women-training-short-black,https://lb.mikesport.com/products/adidas-d4t-women-training-short-black,1,short,short,women,women,Black,Black,in_stock,in_stock,1,0,0,L | M | S | XS,4,USD,USD,67.0,67.0,67.0,67.0,6030000.0,6030000.0,67.0,67.0,67.0,67.0,6030000.0,6030000.0,,,,,,,,,False,False,1,False,"Designed for Training 2-in-1 Shorts, Black","Designed for Training 2-in-1 Shorts, Black",https://www.adidas.com.lb/en/adidas-designed-for-training-2-in-1-shorts-black/A7_IQ2655_ONE.html,https://www.adidas.com.lb/en/adidas-designed-for-training-2-in-1-shorts-black/A7_IQ2655_ONE.html,1,Shorts,Shorts,women,women,Black,Black,in_stock,in_stock,1,0,0,XS | S | M,3,LBP,LBP,6030000.0,6030000.0,67.0,67.0,6030000.0,6030000.0,6030000.0,6030000.0,67.0,67.0,6030000.0,6030000.0,,,,,,,,,False,False,Neither retailer currently shows a discount for this style code.
IR6243,exact_style_code,both_in_stock,both_on_sale,False,,True,unisex,False,,normalized_compare,False,90000.0,False,-6.0,-6.0,-540000.0,-20.69,-20.69,mikesport_cheaper,mikesport_lb,False,14.8,mikesport_higher_discount,mikesport_lb,1,False,Adidas 3 Bar Unisex Training Towel Scarlet/White,Adidas 3 Bar Unisex Training Towel Scarlet/White,https://lb.mikesport.com/products/adidas-3-bar-unisex-training-towel-scarlet-white,https://lb.mikesport.com/products/adidas-3-bar-unisex-training-towel-scarlet-white,1,towel,towel,unisex,unisex,Scarlet/White,Scarlet/White,in_stock,in_stock,1,0,0,,0,USD,USD,23.0,23.0,23.0,23.0,2070000.0,2070000.0,45.0,45.0,45.0,45.0,4050000.0,4050000.0,23.0,23.0,23.0,23.0,2070000.0,2070000.0,48.89,48.89,True,True,1,False,"Unisex Towel Small, Red","Unisex Towel Small, Red",https://www.adidas.com.lb/en/outlet-adidas-unisex-towel-small-red/A9_IR6243_ONE.html,https://www.adidas.com.lb/en/outlet-adidas-unisex-towel-small-red/A9_IR6243_ONE.html,1,Accessories,Accessories,unisex,unisex,Red,Red,in_stock,in_stock,1,0,0,NS,1,LBP,LBP,2610000.0,2610000.0,29.0,29.0,2610000.0,2610000.0,3960000.0,3960000.0,44.0,44.0,3960000.0,3960000.0,2610000.0,2610000.0,29.0,29.0,2610000.0,2610000.0,34.09,34.09,True,True,
IS2649,exact_style_code,both_in_stock,both_on_sale,False,,True,girls,False,,normalized_compare,False,90000.0,False,1.0,1.0,90000.0,5.26,5.26,adidas_cheaper,adidas_lb,False,-1.28,adidas_higher_discount,adidas_lb,1,False,Adidas Essentials Big Logo Girls Sportswear Tight Grey Heather/White,Adidas Essentials Big Logo Girls Sportswear Tight Grey Heather/White,https://lb.mikesport.com/products/adidas-essentials-big-logo-girls-sportswear-tight-grey-heather-white,https://lb.mikesport.com/products/adidas-essentials-big-logo-girls-sportswear-tight-grey-heather-white,1,tight,tight,girls,girls,Grey Heather/White,Grey Heather/White,in_stock,in_stock,1,0,0,13-14 Years,1,USD,USD,20.0,20.0,20.0,20.0,1800000.0,1800000.0,38.0,38.0,38.0,38.0,3420000.0,3420000.0,20.0,20.0,20.0,20.0,1800000.0,1800000.0,47.37,47.37,True,True,1,False,"Kids Essentials Big Logo Cotton Leggings, Grey","Kids Essentials Big Logo Cotton Leggings, Grey",https://www.adidas.com.lb/en/adidas-outlet-kids-essentials-big-logo-cotton-leggings-grey/A9_IS2649_ONE.html,https://www.adidas.com.lb/en/adidas-outlet-kids-essentials-big-logo-cotton-leggings-grey/A9_IS2649_ONE.html,1,Girls Clothing,Girls Clothing,girls,girls,Grey,Grey,in_stock,in_stock,1,0,0,11-12 Yrs | 170,2,LBP,LBP,1710000.0,1710000.0,19.0,19.0,1710000.0,1710000.0,3330000.0,3330000.0,37.0,37.0,3330000.0,3330000.0,1710000.0,1710000.0,19.0,19.0,1710000.0,1710000.0,48.65,48.65,True,True,
IS3808,exact_style_code,both_in_stock,neither_on_sale,False,,True,men,True,White,normalized_compare,False,90000.0,False,-1.0,-1.0,-90000.0,-1.64,-1.64,mikesport_cheaper,mikesport_lb,True,0.0,neither_discounted,tie,1,False,Adidas Designed For Training Workout Men T-Shirt White,Adidas Designed For Training Workout Men T-Shirt White,https://lb.mikesport.com/products/adidas-designed-for-training-workout-men-t-shirt-white,https://lb.mikesport.com/products/adidas-designed-for-training-workout-men-t-shirt-white,1,t-shirt,t-shirt,men,men,White,White,in_stock,in_stock,1,0,0,2XL | L | M,3,USD,USD,60.0,60.0,60.0,60.0,5400000.0,5400000.0,60.0,60.0,60.0,60.0,5400000.0,5400000.0,,,,,,,,,False,False,1,False,"Training Workout T-Shirt, White","Training Workout T-Shirt, White",https://www.adidas.com.lb/en/adidas-training-workout-t-shirt-white/A7_IS3808_ONE.html,https://www.adidas.com.lb/en/adidas-training-workout-t-shirt-white/A7_IS3808_ONE.html,1,T-Shirts,T-Shirts,men,men,White,White,in_stock,in_stock,1,0,0,XS | S | M | L | XL | 2XL,6,LBP,LBP,5490000.0,5490000.0,61.0,61.0,5490000.0,5490000.0,5490000.0,5490000.0,61.0,61.0,5490000.0,5490000.0,,,,,,,,,False,False,Neither retailer currently shows a discount for this style code.
IS3809,exact_style_code,both_in_stock,neither_on_sale,False,,True,men,False,,normalized_compare,False,90000.0,True,0.0,0.0,0.0,0.0,0.0,same_price,tie,True,0.0,neither_discounted,tie,1,False,Adidas Designed For Training Workout Men T-Shirt Dgh Solid Grey,Adidas Designed For Training Workout Men T-Shirt Dgh Solid Grey,https://lb.mikesport.com/products/adidas-designed-for-training-workout-men-t-shirt-dgh-solid-grey,https://lb.mikesport.com/products/adidas-designed-for-training-workout-men-t-shirt-dgh-solid-grey,1,t-shirt,t-shirt,men,men,Dgh Solid Grey,Dgh Solid Grey,in_stock,in_stock,1,0,0,2XL | L | M | S | XL,5,USD,USD,61.0,61.0,61.0,61.0,5490000.0,5490000.0,61.0,61.0,61.0,61.0,5490000.0,5490000.0,,,,,,,,,False,False,1,False,"Training Workout T-Shirt, Grey","Training Workout T-Shirt, Grey",https://www.adidas.com.lb/en/adidas-training-workout-t-shirt-grey/A7_IS3809_ONE.html,https://www.adidas.com.lb/en/adidas-training-workout-t-shirt-grey/A7_IS3809_ONE.html,1,T-Shirts,T-Shirts,men,men,Grey,Grey,in_stock,in_stock,1,0,0,S,1,LBP,LBP,5490000.0,5490000.0,61.0,61.0,5490000.0,5490000.0,5490000.0,5490000.0,61.0,61.0,5490000.0,5490000.0,,,,,,,,,False,False,Neither retailer currently shows a discount for this style code.
IS6148,exact_style_code,both_in_stock,both_on_sale,False,,True,men,True,Black,normalized_compare,False,90000.0,False,-9.0,-9.0,-810000.0,-18.37,-18.37,mikesport_cheaper,mikesport_lb,False,14.76,mikesport_higher_discount,mikesport_lb,1,False,Adidas Camo Men Training Short Black,Adidas Camo Men Training Short Black,https://lb.mikesport.com/products/adidas-camo-men-training-short-black,https://lb.mikesport.com/products/adidas-camo-men-training-short-black,1,short,short,men,men,Black,Black,in_stock,in_stock,1,0,0,S,1,USD,USD,40.0,40.0,40.0,40.0,3600000.0,3600000.0,61.0,61.0,61.0,61.0,5490000.0,5490000.0,40.0,40.0,40.0,40.0,3600000.0,3600000.0,34.43,34.43,True,True,1,False,"Train Essentials Camo Training Shorts, Black","Train Essentials Camo Training Shorts, Black",https://www.adidas.com.lb/en/adidas-outlet-train-essentials-camo-training-shorts-black/A9_IS6148_ONE.html,https://www.adidas.com.lb/en/adidas-outlet-train-essentials-camo-training-shorts-black/A9_IS6148_ONE.html,1,Shorts,Shorts,men,men,Black,Black,in_stock,in_stock,1,0,0,S 7 | M 7 | L 7 | XL7,4,LBP,LBP,4410000.0,4410000.0,49.0,49.0,4410000.0,4410000.0,5490000.0,5490000.0,61.0,61.0,5490000.0,5490000.0,4410000.0,4410000.0,49.0,49.0,4410000.0,4410000.0,19.67,19.67,True,True,
IS6467,exact_style_code,both_in_stock,both_on_sale,False,,False,,False,,normalized_compare,False,90000.0,False,-2.0,-2.0,-180000.0,-9.09,-9.09,mikesport_cheaper,mikesport_lb,False,3.7,mikesport_higher_discount,mikesport_lb,1,False,Adidas Pitch 2 Street Messi Kids Boys Football Short Lucid Blue/White,Adidas Pitch 2 Street Messi Kids Boys Football Short Lucid Blue/White,https://lb.mikesport.com/products/adidas-pitch-2-street-messi-kids-boys-football-short-lucid-blue-white,https://lb.mikesport.com/products/adidas-pitch-2-street-messi-kids-boys-football-short-lucid-blue-white,1,short,short,boys,boys,Lucid Blue/White,Lucid Blue/White,in_stock,in_stock,1,0,0,9-10 Years | 11-12 Years,2,USD,USD,20.0,20.0,20.0,20.0,1800000.0,1800000.0,54.0,54.0,54.0,54.0,4860000.0,4860000.0,20.0,20.0,20.0,20.0,1800000.0,1800000.0,62.96,62.96,True,True,1,False,"Unisex Kids Pitch 2 Street Messi Sportswear Shorts, Blue","Unisex Kids Pitch 2 Street Messi Sportswear Shorts, Blue",https://www.adidas.com.lb/en/adidas-outlet-unisex-kids-pitch-2-street-messi-sportswear-shorts-blue/A9_IS6467_ONE.html,https://www.adidas.com.lb/en/adidas-outlet-unisex-kids-pitch-2-street-messi-sportswear-shorts-blue/A9_IS6467_ONE.html,1,Boys Clothing,Boys Clothing,kids,kids,Blue,Blue,in_stock,in_stock,1,0,0,7-8 Yrs | 11-12 Yrs | 9-10 Yrs,3,LBP,LBP,1980000.0,1980000.0,22.0,22.0,1980000.0,1980000.0,4860000.0,4860000.0,54.0,54.0,4860000.0,4860000.0,1980000.0,1980000.0,22.0,22.0,1980000.0,1980000.0,59.26,59.26,True,True,
IS7041,exact_style_code,both_in_stock,neither_on_sale,False,,True,unisex,False,,normalized_compare,False,90000.0,False,1.0,1.0,90000.0,2.44,2.44,adidas_cheaper,adidas_lb,True,0.0,neither_discounted,tie,1,False,Adidas Clsc Bars 3S Unisex Sportswear Backpack Dark Blue/White,Adidas Clsc Bars 3S Unisex Sportswear Backpack Dark Blue/White,https://lb.mikesport.com/products/adidas-clsc-bars-3s-unisex-sportswear-backpack-dark-blue-white,https://lb.mikesport.com/products/adidas-clsc-bars-3s-unisex-sportswear-backpack-dark-blue-white,1,bags_cases_and_luggage,bags_cases_and_luggage,unisex,unisex,Dark Blue/White,Dark Blue/White,in_stock,in_stock,1,0,0,,0,USD,USD,42.0,42.0,42.0,42.0,3780000.0,3780000.0,42.0,42.0,42.0,42.0,3780000.0,3780000.0,,,,,,,,,False,False,2,True,"Unisex Classic Back-to-School 3-Stripes Backpack, Blue","Unisex Classic Back-to-School 3-Stripes Backpack, Blue",https://www.adidas.com.lb/en/adidas-unisex-classic-back-to-school-3-stripes-backpack-blue/A7_IS7041_ONE.html,https://www.adidas.com.lb/en/adidas-unisex-classic-back-to-school-3-stripes-backpack-blue/A7_IS7041_ONE.html | https://www.adidas.com.lb/en/outlet-adidas-unisex-classic-back-to-school-3-stripes-backpack-blue/A9_IS7041_ONE.html,2,Bags & Backpacks,Bags & Backpacks | Accessories,unisex,unisex,Blue,Blue,in_stock,in_stock,2,0,0,NS,1,LBP,LBP,3690000.0,3690000.0,41.0,41.0,3690000.0,3690000.0,3690000.0,3690000.0,41.0,41.0,3690000.0,3690000.0,,,,,,,,,False,False,Neither retailer currently shows a discount for this style code.
IS7042,exact_style_code,both_in_stock,neither_on_sale,False,,False,,False,,normalized_compare,False,90000.0,False,1.0,1.0,90000.0,2.44,2.44,adidas_cheaper,adidas_lb,True,0.0,neither_discounted,tie,1,False,Adidas Classic 3 Bar Logo Men Training Bag Olive Strata/Black,Adidas Classic 3 Bar Logo Men Training Bag Olive Strata/Black,https://lb.mikesport.com/products/adidas-classic-3-bar-logo-men-training-bag-olive-strata-black,https://lb.mikesport.com/products/adidas-classic-3-bar-logo-men-training-bag-olive-strata-black,1,bags_cases_and_luggage,bags_cases_and_luggage,men,men,Olive Strata/Black,Olive Strata/Black,in_stock,in_stock,1,0,0,,0,USD,USD,42.0,42.0,42.0,42.0,3780000.0,3780000.0,42.0,42.0,42.0,42.0,3780000.0,3780000.0,,,,,,,,,False,False,2,True,"Unisex Classic Back-to-School 3-Stripes Backpack, Green","Unisex Classic Back-to-School 3-Stripes Backpack, Green",https://www.adidas.com.lb/en/adidas-unisex-classic-back-to-school-3-stripes-backpack-green/A7_IS7042_ONE.html,https://www.adidas.com.lb/en/adidas-unisex-classic-back-to-school-3-stripes-backpack-green/A7_IS7042_ONE.html | https://www.adidas.com.lb/en/outlet-adidas-unisex-classic-back-to-school-3-stripes-backpack-green/A9_IS7042_ONE.html,2,Bags & Backpacks,Bags & Backpacks | Accessories,unisex,unisex,Green,Green,in_stock,in_stock,2,0,0,NS,1,LBP,LBP,3690000.0,3690000.0,41.0,41.0,3690000.0,3690000.0,3690000.0,3690000.0,41.0,41.0,3690000.0,3690000.0,,,,,,,,,False,False,Neither retailer currently shows a discount for this style code.
IS7049,exact_style_code,both_in_stock,neither_on_sale,False,,True,unisex,False,,normalized_compare,False,90000.0,False,1.0,1.0,90000.0,2.7,2.7,adidas_cheaper,adidas_lb,True,0.0,neither_discounted,tie,1,False,Adidas Classic 3 Bar Logo Training Backpack Men Dark Blue/White,Adidas Classic 3 Bar Logo Training Backpack Men Dark Blue/White,https://lb.mikesport.com/products/is7049-clsc-bars-bp-dkblue-white,https://lb.mikesport.com/products/is7049-clsc-bars-bp-dkblue-white,1,bags_cases_and_luggage,bags_cases_and_luggage,unisex,unisex,Dark Blue/White,Dark Blue/White,in_stock,in_stock,1,0,0,,0,USD,USD,38.0,38.0,38.0,38.0,3420000.0,3420000.0,38.0,38.0,38.0,38.0,3420000.0,3420000.0,,,,,,,,,False,False,1,False,"Unisex Classic 3 Bar Logo Backpack, Blue","Unisex Classic 3 Bar Logo Backpack, Blue",https://www.adidas.com.lb/en/adidas-unisex-classic-3-bar-logo-backpack-blue/A7_IS7049_ONE.html,https://www.adidas.com.lb/en/adidas-unisex-classic-3-bar-logo-backpack-blue/A7_IS7049_ONE.html,1,Bags & Backpacks,Bags & Backpacks,unisex,unisex,Blue,Blue,in_stock,in_stock,1,0,0,NS,1,LBP,LBP,3330000.0,3330000.0,37.0,37.0,3330000.0,3330000.0,3330000.0,3330000.0,37.0,37.0,3330000.0,3330000.0,,,,,,,,,False,False,Neither retailer currently shows a discount for this style code.
IS8002,exact_style_code,both_in_stock,both_on_sale,False,,True,men,False,,normalized_compare,False,90000.0,False,16.0,16.0,1440000.0,26.23,26.23,adidas_cheaper,adidas_lb,False,-10.2,adidas_higher_discount,adidas_lb,1,False,Adidas Juventus Home Men Football T-Shirt White/Black,Adidas Juventus Home Men Football T-Shirt White/Black,https://lb.mikesport.com/products/adidas-juventus-home-men-football-t-shirt-white-black,https://lb.mikesport.com/products/adidas-juventus-home-men-football-t-shirt-white-black,1,t-shirt,t-shirt,men,men,White/Black,White/Black,in_stock,in_stock,1,0,0,M,1,USD,USD,77.0,77.0,77.0,77.0,6930000.0,6930000.0,153.0,153.0,153.0,153.0,13770000.0,13770000.0,77.0,77.0,77.0,77.0,6930000.0,6930000.0,49.67,49.67,True,True,1,False,"Juventus 24/25 Home Jersey, White","Juventus 24/25 Home Jersey, White",https://www.adidas.com.lb/en/adidas-outlet-juventus-24-25-home-jersey-white/A9_IS8002_ONE.html,https://www.adidas.com.lb/en/adidas-outlet-juventus-24-25-home-jersey-white/A9_IS8002_ONE.html,1,Tops,Tops,men,men,White,White,in_stock,in_stock,1,0,0,S | M | L | 2XL,4,LBP,LBP,5490000.0,5490000.0,61.0,61.0,5490000.0,5490000.0,13680000.0,13680000.0,152.0,152.0,13680000.0,13680000.0,5490000.0,5490000.0,61.0,61.0,5490000.0,5490000.0,59.87,59.87,True,True,
IT5057,exact_style_code,both_in_stock,both_on_sale,False,,False,,False,,normalized_compare,False,90000.0,False,4.0,4.0,360000.0,26.67,26.67,adidas_cheaper,adidas_lb,False,-9.46,adidas_higher_discount,adidas_lb,1,False,Adidas Team Kids-Boys Sportswear T-Shirt Royal Blue/White,Adidas Team Kids-Boys Sportswear T-Shirt Royal Blue/White,https://lb.mikesport.com/products/adidas-team-kids-boys-sportswear-t-shirt-royal-blue-white,https://lb.mikesport.com/products/adidas-team-kids-boys-sportswear-t-shirt-royal-blue-white,1,t-shirt,t-shirt,boys,boys,Royal Blue/White,Royal Blue/White,in_stock,in_stock,1,0,0,7-8 Years | 9-10 Years | 11-12 Years,3,USD,USD,19.0,19.0,19.0,19.0,1710000.0,1710000.0,38.0,38.0,38.0,38.0,3420000.0,3420000.0,19.0,19.0,19.0,19.0,1710000.0,1710000.0,50.0,50.0,True,True,1,False,"Unisex Kids Team T-shirt, Blue","Unisex Kids Team T-shirt, Blue",https://www.adidas.com.lb/en/adidas-outlet-unisex-kids-team-t-shirt-blue/A9_IT5057_ONE.html,https://www.adidas.com.lb/en/adidas-outlet-unisex-kids-team-t-shirt-blue/A9_IT5057_ONE.html,1,Boys Clothing,Boys Clothing,kids,kids,Blue,Blue,in_stock,in_stock,1,0,0,7-8 Yrs | 9-10 Yrs,2,LBP,LBP,1350000.0,1350000.0,15.0,15.0,1350000.0,1350000.0,3330000.0,3330000.0,37.0,37.0,3330000.0,3330000.0,1350000.0,1350000.0,15.0,15.0,1350000.0,1350000.0,59.46,59.46,True,True,
IT5177,exact_style_code,both_in_stock,both_on_sale,False,,True,boys,False,,normalized_compare,False,90000.0,False,12.0,12.0,1080000.0,27.27,27.27,adidas_cheaper,adidas_lb,False,-10.36,adidas_higher_discount,adidas_lb,1,False,Adidas Real Madrid Away 24 Kids Boys Football T-Shirt Crew Orange,Adidas Real Madrid Away 24 Kids Boys Football T-Shirt Crew Orange,https://lb.mikesport.com/products/adidas-real-madrid-away-24-kids-boys-football-t-shirt-crew-orange,https://lb.mikesport.com/products/adidas-real-madrid-away-24-kids-boys-football-t-shirt-crew-orange,1,t-shirt,t-shirt,boys,boys,Crew Orange,Crew Orange,in_stock,in_stock,1,0,0,7-8 Years | 13-14 Years,2,USD,USD,56.0,56.0,56.0,56.0,5040000.0,5040000.0,112.0,112.0,112.0,112.0,10080000.0,10080000.0,56.0,56.0,56.0,56.0,5040000.0,5040000.0,50.0,50.0,True,True,1,False,"Kids Real Madrid 24/25 Away Jersey, Orange","Kids Real Madrid 24/25 Away Jersey, Orange",https://www.adidas.com.lb/en/adidas-outlet-kids-real-madrid-24-25-away-jersey-orange/A9_IT5177_ONE.html,https://www.adidas.com.lb/en/adidas-outlet-kids-real-madrid-24-25-away-jersey-orange/A9_IT5177_ONE.html,1,Boys Clothing,Boys Clothing,boys,boys,Orange,Orange,in_stock,in_stock,1,0,0,7-8 Yrs | 11-12 Yrs | 9-10 Yrs | 176,4,LBP,LBP,3960000.0,3960000.0,44.0,44.0,3960000.0,3960000.0,9990000.0,9990000.0,111.0,111.0,9990000.0,9990000.0,3960000.0,3960000.0,44.0,44.0,3960000.0,3960000.0,60.36,60.36,True,True,
IT5457,exact_style_code,both_in_stock,both_on_sale,False,,True,men,False,,normalized_compare,False,90000.0,False,-8.0,-8.0,-720000.0,-12.5,-12.5,mikesport_cheaper,mikesport_lb,False,10.0,mikesport_higher_discount,mikesport_lb,1,False,Adidas Men Training Pant Black/White,Adidas Men Training Pant Black/White,https://lb.mikesport.com/products/adidas-men-training-pant-black-white,https://lb.mikesport.com/products/adidas-men-training-pant-black-white,1,pant,pant,men,men,Black/White,Black/White,in_stock,in_stock,1,0,0,2XL | L | M | S | XL,5,USD,USD,56.0,56.0,56.0,56.0,5040000.0,5040000.0,80.0,80.0,80.0,80.0,7200000.0,7200000.0,56.0,56.0,56.0,56.0,5040000.0,5040000.0,30.0,30.0,True,True,1,False,"Train Essentials Training Joggers, Black","Train Essentials Training Joggers, Black",https://www.adidas.com.lb/en/outlet-adidas-train-essentials-training-joggers-black/A9_IT5457_ONE.html,https://www.adidas.com.lb/en/outlet-adidas-train-essentials-training-joggers-black/A9_IT5457_ONE.html,1,Joggers & Trousers,Joggers & Trousers,men,men,Black,Black,in_stock,in_stock,1,0,0,XS | S | M | L,4,LBP,LBP,5760000.0,5760000.0,64.0,64.0,5760000.0,5760000.0,7200000.0,7200000.0,80.0,80.0,7200000.0,7200000.0,5760000.0,5760000.0,64.0,64.0,5760000.0,5760000.0,20.0,20.0,True,True,
IT6382,exact_style_code,both_in_stock,neither_on_sale,False,,False,,False,,normalized_compare,False,90000.0,False,-1.0,-1.0,-90000.0,-3.85,-3.85,mikesport_cheaper,mikesport_lb,True,0.0,neither_discounted,tie,1,False,Adidas Starlancer Club Unisex Football Lucid Lemon/Black,Adidas Starlancer Club Unisex Football Lucid Lemon/Black,https://lb.mikesport.com/products/adidas-starlancer-club-unisex-football-ball-lucid-lemon-black,https://lb.mikesport.com/products/adidas-starlancer-club-unisex-football-ball-lucid-lemon-black,1,ball,ball,unisex,unisex,Lucid Lemon/Black,Lucid Lemon/Black,in_stock,in_stock,1,0,0,5,1,USD,USD,25.0,25.0,25.0,25.0,2250000.0,2250000.0,25.0,25.0,25.0,25.0,2250000.0,2250000.0,,,,,,,,,False,False,1,False,"Starlancer Club Football, Green","Starlancer Club Football, Green",https://www.adidas.com.lb/en/adidas-starlancer-club-football-green/A7_IT6382_ONE.html,https://www.adidas.com.lb/en/adidas-starlancer-club-football-green/A7_IT6382_ONE.html,1,Sports Balls,Sports Balls,men,men,Green,Green,in_stock,in_stock,1,0,0,5,1,LBP,LBP,2340000.0,2340000.0,26.0,26.0,2340000.0,2340000.0,2340000.0,2340000.0,26.0,26.0,2340000.0,2340000.0,,,,,,,,,False,False,Neither retailer currently shows a discount for this style code.
IT7585,exact_style_code,both_in_stock,neither_on_sale,False,,True,men,False,,normalized_compare,False,90000.0,True,0.0,0.0,0.0,0.0,0.0,same_price,tie,True,0.0,neither_discounted,tie,1,False,Adidas Adizero Essentials Men Running Jacket Black/White,Adidas Adizero Essentials Men Running Jacket Black/White,https://lb.mikesport.com/products/adidas-adizero-essentials-men-running-jacket-black-white,https://lb.mikesport.com/products/adidas-adizero-essentials-men-running-jacket-black-white,1,jacket,jacket,men,men,Black/White,Black/White,in_stock,in_stock,1,0,0,L | M | S | XL,4,USD,USD,105.0,105.0,105.0,105.0,9450000.0,9450000.0,105.0,105.0,105.0,105.0,9450000.0,9450000.0,,,,,,,,,False,False,1,False,"Adizero Essentials Running Jacket, Black","Adizero Essentials Running Jacket, Black",https://www.adidas.com.lb/en/adidas-adizero-essentials-running-jacket-black/A7_IT7585_ONE.html,https://www.adidas.com.lb/en/adidas-adizero-essentials-running-jacket-black/A7_IT7585_ONE.html,1,Jackets & Tracktops,Jackets & Tracktops,men,men,Black,Black,in_stock,in_stock,1,0,0,M,1,LBP,LBP,9450000.0,9450000.0,105.0,105.0,9450000.0,9450000.0,9450000.0,9450000.0,105.0,105.0,9450000.0,9450000.0,,,,,,,,,False,False,Neither retailer currently shows a discount for this style code.
IT7603,exact_style_code,both_in_stock,neither_on_sale,False,,True,unisex,False,,normalized_compare,False,90000.0,True,0.0,0.0,0.0,0.0,0.0,same_price,tie,True,0.0,neither_discounted,tie,1,False,Adidas Adicolor Festival Unisex Original Bag Black/White,Adidas Adicolor Festival Unisex Original Bag Black/White,https://lb.mikesport.com/products/adidas-adicolor-festival-unisex-original-bag-black-white,https://lb.mikesport.com/products/adidas-adicolor-festival-unisex-original-bag-black-white,1,bag,bag,unisex,unisex,Black/White,Black/White,in_stock,in_stock,1,0,0,,0,USD,USD,32.0,32.0,32.0,32.0,2880000.0,2880000.0,32.0,32.0,32.0,32.0,2880000.0,2880000.0,,,,,,,,,False,False,1,False,"Unisex Adicolor Festival Bag, Multicolour","Unisex Adicolor Festival Bag, Multicolour",https://www.adidas.com.lb/en/adidas-unisex-adicolor-festival-bag-multicolour/A7_IT7603_ONE.html,https://www.adidas.com.lb/en/adidas-unisex-adicolor-festival-bag-multicolour/A7_IT7603_ONE.html,1,Bags & Backpacks,Bags & Backpacks,unisex,unisex,Multicolour,Multicolour,in_stock,in_stock,1,0,0,NS,1,LBP,LBP,2880000.0,2880000.0,32.0,32.0,2880000.0,2880000.0,2880000.0,2880000.0,32.0,32.0,2880000.0,2880000.0,,,,,,,,,False,False,Neither retailer currently shows a discount for this style code.
IT9373,exact_style_code,both_in_stock,both_on_sale,False,,True,women,False,,normalized_compare,False,90000.0,False,7.0,7.0,630000.0,35.0,35.0,adidas_cheaper,adidas_lb,False,-10.45,adidas_higher_discount,adidas_lb,1,False,Adidas Women Training Tight Preloved Green,Adidas Women Training Tight Preloved Green,https://lb.mikesport.com/products/adidas-women-training-tight-preloved-green,https://lb.mikesport.com/products/adidas-women-training-tight-preloved-green,1,tight,tight,women,women,Preloved Green,Preloved Green,in_stock,in_stock,1,0,0,L | M,2,USD,USD,27.0,27.0,27.0,27.0,2430000.0,2430000.0,67.0,67.0,67.0,67.0,6030000.0,6030000.0,27.0,27.0,27.0,27.0,2430000.0,2430000.0,59.7,59.7,True,True,1,False,"Training Essentials High-Waisted 7/8 Leggings, Green","Training Essentials High-Waisted 7/8 Leggings, Green",https://www.adidas.com.lb/en/adidas-outlet-training-essentials-high-waisted-7-8-leggings-green/A9_IT9373_ONE.html,https://www.adidas.com.lb/en/adidas-outlet-training-essentials-high-waisted-7-8-leggings-green/A9_IT9373_ONE.html,1,Joggers & Trousers,Joggers & Trousers,women,women,Green,Green,in_stock,in_stock,1,0,0,M | XL,2,LBP,LBP,1800000.0,1800000.0,20.0,20.0,1800000.0,1800000.0,6030000.0,6030000.0,67.0,67.0,6030000.0,6030000.0,1800000.0,1800000.0,20.0,20.0,1800000.0,1800000.0,70.15,70.15,True,True,
IU1290,exact_style_code,both_in_stock,neither_on_sale,False,,True,unisex,False,,normalized_compare,False,90000.0,False,1.0,1.0,90000.0,2.27,2.27,adidas_cheaper,adidas_lb,True,0.0,neither_discounted,tie,1,False,Adidas Small Unisex Swim Towel Black/White,Adidas Small Unisex Swim Towel Black/White,https://lb.mikesport.com/products/adidas-small-unisex-swim-towel-black-white,https://lb.mikesport.com/products/adidas-small-unisex-swim-towel-black-white,1,towel,towel,unisex,unisex,Black/White,Black/White,in_stock,in_stock,1,0,0,,0,USD,USD,45.0,45.0,45.0,45.0,4050000.0,4050000.0,45.0,45.0,45.0,45.0,4050000.0,4050000.0,,,,,,,,,False,False,1,False,"Unisex Towel Small, Multicolour","Unisex Towel Small, Multicolour",https://www.adidas.com.lb/en/adidas-unisex-towel-small-multicolour/A7_IU1290_ONE.html,https://www.adidas.com.lb/en/adidas-unisex-towel-small-multicolour/A7_IU1290_ONE.html,1,Others,Others,unisex,unisex,Multicolour,Multicolour,in_stock,in_stock,1,0,0,NS,1,LBP,LBP,3960000.0,3960000.0,44.0,44.0,3960000.0,3960000.0,3960000.0,3960000.0,44.0,44.0,3960000.0,3960000.0,,,,,,,,,False,False,Neither retailer currently shows a discount for this style code.
IU2520,exact_style_code,both_in_stock,neither_on_sale,False,,True,women,True,Black,normalized_compare,False,90000.0,False,2.0,2.0,180000.0,1.59,1.59,adidas_cheaper,adidas_lb,True,0.0,neither_discounted,tie,1,False,Adidas Adicolor Satin Wide Leg Women Original Pant Black,Adidas Adicolor Satin Wide Leg Women Original Pant Black,https://lb.mikesport.com/products/adidas-adicolor-satin-wide-leg-women-original-pant-black,https://lb.mikesport.com/products/adidas-adicolor-satin-wide-leg-women-original-pant-black,1,pant,pant,women,women,Black,Black,in_stock,in_stock,1,0,0,28 | 30 | 32,3,USD,USD,128.0,128.0,128.0,128.0,11520000.0,11520000.0,128.0,128.0,128.0,128.0,11520000.0,11520000.0,,,,,,,,,False,False,1,False,"Satin Wide Leg Track Joggers, Black","Satin Wide Leg Track Joggers, Black",https://www.adidas.com.lb/en/adidas-satin-wide-leg-track-joggers-black/A7_IU2520_ONE.html,https://www.adidas.com.lb/en/adidas-satin-wide-leg-track-joggers-black/A7_IU2520_ONE.html,1,Joggers & Trousers,Joggers & Trousers,women,women,Black,Black,in_stock,in_stock,1,0,0,S | M | 32 | 40 | 34 | 42,6,LBP,LBP,11340000.0,11340000.0,126.0,126.0,11340000.0,11340000.0,11340000.0,11340000.0,126.0,126.0,11340000.0,11340000.0,,,,,,,,,False,False,Neither retailer currently shows a discount for this style code.
IU5011,exact_style_code,both_in_stock,both_on_sale,False,,True,men,False,,normalized_compare,False,90000.0,False,16.0,16.0,1440000.0,26.23,26.23,adidas_cheaper,adidas_lb,False,-10.2,adidas_higher_discount,adidas_lb,1,False,Adidas Real Madrid Home Men Football T-Shirt White/Black,Adidas Real Madrid Home Men Football T-Shirt White/Black,https://lb.mikesport.com/products/adidas-real-madrid-home-men-football-t-shirt-white-black,https://lb.mikesport.com/products/adidas-real-madrid-home-men-football-t-shirt-white-black,1,t-shirt,t-shirt,men,men,White/Black,White/Black,in_stock,in_stock,1,0,0,L | XL,2,USD,USD,77.0,77.0,77.0,77.0,6930000.0,6930000.0,153.0,153.0,153.0,153.0,13770000.0,13770000.0,77.0,77.0,77.0,77.0,6930000.0,6930000.0,49.67,49.67,True,True,1,False,"Real Madrid 24/25 Home Jersey, White","Real Madrid 24/25 Home Jersey, White",https://www.adidas.com.lb/en/adidas-outlet-real-madrid-24-25-home-jersey-white/A9_IU5011_ONE.html,https://www.adidas.com.lb/en/adidas-outlet-real-madrid-24-25-home-jersey-white/A9_IU5011_ONE.html,1,Tops,Tops,men,men,White,White,in_stock,in_stock,1,0,0,XS | S | M | L | XL | 2XL,6,LBP,LBP,5490000.0,5490000.0,61.0,61.0,5490000.0,5490000.0,13680000.0,13680000.0,152.0,152.0,13680000.0,13680000.0,5490000.0,5490000.0,61.0,61.0,5490000.0,5490000.0,59.87,59.87,True,True,
IV5216,exact_style_code,both_in_stock,neither_on_sale,False,,True,men,True,Black,normalized_compare,False,90000.0,False,1.0,1.0,90000.0,1.14,1.14,adidas_cheaper,adidas_lb,True,0.0,neither_discounted,tie,1,False,Adidas All Szn French Terry Men Sportswear Pant Black,Adidas All Szn French Terry Men Sportswear Pant Black,https://lb.mikesport.com/products/adidas-all-szn-french-terry-men-sportswear-pant-black-1,https://lb.mikesport.com/products/adidas-all-szn-french-terry-men-sportswear-pant-black-1,1,pant,pant,men,men,Black,Black,in_stock,in_stock,1,0,0,2XL,1,USD,USD,89.0,89.0,89.0,89.0,8010000.0,8010000.0,89.0,89.0,89.0,89.0,8010000.0,8010000.0,,,,,,,,,False,False,1,False,"ALL SZN French Terry Regular Tapered Joggers, Black","ALL SZN French Terry Regular Tapered Joggers, Black",https://www.adidas.com.lb/en/adidas-all-szn-french-terry-regular-tapered-joggers-black/A7_IV5216_ONE.html,https://www.adidas.com.lb/en/adidas-all-szn-french-terry-regular-tapered-joggers-black/A7_IV5216_ONE.html,1,Joggers & Trousers,Joggers & Trousers,men,men,Black,Black,in_stock,in_stock,1,0,0,S | M | L | XL | 2XL,5,LBP,LBP,7920000.0,7920000.0,88.0,88.0,7920000.0,7920000.0,7920000.0,7920000.0,88.0,88.0,7920000.0,7920000.0,,,,,,,,,False,False,Neither retailer currently shows a discount for this style code.
IV5217,exact_style_code,both_in_stock,neither_on_sale,False,,True,men,False,,normalized_compare,False,90000.0,False,1.0,1.0,90000.0,2.27,2.27,adidas_cheaper,adidas_lb,True,0.0,neither_discounted,tie,1,False,Adidas All Szn Men Sportswear T-Shirt Off White,Adidas All Szn Men Sportswear T-Shirt Off White,https://lb.mikesport.com/products/adidas-all-szn-men-sportswear-t-shirt-off-white,https://lb.mikesport.com/products/adidas-all-szn-men-sportswear-t-shirt-off-white,1,t-shirt,t-shirt,men,men,Off White,Off White,in_stock,in_stock,1,0,0,M | S | XL,3,USD,USD,45.0,45.0,45.0,45.0,4050000.0,4050000.0,45.0,45.0,45.0,45.0,4050000.0,4050000.0,,,,,,,,,False,False,1,False,"ALL SZN T-Shirt, White","ALL SZN T-Shirt, White",https://www.adidas.com.lb/en/adidas-all-szn-t-shirt-white/A7_IV5217_ONE.html,https://www.adidas.com.lb/en/adidas-all-szn-t-shirt-white/A7_IV5217_ONE.html,1,T-Shirts,T-Shirts,men,men,White,White,in_stock,in_stock,1,0,0,S | M | L | XL | 2XL,5,LBP,LBP,3960000.0,3960000.0,44.0,44.0,3960000.0,3960000.0,3960000.0,3960000.0,44.0,44.0,3960000.0,3960000.0,,,,,,,,,False,False,Neither retailer currently shows a discount for this style code.
IV7047,exact_style_code,both_in_stock,both_on_sale,False,,True,girls,False,,normalized_compare,False,90000.0,False,8.0,8.0,720000.0,25.0,25.0,adidas_cheaper,adidas_lb,False,-10.0,adidas_higher_discount,adidas_lb,1,False,Adidas Jam Kids-Girls Sportswear Pant Pink Spark/White,Adidas Jam Kids-Girls Sportswear Pant Pink Spark/White,https://lb.mikesport.com/products/adidas-jam-kids-girls-sportswear-pant-pink-spark-white,https://lb.mikesport.com/products/adidas-jam-kids-girls-sportswear-pant-pink-spark-white,1,pant,pant,girls,girls,Pink Spark/White,Pink Spark/White,in_stock,in_stock,1,0,0,7-8 Years | 9-10 Years | 11-12 Years | 13-14 Years,4,USD,USD,40.0,40.0,40.0,40.0,3600000.0,3600000.0,80.0,80.0,80.0,80.0,7200000.0,7200000.0,40.0,40.0,40.0,40.0,3600000.0,3600000.0,50.0,50.0,True,True,1,False,"Kids Street Jam Woven Cuffed Cargo Tracksuit Bottoms, Pink","Kids Street Jam Woven Cuffed Cargo Tracksuit Bottoms, Pink",https://www.adidas.com.lb/en/adidas-outlet-kids-street-jam-woven-cuffed-cargo-tracksuit-bottoms-pink/A9_IV7047_ONE.html,https://www.adidas.com.lb/en/adidas-outlet-kids-street-jam-woven-cuffed-cargo-tracksuit-bottoms-pink/A9_IV7047_ONE.html,1,Girls Clothing,Girls Clothing,girls,girls,Pink,Pink,in_stock,in_stock,1,0,0,11-12 Yrs,1,LBP,LBP,2880000.0,2880000.0,32.0,32.0,2880000.0,2880000.0,7200000.0,7200000.0,80.0,80.0,7200000.0,7200000.0,2880000.0,2880000.0,32.0,32.0,2880000.0,2880000.0,60.0,60.0,True,True,
IV7448,exact_style_code,both_in_stock,both_on_sale,False,,False,,False,,normalized_compare,False,90000.0,False,8.0,8.0,720000.0,29.63,29.63,adidas_cheaper,adidas_lb,False,-14.81,adidas_higher_discount,adidas_lb,1,False,Adidas Essentials Logo Little Boys Sportswear Set Bright Red/Black,Adidas Essentials Logo Little Boys Sportswear Set Bright Red/Black,https://lb.mikesport.com/products/adidas-essentials-logo-little-boys-sportswear-set-bright-red-black,https://lb.mikesport.com/products/adidas-essentials-logo-little-boys-sportswear-set-bright-red-black,1,set,set,boys,boys,Bright Red/Black,Bright Red/Black,in_stock,in_stock,1,0,0,4-5 Years,1,USD,USD,35.0,35.0,35.0,35.0,3150000.0,3150000.0,54.0,54.0,54.0,54.0,4860000.0,4860000.0,35.0,35.0,35.0,35.0,3150000.0,3150000.0,35.19,35.19,True,True,1,False,"Unisex Kids Essentials Logo Tee and Short Set, Orange","Unisex Kids Essentials Logo Tee and Short Set, Orange",https://www.adidas.com.lb/en/adidas-outlet-unisex-kids-essentials-logo-tee-and-short-set-orange/A9_IV7448_ONE.html,https://www.adidas.com.lb/en/adidas-outlet-unisex-kids-essentials-logo-tee-and-short-set-orange/A9_IV7448_ONE.html,1,Boys Clothing,Boys Clothing,kids,kids,Orange,Orange,in_stock,in_stock,1,0,0,3-4 Yrs,1,LBP,LBP,2430000.0,2430000.0,27.0,27.0,2430000.0,2430000.0,4860000.0,4860000.0,54.0,54.0,4860000.0,4860000.0,2430000.0,2430000.0,27.0,27.0,2430000.0,2430000.0,50.0,50.0,True,True,
IV9455,exact_style_code,both_in_stock,both_on_sale,False,,False,,False,,normalized_compare,False,90000.0,False,2.0,2.0,180000.0,4.55,4.55,adidas_cheaper,adidas_lb,False,-1.69,adidas_higher_discount,adidas_lb,1,False,Adidas Jam Woven Kids-Unisex Sportswear Pant Black/White,Adidas Jam Woven Kids-Unisex Sportswear Pant Black/White,https://lb.mikesport.com/products/adidas-jam-woven-kids-unisex-sportswear-pant-black-white,https://lb.mikesport.com/products/adidas-jam-woven-kids-unisex-sportswear-pant-black-white,1,pant,pant,unisex,unisex,Black/White,Black/White,in_stock,in_stock,1,0,0,7-8 Years | 9-10 Years | 11-12 Years | 13-14 Years,4,USD,USD,46.0,46.0,46.0,46.0,4140000.0,4140000.0,89.0,89.0,89.0,89.0,8010000.0,8010000.0,46.0,46.0,46.0,46.0,4140000.0,4140000.0,48.31,48.31,True,True,1,False,"Unisex Kids Street Jam Woven Cargo Trousers, Black","Unisex Kids Street Jam Woven Cargo Trousers, Black",https://www.adidas.com.lb/en/adidas-outlet-unisex-kids-street-jam-woven-cargo-trousers-black/A9_IV9455_ONE.html,https://www.adidas.com.lb/en/adidas-outlet-unisex-kids-street-jam-woven-cargo-trousers-black/A9_IV9455_ONE.html,1,Boys Clothing,Boys Clothing,kids,kids,Black,Black,in_stock,in_stock,1,0,0,7-8 Yrs | 11-12 Yrs | 9-10 Yrs,3,LBP,LBP,3960000.0,3960000.0,44.0,44.0,3960000.0,3960000.0,7920000.0,7920000.0,88.0,88.0,7920000.0,7920000.0,3960000.0,3960000.0,44.0,44.0,3960000.0,3960000.0,50.0,50.0,True,True,
IV9576,exact_style_code,both_in_stock,neither_on_sale,False,,True,unisex,True,Black,normalized_compare,False,90000.0,True,0.0,0.0,0.0,0.0,0.0,same_price,tie,True,0.0,neither_discounted,tie,1,False,Adidas Train Essentials Logo Kids Unisex Sportswear T-Shirt Black,Adidas Train Essentials Logo Kids Unisex Sportswear T-Shirt Black,https://lb.mikesport.com/products/adidas-train-essentials-logo-kids-unisex-sportswear-t-shirt-black,https://lb.mikesport.com/products/adidas-train-essentials-logo-kids-unisex-sportswear-t-shirt-black,1,t-shirt,t-shirt,unisex,unisex,Black,Black,in_stock,in_stock,1,0,0,7-8 Years | 9-10 Years | 11-12 Years | 13-14 Years,4,USD,USD,26.0,26.0,26.0,26.0,2340000.0,2340000.0,26.0,26.0,26.0,26.0,2340000.0,2340000.0,,,,,,,,,False,False,1,False,"Kids Unisex Train Essentials Logo Regular Fit T-Shirt, Black","Kids Unisex Train Essentials Logo Regular Fit T-Shirt, Black",https://www.adidas.com.lb/en/adidas-kids-unisex-train-essentials-logo-regular-fit-t-shirt-black/A7_IV9576_ONE.html,https://www.adidas.com.lb/en/adidas-kids-unisex-train-essentials-logo-regular-fit-t-shirt-black/A7_IV9576_ONE.html,1,T-Shirts,T-Shirts,unisex,unisex,Black,Black,in_stock,in_stock,1,0,0,7-8 Yrs | 11-12 Yrs | 9-10 Yrs,3,LBP,LBP,2340000.0,2340000.0,26.0,26.0,2340000.0,2340000.0,2340000.0,2340000.0,26.0,26.0,2340000.0,2340000.0,,,,,,,,,False,False,Neither retailer currently shows a discount for this style code.
IV9578,exact_style_code,both_in_stock,neither_on_sale,False,,False,,False,,normalized_compare,False,90000.0,False,1.0,1.0,90000.0,3.57,3.57,adidas_cheaper,adidas_lb,True,0.0,neither_discounted,tie,1,False,Adidas Essentials Logo Kids-Boys Sportswear Short Black/White,Adidas Essentials Logo Kids-Boys Sportswear Short Black/White,https://lb.mikesport.com/products/adidas-essentials-logo-kids-boys-sportswear-short-black-white,https://lb.mikesport.com/products/adidas-essentials-logo-kids-boys-sportswear-short-black-white,1,short,short,boys,boys,Black/White,Black/White,in_stock,in_stock,1,0,0,5-6 Years | 7-8 Years | 9-10 Years | 11-12 Years | 13-14 Years,5,USD,USD,29.0,29.0,29.0,29.0,2610000.0,2610000.0,29.0,29.0,29.0,29.0,2610000.0,2610000.0,,,,,,,,,False,False,1,False,"Unisex Kids Train Essentials Logo Regular Fit Shorts, Black","Unisex Kids Train Essentials Logo Regular Fit Shorts, Black",https://www.adidas.com.lb/en/adidas-unisex-kids-train-essentials-logo-regular-fit-shorts-black/A7_IV9578_ONE.html,https://www.adidas.com.lb/en/adidas-unisex-kids-train-essentials-logo-regular-fit-shorts-black/A7_IV9578_ONE.html,1,Shorts,Shorts,kids,kids,Black,Black,in_stock,in_stock,1,0,0,7-8 Yrs | 11-12 Yrs | 9-10 Yrs | 15-16 Yrs,4,LBP,LBP,2520000.0,2520000.0,28.0,28.0,2520000.0,2520000.0,2520000.0,2520000.0,28.0,28.0,2520000.0,2520000.0,,,,,,,,,False,False,Neither retailer currently shows a discount for this style code.
IV9780,exact_style_code,both_in_stock,both_on_sale,False,,True,women,True,Black,normalized_compare,False,90000.0,False,2.0,2.0,180000.0,3.77,3.77,adidas_cheaper,adidas_lb,False,-1.9,adidas_higher_discount,adidas_lb,1,False,Adidas City Escape Parachute Women Sportswear Pant Black,Adidas City Escape Parachute Women Sportswear Pant Black,https://lb.mikesport.com/products/adidas-city-escape-parachute-women-sportswear-pant-black,https://lb.mikesport.com/products/adidas-city-escape-parachute-women-sportswear-pant-black,1,pant,pant,women,women,Black,Black,in_stock,in_stock,1,0,0,XS,1,USD,USD,55.0,55.0,55.0,55.0,4950000.0,4950000.0,105.0,105.0,105.0,105.0,9450000.0,9450000.0,55.0,55.0,55.0,55.0,4950000.0,4950000.0,47.62,47.62,True,True,1,False,"City Escape Woven Parachute Pant, Black","City Escape Woven Parachute Pant, Black",https://www.adidas.com.lb/en/adidas-outlet-city-escape-woven-parachute-pant-black/A9_IV9780_ONE.html,https://www.adidas.com.lb/en/adidas-outlet-city-escape-woven-parachute-pant-black/A9_IV9780_ONE.html,1,Joggers & Trousers,Joggers & Trousers,women,women,Black,Black,in_stock,in_stock,1,0,0,M,1,LBP,LBP,4770000.0,4770000.0,53.0,53.0,4770000.0,4770000.0,9450000.0,9450000.0,105.0,105.0,9450000.0,9450000.0,4770000.0,4770000.0,53.0,53.0,4770000.0,4770000.0,49.52,49.52,True,True,
IW0130,exact_style_code,mikesport_only_in_stock,both_on_sale,False,,True,women,False,,normalized_compare,False,90000.0,False,6.0,6.0,540000.0,27.27,27.27,adidas_cheaper,adidas_lb,False,-11.11,adidas_higher_discount,adidas_lb,1,False,Adidas Yoga Stay Balanced Graphic Women Training T-Shirt Purple Burst,Adidas Yoga Stay Balanced Graphic Women Training T-Shirt Purple Burst,https://lb.mikesport.com/products/adidas-yoga-stay-balanced-graphic-women-training-t-shirt-purple-burst,https://lb.mikesport.com/products/adidas-yoga-stay-balanced-graphic-women-training-t-shirt-purple-burst,1,t-shirt,t-shirt,women,women,Purple Burst,Purple Burst,in_stock,in_stock,1,0,0,XS,1,USD,USD,28.0,28.0,28.0,28.0,2520000.0,2520000.0,54.0,54.0,54.0,54.0,4860000.0,4860000.0,28.0,28.0,28.0,28.0,2520000.0,2520000.0,48.15,48.15,True,True,1,False,"Yoga Stay Balanced Graphic T-Shirt, Purple","Yoga Stay Balanced Graphic T-Shirt, Purple",https://www.adidas.com.lb/en/adidas-outlet-yoga-stay-balanced-graphic-t-shirt-purple/A9_IW0130_ONE.html,https://www.adidas.com.lb/en/adidas-outlet-yoga-stay-balanced-graphic-t-shirt-purple/A9_IW0130_ONE.html,1,Tops,Tops,women,women,Purple,Purple,out_of_stock,out_of_stock,0,1,0,,0,LBP,LBP,1980000.0,1980000.0,22.0,22.0,1980000.0,1980000.0,4860000.0,4860000.0,54.0,54.0,4860000.0,4860000.0,1980000.0,1980000.0,22.0,22.0,1980000.0,1980000.0,59.26,59.26,True,True,
IW0145,exact_style_code,both_in_stock,both_on_sale,False,,True,men,False,,normalized_compare,False,90000.0,False,6.0,6.0,540000.0,27.27,27.27,adidas_cheaper,adidas_lb,False,-11.11,adidas_higher_discount,adidas_lb,1,False,Adidas Racket Rebels Graphic Men Tennis T-Shirt Collegiate Navy,Adidas Racket Rebels Graphic Men Tennis T-Shirt Collegiate Navy,https://lb.mikesport.com/products/adidas-racket-rebels-graphic-men-tennis-t-shirt-collegiate-navy,https://lb.mikesport.com/products/adidas-racket-rebels-graphic-men-tennis-t-shirt-collegiate-navy,1,t-shirt,t-shirt,men,men,Collegiate Navy,Collegiate Navy,in_stock,in_stock,1,0,0,L | M,2,USD,USD,28.0,28.0,28.0,28.0,2520000.0,2520000.0,54.0,54.0,54.0,54.0,4860000.0,4860000.0,28.0,28.0,28.0,28.0,2520000.0,2520000.0,48.15,48.15,True,True,1,False,"Racket Sport Rebels Graphic T-Shirt, Blue","Racket Sport Rebels Graphic T-Shirt, Blue",https://www.adidas.com.lb/en/adidas-outlet-racket-sport-rebels-graphic-t-shirt-blue/A9_IW0145_ONE.html,https://www.adidas.com.lb/en/adidas-outlet-racket-sport-rebels-graphic-t-shirt-blue/A9_IW0145_ONE.html,1,Tops,Tops,men,men,Blue,Blue,in_stock,in_stock,1,0,0,L,1,LBP,LBP,1980000.0,1980000.0,22.0,22.0,1980000.0,1980000.0,4860000.0,4860000.0,54.0,54.0,4860000.0,4860000.0,1980000.0,1980000.0,22.0,22.0,1980000.0,1980000.0,59.26,59.26,True,True,
IW0852,exact_style_code,both_in_stock,both_on_sale,False,,False,,False,,normalized_compare,False,90000.0,False,3.0,3.0,270000.0,30.0,30.0,adidas_cheaper,adidas_lb,False,-13.54,adidas_higher_discount,adidas_lb,1,False,Adidas Essentials Logo Boys Sportswear T-Shirt Legend Ink/White,Adidas Essentials Logo Boys Sportswear T-Shirt Legend Ink/White,https://lb.mikesport.com/products/adidas-essentials-logo-boys-sportswear-t-shirt-legend-ink-white,https://lb.mikesport.com/products/adidas-essentials-logo-boys-sportswear-t-shirt-legend-ink-white,1,t-shirt,t-shirt,boys,boys,Legend Ink/White,Legend Ink/White,in_stock,in_stock,1,0,0,9-10 Years | 11-12 Years,2,USD,USD,13.0,13.0,13.0,13.0,1170000.0,1170000.0,25.0,25.0,25.0,25.0,2250000.0,2250000.0,13.0,13.0,13.0,13.0,1170000.0,1170000.0,48.0,48.0,True,True,1,False,"Unisex Kids Train Essentials Logo Regular Fit T-Shirt, Blue","Unisex Kids Train Essentials Logo Regular Fit T-Shirt, Blue",https://www.adidas.com.lb/en/adidas-outlet-unisex-kids-train-essentials-logo-regular-fit-t-shirt-blue/A9_IW0852_ONE.html,https://www.adidas.com.lb/en/adidas-outlet-unisex-kids-train-essentials-logo-regular-fit-t-shirt-blue/A9_IW0852_ONE.html,1,Boys Clothing,Boys Clothing,kids,kids,Blue,Blue,in_stock,in_stock,1,0,0,5-6 Yrs,1,LBP,LBP,900000.0,900000.0,10.0,10.0,900000.0,900000.0,2340000.0,2340000.0,26.0,26.0,2340000.0,2340000.0,900000.0,900000.0,10.0,10.0,900000.0,900000.0,61.54,61.54,True,True,
IW0853,exact_style_code,both_in_stock,neither_on_sale,False,,False,,False,,normalized_compare,False,90000.0,True,0.0,0.0,0.0,0.0,0.0,same_price,tie,True,0.0,neither_discounted,tie,1,False,Adidas Essentials Logo Boys Sportswear T-Shirt White/Black,Adidas Essentials Logo Boys Sportswear T-Shirt White/Black,https://lb.mikesport.com/products/adidas-essentials-logo-boys-sportswear-t-shirt-white-black,https://lb.mikesport.com/products/adidas-essentials-logo-boys-sportswear-t-shirt-white-black,1,t-shirt,t-shirt,unisex,unisex,White/Black,White/Black,in_stock,in_stock,1,0,0,7-8 Years | 9-10 Years | 11-12 Years,3,USD,USD,26.0,26.0,26.0,26.0,2340000.0,2340000.0,26.0,26.0,26.0,26.0,2340000.0,2340000.0,,,,,,,,,False,False,1,False,"Unisex Kids Train Essentials Logo Regular Fit T-Shirt, White","Unisex Kids Train Essentials Logo Regular Fit T-Shirt, White",https://www.adidas.com.lb/en/adidas-unisex-kids-train-essentials-logo-regular-fit-t-shirt-white/A7_IW0853_ONE.html,https://www.adidas.com.lb/en/adidas-unisex-kids-train-essentials-logo-regular-fit-t-shirt-white/A7_IW0853_ONE.html,1,T-Shirts,T-Shirts,kids,kids,White,White,in_stock,in_stock,1,0,0,7-8 Yrs | 11-12 Yrs | 9-10 Yrs,3,LBP,LBP,2340000.0,2340000.0,26.0,26.0,2340000.0,2340000.0,2340000.0,2340000.0,26.0,26.0,2340000.0,2340000.0,,,,,,,,,False,False,Neither retailer currently shows a discount for this style code.
IW5977,exact_style_code,both_in_stock,neither_on_sale,False,,True,men,False,,normalized_compare,False,90000.0,False,1.0,1.0,90000.0,0.9,0.9,adidas_cheaper,adidas_lb,True,0.0,neither_discounted,tie,1,False,Adidas Aeroready Sereno Cut Men Sportswear Tracksuit Legink,Adidas Aeroready Sereno Cut Men Sportswear Tracksuit Legink,https://lb.mikesport.com/products/adidas-aeroready-sereno-cut-men-sportswear-tracksuit-legink,https://lb.mikesport.com/products/adidas-aeroready-sereno-cut-men-sportswear-tracksuit-legink,1,tracksuit,tracksuit,men,men,Legink,Legink,in_stock,in_stock,1,0,0,M | S,2,USD,USD,112.0,112.0,112.0,112.0,10080000.0,10080000.0,112.0,112.0,112.0,112.0,10080000.0,10080000.0,,,,,,,,,False,False,1,False,"AEROREADY Sereno Cut 3-Stripes Track Suit, Blue","AEROREADY Sereno Cut 3-Stripes Track Suit, Blue",https://www.adidas.com.lb/en/adidas-aeroready-sereno-cut-3-stripes-track-suit-blue/A7_IW5977_ONE.html,https://www.adidas.com.lb/en/adidas-aeroready-sereno-cut-3-stripes-track-suit-blue/A7_IW5977_ONE.html,1,Tracksuits,Tracksuits,men,men,Blue,Blue,in_stock,in_stock,1,0,0,S | XL,2,LBP,LBP,9990000.0,9990000.0,111.0,111.0,9990000.0,9990000.0,9990000.0,9990000.0,111.0,111.0,9990000.0,9990000.0,,,,,,,,,False,False,Neither retailer currently shows a discount for this style code.
IW8529,exact_style_code,both_in_stock,both_on_sale,False,,True,men,False,,normalized_compare,False,90000.0,False,-18.0,-18.0,-1620000.0,-18.56,-18.56,mikesport_cheaper,mikesport_lb,False,14.88,mikesport_higher_discount,mikesport_lb,1,False,Adidas Future Icons 3 Stripes Men sportswear Hoody Grey Four,Adidas Future Icons 3 Stripes Men sportswear Hoody Grey Four,https://lb.mikesport.com/products/adidas-future-icons-3-stripes-men-sportswear-hoody-grey-four,https://lb.mikesport.com/products/adidas-future-icons-3-stripes-men-sportswear-hoody-grey-four,1,hoody,hoody,men,men,Grey Four,Grey Four,in_stock,in_stock,1,0,0,M,1,USD,USD,79.0,79.0,79.0,79.0,7110000.0,7110000.0,121.0,121.0,121.0,121.0,10890000.0,10890000.0,79.0,79.0,79.0,79.0,7110000.0,7110000.0,34.71,34.71,True,True,1,False,"Future Icons 3 Stripes Full-Zip Hoodie, Grey","Future Icons 3 Stripes Full-Zip Hoodie, Grey",https://www.adidas.com.lb/en/adidas-outlet-future-icons-3-stripes-full-zip-hoodie-grey/A9_IW8529_ONE.html,https://www.adidas.com.lb/en/adidas-outlet-future-icons-3-stripes-full-zip-hoodie-grey/A9_IW8529_ONE.html,1,Tracksuits,Tracksuits,men,men,Grey,Grey,in_stock,in_stock,1,0,0,XS | S,2,LBP,LBP,8730000.0,8730000.0,97.0,97.0,8730000.0,8730000.0,10890000.0,10890000.0,121.0,121.0,10890000.0,10890000.0,8730000.0,8730000.0,97.0,97.0,8730000.0,8730000.0,19.83,19.83,True,True,
IW8542,exact_style_code,both_in_stock,both_on_sale,False,,True,men,False,,normalized_compare,False,90000.0,False,-10.0,-10.0,-900000.0,-18.52,-18.52,mikesport_cheaper,mikesport_lb,False,14.93,mikesport_higher_discount,mikesport_lb,1,False,Adidas Future Icons 3 Stripes Men sportswear Short Grey Four,Adidas Future Icons 3 Stripes Men sportswear Short Grey Four,https://lb.mikesport.com/products/adidas-future-icons-3-stripes-men-sportswear-short-grey-four,https://lb.mikesport.com/products/adidas-future-icons-3-stripes-men-sportswear-short-grey-four,1,short,short,men,men,Grey Four,Grey Four,in_stock,in_stock,1,0,0,M | S | XL,3,USD,USD,44.0,44.0,44.0,44.0,3960000.0,3960000.0,67.0,67.0,67.0,67.0,6030000.0,6030000.0,44.0,44.0,44.0,44.0,3960000.0,3960000.0,34.33,34.33,True,True,1,False,"Future Icons 3-Stripes Shorts, Grey","Future Icons 3-Stripes Shorts, Grey",https://www.adidas.com.lb/en/outlet-adidas-future-icons-3-stripes-shorts-grey/A9_IW8542_ONE.html,https://www.adidas.com.lb/en/outlet-adidas-future-icons-3-stripes-shorts-grey/A9_IW8542_ONE.html,1,Shorts,Shorts,men,men,Grey,Grey,in_stock,in_stock,1,0,0,XS | S | M,3,LBP,LBP,4860000.0,4860000.0,54.0,54.0,4860000.0,4860000.0,6030000.0,6030000.0,67.0,67.0,6030000.0,6030000.0,4860000.0,4860000.0,54.0,54.0,4860000.0,4860000.0,19.4,19.4,True,True,
IX1247,exact_style_code,both_in_stock,neither_on_sale,False,,True,men,True,Black,normalized_compare,False,90000.0,True,0.0,0.0,0.0,0.0,0.0,same_price,tie,True,0.0,neither_discounted,tie,1,False,Adidas All Szn Men Sportswear Short Black,Adidas All Szn Men Sportswear Short Black,https://lb.mikesport.com/products/adidas-all-szn-men-sportswear-short-black-2,https://lb.mikesport.com/products/adidas-all-szn-men-sportswear-short-black-2,1,short,short,men,men,Black,Black,in_stock,in_stock,1,0,0,2XL | L | M | S | XL,5,USD,USD,61.0,61.0,61.0,61.0,5490000.0,5490000.0,61.0,61.0,61.0,61.0,5490000.0,5490000.0,,,,,,,,,False,False,1,False,"ALL SZN French Terry Shorts, Black","ALL SZN French Terry Shorts, Black",https://www.adidas.com.lb/en/adidas-all-szn-french-terry-shorts-black/A7_IX1247_ONE.html,https://www.adidas.com.lb/en/adidas-all-szn-french-terry-shorts-black/A7_IX1247_ONE.html,1,Shorts,Shorts,men,men,Black,Black,in_stock,in_stock,1,0,0,XS | S | M,3,LBP,LBP,5490000.0,5490000.0,61.0,61.0,5490000.0,5490000.0,5490000.0,5490000.0,61.0,61.0,5490000.0,5490000.0,,,,,,,,,False,False,Neither retailer currently shows a discount for this style code.
IX1248,exact_style_code,both_in_stock,neither_on_sale,False,,True,men,False,,normalized_compare,False,90000.0,False,1.0,1.0,90000.0,1.05,1.05,adidas_cheaper,adidas_lb,True,0.0,neither_discounted,tie,1,False,Adidas All Szn Men Sportswear Hoody Black,Adidas All Szn Men Sportswear Hoody Black,https://lb.mikesport.com/products/ix1248-m-a-szn-ft-hd-black,https://lb.mikesport.com/products/ix1248-m-a-szn-ft-hd-black,1,hoody,hoody,men,men,Black,Black,in_stock,in_stock,1,0,0,S,1,USD,USD,96.0,96.0,96.0,96.0,8640000.0,8640000.0,96.0,96.0,96.0,96.0,8640000.0,8640000.0,,,,,,,,,False,False,1,False,"ALL SZN French Terry Hoodie, Multicolour","ALL SZN French Terry Hoodie, Multicolour",https://www.adidas.com.lb/en/adidas-all-szn-french-terry-hoodie-multicolour/A7_IX1248_ONE.html,https://www.adidas.com.lb/en/adidas-all-szn-french-terry-hoodie-multicolour/A7_IX1248_ONE.html,1,Hoodies,Hoodies,men,men,Multicolour,Multicolour,in_stock,in_stock,1,0,0,S | M | L | XL | 2XL,5,LBP,LBP,8550000.0,8550000.0,95.0,95.0,8550000.0,8550000.0,8550000.0,8550000.0,95.0,95.0,8550000.0,8550000.0,,,,,,,,,False,False,Neither retailer currently shows a discount for this style code.
IX3178,exact_style_code,both_in_stock,both_on_sale,False,,True,unisex,False,,normalized_compare,False,90000.0,False,-4.0,-4.0,-360000.0,-8.89,-8.89,mikesport_cheaper,mikesport_lb,False,9.67,mikesport_higher_discount,mikesport_lb,1,False,Adidas Power Vii Unisex Training Bag Alumina/Black,Adidas Power Vii Unisex Training Bag Alumina/Black,https://lb.mikesport.com/products/ix3178-power-vii-alumin-black,https://lb.mikesport.com/products/ix3178-power-vii-alumin-black,1,bags_cases_and_luggage,bags_cases_and_luggage,unisex,unisex,Alumina/Black,Alumina/Black,in_stock,in_stock,1,0,0,,0,USD,USD,41.0,41.0,41.0,41.0,3690000.0,3690000.0,58.0,58.0,58.0,58.0,5220000.0,5220000.0,41.0,41.0,41.0,41.0,3690000.0,3690000.0,29.31,29.31,True,True,1,False,"Unisex Power Backpack, Beige","Unisex Power Backpack, Beige",https://www.adidas.com.lb/en/outlet-adidas-unisex-power-backpack-beige/A9_IX3178_ONE.html,https://www.adidas.com.lb/en/outlet-adidas-unisex-power-backpack-beige/A9_IX3178_ONE.html,1,Accessories,Accessories,unisex,unisex,Beige,Beige,in_stock,in_stock,1,0,0,NS,1,LBP,LBP,4050000.0,4050000.0,45.0,45.0,4050000.0,4050000.0,5040000.0,5040000.0,56.0,56.0,5040000.0,5040000.0,4050000.0,4050000.0,45.0,45.0,4050000.0,4050000.0,19.64,19.64,True,True,
IX3640,exact_style_code,both_in_stock,both_on_sale,False,,False,,False,,normalized_compare,False,90000.0,False,-7.0,-7.0,-630000.0,-11.48,-11.48,mikesport_cheaper,mikesport_lb,False,10.13,mikesport_higher_discount,mikesport_lb,1,False,Adidas Future Icons Logo Kids-Boys sportswear Hoody Tent Green/Black,Adidas Future Icons Logo Kids-Boys sportswear Hoody Tent Green/Black,https://lb.mikesport.com/products/adidas-future-icons-logo-kids-boys-sportswear-hoody-tent-green-black,https://lb.mikesport.com/products/adidas-future-icons-logo-kids-boys-sportswear-hoody-tent-green-black,1,hoody,hoody,boys,boys,Tent Green/Black,Tent Green/Black,in_stock,in_stock,1,0,0,9-10 Years,1,USD,USD,54.0,54.0,54.0,54.0,4860000.0,4860000.0,77.0,77.0,77.0,77.0,6930000.0,6930000.0,54.0,54.0,54.0,54.0,4860000.0,4860000.0,29.87,29.87,True,True,1,False,"Kids Unisex Future Icons Logo Hooded Sweatshirt, Green","Kids Unisex Future Icons Logo Hooded Sweatshirt, Green",https://www.adidas.com.lb/en/adidas-outlet-kids-unisex-future-icons-logo-hooded-sweatshirt-green/A9_IX3640_ONE.html,https://www.adidas.com.lb/en/adidas-outlet-kids-unisex-future-icons-logo-hooded-sweatshirt-green/A9_IX3640_ONE.html,1,Boys Clothing,Boys Clothing,unisex,unisex,Green,Green,in_stock,in_stock,1,0,0,7-8 Yrs | 13-14 Yrs,2,LBP,LBP,5490000.0,5490000.0,61.0,61.0,5490000.0,5490000.0,6840000.0,6840000.0,76.0,76.0,6840000.0,6840000.0,5490000.0,5490000.0,61.0,61.0,5490000.0,5490000.0,19.74,19.74,True,True,
IX3870,exact_style_code,both_in_stock,both_on_sale,True,Gloves,True,unisex,False,,normalized_compare,False,90000.0,False,-1.0,-1.0,-90000.0,-3.23,-3.23,mikesport_cheaper,mikesport_lb,False,0.82,mikesport_higher_discount,mikesport_lb,1,False,Adidas Predator Unisex Football Gloves Blue/Red/White,Adidas Predator Unisex Football Gloves Blue/Red/White,https://lb.mikesport.com/products/adidas-predator-unisex-football-gloves-blue-red-white,https://lb.mikesport.com/products/adidas-predator-unisex-football-gloves-blue-red-white,1,gloves,gloves,unisex,unisex,Blue/Red/White,Blue/Red/White,in_stock,in_stock,1,0,0,7 | 8,2,USD,USD,30.0,30.0,30.0,30.0,2700000.0,2700000.0,60.0,60.0,60.0,60.0,5400000.0,5400000.0,30.0,30.0,30.0,30.0,2700000.0,2700000.0,50.0,50.0,True,True,1,False,"Unisex Predator Training Goalkeeper Gloves, Blue","Unisex Predator Training Goalkeeper Gloves, Blue",https://www.adidas.com.lb/en/adidas-outlet-unisex-predator-training-goalkeeper-gloves-blue/A9_IX3870_ONE.html,https://www.adidas.com.lb/en/adidas-outlet-unisex-predator-training-goalkeeper-gloves-blue/A9_IX3870_ONE.html,1,Gloves,Gloves,unisex,unisex,Blue,Blue,in_stock,in_stock,1,0,0,8 | 10 | 11,3,LBP,LBP,2790000.0,2790000.0,31.0,31.0,2790000.0,2790000.0,5490000.0,5490000.0,61.0,61.0,5490000.0,5490000.0,2790000.0,2790000.0,31.0,31.0,2790000.0,2790000.0,49.18,49.18,True,True,
IX3872,exact_style_code,both_in_stock,both_on_sale,False,,False,,False,,normalized_compare,False,90000.0,False,1.0,1.0,90000.0,4.17,4.17,adidas_cheaper,adidas_lb,False,-1.02,adidas_higher_discount,adidas_lb,1,False,Adidas Predator Kids-Boys football Gloves Blue/Solar Red/White,Adidas Predator Kids-Boys football Gloves Blue/Solar Red/White,https://lb.mikesport.com/products/adidas-predator-kids-boys-football-gloves-blue-solar-red-white,https://lb.mikesport.com/products/adidas-predator-kids-boys-football-gloves-blue-solar-red-white,1,gloves,gloves,unisex,unisex,Blue/Solar Red/White,Blue/Solar Red/White,in_stock,in_stock,1,0,0,5 | 6 | 7,3,USD,USD,25.0,25.0,25.0,25.0,2250000.0,2250000.0,48.0,48.0,48.0,48.0,4320000.0,4320000.0,25.0,25.0,25.0,25.0,2250000.0,2250000.0,47.92,47.92,True,True,1,False,"Unisex Kids Predator Training Goalkeeper Gloves, Blue","Unisex Kids Predator Training Goalkeeper Gloves, Blue",https://www.adidas.com.lb/en/adidas-outlet-unisex-kids-predator-training-goalkeeper-gloves-blue/A9_IX3872_ONE.html,https://www.adidas.com.lb/en/adidas-outlet-unisex-kids-predator-training-goalkeeper-gloves-blue/A9_IX3872_ONE.html,1,Accessories,Accessories,kids,kids,Blue,Blue,in_stock,in_stock,1,0,0,4 | 5 | 7,3,LBP,LBP,2160000.0,2160000.0,24.0,24.0,2160000.0,2160000.0,4230000.0,4230000.0,47.0,47.0,4230000.0,4230000.0,2160000.0,2160000.0,24.0,24.0,2160000.0,2160000.0,48.94,48.94,True,True,
IX4023,exact_style_code,both_in_stock,both_on_sale,False,,True,unisex,False,,normalized_compare,False,90000.0,False,4.0,4.0,360000.0,26.67,26.67,adidas_cheaper,adidas_lb,False,-9.46,adidas_higher_discount,adidas_lb,1,False,Adidas Manchester United Fc Club Home Unisex football Ball Red/White,Adidas Manchester United Fc Club Home Unisex football Ball Red/White,https://lb.mikesport.com/products/adidas-manchester-united-fc-club-home-unisex-football-ball-red-white,https://lb.mikesport.com/products/adidas-manchester-united-fc-club-home-unisex-football-ball-red-white,1,ball,ball,unisex,unisex,Red/White,Red/White,in_stock,in_stock,1,0,0,5,1,USD,USD,19.0,19.0,19.0,19.0,1710000.0,1710000.0,38.0,38.0,38.0,38.0,3420000.0,3420000.0,19.0,19.0,19.0,19.0,1710000.0,1710000.0,50.0,50.0,True,True,1,False,"Unisex Manchester United Home Club Ball, Red","Unisex Manchester United Home Club Ball, Red",https://www.adidas.com.lb/en/outlet-adidas-unisex-manchester-united-home-club-ball-red/A9_IX4023_ONE.html,https://www.adidas.com.lb/en/outlet-adidas-unisex-manchester-united-home-club-ball-red/A9_IX4023_ONE.html,1,Check,Check,unisex,unisex,Red,Red,in_stock,in_stock,1,0,0,5,1,LBP,LBP,1350000.0,1350000.0,15.0,15.0,1350000.0,1350000.0,3330000.0,3330000.0,37.0,37.0,3330000.0,3330000.0,1350000.0,1350000.0,15.0,15.0,1350000.0,1350000.0,59.46,59.46,True,True,
IX4062,exact_style_code,both_in_stock,both_on_sale,False,,False,,False,,normalized_compare,False,90000.0,False,-6.0,-6.0,-540000.0,-17.14,-17.14,mikesport_cheaper,mikesport_lb,False,15.11,mikesport_higher_discount,mikesport_lb,1,False,Adidas Uefa Champions League Phase Training 24 Unisex football Ball White/Black/Solar,Adidas Uefa Champions League Phase Training 24 Unisex football Ball White/Black/Solar,https://lb.mikesport.com/products/adidas-uefa-champions-league-phase-training-24-unisex-football-ball-white-black-solar,https://lb.mikesport.com/products/adidas-uefa-champions-league-phase-training-24-unisex-football-ball-white-black-solar,1,ball,ball,unisex,unisex,White/Black/Solar,White/Black/Solar,in_stock,in_stock,1,0,0,5,1,USD,USD,29.0,29.0,29.0,29.0,2610000.0,2610000.0,45.0,45.0,45.0,45.0,4050000.0,4050000.0,29.0,29.0,29.0,29.0,2610000.0,2610000.0,35.56,35.56,True,True,1,False,"Ucl Training 24/25 Group Stage Ball, White","Ucl Training 24/25 Group Stage Ball, White",https://www.adidas.com.lb/en/outlet-adidas-ucl-training-24-25-group-stage-ball-white/A9_IX4062_ONE.html,https://www.adidas.com.lb/en/outlet-adidas-ucl-training-24-25-group-stage-ball-white/A9_IX4062_ONE.html,1,Accessories,Accessories,men,men,White,White,in_stock,in_stock,1,0,0,4 | 5,2,LBP,LBP,3150000.0,3150000.0,35.0,35.0,3150000.0,3150000.0,3960000.0,3960000.0,44.0,44.0,3960000.0,3960000.0,3150000.0,3150000.0,35.0,35.0,3150000.0,3150000.0,20.45,20.45,True,True,
IX4984,exact_style_code,both_in_stock,both_on_sale,False,,True,women,False,,normalized_compare,False,90000.0,False,10.0,10.0,900000.0,38.46,38.46,adidas_cheaper,adidas_lb,False,-10.9,adidas_higher_discount,adidas_lb,1,False,Adidas Optime Essentials Shine Women Training Tight Shadow Olive,Adidas Optime Essentials Shine Women Training Tight Shadow Olive,https://lb.mikesport.com/products/adidas-optime-essentials-shine-women-training-tight-shadow-olive,https://lb.mikesport.com/products/adidas-optime-essentials-shine-women-training-tight-shadow-olive,1,tight,tight,women,women,Shadow Olive,Shadow Olive,in_stock,in_stock,1,0,0,L,1,USD,USD,36.0,36.0,36.0,36.0,3240000.0,3240000.0,89.0,89.0,89.0,89.0,8010000.0,8010000.0,36.0,36.0,36.0,36.0,3240000.0,3240000.0,59.55,59.55,True,True,1,False,"Optime Essentials Shine 7/8 Leggings, Green","Optime Essentials Shine 7/8 Leggings, Green",https://www.adidas.com.lb/en/adidas-outlet-optime-essentials-shine-7-8-leggings-green/A9_IX4984_ONE.html,https://www.adidas.com.lb/en/adidas-outlet-optime-essentials-shine-7-8-leggings-green/A9_IX4984_ONE.html,1,Joggers & Trousers,Joggers & Trousers,women,women,Green,Green,in_stock,in_stock,1,0,0,L,1,LBP,LBP,2340000.0,2340000.0,26.0,26.0,2340000.0,2340000.0,7920000.0,7920000.0,88.0,88.0,7920000.0,7920000.0,2340000.0,2340000.0,26.0,26.0,2340000.0,2340000.0,70.45,70.45,True,True,
IX6371,exact_style_code,both_in_stock,neither_on_sale,False,,True,women,False,,normalized_compare,False,90000.0,True,0.0,0.0,0.0,0.0,0.0,same_price,tie,True,0.0,neither_discounted,tie,1,False,Adidas Own The Run Women Running Short Black/White,Adidas Own The Run Women Running Short Black/White,https://lb.mikesport.com/products/adidas-own-the-run-women-running-short-black-white,https://lb.mikesport.com/products/adidas-own-the-run-women-running-short-black-white,1,short,short,women,women,Black/White,Black/White,in_stock,in_stock,1,0,0,L | M | S | XS,4,USD,USD,54.0,54.0,54.0,54.0,4860000.0,4860000.0,54.0,54.0,54.0,54.0,4860000.0,4860000.0,,,,,,,,,False,False,1,False,"Own the Run Shorts, Black","Own the Run Shorts, Black",https://www.adidas.com.lb/en/adidas-own-the-run-shorts-black/A7_IX6371_ONE.html,https://www.adidas.com.lb/en/adidas-own-the-run-shorts-black/A7_IX6371_ONE.html,1,Shorts,Shorts,women,women,Black,Black,in_stock,in_stock,1,0,0,XS3,1,LBP,LBP,4860000.0,4860000.0,54.0,54.0,4860000.0,4860000.0,4860000.0,4860000.0,54.0,54.0,4860000.0,4860000.0,,,,,,,,,False,False,Neither retailer currently shows a discount for this style code.
IX6456,exact_style_code,both_in_stock,both_on_sale,False,,True,women,False,,normalized_compare,False,90000.0,False,-4.0,-4.0,-360000.0,-11.43,-11.43,mikesport_cheaper,mikesport_lb,False,9.1,mikesport_higher_discount,mikesport_lb,1,False,Adidas Positive Women Sportswear T-Shirt Semi Pink Spark,Adidas Positive Women Sportswear T-Shirt Semi Pink Spark,https://lb.mikesport.com/products/adidas-positive-women-sportswear-t-shirt-semi-pink-spark,https://lb.mikesport.com/products/adidas-positive-women-sportswear-t-shirt-semi-pink-spark,1,t-shirt,t-shirt,women,women,Semi Pink Spark,Semi Pink Spark,in_stock,in_stock,1,0,0,XS,1,USD,USD,31.0,31.0,31.0,31.0,2790000.0,2790000.0,44.0,44.0,44.0,44.0,3960000.0,3960000.0,31.0,31.0,31.0,31.0,2790000.0,2790000.0,29.55,29.55,True,True,1,False,"Positivity Graphic T-Shirt, Pink","Positivity Graphic T-Shirt, Pink",https://www.adidas.com.lb/en/adidas-outlet-positivity-graphic-t-shirt-pink/A9_IX6456_ONE.html,https://www.adidas.com.lb/en/adidas-outlet-positivity-graphic-t-shirt-pink/A9_IX6456_ONE.html,1,Tops,Tops,women,women,Pink,Pink,in_stock,in_stock,1,0,0,XS | S | M | L,4,LBP,LBP,3150000.0,3150000.0,35.0,35.0,3150000.0,3150000.0,3960000.0,3960000.0,44.0,44.0,3960000.0,3960000.0,3150000.0,3150000.0,35.0,35.0,3150000.0,3150000.0,20.45,20.45,True,True,
IX6578,exact_style_code,both_in_stock,neither_on_sale,False,,True,unisex,False,,normalized_compare,False,90000.0,True,0.0,0.0,0.0,0.0,0.0,same_price,tie,True,0.0,neither_discounted,tie,1,False,Adidas Power Unisex Sportswear Backpack Olive Strata/White,Adidas Power Unisex Sportswear Backpack Olive Strata/White,https://lb.mikesport.com/products/adidas-power-unisex-sportswear-backpack-olive-strata-white,https://lb.mikesport.com/products/adidas-power-unisex-sportswear-backpack-olive-strata-white,1,bags_cases_and_luggage,bags_cases_and_luggage,unisex,unisex,Olive Strata/White,Olive Strata/White,in_stock,in_stock,1,0,0,,0,USD,USD,56.0,56.0,56.0,56.0,5040000.0,5040000.0,56.0,56.0,56.0,56.0,5040000.0,5040000.0,,,,,,,,,False,False,1,False,"Unisex Power Backpack, Green","Unisex Power Backpack, Green",https://www.adidas.com.lb/en/adidas-unisex-power-backpack-green/A7_IX6578_ONE.html,https://www.adidas.com.lb/en/adidas-unisex-power-backpack-green/A7_IX6578_ONE.html,1,Bags & Backpacks,Bags & Backpacks,unisex,unisex,Green,Green,in_stock,in_stock,1,0,0,NS,1,LBP,LBP,5040000.0,5040000.0,56.0,56.0,5040000.0,5040000.0,5040000.0,5040000.0,56.0,56.0,5040000.0,5040000.0,,,,,,,,,False,False,Neither retailer currently shows a discount for this style code.
IX6753,exact_style_code,both_in_stock,both_on_sale,False,,True,men,False,,normalized_compare,False,90000.0,False,6.0,6.0,540000.0,27.27,27.27,adidas_cheaper,adidas_lb,False,-11.11,adidas_higher_discount,adidas_lb,1,False,Adidas Street 4 Men Original T-Shirt White/Blue,Adidas Street 4 Men Original T-Shirt White/Blue,https://lb.mikesport.com/products/adidas-street-4-men-original-t-shirt-white-blue,https://lb.mikesport.com/products/adidas-street-4-men-original-t-shirt-white-blue,1,t-shirt,t-shirt,men,men,White/Blue,White/Blue,in_stock,in_stock,1,0,0,S,1,USD,USD,28.0,28.0,28.0,28.0,2520000.0,2520000.0,54.0,54.0,54.0,54.0,4860000.0,4860000.0,28.0,28.0,28.0,28.0,2520000.0,2520000.0,48.15,48.15,True,True,1,False,"Training Supply Street T-Shirt 4, White","Training Supply Street T-Shirt 4, White",https://www.adidas.com.lb/en/adidas-outlet-training-supply-street-t-shirt-4-white/A9_IX6753_ONE.html,https://www.adidas.com.lb/en/adidas-outlet-training-supply-street-t-shirt-4-white/A9_IX6753_ONE.html,1,Tops,Tops,men,men,White,White,in_stock,in_stock,1,0,0,S,1,LBP,LBP,1980000.0,1980000.0,22.0,22.0,1980000.0,1980000.0,4860000.0,4860000.0,54.0,54.0,4860000.0,4860000.0,1980000.0,1980000.0,22.0,22.0,1980000.0,1980000.0,59.26,59.26,True,True,
IX7599,exact_style_code,both_in_stock,neither_on_sale,False,,False,,True,White,normalized_compare,False,90000.0,False,1.0,1.0,90000.0,2.7,2.7,adidas_cheaper,adidas_lb,True,0.0,neither_discounted,tie,1,False,Adidas Kids-Boys Originals T-Shirt White,Adidas Kids-Boys Originals T-Shirt White,https://lb.mikesport.com/products/adidas-kids-boys-originals-t-shirt-white,https://lb.mikesport.com/products/adidas-kids-boys-originals-t-shirt-white,1,t-shirt,t-shirt,boys,boys,White,White,in_stock,in_stock,1,0,0,7-8 Years | 9-10 Years | 11-12 Years,3,USD,USD,38.0,38.0,38.0,38.0,3420000.0,3420000.0,38.0,38.0,38.0,38.0,3420000.0,3420000.0,,,,,,,,,False,False,1,False,"Kids Unisex T-Shirt, White","Kids Unisex T-Shirt, White",https://www.adidas.com.lb/en/adidas-kids-unisex-t-shirt-white/A7_IX7599_ONE.html,https://www.adidas.com.lb/en/adidas-kids-unisex-t-shirt-white/A7_IX7599_ONE.html,1,T-Shirts,T-Shirts,unisex,unisex,White,White,in_stock,in_stock,1,0,0,7-8 Yrs | 11-12 Yrs | 13-14 Yrs | 9-10 Yrs,4,LBP,LBP,3330000.0,3330000.0,37.0,37.0,3330000.0,3330000.0,3330000.0,3330000.0,37.0,37.0,3330000.0,3330000.0,,,,,,,,,False,False,Neither retailer currently shows a discount for this style code.
IX9147,exact_style_code,both_in_stock,both_on_sale,False,,True,men,False,,normalized_compare,False,90000.0,False,-8.0,-8.0,-720000.0,-20.0,-20.0,mikesport_cheaper,mikesport_lb,False,13.11,mikesport_higher_discount,mikesport_lb,1,False,Adidas D4T Workout Men training T-Shirt Glory Grey Mel,Adidas D4T Workout Men training T-Shirt Glory Grey Mel,https://lb.mikesport.com/products/adidas-d4t-workout-men-training-t-shirt-glory-grey-mel,https://lb.mikesport.com/products/adidas-d4t-workout-men-training-t-shirt-glory-grey-mel,1,t-shirt,t-shirt,men,men,Glor Grey Mel,Glor Grey Mel,in_stock,in_stock,1,0,0,S,1,USD,USD,32.0,32.0,32.0,32.0,2880000.0,2880000.0,61.0,61.0,61.0,61.0,5490000.0,5490000.0,32.0,32.0,32.0,32.0,2880000.0,2880000.0,47.54,47.54,True,True,1,False,"D4T Workout T-Shirt, Grey","D4T Workout T-Shirt, Grey",https://www.adidas.com.lb/en/adidas-outlet-d4t-workout-t-shirt-grey/A9_IX9147_ONE.html,https://www.adidas.com.lb/en/adidas-outlet-d4t-workout-t-shirt-grey/A9_IX9147_ONE.html,1,Tops,Tops,men,men,Grey,Grey,in_stock,in_stock,1,0,0,XS | S,2,LBP,LBP,3600000.0,3600000.0,40.0,40.0,3600000.0,3600000.0,5490000.0,5490000.0,61.0,61.0,5490000.0,5490000.0,3600000.0,3600000.0,40.0,40.0,3600000.0,3600000.0,34.43,34.43,True,True,
IX9442,exact_style_code,both_in_stock,both_on_sale,False,,False,,True,Black,normalized_compare,False,90000.0,False,-11.0,-11.0,-990000.0,-31.43,-31.43,mikesport_cheaper,mikesport_lb,False,25.0,mikesport_higher_discount,mikesport_lb,1,False,Adidas All Szn Kids-Unisex Sportswear Short Black,Adidas All Szn Kids-Unisex Sportswear Short Black,https://lb.mikesport.com/products/adidas-all-szn-kids-unisex-sportswear-short-black,https://lb.mikesport.com/products/adidas-all-szn-kids-unisex-sportswear-short-black,1,short,short,unisex,unisex,Black,Black,in_stock,in_stock,1,0,0,9-10 Years | 13-14 Years,2,USD,USD,24.0,24.0,24.0,24.0,2160000.0,2160000.0,44.0,44.0,44.0,44.0,3960000.0,3960000.0,24.0,24.0,24.0,24.0,2160000.0,2160000.0,45.45,45.45,True,True,1,False,"Unisex Kids All Szn Shorts, Black","Unisex Kids All Szn Shorts, Black",https://www.adidas.com.lb/en/adidas-outlet-unisex-kids-all-szn-shorts-black/A9_IX9442_ONE.html,https://www.adidas.com.lb/en/adidas-outlet-unisex-kids-all-szn-shorts-black/A9_IX9442_ONE.html,1,Boys Clothing,Boys Clothing,kids,kids,Black,Black,in_stock,in_stock,1,0,0,7-8 Yrs | 11-12 Yrs | 13-14 Yrs | 9-10 Yrs,4,LBP,LBP,3150000.0,3150000.0,35.0,35.0,3150000.0,3150000.0,3960000.0,3960000.0,44.0,44.0,3960000.0,3960000.0,3150000.0,3150000.0,35.0,35.0,3150000.0,3150000.0,20.45,20.45,True,True,
IY0704,exact_style_code,both_in_stock,both_on_sale,False,,True,men,True,Black,normalized_compare,False,90000.0,False,-11.0,-11.0,-990000.0,-22.45,-22.45,mikesport_cheaper,mikesport_lb,False,9.96,mikesport_higher_discount,mikesport_lb,1,False,Adidas Own The Run Men Running Short Black,Adidas Own The Run Men Running Short Black,https://lb.mikesport.com/products/adidas-own-the-run-men-running-short-black-2,https://lb.mikesport.com/products/adidas-own-the-run-men-running-short-black-2,1,short,short,men,men,Black,Black,in_stock,in_stock,1,0,0,2XL | L | M | S,4,USD,USD,38.0,38.0,38.0,38.0,3420000.0,3420000.0,54.0,54.0,54.0,54.0,4860000.0,4860000.0,38.0,38.0,38.0,38.0,3420000.0,3420000.0,29.63,29.63,True,True,1,False,"Own The Run Shorts, Black","Own The Run Shorts, Black",https://www.adidas.com.lb/en/outlet-adidas-own-the-run-shorts-black/A9_IY0704_ONE.html,https://www.adidas.com.lb/en/outlet-adidas-own-the-run-shorts-black/A9_IY0704_ONE.html,1,Shorts,Shorts,men,men,Black,Black,in_stock,in_stock,1,0,0,S 7 | M 7 | L 7 | XL7 | XS7,5,LBP,LBP,4410000.0,4410000.0,49.0,49.0,4410000.0,4410000.0,5490000.0,5490000.0,61.0,61.0,5490000.0,5490000.0,4410000.0,4410000.0,49.0,49.0,4410000.0,4410000.0,19.67,19.67,True,True,
IY0727,exact_style_code,both_in_stock,both_on_sale,False,,True,men,False,,normalized_compare,False,90000.0,False,7.0,7.0,630000.0,31.82,31.82,adidas_cheaper,adidas_lb,False,-15.91,adidas_higher_discount,adidas_lb,1,False,Adidas Positivity Graphic Men Sportswear T-Shirt White/Yellow,Adidas Positivity Graphic Men Sportswear T-Shirt White/Yellow,https://lb.mikesport.com/products/adidas-positivity-graphic-men-sportswear-t-shirt-white-yellow,https://lb.mikesport.com/products/adidas-positivity-graphic-men-sportswear-t-shirt-white-yellow,1,t-shirt,t-shirt,men,men,White/Yellow,White/Yellow,in_stock,in_stock,1,0,0,S,1,USD,USD,29.0,29.0,29.0,29.0,2610000.0,2610000.0,44.0,44.0,44.0,44.0,3960000.0,3960000.0,29.0,29.0,29.0,29.0,2610000.0,2610000.0,34.09,34.09,True,True,1,False,"Positivity Graphic T-Shirt, White","Positivity Graphic T-Shirt, White",https://www.adidas.com.lb/en/adidas-outlet-positivity-graphic-t-shirt-white/A9_IY0727_ONE.html,https://www.adidas.com.lb/en/adidas-outlet-positivity-graphic-t-shirt-white/A9_IY0727_ONE.html,1,Tops,Tops,men,men,White,White,in_stock,in_stock,1,0,0,S,1,LBP,LBP,1980000.0,1980000.0,22.0,22.0,1980000.0,1980000.0,3960000.0,3960000.0,44.0,44.0,3960000.0,3960000.0,1980000.0,1980000.0,22.0,22.0,1980000.0,1980000.0,50.0,50.0,True,True,
IY0731,exact_style_code,both_in_stock,both_on_sale,False,,True,men,False,,normalized_compare,False,90000.0,True,0.0,0.0,0.0,0.0,0.0,same_price,tie,True,0.0,same_discount_pct,tie,1,False,Adidas Positivity Graphic Men Sportswear T-Shirt Linen Green/Yellow,Adidas Positivity Graphic Men Sportswear T-Shirt Linen Green/Yellow,https://lb.mikesport.com/products/adidas-positivity-graphic-men-sportswear-t-shirt-linen-green-yellow,https://lb.mikesport.com/products/adidas-positivity-graphic-men-sportswear-t-shirt-linen-green-yellow,1,t-shirt,t-shirt,men,men,Linen Green/Yellow,Linen Green/Yellow,in_stock,in_stock,1,0,0,S,1,USD,USD,29.0,29.0,29.0,29.0,2610000.0,2610000.0,44.0,44.0,44.0,44.0,3960000.0,3960000.0,29.0,29.0,29.0,29.0,2610000.0,2610000.0,34.09,34.09,True,True,1,False,"Positivity Graphic T-Shirt, Green","Positivity Graphic T-Shirt, Green",https://www.adidas.com.lb/en/adidas-outlet-positivity-graphic-t-shirt-green/A9_IY0731_ONE.html,https://www.adidas.com.lb/en/adidas-outlet-positivity-graphic-t-shirt-green/A9_IY0731_ONE.html,1,Tops,Tops,men,men,Green,Green,in_stock,in_stock,1,0,0,S,1,LBP,LBP,2610000.0,2610000.0,29.0,29.0,2610000.0,2610000.0,3960000.0,3960000.0,44.0,44.0,3960000.0,3960000.0,2610000.0,2610000.0,29.0,29.0,2610000.0,2610000.0,34.09,34.09,True,True,
IY1123,exact_style_code,both_in_stock,both_on_sale,False,,True,men,True,Black,normalized_compare,False,90000.0,False,5.0,5.0,450000.0,8.06,8.06,adidas_cheaper,adidas_lb,False,-4.53,adidas_higher_discount,adidas_lb,1,False,Adidas D4T Hybrid Men Training Pant Black,Adidas D4T Hybrid Men Training Pant Black,https://lb.mikesport.com/products/adidas-d4t-hybrid-men-training-pant-black,https://lb.mikesport.com/products/adidas-d4t-hybrid-men-training-pant-black,1,pant,pant,men,men,Black,Black,in_stock,in_stock,1,0,0,2XL | S,2,USD,USD,67.0,67.0,67.0,67.0,6030000.0,6030000.0,96.0,96.0,96.0,96.0,8640000.0,8640000.0,67.0,67.0,67.0,67.0,6030000.0,6030000.0,30.21,30.21,True,True,1,False,"Designed for Training Hybrid Joggers, Black","Designed for Training Hybrid Joggers, Black",https://www.adidas.com.lb/en/outlet-adidas-designed-for-training-hybrid-joggers-black/A9_IY1123_ONE.html,https://www.adidas.com.lb/en/outlet-adidas-designed-for-training-hybrid-joggers-black/A9_IY1123_ONE.html,1,Clothing,Clothing,men,men,Black,Black,in_stock,in_stock,1,0,0,XS | S | M | L | XL,5,LBP,LBP,5580000.0,5580000.0,62.0,62.0,5580000.0,5580000.0,8550000.0,8550000.0,95.0,95.0,8550000.0,8550000.0,5580000.0,5580000.0,62.0,62.0,5580000.0,5580000.0,34.74,34.74,True,True,
IY4150,exact_style_code,both_in_stock,neither_on_sale,False,,True,men,False,,normalized_compare,False,90000.0,False,1.0,1.0,90000.0,2.27,2.27,adidas_cheaper,adidas_lb,True,0.0,neither_discounted,tie,1,False,Adidas All Szn Men Sportswear T-Shirt Black,Adidas All Szn Men Sportswear T-Shirt Black,https://lb.mikesport.com/products/adidas-all-szn-men-sportswear-t-shirt-black-1,https://lb.mikesport.com/products/adidas-all-szn-men-sportswear-t-shirt-black-1,1,t-shirt,t-shirt,men,men,Black,Black,in_stock,in_stock,1,0,0,M | S,2,USD,USD,45.0,45.0,45.0,45.0,4050000.0,4050000.0,45.0,45.0,45.0,45.0,4050000.0,4050000.0,,,,,,,,,False,False,1,False,"ALL SZN T-Shirt, Multicolour","ALL SZN T-Shirt, Multicolour",https://www.adidas.com.lb/en/adidas-all-szn-t-shirt-multicolour/A7_IY4150_ONE.html,https://www.adidas.com.lb/en/adidas-all-szn-t-shirt-multicolour/A7_IY4150_ONE.html,1,T-Shirts,T-Shirts,men,men,Multicolour,Multicolour,in_stock,in_stock,1,0,0,XS | S | M | L | XL | 2XL,6,LBP,LBP,3960000.0,3960000.0,44.0,44.0,3960000.0,3960000.0,3960000.0,3960000.0,44.0,44.0,3960000.0,3960000.0,,,,,,,,,False,False,Neither retailer currently shows a discount for this style code.
IY8138,exact_style_code,both_in_stock,both_on_sale,False,,True,girls,True,Black,normalized_compare,False,90000.0,False,-10.0,-10.0,-900000.0,-33.33,-33.33,mikesport_cheaper,mikesport_lb,False,28.45,mikesport_higher_discount,mikesport_lb,1,False,Adidas Xpress Street Jam Kids-Girls Sportswear T-Shirt Black,Adidas Xpress Street Jam Kids-Girls Sportswear T-Shirt Black,https://lb.mikesport.com/products/adidas-xpress-street-jam-kids-girls-sportswear-t-shirt-black,https://lb.mikesport.com/products/adidas-xpress-street-jam-kids-girls-sportswear-t-shirt-black,1,t-shirt,t-shirt,girls,girls,Black,Black,in_stock,in_stock,1,0,0,7-8 Years,1,USD,USD,20.0,20.0,20.0,20.0,1800000.0,1800000.0,38.0,38.0,38.0,38.0,3420000.0,3420000.0,20.0,20.0,20.0,20.0,1800000.0,1800000.0,47.37,47.37,True,True,1,False,"Kids Xpress Street Jam Graphic T-Shirt, Black","Kids Xpress Street Jam Graphic T-Shirt, Black",https://www.adidas.com.lb/en/outlet-adidas-kids-xpress-street-jam-graphic-t-shirt-black/A9_IY8138_ONE.html,https://www.adidas.com.lb/en/outlet-adidas-kids-xpress-street-jam-graphic-t-shirt-black/A9_IY8138_ONE.html,1,Girls Clothing,Girls Clothing,girls,girls,Black,Black,in_stock,in_stock,1,0,0,7-8 Yrs | 11-12 Yrs | 13-14 Yrs | 9-10 Yrs,4,LBP,LBP,2700000.0,2700000.0,30.0,30.0,2700000.0,2700000.0,3330000.0,3330000.0,37.0,37.0,3330000.0,3330000.0,2700000.0,2700000.0,30.0,30.0,2700000.0,2700000.0,18.92,18.92,True,True,
IZ0089,exact_style_code,both_in_stock,both_on_sale,False,,True,men,True,Black,normalized_compare,False,90000.0,False,6.0,6.0,540000.0,25.0,25.0,adidas_cheaper,adidas_lb,False,-10.66,adidas_higher_discount,adidas_lb,1,False,Adidas Tie Dyed Men Original T-Shirt Black,Adidas Tie Dyed Men Original T-Shirt Black,https://lb.mikesport.com/products/adidas-tie-dyed-men-original-t-shirt-black,https://lb.mikesport.com/products/adidas-tie-dyed-men-original-t-shirt-black,1,t-shirt,t-shirt,men,men,Black,Black,in_stock,in_stock,1,0,0,L | M | S,3,USD,USD,30.0,30.0,30.0,30.0,2700000.0,2700000.0,60.0,60.0,60.0,60.0,5400000.0,5400000.0,30.0,30.0,30.0,30.0,2700000.0,2700000.0,50.0,50.0,True,True,1,False,"Tie-Dyed Short Sleeve T-Shirt, Black","Tie-Dyed Short Sleeve T-Shirt, Black",https://www.adidas.com.lb/en/adidas-outlet-tie-dyed-short-sleeve-t-shirt-black/A9_IZ0089_ONE.html,https://www.adidas.com.lb/en/adidas-outlet-tie-dyed-short-sleeve-t-shirt-black/A9_IZ0089_ONE.html,1,Tops,Tops,men,men,Black,Black,in_stock,in_stock,1,0,0,S,1,LBP,LBP,2160000.0,2160000.0,24.0,24.0,2160000.0,2160000.0,5490000.0,5490000.0,61.0,61.0,5490000.0,5490000.0,2160000.0,2160000.0,24.0,24.0,2160000.0,2160000.0,60.66,60.66,True,True,
IZ2367,exact_style_code,both_in_stock,both_on_sale,False,,True,men,False,,normalized_compare,False,90000.0,False,-8.0,-8.0,-720000.0,-18.6,-18.6,mikesport_cheaper,mikesport_lb,False,14.82,mikesport_higher_discount,mikesport_lb,1,False,Adidas Adicolor Classics 3 Stripes Men Originals T-Shirt Legacy Teal,Adidas Adicolor Classics 3 Stripes Men Originals T-Shirt Legacy Teal,https://lb.mikesport.com/products/adidas-adicolor-classics-3-stripes-men-originals-t-shirt-legacy-teal,https://lb.mikesport.com/products/adidas-adicolor-classics-3-stripes-men-originals-t-shirt-legacy-teal,1,t-shirt,t-shirt,men,men,Legacy Teal,Legacy Teal,in_stock,in_stock,1,0,0,L | M | S | XL,4,USD,USD,35.0,35.0,35.0,35.0,3150000.0,3150000.0,54.0,54.0,54.0,54.0,4860000.0,4860000.0,35.0,35.0,35.0,35.0,3150000.0,3150000.0,35.19,35.19,True,True,1,False,"Adicolor Classics 3-Stripes T-Shirt, Turquoise","Adicolor Classics 3-Stripes T-Shirt, Turquoise",https://www.adidas.com.lb/en/adidas-outlet-adicolor-classics-3-stripes-t-shirt-turquoise/A9_IZ2367_ONE.html,https://www.adidas.com.lb/en/adidas-outlet-adicolor-classics-3-stripes-t-shirt-turquoise/A9_IZ2367_ONE.html,1,Tops,Tops,men,men,Turquoise,Turquoise,in_stock,in_stock,1,0,0,S,1,LBP,LBP,3870000.0,3870000.0,43.0,43.0,3870000.0,3870000.0,4860000.0,4860000.0,54.0,54.0,4860000.0,4860000.0,3870000.0,3870000.0,43.0,43.0,3870000.0,3870000.0,20.37,20.37,True,True,
IZ2541,exact_style_code,both_in_stock,both_on_sale,False,,True,men,True,Black,normalized_compare,False,90000.0,False,19.0,19.0,1710000.0,30.16,30.16,adidas_cheaper,adidas_lb,False,-15.08,adidas_higher_discount,adidas_lb,1,False,Adidas Mono Men Originals Jacket Black,Adidas Mono Men Originals Jacket Black,https://lb.mikesport.com/products/adidas-mono-men-originals-jacket-black,https://lb.mikesport.com/products/adidas-mono-men-originals-jacket-black,1,jacket,jacket,men,men,Black,Black,in_stock,in_stock,1,0,0,2XL | L | M | S | XL,5,USD,USD,82.0,82.0,82.0,82.0,7380000.0,7380000.0,126.0,126.0,126.0,126.0,11340000.0,11340000.0,82.0,82.0,82.0,82.0,7380000.0,7380000.0,34.92,34.92,True,True,1,False,"Mono Track Top, Black","Mono Track Top, Black",https://www.adidas.com.lb/en/adidas-outlet-mono-track-top-black/A9_IZ2541_ONE.html,https://www.adidas.com.lb/en/adidas-outlet-mono-track-top-black/A9_IZ2541_ONE.html,1,Tracksuits,Tracksuits,men,men,Black,Black,in_stock,in_stock,1,0,0,S | M,2,LBP,LBP,5670000.0,5670000.0,63.0,63.0,5670000.0,5670000.0,11340000.0,11340000.0,126.0,126.0,11340000.0,11340000.0,5670000.0,5670000.0,63.0,63.0,5670000.0,5670000.0,50.0,50.0,True,True,
JC5282,exact_style_code,both_in_stock,neither_on_sale,False,,True,men,True,White,normalized_compare,False,90000.0,False,1.0,1.0,90000.0,2.27,2.27,adidas_cheaper,adidas_lb,True,0.0,neither_discounted,tie,1,False,Adidas Lounge Slides Graphic Pocket Men Sportswear T-Shirt White,Adidas Lounge Slides Graphic Pocket Men Sportswear T-Shirt White,https://lb.mikesport.com/products/adidas-lounge-slides-graphic-pocket-men-sportswear-t-shirt-white,https://lb.mikesport.com/products/adidas-lounge-slides-graphic-pocket-men-sportswear-t-shirt-white,1,t-shirt,t-shirt,men,men,White,White,in_stock,in_stock,1,0,0,L | XL,2,USD,USD,45.0,45.0,45.0,45.0,4050000.0,4050000.0,45.0,45.0,45.0,45.0,4050000.0,4050000.0,,,,,,,,,False,False,1,False,"Lounge Slides Graphic Pocket T-Shirt, White","Lounge Slides Graphic Pocket T-Shirt, White",https://www.adidas.com.lb/en/adidas-lounge-slides-graphic-pocket-t-shirt-white/A7_JC5282_ONE.html,https://www.adidas.com.lb/en/adidas-lounge-slides-graphic-pocket-t-shirt-white/A7_JC5282_ONE.html,1,T-Shirts,T-Shirts,men,men,White,White,in_stock,in_stock,1,0,0,S | M | L | XL | 2XL,5,LBP,LBP,3960000.0,3960000.0,44.0,44.0,3960000.0,3960000.0,3960000.0,3960000.0,44.0,44.0,3960000.0,3960000.0,,,,,,,,,False,False,Neither retailer currently shows a discount for this style code.
JC5338,exact_style_code,both_in_stock,neither_on_sale,False,,True,men,True,Black,normalized_compare,False,90000.0,True,0.0,0.0,0.0,0.0,0.0,same_price,tie,True,0.0,neither_discounted,tie,1,False,Adidas Future Icons Small Logo Men Sportswear T-Shirt Black,Adidas Future Icons Small Logo Men Sportswear T-Shirt Black,https://lb.mikesport.com/products/adidas-future-icons-small-logo-men-sportswear-t-shirt-black,https://lb.mikesport.com/products/adidas-future-icons-small-logo-men-sportswear-t-shirt-black,1,t-shirt,t-shirt,men,men,Black,Black,in_stock,in_stock,1,0,0,2XL | L | M | S | XL,5,USD,USD,54.0,54.0,54.0,54.0,4860000.0,4860000.0,54.0,54.0,54.0,54.0,4860000.0,4860000.0,,,,,,,,,False,False,1,False,"Future Icons Small Logo T-Shirt, Black","Future Icons Small Logo T-Shirt, Black",https://www.adidas.com.lb/en/adidas-future-icons-small-logo-t-shirt-black/A7_JC5338_ONE.html,https://www.adidas.com.lb/en/adidas-future-icons-small-logo-t-shirt-black/A7_JC5338_ONE.html,1,T-Shirts,T-Shirts,men,men,Black,Black,in_stock,in_stock,1,0,0,XS | S | M | L | XL | 2XL,6,LBP,LBP,4860000.0,4860000.0,54.0,54.0,4860000.0,4860000.0,4860000.0,4860000.0,54.0,54.0,4860000.0,4860000.0,,,,,,,,,False,False,Neither retailer currently shows a discount for this style code.
JC5339,exact_style_code,both_in_stock,neither_on_sale,False,,True,men,True,White,normalized_compare,False,90000.0,True,0.0,0.0,0.0,0.0,0.0,same_price,tie,True,0.0,neither_discounted,tie,1,False,Adidas Future Icons Small Logo Men Sportswear T-Shirt White,Adidas Future Icons Small Logo Men Sportswear T-Shirt White,https://lb.mikesport.com/products/adidas-future-icons-small-logo-men-sportswear-t-shirt-white,https://lb.mikesport.com/products/adidas-future-icons-small-logo-men-sportswear-t-shirt-white,1,t-shirt,t-shirt,men,men,White,White,in_stock,in_stock,1,0,0,L | M | XL,3,USD,USD,54.0,54.0,54.0,54.0,4860000.0,4860000.0,54.0,54.0,54.0,54.0,4860000.0,4860000.0,,,,,,,,,False,False,1,False,"Future Icons Small Logo T-Shirt, White","Future Icons Small Logo T-Shirt, White",https://www.adidas.com.lb/en/adidas-future-icons-small-logo-t-shirt-white/A7_JC5339_ONE.html,https://www.adidas.com.lb/en/adidas-future-icons-small-logo-t-shirt-white/A7_JC5339_ONE.html,1,T-Shirts,T-Shirts,men,men,White,White,in_stock,in_stock,1,0,0,S | M | L | XL,4,LBP,LBP,4860000.0,4860000.0,54.0,54.0,4860000.0,4860000.0,4860000.0,4860000.0,54.0,54.0,4860000.0,4860000.0,,,,,,,,,False,False,Neither retailer currently shows a discount for this style code.
JC5454,exact_style_code,both_in_stock,neither_on_sale,False,,True,women,True,Black,normalized_compare,False,90000.0,True,0.0,0.0,0.0,0.0,0.0,same_price,tie,True,0.0,neither_discounted,tie,1,False,Adidas Future Icons 3 Stripes Regular Women Sportswear Pant Black,Adidas Future Icons 3 Stripes Regular Women Sportswear Pant Black,https://lb.mikesport.com/products/adidas-future-icons-3-stripes-regular-women-sportswear-pant-black,https://lb.mikesport.com/products/adidas-future-icons-3-stripes-regular-women-sportswear-pant-black,1,pant,pant,women,women,Black,Black,in_stock,in_stock,1,0,0,L | M | S,3,USD,USD,95.0,95.0,95.0,95.0,8550000.0,8550000.0,95.0,95.0,95.0,95.0,8550000.0,8550000.0,,,,,,,,,False,False,1,False,"Future Icons 3-Stripes Tracksuit Bottoms, Black","Future Icons 3-Stripes Tracksuit Bottoms, Black",https://www.adidas.com.lb/en/adidas-future-icons-3-stripes-tracksuit-bottoms-black/A7_JC5454_ONE.html,https://www.adidas.com.lb/en/adidas-future-icons-3-stripes-tracksuit-bottoms-black/A7_JC5454_ONE.html,1,Tracksuits,Tracksuits,women,women,Black,Black,in_stock,in_stock,1,0,0,XS | S | M | L,4,LBP,LBP,8550000.0,8550000.0,95.0,95.0,8550000.0,8550000.0,8550000.0,8550000.0,95.0,95.0,8550000.0,8550000.0,,,,,,,,,False,False,Neither retailer currently shows a discount for this style code.
JC5482,exact_style_code,both_in_stock,neither_on_sale,False,,True,men,True,White,normalized_compare,False,90000.0,False,1.0,1.0,90000.0,1.32,1.32,adidas_cheaper,adidas_lb,True,0.0,neither_discounted,tie,1,False,Adidas Z N E Loose Men Sportswear T-Shirt White,Adidas Z N E Loose Men Sportswear T-Shirt White,https://lb.mikesport.com/products/adidas-z-n-e-loose-men-sportswear-t-shirt-white,https://lb.mikesport.com/products/adidas-z-n-e-loose-men-sportswear-t-shirt-white,1,t-shirt,t-shirt,men,men,White,White,in_stock,in_stock,1,0,0,L | M | S | XL,4,USD,USD,77.0,77.0,77.0,77.0,6930000.0,6930000.0,77.0,77.0,77.0,77.0,6930000.0,6930000.0,,,,,,,,,False,False,1,False,"Adidas Z.N.E. Loose-Fit T-Shirt, White","Adidas Z.N.E. Loose-Fit T-Shirt, White",https://www.adidas.com.lb/en/adidas-adidas-z.n.e.-loose-fit-t-shirt-white/A7_JC5482_ONE.html,https://www.adidas.com.lb/en/adidas-adidas-z.n.e.-loose-fit-t-shirt-white/A7_JC5482_ONE.html,1,T-Shirts,T-Shirts,men,men,White,White,in_stock,in_stock,1,0,0,S | M | L | XL | 2XL,5,LBP,LBP,6840000.0,6840000.0,76.0,76.0,6840000.0,6840000.0,6840000.0,6840000.0,76.0,76.0,6840000.0,6840000.0,,,,,,,,,False,False,Neither retailer currently shows a discount for this style code.
JC6023,exact_style_code,both_in_stock,neither_on_sale,False,,True,unisex,False,,normalized_compare,False,90000.0,False,1.0,1.0,90000.0,3.57,3.57,adidas_cheaper,adidas_lb,True,0.0,neither_discounted,tie,1,False,Adidas Baseball Unisex Original Cap Black,Adidas Baseball Unisex Original Cap Black,https://lb.mikesport.com/products/adidas-baseball-unisex-original-cap-black-1,https://lb.mikesport.com/products/adidas-baseball-unisex-original-cap-black-1,1,cap,cap,unisex,unisex,"baseball cap has it all. The cotton twill build gives it a soft, durable feel that only gets better the more you wear it. The classic Trefoil on the front adds a sporty finish. Highlights: D-Ring Closure Pre-Curved Brim Composition: 100% Cotton Color: Black","baseball cap has it all. The cotton twill build gives it a soft, durable feel that only gets better the more you wear it. The classic Trefoil on the front adds a sporty finish. Highlights: D-Ring Closure Pre-Curved Brim Composition: 100% Cotton Color: Black",in_stock,in_stock,1,0,0,,0,USD,USD,29.0,29.0,29.0,29.0,2610000.0,2610000.0,29.0,29.0,29.0,29.0,2610000.0,2610000.0,,,,,,,,,False,False,1,False,"Unisex Adicolor Classic Trefoil Baseball Cap, Black","Unisex Adicolor Classic Trefoil Baseball Cap, Black",https://www.adidas.com.lb/en/adidas-unisex-adicolor-classic-trefoil-baseball-cap-black/A7_JC6023_ONE.html,https://www.adidas.com.lb/en/adidas-unisex-adicolor-classic-trefoil-baseball-cap-black/A7_JC6023_ONE.html,1,Caps,Caps,unisex,unisex,Black,Black,in_stock,in_stock,1,0,0,One-Size,1,LBP,LBP,2520000.0,2520000.0,28.0,28.0,2520000.0,2520000.0,2520000.0,2520000.0,28.0,28.0,2520000.0,2520000.0,,,,,,,,,False,False,Neither retailer currently shows a discount for this style code.
JC6038,exact_style_code,both_in_stock,neither_on_sale,False,,True,unisex,True,Black,normalized_compare,False,90000.0,True,0.0,0.0,0.0,0.0,0.0,same_price,tie,True,0.0,neither_discounted,tie,1,False,Adidas Curved Unisex Original Cap Black,Adidas Curved Unisex Original Cap Black,https://lb.mikesport.com/products/adidas-curved-unisex-original-cap-black,https://lb.mikesport.com/products/adidas-curved-unisex-original-cap-black,1,cap,cap,unisex,unisex,Black,Black,in_stock,in_stock,1,0,0,,0,USD,USD,32.0,32.0,32.0,32.0,2880000.0,2880000.0,32.0,32.0,32.0,32.0,2880000.0,2880000.0,,,,,,,,,False,False,1,False,"Unisex Adicolor Classic Curved Foam Trucker Cap, Black","Unisex Adicolor Classic Curved Foam Trucker Cap, Black",https://www.adidas.com.lb/en/adidas-unisex-adicolor-classic-curved-foam-trucker-cap-black/A7_JC6038_ONE.html,https://www.adidas.com.lb/en/adidas-unisex-adicolor-classic-curved-foam-trucker-cap-black/A7_JC6038_ONE.html,1,Caps,Caps,unisex,unisex,Black,Black,in_stock,in_stock,1,0,0,One-Size,1,LBP,LBP,2880000.0,2880000.0,32.0,32.0,2880000.0,2880000.0,2880000.0,2880000.0,32.0,32.0,2880000.0,2880000.0,,,,,,,,,False,False,Neither retailer currently shows a discount for this style code.
JC6039,exact_style_code,both_in_stock,neither_on_sale,False,,True,unisex,True,White,normalized_compare,False,90000.0,True,0.0,0.0,0.0,0.0,0.0,same_price,tie,True,0.0,neither_discounted,tie,1,False,Adidas Curved Unisex Original Cap White,Adidas Curved Unisex Original Cap White,https://lb.mikesport.com/products/adidas-curved-unisex-original-cap-white,https://lb.mikesport.com/products/adidas-curved-unisex-original-cap-white,1,cap,cap,unisex,unisex,White,White,in_stock,in_stock,1,0,0,,0,USD,USD,32.0,32.0,32.0,32.0,2880000.0,2880000.0,32.0,32.0,32.0,32.0,2880000.0,2880000.0,,,,,,,,,False,False,1,False,"Unisex Adicolor Classic Curved Foam Trucker Cap, White","Unisex Adicolor Classic Curved Foam Trucker Cap, White",https://www.adidas.com.lb/en/adidas-unisex-adicolor-classic-curved-foam-trucker-cap-white/A7_JC6039_ONE.html,https://www.adidas.com.lb/en/adidas-unisex-adicolor-classic-curved-foam-trucker-cap-white/A7_JC6039_ONE.html,1,Caps,Caps,unisex,unisex,White,White,in_stock,in_stock,1,0,0,One-Size,1,LBP,LBP,2880000.0,2880000.0,32.0,32.0,2880000.0,2880000.0,2880000.0,2880000.0,32.0,32.0,2880000.0,2880000.0,,,,,,,,,False,False,Neither retailer currently shows a discount for this style code.
JC7675,exact_style_code,both_in_stock,neither_on_sale,False,,False,,False,,normalized_compare,False,90000.0,True,0.0,0.0,0.0,0.0,0.0,same_price,tie,True,0.0,neither_discounted,tie,1,False,Adidas Train Essentials Kids-Boys Sportswear T-Shirt Royal Blue/White,Adidas Train Essentials Kids-Boys Sportswear T-Shirt Royal Blue/White,https://lb.mikesport.com/products/adidas-train-essentials-kids-boys-sportswear-t-shirt-royal-blue-white,https://lb.mikesport.com/products/adidas-train-essentials-kids-boys-sportswear-t-shirt-royal-blue-white,1,t-shirt,t-shirt,boys,boys,Royal Blue/White,Royal Blue/White,in_stock,in_stock,1,0,0,7-8 Years | 13-14 Years,2,USD,USD,26.0,26.0,26.0,26.0,2340000.0,2340000.0,26.0,26.0,26.0,26.0,2340000.0,2340000.0,,,,,,,,,False,False,1,False,"Unisex Kids Train Essentials Logo Regular Fit T-Shirt, Blue","Unisex Kids Train Essentials Logo Regular Fit T-Shirt, Blue",https://www.adidas.com.lb/en/adidas-unisex-kids-train-essentials-logo-regular-fit-t-shirt-blue/A7_JC7675_ONE.html,https://www.adidas.com.lb/en/adidas-unisex-kids-train-essentials-logo-regular-fit-t-shirt-blue/A7_JC7675_ONE.html,1,T-Shirts,T-Shirts,kids,kids,Blue,Blue,in_stock,in_stock,1,0,0,7-8 Yrs | 11-12 Yrs | 9-10 Yrs,3,LBP,LBP,2340000.0,2340000.0,26.0,26.0,2340000.0,2340000.0,2340000.0,2340000.0,26.0,26.0,2340000.0,2340000.0,,,,,,,,,False,False,Neither retailer currently shows a discount for this style code.
JC8305,exact_style_code,both_in_stock,neither_on_sale,False,,True,women,False,,normalized_compare,False,90000.0,True,0.0,0.0,0.0,0.0,0.0,same_price,tie,True,0.0,neither_discounted,tie,1,False,Adidas Essentials Small Logo Women Sportswear Pant Wonder Alumina/White,Adidas Essentials Small Logo Women Sportswear Pant Wonder Alumina/White,https://lb.mikesport.com/products/adidas-essentials-small-logo-women-sportswear-pant-wonder-alumina-white,https://lb.mikesport.com/products/adidas-essentials-small-logo-women-sportswear-pant-wonder-alumina-white,1,pant,pant,women,women,Wonder Alumina/White,Wonder Alumina/White,in_stock,in_stock,1,0,0,L | M,2,USD,USD,67.0,67.0,67.0,67.0,6030000.0,6030000.0,67.0,67.0,67.0,67.0,6030000.0,6030000.0,,,,,,,,,False,False,1,False,"Essentials Small Logo French Terry Cuffed Joggers, Grey","Essentials Small Logo French Terry Cuffed Joggers, Grey",https://www.adidas.com.lb/en/adidas-essentials-small-logo-french-terry-cuffed-joggers-grey/A7_JC8305_ONE.html,https://www.adidas.com.lb/en/adidas-essentials-small-logo-french-terry-cuffed-joggers-grey/A7_JC8305_ONE.html,1,Joggers & Trousers,Joggers & Trousers,women,women,Grey,Grey,in_stock,in_stock,1,0,0,XS | S | M | L,4,LBP,LBP,6030000.0,6030000.0,67.0,67.0,6030000.0,6030000.0,6030000.0,6030000.0,67.0,67.0,6030000.0,6030000.0,,,,,,,,,False,False,Neither retailer currently shows a discount for this style code.
JC8325,exact_style_code,both_in_stock,neither_on_sale,False,,False,,False,,normalized_compare,False,90000.0,False,1.0,1.0,90000.0,2.7,2.7,adidas_cheaper,adidas_lb,True,0.0,neither_discounted,tie,1,False,Adidas Essentials 3 Stripes Slim Women Sportswear T-Shirt Black/White,Adidas Essentials 3 Stripes Slim Women Sportswear T-Shirt Black/White,https://lb.mikesport.com/products/adidas-essentials-3-stripes-slim-women-sportswear-t-shirt-black-white,https://lb.mikesport.com/products/adidas-essentials-3-stripes-slim-women-sportswear-t-shirt-black-white,1,t-shirt,t-shirt,women,women,Black / White,Black / White,in_stock,in_stock,1,0,0,L | M | S | XS,4,USD,USD,38.0,38.0,38.0,38.0,3420000.0,3420000.0,38.0,38.0,38.0,38.0,3420000.0,3420000.0,,,,,,,,,False,False,1,False,"Essentials 3-Stripes Slim Baby T-Shirt, Black","Essentials 3-Stripes Slim Baby T-Shirt, Black",https://www.adidas.com.lb/en/adidas-essentials-3-stripes-slim-baby-t-shirt-black/A7_JC8325_ONE.html,https://www.adidas.com.lb/en/adidas-essentials-3-stripes-slim-baby-t-shirt-black/A7_JC8325_ONE.html,1,T-Shirts,T-Shirts,men,men,Black,Black,in_stock,in_stock,1,0,0,XS | S | M | L,4,LBP,LBP,3330000.0,3330000.0,37.0,37.0,3330000.0,3330000.0,3330000.0,3330000.0,37.0,37.0,3330000.0,3330000.0,,,,,,,,,False,False,Neither retailer currently shows a discount for this style code.
JC9309,exact_style_code,both_in_stock,both_on_sale,False,,True,women,True,Black,normalized_compare,False,90000.0,False,-2.0,-2.0,-180000.0,-2.22,-2.22,mikesport_cheaper,mikesport_lb,False,0.03,mikesport_higher_discount,mikesport_lb,1,False,Adidas Z N E Women Sportswear Pant Black,Adidas Z N E Women Sportswear Pant Black,https://lb.mikesport.com/products/adidas-z-n-e-women-sportswear-pant-black,https://lb.mikesport.com/products/adidas-z-n-e-women-sportswear-pant-black,1,pant,pant,women,women,Black,Black,in_stock,in_stock,1,0,0,S | XS,2,USD,USD,88.0,88.0,88.0,88.0,7920000.0,7920000.0,135.0,135.0,135.0,135.0,12150000.0,12150000.0,88.0,88.0,88.0,88.0,7920000.0,7920000.0,34.81,34.81,True,True,1,False,"adidas Z.N.E. Tracksuit Bottoms, Black","adidas Z.N.E. Tracksuit Bottoms, Black",https://www.adidas.com.lb/en/adidas-outlet-adidas-z.n.e.-tracksuit-bottoms-black/A9_JC9309_ONE.html,https://www.adidas.com.lb/en/adidas-outlet-adidas-z.n.e.-tracksuit-bottoms-black/A9_JC9309_ONE.html,1,Joggers & Trousers,Joggers & Trousers,women,women,Black,Black,in_stock,in_stock,1,0,0,XS,1,LBP,LBP,8100000.0,8100000.0,90.0,90.0,8100000.0,8100000.0,12420000.0,12420000.0,138.0,138.0,12420000.0,12420000.0,8100000.0,8100000.0,90.0,90.0,8100000.0,8100000.0,34.78,34.78,True,True,
JC9556,exact_style_code,both_in_stock,neither_on_sale,False,,True,women,True,White,normalized_compare,False,90000.0,False,1.0,1.0,90000.0,2.27,2.27,adidas_cheaper,adidas_lb,True,0.0,neither_discounted,tie,1,False,Adidas Train Essentials Boxy Workout Women Training T-Shirt White,Adidas Train Essentials Boxy Workout Women Training T-Shirt White,https://lb.mikesport.com/products/adidas-train-essentials-boxy-workout-women-training-t-shirt-white,https://lb.mikesport.com/products/adidas-train-essentials-boxy-workout-women-training-t-shirt-white,1,t-shirt,t-shirt,women,women,White,White,in_stock,in_stock,1,0,0,L | M | S | XS,4,USD,USD,45.0,45.0,45.0,45.0,4050000.0,4050000.0,45.0,45.0,45.0,45.0,4050000.0,4050000.0,,,,,,,,,False,False,1,False,"Train Essentials Boxy Workout T-Shirt, White","Train Essentials Boxy Workout T-Shirt, White",https://www.adidas.com.lb/en/adidas-train-essentials-boxy-workout-t-shirt-white/A7_JC9556_ONE.html,https://www.adidas.com.lb/en/adidas-train-essentials-boxy-workout-t-shirt-white/A7_JC9556_ONE.html,1,T-Shirts & Tops,T-Shirts & Tops,women,women,White,White,in_stock,in_stock,1,0,0,XS | S | M | L | XL,5,LBP,LBP,3960000.0,3960000.0,44.0,44.0,3960000.0,3960000.0,3960000.0,3960000.0,44.0,44.0,3960000.0,3960000.0,,,,,,,,,False,False,Neither retailer currently shows a discount for this style code.
JC9623,exact_style_code,both_in_stock,neither_on_sale,False,,True,girls,False,,normalized_compare,False,90000.0,False,1.0,1.0,90000.0,3.57,3.57,adidas_cheaper,adidas_lb,True,0.0,neither_discounted,tie,1,False,Adidas Essentials Kids-Girls Sportswear T-Shirt Clear Pink/White,Adidas Essentials Kids-Girls Sportswear T-Shirt Clear Pink/White,https://lb.mikesport.com/products/adidas-essentials-kids-girls-sportswear-t-shirt-clear-pink-white,https://lb.mikesport.com/products/adidas-essentials-kids-girls-sportswear-t-shirt-clear-pink-white,1,t-shirt,t-shirt,girls,girls,Clear Pink/White,Clear Pink/White,in_stock,in_stock,1,0,0,7-8 Years | 9-10 Years | 11-12 Years | 13-14 Years,4,USD,USD,29.0,29.0,29.0,29.0,2610000.0,2610000.0,29.0,29.0,29.0,29.0,2610000.0,2610000.0,,,,,,,,,False,False,1,False,"Kids Essentials T-Shirt, Pink","Kids Essentials T-Shirt, Pink",https://www.adidas.com.lb/en/adidas-kids-essentials-t-shirt-pink/A7_JC9623_ONE.html,https://www.adidas.com.lb/en/adidas-kids-essentials-t-shirt-pink/A7_JC9623_ONE.html,1,T-Shirts & Tops,T-Shirts & Tops,girls,girls,Pink,Pink,in_stock,in_stock,1,0,0,7-8 Yrs | 11-12 Yrs | 13-14 Yrs | 9-10 Yrs | 170,5,LBP,LBP,2520000.0,2520000.0,28.0,28.0,2520000.0,2520000.0,2520000.0,2520000.0,28.0,28.0,2520000.0,2520000.0,,,,,,,,,False,False,Neither retailer currently shows a discount for this style code.
JC9632,exact_style_code,both_in_stock,neither_on_sale,False,,True,girls,False,,normalized_compare,False,90000.0,False,1.0,1.0,90000.0,2.7,2.7,adidas_cheaper,adidas_lb,True,0.0,neither_discounted,tie,1,False,Adidas Essentials Kids-Girls Sportswear Tight Black/White,Adidas Essentials Kids-Girls Sportswear Tight Black/White,https://lb.mikesport.com/products/adidas-essentials-kids-girls-sportswear-tight-black-white,https://lb.mikesport.com/products/adidas-essentials-kids-girls-sportswear-tight-black-white,1,tight,tight,girls,girls,Black/White,Black/White,in_stock,in_stock,1,0,0,7-8 Years | 9-10 Years | 11-12 Years | 13-14 Years,4,USD,USD,38.0,38.0,38.0,38.0,3420000.0,3420000.0,38.0,38.0,38.0,38.0,3420000.0,3420000.0,,,,,,,,,False,False,1,False,"Kids Essentials Leggings, Black","Kids Essentials Leggings, Black",https://www.adidas.com.lb/en/adidas-kids-essentials-leggings-black/A7_JC9632_ONE.html,https://www.adidas.com.lb/en/adidas-kids-essentials-leggings-black/A7_JC9632_ONE.html,1,Leggings,Leggings,girls,girls,Black,Black,in_stock,in_stock,1,0,0,7-8 Yrs | 11-12 Yrs | 13-14 Yrs | 9-10 Yrs | 170,5,LBP,LBP,3330000.0,3330000.0,37.0,37.0,3330000.0,3330000.0,3330000.0,3330000.0,37.0,37.0,3330000.0,3330000.0,,,,,,,,,False,False,Neither retailer currently shows a discount for this style code.
JC9639,exact_style_code,both_in_stock,neither_on_sale,False,,False,,False,,normalized_compare,False,90000.0,True,0.0,0.0,0.0,0.0,0.0,same_price,tie,True,0.0,neither_discounted,tie,1,False,Adidas Essentials Baby-Girls Sportswear Set Clear Pink/White,Adidas Essentials Baby-Girls Sportswear Set Clear Pink/White,https://lb.mikesport.com/products/adidas-essentials-baby-girls-sportswear-set-clear-pink-white,https://lb.mikesport.com/products/adidas-essentials-baby-girls-sportswear-set-clear-pink-white,1,set,set,girls,girls,Clear Pink/White,Clear Pink/White,in_stock,in_stock,1,0,0,3-4 Years | 12-18 Months | 2 Years | 2-3 Years,4,USD,USD,44.0,44.0,44.0,44.0,3960000.0,3960000.0,44.0,44.0,44.0,44.0,3960000.0,3960000.0,,,,,,,,,False,False,1,False,"Unisex Kids Essentials Tee Set, Pink","Unisex Kids Essentials Tee Set, Pink",https://www.adidas.com.lb/en/adidas-unisex-kids-essentials-tee-set-pink/A7_JC9639_ONE.html,https://www.adidas.com.lb/en/adidas-unisex-kids-essentials-tee-set-pink/A7_JC9639_ONE.html,1,Tracksuits,Tracksuits,kids,kids,Pink,Pink,in_stock,in_stock,1,0,0,3-4 Yrs | 2-3 Yrs,2,LBP,LBP,3960000.0,3960000.0,44.0,44.0,3960000.0,3960000.0,3960000.0,3960000.0,44.0,44.0,3960000.0,3960000.0,,,,,,,,,False,False,Neither retailer currently shows a discount for this style code.
JC9641,exact_style_code,both_in_stock,neither_on_sale,False,,False,,False,,normalized_compare,False,90000.0,True,0.0,0.0,0.0,0.0,0.0,same_price,tie,True,0.0,neither_discounted,tie,1,False,Adidas Essentials Baby-Boys Sportswear Set Glow Blue/White,Adidas Essentials Baby-Boys Sportswear Set Glow Blue/White,https://lb.mikesport.com/products/adidas-essentials-baby-boys-sportswear-set-glow-blue-white,https://lb.mikesport.com/products/adidas-essentials-baby-boys-sportswear-set-glow-blue-white,1,set,set,boys,boys,Glow Blue/White,Glow Blue/White,in_stock,in_stock,1,0,0,3-4 Years | 12-18 Months | 2 Years | 2-3 Years,4,USD,USD,44.0,44.0,44.0,44.0,3960000.0,3960000.0,44.0,44.0,44.0,44.0,3960000.0,3960000.0,,,,,,,,,False,False,1,False,"Unisex Kids Essentials Tee Set, Blue","Unisex Kids Essentials Tee Set, Blue",https://www.adidas.com.lb/en/adidas-unisex-kids-essentials-tee-set-blue/A7_JC9641_ONE.html,https://www.adidas.com.lb/en/adidas-unisex-kids-essentials-tee-set-blue/A7_JC9641_ONE.html,1,Tracksuits,Tracksuits,kids,kids,Blue,Blue,in_stock,in_stock,1,0,0,1-2 Yrs | 3-4 Yrs | 6-9 M | 9-12 M | 2-3 Yrs,5,LBP,LBP,3960000.0,3960000.0,44.0,44.0,3960000.0,3960000.0,3960000.0,3960000.0,44.0,44.0,3960000.0,3960000.0,,,,,,,,,False,False,Neither retailer currently shows a discount for this style code.
JC9667,exact_style_code,both_in_stock,neither_on_sale,False,,False,,False,,normalized_compare,False,90000.0,False,-1.0,-1.0,-90000.0,-1.64,-1.64,mikesport_cheaper,mikesport_lb,True,0.0,neither_discounted,tie,1,False,Adidas Essentials Kids-Boys Sportswear Hoody Black/White,Adidas Essentials Kids-Boys Sportswear Hoody Black/White,https://lb.mikesport.com/products/adidas-essentials-kids-boys-sportswear-hoody-black-white,https://lb.mikesport.com/products/adidas-essentials-kids-boys-sportswear-hoody-black-white,1,hoody,hoody,boys,boys,Black/White,Black/White,in_stock,in_stock,1,0,0,7-8 Years | 9-10 Years | 11-12 Years | 13-14 Years,4,USD,USD,60.0,60.0,60.0,60.0,5400000.0,5400000.0,60.0,60.0,60.0,60.0,5400000.0,5400000.0,,,,,,,,,False,False,1,False,"Unisex Kids Essentials Hoodie, Black","Unisex Kids Essentials Hoodie, Black",https://www.adidas.com.lb/en/adidas-unisex-kids-essentials-hoodie-black/A7_JC9667_ONE.html,https://www.adidas.com.lb/en/adidas-unisex-kids-essentials-hoodie-black/A7_JC9667_ONE.html,1,Hoodies & Sweatshirts,Hoodies & Sweatshirts,kids,kids,Black,Black,in_stock,in_stock,1,0,0,7-8 Yrs | 11-12 Yrs | 13-14 Yrs | 9-10 Yrs | 15-16 Yrs,5,LBP,LBP,5490000.0,5490000.0,61.0,61.0,5490000.0,5490000.0,5490000.0,5490000.0,61.0,61.0,5490000.0,5490000.0,,,,,,,,,False,False,Neither retailer currently shows a discount for this style code.
JC9762,exact_style_code,both_in_stock,neither_on_sale,False,,True,unisex,False,,normalized_compare,False,90000.0,True,0.0,0.0,0.0,0.0,0.0,same_price,tie,True,0.0,neither_discounted,tie,1,False,Adidas Essentials Cargo Kids Unisex Sportswear Pant Black/White,Adidas Essentials Cargo Kids Unisex Sportswear Pant Black/White,https://lb.mikesport.com/products/adidas-essentials-cargo-kids-unisex-sportswear-pant-black-white,https://lb.mikesport.com/products/adidas-essentials-cargo-kids-unisex-sportswear-pant-black-white,1,pant,pant,unisex,unisex,Black/White,Black/White,in_stock,in_stock,1,0,0,9-10 Years,1,USD,USD,54.0,54.0,54.0,54.0,4860000.0,4860000.0,54.0,54.0,54.0,54.0,4860000.0,4860000.0,,,,,,,,,False,False,1,False,"Unisex Essentials Cargo Joggers, Black","Unisex Essentials Cargo Joggers, Black",https://www.adidas.com.lb/en/adidas-unisex-essentials-cargo-joggers-black/A7_JC9762_ONE.html,https://www.adidas.com.lb/en/adidas-unisex-essentials-cargo-joggers-black/A7_JC9762_ONE.html,1,Joggers & Trousers,Joggers & Trousers,unisex,unisex,Black,Black,in_stock,in_stock,1,0,0,7-8 Yrs | 13-14 Yrs | 9-10 Yrs,3,LBP,LBP,4860000.0,4860000.0,54.0,54.0,4860000.0,4860000.0,4860000.0,4860000.0,54.0,54.0,4860000.0,4860000.0,,,,,,,,,False,False,Neither retailer currently shows a discount for this style code.
JC9770,exact_style_code,both_in_stock,neither_on_sale,False,,True,unisex,False,,normalized_compare,False,90000.0,False,1.0,1.0,90000.0,3.57,3.57,adidas_cheaper,adidas_lb,True,0.0,neither_discounted,tie,1,False,Adidas Chelsea Kids-Unisex Sportswear Short Black/White,Adidas Chelsea Kids-Unisex Sportswear Short Black/White,https://lb.mikesport.com/products/adidas-chelsea-kids-unisex-sportswear-short-black-white,https://lb.mikesport.com/products/adidas-chelsea-kids-unisex-sportswear-short-black-white,1,short,short,unisex,unisex,Black/White,Black/White,in_stock,in_stock,1,0,0,7-8 Years | 9-10 Years,2,USD,USD,29.0,29.0,29.0,29.0,2610000.0,2610000.0,29.0,29.0,29.0,29.0,2610000.0,2610000.0,,,,,,,,,False,False,1,False,"Kids Unisex Essentials Climacool Shorts, Black","Kids Unisex Essentials Climacool Shorts, Black",https://www.adidas.com.lb/en/adidas-kids-unisex-essentials-climacool-shorts-black/A7_JC9770_ONE.html,https://www.adidas.com.lb/en/adidas-kids-unisex-essentials-climacool-shorts-black/A7_JC9770_ONE.html,1,Shorts,Shorts,unisex,unisex,Black,Black,in_stock,in_stock,1,0,0,7-8 Yrs | 11-12 Yrs | 13-14 Yrs | 9-10 Yrs,4,LBP,LBP,2520000.0,2520000.0,28.0,28.0,2520000.0,2520000.0,2520000.0,2520000.0,28.0,28.0,2520000.0,2520000.0,,,,,,,,,False,False,Neither retailer currently shows a discount for this style code.
JC9774,exact_style_code,both_in_stock,neither_on_sale,False,,False,,False,,normalized_compare,False,90000.0,False,-1.0,-1.0,-90000.0,-3.85,-3.85,mikesport_cheaper,mikesport_lb,True,0.0,neither_discounted,tie,1,False,Adidas Essentials Kids Unisex Sportswear T-Shirt White/Black,Adidas Essentials Kids Unisex Sportswear T-Shirt White/Black,https://lb.mikesport.com/products/adidas-essentials-kids-unisex-sportswear-t-shirt-white-black,https://lb.mikesport.com/products/adidas-essentials-kids-unisex-sportswear-t-shirt-white-black,1,t-shirt,t-shirt,unisex,unisex,White/Black,White/Black,in_stock,in_stock,1,0,0,7-8 Years | 9-10 Years | 11-12 Years | 13-14 Years,4,USD,USD,25.0,25.0,25.0,25.0,2250000.0,2250000.0,25.0,25.0,25.0,25.0,2250000.0,2250000.0,,,,,,,,,False,False,1,False,"Unisex Kids Essentials T-Shirt, White","Unisex Kids Essentials T-Shirt, White",https://www.adidas.com.lb/en/adidas-unisex-kids-essentials-t-shirt-white/A7_JC9774_ONE.html,https://www.adidas.com.lb/en/adidas-unisex-kids-essentials-t-shirt-white/A7_JC9774_ONE.html,1,T-Shirts,T-Shirts,kids,kids,White,White,in_stock,in_stock,1,0,0,7-8 Yrs | 13-14 Yrs | 9-10 Yrs,3,LBP,LBP,2340000.0,2340000.0,26.0,26.0,2340000.0,2340000.0,2340000.0,2340000.0,26.0,26.0,2340000.0,2340000.0,,,,,,,,,False,False,Neither retailer currently shows a discount for this style code.
JC9889,exact_style_code,both_in_stock,both_on_sale,False,,True,women,False,,normalized_compare,False,90000.0,False,13.0,13.0,1170000.0,72.22,72.22,adidas_cheaper,adidas_lb,False,-21.31,adidas_higher_discount,adidas_lb,1,False,Adidas Own The Run Climacool Colorblock Women Running T-Shirt White/Violet,Adidas Own The Run Climacool Colorblock Women Running T-Shirt White/Violet,https://lb.mikesport.com/products/adidas-own-the-run-climacool-colorblock-women-running-t-shirt-white-violet,https://lb.mikesport.com/products/adidas-own-the-run-climacool-colorblock-women-running-t-shirt-white-violet,1,t-shirt,t-shirt,women,women,White/Violet,White/Violet,in_stock,in_stock,1,0,0,S,1,USD,USD,31.0,31.0,31.0,31.0,2790000.0,2790000.0,61.0,61.0,61.0,61.0,5490000.0,5490000.0,31.0,31.0,31.0,31.0,2790000.0,2790000.0,49.18,49.18,True,True,1,False,"Own the Run CLIMACOOL Colorblock T-Shirt, White","Own the Run CLIMACOOL Colorblock T-Shirt, White",https://www.adidas.com.lb/en/adidas-outlet-own-the-run-climacool-colorblock-t-shirt-white/A9_JC9889_ONE.html,https://www.adidas.com.lb/en/adidas-outlet-own-the-run-climacool-colorblock-t-shirt-white/A9_JC9889_ONE.html,1,Tops,Tops,women,women,White,White,in_stock,in_stock,1,0,0,S,1,LBP,LBP,1620000.0,1620000.0,18.0,18.0,1620000.0,1620000.0,5490000.0,5490000.0,61.0,61.0,5490000.0,5490000.0,1620000.0,1620000.0,18.0,18.0,1620000.0,1620000.0,70.49,70.49,True,True,
JD0112,exact_style_code,both_in_stock,both_on_sale,False,,True,unisex,False,,normalized_compare,False,90000.0,False,10.0,10.0,900000.0,29.41,29.41,adidas_cheaper,adidas_lb,False,-14.92,adidas_higher_discount,adidas_lb,1,False,Adidas All Sport Nxt Kids-Unisex Sportswear Pant Black/White,Adidas All Sport Nxt Kids-Unisex Sportswear Pant Black/White,https://lb.mikesport.com/products/adidas-all-sport-nxt-kids-unisex-sportswear-pant-black-white,https://lb.mikesport.com/products/adidas-all-sport-nxt-kids-unisex-sportswear-pant-black-white,1,pant,pant,unisex,unisex,Black/White,Black/White,in_stock,in_stock,1,0,0,7-8 Years | 11-12 Years | 13-14 Years,3,USD,USD,44.0,44.0,44.0,44.0,3960000.0,3960000.0,67.0,67.0,67.0,67.0,6030000.0,6030000.0,44.0,44.0,44.0,44.0,3960000.0,3960000.0,34.33,34.33,True,True,1,False,"Kids Unisex All Sport Nxt Pants, Black","Kids Unisex All Sport Nxt Pants, Black",https://www.adidas.com.lb/en/adidas-outlet-kids-unisex-all-sport-nxt-pants-black/A9_JD0112_ONE.html,https://www.adidas.com.lb/en/adidas-outlet-kids-unisex-all-sport-nxt-pants-black/A9_JD0112_ONE.html,1,Boys Clothing,Boys Clothing,unisex,unisex,Black,Black,in_stock,in_stock,1,0,0,7-8 Yrs | 11-12 Yrs,2,LBP,LBP,3060000.0,3060000.0,34.0,34.0,3060000.0,3060000.0,6030000.0,6030000.0,67.0,67.0,6030000.0,6030000.0,3060000.0,3060000.0,34.0,34.0,3060000.0,3060000.0,49.25,49.25,True,True,
JD0896,exact_style_code,both_in_stock,neither_on_sale,False,,True,women,True,Black,normalized_compare,False,90000.0,False,1.0,1.0,90000.0,1.32,1.32,adidas_cheaper,adidas_lb,True,0.0,neither_discounted,tie,1,False,Adidas Essentials 3 Stripes Jogger Women Sportswear Pant Black,Adidas Essentials 3 Stripes Jogger Women Sportswear Pant Black,https://lb.mikesport.com/products/adidas-essentials-3-stripes-jogger-women-sportswear-pant-black,https://lb.mikesport.com/products/adidas-essentials-3-stripes-jogger-women-sportswear-pant-black,1,pant,pant,women,women,Black,Black,in_stock,in_stock,1,0,0,L | M,2,USD,USD,77.0,77.0,77.0,77.0,6930000.0,6930000.0,77.0,77.0,77.0,77.0,6930000.0,6930000.0,,,,,,,,,False,False,1,False,"Essentials 3-Stripes Jogger Joggers, Black","Essentials 3-Stripes Jogger Joggers, Black",https://www.adidas.com.lb/en/adidas-essentials-3-stripes-jogger-joggers-black/A7_JD0896_ONE.html,https://www.adidas.com.lb/en/adidas-essentials-3-stripes-jogger-joggers-black/A7_JD0896_ONE.html,1,Joggers & Trousers,Joggers & Trousers,women,women,Black,Black,in_stock,in_stock,1,0,0,XS | S,2,LBP,LBP,6840000.0,6840000.0,76.0,76.0,6840000.0,6840000.0,6840000.0,6840000.0,76.0,76.0,6840000.0,6840000.0,,,,,,,,,False,False,Neither retailer currently shows a discount for this style code.
JD1906,exact_style_code,both_in_stock,neither_on_sale,False,,True,men,False,,normalized_compare,False,90000.0,False,1.0,1.0,90000.0,2.27,2.27,adidas_cheaper,adidas_lb,True,0.0,neither_discounted,tie,1,False,Adidas Essentials 3 Stripes Sj Men Sportswear T-Shirt Black/White,Adidas Essentials 3 Stripes Sj Men Sportswear T-Shirt Black/White,https://lb.mikesport.com/products/adidas-essentials-3-stripes-sj-men-sportswear-t-shirt-black-white,https://lb.mikesport.com/products/adidas-essentials-3-stripes-sj-men-sportswear-t-shirt-black-white,1,t-shirt,t-shirt,men,men,Black/White,Black/White,in_stock,in_stock,1,0,0,S | XL,2,USD,USD,45.0,45.0,45.0,45.0,4050000.0,4050000.0,45.0,45.0,45.0,45.0,4050000.0,4050000.0,,,,,,,,,False,False,1,False,"Essentials 3-Stripes Single Jersey T-Shirt, Black","Essentials 3-Stripes Single Jersey T-Shirt, Black",https://www.adidas.com.lb/en/adidas-essentials-3-stripes-single-jersey-t-shirt-black/A7_JD1906_ONE.html,https://www.adidas.com.lb/en/adidas-essentials-3-stripes-single-jersey-t-shirt-black/A7_JD1906_ONE.html,1,T-Shirts,T-Shirts,men,men,Black,Black,in_stock,in_stock,1,0,0,XS | S | M | L | XL | 2XL,6,LBP,LBP,3960000.0,3960000.0,44.0,44.0,3960000.0,3960000.0,3960000.0,3960000.0,44.0,44.0,3960000.0,3960000.0,,,,,,,,,False,False,Neither retailer currently shows a discount for this style code.
JD2090,exact_style_code,both_in_stock,neither_on_sale,False,,False,,False,,normalized_compare,False,90000.0,True,0.0,0.0,0.0,0.0,0.0,same_price,tie,True,0.0,neither_discounted,tie,1,False,Adidas Essentials Big Logo French Terry Kids-Boys Sportswear Pant Black/White,Adidas Essentials Big Logo French Terry Kids-Boys Sportswear Pant Black/White,https://lb.mikesport.com/products/adidas-essentials-big-logo-french-terry-kids-boys-sportswear-pant-black-white,https://lb.mikesport.com/products/adidas-essentials-big-logo-french-terry-kids-boys-sportswear-pant-black-white,1,pant,pant,boys,boys,Black/White,Black/White,in_stock,in_stock,1,0,0,7-8 Years | 9-10 Years | 11-12 Years | 13-14 Years,4,USD,USD,54.0,54.0,54.0,54.0,4860000.0,4860000.0,54.0,54.0,54.0,54.0,4860000.0,4860000.0,,,,,,,,,False,False,1,False,"Unisex Kids Essentials Joggers, Black","Unisex Kids Essentials Joggers, Black",https://www.adidas.com.lb/en/adidas-unisex-kids-essentials-joggers-black/A7_JD2090_ONE.html,https://www.adidas.com.lb/en/adidas-unisex-kids-essentials-joggers-black/A7_JD2090_ONE.html,1,Joggers & Trousers,Joggers & Trousers,kids,kids,Black,Black,in_stock,in_stock,1,0,0,7-8 Yrs | 11-12 Yrs | 13-14 Yrs | 9-10 Yrs,4,LBP,LBP,4860000.0,4860000.0,54.0,54.0,4860000.0,4860000.0,4860000.0,4860000.0,54.0,54.0,4860000.0,4860000.0,,,,,,,,,False,False,Neither retailer currently shows a discount for this style code.
JD2404,exact_style_code,both_in_stock,neither_on_sale,False,,True,men,True,Black,normalized_compare,False,90000.0,False,1.0,1.0,90000.0,1.14,1.14,adidas_cheaper,adidas_lb,True,0.0,neither_discounted,tie,1,False,Adidas Trefoil Essentials Men Original Hoody Black,Adidas Trefoil Essentials Men Original Hoody Black,https://lb.mikesport.com/products/adidas-trefoil-essentials-men-original-hoody-black,https://lb.mikesport.com/products/adidas-trefoil-essentials-men-original-hoody-black,1,hoody,hoody,men,men,Black,Black,in_stock,in_stock,1,0,0,L | M | S | XL,4,USD,USD,89.0,89.0,89.0,89.0,8010000.0,8010000.0,89.0,89.0,89.0,89.0,8010000.0,8010000.0,,,,,,,,,False,False,1,False,"Trefoil Essentials Hoodie French Terry, Black","Trefoil Essentials Hoodie French Terry, Black",https://www.adidas.com.lb/en/adidas-trefoil-essentials-hoodie-french-terry-black/A7_JD2404_ONE.html,https://www.adidas.com.lb/en/adidas-trefoil-essentials-hoodie-french-terry-black/A7_JD2404_ONE.html,1,Hoodies,Hoodies,men,men,Black,Black,in_stock,in_stock,1,0,0,S | M | L | XL,4,LBP,LBP,7920000.0,7920000.0,88.0,88.0,7920000.0,7920000.0,7920000.0,7920000.0,88.0,88.0,7920000.0,7920000.0,,,,,,,,,False,False,Neither retailer currently shows a discount for this style code.
JD4838,exact_style_code,both_in_stock,neither_on_sale,False,,True,men,True,Black,normalized_compare,False,90000.0,True,0.0,0.0,0.0,0.0,0.0,same_price,tie,True,0.0,neither_discounted,tie,1,False,Adidas Future Icons 3 Stripes Men Sportswear Hoody Black,Adidas Future Icons 3 Stripes Men Sportswear Hoody Black,https://lb.mikesport.com/products/adidas-future-icons-3-stripes-men-sportswear-hoody-black,https://lb.mikesport.com/products/adidas-future-icons-3-stripes-men-sportswear-hoody-black,1,hoody,hoody,men,men,Black,Black,in_stock,in_stock,1,0,0,L | M | S | XL,4,USD,USD,117.0,117.0,117.0,117.0,10530000.0,10530000.0,117.0,117.0,117.0,117.0,10530000.0,10530000.0,,,,,,,,,False,False,1,False,"Future Icons 3-Stripes Hoodie, Black","Future Icons 3-Stripes Hoodie, Black",https://www.adidas.com.lb/en/adidas-future-icons-3-stripes-hoodie-black/A7_JD4838_ONE.html,https://www.adidas.com.lb/en/adidas-future-icons-3-stripes-hoodie-black/A7_JD4838_ONE.html,1,Sweatshirts,Sweatshirts,men,men,Black,Black,in_stock,in_stock,1,0,0,S | M | L | XL | 2XL,5,LBP,LBP,10530000.0,10530000.0,117.0,117.0,10530000.0,10530000.0,10530000.0,10530000.0,117.0,117.0,10530000.0,10530000.0,,,,,,,,,False,False,Neither retailer currently shows a discount for this style code.
JD4877,exact_style_code,both_in_stock,neither_on_sale,False,,True,men,True,Black,normalized_compare,False,90000.0,True,0.0,0.0,0.0,0.0,0.0,same_price,tie,True,0.0,neither_discounted,tie,1,False,Adidas Future Icons 3 Stripes Men Sportswear T-Shirt Black,Adidas Future Icons 3 Stripes Men Sportswear T-Shirt Black,https://lb.mikesport.com/products/adidas-future-icons-3-stripes-men-sportswear-t-shirt-black,https://lb.mikesport.com/products/adidas-future-icons-3-stripes-men-sportswear-t-shirt-black,1,t-shirt,t-shirt,men,men,Black,Black,in_stock,in_stock,1,0,0,S,1,USD,USD,61.0,61.0,61.0,61.0,5490000.0,5490000.0,61.0,61.0,61.0,61.0,5490000.0,5490000.0,,,,,,,,,False,False,1,False,"Future Icons 3-Stripes T-Shirt, Black","Future Icons 3-Stripes T-Shirt, Black",https://www.adidas.com.lb/en/adidas-future-icons-3-stripes-t-shirt-black/A7_JD4877_ONE.html,https://www.adidas.com.lb/en/adidas-future-icons-3-stripes-t-shirt-black/A7_JD4877_ONE.html,1,T-Shirts,T-Shirts,men,men,Black,Black,in_stock,in_stock,1,0,0,XS | S | M | L | XL | 2XL,6,LBP,LBP,5490000.0,5490000.0,61.0,61.0,5490000.0,5490000.0,5490000.0,5490000.0,61.0,61.0,5490000.0,5490000.0,,,,,,,,,False,False,Neither retailer currently shows a discount for this style code.
JD4949,exact_style_code,both_in_stock,neither_on_sale,False,,True,men,True,Black,normalized_compare,False,90000.0,True,0.0,0.0,0.0,0.0,0.0,same_price,tie,True,0.0,neither_discounted,tie,1,False,Adidas Future Icons Small Logo Men Sportswear Pant Black,Adidas Future Icons Small Logo Men Sportswear Pant Black,https://lb.mikesport.com/products/adidas-future-icons-small-logo-men-sportswear-pant-black,https://lb.mikesport.com/products/adidas-future-icons-small-logo-men-sportswear-pant-black,1,pant,pant,men,men,Black,Black,in_stock,in_stock,1,0,0,2XL | L | M | S | XL,5,USD,USD,80.0,80.0,80.0,80.0,7200000.0,7200000.0,80.0,80.0,80.0,80.0,7200000.0,7200000.0,,,,,,,,,False,False,1,False,"Future Icons Small Logo Tracksuit Bottoms, Black","Future Icons Small Logo Tracksuit Bottoms, Black",https://www.adidas.com.lb/en/adidas-future-icons-small-logo-tracksuit-bottoms-black/A7_JD4949_ONE.html,https://www.adidas.com.lb/en/adidas-future-icons-small-logo-tracksuit-bottoms-black/A7_JD4949_ONE.html,1,Joggers & Trousers,Joggers & Trousers,men,men,Black,Black,in_stock,in_stock,1,0,0,S | M | L | XL,4,LBP,LBP,7200000.0,7200000.0,80.0,80.0,7200000.0,7200000.0,7200000.0,7200000.0,80.0,80.0,7200000.0,7200000.0,,,,,,,,,False,False,Neither retailer currently shows a discount for this style code.
JD4999,exact_style_code,both_in_stock,neither_on_sale,False,,True,women,False,,normalized_compare,False,90000.0,False,1.0,1.0,90000.0,2.27,2.27,adidas_cheaper,adidas_lb,True,0.0,neither_discounted,tie,1,False,Adidas Essentials 3 Stripes Loose Women Sportswear T-Shirt White/Black,Adidas Essentials 3 Stripes Loose Women Sportswear T-Shirt White/Black,https://lb.mikesport.com/products/adidas-essentials-3-stripes-loose-women-sportswear-t-shirt-white-black,https://lb.mikesport.com/products/adidas-essentials-3-stripes-loose-women-sportswear-t-shirt-white-black,1,t-shirt,t-shirt,women,women,White/Black,White/Black,in_stock,in_stock,1,0,0,L | S | XS,3,USD,USD,45.0,45.0,45.0,45.0,4050000.0,4050000.0,45.0,45.0,45.0,45.0,4050000.0,4050000.0,,,,,,,,,False,False,1,False,"Essentials 3-Stripes Cotton Loose T-Shirt, White","Essentials 3-Stripes Cotton Loose T-Shirt, White",https://www.adidas.com.lb/en/adidas-essentials-3-stripes-cotton-loose-t-shirt-white/A7_JD4999_ONE.html,https://www.adidas.com.lb/en/adidas-essentials-3-stripes-cotton-loose-t-shirt-white/A7_JD4999_ONE.html,1,T-Shirts & Tops,T-Shirts & Tops,women,women,White,White,in_stock,in_stock,1,0,0,XS | S | M | L | XL,5,LBP,LBP,3960000.0,3960000.0,44.0,44.0,3960000.0,3960000.0,3960000.0,3960000.0,44.0,44.0,3960000.0,3960000.0,,,,,,,,,False,False,Neither retailer currently shows a discount for this style code.
JD5434,exact_style_code,both_in_stock,neither_on_sale,False,,True,women,True,Black,normalized_compare,False,90000.0,False,1.0,1.0,90000.0,0.9,0.9,adidas_cheaper,adidas_lb,True,0.0,neither_discounted,tie,1,False,Adidas Essential 3 Stripes Women Sportswear Tracksuit Black,Adidas Essential 3 Stripes Women Sportswear Tracksuit Black,https://lb.mikesport.com/products/adidas-essential-3-stripes-women-sportswear-tracksuit-black,https://lb.mikesport.com/products/adidas-essential-3-stripes-women-sportswear-tracksuit-black,1,tracksuit,tracksuit,women,women,Black,Black,in_stock,in_stock,1,0,0,L | S | XS,3,USD,USD,112.0,112.0,112.0,112.0,10080000.0,10080000.0,112.0,112.0,112.0,112.0,10080000.0,10080000.0,,,,,,,,,False,False,1,False,"Essentials 3-Stripes Track Suit, Black","Essentials 3-Stripes Track Suit, Black",https://www.adidas.com.lb/en/adidas-essentials-3-stripes-track-suit-black/A7_JD5434_ONE.html,https://www.adidas.com.lb/en/adidas-essentials-3-stripes-track-suit-black/A7_JD5434_ONE.html,1,Tracksuits,Tracksuits,women,women,Black,Black,in_stock,in_stock,1,0,0,M,1,LBP,LBP,9990000.0,9990000.0,111.0,111.0,9990000.0,9990000.0,9990000.0,9990000.0,111.0,111.0,9990000.0,9990000.0,,,,,,,,,False,False,Neither retailer currently shows a discount for this style code.
JD5984,exact_style_code,both_in_stock,both_on_sale,False,,True,men,True,Black,normalized_compare,False,90000.0,False,8.0,8.0,720000.0,7.77,7.77,adidas_cheaper,adidas_lb,False,-5.03,adidas_higher_discount,adidas_lb,1,False,Adidas Z N E Men Sportswear Hoody Black,Adidas Z N E Men Sportswear Hoody Black,https://lb.mikesport.com/products/adidas-z-n-e-men-sportswear-hoody-black-3,https://lb.mikesport.com/products/adidas-z-n-e-men-sportswear-hoody-black-3,1,hoody,hoody,men,men,Black,Black,in_stock,in_stock,1,0,0,S,1,USD,USD,111.0,111.0,111.0,111.0,9990000.0,9990000.0,159.0,159.0,159.0,159.0,14310000.0,14310000.0,111.0,111.0,111.0,111.0,9990000.0,9990000.0,30.19,30.19,True,True,1,False,"Z.N.E. Full-Zip Hooded Track Jacket, Black","Z.N.E. Full-Zip Hooded Track Jacket, Black",https://www.adidas.com.lb/en/adidas-outlet-z.n.e.-full-zip-hooded-track-jacket-black/A9_JD5984_ONE.html,https://www.adidas.com.lb/en/adidas-outlet-z.n.e.-full-zip-hooded-track-jacket-black/A9_JD5984_ONE.html,1,Clothing,Clothing,men,men,Black,Black,in_stock,in_stock,1,0,0,S | M | 2XL,3,LBP,LBP,9270000.0,9270000.0,103.0,103.0,9270000.0,9270000.0,14310000.0,14310000.0,159.0,159.0,14310000.0,14310000.0,9270000.0,9270000.0,103.0,103.0,9270000.0,9270000.0,35.22,35.22,True,True,
JD6015,exact_style_code,both_in_stock,both_on_sale,False,,False,,False,,normalized_compare,False,90000.0,False,5.0,5.0,450000.0,22.73,22.73,adidas_cheaper,adidas_lb,False,-9.26,adidas_higher_discount,adidas_lb,1,False,Adidas Padel Category Graphic Men Tennis T-Shirt Bright Blue,Adidas Padel Category Graphic Men Tennis T-Shirt Bright Blue,https://lb.mikesport.com/products/adidas-padel-category-graphic-men-tennis-t-shirt-bright-blue,https://lb.mikesport.com/products/adidas-padel-category-graphic-men-tennis-t-shirt-bright-blue,1,t-shirt,t-shirt,men,men,Bright Blue,Bright Blue,in_stock,in_stock,1,0,0,M,1,USD,USD,27.0,27.0,27.0,27.0,2430000.0,2430000.0,54.0,54.0,54.0,54.0,4860000.0,4860000.0,27.0,27.0,27.0,27.0,2430000.0,2430000.0,50.0,50.0,True,True,1,False,"Padel Category Graphic T-Shirt, Blue","Padel Category Graphic T-Shirt, Blue",https://www.adidas.com.lb/en/adidas-outlet-padel-category-graphic-t-shirt-blue/A9_JD6015_ONE.html,https://www.adidas.com.lb/en/adidas-outlet-padel-category-graphic-t-shirt-blue/A9_JD6015_ONE.html,1,Outlet,Outlet,,,Blue,Blue,in_stock,in_stock,1,0,0,M,1,LBP,LBP,1980000.0,1980000.0,22.0,22.0,1980000.0,1980000.0,4860000.0,4860000.0,54.0,54.0,4860000.0,4860000.0,1980000.0,1980000.0,22.0,22.0,1980000.0,1980000.0,59.26,59.26,True,True,
JD6539,exact_style_code,both_in_stock,neither_on_sale,False,,False,,False,,normalized_compare,False,90000.0,True,0.0,0.0,0.0,0.0,0.0,same_price,tie,True,0.0,neither_discounted,tie,1,False,Adidas Train Essentials 3 Stripes Woven Warm Up Women Training Track Top Black/White,Adidas Train Essentials 3 Stripes Woven Warm Up Women Training Track Top Black/White,https://lb.mikesport.com/products/adidas-train-essentials-3-stripes-woven-warm-up-women-training-track-top-black-white,https://lb.mikesport.com/products/adidas-train-essentials-3-stripes-woven-warm-up-women-training-track-top-black-white,1,jacket,jacket,women,women,Black/White,Black/White,in_stock,in_stock,1,0,0,L | M | S | XS,4,USD,USD,80.0,80.0,80.0,80.0,7200000.0,7200000.0,80.0,80.0,80.0,80.0,7200000.0,7200000.0,,,,,,,,,False,False,1,False,"Train Essentials 3-Stripes Woven Warm-Up Jacket, Black","Train Essentials 3-Stripes Woven Warm-Up Jacket, Black",https://www.adidas.com.lb/en/adidas-train-essentials-3-stripes-woven-warm-up-jacket-black/A7_JD6539_ONE.html,https://www.adidas.com.lb/en/adidas-train-essentials-3-stripes-woven-warm-up-jacket-black/A7_JD6539_ONE.html,1,Jackets & Tracktops,Jackets & Tracktops,men,men,Black,Black,in_stock,in_stock,1,0,0,XS | S | M | L,4,LBP,LBP,7200000.0,7200000.0,80.0,80.0,7200000.0,7200000.0,7200000.0,7200000.0,80.0,80.0,7200000.0,7200000.0,,,,,,,,,False,False,Neither retailer currently shows a discount for this style code.
JD7989,exact_style_code,both_in_stock,neither_on_sale,False,,False,,False,,normalized_compare,False,90000.0,True,0.0,0.0,0.0,0.0,0.0,same_price,tie,True,0.0,neither_discounted,tie,1,False,Adidas Essentials Small Logo Women Sportswear Hoody Black/White,Adidas Essentials Small Logo Women Sportswear Hoody Black/White,https://lb.mikesport.com/products/adidas-essentials-small-logo-women-sportswear-hoody-black-white,https://lb.mikesport.com/products/adidas-essentials-small-logo-women-sportswear-hoody-black-white,1,hoody,hoody,women,women,Black/White,Black/White,in_stock,in_stock,1,0,0,L | M | S | XS,4,USD,USD,80.0,80.0,80.0,80.0,7200000.0,7200000.0,80.0,80.0,80.0,80.0,7200000.0,7200000.0,,,,,,,,,False,False,1,False,"Essentials Small Logo French Terry Hoodie, Black","Essentials Small Logo French Terry Hoodie, Black",https://www.adidas.com.lb/en/adidas-essentials-small-logo-french-terry-hoodie-black/A7_JD7989_ONE.html,https://www.adidas.com.lb/en/adidas-essentials-small-logo-french-terry-hoodie-black/A7_JD7989_ONE.html,1,Sweatshirts,Sweatshirts,men,men,Black,Black,in_stock,in_stock,1,0,0,XS | S | M,3,LBP,LBP,7200000.0,7200000.0,80.0,80.0,7200000.0,7200000.0,7200000.0,7200000.0,80.0,80.0,7200000.0,7200000.0,,,,,,,,,False,False,Neither retailer currently shows a discount for this style code.
JD7999,exact_style_code,both_in_stock,neither_on_sale,False,,True,women,False,,normalized_compare,False,90000.0,True,0.0,0.0,0.0,0.0,0.0,same_price,tie,True,0.0,neither_discounted,tie,1,False,Adidas Essentials Small Logo French Terry Cuffed Women Sportswear Pant Black/White,Adidas Essentials Small Logo French Terry Cuffed Women Sportswear Pant Black/White,https://lb.mikesport.com/products/adidas-essentials-small-logo-french-terry-cuffed-women-sportswear-pant-black-white,https://lb.mikesport.com/products/adidas-essentials-small-logo-french-terry-cuffed-women-sportswear-pant-black-white,1,pant,pant,women,women,Black/White,Black/White,in_stock,in_stock,1,0,0,M,1,USD,USD,67.0,67.0,67.0,67.0,6030000.0,6030000.0,67.0,67.0,67.0,67.0,6030000.0,6030000.0,,,,,,,,,False,False,1,False,"Essentials Small Logo French Terry Cuffed Joggers, Black","Essentials Small Logo French Terry Cuffed Joggers, Black",https://www.adidas.com.lb/en/adidas-essentials-small-logo-french-terry-cuffed-joggers-black/A7_JD7999_ONE.html,https://www.adidas.com.lb/en/adidas-essentials-small-logo-french-terry-cuffed-joggers-black/A7_JD7999_ONE.html,1,Joggers & Trousers,Joggers & Trousers,women,women,Black,Black,in_stock,in_stock,1,0,0,XS | S | M | L,4,LBP,LBP,6030000.0,6030000.0,67.0,67.0,6030000.0,6030000.0,6030000.0,6030000.0,67.0,67.0,6030000.0,6030000.0,,,,,,,,,False,False,Neither retailer currently shows a discount for this style code.
JD8021,exact_style_code,both_in_stock,neither_on_sale,False,,True,unisex,False,,normalized_compare,False,90000.0,True,0.0,0.0,0.0,0.0,0.0,same_price,tie,True,0.0,neither_discounted,tie,1,False,Adidas World Cup 2026 Pro Unisex Football Multicolor,Adidas World Cup 2026 Pro Unisex Football Multicolor,https://lb.mikesport.com/products/adidas-world-cup-2026-pro-unisex-football-multicolor,https://lb.mikesport.com/products/adidas-world-cup-2026-pro-unisex-football-multicolor,1,ball,ball,unisex,unisex,"s (USA, Canada, Mexico) and is designed with a thermally bonded seamless surface for a predictable trajectory, better touch, and low water uptake. The name ""Trionda"" reflects the three host nations (""Tri"") and the word for ""wave"" in Spanish and Portuguese (""Onda""). Four-panel design High-grade butyl bladder Composition: 70% polyurethane, 20% recycled polyester, 10% viscose Color: Multicolor","s (USA, Canada, Mexico) and is designed with a thermally bonded seamless surface for a predictable trajectory, better touch, and low water uptake. The name ""Trionda"" reflects the three host nations (""Tri"") and the word for ""wave"" in Spanish and Portuguese (""Onda""). Four-panel design High-grade butyl bladder Composition: 70% polyurethane, 20% recycled polyester, 10% viscose Color: Multicolor",in_stock,in_stock,1,0,0,5,1,USD,USD,239.0,239.0,239.0,239.0,21510000.0,21510000.0,239.0,239.0,239.0,239.0,21510000.0,21510000.0,,,,,,,,,False,False,1,False,"Unisex FIFA World Cup 26 Trionda Pro Ball, White","Unisex FIFA World Cup 26 Trionda Pro Ball, White",https://www.adidas.com.lb/en/adidas-unisex-fifa-world-cup-26-trionda-pro-ball-white/A7_JD8021_ONE.html,https://www.adidas.com.lb/en/adidas-unisex-fifa-world-cup-26-trionda-pro-ball-white/A7_JD8021_ONE.html,1,Sports Balls,Sports Balls,unisex,unisex,White,White,in_stock,in_stock,1,0,0,5,1,LBP,LBP,21510000.0,21510000.0,239.0,239.0,21510000.0,21510000.0,21510000.0,21510000.0,239.0,239.0,21510000.0,21510000.0,,,,,,,,,False,False,Neither retailer currently shows a discount for this style code.
JD8030,exact_style_code,both_in_stock,neither_on_sale,False,,True,unisex,False,,normalized_compare,False,90000.0,True,0.0,0.0,0.0,0.0,0.0,same_price,tie,True,0.0,neither_discounted,tie,1,False,Adidas World Cup League 2026 Unisex Football Multicolor,Adidas World Cup League 2026 Unisex Football Multicolor,https://lb.mikesport.com/products/adidas-world-cup-league-2026-unisex-football-multicolor,https://lb.mikesport.com/products/adidas-world-cup-league-2026-unisex-football-multicolor,1,ball,ball,unisex,unisex,Multicolor,Multicolor,in_stock,in_stock,1,0,0,5,1,USD,USD,61.0,61.0,61.0,61.0,5490000.0,5490000.0,61.0,61.0,61.0,61.0,5490000.0,5490000.0,,,,,,,,,False,False,1,False,"Unisex FIFA World Cup 26 Trionda League Ball, White","Unisex FIFA World Cup 26 Trionda League Ball, White",https://www.adidas.com.lb/en/adidas-unisex-fifa-world-cup-26-trionda-league-ball-white/A7_JD8030_ONE.html,https://www.adidas.com.lb/en/adidas-unisex-fifa-world-cup-26-trionda-league-ball-white/A7_JD8030_ONE.html,1,Sports Balls,Sports Balls,unisex,unisex,White,White,in_stock,in_stock,1,0,0,4 | 5,2,LBP,LBP,5490000.0,5490000.0,61.0,61.0,5490000.0,5490000.0,5490000.0,5490000.0,61.0,61.0,5490000.0,5490000.0,,,,,,,,,False,False,Neither retailer currently shows a discount for this style code.
JD8032,exact_style_code,both_in_stock,neither_on_sale,False,,True,unisex,False,,normalized_compare,False,90000.0,False,1.0,1.0,90000.0,2.27,2.27,adidas_cheaper,adidas_lb,True,0.0,neither_discounted,tie,1,False,Adidas World Cup 2026 Unisex Football Multicolor,Adidas World Cup 2026 Unisex Football Multicolor,https://lb.mikesport.com/products/adidas-world-cup-2026-unisex-football-multicolor,https://lb.mikesport.com/products/adidas-world-cup-2026-unisex-football-multicolor,1,ball,ball,unisex,unisex,Multicolor,Multicolor,in_stock,in_stock,1,0,0,5,1,USD,USD,45.0,45.0,45.0,45.0,4050000.0,4050000.0,45.0,45.0,45.0,45.0,4050000.0,4050000.0,,,,,,,,,False,False,1,False,"Unisex FIFA World Cup 26 Trionda Training Ball, White","Unisex FIFA World Cup 26 Trionda Training Ball, White",https://www.adidas.com.lb/en/adidas-unisex-fifa-world-cup-26-trionda-training-ball-white/A7_JD8032_ONE.html,https://www.adidas.com.lb/en/adidas-unisex-fifa-world-cup-26-trionda-training-ball-white/A7_JD8032_ONE.html,1,Sports Balls,Sports Balls,unisex,unisex,White,White,in_stock,in_stock,1,0,0,4 | 5,2,LBP,LBP,3960000.0,3960000.0,44.0,44.0,3960000.0,3960000.0,3960000.0,3960000.0,44.0,44.0,3960000.0,3960000.0,,,,,,,,,False,False,Neither retailer currently shows a discount for this style code.
JD8230,exact_style_code,both_in_stock,both_on_sale,False,,False,,False,,normalized_compare,False,90000.0,True,0.0,0.0,0.0,0.0,0.0,same_price,tie,False,1.47,mikesport_higher_discount,mikesport_lb,1,False,Adidas Box Logo Men Training T-Shirt Silver Pebble,Adidas Box Logo Men Training T-Shirt Silver Pebble,https://lb.mikesport.com/products/adidas-box-logo-men-training-t-shirt-silver-pebble,https://lb.mikesport.com/products/adidas-box-logo-men-training-t-shirt-silver-pebble,1,t-shirt,t-shirt,men,men,Silver Pebble,Silver Pebble,in_stock,in_stock,1,0,0,M | S,2,USD,USD,29.0,29.0,29.0,29.0,2610000.0,2610000.0,45.0,45.0,45.0,45.0,4050000.0,4050000.0,29.0,29.0,29.0,29.0,2610000.0,2610000.0,35.56,35.56,True,True,1,False,"Climacool Training Camo Logo Graphic T-Shirt, Green","Climacool Training Camo Logo Graphic T-Shirt, Green",https://www.adidas.com.lb/en/outlet-adidas-climacool-training-camo-logo-graphic-t-shirt-green/A9_JD8230_ONE.html,https://www.adidas.com.lb/en/outlet-adidas-climacool-training-camo-logo-graphic-t-shirt-green/A9_JD8230_ONE.html,1,Outlet,Outlet,,,Green,Green,in_stock,in_stock,1,0,0,S | M,2,LBP,LBP,2610000.0,2610000.0,29.0,29.0,2610000.0,2610000.0,3960000.0,3960000.0,44.0,44.0,3960000.0,3960000.0,2610000.0,2610000.0,29.0,29.0,2610000.0,2610000.0,34.09,34.09,True,True,
JD8636,exact_style_code,both_in_stock,neither_on_sale,False,,True,men,True,White,normalized_compare,False,90000.0,True,0.0,0.0,0.0,0.0,0.0,same_price,tie,True,0.0,neither_discounted,tie,1,False,Adidas Club Men Tennis Polo Short Sleeve White,Adidas Club Men Tennis Polo Short Sleeve White,https://lb.mikesport.com/products/adidas-club-men-tennis-polo-short-sleeve-white-1,https://lb.mikesport.com/products/adidas-club-men-tennis-polo-short-sleeve-white-1,1,polo_short_sleeve,polo_short_sleeve,men,men,White,White,in_stock,in_stock,1,0,0,2XL | L | M | S | XL,5,USD,USD,61.0,61.0,61.0,61.0,5490000.0,5490000.0,61.0,61.0,61.0,61.0,5490000.0,5490000.0,,,,,,,,,False,False,1,False,"Club Tennis Polo Shirt, White","Club Tennis Polo Shirt, White",https://www.adidas.com.lb/en/adidas-club-tennis-polo-shirt-white/A7_JD8636_ONE.html,https://www.adidas.com.lb/en/adidas-club-tennis-polo-shirt-white/A7_JD8636_ONE.html,1,T-Shirts,T-Shirts,men,men,White,White,in_stock,in_stock,1,0,0,S | M | L | XL | 2XL,5,LBP,LBP,5490000.0,5490000.0,61.0,61.0,5490000.0,5490000.0,5490000.0,5490000.0,61.0,61.0,5490000.0,5490000.0,,,,,,,,,False,False,Neither retailer currently shows a discount for this style code.
JD8639,exact_style_code,both_in_stock,neither_on_sale,False,,True,men,True,White,normalized_compare,False,90000.0,True,0.0,0.0,0.0,0.0,0.0,same_price,tie,True,0.0,neither_discounted,tie,1,False,Adidas Club Tennis Climacool Men Tennis T-Shirt White,Adidas Club Tennis Climacool Men Tennis T-Shirt White,https://lb.mikesport.com/products/adidas-club-tennis-climacool-men-tennis-t-shirt-white,https://lb.mikesport.com/products/adidas-club-tennis-climacool-men-tennis-t-shirt-white,1,t-shirt,t-shirt,men,men,White,White,in_stock,in_stock,1,0,0,L | M | S | XL,4,USD,USD,54.0,54.0,54.0,54.0,4860000.0,4860000.0,54.0,54.0,54.0,54.0,4860000.0,4860000.0,,,,,,,,,False,False,1,False,"Club Tennis Climacool T-Shirt, White","Club Tennis Climacool T-Shirt, White",https://www.adidas.com.lb/en/adidas-club-tennis-climacool-t-shirt-white/A7_JD8639_ONE.html,https://www.adidas.com.lb/en/adidas-club-tennis-climacool-t-shirt-white/A7_JD8639_ONE.html,1,T-Shirts,T-Shirts,men,men,White,White,in_stock,in_stock,1,0,0,S | M | L | XL | 2XL,5,LBP,LBP,4860000.0,4860000.0,54.0,54.0,4860000.0,4860000.0,4860000.0,4860000.0,54.0,54.0,4860000.0,4860000.0,,,,,,,,,False,False,Neither retailer currently shows a discount for this style code.
JD8641,exact_style_code,both_in_stock,neither_on_sale,False,,True,men,True,White,normalized_compare,False,90000.0,True,0.0,0.0,0.0,0.0,0.0,same_price,tie,True,0.0,neither_discounted,tie,1,False,Adidas Club Climacool Men Tennis Short White,Adidas Club Climacool Men Tennis Short White,https://lb.mikesport.com/products/adidas-club-climacool-men-tennis-short-white,https://lb.mikesport.com/products/adidas-club-climacool-men-tennis-short-white,1,short,short,men,men,White,White,in_stock,in_stock,1,0,0,L | M | S | XL,4,USD,USD,54.0,54.0,54.0,54.0,4860000.0,4860000.0,54.0,54.0,54.0,54.0,4860000.0,4860000.0,,,,,,,,,False,False,1,False,"Club Tennis Climacool Shorts, White","Club Tennis Climacool Shorts, White",https://www.adidas.com.lb/en/adidas-club-tennis-climacool-shorts-white/A7_JD8641_ONE.html,https://www.adidas.com.lb/en/adidas-club-tennis-climacool-shorts-white/A7_JD8641_ONE.html,1,Shorts,Shorts,men,men,White,White,in_stock,in_stock,1,0,0,S 7 | M 7 | L 7 | XL7,4,LBP,LBP,4860000.0,4860000.0,54.0,54.0,4860000.0,4860000.0,4860000.0,4860000.0,54.0,54.0,4860000.0,4860000.0,,,,,,,,,False,False,Neither retailer currently shows a discount for this style code.
JD9032,exact_style_code,both_in_stock,both_on_sale,False,,True,men,False,,normalized_compare,False,90000.0,False,2.0,2.0,180000.0,5.0,5.0,adidas_cheaper,adidas_lb,False,-2.5,adidas_higher_discount,adidas_lb,1,False,Adidas Techfit All Over Print Men Training Tight Core Black/Grey,Adidas Techfit All Over Print Men Training Tight Core Black/Grey,https://lb.mikesport.com/products/adidas-techfit-all-over-print-men-training-tight-core-black-grey,https://lb.mikesport.com/products/adidas-techfit-all-over-print-men-training-tight-core-black-grey,1,tight,tight,men,men,Core Black/Grey,Core Black/Grey,in_stock,in_stock,1,0,0,L | M | XL,3,USD,USD,42.0,42.0,42.0,42.0,3780000.0,3780000.0,80.0,80.0,80.0,80.0,7200000.0,7200000.0,42.0,42.0,42.0,42.0,3780000.0,3780000.0,47.5,47.5,True,True,1,False,"TECHFIT Training Allover Print Long Tights, Black","TECHFIT Training Allover Print Long Tights, Black",https://www.adidas.com.lb/en/adidas-outlet-techfit-training-allover-print-long-tights-black/A9_JD9032_ONE.html,https://www.adidas.com.lb/en/adidas-outlet-techfit-training-allover-print-long-tights-black/A9_JD9032_ONE.html,1,Joggers & Trousers,Joggers & Trousers,men,men,Black,Black,in_stock,in_stock,1,0,0,S | M | L,3,LBP,LBP,3600000.0,3600000.0,40.0,40.0,3600000.0,3600000.0,7200000.0,7200000.0,80.0,80.0,7200000.0,7200000.0,3600000.0,3600000.0,40.0,40.0,3600000.0,3600000.0,50.0,50.0,True,True,
JD9563,exact_style_code,both_in_stock,neither_on_sale,False,,True,unisex,False,,normalized_compare,False,90000.0,False,1.0,1.0,90000.0,2.44,2.44,adidas_cheaper,adidas_lb,True,0.0,neither_discounted,tie,1,False,Adidas Classic 3 Bar Logo Unisex Training Bag Black/White,Adidas Classic 3 Bar Logo Unisex Training Bag Black/White,https://lb.mikesport.com/products/adidas-classic-3-bar-logo-unisex-training-bag-black-white,https://lb.mikesport.com/products/adidas-classic-3-bar-logo-unisex-training-bag-black-white,1,bags_cases_and_luggage,bags_cases_and_luggage,unisex,unisex,Black/White,Black/White,in_stock,in_stock,1,0,0,,0,USD,USD,42.0,42.0,42.0,42.0,3780000.0,3780000.0,42.0,42.0,42.0,42.0,3780000.0,3780000.0,,,,,,,,,False,False,2,True,"Unisex Classic Back-to-School 3-Stripes Backpack, Black","Unisex Classic Back-to-School 3-Stripes Backpack, Black",https://www.adidas.com.lb/en/adidas-unisex-classic-back-to-school-3-stripes-backpack-black/A7_JD9563_ONE.html,https://www.adidas.com.lb/en/adidas-unisex-classic-back-to-school-3-stripes-backpack-black/A7_JD9563_ONE.html | https://www.adidas.com.lb/en/outlet-adidas-unisex-classic-back-to-school-3-stripes-backpack-black/A9_JD9563_ONE.html,2,Bags & Backpacks,Bags & Backpacks | Accessories,unisex,unisex,Black,Black,in_stock,in_stock,2,0,0,NS,1,LBP,LBP,3690000.0,3690000.0,41.0,41.0,3690000.0,3690000.0,3690000.0,3690000.0,41.0,41.0,3690000.0,3690000.0,,,,,,,,,False,False,Neither retailer currently shows a discount for this style code.
JD9599,exact_style_code,both_in_stock,neither_on_sale,False,,True,men,True,Black,normalized_compare,False,90000.0,False,2.0,2.0,180000.0,1.48,1.48,adidas_cheaper,adidas_lb,True,0.0,neither_discounted,tie,1,False,Adidas Z N E Men Sportswear Pant Black,Adidas Z N E Men Sportswear Pant Black,https://lb.mikesport.com/products/adidas-z-n-e-men-sportswear-pant-black-2,https://lb.mikesport.com/products/adidas-z-n-e-men-sportswear-pant-black-2,1,pant,pant,men,men,Black,Black,in_stock,in_stock,1,0,0,L | M | S | XL,4,USD,USD,137.0,137.0,137.0,137.0,12330000.0,12330000.0,137.0,137.0,137.0,137.0,12330000.0,12330000.0,,,,,,,,,False,False,1,False,"Z.N.E. Tracksuit Bottoms, Black","Z.N.E. Tracksuit Bottoms, Black",https://www.adidas.com.lb/en/adidas-z.n.e.-tracksuit-bottoms-black/A7_JD9599_ONE.html,https://www.adidas.com.lb/en/adidas-z.n.e.-tracksuit-bottoms-black/A7_JD9599_ONE.html,1,Joggers & Trousers,Joggers & Trousers,men,men,Black,Black,in_stock,in_stock,1,0,0,S | M | L | XL | 2XL,5,LBP,LBP,12150000.0,12150000.0,135.0,135.0,12150000.0,12150000.0,12150000.0,12150000.0,135.0,135.0,12150000.0,12150000.0,,,,,,,,,False,False,Neither retailer currently shows a discount for this style code.
JE0052,exact_style_code,both_in_stock,neither_on_sale,False,,False,,False,,normalized_compare,False,90000.0,False,1.0,1.0,90000.0,1.14,1.14,adidas_cheaper,adidas_lb,True,0.0,neither_discounted,tie,1,False,Adidas Essentials 3 Stripes Women Sportswear Hoody White/Black,Adidas Essentials 3 Stripes Women Sportswear Hoody White/Black,https://lb.mikesport.com/products/adidas-essentials-3-stripes-women-sportswear-hoody-white-black,https://lb.mikesport.com/products/adidas-essentials-3-stripes-women-sportswear-hoody-white-black,1,hoody,hoody,women,women,Black/White,Black/White,in_stock,in_stock,1,0,0,L | M | S | XS,4,USD,USD,89.0,89.0,89.0,89.0,8010000.0,8010000.0,89.0,89.0,89.0,89.0,8010000.0,8010000.0,,,,,,,,,False,False,1,False,"Essentials 3-Stripes French Terry Full-Zip Hoodie, Black","Essentials 3-Stripes French Terry Full-Zip Hoodie, Black",https://www.adidas.com.lb/en/adidas-essentials-3-stripes-french-terry-full-zip-hoodie-black/A7_JE0052_ONE.html,https://www.adidas.com.lb/en/adidas-essentials-3-stripes-french-terry-full-zip-hoodie-black/A7_JE0052_ONE.html,1,Hoodies,Hoodies,men,men,Black,Black,in_stock,in_stock,1,0,0,S | M | L | XL,4,LBP,LBP,7920000.0,7920000.0,88.0,88.0,7920000.0,7920000.0,7920000.0,7920000.0,88.0,88.0,7920000.0,7920000.0,,,,,,,,,False,False,Neither retailer currently shows a discount for this style code.
JE0171,exact_style_code,both_in_stock,neither_on_sale,False,,False,,True,Black,normalized_compare,False,90000.0,False,-2.0,-2.0,-180000.0,-1.71,-1.71,mikesport_cheaper,mikesport_lb,True,0.0,neither_discounted,tie,1,False,Adidas Future Icons 3 Stripes Full Zip Women Sportswear Hoody Black,Adidas Future Icons 3 Stripes Full Zip Women Sportswear Hoody Black,https://lb.mikesport.com/products/adidas-future-icons-3-stripes-full-zip-women-sportswear-hoody-black,https://lb.mikesport.com/products/adidas-future-icons-3-stripes-full-zip-women-sportswear-hoody-black,1,hoody,hoody,women,women,Black,Black,in_stock,in_stock,1,0,0,L | M | S | XS,4,USD,USD,115.0,115.0,115.0,115.0,10350000.0,10350000.0,115.0,115.0,115.0,115.0,10350000.0,10350000.0,,,,,,,,,False,False,1,False,"Future Icons 3-Stripes Full-Zip Hoodie, Black","Future Icons 3-Stripes Full-Zip Hoodie, Black",https://www.adidas.com.lb/en/adidas-future-icons-3-stripes-full-zip-hoodie-black/A7_JE0171_ONE.html,https://www.adidas.com.lb/en/adidas-future-icons-3-stripes-full-zip-hoodie-black/A7_JE0171_ONE.html,1,Hoodies,Hoodies,men,men,Black,Black,in_stock,in_stock,1,0,0,XS | S | M | L,4,LBP,LBP,10530000.0,10530000.0,117.0,117.0,10530000.0,10530000.0,10530000.0,10530000.0,117.0,117.0,10530000.0,10530000.0,,,,,,,,,False,False,Neither retailer currently shows a discount for this style code.
JE0215,exact_style_code,both_in_stock,neither_on_sale,False,,True,women,True,Black,normalized_compare,False,90000.0,True,0.0,0.0,0.0,0.0,0.0,same_price,tie,True,0.0,neither_discounted,tie,1,False,Adidas Future Icons 3 Women Sportswear Tight Black,Adidas Future Icons 3 Women Sportswear Tight Black,https://lb.mikesport.com/products/adidas-future-icons-3-women-sportswear-tight-black,https://lb.mikesport.com/products/adidas-future-icons-3-women-sportswear-tight-black,1,tight,tight,women,women,Black,Black,in_stock,in_stock,1,0,0,L | S | XS,3,USD,USD,61.0,61.0,61.0,61.0,5490000.0,5490000.0,61.0,61.0,61.0,61.0,5490000.0,5490000.0,,,,,,,,,False,False,1,False,"Future Icons 3-Stripes Leggings, Black","Future Icons 3-Stripes Leggings, Black",https://www.adidas.com.lb/en/adidas-future-icons-3-stripes-leggings-black/A7_JE0215_ONE.html,https://www.adidas.com.lb/en/adidas-future-icons-3-stripes-leggings-black/A7_JE0215_ONE.html,1,Leggings,Leggings,women,women,Black,Black,in_stock,in_stock,1,0,0,XS | S | M | L,4,LBP,LBP,5490000.0,5490000.0,61.0,61.0,5490000.0,5490000.0,5490000.0,5490000.0,61.0,61.0,5490000.0,5490000.0,,,,,,,,,False,False,Neither retailer currently shows a discount for this style code.
JE0412,exact_style_code,both_in_stock,neither_on_sale,False,,True,men,True,White,normalized_compare,False,90000.0,True,0.0,0.0,0.0,0.0,0.0,same_price,tie,True,0.0,neither_discounted,tie,1,False,Adidas Club 3 Stripes Men Tennis Polo Short Sleeve White,Adidas Club 3 Stripes Men Tennis Polo Short Sleeve White,https://lb.mikesport.com/products/adidas-club-3-stripes-men-tennis-polo-short-sleeve-white,https://lb.mikesport.com/products/adidas-club-3-stripes-men-tennis-polo-short-sleeve-white,1,polo_short_sleeve,polo_short_sleeve,men,men,White,White,in_stock,in_stock,1,0,0,S,1,USD,USD,67.0,67.0,67.0,67.0,6030000.0,6030000.0,67.0,67.0,67.0,67.0,6030000.0,6030000.0,,,,,,,,,False,False,1,False,"Club Tennis 3-Stripes Polo Shirt, White","Club Tennis 3-Stripes Polo Shirt, White",https://www.adidas.com.lb/en/adidas-club-tennis-3-stripes-polo-shirt-white/A7_JE0412_ONE.html,https://www.adidas.com.lb/en/adidas-club-tennis-3-stripes-polo-shirt-white/A7_JE0412_ONE.html,1,T-Shirts,T-Shirts,men,men,White,White,in_stock,in_stock,1,0,0,S | M | L | XL | 2XL,5,LBP,LBP,6030000.0,6030000.0,67.0,67.0,6030000.0,6030000.0,6030000.0,6030000.0,67.0,67.0,6030000.0,6030000.0,,,,,,,,,False,False,Neither retailer currently shows a discount for this style code.
JE0413,exact_style_code,both_in_stock,neither_on_sale,False,,True,men,True,White,normalized_compare,False,90000.0,True,0.0,0.0,0.0,0.0,0.0,same_price,tie,True,0.0,neither_discounted,tie,1,False,Adidas Club Tennis Climacool 3-Stripes Men Tennis T-Shirt White,Adidas Club Tennis Climacool 3-Stripes Men Tennis T-Shirt White,https://lb.mikesport.com/products/adidas-club-tennis-climacool-3-stripes-men-tennis-t-shirt-white,https://lb.mikesport.com/products/adidas-club-tennis-climacool-3-stripes-men-tennis-t-shirt-white,1,t-shirt,t-shirt,men,men,White,White,in_stock,in_stock,1,0,0,XL,1,USD,USD,61.0,61.0,61.0,61.0,5490000.0,5490000.0,61.0,61.0,61.0,61.0,5490000.0,5490000.0,,,,,,,,,False,False,1,False,"Club Tennis Climacool 3-Stripes T-Shirt, White","Club Tennis Climacool 3-Stripes T-Shirt, White",https://www.adidas.com.lb/en/adidas-club-tennis-climacool-3-stripes-t-shirt-white/A7_JE0413_ONE.html,https://www.adidas.com.lb/en/adidas-club-tennis-climacool-3-stripes-t-shirt-white/A7_JE0413_ONE.html,1,T-Shirts,T-Shirts,men,men,White,White,in_stock,in_stock,1,0,0,M | L | XL | 2XL,4,LBP,LBP,5490000.0,5490000.0,61.0,61.0,5490000.0,5490000.0,5490000.0,5490000.0,61.0,61.0,5490000.0,5490000.0,,,,,,,,,False,False,Neither retailer currently shows a discount for this style code.
JE1306,exact_style_code,both_in_stock,neither_on_sale,False,,True,women,False,,normalized_compare,False,90000.0,False,1.0,1.0,90000.0,1.32,1.32,adidas_cheaper,adidas_lb,True,0.0,neither_discounted,tie,1,False,Adidas Essentials 3 Stripes Lifestyle Woven Parachute Women Sportswear Pant Black/White,Adidas Essentials 3 Stripes Lifestyle Woven Parachute Women Sportswear Pant Black/White,https://lb.mikesport.com/products/adidas-essentials-3-stripes-lifestyle-woven-parachute-women-sportswear-pant-black-white,https://lb.mikesport.com/products/adidas-essentials-3-stripes-lifestyle-woven-parachute-women-sportswear-pant-black-white,1,pant,pant,women,women,Black/White,Black/White,in_stock,in_stock,1,0,0,L | M | S | XS,4,USD,USD,77.0,77.0,77.0,77.0,6930000.0,6930000.0,77.0,77.0,77.0,77.0,6930000.0,6930000.0,,,,,,,,,False,False,1,False,"Essentials 3-Stripes Lifestyle Woven Parachute Tracksuit Bottoms, Black","Essentials 3-Stripes Lifestyle Woven Parachute Tracksuit Bottoms, Black",https://www.adidas.com.lb/en/adidas-essentials-3-stripes-lifestyle-woven-parachute-tracksuit-bottoms-black/A7_JE1306_ONE.html,https://www.adidas.com.lb/en/adidas-essentials-3-stripes-lifestyle-woven-parachute-tracksuit-bottoms-black/A7_JE1306_ONE.html,1,Tracksuits,Tracksuits,women,women,Black,Black,in_stock,in_stock,1,0,0,XS | S | M | L,4,LBP,LBP,6840000.0,6840000.0,76.0,76.0,6840000.0,6840000.0,6840000.0,6840000.0,76.0,76.0,6840000.0,6840000.0,,,,,,,,,False,False,Neither retailer currently shows a discount for this style code.
JE1401,exact_style_code,both_in_stock,neither_on_sale,False,,False,,False,,normalized_compare,False,90000.0,True,0.0,0.0,0.0,0.0,0.0,same_price,tie,True,0.0,neither_discounted,tie,1,False,Adidas Essentials 3 Stripes Little Sportswear Set Black/White,Adidas Essentials 3 Stripes Little Sportswear Set Black/White,https://lb.mikesport.com/products/adidas-essentials-3-stripes-little-sportswear-set-black-white,https://lb.mikesport.com/products/adidas-essentials-3-stripes-little-sportswear-set-black-white,1,set,set,kids,kids,Black/White,Black/White,in_stock,in_stock,1,0,0,7-8 Years,1,USD,USD,54.0,54.0,54.0,54.0,4860000.0,4860000.0,54.0,54.0,54.0,54.0,4860000.0,4860000.0,,,,,,,,,False,False,1,False,"Kids Unisex Essentials Tee Set, White","Kids Unisex Essentials Tee Set, White",https://www.adidas.com.lb/en/adidas-kids-unisex-essentials-tee-set-white/A7_JE1401_ONE.html,https://www.adidas.com.lb/en/adidas-kids-unisex-essentials-tee-set-white/A7_JE1401_ONE.html,1,Joggers & Trousers,Joggers & Trousers,unisex,unisex,White,White,in_stock,in_stock,1,0,0,4-5 Yrs | 5-6 Yrs | 7-8 Yrs | 6-7 Yrs,4,LBP,LBP,4860000.0,4860000.0,54.0,54.0,4860000.0,4860000.0,4860000.0,4860000.0,54.0,54.0,4860000.0,4860000.0,,,,,,,,,False,False,Neither retailer currently shows a discount for this style code.
JE1991,exact_style_code,both_in_stock,both_on_sale,False,,True,men,False,,normalized_compare,False,90000.0,False,1.0,1.0,90000.0,5.26,5.26,adidas_cheaper,adidas_lb,False,-1.28,adidas_higher_discount,adidas_lb,1,False,Adidas Tiro 24 Men Football Short White/Blue/Solar Red,Adidas Tiro 24 Men Football Short White/Blue/Solar Red,https://lb.mikesport.com/products/adidas-tiro-24-men-football-short-white-blue-solar-red,https://lb.mikesport.com/products/adidas-tiro-24-men-football-short-white-blue-solar-red,1,short,short,men,men,White/Blue/Solar Red,White/Blue/Solar Red,in_stock,in_stock,1,0,0,S,1,USD,USD,20.0,20.0,20.0,20.0,1800000.0,1800000.0,38.0,38.0,38.0,38.0,3420000.0,3420000.0,20.0,20.0,20.0,20.0,1800000.0,1800000.0,47.37,47.37,True,True,1,False,"Tiro 24 Training Shorts, White","Tiro 24 Training Shorts, White",https://www.adidas.com.lb/en/adidas-outlet-tiro-24-training-shorts-white/A9_JE1991_ONE.html,https://www.adidas.com.lb/en/adidas-outlet-tiro-24-training-shorts-white/A9_JE1991_ONE.html,1,Shorts,Shorts,men,men,White,White,in_stock,in_stock,1,0,0,L,1,LBP,LBP,1710000.0,1710000.0,19.0,19.0,1710000.0,1710000.0,3330000.0,3330000.0,37.0,37.0,3330000.0,3330000.0,1710000.0,1710000.0,19.0,19.0,1710000.0,1710000.0,48.65,48.65,True,True,
JE3078,exact_style_code,both_in_stock,neither_on_sale,False,,True,men,False,,normalized_compare,False,90000.0,True,0.0,0.0,0.0,0.0,0.0,same_price,tie,True,0.0,neither_discounted,tie,1,False,Adidas New Z N E Men Sportswear T-Shirt White,Adidas New Z N E Men Sportswear T-Shirt White,https://lb.mikesport.com/products/adidas-new-z-n-e-men-sportswear-t-shirt-white,https://lb.mikesport.com/products/adidas-new-z-n-e-men-sportswear-t-shirt-white,1,t-shirt,t-shirt,men,men,White/Black,White/Black,in_stock,in_stock,1,0,0,XL,1,USD,USD,67.0,67.0,67.0,67.0,6030000.0,6030000.0,67.0,67.0,67.0,67.0,6030000.0,6030000.0,,,,,,,,,False,False,1,False,"Adidas Z.N.E. T-Shirt, White","Adidas Z.N.E. T-Shirt, White",https://www.adidas.com.lb/en/adidas-adidas-z.n.e.-t-shirt-white/A7_JE3078_ONE.html,https://www.adidas.com.lb/en/adidas-adidas-z.n.e.-t-shirt-white/A7_JE3078_ONE.html,1,T-Shirts,T-Shirts,men,men,White,White,in_stock,in_stock,1,0,0,L | XL | 2XL,3,LBP,LBP,6030000.0,6030000.0,67.0,67.0,6030000.0,6030000.0,6030000.0,6030000.0,67.0,67.0,6030000.0,6030000.0,,,,,,,,,False,False,Neither retailer currently shows a discount for this style code.
JE3771,exact_style_code,both_in_stock,neither_on_sale,False,,True,women,True,White,normalized_compare,False,90000.0,False,1.0,1.0,90000.0,2.27,2.27,adidas_cheaper,adidas_lb,True,0.0,neither_discounted,tie,1,False,Adidas Powerreact Big Logo Printed Sports Top Women Training Bra White,Adidas Powerreact Big Logo Printed Sports Top Women Training Bra White,https://lb.mikesport.com/products/adidas-powerreact-big-logo-printed-sports-top-women-training-bra-white,https://lb.mikesport.com/products/adidas-powerreact-big-logo-printed-sports-top-women-training-bra-white,1,bra,bra,women,women,White,White,in_stock,in_stock,1,0,0,S,1,USD,USD,45.0,45.0,45.0,45.0,4050000.0,4050000.0,45.0,45.0,45.0,45.0,4050000.0,4050000.0,,,,,,,,,False,False,1,False,"Powerreact Graphic Bra, White","Powerreact Graphic Bra, White",https://www.adidas.com.lb/en/adidas-powerreact-graphic-bra-white/A7_JE3771_ONE.html,https://www.adidas.com.lb/en/adidas-powerreact-graphic-bra-white/A7_JE3771_ONE.html,1,Sports Bras,Sports Bras,women,women,White,White,in_stock,in_stock,1,0,0,XS | S | M,3,LBP,LBP,3960000.0,3960000.0,44.0,44.0,3960000.0,3960000.0,3960000.0,3960000.0,44.0,44.0,3960000.0,3960000.0,,,,,,,,,False,False,Neither retailer currently shows a discount for this style code.
JE3977,exact_style_code,both_in_stock,neither_on_sale,False,,True,women,True,Black,normalized_compare,False,90000.0,True,0.0,0.0,0.0,0.0,0.0,same_price,tie,True,0.0,neither_discounted,tie,1,False,Adidas Future Icons Small Logo Women Sportswear Pant Black,Adidas Future Icons Small Logo Women Sportswear Pant Black,https://lb.mikesport.com/products/adidas-future-icons-small-logo-women-sportswear-pant-black,https://lb.mikesport.com/products/adidas-future-icons-small-logo-women-sportswear-pant-black,1,pant,pant,women,women,Black,Black,in_stock,in_stock,1,0,0,L | M | S | XS,4,USD,USD,80.0,80.0,80.0,80.0,7200000.0,7200000.0,80.0,80.0,80.0,80.0,7200000.0,7200000.0,,,,,,,,,False,False,1,False,"Future Icons Small Logo Pants, Black","Future Icons Small Logo Pants, Black",https://www.adidas.com.lb/en/adidas-future-icons-small-logo-pants-black/A7_JE3977_ONE.html,https://www.adidas.com.lb/en/adidas-future-icons-small-logo-pants-black/A7_JE3977_ONE.html,1,Joggers & Trousers,Joggers & Trousers,women,women,Black,Black,in_stock,in_stock,1,0,0,XS | S | M | L,4,LBP,LBP,7200000.0,7200000.0,80.0,80.0,7200000.0,7200000.0,7200000.0,7200000.0,80.0,80.0,7200000.0,7200000.0,,,,,,,,,False,False,Neither retailer currently shows a discount for this style code.
JE4004,exact_style_code,both_in_stock,both_on_sale,False,,True,women,False,,normalized_compare,False,90000.0,False,7.0,7.0,630000.0,31.82,31.82,adidas_cheaper,adidas_lb,False,-14.44,adidas_higher_discount,adidas_lb,1,False,Adidas Future Icons Small Logo Women Sportswear T-Shirt Grey Strata,Adidas Future Icons Small Logo Women Sportswear T-Shirt Grey Strata,https://lb.mikesport.com/products/adidas-future-icons-small-logo-women-sportswear-t-shirt-grey-strata,https://lb.mikesport.com/products/adidas-future-icons-small-logo-women-sportswear-t-shirt-grey-strata,1,t-shirt,t-shirt,women,women,Grey Strata,Grey Strata,in_stock,in_stock,1,0,0,L | M | XS,3,USD,USD,29.0,29.0,29.0,29.0,2610000.0,2610000.0,45.0,45.0,45.0,45.0,4050000.0,4050000.0,29.0,29.0,29.0,29.0,2610000.0,2610000.0,35.56,35.56,True,True,1,False,"Future Icons Small Logo Baby T-Shirt, Grey","Future Icons Small Logo Baby T-Shirt, Grey",https://www.adidas.com.lb/en/adidas-outlet-future-icons-small-logo-baby-t-shirt-grey/A9_JE4004_ONE.html,https://www.adidas.com.lb/en/adidas-outlet-future-icons-small-logo-baby-t-shirt-grey/A9_JE4004_ONE.html,1,Tops,Tops,women,women,Grey,Grey,in_stock,in_stock,1,0,0,M,1,LBP,LBP,1980000.0,1980000.0,22.0,22.0,1980000.0,1980000.0,3960000.0,3960000.0,44.0,44.0,3960000.0,3960000.0,1980000.0,1980000.0,22.0,22.0,1980000.0,1980000.0,50.0,50.0,True,True,
JE5652,exact_style_code,both_in_stock,neither_on_sale,False,,True,unisex,False,,normalized_compare,False,90000.0,False,1.0,1.0,90000.0,3.57,3.57,adidas_cheaper,adidas_lb,True,0.0,neither_discounted,tie,1,False,Adidas 3-Stripes New Logo Baseball Unisex Training Cap White/Black,Adidas 3-Stripes New Logo Baseball Unisex Training Cap White/Black,https://lb.mikesport.com/products/adidas-3-stripes-new-logo-baseball-unisex-training-cap-white-black,https://lb.mikesport.com/products/adidas-3-stripes-new-logo-baseball-unisex-training-cap-white-black,1,cap,cap,unisex,unisex,White/Black,White/Black,in_stock,in_stock,1,0,0,,0,USD,USD,29.0,29.0,29.0,29.0,2610000.0,2610000.0,29.0,29.0,29.0,29.0,2610000.0,2610000.0,,,,,,,,,False,False,1,False,"Unisex 3-Stripes New Logo Baseball Cap, White","Unisex 3-Stripes New Logo Baseball Cap, White",https://www.adidas.com.lb/en/adidas-unisex-3-stripes-new-logo-baseball-cap-white/A7_JE5652_ONE.html,https://www.adidas.com.lb/en/adidas-unisex-3-stripes-new-logo-baseball-cap-white/A7_JE5652_ONE.html,1,Caps,Caps,unisex,unisex,White,White,in_stock,in_stock,1,0,0,One-Size,1,LBP,LBP,2520000.0,2520000.0,28.0,28.0,2520000.0,2520000.0,2520000.0,2520000.0,28.0,28.0,2520000.0,2520000.0,,,,,,,,,False,False,Neither retailer currently shows a discount for this style code.
JE5653,exact_style_code,both_in_stock,neither_on_sale,False,,True,unisex,True,Black,normalized_compare,False,90000.0,True,0.0,0.0,0.0,0.0,0.0,same_price,tie,True,0.0,neither_discounted,tie,1,False,Adidas Lightweight Baseball Unisex Training Cap Black,Adidas Lightweight Baseball Unisex Training Cap Black,https://lb.mikesport.com/products/adidas-lightweight-baseball-unisex-training-cap-black,https://lb.mikesport.com/products/adidas-lightweight-baseball-unisex-training-cap-black,1,cap,cap,unisex,unisex,Black,Black,in_stock,in_stock,1,0,0,,0,USD,USD,26.0,26.0,26.0,26.0,2340000.0,2340000.0,26.0,26.0,26.0,26.0,2340000.0,2340000.0,,,,,,,,,False,False,1,False,"Unisex Lightweight Baseball Cap, Black","Unisex Lightweight Baseball Cap, Black",https://www.adidas.com.lb/en/adidas-unisex-lightweight-baseball-cap-black/A7_JE5653_ONE.html,https://www.adidas.com.lb/en/adidas-unisex-lightweight-baseball-cap-black/A7_JE5653_ONE.html,1,Caps,Caps,unisex,unisex,Black,Black,in_stock,in_stock,1,0,0,One-Size,1,LBP,LBP,2340000.0,2340000.0,26.0,26.0,2340000.0,2340000.0,2340000.0,2340000.0,26.0,26.0,2340000.0,2340000.0,,,,,,,,,False,False,Neither retailer currently shows a discount for this style code.
JE5682,exact_style_code,both_in_stock,neither_on_sale,False,,True,men,True,Black,normalized_compare,False,90000.0,False,1.0,1.0,90000.0,1.32,1.32,adidas_cheaper,adidas_lb,True,0.0,neither_discounted,tie,1,False,Adidas D4T 3 Stripes Men Training Short Black,Adidas D4T 3 Stripes Men Training Short Black,https://lb.mikesport.com/products/je5682-d4t-3s-short-black,https://lb.mikesport.com/products/je5682-d4t-3s-short-black,1,short,short,men,men,Black,Black,in_stock,in_stock,1,0,0,S,1,USD,USD,77.0,77.0,77.0,77.0,6930000.0,6930000.0,77.0,77.0,77.0,77.0,6930000.0,6930000.0,,,,,,,,,False,False,1,False,"Designed-for-Training 3-Stripes Shorts, Black","Designed-for-Training 3-Stripes Shorts, Black",https://www.adidas.com.lb/en/adidas-designed-for-training-3-stripes-shorts-black/A7_JE5682_ONE.html,https://www.adidas.com.lb/en/adidas-designed-for-training-3-stripes-shorts-black/A7_JE5682_ONE.html,1,Shorts,Shorts,men,men,Black,Black,in_stock,in_stock,1,0,0,S 7 | M 7 | L 7 | XL7 | XS7,5,LBP,LBP,6840000.0,6840000.0,76.0,76.0,6840000.0,6840000.0,6840000.0,6840000.0,76.0,76.0,6840000.0,6840000.0,,,,,,,,,False,False,Neither retailer currently shows a discount for this style code.
JE6388,exact_style_code,both_in_stock,neither_on_sale,False,,True,men,False,,normalized_compare,False,90000.0,False,1.0,1.0,90000.0,2.27,2.27,adidas_cheaper,adidas_lb,True,0.0,neither_discounted,tie,1,False,Adidas Essentials 3 Stripes Single Jersey Men Sportswear T-Shirt White/Black,Adidas Essentials 3 Stripes Single Jersey Men Sportswear T-Shirt White/Black,https://lb.mikesport.com/products/adidas-essentials-3-stripes-single-jersey-men-sportswear-t-shirt-white-black,https://lb.mikesport.com/products/adidas-essentials-3-stripes-single-jersey-men-sportswear-t-shirt-white-black,1,t-shirt,t-shirt,men,men,White/Black,White/Black,in_stock,in_stock,1,0,0,S,1,USD,USD,45.0,45.0,45.0,45.0,4050000.0,4050000.0,45.0,45.0,45.0,45.0,4050000.0,4050000.0,,,,,,,,,False,False,1,False,"Essentials 3-Stripes Single Jersey T-Shirt, White","Essentials 3-Stripes Single Jersey T-Shirt, White",https://www.adidas.com.lb/en/adidas-essentials-3-stripes-single-jersey-t-shirt-white/A7_JE6388_ONE.html,https://www.adidas.com.lb/en/adidas-essentials-3-stripes-single-jersey-t-shirt-white/A7_JE6388_ONE.html,1,T-Shirts,T-Shirts,men,men,White,White,in_stock,in_stock,1,0,0,XS | S | M | L | XL | 2XL,6,LBP,LBP,3960000.0,3960000.0,44.0,44.0,3960000.0,3960000.0,3960000.0,3960000.0,44.0,44.0,3960000.0,3960000.0,,,,,,,,,False,False,Neither retailer currently shows a discount for this style code.
JE6391,exact_style_code,both_in_stock,neither_on_sale,False,,True,men,False,,normalized_compare,False,90000.0,False,1.0,1.0,90000.0,2.27,2.27,adidas_cheaper,adidas_lb,True,0.0,neither_discounted,tie,1,False,Adidas Essentials 3 Stripes Men Sportswear T-Shirt Olive Strata/Black,Adidas Essentials 3 Stripes Men Sportswear T-Shirt Olive Strata/Black,https://lb.mikesport.com/products/adidas-essentials-3-stripes-men-sportswear-t-shirt-olive-strata-black,https://lb.mikesport.com/products/adidas-essentials-3-stripes-men-sportswear-t-shirt-olive-strata-black,1,t-shirt,t-shirt,men,men,Olive Strata/Black,Olive Strata/Black,in_stock,in_stock,1,0,0,L | S,2,USD,USD,45.0,45.0,45.0,45.0,4050000.0,4050000.0,45.0,45.0,45.0,45.0,4050000.0,4050000.0,,,,,,,,,False,False,1,False,"Essentials 3-Stripes Single Jersey T-Shirt, Green","Essentials 3-Stripes Single Jersey T-Shirt, Green",https://www.adidas.com.lb/en/adidas-essentials-3-stripes-single-jersey-t-shirt-green/A7_JE6391_ONE.html,https://www.adidas.com.lb/en/adidas-essentials-3-stripes-single-jersey-t-shirt-green/A7_JE6391_ONE.html,1,T-Shirts,T-Shirts,men,men,Green,Green,in_stock,in_stock,1,0,0,S | M | L | XL | 2XL,5,LBP,LBP,3960000.0,3960000.0,44.0,44.0,3960000.0,3960000.0,3960000.0,3960000.0,44.0,44.0,3960000.0,3960000.0,,,,,,,,,False,False,Neither retailer currently shows a discount for this style code.
JE6416,exact_style_code,both_in_stock,neither_on_sale,False,,True,men,False,,normalized_compare,False,90000.0,True,0.0,0.0,0.0,0.0,0.0,same_price,tie,True,0.0,neither_discounted,tie,1,False,Adidas Essentials Men Sportswear Short Olive Strata/Black,Adidas Essentials Men Sportswear Short Olive Strata/Black,https://lb.mikesport.com/products/adidas-essentials-men-sportswear-short-olive-strata-black,https://lb.mikesport.com/products/adidas-essentials-men-sportswear-short-olive-strata-black,1,short,short,men,men,Olive Strata/Black,Olive Strata/Black,in_stock,in_stock,1,0,0,S,1,USD,USD,54.0,54.0,54.0,54.0,4860000.0,4860000.0,54.0,54.0,54.0,54.0,4860000.0,4860000.0,,,,,,,,,False,False,1,False,"Essential 3-Stripes French Terry Shorts, Green","Essential 3-Stripes French Terry Shorts, Green",https://www.adidas.com.lb/en/adidas-essential-3-stripes-french-terry-shorts-green/A7_JE6416_ONE.html,https://www.adidas.com.lb/en/adidas-essential-3-stripes-french-terry-shorts-green/A7_JE6416_ONE.html,1,Shorts,Shorts,men,men,Green,Green,in_stock,in_stock,1,0,0,XS | S | M,3,LBP,LBP,4860000.0,4860000.0,54.0,54.0,4860000.0,4860000.0,4860000.0,4860000.0,54.0,54.0,4860000.0,4860000.0,,,,,,,,,False,False,Neither retailer currently shows a discount for this style code.
JE6698,exact_style_code,both_in_stock,neither_on_sale,False,,True,men,True,Black,normalized_compare,False,90000.0,True,0.0,0.0,0.0,0.0,0.0,same_price,tie,True,0.0,neither_discounted,tie,1,False,Adidas Techfit Men Training T-Shirt Black,Adidas Techfit Men Training T-Shirt Black,https://lb.mikesport.com/products/adidas-techfit-men-training-t-shirt-black,https://lb.mikesport.com/products/adidas-techfit-men-training-t-shirt-black,1,baselayer,baselayer,men,men,Black,Black,in_stock,in_stock,1,0,0,2XL | L | M | S | XL,5,USD,USD,54.0,54.0,54.0,54.0,4860000.0,4860000.0,54.0,54.0,54.0,54.0,4860000.0,4860000.0,,,,,,,,,False,False,1,False,"TECHFIT Compression Training T-Shirt, Black","TECHFIT Compression Training T-Shirt, Black",https://www.adidas.com.lb/en/adidas-techfit-compression-training-t-shirt-black/A7_JE6698_ONE.html,https://www.adidas.com.lb/en/adidas-techfit-compression-training-t-shirt-black/A7_JE6698_ONE.html,1,T-Shirts,T-Shirts,men,men,Black,Black,in_stock,in_stock,1,0,0,S | M | L | XL,4,LBP,LBP,4860000.0,4860000.0,54.0,54.0,4860000.0,4860000.0,4860000.0,4860000.0,54.0,54.0,4860000.0,4860000.0,,,,,,,,,False,False,Neither retailer currently shows a discount for this style code.
JE7538,exact_style_code,both_in_stock,neither_on_sale,False,,True,men,True,Black,normalized_compare,False,90000.0,True,0.0,0.0,0.0,0.0,0.0,same_price,tie,True,0.0,neither_discounted,tie,1,False,Adidas Z N E Men Sportswear Hoody Black,Adidas Z N E Men Sportswear Hoody Black,https://lb.mikesport.com/products/adidas-z-n-e-men-sportswear-hoody-black-2,https://lb.mikesport.com/products/adidas-z-n-e-men-sportswear-hoody-black-2,1,hoody,hoody,men,men,Black,Black,in_stock,in_stock,1,0,0,L | M | S | XL,4,USD,USD,159.0,159.0,159.0,159.0,14310000.0,14310000.0,159.0,159.0,159.0,159.0,14310000.0,14310000.0,,,,,,,,,False,False,1,False,"Adidas Z.N.E. Full Zip, Black","Adidas Z.N.E. Full Zip, Black",https://www.adidas.com.lb/en/adidas-adidas-z.n.e.-full-zip-black/A7_JE7538_ONE.html,https://www.adidas.com.lb/en/adidas-adidas-z.n.e.-full-zip-black/A7_JE7538_ONE.html,1,Jackets & Tracktops,Jackets & Tracktops,men,men,Black,Black,in_stock,in_stock,1,0,0,XS | S | M | L | XL | 2XL,6,LBP,LBP,14310000.0,14310000.0,159.0,159.0,14310000.0,14310000.0,14310000.0,14310000.0,159.0,159.0,14310000.0,14310000.0,,,,,,,,,False,False,Neither retailer currently shows a discount for this style code.
JE7540,exact_style_code,both_in_stock,neither_on_sale,False,,True,men,True,Black,normalized_compare,False,90000.0,True,0.0,0.0,0.0,0.0,0.0,same_price,tie,True,0.0,neither_discounted,tie,1,False,Adidas Z N E Men Sportswear Short Black,Adidas Z N E Men Sportswear Short Black,https://lb.mikesport.com/products/adidas-zne-men-sportswear-short-black,https://lb.mikesport.com/products/adidas-zne-men-sportswear-short-black,1,short,short,men,men,Black,Black,in_stock,in_stock,1,0,0,S,1,USD,USD,80.0,80.0,80.0,80.0,7200000.0,7200000.0,80.0,80.0,80.0,80.0,7200000.0,7200000.0,,,,,,,,,False,False,1,False,"New adidas Z.N.E. Shorts, Black","New adidas Z.N.E. Shorts, Black",https://www.adidas.com.lb/en/adidas-new-adidas-z.n.e.-shorts-black/A7_JE7540_ONE.html,https://www.adidas.com.lb/en/adidas-new-adidas-z.n.e.-shorts-black/A7_JE7540_ONE.html,1,Shorts,Shorts,men,men,Black,Black,in_stock,in_stock,1,0,0,XS | S | M | L | XL,5,LBP,LBP,7200000.0,7200000.0,80.0,80.0,7200000.0,7200000.0,7200000.0,7200000.0,80.0,80.0,7200000.0,7200000.0,,,,,,,,,False,False,Neither retailer currently shows a discount for this style code.
JE7842,exact_style_code,both_in_stock,neither_on_sale,False,,True,women,True,Black,normalized_compare,False,90000.0,True,0.0,0.0,0.0,0.0,0.0,same_price,tie,True,0.0,neither_discounted,tie,1,False,Adidas Z N E Women Sportswear Pant Black,Adidas Z N E Women Sportswear Pant Black,https://lb.mikesport.com/products/adidas-z-n-e-women-sportswear-pant-black-1,https://lb.mikesport.com/products/adidas-z-n-e-women-sportswear-pant-black-1,1,pant,pant,women,women,Black,Black,in_stock,in_stock,1,0,0,L | M | S | XS,4,USD,USD,135.0,135.0,135.0,135.0,12150000.0,12150000.0,135.0,135.0,135.0,135.0,12150000.0,12150000.0,,,,,,,,,False,False,1,False,"adidas Z.N.E. Tracksuit Bottoms, Black","adidas Z.N.E. Tracksuit Bottoms, Black",https://www.adidas.com.lb/en/adidas-adidas-z.n.e.-tracksuit-bottoms-black/A7_JE7842_ONE.html,https://www.adidas.com.lb/en/adidas-adidas-z.n.e.-tracksuit-bottoms-black/A7_JE7842_ONE.html,1,Tracksuits,Tracksuits,women,women,Black,Black,in_stock,in_stock,1,0,0,XS | S | M | L,4,LBP,LBP,12150000.0,12150000.0,135.0,135.0,12150000.0,12150000.0,12150000.0,12150000.0,135.0,135.0,12150000.0,12150000.0,,,,,,,,,False,False,Neither retailer currently shows a discount for this style code.
JE7843,exact_style_code,both_in_stock,neither_on_sale,False,,True,women,True,White,normalized_compare,False,90000.0,True,0.0,0.0,0.0,0.0,0.0,same_price,tie,True,0.0,neither_discounted,tie,1,False,Adidas Z N E Women Sportswear Pant White,Adidas Z N E Women Sportswear Pant White,https://lb.mikesport.com/products/adidas-z-n-e-women-sportswear-pant-white,https://lb.mikesport.com/products/adidas-z-n-e-women-sportswear-pant-white,1,pant,pant,women,women,White,White,in_stock,in_stock,1,0,0,L | M | S | XS,4,USD,USD,135.0,135.0,135.0,135.0,12150000.0,12150000.0,135.0,135.0,135.0,135.0,12150000.0,12150000.0,,,,,,,,,False,False,1,False,"adidas Z.N.E. Tracksuit Bottoms, White","adidas Z.N.E. Tracksuit Bottoms, White",https://www.adidas.com.lb/en/adidas-adidas-z.n.e.-tracksuit-bottoms-white/A7_JE7843_ONE.html,https://www.adidas.com.lb/en/adidas-adidas-z.n.e.-tracksuit-bottoms-white/A7_JE7843_ONE.html,1,Tracksuits,Tracksuits,women,women,White,White,in_stock,in_stock,1,0,0,XS | S | M | L,4,LBP,LBP,12150000.0,12150000.0,135.0,135.0,12150000.0,12150000.0,12150000.0,12150000.0,135.0,135.0,12150000.0,12150000.0,,,,,,,,,False,False,Neither retailer currently shows a discount for this style code.
JE7848,exact_style_code,both_in_stock,neither_on_sale,False,,False,,True,Black,normalized_compare,False,90000.0,True,0.0,0.0,0.0,0.0,0.0,same_price,tie,True,0.0,neither_discounted,tie,1,False,Adidas Z N E Women Sportswear Hoody Black,Adidas Z N E Women Sportswear Hoody Black,https://lb.mikesport.com/products/adidas-z-n-e-women-sportswear-hoody-black-2,https://lb.mikesport.com/products/adidas-z-n-e-women-sportswear-hoody-black-2,1,hoody,hoody,women,women,Black,Black,in_stock,in_stock,1,0,0,S | XS,2,USD,USD,159.0,159.0,159.0,159.0,14310000.0,14310000.0,159.0,159.0,159.0,159.0,14310000.0,14310000.0,,,,,,,,,False,False,1,False,"adidas Z.N.E. Full-Zip Hoodie, Black","adidas Z.N.E. Full-Zip Hoodie, Black",https://www.adidas.com.lb/en/adidas-adidas-z.n.e.-full-zip-hoodie-black/A7_JE7848_ONE.html,https://www.adidas.com.lb/en/adidas-adidas-z.n.e.-full-zip-hoodie-black/A7_JE7848_ONE.html,1,Hoodies,Hoodies,men,men,Black,Black,in_stock,in_stock,1,0,0,XS | S | M | L | XL,5,LBP,LBP,14310000.0,14310000.0,159.0,159.0,14310000.0,14310000.0,14310000.0,14310000.0,159.0,159.0,14310000.0,14310000.0,,,,,,,,,False,False,Neither retailer currently shows a discount for this style code.
JE7849,exact_style_code,both_in_stock,neither_on_sale,False,,False,,True,White,normalized_compare,False,90000.0,True,0.0,0.0,0.0,0.0,0.0,same_price,tie,True,0.0,neither_discounted,tie,1,False,Adidas Z N E Women Sportswear Hoody White,Adidas Z N E Women Sportswear Hoody White,https://lb.mikesport.com/products/adidas-z-n-e-women-sportswear-hoody-white-2,https://lb.mikesport.com/products/adidas-z-n-e-women-sportswear-hoody-white-2,1,hoody,hoody,women,women,White,White,in_stock,in_stock,1,0,0,L | M | S | XS,4,USD,USD,159.0,159.0,159.0,159.0,14310000.0,14310000.0,159.0,159.0,159.0,159.0,14310000.0,14310000.0,,,,,,,,,False,False,1,False,"adidas Z.N.E. Full-Zip Hoodie, White","adidas Z.N.E. Full-Zip Hoodie, White",https://www.adidas.com.lb/en/adidas-adidas-z.n.e.-full-zip-hoodie-white/A7_JE7849_ONE.html,https://www.adidas.com.lb/en/adidas-adidas-z.n.e.-full-zip-hoodie-white/A7_JE7849_ONE.html,1,Hoodies,Hoodies,men,men,White,White,in_stock,in_stock,1,0,0,M | L | XL,3,LBP,LBP,14310000.0,14310000.0,159.0,159.0,14310000.0,14310000.0,14310000.0,14310000.0,159.0,159.0,14310000.0,14310000.0,,,,,,,,,False,False,Neither retailer currently shows a discount for this style code.
JE7857,exact_style_code,both_in_stock,neither_on_sale,False,,True,women,True,White,normalized_compare,False,90000.0,True,0.0,0.0,0.0,0.0,0.0,same_price,tie,True,0.0,neither_discounted,tie,1,False,Adidas Z N E Women Sportswear T-Shirt White,Adidas Z N E Women Sportswear T-Shirt White,https://lb.mikesport.com/products/adidas-zne-women-sportswear-t-shirt-white,https://lb.mikesport.com/products/adidas-zne-women-sportswear-t-shirt-white,1,t-shirt,t-shirt,women,women,White,White,in_stock,in_stock,1,0,0,S,1,USD,USD,67.0,67.0,67.0,67.0,6030000.0,6030000.0,67.0,67.0,67.0,67.0,6030000.0,6030000.0,,,,,,,,,False,False,1,False,"adidas Z.N.E. T-Shirt, White","adidas Z.N.E. T-Shirt, White",https://www.adidas.com.lb/en/adidas-adidas-z.n.e.-t-shirt-white/A7_JE7857_ONE.html,https://www.adidas.com.lb/en/adidas-adidas-z.n.e.-t-shirt-white/A7_JE7857_ONE.html,1,T-Shirts & Tops,T-Shirts & Tops,women,women,White,White,in_stock,in_stock,1,0,0,S | M | L,3,LBP,LBP,6030000.0,6030000.0,67.0,67.0,6030000.0,6030000.0,6030000.0,6030000.0,67.0,67.0,6030000.0,6030000.0,,,,,,,,,False,False,Neither retailer currently shows a discount for this style code.
JE8943,exact_style_code,both_in_stock,neither_on_sale,False,,True,men,False,,normalized_compare,False,90000.0,False,1.0,1.0,90000.0,2.27,2.27,adidas_cheaper,adidas_lb,True,0.0,neither_discounted,tie,1,False,Adidas Essentials Big Logo Men Sportswear T-Shirt White/Black,Adidas Essentials Big Logo Men Sportswear T-Shirt White/Black,https://lb.mikesport.com/products/je8943-m-bl-sj-t-white-black,https://lb.mikesport.com/products/je8943-m-bl-sj-t-white-black,1,t-shirt,t-shirt,men,men,White/Black,White/Black,in_stock,in_stock,1,0,0,L | M | S | XL,4,USD,USD,45.0,45.0,45.0,45.0,4050000.0,4050000.0,45.0,45.0,45.0,45.0,4050000.0,4050000.0,,,,,,,,,False,False,1,False,"Essentials Big Logo T-shirt, White","Essentials Big Logo T-shirt, White",https://www.adidas.com.lb/en/adidas-essentials-big-logo-t-shirt-white/A7_JE8943_ONE.html,https://www.adidas.com.lb/en/adidas-essentials-big-logo-t-shirt-white/A7_JE8943_ONE.html,1,T-Shirts,T-Shirts,men,men,White,White,in_stock,in_stock,1,0,0,S | M | L | XL | 2XL,5,LBP,LBP,3960000.0,3960000.0,44.0,44.0,3960000.0,3960000.0,3960000.0,3960000.0,44.0,44.0,3960000.0,3960000.0,,,,,,,,,False,False,Neither retailer currently shows a discount for this style code.
JE8945,exact_style_code,both_in_stock,neither_on_sale,False,,True,men,False,,normalized_compare,False,90000.0,False,1.0,1.0,90000.0,2.27,2.27,adidas_cheaper,adidas_lb,True,0.0,neither_discounted,tie,1,False,Adidas Essentials Big Logo Men Sportswear T-Shirt Black/White,Adidas Essentials Big Logo Men Sportswear T-Shirt Black/White,https://lb.mikesport.com/products/adidas-essentials-big-logo-men-sportswear-t-shirt-black-white,https://lb.mikesport.com/products/adidas-essentials-big-logo-men-sportswear-t-shirt-black-white,1,t-shirt,t-shirt,men,men,Black/White,Black/White,in_stock,in_stock,1,0,0,L | M | S,3,USD,USD,45.0,45.0,45.0,45.0,4050000.0,4050000.0,45.0,45.0,45.0,45.0,4050000.0,4050000.0,,,,,,,,,False,False,1,False,"Essentials Big Logo Tee, Black","Essentials Big Logo Tee, Black",https://www.adidas.com.lb/en/adidas-essentials-big-logo-tee-black/A7_JE8945_ONE.html,https://www.adidas.com.lb/en/adidas-essentials-big-logo-tee-black/A7_JE8945_ONE.html,1,T-Shirts,T-Shirts,men,men,Black,Black,in_stock,in_stock,1,0,0,S | M | L | 2XL,4,LBP,LBP,3960000.0,3960000.0,44.0,44.0,3960000.0,3960000.0,3960000.0,3960000.0,44.0,44.0,3960000.0,3960000.0,,,,,,,,,False,False,Neither retailer currently shows a discount for this style code.
JE9024,exact_style_code,both_in_stock,neither_on_sale,False,,True,men,False,,normalized_compare,False,90000.0,False,1.0,1.0,90000.0,2.7,2.7,adidas_cheaper,adidas_lb,True,0.0,neither_discounted,tie,1,False,Adidas Essentials Small Logo Men Sportswear T-Shirt Black/White,Adidas Essentials Small Logo Men Sportswear T-Shirt Black/White,https://lb.mikesport.com/products/adidas-essentials-small-logo-men-sportswear-t-shirt-black-white,https://lb.mikesport.com/products/adidas-essentials-small-logo-men-sportswear-t-shirt-black-white,1,t-shirt,t-shirt,men,men,Black/White,Black/White,in_stock,in_stock,1,0,0,M,1,USD,USD,38.0,38.0,38.0,38.0,3420000.0,3420000.0,38.0,38.0,38.0,38.0,3420000.0,3420000.0,,,,,,,,,False,False,1,False,"Essentials Small Logo Single Jersey T-Shirt, Black","Essentials Small Logo Single Jersey T-Shirt, Black",https://www.adidas.com.lb/en/adidas-essentials-small-logo-single-jersey-t-shirt-black/A7_JE9024_ONE.html,https://www.adidas.com.lb/en/adidas-essentials-small-logo-single-jersey-t-shirt-black/A7_JE9024_ONE.html,1,T-Shirts,T-Shirts,men,men,Black,Black,in_stock,in_stock,1,0,0,XS | S | M | L | XL | 2XL,6,LBP,LBP,3330000.0,3330000.0,37.0,37.0,3330000.0,3330000.0,3330000.0,3330000.0,37.0,37.0,3330000.0,3330000.0,,,,,,,,,False,False,Neither retailer currently shows a discount for this style code.
JF1026,exact_style_code,both_in_stock,neither_on_sale,False,,True,women,True,White,normalized_compare,False,90000.0,False,1.0,1.0,90000.0,2.7,2.7,adidas_cheaper,adidas_lb,True,0.0,neither_discounted,tie,1,False,Adidas Train Essentials Boxy Workout Women Training Tank White,Adidas Train Essentials Boxy Workout Women Training Tank White,https://lb.mikesport.com/products/adidas-train-essentials-boxy-workout-women-training-tank-white,https://lb.mikesport.com/products/adidas-train-essentials-boxy-workout-women-training-tank-white,1,tank,tank,women,women,White,White,in_stock,in_stock,1,0,0,L | M | S | XS,4,USD,USD,38.0,38.0,38.0,38.0,3420000.0,3420000.0,38.0,38.0,38.0,38.0,3420000.0,3420000.0,,,,,,,,,False,False,1,False,"Train Essentials Boxy Workout Tank Top, White","Train Essentials Boxy Workout Tank Top, White",https://www.adidas.com.lb/en/adidas-train-essentials-boxy-workout-tank-top-white/A7_JF1026_ONE.html,https://www.adidas.com.lb/en/adidas-train-essentials-boxy-workout-tank-top-white/A7_JF1026_ONE.html,1,T-Shirts & Tops,T-Shirts & Tops,women,women,White,White,in_stock,in_stock,1,0,0,XS | S | M | L,4,LBP,LBP,3330000.0,3330000.0,37.0,37.0,3330000.0,3330000.0,3330000.0,3330000.0,37.0,37.0,3330000.0,3330000.0,,,,,,,,,False,False,Neither retailer currently shows a discount for this style code.
JF1117,exact_style_code,both_in_stock,neither_on_sale,False,,True,men,False,,normalized_compare,False,90000.0,True,0.0,0.0,0.0,0.0,0.0,same_price,tie,True,0.0,neither_discounted,tie,1,False,Adidas Essentials Small Logo Chelsea Men Sportswear Short Black/White,Adidas Essentials Small Logo Chelsea Men Sportswear Short Black/White,https://lb.mikesport.com/products/adidas-essentials-small-logo-chelsea-men-sportswear-short-black-white,https://lb.mikesport.com/products/adidas-essentials-small-logo-chelsea-men-sportswear-short-black-white,1,short,short,men,men,Black/White,Black/White,in_stock,in_stock,1,0,0,2XL | L | M | S | XL,5,USD,USD,44.0,44.0,44.0,44.0,3960000.0,3960000.0,44.0,44.0,44.0,44.0,3960000.0,3960000.0,,,,,,,,,False,False,1,False,"Essentials Small Logo Chelsea Shorts, Black","Essentials Small Logo Chelsea Shorts, Black",https://www.adidas.com.lb/en/adidas-essentials-small-logo-chelsea-shorts-black/A7_JF1117_ONE.html,https://www.adidas.com.lb/en/adidas-essentials-small-logo-chelsea-shorts-black/A7_JF1117_ONE.html,1,Shorts,Shorts,men,men,Black,Black,in_stock,in_stock,1,0,0,XS | S | M | L | XL,5,LBP,LBP,3960000.0,3960000.0,44.0,44.0,3960000.0,3960000.0,3960000.0,3960000.0,44.0,44.0,3960000.0,3960000.0,,,,,,,,,False,False,Neither retailer currently shows a discount for this style code.
JF2491,exact_style_code,both_in_stock,neither_on_sale,False,,False,,False,,normalized_compare,False,90000.0,False,1.0,1.0,90000.0,1.05,1.05,adidas_cheaper,adidas_lb,True,0.0,neither_discounted,tie,1,False,Adidas Z.N.E. Tapered-Leg Kids-Boys Sportswear Pant Black,Adidas Z.N.E. Tapered-Leg Kids-Boys Sportswear Pant Black,https://lb.mikesport.com/products/adidas-z-n-e-tapered-leg-kids-boys-sportswear-pant-black,https://lb.mikesport.com/products/adidas-z-n-e-tapered-leg-kids-boys-sportswear-pant-black,1,pant,pant,unisex,unisex,Off White,Off White,in_stock,in_stock,1,0,0,7-8 Years | 9-10 Years | 11-12 Years | 13-14 Years,4,USD,USD,96.0,96.0,96.0,96.0,8640000.0,8640000.0,96.0,96.0,96.0,96.0,8640000.0,8640000.0,,,,,,,,,False,False,1,False,"Unisex Kids adidas Z.N.E. Tapered-Leg Tracksuit Bottoms, Black","Unisex Kids adidas Z.N.E. Tapered-Leg Tracksuit Bottoms, Black",https://www.adidas.com.lb/en/adidas-unisex-kids-adidas-z.n.e.-tapered-leg-tracksuit-bottoms-black/A7_JF2491_ONE.html,https://www.adidas.com.lb/en/adidas-unisex-kids-adidas-z.n.e.-tapered-leg-tracksuit-bottoms-black/A7_JF2491_ONE.html,1,Joggers & Trousers,Joggers & Trousers,kids,kids,Black,Black,in_stock,in_stock,1,0,0,7-8 Yrs | 11-12 Yrs | 13-14 Yrs | 9-10 Yrs,4,LBP,LBP,8550000.0,8550000.0,95.0,95.0,8550000.0,8550000.0,8550000.0,8550000.0,95.0,95.0,8550000.0,8550000.0,,,,,,,,,False,False,Neither retailer currently shows a discount for this style code.
JF2847,exact_style_code,both_in_stock,neither_on_sale,False,,False,,True,Black,normalized_compare,False,90000.0,True,0.0,0.0,0.0,0.0,0.0,same_price,tie,True,0.0,neither_discounted,tie,1,False,Adidas Z.N.E. Full-Zip Kids-Unisex Sportswear Hoody Black,Adidas Z.N.E. Full-Zip Kids-Unisex Sportswear Hoody Black,https://lb.mikesport.com/products/adidas-z-n-e-full-zip-kids-unisex-sportswear-hoody-black,https://lb.mikesport.com/products/adidas-z-n-e-full-zip-kids-unisex-sportswear-hoody-black,1,hoody,hoody,unisex,unisex,Black,Black,in_stock,in_stock,1,0,0,7-8 Years | 9-10 Years | 11-12 Years | 13-14 Years,4,USD,USD,117.0,117.0,117.0,117.0,10530000.0,10530000.0,117.0,117.0,117.0,117.0,10530000.0,10530000.0,,,,,,,,,False,False,1,False,"Unisex Kids adidas Z.N.E. Full-Zip Hooded Track Jacket, Black","Unisex Kids adidas Z.N.E. Full-Zip Hooded Track Jacket, Black",https://www.adidas.com.lb/en/adidas-unisex-kids-adidas-z.n.e.-full-zip-hooded-track-jacket-black/A7_JF2847_ONE.html,https://www.adidas.com.lb/en/adidas-unisex-kids-adidas-z.n.e.-full-zip-hooded-track-jacket-black/A7_JF2847_ONE.html,1,Jackets & Tracktops,Jackets & Tracktops,kids,kids,Black,Black,in_stock,in_stock,1,0,0,7-8 Yrs | 11-12 Yrs | 13-14 Yrs | 9-10 Yrs,4,LBP,LBP,10530000.0,10530000.0,117.0,117.0,10530000.0,10530000.0,10530000.0,10530000.0,117.0,117.0,10530000.0,10530000.0,,,,,,,,,False,False,Neither retailer currently shows a discount for this style code.
JF3615,exact_style_code,both_in_stock,neither_on_sale,False,,True,men,False,,normalized_compare,False,90000.0,True,0.0,0.0,0.0,0.0,0.0,same_price,tie,True,0.0,neither_discounted,tie,1,False,Adidas Essentials Loose Fit 3 Stripes Men Sportswear T-Shirt Black/White,Adidas Essentials Loose Fit 3 Stripes Men Sportswear T-Shirt Black/White,https://lb.mikesport.com/products/adidas-essentials-loose-fit-3-stripes-men-sportswear-t-shirt-black-white,https://lb.mikesport.com/products/adidas-essentials-loose-fit-3-stripes-men-sportswear-t-shirt-black-white,1,t-shirt,t-shirt,men,men,Black / White,Black / White,in_stock,in_stock,1,0,0,L | M | S | XL,4,USD,USD,44.0,44.0,44.0,44.0,3960000.0,3960000.0,44.0,44.0,44.0,44.0,3960000.0,3960000.0,,,,,,,,,False,False,1,False,"Essentials Loose Fit 3 Bar Logo T-Shirt, Black","Essentials Loose Fit 3 Bar Logo T-Shirt, Black",https://www.adidas.com.lb/en/adidas-essentials-loose-fit-3-bar-logo-t-shirt-black/A7_JF3615_ONE.html,https://www.adidas.com.lb/en/adidas-essentials-loose-fit-3-bar-logo-t-shirt-black/A7_JF3615_ONE.html,1,T-Shirts,T-Shirts,men,men,Black,Black,in_stock,in_stock,1,0,0,S | M | XL | 2XL,4,LBP,LBP,3960000.0,3960000.0,44.0,44.0,3960000.0,3960000.0,3960000.0,3960000.0,44.0,44.0,3960000.0,3960000.0,,,,,,,,,False,False,Neither retailer currently shows a discount for this style code.
JF8484,exact_style_code,both_in_stock,neither_on_sale,False,,True,unisex,True,White,normalized_compare,False,90000.0,True,0.0,0.0,0.0,0.0,0.0,same_price,tie,True,0.0,neither_discounted,tie,1,False,Adidas Lightweight Baseball Unisex Training Cap White,Adidas Lightweight Baseball Unisex Training Cap White,https://lb.mikesport.com/products/jf8484-bb-cap-lt-met-white,https://lb.mikesport.com/products/jf8484-bb-cap-lt-met-white,1,cap,cap,unisex,unisex,White,White,in_stock,in_stock,1,0,0,,0,USD,USD,26.0,26.0,26.0,26.0,2340000.0,2340000.0,26.0,26.0,26.0,26.0,2340000.0,2340000.0,,,,,,,,,False,False,1,False,"Unisex Lightweight Baseball Cap, White","Unisex Lightweight Baseball Cap, White",https://www.adidas.com.lb/en/adidas-unisex-lightweight-baseball-cap-white/A7_JF8484_ONE.html,https://www.adidas.com.lb/en/adidas-unisex-lightweight-baseball-cap-white/A7_JF8484_ONE.html,1,Caps,Caps,unisex,unisex,White,White,in_stock,in_stock,1,0,0,One-Size,1,LBP,LBP,2340000.0,2340000.0,26.0,26.0,2340000.0,2340000.0,2340000.0,2340000.0,26.0,26.0,2340000.0,2340000.0,,,,,,,,,False,False,Neither retailer currently shows a discount for this style code.
JF8499,exact_style_code,both_in_stock,neither_on_sale,False,,True,men,True,Black,normalized_compare,False,90000.0,True,0.0,0.0,0.0,0.0,0.0,same_price,tie,True,0.0,neither_discounted,tie,1,False,Adidas Club Climacool Men Tennis Short Black,Adidas Club Climacool Men Tennis Short Black,https://lb.mikesport.com/products/adidas-club-climacool-men-tennis-short-black,https://lb.mikesport.com/products/adidas-club-climacool-men-tennis-short-black,1,short,short,men,men,Black,Black,in_stock,in_stock,1,0,0,L | M | S | XL,4,USD,USD,54.0,54.0,54.0,54.0,4860000.0,4860000.0,54.0,54.0,54.0,54.0,4860000.0,4860000.0,,,,,,,,,False,False,1,False,"Club Tennis Climacool Shorts, Black","Club Tennis Climacool Shorts, Black",https://www.adidas.com.lb/en/adidas-club-tennis-climacool-shorts-black/A7_JF8499_ONE.html,https://www.adidas.com.lb/en/adidas-club-tennis-climacool-shorts-black/A7_JF8499_ONE.html,1,T-Shirts,T-Shirts,men,men,Black,Black,in_stock,in_stock,1,0,0,S 7 | M 7 | L 7 | XL7,4,LBP,LBP,4860000.0,4860000.0,54.0,54.0,4860000.0,4860000.0,4860000.0,4860000.0,54.0,54.0,4860000.0,4860000.0,,,,,,,,,False,False,Neither retailer currently shows a discount for this style code.
JF8502,exact_style_code,both_in_stock,neither_on_sale,False,,True,men,True,Black,normalized_compare,False,90000.0,True,0.0,0.0,0.0,0.0,0.0,same_price,tie,True,0.0,neither_discounted,tie,2,True,Adidas Club Men Tennis T-Shirt Black,Adidas Club Men Tennis T-Shirt Black,https://lb.mikesport.com/products/adidas-club-men-tennis-t-shirt-black,https://lb.mikesport.com/products/adidas-club-men-tennis-t-shirt-black-1 | https://lb.mikesport.com/products/adidas-club-men-tennis-t-shirt-black,2,t-shirt,t-shirt,men,men,Black,Black,in_stock,in_stock,2,0,0,L | M | S | XL,4,USD,USD,54.0,54.0,54.0,54.0,4860000.0,4860000.0,54.0,54.0,54.0,54.0,4860000.0,4860000.0,,,,,,,,,False,False,1,False,"Club Tennis Climacool T-Shirt, Black","Club Tennis Climacool T-Shirt, Black",https://www.adidas.com.lb/en/adidas-club-tennis-climacool-t-shirt-black/A7_JF8502_ONE.html,https://www.adidas.com.lb/en/adidas-club-tennis-climacool-t-shirt-black/A7_JF8502_ONE.html,1,T-Shirts,T-Shirts,men,men,Black,Black,in_stock,in_stock,1,0,0,S | M | L | XL | 2XL,5,LBP,LBP,4860000.0,4860000.0,54.0,54.0,4860000.0,4860000.0,4860000.0,4860000.0,54.0,54.0,4860000.0,4860000.0,,,,,,,,,False,False,Neither retailer currently shows a discount for this style code.
JF8506,exact_style_code,both_in_stock,neither_on_sale,False,,True,men,True,Black,normalized_compare,False,90000.0,True,0.0,0.0,0.0,0.0,0.0,same_price,tie,True,0.0,neither_discounted,tie,1,False,Adidas Club Tennis Men Tennis Polo Short Sleeve Black,Adidas Club Tennis Men Tennis Polo Short Sleeve Black,https://lb.mikesport.com/products/adidas-club-tennis-men-tennis-polo-short-sleeve-black,https://lb.mikesport.com/products/adidas-club-tennis-men-tennis-polo-short-sleeve-black,1,polo_short_sleeve,polo_short_sleeve,men,men,Black,Black,in_stock,in_stock,1,0,0,2XL | L | M | S | XL,5,USD,USD,61.0,61.0,61.0,61.0,5490000.0,5490000.0,61.0,61.0,61.0,61.0,5490000.0,5490000.0,,,,,,,,,False,False,1,False,"Club Tennis Polo Shirt, Black","Club Tennis Polo Shirt, Black",https://www.adidas.com.lb/en/adidas-club-tennis-polo-shirt-black/A7_JF8506_ONE.html,https://www.adidas.com.lb/en/adidas-club-tennis-polo-shirt-black/A7_JF8506_ONE.html,1,T-Shirts,T-Shirts,men,men,Black,Black,in_stock,in_stock,1,0,0,S | M | L | XL | 2XL,5,LBP,LBP,5490000.0,5490000.0,61.0,61.0,5490000.0,5490000.0,5490000.0,5490000.0,61.0,61.0,5490000.0,5490000.0,,,,,,,,,False,False,Neither retailer currently shows a discount for this style code.
JG0978,exact_style_code,both_in_stock,neither_on_sale,False,,True,men,True,Black,normalized_compare,False,90000.0,True,0.0,0.0,0.0,0.0,0.0,same_price,tie,True,0.0,neither_discounted,tie,1,False,Adidas Club Climacool 3-Stripes Men Tennis T-Shirt Black,Adidas Club Climacool 3-Stripes Men Tennis T-Shirt Black,https://lb.mikesport.com/products/adidas-club-climacool-3-stripes-men-tennis-t-shirt-black,https://lb.mikesport.com/products/adidas-club-climacool-3-stripes-men-tennis-t-shirt-black,1,t-shirt,t-shirt,men,men,Black,Black,in_stock,in_stock,1,0,0,L,1,USD,USD,61.0,61.0,61.0,61.0,5490000.0,5490000.0,61.0,61.0,61.0,61.0,5490000.0,5490000.0,,,,,,,,,False,False,1,False,"Club Tennis Climacool 3-Stripes T-Shirt, Black","Club Tennis Climacool 3-Stripes T-Shirt, Black",https://www.adidas.com.lb/en/adidas-club-tennis-climacool-3-stripes-t-shirt-black/A7_JG0978_ONE.html,https://www.adidas.com.lb/en/adidas-club-tennis-climacool-3-stripes-t-shirt-black/A7_JG0978_ONE.html,1,T-Shirts,T-Shirts,men,men,Black,Black,in_stock,in_stock,1,0,0,S | M | L | XL,4,LBP,LBP,5490000.0,5490000.0,61.0,61.0,5490000.0,5490000.0,5490000.0,5490000.0,61.0,61.0,5490000.0,5490000.0,,,,,,,,,False,False,Neither retailer currently shows a discount for this style code.
JG0998,exact_style_code,both_in_stock,neither_on_sale,False,,True,unisex,False,,normalized_compare,False,90000.0,True,0.0,0.0,0.0,0.0,0.0,same_price,tie,True,0.0,neither_discounted,tie,1,False,Adidas New Logo Baseball Unisex Training Cap Black/White,Adidas New Logo Baseball Unisex Training Cap Black/White,https://lb.mikesport.com/products/adidas-new-logo-baseball-unisex-training-cap-black-white,https://lb.mikesport.com/products/adidas-new-logo-baseball-unisex-training-cap-black-white,1,cap,cap,unisex,unisex,Black/White,Black/White,in_stock,in_stock,1,0,0,,0,USD,USD,28.0,28.0,28.0,28.0,2520000.0,2520000.0,28.0,28.0,28.0,28.0,2520000.0,2520000.0,,,,,,,,,False,False,1,False,"Unisex New Logo Baseball Cap, Black","Unisex New Logo Baseball Cap, Black",https://www.adidas.com.lb/en/adidas-unisex-new-logo-baseball-cap-black/A7_JG0998_ONE.html,https://www.adidas.com.lb/en/adidas-unisex-new-logo-baseball-cap-black/A7_JG0998_ONE.html,1,Caps,Caps,unisex,unisex,Black,Black,in_stock,in_stock,1,0,0,One-Size,1,LBP,LBP,2520000.0,2520000.0,28.0,28.0,2520000.0,2520000.0,2520000.0,2520000.0,28.0,28.0,2520000.0,2520000.0,,,,,,,,,False,False,Neither retailer currently shows a discount for this style code.
JG1072,exact_style_code,both_in_stock,neither_on_sale,False,,True,unisex,False,,normalized_compare,False,90000.0,False,1.0,1.0,90000.0,3.57,3.57,adidas_cheaper,adidas_lb,True,0.0,neither_discounted,tie,1,False,Adidas 3-Stripes New Logo Baseball Unisex Training Cap Black/White,Adidas 3-Stripes New Logo Baseball Unisex Training Cap Black/White,https://lb.mikesport.com/products/adidas-3-stripes-new-logo-baseball-unisex-training-cap-black-white,https://lb.mikesport.com/products/adidas-3-stripes-new-logo-baseball-unisex-training-cap-black-white,1,cap,cap,unisex,unisex,Black/White,Black/White,in_stock,in_stock,1,0,0,,0,USD,USD,29.0,29.0,29.0,29.0,2610000.0,2610000.0,29.0,29.0,29.0,29.0,2610000.0,2610000.0,,,,,,,,,False,False,1,False,"Unisex 3-Stripes New Logo Baseball Cap, Black","Unisex 3-Stripes New Logo Baseball Cap, Black",https://www.adidas.com.lb/en/adidas-unisex-3-stripes-new-logo-baseball-cap-black/A7_JG1072_ONE.html,https://www.adidas.com.lb/en/adidas-unisex-3-stripes-new-logo-baseball-cap-black/A7_JG1072_ONE.html,1,Caps,Caps,unisex,unisex,Black,Black,in_stock,in_stock,1,0,0,One-Size,1,LBP,LBP,2520000.0,2520000.0,28.0,28.0,2520000.0,2520000.0,2520000.0,2520000.0,28.0,28.0,2520000.0,2520000.0,,,,,,,,,False,False,Neither retailer currently shows a discount for this style code.
JG3589,exact_style_code,both_in_stock,neither_on_sale,False,,True,men,True,Black,normalized_compare,False,90000.0,False,-1.0,-1.0,-90000.0,-1.64,-1.64,mikesport_cheaper,mikesport_lb,True,0.0,neither_discounted,tie,1,False,Adidas Club 3 Stripes Men Tennis Short Black,Adidas Club 3 Stripes Men Tennis Short Black,https://lb.mikesport.com/products/adidas-club-3-stripes-men-tennis-short-black-1,https://lb.mikesport.com/products/adidas-club-3-stripes-men-tennis-short-black-1,1,short,short,men,men,Black,Black,in_stock,in_stock,1,0,0,S,1,USD,USD,60.0,60.0,60.0,60.0,5400000.0,5400000.0,60.0,60.0,60.0,60.0,5400000.0,5400000.0,,,,,,,,,False,False,1,False,"Club Tennis Climacool 3-Stripes Shorts, Black","Club Tennis Climacool 3-Stripes Shorts, Black",https://www.adidas.com.lb/en/adidas-club-tennis-climacool-3-stripes-shorts-black/A7_JG3589_ONE.html,https://www.adidas.com.lb/en/adidas-club-tennis-climacool-3-stripes-shorts-black/A7_JG3589_ONE.html,1,Shorts,Shorts,men,men,Black,Black,in_stock,in_stock,1,0,0,S 7,1,LBP,LBP,5490000.0,5490000.0,61.0,61.0,5490000.0,5490000.0,5490000.0,5490000.0,61.0,61.0,5490000.0,5490000.0,,,,,,,,,False,False,Neither retailer currently shows a discount for this style code.
JG3941,exact_style_code,both_in_stock,neither_on_sale,False,,True,women,True,Black,normalized_compare,False,90000.0,True,0.0,0.0,0.0,0.0,0.0,same_price,tie,True,0.0,neither_discounted,tie,1,False,Adidas Essentials Big Logo Women Training Tight Black,Adidas Essentials Big Logo Women Training Tight Black,https://lb.mikesport.com/products/adidas-essentials-big-logo-women-training-tight-black,https://lb.mikesport.com/products/adidas-essentials-big-logo-women-training-tight-black,1,tight,tight,women,women,Black,Black,in_stock,in_stock,1,0,0,L | M | S | XS,4,USD,USD,54.0,54.0,54.0,54.0,4860000.0,4860000.0,54.0,54.0,54.0,54.0,4860000.0,4860000.0,,,,,,,,,False,False,1,False,"Train Essentials Big Logo Full-Length Leggings, Black","Train Essentials Big Logo Full-Length Leggings, Black",https://www.adidas.com.lb/en/adidas-train-essentials-big-logo-full-length-leggings-black/A7_JG3941_ONE.html,https://www.adidas.com.lb/en/adidas-train-essentials-big-logo-full-length-leggings-black/A7_JG3941_ONE.html,1,Leggings,Leggings,women,women,Black,Black,in_stock,in_stock,1,0,0,XS | S | M,3,LBP,LBP,4860000.0,4860000.0,54.0,54.0,4860000.0,4860000.0,4860000.0,4860000.0,54.0,54.0,4860000.0,4860000.0,,,,,,,,,False,False,Neither retailer currently shows a discount for this style code.
JG8737,exact_style_code,both_in_stock,neither_on_sale,False,,True,women,False,,normalized_compare,False,90000.0,False,1.0,1.0,90000.0,2.27,2.27,adidas_cheaper,adidas_lb,True,0.0,neither_discounted,tie,1,False,Adidas Essentials Big Logo Women Sportswear T-Shirt White/Black,Adidas Essentials Big Logo Women Sportswear T-Shirt White/Black,https://lb.mikesport.com/products/adidas-essentials-big-logo-women-sportswear-t-shirt-white-black-1,https://lb.mikesport.com/products/adidas-essentials-big-logo-women-sportswear-t-shirt-white-black-1,1,t-shirt,t-shirt,women,women,Black/White,Black/White,in_stock,in_stock,1,0,0,XS,1,USD,USD,45.0,45.0,45.0,45.0,4050000.0,4050000.0,45.0,45.0,45.0,45.0,4050000.0,4050000.0,,,,,,,,,False,False,1,False,"Essentials Big Logo Boyfriend T-Shirt, White","Essentials Big Logo Boyfriend T-Shirt, White",https://www.adidas.com.lb/en/adidas-essentials-big-logo-boyfriend-t-shirt-white/A7_JG8737_ONE.html,https://www.adidas.com.lb/en/adidas-essentials-big-logo-boyfriend-t-shirt-white/A7_JG8737_ONE.html,1,T-Shirts & Tops,T-Shirts & Tops,women,women,White,White,in_stock,in_stock,1,0,0,S | M,2,LBP,LBP,3960000.0,3960000.0,44.0,44.0,3960000.0,3960000.0,3960000.0,3960000.0,44.0,44.0,3960000.0,3960000.0,,,,,,,,,False,False,Neither retailer currently shows a discount for this style code.
JH6206,exact_style_code,both_in_stock,neither_on_sale,False,,True,men,False,,normalized_compare,False,90000.0,False,1.0,1.0,90000.0,0.45,0.45,adidas_cheaper,adidas_lb,True,0.0,neither_discounted,tie,1,False,Adidas Adizero Evo Sl Men Running Shoes White/Black,Adidas Adizero Evo Sl Men Running Shoes White/Black,https://lb.mikesport.com/products/adidas-adizero-evo-sl-men-running-shoes-white-black,https://lb.mikesport.com/products/adidas-adizero-evo-sl-men-running-shoes-white-black,1,shoes,shoes,men,men,White/Black,White/Black,in_stock,in_stock,1,0,0,44 2/3 EU | 45 1/3 EU | 46 EU | 46 2/3 EU | 40 2/3 EU | 41 1/3 EU | 42 EU | 43 1/3 EU | 44 EU,9,USD,USD,223.0,223.0,223.0,223.0,20070000.0,20070000.0,223.0,223.0,223.0,223.0,20070000.0,20070000.0,,,,,,,,,False,False,1,False,"Adizero EVO SL Shoes, White","Adizero EVO SL Shoes, White",https://www.adidas.com.lb/en/adidas-adizero-evo-sl-shoes-white/A7_JH6206_ONE.html,https://www.adidas.com.lb/en/adidas-adizero-evo-sl-shoes-white/A7_JH6206_ONE.html,1,Running,Running,men,men,White,White,in_stock,in_stock,1,0,0,40 | 40 2/3 | 41 1/3 | 42 | 42 2/3 | 43 1/3 | 44 | 44 2/3 | 45 1/3 | 46 | 46 2/3 | 47 1/3,12,LBP,LBP,19980000.0,19980000.0,222.0,222.0,19980000.0,19980000.0,19980000.0,19980000.0,222.0,222.0,19980000.0,19980000.0,,,,,,,,,False,False,Neither retailer currently shows a discount for this style code.
JH6208,exact_style_code,both_in_stock,neither_on_sale,False,,True,women,False,,normalized_compare,False,90000.0,False,1.0,1.0,90000.0,0.45,0.45,adidas_cheaper,adidas_lb,True,0.0,neither_discounted,tie,1,False,Adidas Adizero Evo Sl Women Running Shoes White/Core Black,Adidas Adizero Evo Sl Women Running Shoes White/Core Black,https://lb.mikesport.com/products/adidas-adizero-evo-sl-women-running-shoes-white-core-black,https://lb.mikesport.com/products/adidas-adizero-evo-sl-women-running-shoes-white-core-black,1,shoes,shoes,women,women,Cloud White/Core Black,Cloud White/Core Black,in_stock,in_stock,1,0,0,36 2/3 EU | 37 1/3 EU | 38 EU | 38 2/3 EU | 39 1/3 EU | 40 EU | 40 2/3 EU | 41 1/3 EU,8,USD,USD,223.0,223.0,223.0,223.0,20070000.0,20070000.0,223.0,223.0,223.0,223.0,20070000.0,20070000.0,,,,,,,,,False,False,1,False,"Adizero EVO SL Shoes, White","Adizero EVO SL Shoes, White",https://www.adidas.com.lb/en/adidas-adizero-evo-sl-shoes-white/A7_JH6208_ONE.html,https://www.adidas.com.lb/en/adidas-adizero-evo-sl-shoes-white/A7_JH6208_ONE.html,1,Running,Running,women,women,White,White,in_stock,in_stock,1,0,0,36 2/3 | 37 1/3 | 38 | 38 2/3 | 39 1/3 | 40 | 40 2/3 | 41 1/3,8,LBP,LBP,19980000.0,19980000.0,222.0,222.0,19980000.0,19980000.0,19980000.0,19980000.0,222.0,222.0,19980000.0,19980000.0,,,,,,,,,False,False,Neither retailer currently shows a discount for this style code.
JH6944,exact_style_code,both_in_stock,neither_on_sale,False,,True,men,False,,normalized_compare,False,90000.0,True,0.0,0.0,0.0,0.0,0.0,same_price,tie,True,0.0,neither_discounted,tie,1,False,Adidas Lightblaze Men Sportswear Shoes Alumina/Black,Adidas Lightblaze Men Sportswear Shoes Alumina/Black,https://lb.mikesport.com/products/adidas-lightblaze-men-sportswear-shoes-alumina-black,https://lb.mikesport.com/products/adidas-lightblaze-men-sportswear-shoes-alumina-black,1,shoes,shoes,men,men,Alumina/Black,Alumina/Black,in_stock,in_stock,1,0,0,46 EU | 42 EU | 42 2/3 EU | 43 1/3 EU,4,USD,USD,159.0,159.0,159.0,159.0,14310000.0,14310000.0,159.0,159.0,159.0,159.0,14310000.0,14310000.0,,,,,,,,,False,False,1,False,"Lightblaze Shoes, Beige","Lightblaze Shoes, Beige",https://www.adidas.com.lb/en/adidas-lightblaze-shoes-beige/A7_JH6944_ONE.html,https://www.adidas.com.lb/en/adidas-lightblaze-shoes-beige/A7_JH6944_ONE.html,1,Tennis,Tennis,men,men,Beige,Beige,in_stock,in_stock,1,0,0,40 2/3 | 41 1/3 | 42 | 42 2/3 | 43 1/3 | 44 | 44 2/3 | 45 1/3 | 46,9,LBP,LBP,14310000.0,14310000.0,159.0,159.0,14310000.0,14310000.0,14310000.0,14310000.0,159.0,159.0,14310000.0,14310000.0,,,,,,,,,False,False,Neither retailer currently shows a discount for this style code.
JH7724,exact_style_code,both_in_stock,both_on_sale,True,Shoes,False,,True,Purple,normalized_compare,False,90000.0,False,6.0,6.0,540000.0,6.67,6.67,adidas_cheaper,adidas_lb,False,-4.85,adidas_higher_discount,adidas_lb,1,False,Adidas F50 League Tf Men Football Shoes Purple,Adidas F50 League Tf Men Football Shoes Purple,https://lb.mikesport.com/products/adidas-f50-league-tf-men-football-shoes-purple,https://lb.mikesport.com/products/adidas-f50-league-tf-men-football-shoes-purple,1,shoes,shoes,men,men,Purple,Purple,in_stock,in_stock,1,0,0,44 2/3 EU | 46 EU | 40 EU | 41 1/3 EU | 42 EU,5,USD,USD,96.0,96.0,96.0,96.0,8640000.0,8640000.0,137.0,137.0,137.0,137.0,12330000.0,12330000.0,96.0,96.0,96.0,96.0,8640000.0,8640000.0,29.93,29.93,True,True,1,False,"Unisex F50 League Turf Boots, Purple","Unisex F50 League Turf Boots, Purple",https://www.adidas.com.lb/en/outlet-adidas-unisex-f50-league-turf-boots-purple/A9_JH7724_ONE.html,https://www.adidas.com.lb/en/outlet-adidas-unisex-f50-league-turf-boots-purple/A9_JH7724_ONE.html,1,Shoes,Shoes,unisex,unisex,Purple,Purple,in_stock,in_stock,1,0,0,39 1/3 | 40 | 40 2/3 | 41 1/3 | 42 | 42 2/3 | 43 1/3 | 44 | 44 2/3 | 45 1/3 | 46 | 47 1/3,12,LBP,LBP,8100000.0,8100000.0,90.0,90.0,8100000.0,8100000.0,12420000.0,12420000.0,138.0,138.0,12420000.0,12420000.0,8100000.0,8100000.0,90.0,90.0,8100000.0,8100000.0,34.78,34.78,True,True,
JH9242,exact_style_code,both_in_stock,neither_on_sale,False,,False,,False,,normalized_compare,False,90000.0,True,0.0,0.0,0.0,0.0,0.0,same_price,tie,True,0.0,neither_discounted,tie,1,False,Adidas Tensaur Switch Ps-Boys Sportswear Shoes Core Black,Adidas Tensaur Switch Ps-Boys Sportswear Shoes Core Black,https://lb.mikesport.com/products/adidas-tensaur-switch-ps-boys-sportswear-shoes-core-black,https://lb.mikesport.com/products/adidas-tensaur-switch-ps-boys-sportswear-shoes-core-black,1,shoes,shoes,boys,boys,Core Black,Core Black,in_stock,in_stock,1,0,0,33 EU | 33 1/2 EU | 28 EU | 30 EU | 29 EU | 31 EU | 32 EU | 34 EU | 35 EU,9,USD,USD,61.0,61.0,61.0,61.0,5490000.0,5490000.0,61.0,61.0,61.0,61.0,5490000.0,5490000.0,,,,,,,,,False,False,1,False,"Kids Unisex Tensaur Switch Shoes, Black","Kids Unisex Tensaur Switch Shoes, Black",https://www.adidas.com.lb/en/adidas-kids-unisex-tensaur-switch-shoes-black/A7_JH9242_ONE.html,https://www.adidas.com.lb/en/adidas-kids-unisex-tensaur-switch-shoes-black/A7_JH9242_ONE.html,1,Running,Running,unisex,unisex,Black,Black,in_stock,in_stock,1,0,0,28 | 29 | 31 | 32 | 33 | 35,6,LBP,LBP,5490000.0,5490000.0,61.0,61.0,5490000.0,5490000.0,5490000.0,5490000.0,61.0,61.0,5490000.0,5490000.0,,,,,,,,,False,False,Neither retailer currently shows a discount for this style code.
JH9976,exact_style_code,both_in_stock,neither_on_sale,False,,False,,False,,normalized_compare,False,90000.0,True,0.0,0.0,0.0,0.0,0.0,same_price,tie,True,0.0,neither_discounted,tie,1,False,Adidas Superstar Ii Gs Original Shoes White/Core Black,Adidas Superstar Ii Gs Original Shoes White/Core Black,https://lb.mikesport.com/products/adidas-superstar-ii-gs-original-shoes-white-core-black,https://lb.mikesport.com/products/adidas-superstar-ii-gs-original-shoes-white-core-black,1,shoes,shoes,kids,kids,Cloud White/Core Black/Cloud White,Cloud White/Core Black/Cloud White,in_stock,in_stock,1,0,0,40 EU,1,USD,USD,126.0,126.0,126.0,126.0,11340000.0,11340000.0,126.0,126.0,126.0,126.0,11340000.0,11340000.0,,,,,,,,,False,False,1,False,"Kids Unisex Superstar II Shoes, White","Kids Unisex Superstar II Shoes, White",https://www.adidas.com.lb/en/adidas-kids-unisex-superstar-ii-shoes-white/A7_JH9976_ONE.html,https://www.adidas.com.lb/en/adidas-kids-unisex-superstar-ii-shoes-white/A7_JH9976_ONE.html,1,Originals,Originals,unisex,unisex,White,White,in_stock,in_stock,1,0,0,36 | 36 2/3,2,LBP,LBP,11340000.0,11340000.0,126.0,126.0,11340000.0,11340000.0,11340000.0,11340000.0,126.0,126.0,11340000.0,11340000.0,,,,,,,,,False,False,Neither retailer currently shows a discount for this style code.
JI0079,exact_style_code,both_in_stock,neither_on_sale,False,,True,unisex,False,,normalized_compare,False,90000.0,True,0.0,0.0,0.0,0.0,0.0,same_price,tie,True,0.0,neither_discounted,tie,1,False,Adidas Superstar Ii Unisex Original Shoes Black/White,Adidas Superstar Ii Unisex Original Shoes Black/White,https://lb.mikesport.com/products/adidas-superstar-ii-unisex-original-shoes-black-white,https://lb.mikesport.com/products/adidas-superstar-ii-unisex-original-shoes-black-white,1,shoes,shoes,unisex,unisex,Black/White,Black/White,in_stock,in_stock,1,0,0,44 2/3 EU | 45 1/3 EU | 46 EU | 37 1/3 EU | 38 2/3 EU | 40 2/3 EU | 41 1/3 EU | 42 EU | 42 2/3 EU | 43 1/3 EU | 44 EU,11,USD,USD,159.0,159.0,159.0,159.0,14310000.0,14310000.0,159.0,159.0,159.0,159.0,14310000.0,14310000.0,,,,,,,,,False,False,1,False,"Unisex Superstar II Shoes, Black","Unisex Superstar II Shoes, Black",https://www.adidas.com.lb/en/adidas-unisex-superstar-ii-shoes-black/A7_JI0079_ONE.html,https://www.adidas.com.lb/en/adidas-unisex-superstar-ii-shoes-black/A7_JI0079_ONE.html,1,Originals,Originals,unisex,unisex,Black,Black,in_stock,in_stock,1,0,0,37 1/3 | 42 | 42 2/3 | 43 1/3 | 44 2/3,5,LBP,LBP,14310000.0,14310000.0,159.0,159.0,14310000.0,14310000.0,14310000.0,14310000.0,159.0,159.0,14310000.0,14310000.0,,,,,,,,,False,False,Neither retailer currently shows a discount for this style code.
JI0182,exact_style_code,both_in_stock,neither_on_sale,False,,False,,False,,normalized_compare,False,90000.0,True,0.0,0.0,0.0,0.0,0.0,same_price,tie,True,0.0,neither_discounted,tie,1,False,Adidas Tokyo Women Original Shoes Off White,Adidas Tokyo Women Original Shoes Off White,https://lb.mikesport.com/products/adidas-tokyo-women-original-shoes-off-white,https://lb.mikesport.com/products/adidas-tokyo-women-original-shoes-off-white,1,shoes,shoes,women,women,Off White / Core Black / Gold Metallic,Off White / Core Black / Gold Metallic,in_stock,in_stock,1,0,0,36 2/3 EU | 37 1/3 EU | 38 EU | 38 2/3 EU | 39 1/3 EU | 40 EU | 40 2/3 EU | 41 1/3 EU,8,USD,USD,159.0,159.0,159.0,159.0,14310000.0,14310000.0,159.0,159.0,159.0,159.0,14310000.0,14310000.0,,,,,,,,,False,False,1,False,"Tokyo Shoes, White","Tokyo Shoes, White",https://www.adidas.com.lb/en/adidas-tokyo-shoes-white/A7_JI0182_ONE.html,https://www.adidas.com.lb/en/adidas-tokyo-shoes-white/A7_JI0182_ONE.html,1,Originals,Originals,,,White,White,in_stock,in_stock,1,0,0,36 | 36 2/3 | 37 1/3 | 38 | 38 2/3 | 39 1/3 | 40 | 40 2/3,8,LBP,LBP,14310000.0,14310000.0,159.0,159.0,14310000.0,14310000.0,14310000.0,14310000.0,159.0,159.0,14310000.0,14310000.0,,,,,,,,,False,False,Neither retailer currently shows a discount for this style code.
JI1111,exact_style_code,both_in_stock,both_on_sale,True,Shoes,False,,False,,normalized_compare,False,90000.0,False,8.0,8.0,720000.0,8.08,8.08,adidas_cheaper,adidas_lb,False,-4.8,adidas_higher_discount,adidas_lb,1,False,Adidas Predator League Ft Men Football Shoes White/Black/Lime,Adidas Predator League Ft Men Football Shoes White/Black/Lime,https://lb.mikesport.com/products/adidas-predator-league-ft-men-football-shoes-white-black-lime,https://lb.mikesport.com/products/adidas-predator-league-ft-men-football-shoes-white-black-lime,1,shoes,shoes,men,men,White/Black/Lime,White/Black/Lime,in_stock,in_stock,1,0,0,44 2/3 EU | 45 1/3 EU | 46 EU | 41 1/3 EU | 42 EU | 43 1/3 EU | 44 EU,7,USD,USD,107.0,107.0,107.0,107.0,9630000.0,9630000.0,153.0,153.0,153.0,153.0,13770000.0,13770000.0,107.0,107.0,107.0,107.0,9630000.0,9630000.0,30.07,30.07,True,True,1,False,"Unisex Predator League Fold-Over Tongue Firm/Multi-Ground Boots, White","Unisex Predator League Fold-Over Tongue Firm/Multi-Ground Boots, White",https://www.adidas.com.lb/en/adidas-outlet-unisex-predator-league-fold-over-tongue-firm-multi-ground-boots-white/A9_JI1111_ONE.html,https://www.adidas.com.lb/en/adidas-outlet-unisex-predator-league-fold-over-tongue-firm-multi-ground-boots-white/A9_JI1111_ONE.html,1,Shoes,Shoes,unisex,unisex,White,White,in_stock,in_stock,1,0,0,42 | 43 1/3 | 44 | 45 1/3,4,LBP,LBP,8910000.0,8910000.0,99.0,99.0,8910000.0,8910000.0,13680000.0,13680000.0,152.0,152.0,13680000.0,13680000.0,8910000.0,8910000.0,99.0,99.0,8910000.0,8910000.0,34.87,34.87,True,True,
JI1132,exact_style_code,both_in_stock,both_on_sale,True,Shoes,True,unisex,False,,normalized_compare,False,90000.0,False,-14.0,-14.0,-1260000.0,-12.73,-12.73,mikesport_cheaper,mikesport_lb,False,9.64,mikesport_higher_discount,mikesport_lb,1,False,Adidas Predator League Turf Cleats Unisex Football Shoes White/Black/Lemon,Adidas Predator League Turf Cleats Unisex Football Shoes White/Black/Lemon,https://lb.mikesport.com/products/adidas-predator-league-turf-cleats-unisex-football-shoes-white-black-lemon,https://lb.mikesport.com/products/adidas-predator-league-turf-cleats-unisex-football-shoes-white-black-lemon,1,shoes,shoes,unisex,unisex,Cloud White/Core Black/Lucid Lemon,Cloud White/Core Black/Lucid Lemon,in_stock,in_stock,1,0,0,40 EU | 40 2/3 EU | 41 1/3 EU | 44 EU,4,USD,USD,96.0,96.0,96.0,96.0,8640000.0,8640000.0,137.0,137.0,137.0,137.0,12330000.0,12330000.0,96.0,96.0,96.0,96.0,8640000.0,8640000.0,29.93,29.93,True,True,1,False,"Unisex Predator League Turf Boots, White","Unisex Predator League Turf Boots, White",https://www.adidas.com.lb/en/outlet-adidas-unisex-predator-league-turf-boots-white/A9_JI1132_ONE.html,https://www.adidas.com.lb/en/outlet-adidas-unisex-predator-league-turf-boots-white/A9_JI1132_ONE.html,1,Shoes,Shoes,unisex,unisex,White,White,in_stock,in_stock,1,0,0,39 1/3 | 40 | 41 1/3 | 42 | 42 2/3 | 43 1/3 | 44 | 44 2/3 | 45 1/3,9,LBP,LBP,9900000.0,9900000.0,110.0,110.0,9900000.0,9900000.0,12420000.0,12420000.0,138.0,138.0,12420000.0,12420000.0,9900000.0,9900000.0,110.0,110.0,9900000.0,9900000.0,20.29,20.29,True,True,
JI1282,exact_style_code,both_in_stock,neither_on_sale,False,,True,men,False,,normalized_compare,False,90000.0,True,0.0,0.0,0.0,0.0,0.0,same_price,tie,True,0.0,neither_discounted,tie,1,False,Adidas Sl 72 Rs Men Original Shoes Black/White/Blue,Adidas Sl 72 Rs Men Original Shoes Black/White/Blue,https://lb.mikesport.com/products/adidas-sl-72-rs-men-original-shoes-black-white-blue,https://lb.mikesport.com/products/adidas-sl-72-rs-men-original-shoes-black-white-blue,1,shoes,shoes,men,men,Black/White/Blue,Black/White/Blue,in_stock,in_stock,1,0,0,42 2/3 EU,1,USD,USD,159.0,159.0,159.0,159.0,14310000.0,14310000.0,159.0,159.0,159.0,159.0,14310000.0,14310000.0,,,,,,,,,False,False,1,False,"Sl 72 Rs Shoes, Black","Sl 72 Rs Shoes, Black",https://www.adidas.com.lb/en/adidas-sl-72-rs-shoes-black/A7_JI1282_ONE.html,https://www.adidas.com.lb/en/adidas-sl-72-rs-shoes-black/A7_JI1282_ONE.html,1,Originals,Originals,men,men,Black,Black,in_stock,in_stock,1,0,0,40 2/3 | 41 1/3 | 42 | 42 2/3 | 43 1/3 | 44 | 44 2/3 | 45 1/3 | 46 | 46 2/3 | 47 1/3,11,LBP,LBP,14310000.0,14310000.0,159.0,159.0,14310000.0,14310000.0,14310000.0,14310000.0,159.0,159.0,14310000.0,14310000.0,,,,,,,,,False,False,Neither retailer currently shows a discount for this style code.
JI1697,exact_style_code,both_in_stock,neither_on_sale,False,,False,,False,,normalized_compare,False,90000.0,True,0.0,0.0,0.0,0.0,0.0,same_price,tie,True,0.0,neither_discounted,tie,1,False,Adidas Duramo 2 Infant Unisex Sportswear Shoes Black/White/Grey,Adidas Duramo 2 Infant Unisex Sportswear Shoes Black/White/Grey,https://lb.mikesport.com/products/adidas-duramo-2-infant-unisex-sportswear-shoes-black-white-grey,https://lb.mikesport.com/products/adidas-duramo-2-infant-unisex-sportswear-shoes-black-white-grey,1,shoes,shoes,unisex,unisex,Black/White/Grey,Black/White/Grey,in_stock,in_stock,1,0,0,22 EU | 21 EU | 23 EU | 25 EU | 24 EU | 26 EU | 27 EU,7,USD,USD,61.0,61.0,61.0,61.0,5490000.0,5490000.0,61.0,61.0,61.0,61.0,5490000.0,5490000.0,,,,,,,,,False,False,1,False,"Unisex Kids Duramo 2.0 Shoes, Black","Unisex Kids Duramo 2.0 Shoes, Black",https://www.adidas.com.lb/en/adidas-unisex-kids-duramo-2.0-shoes-black/A7_JI1697_ONE.html,https://www.adidas.com.lb/en/adidas-unisex-kids-duramo-2.0-shoes-black/A7_JI1697_ONE.html,1,Running,Running,kids,kids,Black,Black,in_stock,in_stock,1,0,0,21 | 23 | 25 | 27,4,LBP,LBP,5490000.0,5490000.0,61.0,61.0,5490000.0,5490000.0,5490000.0,5490000.0,61.0,61.0,5490000.0,5490000.0,,,,,,,,,False,False,Neither retailer currently shows a discount for this style code.
JI2062,exact_style_code,both_in_stock,neither_on_sale,False,,True,men,False,,normalized_compare,False,90000.0,False,-1.0,-1.0,-90000.0,-0.57,-0.57,mikesport_cheaper,mikesport_lb,True,0.0,neither_discounted,tie,1,False,Adidas Gazelle Indoor Men Original Shoes Green/White/Gum,Adidas Gazelle Indoor Men Original Shoes Green/White/Gum,https://lb.mikesport.com/products/adidas-gazelle-indoor-men-original-shoes-green-white-gum,https://lb.mikesport.com/products/adidas-gazelle-indoor-men-original-shoes-green-white-gum,1,shoes,shoes,men,men,Green/White/Gum,Green/White/Gum,in_stock,in_stock,1,0,0,44 2/3 EU | 45 1/3 EU | 46 EU | 42 2/3 EU | 43 1/3 EU | 44 EU,6,USD,USD,175.0,175.0,175.0,175.0,15750000.0,15750000.0,175.0,175.0,175.0,175.0,15750000.0,15750000.0,,,,,,,,,False,False,1,False,"Gazelle Indoor Shoes, Green","Gazelle Indoor Shoes, Green",https://www.adidas.com.lb/en/adidas-gazelle-indoor-shoes-green/A7_JI2062_ONE.html,https://www.adidas.com.lb/en/adidas-gazelle-indoor-shoes-green/A7_JI2062_ONE.html,1,Originals,Originals,men,men,Green,Green,in_stock,in_stock,1,0,0,36 2/3 | 37 1/3 | 38 | 38 2/3 | 39 1/3 | 40 | 40 2/3 | 42 | 42 2/3 | 43 1/3 | 44 | 44 2/3 | 45 1/3 | 46 | 46 2/3,15,LBP,LBP,15840000.0,15840000.0,176.0,176.0,15840000.0,15840000.0,15840000.0,15840000.0,176.0,176.0,15840000.0,15840000.0,,,,,,,,,False,False,Neither retailer currently shows a discount for this style code.
JI2316,exact_style_code,both_in_stock,neither_on_sale,False,,True,men,False,,normalized_compare,False,90000.0,True,0.0,0.0,0.0,0.0,0.0,same_price,tie,True,0.0,neither_discounted,tie,1,False,Adidas Barreda Decode Men Sportswear Shoes Black/White,Adidas Barreda Decode Men Sportswear Shoes Black/White,https://lb.mikesport.com/products/adidas-barreda-decode-men-sportswear-shoes-black-white,https://lb.mikesport.com/products/adidas-barreda-decode-men-sportswear-shoes-black-white,1,shoes,shoes,men,men,Black/White,Black/White,in_stock,in_stock,1,0,0,46 EU | 43 1/3 EU,2,USD,USD,126.0,126.0,126.0,126.0,11340000.0,11340000.0,126.0,126.0,126.0,126.0,11340000.0,11340000.0,,,,,,,,,False,False,1,False,"Barreda Decode Shoes, Black","Barreda Decode Shoes, Black",https://www.adidas.com.lb/en/adidas-barreda-decode-shoes-black/A7_JI2316_ONE.html,https://www.adidas.com.lb/en/adidas-barreda-decode-shoes-black/A7_JI2316_ONE.html,1,Training,Training,men,men,Black,Black,in_stock,in_stock,1,0,0,36 | 36 2/3 | 38,3,LBP,LBP,11340000.0,11340000.0,126.0,126.0,11340000.0,11340000.0,11340000.0,11340000.0,126.0,126.0,11340000.0,11340000.0,,,,,,,,,False,False,Neither retailer currently shows a discount for this style code.
JI3988,exact_style_code,both_in_stock,neither_on_sale,False,,True,kids,False,,normalized_compare,False,90000.0,True,0.0,0.0,0.0,0.0,0.0,same_price,tie,True,0.0,neither_discounted,tie,1,False,Adidas Superstar Ii Comfort Closure Ps Original Shoes White/Core Black,Adidas Superstar Ii Comfort Closure Ps Original Shoes White/Core Black,https://lb.mikesport.com/products/adidas-superstar-ii-comfort-closure-ps-original-shoes-white-core-black,https://lb.mikesport.com/products/adidas-superstar-ii-comfort-closure-ps-original-shoes-white-core-black,1,shoes,shoes,kids,kids,Cloud White / Core Black,Cloud White / Core Black,in_stock,in_stock,1,0,0,30 EU | 29 EU | 31 EU | 32 EU,4,USD,USD,105.0,105.0,105.0,105.0,9450000.0,9450000.0,105.0,105.0,105.0,105.0,9450000.0,9450000.0,,,,,,,,,False,False,1,False,"Unisex Kids Superstar II Comfort Closure Shoes, White","Unisex Kids Superstar II Comfort Closure Shoes, White",https://www.adidas.com.lb/en/adidas-unisex-kids-superstar-ii-comfort-closure-shoes-white/A7_JI3988_ONE.html,https://www.adidas.com.lb/en/adidas-unisex-kids-superstar-ii-comfort-closure-shoes-white/A7_JI3988_ONE.html,1,Originals,Originals,kids,kids,White,White,in_stock,in_stock,1,0,0,28 | 29 | 30 | 31 | 32 | 33 | 34 | 35,8,LBP,LBP,9450000.0,9450000.0,105.0,105.0,9450000.0,9450000.0,9450000.0,9450000.0,105.0,105.0,9450000.0,9450000.0,,,,,,,,,False,False,Neither retailer currently shows a discount for this style code.
JI3990,exact_style_code,both_in_stock,neither_on_sale,False,,False,,False,,normalized_compare,False,90000.0,False,1.0,1.0,90000.0,1.14,1.14,adidas_cheaper,adidas_lb,True,0.0,neither_discounted,tie,1,False,Adidas Superstar Ii Comfort Closure Infant-Boys Original Shoes White/Black,Adidas Superstar Ii Comfort Closure Infant-Boys Original Shoes White/Black,https://lb.mikesport.com/products/adidas-superstar-ii-comfort-closure-infant-boys-original-shoes-white-black,https://lb.mikesport.com/products/adidas-superstar-ii-comfort-closure-infant-boys-original-shoes-white-black,1,shoes,shoes,unisex,unisex,Cloud White/Core Black/Cloud White,Cloud White/Core Black/Cloud White,in_stock,in_stock,1,0,0,22 EU | 24 EU,2,USD,USD,89.0,89.0,89.0,89.0,8010000.0,8010000.0,89.0,89.0,89.0,89.0,8010000.0,8010000.0,,,,,,,,,False,False,1,False,"Unisex Kids Superstar II Comfort Closure Shoes, White","Unisex Kids Superstar II Comfort Closure Shoes, White",https://www.adidas.com.lb/en/adidas-unisex-kids-superstar-ii-comfort-closure-shoes-white/A7_JI3990_ONE.html,https://www.adidas.com.lb/en/adidas-unisex-kids-superstar-ii-comfort-closure-shoes-white/A7_JI3990_ONE.html,1,Originals,Originals,kids,kids,White,White,in_stock,in_stock,1,0,0,26 | 27,2,LBP,LBP,7920000.0,7920000.0,88.0,88.0,7920000.0,7920000.0,7920000.0,7920000.0,88.0,88.0,7920000.0,7920000.0,,,,,,,,,False,False,Neither retailer currently shows a discount for this style code.
JI4331,exact_style_code,both_in_stock,neither_on_sale,False,,True,kids,False,,normalized_compare,False,90000.0,True,0.0,0.0,0.0,0.0,0.0,same_price,tie,True,0.0,neither_discounted,tie,1,False,Adidas Campus 00S Ps Original Shoes Black/White,Adidas Campus 00S Ps Original Shoes Black/White,https://lb.mikesport.com/products/adidas-campus-00s-ps-original-shoes-black-white,https://lb.mikesport.com/products/adidas-campus-00s-ps-original-shoes-black-white,1,shoes,shoes,kids,kids,"s and proportions. They're done with a premium leather upper lined with soft textile terry fabric, with all of it riding on an off-white midsole — a clear connect to the Campus legacy. Highlights: Regular fit Lace closure Composition: Rubber outsole Leather upper Terry textile lining Color: Core Black/Cloud White/Off White","s and proportions. They're done with a premium leather upper lined with soft textile terry fabric, with all of it riding on an off-white midsole — a clear connect to the Campus legacy. Highlights: Regular fit Lace closure Composition: Rubber outsole Leather upper Terry textile lining Color: Core Black/Cloud White/Off White",in_stock,in_stock,1,0,0,28 EU | 30 EU | 29 EU | 31 EU | 32 EU,5,USD,USD,105.0,105.0,105.0,105.0,9450000.0,9450000.0,105.0,105.0,105.0,105.0,9450000.0,9450000.0,,,,,,,,,False,False,1,False,"Unisex Kids Campus 00s Elastic Lace Shoes, Black","Unisex Kids Campus 00s Elastic Lace Shoes, Black",https://www.adidas.com.lb/en/adidas-unisex-kids-campus-00s-elastic-lace-shoes-black/A7_JI4331_ONE.html,https://www.adidas.com.lb/en/adidas-unisex-kids-campus-00s-elastic-lace-shoes-black/A7_JI4331_ONE.html,1,Originals,Originals,kids,kids,Black,Black,in_stock,in_stock,1,0,0,28 | 29 | 30 | 31 | 32 | 33 | 34 | 35,8,LBP,LBP,9450000.0,9450000.0,105.0,105.0,9450000.0,9450000.0,9450000.0,9450000.0,105.0,105.0,9450000.0,9450000.0,,,,,,,,,False,False,Neither retailer currently shows a discount for this style code.
JI4335,exact_style_code,both_in_stock,neither_on_sale,False,,False,,False,,normalized_compare,False,90000.0,False,1.0,1.0,90000.0,1.14,1.14,adidas_cheaper,adidas_lb,True,0.0,neither_discounted,tie,1,False,Adidas Campus 00S Comfort Closure Elastic Lace Infant-Unisex Original Shoes White/Black/Gum,Adidas Campus 00S Comfort Closure Elastic Lace Infant-Unisex Original Shoes White/Black/Gum,https://lb.mikesport.com/products/adidas-campus-00s-comfort-closure-elastic-lace-infant-unisex-original-shoes-white-black-gum,https://lb.mikesport.com/products/adidas-campus-00s-comfort-closure-elastic-lace-infant-unisex-original-shoes-white-black-gum,1,shoes,shoes,unisex,unisex,Core Black / Cloud White / Gum,Core Black / Cloud White / Gum,in_stock,in_stock,1,0,0,23 EU,1,USD,USD,89.0,89.0,89.0,89.0,8010000.0,8010000.0,89.0,89.0,89.0,89.0,8010000.0,8010000.0,,,,,,,,,False,False,1,False,"Unisex Kids Campus 00s Comfort Closure Elastic Lace Shoes, Black","Unisex Kids Campus 00s Comfort Closure Elastic Lace Shoes, Black",https://www.adidas.com.lb/en/adidas-unisex-kids-campus-00s-comfort-closure-elastic-lace-shoes-black/A7_JI4335_ONE.html,https://www.adidas.com.lb/en/adidas-unisex-kids-campus-00s-comfort-closure-elastic-lace-shoes-black/A7_JI4335_ONE.html,1,Originals,Originals,kids,kids,Black,Black,in_stock,in_stock,1,0,0,20 | 21 | 22 | 23 | 24 | 25 | 26 | 27,8,LBP,LBP,7920000.0,7920000.0,88.0,88.0,7920000.0,7920000.0,7920000.0,7920000.0,88.0,88.0,7920000.0,7920000.0,,,,,,,,,False,False,Neither retailer currently shows a discount for this style code.
JI4817,exact_style_code,both_in_stock,neither_on_sale,False,,True,men,False,,normalized_compare,False,90000.0,False,-1.0,-1.0,-90000.0,-0.57,-0.57,mikesport_cheaper,mikesport_lb,True,0.0,neither_discounted,tie,1,False,Adidas Kantai Trail Men Sportswear Shoes White/Putty Grey,Adidas Kantai Trail Men Sportswear Shoes White/Putty Grey,https://lb.mikesport.com/products/adidas-kantai-trail-men-sportswear-shoes-white-putty-grey,https://lb.mikesport.com/products/adidas-kantai-trail-men-sportswear-shoes-white-putty-grey,1,shoes,shoes,men,men,Cloud White / Charcoal / Putty Grey,Cloud White / Charcoal / Putty Grey,in_stock,in_stock,1,0,0,43 1/3 EU,1,USD,USD,175.0,175.0,175.0,175.0,15750000.0,15750000.0,175.0,175.0,175.0,175.0,15750000.0,15750000.0,,,,,,,,,False,False,1,False,"Kantai Trail Shoes, White","Kantai Trail Shoes, White",https://www.adidas.com.lb/en/adidas-kantai-trail-shoes-white/A7_JI4817_ONE.html,https://www.adidas.com.lb/en/adidas-kantai-trail-shoes-white/A7_JI4817_ONE.html,1,Tennis,Tennis,men,men,White,White,in_stock,in_stock,1,0,0,40 2/3 | 41 1/3 | 42 2/3 | 43 1/3 | 44 | 44 2/3 | 45 1/3 | 46 2/3 | 47 1/3,9,LBP,LBP,15840000.0,15840000.0,176.0,176.0,15840000.0,15840000.0,15840000.0,15840000.0,176.0,176.0,15840000.0,15840000.0,,,,,,,,,False,False,Neither retailer currently shows a discount for this style code.
JI6079,exact_style_code,both_in_stock,neither_on_sale,False,,True,women,False,,normalized_compare,False,90000.0,False,1.0,1.0,90000.0,2.7,2.7,adidas_cheaper,adidas_lb,True,0.0,neither_discounted,tie,1,False,Adidas Essentials Women Sportswear T-Shirt Wonder Alumina/White,Adidas Essentials Women Sportswear T-Shirt Wonder Alumina/White,https://lb.mikesport.com/products/adidas-essentials-women-sportswear-t-shirt-wonder-alumina-white,https://lb.mikesport.com/products/adidas-essentials-women-sportswear-t-shirt-wonder-alumina-white,1,t-shirt,t-shirt,women,women,Wonder Alumina/White,Wonder Alumina/White,in_stock,in_stock,1,0,0,XS,1,USD,USD,38.0,38.0,38.0,38.0,3420000.0,3420000.0,38.0,38.0,38.0,38.0,3420000.0,3420000.0,,,,,,,,,False,False,1,False,"Essentials Small Logo Cotton T-Shirt, Grey","Essentials Small Logo Cotton T-Shirt, Grey",https://www.adidas.com.lb/en/adidas-essentials-small-logo-cotton-t-shirt-grey/A7_JI6079_ONE.html,https://www.adidas.com.lb/en/adidas-essentials-small-logo-cotton-t-shirt-grey/A7_JI6079_ONE.html,1,T-Shirts & Tops,T-Shirts & Tops,women,women,Grey,Grey,in_stock,in_stock,1,0,0,XS | S | M | L,4,LBP,LBP,3330000.0,3330000.0,37.0,37.0,3330000.0,3330000.0,3330000.0,3330000.0,37.0,37.0,3330000.0,3330000.0,,,,,,,,,False,False,Neither retailer currently shows a discount for this style code.
JI6361,exact_style_code,both_in_stock,both_on_sale,False,,True,men,True,Black,normalized_compare,False,90000.0,False,6.0,6.0,540000.0,8.82,8.82,adidas_cheaper,adidas_lb,False,-5.72,adidas_higher_discount,adidas_lb,1,False,Adidas All Szn French Terry Men Sportswear Hoody Black,Adidas All Szn French Terry Men Sportswear Hoody Black,https://lb.mikesport.com/products/adidas-all-szn-french-terry-men-sportswear-hoody-black,https://lb.mikesport.com/products/adidas-all-szn-french-terry-men-sportswear-hoody-black,1,hoody,hoody,men,men,Black,Black,in_stock,in_stock,1,0,0,2XL | L,2,USD,USD,74.0,74.0,74.0,74.0,6660000.0,6660000.0,105.0,105.0,105.0,105.0,9450000.0,9450000.0,74.0,74.0,74.0,74.0,6660000.0,6660000.0,29.52,29.52,True,True,1,False,"All SZN French Terry Full-Zip Hoodie, Black","All SZN French Terry Full-Zip Hoodie, Black",https://www.adidas.com.lb/en/adidas-outlet-all-szn-french-terry-full-zip-hoodie-black/A9_JI6361_ONE.html,https://www.adidas.com.lb/en/adidas-outlet-all-szn-french-terry-full-zip-hoodie-black/A9_JI6361_ONE.html,1,Clothing,Clothing,men,men,Black,Black,in_stock,in_stock,1,0,0,S | M | XL,3,LBP,LBP,6120000.0,6120000.0,68.0,68.0,6120000.0,6120000.0,9450000.0,9450000.0,105.0,105.0,9450000.0,9450000.0,6120000.0,6120000.0,68.0,68.0,6120000.0,6120000.0,35.24,35.24,True,True,
JI6816,exact_style_code,both_in_stock,neither_on_sale,False,,True,unisex,False,,normalized_compare,False,90000.0,True,0.0,0.0,0.0,0.0,0.0,same_price,tie,True,0.0,neither_discounted,tie,1,False,Adidas Inter Miami Cf 25/26 Messi Home Kids-Unisex Football T-Shirt Easy Pink,Adidas Inter Miami Cf 25/26 Messi Home Kids-Unisex Football T-Shirt Easy Pink,https://lb.mikesport.com/products/adidas-inter-miami-cf-25-26-messi-home-kids-unisex-football-t-shirt-easy-pink,https://lb.mikesport.com/products/adidas-inter-miami-cf-25-26-messi-home-kids-unisex-football-t-shirt-easy-pink,1,t-shirt,t-shirt,unisex,unisex,Easy Pink,Easy Pink,in_stock,in_stock,1,0,0,7-8 Years | 9-10 Years | 11-12 Years | 13-14 Years,4,USD,USD,126.0,126.0,126.0,126.0,11340000.0,11340000.0,126.0,126.0,126.0,126.0,11340000.0,11340000.0,,,,,,,,,False,False,1,False,"Kids Unisex Inter Miami CF 25/26 Messi Home Jersey, Pink","Kids Unisex Inter Miami CF 25/26 Messi Home Jersey, Pink",https://www.adidas.com.lb/en/adidas-kids-unisex-inter-miami-cf-25-26-messi-home-jersey-pink/A7_JI6816_ONE.html,https://www.adidas.com.lb/en/adidas-kids-unisex-inter-miami-cf-25-26-messi-home-jersey-pink/A7_JI6816_ONE.html,1,Jerseys,Jerseys,unisex,unisex,Pink,Pink,in_stock,in_stock,1,0,0,7-8 Yrs | 11-12 Yrs | 13-14 Yrs | 9-10 Yrs | 15-16 Yrs,5,LBP,LBP,11340000.0,11340000.0,126.0,126.0,11340000.0,11340000.0,11340000.0,11340000.0,126.0,126.0,11340000.0,11340000.0,,,,,,,,,False,False,Neither retailer currently shows a discount for this style code.
JI6953,exact_style_code,both_in_stock,neither_on_sale,False,,True,unisex,False,,normalized_compare,False,90000.0,False,1.0,1.0,90000.0,2.7,2.7,adidas_cheaper,adidas_lb,True,0.0,neither_discounted,tie,1,False,Adidas Classic 3 Bar Logo Unisex Training Bag Black/White,Adidas Classic 3 Bar Logo Unisex Training Bag Black/White,https://lb.mikesport.com/products/adidas-classic-3-bar-logo-unisex-training-bag-black-white-1,https://lb.mikesport.com/products/adidas-classic-3-bar-logo-unisex-training-bag-black-white-1,1,bags_cases_and_luggage,bags_cases_and_luggage,unisex,unisex,Black/White,Black/White,in_stock,in_stock,1,0,0,,0,USD,USD,38.0,38.0,38.0,38.0,3420000.0,3420000.0,38.0,38.0,38.0,38.0,3420000.0,3420000.0,,,,,,,,,False,False,1,False,"Unisex Classic 3 Bar Logo Backpack, Black","Unisex Classic 3 Bar Logo Backpack, Black",https://www.adidas.com.lb/en/adidas-unisex-classic-3-bar-logo-backpack-black/A7_JI6953_ONE.html,https://www.adidas.com.lb/en/adidas-unisex-classic-3-bar-logo-backpack-black/A7_JI6953_ONE.html,1,Bags & Backpacks,Bags & Backpacks,unisex,unisex,Black,Black,in_stock,in_stock,1,0,0,NS,1,LBP,LBP,3330000.0,3330000.0,37.0,37.0,3330000.0,3330000.0,3330000.0,3330000.0,37.0,37.0,3330000.0,3330000.0,,,,,,,,,False,False,Neither retailer currently shows a discount for this style code.
JI7428,exact_style_code,both_in_stock,neither_on_sale,False,,True,men,False,,normalized_compare,False,90000.0,False,1.0,1.0,90000.0,0.66,0.66,adidas_cheaper,adidas_lb,True,0.0,neither_discounted,tie,1,False,Adidas Manchester United 25/26 Home Jersey Men Football T-Shirt Mufc Red,Adidas Manchester United 25/26 Home Jersey Men Football T-Shirt Mufc Red,https://lb.mikesport.com/products/adidas-manchester-united-25-26-home-jersey-men-football-t-shirt-mufc-red,https://lb.mikesport.com/products/adidas-manchester-united-25-26-home-jersey-men-football-t-shirt-mufc-red,1,t-shirt,t-shirt,men,men,Mufc Red,Mufc Red,in_stock,in_stock,1,0,0,M | S,2,USD,USD,153.0,153.0,153.0,153.0,13770000.0,13770000.0,153.0,153.0,153.0,153.0,13770000.0,13770000.0,,,,,,,,,False,False,1,False,"Manchester United 25/26 Home Jersey, Red","Manchester United 25/26 Home Jersey, Red",https://www.adidas.com.lb/en/adidas-manchester-united-25-26-home-jersey-red/A7_JI7428_ONE.html,https://www.adidas.com.lb/en/adidas-manchester-united-25-26-home-jersey-red/A7_JI7428_ONE.html,1,Jerseys,Jerseys,men,men,Red,Red,in_stock,in_stock,1,0,0,XS | S | M | L | XL,5,LBP,LBP,13680000.0,13680000.0,152.0,152.0,13680000.0,13680000.0,13680000.0,13680000.0,152.0,152.0,13680000.0,13680000.0,,,,,,,,,False,False,Neither retailer currently shows a discount for this style code.
JI8081,exact_style_code,both_in_stock,neither_on_sale,False,,True,unisex,False,,normalized_compare,False,90000.0,False,1.0,1.0,90000.0,2.13,2.13,adidas_cheaper,adidas_lb,True,0.0,neither_discounted,tie,1,False,Adidas Classic Training Backpack With Pencil Case Unisex Black/White,Adidas Classic Training Backpack With Pencil Case Unisex Black/White,https://lb.mikesport.com/products/ji8081-clsc-pcase-bp-black-white,https://lb.mikesport.com/products/ji8081-clsc-pcase-bp-black-white,1,bags_cases_and_luggage,bags_cases_and_luggage,unisex,unisex,Black/White,Black/White,in_stock,in_stock,1,0,0,,0,USD,USD,48.0,48.0,48.0,48.0,4320000.0,4320000.0,48.0,48.0,48.0,48.0,4320000.0,4320000.0,,,,,,,,,False,False,1,False,"Unisex Backpack With Pencil Case, Black","Unisex Backpack With Pencil Case, Black",https://www.adidas.com.lb/en/adidas-unisex-backpack-with-pencil-case-black/A7_JI8081_ONE.html,https://www.adidas.com.lb/en/adidas-unisex-backpack-with-pencil-case-black/A7_JI8081_ONE.html,1,Bags & Backpacks,Bags & Backpacks,unisex,unisex,Black,Black,in_stock,in_stock,1,0,0,NS,1,LBP,LBP,4230000.0,4230000.0,47.0,47.0,4230000.0,4230000.0,4230000.0,4230000.0,47.0,47.0,4230000.0,4230000.0,,,,,,,,,False,False,Neither retailer currently shows a discount for this style code.
JI8181,exact_style_code,both_in_stock,neither_on_sale,False,,True,men,True,Black,normalized_compare,False,90000.0,False,1.0,1.0,90000.0,1.32,1.32,adidas_cheaper,adidas_lb,True,0.0,neither_discounted,tie,1,False,Adidas D4T Intensity Men Training T-Shirt Black,Adidas D4T Intensity Men Training T-Shirt Black,https://lb.mikesport.com/products/adidas-d4t-intensity-men-training-t-shirt-black,https://lb.mikesport.com/products/adidas-d4t-intensity-men-training-t-shirt-black,1,t-shirt,t-shirt,men,men,Black,Black,in_stock,in_stock,1,0,0,L | M | S | XL,4,USD,USD,77.0,77.0,77.0,77.0,6930000.0,6930000.0,77.0,77.0,77.0,77.0,6930000.0,6930000.0,,,,,,,,,False,False,1,False,"Designed-For-Training Intensity T-Shirt, Black","Designed-For-Training Intensity T-Shirt, Black",https://www.adidas.com.lb/en/adidas-designed-for-training-intensity-t-shirt-black/A7_JI8181_ONE.html,https://www.adidas.com.lb/en/adidas-designed-for-training-intensity-t-shirt-black/A7_JI8181_ONE.html,1,T-Shirts,T-Shirts,men,men,Black,Black,in_stock,in_stock,1,0,0,S | M | L | XL | 2XL,5,LBP,LBP,6840000.0,6840000.0,76.0,76.0,6840000.0,6840000.0,6840000.0,6840000.0,76.0,76.0,6840000.0,6840000.0,,,,,,,,,False,False,Neither retailer currently shows a discount for this style code.
JI8313,exact_style_code,both_in_stock,neither_on_sale,False,,True,women,False,,normalized_compare,False,90000.0,False,1.0,1.0,90000.0,1.32,1.32,adidas_cheaper,adidas_lb,True,0.0,neither_discounted,tie,1,False,Adidas Train Essentials 3-Stripes Woven Women Training Pant Black/White,Adidas Train Essentials 3-Stripes Woven Women Training Pant Black/White,https://lb.mikesport.com/products/adidas-train-essentials-3-stripes-woven-women-training-pant-black-white,https://lb.mikesport.com/products/adidas-train-essentials-3-stripes-woven-women-training-pant-black-white,1,pant,pant,women,women,Black/White,Black/White,in_stock,in_stock,1,0,0,L | M | S | XS,4,USD,USD,77.0,77.0,77.0,77.0,6930000.0,6930000.0,77.0,77.0,77.0,77.0,6930000.0,6930000.0,,,,,,,,,False,False,1,False,"Train Essentials 3-Stripes Woven Joggers, Black","Train Essentials 3-Stripes Woven Joggers, Black",https://www.adidas.com.lb/en/adidas-train-essentials-3-stripes-woven-joggers-black/A7_JI8313_ONE.html,https://www.adidas.com.lb/en/adidas-train-essentials-3-stripes-woven-joggers-black/A7_JI8313_ONE.html,1,Joggers & Trousers,Joggers & Trousers,women,women,Black,Black,in_stock,in_stock,1,0,0,XS | S | M | L,4,LBP,LBP,6840000.0,6840000.0,76.0,76.0,6840000.0,6840000.0,6840000.0,6840000.0,76.0,76.0,6840000.0,6840000.0,,,,,,,,,False,False,Neither retailer currently shows a discount for this style code.
JI8876,exact_style_code,both_in_stock,neither_on_sale,False,,True,men,False,,normalized_compare,False,90000.0,True,0.0,0.0,0.0,0.0,0.0,same_price,tie,True,0.0,neither_discounted,tie,1,False,Adidas Basic 3 Stripes French Terry Men Sportswear Tracksuit Grey Heather,Adidas Basic 3 Stripes French Terry Men Sportswear Tracksuit Grey Heather,https://lb.mikesport.com/products/adidas-basic-3-stripes-french-terry-men-sportswear-tracksuit-grey-heather,https://lb.mikesport.com/products/adidas-basic-3-stripes-french-terry-men-sportswear-tracksuit-grey-heather,1,tracksuit,tracksuit,men,men,Grey Heather,Grey Heather,in_stock,in_stock,1,0,0,S | XL,2,USD,USD,117.0,117.0,117.0,117.0,10530000.0,10530000.0,117.0,117.0,117.0,117.0,10530000.0,10530000.0,,,,,,,,,False,False,1,False,"Sportswear Basic 3-Stripes French Terry Track Suit, Grey","Sportswear Basic 3-Stripes French Terry Track Suit, Grey",https://www.adidas.com.lb/en/adidas-sportswear-basic-3-stripes-french-terry-track-suit-grey/A7_JI8876_ONE.html,https://www.adidas.com.lb/en/adidas-sportswear-basic-3-stripes-french-terry-track-suit-grey/A7_JI8876_ONE.html,1,Tracksuits,Tracksuits,men,men,Grey,Grey,in_stock,in_stock,1,0,0,S | XL | 2XL,3,LBP,LBP,10530000.0,10530000.0,117.0,117.0,10530000.0,10530000.0,10530000.0,10530000.0,117.0,117.0,10530000.0,10530000.0,,,,,,,,,False,False,Neither retailer currently shows a discount for this style code.
JJ1032,exact_style_code,both_in_stock,neither_on_sale,False,,True,boys,False,,normalized_compare,False,90000.0,False,1.0,1.0,90000.0,3.57,3.57,adidas_cheaper,adidas_lb,True,0.0,neither_discounted,tie,1,False,Adidas Essentials 3 Stripes Kids-Boys Sportswear T-Shirt Black/White,Adidas Essentials 3 Stripes Kids-Boys Sportswear T-Shirt Black/White,https://lb.mikesport.com/products/adidas-essentials-3-stripes-kids-boys-sportswear-t-shirt-black-white,https://lb.mikesport.com/products/adidas-essentials-3-stripes-kids-boys-sportswear-t-shirt-black-white,1,t-shirt,t-shirt,boys,boys,Black/White,Black/White,in_stock,in_stock,1,0,0,11-12 Years,1,USD,USD,29.0,29.0,29.0,29.0,2610000.0,2610000.0,29.0,29.0,29.0,29.0,2610000.0,2610000.0,,,,,,,,,False,False,1,False,"Kids Train Essentials 3-Stripes T-Shirt, Black","Kids Train Essentials 3-Stripes T-Shirt, Black",https://www.adidas.com.lb/en/adidas-kids-train-essentials-3-stripes-t-shirt-black/A7_JJ1032_ONE.html,https://www.adidas.com.lb/en/adidas-kids-train-essentials-3-stripes-t-shirt-black/A7_JJ1032_ONE.html,1,T-Shirts,T-Shirts,boys,boys,Black,Black,in_stock,in_stock,1,0,0,5-6 Yrs | 7-8 Yrs | 11-12 Yrs | 13-14 Yrs | 9-10 Yrs,5,LBP,LBP,2520000.0,2520000.0,28.0,28.0,2520000.0,2520000.0,2520000.0,2520000.0,28.0,28.0,2520000.0,2520000.0,,,,,,,,,False,False,Neither retailer currently shows a discount for this style code.
JJ1033,exact_style_code,both_in_stock,neither_on_sale,False,,True,boys,False,,normalized_compare,False,90000.0,False,1.0,1.0,90000.0,3.57,3.57,adidas_cheaper,adidas_lb,True,0.0,neither_discounted,tie,1,False,Adidas Essentials Kids-Boys Sportswear T-Shirt White/Black,Adidas Essentials Kids-Boys Sportswear T-Shirt White/Black,https://lb.mikesport.com/products/adidas-essentials-kids-boys-sportswear-t-shirt-white-black,https://lb.mikesport.com/products/adidas-essentials-kids-boys-sportswear-t-shirt-white-black,1,t-shirt,t-shirt,boys,boys,White/Black,White/Black,in_stock,in_stock,1,0,0,9-10 Years,1,USD,USD,29.0,29.0,29.0,29.0,2610000.0,2610000.0,29.0,29.0,29.0,29.0,2610000.0,2610000.0,,,,,,,,,False,False,1,False,"Kids Train Essentials 3-Stripes T-Shirt, White","Kids Train Essentials 3-Stripes T-Shirt, White",https://www.adidas.com.lb/en/adidas-kids-train-essentials-3-stripes-t-shirt-white/A7_JJ1033_ONE.html,https://www.adidas.com.lb/en/adidas-kids-train-essentials-3-stripes-t-shirt-white/A7_JJ1033_ONE.html,1,T-Shirts,T-Shirts,boys,boys,White,White,in_stock,in_stock,1,0,0,5-6 Yrs | 7-8 Yrs | 11-12 Yrs | 13-14 Yrs | 9-10 Yrs | 15-16 Yrs,6,LBP,LBP,2520000.0,2520000.0,28.0,28.0,2520000.0,2520000.0,2520000.0,2520000.0,28.0,28.0,2520000.0,2520000.0,,,,,,,,,False,False,Neither retailer currently shows a discount for this style code.
JJ1038,exact_style_code,both_in_stock,neither_on_sale,False,,True,unisex,False,,normalized_compare,False,90000.0,False,1.0,1.0,90000.0,2.7,2.7,adidas_cheaper,adidas_lb,True,0.0,neither_discounted,tie,1,False,Adidas Essentials 3 Stripes Kids-Unisex Sportswear Short Black/White,Adidas Essentials 3 Stripes Kids-Unisex Sportswear Short Black/White,https://lb.mikesport.com/products/adidas-essentials-3-stripes-kids-unisex-sportswear-short-black-white,https://lb.mikesport.com/products/adidas-essentials-3-stripes-kids-unisex-sportswear-short-black-white,1,short,short,unisex,unisex,Black/White,Black/White,in_stock,in_stock,1,0,0,7-8 Years | 9-10 Years,2,USD,USD,38.0,38.0,38.0,38.0,3420000.0,3420000.0,38.0,38.0,38.0,38.0,3420000.0,3420000.0,,,,,,,,,False,False,1,False,"Kids Unisex Train Essentials 3-Stripes Shorts, Black","Kids Unisex Train Essentials 3-Stripes Shorts, Black",https://www.adidas.com.lb/en/adidas-kids-unisex-train-essentials-3-stripes-shorts-black/A7_JJ1038_ONE.html,https://www.adidas.com.lb/en/adidas-kids-unisex-train-essentials-3-stripes-shorts-black/A7_JJ1038_ONE.html,1,Shorts,Shorts,unisex,unisex,Black,Black,in_stock,in_stock,1,0,0,7-8 Yrs | 9-10 Yrs,2,LBP,LBP,3330000.0,3330000.0,37.0,37.0,3330000.0,3330000.0,3330000.0,3330000.0,37.0,37.0,3330000.0,3330000.0,,,,,,,,,False,False,Neither retailer currently shows a discount for this style code.
JJ1066,exact_style_code,both_in_stock,neither_on_sale,False,,False,,False,,normalized_compare,False,90000.0,False,-1.0,-1.0,-90000.0,-3.85,-3.85,mikesport_cheaper,mikesport_lb,True,0.0,neither_discounted,tie,1,False,Adidas Essentials Kids-Girls Sportswear T-Shirt White/Black,Adidas Essentials Kids-Girls Sportswear T-Shirt White/Black,https://lb.mikesport.com/products/adidas-essentials-kids-girls-sportswear-t-shirt-white-black,https://lb.mikesport.com/products/adidas-essentials-kids-girls-sportswear-t-shirt-white-black,1,t-shirt,t-shirt,girls,girls,White/Black,White/Black,in_stock,in_stock,1,0,0,7-8 Years | 9-10 Years | 11-12 Years | 13-14 Years,4,USD,USD,25.0,25.0,25.0,25.0,2250000.0,2250000.0,25.0,25.0,25.0,25.0,2250000.0,2250000.0,,,,,,,,,False,False,1,False,"Kids Train Essentials Regular Fit Logo Training T-Shirt, White","Kids Train Essentials Regular Fit Logo Training T-Shirt, White",https://www.adidas.com.lb/en/adidas-kids-train-essentials-regular-fit-logo-training-t-shirt-white/A7_JJ1066_ONE.html,https://www.adidas.com.lb/en/adidas-kids-train-essentials-regular-fit-logo-training-t-shirt-white/A7_JJ1066_ONE.html,1,T-Shirts,T-Shirts,boys,boys,White,White,in_stock,in_stock,1,0,0,5-6 Yrs | 7-8 Yrs | 11-12 Yrs | 13-14 Yrs | 9-10 Yrs | 170,6,LBP,LBP,2340000.0,2340000.0,26.0,26.0,2340000.0,2340000.0,2340000.0,2340000.0,26.0,26.0,2340000.0,2340000.0,,,,,,,,,False,False,Neither retailer currently shows a discount for this style code.
JJ1151,exact_style_code,both_in_stock,neither_on_sale,False,,True,men,True,Black,normalized_compare,False,90000.0,False,1.0,1.0,90000.0,1.32,1.32,adidas_cheaper,adidas_lb,True,0.0,neither_discounted,tie,1,False,Adidas Z.N.E. Loose-Fit Men Sportswear T-Shirt Black,Adidas Z.N.E. Loose-Fit Men Sportswear T-Shirt Black,https://lb.mikesport.com/products/adidas-z-n-e-loose-fit-men-sportswear-t-shirt-black,https://lb.mikesport.com/products/adidas-z-n-e-loose-fit-men-sportswear-t-shirt-black,1,t-shirt,t-shirt,men,men,Black,Black,in_stock,in_stock,1,0,0,L | M | S | XL,4,USD,USD,77.0,77.0,77.0,77.0,6930000.0,6930000.0,77.0,77.0,77.0,77.0,6930000.0,6930000.0,,,,,,,,,False,False,1,False,"Adidas Z.N.E. Loose-Fit T-Shirt, Black","Adidas Z.N.E. Loose-Fit T-Shirt, Black",https://www.adidas.com.lb/en/adidas-adidas-z.n.e.-loose-fit-t-shirt-black/A7_JJ1151_ONE.html,https://www.adidas.com.lb/en/adidas-adidas-z.n.e.-loose-fit-t-shirt-black/A7_JJ1151_ONE.html,1,T-Shirts,T-Shirts,men,men,Black,Black,in_stock,in_stock,1,0,0,S | M | L | XL | 2XL,5,LBP,LBP,6840000.0,6840000.0,76.0,76.0,6840000.0,6840000.0,6840000.0,6840000.0,76.0,76.0,6840000.0,6840000.0,,,,,,,,,False,False,Neither retailer currently shows a discount for this style code.
JJ1926,exact_style_code,both_in_stock,neither_on_sale,False,,True,men,True,White,normalized_compare,False,90000.0,True,0.0,0.0,0.0,0.0,0.0,same_price,tie,True,0.0,neither_discounted,tie,1,False,Adidas Real Madrid 25/26 Home Men Football Short White,Adidas Real Madrid 25/26 Home Men Football Short White,https://lb.mikesport.com/products/jj1926-real-h-sho-white,https://lb.mikesport.com/products/jj1926-real-h-sho-white,1,short,short,men,men,White,White,in_stock,in_stock,1,0,0,L | M | S | XL,4,USD,USD,67.0,67.0,67.0,67.0,6030000.0,6030000.0,67.0,67.0,67.0,67.0,6030000.0,6030000.0,,,,,,,,,False,False,1,False,"Real Madrid 25/26 Home Shorts, White","Real Madrid 25/26 Home Shorts, White",https://www.adidas.com.lb/en/adidas-real-madrid-25-26-home-shorts-white/A7_JJ1926_ONE.html,https://www.adidas.com.lb/en/adidas-real-madrid-25-26-home-shorts-white/A7_JJ1926_ONE.html,1,Shorts,Shorts,men,men,White,White,in_stock,in_stock,1,0,0,M | L | XL,3,LBP,LBP,6030000.0,6030000.0,67.0,67.0,6030000.0,6030000.0,6030000.0,6030000.0,67.0,67.0,6030000.0,6030000.0,,,,,,,,,False,False,Neither retailer currently shows a discount for this style code.
JJ1931,exact_style_code,both_in_stock,neither_on_sale,False,,True,men,True,White,normalized_compare,False,90000.0,False,1.0,1.0,90000.0,0.66,0.66,adidas_cheaper,adidas_lb,True,0.0,neither_discounted,tie,1,False,Adidas Real Madrid 25/26 Home Jersey Men Football T-Shirt White,Adidas Real Madrid 25/26 Home Jersey Men Football T-Shirt White,https://lb.mikesport.com/products/jj1931-real-h-jsy-white,https://lb.mikesport.com/products/jj1931-real-h-jsy-white,1,t-shirt,t-shirt,men,men,White,White,in_stock,in_stock,1,0,0,L | M,2,USD,USD,153.0,153.0,153.0,153.0,13770000.0,13770000.0,153.0,153.0,153.0,153.0,13770000.0,13770000.0,,,,,,,,,False,False,1,False,"Real Madrid 25/26 Home Jersey, White","Real Madrid 25/26 Home Jersey, White",https://www.adidas.com.lb/en/adidas-real-madrid-25-26-home-jersey-white/A7_JJ1931_ONE.html,https://www.adidas.com.lb/en/adidas-real-madrid-25-26-home-jersey-white/A7_JJ1931_ONE.html,1,Jerseys,Jerseys,men,men,White,White,in_stock,in_stock,1,0,0,S | M | L | XL,4,LBP,LBP,13680000.0,13680000.0,152.0,152.0,13680000.0,13680000.0,13680000.0,13680000.0,152.0,152.0,13680000.0,13680000.0,,,,,,,,,False,False,Neither retailer currently shows a discount for this style code.
JJ2137,exact_style_code,both_in_stock,neither_on_sale,False,,False,,False,,normalized_compare,False,90000.0,True,0.0,0.0,0.0,0.0,0.0,same_price,tie,True,0.0,neither_discounted,tie,1,False,Adidas Fc Bayern 25/26 Home Jersey Men Football T-Shirt Red,Adidas Fc Bayern 25/26 Home Jersey Men Football T-Shirt Red,https://lb.mikesport.com/products/jj2137-fcb-h-jsy-red,https://lb.mikesport.com/products/jj2137-fcb-h-jsy-red,1,t-shirt,t-shirt,men,men,"s. Shorthand for ""Munich"", it hides in plain sight thanks to that glitched design. Created to keep fans comfortable and proud, this shirt features moisture-managing AEROREADY and an embroidered club badge. Highlights: Slim fit Crewneck AEROREADY FC Bayern embroidered crest Compos ition: 100% polyester (recycled) Color: Red","s. Shorthand for ""Munich"", it hides in plain sight thanks to that glitched design. Created to keep fans comfortable and proud, this shirt features moisture-managing AEROREADY and an embroidered club badge. Highlights: Slim fit Crewneck AEROREADY FC Bayern embroidered crest Compos ition: 100% polyester (recycled) Color: Red",in_stock,in_stock,1,0,0,L | M,2,USD,USD,159.0,159.0,159.0,159.0,14310000.0,14310000.0,159.0,159.0,159.0,159.0,14310000.0,14310000.0,,,,,,,,,False,False,1,False,"FC Bayern 25/26 Home Jersey, Red","FC Bayern 25/26 Home Jersey, Red",https://www.adidas.com.lb/en/adidas-fc-bayern-25-26-home-jersey-red/A7_JJ2137_ONE.html,https://www.adidas.com.lb/en/adidas-fc-bayern-25-26-home-jersey-red/A7_JJ2137_ONE.html,1,Football,Football,,,Red,Red,in_stock,in_stock,1,0,0,XS | S | M | L | XL,5,LBP,LBP,14310000.0,14310000.0,159.0,159.0,14310000.0,14310000.0,14310000.0,14310000.0,159.0,159.0,14310000.0,14310000.0,,,,,,,,,False,False,Neither retailer currently shows a discount for this style code.
JJ2143,exact_style_code,both_in_stock,neither_on_sale,False,,False,,True,White,normalized_compare,False,90000.0,False,1.0,1.0,90000.0,0.66,0.66,adidas_cheaper,adidas_lb,True,0.0,neither_discounted,tie,1,False,Adidas Fc Bayern 25/26 Away Jersey Men Football T-Shirt White,Adidas Fc Bayern 25/26 Away Jersey Men Football T-Shirt White,https://lb.mikesport.com/products/adidas-fc-bayern-25-26-away-jersey-men-football-t-shirt-white,https://lb.mikesport.com/products/adidas-fc-bayern-25-26-away-jersey-men-football-t-shirt-white,1,t-shirt,t-shirt,men,men,White,White,in_stock,in_stock,1,0,0,M | S,2,USD,USD,153.0,153.0,153.0,153.0,13770000.0,13770000.0,153.0,153.0,153.0,153.0,13770000.0,13770000.0,,,,,,,,,False,False,1,False,"FC Bayern 25/26 Away Jersey, White","FC Bayern 25/26 Away Jersey, White",https://www.adidas.com.lb/en/adidas-fc-bayern-25-26-away-jersey-white/A7_JJ2143_ONE.html,https://www.adidas.com.lb/en/adidas-fc-bayern-25-26-away-jersey-white/A7_JJ2143_ONE.html,1,Football,Football,,,White,White,in_stock,in_stock,1,0,0,S | M,2,LBP,LBP,13680000.0,13680000.0,152.0,152.0,13680000.0,13680000.0,13680000.0,13680000.0,152.0,152.0,13680000.0,13680000.0,,,,,,,,,False,False,Neither retailer currently shows a discount for this style code.
JJ4144,exact_style_code,both_in_stock,neither_on_sale,False,,False,,False,,normalized_compare,False,90000.0,True,0.0,0.0,0.0,0.0,0.0,same_price,tie,True,0.0,neither_discounted,tie,1,False,Adidas Z.N.E Kids-Unisex Sportswear T-Shirt White/Black,Adidas Z.N.E Kids-Unisex Sportswear T-Shirt White/Black,https://lb.mikesport.com/products/adidas-z-n-e-kids-unisex-sportswear-t-shirt-white-black,https://lb.mikesport.com/products/adidas-z-n-e-kids-unisex-sportswear-t-shirt-white-black,1,t-shirt,t-shirt,unisex,unisex,White/Black,White/Black,in_stock,in_stock,1,0,0,7-8 Years | 9-10 Years | 11-12 Years | 13-14 Years,4,USD,USD,54.0,54.0,54.0,54.0,4860000.0,4860000.0,54.0,54.0,54.0,54.0,4860000.0,4860000.0,,,,,,,,,False,False,1,False,"Unisex Kids adidas Z.N.E. T-Shirt, White","Unisex Kids adidas Z.N.E. T-Shirt, White",https://www.adidas.com.lb/en/adidas-unisex-kids-adidas-z.n.e.-t-shirt-white/A7_JJ4144_ONE.html,https://www.adidas.com.lb/en/adidas-unisex-kids-adidas-z.n.e.-t-shirt-white/A7_JJ4144_ONE.html,1,T-Shirts,T-Shirts,kids,kids,White,White,in_stock,in_stock,1,0,0,7-8 Yrs,1,LBP,LBP,4860000.0,4860000.0,54.0,54.0,4860000.0,4860000.0,4860000.0,4860000.0,54.0,54.0,4860000.0,4860000.0,,,,,,,,,False,False,Neither retailer currently shows a discount for this style code.
JJ4182,exact_style_code,both_in_stock,neither_on_sale,False,,True,men,False,,normalized_compare,False,90000.0,False,1.0,1.0,90000.0,0.66,0.66,adidas_cheaper,adidas_lb,True,0.0,neither_discounted,tie,1,False,Adidas Real Madrid 25/26 Away Jersey Men Football T-Shirt Legend Ink,Adidas Real Madrid 25/26 Away Jersey Men Football T-Shirt Legend Ink,https://lb.mikesport.com/products/jj4182-real-a-jsy-legink,https://lb.mikesport.com/products/jj4182-real-a-jsy-legink,1,t-shirt,t-shirt,men,men,Legend Ink,Legend Ink,in_stock,in_stock,1,0,0,L | M | S,3,USD,USD,153.0,153.0,153.0,153.0,13770000.0,13770000.0,153.0,153.0,153.0,153.0,13770000.0,13770000.0,,,,,,,,,False,False,1,False,"Real Madrid 25/26 Away Jersey, Blue","Real Madrid 25/26 Away Jersey, Blue",https://www.adidas.com.lb/en/adidas-real-madrid-25-26-away-jersey-blue/A7_JJ4182_ONE.html,https://www.adidas.com.lb/en/adidas-real-madrid-25-26-away-jersey-blue/A7_JJ4182_ONE.html,1,Jerseys,Jerseys,men,men,Blue,Blue,in_stock,in_stock,1,0,0,S | M | L | XL,4,LBP,LBP,13680000.0,13680000.0,152.0,152.0,13680000.0,13680000.0,13680000.0,13680000.0,152.0,152.0,13680000.0,13680000.0,,,,,,,,,False,False,Neither retailer currently shows a discount for this style code.
JJ4320,exact_style_code,both_in_stock,neither_on_sale,False,,True,men,False,,normalized_compare,False,90000.0,False,1.0,1.0,90000.0,0.66,0.66,adidas_cheaper,adidas_lb,True,0.0,neither_discounted,tie,1,False,Adidas Juventus 25/26 Home Jersey Men Football T-Shirt White/Black,Adidas Juventus 25/26 Home Jersey Men Football T-Shirt White/Black,https://lb.mikesport.com/products/jj4320-juve-h-jsy-white-black,https://lb.mikesport.com/products/jj4320-juve-h-jsy-white-black,1,t-shirt,t-shirt,men,men,"s, an embroidered badge flashes your fandom. Highlights: Regular fit AEROREADY Juventus embroidered crest Compos ition: 100% polyester (recycled) Color: White/Black","s, an embroidered badge flashes your fandom. Highlights: Regular fit AEROREADY Juventus embroidered crest Compos ition: 100% polyester (recycled) Color: White/Black",in_stock,in_stock,1,0,0,L | M | S | XL,4,USD,USD,153.0,153.0,153.0,153.0,13770000.0,13770000.0,153.0,153.0,153.0,153.0,13770000.0,13770000.0,,,,,,,,,False,False,1,False,"Juventus 25/26 Home Jersey, White","Juventus 25/26 Home Jersey, White",https://www.adidas.com.lb/en/adidas-juventus-25-26-home-jersey-white/A7_JJ4320_ONE.html,https://www.adidas.com.lb/en/adidas-juventus-25-26-home-jersey-white/A7_JJ4320_ONE.html,1,Jerseys,Jerseys,men,men,White,White,in_stock,in_stock,1,0,0,M | L,2,LBP,LBP,13680000.0,13680000.0,152.0,152.0,13680000.0,13680000.0,13680000.0,13680000.0,152.0,152.0,13680000.0,13680000.0,,,,,,,,,False,False,Neither retailer currently shows a discount for this style code.
JJ4808,exact_style_code,both_in_stock,both_on_sale,False,,True,unisex,False,,normalized_compare,False,90000.0,False,5.0,5.0,450000.0,10.2,10.2,adidas_cheaper,adidas_lb,False,-5.66,adidas_higher_discount,adidas_lb,1,False,Adidas Future Icons 3 Stripes Ankle Kids Unisex Sportswear Pant Black/White,Adidas Future Icons 3 Stripes Ankle Kids Unisex Sportswear Pant Black/White,https://lb.mikesport.com/products/adidas-future-icons-3-stripes-ankle-kids-unisex-sportswear-pant-black-white,https://lb.mikesport.com/products/adidas-future-icons-3-stripes-ankle-kids-unisex-sportswear-pant-black-white,1,pant,pant,unisex,unisex,Black/White,Black/White,in_stock,in_stock,1,0,0,7-8 Years | 9-10 Years | 11-12 Years,3,USD,USD,54.0,54.0,54.0,54.0,4860000.0,4860000.0,77.0,77.0,77.0,77.0,6930000.0,6930000.0,54.0,54.0,54.0,54.0,4860000.0,4860000.0,29.87,29.87,True,True,1,False,"Kids Unisex Future Icons 3-Stripes Ankle-Length Joggers, Black","Kids Unisex Future Icons 3-Stripes Ankle-Length Joggers, Black",https://www.adidas.com.lb/en/adidas-outlet-kids-unisex-future-icons-3-stripes-ankle-length-joggers-black/A9_JJ4808_ONE.html,https://www.adidas.com.lb/en/adidas-outlet-kids-unisex-future-icons-3-stripes-ankle-length-joggers-black/A9_JJ4808_ONE.html,1,Boys Clothing,Boys Clothing,unisex,unisex,Black,Black,in_stock,in_stock,1,0,0,7-8 Yrs | 11-12 Yrs | 13-14 Yrs | 9-10 Yrs,4,LBP,LBP,4410000.0,4410000.0,49.0,49.0,4410000.0,4410000.0,6840000.0,6840000.0,76.0,76.0,6840000.0,6840000.0,4410000.0,4410000.0,49.0,49.0,4410000.0,4410000.0,35.53,35.53,True,True,
JJ4845,exact_style_code,both_in_stock,both_on_sale,False,,True,girls,False,,normalized_compare,False,90000.0,False,8.0,8.0,720000.0,29.63,29.63,adidas_cheaper,adidas_lb,False,-14.81,adidas_higher_discount,adidas_lb,1,False,Adidas Future Icons 3 Stripes Kids-Girls Sportswear Tight Lucid Fuchsia,Adidas Future Icons 3 Stripes Kids-Girls Sportswear Tight Lucid Fuchsia,https://lb.mikesport.com/products/adidas-future-icons-3-stripes-kids-girls-sportswear-tight-lucid-fuchsia,https://lb.mikesport.com/products/adidas-future-icons-3-stripes-kids-girls-sportswear-tight-lucid-fuchsia,1,tight,tight,girls,girls,Lucid Fuchsia/Magenta,Lucid Fuchsia/Magenta,in_stock,in_stock,1,0,0,11-12 Years | 13-14 Years,2,USD,USD,35.0,35.0,35.0,35.0,3150000.0,3150000.0,54.0,54.0,54.0,54.0,4860000.0,4860000.0,35.0,35.0,35.0,35.0,3150000.0,3150000.0,35.19,35.19,True,True,1,False,"Kids Future Icons 3-Stripes Leggings, Pink","Kids Future Icons 3-Stripes Leggings, Pink",https://www.adidas.com.lb/en/adidas-outlet-kids-future-icons-3-stripes-leggings-pink/A9_JJ4845_ONE.html,https://www.adidas.com.lb/en/adidas-outlet-kids-future-icons-3-stripes-leggings-pink/A9_JJ4845_ONE.html,1,Girls Clothing,Girls Clothing,girls,girls,Pink,Pink,in_stock,in_stock,1,0,0,11-12 Yrs,1,LBP,LBP,2430000.0,2430000.0,27.0,27.0,2430000.0,2430000.0,4860000.0,4860000.0,54.0,54.0,4860000.0,4860000.0,2430000.0,2430000.0,27.0,27.0,2430000.0,2430000.0,50.0,50.0,True,True,
JJ5032,exact_style_code,both_in_stock,neither_on_sale,False,,True,girls,False,,normalized_compare,False,90000.0,False,1.0,1.0,90000.0,3.57,3.57,adidas_cheaper,adidas_lb,True,0.0,neither_discounted,tie,1,False,Adidas Essentials 3 Stripes Kids-Girls Sportswear T-Shirt White/Black,Adidas Essentials 3 Stripes Kids-Girls Sportswear T-Shirt White/Black,https://lb.mikesport.com/products/adidas-essentials-3-stripes-kids-girls-sportswear-t-shirt-white-black,https://lb.mikesport.com/products/adidas-essentials-3-stripes-kids-girls-sportswear-t-shirt-white-black,1,t-shirt,t-shirt,girls,girls,White/Black,White/Black,in_stock,in_stock,1,0,0,11-12 Years | 13-14 Years,2,USD,USD,29.0,29.0,29.0,29.0,2610000.0,2610000.0,29.0,29.0,29.0,29.0,2610000.0,2610000.0,,,,,,,,,False,False,1,False,"Kids Training Essentials 3-Stripes Tee, White","Kids Training Essentials 3-Stripes Tee, White",https://www.adidas.com.lb/en/adidas-kids-training-essentials-3-stripes-tee-white/A7_JJ5032_ONE.html,https://www.adidas.com.lb/en/adidas-kids-training-essentials-3-stripes-tee-white/A7_JJ5032_ONE.html,1,T-Shirts & Tops,T-Shirts & Tops,girls,girls,White,White,in_stock,in_stock,1,0,0,7-8 Yrs | 9-10 Yrs,2,LBP,LBP,2520000.0,2520000.0,28.0,28.0,2520000.0,2520000.0,2520000.0,2520000.0,28.0,28.0,2520000.0,2520000.0,,,,,,,,,False,False,Neither retailer currently shows a discount for this style code.
JJ5036,exact_style_code,both_in_stock,neither_on_sale,False,,True,girls,False,,normalized_compare,False,90000.0,False,1.0,1.0,90000.0,2.7,2.7,adidas_cheaper,adidas_lb,True,0.0,neither_discounted,tie,1,False,Adidas Train Essentials 3 Kids Girls Sportswear Tight Black/White,Adidas Train Essentials 3 Kids Girls Sportswear Tight Black/White,https://lb.mikesport.com/products/adidas-train-essentials-3-kids-girls-sportswear-tight-black-white,https://lb.mikesport.com/products/adidas-train-essentials-3-kids-girls-sportswear-tight-black-white,1,tight,tight,girls,girls,Black/White,Black/White,in_stock,in_stock,1,0,0,7-8 Years | 9-10 Years | 11-12 Years | 13-14 Years,4,USD,USD,38.0,38.0,38.0,38.0,3420000.0,3420000.0,38.0,38.0,38.0,38.0,3420000.0,3420000.0,,,,,,,,,False,False,1,False,"Kids Train Essentials 3-Stripes Leggings, Black","Kids Train Essentials 3-Stripes Leggings, Black",https://www.adidas.com.lb/en/adidas-kids-train-essentials-3-stripes-leggings-black/A7_JJ5036_ONE.html,https://www.adidas.com.lb/en/adidas-kids-train-essentials-3-stripes-leggings-black/A7_JJ5036_ONE.html,1,Leggings,Leggings,girls,girls,Black,Black,in_stock,in_stock,1,0,0,7-8 Yrs | 11-12 Yrs | 13-14 Yrs | 9-10 Yrs,4,LBP,LBP,3330000.0,3330000.0,37.0,37.0,3330000.0,3330000.0,3330000.0,3330000.0,37.0,37.0,3330000.0,3330000.0,,,,,,,,,False,False,Neither retailer currently shows a discount for this style code.
JL5081,exact_style_code,both_in_stock,neither_on_sale,False,,True,women,True,Black,normalized_compare,False,90000.0,False,1.0,1.0,90000.0,1.32,1.32,adidas_cheaper,adidas_lb,True,0.0,neither_discounted,tie,1,False,Adidas Workout Essentials Woven Women Training Pant Black,Adidas Workout Essentials Woven Women Training Pant Black,https://lb.mikesport.com/products/jl5081-we-woven-pan-black,https://lb.mikesport.com/products/jl5081-we-woven-pan-black,1,pant,pant,women,women,Black,Black,in_stock,in_stock,1,0,0,L,1,USD,USD,77.0,77.0,77.0,77.0,6930000.0,6930000.0,77.0,77.0,77.0,77.0,6930000.0,6930000.0,,,,,,,,,False,False,1,False,"Workout Essentials Woven Training Joggers, Black","Workout Essentials Woven Training Joggers, Black",https://www.adidas.com.lb/en/adidas-workout-essentials-woven-training-joggers-black/A7_JL5081_ONE.html,https://www.adidas.com.lb/en/adidas-workout-essentials-woven-training-joggers-black/A7_JL5081_ONE.html,1,Joggers & Trousers,Joggers & Trousers,women,women,Black,Black,in_stock,in_stock,1,0,0,XS | S | M | L,4,LBP,LBP,6840000.0,6840000.0,76.0,76.0,6840000.0,6840000.0,6840000.0,6840000.0,76.0,76.0,6840000.0,6840000.0,,,,,,,,,False,False,Neither retailer currently shows a discount for this style code.
JL5491,exact_style_code,both_in_stock,neither_on_sale,False,,True,women,True,Black,normalized_compare,False,90000.0,True,0.0,0.0,0.0,0.0,0.0,same_price,tie,True,0.0,neither_discounted,tie,1,False,Adidas All Me Essentials Medium Support Women Training Bra Black,Adidas All Me Essentials Medium Support Women Training Bra Black,https://lb.mikesport.com/products/adidas-all-me-essentials-medium-support-women-training-bra-black,https://lb.mikesport.com/products/adidas-all-me-essentials-medium-support-women-training-bra-black,1,bra,bra,women,women,Black,Black,in_stock,in_stock,1,0,0,L | M | S | XL | XS,5,USD,USD,61.0,61.0,61.0,61.0,5490000.0,5490000.0,61.0,61.0,61.0,61.0,5490000.0,5490000.0,,,,,,,,,False,False,1,False,"adidas All Me Essentials Medium Support Bra, Black","adidas All Me Essentials Medium Support Bra, Black",https://www.adidas.com.lb/en/adidas-adidas-all-me-essentials-medium-support-bra-black/A7_JL5491_ONE.html,https://www.adidas.com.lb/en/adidas-adidas-all-me-essentials-medium-support-bra-black/A7_JL5491_ONE.html,1,Sports Bras,Sports Bras,women,women,Black,Black,in_stock,in_stock,1,0,0,XS | S | M | L | XL,5,LBP,LBP,5490000.0,5490000.0,61.0,61.0,5490000.0,5490000.0,5490000.0,5490000.0,61.0,61.0,5490000.0,5490000.0,,,,,,,,,False,False,Neither retailer currently shows a discount for this style code.
JL6937,exact_style_code,both_in_stock,neither_on_sale,False,,True,men,False,,normalized_compare,False,90000.0,True,0.0,0.0,0.0,0.0,0.0,same_price,tie,True,0.0,neither_discounted,tie,1,False,Adidas Italy 26 Home Men Football T-Shirt Bold Blue,Adidas Italy 26 Home Men Football T-Shirt Bold Blue,https://lb.mikesport.com/products/adidas-italy-26-home-men-football-t-shirt-bold-blue,https://lb.mikesport.com/products/adidas-italy-26-home-men-football-t-shirt-bold-blue,1,t-shirt,t-shirt,men,men,Bold Blue,Bold Blue,in_stock,in_stock,1,0,0,L | M | S | XL,4,USD,USD,159.0,159.0,159.0,159.0,14310000.0,14310000.0,159.0,159.0,159.0,159.0,14310000.0,14310000.0,,,,,,,,,False,False,1,False,"Italy 26 Home Replica Jersey , Blue","Italy 26 Home Replica Jersey , Blue",https://www.adidas.com.lb/en/adidas-italy-26-home-replica-jersey-blue/A7_JL6937_ONE.html,https://www.adidas.com.lb/en/adidas-italy-26-home-replica-jersey-blue/A7_JL6937_ONE.html,1,Jerseys,Jerseys,men,men,Blue,Blue,in_stock,in_stock,1,0,0,S | M | L | 2XL,4,LBP,LBP,14310000.0,14310000.0,159.0,159.0,14310000.0,14310000.0,14310000.0,14310000.0,159.0,159.0,14310000.0,14310000.0,,,,,,,,,False,False,Neither retailer currently shows a discount for this style code.
JL6941,exact_style_code,both_in_stock,neither_on_sale,False,,True,men,True,White,normalized_compare,False,90000.0,True,0.0,0.0,0.0,0.0,0.0,same_price,tie,True,0.0,neither_discounted,tie,1,False,Adidas Italy 26 Home Men Football Short White,Adidas Italy 26 Home Men Football Short White,https://lb.mikesport.com/products/adidas-italy-26-home-men-football-short-white,https://lb.mikesport.com/products/adidas-italy-26-home-men-football-short-white,1,short,short,men,men,White,White,in_stock,in_stock,1,0,0,L | M | S | XL,4,USD,USD,67.0,67.0,67.0,67.0,6030000.0,6030000.0,67.0,67.0,67.0,67.0,6030000.0,6030000.0,,,,,,,,,False,False,1,False,"Italy 26 Home Replica Shorts, White","Italy 26 Home Replica Shorts, White",https://www.adidas.com.lb/en/adidas-italy-26-home-replica-shorts-white/A7_JL6941_ONE.html,https://www.adidas.com.lb/en/adidas-italy-26-home-replica-shorts-white/A7_JL6941_ONE.html,1,Shorts,Shorts,men,men,White,White,in_stock,in_stock,1,0,0,M | L | XL,3,LBP,LBP,6030000.0,6030000.0,67.0,67.0,6030000.0,6030000.0,6030000.0,6030000.0,67.0,67.0,6030000.0,6030000.0,,,,,,,,,False,False,Neither retailer currently shows a discount for this style code.
JL7489,exact_style_code,both_in_stock,both_on_sale,False,,True,women,True,White,normalized_compare,False,90000.0,False,3.0,3.0,270000.0,12.5,12.5,adidas_cheaper,adidas_lb,False,-6.19,adidas_higher_discount,adidas_lb,1,False,Adidas Seasonal Essentials Cupcake Graphic Women Sportswear T-Shirt White,Adidas Seasonal Essentials Cupcake Graphic Women Sportswear T-Shirt White,https://lb.mikesport.com/products/adidas-seasonal-essentials-cupcake-graphic-women-sportswear-t-shirt-white,https://lb.mikesport.com/products/adidas-seasonal-essentials-cupcake-graphic-women-sportswear-t-shirt-white,1,t-shirt,t-shirt,women,women,White,White,in_stock,in_stock,1,0,0,L | M | XS,3,USD,USD,27.0,27.0,27.0,27.0,2430000.0,2430000.0,38.0,38.0,38.0,38.0,3420000.0,3420000.0,27.0,27.0,27.0,27.0,2430000.0,2430000.0,28.95,28.95,True,True,1,False,"Seasonal Essentials Cupcake Graphic T-Shirt, White","Seasonal Essentials Cupcake Graphic T-Shirt, White",https://www.adidas.com.lb/en/adidas-outlet-seasonal-essentials-cupcake-graphic-t-shirt-white/A9_JL7489_ONE.html,https://www.adidas.com.lb/en/adidas-outlet-seasonal-essentials-cupcake-graphic-t-shirt-white/A9_JL7489_ONE.html,1,Clothing,Clothing,women,women,White,White,in_stock,in_stock,1,0,0,XS | S | M | L,4,LBP,LBP,2160000.0,2160000.0,24.0,24.0,2160000.0,2160000.0,3330000.0,3330000.0,37.0,37.0,3330000.0,3330000.0,2160000.0,2160000.0,24.0,24.0,2160000.0,2160000.0,35.14,35.14,True,True,
JM1830,exact_style_code,both_in_stock,neither_on_sale,False,,False,,False,,normalized_compare,False,90000.0,False,1.0,1.0,90000.0,2.7,2.7,adidas_cheaper,adidas_lb,True,0.0,neither_discounted,tie,1,False,Adidas Marvel Spiderman Cap Pure Ruby,Adidas Marvel Spiderman Cap Pure Ruby,https://lb.mikesport.com/products/adidas-marvel-spiderman-cap-pure-ruby,https://lb.mikesport.com/products/adidas-marvel-spiderman-cap-pure-ruby,1,cap,cap,boys,boys,Pure Ruby,Pure Ruby,in_stock,in_stock,1,0,0,,0,USD,USD,38.0,38.0,38.0,38.0,3420000.0,3420000.0,38.0,38.0,38.0,38.0,3420000.0,3420000.0,,,,,,,,,False,False,1,False,"Kids Unisex adidas Marvel Spider Man Cap, Red","Kids Unisex adidas Marvel Spider Man Cap, Red",https://www.adidas.com.lb/en/adidas-kids-unisex-adidas-marvel-spider-man-cap-red/A7_JM1830_ONE.html,https://www.adidas.com.lb/en/adidas-kids-unisex-adidas-marvel-spider-man-cap-red/A7_JM1830_ONE.html,1,Accessories,Accessories,unisex,unisex,Red,Red,in_stock,in_stock,1,0,0,One-Size,1,LBP,LBP,3330000.0,3330000.0,37.0,37.0,3330000.0,3330000.0,3330000.0,3330000.0,37.0,37.0,3330000.0,3330000.0,,,,,,,,,False,False,Neither retailer currently shows a discount for this style code.
JM3905,exact_style_code,both_in_stock,neither_on_sale,False,,True,men,True,Black,normalized_compare,False,90000.0,True,0.0,0.0,0.0,0.0,0.0,same_price,tie,True,0.0,neither_discounted,tie,1,False,Adidas City Tech Utility Men Sportswear T-Shirt Black,Adidas City Tech Utility Men Sportswear T-Shirt Black,https://lb.mikesport.com/products/adidas-city-tech-utility-men-sportswear-t-shirt-black,https://lb.mikesport.com/products/adidas-city-tech-utility-men-sportswear-t-shirt-black,1,t-shirt,t-shirt,men,men,Black,Black,in_stock,in_stock,1,0,0,2XL | M | S,3,USD,USD,54.0,54.0,54.0,54.0,4860000.0,4860000.0,54.0,54.0,54.0,54.0,4860000.0,4860000.0,,,,,,,,,False,False,1,False,"City Tech Utility T-Shirt, Black","City Tech Utility T-Shirt, Black",https://www.adidas.com.lb/en/adidas-city-tech-utility-t-shirt-black/A7_JM3905_ONE.html,https://www.adidas.com.lb/en/adidas-city-tech-utility-t-shirt-black/A7_JM3905_ONE.html,1,T-Shirts,T-Shirts,men,men,Black,Black,in_stock,in_stock,1,0,0,S | M | XL,3,LBP,LBP,4860000.0,4860000.0,54.0,54.0,4860000.0,4860000.0,4860000.0,4860000.0,54.0,54.0,4860000.0,4860000.0,,,,,,,,,False,False,Neither retailer currently shows a discount for this style code.
JM6394,exact_style_code,both_in_stock,neither_on_sale,False,,True,men,True,Black,normalized_compare,False,90000.0,False,1.0,1.0,90000.0,2.7,2.7,adidas_cheaper,adidas_lb,True,0.0,neither_discounted,tie,1,False,Adidas Retro Futurism Graphic Men Sportswear T-Shirt Black,Adidas Retro Futurism Graphic Men Sportswear T-Shirt Black,https://lb.mikesport.com/products/adidas-retro-futurism-graphic-men-sportswear-t-shirt-black,https://lb.mikesport.com/products/adidas-retro-futurism-graphic-men-sportswear-t-shirt-black,1,t-shirt,t-shirt,men,men,Black,Black,in_stock,in_stock,1,0,0,L,1,USD,USD,38.0,38.0,38.0,38.0,3420000.0,3420000.0,38.0,38.0,38.0,38.0,3420000.0,3420000.0,,,,,,,,,False,False,1,False,"Retro Futurism Graphic T-Shirt, Black","Retro Futurism Graphic T-Shirt, Black",https://www.adidas.com.lb/en/adidas-retro-futurism-graphic-t-shirt-black/A7_JM6394_ONE.html,https://www.adidas.com.lb/en/adidas-retro-futurism-graphic-t-shirt-black/A7_JM6394_ONE.html,1,T-Shirts,T-Shirts,men,men,Black,Black,in_stock,in_stock,1,0,0,S | M | L | XL | 2XL,5,LBP,LBP,3330000.0,3330000.0,37.0,37.0,3330000.0,3330000.0,3330000.0,3330000.0,37.0,37.0,3330000.0,3330000.0,,,,,,,,,False,False,Neither retailer currently shows a discount for this style code.
JM6459,exact_style_code,both_in_stock,neither_on_sale,False,,True,men,False,,normalized_compare,False,90000.0,False,1.0,1.0,90000.0,2.27,2.27,adidas_cheaper,adidas_lb,True,0.0,neither_discounted,tie,1,False,Adidas Food Grilled Cheese Graphic Men Sportswear T-Shirt Off White,Adidas Food Grilled Cheese Graphic Men Sportswear T-Shirt Off White,https://lb.mikesport.com/products/jm6459-m-cheese-t-owhite,https://lb.mikesport.com/products/jm6459-m-cheese-t-owhite,1,t-shirt,t-shirt,men,men,ful graphics. Soft cotton keeps you comfortable with every wear. Highlights: Regular fit Crewneck Compos ition: 100% cotton Color: Off White,ful graphics. Soft cotton keeps you comfortable with every wear. Highlights: Regular fit Crewneck Compos ition: 100% cotton Color: Off White,in_stock,in_stock,1,0,0,L | M | S | XL,4,USD,USD,45.0,45.0,45.0,45.0,4050000.0,4050000.0,45.0,45.0,45.0,45.0,4050000.0,4050000.0,,,,,,,,,False,False,1,False,"Food Grilled Cheese Graphic T-Shirt, White","Food Grilled Cheese Graphic T-Shirt, White",https://www.adidas.com.lb/en/adidas-food-grilled-cheese-graphic-t-shirt-white/A7_JM6459_ONE.html,https://www.adidas.com.lb/en/adidas-food-grilled-cheese-graphic-t-shirt-white/A7_JM6459_ONE.html,1,T-Shirts,T-Shirts,men,men,White,White,in_stock,in_stock,1,0,0,S | L | XL,3,LBP,LBP,3960000.0,3960000.0,44.0,44.0,3960000.0,3960000.0,3960000.0,3960000.0,44.0,44.0,3960000.0,3960000.0,,,,,,,,,False,False,Neither retailer currently shows a discount for this style code.
JM8396,exact_style_code,both_in_stock,neither_on_sale,False,,True,men,False,,normalized_compare,False,90000.0,True,0.0,0.0,0.0,0.0,0.0,same_price,tie,True,0.0,neither_discounted,tie,1,False,Adidas Argentina 26 Home Men Football T-Shirt White/Icey Blue,Adidas Argentina 26 Home Men Football T-Shirt White/Icey Blue,https://lb.mikesport.com/products/adidas-argentina-26-home-men-football-t-shirt-white-icey-blue,https://lb.mikesport.com/products/adidas-argentina-26-home-men-football-t-shirt-white-icey-blue,1,t-shirt,t-shirt,men,men,White/Icey Blue/Light Blue,White/Icey Blue/Light Blue,in_stock,in_stock,1,0,0,L | M | S | XL,4,USD,USD,159.0,159.0,159.0,159.0,14310000.0,14310000.0,159.0,159.0,159.0,159.0,14310000.0,14310000.0,,,,,,,,,False,False,1,False,"Argentina 26 Home Replica Jersey , White","Argentina 26 Home Replica Jersey , White",https://www.adidas.com.lb/en/adidas-argentina-26-home-replica-jersey-white/A7_JM8396_ONE.html,https://www.adidas.com.lb/en/adidas-argentina-26-home-replica-jersey-white/A7_JM8396_ONE.html,1,Jerseys,Jerseys,men,men,White,White,in_stock,in_stock,1,0,0,M | L,2,LBP,LBP,14310000.0,14310000.0,159.0,159.0,14310000.0,14310000.0,14310000.0,14310000.0,159.0,159.0,14310000.0,14310000.0,,,,,,,,,False,False,Neither retailer currently shows a discount for this style code.
JM8976,exact_style_code,both_in_stock,neither_on_sale,False,,True,men,False,,normalized_compare,False,90000.0,True,0.0,0.0,0.0,0.0,0.0,same_price,tie,True,0.0,neither_discounted,tie,1,False,Adidas Climacool Category Graphic Men Training T-Shirt Chalk White,Adidas Climacool Category Graphic Men Training T-Shirt Chalk White,https://lb.mikesport.com/products/adidas-climacool-category-graphic-men-training-t-shirt-chalk-white,https://lb.mikesport.com/products/adidas-climacool-category-graphic-men-training-t-shirt-chalk-white,1,t-shirt,t-shirt,men,men,Chalk White,Chalk White,in_stock,in_stock,1,0,0,L | XL,2,USD,USD,54.0,54.0,54.0,54.0,4860000.0,4860000.0,54.0,54.0,54.0,54.0,4860000.0,4860000.0,,,,,,,,,False,False,1,False,"CLIMACOOL Category Training Graphic T-Shirt, Beige","CLIMACOOL Category Training Graphic T-Shirt, Beige",https://www.adidas.com.lb/en/adidas-climacool-category-training-graphic-t-shirt-beige/A7_JM8976_ONE.html,https://www.adidas.com.lb/en/adidas-climacool-category-training-graphic-t-shirt-beige/A7_JM8976_ONE.html,1,T-Shirts,T-Shirts,men,men,Beige,Beige,in_stock,in_stock,1,0,0,S | M | L | XL | 2XL,5,LBP,LBP,4860000.0,4860000.0,54.0,54.0,4860000.0,4860000.0,4860000.0,4860000.0,54.0,54.0,4860000.0,4860000.0,,,,,,,,,False,False,Neither retailer currently shows a discount for this style code.
JN1969,exact_style_code,both_in_stock,neither_on_sale,False,,True,women,True,White,normalized_compare,False,90000.0,True,0.0,0.0,0.0,0.0,0.0,same_price,tie,True,0.0,neither_discounted,tie,1,False,Adidas Club Climacool Women Tennis Skirt White,Adidas Club Climacool Women Tennis Skirt White,https://lb.mikesport.com/products/adidas-club-climacool-women-tennis-skirt-white,https://lb.mikesport.com/products/adidas-club-climacool-women-tennis-skirt-white,1,skort,skort,women,women,White,White,in_stock,in_stock,1,0,0,L | M,2,USD,USD,61.0,61.0,61.0,61.0,5490000.0,5490000.0,61.0,61.0,61.0,61.0,5490000.0,5490000.0,,,,,,,,,False,False,1,False,"Club Tennis Climacool Skirt, White","Club Tennis Climacool Skirt, White",https://www.adidas.com.lb/en/adidas-club-tennis-climacool-skirt-white/A7_JN1969_ONE.html,https://www.adidas.com.lb/en/adidas-club-tennis-climacool-skirt-white/A7_JN1969_ONE.html,1,Dresses & Skirts,Dresses & Skirts,women,women,White,White,in_stock,in_stock,1,0,0,XS | S | M,3,LBP,LBP,5490000.0,5490000.0,61.0,61.0,5490000.0,5490000.0,5490000.0,5490000.0,61.0,61.0,5490000.0,5490000.0,,,,,,,,,False,False,Neither retailer currently shows a discount for this style code.
JN2073,exact_style_code,both_in_stock,neither_on_sale,False,,True,men,False,,normalized_compare,False,90000.0,True,0.0,0.0,0.0,0.0,0.0,same_price,tie,True,0.0,neither_discounted,tie,1,False,Adidas Germany 26 Home Men Football Short Black/White,Adidas Germany 26 Home Men Football Short Black/White,https://lb.mikesport.com/products/adidas-germany-26-home-men-football-short-black-white,https://lb.mikesport.com/products/adidas-germany-26-home-men-football-short-black-white,1,short,short,men,men,Black/White,Black/White,in_stock,in_stock,1,0,0,L | M | S | XL,4,USD,USD,67.0,67.0,67.0,67.0,6030000.0,6030000.0,67.0,67.0,67.0,67.0,6030000.0,6030000.0,,,,,,,,,False,False,1,False,"Germany 26 Home Replica Shorts , Black","Germany 26 Home Replica Shorts , Black",https://www.adidas.com.lb/en/adidas-germany-26-home-replica-shorts-black/A7_JN2073_ONE.html,https://www.adidas.com.lb/en/adidas-germany-26-home-replica-shorts-black/A7_JN2073_ONE.html,1,Shorts,Shorts,men,men,Black,Black,in_stock,in_stock,1,0,0,M | L,2,LBP,LBP,6030000.0,6030000.0,67.0,67.0,6030000.0,6030000.0,6030000.0,6030000.0,67.0,67.0,6030000.0,6030000.0,,,,,,,,,False,False,Neither retailer currently shows a discount for this style code.
JN4390,exact_style_code,both_in_stock,neither_on_sale,False,,True,men,False,,normalized_compare,False,90000.0,True,0.0,0.0,0.0,0.0,0.0,same_price,tie,True,0.0,neither_discounted,tie,1,False,Adidas Spain 26 Home Men Football T-Shirt Vivid Red,Adidas Spain 26 Home Men Football T-Shirt Vivid Red,https://lb.mikesport.com/products/adidas-spain-26-home-men-football-t-shirt-vivid-red,https://lb.mikesport.com/products/adidas-spain-26-home-men-football-t-shirt-vivid-red,1,t-shirt,t-shirt,men,men,"s of the Spanish flag, it's designed to make a statement both on and off the pitch. COOL. Dry. Ready. Climacool wicks and disperses sweat for a cool, dry and distraction free performance. The quick drying interlock knit fabric helps you feel comfortable during intense matches, so you can focus on your performance. Its slim fit creates a sleek silhouette that moves with you, while the rib collar adds a classic look. The adidas branding elements and team crest round off the jersey adding to its elegant style. Whether you're cheering from the stands or taking part in a match, express your pride for the Spanish national team with this iconic jersey from adidas that embodies the spirit of soccer. Highlights: Slim fit CLIMACOOL technology 3-Stripes Sewn-on club badge Sewn-on club badge Composition: 100% Recycled Polyester Color: Vivid Red","s of the Spanish flag, it's designed to make a statement both on and off the pitch. COOL. Dry. Ready. Climacool wicks and disperses sweat for a cool, dry and distraction free performance. The quick drying interlock knit fabric helps you feel comfortable during intense matches, so you can focus on your performance. Its slim fit creates a sleek silhouette that moves with you, while the rib collar adds a classic look. The adidas branding elements and team crest round off the jersey adding to its elegant style. Whether you're cheering from the stands or taking part in a match, express your pride for the Spanish national team with this iconic jersey from adidas that embodies the spirit of soccer. Highlights: Slim fit CLIMACOOL technology 3-Stripes Sewn-on club badge Sewn-on club badge Composition: 100% Recycled Polyester Color: Vivid Red",in_stock,in_stock,1,0,0,L | M | S | XL,4,USD,USD,159.0,159.0,159.0,159.0,14310000.0,14310000.0,159.0,159.0,159.0,159.0,14310000.0,14310000.0,,,,,,,,,False,False,1,False,"Spain 26 Home Jersey, Red","Spain 26 Home Jersey, Red",https://www.adidas.com.lb/en/adidas-spain-26-home-jersey-red/A7_JN4390_ONE.html,https://www.adidas.com.lb/en/adidas-spain-26-home-jersey-red/A7_JN4390_ONE.html,1,Jerseys,Jerseys,men,men,Red,Red,in_stock,in_stock,1,0,0,L | 2XL,2,LBP,LBP,14310000.0,14310000.0,159.0,159.0,14310000.0,14310000.0,14310000.0,14310000.0,159.0,159.0,14310000.0,14310000.0,,,,,,,,,False,False,Neither retailer currently shows a discount for this style code.
JN4396,exact_style_code,both_in_stock,neither_on_sale,False,,True,men,False,,normalized_compare,False,90000.0,True,0.0,0.0,0.0,0.0,0.0,same_price,tie,True,0.0,neither_discounted,tie,1,False,Adidas Spain 26 Home Men Football Short Dark Blue,Adidas Spain 26 Home Men Football Short Dark Blue,https://lb.mikesport.com/products/adidas-spain-26-home-men-football-short-dark-blue,https://lb.mikesport.com/products/adidas-spain-26-home-men-football-short-dark-blue,1,short,short,men,men,Dark Blue,Dark Blue,in_stock,in_stock,1,0,0,L | M | S | XL,4,USD,USD,67.0,67.0,67.0,67.0,6030000.0,6030000.0,67.0,67.0,67.0,67.0,6030000.0,6030000.0,,,,,,,,,False,False,1,False,"Spain 26 Home Replica Shorts , Blue","Spain 26 Home Replica Shorts , Blue",https://www.adidas.com.lb/en/adidas-spain-26-home-replica-shorts-blue/A7_JN4396_ONE.html,https://www.adidas.com.lb/en/adidas-spain-26-home-replica-shorts-blue/A7_JN4396_ONE.html,1,Shorts,Shorts,men,men,Blue,Blue,in_stock,in_stock,1,0,0,M | L | XL,3,LBP,LBP,6030000.0,6030000.0,67.0,67.0,6030000.0,6030000.0,6030000.0,6030000.0,67.0,67.0,6030000.0,6030000.0,,,,,,,,,False,False,Neither retailer currently shows a discount for this style code.
JN5237,exact_style_code,both_in_stock,neither_on_sale,False,,True,unisex,False,,normalized_compare,False,90000.0,True,0.0,0.0,0.0,0.0,0.0,same_price,tie,True,0.0,neither_discounted,tie,1,False,Adidas Juventus 25/26 Home Jersey Kids-Unisex Football T-Shirt White/Black,Adidas Juventus 25/26 Home Jersey Kids-Unisex Football T-Shirt White/Black,https://lb.mikesport.com/products/jn5237-juve-h-jsy-y-white-black,https://lb.mikesport.com/products/jn5237-juve-h-jsy-y-white-black,1,t-shirt,t-shirt,unisex,unisex,"s, an embroidered badge flashes your fandom. Highlights: Regular fit AEROREADY Juventus embroidered crest Compos ition: 100% polyester (recycled) Color: White/Black","s, an embroidered badge flashes your fandom. Highlights: Regular fit AEROREADY Juventus embroidered crest Compos ition: 100% polyester (recycled) Color: White/Black",in_stock,in_stock,1,0,0,7-8 Years | 9-10 Years | 11-12 Years,3,USD,USD,117.0,117.0,117.0,117.0,10530000.0,10530000.0,117.0,117.0,117.0,117.0,10530000.0,10530000.0,,,,,,,,,False,False,1,False,"Kids Unisex Juventus 25/26 Home Jersey, White","Kids Unisex Juventus 25/26 Home Jersey, White",https://www.adidas.com.lb/en/adidas-kids-unisex-juventus-25-26-home-jersey-white/A7_JN5237_ONE.html,https://www.adidas.com.lb/en/adidas-kids-unisex-juventus-25-26-home-jersey-white/A7_JN5237_ONE.html,1,Jerseys,Jerseys,unisex,unisex,White,White,in_stock,in_stock,1,0,0,7-8 Yrs | 11-12 Yrs | 13-14 Yrs | 9-10 Yrs | 15-16 Yrs,5,LBP,LBP,10530000.0,10530000.0,117.0,117.0,10530000.0,10530000.0,10530000.0,10530000.0,117.0,117.0,10530000.0,10530000.0,,,,,,,,,False,False,Neither retailer currently shows a discount for this style code.
JN7020,exact_style_code,both_in_stock,both_on_sale,False,,True,men,False,,normalized_compare,False,90000.0,False,8.0,8.0,720000.0,29.63,29.63,adidas_cheaper,adidas_lb,False,-14.81,adidas_higher_discount,adidas_lb,1,False,Adidas Adicolor Classics 3 Stripes Men Original T-Shirt Wonder White,Adidas Adicolor Classics 3 Stripes Men Original T-Shirt Wonder White,https://lb.mikesport.com/products/adidas-adicolor-classics-3-stripes-men-original-t-shirt-wonder-white,https://lb.mikesport.com/products/adidas-adicolor-classics-3-stripes-men-original-t-shirt-wonder-white,1,t-shirt,t-shirt,men,men,Wonder White,Wonder White,in_stock,in_stock,1,0,0,M,1,USD,USD,35.0,35.0,35.0,35.0,3150000.0,3150000.0,54.0,54.0,54.0,54.0,4860000.0,4860000.0,35.0,35.0,35.0,35.0,3150000.0,3150000.0,35.19,35.19,True,True,1,False,"Adicolor Classics 3-Stripes T-Shirt, White","Adicolor Classics 3-Stripes T-Shirt, White",https://www.adidas.com.lb/en/adidas-outlet-adicolor-classics-3-stripes-t-shirt-white/A9_JN7020_ONE.html,https://www.adidas.com.lb/en/adidas-outlet-adicolor-classics-3-stripes-t-shirt-white/A9_JN7020_ONE.html,1,Tops,Tops,men,men,White,White,in_stock,in_stock,1,0,0,XS | S,2,LBP,LBP,2430000.0,2430000.0,27.0,27.0,2430000.0,2430000.0,4860000.0,4860000.0,54.0,54.0,4860000.0,4860000.0,2430000.0,2430000.0,27.0,27.0,2430000.0,2430000.0,50.0,50.0,True,True,
JN8511,exact_style_code,both_in_stock,neither_on_sale,False,,False,,True,Red,normalized_compare,False,90000.0,True,0.0,0.0,0.0,0.0,0.0,same_price,tie,True,0.0,neither_discounted,tie,1,False,Adidas Fc Bayern 25/26 Home Kids-Boys Football Short Red,Adidas Fc Bayern 25/26 Home Kids-Boys Football Short Red,https://lb.mikesport.com/products/adidas-fc-bayern-25-26-home-kids-boys-football-short-red,https://lb.mikesport.com/products/adidas-fc-bayern-25-26-home-kids-boys-football-short-red,1,short,short,boys,boys,Red,Red,in_stock,in_stock,1,0,0,9-10 Years,1,USD,USD,61.0,61.0,61.0,61.0,5490000.0,5490000.0,61.0,61.0,61.0,61.0,5490000.0,5490000.0,,,,,,,,,False,False,1,False,"Kids Unisex FC Bayern 25/26 Home Shorts, Red","Kids Unisex FC Bayern 25/26 Home Shorts, Red",https://www.adidas.com.lb/en/adidas-kids-unisex-fc-bayern-25-26-home-shorts-red/A7_JN8511_ONE.html,https://www.adidas.com.lb/en/adidas-kids-unisex-fc-bayern-25-26-home-shorts-red/A7_JN8511_ONE.html,1,Shorts,Shorts,unisex,unisex,Red,Red,in_stock,in_stock,1,0,0,7-8 Yrs | 11-12 Yrs | 9-10 Yrs,3,LBP,LBP,5490000.0,5490000.0,61.0,61.0,5490000.0,5490000.0,5490000.0,5490000.0,61.0,61.0,5490000.0,5490000.0,,,,,,,,,False,False,Neither retailer currently shows a discount for this style code.
JN8525,exact_style_code,both_in_stock,neither_on_sale,False,,True,unisex,False,,normalized_compare,False,90000.0,False,1.0,1.0,90000.0,0.9,0.9,adidas_cheaper,adidas_lb,True,0.0,neither_discounted,tie,1,False,Adidas Fc Bayern 25/26 Home Jersey Kids-Unisex Football T-Shirt Red,Adidas Fc Bayern 25/26 Home Jersey Kids-Unisex Football T-Shirt Red,https://lb.mikesport.com/products/adidas-fc-bayern-25-26-home-jersey-kids-unisex-football-t-shirt-red,https://lb.mikesport.com/products/adidas-fc-bayern-25-26-home-jersey-kids-unisex-football-t-shirt-red,1,t-shirt,t-shirt,unisex,unisex,"s. Shorthand for ""Munich"", it hides in plain sight thanks to that glitched design. Created to keep fans comfortable and proud, this shirt features moisture-managing AEROREADY and an embroidered club badge. Highlights: Regular fit Crewneck AEROREADY FC Bayern embroidered crest Composition: 100% polyester (recycled) Color: Red","s. Shorthand for ""Munich"", it hides in plain sight thanks to that glitched design. Created to keep fans comfortable and proud, this shirt features moisture-managing AEROREADY and an embroidered club badge. Highlights: Regular fit Crewneck AEROREADY FC Bayern embroidered crest Composition: 100% polyester (recycled) Color: Red",in_stock,in_stock,1,0,0,7-8 Years | 9-10 Years | 11-12 Years | 13-14 Years,4,USD,USD,112.0,112.0,112.0,112.0,10080000.0,10080000.0,112.0,112.0,112.0,112.0,10080000.0,10080000.0,,,,,,,,,False,False,1,False,"Kids Unisex FC Bayern 25/26 Home Jersey, Red","Kids Unisex FC Bayern 25/26 Home Jersey, Red",https://www.adidas.com.lb/en/adidas-kids-unisex-fc-bayern-25-26-home-jersey-red/A7_JN8525_ONE.html,https://www.adidas.com.lb/en/adidas-kids-unisex-fc-bayern-25-26-home-jersey-red/A7_JN8525_ONE.html,1,Jerseys,Jerseys,unisex,unisex,Red,Red,in_stock,in_stock,1,0,0,7-8 Yrs | 11-12 Yrs | 9-10 Yrs,3,LBP,LBP,9990000.0,9990000.0,111.0,111.0,9990000.0,9990000.0,9990000.0,9990000.0,111.0,111.0,9990000.0,9990000.0,,,,,,,,,False,False,Neither retailer currently shows a discount for this style code.
JN8878,exact_style_code,both_in_stock,neither_on_sale,False,,True,unisex,True,White,normalized_compare,False,90000.0,True,0.0,0.0,0.0,0.0,0.0,same_price,tie,True,0.0,neither_discounted,tie,1,False,Adidas Real Madrid 25/26 Home Kids-Unisex Football Short White,Adidas Real Madrid 25/26 Home Kids-Unisex Football Short White,https://lb.mikesport.com/products/jn8878-real-h-sho-y-white,https://lb.mikesport.com/products/jn8878-real-h-sho-y-white,1,short,short,unisex,unisex,White,White,in_stock,in_stock,1,0,0,7-8 Years | 9-10 Years,2,USD,USD,61.0,61.0,61.0,61.0,5490000.0,5490000.0,61.0,61.0,61.0,61.0,5490000.0,5490000.0,,,,,,,,,False,False,1,False,"Kids Unisex Real Madrid 25/26 Home Shorts, White","Kids Unisex Real Madrid 25/26 Home Shorts, White",https://www.adidas.com.lb/en/adidas-kids-unisex-real-madrid-25-26-home-shorts-white/A7_JN8878_ONE.html,https://www.adidas.com.lb/en/adidas-kids-unisex-real-madrid-25-26-home-shorts-white/A7_JN8878_ONE.html,1,Shorts,Shorts,unisex,unisex,White,White,in_stock,in_stock,1,0,0,7-8 Yrs | 9-10 Yrs,2,LBP,LBP,5490000.0,5490000.0,61.0,61.0,5490000.0,5490000.0,5490000.0,5490000.0,61.0,61.0,5490000.0,5490000.0,,,,,,,,,False,False,Neither retailer currently shows a discount for this style code.
JN8887,exact_style_code,both_in_stock,neither_on_sale,False,,True,unisex,False,,normalized_compare,False,90000.0,True,0.0,0.0,0.0,0.0,0.0,same_price,tie,True,0.0,neither_discounted,tie,1,False,Adidas Real Madrid 25/26 Home Jersey Kids-Unisex Football T-Shirt White,Adidas Real Madrid 25/26 Home Jersey Kids-Unisex Football T-Shirt White,https://lb.mikesport.com/products/jn8887-real-h-jsy-y-white,https://lb.mikesport.com/products/jn8887-real-h-jsy-y-white,1,t-shirt,t-shirt,unisex,unisex,"s borrowed from its long and storied history. Created to be worn at the legendary stadium in the 25/26 season, it fields moisture-managing AEROREADY for comfortable support and an embroidered club crest for unmatched pride. Highlights: Regular fit Crewneck AEROREADY Real Madrid embroidered crest Compos ition: 100% polyester (recycled) Color: White","s borrowed from its long and storied history. Created to be worn at the legendary stadium in the 25/26 season, it fields moisture-managing AEROREADY for comfortable support and an embroidered club crest for unmatched pride. Highlights: Regular fit Crewneck AEROREADY Real Madrid embroidered crest Compos ition: 100% polyester (recycled) Color: White",in_stock,in_stock,1,0,0,7-8 Years | 9-10 Years | 11-12 Years,3,USD,USD,117.0,117.0,117.0,117.0,10530000.0,10530000.0,117.0,117.0,117.0,117.0,10530000.0,10530000.0,,,,,,,,,False,False,1,False,"Kids Unisex Real Madrid 25/26 Home Jersey, White","Kids Unisex Real Madrid 25/26 Home Jersey, White",https://www.adidas.com.lb/en/adidas-kids-unisex-real-madrid-25-26-home-jersey-white/A7_JN8887_ONE.html,https://www.adidas.com.lb/en/adidas-kids-unisex-real-madrid-25-26-home-jersey-white/A7_JN8887_ONE.html,1,Jerseys,Jerseys,unisex,unisex,White,White,in_stock,in_stock,1,0,0,7-8 Yrs | 11-12 Yrs | 13-14 Yrs | 9-10 Yrs | 15-16 Yrs,5,LBP,LBP,10530000.0,10530000.0,117.0,117.0,10530000.0,10530000.0,10530000.0,10530000.0,117.0,117.0,10530000.0,10530000.0,,,,,,,,,False,False,Neither retailer currently shows a discount for this style code.
JP0392,exact_style_code,both_in_stock,neither_on_sale,False,,True,unisex,False,,normalized_compare,False,90000.0,False,1.0,1.0,90000.0,3.57,3.57,adidas_cheaper,adidas_lb,True,0.0,neither_discounted,tie,1,False,Adidas New Logo Baseball Unisex Training Cap White/Black,Adidas New Logo Baseball Unisex Training Cap White/Black,https://lb.mikesport.com/products/adidas-new-logo-baseball-unisex-training-cap-white-black,https://lb.mikesport.com/products/adidas-new-logo-baseball-unisex-training-cap-white-black,1,cap,cap,unisex,unisex,White/Black,White/Black,in_stock,in_stock,1,0,0,,0,USD,USD,29.0,29.0,29.0,29.0,2610000.0,2610000.0,29.0,29.0,29.0,29.0,2610000.0,2610000.0,,,,,,,,,False,False,1,False,"Unisex New Logo Baseball Cap, White","Unisex New Logo Baseball Cap, White",https://www.adidas.com.lb/en/adidas-unisex-new-logo-baseball-cap-white/A7_JP0392_ONE.html,https://www.adidas.com.lb/en/adidas-unisex-new-logo-baseball-cap-white/A7_JP0392_ONE.html,1,Caps,Caps,unisex,unisex,White,White,in_stock,in_stock,1,0,0,One-Size,1,LBP,LBP,2520000.0,2520000.0,28.0,28.0,2520000.0,2520000.0,2520000.0,2520000.0,28.0,28.0,2520000.0,2520000.0,,,,,,,,,False,False,Neither retailer currently shows a discount for this style code.
JP2644,exact_style_code,both_in_stock,neither_on_sale,False,,True,women,True,Black,normalized_compare,False,90000.0,True,0.0,0.0,0.0,0.0,0.0,same_price,tie,True,0.0,neither_discounted,tie,1,False,Adidas D4T Knit Women Training Pant Black,Adidas D4T Knit Women Training Pant Black,https://lb.mikesport.com/products/adidas-d4t-knit-women-training-pant-black,https://lb.mikesport.com/products/adidas-d4t-knit-women-training-pant-black,1,pant,pant,women,women,Black,Black,in_stock,in_stock,1,0,0,L,1,USD,USD,105.0,105.0,105.0,105.0,9450000.0,9450000.0,105.0,105.0,105.0,105.0,9450000.0,9450000.0,,,,,,,,,False,False,1,False,"Designed For Training Warm-Up Joggers, Black","Designed For Training Warm-Up Joggers, Black",https://www.adidas.com.lb/en/adidas-designed-for-training-warm-up-joggers-black/A7_JP2644_ONE.html,https://www.adidas.com.lb/en/adidas-designed-for-training-warm-up-joggers-black/A7_JP2644_ONE.html,1,Joggers & Trousers,Joggers & Trousers,women,women,Black,Black,in_stock,in_stock,1,0,0,XS | S | M | L,4,LBP,LBP,9450000.0,9450000.0,105.0,105.0,9450000.0,9450000.0,9450000.0,9450000.0,105.0,105.0,9450000.0,9450000.0,,,,,,,,,False,False,Neither retailer currently shows a discount for this style code.
JP3013,exact_style_code,both_in_stock,neither_on_sale,False,,False,,False,,normalized_compare,False,90000.0,True,0.0,0.0,0.0,0.0,0.0,same_price,tie,True,0.0,neither_discounted,tie,1,False,Adidas Manchester United 25/26 Home Jersey Kids-Boys Football T-Shirt Mufc Red,Adidas Manchester United 25/26 Home Jersey Kids-Boys Football T-Shirt Mufc Red,https://lb.mikesport.com/products/adidas-manchester-united-25-26-home-jersey-kids-boys-football-t-shirt-mufc-red,https://lb.mikesport.com/products/adidas-manchester-united-25-26-home-jersey-kids-boys-football-t-shirt-mufc-red,1,t-shirt,t-shirt,boys,boys,Mufc Red,Mufc Red,in_stock,in_stock,1,0,0,7-8 Years | 9-10 Years | 11-12 Years,3,USD,USD,117.0,117.0,117.0,117.0,10530000.0,10530000.0,117.0,117.0,117.0,117.0,10530000.0,10530000.0,,,,,,,,,False,False,1,False,"Kids Unisex Manchester United 25/26 Home Jersey, Red","Kids Unisex Manchester United 25/26 Home Jersey, Red",https://www.adidas.com.lb/en/adidas-kids-unisex-manchester-united-25-26-home-jersey-red/A7_JP3013_ONE.html,https://www.adidas.com.lb/en/adidas-kids-unisex-manchester-united-25-26-home-jersey-red/A7_JP3013_ONE.html,1,Jerseys,Jerseys,unisex,unisex,Red,Red,in_stock,in_stock,1,0,0,7-8 Yrs | 11-12 Yrs | 13-14 Yrs | 9-10 Yrs | 15-16 Yrs,5,LBP,LBP,10530000.0,10530000.0,117.0,117.0,10530000.0,10530000.0,10530000.0,10530000.0,117.0,117.0,10530000.0,10530000.0,,,,,,,,,False,False,Neither retailer currently shows a discount for this style code.
JP5957,exact_style_code,both_in_stock,neither_on_sale,False,,True,women,False,,normalized_compare,False,90000.0,True,0.0,0.0,0.0,0.0,0.0,same_price,tie,True,0.0,neither_discounted,tie,1,False,Adidas Barreda Women Sportswear Shoes Core White/Aluminium,Adidas Barreda Women Sportswear Shoes Core White/Aluminium,https://lb.mikesport.com/products/adidas-barreda-women-sportswear-shoes-core-white-aluminium,https://lb.mikesport.com/products/adidas-barreda-women-sportswear-shoes-core-white-aluminium,1,shoes,shoes,women,women,White/Aluminium,White/Aluminium,in_stock,in_stock,1,0,0,36 2/3 EU | 37 1/3 EU | 38 EU | 38 2/3 EU | 39 1/3 EU | 40 EU | 40 2/3 EU | 41 1/3 EU,8,USD,USD,105.0,105.0,105.0,105.0,9450000.0,9450000.0,105.0,105.0,105.0,105.0,9450000.0,9450000.0,,,,,,,,,False,False,1,False,"Barreda Shoes, White","Barreda Shoes, White",https://www.adidas.com.lb/en/adidas-barreda-shoes-white/A7_JP5957_ONE.html,https://www.adidas.com.lb/en/adidas-barreda-shoes-white/A7_JP5957_ONE.html,1,Training,Training,women,women,White,White,in_stock,in_stock,1,0,0,36 2/3 | 37 1/3 | 38 | 38 2/3 | 39 1/3 | 40 | 40 2/3 | 41 1/3,8,LBP,LBP,9450000.0,9450000.0,105.0,105.0,9450000.0,9450000.0,9450000.0,9450000.0,105.0,105.0,9450000.0,9450000.0,,,,,,,,,False,False,Neither retailer currently shows a discount for this style code.
JP6162,exact_style_code,both_in_stock,both_on_sale,True,Shoes,False,,False,,normalized_compare,False,90000.0,False,3.0,3.0,270000.0,6.82,6.82,adidas_cheaper,adidas_lb,False,-4.48,adidas_higher_discount,adidas_lb,1,False,Adidas Advantage 2.0 Dino Ps-Boys Sportswear Shoes Off White,Adidas Advantage 2.0 Dino Ps-Boys Sportswear Shoes Off White,https://lb.mikesport.com/products/adidas-advantage-2-0-dino-ps-boys-sportswear-shoes-off-white,https://lb.mikesport.com/products/adidas-advantage-2-0-dino-ps-boys-sportswear-shoes-off-white,1,shoes,shoes,boys,boys,Off White/Bright Royal/Semi Lucid Red,Off White/Bright Royal/Semi Lucid Red,in_stock,in_stock,1,0,0,32 EU | 34 EU,2,USD,USD,47.0,47.0,47.0,47.0,4230000.0,4230000.0,67.0,67.0,67.0,67.0,6030000.0,6030000.0,47.0,47.0,47.0,47.0,4230000.0,4230000.0,29.85,29.85,True,True,1,False,"Kids Unisex Advantage 2.0 Dino Shoes, White","Kids Unisex Advantage 2.0 Dino Shoes, White",https://www.adidas.com.lb/en/adidas-outlet-kids-unisex-advantage-2.0-dino-shoes-white/A9_JP6162_ONE.html,https://www.adidas.com.lb/en/adidas-outlet-kids-unisex-advantage-2.0-dino-shoes-white/A9_JP6162_ONE.html,1,Shoes,Shoes,unisex,unisex,White,White,in_stock,in_stock,1,0,0,28 | 31 | 32 | 33 | 34 | 35,6,LBP,LBP,3960000.0,3960000.0,44.0,44.0,3960000.0,3960000.0,6030000.0,6030000.0,67.0,67.0,6030000.0,6030000.0,3960000.0,3960000.0,44.0,44.0,3960000.0,3960000.0,34.33,34.33,True,True,
JP7129,exact_style_code,both_in_stock,neither_on_sale,False,,False,,False,,normalized_compare,False,90000.0,False,1.0,1.0,90000.0,1.14,1.14,adidas_cheaper,adidas_lb,True,0.0,neither_discounted,tie,1,False,Adidas Gazelle Ps-Boys Originals Shoes Blue/Orange/Black,Adidas Gazelle Ps-Boys Originals Shoes Blue/Orange/Black,https://lb.mikesport.com/products/adidas-gazelle-ps-boys-originals-shoes-blue-orange-black,https://lb.mikesport.com/products/adidas-gazelle-ps-boys-originals-shoes-blue-orange-black,1,shoes,shoes,boys,boys,s finish off the retro style. Highlights: Regular fit Lace closure Composition: Pigskin suede upper Synthetic lining OrthoLite® sockliner Rubber cupsole Gum rubber outsole Color: Focus Blue/Solar Orange/Core Black,s finish off the retro style. Highlights: Regular fit Lace closure Composition: Pigskin suede upper Synthetic lining OrthoLite® sockliner Rubber cupsole Gum rubber outsole Color: Focus Blue/Solar Orange/Core Black,in_stock,in_stock,1,0,0,33 EU | 29 EU | 31 EU | 32 EU | 34 EU | 35 EU,6,USD,USD,89.0,89.0,89.0,89.0,8010000.0,8010000.0,89.0,89.0,89.0,89.0,8010000.0,8010000.0,,,,,,,,,False,False,1,False,"Kids Unisex Gazelle Shoes, Blue","Kids Unisex Gazelle Shoes, Blue",https://www.adidas.com.lb/en/adidas-kids-unisex-gazelle-shoes-blue/A7_JP7129_ONE.html,https://www.adidas.com.lb/en/adidas-kids-unisex-gazelle-shoes-blue/A7_JP7129_ONE.html,1,Originals,Originals,unisex,unisex,Blue,Blue,in_stock,in_stock,1,0,0,28 | 30 | 31 | 32 | 33 | 35,6,LBP,LBP,7920000.0,7920000.0,88.0,88.0,7920000.0,7920000.0,7920000.0,7920000.0,88.0,88.0,7920000.0,7920000.0,,,,,,,,,False,False,Neither retailer currently shows a discount for this style code.
JP7134,exact_style_code,both_in_stock,neither_on_sale,False,,False,,False,,normalized_compare,False,90000.0,True,0.0,0.0,0.0,0.0,0.0,same_price,tie,True,0.0,neither_discounted,tie,1,False,Adidas Gazelle Comfort Infant-Boys Original Shoes Blue/Orange,Adidas Gazelle Comfort Infant-Boys Original Shoes Blue/Orange,https://lb.mikesport.com/products/adidas-gazelle-comfort-infant-boys-original-shoes-blue-orange,https://lb.mikesport.com/products/adidas-gazelle-comfort-infant-boys-original-shoes-blue-orange,1,shoes,shoes,boys,boys,Blue/Orange,Blue/Orange,in_stock,in_stock,1,0,0,24 EU,1,USD,USD,80.0,80.0,80.0,80.0,7200000.0,7200000.0,80.0,80.0,80.0,80.0,7200000.0,7200000.0,,,,,,,,,False,False,1,False,"Unisex Kids Gazelle Comfort Closure Elastic Laces Shoes, Blue","Unisex Kids Gazelle Comfort Closure Elastic Laces Shoes, Blue",https://www.adidas.com.lb/en/adidas-unisex-kids-gazelle-comfort-closure-elastic-laces-shoes-blue/A7_JP7134_ONE.html,https://www.adidas.com.lb/en/adidas-unisex-kids-gazelle-comfort-closure-elastic-laces-shoes-blue/A7_JP7134_ONE.html,1,Originals,Originals,kids,kids,Blue,Blue,in_stock,in_stock,1,0,0,21 | 26 | 27,3,LBP,LBP,7200000.0,7200000.0,80.0,80.0,7200000.0,7200000.0,7200000.0,7200000.0,80.0,80.0,7200000.0,7200000.0,,,,,,,,,False,False,Neither retailer currently shows a discount for this style code.
JP7147,exact_style_code,both_in_stock,neither_on_sale,False,,True,women,False,,normalized_compare,False,90000.0,False,1.0,1.0,90000.0,0.45,0.45,adidas_cheaper,adidas_lb,True,0.0,neither_discounted,tie,1,False,Adidas Adizero Evo Sl Women Running Shoes Black/Iron Metallic,Adidas Adizero Evo Sl Women Running Shoes Black/Iron Metallic,https://lb.mikesport.com/products/adidas-adizero-evo-sl-women-running-shoes-black-iron-metallic,https://lb.mikesport.com/products/adidas-adizero-evo-sl-women-running-shoes-black-iron-metallic,1,shoes,shoes,women,women,Core Black/Iron Metallic,Core Black/Iron Metallic,in_stock,in_stock,1,0,0,36 EU | 36 2/3 EU | 38 EU | 39 1/3 EU | 40 2/3 EU | 41 1/3 EU,6,USD,USD,223.0,223.0,223.0,223.0,20070000.0,20070000.0,223.0,223.0,223.0,223.0,20070000.0,20070000.0,,,,,,,,,False,False,1,False,"Adizero EVO SL Shoes, Black","Adizero EVO SL Shoes, Black",https://www.adidas.com.lb/en/adidas-adizero-evo-sl-shoes-black/A7_JP7147_ONE.html,https://www.adidas.com.lb/en/adidas-adizero-evo-sl-shoes-black/A7_JP7147_ONE.html,1,Running,Running,women,women,Black,Black,in_stock,in_stock,1,0,0,36 | 36 2/3 | 37 1/3 | 38 | 38 2/3 | 39 1/3 | 40 | 40 2/3 | 41 1/3,9,LBP,LBP,19980000.0,19980000.0,222.0,222.0,19980000.0,19980000.0,19980000.0,19980000.0,222.0,222.0,19980000.0,19980000.0,,,,,,,,,False,False,Neither retailer currently shows a discount for this style code.
JP7149,exact_style_code,both_in_stock,neither_on_sale,False,,True,men,False,,normalized_compare,False,90000.0,False,1.0,1.0,90000.0,0.45,0.45,adidas_cheaper,adidas_lb,True,0.0,neither_discounted,tie,1,False,Adidas Adizero Evo Sl Men Running Shoes Core Black/White,Adidas Adizero Evo Sl Men Running Shoes Core Black/White,https://lb.mikesport.com/products/adidas-adizero-evo-sl-men-running-shoes-core-black-white,https://lb.mikesport.com/products/adidas-adizero-evo-sl-men-running-shoes-core-black-white,1,shoes,shoes,men,men,Core Black/Cloud White,Core Black/Cloud White,in_stock,in_stock,1,0,0,42 2/3 EU | 44 EU,2,USD,USD,223.0,223.0,223.0,223.0,20070000.0,20070000.0,223.0,223.0,223.0,223.0,20070000.0,20070000.0,,,,,,,,,False,False,1,False,"Adizero EVO SL Shoes, Black","Adizero EVO SL Shoes, Black",https://www.adidas.com.lb/en/adidas-adizero-evo-sl-shoes-black/A7_JP7149_ONE.html,https://www.adidas.com.lb/en/adidas-adizero-evo-sl-shoes-black/A7_JP7149_ONE.html,1,Running,Running,men,men,Black,Black,in_stock,in_stock,1,0,0,40 | 41 1/3 | 42 | 42 2/3 | 43 1/3 | 44 | 44 2/3 | 45 1/3 | 46 | 46 2/3 | 47 1/3 | 48,12,LBP,LBP,19980000.0,19980000.0,222.0,222.0,19980000.0,19980000.0,19980000.0,19980000.0,222.0,222.0,19980000.0,19980000.0,,,,,,,,,False,False,Neither retailer currently shows a discount for this style code.
JP7536,exact_style_code,both_in_stock,neither_on_sale,False,,True,men,False,,normalized_compare,False,90000.0,True,0.0,0.0,0.0,0.0,0.0,same_price,tie,True,0.0,neither_discounted,tie,1,False,Adidas Vl Court 3.0 Men Sportswear Shoes Earth Strata,Adidas Vl Court 3.0 Men Sportswear Shoes Earth Strata,https://lb.mikesport.com/products/adidas-vl-court-3-0-men-sportswear-shoes-earth-strata,https://lb.mikesport.com/products/adidas-vl-court-3-0-men-sportswear-shoes-earth-strata,1,shoes,shoes,men,men,Earth Strata / Cloud White / Gold Metallic,Earth Strata / Cloud White / Gold Metallic,in_stock,in_stock,1,0,0,44 2/3 EU | 45 1/3 EU | 46 EU | 41 1/3 EU | 42 EU | 42 2/3 EU | 43 1/3 EU | 44 EU,8,USD,USD,105.0,105.0,105.0,105.0,9450000.0,9450000.0,105.0,105.0,105.0,105.0,9450000.0,9450000.0,,,,,,,,,False,False,1,False,"VL Court 3.0 Shoes, Brown","VL Court 3.0 Shoes, Brown",https://www.adidas.com.lb/en/adidas-vl-court-3.0-shoes-brown/A7_JP7536_ONE.html,https://www.adidas.com.lb/en/adidas-vl-court-3.0-shoes-brown/A7_JP7536_ONE.html,1,Training,Training,men,men,Brown,Brown,in_stock,in_stock,1,0,0,36 2/3 | 37 1/3 | 38 | 38 2/3 | 39 1/3 | 42 2/3 | 43 1/3,7,LBP,LBP,9450000.0,9450000.0,105.0,105.0,9450000.0,9450000.0,9450000.0,9450000.0,105.0,105.0,9450000.0,9450000.0,,,,,,,,,False,False,Neither retailer currently shows a discount for this style code.
JP9402,exact_style_code,both_in_stock,neither_on_sale,False,,False,,False,,normalized_compare,False,90000.0,True,0.0,0.0,0.0,0.0,0.0,same_price,tie,True,0.0,neither_discounted,tie,1,False,Adidas Runfalcon 5 Ps-Girls Sportswear Shoes Pink,Adidas Runfalcon 5 Ps-Girls Sportswear Shoes Pink,https://lb.mikesport.com/products/adidas-runfalcon-5-ps-girls-sportswear-shoes-pink,https://lb.mikesport.com/products/adidas-runfalcon-5-ps-girls-sportswear-shoes-pink,1,shoes,shoes,girls,girls,Clear Pink/Bliss Pink,Clear Pink/Bliss Pink,in_stock,in_stock,1,0,0,33 EU | 28 EU | 29 EU | 31 EU | 32 EU | 34 EU | 35 EU,7,USD,USD,63.0,63.0,63.0,63.0,5670000.0,5670000.0,63.0,63.0,63.0,63.0,5670000.0,5670000.0,,,,,,,,,False,False,1,False,"Kids Unisex Runfalcon 5 Shoes, Pink","Kids Unisex Runfalcon 5 Shoes, Pink",https://www.adidas.com.lb/en/adidas-kids-unisex-runfalcon-5-shoes-pink/A7_JP9402_ONE.html,https://www.adidas.com.lb/en/adidas-kids-unisex-runfalcon-5-shoes-pink/A7_JP9402_ONE.html,1,Training,Training,unisex,unisex,Pink,Pink,in_stock,in_stock,1,0,0,28 | 29 | 31 | 32 | 33 | 34 | 35,7,LBP,LBP,5670000.0,5670000.0,63.0,63.0,5670000.0,5670000.0,5670000.0,5670000.0,63.0,63.0,5670000.0,5670000.0,,,,,,,,,False,False,Neither retailer currently shows a discount for this style code.
JP9407,exact_style_code,both_in_stock,neither_on_sale,False,,False,,False,,normalized_compare,False,90000.0,False,1.0,1.0,90000.0,1.79,1.79,adidas_cheaper,adidas_lb,True,0.0,neither_discounted,tie,1,False,Adidas Runfalcon 5 Infant-Girls Sportswear Shoes Pink,Adidas Runfalcon 5 Infant-Girls Sportswear Shoes Pink,https://lb.mikesport.com/products/adidas-runfalcon-5-infant-girls-sportswear-shoes-pink,https://lb.mikesport.com/products/adidas-runfalcon-5-infant-girls-sportswear-shoes-pink,1,shoes,shoes,girls,girls,Clear Pink/Bliss Pink,Clear Pink/Bliss Pink,in_stock,in_stock,1,0,0,22 EU | 21 EU | 23 EU | 25 EU | 24 EU | 26 EU | 27 EU,7,USD,USD,57.0,57.0,57.0,57.0,5130000.0,5130000.0,57.0,57.0,57.0,57.0,5130000.0,5130000.0,,,,,,,,,False,False,1,False,"Kids Unisex Runfalcon 5 Shoes, Pink","Kids Unisex Runfalcon 5 Shoes, Pink",https://www.adidas.com.lb/en/adidas-kids-unisex-runfalcon-5-shoes-pink/A7_JP9407_ONE.html,https://www.adidas.com.lb/en/adidas-kids-unisex-runfalcon-5-shoes-pink/A7_JP9407_ONE.html,1,Training,Training,unisex,unisex,Pink,Pink,in_stock,in_stock,1,0,0,23 | 24 | 25 | 26 | 27,5,LBP,LBP,5040000.0,5040000.0,56.0,56.0,5040000.0,5040000.0,5040000.0,5040000.0,56.0,56.0,5040000.0,5040000.0,,,,,,,,,False,False,Neither retailer currently shows a discount for this style code.
JQ0944,exact_style_code,both_in_stock,neither_on_sale,False,,False,,False,,normalized_compare,False,90000.0,True,0.0,0.0,0.0,0.0,0.0,same_price,tie,True,0.0,neither_discounted,tie,1,False,Adidas F50 Messi League Tf Kids Football Shoes Cloud White/Pink,Adidas F50 Messi League Tf Kids Football Shoes Cloud White/Pink,https://lb.mikesport.com/products/adidas-f50-messi-league-tf-kids-football-shoes-cloud-white-pink,https://lb.mikesport.com/products/adidas-f50-messi-league-tf-kids-football-shoes-cloud-white-pink,1,shoes,shoes,kids,kids,Cloud White/Lucid Pink,Cloud White/Lucid Pink,in_stock,in_stock,1,0,0,33 EU | 28 EU | 30 EU | 29 EU | 31 EU | 32 EU | 35 EU | 35 1/2 EU | 36 EU | 36 2/3 EU | 37 1/3 EU | 38 EU | 38 2/3 EU,13,USD,USD,117.0,117.0,117.0,117.0,10530000.0,10530000.0,117.0,117.0,117.0,117.0,10530000.0,10530000.0,,,,,,,,,False,False,1,False,"Kids Unisex F50 MESSI LEAGUE Turf Football Shoes, White","Kids Unisex F50 MESSI LEAGUE Turf Football Shoes, White",https://www.adidas.com.lb/en/adidas-kids-unisex-f50-messi-league-turf-football-shoes-white/A7_JQ0944_ONE.html,https://www.adidas.com.lb/en/adidas-kids-unisex-f50-messi-league-turf-football-shoes-white/A7_JQ0944_ONE.html,1,Football,Football,unisex,unisex,White,White,in_stock,in_stock,1,0,0,28 | 29 | 30 | 31 | 32 | 33 | 34 | 35 | 36 | 36 2/3 | 37 1/3 | 38 | 38 2/3,13,LBP,LBP,10530000.0,10530000.0,117.0,117.0,10530000.0,10530000.0,10530000.0,10530000.0,117.0,117.0,10530000.0,10530000.0,,,,,,,,,False,False,Neither retailer currently shows a discount for this style code.
JQ1448,exact_style_code,both_in_stock,neither_on_sale,False,,True,women,False,,normalized_compare,False,90000.0,True,0.0,0.0,0.0,0.0,0.0,same_price,tie,True,0.0,neither_discounted,tie,1,False,Adidas Dropset Control Women Training Shoes Core Black,Adidas Dropset Control Women Training Shoes Core Black,https://lb.mikesport.com/products/adidas-dropset-control-women-training-shoes-core-black,https://lb.mikesport.com/products/adidas-dropset-control-women-training-shoes-core-black,1,shoes,shoes,women,women,Core Black / Iron Metallic / Silver Metallic,Core Black / Iron Metallic / Silver Metallic,in_stock,in_stock,1,0,0,36 2/3 EU | 37 1/3 EU | 38 EU | 38 2/3 EU | 39 1/3 EU | 40 EU | 40 2/3 EU | 41 1/3 EU,8,USD,USD,135.0,135.0,135.0,135.0,12150000.0,12150000.0,135.0,135.0,135.0,135.0,12150000.0,12150000.0,,,,,,,,,False,False,1,False,"Dropset Control Training Shoes, Black","Dropset Control Training Shoes, Black",https://www.adidas.com.lb/en/adidas-dropset-control-training-shoes-black/A7_JQ1448_ONE.html,https://www.adidas.com.lb/en/adidas-dropset-control-training-shoes-black/A7_JQ1448_ONE.html,1,Training,Training,women,women,Black,Black,in_stock,in_stock,1,0,0,36 2/3 | 37 1/3 | 38 | 38 2/3 | 39 1/3 | 40 | 40 2/3,7,LBP,LBP,12150000.0,12150000.0,135.0,135.0,12150000.0,12150000.0,12150000.0,12150000.0,135.0,135.0,12150000.0,12150000.0,,,,,,,,,False,False,Neither retailer currently shows a discount for this style code.
JQ1844,exact_style_code,both_in_stock,neither_on_sale,True,Shoes,False,,False,,normalized_compare,False,90000.0,False,1.0,1.0,90000.0,1.79,1.79,adidas_cheaper,adidas_lb,True,0.0,neither_discounted,tie,1,False,Adidas Tensaur Sport 3.0 Cf Ps-Girls Sportswear Shoes Cloud White,Adidas Tensaur Sport 3.0 Cf Ps-Girls Sportswear Shoes Cloud White,https://lb.mikesport.com/products/adidas-tensaur-sport-3-0-cf-ps-girls-sportswear-shoes-cloud-white,https://lb.mikesport.com/products/adidas-tensaur-sport-3-0-cf-ps-girls-sportswear-shoes-cloud-white,1,shoes,shoes,girls,girls,Cloud White / Bliss Pink / Grey Two,Cloud White / Bliss Pink / Grey Two,in_stock,in_stock,1,0,0,33 EU | 28 EU | 30 EU | 29 EU | 31 EU | 32 EU | 34 EU | 35 EU,8,USD,USD,57.0,57.0,57.0,57.0,5130000.0,5130000.0,57.0,57.0,57.0,57.0,5130000.0,5130000.0,,,,,,,,,False,False,1,False,"Kids Unisex Tensaur Sport 3.0 Cf K Shoes, White","Kids Unisex Tensaur Sport 3.0 Cf K Shoes, White",https://www.adidas.com.lb/en/adidas-kids-unisex-tensaur-sport-3.0-cf-k-shoes-white/A7_JQ1844_ONE.html,https://www.adidas.com.lb/en/adidas-kids-unisex-tensaur-sport-3.0-cf-k-shoes-white/A7_JQ1844_ONE.html,1,Shoes,Shoes,unisex,unisex,White,White,in_stock,in_stock,1,0,0,35 | 36 | 37 1/3 | 38 | 38 2/3 | 39 1/3,6,LBP,LBP,5040000.0,5040000.0,56.0,56.0,5040000.0,5040000.0,5040000.0,5040000.0,56.0,56.0,5040000.0,5040000.0,,,,,,,,,False,False,Neither retailer currently shows a discount for this style code.
JQ1853,exact_style_code,both_in_stock,neither_on_sale,False,,False,,False,,normalized_compare,False,90000.0,True,0.0,0.0,0.0,0.0,0.0,same_price,tie,True,0.0,neither_discounted,tie,1,False,Adidas Tensaur Sport 3.0 Infant-Girls Sportswear Shoes Cloud White,Adidas Tensaur Sport 3.0 Infant-Girls Sportswear Shoes Cloud White,https://lb.mikesport.com/products/adidas-tensaur-sport-3-0-infant-girls-sportswear-shoes-cloud-white,https://lb.mikesport.com/products/adidas-tensaur-sport-3-0-infant-girls-sportswear-shoes-cloud-white,1,shoes,shoes,girls,girls,Cloud White / Bliss Pink / Grey Two,Cloud White / Bliss Pink / Grey Two,in_stock,in_stock,1,0,0,22 EU | 21 EU | 23 EU | 25 EU | 24 EU | 26 EU | 27 EU,7,USD,USD,54.0,54.0,54.0,54.0,4860000.0,4860000.0,54.0,54.0,54.0,54.0,4860000.0,4860000.0,,,,,,,,,False,False,1,False,"Kids Unisex Tensaur Sport 3.0 Shoes, White","Kids Unisex Tensaur Sport 3.0 Shoes, White",https://www.adidas.com.lb/en/adidas-kids-unisex-tensaur-sport-3.0-shoes-white/A7_JQ1853_ONE.html,https://www.adidas.com.lb/en/adidas-kids-unisex-tensaur-sport-3.0-shoes-white/A7_JQ1853_ONE.html,1,Training,Training,unisex,unisex,White,White,in_stock,in_stock,1,0,0,22 | 23 | 24 | 25 | 26 | 27,6,LBP,LBP,4860000.0,4860000.0,54.0,54.0,4860000.0,4860000.0,4860000.0,4860000.0,54.0,54.0,4860000.0,4860000.0,,,,,,,,,False,False,Neither retailer currently shows a discount for this style code.
JQ2610,exact_style_code,both_in_stock,neither_on_sale,False,,True,women,False,,normalized_compare,False,90000.0,False,-1.0,-1.0,-90000.0,-1.25,-1.25,mikesport_cheaper,mikesport_lb,True,0.0,neither_discounted,tie,1,False,Adidas Galaxy 7 Women Running Shoes White/Halo Mint/Lime,Adidas Galaxy 7 Women Running Shoes White/Halo Mint/Lime,https://lb.mikesport.com/products/adidas-galaxy-7-women-running-shoes-white-halo-mint-lime,https://lb.mikesport.com/products/adidas-galaxy-7-women-running-shoes-white-halo-mint-lime,1,shoes,shoes,women,women,White/Halo Mint/Lime,White/Halo Mint/Lime,in_stock,in_stock,1,0,0,36 EU | 36 2/3 EU | 37 1/3 EU | 38 EU | 38 2/3 EU | 39 1/3 EU | 40 EU | 40 2/3 EU | 41 1/3 EU,9,USD,USD,79.0,79.0,79.0,79.0,7110000.0,7110000.0,79.0,79.0,79.0,79.0,7110000.0,7110000.0,,,,,,,,,False,False,1,False,"Galaxy 7 Running Shoes, White","Galaxy 7 Running Shoes, White",https://www.adidas.com.lb/en/adidas-galaxy-7-running-shoes-white/A7_JQ2610_ONE.html,https://www.adidas.com.lb/en/adidas-galaxy-7-running-shoes-white/A7_JQ2610_ONE.html,1,Running,Running,women,women,White,White,in_stock,in_stock,1,0,0,36 2/3 | 37 1/3 | 38 | 38 2/3 | 39 1/3 | 40 | 40 2/3 | 41 1/3,8,LBP,LBP,7200000.0,7200000.0,80.0,80.0,7200000.0,7200000.0,7200000.0,7200000.0,80.0,80.0,7200000.0,7200000.0,,,,,,,,,False,False,Neither retailer currently shows a discount for this style code.
JQ2620,exact_style_code,both_in_stock,neither_on_sale,False,,True,men,False,,normalized_compare,False,90000.0,True,0.0,0.0,0.0,0.0,0.0,same_price,tie,True,0.0,neither_discounted,tie,1,False,Adidas Galaxy 7 Men Running Shoes White/Blue/Black,Adidas Galaxy 7 Men Running Shoes White/Blue/Black,https://lb.mikesport.com/products/adidas-galaxy-7-men-running-shoes-white-blue-black,https://lb.mikesport.com/products/adidas-galaxy-7-men-running-shoes-white-blue-black,1,shoes,shoes,men,men,Cloud White/Dark Blue/Core Black,Cloud White/Dark Blue/Core Black,in_stock,in_stock,1,0,0,44 2/3 EU | 45 1/3 EU | 46 EU | 47 1/3 EU | 41 1/3 EU | 42 EU | 42 2/3 EU | 43 1/3 EU | 44 EU,9,USD,USD,80.0,80.0,80.0,80.0,7200000.0,7200000.0,80.0,80.0,80.0,80.0,7200000.0,7200000.0,,,,,,,,,False,False,1,False,"Galaxy 7 Running Shoes, White","Galaxy 7 Running Shoes, White",https://www.adidas.com.lb/en/adidas-galaxy-7-running-shoes-white/A7_JQ2620_ONE.html,https://www.adidas.com.lb/en/adidas-galaxy-7-running-shoes-white/A7_JQ2620_ONE.html,1,Running,Running,men,men,White,White,in_stock,in_stock,1,0,0,44 | 44 2/3 | 45 1/3 | 46,4,LBP,LBP,7200000.0,7200000.0,80.0,80.0,7200000.0,7200000.0,7200000.0,7200000.0,80.0,80.0,7200000.0,7200000.0,,,,,,,,,False,False,Neither retailer currently shows a discount for this style code.
JQ2623,exact_style_code,both_in_stock,neither_on_sale,False,,True,men,False,,normalized_compare,False,90000.0,True,0.0,0.0,0.0,0.0,0.0,same_price,tie,True,0.0,neither_discounted,tie,1,False,Adidas Galaxy 7 Men Running Shoes Onix,Adidas Galaxy 7 Men Running Shoes Onix,https://lb.mikesport.com/products/adidas-galaxy-7-men-running-shoes-onix,https://lb.mikesport.com/products/adidas-galaxy-7-men-running-shoes-onix,1,shoes,shoes,men,men,Onix / Orbit Grey / Cloud White,Onix / Orbit Grey / Cloud White,in_stock,in_stock,1,0,0,42 2/3 EU | 44 EU,2,USD,USD,80.0,80.0,80.0,80.0,7200000.0,7200000.0,80.0,80.0,80.0,80.0,7200000.0,7200000.0,,,,,,,,,False,False,1,False,"Galaxy 7 Running Shoes, Grey","Galaxy 7 Running Shoes, Grey",https://www.adidas.com.lb/en/adidas-galaxy-7-running-shoes-grey/A7_JQ2623_ONE.html,https://www.adidas.com.lb/en/adidas-galaxy-7-running-shoes-grey/A7_JQ2623_ONE.html,1,Running,Running,men,men,Grey,Grey,in_stock,in_stock,1,0,0,41 1/3 | 42 | 42 2/3 | 43 1/3 | 44 | 44 2/3 | 45 1/3 | 46,8,LBP,LBP,7200000.0,7200000.0,80.0,80.0,7200000.0,7200000.0,7200000.0,7200000.0,80.0,80.0,7200000.0,7200000.0,,,,,,,,,False,False,Neither retailer currently shows a discount for this style code.
JQ2868,exact_style_code,both_in_stock,both_on_sale,False,,False,,False,,normalized_compare,False,90000.0,False,-3.0,-3.0,-270000.0,-6.12,-6.12,mikesport_cheaper,mikesport_lb,False,1.02,mikesport_higher_discount,mikesport_lb,1,False,Adidas Tensaur Sport 2.0 Ps-Girls Sportswear Shoes White/Clear Pink,Adidas Tensaur Sport 2.0 Ps-Girls Sportswear Shoes White/Clear Pink,https://lb.mikesport.com/products/adidas-tensaur-sport-2-0-ps-girls-sportswear-shoes-white-clear-pink,https://lb.mikesport.com/products/adidas-tensaur-sport-2-0-ps-girls-sportswear-shoes-white-clear-pink,1,shoes,shoes,girls,girls,Cloud White/Clear Pink,Cloud White/Clear Pink,in_stock,in_stock,1,0,0,33 EU,1,USD,USD,46.0,46.0,46.0,46.0,4140000.0,4140000.0,58.0,58.0,58.0,58.0,5220000.0,5220000.0,46.0,46.0,46.0,46.0,4140000.0,4140000.0,20.69,20.69,True,True,1,False,"Kids Unisex Tensaur Hook and Loop Shoes, White","Kids Unisex Tensaur Hook and Loop Shoes, White",https://www.adidas.com.lb/en/adidas-outlet-kids-unisex-tensaur-hook-and-loop-shoes-white/A9_JQ2868_ONE.html,https://www.adidas.com.lb/en/adidas-outlet-kids-unisex-tensaur-hook-and-loop-shoes-white/A9_JQ2868_ONE.html,1,Boys Shoes,Boys Shoes,unisex,unisex,White,White,in_stock,in_stock,1,0,0,37 1/3 | 38 | 38 2/3 | 39 1/3,4,LBP,LBP,4410000.0,4410000.0,49.0,49.0,4410000.0,4410000.0,5490000.0,5490000.0,61.0,61.0,5490000.0,5490000.0,4410000.0,4410000.0,49.0,49.0,4410000.0,4410000.0,19.67,19.67,True,True,
JQ3018,exact_style_code,both_in_stock,neither_on_sale,False,,False,,False,,normalized_compare,False,90000.0,True,0.0,0.0,0.0,0.0,0.0,same_price,tie,True,0.0,neither_discounted,tie,1,False,Adidas Duramo Sl Ps-Girls Running Shoes Navy/Metallic/Pink,Adidas Duramo Sl Ps-Girls Running Shoes Navy/Metallic/Pink,https://lb.mikesport.com/products/adidas-duramo-sl-ps-girls-running-shoes-navy-metallic-pink,https://lb.mikesport.com/products/adidas-duramo-sl-ps-girls-running-shoes-navy-metallic-pink,1,shoes,shoes,girls,girls,Cloud White/Pink Fusion/Clear Pink,Cloud White/Pink Fusion/Clear Pink,in_stock,in_stock,1,0,0,33 EU | 28 EU | 29 EU | 31 EU | 32 EU | 34 EU | 35 EU,7,USD,USD,67.0,67.0,67.0,67.0,6030000.0,6030000.0,67.0,67.0,67.0,67.0,6030000.0,6030000.0,,,,,,,,,False,False,1,False,"Kids Unisex Duramo SL Shoes, Blue","Kids Unisex Duramo SL Shoes, Blue",https://www.adidas.com.lb/en/adidas-kids-unisex-duramo-sl-shoes-blue/A7_JQ3018_ONE.html,https://www.adidas.com.lb/en/adidas-kids-unisex-duramo-sl-shoes-blue/A7_JQ3018_ONE.html,1,Running,Running,unisex,unisex,Blue,Blue,in_stock,in_stock,1,0,0,28 | 29 | 30 | 31 | 32 | 33 | 34 | 35,8,LBP,LBP,6030000.0,6030000.0,67.0,67.0,6030000.0,6030000.0,6030000.0,6030000.0,67.0,67.0,6030000.0,6030000.0,,,,,,,,,False,False,Neither retailer currently shows a discount for this style code.
JQ3019,exact_style_code,both_in_stock,neither_on_sale,True,Shoes,False,,False,,normalized_compare,False,90000.0,False,1.0,1.0,90000.0,1.32,1.32,adidas_cheaper,adidas_lb,True,0.0,neither_discounted,tie,1,False,Adidas Duramo Sl2 Gs-Girls Running Shoes Shadow Navy,Adidas Duramo Sl2 Gs-Girls Running Shoes Shadow Navy,https://lb.mikesport.com/products/adidas-duramo-sl2-gs-girls-running-shoes-shadow-navy,https://lb.mikesport.com/products/adidas-duramo-sl2-gs-girls-running-shoes-shadow-navy,1,shoes,shoes,girls,girls,Shadow Navy/Silver Metallic/Lucid Pink,Shadow Navy/Silver Metallic/Lucid Pink,in_stock,in_stock,1,0,0,36 EU | 36 2/3 EU | 37 1/3 EU | 38 EU | 38 2/3 EU | 39 1/3 EU | 40 EU,7,USD,USD,77.0,77.0,77.0,77.0,6930000.0,6930000.0,77.0,77.0,77.0,77.0,6930000.0,6930000.0,,,,,,,,,False,False,1,False,"Kids Unisex Duramo SL Shoes, Blue","Kids Unisex Duramo SL Shoes, Blue",https://www.adidas.com.lb/en/adidas-kids-unisex-duramo-sl-shoes-blue/A7_JQ3019_ONE.html,https://www.adidas.com.lb/en/adidas-kids-unisex-duramo-sl-shoes-blue/A7_JQ3019_ONE.html,1,Shoes,Shoes,unisex,unisex,Blue,Blue,in_stock,in_stock,1,0,0,35.5 | 36 | 36 2/3 | 37 1/3 | 38 | 38 2/3 | 39 1/3,7,LBP,LBP,6840000.0,6840000.0,76.0,76.0,6840000.0,6840000.0,6840000.0,6840000.0,76.0,76.0,6840000.0,6840000.0,,,,,,,,,False,False,Neither retailer currently shows a discount for this style code.
JQ4244,exact_style_code,both_in_stock,neither_on_sale,False,,True,women,False,,normalized_compare,False,90000.0,True,0.0,0.0,0.0,0.0,0.0,same_price,tie,True,0.0,neither_discounted,tie,1,False,Adidas Supernova Ease 2 Women Running Shoes Core Black,Adidas Supernova Ease 2 Women Running Shoes Core Black,https://lb.mikesport.com/products/adidas-supernova-ease-2-women-running-shoes-core-black,https://lb.mikesport.com/products/adidas-supernova-ease-2-women-running-shoes-core-black,1,shoes,shoes,women,women,Core Black / Grey Five / Carbon,Core Black / Grey Five / Carbon,in_stock,in_stock,1,0,0,36 2/3 EU | 37 1/3 EU | 38 EU | 38 2/3 EU | 39 1/3 EU | 40 EU | 40 2/3 EU | 41 1/3 EU,8,USD,USD,159.0,159.0,159.0,159.0,14310000.0,14310000.0,159.0,159.0,159.0,159.0,14310000.0,14310000.0,,,,,,,,,False,False,1,False,"Supernova Ease 2 W Running Shoes, Black","Supernova Ease 2 W Running Shoes, Black",https://www.adidas.com.lb/en/adidas-supernova-ease-2-w-running-shoes-black/A7_JQ4244_ONE.html,https://www.adidas.com.lb/en/adidas-supernova-ease-2-w-running-shoes-black/A7_JQ4244_ONE.html,1,Running,Running,women,women,Black,Black,in_stock,in_stock,1,0,0,36 2/3 | 37 1/3 | 38 | 38 2/3 | 39 1/3 | 40 | 40 2/3 | 41 1/3,8,LBP,LBP,14310000.0,14310000.0,159.0,159.0,14310000.0,14310000.0,14310000.0,14310000.0,159.0,159.0,14310000.0,14310000.0,,,,,,,,,False,False,Neither retailer currently shows a discount for this style code.
JQ5081,exact_style_code,both_in_stock,neither_on_sale,False,,True,men,False,,normalized_compare,False,90000.0,True,0.0,0.0,0.0,0.0,0.0,same_price,tie,True,0.0,neither_discounted,tie,1,False,Adidas Questar 3 Men Running Shoes White/Black/Ruby,Adidas Questar 3 Men Running Shoes White/Black/Ruby,https://lb.mikesport.com/products/adidas-questar-3-men-running-shoes-white-black-ruby,https://lb.mikesport.com/products/adidas-questar-3-men-running-shoes-white-black-ruby,1,shoes,shoes,men,men,Cloud White/Core Black/Pure Ruby,Cloud White/Core Black/Pure Ruby,in_stock,in_stock,1,0,0,44 2/3 EU | 46 EU | 46 2/3 EU | 41 1/3 EU | 42 EU | 44 EU,6,USD,USD,126.0,126.0,126.0,126.0,11340000.0,11340000.0,126.0,126.0,126.0,126.0,11340000.0,11340000.0,,,,,,,,,False,False,1,False,"Questar 3 Running Shoes, White","Questar 3 Running Shoes, White",https://www.adidas.com.lb/en/adidas-questar-3-running-shoes-white/A7_JQ5081_ONE.html,https://www.adidas.com.lb/en/adidas-questar-3-running-shoes-white/A7_JQ5081_ONE.html,1,Running,Running,men,men,White,White,in_stock,in_stock,1,0,0,40 | 40 2/3 | 41 1/3 | 42 | 42 2/3 | 43 1/3 | 44 | 44 2/3 | 45 1/3 | 46 | 46 2/3 | 48,12,LBP,LBP,11340000.0,11340000.0,126.0,126.0,11340000.0,11340000.0,11340000.0,11340000.0,126.0,126.0,11340000.0,11340000.0,,,,,,,,,False,False,Neither retailer currently shows a discount for this style code.
JQ6055,exact_style_code,both_in_stock,both_on_sale,True,Shoes,True,women,False,,normalized_compare,False,90000.0,False,5.0,5.0,450000.0,8.77,8.77,adidas_cheaper,adidas_lb,False,-4.89,adidas_higher_discount,adidas_lb,1,False,Adidas Breaknet 3.0 Women Sportswear Shoes White/Glow Blue,Adidas Breaknet 3.0 Women Sportswear Shoes White/Glow Blue,https://lb.mikesport.com/products/adidas-breaknet-3-0-women-sportswear-shoes-white-glow-blue,https://lb.mikesport.com/products/adidas-breaknet-3-0-women-sportswear-shoes-white-glow-blue,1,shoes,shoes,women,women,Core White / Glow Blue / Off White,Core White / Glow Blue / Off White,in_stock,in_stock,1,0,0,38 EU | 38 2/3 EU | 39 1/3 EU | 40 EU,4,USD,USD,62.0,62.0,62.0,62.0,5580000.0,5580000.0,89.0,89.0,89.0,89.0,8010000.0,8010000.0,62.0,62.0,62.0,62.0,5580000.0,5580000.0,30.34,30.34,True,True,1,False,"Breaknet 3.0 Shoes, White","Breaknet 3.0 Shoes, White",https://www.adidas.com.lb/en/adidas-outlet-breaknet-3.0-shoes-white/A9_JQ6055_ONE.html,https://www.adidas.com.lb/en/adidas-outlet-breaknet-3.0-shoes-white/A9_JQ6055_ONE.html,1,Shoes,Shoes,women,women,White,White,in_stock,in_stock,1,0,0,37 1/3 | 38 | 38 2/3,3,LBP,LBP,5130000.0,5130000.0,57.0,57.0,5130000.0,5130000.0,7920000.0,7920000.0,88.0,88.0,7920000.0,7920000.0,5130000.0,5130000.0,57.0,57.0,5130000.0,5130000.0,35.23,35.23,True,True,
JQ6861,exact_style_code,both_in_stock,neither_on_sale,False,,False,,False,,normalized_compare,False,90000.0,False,2.0,2.0,180000.0,1.59,1.59,adidas_cheaper,adidas_lb,True,0.0,neither_discounted,tie,1,False,Adidas Initiation Men Basketball Shoes Lucid Lime/Black,Adidas Initiation Men Basketball Shoes Lucid Lime/Black,https://lb.mikesport.com/products/adidas-initiation-men-basketball-shoes-lucid-lime-black,https://lb.mikesport.com/products/adidas-initiation-men-basketball-shoes-lucid-lime-black,1,shoes,shoes,men,men,Lucid Lime/Black,Lucid Lime/Black,in_stock,in_stock,1,0,0,44 2/3 EU | 45 1/3 EU | 46 EU | 46 2/3 EU | 47 1/3 EU | 40 2/3 EU | 41 1/3 EU | 42 EU | 42 2/3 EU | 43 1/3 EU | 44 EU,11,USD,USD,128.0,128.0,128.0,128.0,11520000.0,11520000.0,128.0,128.0,128.0,128.0,11520000.0,11520000.0,,,,,,,,,False,False,1,False,"Unisex Adidas Initiation Shoes, Green","Unisex Adidas Initiation Shoes, Green",https://www.adidas.com.lb/en/adidas-unisex-adidas-initiation-shoes-green/A7_JQ6861_ONE.html,https://www.adidas.com.lb/en/adidas-unisex-adidas-initiation-shoes-green/A7_JQ6861_ONE.html,1,Basketball,Basketball,unisex,unisex,Green,Green,in_stock,in_stock,1,0,0,41 1/3 | 42 | 42 2/3 | 43 1/3 | 44 | 44 2/3 | 45 1/3 | 46,8,LBP,LBP,11340000.0,11340000.0,126.0,126.0,11340000.0,11340000.0,11340000.0,11340000.0,126.0,126.0,11340000.0,11340000.0,,,,,,,,,False,False,Neither retailer currently shows a discount for this style code.
JQ9497,exact_style_code,both_in_stock,neither_on_sale,False,,False,,False,,normalized_compare,False,90000.0,True,0.0,0.0,0.0,0.0,0.0,same_price,tie,True,0.0,neither_discounted,tie,1,False,Adidas Anthony Edwards 2 Men Basketball Shoes Silver Metallic/Ruby,Adidas Anthony Edwards 2 Men Basketball Shoes Silver Metallic/Ruby,https://lb.mikesport.com/products/adidas-anthony-edwards-2-men-basketball-shoes-silver-metallic-ruby,https://lb.mikesport.com/products/adidas-anthony-edwards-2-men-basketball-shoes-silver-metallic-ruby,1,shoes,shoes,men,men,Silver Metallic/Pure Ruby/Black,Silver Metallic/Pure Ruby/Black,in_stock,in_stock,1,0,0,44 2/3 EU | 45 1/3 EU | 46 EU | 46 2/3 EU | 47 1/3 EU | 40 EU | 40 2/3 EU | 41 1/3 EU | 42 EU | 42 2/3 EU | 43 1/3 EU | 44 EU,12,USD,USD,191.0,191.0,191.0,191.0,17190000.0,17190000.0,191.0,191.0,191.0,191.0,17190000.0,17190000.0,,,,,,,,,False,False,1,False,"Unisex Anthony Edwards 2 Shoes, Grey","Unisex Anthony Edwards 2 Shoes, Grey",https://www.adidas.com.lb/en/adidas-unisex-anthony-edwards-2-shoes-grey/A7_JQ9497_ONE.html,https://www.adidas.com.lb/en/adidas-unisex-anthony-edwards-2-shoes-grey/A7_JQ9497_ONE.html,1,Basketball,Basketball,unisex,unisex,Grey,Grey,in_stock,in_stock,1,0,0,40 2/3 | 41 1/3 | 42 | 42 2/3 | 43 1/3 | 44 | 44 2/3 | 45 1/3 | 46 | 47 1/3,10,LBP,LBP,17190000.0,17190000.0,191.0,191.0,17190000.0,17190000.0,17190000.0,17190000.0,191.0,191.0,17190000.0,17190000.0,,,,,,,,,False,False,Neither retailer currently shows a discount for this style code.
JR0287,exact_style_code,both_in_stock,neither_on_sale,False,,False,,False,,normalized_compare,False,90000.0,False,-1.0,-1.0,-90000.0,-0.48,-0.48,mikesport_cheaper,mikesport_lb,True,0.0,neither_discounted,tie,1,False,Adidas Adistar 4 Women Running Shoes Mint/Metallic,Adidas Adistar 4 Women Running Shoes Mint/Metallic,https://lb.mikesport.com/products/adidas-adistar-4-women-running-shoes-mint-metallic,https://lb.mikesport.com/products/adidas-adistar-4-women-running-shoes-mint-metallic,1,shoes,shoes,women,women,Halo Mint/Zero Metalic/Lime Burst,Halo Mint/Zero Metalic/Lime Burst,in_stock,in_stock,1,0,0,36 2/3 EU | 38 EU | 38 2/3 EU | 39 1/3 EU | 40 2/3 EU,5,USD,USD,207.0,207.0,207.0,207.0,18630000.0,18630000.0,207.0,207.0,207.0,207.0,18630000.0,18630000.0,,,,,,,,,False,False,1,False,"Adistar 4 Running Shoes, Green","Adistar 4 Running Shoes, Green",https://www.adidas.com.lb/en/adidas-adistar-4-running-shoes-green/A7_JR0287_ONE.html,https://www.adidas.com.lb/en/adidas-adistar-4-running-shoes-green/A7_JR0287_ONE.html,1,Running,Running,men,men,Green,Green,in_stock,in_stock,1,0,0,37 1/3 | 38 | 38 2/3 | 39 1/3 | 40,5,LBP,LBP,18720000.0,18720000.0,208.0,208.0,18720000.0,18720000.0,18720000.0,18720000.0,208.0,208.0,18720000.0,18720000.0,,,,,,,,,False,False,Neither retailer currently shows a discount for this style code.
JR0310,exact_style_code,both_in_stock,neither_on_sale,False,,True,men,False,,normalized_compare,False,90000.0,False,-1.0,-1.0,-90000.0,-0.48,-0.48,mikesport_cheaper,mikesport_lb,True,0.0,neither_discounted,tie,1,False,Adidas Adistar 4 Men Running Shoes Ink/Lime Burst,Adidas Adistar 4 Men Running Shoes Ink/Lime Burst,https://lb.mikesport.com/products/adidas-adistar-4-men-running-shoes-ink-lime-burst,https://lb.mikesport.com/products/adidas-adistar-4-men-running-shoes-ink-lime-burst,1,shoes,shoes,men,men,Aurora Ink/Preloved Ink/Lime Burst,Aurora Ink/Preloved Ink/Lime Burst,in_stock,in_stock,1,0,0,42 EU,1,USD,USD,207.0,207.0,207.0,207.0,18630000.0,18630000.0,207.0,207.0,207.0,207.0,18630000.0,18630000.0,,,,,,,,,False,False,1,False,"Adistar 4 Running Shoes, Blue","Adistar 4 Running Shoes, Blue",https://www.adidas.com.lb/en/adidas-adistar-4-running-shoes-blue/A7_JR0310_ONE.html,https://www.adidas.com.lb/en/adidas-adistar-4-running-shoes-blue/A7_JR0310_ONE.html,1,Running,Running,men,men,Blue,Blue,in_stock,in_stock,1,0,0,43 1/3 | 44,2,LBP,LBP,18720000.0,18720000.0,208.0,208.0,18720000.0,18720000.0,18720000.0,18720000.0,208.0,208.0,18720000.0,18720000.0,,,,,,,,,False,False,Neither retailer currently shows a discount for this style code.
JR2253,exact_style_code,both_in_stock,neither_on_sale,True,Shoes,False,,False,,normalized_compare,False,90000.0,True,0.0,0.0,0.0,0.0,0.0,same_price,tie,True,0.0,neither_discounted,tie,1,False,Adidas Anthony Edwards 2 Gs Basketball Shoes Pink/Black/Red,Adidas Anthony Edwards 2 Gs Basketball Shoes Pink/Black/Red,https://lb.mikesport.com/products/adidas-anthony-edwards-2-gs-basketball-shoes-pink-black-red,https://lb.mikesport.com/products/adidas-anthony-edwards-2-gs-basketball-shoes-pink-black-red,1,shoes,shoes,kids,kids,Lucid Pink/Black/Lucid Red,Lucid Pink/Black/Lucid Red,in_stock,in_stock,1,0,0,36 2/3 EU | 38 EU | 38 2/3 EU | 39 1/3 EU | 40 EU,5,USD,USD,159.0,159.0,159.0,159.0,14310000.0,14310000.0,159.0,159.0,159.0,159.0,14310000.0,14310000.0,,,,,,,,,False,False,1,False,"Kids Unisex Anthony Edwards 2 J Shoes, Pink","Kids Unisex Anthony Edwards 2 J Shoes, Pink",https://www.adidas.com.lb/en/adidas-kids-unisex-anthony-edwards-2-j-shoes-pink/A7_JR2253_ONE.html,https://www.adidas.com.lb/en/adidas-kids-unisex-anthony-edwards-2-j-shoes-pink/A7_JR2253_ONE.html,1,Shoes,Shoes,unisex,unisex,Pink,Pink,in_stock,in_stock,1,0,0,36 | 37 1/3 | 38 | 38 2/3 | 39 1/3 | 40,6,LBP,LBP,14310000.0,14310000.0,159.0,159.0,14310000.0,14310000.0,14310000.0,14310000.0,159.0,159.0,14310000.0,14310000.0,,,,,,,,,False,False,Neither retailer currently shows a discount for this style code.
JR2280,exact_style_code,both_in_stock,neither_on_sale,False,,True,men,False,,normalized_compare,False,90000.0,True,0.0,0.0,0.0,0.0,0.0,same_price,tie,True,0.0,neither_discounted,tie,1,False,Adidas Supernova Rise 3 Men Running Shoes Core Black/Carbon,Adidas Supernova Rise 3 Men Running Shoes Core Black/Carbon,https://lb.mikesport.com/products/adidas-supernova-rise-3-men-running-shoes-core-black-carbon,https://lb.mikesport.com/products/adidas-supernova-rise-3-men-running-shoes-core-black-carbon,1,shoes,shoes,men,men,Core Black/Carbon,Core Black/Carbon,in_stock,in_stock,1,0,0,45 1/3 EU | 46 2/3 EU | 41 1/3 EU | 42 EU | 42 2/3 EU | 43 1/3 EU | 44 EU,7,USD,USD,208.0,208.0,208.0,208.0,18720000.0,18720000.0,208.0,208.0,208.0,208.0,18720000.0,18720000.0,,,,,,,,,False,False,1,False,"Supernova Rise 3 Running Shoes, Black","Supernova Rise 3 Running Shoes, Black",https://www.adidas.com.lb/en/adidas-supernova-rise-3-running-shoes-black/A7_JR2280_ONE.html,https://www.adidas.com.lb/en/adidas-supernova-rise-3-running-shoes-black/A7_JR2280_ONE.html,1,Running,Running,men,men,Black,Black,in_stock,in_stock,1,0,0,41 1/3 | 42 | 42 2/3 | 43 1/3 | 44 | 44 2/3 | 45 1/3,7,LBP,LBP,18720000.0,18720000.0,208.0,208.0,18720000.0,18720000.0,18720000.0,18720000.0,208.0,208.0,18720000.0,18720000.0,,,,,,,,,False,False,Neither retailer currently shows a discount for this style code.
JR2852,exact_style_code,both_in_stock,neither_on_sale,False,,True,unisex,False,,normalized_compare,False,90000.0,True,0.0,0.0,0.0,0.0,0.0,same_price,tie,True,0.0,neither_discounted,tie,1,False,Adidas Copa Pure 3 League Turf Unisex Football Shoes White/Black/Lemon,Adidas Copa Pure 3 League Turf Unisex Football Shoes White/Black/Lemon,https://lb.mikesport.com/products/adidas-copa-pure-3-league-turf-unisex-football-shoes-white-black-lemon,https://lb.mikesport.com/products/adidas-copa-pure-3-league-turf-unisex-football-shoes-white-black-lemon,1,shoes,shoes,unisex,unisex,Core Black/Cloud White/Lucid Lemon,Core Black/Cloud White/Lucid Lemon,in_stock,in_stock,1,0,0,45 1/3 EU | 46 EU | 46 2/3 EU | 40 2/3 EU | 41 1/3 EU | 42 EU | 42 2/3 EU,7,USD,USD,126.0,126.0,126.0,126.0,11340000.0,11340000.0,126.0,126.0,126.0,126.0,11340000.0,11340000.0,,,,,,,,,False,False,1,False,"Unisex Copa Pure 3 League Turf Boots, Black","Unisex Copa Pure 3 League Turf Boots, Black",https://www.adidas.com.lb/en/adidas-unisex-copa-pure-3-league-turf-boots-black/A7_JR2852_ONE.html,https://www.adidas.com.lb/en/adidas-unisex-copa-pure-3-league-turf-boots-black/A7_JR2852_ONE.html,1,Football,Football,unisex,unisex,Black,Black,in_stock,in_stock,1,0,0,39 1/3 | 40 | 40 2/3 | 41 1/3 | 42 | 42 2/3 | 43 1/3 | 44 | 44 2/3 | 45 1/3 | 46,11,LBP,LBP,11340000.0,11340000.0,126.0,126.0,11340000.0,11340000.0,11340000.0,11340000.0,126.0,126.0,11340000.0,11340000.0,,,,,,,,,False,False,Neither retailer currently shows a discount for this style code.
JR3089,exact_style_code,both_in_stock,neither_on_sale,False,,True,women,False,,normalized_compare,False,90000.0,False,1.0,1.0,90000.0,1.14,1.14,adidas_cheaper,adidas_lb,True,0.0,neither_discounted,tie,1,False,Adidas Runfalcon 5 Women Running Shoes White/Purple/Blue,Adidas Runfalcon 5 Women Running Shoes White/Purple/Blue,https://lb.mikesport.com/products/adidas-runfalcon-5-women-running-shoes-white-purple-blue,https://lb.mikesport.com/products/adidas-runfalcon-5-women-running-shoes-white-purple-blue,1,shoes,shoes,women,women,White/Purple Burst/Semi Blue Burst,White/Purple Burst/Semi Blue Burst,in_stock,in_stock,1,0,0,36 2/3 EU | 37 1/3 EU | 38 EU | 38 2/3 EU | 39 1/3 EU | 40 EU | 40 2/3 EU | 41 1/3 EU,8,USD,USD,89.0,89.0,89.0,89.0,8010000.0,8010000.0,89.0,89.0,89.0,89.0,8010000.0,8010000.0,,,,,,,,,False,False,1,False,"Runfalcon 5 Running Shoes, White","Runfalcon 5 Running Shoes, White",https://www.adidas.com.lb/en/adidas-runfalcon-5-running-shoes-white/A7_JR3089_ONE.html,https://www.adidas.com.lb/en/adidas-runfalcon-5-running-shoes-white/A7_JR3089_ONE.html,1,Running,Running,women,women,White,White,in_stock,in_stock,1,0,0,36 2/3 | 37 1/3 | 38 | 38 2/3 | 39 1/3 | 40,6,LBP,LBP,7920000.0,7920000.0,88.0,88.0,7920000.0,7920000.0,7920000.0,7920000.0,88.0,88.0,7920000.0,7920000.0,,,,,,,,,False,False,Neither retailer currently shows a discount for this style code.
JR3236,exact_style_code,both_in_stock,neither_on_sale,False,,True,women,False,,normalized_compare,False,90000.0,False,1.0,1.0,90000.0,1.32,1.32,adidas_cheaper,adidas_lb,True,0.0,neither_discounted,tie,1,False,Adidas Duramo Rc2 Women Running Shoes Cloud White,Adidas Duramo Rc2 Women Running Shoes Cloud White,https://lb.mikesport.com/products/adidas-duramo-rc2-women-running-shoes-cloud-white,https://lb.mikesport.com/products/adidas-duramo-rc2-women-running-shoes-cloud-white,1,shoes,shoes,women,women,Cloud White / Grey Five / Halo Silver,Cloud White / Grey Five / Halo Silver,in_stock,in_stock,1,0,0,36 2/3 EU | 37 1/3 EU | 38 EU | 38 2/3 EU | 39 1/3 EU | 40 EU | 40 2/3 EU | 41 1/3 EU,8,USD,USD,77.0,77.0,77.0,77.0,6930000.0,6930000.0,77.0,77.0,77.0,77.0,6930000.0,6930000.0,,,,,,,,,False,False,1,False,"Duramo RC2 Running Shoes, White","Duramo RC2 Running Shoes, White",https://www.adidas.com.lb/en/adidas-duramo-rc2-running-shoes-white/A7_JR3236_ONE.html,https://www.adidas.com.lb/en/adidas-duramo-rc2-running-shoes-white/A7_JR3236_ONE.html,1,Running,Running,women,women,White,White,in_stock,in_stock,1,0,0,36 2/3 | 37 1/3 | 38 2/3 | 40 | 40 2/3,5,LBP,LBP,6840000.0,6840000.0,76.0,76.0,6840000.0,6840000.0,6840000.0,6840000.0,76.0,76.0,6840000.0,6840000.0,,,,,,,,,False,False,Neither retailer currently shows a discount for this style code.
JR3312,exact_style_code,both_in_stock,neither_on_sale,True,Shoes,False,,False,,normalized_compare,False,90000.0,True,0.0,0.0,0.0,0.0,0.0,same_price,tie,True,0.0,neither_discounted,tie,1,False,Adidas Predator League Fold-Over Tongue Firm Ground Kids Football Shoes Iron Metallic,Adidas Predator League Fold-Over Tongue Firm Ground Kids Football Shoes Iron Metallic,https://lb.mikesport.com/products/adidas-predator-league-fold-over-tongue-firm-ground-kids-football-shoes-iron-metallic,https://lb.mikesport.com/products/adidas-predator-league-fold-over-tongue-firm-ground-kids-football-shoes-iron-metallic,1,shoes,shoes,kids,kids,Iron Metallic / Zero Metalic / Lucid Red,Iron Metallic / Zero Metalic / Lucid Red,in_stock,in_stock,1,0,0,33 EU | 35 EU | 36 EU | 36 2/3 EU | 37 1/3 EU | 38 EU | 38 2/3 EU,7,USD,USD,126.0,126.0,126.0,126.0,11340000.0,11340000.0,126.0,126.0,126.0,126.0,11340000.0,11340000.0,,,,,,,,,False,False,1,False,"Kids Unisex PREDATOR LEAGUE Fold-Over Tongue Firm Ground Football Boots, Grey","Kids Unisex PREDATOR LEAGUE Fold-Over Tongue Firm Ground Football Boots, Grey",https://www.adidas.com.lb/en/adidas-kids-unisex-predator-league-fold-over-tongue-firm-ground-football-boots-grey/A7_JR3312_ONE.html,https://www.adidas.com.lb/en/adidas-kids-unisex-predator-league-fold-over-tongue-firm-ground-football-boots-grey/A7_JR3312_ONE.html,1,Shoes,Shoes,unisex,unisex,Grey,Grey,in_stock,in_stock,1,0,0,28 | 29 | 30 | 31 | 32 | 33 | 34 | 35 | 36 | 37 1/3,10,LBP,LBP,11340000.0,11340000.0,126.0,126.0,11340000.0,11340000.0,11340000.0,11340000.0,126.0,126.0,11340000.0,11340000.0,,,,,,,,,False,False,Neither retailer currently shows a discount for this style code.
JR3629,exact_style_code,both_in_stock,adidas_only_on_sale,True,Shoes,True,women,False,,normalized_compare,False,90000.0,False,56.0,56.0,5040000.0,54.37,54.37,adidas_cheaper,adidas_lb,False,-35.22,adidas_only_discounted,adidas_lb,1,False,Adidas Handball Spezial Women Originals Shoes Grey/Quartz/Gum,Adidas Handball Spezial Women Originals Shoes Grey/Quartz/Gum,https://lb.mikesport.com/products/adidas-handball-spezial-women-originals-shoes-grey-quartz-gum,https://lb.mikesport.com/products/adidas-handball-spezial-women-originals-shoes-grey-quartz-gum,1,shoes,shoes,women,women,combinations and the adidas Originals vibe make this pair a must-have for anyone looking to make a statement with their footwear. Highlights: Regular fit Lace closure Composition: Leather upper Synthetic lining Rubber outsole Color: Orbit Grey/Wonder Quartz/Gum,combinations and the adidas Originals vibe make this pair a must-have for anyone looking to make a statement with their footwear. Highlights: Regular fit Lace closure Composition: Leather upper Synthetic lining Rubber outsole Color: Orbit Grey/Wonder Quartz/Gum,in_stock,in_stock,1,0,0,39 1/3 EU,1,USD,USD,159.0,159.0,159.0,159.0,14310000.0,14310000.0,159.0,159.0,159.0,159.0,14310000.0,14310000.0,,,,,,,,,False,False,1,False,"Handball Spezial Shoes, Grey","Handball Spezial Shoes, Grey",https://www.adidas.com.lb/en/adidas-outlet-handball-spezial-shoes-grey/A9_JR3629_ONE.html,https://www.adidas.com.lb/en/adidas-outlet-handball-spezial-shoes-grey/A9_JR3629_ONE.html,1,Shoes,Shoes,women,women,Grey,Grey,in_stock,in_stock,1,0,0,36 | 36 2/3 | 37 1/3 | 38 | 38 2/3 | 39 1/3,6,LBP,LBP,9270000.0,9270000.0,103.0,103.0,9270000.0,9270000.0,14310000.0,14310000.0,159.0,159.0,14310000.0,14310000.0,9270000.0,9270000.0,103.0,103.0,9270000.0,9270000.0,35.22,35.22,True,True,
JR4668,exact_style_code,both_in_stock,neither_on_sale,False,,True,women,False,,normalized_compare,False,90000.0,False,2.0,2.0,180000.0,0.96,0.96,adidas_cheaper,adidas_lb,True,0.0,neither_discounted,tie,1,False,Adidas Dropset 4 Women Training Shoes Ice Purple/Fig/Blue,Adidas Dropset 4 Women Training Shoes Ice Purple/Fig/Blue,https://lb.mikesport.com/products/adidas-dropset-4-women-training-shoes-ice-purple-fig-blue,https://lb.mikesport.com/products/adidas-dropset-4-women-training-shoes-ice-purple-fig-blue,1,shoes,shoes,women,women,Ice Purple/Preloved Fig/Ray Blue,Ice Purple/Preloved Fig/Ray Blue,in_stock,in_stock,1,0,0,39 1/3 EU | 40 EU | 40 2/3 EU | 41 1/3 EU,4,USD,USD,210.0,210.0,210.0,210.0,18900000.0,18900000.0,210.0,210.0,210.0,210.0,18900000.0,18900000.0,,,,,,,,,False,False,1,False,"Dropset 4 Training Shoes, Purple","Dropset 4 Training Shoes, Purple",https://www.adidas.com.lb/en/adidas-dropset-4-training-shoes-purple/A7_JR4668_ONE.html,https://www.adidas.com.lb/en/adidas-dropset-4-training-shoes-purple/A7_JR4668_ONE.html,1,Training,Training,women,women,Purple,Purple,in_stock,in_stock,1,0,0,36 2/3 | 37 1/3 | 38 | 38 2/3 | 39 1/3 | 40,6,LBP,LBP,18720000.0,18720000.0,208.0,208.0,18720000.0,18720000.0,18720000.0,18720000.0,208.0,208.0,18720000.0,18720000.0,,,,,,,,,False,False,Neither retailer currently shows a discount for this style code.
JR4677,exact_style_code,both_in_stock,neither_on_sale,False,,True,men,False,,normalized_compare,False,90000.0,True,0.0,0.0,0.0,0.0,0.0,same_price,tie,True,0.0,neither_discounted,tie,1,False,Adidas Dropset 4 Men Training Shoes Core Black,Adidas Dropset 4 Men Training Shoes Core Black,https://lb.mikesport.com/products/adidas-dropset-4-men-training-shoes-core-black,https://lb.mikesport.com/products/adidas-dropset-4-men-training-shoes-core-black,1,shoes,shoes,men,men,Core Black / Aurora Onix / Lucid Orange,Core Black / Aurora Onix / Lucid Orange,in_stock,in_stock,1,0,0,44 2/3 EU | 45 1/3 EU | 46 EU | 46 2/3 EU | 41 1/3 EU | 42 EU | 42 2/3 EU | 43 1/3 EU | 44 EU,9,USD,USD,208.0,208.0,208.0,208.0,18720000.0,18720000.0,208.0,208.0,208.0,208.0,18720000.0,18720000.0,,,,,,,,,False,False,1,False,"Dropset 4 Training Shoes, Black","Dropset 4 Training Shoes, Black",https://www.adidas.com.lb/en/adidas-dropset-4-training-shoes-black/A7_JR4677_ONE.html,https://www.adidas.com.lb/en/adidas-dropset-4-training-shoes-black/A7_JR4677_ONE.html,1,Running,Running,men,men,Black,Black,in_stock,in_stock,1,0,0,42 2/3,1,LBP,LBP,18720000.0,18720000.0,208.0,208.0,18720000.0,18720000.0,18720000.0,18720000.0,208.0,208.0,18720000.0,18720000.0,,,,,,,,,False,False,Neither retailer currently shows a discount for this style code.
JR4888,exact_style_code,both_in_stock,neither_on_sale,False,,True,men,False,,normalized_compare,False,90000.0,False,1.0,1.0,90000.0,0.45,0.45,adidas_cheaper,adidas_lb,True,0.0,neither_discounted,tie,1,False,Adidas Adizero Evo Sl Men Running Shoes Core Black,Adidas Adizero Evo Sl Men Running Shoes Core Black,https://lb.mikesport.com/products/adidas-adizero-evo-sl-men-running-shoes-core-black,https://lb.mikesport.com/products/adidas-adizero-evo-sl-men-running-shoes-core-black,1,shoes,shoes,men,men,Core Black / Iron Metallic / Grey Four,Core Black / Iron Metallic / Grey Four,in_stock,in_stock,1,0,0,44 2/3 EU | 45 1/3 EU | 46 EU | 46 2/3 EU | 40 2/3 EU | 41 1/3 EU | 42 EU | 42 2/3 EU | 43 1/3 EU | 44 EU,10,USD,USD,223.0,223.0,223.0,223.0,20070000.0,20070000.0,223.0,223.0,223.0,223.0,20070000.0,20070000.0,,,,,,,,,False,False,1,False,"Adizero EVO SL Shoes, Black","Adizero EVO SL Shoes, Black",https://www.adidas.com.lb/en/adidas-adizero-evo-sl-shoes-black/A7_JR4888_ONE.html,https://www.adidas.com.lb/en/adidas-adizero-evo-sl-shoes-black/A7_JR4888_ONE.html,1,Running,Running,men,men,Black,Black,in_stock,in_stock,1,0,0,40 | 40 2/3 | 41 1/3 | 42 | 42 2/3 | 43 1/3 | 44 | 44 2/3 | 45 1/3 | 46 | 47 1/3,11,LBP,LBP,19980000.0,19980000.0,222.0,222.0,19980000.0,19980000.0,19980000.0,19980000.0,222.0,222.0,19980000.0,19980000.0,,,,,,,,,False,False,Neither retailer currently shows a discount for this style code.
JR5660,exact_style_code,both_in_stock,neither_on_sale,False,,False,,False,,normalized_compare,False,90000.0,False,1.0,1.0,90000.0,1.32,1.32,adidas_cheaper,adidas_lb,True,0.0,neither_discounted,tie,1,False,Adidas Marvel Spider-Man Runfalcon Ps-Boys Running Shoes Black/White/Ruby,Adidas Marvel Spider-Man Runfalcon Ps-Boys Running Shoes Black/White/Ruby,https://lb.mikesport.com/products/adidas-marvel-spider-man-runfalcon-ps-boys-running-shoes-black-white-ruby,https://lb.mikesport.com/products/adidas-marvel-spider-man-runfalcon-ps-boys-running-shoes-black-white-ruby,1,shoes,shoes,boys,boys,Core Black/Cloud White/Pure Ruby,Core Black/Cloud White/Pure Ruby,in_stock,in_stock,1,0,0,33 EU | 28 EU | 30 EU | 29 EU | 31 EU | 32 EU | 34 EU | 35 EU,8,USD,USD,77.0,77.0,77.0,77.0,6930000.0,6930000.0,77.0,77.0,77.0,77.0,6930000.0,6930000.0,,,,,,,,,False,False,1,False,"Kids Unisex adidas Marvel Spider-man Runfalcon Shoes, Black","Kids Unisex adidas Marvel Spider-man Runfalcon Shoes, Black",https://www.adidas.com.lb/en/adidas-kids-unisex-adidas-marvel-spider-man-runfalcon-shoes-black/A7_JR5660_ONE.html,https://www.adidas.com.lb/en/adidas-kids-unisex-adidas-marvel-spider-man-runfalcon-shoes-black/A7_JR5660_ONE.html,1,Running,Running,unisex,unisex,Black,Black,in_stock,in_stock,1,0,0,28 | 29 | 30 | 31 | 32 | 33 | 34 | 35,8,LBP,LBP,6840000.0,6840000.0,76.0,76.0,6840000.0,6840000.0,6840000.0,6840000.0,76.0,76.0,6840000.0,6840000.0,,,,,,,,,False,False,Neither retailer currently shows a discount for this style code.
JR5758,exact_style_code,both_in_stock,neither_on_sale,False,,False,,False,,normalized_compare,False,90000.0,True,0.0,0.0,0.0,0.0,0.0,same_price,tie,True,0.0,neither_discounted,tie,1,False,Adidas Taekwondo Mei Women Original Ballerinas Clear Sky,Adidas Taekwondo Mei Women Original Ballerinas Clear Sky,https://lb.mikesport.com/products/adidas-taekwondo-mei-women-original-ballerinas-clear-sky,https://lb.mikesport.com/products/adidas-taekwondo-mei-women-original-ballerinas-clear-sky,1,ballerinas,ballerinas,women,women,Clear Sky/Cloud White/Gum,Clear Sky/Cloud White/Gum,in_stock,in_stock,1,0,0,38 EU,1,USD,USD,135.0,135.0,135.0,135.0,12150000.0,12150000.0,135.0,135.0,135.0,135.0,12150000.0,12150000.0,,,,,,,,,False,False,1,False,"Taekwondo Mei Shoes, Blue","Taekwondo Mei Shoes, Blue",https://www.adidas.com.lb/en/adidas-taekwondo-mei-shoes-blue/A7_JR5758_ONE.html,https://www.adidas.com.lb/en/adidas-taekwondo-mei-shoes-blue/A7_JR5758_ONE.html,1,Originals,Originals,,,Blue,Blue,in_stock,in_stock,1,0,0,38 | 39 1/3,2,LBP,LBP,12150000.0,12150000.0,135.0,135.0,12150000.0,12150000.0,12150000.0,12150000.0,135.0,135.0,12150000.0,12150000.0,,,,,,,,,False,False,Neither retailer currently shows a discount for this style code.
JR7031,exact_style_code,both_in_stock,neither_on_sale,False,,True,women,False,,normalized_compare,False,90000.0,False,2.0,2.0,180000.0,1.48,1.48,adidas_cheaper,adidas_lb,True,0.0,neither_discounted,tie,1,False,Adidas Taekwondo Mei Balle Women Original Ballerinas Black/White,Adidas Taekwondo Mei Balle Women Original Ballerinas Black/White,https://lb.mikesport.com/products/adidas-taekwondo-mei-balle-women-original-ballerinas-black-white,https://lb.mikesport.com/products/adidas-taekwondo-mei-balle-women-original-ballerinas-black-white,1,ballerinas,ballerinas,women,women,Black/White,Black/White,in_stock,in_stock,1,0,0,36 EU | 36 2/3 EU | 37 1/3 EU | 38 EU | 38 2/3 EU | 39 1/3 EU | 40 EU | 40 2/3 EU | 41 1/3 EU,9,USD,USD,137.0,137.0,137.0,137.0,12330000.0,12330000.0,137.0,137.0,137.0,137.0,12330000.0,12330000.0,,,,,,,,,False,False,1,False,"Taekwondo Mei Shoes, Black","Taekwondo Mei Shoes, Black",https://www.adidas.com.lb/en/adidas-taekwondo-mei-shoes-black/A7_JR7031_ONE.html,https://www.adidas.com.lb/en/adidas-taekwondo-mei-shoes-black/A7_JR7031_ONE.html,1,Originals,Originals,women,women,Black,Black,in_stock,in_stock,1,0,0,36,1,LBP,LBP,12150000.0,12150000.0,135.0,135.0,12150000.0,12150000.0,12150000.0,12150000.0,135.0,135.0,12150000.0,12150000.0,,,,,,,,,False,False,Neither retailer currently shows a discount for this style code.
JR7912,exact_style_code,both_in_stock,neither_on_sale,True,Shoes,False,,False,,normalized_compare,False,90000.0,True,0.0,0.0,0.0,0.0,0.0,same_price,tie,True,0.0,neither_discounted,tie,1,False,Adidas Predator League Turf Kids Football Shoes Lucid Red,Adidas Predator League Turf Kids Football Shoes Lucid Red,https://lb.mikesport.com/products/adidas-predator-league-turf-kids-football-shoes-lucid-red,https://lb.mikesport.com/products/adidas-predator-league-turf-kids-football-shoes-lucid-red,1,shoes,shoes,kids,kids,Lucid Red / Core Black / Cloud White,Lucid Red / Core Black / Cloud White,in_stock,in_stock,1,0,0,33 EU | 29 EU | 32 EU | 34 EU | 35 EU | 35 1/2 EU | 36 EU | 36 2/3 EU | 37 1/3 EU | 38 EU | 38 2/3 EU,11,USD,USD,105.0,105.0,105.0,105.0,9450000.0,9450000.0,105.0,105.0,105.0,105.0,9450000.0,9450000.0,,,,,,,,,False,False,1,False,"Kids Unisex PREDATOR LEAGUE Turf Football Shoes, Red","Kids Unisex PREDATOR LEAGUE Turf Football Shoes, Red",https://www.adidas.com.lb/en/adidas-kids-unisex-predator-league-turf-football-shoes-red/A7_JR7912_ONE.html,https://www.adidas.com.lb/en/adidas-kids-unisex-predator-league-turf-football-shoes-red/A7_JR7912_ONE.html,1,Shoes,Shoes,unisex,unisex,Red,Red,in_stock,in_stock,1,0,0,28 | 29 | 30 | 31 | 32 | 33 | 34 | 35 | 36 | 36 2/3 | 37 1/3 | 38 | 38 2/3,13,LBP,LBP,9450000.0,9450000.0,105.0,105.0,9450000.0,9450000.0,9450000.0,9450000.0,105.0,105.0,9450000.0,9450000.0,,,,,,,,,False,False,Neither retailer currently shows a discount for this style code.
JR7925,exact_style_code,both_in_stock,neither_on_sale,True,Shoes,False,,False,,normalized_compare,False,90000.0,True,0.0,0.0,0.0,0.0,0.0,same_price,tie,True,0.0,neither_discounted,tie,1,False,Adidas Predator League Fold-Over Tongue Fg Kids Football Shoes Lucid Red,Adidas Predator League Fold-Over Tongue Fg Kids Football Shoes Lucid Red,https://lb.mikesport.com/products/adidas-predator-league-fold-over-tongue-fg-kids-football-shoes-lucid-red,https://lb.mikesport.com/products/adidas-predator-league-fold-over-tongue-fg-kids-football-shoes-lucid-red,1,shoes,shoes,kids,kids,Lucid Red / Core Black / Cloud White,Lucid Red / Core Black / Cloud White,in_stock,in_stock,1,0,0,33 EU | 30 EU | 29 EU | 31 EU | 32 EU | 34 EU | 35 EU | 35 1/2 EU | 36 EU | 36 2/3 EU | 37 1/3 EU | 38 EU | 38 2/3 EU,13,USD,USD,126.0,126.0,126.0,126.0,11340000.0,11340000.0,126.0,126.0,126.0,126.0,11340000.0,11340000.0,,,,,,,,,False,False,1,False,"Kids Unisex PREDATOR LEAGUE Fold-Over Tongue Firm Ground Football Boots, Red","Kids Unisex PREDATOR LEAGUE Fold-Over Tongue Firm Ground Football Boots, Red",https://www.adidas.com.lb/en/adidas-kids-unisex-predator-league-fold-over-tongue-firm-ground-football-boots-red/A7_JR7925_ONE.html,https://www.adidas.com.lb/en/adidas-kids-unisex-predator-league-fold-over-tongue-firm-ground-football-boots-red/A7_JR7925_ONE.html,1,Shoes,Shoes,unisex,unisex,Red,Red,in_stock,in_stock,1,0,0,31 | 32 | 34 | 35 | 36 | 37 1/3 | 38 | 38 2/3,8,LBP,LBP,11340000.0,11340000.0,126.0,126.0,11340000.0,11340000.0,11340000.0,11340000.0,126.0,126.0,11340000.0,11340000.0,,,,,,,,,False,False,Neither retailer currently shows a discount for this style code.
JR8130,exact_style_code,both_in_stock,neither_on_sale,False,,False,,False,,normalized_compare,False,90000.0,True,0.0,0.0,0.0,0.0,0.0,same_price,tie,True,0.0,neither_discounted,tie,1,False,Adidas Disney Minnie Mouse Grand Court Infant-Girls Sportswear Shoes White/Pink,Adidas Disney Minnie Mouse Grand Court Infant-Girls Sportswear Shoes White/Pink,https://lb.mikesport.com/products/adidas-disney-minnie-mouse-grand-court-infant-girls-sportswear-shoes-white-pink,https://lb.mikesport.com/products/adidas-disney-minnie-mouse-grand-court-infant-girls-sportswear-shoes-white-pink,1,shoes,shoes,girls,girls,Cloud White / Clear Pink / Chalk White,Cloud White / Clear Pink / Chalk White,in_stock,in_stock,1,0,0,22 EU | 21 EU | 23 EU | 25 EU | 24 EU | 26 EU | 27 EU,7,USD,USD,67.0,67.0,67.0,67.0,6030000.0,6030000.0,67.0,67.0,67.0,67.0,6030000.0,6030000.0,,,,,,,,,False,False,1,False,"Kids Unisex adidas Disney Minnie Mouse Grand Court Shoes, White","Kids Unisex adidas Disney Minnie Mouse Grand Court Shoes, White",https://www.adidas.com.lb/en/adidas-kids-unisex-adidas-disney-minnie-mouse-grand-court-shoes-white/A7_JR8130_ONE.html,https://www.adidas.com.lb/en/adidas-kids-unisex-adidas-disney-minnie-mouse-grand-court-shoes-white/A7_JR8130_ONE.html,1,Tennis,Tennis,unisex,unisex,White,White,in_stock,in_stock,1,0,0,25 | 27,2,LBP,LBP,6030000.0,6030000.0,67.0,67.0,6030000.0,6030000.0,6030000.0,6030000.0,67.0,67.0,6030000.0,6030000.0,,,,,,,,,False,False,Neither retailer currently shows a discount for this style code.
JR8978,exact_style_code,both_in_stock,neither_on_sale,False,,False,,False,,normalized_compare,False,90000.0,True,0.0,0.0,0.0,0.0,0.0,same_price,tie,True,0.0,neither_discounted,tie,1,False,Adidas F50 League Turf Men Football Shoes Team Solar Yellow,Adidas F50 League Turf Men Football Shoes Team Solar Yellow,https://lb.mikesport.com/products/adidas-f50-league-turf-men-football-shoes-team-solar-yellow,https://lb.mikesport.com/products/adidas-f50-league-turf-men-football-shoes-team-solar-yellow,1,shoes,shoes,men,men,Team Solar Yellow 2 / Core Black / Lucid Red,Team Solar Yellow 2 / Core Black / Lucid Red,in_stock,in_stock,1,0,0,44 2/3 EU | 45 1/3 EU | 46 EU | 46 2/3 EU | 47 1/3 EU | 39 1/3 EU | 40 EU | 40 2/3 EU | 41 1/3 EU | 42 EU | 42 2/3 EU | 43 1/3 EU | 44 EU,13,USD,USD,135.0,135.0,135.0,135.0,12150000.0,12150000.0,135.0,135.0,135.0,135.0,12150000.0,12150000.0,,,,,,,,,False,False,1,False,"Unisex F50 LEAGUE Turf Football Shoes , Yellow","Unisex F50 LEAGUE Turf Football Shoes , Yellow",https://www.adidas.com.lb/en/adidas-unisex-f50-league-turf-football-shoes-yellow/A7_JR8978_ONE.html,https://www.adidas.com.lb/en/adidas-unisex-f50-league-turf-football-shoes-yellow/A7_JR8978_ONE.html,1,Football,Football,unisex,unisex,Yellow,Yellow,in_stock,in_stock,1,0,0,39 1/3 | 40 | 40 2/3 | 41 1/3 | 42 | 42 2/3 | 43 1/3 | 44 | 44 2/3 | 45 1/3 | 46,11,LBP,LBP,12150000.0,12150000.0,135.0,135.0,12150000.0,12150000.0,12150000.0,12150000.0,135.0,135.0,12150000.0,12150000.0,,,,,,,,,False,False,Neither retailer currently shows a discount for this style code.
JR8995,exact_style_code,both_in_stock,neither_on_sale,False,,False,,False,,normalized_compare,False,90000.0,True,0.0,0.0,0.0,0.0,0.0,same_price,tie,True,0.0,neither_discounted,tie,1,False,Adidas F50 League Fg/Mg Men Football Shoes Team Solar Yellow,Adidas F50 League Fg/Mg Men Football Shoes Team Solar Yellow,https://lb.mikesport.com/products/adidas-f50-league-fg-mg-men-football-shoes-team-solar-yellow,https://lb.mikesport.com/products/adidas-f50-league-fg-mg-men-football-shoes-team-solar-yellow,1,shoes,shoes,men,men,Team Solar Yellow 2 / Core Black / Lucid Red,Team Solar Yellow 2 / Core Black / Lucid Red,in_stock,in_stock,1,0,0,44 2/3 EU | 45 1/3 EU | 46 EU | 46 2/3 EU | 40 EU | 40 2/3 EU | 41 1/3 EU | 42 EU | 42 2/3 EU | 43 1/3 EU | 44 EU,11,USD,USD,135.0,135.0,135.0,135.0,12150000.0,12150000.0,135.0,135.0,135.0,135.0,12150000.0,12150000.0,,,,,,,,,False,False,1,False,"Unisex F50 LEAGUE Firm Ground / Multi Ground Football Boots, Yellow","Unisex F50 LEAGUE Firm Ground / Multi Ground Football Boots, Yellow",https://www.adidas.com.lb/en/adidas-unisex-f50-league-firm-ground-multi-ground-football-boots-yellow/A7_JR8995_ONE.html,https://www.adidas.com.lb/en/adidas-unisex-f50-league-firm-ground-multi-ground-football-boots-yellow/A7_JR8995_ONE.html,1,Football,Football,unisex,unisex,Yellow,Yellow,in_stock,in_stock,1,0,0,40 | 42 | 42 2/3 | 43 1/3 | 44 | 44 2/3 | 45 1/3 | 46,8,LBP,LBP,12150000.0,12150000.0,135.0,135.0,12150000.0,12150000.0,12150000.0,12150000.0,135.0,135.0,12150000.0,12150000.0,,,,,,,,,False,False,Neither retailer currently shows a discount for this style code.
JR9014,exact_style_code,both_in_stock,neither_on_sale,True,Shoes,False,,False,,normalized_compare,False,90000.0,True,0.0,0.0,0.0,0.0,0.0,same_price,tie,True,0.0,neither_discounted,tie,1,False,Adidas F50 League Fg/Mg Kids Football Shoes Team Solar Yellow,Adidas F50 League Fg/Mg Kids Football Shoes Team Solar Yellow,https://lb.mikesport.com/products/adidas-f50-league-fg-mg-kids-football-shoes-team-solar-yellow,https://lb.mikesport.com/products/adidas-f50-league-fg-mg-kids-football-shoes-team-solar-yellow,1,shoes,shoes,kids,kids,Team Solar Yellow 2 / Core Black / Lucid Red,Team Solar Yellow 2 / Core Black / Lucid Red,in_stock,in_stock,1,0,0,30 EU | 31 EU | 32 EU | 34 EU | 35 EU | 35 1/2 EU | 36 EU | 36 2/3 EU | 37 1/3 EU | 38 EU | 38 2/3 EU,11,USD,USD,105.0,105.0,105.0,105.0,9450000.0,9450000.0,105.0,105.0,105.0,105.0,9450000.0,9450000.0,,,,,,,,,False,False,1,False,"Kids Unisex F50 LEAGUE Firm Ground / Multi Ground Football Boots, Yellow","Kids Unisex F50 LEAGUE Firm Ground / Multi Ground Football Boots, Yellow",https://www.adidas.com.lb/en/adidas-kids-unisex-f50-league-firm-ground-multi-ground-football-boots-yellow/A7_JR9014_ONE.html,https://www.adidas.com.lb/en/adidas-kids-unisex-f50-league-firm-ground-multi-ground-football-boots-yellow/A7_JR9014_ONE.html,1,Shoes,Shoes,unisex,unisex,Yellow,Yellow,in_stock,in_stock,1,0,0,29 | 30 | 31 | 32 | 33 | 34 | 35 | 36 | 36 2/3 | 37 1/3 | 38 | 38 2/3,12,LBP,LBP,9450000.0,9450000.0,105.0,105.0,9450000.0,9450000.0,9450000.0,9450000.0,105.0,105.0,9450000.0,9450000.0,,,,,,,,,False,False,Neither retailer currently shows a discount for this style code.
JR9018,exact_style_code,both_in_stock,neither_on_sale,True,Shoes,False,,False,,normalized_compare,False,90000.0,True,0.0,0.0,0.0,0.0,0.0,same_price,tie,True,0.0,neither_discounted,tie,1,False,Adidas F50 League Turf Kids Football Shoes Team Solar Yellow,Adidas F50 League Turf Kids Football Shoes Team Solar Yellow,https://lb.mikesport.com/products/adidas-f50-league-turf-kids-football-shoes-team-solar-yellow,https://lb.mikesport.com/products/adidas-f50-league-turf-kids-football-shoes-team-solar-yellow,1,shoes,shoes,kids,kids,Team Solar Yellow 2 / Core Black / Lucid Red,Team Solar Yellow 2 / Core Black / Lucid Red,in_stock,in_stock,1,0,0,33 EU | 30 EU | 29 EU | 31 EU | 32 EU | 34 EU | 35 EU | 35 1/2 EU | 36 EU | 36 2/3 EU | 37 1/3 EU | 38 EU | 38 2/3 EU,13,USD,USD,105.0,105.0,105.0,105.0,9450000.0,9450000.0,105.0,105.0,105.0,105.0,9450000.0,9450000.0,,,,,,,,,False,False,1,False,"Kids Unisex F50 LEAGUE Turf Football Shoes, Yellow","Kids Unisex F50 LEAGUE Turf Football Shoes, Yellow",https://www.adidas.com.lb/en/adidas-kids-unisex-f50-league-turf-football-shoes-yellow/A7_JR9018_ONE.html,https://www.adidas.com.lb/en/adidas-kids-unisex-f50-league-turf-football-shoes-yellow/A7_JR9018_ONE.html,1,Shoes,Shoes,unisex,unisex,Yellow,Yellow,in_stock,in_stock,1,0,0,28 | 29 | 30 | 31 | 32 | 33 | 34 | 35 | 36 | 36 2/3 | 37 1/3 | 38 | 38 2/3,13,LBP,LBP,9450000.0,9450000.0,105.0,105.0,9450000.0,9450000.0,9450000.0,9450000.0,105.0,105.0,9450000.0,9450000.0,,,,,,,,,False,False,Neither retailer currently shows a discount for this style code.
JS0422,exact_style_code,both_in_stock,neither_on_sale,False,,False,,False,,normalized_compare,False,90000.0,True,0.0,0.0,0.0,0.0,0.0,same_price,tie,True,0.0,neither_discounted,tie,1,False,Adidas Predator League Men Football Shoes Red/Black/White,Adidas Predator League Men Football Shoes Red/Black/White,https://lb.mikesport.com/products/adidas-predator-league-men-football-shoes-red-black-white,https://lb.mikesport.com/products/adidas-predator-league-men-football-shoes-red-black-white,1,shoes,shoes,men,men,Red/Black/White,Red/Black/White,in_stock,in_stock,1,0,0,44 2/3 EU | 45 1/3 EU | 46 EU | 46 2/3 EU | 39 1/3 EU | 40 EU | 40 2/3 EU | 41 1/3 EU | 42 EU | 42 2/3 EU | 43 1/3 EU | 44 EU,12,USD,USD,159.0,159.0,159.0,159.0,14310000.0,14310000.0,159.0,159.0,159.0,159.0,14310000.0,14310000.0,,,,,,,,,False,False,1,False,"Unisex PREDATOR LEAGUE Fold-Over Tongue Firm Ground Football Boots, Red","Unisex PREDATOR LEAGUE Fold-Over Tongue Firm Ground Football Boots, Red",https://www.adidas.com.lb/en/adidas-unisex-predator-league-fold-over-tongue-firm-ground-football-boots-red/A7_JS0422_ONE.html,https://www.adidas.com.lb/en/adidas-unisex-predator-league-fold-over-tongue-firm-ground-football-boots-red/A7_JS0422_ONE.html,1,Excluded,Excluded,unisex,unisex,Red,Red,in_stock,in_stock,1,0,0,39 1/3 | 40 | 40 2/3 | 41 1/3 | 42 | 42 2/3 | 43 1/3 | 44 | 44 2/3 | 45 1/3 | 46,11,LBP,LBP,14310000.0,14310000.0,159.0,159.0,14310000.0,14310000.0,14310000.0,14310000.0,159.0,159.0,14310000.0,14310000.0,,,,,,,,,False,False,Neither retailer currently shows a discount for this style code.
JS0426,exact_style_code,both_in_stock,neither_on_sale,False,,False,,False,,normalized_compare,False,90000.0,True,0.0,0.0,0.0,0.0,0.0,same_price,tie,True,0.0,neither_discounted,tie,1,False,Adidas Predator League Fold-Over Tongue Fg Men Football Shoes Iron Metallic,Adidas Predator League Fold-Over Tongue Fg Men Football Shoes Iron Metallic,https://lb.mikesport.com/products/adidas-predator-league-fold-over-tongue-fg-men-football-shoes-iron-metallic,https://lb.mikesport.com/products/adidas-predator-league-fold-over-tongue-fg-men-football-shoes-iron-metallic,1,shoes,shoes,men,men,Iron Metallic / Zero Metalic / Lucid Red,Iron Metallic / Zero Metalic / Lucid Red,in_stock,in_stock,1,0,0,44 2/3 EU | 45 1/3 EU | 39 1/3 EU | 40 EU | 40 2/3 EU | 41 1/3 EU | 42 EU | 42 2/3 EU | 43 1/3 EU,9,USD,USD,159.0,159.0,159.0,159.0,14310000.0,14310000.0,159.0,159.0,159.0,159.0,14310000.0,14310000.0,,,,,,,,,False,False,1,False,"Unisex Predator League Fold-Over Tongue Firm Ground Football Boots, Grey","Unisex Predator League Fold-Over Tongue Firm Ground Football Boots, Grey",https://www.adidas.com.lb/en/adidas-unisex-predator-league-fold-over-tongue-firm-ground-football-boots-grey/A7_JS0426_ONE.html,https://www.adidas.com.lb/en/adidas-unisex-predator-league-fold-over-tongue-firm-ground-football-boots-grey/A7_JS0426_ONE.html,1,Football,Football,unisex,unisex,Grey,Grey,in_stock,in_stock,1,0,0,39 1/3 | 40 | 41 1/3 | 42 | 42 2/3 | 43 1/3 | 44 | 44 2/3 | 45 1/3 | 46,10,LBP,LBP,14310000.0,14310000.0,159.0,159.0,14310000.0,14310000.0,14310000.0,14310000.0,159.0,159.0,14310000.0,14310000.0,,,,,,,,,False,False,Neither retailer currently shows a discount for this style code.
JS0913,exact_style_code,both_in_stock,both_on_sale,True,Shoes,True,men,False,,normalized_compare,False,90000.0,False,8.0,8.0,720000.0,7.77,7.77,adidas_cheaper,adidas_lb,False,-5.03,adidas_higher_discount,adidas_lb,1,False,Adidas Lightblaze Men Sportswear Shoes Grey/Black,Adidas Lightblaze Men Sportswear Shoes Grey/Black,https://lb.mikesport.com/products/adidas-lightblaze-men-sportswear-shoes-grey-black,https://lb.mikesport.com/products/adidas-lightblaze-men-sportswear-shoes-grey-black,1,shoes,shoes,men,men,Grey Five/Grey One/Core Black,Grey Five/Grey One/Core Black,in_stock,in_stock,1,0,0,42 2/3 EU | 43 1/3 EU,2,USD,USD,111.0,111.0,111.0,111.0,9990000.0,9990000.0,159.0,159.0,159.0,159.0,14310000.0,14310000.0,111.0,111.0,111.0,111.0,9990000.0,9990000.0,30.19,30.19,True,True,1,False,"Lightblaze Shoes, Grey","Lightblaze Shoes, Grey",https://www.adidas.com.lb/en/adidas-outlet-lightblaze-shoes-grey/A9_JS0913_ONE.html,https://www.adidas.com.lb/en/adidas-outlet-lightblaze-shoes-grey/A9_JS0913_ONE.html,1,Shoes,Shoes,men,men,Grey,Grey,in_stock,in_stock,1,0,0,41 1/3 | 42 | 43 1/3 | 44 | 45 1/3,5,LBP,LBP,9270000.0,9270000.0,103.0,103.0,9270000.0,9270000.0,14310000.0,14310000.0,159.0,159.0,14310000.0,14310000.0,9270000.0,9270000.0,103.0,103.0,9270000.0,9270000.0,35.22,35.22,True,True,
JS1729,exact_style_code,both_in_stock,neither_on_sale,True,Shoes,False,,False,,normalized_compare,False,90000.0,True,0.0,0.0,0.0,0.0,0.0,same_price,tie,True,0.0,neither_discounted,tie,1,False,Adidas Duramo Sl Infant-Girls Running Shoes Navy/Metallic/Pink,Adidas Duramo Sl Infant-Girls Running Shoes Navy/Metallic/Pink,https://lb.mikesport.com/products/adidas-duramo-sl-infant-girls-running-shoes-navy-metallic-pink,https://lb.mikesport.com/products/adidas-duramo-sl-infant-girls-running-shoes-navy-metallic-pink,1,shoes,shoes,girls,girls,Shadow Navy/Silver Metallic/Lucid Pink,Shadow Navy/Silver Metallic/Lucid Pink,in_stock,in_stock,1,0,0,22 EU | 21 EU | 23 EU | 25 EU | 24 EU | 26 EU | 27 EU,7,USD,USD,61.0,61.0,61.0,61.0,5490000.0,5490000.0,61.0,61.0,61.0,61.0,5490000.0,5490000.0,,,,,,,,,False,False,1,False,"Kids Unisex Duramo 2.0 Shoes, Blue","Kids Unisex Duramo 2.0 Shoes, Blue",https://www.adidas.com.lb/en/adidas-kids-unisex-duramo-2.0-shoes-blue/A7_JS1729_ONE.html,https://www.adidas.com.lb/en/adidas-kids-unisex-duramo-2.0-shoes-blue/A7_JS1729_ONE.html,1,Shoes,Shoes,unisex,unisex,Blue,Blue,in_stock,in_stock,1,0,0,22 | 23 | 24 | 25 | 26 | 27,6,LBP,LBP,5490000.0,5490000.0,61.0,61.0,5490000.0,5490000.0,5490000.0,5490000.0,61.0,61.0,5490000.0,5490000.0,,,,,,,,,False,False,Neither retailer currently shows a discount for this style code.
JS2167,exact_style_code,both_in_stock,neither_on_sale,False,,True,men,False,,normalized_compare,False,90000.0,False,1.0,1.0,90000.0,1.05,1.05,adidas_cheaper,adidas_lb,True,0.0,neither_discounted,tie,1,False,Adidas Ownthegame 3.0 Men Basketball Shoes Core Black,Adidas Ownthegame 3.0 Men Basketball Shoes Core Black,https://lb.mikesport.com/products/adidas-ownthegame-3-0-men-basketball-shoes-core-black,https://lb.mikesport.com/products/adidas-ownthegame-3-0-men-basketball-shoes-core-black,1,shoes,shoes,men,men,Core Black,Core Black,in_stock,in_stock,1,0,0,44 2/3 EU | 45 1/3 EU | 46 EU | 46 2/3 EU | 47 1/3 EU | 49 1/3 EU | 40 2/3 EU | 41 1/3 EU | 42 EU | 42 2/3 EU | 43 1/3 EU | 44 EU,12,USD,USD,96.0,96.0,96.0,96.0,8640000.0,8640000.0,96.0,96.0,96.0,96.0,8640000.0,8640000.0,,,,,,,,,False,False,1,False,"Ownthegame 3.0 Shoes, Black","Ownthegame 3.0 Shoes, Black",https://www.adidas.com.lb/en/adidas-ownthegame-3.0-shoes-black/A7_JS2167_ONE.html,https://www.adidas.com.lb/en/adidas-ownthegame-3.0-shoes-black/A7_JS2167_ONE.html,1,Basketball,Basketball,men,men,Black,Black,in_stock,in_stock,1,0,0,41 1/3 | 42 | 42 2/3 | 43 1/3 | 44 | 44 2/3 | 45 1/3 | 46 2/3,8,LBP,LBP,8550000.0,8550000.0,95.0,95.0,8550000.0,8550000.0,8550000.0,8550000.0,95.0,95.0,8550000.0,8550000.0,,,,,,,,,False,False,Neither retailer currently shows a discount for this style code.
JS2181,exact_style_code,both_in_stock,neither_on_sale,True,Shoes,False,,False,,normalized_compare,False,90000.0,True,0.0,0.0,0.0,0.0,0.0,same_price,tie,True,0.0,neither_discounted,tie,1,False,Adidas Ownthegame 3.0 Kids Basketball Shoes Core Black,Adidas Ownthegame 3.0 Kids Basketball Shoes Core Black,https://lb.mikesport.com/products/adidas-ownthegame-3-0-kids-basketball-shoes-core-black,https://lb.mikesport.com/products/adidas-ownthegame-3-0-kids-basketball-shoes-core-black,1,shoes,shoes,kids,kids,Core Black,Core Black,in_stock,in_stock,1,0,0,36 EU | 38 2/3 EU,2,USD,USD,80.0,80.0,80.0,80.0,7200000.0,7200000.0,80.0,80.0,80.0,80.0,7200000.0,7200000.0,,,,,,,,,False,False,1,False,"Kids Unisex Ownthegame 3.0 Shoes, Black","Kids Unisex Ownthegame 3.0 Shoes, Black",https://www.adidas.com.lb/en/adidas-kids-unisex-ownthegame-3.0-shoes-black/A7_JS2181_ONE.html,https://www.adidas.com.lb/en/adidas-kids-unisex-ownthegame-3.0-shoes-black/A7_JS2181_ONE.html,1,Shoes,Shoes,unisex,unisex,Black,Black,in_stock,in_stock,1,0,0,31 | 32 | 33 | 34 | 35 | 36 | 37 1/3 | 38 | 38 2/3 | 39 1/3,10,LBP,LBP,7200000.0,7200000.0,80.0,80.0,7200000.0,7200000.0,7200000.0,7200000.0,80.0,80.0,7200000.0,7200000.0,,,,,,,,,False,False,Neither retailer currently shows a discount for this style code.
JS2344,exact_style_code,both_in_stock,neither_on_sale,True,Shoes,False,,False,,normalized_compare,False,90000.0,True,0.0,0.0,0.0,0.0,0.0,same_price,tie,True,0.0,neither_discounted,tie,1,False,Adidas X Disney Mickey Mouse Grand Court Infant-Boys Sportswear Shoes Dark Blue,Adidas X Disney Mickey Mouse Grand Court Infant-Boys Sportswear Shoes Dark Blue,https://lb.mikesport.com/products/adidas-x-disney-mickey-mouse-grand-court-infant-boys-sportswear-shoes-dark-blue,https://lb.mikesport.com/products/adidas-x-disney-mickey-mouse-grand-court-infant-boys-sportswear-shoes-dark-blue,1,shoes,shoes,boys,boys,Dark Blue / Ice Tangerine / Pure Orange,Dark Blue / Ice Tangerine / Pure Orange,in_stock,in_stock,1,0,0,22 EU | 21 EU | 23 EU | 25 EU | 24 EU | 26 EU | 27 EU,7,USD,USD,67.0,67.0,67.0,67.0,6030000.0,6030000.0,67.0,67.0,67.0,67.0,6030000.0,6030000.0,,,,,,,,,False,False,1,False,"Kids Unisex Adidas X Disney Mickey Mouse Grand Court Shoes, Blue","Kids Unisex Adidas X Disney Mickey Mouse Grand Court Shoes, Blue",https://www.adidas.com.lb/en/adidas-kids-unisex-adidas-x-disney-mickey-mouse-grand-court-shoes-blue/A7_JS2344_ONE.html,https://www.adidas.com.lb/en/adidas-kids-unisex-adidas-x-disney-mickey-mouse-grand-court-shoes-blue/A7_JS2344_ONE.html,1,Shoes,Shoes,unisex,unisex,Blue,Blue,in_stock,in_stock,1,0,0,21 | 22 | 23 | 24 | 25 | 26 | 27,7,LBP,LBP,6030000.0,6030000.0,67.0,67.0,6030000.0,6030000.0,6030000.0,6030000.0,67.0,67.0,6030000.0,6030000.0,,,,,,,,,False,False,Neither retailer currently shows a discount for this style code.
JS3121,exact_style_code,both_in_stock,neither_on_sale,False,,True,women,False,,normalized_compare,False,90000.0,True,0.0,0.0,0.0,0.0,0.0,same_price,tie,True,0.0,neither_discounted,tie,1,False,Adidas Dropset Control Women Training Shoes White/Grey/Red,Adidas Dropset Control Women Training Shoes White/Grey/Red,https://lb.mikesport.com/products/adidas-dropset-control-women-training-shoes-white-grey-red,https://lb.mikesport.com/products/adidas-dropset-control-women-training-shoes-white-grey-red,1,shoes,shoes,women,women,Cloud White/Grey/Lucid Red,Cloud White/Grey/Lucid Red,in_stock,in_stock,1,0,0,40 EU,1,USD,USD,135.0,135.0,135.0,135.0,12150000.0,12150000.0,135.0,135.0,135.0,135.0,12150000.0,12150000.0,,,,,,,,,False,False,1,False,"Dropset Control Training Shoes, White","Dropset Control Training Shoes, White",https://www.adidas.com.lb/en/adidas-dropset-control-training-shoes-white/A7_JS3121_ONE.html,https://www.adidas.com.lb/en/adidas-dropset-control-training-shoes-white/A7_JS3121_ONE.html,1,Training,Training,women,women,White,White,in_stock,in_stock,1,0,0,36 2/3 | 37 1/3,2,LBP,LBP,12150000.0,12150000.0,135.0,135.0,12150000.0,12150000.0,12150000.0,12150000.0,135.0,135.0,12150000.0,12150000.0,,,,,,,,,False,False,Neither retailer currently shows a discount for this style code.
JS3676,exact_style_code,both_in_stock,neither_on_sale,False,,False,,False,,normalized_compare,False,90000.0,True,0.0,0.0,0.0,0.0,0.0,same_price,tie,True,0.0,neither_discounted,tie,1,False,Adidas Breaknet 3.0 Infant-Girls Sportswear Shoes Cloud White/Pink,Adidas Breaknet 3.0 Infant-Girls Sportswear Shoes Cloud White/Pink,https://lb.mikesport.com/products/adidas-breaknet-3-0-infant-girls-sportswear-shoes-cloud-white-pink,https://lb.mikesport.com/products/adidas-breaknet-3-0-infant-girls-sportswear-shoes-cloud-white-pink,1,shoes,shoes,girls,girls,Cloud White/Pink Fusion/Clear Pink,Cloud White/Pink Fusion/Clear Pink,in_stock,in_stock,1,0,0,22 EU | 21 EU | 23 EU | 25 EU | 24 EU | 26 EU | 27 EU,7,USD,USD,54.0,54.0,54.0,54.0,4860000.0,4860000.0,54.0,54.0,54.0,54.0,4860000.0,4860000.0,,,,,,,,,False,False,1,False,"Kids Unisex Breaknet 3.0 Shoes, White","Kids Unisex Breaknet 3.0 Shoes, White",https://www.adidas.com.lb/en/adidas-kids-unisex-breaknet-3.0-shoes-white/A7_JS3676_ONE.html,https://www.adidas.com.lb/en/adidas-kids-unisex-breaknet-3.0-shoes-white/A7_JS3676_ONE.html,1,Tennis,Tennis,unisex,unisex,White,White,in_stock,in_stock,1,0,0,21 | 23 | 24 | 25 | 26 | 27,6,LBP,LBP,4860000.0,4860000.0,54.0,54.0,4860000.0,4860000.0,4860000.0,4860000.0,54.0,54.0,4860000.0,4860000.0,,,,,,,,,False,False,Neither retailer currently shows a discount for this style code.
JS3678,exact_style_code,both_in_stock,neither_on_sale,False,,False,,False,,normalized_compare,False,90000.0,True,0.0,0.0,0.0,0.0,0.0,same_price,tie,True,0.0,neither_discounted,tie,1,False,Adidas Breaknet 3.0 Infant-Boys Sportswear Shoes White/Bright Royal,Adidas Breaknet 3.0 Infant-Boys Sportswear Shoes White/Bright Royal,https://lb.mikesport.com/products/adidas-breaknet-3-0-infant-boys-sportswear-shoes-white-bright-royal,https://lb.mikesport.com/products/adidas-breaknet-3-0-infant-boys-sportswear-shoes-white-bright-royal,1,shoes,shoes,boys,boys,Cloud White/Bright Royal,Cloud White/Bright Royal,in_stock,in_stock,1,0,0,22 EU | 21 EU | 23 EU | 25 EU | 24 EU | 26 EU | 27 EU,7,USD,USD,54.0,54.0,54.0,54.0,4860000.0,4860000.0,54.0,54.0,54.0,54.0,4860000.0,4860000.0,,,,,,,,,False,False,1,False,"Kids Unisex Breaknet 3.0 Shoes, White","Kids Unisex Breaknet 3.0 Shoes, White",https://www.adidas.com.lb/en/adidas-kids-unisex-breaknet-3.0-shoes-white/A7_JS3678_ONE.html,https://www.adidas.com.lb/en/adidas-kids-unisex-breaknet-3.0-shoes-white/A7_JS3678_ONE.html,1,Tennis,Tennis,unisex,unisex,White,White,in_stock,in_stock,1,0,0,27,1,LBP,LBP,4860000.0,4860000.0,54.0,54.0,4860000.0,4860000.0,4860000.0,4860000.0,54.0,54.0,4860000.0,4860000.0,,,,,,,,,False,False,Neither retailer currently shows a discount for this style code.
JS3686,exact_style_code,both_in_stock,neither_on_sale,False,,False,,False,,normalized_compare,False,90000.0,True,0.0,0.0,0.0,0.0,0.0,same_price,tie,True,0.0,neither_discounted,tie,1,False,Adidas Breaknet 3.0 Ps-Boys Sportswear Shoes Cloud White/Black,Adidas Breaknet 3.0 Ps-Boys Sportswear Shoes Cloud White/Black,https://lb.mikesport.com/products/adidas-breaknet-3-0-ps-boys-sportswear-shoes-cloud-white-black,https://lb.mikesport.com/products/adidas-breaknet-3-0-ps-boys-sportswear-shoes-cloud-white-black,1,shoes,shoes,boys,boys,Cloud White/Core Black,Cloud White/Core Black,in_stock,in_stock,1,0,0,33 EU | 32 EU | 34 EU,3,USD,USD,61.0,61.0,61.0,61.0,5490000.0,5490000.0,61.0,61.0,61.0,61.0,5490000.0,5490000.0,,,,,,,,,False,False,1,False,"Kids Unisex Breaknet 3.0 Shoes, White","Kids Unisex Breaknet 3.0 Shoes, White",https://www.adidas.com.lb/en/adidas-kids-unisex-breaknet-3.0-shoes-white/A7_JS3686_ONE.html,https://www.adidas.com.lb/en/adidas-kids-unisex-breaknet-3.0-shoes-white/A7_JS3686_ONE.html,1,Tennis,Tennis,unisex,unisex,White,White,in_stock,in_stock,1,0,0,29,1,LBP,LBP,5490000.0,5490000.0,61.0,61.0,5490000.0,5490000.0,5490000.0,5490000.0,61.0,61.0,5490000.0,5490000.0,,,,,,,,,False,False,Neither retailer currently shows a discount for this style code.
JS3865,exact_style_code,both_in_stock,both_on_sale,True,Shoes,True,men,False,,normalized_compare,False,90000.0,False,8.0,8.0,720000.0,7.77,7.77,adidas_cheaper,adidas_lb,False,-5.03,adidas_higher_discount,adidas_lb,1,False,Adidas Handball Spezial Men Originals Shoes Cream White/Blue,Adidas Handball Spezial Men Originals Shoes Cream White/Blue,https://lb.mikesport.com/products/adidas-handball-spezial-men-originals-shoes-cream-white-blue,https://lb.mikesport.com/products/adidas-handball-spezial-men-originals-shoes-cream-white-blue,1,shoes,shoes,men,men,Cream White/Blue/Warm Sandstone,Cream White/Blue/Warm Sandstone,in_stock,in_stock,1,0,0,45 1/3 EU | 40 2/3 EU | 41 1/3 EU | 42 EU | 42 2/3 EU | 43 1/3 EU | 44 EU,7,USD,USD,111.0,111.0,111.0,111.0,9990000.0,9990000.0,159.0,159.0,159.0,159.0,14310000.0,14310000.0,111.0,111.0,111.0,111.0,9990000.0,9990000.0,30.19,30.19,True,True,1,False,"Handball Spezial, Beige","Handball Spezial, Beige",https://www.adidas.com.lb/en/adidas-outlet-handball-spezial-beige/A9_JS3865_ONE.html,https://www.adidas.com.lb/en/adidas-outlet-handball-spezial-beige/A9_JS3865_ONE.html,1,Shoes,Shoes,men,men,Beige,Beige,in_stock,in_stock,1,0,0,40 2/3 | 41 1/3 | 42 | 42 2/3 | 43 1/3 | 44 | 44 2/3 | 45 1/3 | 46,9,LBP,LBP,9270000.0,9270000.0,103.0,103.0,9270000.0,9270000.0,14310000.0,14310000.0,159.0,159.0,14310000.0,14310000.0,9270000.0,9270000.0,103.0,103.0,9270000.0,9270000.0,35.22,35.22,True,True,
JS4430,exact_style_code,both_in_stock,neither_on_sale,False,,True,men,False,,normalized_compare,False,90000.0,True,0.0,0.0,0.0,0.0,0.0,same_price,tie,True,0.0,neither_discounted,tie,1,False,Adidas Duramo Rc2 Men Running Shoes Halo Silver,Adidas Duramo Rc2 Men Running Shoes Halo Silver,https://lb.mikesport.com/products/adidas-duramo-rc2-men-running-shoes-halo-silver,https://lb.mikesport.com/products/adidas-duramo-rc2-men-running-shoes-halo-silver,1,shoes,shoes,men,men,Halo Silver / Silver Metallic / Grey Five,Halo Silver / Silver Metallic / Grey Five,in_stock,in_stock,1,0,0,44 2/3 EU | 45 1/3 EU | 46 EU | 46 2/3 EU | 40 2/3 EU | 41 1/3 EU | 42 EU | 42 2/3 EU | 43 1/3 EU | 44 EU,10,USD,USD,76.0,76.0,76.0,76.0,6840000.0,6840000.0,76.0,76.0,76.0,76.0,6840000.0,6840000.0,,,,,,,,,False,False,1,False,"Duramo RC2 Running Shoes, Grey","Duramo RC2 Running Shoes, Grey",https://www.adidas.com.lb/en/adidas-duramo-rc2-running-shoes-grey/A7_JS4430_ONE.html,https://www.adidas.com.lb/en/adidas-duramo-rc2-running-shoes-grey/A7_JS4430_ONE.html,1,Running,Running,men,men,Grey,Grey,in_stock,in_stock,1,0,0,40 | 40 2/3 | 41 1/3 | 42 | 42 2/3 | 43 1/3 | 44 | 44 2/3 | 45 1/3 | 46 | 47 1/3,11,LBP,LBP,6840000.0,6840000.0,76.0,76.0,6840000.0,6840000.0,6840000.0,6840000.0,76.0,76.0,6840000.0,6840000.0,,,,,,,,,False,False,Neither retailer currently shows a discount for this style code.
JS4435,exact_style_code,mikesport_only_in_stock,neither_on_sale,False,,True,women,False,,normalized_compare,False,90000.0,False,1.0,1.0,90000.0,1.32,1.32,adidas_cheaper,adidas_lb,True,0.0,neither_discounted,tie,1,False,Adidas Duramo Rc2 Women Running Shoes Core Black,Adidas Duramo Rc2 Women Running Shoes Core Black,https://lb.mikesport.com/products/adidas-duramo-rc2-women-running-shoes-core-black,https://lb.mikesport.com/products/adidas-duramo-rc2-women-running-shoes-core-black,1,shoes,shoes,women,women,Core Black / Cloud White / Halo Silver,Core Black / Cloud White / Halo Silver,in_stock,in_stock,1,0,0,36 2/3 EU | 37 1/3 EU | 38 EU | 38 2/3 EU | 39 1/3 EU | 40 EU | 40 2/3 EU | 41 1/3 EU,8,USD,USD,77.0,77.0,77.0,77.0,6930000.0,6930000.0,77.0,77.0,77.0,77.0,6930000.0,6930000.0,,,,,,,,,False,False,1,False,"Duramo RC2 Running Shoes, Black","Duramo RC2 Running Shoes, Black",https://www.adidas.com.lb/en/adidas-duramo-rc2-running-shoes-black/A7_JS4435_ONE.html,https://www.adidas.com.lb/en/adidas-duramo-rc2-running-shoes-black/A7_JS4435_ONE.html,1,Running,Running,women,women,Black,Black,out_of_stock,out_of_stock,0,1,0,,0,LBP,LBP,6840000.0,6840000.0,76.0,76.0,6840000.0,6840000.0,6840000.0,6840000.0,76.0,76.0,6840000.0,6840000.0,,,,,,,,,False,False,Neither retailer currently shows a discount for this style code.
JV5079,exact_style_code,both_in_stock,neither_on_sale,False,,False,,True,Black,normalized_compare,False,90000.0,False,1.0,1.0,90000.0,3.57,3.57,adidas_cheaper,adidas_lb,True,0.0,neither_discounted,tie,1,False,Adidas Camo Graphic Kids-Boys Sportswear T-Shirt Black,Adidas Camo Graphic Kids-Boys Sportswear T-Shirt Black,https://lb.mikesport.com/products/jv5079-j-camo-t-black,https://lb.mikesport.com/products/jv5079-j-camo-t-black,1,t-shirt,t-shirt,boys,boys,Black,Black,in_stock,in_stock,1,0,0,7-8 Years,1,USD,USD,29.0,29.0,29.0,29.0,2610000.0,2610000.0,29.0,29.0,29.0,29.0,2610000.0,2610000.0,,,,,,,,,False,False,1,False,"Kids Unisex Camo Graphic T-Shirt, Black","Kids Unisex Camo Graphic T-Shirt, Black",https://www.adidas.com.lb/en/adidas-kids-unisex-camo-graphic-t-shirt-black/A7_JV5079_ONE.html,https://www.adidas.com.lb/en/adidas-kids-unisex-camo-graphic-t-shirt-black/A7_JV5079_ONE.html,1,T-Shirts,T-Shirts,unisex,unisex,Black,Black,in_stock,in_stock,1,0,0,7-8 Yrs | 11-12 Yrs | 13-14 Yrs | 9-10 Yrs | 15-16 Yrs,5,LBP,LBP,2520000.0,2520000.0,28.0,28.0,2520000.0,2520000.0,2520000.0,2520000.0,28.0,28.0,2520000.0,2520000.0,,,,,,,,,False,False,Neither retailer currently shows a discount for this style code.
JV5379,exact_style_code,both_in_stock,neither_on_sale,False,,True,men,False,,normalized_compare,False,90000.0,False,1.0,1.0,90000.0,1.14,1.14,adidas_cheaper,adidas_lb,True,0.0,neither_discounted,tie,1,False,Adidas Mercedes Amg Petronas Formula One Team Dna Men Motor-Spor Pant Black/White,Adidas Mercedes Amg Petronas Formula One Team Dna Men Motor-Spor Pant Black/White,https://lb.mikesport.com/products/adidas-trefoil-series-men-original-t-shirt-black,https://lb.mikesport.com/products/adidas-trefoil-series-men-original-t-shirt-black,1,pant,pant,men,men,Black/White,Black/White,in_stock,in_stock,1,0,0,2XL | L | M | XL,4,USD,USD,89.0,89.0,89.0,89.0,8010000.0,8010000.0,89.0,89.0,89.0,89.0,8010000.0,8010000.0,,,,,,,,,False,False,1,False,"Mercedes - AMG Petronas Formula One Team DNA Joggers, Black","Mercedes - AMG Petronas Formula One Team DNA Joggers, Black",https://www.adidas.com.lb/en/adidas-mercedes---amg-petronas-formula-one-team-dna-joggers-black/A7_JV5379_ONE.html,https://www.adidas.com.lb/en/adidas-mercedes---amg-petronas-formula-one-team-dna-joggers-black/A7_JV5379_ONE.html,1,Joggers & Trousers,Joggers & Trousers,men,men,Black,Black,in_stock,in_stock,1,0,0,S | M,2,LBP,LBP,7920000.0,7920000.0,88.0,88.0,7920000.0,7920000.0,7920000.0,7920000.0,88.0,88.0,7920000.0,7920000.0,,,,,,,,,False,False,Neither retailer currently shows a discount for this style code.
JV5845,exact_style_code,both_in_stock,neither_on_sale,False,,True,men,False,,normalized_compare,False,90000.0,True,0.0,0.0,0.0,0.0,0.0,same_price,tie,True,0.0,neither_discounted,tie,1,False,Adidas Real Madrid 25/26 Third Jersey Men Football T-Shirt Blue Bird,Adidas Real Madrid 25/26 Third Jersey Men Football T-Shirt Blue Bird,https://lb.mikesport.com/products/adidas-real-madrid-25-26-third-jersey-men-football-t-shirt-blue-bird,https://lb.mikesport.com/products/adidas-real-madrid-25-26-third-jersey-men-football-t-shirt-blue-bird,1,t-shirt,t-shirt,men,men,"way and a subtle nod to the Bernabéu's identity, it's the perfect shade to celebrate the ultimate soccer partnership. Serrated 3-Stripes and a Trefoil add extra adidas heritage. Moisture-managing AEROREADY keeps fans focused. Highlights: Slim fit Crewneck AEROREADY Real Madrid embroidered crest Composition: 100% polyester (recycled) Color: Blue Bird","way and a subtle nod to the Bernabéu's identity, it's the perfect shade to celebrate the ultimate soccer partnership. Serrated 3-Stripes and a Trefoil add extra adidas heritage. Moisture-managing AEROREADY keeps fans focused. Highlights: Slim fit Crewneck AEROREADY Real Madrid embroidered crest Composition: 100% polyester (recycled) Color: Blue Bird",in_stock,in_stock,1,0,0,L,1,USD,USD,159.0,159.0,159.0,159.0,14310000.0,14310000.0,159.0,159.0,159.0,159.0,14310000.0,14310000.0,,,,,,,,,False,False,1,False,"Real Madrid 25/26 Third Jersey, Blue","Real Madrid 25/26 Third Jersey, Blue",https://www.adidas.com.lb/en/adidas-real-madrid-25-26-third-jersey-blue/A7_JV5845_ONE.html,https://www.adidas.com.lb/en/adidas-real-madrid-25-26-third-jersey-blue/A7_JV5845_ONE.html,1,Jerseys,Jerseys,men,men,Blue,Blue,in_stock,in_stock,1,0,0,XS | S | M | L | XL | 2XL,6,LBP,LBP,14310000.0,14310000.0,159.0,159.0,14310000.0,14310000.0,14310000.0,14310000.0,159.0,159.0,14310000.0,14310000.0,,,,,,,,,False,False,Neither retailer currently shows a discount for this style code.
JV6425,exact_style_code,both_in_stock,neither_on_sale,False,,True,men,False,,normalized_compare,False,90000.0,True,0.0,0.0,0.0,0.0,0.0,same_price,tie,True,0.0,neither_discounted,tie,1,False,Adidas Liverpool Fc 25/26 Home Men Football Short Strawberry Red,Adidas Liverpool Fc 25/26 Home Men Football Short Strawberry Red,https://lb.mikesport.com/products/adidas-liverpool-fc-25-26-home-men-football-short-strawberry-red,https://lb.mikesport.com/products/adidas-liverpool-fc-25-26-home-men-football-short-strawberry-red,1,short,short,men,men,Strawberry Red,Strawberry Red,in_stock,in_stock,1,0,0,L | M | S,3,USD,USD,67.0,67.0,67.0,67.0,6030000.0,6030000.0,67.0,67.0,67.0,67.0,6030000.0,6030000.0,,,,,,,,,False,False,1,False,"Liverpool FC 25/26 Home Shorts, Red","Liverpool FC 25/26 Home Shorts, Red",https://www.adidas.com.lb/en/adidas-liverpool-fc-25-26-home-shorts-red/A7_JV6425_ONE.html,https://www.adidas.com.lb/en/adidas-liverpool-fc-25-26-home-shorts-red/A7_JV6425_ONE.html,1,Shorts,Shorts,men,men,Red,Red,in_stock,in_stock,1,0,0,S | M | L,3,LBP,LBP,6030000.0,6030000.0,67.0,67.0,6030000.0,6030000.0,6030000.0,6030000.0,67.0,67.0,6030000.0,6030000.0,,,,,,,,,False,False,Neither retailer currently shows a discount for this style code.
JV6436,exact_style_code,both_in_stock,neither_on_sale,False,,True,unisex,False,,normalized_compare,False,90000.0,True,0.0,0.0,0.0,0.0,0.0,same_price,tie,True,0.0,neither_discounted,tie,1,False,Adidas Liverpool Fc 25/26 Home Jersey Kids-Boys Football T-Shirt Strawberry Red,Adidas Liverpool Fc 25/26 Home Jersey Kids-Boys Football T-Shirt Strawberry Red,https://lb.mikesport.com/products/adidas-liverpool-fc-25-26-home-jersey-kids-boys-football-t-shirt-strawberry-red,https://lb.mikesport.com/products/adidas-liverpool-fc-25-26-home-jersey-kids-boys-football-t-shirt-strawberry-red,1,t-shirt,t-shirt,unisex,unisex,Strawberry Red,Strawberry Red,in_stock,in_stock,1,0,0,7-8 Years | 9-10 Years | 13-14 Years,3,USD,USD,117.0,117.0,117.0,117.0,10530000.0,10530000.0,117.0,117.0,117.0,117.0,10530000.0,10530000.0,,,,,,,,,False,False,1,False,"Kids Unisex Liverpool FC 25/26 Home Jersey, Red","Kids Unisex Liverpool FC 25/26 Home Jersey, Red",https://www.adidas.com.lb/en/adidas-kids-unisex-liverpool-fc-25-26-home-jersey-red/A7_JV6436_ONE.html,https://www.adidas.com.lb/en/adidas-kids-unisex-liverpool-fc-25-26-home-jersey-red/A7_JV6436_ONE.html,1,Jerseys,Jerseys,unisex,unisex,Red,Red,in_stock,in_stock,1,0,0,7-8 Yrs | 11-12 Yrs | 13-14 Yrs | 9-10 Yrs | 15-16 Yrs,5,LBP,LBP,10530000.0,10530000.0,117.0,117.0,10530000.0,10530000.0,10530000.0,10530000.0,117.0,117.0,10530000.0,10530000.0,,,,,,,,,False,False,Neither retailer currently shows a discount for this style code.
JV6441,exact_style_code,both_in_stock,neither_on_sale,False,,False,,False,,normalized_compare,False,90000.0,False,98.0,98.0,8820000.0,160.66,160.66,adidas_cheaper,adidas_lb,True,0.0,neither_discounted,tie,1,False,Adidas Liverpool Fc 25/26 Home Jersey Men Football T-Shirt Strawberry Red,Adidas Liverpool Fc 25/26 Home Jersey Men Football T-Shirt Strawberry Red,https://lb.mikesport.com/products/adidas-liverpool-fc-25-26-home-jersey-men-football-t-shirt-strawberry-red,https://lb.mikesport.com/products/adidas-liverpool-fc-25-26-home-jersey-men-football-t-shirt-strawberry-red,1,t-shirt,t-shirt,men,men,Strawberry Red,Strawberry Red,in_stock,in_stock,1,0,0,L | M | S | XL,4,USD,USD,159.0,159.0,159.0,159.0,14310000.0,14310000.0,159.0,159.0,159.0,159.0,14310000.0,14310000.0,,,,,,,,,False,False,1,False,"Kids Unisex Liverpool FC 25/26 Home Shorts, Red","Kids Unisex Liverpool FC 25/26 Home Shorts, Red",https://www.adidas.com.lb/en/adidas-kids-unisex-liverpool-fc-25-26-home-shorts-red/A7_JV6441_ONE.html,https://www.adidas.com.lb/en/adidas-kids-unisex-liverpool-fc-25-26-home-shorts-red/A7_JV6441_ONE.html,1,Shorts,Shorts,unisex,unisex,Red,Red,in_stock,in_stock,1,0,0,7-8 Yrs | 11-12 Yrs | 9-10 Yrs,3,LBP,LBP,5490000.0,5490000.0,61.0,61.0,5490000.0,5490000.0,5490000.0,5490000.0,61.0,61.0,5490000.0,5490000.0,,,,,,,,,False,False,Neither retailer currently shows a discount for this style code.
JV6487,exact_style_code,both_in_stock,neither_on_sale,False,,True,men,False,,normalized_compare,False,90000.0,True,0.0,0.0,0.0,0.0,0.0,same_price,tie,True,0.0,neither_discounted,tie,1,False,Adidas Liverpool Fc 25/26 Away Jersey Men Football T-Shirt Wonder White,Adidas Liverpool Fc 25/26 Away Jersey Men Football T-Shirt Wonder White,https://lb.mikesport.com/products/adidas-liverpool-fc-25-26-away-jersey-men-football-t-shirt-wonder-white,https://lb.mikesport.com/products/adidas-liverpool-fc-25-26-away-jersey-men-football-t-shirt-wonder-white,1,t-shirt,t-shirt,men,men,Wonder White,Wonder White,in_stock,in_stock,1,0,0,L | S | XL,3,USD,USD,159.0,159.0,159.0,159.0,14310000.0,14310000.0,159.0,159.0,159.0,159.0,14310000.0,14310000.0,,,,,,,,,False,False,1,False,"Liverpool FC 25/26 Away Jersey, White","Liverpool FC 25/26 Away Jersey, White",https://www.adidas.com.lb/en/adidas-liverpool-fc-25-26-away-jersey-white/A7_JV6487_ONE.html,https://www.adidas.com.lb/en/adidas-liverpool-fc-25-26-away-jersey-white/A7_JV6487_ONE.html,1,Jerseys,Jerseys,men,men,White,White,in_stock,in_stock,1,0,0,XS | S | M | L | 2XL,5,LBP,LBP,14310000.0,14310000.0,159.0,159.0,14310000.0,14310000.0,14310000.0,14310000.0,159.0,159.0,14310000.0,14310000.0,,,,,,,,,False,False,Neither retailer currently shows a discount for this style code.
JV7401,exact_style_code,both_in_stock,neither_on_sale,False,,True,unisex,True,White,normalized_compare,False,90000.0,True,0.0,0.0,0.0,0.0,0.0,same_price,tie,True,0.0,neither_discounted,tie,1,False,Adidas 3S Crew 3 Pack Unisex Original Sock White,Adidas 3S Crew 3 Pack Unisex Original Sock White,https://lb.mikesport.com/products/adidas-3s-crew-3-pack-unisex-original-sock-white,https://lb.mikesport.com/products/adidas-3s-crew-3-pack-unisex-original-sock-white,1,sock,sock,unisex,unisex,White,White,in_stock,in_stock,1,0,0,L | M | S | XS,4,USD,USD,21.0,21.0,21.0,21.0,1890000.0,1890000.0,21.0,21.0,21.0,21.0,1890000.0,1890000.0,,,,,,,,,False,False,2,True,"Unisex 3-Stripes Crew Socks - 3 Pairs, White","Unisex 3-Stripes Crew Socks 3 Pairs, White | Unisex 3-Stripes Crew Socks - 3 Pairs, White",https://www.adidas.com.lb/en/adidas-outlet-unisex-3-stripes-crew-socks---3-pairs-white/A9_JV7401_ONE.html,https://www.adidas.com.lb/en/adidas-unisex-3-stripes-crew-socks-3-pairs-white/A7_JV7401_ONE.html | https://www.adidas.com.lb/en/adidas-outlet-unisex-3-stripes-crew-socks---3-pairs-white/A9_JV7401_ONE.html,2,Socks,Socks,unisex,unisex,White,White,in_stock,in_stock,2,0,0,34-36 | 37-39 | M | L | 31-33,5,LBP,LBP,1890000.0,1890000.0,21.0,21.0,1890000.0,1890000.0,1890000.0,1890000.0,21.0,21.0,1890000.0,1890000.0,,,,,,,,,False,False,Neither retailer currently shows a discount for this style code.
JV7402,exact_style_code,both_in_stock,neither_on_sale,False,,True,unisex,True,Black,normalized_compare,False,90000.0,True,0.0,0.0,0.0,0.0,0.0,same_price,tie,True,0.0,neither_discounted,tie,1,False,Adidas 3S Crew 3 Pack Unisex Original Sock Black,Adidas 3S Crew 3 Pack Unisex Original Sock Black,https://lb.mikesport.com/products/adidas-3s-crew-3-pack-unisex-original-sock-black,https://lb.mikesport.com/products/adidas-3s-crew-3-pack-unisex-original-sock-black,1,sock,sock,unisex,unisex,Black,Black,in_stock,in_stock,1,0,0,L | M | S | XS,4,USD,USD,21.0,21.0,21.0,21.0,1890000.0,1890000.0,21.0,21.0,21.0,21.0,1890000.0,1890000.0,,,,,,,,,False,False,2,True,"Unisex 3-Stripes Crew Socks - 3 Pairs, Black","Unisex 3-Stripes Crew Socks 3 Pairs, Black | Unisex 3-Stripes Crew Socks - 3 Pairs, Black",https://www.adidas.com.lb/en/adidas-outlet-unisex-3-stripes-crew-socks---3-pairs-black/A9_JV7402_ONE.html,https://www.adidas.com.lb/en/adidas-unisex-3-stripes-crew-socks-3-pairs-black/A7_JV7402_ONE.html | https://www.adidas.com.lb/en/adidas-outlet-unisex-3-stripes-crew-socks---3-pairs-black/A9_JV7402_ONE.html,2,Socks,Socks,unisex,unisex,Black,Black,in_stock,in_stock,2,0,0,34-36 | 37-39 | M | L | 31-33,5,LBP,LBP,1890000.0,1890000.0,21.0,21.0,1890000.0,1890000.0,1890000.0,1890000.0,21.0,21.0,1890000.0,1890000.0,,,,,,,,,False,False,Neither retailer currently shows a discount for this style code.
JV7924,exact_style_code,both_in_stock,neither_on_sale,False,,True,women,True,Black,normalized_compare,False,90000.0,False,1.0,1.0,90000.0,1.14,1.14,adidas_cheaper,adidas_lb,True,0.0,neither_discounted,tie,1,False,Adidas Optime Workout Women Training 7/8 Tight Black,Adidas Optime Workout Women Training 7/8 Tight Black,https://lb.mikesport.com/products/adidas-optime-workout-women-training-7-8-tight-black,https://lb.mikesport.com/products/adidas-optime-workout-women-training-7-8-tight-black,1,7/8_tight,7/8_tight,women,women,Black,Black,in_stock,in_stock,1,0,0,L | M | S | XS,4,USD,USD,89.0,89.0,89.0,89.0,8010000.0,8010000.0,89.0,89.0,89.0,89.0,8010000.0,8010000.0,,,,,,,,,False,False,1,False,"Optime Workout 7/8 Leggings, Black","Optime Workout 7/8 Leggings, Black",https://www.adidas.com.lb/en/adidas-optime-workout-7-8-leggings-black/A7_JV7924_ONE.html,https://www.adidas.com.lb/en/adidas-optime-workout-7-8-leggings-black/A7_JV7924_ONE.html,1,Leggings,Leggings,women,women,Black,Black,in_stock,in_stock,1,0,0,XS | S | M | L,4,LBP,LBP,7920000.0,7920000.0,88.0,88.0,7920000.0,7920000.0,7920000.0,7920000.0,88.0,88.0,7920000.0,7920000.0,,,,,,,,,False,False,Neither retailer currently shows a discount for this style code.
JW0971,exact_style_code,both_in_stock,neither_on_sale,False,,True,men,True,Black,normalized_compare,False,90000.0,True,0.0,0.0,0.0,0.0,0.0,same_price,tie,True,0.0,neither_discounted,tie,1,False,Adidas Trefoil Essentials Men Original T-Shirt Black,Adidas Trefoil Essentials Men Original T-Shirt Black,https://lb.mikesport.com/products/adidas-trefoil-essentials-men-original-t-shirt-black,https://lb.mikesport.com/products/adidas-trefoil-essentials-men-original-t-shirt-black,1,t-shirt,t-shirt,men,men,Black,Black,in_stock,in_stock,1,0,0,L | XL,2,USD,USD,54.0,54.0,54.0,54.0,4860000.0,4860000.0,54.0,54.0,54.0,54.0,4860000.0,4860000.0,,,,,,,,,False,False,1,False,"Trefoil Essentials T-Shirt, Black","Trefoil Essentials T-Shirt, Black",https://www.adidas.com.lb/en/adidas-trefoil-essentials-t-shirt-black/A7_JW0971_ONE.html,https://www.adidas.com.lb/en/adidas-trefoil-essentials-t-shirt-black/A7_JW0971_ONE.html,1,T-Shirts,T-Shirts,men,men,Black,Black,in_stock,in_stock,1,0,0,XS | S | M | L | XL,5,LBP,LBP,4860000.0,4860000.0,54.0,54.0,4860000.0,4860000.0,4860000.0,4860000.0,54.0,54.0,4860000.0,4860000.0,,,,,,,,,False,False,Neither retailer currently shows a discount for this style code.
JW1530,exact_style_code,both_in_stock,neither_on_sale,False,,True,unisex,False,,normalized_compare,False,90000.0,False,1.0,1.0,90000.0,3.57,3.57,adidas_cheaper,adidas_lb,True,0.0,neither_discounted,tie,1,False,Adidas Tiro Club Unisex Football Ball White/Black,Adidas Tiro Club Unisex Football Ball White/Black,https://lb.mikesport.com/products/adidas-tiro-club-unisex-football-ball-white-black-1,https://lb.mikesport.com/products/adidas-tiro-club-unisex-football-ball-white-black-1,1,ball,ball,unisex,unisex,Granite/Off White,Granite/Off White,in_stock,in_stock,1,0,0,5,1,USD,USD,29.0,29.0,29.0,29.0,2610000.0,2610000.0,29.0,29.0,29.0,29.0,2610000.0,2610000.0,,,,,,,,,False,False,1,False,"Unisex Tiro Club Ball, White","Unisex Tiro Club Ball, White",https://www.adidas.com.lb/en/adidas-unisex-tiro-club-ball-white/A7_JW1530_ONE.html,https://www.adidas.com.lb/en/adidas-unisex-tiro-club-ball-white/A7_JW1530_ONE.html,1,Sports Balls,Sports Balls,unisex,unisex,White,White,in_stock,in_stock,1,0,0,4 | 5,2,LBP,LBP,2520000.0,2520000.0,28.0,28.0,2520000.0,2520000.0,2520000.0,2520000.0,28.0,28.0,2520000.0,2520000.0,,,,,,,,,False,False,Neither retailer currently shows a discount for this style code.
JW6270,exact_style_code,both_in_stock,neither_on_sale,False,,True,unisex,False,,normalized_compare,False,90000.0,False,1.0,1.0,90000.0,1.32,1.32,adidas_cheaper,adidas_lb,True,0.0,neither_discounted,tie,1,False,Adidas Mercedes - Amg Petronas Formula One Team Driver Unisex Motor-Spor Cap White/Black,Adidas Mercedes - Amg Petronas Formula One Team Driver Unisex Motor-Spor Cap White/Black,https://lb.mikesport.com/products/adidas-mercedes-amg-petronas-formula-one-team-driver-unisex-motor-spor-cap-white-black,https://lb.mikesport.com/products/adidas-mercedes-amg-petronas-formula-one-team-driver-unisex-motor-spor-cap-white-black,1,cap,cap,unisex,unisex,White/Black,White/Black,in_stock,in_stock,1,0,0,,0,USD,USD,77.0,77.0,77.0,77.0,6930000.0,6930000.0,77.0,77.0,77.0,77.0,6930000.0,6930000.0,,,,,,,,,False,False,1,False,"Unisex Mercedes - AMG Petronas Formula One Team Driver Cap, White","Unisex Mercedes - AMG Petronas Formula One Team Driver Cap, White",https://www.adidas.com.lb/en/adidas-unisex-mercedes---amg-petronas-formula-one-team-driver-cap-white/A7_JW6270_ONE.html,https://www.adidas.com.lb/en/adidas-unisex-mercedes---amg-petronas-formula-one-team-driver-cap-white/A7_JW6270_ONE.html,1,Caps,Caps,unisex,unisex,White,White,in_stock,in_stock,1,0,0,One-Size,1,LBP,LBP,6840000.0,6840000.0,76.0,76.0,6840000.0,6840000.0,6840000.0,6840000.0,76.0,76.0,6840000.0,6840000.0,,,,,,,,,False,False,Neither retailer currently shows a discount for this style code.
JW7584,exact_style_code,both_in_stock,neither_on_sale,False,,True,women,True,Black,normalized_compare,False,90000.0,False,1.0,1.0,90000.0,1.05,1.05,adidas_cheaper,adidas_lb,True,0.0,neither_discounted,tie,1,False,Adidas All Me 7/8 Women Training 7/8 Tight Black,Adidas All Me 7/8 Women Training 7/8 Tight Black,https://lb.mikesport.com/products/adidas-all-me-7-8-women-training-7-8-tight-black,https://lb.mikesport.com/products/adidas-all-me-7-8-women-training-7-8-tight-black,1,7/8_tight,7/8_tight,women,women,Black,Black,in_stock,in_stock,1,0,0,L | M | S | XS,4,USD,USD,96.0,96.0,96.0,96.0,8640000.0,8640000.0,96.0,96.0,96.0,96.0,8640000.0,8640000.0,,,,,,,,,False,False,1,False,"All Me 7/8 Leggings, Black","All Me 7/8 Leggings, Black",https://www.adidas.com.lb/en/adidas-all-me-7-8-leggings-black/A7_JW7584_ONE.html,https://www.adidas.com.lb/en/adidas-all-me-7-8-leggings-black/A7_JW7584_ONE.html,1,Leggings,Leggings,women,women,Black,Black,in_stock,in_stock,1,0,0,XS | S | M | L,4,LBP,LBP,8550000.0,8550000.0,95.0,95.0,8550000.0,8550000.0,8550000.0,8550000.0,95.0,95.0,8550000.0,8550000.0,,,,,,,,,False,False,Neither retailer currently shows a discount for this style code.
JW7661,exact_style_code,both_in_stock,neither_on_sale,False,,True,women,True,Black,normalized_compare,False,90000.0,True,0.0,0.0,0.0,0.0,0.0,same_price,tie,True,0.0,neither_discounted,tie,1,False,Adidas All Me Essentials Full-Length Women Training Tight Black,Adidas All Me Essentials Full-Length Women Training Tight Black,https://lb.mikesport.com/products/adidas-all-me-essentials-full-length-women-training-tight-black,https://lb.mikesport.com/products/adidas-all-me-essentials-full-length-women-training-tight-black,1,tight,tight,women,women,Black,Black,in_stock,in_stock,1,0,0,L | M | S | XS,4,USD,USD,67.0,67.0,67.0,67.0,6030000.0,6030000.0,67.0,67.0,67.0,67.0,6030000.0,6030000.0,,,,,,,,,False,False,1,False,"All Me Essentials Full-Length Leggings, Black","All Me Essentials Full-Length Leggings, Black",https://www.adidas.com.lb/en/adidas-all-me-essentials-full-length-leggings-black/A7_JW7661_ONE.html,https://www.adidas.com.lb/en/adidas-all-me-essentials-full-length-leggings-black/A7_JW7661_ONE.html,1,Leggings,Leggings,women,women,Black,Black,in_stock,in_stock,1,0,0,XS | S | M,3,LBP,LBP,6030000.0,6030000.0,67.0,67.0,6030000.0,6030000.0,6030000.0,6030000.0,67.0,67.0,6030000.0,6030000.0,,,,,,,,,False,False,Neither retailer currently shows a discount for this style code.
JW7667,exact_style_code,both_in_stock,neither_on_sale,False,,True,women,True,Black,normalized_compare,False,90000.0,True,0.0,0.0,0.0,0.0,0.0,same_price,tie,True,0.0,neither_discounted,tie,1,False,Adidas All Me Essentials Flare Women Training Tight Black,Adidas All Me Essentials Flare Women Training Tight Black,https://lb.mikesport.com/products/adidas-all-me-essentials-flare-women-training-tight-black,https://lb.mikesport.com/products/adidas-all-me-essentials-flare-women-training-tight-black,1,tight,tight,women,women,Black,Black,in_stock,in_stock,1,0,0,M | S | XS,3,USD,USD,80.0,80.0,80.0,80.0,7200000.0,7200000.0,80.0,80.0,80.0,80.0,7200000.0,7200000.0,,,,,,,,,False,False,1,False,"All Me Essentials Flare Leggings, Black","All Me Essentials Flare Leggings, Black",https://www.adidas.com.lb/en/adidas-all-me-essentials-flare-leggings-black/A7_JW7667_ONE.html,https://www.adidas.com.lb/en/adidas-all-me-essentials-flare-leggings-black/A7_JW7667_ONE.html,1,Leggings,Leggings,women,women,Black,Black,in_stock,in_stock,1,0,0,XS | S | M | L,4,LBP,LBP,7200000.0,7200000.0,80.0,80.0,7200000.0,7200000.0,7200000.0,7200000.0,80.0,80.0,7200000.0,7200000.0,,,,,,,,,False,False,Neither retailer currently shows a discount for this style code.
JW9707,exact_style_code,both_in_stock,both_on_sale,False,,True,men,True,Black,normalized_compare,False,90000.0,False,3.0,3.0,270000.0,8.57,8.57,adidas_cheaper,adidas_lb,False,-5.56,adidas_higher_discount,adidas_lb,1,False,Adidas Train Essentials Seasonal All Over Print Men Training T-Shirt Black,Adidas Train Essentials Seasonal All Over Print Men Training T-Shirt Black,https://lb.mikesport.com/products/adidas-train-essentials-seasonal-all-over-print-men-training-t-shirt-black,https://lb.mikesport.com/products/adidas-train-essentials-seasonal-all-over-print-men-training-t-shirt-black,1,t-shirt,t-shirt,men,men,Black,Black,in_stock,in_stock,1,0,0,XL,1,USD,USD,38.0,38.0,38.0,38.0,3420000.0,3420000.0,54.0,54.0,54.0,54.0,4860000.0,4860000.0,38.0,38.0,38.0,38.0,3420000.0,3420000.0,29.63,29.63,True,True,1,False,"Train Essentials Seasonal All Over Print T-Shirt, Black","Train Essentials Seasonal All Over Print T-Shirt, Black",https://www.adidas.com.lb/en/adidas-outlet-train-essentials-seasonal-all-over-print-t-shirt-black/A9_JW9707_ONE.html,https://www.adidas.com.lb/en/adidas-outlet-train-essentials-seasonal-all-over-print-t-shirt-black/A9_JW9707_ONE.html,1,Clothing,Clothing,men,men,Black,Black,in_stock,in_stock,1,0,0,XS | S | M | L | XL,5,LBP,LBP,3150000.0,3150000.0,35.0,35.0,3150000.0,3150000.0,4860000.0,4860000.0,54.0,54.0,4860000.0,4860000.0,3150000.0,3150000.0,35.0,35.0,3150000.0,3150000.0,35.19,35.19,True,True,
JX0213,exact_style_code,both_in_stock,neither_on_sale,False,,False,,False,,normalized_compare,False,90000.0,False,1.0,1.0,90000.0,2.13,2.13,adidas_cheaper,adidas_lb,True,0.0,neither_discounted,tie,1,False,Adidas Adicolor Classic Men Original Backpack Night Indigo,Adidas Adicolor Classic Men Original Backpack Night Indigo,https://lb.mikesport.com/products/adidas-adicolor-classic-men-original-backpack-night-indigo,https://lb.mikesport.com/products/adidas-adicolor-classic-men-original-backpack-night-indigo,1,bags_cases_and_luggage,bags_cases_and_luggage,men,men,Night Indigo,Night Indigo,in_stock,in_stock,1,0,0,,0,USD,USD,48.0,48.0,48.0,48.0,4320000.0,4320000.0,48.0,48.0,48.0,48.0,4320000.0,4320000.0,,,,,,,,,False,False,1,False,"Unisex Adicolor Classic Backpack, Blue","Unisex Adicolor Classic Backpack, Blue",https://www.adidas.com.lb/en/adidas-unisex-adicolor-classic-backpack-blue/A7_JX0213_ONE.html,https://www.adidas.com.lb/en/adidas-unisex-adicolor-classic-backpack-blue/A7_JX0213_ONE.html,1,Bags & Backpacks,Bags & Backpacks,unisex,unisex,Blue,Blue,in_stock,in_stock,1,0,0,NS,1,LBP,LBP,4230000.0,4230000.0,47.0,47.0,4230000.0,4230000.0,4230000.0,4230000.0,47.0,47.0,4230000.0,4230000.0,,,,,,,,,False,False,Neither retailer currently shows a discount for this style code.
JX0217,exact_style_code,both_in_stock,neither_on_sale,False,,True,unisex,False,,normalized_compare,False,90000.0,False,1.0,1.0,90000.0,2.44,2.44,adidas_cheaper,adidas_lb,True,0.0,neither_discounted,tie,1,False,Adidas Adicolor Small Unisex Original Backpack Black/White,Adidas Adicolor Small Unisex Original Backpack Black/White,https://lb.mikesport.com/products/adidas-adicolor-small-unisex-original-backpack-black-white,https://lb.mikesport.com/products/adidas-adicolor-small-unisex-original-backpack-black-white,1,bags_cases_and_luggage,bags_cases_and_luggage,unisex,unisex,Black/White,Black/White,in_stock,in_stock,1,0,0,,0,USD,USD,42.0,42.0,42.0,42.0,3780000.0,3780000.0,42.0,42.0,42.0,42.0,3780000.0,3780000.0,,,,,,,,,False,False,1,False,"Unisex Adicolor Small Backpack, Black","Unisex Adicolor Small Backpack, Black",https://www.adidas.com.lb/en/adidas-unisex-adicolor-small-backpack-black/A7_JX0217_ONE.html,https://www.adidas.com.lb/en/adidas-unisex-adicolor-small-backpack-black/A7_JX0217_ONE.html,1,Bags & Backpacks,Bags & Backpacks,unisex,unisex,Black,Black,in_stock,in_stock,1,0,0,NS,1,LBP,LBP,3690000.0,3690000.0,41.0,41.0,3690000.0,3690000.0,3690000.0,3690000.0,41.0,41.0,3690000.0,3690000.0,,,,,,,,,False,False,Neither retailer currently shows a discount for this style code.
JX2247,exact_style_code,both_in_stock,neither_on_sale,False,,True,men,False,,normalized_compare,False,90000.0,True,0.0,0.0,0.0,0.0,0.0,same_price,tie,True,0.0,neither_discounted,tie,1,False,Adidas Own The Run Men Running Short Preloved Ink,Adidas Own The Run Men Running Short Preloved Ink,https://lb.mikesport.com/products/adidas-own-the-run-men-running-short-preloved-ink,https://lb.mikesport.com/products/adidas-own-the-run-men-running-short-preloved-ink,1,short,short,men,men,Preloved Ink/White,Preloved Ink/White,in_stock,in_stock,1,0,0,M | S | XL,3,USD,USD,54.0,54.0,54.0,54.0,4860000.0,4860000.0,54.0,54.0,54.0,54.0,4860000.0,4860000.0,,,,,,,,,False,False,1,False,"Own The Run Shorts, Blue","Own The Run Shorts, Blue",https://www.adidas.com.lb/en/adidas-own-the-run-shorts-blue/A7_JX2247_ONE.html,https://www.adidas.com.lb/en/adidas-own-the-run-shorts-blue/A7_JX2247_ONE.html,1,Shorts,Shorts,men,men,Blue,Blue,in_stock,in_stock,1,0,0,S 7 | M 7 | XL7 | XS7,4,LBP,LBP,4860000.0,4860000.0,54.0,54.0,4860000.0,4860000.0,4860000.0,4860000.0,54.0,54.0,4860000.0,4860000.0,,,,,,,,,False,False,Neither retailer currently shows a discount for this style code.
JX2673,exact_style_code,both_in_stock,neither_on_sale,False,,True,men,True,Black,normalized_compare,False,90000.0,True,0.0,0.0,0.0,0.0,0.0,same_price,tie,True,0.0,neither_discounted,tie,1,False,Adidas Essentials 5 Inch Men Swim Swim Short Black/White,Adidas Essentials 5 Inch Men Swim Swim Short Black/White,https://lb.mikesport.com/products/adidas-essentials-5-inch-men-swim-swim-short-black-white,https://lb.mikesport.com/products/adidas-essentials-5-inch-men-swim-swim-short-black-white,1,swim_short,swim_short,men,men,Black,Black,in_stock,in_stock,1,0,0,2XL | L | M | S | XL,5,USD,USD,44.0,44.0,44.0,44.0,3960000.0,3960000.0,44.0,44.0,44.0,44.0,3960000.0,3960000.0,,,,,,,,,False,False,1,False,"Swim 5-Inch Shorts, Black","Swim 5-Inch Shorts, Black",https://www.adidas.com.lb/en/adidas-swim-5-inch-shorts-black/A7_JX2673_ONE.html,https://www.adidas.com.lb/en/adidas-swim-5-inch-shorts-black/A7_JX2673_ONE.html,1,Shorts,Shorts,men,men,Black,Black,in_stock,in_stock,1,0,0,S | M | L | XL,4,LBP,LBP,3960000.0,3960000.0,44.0,44.0,3960000.0,3960000.0,3960000.0,3960000.0,44.0,44.0,3960000.0,3960000.0,,,,,,,,,False,False,Neither retailer currently shows a discount for this style code.
JX3142,exact_style_code,both_in_stock,both_on_sale,False,,True,women,False,,normalized_compare,False,90000.0,False,5.0,5.0,450000.0,8.06,8.06,adidas_cheaper,adidas_lb,False,-4.53,adidas_higher_discount,adidas_lb,1,False,Adidas Essentials Linear Oversized Jogger Women Originals Pant Cream White,Adidas Essentials Linear Oversized Jogger Women Originals Pant Cream White,https://lb.mikesport.com/products/adidas-essentials-linear-oversized-jogger-women-originals-pant-cream-white,https://lb.mikesport.com/products/adidas-essentials-linear-oversized-jogger-women-originals-pant-cream-white,1,pant,pant,women,women,Cream White,Cream White,in_stock,in_stock,1,0,0,M,1,USD,USD,67.0,67.0,67.0,67.0,6030000.0,6030000.0,96.0,96.0,96.0,96.0,8640000.0,8640000.0,67.0,67.0,67.0,67.0,6030000.0,6030000.0,30.21,30.21,True,True,1,False,"Essentials Linear Jogger Pant Oversized, Beige","Essentials Linear Jogger Pant Oversized, Beige",https://www.adidas.com.lb/en/adidas-outlet-essentials-linear-jogger-pant-oversized-beige/A9_JX3142_ONE.html,https://www.adidas.com.lb/en/adidas-outlet-essentials-linear-jogger-pant-oversized-beige/A9_JX3142_ONE.html,1,Clothing,Clothing,women,women,Beige,Beige,in_stock,in_stock,1,0,0,XS | S | M | L,4,LBP,LBP,5580000.0,5580000.0,62.0,62.0,5580000.0,5580000.0,8550000.0,8550000.0,95.0,95.0,8550000.0,8550000.0,5580000.0,5580000.0,62.0,62.0,5580000.0,5580000.0,34.74,34.74,True,True,
JX5006,exact_style_code,both_in_stock,neither_on_sale,False,,True,women,True,Black,normalized_compare,False,90000.0,True,0.0,0.0,0.0,0.0,0.0,same_price,tie,True,0.0,neither_discounted,tie,1,False,Adidas Optime 3-Stripes Medium Support Women Training Bra Black,Adidas Optime 3-Stripes Medium Support Women Training Bra Black,https://lb.mikesport.com/products/adidas-optime-3-stripes-medium-support-women-training-bra-black,https://lb.mikesport.com/products/adidas-optime-3-stripes-medium-support-women-training-bra-black,1,bra,bra,women,women,Black,Black,in_stock,in_stock,1,0,0,M,1,USD,USD,67.0,67.0,67.0,67.0,6030000.0,6030000.0,67.0,67.0,67.0,67.0,6030000.0,6030000.0,,,,,,,,,False,False,1,False,"Optime Workout 3-Stripes Medium Support Bra, Black","Optime Workout 3-Stripes Medium Support Bra, Black",https://www.adidas.com.lb/en/adidas-optime-workout-3-stripes-medium-support-bra-black/A7_JX5006_ONE.html,https://www.adidas.com.lb/en/adidas-optime-workout-3-stripes-medium-support-bra-black/A7_JX5006_ONE.html,1,Sports Bras,Sports Bras,women,women,Black,Black,in_stock,in_stock,1,0,0,XS | S | M | L | XL,5,LBP,LBP,6030000.0,6030000.0,67.0,67.0,6030000.0,6030000.0,6030000.0,6030000.0,67.0,67.0,6030000.0,6030000.0,,,,,,,,,False,False,Neither retailer currently shows a discount for this style code.
JX7186,exact_style_code,both_in_stock,neither_on_sale,False,,True,men,True,Black,normalized_compare,False,90000.0,True,0.0,0.0,0.0,0.0,0.0,same_price,tie,True,0.0,neither_discounted,tie,1,False,Adidas City Tech Utility Woven Men Sportswear Pant Black,Adidas City Tech Utility Woven Men Sportswear Pant Black,https://lb.mikesport.com/products/adidas-city-tech-utility-woven-men-sportswear-pant-black,https://lb.mikesport.com/products/adidas-city-tech-utility-woven-men-sportswear-pant-black,1,pant,pant,men,men,Black,Black,in_stock,in_stock,1,0,0,2XL | L | M | S | XL,5,USD,USD,105.0,105.0,105.0,105.0,9450000.0,9450000.0,105.0,105.0,105.0,105.0,9450000.0,9450000.0,,,,,,,,,False,False,1,False,"City Tech Utility Woven Tracksuit Bottoms, Black","City Tech Utility Woven Tracksuit Bottoms, Black",https://www.adidas.com.lb/en/adidas-city-tech-utility-woven-tracksuit-bottoms-black/A7_JX7186_ONE.html,https://www.adidas.com.lb/en/adidas-city-tech-utility-woven-tracksuit-bottoms-black/A7_JX7186_ONE.html,1,Joggers & Trousers,Joggers & Trousers,men,men,Black,Black,in_stock,in_stock,1,0,0,S | M | L | XL,4,LBP,LBP,9450000.0,9450000.0,105.0,105.0,9450000.0,9450000.0,9450000.0,9450000.0,105.0,105.0,9450000.0,9450000.0,,,,,,,,,False,False,Neither retailer currently shows a discount for this style code.
JY4158,exact_style_code,both_in_stock,both_on_sale,False,,True,unisex,False,,normalized_compare,False,90000.0,False,2.0,2.0,180000.0,11.11,11.11,adidas_cheaper,adidas_lb,False,-4.68,adidas_higher_discount,adidas_lb,1,False,Adidas Smiley 3 Pairs Per Pack Unisex Sportswear Sock Grey/Yellow/Black,Adidas Smiley 3 Pairs Per Pack Unisex Sportswear Sock Grey/Yellow/Black,https://lb.mikesport.com/products/adidas-smiley-3-pairs-per-pack-unisex-sportswear-sock-grey-yellow-black,https://lb.mikesport.com/products/adidas-smiley-3-pairs-per-pack-unisex-sportswear-sock-grey-yellow-black,1,sock,sock,unisex,unisex,Medium Grey Heather/Bright Yellow/Black,Medium Grey Heather/Bright Yellow/Black,in_stock,in_stock,1,0,0,M,1,USD,USD,20.0,20.0,20.0,20.0,1800000.0,1800000.0,29.0,29.0,29.0,29.0,2610000.0,2610000.0,20.0,20.0,20.0,20.0,1800000.0,1800000.0,31.03,31.03,True,True,1,False,"Kids Unisex Adidas Smiley Socks - 3 Pairs, Multicolour","Kids Unisex Adidas Smiley Socks - 3 Pairs, Multicolour",https://www.adidas.com.lb/en/adidas-outlet-kids-unisex-adidas-smiley-socks---3-pairs-multicolour/A9_JY4158_ONE.html,https://www.adidas.com.lb/en/adidas-outlet-kids-unisex-adidas-smiley-socks---3-pairs-multicolour/A9_JY4158_ONE.html,1,Accessories,Accessories,unisex,unisex,Multicolour,Multicolour,in_stock,in_stock,1,0,0,34-36 | 37-39 | M | 25-27 | 28-30 | 31-33,6,LBP,LBP,1620000.0,1620000.0,18.0,18.0,1620000.0,1620000.0,2520000.0,2520000.0,28.0,28.0,2520000.0,2520000.0,1620000.0,1620000.0,18.0,18.0,1620000.0,1620000.0,35.71,35.71,True,True,
JY7585,exact_style_code,both_in_stock,neither_on_sale,False,,True,unisex,False,,normalized_compare,False,90000.0,True,0.0,0.0,0.0,0.0,0.0,same_price,tie,True,0.0,neither_discounted,tie,1,False,Adidas Italy 26 Home Kids-Unisex Football T-Shirt Bold Blue,Adidas Italy 26 Home Kids-Unisex Football T-Shirt Bold Blue,https://lb.mikesport.com/products/adidas-italy-26-home-kids-unisex-football-t-shirt-bold-blue,https://lb.mikesport.com/products/adidas-italy-26-home-kids-unisex-football-t-shirt-bold-blue,1,t-shirt,t-shirt,unisex,unisex,Bold Blue,Bold Blue,in_stock,in_stock,1,0,0,7-8 Years | 9-10 Years | 11-12 Years | 13-14 Years,4,USD,USD,117.0,117.0,117.0,117.0,10530000.0,10530000.0,117.0,117.0,117.0,117.0,10530000.0,10530000.0,,,,,,,,,False,False,1,False,"Kids Unisex Italy 26 Home Kids Jersey, Blue","Kids Unisex Italy 26 Home Kids Jersey, Blue",https://www.adidas.com.lb/en/adidas-kids-unisex-italy-26-home-kids-jersey-blue/A7_JY7585_ONE.html,https://www.adidas.com.lb/en/adidas-kids-unisex-italy-26-home-kids-jersey-blue/A7_JY7585_ONE.html,1,Jerseys,Jerseys,unisex,unisex,Blue,Blue,in_stock,in_stock,1,0,0,7-8 Yrs | 11-12 Yrs | 9-10 Yrs,3,LBP,LBP,10530000.0,10530000.0,117.0,117.0,10530000.0,10530000.0,10530000.0,10530000.0,117.0,117.0,10530000.0,10530000.0,,,,,,,,,False,False,Neither retailer currently shows a discount for this style code.
JY7606,exact_style_code,both_in_stock,neither_on_sale,False,,True,unisex,True,White,normalized_compare,False,90000.0,True,0.0,0.0,0.0,0.0,0.0,same_price,tie,True,0.0,neither_discounted,tie,1,False,Adidas Italy 26 Home Kids-Unisex Football Short White,Adidas Italy 26 Home Kids-Unisex Football Short White,https://lb.mikesport.com/products/adidas-italy-26-home-kids-unisex-football-short-white,https://lb.mikesport.com/products/adidas-italy-26-home-kids-unisex-football-short-white,1,short,short,unisex,unisex,White,White,in_stock,in_stock,1,0,0,9-10 Years | 11-12 Years | 13-14 Years,3,USD,USD,61.0,61.0,61.0,61.0,5490000.0,5490000.0,61.0,61.0,61.0,61.0,5490000.0,5490000.0,,,,,,,,,False,False,1,False,"Kids Unisex Italy 26 Home Kids Shorts, White","Kids Unisex Italy 26 Home Kids Shorts, White",https://www.adidas.com.lb/en/adidas-kids-unisex-italy-26-home-kids-shorts-white/A7_JY7606_ONE.html,https://www.adidas.com.lb/en/adidas-kids-unisex-italy-26-home-kids-shorts-white/A7_JY7606_ONE.html,1,Shorts,Shorts,unisex,unisex,White,White,in_stock,in_stock,1,0,0,7-8 Yrs | 9-10 Yrs,2,LBP,LBP,5490000.0,5490000.0,61.0,61.0,5490000.0,5490000.0,5490000.0,5490000.0,61.0,61.0,5490000.0,5490000.0,,,,,,,,,False,False,Neither retailer currently shows a discount for this style code.
JZ0201,exact_style_code,both_in_stock,neither_on_sale,False,,True,women,True,Multicolor,normalized_compare,False,90000.0,True,0.0,0.0,0.0,0.0,0.0,same_price,tie,True,0.0,neither_discounted,tie,1,False,Adidas Seasonal Essentials Leopard Print Biker 3 Stripes Women Sportswear Short Multicolor,Adidas Seasonal Essentials Leopard Print Biker 3 Stripes Women Sportswear Short Multicolor,https://lb.mikesport.com/products/adidas-seasonal-essentials-leopard-print-biker-3-stripes-women-sportswear-short-multicolor,https://lb.mikesport.com/products/adidas-seasonal-essentials-leopard-print-biker-3-stripes-women-sportswear-short-multicolor,1,short,short,women,women,Multicolor,Multicolor,in_stock,in_stock,1,0,0,M | S | XS,3,USD,USD,54.0,54.0,54.0,54.0,4860000.0,4860000.0,54.0,54.0,54.0,54.0,4860000.0,4860000.0,,,,,,,,,False,False,1,False,"Seasonal Essentials Leopard Print Biker Shorts with 3-Stripes, Multicolor","Seasonal Essentials Leopard Print Biker Shorts with 3-Stripes, Multicolor",https://www.adidas.com.lb/en/adidas-seasonal-essentials-leopard-print-biker-shorts-with-3-stripes-multicolor/A7_JZ0201_ONE.html,https://www.adidas.com.lb/en/adidas-seasonal-essentials-leopard-print-biker-shorts-with-3-stripes-multicolor/A7_JZ0201_ONE.html,1,Leggings,Leggings,women,women,Multicolor,Multicolor,in_stock,in_stock,1,0,0,S | M | L,3,LBP,LBP,4860000.0,4860000.0,54.0,54.0,4860000.0,4860000.0,4860000.0,4860000.0,54.0,54.0,4860000.0,4860000.0,,,,,,,,,False,False,Neither retailer currently shows a discount for this style code.
JZ0204,exact_style_code,both_in_stock,neither_on_sale,False,,True,women,True,Multicolor,normalized_compare,False,90000.0,True,0.0,0.0,0.0,0.0,0.0,same_price,tie,True,0.0,neither_discounted,tie,1,False,Adidas Seasonal Essentials Leopard Print 3 Stripes Women Sportswear Dress Multicolor,Adidas Seasonal Essentials Leopard Print 3 Stripes Women Sportswear Dress Multicolor,https://lb.mikesport.com/products/adidas-seasonal-essentials-leopard-print-3-stripes-women-sportswear-dress-multicolor-1,https://lb.mikesport.com/products/adidas-seasonal-essentials-leopard-print-3-stripes-women-sportswear-dress-multicolor-1,1,dress,dress,women,women,Multicolor,Multicolor,in_stock,in_stock,1,0,0,L | M | S | XS,4,USD,USD,67.0,67.0,67.0,67.0,6030000.0,6030000.0,67.0,67.0,67.0,67.0,6030000.0,6030000.0,,,,,,,,,False,False,1,False,"Seasonal Essentials Leopard Print Mini-Dress with 3-Stripes, Multicolor","Seasonal Essentials Leopard Print Mini-Dress with 3-Stripes, Multicolor",https://www.adidas.com.lb/en/adidas-seasonal-essentials-leopard-print-mini-dress-with-3-stripes-multicolor/A7_JZ0204_ONE.html,https://www.adidas.com.lb/en/adidas-seasonal-essentials-leopard-print-mini-dress-with-3-stripes-multicolor/A7_JZ0204_ONE.html,1,Dresses & Skirts,Dresses & Skirts,women,women,Multicolor,Multicolor,in_stock,in_stock,1,0,0,M | L,2,LBP,LBP,6030000.0,6030000.0,67.0,67.0,6030000.0,6030000.0,6030000.0,6030000.0,67.0,67.0,6030000.0,6030000.0,,,,,,,,,False,False,Neither retailer currently shows a discount for this style code.
JZ0506,exact_style_code,both_in_stock,neither_on_sale,False,,True,unisex,False,,normalized_compare,False,90000.0,False,1.0,1.0,90000.0,2.7,2.7,adidas_cheaper,adidas_lb,True,0.0,neither_discounted,tie,1,False,Adidas Running Essential Climacool 6 Panel Baseball Unisex Training Cap Black,Adidas Running Essential Climacool 6 Panel Baseball Unisex Training Cap Black,https://lb.mikesport.com/products/adidas-running-essential-climacool-6-panel-baseball-unisex-training-cap-black,https://lb.mikesport.com/products/adidas-running-essential-climacool-6-panel-baseball-unisex-training-cap-black,1,cap,cap,unisex,unisex,Black / Reflective Silver,Black / Reflective Silver,in_stock,in_stock,1,0,0,,0,USD,USD,38.0,38.0,38.0,38.0,3420000.0,3420000.0,38.0,38.0,38.0,38.0,3420000.0,3420000.0,,,,,,,,,False,False,1,False,"Unisex Running Essential Climacool 6 Panel Baseball Cap, Black","Unisex Running Essential Climacool 6 Panel Baseball Cap, Black",https://www.adidas.com.lb/en/adidas-unisex-running-essential-climacool-6-panel-baseball-cap-black/A7_JZ0506_ONE.html,https://www.adidas.com.lb/en/adidas-unisex-running-essential-climacool-6-panel-baseball-cap-black/A7_JZ0506_ONE.html,1,Accessories,Accessories,unisex,unisex,Black,Black,in_stock,in_stock,1,0,0,One-Size,1,LBP,LBP,3330000.0,3330000.0,37.0,37.0,3330000.0,3330000.0,3330000.0,3330000.0,37.0,37.0,3330000.0,3330000.0,,,,,,,,,False,False,Neither retailer currently shows a discount for this style code.
JZ0507,exact_style_code,both_in_stock,neither_on_sale,False,,True,unisex,False,,normalized_compare,False,90000.0,False,1.0,1.0,90000.0,2.7,2.7,adidas_cheaper,adidas_lb,True,0.0,neither_discounted,tie,1,False,Adidas Running Essential Climacool 6 Panel Baseball Unisex Training Cap White,Adidas Running Essential Climacool 6 Panel Baseball Unisex Training Cap White,https://lb.mikesport.com/products/adidas-running-essential-climacool-6-panel-baseball-unisex-training-cap-white,https://lb.mikesport.com/products/adidas-running-essential-climacool-6-panel-baseball-unisex-training-cap-white,1,cap,cap,unisex,unisex,White / Reflective Silver,White / Reflective Silver,in_stock,in_stock,1,0,0,,0,USD,USD,38.0,38.0,38.0,38.0,3420000.0,3420000.0,38.0,38.0,38.0,38.0,3420000.0,3420000.0,,,,,,,,,False,False,1,False,"Unisex Running Essential Climacool 6 Panel Baseball Cap, White","Unisex Running Essential Climacool 6 Panel Baseball Cap, White",https://www.adidas.com.lb/en/adidas-unisex-running-essential-climacool-6-panel-baseball-cap-white/A7_JZ0507_ONE.html,https://www.adidas.com.lb/en/adidas-unisex-running-essential-climacool-6-panel-baseball-cap-white/A7_JZ0507_ONE.html,1,Accessories,Accessories,unisex,unisex,White,White,in_stock,in_stock,1,0,0,One-Size,1,LBP,LBP,3330000.0,3330000.0,37.0,37.0,3330000.0,3330000.0,3330000.0,3330000.0,37.0,37.0,3330000.0,3330000.0,,,,,,,,,False,False,Neither retailer currently shows a discount for this style code.
JZ0528,exact_style_code,both_in_stock,neither_on_sale,False,,True,unisex,False,,normalized_compare,False,90000.0,True,0.0,0.0,0.0,0.0,0.0,same_price,tie,True,0.0,neither_discounted,tie,1,False,Adidas Thin&Light Ankle 3 Pair Unisex Training Sock White/Black,Adidas Thin&Light Ankle 3 Pair Unisex Training Sock White/Black,https://lb.mikesport.com/products/adidas-thin-light-ankle-3-pair-unisex-training-sock-white-black,https://lb.mikesport.com/products/adidas-thin-light-ankle-3-pair-unisex-training-sock-white-black,1,sock,sock,unisex,unisex,White/Black,White/Black,in_stock,in_stock,1,0,0,2XL | L | M | S | XL | XS,6,USD,USD,18.0,18.0,18.0,18.0,1620000.0,1620000.0,18.0,18.0,18.0,18.0,1620000.0,1620000.0,,,,,,,,,False,False,2,True,"Unisex Thin&Light Sportswear Ankle Socks - 3 Pair Pack, White","Unisex Thin&Light Sportswear Ankle Socks - 3 Pair Pack, White",https://www.adidas.com.lb/en/adidas-outlet-unisex-thinandlight-sportswear-ankle-socks---3-pair-pack-white/A9_JZ0528_ONE.html,https://www.adidas.com.lb/en/adidas-unisex-thinandlight-sportswear-ankle-socks---3-pair-pack-white/A7_JZ0528_ONE.html | https://www.adidas.com.lb/en/adidas-outlet-unisex-thinandlight-sportswear-ankle-socks---3-pair-pack-white/A9_JZ0528_ONE.html,2,Socks,Socks,unisex,unisex,White,White,in_stock,in_stock,2,0,0,34-36 | 37-39 | M | L | 28-30 | 31-33,6,LBP,LBP,1620000.0,1620000.0,18.0,18.0,1620000.0,1620000.0,1620000.0,1620000.0,18.0,18.0,1620000.0,1620000.0,,,,,,,,,False,False,Neither retailer currently shows a discount for this style code.
JZ0530,exact_style_code,both_in_stock,neither_on_sale,False,,True,unisex,False,,normalized_compare,False,90000.0,True,0.0,0.0,0.0,0.0,0.0,same_price,tie,True,0.0,neither_discounted,tie,1,False,Adidas Cushioned Crew 3 Pair Unisex Training Sock White/Black,Adidas Cushioned Crew 3 Pair Unisex Training Sock White/Black,https://lb.mikesport.com/products/adidas-cushioned-crew-3-pair-unisex-training-sock-white-black,https://lb.mikesport.com/products/adidas-cushioned-crew-3-pair-unisex-training-sock-white-black,1,sock,sock,unisex,unisex,White/Black,White/Black,in_stock,in_stock,1,0,0,2XL | L | M | S | XL | XS,6,USD,USD,19.0,19.0,19.0,19.0,1710000.0,1710000.0,19.0,19.0,19.0,19.0,1710000.0,1710000.0,,,,,,,,,False,False,1,False,"Unisex Cushioned Sportswear Crew Socks - 3 Pair Pack, White","Unisex Cushioned Sportswear Crew Socks - 3 Pair Pack, White",https://www.adidas.com.lb/en/adidas-unisex-cushioned-sportswear-crew-socks---3-pair-pack-white/A7_JZ0530_ONE.html,https://www.adidas.com.lb/en/adidas-unisex-cushioned-sportswear-crew-socks---3-pair-pack-white/A7_JZ0530_ONE.html,1,Socks,Socks,unisex,unisex,White,White,in_stock,in_stock,1,0,0,34-36 | 37-39 | M | L | 46-48,5,LBP,LBP,1710000.0,1710000.0,19.0,19.0,1710000.0,1710000.0,1710000.0,1710000.0,19.0,19.0,1710000.0,1710000.0,,,,,,,,,False,False,Neither retailer currently shows a discount for this style code.
JZ0533,exact_style_code,both_in_stock,neither_on_sale,False,,True,unisex,False,,normalized_compare,False,90000.0,True,0.0,0.0,0.0,0.0,0.0,same_price,tie,True,0.0,neither_discounted,tie,1,False,Adidas Essentials Low 3 Pack Unisex Training Sock White/Black,Adidas Essentials Low 3 Pack Unisex Training Sock White/Black,https://lb.mikesport.com/products/adidas-essentials-low-3-pack-unisex-training-sock-white-black,https://lb.mikesport.com/products/adidas-essentials-low-3-pack-unisex-training-sock-white-black,1,sock,sock,unisex,unisex,White/Black,White/Black,in_stock,in_stock,1,0,0,2XL | L | M | S | XL | XS,6,USD,USD,18.0,18.0,18.0,18.0,1620000.0,1620000.0,18.0,18.0,18.0,18.0,1620000.0,1620000.0,,,,,,,,,False,False,1,False,"Unisex Thin&Light Essentials Low Cut Socks - 3 Pair Pack, White","Unisex Thin&Light Essentials Low Cut Socks - 3 Pair Pack, White",https://www.adidas.com.lb/en/adidas-unisex-thinandlight-essentials-low-cut-socks---3-pair-pack-white/A7_JZ0533_ONE.html,https://www.adidas.com.lb/en/adidas-unisex-thinandlight-essentials-low-cut-socks---3-pair-pack-white/A7_JZ0533_ONE.html,1,Socks,Socks,unisex,unisex,White,White,in_stock,in_stock,1,0,0,34-36 | 37-39 | M | L | 46-48 | 28-30 | 31-33,7,LBP,LBP,1620000.0,1620000.0,18.0,18.0,1620000.0,1620000.0,1620000.0,1620000.0,18.0,18.0,1620000.0,1620000.0,,,,,,,,,False,False,Neither retailer currently shows a discount for this style code.
JZ0534,exact_style_code,both_in_stock,neither_on_sale,False,,True,unisex,False,,normalized_compare,False,90000.0,True,0.0,0.0,0.0,0.0,0.0,same_price,tie,True,0.0,neither_discounted,tie,1,False,Adidas Thin&Light Sportswear No Show 3 Pair Pack Unisex Training Sock White/Black,Adidas Thin&Light Sportswear No Show 3 Pair Pack Unisex Training Sock White/Black,https://lb.mikesport.com/products/adidas-thin-light-sportswear-no-show-3-pair-pack-unisex-training-sock-white-black,https://lb.mikesport.com/products/adidas-thin-light-sportswear-no-show-3-pair-pack-unisex-training-sock-white-black,1,sock,sock,unisex,unisex,White/Black,White/Black,in_stock,in_stock,1,0,0,L | M | S | XL | XS,5,USD,USD,18.0,18.0,18.0,18.0,1620000.0,1620000.0,18.0,18.0,18.0,18.0,1620000.0,1620000.0,,,,,,,,,False,False,2,True,"Unisex Thin&Light Sportswear No Show Socks - 3 Pair Pack, White","Unisex Thin&Light Sportswear No Show Socks - 3 Pair Pack, White",https://www.adidas.com.lb/en/adidas-outlet-unisex-thinandlight-sportswear-no-show-socks---3-pair-pack-white/A9_JZ0534_ONE.html,https://www.adidas.com.lb/en/adidas-unisex-thinandlight-sportswear-no-show-socks---3-pair-pack-white/A7_JZ0534_ONE.html | https://www.adidas.com.lb/en/adidas-outlet-unisex-thinandlight-sportswear-no-show-socks---3-pair-pack-white/A9_JZ0534_ONE.html,2,Socks,Socks,unisex,unisex,White,White,in_stock,in_stock,2,0,0,34-36 | 37-39 | M | L | 46-48 | 28-30 | 31-33,7,LBP,LBP,1620000.0,1620000.0,18.0,18.0,1620000.0,1620000.0,1620000.0,1620000.0,18.0,18.0,1620000.0,1620000.0,,,,,,,,,False,False,Neither retailer currently shows a discount for this style code.
JZ2308,exact_style_code,both_in_stock,neither_on_sale,False,,True,unisex,False,,normalized_compare,False,90000.0,True,0.0,0.0,0.0,0.0,0.0,same_price,tie,True,0.0,neither_discounted,tie,1,False,Adidas Apwr Unisex Training Backpack Black/White,Adidas Apwr Unisex Training Backpack Black/White,https://lb.mikesport.com/products/adidas-apwr-unisex-training-backpack-black-white,https://lb.mikesport.com/products/adidas-apwr-unisex-training-backpack-black-white,1,bags_cases_and_luggage,bags_cases_and_luggage,unisex,unisex,Black/White,Black/White,in_stock,in_stock,1,0,0,,0,USD,USD,61.0,61.0,61.0,61.0,5490000.0,5490000.0,61.0,61.0,61.0,61.0,5490000.0,5490000.0,,,,,,,,,False,False,1,False,"Unisex Adidas Primelift Backpack, Black","Unisex Adidas Primelift Backpack, Black",https://www.adidas.com.lb/en/adidas-unisex-adidas-primelift-backpack-black/A7_JZ2308_ONE.html,https://www.adidas.com.lb/en/adidas-unisex-adidas-primelift-backpack-black/A7_JZ2308_ONE.html,1,Bags & Backpacks,Bags & Backpacks,unisex,unisex,Black,Black,in_stock,in_stock,1,0,0,NS,1,LBP,LBP,5490000.0,5490000.0,61.0,61.0,5490000.0,5490000.0,5490000.0,5490000.0,61.0,61.0,5490000.0,5490000.0,,,,,,,,,False,False,Neither retailer currently shows a discount for this style code.
JZ3533,exact_style_code,both_in_stock,neither_on_sale,False,,False,,True,White,normalized_compare,False,90000.0,True,0.0,0.0,0.0,0.0,0.0,same_price,tie,True,0.0,neither_discounted,tie,1,False,Adidas Minecraft Training Summer Little-Boys Sportswear Set White,Adidas Minecraft Training Summer Little-Boys Sportswear Set White,https://lb.mikesport.com/products/adidas-minecraft-training-summer-little-boys-sportswear-set-white,https://lb.mikesport.com/products/adidas-minecraft-training-summer-little-boys-sportswear-set-white,1,set,set,boys,boys,White,White,in_stock,in_stock,1,0,0,3-4 Years | 4-5 Years | 5-6 Years | 7-8 Years,4,USD,USD,67.0,67.0,67.0,67.0,6030000.0,6030000.0,67.0,67.0,67.0,67.0,6030000.0,6030000.0,,,,,,,,,False,False,1,False,"Kids Unisex Adidas Minecraft Training Summer Set, White","Kids Unisex Adidas Minecraft Training Summer Set, White",https://www.adidas.com.lb/en/adidas-kids-unisex-adidas-minecraft-training-summer-set-white/A7_JZ3533_ONE.html,https://www.adidas.com.lb/en/adidas-kids-unisex-adidas-minecraft-training-summer-set-white/A7_JZ3533_ONE.html,1,Joggers & Trousers,Joggers & Trousers,unisex,unisex,White,White,in_stock,in_stock,1,0,0,3-4 Yrs | 4-5 Yrs | 5-6 Yrs | 7-8 Yrs,4,LBP,LBP,6030000.0,6030000.0,67.0,67.0,6030000.0,6030000.0,6030000.0,6030000.0,67.0,67.0,6030000.0,6030000.0,,,,,,,,,False,False,Neither retailer currently shows a discount for this style code.
JZ3544,exact_style_code,both_in_stock,neither_on_sale,False,,False,,False,,normalized_compare,False,90000.0,False,1.0,1.0,90000.0,1.32,1.32,adidas_cheaper,adidas_lb,True,0.0,neither_discounted,tie,1,False,Adidas Marvel Spider-Man Little-Boys Sportswear Set Off White/Dark Blue,Adidas Marvel Spider-Man Little-Boys Sportswear Set Off White/Dark Blue,https://lb.mikesport.com/products/adidas-marvel-spider-man-little-boys-sportswear-set-off-white-dark-blue,https://lb.mikesport.com/products/adidas-marvel-spider-man-little-boys-sportswear-set-off-white-dark-blue,1,set,set,boys,boys,Off White/Dark Blue,Off White/Dark Blue,in_stock,in_stock,1,0,0,3-4 Years | 4-5 Years | 5-6 Years | 7-8 Years,4,USD,USD,77.0,77.0,77.0,77.0,6930000.0,6930000.0,77.0,77.0,77.0,77.0,6930000.0,6930000.0,,,,,,,,,False,False,1,False,"Kids Unisex Adidas Marvel Spider-Man Sport Set, White","Kids Unisex Adidas Marvel Spider-Man Sport Set, White",https://www.adidas.com.lb/en/adidas-kids-unisex-adidas-marvel-spider-man-sport-set-white/A7_JZ3544_ONE.html,https://www.adidas.com.lb/en/adidas-kids-unisex-adidas-marvel-spider-man-sport-set-white/A7_JZ3544_ONE.html,1,Joggers & Trousers,Joggers & Trousers,unisex,unisex,White,White,in_stock,in_stock,1,0,0,3-4 Yrs | 4-5 Yrs | 5-6 Yrs | 7-8 Yrs,4,LBP,LBP,6840000.0,6840000.0,76.0,76.0,6840000.0,6840000.0,6840000.0,6840000.0,76.0,76.0,6840000.0,6840000.0,,,,,,,,,False,False,Neither retailer currently shows a discount for this style code.
JZ4451,exact_style_code,both_in_stock,neither_on_sale,False,,True,unisex,False,,normalized_compare,False,90000.0,True,0.0,0.0,0.0,0.0,0.0,same_price,tie,True,0.0,neither_discounted,tie,1,False,Adidas Liverpool Fc Unisex Football Bottle Star Red/White,Adidas Liverpool Fc Unisex Football Bottle Star Red/White,https://lb.mikesport.com/products/adidas-liverpool-fc-unisex-football-bottle-star-red-white,https://lb.mikesport.com/products/adidas-liverpool-fc-unisex-football-bottle-star-red-white,1,bottle,bottle,unisex,unisex,Star Red/White,Star Red/White,in_stock,in_stock,1,0,0,,0,USD,USD,18.0,18.0,18.0,18.0,1620000.0,1620000.0,18.0,18.0,18.0,18.0,1620000.0,1620000.0,,,,,,,,,False,False,1,False,"Unisex Liverpool FC Water Bottle, Red","Unisex Liverpool FC Water Bottle, Red",https://www.adidas.com.lb/en/adidas-unisex-liverpool-fc-water-bottle-red/A7_JZ4451_ONE.html,https://www.adidas.com.lb/en/adidas-unisex-liverpool-fc-water-bottle-red/A7_JZ4451_ONE.html,1,Bottles,Bottles,unisex,unisex,Red,Red,in_stock,in_stock,1,0,0,NS,1,LBP,LBP,1620000.0,1620000.0,18.0,18.0,1620000.0,1620000.0,1620000.0,1620000.0,18.0,18.0,1620000.0,1620000.0,,,,,,,,,False,False,Neither retailer currently shows a discount for this style code.
JZ4560,exact_style_code,both_in_stock,neither_on_sale,False,,True,unisex,True,White,normalized_compare,False,90000.0,True,0.0,0.0,0.0,0.0,0.0,same_price,tie,True,0.0,neither_discounted,tie,1,False,Adidas Germany 26 Home Kids-Unisex Football T-Shirt White,Adidas Germany 26 Home Kids-Unisex Football T-Shirt White,https://lb.mikesport.com/products/adidas-germany-26-home-kids-unisex-football-t-shirt-white,https://lb.mikesport.com/products/adidas-germany-26-home-kids-unisex-football-t-shirt-white,1,t-shirt,t-shirt,unisex,unisex,White,White,in_stock,in_stock,1,0,0,7-8 Years | 9-10 Years | 11-12 Years,3,USD,USD,117.0,117.0,117.0,117.0,10530000.0,10530000.0,117.0,117.0,117.0,117.0,10530000.0,10530000.0,,,,,,,,,False,False,1,False,"Kids Unisex Germany 26 Home Kids Jersey, White","Kids Unisex Germany 26 Home Kids Jersey, White",https://www.adidas.com.lb/en/adidas-kids-unisex-germany-26-home-kids-jersey-white/A7_JZ4560_ONE.html,https://www.adidas.com.lb/en/adidas-kids-unisex-germany-26-home-kids-jersey-white/A7_JZ4560_ONE.html,1,Jerseys,Jerseys,unisex,unisex,White,White,in_stock,in_stock,1,0,0,7-8 Yrs | 9-10 Yrs,2,LBP,LBP,10530000.0,10530000.0,117.0,117.0,10530000.0,10530000.0,10530000.0,10530000.0,117.0,117.0,10530000.0,10530000.0,,,,,,,,,False,False,Neither retailer currently shows a discount for this style code.
JZ4562,exact_style_code,both_in_stock,neither_on_sale,False,,False,,False,,normalized_compare,False,90000.0,True,0.0,0.0,0.0,0.0,0.0,same_price,tie,True,0.0,neither_discounted,tie,1,False,Adidas Germany 26 Home Kids-Unisex Football Short Black/White,Adidas Germany 26 Home Kids-Unisex Football Short Black/White,https://lb.mikesport.com/products/adidas-germany-26-home-kids-unisex-football-short-black-white,https://lb.mikesport.com/products/adidas-germany-26-home-kids-unisex-football-short-black-white,1,short,short,unisex,unisex,Black/White,Black/White,in_stock,in_stock,1,0,0,7-8 Years | 9-10 Years | 11-12 Years | 13-14 Years,4,USD,USD,61.0,61.0,61.0,61.0,5490000.0,5490000.0,61.0,61.0,61.0,61.0,5490000.0,5490000.0,,,,,,,,,False,False,1,False,"Kids Germany 26 Home Replica Kids Shorts, Black","Kids Germany 26 Home Replica Kids Shorts, Black",https://www.adidas.com.lb/en/adidas-kids-germany-26-home-replica-kids-shorts-black/A7_JZ4562_ONE.html,https://www.adidas.com.lb/en/adidas-kids-germany-26-home-replica-kids-shorts-black/A7_JZ4562_ONE.html,1,Shorts,Shorts,boys,boys,Black,Black,in_stock,in_stock,1,0,0,7-8 Yrs | 9-10 Yrs,2,LBP,LBP,5490000.0,5490000.0,61.0,61.0,5490000.0,5490000.0,5490000.0,5490000.0,61.0,61.0,5490000.0,5490000.0,,,,,,,,,False,False,Neither retailer currently shows a discount for this style code.
JZ5115,exact_style_code,both_in_stock,neither_on_sale,False,,True,women,True,White,normalized_compare,False,90000.0,True,0.0,0.0,0.0,0.0,0.0,same_price,tie,True,0.0,neither_discounted,tie,1,False,Adidas Adi365 Climacool Women Running T-Shirt White,Adidas Adi365 Climacool Women Running T-Shirt White,https://lb.mikesport.com/products/adidas-adi365-climacool-women-running-t-shirt-white,https://lb.mikesport.com/products/adidas-adi365-climacool-women-running-t-shirt-white,1,t-shirt,t-shirt,women,women,White,White,in_stock,in_stock,1,0,0,M | XS,2,USD,USD,54.0,54.0,54.0,54.0,4860000.0,4860000.0,54.0,54.0,54.0,54.0,4860000.0,4860000.0,,,,,,,,,False,False,1,False,"adi365 Climacool T-Shirt, White","adi365 Climacool T-Shirt, White",https://www.adidas.com.lb/en/adidas-adi365-climacool-t-shirt-white/A7_JZ5115_ONE.html,https://www.adidas.com.lb/en/adidas-adi365-climacool-t-shirt-white/A7_JZ5115_ONE.html,1,T-Shirts & Tops,T-Shirts & Tops,women,women,White,White,in_stock,in_stock,1,0,0,XS | S | M | L,4,LBP,LBP,4860000.0,4860000.0,54.0,54.0,4860000.0,4860000.0,4860000.0,4860000.0,54.0,54.0,4860000.0,4860000.0,,,,,,,,,False,False,Neither retailer currently shows a discount for this style code.
JZ5757,exact_style_code,both_in_stock,neither_on_sale,False,,True,unisex,False,,normalized_compare,False,90000.0,True,0.0,0.0,0.0,0.0,0.0,same_price,tie,True,0.0,neither_discounted,tie,1,False,Adidas Spain 26 Home Kids-Unisex Football T-Shirt Vivid Red,Adidas Spain 26 Home Kids-Unisex Football T-Shirt Vivid Red,https://lb.mikesport.com/products/adidas-spain-26-home-kids-unisex-football-t-shirt-vivid-red,https://lb.mikesport.com/products/adidas-spain-26-home-kids-unisex-football-t-shirt-vivid-red,1,t-shirt,t-shirt,unisex,unisex,Vivid Red,Vivid Red,in_stock,in_stock,1,0,0,7-8 Years | 9-10 Years | 11-12 Years,3,USD,USD,117.0,117.0,117.0,117.0,10530000.0,10530000.0,117.0,117.0,117.0,117.0,10530000.0,10530000.0,,,,,,,,,False,False,1,False,"Kids Unisex Spain 26 Home Jersey , Red","Kids Unisex Spain 26 Home Jersey , Red",https://www.adidas.com.lb/en/adidas-kids-unisex-spain-26-home-jersey-red/A7_JZ5757_ONE.html,https://www.adidas.com.lb/en/adidas-kids-unisex-spain-26-home-jersey-red/A7_JZ5757_ONE.html,1,Jerseys,Jerseys,unisex,unisex,Red,Red,in_stock,in_stock,1,0,0,7-8 Yrs | 9-10 Yrs,2,LBP,LBP,10530000.0,10530000.0,117.0,117.0,10530000.0,10530000.0,10530000.0,10530000.0,117.0,117.0,10530000.0,10530000.0,,,,,,,,,False,False,Neither retailer currently shows a discount for this style code.
JZ7085,exact_style_code,both_in_stock,neither_on_sale,False,,False,,False,,normalized_compare,False,90000.0,True,0.0,0.0,0.0,0.0,0.0,same_price,tie,True,0.0,neither_discounted,tie,1,False,Adidas Apwr Organiser Men Training Bag Black/White,Adidas Apwr Organiser Men Training Bag Black/White,https://lb.mikesport.com/products/adidas-apwr-organiser-men-training-bag-black-white,https://lb.mikesport.com/products/adidas-apwr-organiser-men-training-bag-black-white,1,bags_cases_and_luggage,bags_cases_and_luggage,men,men,Black/White,Black/White,in_stock,in_stock,1,0,0,,0,USD,USD,26.0,26.0,26.0,26.0,2340000.0,2340000.0,26.0,26.0,26.0,26.0,2340000.0,2340000.0,,,,,,,,,False,False,1,False,"Unisex Adidas Primelift Organizer, Black","Unisex Adidas Primelift Organizer, Black",https://www.adidas.com.lb/en/adidas-unisex-adidas-primelift-organizer-black/A7_JZ7085_ONE.html,https://www.adidas.com.lb/en/adidas-unisex-adidas-primelift-organizer-black/A7_JZ7085_ONE.html,1,Others,Others,unisex,unisex,Black,Black,in_stock,in_stock,1,0,0,NS,1,LBP,LBP,2340000.0,2340000.0,26.0,26.0,2340000.0,2340000.0,2340000.0,2340000.0,26.0,26.0,2340000.0,2340000.0,,,,,,,,,False,False,Neither retailer currently shows a discount for this style code.
JZ7695,exact_style_code,both_in_stock,neither_on_sale,False,,True,men,True,White,normalized_compare,False,90000.0,True,0.0,0.0,0.0,0.0,0.0,same_price,tie,True,0.0,neither_discounted,tie,1,False,Adidas Adi365 Climacool Men Running T-Shirt White,Adidas Adi365 Climacool Men Running T-Shirt White,https://lb.mikesport.com/products/adidas-adi365-climacool-men-running-t-shirt-white,https://lb.mikesport.com/products/adidas-adi365-climacool-men-running-t-shirt-white,1,t-shirt,t-shirt,men,men,White,White,in_stock,in_stock,1,0,0,L | M | S | XL,4,USD,USD,54.0,54.0,54.0,54.0,4860000.0,4860000.0,54.0,54.0,54.0,54.0,4860000.0,4860000.0,,,,,,,,,False,False,1,False,"adi365 Climacool T-Shirt, White","adi365 Climacool T-Shirt, White",https://www.adidas.com.lb/en/adidas-adi365-climacool-t-shirt-white/A7_JZ7695_ONE.html,https://www.adidas.com.lb/en/adidas-adi365-climacool-t-shirt-white/A7_JZ7695_ONE.html,1,T-Shirts,T-Shirts,men,men,White,White,in_stock,in_stock,1,0,0,S | M | L | XL,4,LBP,LBP,4860000.0,4860000.0,54.0,54.0,4860000.0,4860000.0,4860000.0,4860000.0,54.0,54.0,4860000.0,4860000.0,,,,,,,,,False,False,Neither retailer currently shows a discount for this style code.
JZ7700,exact_style_code,both_in_stock,neither_on_sale,False,,True,men,False,,normalized_compare,False,90000.0,True,0.0,0.0,0.0,0.0,0.0,same_price,tie,True,0.0,neither_discounted,tie,1,False,Adidas Adi365 Climacool Men Running T-Shirt Dusky Orange,Adidas Adi365 Climacool Men Running T-Shirt Dusky Orange,https://lb.mikesport.com/products/adidas-adi365-climacool-men-running-t-shirt-dusky-orange,https://lb.mikesport.com/products/adidas-adi365-climacool-men-running-t-shirt-dusky-orange,1,t-shirt,t-shirt,men,men,Dusky Orange,Dusky Orange,in_stock,in_stock,1,0,0,L | M | S | XL,4,USD,USD,54.0,54.0,54.0,54.0,4860000.0,4860000.0,54.0,54.0,54.0,54.0,4860000.0,4860000.0,,,,,,,,,False,False,1,False,"Adi365 Climacool T-Shirt, Orange","Adi365 Climacool T-Shirt, Orange",https://www.adidas.com.lb/en/adidas-adi365-climacool-t-shirt-orange/A7_JZ7700_ONE.html,https://www.adidas.com.lb/en/adidas-adi365-climacool-t-shirt-orange/A7_JZ7700_ONE.html,1,T-Shirts,T-Shirts,men,men,Orange,Orange,in_stock,in_stock,1,0,0,S | M | L | XL,4,LBP,LBP,4860000.0,4860000.0,54.0,54.0,4860000.0,4860000.0,4860000.0,4860000.0,54.0,54.0,4860000.0,4860000.0,,,,,,,,,False,False,Neither retailer currently shows a discount for this style code.
JZ7717,exact_style_code,both_in_stock,neither_on_sale,False,,True,men,True,Black,normalized_compare,False,90000.0,True,0.0,0.0,0.0,0.0,0.0,same_price,tie,True,0.0,neither_discounted,tie,1,False,Adidas Adi365 Formotion Men Running Jacket Black,Adidas Adi365 Formotion Men Running Jacket Black,https://lb.mikesport.com/products/adidas-adi365-formotion-men-running-jacket-black,https://lb.mikesport.com/products/adidas-adi365-formotion-men-running-jacket-black,1,jacket,jacket,men,men,Black,Black,in_stock,in_stock,1,0,0,L | M | XL,3,USD,USD,147.0,147.0,147.0,147.0,13230000.0,13230000.0,147.0,147.0,147.0,147.0,13230000.0,13230000.0,,,,,,,,,False,False,1,False,"adi365 FORMOTION Jacket, Black","adi365 FORMOTION Jacket, Black",https://www.adidas.com.lb/en/adidas-adi365-formotion-jacket-black/A7_JZ7717_ONE.html,https://www.adidas.com.lb/en/adidas-adi365-formotion-jacket-black/A7_JZ7717_ONE.html,1,Jackets & Tracktops,Jackets & Tracktops,men,men,Black,Black,in_stock,in_stock,1,0,0,S | M | L | XL,4,LBP,LBP,13230000.0,13230000.0,147.0,147.0,13230000.0,13230000.0,13230000.0,13230000.0,147.0,147.0,13230000.0,13230000.0,,,,,,,,,False,False,Neither retailer currently shows a discount for this style code.
JZ7808,exact_style_code,both_in_stock,neither_on_sale,False,,True,women,True,Black,normalized_compare,False,90000.0,False,1.0,1.0,90000.0,2.7,2.7,adidas_cheaper,adidas_lb,True,0.0,neither_discounted,tie,1,False,Adidas Adi365 Essentials T-Shirt Women Running T-Shirt Black,Adidas Adi365 Essentials T-Shirt Women Running T-Shirt Black,https://lb.mikesport.com/products/adidas-adi365-essentials-t-shirt-women-running-t-shirt-black,https://lb.mikesport.com/products/adidas-adi365-essentials-t-shirt-women-running-t-shirt-black,1,t-shirt,t-shirt,women,women,Black,Black,in_stock,in_stock,1,0,0,L | M | S | XS,4,USD,USD,38.0,38.0,38.0,38.0,3420000.0,3420000.0,38.0,38.0,38.0,38.0,3420000.0,3420000.0,,,,,,,,,False,False,1,False,"adi365 Running Essentials T-shirt, Black","adi365 Running Essentials T-shirt, Black",https://www.adidas.com.lb/en/adidas-adi365-running-essentials-t-shirt-black/A7_JZ7808_ONE.html,https://www.adidas.com.lb/en/adidas-adi365-running-essentials-t-shirt-black/A7_JZ7808_ONE.html,1,T-Shirts & Tops,T-Shirts & Tops,women,women,Black,Black,in_stock,in_stock,1,0,0,XS | S | M | L,4,LBP,LBP,3330000.0,3330000.0,37.0,37.0,3330000.0,3330000.0,3330000.0,3330000.0,37.0,37.0,3330000.0,3330000.0,,,,,,,,,False,False,Neither retailer currently shows a discount for this style code.
JZ8496,exact_style_code,both_in_stock,neither_on_sale,False,,True,men,True,Black,normalized_compare,False,90000.0,True,0.0,0.0,0.0,0.0,0.0,same_price,tie,True,0.0,neither_discounted,tie,1,False,Adidas Tech Apparel Men Training Short Black,Adidas Tech Apparel Men Training Short Black,https://lb.mikesport.com/products/adidas-tech-apparel-men-training-short-black,https://lb.mikesport.com/products/adidas-tech-apparel-men-training-short-black,1,short,short,men,men,Black,Black,in_stock,in_stock,1,0,0,S,1,USD,USD,67.0,67.0,67.0,67.0,6030000.0,6030000.0,67.0,67.0,67.0,67.0,6030000.0,6030000.0,,,,,,,,,False,False,1,False,"Tech Apparel Shorts, Black","Tech Apparel Shorts, Black",https://www.adidas.com.lb/en/adidas-tech-apparel-shorts-black/A7_JZ8496_ONE.html,https://www.adidas.com.lb/en/adidas-tech-apparel-shorts-black/A7_JZ8496_ONE.html,1,Shorts,Shorts,men,men,Black,Black,in_stock,in_stock,1,0,0,S 7 | M 7,2,LBP,LBP,6030000.0,6030000.0,67.0,67.0,6030000.0,6030000.0,6030000.0,6030000.0,67.0,67.0,6030000.0,6030000.0,,,,,,,,,False,False,Neither retailer currently shows a discount for this style code.
KA0138,exact_style_code,both_in_stock,neither_on_sale,False,,True,women,True,Black,normalized_compare,False,90000.0,False,1.0,1.0,90000.0,1.32,1.32,adidas_cheaper,adidas_lb,True,0.0,neither_discounted,tie,1,False,Adidas Run Essentials Full Length Women Running Tight Black,Adidas Run Essentials Full Length Women Running Tight Black,https://lb.mikesport.com/products/adidas-run-essentials-full-length-women-running-tight-black,https://lb.mikesport.com/products/adidas-run-essentials-full-length-women-running-tight-black,1,tight,tight,women,women,Black,Black,in_stock,in_stock,1,0,0,L | M | S | XS,4,USD,USD,77.0,77.0,77.0,77.0,6930000.0,6930000.0,77.0,77.0,77.0,77.0,6930000.0,6930000.0,,,,,,,,,False,False,1,False,"Run Essentials Full Length Leggings, Black","Run Essentials Full Length Leggings, Black",https://www.adidas.com.lb/en/adidas-run-essentials-full-length-leggings-black/A7_KA0138_ONE.html,https://www.adidas.com.lb/en/adidas-run-essentials-full-length-leggings-black/A7_KA0138_ONE.html,1,Leggings,Leggings,women,women,Black,Black,in_stock,in_stock,1,0,0,XS | S | M,3,LBP,LBP,6840000.0,6840000.0,76.0,76.0,6840000.0,6840000.0,6840000.0,6840000.0,76.0,76.0,6840000.0,6840000.0,,,,,,,,,False,False,Neither retailer currently shows a discount for this style code.
KA0242,exact_style_code,both_in_stock,neither_on_sale,False,,False,,False,,normalized_compare,False,90000.0,False,1.0,1.0,90000.0,2.44,2.44,adidas_cheaper,adidas_lb,True,0.0,neither_discounted,tie,1,False,Adidas Minecraft Training Kids-Boys Sportswear T-Shirt Silver Green,Adidas Minecraft Training Kids-Boys Sportswear T-Shirt Silver Green,https://lb.mikesport.com/products/adidas-minecraft-training-kids-boys-sportswear-t-shirt-silver-green,https://lb.mikesport.com/products/adidas-minecraft-training-kids-boys-sportswear-t-shirt-silver-green,1,t-shirt,t-shirt,boys,boys,Silver Green,Silver Green,in_stock,in_stock,1,0,0,7-8 Years | 9-10 Years | 11-12 Years | 13-14 Years,4,USD,USD,42.0,42.0,42.0,42.0,3780000.0,3780000.0,42.0,42.0,42.0,42.0,3780000.0,3780000.0,,,,,,,,,False,False,1,False,"Kids Unisex Adidas Minecraft Training T-Shirt, Green","Kids Unisex Adidas Minecraft Training T-Shirt, Green",https://www.adidas.com.lb/en/adidas-kids-unisex-adidas-minecraft-training-t-shirt-green/A7_KA0242_ONE.html,https://www.adidas.com.lb/en/adidas-kids-unisex-adidas-minecraft-training-t-shirt-green/A7_KA0242_ONE.html,1,T-Shirts,T-Shirts,unisex,unisex,Green,Green,in_stock,in_stock,1,0,0,5-6 Yrs | 7-8 Yrs | 11-12 Yrs | 13-14 Yrs | 9-10 Yrs | 15-16 Yrs,6,LBP,LBP,3690000.0,3690000.0,41.0,41.0,3690000.0,3690000.0,3690000.0,3690000.0,41.0,41.0,3690000.0,3690000.0,,,,,,,,,False,False,Neither retailer currently shows a discount for this style code.
KA0243,exact_style_code,both_in_stock,neither_on_sale,False,,False,,True,Black,normalized_compare,False,90000.0,False,1.0,1.0,90000.0,2.27,2.27,adidas_cheaper,adidas_lb,True,0.0,neither_discounted,tie,1,False,Adidas Minecraft Kids-Boys Sportswear Short Black,Adidas Minecraft Kids-Boys Sportswear Short Black,https://lb.mikesport.com/products/adidas-minecraft-kids-boys-sportswear-short-black,https://lb.mikesport.com/products/adidas-minecraft-kids-boys-sportswear-short-black,1,short,short,boys,boys,Black,Black,in_stock,in_stock,1,0,0,7-8 Years | 9-10 Years | 11-12 Years | 13-14 Years,4,USD,USD,45.0,45.0,45.0,45.0,4050000.0,4050000.0,45.0,45.0,45.0,45.0,4050000.0,4050000.0,,,,,,,,,False,False,1,False,"Kids Unisex Adidas Minecraft Training Short, Black","Kids Unisex Adidas Minecraft Training Short, Black",https://www.adidas.com.lb/en/adidas-kids-unisex-adidas-minecraft-training-short-black/A7_KA0243_ONE.html,https://www.adidas.com.lb/en/adidas-kids-unisex-adidas-minecraft-training-short-black/A7_KA0243_ONE.html,1,Shorts,Shorts,unisex,unisex,Black,Black,in_stock,in_stock,1,0,0,5-6 Yrs | 7-8 Yrs | 11-12 Yrs | 9-10 Yrs,4,LBP,LBP,3960000.0,3960000.0,44.0,44.0,3960000.0,3960000.0,3960000.0,3960000.0,44.0,44.0,3960000.0,3960000.0,,,,,,,,,False,False,Neither retailer currently shows a discount for this style code.
KA0253,exact_style_code,both_in_stock,neither_on_sale,False,,True,women,True,White,normalized_compare,False,90000.0,False,1.0,1.0,90000.0,1.05,1.05,adidas_cheaper,adidas_lb,True,0.0,neither_discounted,tie,1,False,Adidas Adi365 Essentials Women Running Jacket White,Adidas Adi365 Essentials Women Running Jacket White,https://lb.mikesport.com/products/adidas-adi365-essentials-women-running-jacket-white,https://lb.mikesport.com/products/adidas-adi365-essentials-women-running-jacket-white,1,jacket,jacket,women,women,White,White,in_stock,in_stock,1,0,0,M,1,USD,USD,96.0,96.0,96.0,96.0,8640000.0,8640000.0,96.0,96.0,96.0,96.0,8640000.0,8640000.0,,,,,,,,,False,False,1,False,"adi365 Running Essentials Jacket, White","adi365 Running Essentials Jacket, White",https://www.adidas.com.lb/en/adidas-adi365-running-essentials-jacket-white/A7_KA0253_ONE.html,https://www.adidas.com.lb/en/adidas-adi365-running-essentials-jacket-white/A7_KA0253_ONE.html,1,Jackets & Tracktops,Jackets & Tracktops,women,women,White,White,in_stock,in_stock,1,0,0,XS | S | M | L,4,LBP,LBP,8550000.0,8550000.0,95.0,95.0,8550000.0,8550000.0,8550000.0,8550000.0,95.0,95.0,8550000.0,8550000.0,,,,,,,,,False,False,Neither retailer currently shows a discount for this style code.
KA0290,exact_style_code,both_in_stock,neither_on_sale,False,,True,women,True,White,normalized_compare,False,90000.0,True,0.0,0.0,0.0,0.0,0.0,same_price,tie,True,0.0,neither_discounted,tie,1,False,Adidas Adi365 Essentials Women Running T-Shirt White,Adidas Adi365 Essentials Women Running T-Shirt White,https://lb.mikesport.com/products/adidas-adi365-essentials-women-running-t-shirt-white,https://lb.mikesport.com/products/adidas-adi365-essentials-women-running-t-shirt-white,1,t-shirt,t-shirt,women,women,White,White,in_stock,in_stock,1,0,0,L | M | S | XS,4,USD,USD,32.0,32.0,32.0,32.0,2880000.0,2880000.0,32.0,32.0,32.0,32.0,2880000.0,2880000.0,,,,,,,,,False,False,1,False,"Adi365 Running Essentials Crop T-Shirt, White","Adi365 Running Essentials Crop T-Shirt, White",https://www.adidas.com.lb/en/adidas-adi365-running-essentials-crop-t-shirt-white/A7_KA0290_ONE.html,https://www.adidas.com.lb/en/adidas-adi365-running-essentials-crop-t-shirt-white/A7_KA0290_ONE.html,1,T-Shirts & Tops,T-Shirts & Tops,women,women,White,White,in_stock,in_stock,1,0,0,M | L,2,LBP,LBP,2880000.0,2880000.0,32.0,32.0,2880000.0,2880000.0,2880000.0,2880000.0,32.0,32.0,2880000.0,2880000.0,,,,,,,,,False,False,Neither retailer currently shows a discount for this style code.
KA2474,exact_style_code,both_in_stock,neither_on_sale,False,,True,women,True,Black,normalized_compare,False,90000.0,False,1.0,1.0,90000.0,2.7,2.7,adidas_cheaper,adidas_lb,True,0.0,neither_discounted,tie,1,False,Adidas Workout Essentials V-Neck Women Training T-Shirt Black,Adidas Workout Essentials V-Neck Women Training T-Shirt Black,https://lb.mikesport.com/products/adidas-workout-essentials-v-neck-women-training-t-shirt-black,https://lb.mikesport.com/products/adidas-workout-essentials-v-neck-women-training-t-shirt-black,1,t-shirt,t-shirt,women,women,Black,Black,in_stock,in_stock,1,0,0,L | M | S | XS,4,USD,USD,38.0,38.0,38.0,38.0,3420000.0,3420000.0,38.0,38.0,38.0,38.0,3420000.0,3420000.0,,,,,,,,,False,False,1,False,"Workout Essentials V-Neck T-Shirt, Black","Workout Essentials V-Neck T-Shirt, Black",https://www.adidas.com.lb/en/adidas-workout-essentials-v-neck-t-shirt-black/A7_KA2474_ONE.html,https://www.adidas.com.lb/en/adidas-workout-essentials-v-neck-t-shirt-black/A7_KA2474_ONE.html,1,T-Shirts & Tops,T-Shirts & Tops,women,women,Black,Black,in_stock,in_stock,1,0,0,XS | S | M | L | XL,5,LBP,LBP,3330000.0,3330000.0,37.0,37.0,3330000.0,3330000.0,3330000.0,3330000.0,37.0,37.0,3330000.0,3330000.0,,,,,,,,,False,False,Neither retailer currently shows a discount for this style code.
KA3530,exact_style_code,both_in_stock,neither_on_sale,False,,True,men,True,Black,normalized_compare,False,90000.0,True,0.0,0.0,0.0,0.0,0.0,same_price,tie,True,0.0,neither_discounted,tie,1,False,Adidas Workout Essentials Feelready Men Training T-Shirt Black,Adidas Workout Essentials Feelready Men Training T-Shirt Black,https://lb.mikesport.com/products/adidas-workout-essentials-feelready-men-training-t-shirt-black,https://lb.mikesport.com/products/adidas-workout-essentials-feelready-men-training-t-shirt-black,1,t-shirt,t-shirt,men,men,Black,Black,in_stock,in_stock,1,0,0,2XL | L | M | S | XL,5,USD,USD,44.0,44.0,44.0,44.0,3960000.0,3960000.0,44.0,44.0,44.0,44.0,3960000.0,3960000.0,,,,,,,,,False,False,1,False,"Workout Essentials Feelready T-Shirt, Black","Workout Essentials Feelready T-Shirt, Black",https://www.adidas.com.lb/en/adidas-workout-essentials-feelready-t-shirt-black/A7_KA3530_ONE.html,https://www.adidas.com.lb/en/adidas-workout-essentials-feelready-t-shirt-black/A7_KA3530_ONE.html,1,T-Shirts,T-Shirts,men,men,Black,Black,in_stock,in_stock,1,0,0,XS | S | M | L | XL | 2XL,6,LBP,LBP,3960000.0,3960000.0,44.0,44.0,3960000.0,3960000.0,3960000.0,3960000.0,44.0,44.0,3960000.0,3960000.0,,,,,,,,,False,False,Neither retailer currently shows a discount for this style code.
KA3549,exact_style_code,both_in_stock,neither_on_sale,False,,True,men,True,Black,normalized_compare,False,90000.0,True,0.0,0.0,0.0,0.0,0.0,same_price,tie,True,0.0,neither_discounted,tie,1,False,Adidas Workout Essentials Base Woven Men Training Short Black,Adidas Workout Essentials Base Woven Men Training Short Black,https://lb.mikesport.com/products/adidas-workout-essentials-base-woven-men-training-short-black,https://lb.mikesport.com/products/adidas-workout-essentials-base-woven-men-training-short-black,1,short,short,men,men,Black,Black,in_stock,in_stock,1,0,0,2XL | L | M | S | XL,5,USD,USD,44.0,44.0,44.0,44.0,3960000.0,3960000.0,44.0,44.0,44.0,44.0,3960000.0,3960000.0,,,,,,,,,False,False,1,False,"Workout Essentials Base Woven Short, Black","Workout Essentials Base Woven Short, Black",https://www.adidas.com.lb/en/adidas-workout-essentials-base-woven-short-black/A7_KA3549_ONE.html,https://www.adidas.com.lb/en/adidas-workout-essentials-base-woven-short-black/A7_KA3549_ONE.html,1,Shorts,Shorts,men,men,Black,Black,in_stock,in_stock,1,0,0,S 7 | M 7 | L 7 | XL7 | XS7,5,LBP,LBP,3960000.0,3960000.0,44.0,44.0,3960000.0,3960000.0,3960000.0,3960000.0,44.0,44.0,3960000.0,3960000.0,,,,,,,,,False,False,Neither retailer currently shows a discount for this style code.
KA4291,exact_style_code,both_in_stock,neither_on_sale,False,,True,men,True,Black,normalized_compare,False,90000.0,False,1.0,1.0,90000.0,2.27,2.27,adidas_cheaper,adidas_lb,True,0.0,neither_discounted,tie,1,False,Adidas Adi365 Essentials Men Running Short Black,Adidas Adi365 Essentials Men Running Short Black,https://lb.mikesport.com/products/adidas-adi365-essentials-men-running-short-black,https://lb.mikesport.com/products/adidas-adi365-essentials-men-running-short-black,1,short,short,men,men,Black,Black,in_stock,in_stock,1,0,0,2XL | L | M | S | XL,5,USD,USD,45.0,45.0,45.0,45.0,4050000.0,4050000.0,45.0,45.0,45.0,45.0,4050000.0,4050000.0,,,,,,,,,False,False,1,False,"Adi365 Running Essentials Shorts, Black","Adi365 Running Essentials Shorts, Black",https://www.adidas.com.lb/en/adidas-adi365-running-essentials-shorts-black/A7_KA4291_ONE.html,https://www.adidas.com.lb/en/adidas-adi365-running-essentials-shorts-black/A7_KA4291_ONE.html,1,Shorts,Shorts,men,men,Black,Black,in_stock,in_stock,1,0,0,S 7 | M 7 | L 7 | XL7 | XS7,5,LBP,LBP,3960000.0,3960000.0,44.0,44.0,3960000.0,3960000.0,3960000.0,3960000.0,44.0,44.0,3960000.0,3960000.0,,,,,,,,,False,False,Neither retailer currently shows a discount for this style code.
KA4331,exact_style_code,both_in_stock,neither_on_sale,False,,True,men,True,Black,normalized_compare,False,90000.0,True,0.0,0.0,0.0,0.0,0.0,same_price,tie,True,0.0,neither_discounted,tie,1,False,Adidas Adi365 Running Essentials 2 In 1 Men Running Short Black,Adidas Adi365 Running Essentials 2 In 1 Men Running Short Black,https://lb.mikesport.com/products/adidas-adi365-running-essentials-2-in-1-men-running-short-black,https://lb.mikesport.com/products/adidas-adi365-running-essentials-2-in-1-men-running-short-black,1,short,short,men,men,Black,Black,in_stock,in_stock,1,0,0,L | M | S | XL,4,USD,USD,61.0,61.0,61.0,61.0,5490000.0,5490000.0,61.0,61.0,61.0,61.0,5490000.0,5490000.0,,,,,,,,,False,False,1,False,"Adi365 Running Essentials 2In1 Shorts, Black","Adi365 Running Essentials 2In1 Shorts, Black",https://www.adidas.com.lb/en/adidas-adi365-running-essentials-2in1-shorts-black/A7_KA4331_ONE.html,https://www.adidas.com.lb/en/adidas-adi365-running-essentials-2in1-shorts-black/A7_KA4331_ONE.html,1,Shorts,Shorts,men,men,Black,Black,in_stock,in_stock,1,0,0,S | M | L | XL,4,LBP,LBP,5490000.0,5490000.0,61.0,61.0,5490000.0,5490000.0,5490000.0,5490000.0,61.0,61.0,5490000.0,5490000.0,,,,,,,,,False,False,Neither retailer currently shows a discount for this style code.
KA7244,exact_style_code,both_in_stock,neither_on_sale,False,,True,men,False,,normalized_compare,False,90000.0,False,1.0,1.0,90000.0,1.05,1.05,adidas_cheaper,adidas_lb,True,0.0,neither_discounted,tie,1,False,Adidas D4T Workout Men Training Pant Legend Ink,Adidas D4T Workout Men Training Pant Legend Ink,https://lb.mikesport.com/products/adidas-d4t-workout-men-training-pant-legend-ink,https://lb.mikesport.com/products/adidas-d4t-workout-men-training-pant-legend-ink,1,pant,pant,men,men,Legend Ink,Legend Ink,in_stock,in_stock,1,0,0,L | M | S | XL,4,USD,USD,96.0,96.0,96.0,96.0,8640000.0,8640000.0,96.0,96.0,96.0,96.0,8640000.0,8640000.0,,,,,,,,,False,False,1,False,"D4T Workout Joggers, Blue","D4T Workout Joggers, Blue",https://www.adidas.com.lb/en/adidas-d4t-workout-joggers-blue/A7_KA7244_ONE.html,https://www.adidas.com.lb/en/adidas-d4t-workout-joggers-blue/A7_KA7244_ONE.html,1,Joggers & Trousers,Joggers & Trousers,men,men,Blue,Blue,in_stock,in_stock,1,0,0,M | L | XL,3,LBP,LBP,8550000.0,8550000.0,95.0,95.0,8550000.0,8550000.0,8550000.0,8550000.0,95.0,95.0,8550000.0,8550000.0,,,,,,,,,False,False,Neither retailer currently shows a discount for this style code.
KA7826,exact_style_code,both_in_stock,neither_on_sale,False,,False,,False,,normalized_compare,False,90000.0,True,0.0,0.0,0.0,0.0,0.0,same_price,tie,True,0.0,neither_discounted,tie,1,False,Adidas Tiro Shinguard Club Men Football Protection Black,Adidas Tiro Shinguard Club Men Football Protection Black,https://lb.mikesport.com/products/adidas-tiro-shinguard-club-men-football-protection-black,https://lb.mikesport.com/products/adidas-tiro-shinguard-club-men-football-protection-black,1,protection,protection,men,men,Black / White / Lucid Red,Black / White / Lucid Red,in_stock,in_stock,1,0,0,L | M | S,3,USD,USD,19.0,19.0,19.0,19.0,1710000.0,1710000.0,19.0,19.0,19.0,19.0,1710000.0,1710000.0,,,,,,,,,False,False,1,False,"Unisex Tiro Shinguard Club, Black","Unisex Tiro Shinguard Club, Black",https://www.adidas.com.lb/en/adidas-unisex-tiro-shinguard-club-black/A7_KA7826_ONE.html,https://www.adidas.com.lb/en/adidas-unisex-tiro-shinguard-club-black/A7_KA7826_ONE.html,1,Accessories,Accessories,unisex,unisex,Black,Black,in_stock,in_stock,1,0,0,37-39 | M | L,3,LBP,LBP,1710000.0,1710000.0,19.0,19.0,1710000.0,1710000.0,1710000.0,1710000.0,19.0,19.0,1710000.0,1710000.0,,,,,,,,,False,False,Neither retailer currently shows a discount for this style code.
KA9884,exact_style_code,both_in_stock,neither_on_sale,False,,False,,False,,normalized_compare,False,90000.0,True,0.0,0.0,0.0,0.0,0.0,same_price,tie,True,0.0,neither_discounted,tie,1,False,Adidas Marvel Spider-Man Kids-Boys Training Backpack Dark Blue,Adidas Marvel Spider-Man Kids-Boys Training Backpack Dark Blue,https://lb.mikesport.com/products/adidas-marvel-spider-man-kids-boys-training-backpack-dark-blue,https://lb.mikesport.com/products/adidas-marvel-spider-man-kids-boys-training-backpack-dark-blue,1,bags_cases_and_luggage,bags_cases_and_luggage,boys,boys,Dark Blue / Pure Ruby / Off White,Dark Blue / Pure Ruby / Off White,in_stock,in_stock,1,0,0,,0,USD,USD,44.0,44.0,44.0,44.0,3960000.0,3960000.0,44.0,44.0,44.0,44.0,3960000.0,3960000.0,,,,,,,,,False,False,1,False,"Kids Unisex Adidas Marvel Spider-Man Backpack, Blue","Kids Unisex Adidas Marvel Spider-Man Backpack, Blue",https://www.adidas.com.lb/en/adidas-kids-unisex-adidas-marvel-spider-man-backpack-blue/A7_KA9884_ONE.html,https://www.adidas.com.lb/en/adidas-kids-unisex-adidas-marvel-spider-man-backpack-blue/A7_KA9884_ONE.html,1,Accessories,Accessories,unisex,unisex,Blue,Blue,in_stock,in_stock,1,0,0,NS,1,LBP,LBP,3960000.0,3960000.0,44.0,44.0,3960000.0,3960000.0,3960000.0,3960000.0,44.0,44.0,3960000.0,3960000.0,,,,,,,,,False,False,Neither retailer currently shows a discount for this style code.
KB3135,exact_style_code,both_in_stock,neither_on_sale,False,,True,men,True,Black,normalized_compare,False,90000.0,True,0.0,0.0,0.0,0.0,0.0,same_price,tie,True,0.0,neither_discounted,tie,1,False,Adidas Climacool 3D Men Training Short Black,Adidas Climacool 3D Men Training Short Black,https://lb.mikesport.com/products/adidas-climacool-3d-men-training-short-black,https://lb.mikesport.com/products/adidas-climacool-3d-men-training-short-black,1,short,short,men,men,Black,Black,in_stock,in_stock,1,0,0,L | M | S | XL,4,USD,USD,80.0,80.0,80.0,80.0,7200000.0,7200000.0,80.0,80.0,80.0,80.0,7200000.0,7200000.0,,,,,,,,,False,False,1,False,"Climacool 3D Shorts, Black","Climacool 3D Shorts, Black",https://www.adidas.com.lb/en/adidas-climacool-3d-shorts-black/A7_KB3135_ONE.html,https://www.adidas.com.lb/en/adidas-climacool-3d-shorts-black/A7_KB3135_ONE.html,1,Shorts,Shorts,men,men,Black,Black,in_stock,in_stock,1,0,0,S 7 | M 7 | L 7,3,LBP,LBP,7200000.0,7200000.0,80.0,80.0,7200000.0,7200000.0,7200000.0,7200000.0,80.0,80.0,7200000.0,7200000.0,,,,,,,,,False,False,Neither retailer currently shows a discount for this style code.
KB4946,exact_style_code,both_in_stock,neither_on_sale,False,,True,women,False,,normalized_compare,False,90000.0,False,-2.0,-2.0,-180000.0,-1.71,-1.71,mikesport_cheaper,mikesport_lb,True,0.0,neither_discounted,tie,1,False,Adidas Stadium Women Sportswear Track Top Crystal Linen,Adidas Stadium Women Sportswear Track Top Crystal Linen,https://lb.mikesport.com/products/adidas-stadium-women-sportswear-track-top-crystal-linen,https://lb.mikesport.com/products/adidas-stadium-women-sportswear-track-top-crystal-linen,1,track_top,track_top,women,women,Crystal Linen/Off White,Crystal Linen/Off White,in_stock,in_stock,1,0,0,L | M,2,USD,USD,115.0,115.0,115.0,115.0,10350000.0,10350000.0,115.0,115.0,115.0,115.0,10350000.0,10350000.0,,,,,,,,,False,False,1,False,"Stadium Tracktop, Beige","Stadium Tracktop, Beige",https://www.adidas.com.lb/en/adidas-stadium-tracktop-beige/A7_KB4946_ONE.html,https://www.adidas.com.lb/en/adidas-stadium-tracktop-beige/A7_KB4946_ONE.html,1,Jackets & Tracktops,Jackets & Tracktops,women,women,Beige,Beige,in_stock,in_stock,1,0,0,S | M | L,3,LBP,LBP,10530000.0,10530000.0,117.0,117.0,10530000.0,10530000.0,10530000.0,10530000.0,117.0,117.0,10530000.0,10530000.0,,,,,,,,,False,False,Neither retailer currently shows a discount for this style code.
KB4950,exact_style_code,both_in_stock,neither_on_sale,False,,True,women,False,,normalized_compare,False,90000.0,True,0.0,0.0,0.0,0.0,0.0,same_price,tie,True,0.0,neither_discounted,tie,1,False,Adidas Stadium 3 Stripes Women Sportswear Pant Crystal Linen,Adidas Stadium 3 Stripes Women Sportswear Pant Crystal Linen,https://lb.mikesport.com/products/adidas-stadium-3-stripes-women-sportswear-pant-crystal-linen,https://lb.mikesport.com/products/adidas-stadium-3-stripes-women-sportswear-pant-crystal-linen,1,pant,pant,women,women,Crystal Linen/Pure Ruby/Off White,Crystal Linen/Pure Ruby/Off White,in_stock,in_stock,1,0,0,L | M | S,3,USD,USD,105.0,105.0,105.0,105.0,9450000.0,9450000.0,105.0,105.0,105.0,105.0,9450000.0,9450000.0,,,,,,,,,False,False,1,False,"Stadium 3-Stripes Track Tracksuit Bottoms, Beige","Stadium 3-Stripes Track Tracksuit Bottoms, Beige",https://www.adidas.com.lb/en/adidas-stadium-3-stripes-track-tracksuit-bottoms-beige/A7_KB4950_ONE.html,https://www.adidas.com.lb/en/adidas-stadium-3-stripes-track-tracksuit-bottoms-beige/A7_KB4950_ONE.html,1,Joggers & Trousers,Joggers & Trousers,women,women,Beige,Beige,in_stock,in_stock,1,0,0,S | M | L,3,LBP,LBP,9450000.0,9450000.0,105.0,105.0,9450000.0,9450000.0,9450000.0,9450000.0,105.0,105.0,9450000.0,9450000.0,,,,,,,,,False,False,Neither retailer currently shows a discount for this style code.
KB5965,exact_style_code,both_in_stock,neither_on_sale,False,,True,men,True,Black,normalized_compare,False,90000.0,False,1.0,1.0,90000.0,2.7,2.7,adidas_cheaper,adidas_lb,True,0.0,neither_discounted,tie,1,False,Adidas Adi365 Essentials Men Running T-Shirt Black,Adidas Adi365 Essentials Men Running T-Shirt Black,https://lb.mikesport.com/products/adidas-adi365-essentials-men-running-t-shirt-black,https://lb.mikesport.com/products/adidas-adi365-essentials-men-running-t-shirt-black,1,t-shirt,t-shirt,men,men,Black,Black,in_stock,in_stock,1,0,0,2XL | L | M | S | XL,5,USD,USD,38.0,38.0,38.0,38.0,3420000.0,3420000.0,38.0,38.0,38.0,38.0,3420000.0,3420000.0,,,,,,,,,False,False,1,False,"Adi365 Running Essentials T-Shirt, Black","Adi365 Running Essentials T-Shirt, Black",https://www.adidas.com.lb/en/adidas-adi365-running-essentials-t-shirt-black/A7_KB5965_ONE.html,https://www.adidas.com.lb/en/adidas-adi365-running-essentials-t-shirt-black/A7_KB5965_ONE.html,1,T-Shirts,T-Shirts,men,men,Black,Black,in_stock,in_stock,1,0,0,S | M | L | XL,4,LBP,LBP,3330000.0,3330000.0,37.0,37.0,3330000.0,3330000.0,3330000.0,3330000.0,37.0,37.0,3330000.0,3330000.0,,,,,,,,,False,False,Neither retailer currently shows a discount for this style code.
KB6855,exact_style_code,both_in_stock,neither_on_sale,False,,False,,False,,normalized_compare,False,90000.0,False,1.0,1.0,90000.0,2.27,2.27,adidas_cheaper,adidas_lb,True,0.0,neither_discounted,tie,1,False,Adidas Future Icons Oversized Kids-Boys Sportswear T-Shirt White/Black,Adidas Future Icons Oversized Kids-Boys Sportswear T-Shirt White/Black,https://lb.mikesport.com/products/adidas-future-icons-oversized-kids-boys-sportswear-t-shirt-white-black,https://lb.mikesport.com/products/adidas-future-icons-oversized-kids-boys-sportswear-t-shirt-white-black,1,t-shirt,t-shirt,boys,boys,White/Black,White/Black,in_stock,in_stock,1,0,0,7-8 Years | 9-10 Years | 11-12 Years | 13-14 Years,4,USD,USD,45.0,45.0,45.0,45.0,4050000.0,4050000.0,45.0,45.0,45.0,45.0,4050000.0,4050000.0,,,,,,,,,False,False,1,False,"Kids Unisex Future Icons Oversized T-Shirt, White","Kids Unisex Future Icons Oversized T-Shirt, White",https://www.adidas.com.lb/en/adidas-kids-unisex-future-icons-oversized-t-shirt-white/A7_KB6855_ONE.html,https://www.adidas.com.lb/en/adidas-kids-unisex-future-icons-oversized-t-shirt-white/A7_KB6855_ONE.html,1,NEW LINES ADDED - SPRING/SUMMER 2026,NEW LINES ADDED - SPRING/SUMMER 2026,unisex,unisex,White,White,in_stock,in_stock,1,0,0,5-6 Yrs | 7-8 Yrs | 11-12 Yrs | 13-14 Yrs | 9-10 Yrs | 15-16 Yrs,6,LBP,LBP,3960000.0,3960000.0,44.0,44.0,3960000.0,3960000.0,3960000.0,3960000.0,44.0,44.0,3960000.0,3960000.0,,,,,,,,,False,False,Neither retailer currently shows a discount for this style code.
KB6896,exact_style_code,both_in_stock,neither_on_sale,False,,True,girls,False,,normalized_compare,False,90000.0,False,1.0,1.0,90000.0,2.44,2.44,adidas_cheaper,adidas_lb,True,0.0,neither_discounted,tie,1,False,Adidas Future Icons 3 Stripes Kids-Girls Sportswear T-Shirt White/Grey,Adidas Future Icons 3 Stripes Kids-Girls Sportswear T-Shirt White/Grey,https://lb.mikesport.com/products/adidas-future-icons-3-stripes-kids-girls-sportswear-t-shirt-white-grey,https://lb.mikesport.com/products/adidas-future-icons-3-stripes-kids-girls-sportswear-t-shirt-white-grey,1,t-shirt,t-shirt,girls,girls,White/Grey,White/Grey,in_stock,in_stock,1,0,0,7-8 Years | 9-10 Years | 11-12 Years | 13-14 Years,4,USD,USD,42.0,42.0,42.0,42.0,3780000.0,3780000.0,42.0,42.0,42.0,42.0,3780000.0,3780000.0,,,,,,,,,False,False,1,False,"Kids Future Icons 3 Stripes T-Shirt, White","Kids Future Icons 3 Stripes T-Shirt, White",https://www.adidas.com.lb/en/adidas-kids-future-icons-3-stripes-t-shirt-white/A7_KB6896_ONE.html,https://www.adidas.com.lb/en/adidas-kids-future-icons-3-stripes-t-shirt-white/A7_KB6896_ONE.html,1,T-Shirts & Tops,T-Shirts & Tops,girls,girls,White,White,in_stock,in_stock,1,0,0,5-6 Yrs | 7-8 Yrs | 11-12 Yrs | 13-14 Yrs | 9-10 Yrs | 170,6,LBP,LBP,3690000.0,3690000.0,41.0,41.0,3690000.0,3690000.0,3690000.0,3690000.0,41.0,41.0,3690000.0,3690000.0,,,,,,,,,False,False,Neither retailer currently shows a discount for this style code.
KB6912,exact_style_code,both_in_stock,neither_on_sale,False,,True,girls,False,,normalized_compare,False,90000.0,True,0.0,0.0,0.0,0.0,0.0,same_price,tie,True,0.0,neither_discounted,tie,1,False,Adidas Future Icons Kids-Girls Sportswear 7/8 Tight Black/Grey,Adidas Future Icons Kids-Girls Sportswear 7/8 Tight Black/Grey,https://lb.mikesport.com/products/adidas-future-icons-kids-girls-sportswear-7-8-tight-black-grey,https://lb.mikesport.com/products/adidas-future-icons-kids-girls-sportswear-7-8-tight-black-grey,1,7/8_tight,7/8_tight,girls,girls,Black/Grey,Black/Grey,in_stock,in_stock,1,0,0,11-12 Years,1,USD,USD,61.0,61.0,61.0,61.0,5490000.0,5490000.0,61.0,61.0,61.0,61.0,5490000.0,5490000.0,,,,,,,,,False,False,1,False,"Kids Future Icons 7/8 Leggings Soft Touch, Black","Kids Future Icons 7/8 Leggings Soft Touch, Black",https://www.adidas.com.lb/en/adidas-kids-future-icons-7-8-leggings-soft-touch-black/A7_KB6912_ONE.html,https://www.adidas.com.lb/en/adidas-kids-future-icons-7-8-leggings-soft-touch-black/A7_KB6912_ONE.html,1,Leggings,Leggings,girls,girls,Black,Black,in_stock,in_stock,1,0,0,7-8 Yrs | 11-12 Yrs | 13-14 Yrs | 9-10 Yrs,4,LBP,LBP,5490000.0,5490000.0,61.0,61.0,5490000.0,5490000.0,5490000.0,5490000.0,61.0,61.0,5490000.0,5490000.0,,,,,,,,,False,False,Neither retailer currently shows a discount for this style code.
KB6975,exact_style_code,both_in_stock,neither_on_sale,False,,True,girls,False,,normalized_compare,False,90000.0,True,0.0,0.0,0.0,0.0,0.0,same_price,tie,True,0.0,neither_discounted,tie,1,False,Adidas Seasonals Animal Kids-Girls Sportswear Pant Wonder Sage,Adidas Seasonals Animal Kids-Girls Sportswear Pant Wonder Sage,https://lb.mikesport.com/products/adidas-seasonals-animal-kids-girls-sportswear-pant-wonder-sage,https://lb.mikesport.com/products/adidas-seasonals-animal-kids-girls-sportswear-pant-wonder-sage,1,pant,pant,girls,girls,Wonder Sage/Aurora Onix,Wonder Sage/Aurora Onix,in_stock,in_stock,1,0,0,7-8 Years | 9-10 Years | 11-12 Years | 13-14 Years,4,USD,USD,67.0,67.0,67.0,67.0,6030000.0,6030000.0,67.0,67.0,67.0,67.0,6030000.0,6030000.0,,,,,,,,,False,False,1,False,"Kids Seasonals Animal Joggers, Green","Kids Seasonals Animal Joggers, Green",https://www.adidas.com.lb/en/adidas-kids-seasonals-animal-joggers-green/A7_KB6975_ONE.html,https://www.adidas.com.lb/en/adidas-kids-seasonals-animal-joggers-green/A7_KB6975_ONE.html,1,Joggers & Trousers,Joggers & Trousers,girls,girls,Green,Green,in_stock,in_stock,1,0,0,7-8 Yrs | 11-12 Yrs | 13-14 Yrs | 9-10 Yrs | 170,5,LBP,LBP,6030000.0,6030000.0,67.0,67.0,6030000.0,6030000.0,6030000.0,6030000.0,67.0,67.0,6030000.0,6030000.0,,,,,,,,,False,False,Neither retailer currently shows a discount for this style code.
KB6989,exact_style_code,both_in_stock,neither_on_sale,False,,False,,False,,normalized_compare,False,90000.0,True,0.0,0.0,0.0,0.0,0.0,same_price,tie,True,0.0,neither_discounted,tie,1,False,Adidas Seasonals Animal Little-Girls Sportswear Set White/Wonder Sage,Adidas Seasonals Animal Little-Girls Sportswear Set White/Wonder Sage,https://lb.mikesport.com/products/adidas-seasonals-animal-little-girls-sportswear-set-white-wonder-sage,https://lb.mikesport.com/products/adidas-seasonals-animal-little-girls-sportswear-set-white-wonder-sage,1,set,set,girls,girls,White/Wonder Sage/Charcoal,White/Wonder Sage/Charcoal,in_stock,in_stock,1,0,0,3-4 Years | 4-5 Years | 5-6 Years | 7-8 Years,4,USD,USD,61.0,61.0,61.0,61.0,5490000.0,5490000.0,61.0,61.0,61.0,61.0,5490000.0,5490000.0,,,,,,,,,False,False,1,False,"Kids Seasonals Animal Set, White","Kids Seasonals Animal Set, White",https://www.adidas.com.lb/en/adidas-kids-seasonals-animal-set-white/A7_KB6989_ONE.html,https://www.adidas.com.lb/en/adidas-kids-seasonals-animal-set-white/A7_KB6989_ONE.html,1,NEW LINES ADDED - SPRING/SUMMER 2026,NEW LINES ADDED - SPRING/SUMMER 2026,kids,kids,White,White,in_stock,in_stock,1,0,0,1-2 Yrs | 3-4 Yrs | 4-5 Yrs | 5-6 Yrs | 7-8 Yrs | 2-3 Yrs | 9-10 Yrs,7,LBP,LBP,5490000.0,5490000.0,61.0,61.0,5490000.0,5490000.0,5490000.0,5490000.0,61.0,61.0,5490000.0,5490000.0,,,,,,,,,False,False,Neither retailer currently shows a discount for this style code.
KC1964,exact_style_code,both_in_stock,neither_on_sale,False,,True,unisex,True,Black,normalized_compare,False,90000.0,False,1.0,1.0,90000.0,2.44,2.44,adidas_cheaper,adidas_lb,True,0.0,neither_discounted,tie,1,False,Adidas Future Icons 3 Stripes Kids-Boys Sportswear T-Shirt Black,Adidas Future Icons 3 Stripes Kids-Boys Sportswear T-Shirt Black,https://lb.mikesport.com/products/adidas-future-icons-3-stripes-kids-boys-sportswear-t-shirt-black,https://lb.mikesport.com/products/adidas-future-icons-3-stripes-kids-boys-sportswear-t-shirt-black,1,t-shirt,t-shirt,unisex,unisex,Black,Black,in_stock,in_stock,1,0,0,7-8 Years | 9-10 Years | 11-12 Years | 13-14 Years,4,USD,USD,42.0,42.0,42.0,42.0,3780000.0,3780000.0,42.0,42.0,42.0,42.0,3780000.0,3780000.0,,,,,,,,,False,False,1,False,"Kids Unisex Future Icons 3 Stripes T-Shirt, Black","Kids Unisex Future Icons 3 Stripes T-Shirt, Black",https://www.adidas.com.lb/en/adidas-kids-unisex-future-icons-3-stripes-t-shirt-black/A7_KC1964_ONE.html,https://www.adidas.com.lb/en/adidas-kids-unisex-future-icons-3-stripes-t-shirt-black/A7_KC1964_ONE.html,1,NEW LINES ADDED - SPRING/SUMMER 2026,NEW LINES ADDED - SPRING/SUMMER 2026,unisex,unisex,Black,Black,in_stock,in_stock,1,0,0,5-6 Yrs | 7-8 Yrs | 11-12 Yrs | 13-14 Yrs | 9-10 Yrs | 15-16 Yrs,6,LBP,LBP,3690000.0,3690000.0,41.0,41.0,3690000.0,3690000.0,3690000.0,3690000.0,41.0,41.0,3690000.0,3690000.0,,,,,,,,,False,False,Neither retailer currently shows a discount for this style code.
KC6409,exact_style_code,both_in_stock,neither_on_sale,False,,True,unisex,True,Black,normalized_compare,False,90000.0,False,1.0,1.0,90000.0,2.7,2.7,adidas_cheaper,adidas_lb,True,0.0,neither_discounted,tie,1,False,Adidas Metal Straw 0.6 L Unisex Training Bottle Black,Adidas Metal Straw 0.6 L Unisex Training Bottle Black,https://lb.mikesport.com/products/adidas-metal-straw-0-6-l-unisex-training-bottle-black,https://lb.mikesport.com/products/adidas-metal-straw-0-6-l-unisex-training-bottle-black,1,bottle,bottle,unisex,unisex,Black,Black,in_stock,in_stock,1,0,0,,0,USD,USD,38.0,38.0,38.0,38.0,3420000.0,3420000.0,38.0,38.0,38.0,38.0,3420000.0,3420000.0,,,,,,,,,False,False,1,False,"Unisex Metal Water Bottle Straw 0.6 Liter, Black","Unisex Metal Water Bottle Straw 0.6 Liter, Black",https://www.adidas.com.lb/en/adidas-unisex-metal-water-bottle-straw-0.6-liter-black/A7_KC6409_ONE.html,https://www.adidas.com.lb/en/adidas-unisex-metal-water-bottle-straw-0.6-liter-black/A7_KC6409_ONE.html,1,Bottles,Bottles,unisex,unisex,Black,Black,in_stock,in_stock,1,0,0,NS,1,LBP,LBP,3330000.0,3330000.0,37.0,37.0,3330000.0,3330000.0,3330000.0,3330000.0,37.0,37.0,3330000.0,3330000.0,,,,,,,,,False,False,Neither retailer currently shows a discount for this style code.
KC6412,exact_style_code,both_in_stock,neither_on_sale,False,,True,unisex,True,Black,normalized_compare,False,90000.0,False,1.0,1.0,90000.0,2.7,2.7,adidas_cheaper,adidas_lb,True,0.0,neither_discounted,tie,1,False,Adidas Metal Screw 0.6 L Unisex Training Bottle Black,Adidas Metal Screw 0.6 L Unisex Training Bottle Black,https://lb.mikesport.com/products/adidas-metal-screw-0-6-l-unisex-training-bottle-black,https://lb.mikesport.com/products/adidas-metal-screw-0-6-l-unisex-training-bottle-black,1,bottle,bottle,unisex,unisex,Black,Black,in_stock,in_stock,1,0,0,,0,USD,USD,38.0,38.0,38.0,38.0,3420000.0,3420000.0,38.0,38.0,38.0,38.0,3420000.0,3420000.0,,,,,,,,,False,False,1,False,"Unisex Metal Water Bottle Screw Top 0.6 L, Black","Unisex Metal Water Bottle Screw Top 0.6 L, Black",https://www.adidas.com.lb/en/adidas-unisex-metal-water-bottle-screw-top-0.6-l-black/A7_KC6412_ONE.html,https://www.adidas.com.lb/en/adidas-unisex-metal-water-bottle-screw-top-0.6-l-black/A7_KC6412_ONE.html,1,Bottles,Bottles,unisex,unisex,Black,Black,in_stock,in_stock,1,0,0,NS,1,LBP,LBP,3330000.0,3330000.0,37.0,37.0,3330000.0,3330000.0,3330000.0,3330000.0,37.0,37.0,3330000.0,3330000.0,,,,,,,,,False,False,Neither retailer currently shows a discount for this style code.
KC6413,exact_style_code,both_in_stock,neither_on_sale,False,,True,unisex,False,,normalized_compare,False,90000.0,False,1.0,1.0,90000.0,2.7,2.7,adidas_cheaper,adidas_lb,True,0.0,neither_discounted,tie,1,False,Adidas Metal Screw Top 0.6 L Unisex Training Bottle Grey/Black,Adidas Metal Screw Top 0.6 L Unisex Training Bottle Grey/Black,https://lb.mikesport.com/products/adidas-metal-screw-top-0-6-l-unisex-training-bottle-grey-black,https://lb.mikesport.com/products/adidas-metal-screw-top-0-6-l-unisex-training-bottle-grey-black,1,bottle,bottle,unisex,unisex,Grey/Black,Grey/Black,in_stock,in_stock,1,0,0,,0,USD,USD,38.0,38.0,38.0,38.0,3420000.0,3420000.0,38.0,38.0,38.0,38.0,3420000.0,3420000.0,,,,,,,,,False,False,1,False,"Unisex Metal Water Bottle Screw Top 0.6 L, Grey","Unisex Metal Water Bottle Screw Top 0.6 L, Grey",https://www.adidas.com.lb/en/adidas-unisex-metal-water-bottle-screw-top-0.6-l-grey/A7_KC6413_ONE.html,https://www.adidas.com.lb/en/adidas-unisex-metal-water-bottle-screw-top-0.6-l-grey/A7_KC6413_ONE.html,1,Bottles,Bottles,unisex,unisex,Grey,Grey,in_stock,in_stock,1,0,0,NS,1,LBP,LBP,3330000.0,3330000.0,37.0,37.0,3330000.0,3330000.0,3330000.0,3330000.0,37.0,37.0,3330000.0,3330000.0,,,,,,,,,False,False,Neither retailer currently shows a discount for this style code.
KC8645,exact_style_code,both_in_stock,neither_on_sale,False,,False,,True,Black,normalized_compare,False,90000.0,False,1.0,1.0,90000.0,2.13,2.13,adidas_cheaper,adidas_lb,True,0.0,neither_discounted,tie,1,False,Adidas 3 Stripes Flared Kids-Girls Original Tight Black,Adidas 3 Stripes Flared Kids-Girls Original Tight Black,https://lb.mikesport.com/products/adidas-3-stripes-flared-kids-girls-original-tight-black,https://lb.mikesport.com/products/adidas-3-stripes-flared-kids-girls-original-tight-black,1,tight,tight,girls,girls,Black,Black,in_stock,in_stock,1,0,0,7-8 Years | 9-10 Years | 11-12 Years | 13-14 Years,4,USD,USD,48.0,48.0,48.0,48.0,4320000.0,4320000.0,48.0,48.0,48.0,48.0,4320000.0,4320000.0,,,,,,,,,False,False,1,False,"Kids 3 Stripes Flared Leggings, Black","Kids 3 Stripes Flared Leggings, Black",https://www.adidas.com.lb/en/adidas-kids-3-stripes-flared-leggings-black/A7_KC8645_ONE.html,https://www.adidas.com.lb/en/adidas-kids-3-stripes-flared-leggings-black/A7_KC8645_ONE.html,1,Coming Soon,Coming Soon,kids,kids,Black,Black,in_stock,in_stock,1,0,0,7-8 Yrs | 11-12 Yrs | 13-14 Yrs | 9-10 Yrs | 170,5,LBP,LBP,4230000.0,4230000.0,47.0,47.0,4230000.0,4230000.0,4230000.0,4230000.0,47.0,47.0,4230000.0,4230000.0,,,,,,,,,False,False,Neither retailer currently shows a discount for this style code.
KC9122,exact_style_code,both_in_stock,neither_on_sale,False,,True,women,False,,normalized_compare,False,90000.0,True,0.0,0.0,0.0,0.0,0.0,same_price,tie,True,0.0,neither_discounted,tie,1,False,Adidas Rouched Football Women Original T-Shirt Off White,Adidas Rouched Football Women Original T-Shirt Off White,https://lb.mikesport.com/products/adidas-rouched-football-women-original-t-shirt-off-white,https://lb.mikesport.com/products/adidas-rouched-football-women-original-t-shirt-off-white,1,t-shirt,t-shirt,women,women,Off White,Off White,in_stock,in_stock,1,0,0,L | M | S | XS,4,USD,USD,80.0,80.0,80.0,80.0,7200000.0,7200000.0,80.0,80.0,80.0,80.0,7200000.0,7200000.0,,,,,,,,,False,False,1,False,"Rouched Football Jersey, White","Rouched Football Jersey, White",https://www.adidas.com.lb/en/adidas-rouched-football-jersey-white/A7_KC9122_ONE.html,https://www.adidas.com.lb/en/adidas-rouched-football-jersey-white/A7_KC9122_ONE.html,1,T-Shirts & Tops,T-Shirts & Tops,women,women,White,White,in_stock,in_stock,1,0,0,XS | S | M | L | XL,5,LBP,LBP,7200000.0,7200000.0,80.0,80.0,7200000.0,7200000.0,7200000.0,7200000.0,80.0,80.0,7200000.0,7200000.0,,,,,,,,,False,False,Neither retailer currently shows a discount for this style code.
KC9613,exact_style_code,both_in_stock,neither_on_sale,False,,True,unisex,False,,normalized_compare,False,90000.0,True,0.0,0.0,0.0,0.0,0.0,same_price,tie,True,0.0,neither_discounted,tie,1,False,Adidas Thin&Light Sportswear Ankle 3 Pair Unisex Training Sock Black/White,Adidas Thin&Light Sportswear Ankle 3 Pair Unisex Training Sock Black/White,https://lb.mikesport.com/products/adidas-thin-light-sportswear-ankle-3-pair-unisex-training-sock-black-white,https://lb.mikesport.com/products/adidas-thin-light-sportswear-ankle-3-pair-unisex-training-sock-black-white,1,sock,sock,unisex,unisex,Black/White,Black/White,in_stock,in_stock,1,0,0,2XL | L | M | S | XL | XS,6,USD,USD,18.0,18.0,18.0,18.0,1620000.0,1620000.0,18.0,18.0,18.0,18.0,1620000.0,1620000.0,,,,,,,,,False,False,2,True,"Unisex Thin&Light Sportswear Ankle Socks - 3 Pair Pack, Black","Unisex Thin&Light Sportswear Ankle Socks - 3 Pair Pack, Black",https://www.adidas.com.lb/en/adidas-outlet-unisex-thinandlight-sportswear-ankle-socks---3-pair-pack-black/A9_KC9613_ONE.html,https://www.adidas.com.lb/en/adidas-unisex-thinandlight-sportswear-ankle-socks---3-pair-pack-black/A7_KC9613_ONE.html | https://www.adidas.com.lb/en/adidas-outlet-unisex-thinandlight-sportswear-ankle-socks---3-pair-pack-black/A9_KC9613_ONE.html,2,Socks,Socks,unisex,unisex,Black,Black,in_stock,in_stock,2,0,0,34-36 | 37-39 | M | L | 28-30 | 31-33,6,LBP,LBP,1620000.0,1620000.0,18.0,18.0,1620000.0,1620000.0,1620000.0,1620000.0,18.0,18.0,1620000.0,1620000.0,,,,,,,,,False,False,Neither retailer currently shows a discount for this style code.
KD0984,exact_style_code,both_in_stock,neither_on_sale,False,,False,,True,Black,normalized_compare,False,90000.0,True,0.0,0.0,0.0,0.0,0.0,same_price,tie,True,0.0,neither_discounted,tie,1,False,Adidas Minecraft Training Kids-Boys Sportswear Pant Black,Adidas Minecraft Training Kids-Boys Sportswear Pant Black,https://lb.mikesport.com/products/adidas-minecraft-training-kids-boys-sportswear-pant-black,https://lb.mikesport.com/products/adidas-minecraft-training-kids-boys-sportswear-pant-black,1,pant,pant,boys,boys,Black,Black,in_stock,in_stock,1,0,0,7-8 Years | 9-10 Years | 11-12 Years | 13-14 Years,4,USD,USD,67.0,67.0,67.0,67.0,6030000.0,6030000.0,67.0,67.0,67.0,67.0,6030000.0,6030000.0,,,,,,,,,False,False,1,False,"Kids Unisex Adidas Minecraft Training Pant, Black","Kids Unisex Adidas Minecraft Training Pant, Black",https://www.adidas.com.lb/en/adidas-kids-unisex-adidas-minecraft-training-pant-black/A7_KD0984_ONE.html,https://www.adidas.com.lb/en/adidas-kids-unisex-adidas-minecraft-training-pant-black/A7_KD0984_ONE.html,1,Joggers & Trousers,Joggers & Trousers,unisex,unisex,Black,Black,in_stock,in_stock,1,0,0,7-8 Yrs | 11-12 Yrs | 13-14 Yrs | 9-10 Yrs,4,LBP,LBP,6030000.0,6030000.0,67.0,67.0,6030000.0,6030000.0,6030000.0,6030000.0,67.0,67.0,6030000.0,6030000.0,,,,,,,,,False,False,Neither retailer currently shows a discount for this style code.
KD0986,exact_style_code,both_in_stock,neither_on_sale,False,,False,,False,,normalized_compare,False,90000.0,False,1.0,1.0,90000.0,2.27,2.27,adidas_cheaper,adidas_lb,True,0.0,neither_discounted,tie,1,False,Adidas Minecraft Training Kids-Boys Sportswear Short Silver Green,Adidas Minecraft Training Kids-Boys Sportswear Short Silver Green,https://lb.mikesport.com/products/adidas-minecraft-training-kids-boys-sportswear-short-silver-green,https://lb.mikesport.com/products/adidas-minecraft-training-kids-boys-sportswear-short-silver-green,1,short,short,boys,boys,Silver Green,Silver Green,in_stock,in_stock,1,0,0,7-8 Years | 9-10 Years | 11-12 Years | 13-14 Years,4,USD,USD,45.0,45.0,45.0,45.0,4050000.0,4050000.0,45.0,45.0,45.0,45.0,4050000.0,4050000.0,,,,,,,,,False,False,1,False,"Kids Unisex Adidas Minecraft Training Short, Green","Kids Unisex Adidas Minecraft Training Short, Green",https://www.adidas.com.lb/en/adidas-kids-unisex-adidas-minecraft-training-short-green/A7_KD0986_ONE.html,https://www.adidas.com.lb/en/adidas-kids-unisex-adidas-minecraft-training-short-green/A7_KD0986_ONE.html,1,Shorts,Shorts,unisex,unisex,Green,Green,in_stock,in_stock,1,0,0,5-6 Yrs | 7-8 Yrs | 11-12 Yrs | 13-14 Yrs | 9-10 Yrs | 15-16 Yrs,6,LBP,LBP,3960000.0,3960000.0,44.0,44.0,3960000.0,3960000.0,3960000.0,3960000.0,44.0,44.0,3960000.0,3960000.0,,,,,,,,,False,False,Neither retailer currently shows a discount for this style code.
KD2182,exact_style_code,both_in_stock,neither_on_sale,False,,False,,False,,normalized_compare,False,90000.0,False,1.0,1.0,90000.0,3.57,3.57,adidas_cheaper,adidas_lb,True,0.0,neither_discounted,tie,1,False,Adidas Linear Essential Graphic Pouch Women Training Bag Earth Strata,Adidas Linear Essential Graphic Pouch Women Training Bag Earth Strata,https://lb.mikesport.com/products/adidas-linear-essential-graphic-pouch-women-training-bag-earth-strata,https://lb.mikesport.com/products/adidas-linear-essential-graphic-pouch-women-training-bag-earth-strata,1,bags_cases_and_luggage,bags_cases_and_luggage,women,women,Earth Strata / Shadow Brown,Earth Strata / Shadow Brown,in_stock,in_stock,1,0,0,,0,USD,USD,29.0,29.0,29.0,29.0,2610000.0,2610000.0,29.0,29.0,29.0,29.0,2610000.0,2610000.0,,,,,,,,,False,False,1,False,"Linear Essential Graphic Pouch, Brown","Linear Essential Graphic Pouch, Brown",https://www.adidas.com.lb/en/adidas-linear-essential-graphic-pouch-brown/A7_KD2182_ONE.html,https://www.adidas.com.lb/en/adidas-linear-essential-graphic-pouch-brown/A7_KD2182_ONE.html,1,Bags & Backpacks,Bags & Backpacks,men,men,Brown,Brown,in_stock,in_stock,1,0,0,NS,1,LBP,LBP,2520000.0,2520000.0,28.0,28.0,2520000.0,2520000.0,2520000.0,2520000.0,28.0,28.0,2520000.0,2520000.0,,,,,,,,,False,False,Neither retailer currently shows a discount for this style code.
KD2772,exact_style_code,both_in_stock,neither_on_sale,False,,True,unisex,False,,normalized_compare,False,90000.0,True,0.0,0.0,0.0,0.0,0.0,same_price,tie,True,0.0,neither_discounted,tie,1,False,"Adidas Perf 0,75L Unisex Training Bottle White/Black","Adidas Perf 0,75L Unisex Training Bottle White/Black",https://lb.mikesport.com/products/adidas-perf-0-75l-unisex-training-bottle-white-black,https://lb.mikesport.com/products/adidas-perf-0-75l-unisex-training-bottle-white-black,1,bottle,bottle,unisex,unisex,White/Black,White/Black,in_stock,in_stock,1,0,0,,0,USD,USD,13.0,13.0,13.0,13.0,1170000.0,1170000.0,13.0,13.0,13.0,13.0,1170000.0,1170000.0,,,,,,,,,False,False,1,False,"Unisex Water Bottle 0,75L, White","Unisex Water Bottle 0,75L, White",https://www.adidas.com.lb/en/adidas-unisex-water-bottle-075l-white/A7_KD2772_ONE.html,https://www.adidas.com.lb/en/adidas-unisex-water-bottle-075l-white/A7_KD2772_ONE.html,1,Bottles,Bottles,unisex,unisex,White,White,in_stock,in_stock,1,0,0,NS,1,LBP,LBP,1170000.0,1170000.0,13.0,13.0,1170000.0,1170000.0,1170000.0,1170000.0,13.0,13.0,1170000.0,1170000.0,,,,,,,,,False,False,Neither retailer currently shows a discount for this style code.
KD2773,exact_style_code,both_in_stock,neither_on_sale,False,,True,unisex,False,,normalized_compare,False,90000.0,True,0.0,0.0,0.0,0.0,0.0,same_price,tie,True,0.0,neither_discounted,tie,1,False,"Adidas Perf 0,75L Unisex Training Bottle Black/White","Adidas Perf 0,75L Unisex Training Bottle Black/White",https://lb.mikesport.com/products/adidas-perf-0-75l-unisex-training-bottle-black-white,https://lb.mikesport.com/products/adidas-perf-0-75l-unisex-training-bottle-black-white,1,bottle,bottle,unisex,unisex,Black/White,Black/White,in_stock,in_stock,1,0,0,,0,USD,USD,13.0,13.0,13.0,13.0,1170000.0,1170000.0,13.0,13.0,13.0,13.0,1170000.0,1170000.0,,,,,,,,,False,False,1,False,"Unisex Water Bottle 0,75L, Black","Unisex Water Bottle 0,75L, Black",https://www.adidas.com.lb/en/adidas-unisex-water-bottle-075l-black/A7_KD2773_ONE.html,https://www.adidas.com.lb/en/adidas-unisex-water-bottle-075l-black/A7_KD2773_ONE.html,1,Bottles,Bottles,unisex,unisex,Black,Black,in_stock,in_stock,1,0,0,NS,1,LBP,LBP,1170000.0,1170000.0,13.0,13.0,1170000.0,1170000.0,1170000.0,1170000.0,13.0,13.0,1170000.0,1170000.0,,,,,,,,,False,False,Neither retailer currently shows a discount for this style code.
KD2774,exact_style_code,both_in_stock,neither_on_sale,False,,True,unisex,False,,normalized_compare,False,90000.0,True,0.0,0.0,0.0,0.0,0.0,same_price,tie,True,0.0,neither_discounted,tie,1,False,"Adidas Perf 0,75L Unisex Training Bottle Pure Orange/Black","Adidas Perf 0,75L Unisex Training Bottle Pure Orange/Black",https://lb.mikesport.com/products/adidas-perf-0-75l-unisex-training-bottle-pure-orange-black,https://lb.mikesport.com/products/adidas-perf-0-75l-unisex-training-bottle-pure-orange-black,1,bottle,bottle,unisex,unisex,Pure Orange/Black,Pure Orange/Black,in_stock,in_stock,1,0,0,,0,USD,USD,13.0,13.0,13.0,13.0,1170000.0,1170000.0,13.0,13.0,13.0,13.0,1170000.0,1170000.0,,,,,,,,,False,False,1,False,"Unisex Water Bottle 0,75L, Orange","Unisex Water Bottle 0,75L, Orange",https://www.adidas.com.lb/en/adidas-unisex-water-bottle-075l-orange/A7_KD2774_ONE.html,https://www.adidas.com.lb/en/adidas-unisex-water-bottle-075l-orange/A7_KD2774_ONE.html,1,Bottles,Bottles,unisex,unisex,Orange,Orange,in_stock,in_stock,1,0,0,NS,1,LBP,LBP,1170000.0,1170000.0,13.0,13.0,1170000.0,1170000.0,1170000.0,1170000.0,13.0,13.0,1170000.0,1170000.0,,,,,,,,,False,False,Neither retailer currently shows a discount for this style code.
KD2787,exact_style_code,both_in_stock,neither_on_sale,False,,True,unisex,False,,normalized_compare,False,90000.0,True,0.0,0.0,0.0,0.0,0.0,same_price,tie,True,0.0,neither_discounted,tie,1,False,"Adidas Perf 0,75L Unisex Training Bottle Ray Blue/Black","Adidas Perf 0,75L Unisex Training Bottle Ray Blue/Black",https://lb.mikesport.com/products/adidas-perf-0-75l-unisex-training-bottle-ray-blue-black,https://lb.mikesport.com/products/adidas-perf-0-75l-unisex-training-bottle-ray-blue-black,1,bottle,bottle,unisex,unisex,Ray Blue/Black,Ray Blue/Black,in_stock,in_stock,1,0,0,,0,USD,USD,13.0,13.0,13.0,13.0,1170000.0,1170000.0,13.0,13.0,13.0,13.0,1170000.0,1170000.0,,,,,,,,,False,False,1,False,"Unisex Water Bottle 0,75L, Blue","Unisex Water Bottle 0,75L, Blue",https://www.adidas.com.lb/en/adidas-unisex-water-bottle-075l-blue/A7_KD2787_ONE.html,https://www.adidas.com.lb/en/adidas-unisex-water-bottle-075l-blue/A7_KD2787_ONE.html,1,Bottles,Bottles,unisex,unisex,Blue,Blue,in_stock,in_stock,1,0,0,NS,1,LBP,LBP,1170000.0,1170000.0,13.0,13.0,1170000.0,1170000.0,1170000.0,1170000.0,13.0,13.0,1170000.0,1170000.0,,,,,,,,,False,False,Neither retailer currently shows a discount for this style code.
KD2913,exact_style_code,both_in_stock,neither_on_sale,False,,True,women,False,,normalized_compare,False,90000.0,True,0.0,0.0,0.0,0.0,0.0,same_price,tie,True,0.0,neither_discounted,tie,1,False,Adidas Firebird Denim Track Women Original Jacket Vintage Denim,Adidas Firebird Denim Track Women Original Jacket Vintage Denim,https://lb.mikesport.com/products/adidas-firebird-denim-track-women-original-jacket-vintage-denim,https://lb.mikesport.com/products/adidas-firebird-denim-track-women-original-jacket-vintage-denim,1,jacket,jacket,women,women,Medium Vintage Denim,Medium Vintage Denim,in_stock,in_stock,1,0,0,L,1,USD,USD,135.0,135.0,135.0,135.0,12150000.0,12150000.0,135.0,135.0,135.0,135.0,12150000.0,12150000.0,,,,,,,,,False,False,1,False,"Firebird Track Top Denim, Blue","Firebird Track Top Denim, Blue",https://www.adidas.com.lb/en/adidas-firebird-track-top-denim-blue/A7_KD2913_ONE.html,https://www.adidas.com.lb/en/adidas-firebird-track-top-denim-blue/A7_KD2913_ONE.html,1,Jackets & Tracktops,Jackets & Tracktops,women,women,Blue,Blue,in_stock,in_stock,1,0,0,M,1,LBP,LBP,12150000.0,12150000.0,135.0,135.0,12150000.0,12150000.0,12150000.0,12150000.0,135.0,135.0,12150000.0,12150000.0,,,,,,,,,False,False,Neither retailer currently shows a discount for this style code.
KD2949,exact_style_code,both_in_stock,neither_on_sale,False,,True,men,False,,normalized_compare,False,90000.0,False,1.0,1.0,90000.0,2.27,2.27,adidas_cheaper,adidas_lb,True,0.0,neither_discounted,tie,1,False,Adidas Workout Essentials Base Woven Men Training Short Grey Five,Adidas Workout Essentials Base Woven Men Training Short Grey Five,https://lb.mikesport.com/products/adidas-workout-essentials-base-woven-men-training-short-grey-five,https://lb.mikesport.com/products/adidas-workout-essentials-base-woven-men-training-short-grey-five,1,short,short,men,men,Grey Five,Grey Five,in_stock,in_stock,1,0,0,L | M | S | XL,4,USD,USD,45.0,45.0,45.0,45.0,4050000.0,4050000.0,45.0,45.0,45.0,45.0,4050000.0,4050000.0,,,,,,,,,False,False,1,False,"Workout Essentials Base Woven Short, Grey","Workout Essentials Base Woven Short, Grey",https://www.adidas.com.lb/en/adidas-workout-essentials-base-woven-short-grey/A7_KD2949_ONE.html,https://www.adidas.com.lb/en/adidas-workout-essentials-base-woven-short-grey/A7_KD2949_ONE.html,1,Shorts,Shorts,men,men,Grey,Grey,in_stock,in_stock,1,0,0,S 7 | M 7 | L 7 | XL7 | XS7,5,LBP,LBP,3960000.0,3960000.0,44.0,44.0,3960000.0,3960000.0,3960000.0,3960000.0,44.0,44.0,3960000.0,3960000.0,,,,,,,,,False,False,Neither retailer currently shows a discount for this style code.
KD2962,exact_style_code,both_in_stock,neither_on_sale,False,,True,men,False,,normalized_compare,False,90000.0,False,1.0,1.0,90000.0,2.27,2.27,adidas_cheaper,adidas_lb,True,0.0,neither_discounted,tie,1,False,Adidas Workout Essentials Base Woven Men Training Short Dusky Petrol,Adidas Workout Essentials Base Woven Men Training Short Dusky Petrol,https://lb.mikesport.com/products/adidas-workout-essentials-base-woven-men-training-short-dusky-petrol,https://lb.mikesport.com/products/adidas-workout-essentials-base-woven-men-training-short-dusky-petrol,1,short,short,men,men,Dusky Petrol,Dusky Petrol,in_stock,in_stock,1,0,0,L | M | S | XL,4,USD,USD,45.0,45.0,45.0,45.0,4050000.0,4050000.0,45.0,45.0,45.0,45.0,4050000.0,4050000.0,,,,,,,,,False,False,1,False,"Workout Essentials Base Woven Short, Blue","Workout Essentials Base Woven Short, Blue",https://www.adidas.com.lb/en/adidas-workout-essentials-base-woven-short-blue/A7_KD2962_ONE.html,https://www.adidas.com.lb/en/adidas-workout-essentials-base-woven-short-blue/A7_KD2962_ONE.html,1,T-Shirts,T-Shirts,men,men,Blue,Blue,in_stock,in_stock,1,0,0,M 7,1,LBP,LBP,3960000.0,3960000.0,44.0,44.0,3960000.0,3960000.0,3960000.0,3960000.0,44.0,44.0,3960000.0,3960000.0,,,,,,,,,False,False,Neither retailer currently shows a discount for this style code.
KD3660,exact_style_code,both_in_stock,neither_on_sale,False,,True,women,False,,normalized_compare,False,90000.0,False,2.0,2.0,180000.0,1.59,1.59,adidas_cheaper,adidas_lb,True,0.0,neither_discounted,tie,1,False,Adidas Firebird Loose Track Women Original Pant Stone Khaki,Adidas Firebird Loose Track Women Original Pant Stone Khaki,https://lb.mikesport.com/products/adidas-firebird-loose-track-women-original-pant-stone-khaki,https://lb.mikesport.com/products/adidas-firebird-loose-track-women-original-pant-stone-khaki,1,pant,pant,women,women,", where bold accents meet timeless design. Structured in a loose fit, these track pants offer easygoing comfort and freedom of movement, a must-have for casual outings or those relaxed days at home. Featuring a tricot construction, the fabric feels smooth to the touch. The mid-rise design brings a modern feel, for a balanced silhouette that teams up effortlessly with favorites in your collection. Whether you're lounging at home or stepping out, these track pants are all about looking effortlessly stylish. Dive into the world of Originals and make a statement with each step. Highlights: Loose fit Mid-rise waist Tricot fabric 3-Stripes branding Composition: 100% polyester (100% recycled) Color: Stone Khaki / Earth Strata",", where bold accents meet timeless design. Structured in a loose fit, these track pants offer easygoing comfort and freedom of movement, a must-have for casual outings or those relaxed days at home. Featuring a tricot construction, the fabric feels smooth to the touch. The mid-rise design brings a modern feel, for a balanced silhouette that teams up effortlessly with favorites in your collection. Whether you're lounging at home or stepping out, these track pants are all about looking effortlessly stylish. Dive into the world of Originals and make a statement with each step. Highlights: Loose fit Mid-rise waist Tricot fabric 3-Stripes branding Composition: 100% polyester (100% recycled) Color: Stone Khaki / Earth Strata",in_stock,in_stock,1,0,0,M | XS,2,USD,USD,128.0,128.0,128.0,128.0,11520000.0,11520000.0,128.0,128.0,128.0,128.0,11520000.0,11520000.0,,,,,,,,,False,False,1,False,"Firebird Loose Track Tracksuit Bottoms, Beige","Firebird Loose Track Tracksuit Bottoms, Beige",https://www.adidas.com.lb/en/adidas-firebird-loose-track-tracksuit-bottoms-beige/A7_KD3660_ONE.html,https://www.adidas.com.lb/en/adidas-firebird-loose-track-tracksuit-bottoms-beige/A7_KD3660_ONE.html,1,Joggers & Trousers,Joggers & Trousers,women,women,Beige,Beige,in_stock,in_stock,1,0,0,XS | S | M | L,4,LBP,LBP,11340000.0,11340000.0,126.0,126.0,11340000.0,11340000.0,11340000.0,11340000.0,126.0,126.0,11340000.0,11340000.0,,,,,,,,,False,False,Neither retailer currently shows a discount for this style code.
KD5929,exact_style_code,both_in_stock,neither_on_sale,False,,True,girls,True,Purple,normalized_compare,False,90000.0,False,1.0,1.0,90000.0,2.7,2.7,adidas_cheaper,adidas_lb,True,0.0,neither_discounted,tie,1,False,Adidas Collegate Kids-Girls Sportswear T-Shirt Purple,Adidas Collegate Kids-Girls Sportswear T-Shirt Purple,https://lb.mikesport.com/products/adidas-collegate-kids-girls-sportswear-t-shirt-purple,https://lb.mikesport.com/products/adidas-collegate-kids-girls-sportswear-t-shirt-purple,1,t-shirt,t-shirt,girls,girls,Purple,Purple,in_stock,in_stock,1,0,0,7-8 Years | 9-10 Years | 11-12 Years | 13-14 Years,4,USD,USD,38.0,38.0,38.0,38.0,3420000.0,3420000.0,38.0,38.0,38.0,38.0,3420000.0,3420000.0,,,,,,,,,False,False,1,False,"Kids Seasonals Collegiate Typography T-Shirt, Purple","Kids Seasonals Collegiate Typography T-Shirt, Purple",https://www.adidas.com.lb/en/adidas-kids-seasonals-collegiate-typography-t-shirt-purple/A7_KD5929_ONE.html,https://www.adidas.com.lb/en/adidas-kids-seasonals-collegiate-typography-t-shirt-purple/A7_KD5929_ONE.html,1,T-Shirts & Tops,T-Shirts & Tops,girls,girls,Purple,Purple,in_stock,in_stock,1,0,0,5-6 Yrs | 7-8 Yrs | 11-12 Yrs | 13-14 Yrs | 9-10 Yrs | 170,6,LBP,LBP,3330000.0,3330000.0,37.0,37.0,3330000.0,3330000.0,3330000.0,3330000.0,37.0,37.0,3330000.0,3330000.0,,,,,,,,,False,False,Neither retailer currently shows a discount for this style code.
KD6719,exact_style_code,both_in_stock,neither_on_sale,False,,True,unisex,False,,normalized_compare,False,90000.0,True,0.0,0.0,0.0,0.0,0.0,same_price,tie,True,0.0,neither_discounted,tie,1,False,Adidas Thin&Light Sportswear No Show 3 Pair Pack Unisex Training Sock Black/White,Adidas Thin&Light Sportswear No Show 3 Pair Pack Unisex Training Sock Black/White,https://lb.mikesport.com/products/adidas-thin-light-sportswear-no-show-3-pair-pack-unisex-training-sock-black-white,https://lb.mikesport.com/products/adidas-thin-light-sportswear-no-show-3-pair-pack-unisex-training-sock-black-white,1,sock,sock,unisex,unisex,Black/White,Black/White,in_stock,in_stock,1,0,0,L | M | S | XL | XS,5,USD,USD,18.0,18.0,18.0,18.0,1620000.0,1620000.0,18.0,18.0,18.0,18.0,1620000.0,1620000.0,,,,,,,,,False,False,1,False,"Unisex Thin&Light Sportswear No Show Socks - 3 Pair Pack, Black","Unisex Thin&Light Sportswear No Show Socks - 3 Pair Pack, Black",https://www.adidas.com.lb/en/adidas-unisex-thinandlight-sportswear-no-show-socks---3-pair-pack-black/A7_KD6719_ONE.html,https://www.adidas.com.lb/en/adidas-unisex-thinandlight-sportswear-no-show-socks---3-pair-pack-black/A7_KD6719_ONE.html,1,Socks,Socks,unisex,unisex,Black,Black,in_stock,in_stock,1,0,0,34-36 | 37-39 | M | L | 46-48 | 28-30 | 31-33,7,LBP,LBP,1620000.0,1620000.0,18.0,18.0,1620000.0,1620000.0,1620000.0,1620000.0,18.0,18.0,1620000.0,1620000.0,,,,,,,,,False,False,Neither retailer currently shows a discount for this style code.
KD7810,exact_style_code,both_in_stock,neither_on_sale,False,,False,,False,,normalized_compare,False,90000.0,False,1.0,1.0,90000.0,2.13,2.13,adidas_cheaper,adidas_lb,True,0.0,neither_discounted,tie,1,False,Adidas Adicolor Classic Women Original Backpack Aurora Coffee,Adidas Adicolor Classic Women Original Backpack Aurora Coffee,https://lb.mikesport.com/products/adidas-adicolor-classic-women-original-backpack-aurora-coffee,https://lb.mikesport.com/products/adidas-adicolor-classic-women-original-backpack-aurora-coffee,1,bags_cases_and_luggage,bags_cases_and_luggage,women,women,Aurora Coffee,Aurora Coffee,in_stock,in_stock,1,0,0,,0,USD,USD,48.0,48.0,48.0,48.0,4320000.0,4320000.0,48.0,48.0,48.0,48.0,4320000.0,4320000.0,,,,,,,,,False,False,1,False,"Unisex Adicolor Classic Backpack, Brown","Unisex Adicolor Classic Backpack, Brown",https://www.adidas.com.lb/en/adidas-unisex-adicolor-classic-backpack-brown/A7_KD7810_ONE.html,https://www.adidas.com.lb/en/adidas-unisex-adicolor-classic-backpack-brown/A7_KD7810_ONE.html,1,Bags & Backpacks,Bags & Backpacks,unisex,unisex,Brown,Brown,in_stock,in_stock,1,0,0,NS,1,LBP,LBP,4230000.0,4230000.0,47.0,47.0,4230000.0,4230000.0,4230000.0,4230000.0,47.0,47.0,4230000.0,4230000.0,,,,,,,,,False,False,Neither retailer currently shows a discount for this style code.
KD7905,exact_style_code,both_in_stock,neither_on_sale,False,,True,unisex,False,,normalized_compare,False,90000.0,True,0.0,0.0,0.0,0.0,0.0,same_price,tie,True,0.0,neither_discounted,tie,1,False,Adidas Adicolor Classic Unisex Original Bags Cases And Luggage Backpack One Compartment,Adidas Adicolor Classic Unisex Original Bags Cases And Luggage Backpack One Compartment,https://lb.mikesport.com/products/adidas-adicolor-classic-unisex-original-bags-cases-and-luggage-backpack-one-compartment,https://lb.mikesport.com/products/adidas-adicolor-classic-unisex-original-bags-cases-and-luggage-backpack-one-compartment,1,bags_cases_and_luggage,bags_cases_and_luggage,unisex,unisex,"Classic Backpack Denim combines classic adidas style and modern functionality. The light denim material and screenprint Trefoil branding create an up-to-date look that also nods to our design heritage. Designed for practicality, it features a large main compartment and a front pocket with a zipper for quick access to essentials, while the side elastic pockets allow for easy storage of other quick-grab items. The adjustable straps offer a snug fit, making it great for daily commutes or weekends away. Plus, the included rain cover helps your belongings stay dry, when conditions take a turn for the worse. Crafted with care, this backpack is made with a durable twill fabric for everyday use. Carry your gear with confidence in this chic and sturdy backpack. Highlights: Dimensions: 420 mm x 300 mm Volume: 23.1 L Durable twill fabric Large main compartment with front pocket Adjustable padded straps Screenprint Trefoil branding Rain cover included Side elastic pockets Composition: 100% cotton Color: Light Denim","Classic Backpack Denim combines classic adidas style and modern functionality. The light denim material and screenprint Trefoil branding create an up-to-date look that also nods to our design heritage. Designed for practicality, it features a large main compartment and a front pocket with a zipper for quick access to essentials, while the side elastic pockets allow for easy storage of other quick-grab items. The adjustable straps offer a snug fit, making it great for daily commutes or weekends away. Plus, the included rain cover helps your belongings stay dry, when conditions take a turn for the worse. Crafted with care, this backpack is made with a durable twill fabric for everyday use. Carry your gear with confidence in this chic and sturdy backpack. Highlights: Dimensions: 420 mm x 300 mm Volume: 23.1 L Durable twill fabric Large main compartment with front pocket Adjustable padded straps Screenprint Trefoil branding Rain cover included Side elastic pockets Composition: 100% cotton Color: Light Denim",in_stock,in_stock,1,0,0,,0,USD,USD,67.0,67.0,67.0,67.0,6030000.0,6030000.0,67.0,67.0,67.0,67.0,6030000.0,6030000.0,,,,,,,,,False,False,1,False,"Unisex Adicolor Classic Backpack Denim, Blue","Unisex Adicolor Classic Backpack Denim, Blue",https://www.adidas.com.lb/en/adidas-unisex-adicolor-classic-backpack-denim-blue/A7_KD7905_ONE.html,https://www.adidas.com.lb/en/adidas-unisex-adicolor-classic-backpack-denim-blue/A7_KD7905_ONE.html,1,Bags & Backpacks,Bags & Backpacks,unisex,unisex,Blue,Blue,in_stock,in_stock,1,0,0,NS,1,LBP,LBP,6030000.0,6030000.0,67.0,67.0,6030000.0,6030000.0,6030000.0,6030000.0,67.0,67.0,6030000.0,6030000.0,,,,,,,,,False,False,Neither retailer currently shows a discount for this style code.
KD8363,exact_style_code,both_in_stock,neither_on_sale,False,,True,men,True,White,normalized_compare,False,90000.0,True,0.0,0.0,0.0,0.0,0.0,same_price,tie,True,0.0,neither_discounted,tie,1,False,Adidas Germany 26 Home Men Football T-Shirt White,Adidas Germany 26 Home Men Football T-Shirt White,https://lb.mikesport.com/products/adidas-germany-26-home-men-football-t-shirt-white,https://lb.mikesport.com/products/adidas-germany-26-home-men-football-t-shirt-white,1,t-shirt,t-shirt,men,men,White,White,in_stock,in_stock,1,0,0,L | M | S | XL,4,USD,USD,159.0,159.0,159.0,159.0,14310000.0,14310000.0,159.0,159.0,159.0,159.0,14310000.0,14310000.0,,,,,,,,,False,False,1,False,"Germany 26 Home Replica Jersey , White","Germany 26 Home Replica Jersey , White",https://www.adidas.com.lb/en/adidas-germany-26-home-replica-jersey-white/A7_KD8363_ONE.html,https://www.adidas.com.lb/en/adidas-germany-26-home-replica-jersey-white/A7_KD8363_ONE.html,1,Jerseys,Jerseys,men,men,White,White,in_stock,in_stock,1,0,0,S | M | L,3,LBP,LBP,14310000.0,14310000.0,159.0,159.0,14310000.0,14310000.0,14310000.0,14310000.0,159.0,159.0,14310000.0,14310000.0,,,,,,,,,False,False,Neither retailer currently shows a discount for this style code.
KD8477,exact_style_code,both_in_stock,neither_on_sale,False,,True,women,True,Black,normalized_compare,False,90000.0,False,2.0,2.0,180000.0,1.48,1.48,adidas_cheaper,adidas_lb,True,0.0,neither_discounted,tie,1,False,Adidas Z.N.E. Woven Women Sportswear Pant Black,Adidas Z.N.E. Woven Women Sportswear Pant Black,https://lb.mikesport.com/products/adidas-z-n-e-woven-women-sportswear-pant-black,https://lb.mikesport.com/products/adidas-z-n-e-woven-women-sportswear-pant-black,1,pant,pant,women,women,Black,Black,in_stock,in_stock,1,0,0,L | M | S | XS,4,USD,USD,137.0,137.0,137.0,137.0,12330000.0,12330000.0,137.0,137.0,137.0,137.0,12330000.0,12330000.0,,,,,,,,,False,False,1,False,"Adidas Z.N.E. Woven Pant, Black","Adidas Z.N.E. Woven Pant, Black",https://www.adidas.com.lb/en/adidas-adidas-z.n.e.-woven-pant-black/A7_KD8477_ONE.html,https://www.adidas.com.lb/en/adidas-adidas-z.n.e.-woven-pant-black/A7_KD8477_ONE.html,1,Joggers & Trousers,Joggers & Trousers,women,women,Black,Black,in_stock,in_stock,1,0,0,XS | S | M | L,4,LBP,LBP,12150000.0,12150000.0,135.0,135.0,12150000.0,12150000.0,12150000.0,12150000.0,135.0,135.0,12150000.0,12150000.0,,,,,,,,,False,False,Neither retailer currently shows a discount for this style code.
KD8825,exact_style_code,both_in_stock,neither_on_sale,False,,True,women,False,,normalized_compare,False,90000.0,False,2.0,2.0,180000.0,1.59,1.59,adidas_cheaper,adidas_lb,True,0.0,neither_discounted,tie,1,False,Adidas Sst Loose Women Original Track Top Stone Khaki,Adidas Sst Loose Women Original Track Top Stone Khaki,https://lb.mikesport.com/products/adidas-sst-loose-women-original-track-top-stone-khaki,https://lb.mikesport.com/products/adidas-sst-loose-women-original-track-top-stone-khaki,1,track_top,track_top,women,women,"collection, we’re reimagining some of our most well-known pieces in striking new colours. Enjoy retro Originals style with a bold new flavour in this modern take on the iconic SST design. Highlights: Loose fit Full zip, stand-up collar Composition: 50% cotton, 43% polyester (100% recycled), 7% elastane Color: Stone Khaki / Wonder White","collection, we’re reimagining some of our most well-known pieces in striking new colours. Enjoy retro Originals style with a bold new flavour in this modern take on the iconic SST design. Highlights: Loose fit Full zip, stand-up collar Composition: 50% cotton, 43% polyester (100% recycled), 7% elastane Color: Stone Khaki / Wonder White",in_stock,in_stock,1,0,0,M,1,USD,USD,128.0,128.0,128.0,128.0,11520000.0,11520000.0,128.0,128.0,128.0,128.0,11520000.0,11520000.0,,,,,,,,,False,False,1,False,"Sst Loose Tracktop, Beige","Sst Loose Tracktop, Beige",https://www.adidas.com.lb/en/adidas-sst-loose-tracktop-beige/A7_KD8825_ONE.html,https://www.adidas.com.lb/en/adidas-sst-loose-tracktop-beige/A7_KD8825_ONE.html,1,Jackets & Tracktops,Jackets & Tracktops,women,women,Beige,Beige,in_stock,in_stock,1,0,0,XS | S | M | L,4,LBP,LBP,11340000.0,11340000.0,126.0,126.0,11340000.0,11340000.0,11340000.0,11340000.0,126.0,126.0,11340000.0,11340000.0,,,,,,,,,False,False,Neither retailer currently shows a discount for this style code.
KE0901,exact_style_code,both_in_stock,neither_on_sale,False,,True,men,False,,normalized_compare,False,90000.0,False,1.0,1.0,90000.0,2.27,2.27,adidas_cheaper,adidas_lb,True,0.0,neither_discounted,tie,1,False,Adidas Adicolor Trefoil Men Original T-Shirt White/Black,Adidas Adicolor Trefoil Men Original T-Shirt White/Black,https://lb.mikesport.com/products/adidas-adicolor-trefoil-men-original-t-shirt-white-black,https://lb.mikesport.com/products/adidas-adicolor-trefoil-men-original-t-shirt-white-black,1,t-shirt,t-shirt,men,men,"Trefoil Tee draws on adidas heritage, blending classic style with modern flair for a look that fits into everyday life. This t-shirt features a large screen-printed Trefoil logo front and center and a soft, comfortable feel for everyday wear. Its loose, roomy fit creates a relaxed silhouette, while the round neck keeps the design simple and easygoing. Part of the adidas Originals collection, this t-shirt gives a classic design a modern edge. It transitions easily from the streets to hanging out with friends, combining comfort and casual style in a single, versatile piece. Highlights : Loose fit Crew neck Single jersey fabric Screen printed Trefoil Composition : 100% cotton Color: White/Black","Trefoil Tee draws on adidas heritage, blending classic style with modern flair for a look that fits into everyday life. This t-shirt features a large screen-printed Trefoil logo front and center and a soft, comfortable feel for everyday wear. Its loose, roomy fit creates a relaxed silhouette, while the round neck keeps the design simple and easygoing. Part of the adidas Originals collection, this t-shirt gives a classic design a modern edge. It transitions easily from the streets to hanging out with friends, combining comfort and casual style in a single, versatile piece. Highlights : Loose fit Crew neck Single jersey fabric Screen printed Trefoil Composition : 100% cotton Color: White/Black",in_stock,in_stock,1,0,0,L | M | S | XL,4,USD,USD,45.0,45.0,45.0,45.0,4050000.0,4050000.0,45.0,45.0,45.0,45.0,4050000.0,4050000.0,,,,,,,,,False,False,1,False,"Adicolor Trefoil T-Shirt, White","Adicolor Trefoil T-Shirt, White",https://www.adidas.com.lb/en/adidas-adicolor-trefoil-t-shirt-white/A7_KE0901_ONE.html,https://www.adidas.com.lb/en/adidas-adicolor-trefoil-t-shirt-white/A7_KE0901_ONE.html,1,T-Shirts,T-Shirts,men,men,White,White,in_stock,in_stock,1,0,0,S | M | L | XL,4,LBP,LBP,3960000.0,3960000.0,44.0,44.0,3960000.0,3960000.0,3960000.0,3960000.0,44.0,44.0,3960000.0,3960000.0,,,,,,,,,False,False,Neither retailer currently shows a discount for this style code.
KE4796,exact_style_code,both_in_stock,neither_on_sale,False,,False,,False,,normalized_compare,False,90000.0,True,0.0,0.0,0.0,0.0,0.0,same_price,tie,True,0.0,neither_discounted,tie,1,False,Adidas Tiro_Nster Little-Girls Training Backpack Wonder Sage,Adidas Tiro_Nster Little-Girls Training Backpack Wonder Sage,https://lb.mikesport.com/products/adidas-tiro_nster-little-girls-training-backpack-wonder-sage,https://lb.mikesport.com/products/adidas-tiro_nster-little-girls-training-backpack-wonder-sage,1,bags_cases_and_luggage,bags_cases_and_luggage,girls,girls,Wonder Sage / Blush Pink,Wonder Sage / Blush Pink,in_stock,in_stock,1,0,0,,0,USD,USD,41.0,41.0,41.0,41.0,3690000.0,3690000.0,41.0,41.0,41.0,41.0,3690000.0,3690000.0,,,,,,,,,False,False,1,False,"Kids Unisex Tiro_Nster Backpack, Green","Kids Unisex Tiro_Nster Backpack, Green",https://www.adidas.com.lb/en/adidas-kids-unisex-tiro_nster-backpack-green/A7_KE4796_ONE.html,https://www.adidas.com.lb/en/adidas-kids-unisex-tiro_nster-backpack-green/A7_KE4796_ONE.html,1,Accessories,Accessories,unisex,unisex,Green,Green,in_stock,in_stock,1,0,0,NS,1,LBP,LBP,3690000.0,3690000.0,41.0,41.0,3690000.0,3690000.0,3690000.0,3690000.0,41.0,41.0,3690000.0,3690000.0,,,,,,,,,False,False,Neither retailer currently shows a discount for this style code.
KE5914,exact_style_code,both_in_stock,neither_on_sale,False,,False,,False,,normalized_compare,False,90000.0,True,0.0,0.0,0.0,0.0,0.0,same_price,tie,True,0.0,neither_discounted,tie,1,False,Adidas Mercedes Amg Petronas Formula 1 Team Dna Kids-Boys Motor-Sport T-Shirt Black,Adidas Mercedes Amg Petronas Formula 1 Team Dna Kids-Boys Motor-Sport T-Shirt Black,https://lb.mikesport.com/products/adidas-mercedes-amg-petronas-formula-1-team-dna-kids-boys-motor-sport-t-shirt-black,https://lb.mikesport.com/products/adidas-mercedes-amg-petronas-formula-1-team-dna-kids-boys-motor-sport-t-shirt-black,1,t-shirt,t-shirt,boys,boys,Black / Semi Mint Rush,Black / Semi Mint Rush,in_stock,in_stock,1,0,0,7-8 Years | 9-10 Years | 11-12 Years,3,USD,USD,54.0,54.0,54.0,54.0,4860000.0,4860000.0,54.0,54.0,54.0,54.0,4860000.0,4860000.0,,,,,,,,,False,False,1,False,"Kids Unisex Mercedes - Amg Petronas Formula 1 Team Dna T-Shirt, Black","Kids Unisex Mercedes - Amg Petronas Formula 1 Team Dna T-Shirt, Black",https://www.adidas.com.lb/en/adidas-kids-unisex-mercedes---amg-petronas-formula-1-team-dna-t-shirt-black/A7_KE5914_ONE.html,https://www.adidas.com.lb/en/adidas-kids-unisex-mercedes---amg-petronas-formula-1-team-dna-t-shirt-black/A7_KE5914_ONE.html,1,T-Shirts,T-Shirts,unisex,unisex,Black,Black,in_stock,in_stock,1,0,0,7-8 Yrs | 11-12 Yrs | 13-14 Yrs | 9-10 Yrs,4,LBP,LBP,4860000.0,4860000.0,54.0,54.0,4860000.0,4860000.0,4860000.0,4860000.0,54.0,54.0,4860000.0,4860000.0,,,,,,,,,False,False,Neither retailer currently shows a discount for this style code.
KE5920,exact_style_code,both_in_stock,neither_on_sale,False,,False,,False,,normalized_compare,False,90000.0,True,0.0,0.0,0.0,0.0,0.0,same_price,tie,True,0.0,neither_discounted,tie,1,False,Adidas Mercedes Amg Petronas Formula 1 Team Dna Kids-Boys Motor-Sport Short Black,Adidas Mercedes Amg Petronas Formula 1 Team Dna Kids-Boys Motor-Sport Short Black,https://lb.mikesport.com/products/adidas-mercedes-amg-petronas-formula-1-team-dna-kids-boys-motor-sport-short-black,https://lb.mikesport.com/products/adidas-mercedes-amg-petronas-formula-1-team-dna-kids-boys-motor-sport-short-black,1,short,short,boys,boys,Black / Semi Mint Rush,Black / Semi Mint Rush,in_stock,in_stock,1,0,0,7-8 Years | 9-10 Years | 11-12 Years,3,USD,USD,61.0,61.0,61.0,61.0,5490000.0,5490000.0,61.0,61.0,61.0,61.0,5490000.0,5490000.0,,,,,,,,,False,False,1,False,"Kids Unisex Mercedes - Amg Petronas Formula 1 Team Dna Short, Black","Kids Unisex Mercedes - Amg Petronas Formula 1 Team Dna Short, Black",https://www.adidas.com.lb/en/adidas-kids-unisex-mercedes---amg-petronas-formula-1-team-dna-short-black/A7_KE5920_ONE.html,https://www.adidas.com.lb/en/adidas-kids-unisex-mercedes---amg-petronas-formula-1-team-dna-short-black/A7_KE5920_ONE.html,1,Shorts,Shorts,unisex,unisex,Black,Black,in_stock,in_stock,1,0,0,7-8 Yrs | 11-12 Yrs | 9-10 Yrs,3,LBP,LBP,5490000.0,5490000.0,61.0,61.0,5490000.0,5490000.0,5490000.0,5490000.0,61.0,61.0,5490000.0,5490000.0,,,,,,,,,False,False,Neither retailer currently shows a discount for this style code.
KE7414,exact_style_code,both_in_stock,neither_on_sale,False,,True,unisex,False,,normalized_compare,False,90000.0,True,0.0,0.0,0.0,0.0,0.0,same_price,tie,True,0.0,neither_discounted,tie,1,False,Adidas Performance Large Unisex Training Towel Black/White,Adidas Performance Large Unisex Training Towel Black/White,https://lb.mikesport.com/products/adidas-performance-large-unisex-training-towel-black-white,https://lb.mikesport.com/products/adidas-performance-large-unisex-training-towel-black-white,1,towel,towel,unisex,unisex,Black/White,Black/White,in_stock,in_stock,1,0,0,,0,USD,USD,67.0,67.0,67.0,67.0,6030000.0,6030000.0,67.0,67.0,67.0,67.0,6030000.0,6030000.0,,,,,,,,,False,False,1,False,"Unisex Performance Towel Large, Black","Unisex Performance Towel Large, Black",https://www.adidas.com.lb/en/adidas-unisex-performance-towel-large-black/A7_KE7414_ONE.html,https://www.adidas.com.lb/en/adidas-unisex-performance-towel-large-black/A7_KE7414_ONE.html,1,Clothing,Clothing,unisex,unisex,Black,Black,in_stock,in_stock,1,0,0,NS,1,LBP,LBP,6030000.0,6030000.0,67.0,67.0,6030000.0,6030000.0,6030000.0,6030000.0,67.0,67.0,6030000.0,6030000.0,,,,,,,,,False,False,Neither retailer currently shows a discount for this style code.
KE8162,exact_style_code,both_in_stock,neither_on_sale,False,,True,men,False,,normalized_compare,False,90000.0,True,0.0,0.0,0.0,0.0,0.0,same_price,tie,True,0.0,neither_discounted,tie,1,False,Adidas Mercedes Amg Petronas Formula 1 Team Dna Men Motor-Spor T-Shirt White,Adidas Mercedes Amg Petronas Formula 1 Team Dna Men Motor-Spor T-Shirt White,https://lb.mikesport.com/products/adidas-mercedes-amg-petronas-formula-1-team-dna-men-motor-spor-t-shirt-white,https://lb.mikesport.com/products/adidas-mercedes-amg-petronas-formula-1-team-dna-men-motor-spor-t-shirt-white,1,t-shirt,t-shirt,men,men,White / Semi Mint Rush,White / Semi Mint Rush,in_stock,in_stock,1,0,0,L | M | S | XL,4,USD,USD,67.0,67.0,67.0,67.0,6030000.0,6030000.0,67.0,67.0,67.0,67.0,6030000.0,6030000.0,,,,,,,,,False,False,1,False,"Mercedes - AMG Petronas Formula 1 Team Dna T-Shirt, White","Mercedes - AMG Petronas Formula 1 Team Dna T-Shirt, White",https://www.adidas.com.lb/en/adidas-mercedes---amg-petronas-formula-1-team-dna-t-shirt-white/A7_KE8162_ONE.html,https://www.adidas.com.lb/en/adidas-mercedes---amg-petronas-formula-1-team-dna-t-shirt-white/A7_KE8162_ONE.html,1,T-Shirts,T-Shirts,men,men,White,White,in_stock,in_stock,1,0,0,S | M | L | XL | 2XL,5,LBP,LBP,6030000.0,6030000.0,67.0,67.0,6030000.0,6030000.0,6030000.0,6030000.0,67.0,67.0,6030000.0,6030000.0,,,,,,,,,False,False,Neither retailer currently shows a discount for this style code.
KE8318,exact_style_code,both_in_stock,neither_on_sale,False,,True,unisex,True,Black,normalized_compare,False,90000.0,True,0.0,0.0,0.0,0.0,0.0,same_price,tie,True,0.0,neither_discounted,tie,1,False,Adidas Mercedes Amg Petronas Formula 1 Team Dna Baseball Unisex Motor-Spor Cap Black,Adidas Mercedes Amg Petronas Formula 1 Team Dna Baseball Unisex Motor-Spor Cap Black,https://lb.mikesport.com/products/adidas-mercedes-amg-petronas-formula-1-team-dna-baseball-unisex-motor-spor-cap-black,https://lb.mikesport.com/products/adidas-mercedes-amg-petronas-formula-1-team-dna-baseball-unisex-motor-spor-cap-black,1,cap,cap,unisex,unisex,Black,Black,in_stock,in_stock,1,0,0,,0,USD,USD,54.0,54.0,54.0,54.0,4860000.0,4860000.0,54.0,54.0,54.0,54.0,4860000.0,4860000.0,,,,,,,,,False,False,1,False,"Unisex Mercedes - Amg Petronas Formula 1 Team Dna Baseball Cap, Black","Unisex Mercedes - Amg Petronas Formula 1 Team Dna Baseball Cap, Black",https://www.adidas.com.lb/en/adidas-unisex-mercedes---amg-petronas-formula-1-team-dna-baseball-cap-black/A7_KE8318_ONE.html,https://www.adidas.com.lb/en/adidas-unisex-mercedes---amg-petronas-formula-1-team-dna-baseball-cap-black/A7_KE8318_ONE.html,1,Caps,Caps,unisex,unisex,Black,Black,in_stock,in_stock,1,0,0,One-Size,1,LBP,LBP,4860000.0,4860000.0,54.0,54.0,4860000.0,4860000.0,4860000.0,4860000.0,54.0,54.0,4860000.0,4860000.0,,,,,,,,,False,False,Neither retailer currently shows a discount for this style code.
KE8319,exact_style_code,both_in_stock,neither_on_sale,False,,True,unisex,False,,normalized_compare,False,90000.0,True,0.0,0.0,0.0,0.0,0.0,same_price,tie,True,0.0,neither_discounted,tie,1,False,Adidas Mercedes - Amg Petronas Formula 1 Team Dna Baseball Unisex Motor-Sport Cap White,Adidas Mercedes - Amg Petronas Formula 1 Team Dna Baseball Unisex Motor-Sport Cap White,https://lb.mikesport.com/products/adidas-mercedes-amg-petronas-formula-1-team-dna-baseball-unisex-motor-sport-cap-white,https://lb.mikesport.com/products/adidas-mercedes-amg-petronas-formula-1-team-dna-baseball-unisex-motor-sport-cap-white,1,cap,cap,unisex,unisex,s and logos. Embrace the spirit of the race and let your passion for motorsport shine through. Highlights: Durable twill construction Snap closure Embroidered Mercedes logo Sportswear logo at back Baseball cap silhouette Adidas linear logo Composition: 100% cotton Color: White,s and logos. Embrace the spirit of the race and let your passion for motorsport shine through. Highlights: Durable twill construction Snap closure Embroidered Mercedes logo Sportswear logo at back Baseball cap silhouette Adidas linear logo Composition: 100% cotton Color: White,in_stock,in_stock,1,0,0,,0,USD,USD,54.0,54.0,54.0,54.0,4860000.0,4860000.0,54.0,54.0,54.0,54.0,4860000.0,4860000.0,,,,,,,,,False,False,1,False,"Unisex Mercedes - Amg Petronas Formula 1 Team Dna Baseball Cap, White","Unisex Mercedes - Amg Petronas Formula 1 Team Dna Baseball Cap, White",https://www.adidas.com.lb/en/adidas-unisex-mercedes---amg-petronas-formula-1-team-dna-baseball-cap-white/A7_KE8319_ONE.html,https://www.adidas.com.lb/en/adidas-unisex-mercedes---amg-petronas-formula-1-team-dna-baseball-cap-white/A7_KE8319_ONE.html,1,Caps,Caps,unisex,unisex,White,White,in_stock,in_stock,1,0,0,One-Size,1,LBP,LBP,4860000.0,4860000.0,54.0,54.0,4860000.0,4860000.0,4860000.0,4860000.0,54.0,54.0,4860000.0,4860000.0,,,,,,,,,False,False,Neither retailer currently shows a discount for this style code.
KE9936,exact_style_code,both_in_stock,neither_on_sale,False,,True,men,False,,normalized_compare,False,90000.0,False,1.0,1.0,90000.0,1.32,1.32,adidas_cheaper,adidas_lb,True,0.0,neither_discounted,tie,1,False,Adidas D4T Primelift 3 Stripes Men Training T-Shirt Charcoal,Adidas D4T Primelift 3 Stripes Men Training T-Shirt Charcoal,https://lb.mikesport.com/products/adidas-d4t-primelift-3-stripes-men-training-t-shirt-charcoal,https://lb.mikesport.com/products/adidas-d4t-primelift-3-stripes-men-training-t-shirt-charcoal,1,t-shirt,t-shirt,men,men,Charcoal,Charcoal,in_stock,in_stock,1,0,0,L | M | S | XL,4,USD,USD,77.0,77.0,77.0,77.0,6930000.0,6930000.0,77.0,77.0,77.0,77.0,6930000.0,6930000.0,,,,,,,,,False,False,1,False,"D4T Primelift 3 Stripes T-Shirt, Brown","D4T Primelift 3 Stripes T-Shirt, Brown",https://www.adidas.com.lb/en/adidas-d4t-primelift-3-stripes-t-shirt-brown/A7_KE9936_ONE.html,https://www.adidas.com.lb/en/adidas-d4t-primelift-3-stripes-t-shirt-brown/A7_KE9936_ONE.html,1,T-Shirts,T-Shirts,men,men,Brown,Brown,in_stock,in_stock,1,0,0,S | M | L | XL | 2XL,5,LBP,LBP,6840000.0,6840000.0,76.0,76.0,6840000.0,6840000.0,6840000.0,6840000.0,76.0,76.0,6840000.0,6840000.0,,,,,,,,,False,False,Neither retailer currently shows a discount for this style code.
KE9937,exact_style_code,both_in_stock,neither_on_sale,False,,True,men,True,Black,normalized_compare,False,90000.0,False,1.0,1.0,90000.0,1.32,1.32,adidas_cheaper,adidas_lb,True,0.0,neither_discounted,tie,1,False,Adidas D4T Power 3 Stripes Men Training T-Shirt Black,Adidas D4T Power 3 Stripes Men Training T-Shirt Black,https://lb.mikesport.com/products/adidas-d4t-power-3-stripes-men-training-t-shirt-black,https://lb.mikesport.com/products/adidas-d4t-power-3-stripes-men-training-t-shirt-black,1,t-shirt,t-shirt,men,men,Black,Black,in_stock,in_stock,1,0,0,L | M | S | XL,4,USD,USD,77.0,77.0,77.0,77.0,6930000.0,6930000.0,77.0,77.0,77.0,77.0,6930000.0,6930000.0,,,,,,,,,False,False,1,False,"D4T Primelift 3 Stripes T-Shirt, Black","D4T Primelift 3 Stripes T-Shirt, Black",https://www.adidas.com.lb/en/adidas-d4t-primelift-3-stripes-t-shirt-black/A7_KE9937_ONE.html,https://www.adidas.com.lb/en/adidas-d4t-primelift-3-stripes-t-shirt-black/A7_KE9937_ONE.html,1,T-Shirts,T-Shirts,men,men,Black,Black,in_stock,in_stock,1,0,0,S | M | L | XL,4,LBP,LBP,6840000.0,6840000.0,76.0,76.0,6840000.0,6840000.0,6840000.0,6840000.0,76.0,76.0,6840000.0,6840000.0,,,,,,,,,False,False,Neither retailer currently shows a discount for this style code.
KF0577,exact_style_code,both_in_stock,neither_on_sale,False,,True,men,False,,normalized_compare,False,90000.0,False,2.0,2.0,180000.0,1.48,1.48,adidas_cheaper,adidas_lb,True,0.0,neither_discounted,tie,1,False,Adidas Z.N.E. Woven Men Sportswear Pant Dusky Petrol,Adidas Z.N.E. Woven Men Sportswear Pant Dusky Petrol,https://lb.mikesport.com/products/adidas-z-n-e-woven-men-sportswear-pant-dusky-petrol,https://lb.mikesport.com/products/adidas-z-n-e-woven-men-sportswear-pant-dusky-petrol,1,pant,pant,men,men,Dusky Petrol,Dusky Petrol,in_stock,in_stock,1,0,0,L | M | S | XL,4,USD,USD,137.0,137.0,137.0,137.0,12330000.0,12330000.0,137.0,137.0,137.0,137.0,12330000.0,12330000.0,,,,,,,,,False,False,1,False,"Adidas Z.N.E. Woven Pant, Blue","Adidas Z.N.E. Woven Pant, Blue",https://www.adidas.com.lb/en/adidas-adidas-z.n.e.-woven-pant-blue/A7_KF0577_ONE.html,https://www.adidas.com.lb/en/adidas-adidas-z.n.e.-woven-pant-blue/A7_KF0577_ONE.html,1,Joggers & Trousers,Joggers & Trousers,men,men,Blue,Blue,in_stock,in_stock,1,0,0,S | M | L | XL | 2XL,5,LBP,LBP,12150000.0,12150000.0,135.0,135.0,12150000.0,12150000.0,12150000.0,12150000.0,135.0,135.0,12150000.0,12150000.0,,,,,,,,,False,False,Neither retailer currently shows a discount for this style code.
KF0578,exact_style_code,both_in_stock,neither_on_sale,False,,True,women,False,,normalized_compare,False,90000.0,False,2.0,2.0,180000.0,1.48,1.48,adidas_cheaper,adidas_lb,True,0.0,neither_discounted,tie,1,False,Adidas Z.N.E. Woven Women Sportswear Pant Dusky Petrol,Adidas Z.N.E. Woven Women Sportswear Pant Dusky Petrol,https://lb.mikesport.com/products/adidas-z-n-e-woven-women-sportswear-pant-dusky-petrol,https://lb.mikesport.com/products/adidas-z-n-e-woven-women-sportswear-pant-dusky-petrol,1,pant,pant,women,women,Dusky Petrol,Dusky Petrol,in_stock,in_stock,1,0,0,L | M | S | XS,4,USD,USD,137.0,137.0,137.0,137.0,12330000.0,12330000.0,137.0,137.0,137.0,137.0,12330000.0,12330000.0,,,,,,,,,False,False,1,False,"Adidas Z.N.E. Woven Pant, Blue","Adidas Z.N.E. Woven Pant, Blue",https://www.adidas.com.lb/en/adidas-adidas-z.n.e.-woven-pant-blue/A7_KF0578_ONE.html,https://www.adidas.com.lb/en/adidas-adidas-z.n.e.-woven-pant-blue/A7_KF0578_ONE.html,1,Joggers & Trousers,Joggers & Trousers,women,women,Blue,Blue,in_stock,in_stock,1,0,0,XS | S | M | L,4,LBP,LBP,12150000.0,12150000.0,135.0,135.0,12150000.0,12150000.0,12150000.0,12150000.0,135.0,135.0,12150000.0,12150000.0,,,,,,,,,False,False,Neither retailer currently shows a discount for this style code.
KF0580,exact_style_code,both_in_stock,neither_on_sale,False,,True,women,False,,normalized_compare,False,90000.0,True,0.0,0.0,0.0,0.0,0.0,same_price,tie,True,0.0,neither_discounted,tie,1,False,Adidas Z.N.E. Woven Women Sportswear Track Top Dusky Petrol,Adidas Z.N.E. Woven Women Sportswear Track Top Dusky Petrol,https://lb.mikesport.com/products/adidas-z-n-e-woven-women-sportswear-track-top-dusky-petrol,https://lb.mikesport.com/products/adidas-z-n-e-woven-women-sportswear-track-top-dusky-petrol,1,track_top,track_top,women,women,Dusky Petrol,Dusky Petrol,in_stock,in_stock,1,0,0,L | M | S | XS,4,USD,USD,159.0,159.0,159.0,159.0,14310000.0,14310000.0,159.0,159.0,159.0,159.0,14310000.0,14310000.0,,,,,,,,,False,False,1,False,"Adidas Z.N.E. Woven Track Top, Blue","Adidas Z.N.E. Woven Track Top, Blue",https://www.adidas.com.lb/en/adidas-adidas-z.n.e.-woven-track-top-blue/A7_KF0580_ONE.html,https://www.adidas.com.lb/en/adidas-adidas-z.n.e.-woven-track-top-blue/A7_KF0580_ONE.html,1,Jackets & Tracktops,Jackets & Tracktops,women,women,Blue,Blue,in_stock,in_stock,1,0,0,XS | S | M | L | XL,5,LBP,LBP,14310000.0,14310000.0,159.0,159.0,14310000.0,14310000.0,14310000.0,14310000.0,159.0,159.0,14310000.0,14310000.0,,,,,,,,,False,False,Neither retailer currently shows a discount for this style code.
KF0581,exact_style_code,both_in_stock,neither_on_sale,False,,True,men,False,,normalized_compare,False,90000.0,True,0.0,0.0,0.0,0.0,0.0,same_price,tie,True,0.0,neither_discounted,tie,1,False,Adidas Z.N.E. Woven Men Sportswear Short Dusky Petrol,Adidas Z.N.E. Woven Men Sportswear Short Dusky Petrol,https://lb.mikesport.com/products/adidas-z-n-e-woven-men-sportswear-short-dusky-petrol,https://lb.mikesport.com/products/adidas-z-n-e-woven-men-sportswear-short-dusky-petrol,1,short,short,men,men,Dusky Petrol,Dusky Petrol,in_stock,in_stock,1,0,0,L | M | S,3,USD,USD,80.0,80.0,80.0,80.0,7200000.0,7200000.0,80.0,80.0,80.0,80.0,7200000.0,7200000.0,,,,,,,,,False,False,1,False,"Adidas Z.N.E. Woven Short, Blue","Adidas Z.N.E. Woven Short, Blue",https://www.adidas.com.lb/en/adidas-adidas-z.n.e.-woven-short-blue/A7_KF0581_ONE.html,https://www.adidas.com.lb/en/adidas-adidas-z.n.e.-woven-short-blue/A7_KF0581_ONE.html,1,T-Shirts,T-Shirts,men,men,Blue,Blue,in_stock,in_stock,1,0,0,XS | S | M | L | XL,5,LBP,LBP,7200000.0,7200000.0,80.0,80.0,7200000.0,7200000.0,7200000.0,7200000.0,80.0,80.0,7200000.0,7200000.0,,,,,,,,,False,False,Neither retailer currently shows a discount for this style code.
KF0714,exact_style_code,both_in_stock,neither_on_sale,False,,True,unisex,False,,normalized_compare,False,90000.0,False,1.0,1.0,90000.0,1.32,1.32,adidas_cheaper,adidas_lb,True,0.0,neither_discounted,tie,1,False,Adidas Audi Revolut F1 Team Baseball Unisex Motor-Sport Cap Chalk Pearl,Adidas Audi Revolut F1 Team Baseball Unisex Motor-Sport Cap Chalk Pearl,https://lb.mikesport.com/products/adidas-audi-revolut-f1-team-baseball-unisex-motor-sport-cap-chalk-pearl,https://lb.mikesport.com/products/adidas-audi-revolut-f1-team-baseball-unisex-motor-sport-cap-chalk-pearl,1,cap,cap,unisex,unisex,Chalk Pearl,Chalk Pearl,in_stock,in_stock,1,0,0,,0,USD,USD,77.0,77.0,77.0,77.0,6930000.0,6930000.0,77.0,77.0,77.0,77.0,6930000.0,6930000.0,,,,,,,,,False,False,1,False,"Unisex Audi Formula One Team Baseball Cap, Grey","Unisex Audi Formula One Team Baseball Cap, Grey",https://www.adidas.com.lb/en/adidas-unisex-audi-formula-one-team-baseball-cap-grey/A7_KF0714_ONE.html,https://www.adidas.com.lb/en/adidas-unisex-audi-formula-one-team-baseball-cap-grey/A7_KF0714_ONE.html,1,Caps,Caps,unisex,unisex,Grey,Grey,in_stock,in_stock,1,0,0,One-Size,1,LBP,LBP,6840000.0,6840000.0,76.0,76.0,6840000.0,6840000.0,6840000.0,6840000.0,76.0,76.0,6840000.0,6840000.0,,,,,,,,,False,False,Neither retailer currently shows a discount for this style code.
KF1823,exact_style_code,both_in_stock,neither_on_sale,False,,True,men,False,,normalized_compare,False,90000.0,True,0.0,0.0,0.0,0.0,0.0,same_price,tie,True,0.0,neither_discounted,tie,1,False,Adidas Z.N.E. Woven Men Sportswear Track Top Dusky Petrol,Adidas Z.N.E. Woven Men Sportswear Track Top Dusky Petrol,https://lb.mikesport.com/products/adidas-z-n-e-woven-men-sportswear-track-top-dusky-petrol,https://lb.mikesport.com/products/adidas-z-n-e-woven-men-sportswear-track-top-dusky-petrol,1,jacket,jacket,men,men,Dusky Petrol,Dusky Petrol,in_stock,in_stock,1,0,0,L | M | S | XL,4,USD,USD,159.0,159.0,159.0,159.0,14310000.0,14310000.0,159.0,159.0,159.0,159.0,14310000.0,14310000.0,,,,,,,,,False,False,1,False,"Adidas Z.N.E. Woven Track Top, Blue","Adidas Z.N.E. Woven Track Top, Blue",https://www.adidas.com.lb/en/adidas-adidas-z.n.e.-woven-track-top-blue/A7_KF1823_ONE.html,https://www.adidas.com.lb/en/adidas-adidas-z.n.e.-woven-track-top-blue/A7_KF1823_ONE.html,1,Jackets & Tracktops,Jackets & Tracktops,men,men,Blue,Blue,in_stock,in_stock,1,0,0,S | M | L | XL | 2XL,5,LBP,LBP,14310000.0,14310000.0,159.0,159.0,14310000.0,14310000.0,14310000.0,14310000.0,159.0,159.0,14310000.0,14310000.0,,,,,,,,,False,False,Neither retailer currently shows a discount for this style code.
KI0740,exact_style_code,both_in_stock,neither_on_sale,True,Shoes,False,,False,,normalized_compare,False,90000.0,False,-1.0,-1.0,-90000.0,-1.64,-1.64,mikesport_cheaper,mikesport_lb,True,0.0,neither_discounted,tie,1,False,Adidas Advantage Infant-Boys Sportswear Shoes Off White,Adidas Advantage Infant-Boys Sportswear Shoes Off White,https://lb.mikesport.com/products/adidas-advantage-infant-boys-sportswear-shoes-off-white,https://lb.mikesport.com/products/adidas-advantage-infant-boys-sportswear-shoes-off-white,1,shoes,shoes,boys,boys,Off White,Off White,in_stock,in_stock,1,0,0,22 EU | 21 EU | 23 EU | 25 EU | 24 EU | 26 EU | 27 EU,7,USD,USD,60.0,60.0,60.0,60.0,5400000.0,5400000.0,60.0,60.0,60.0,60.0,5400000.0,5400000.0,,,,,,,,,False,False,1,False,"Kids Unisex Advantage Shoes, White","Kids Unisex Advantage Shoes, White",https://www.adidas.com.lb/en/adidas-kids-unisex-advantage-shoes-white/A7_KI0740_ONE.html,https://www.adidas.com.lb/en/adidas-kids-unisex-advantage-shoes-white/A7_KI0740_ONE.html,1,Shoes,Shoes,unisex,unisex,White,White,in_stock,in_stock,1,0,0,22 | 23 | 24 | 25 | 26 | 27,6,LBP,LBP,5490000.0,5490000.0,61.0,61.0,5490000.0,5490000.0,5490000.0,5490000.0,61.0,61.0,5490000.0,5490000.0,,,,,,,,,False,False,Neither retailer currently shows a discount for this style code.
KI6674,exact_style_code,both_in_stock,neither_on_sale,False,,True,women,False,,normalized_compare,False,90000.0,True,0.0,0.0,0.0,0.0,0.0,same_price,tie,True,0.0,neither_discounted,tie,1,False,Adidas Samba Og Women Original Shoes Magic Beige,Adidas Samba Og Women Original Shoes Magic Beige,https://lb.mikesport.com/products/adidas-samba-og-women-original-shoes-magic-beige,https://lb.mikesport.com/products/adidas-samba-og-women-original-shoes-magic-beige,1,shoes,shoes,women,women,Magic Beige / Ivory / Gum,Magic Beige / Ivory / Gum,in_stock,in_stock,1,0,0,36 EU | 36 2/3 EU | 37 1/3 EU | 38 EU | 38 2/3 EU | 39 1/3 EU | 40 EU | 40 2/3 EU | 41 1/3 EU,9,USD,USD,191.0,191.0,191.0,191.0,17190000.0,17190000.0,191.0,191.0,191.0,191.0,17190000.0,17190000.0,,,,,,,,,False,False,1,False,"Samba OG Shoes, Beige","Samba OG Shoes, Beige",https://www.adidas.com.lb/en/adidas-samba-og-shoes-beige/A7_KI6674_ONE.html,https://www.adidas.com.lb/en/adidas-samba-og-shoes-beige/A7_KI6674_ONE.html,1,Originals,Originals,women,women,Beige,Beige,in_stock,in_stock,1,0,0,36 | 36 2/3 | 37 1/3 | 38 | 38 2/3 | 39 1/3 | 40 | 41 1/3,8,LBP,LBP,17190000.0,17190000.0,191.0,191.0,17190000.0,17190000.0,17190000.0,17190000.0,191.0,191.0,17190000.0,17190000.0,,,,,,,,,False,False,Neither retailer currently shows a discount for this style code.
KI6961,exact_style_code,both_in_stock,neither_on_sale,False,,True,women,False,,normalized_compare,False,90000.0,False,1.0,1.0,90000.0,0.45,0.45,adidas_cheaper,adidas_lb,True,0.0,neither_discounted,tie,1,False,Adidas Adizero Evo Sl Women Running Shoes Alumina/Putty Beige,Adidas Adizero Evo Sl Women Running Shoes Alumina/Putty Beige,https://lb.mikesport.com/products/adidas-adizero-evo-sl-women-running-shoes-alumina-putty-beige,https://lb.mikesport.com/products/adidas-adizero-evo-sl-women-running-shoes-alumina-putty-beige,1,shoes,shoes,women,women,Alumina/Putty Beige,Alumina/Putty Beige,in_stock,in_stock,1,0,0,36 2/3 EU | 37 1/3 EU | 38 EU | 38 2/3 EU | 39 1/3 EU | 40 EU | 40 2/3 EU | 41 1/3 EU,8,USD,USD,223.0,223.0,223.0,223.0,20070000.0,20070000.0,223.0,223.0,223.0,223.0,20070000.0,20070000.0,,,,,,,,,False,False,1,False,"Adizero EVO SL Shoes, Beige","Adizero EVO SL Shoes, Beige",https://www.adidas.com.lb/en/adidas-adizero-evo-sl-shoes-beige/A7_KI6961_ONE.html,https://www.adidas.com.lb/en/adidas-adizero-evo-sl-shoes-beige/A7_KI6961_ONE.html,1,Running,Running,women,women,Beige,Beige,in_stock,in_stock,1,0,0,36 2/3 | 38 | 38 2/3 | 41 1/3,4,LBP,LBP,19980000.0,19980000.0,222.0,222.0,19980000.0,19980000.0,19980000.0,19980000.0,222.0,222.0,19980000.0,19980000.0,,,,,,,,,False,False,Neither retailer currently shows a discount for this style code.
KI8743,exact_style_code,both_in_stock,neither_on_sale,False,,False,,False,,normalized_compare,False,90000.0,True,0.0,0.0,0.0,0.0,0.0,same_price,tie,True,0.0,neither_discounted,tie,1,False,Adidas Predator League Turf Men Football Shoes Lucid Red,Adidas Predator League Turf Men Football Shoes Lucid Red,https://lb.mikesport.com/products/adidas-predator-league-turf-men-football-shoes-lucid-red,https://lb.mikesport.com/products/adidas-predator-league-turf-men-football-shoes-lucid-red,1,shoes,shoes,men,men,Lucid Red / Core Black / Cloud White,Lucid Red / Core Black / Cloud White,in_stock,in_stock,1,0,0,44 2/3 EU | 45 1/3 EU | 46 EU | 46 2/3 EU | 39 1/3 EU | 40 EU | 40 2/3 EU | 41 1/3 EU | 42 EU | 42 2/3 EU | 43 1/3 EU | 44 EU,12,USD,USD,135.0,135.0,135.0,135.0,12150000.0,12150000.0,135.0,135.0,135.0,135.0,12150000.0,12150000.0,,,,,,,,,False,False,1,False,"Unisex Predator League Turf Football Shoes, Red","Unisex Predator League Turf Football Shoes, Red",https://www.adidas.com.lb/en/adidas-unisex-predator-league-turf-football-shoes-red/A7_KI8743_ONE.html,https://www.adidas.com.lb/en/adidas-unisex-predator-league-turf-football-shoes-red/A7_KI8743_ONE.html,1,Football,Football,unisex,unisex,Red,Red,in_stock,in_stock,1,0,0,39 1/3 | 40 | 40 2/3 | 41 1/3 | 42 | 42 2/3 | 43 1/3 | 44 | 44 2/3 | 45 1/3 | 46 | 47 1/3,12,LBP,LBP,12150000.0,12150000.0,135.0,135.0,12150000.0,12150000.0,12150000.0,12150000.0,135.0,135.0,12150000.0,12150000.0,,,,,,,,,False,False,Neither retailer currently shows a discount for this style code.
KJ1995,exact_style_code,both_in_stock,neither_on_sale,False,,True,men,False,,normalized_compare,False,90000.0,False,1.0,1.0,90000.0,0.45,0.45,adidas_cheaper,adidas_lb,True,0.0,neither_discounted,tie,1,False,Adidas Adizero Evo Sl Men Running Shoes Carbon/Lucid Orange,Adidas Adizero Evo Sl Men Running Shoes Carbon/Lucid Orange,https://lb.mikesport.com/products/adidas-adizero-evo-sl-men-running-shoes-carbon-lucid-orange,https://lb.mikesport.com/products/adidas-adizero-evo-sl-men-running-shoes-carbon-lucid-orange,1,shoes,shoes,men,men,Carbon / Core Black / Lucid Orange,Carbon / Core Black / Lucid Orange,in_stock,in_stock,1,0,0,45 1/3 EU | 42 EU,2,USD,USD,223.0,223.0,223.0,223.0,20070000.0,20070000.0,223.0,223.0,223.0,223.0,20070000.0,20070000.0,,,,,,,,,False,False,1,False,"Adizero EVO SL Shoes, Grey","Adizero EVO SL Shoes, Grey",https://www.adidas.com.lb/en/adidas-adizero-evo-sl-shoes-grey/A7_KJ1995_ONE.html,https://www.adidas.com.lb/en/adidas-adizero-evo-sl-shoes-grey/A7_KJ1995_ONE.html,1,Running,Running,men,men,Grey,Grey,in_stock,in_stock,1,0,0,41 1/3 | 42 | 42 2/3 | 43 1/3 | 44 | 44 2/3 | 45 1/3,7,LBP,LBP,19980000.0,19980000.0,222.0,222.0,19980000.0,19980000.0,19980000.0,19980000.0,222.0,222.0,19980000.0,19980000.0,,,,,,,,,False,False,Neither retailer currently shows a discount for this style code.
KR2249,exact_style_code,both_in_stock,neither_on_sale,False,,True,girls,True,Black,normalized_compare,False,90000.0,False,1.0,1.0,90000.0,1.32,1.32,adidas_cheaper,adidas_lb,True,0.0,neither_discounted,tie,1,False,Adidas Future Icons 3 Stripes Wide Leg Kids-Girls Sportswear Pant Black,Adidas Future Icons 3 Stripes Wide Leg Kids-Girls Sportswear Pant Black,https://lb.mikesport.com/products/adidas-future-icons-3-stripes-wide-leg-kids-girls-sportswear-pant-black,https://lb.mikesport.com/products/adidas-future-icons-3-stripes-wide-leg-kids-girls-sportswear-pant-black,1,pant,pant,girls,girls,Black,Black,in_stock,in_stock,1,0,0,7-8 Years | 9-10 Years | 11-12 Years | 13-14 Years,4,USD,USD,77.0,77.0,77.0,77.0,6930000.0,6930000.0,77.0,77.0,77.0,77.0,6930000.0,6930000.0,,,,,,,,,False,False,1,False,"Kids Future Icons 3 Stripes Wide Leg Tracksuit Bottoms, Black","Kids Future Icons 3 Stripes Wide Leg Tracksuit Bottoms, Black",https://www.adidas.com.lb/en/adidas-kids-future-icons-3-stripes-wide-leg-tracksuit-bottoms-black/A7_KR2249_ONE.html,https://www.adidas.com.lb/en/adidas-kids-future-icons-3-stripes-wide-leg-tracksuit-bottoms-black/A7_KR2249_ONE.html,1,Joggers & Trousers,Joggers & Trousers,girls,girls,Black,Black,in_stock,in_stock,1,0,0,7-8 Yrs | 11-12 Yrs | 13-14 Yrs | 9-10 Yrs,4,LBP,LBP,6840000.0,6840000.0,76.0,76.0,6840000.0,6840000.0,6840000.0,6840000.0,76.0,76.0,6840000.0,6840000.0,,,,,,,,,False,False,Neither retailer currently shows a discount for this style code.
KR2253,exact_style_code,both_in_stock,neither_on_sale,False,,False,,True,Black,normalized_compare,False,90000.0,True,0.0,0.0,0.0,0.0,0.0,same_price,tie,True,0.0,neither_discounted,tie,1,False,Adidas Future Icons 3 Stripes Full Zip Kids-Girls Sportswear Track Top Black,Adidas Future Icons 3 Stripes Full Zip Kids-Girls Sportswear Track Top Black,https://lb.mikesport.com/products/adidas-future-icons-3-stripes-full-zip-kids-girls-sportswear-track-top-black,https://lb.mikesport.com/products/adidas-future-icons-3-stripes-full-zip-kids-girls-sportswear-track-top-black,1,track_top,track_top,girls,girls,Black,Black,in_stock,in_stock,1,0,0,7-8 Years | 9-10 Years | 11-12 Years | 13-14 Years,4,USD,USD,80.0,80.0,80.0,80.0,7200000.0,7200000.0,80.0,80.0,80.0,80.0,7200000.0,7200000.0,,,,,,,,,False,False,1,False,"Kids Future Icons 3 Stripes Full Zip Track Top, Black","Kids Future Icons 3 Stripes Full Zip Track Top, Black",https://www.adidas.com.lb/en/adidas-kids-future-icons-3-stripes-full-zip-track-top-black/A7_KR2253_ONE.html,https://www.adidas.com.lb/en/adidas-kids-future-icons-3-stripes-full-zip-track-top-black/A7_KR2253_ONE.html,1,Coming Soon,Coming Soon,kids,kids,Black,Black,in_stock,in_stock,1,0,0,7-8 Yrs | 11-12 Yrs | 13-14 Yrs | 9-10 Yrs | 170,5,LBP,LBP,7200000.0,7200000.0,80.0,80.0,7200000.0,7200000.0,7200000.0,7200000.0,80.0,80.0,7200000.0,7200000.0,,,,,,,,,False,False,Neither retailer currently shows a discount for this style code.
KS2570,exact_style_code,both_in_stock,neither_on_sale,False,,True,unisex,True,Black,normalized_compare,False,90000.0,False,1.0,1.0,90000.0,1.32,1.32,adidas_cheaper,adidas_lb,True,0.0,neither_discounted,tie,1,False,Adidas Future Icons 3-Stripes Cuffed Kids-Unisex Sportswear Pant Black,Adidas Future Icons 3-Stripes Cuffed Kids-Unisex Sportswear Pant Black,https://lb.mikesport.com/products/adidas-future-icons-3-stripes-cuffed-kids-unisex-sportswear-pant-black,https://lb.mikesport.com/products/adidas-future-icons-3-stripes-cuffed-kids-unisex-sportswear-pant-black,1,pant,pant,unisex,unisex,Black,Black,in_stock,in_stock,1,0,0,7-8 Years | 9-10 Years | 11-12 Years | 13-14 Years,4,USD,USD,77.0,77.0,77.0,77.0,6930000.0,6930000.0,77.0,77.0,77.0,77.0,6930000.0,6930000.0,,,,,,,,,False,False,1,False,"Kids Unisex Future Icons 3-Stripes Cuffed Tracksuit Bottoms, Black","Kids Unisex Future Icons 3-Stripes Cuffed Tracksuit Bottoms, Black",https://www.adidas.com.lb/en/adidas-kids-unisex-future-icons-3-stripes-cuffed-tracksuit-bottoms-black/A7_KS2570_ONE.html,https://www.adidas.com.lb/en/adidas-kids-unisex-future-icons-3-stripes-cuffed-tracksuit-bottoms-black/A7_KS2570_ONE.html,1,Joggers & Trousers,Joggers & Trousers,unisex,unisex,Black,Black,in_stock,in_stock,1,0,0,7-8 Yrs | 11-12 Yrs | 13-14 Yrs | 9-10 Yrs,4,LBP,LBP,6840000.0,6840000.0,76.0,76.0,6840000.0,6840000.0,6840000.0,6840000.0,76.0,76.0,6840000.0,6840000.0,,,,,,,,,False,False,Neither retailer currently shows a discount for this style code.
KS2577,exact_style_code,both_in_stock,neither_on_sale,False,,False,,True,Black,normalized_compare,False,90000.0,False,1.0,1.0,90000.0,1.14,1.14,adidas_cheaper,adidas_lb,True,0.0,neither_discounted,tie,1,False,Adidas Future Icons 3 Stripes Full Zip Kids-Boys Sportswear Hoody Black,Adidas Future Icons 3 Stripes Full Zip Kids-Boys Sportswear Hoody Black,https://lb.mikesport.com/products/adidas-future-icons-3-stripes-full-zip-kids-boys-sportswear-hoody-black,https://lb.mikesport.com/products/adidas-future-icons-3-stripes-full-zip-kids-boys-sportswear-hoody-black,1,hoody,hoody,boys,boys,Black,Black,in_stock,in_stock,1,0,0,7-8 Years | 9-10 Years | 11-12 Years | 13-14 Years,4,USD,USD,89.0,89.0,89.0,89.0,8010000.0,8010000.0,89.0,89.0,89.0,89.0,8010000.0,8010000.0,,,,,,,,,False,False,1,False,"Kids Unisex Future Icons 3 Stripes Full Zip Hoodie, Black","Kids Unisex Future Icons 3 Stripes Full Zip Hoodie, Black",https://www.adidas.com.lb/en/adidas-kids-unisex-future-icons-3-stripes-full-zip-hoodie-black/A7_KS2577_ONE.html,https://www.adidas.com.lb/en/adidas-kids-unisex-future-icons-3-stripes-full-zip-hoodie-black/A7_KS2577_ONE.html,1,Hoodies & Sweatshirts,Hoodies & Sweatshirts,unisex,unisex,Black,Black,in_stock,in_stock,1,0,0,7-8 Yrs | 11-12 Yrs | 13-14 Yrs | 9-10 Yrs,4,LBP,LBP,7920000.0,7920000.0,88.0,88.0,7920000.0,7920000.0,7920000.0,7920000.0,88.0,88.0,7920000.0,7920000.0,,,,,,,,,False,False,Neither retailer currently shows a discount for this style code.
