retailer_name,product_name,style_code,sku_id,competitor_name,competitor_price,competitor_sale_price,is_on_sale,discount_pct,availability,currency,colorway,category,gender_target,sizes_available,source_url,scraped_at,data_valid,raw_price_text,raw_availability_text,error_message
mikesport_lb,Adidas Soft Lux Straight Leg Men Sportswear Pant Black,KF0339,,MikeSport Lebanon,128.0,,False,,in_stock,USD,Black,pant,men,"[""L"", ""M"", ""S"", ""XL""]",https://lb.mikesport.com/products/adidas-soft-lux-straight-leg-men-sportswear-pant-black-1,2026-04-05T14:15:38Z,True,Regular price $ 128,in stock,
mikesport_lb,Adidas Mercedes Amg Petronas Formula 1 Team Dna Baseball Unisex Motor-Spor Cap Black,KE8318,,MikeSport Lebanon,54.0,,False,,in_stock,USD,Black,cap,unisex,[],https://lb.mikesport.com/products/adidas-mercedes-amg-petronas-formula-1-team-dna-baseball-unisex-motor-spor-cap-black,2026-04-05T14:15:40Z,True,Regular price $ 54,in stock,
mikesport_lb,Adidas Climacool Men Training T-Shirt Wonder Sage,KE6101,,MikeSport Lebanon,54.0,,False,,in_stock,USD,Wonder Sage,t-shirt,men,"[""2XL"", ""L"", ""M"", ""S"", ""XL""]",https://lb.mikesport.com/products/adidas-climacool-men-training-t-shirt-wonder-sage-1,2026-04-05T14:15:42Z,True,Regular price $ 54,in stock,
mikesport_lb,Adidas Disney High Waist Flared Kids-Girls Original Tight Black/White,KE2743,,MikeSport Lebanon,58.0,,False,,in_stock,USD,Black/White,tight,women,"[""7-8 Years"", ""9-10 Years""]",https://lb.mikesport.com/products/adidas-disney-high-waist-flared-kids-girls-original-tight-black-white,2026-04-05T14:15:44Z,True,Regular price $ 58,in stock,
mikesport_lb,Adidas Adicolor Trefoil Men Original T-Shirt White/Black,KE0901,,MikeSport Lebanon,45.0,,False,,in_stock,USD,"Trefoil Tee draws on adidas heritage, blending classic style with modern flair for a look that fits into everyday life. This t-shirt features a large screen-printed Trefoil logo front and center and a soft, comfortable feel for everyday wear. Its loose, roomy fit creates a relaxed silhouette, while the round neck keeps the design simple and easygoing. Part of the adidas Originals collection, this t-shirt gives a classic design a modern edge. It transitions easily from the streets to hanging out with friends, combining comfort and casual style in a single, versatile piece. Highlights : Loose fit Crew neck Single jersey fabric Screen printed Trefoil Composition : 100% cotton Color: White/Black",t-shirt,men,"[""L"", ""M"", ""S"", ""XL""]",https://lb.mikesport.com/products/adidas-adicolor-trefoil-men-original-t-shirt-white-black,2026-04-05T14:15:46Z,True,Regular price $ 45,in stock,
mikesport_lb,Adidas Tiro Nster Little-Boys Training Backpack Grey Six,KE0437,,MikeSport Lebanon,42.0,,False,,in_stock,USD,Grey Six / Ray Blue,bags_cases_and_luggage,boys,[],https://lb.mikesport.com/products/adidas-tiro-nster-little-boys-training-backpack-grey-six,2026-04-05T14:15:48Z,True,Regular price $ 42,in stock,
mikesport_lb,Adidas Sst Loose Women Original Track Top Stone Khaki,KD8825,,MikeSport Lebanon,128.0,,False,,in_stock,USD,"collection, we’re reimagining some of our most well-known pieces in striking new colours. Enjoy retro Originals style with a bold new flavour in this modern take on the iconic SST design. Highlights: Loose fit Full zip, stand-up collar Composition: 50% cotton, 43% polyester (100% recycled), 7% elastane Color: Stone Khaki / Wonder White",track_top,women,"[""M""]",https://lb.mikesport.com/products/adidas-sst-loose-women-original-track-top-stone-khaki,2026-04-05T14:15:50Z,True,Regular price $ 128,in stock,
mikesport_lb,Adidas Z.N.E. Woven Men Sportswear Track Top Black,KD8494,,MikeSport Lebanon,159.0,,False,,in_stock,USD,Black,track_top,men,"[""L"", ""M"", ""S"", ""XL""]",https://lb.mikesport.com/products/adidas-z-n-e-woven-men-sportswear-track-top-black,2026-04-05T14:15:52Z,True,Regular price $ 159,in stock,
mikesport_lb,Adidas Z.N.E. Woven Women Sportswear Pant Black,KD8477,,MikeSport Lebanon,137.0,,False,,in_stock,USD,Black,pant,women,"[""L"", ""M"", ""S"", ""XS""]",https://lb.mikesport.com/products/adidas-z-n-e-woven-women-sportswear-pant-black,2026-04-05T14:15:55Z,True,Regular price $ 137,in stock,
mikesport_lb,Adidas Firebird Roses Men Original Track Top Off White,KD6625,,MikeSport Lebanon,137.0,,False,,in_stock,USD,Off White / Collegiate Green,track_top,men,"[""L""]",https://lb.mikesport.com/products/adidas-firebird-roses-men-original-track-top-off-white-1,2026-04-05T14:15:56Z,True,Regular price $ 137,in stock,
mikesport_lb,Adidas X Farm Rio House Of Tiro Women Sportswear Track Top Pink,KD4634,,MikeSport Lebanon,96.0,,False,,in_stock,USD,"ful murals of city basketball courts, this track top is a celebration of creativity and unity. Made from a high-quality blend of cotton and synthetic materials, the interlock fabric feels soft against the skin, making this piece a go-to for leisurewear. Its loose fit provides relaxed comfort, while the zipper closure offers easy layering and versatility. The modern, rebellious soccer look of this top is enhanced by the 3D-structured 3-Stripes tape and embroidered logo, adding a touch of sporty elegance to the design. When you're looking to enjoy some downtime off the field, this track top is on hand, designed to feel comfy and stylish. Embrace the spirit of the courts and make a statement with each wear. Highlights: Loose fit Zipper closure Interlock construction 3D-structured 3-Stripes tape Embroidered logo Composition: 70% polyester (100% recycled), 30% cotton Color: Pink / Collegiate Red / Crystal Linen",track_top,women,"[""M"", ""S"", ""XS""]",https://lb.mikesport.com/products/adidas-x-farm-rio-house-of-tiro-women-sportswear-track-top-pink,2026-04-05T14:15:58Z,True,Regular price $ 96,in stock,
mikesport_lb,Adidas X Farm Rio House Of Tiro Women Sportswear Pant Pink,KD4632,,MikeSport Lebanon,96.0,,False,,in_stock,USD,Pink / Collegiate Red / Crystal Linen,pant,women,"[""L""]",https://lb.mikesport.com/products/adidas-x-farm-rio-house-of-tiro-women-sportswear-pant-pink-1,2026-04-05T14:16:00Z,True,Regular price $ 96,in stock,
mikesport_lb,Adidas Linear Essential Graphic Pouch Women Training Bag Earth Strata,KD2182,,MikeSport Lebanon,29.0,,False,,in_stock,USD,Earth Strata / Shadow Brown,bags_cases_and_luggage,women,[],https://lb.mikesport.com/products/adidas-linear-essential-graphic-pouch-women-training-bag-earth-strata,2026-04-05T14:16:02Z,True,Regular price $ 29,in stock,
mikesport_lb,Adidas Minecraft Training Kids-Boys Sportswear Short Silver Green,KD0986,,MikeSport Lebanon,45.0,,False,,in_stock,USD,Silver Green,short,boys,"[""7-8 Years"", ""9-10 Years"", ""11-12 Years"", ""13-14 Years""]",https://lb.mikesport.com/products/adidas-minecraft-training-kids-boys-sportswear-short-silver-green,2026-04-05T14:16:04Z,True,Regular price $ 45,in stock,
mikesport_lb,Adidas Minecraft Training Kids-Boys Sportswear Pant Black,KD0984,,MikeSport Lebanon,67.0,,False,,in_stock,USD,Black,pant,boys,"[""7-8 Years"", ""9-10 Years"", ""11-12 Years"", ""13-14 Years""]",https://lb.mikesport.com/products/adidas-minecraft-training-kids-boys-sportswear-pant-black,2026-04-05T14:16:06Z,True,Regular price $ 67,in stock,
mikesport_lb,Adidas Minecraft Training Summer Little-Boys Sportswear Set Wonder Sage,KD0978,,MikeSport Lebanon,67.0,,False,,in_stock,USD,Wonder Sage,set,boys,"[""3-4 Years"", ""4-5 Years"", ""5-6 Years"", ""7-8 Years""]",https://lb.mikesport.com/products/adidas-minecraft-training-summer-little-boys-sportswear-set-wonder-sage,2026-04-05T14:16:09Z,True,Regular price $ 67,in stock,
mikesport_lb,Adidas Gfx Men Original T-Shirt White,KD0481,,MikeSport Lebanon,67.0,,False,,in_stock,USD,White,t-shirt,men,"[""L"", ""M"", ""S"", ""XL""]",https://lb.mikesport.com/products/adidas-gfx-men-original-t-shirt-white,2026-04-05T14:16:11Z,True,Regular price $ 67,in stock,
mikesport_lb,Adidas All Szn Men Sportswear T-Shirt Wonder Sage,KC3189,,MikeSport Lebanon,45.0,,False,,in_stock,USD,Wonder Sage,t-shirt,men,"[""L"", ""M"", ""S"", ""XL""]",https://lb.mikesport.com/products/adidas-all-szn-men-sportswear-t-shirt-wonder-sage-1,2026-04-05T14:16:13Z,True,Regular price $ 45,in stock,
mikesport_lb,Adidas Anthony Edwards Believe That Men Basketball Hoody Black,KC8460,,MikeSport Lebanon,115.0,,False,,in_stock,USD,Black,hoody,men,"[""L"", ""M"", ""S"", ""XL""]",https://lb.mikesport.com/products/adidas-anthony-edwards-believe-that-men-basketball-hoody-black-1,2026-04-05T14:16:15Z,True,Regular price $ 115,in stock,
mikesport_lb,Adidas Minecraft Little-Boys Training Backpack Carbon,KA9900,,MikeSport Lebanon,58.0,,False,,in_stock,USD,Carbon / Wonder Sage,bags_cases_and_luggage,boys,[],https://lb.mikesport.com/products/adidas-minecraft-little-boys-training-backpack-carbon-1,2026-04-05T14:16:17Z,True,Regular price $ 58,in stock,
mikesport_lb,Adidas D4T Knit Men Training Pant Black,KA7250,,MikeSport Lebanon,127.0,,False,,in_stock,USD,Black,pant,men,"[""L"", ""M"", ""S"", ""XL""]",https://lb.mikesport.com/products/adidas-d4t-knit-men-training-pant-black-1,2026-04-05T14:16:19Z,True,Regular price $ 127,in stock,
mikesport_lb,Adidas Essentials 5 Inch Men Swim Swim Short Lucid Tangerine,KA4922,,MikeSport Lebanon,44.0,,False,,in_stock,USD,Lucid Tangerine/White,swim_short,men,"[""L"", ""M"", ""S"", ""XL""]",https://lb.mikesport.com/products/adidas-essentials-5-inch-men-swim-swim-short-lucid-tangerine,2026-04-05T14:16:21Z,True,Regular price $ 44,in stock,
mikesport_lb,Adidas Essentials 5 Inch Men Swim Swim Short Icey Blue/White,KA4921,,MikeSport Lebanon,44.0,,False,,in_stock,USD,Icey Blue/White,swim_short,men,"[""L"", ""M"", ""S"", ""XL""]",https://lb.mikesport.com/products/adidas-essentials-5-inch-men-swim-swim-short-icey-blue-white,2026-04-05T14:16:23Z,True,Regular price $ 44,in stock,
mikesport_lb,Adidas Essentials 5 Inch Men Swim Swim Short Lucid Lemon/White,KA4918,,MikeSport Lebanon,44.0,,False,,in_stock,USD,Lucid Lemon/White,swim_short,men,"[""L"", ""M"", ""S"", ""XL""]",https://lb.mikesport.com/products/adidas-essentials-5-inch-men-swim-swim-short-lucid-lemon-white,2026-04-05T14:16:25Z,True,Regular price $ 44,in stock,
mikesport_lb,Adidas Essentials 3 Stripes 3 Inch Men Swim Swim Short Lucid Cyan/Orange,KA4907,,MikeSport Lebanon,54.0,,False,,in_stock,USD,Lucid Cyan/Lucid Orange,swim_short,men,"[""L"", ""M"", ""S"", ""XL""]",https://lb.mikesport.com/products/adidas-essentials-3-stripes-3-inch-men-swim-swim-short-lucid-cyan-orange,2026-04-05T14:16:27Z,True,Regular price $ 54,in stock,
mikesport_lb,Adidas Adi365 Running Essentials 2 In 1 Men Running Short Black,KA4331,,MikeSport Lebanon,61.0,,False,,in_stock,USD,Black,short,men,"[""L"", ""M"", ""S"", ""XL""]",https://lb.mikesport.com/products/adidas-adi365-running-essentials-2-in-1-men-running-short-black,2026-04-05T14:16:29Z,True,Regular price $ 61,in stock,
mikesport_lb,Adidas Workout Essentials Base Woven Men Training Short Black,KA3549,,MikeSport Lebanon,44.0,,False,,in_stock,USD,Black,short,men,"[""2XL"", ""L"", ""M"", ""S"", ""XL""]",https://lb.mikesport.com/products/adidas-workout-essentials-base-woven-men-training-short-black,2026-04-05T14:16:31Z,True,Regular price $ 44,in stock,
mikesport_lb,Adidas Workout Essentials Feelready Men Training T-Shirt Black,KA3530,,MikeSport Lebanon,44.0,,False,,in_stock,USD,Black,t-shirt,men,"[""2XL"", ""L"", ""M"", ""S"", ""XL""]",https://lb.mikesport.com/products/adidas-workout-essentials-feelready-men-training-t-shirt-black,2026-04-05T14:16:33Z,True,Regular price $ 44,in stock,
mikesport_lb,Adidas Workout Essentials Feelready Men Training Sleeveless Black,KA3523,,MikeSport Lebanon,38.0,,False,,in_stock,USD,Black,sleeveless,men,"[""L"", ""M"", ""S"", ""XL""]",https://lb.mikesport.com/products/adidas-workout-essentials-feelready-men-training-sleeveless-black,2026-04-05T14:16:35Z,True,Regular price $ 38,in stock,
mikesport_lb,Adidas Adi365 Soft Touch Women Running T-Shirt Black,KA0319,,MikeSport Lebanon,67.0,,False,,in_stock,USD,Black,t-shirt,women,"[""L"", ""M"", ""S"", ""XS""]",https://lb.mikesport.com/products/adidas-adi365-soft-touch-women-running-t-shirt-black,2026-04-05T14:16:37Z,True,Regular price $ 67,in stock,
mikesport_lb,Adidas Adi365 Spray Dye 2 In 1 Men Running Short Grey Four,KA0315,,MikeSport Lebanon,80.0,,False,,in_stock,USD,Grey Four,short,men,"[""L"", ""M"", ""S"", ""XL""]",https://lb.mikesport.com/products/adidas-adi365-spray-dye-2-in-1-men-running-short-grey-four,2026-04-05T14:16:39Z,True,Regular price $ 80,in stock,
mikesport_lb,Adidas Minecraft Kids-Boys Sportswear Short Black,KA0243,,MikeSport Lebanon,45.0,,False,,in_stock,USD,Black,short,boys,"[""7-8 Years"", ""9-10 Years"", ""11-12 Years"", ""13-14 Years""]",https://lb.mikesport.com/products/adidas-minecraft-kids-boys-sportswear-short-black,2026-04-05T14:16:41Z,True,Regular price $ 45,in stock,
mikesport_lb,Adidas Minecraft Training Kids-Boys Sportswear T-Shirt Silver Green,KA0242,,MikeSport Lebanon,42.0,,False,,in_stock,USD,Silver Green,t-shirt,boys,"[""7-8 Years"", ""9-10 Years"", ""11-12 Years"", ""13-14 Years""]",https://lb.mikesport.com/products/adidas-minecraft-training-kids-boys-sportswear-t-shirt-silver-green,2026-04-05T14:16:43Z,True,Regular price $ 42,in stock,
mikesport_lb,Adidas Anthony Edwards Dawg Men Basketball T-Shirt Black,JZ9447,,MikeSport Lebanon,61.0,,False,,in_stock,USD,Black,t-shirt,men,"[""L"", ""M"", ""S"", ""XL""]",https://lb.mikesport.com/products/adidas-anthony-edwards-dawg-men-basketball-t-shirt-black,2026-04-05T14:16:45Z,True,Regular price $ 61,in stock,
mikesport_lb,Adidas Adi365 Formotion Men Running Tank White,JZ7728,,MikeSport Lebanon,45.0,,False,,in_stock,USD,White,tank,men,"[""L"", ""M"", ""S"", ""XL""]",https://lb.mikesport.com/products/adidas-adi365-formotion-men-running-tank-white,2026-04-05T14:16:47Z,True,Regular price $ 45,in stock,
mikesport_lb,Adidas Adi365 Formotion Men Running Jacket Black,JZ7717,,MikeSport Lebanon,147.0,,False,,in_stock,USD,Black,jacket,men,"[""L"", ""M"", ""XL""]",https://lb.mikesport.com/products/adidas-adi365-formotion-men-running-jacket-black,2026-04-05T14:16:50Z,True,Regular price $ 147,in stock,
mikesport_lb,Adidas Adi365 Climacool Men Running T-Shirt Dusky Orange,JZ7700,,MikeSport Lebanon,54.0,,False,,in_stock,USD,Dusky Orange,t-shirt,men,"[""L"", ""M"", ""S"", ""XL""]",https://lb.mikesport.com/products/adidas-adi365-climacool-men-running-t-shirt-dusky-orange,2026-04-05T14:16:52Z,True,Regular price $ 54,in stock,
mikesport_lb,Adidas Marvel Spider-Man T-Shirt Baby-Boys Sportswear Set Dark Blue,JZ7676,,MikeSport Lebanon,61.0,,False,,in_stock,USD,Dark Blue / Off White,set,boys,"[""3-4 Years"", ""12-18 Months"", ""2 Years"", ""2-3 Years""]",https://lb.mikesport.com/products/adidas-marvel-spider-man-t-shirt-baby-boys-sportswear-set-dark-blue,2026-04-05T14:16:54Z,True,Regular price $ 61,in stock,
mikesport_lb,Adidas Apwr Organiser Men Training Bag Black/White,JZ7085,,MikeSport Lebanon,26.0,,False,,in_stock,USD,Black/White,bags_cases_and_luggage,men,[],https://lb.mikesport.com/products/adidas-apwr-organiser-men-training-bag-black-white,2026-04-05T14:16:56Z,True,Regular price $ 26,in stock,
mikesport_lb,Adidas Anthony Edwards Foundation Men Basketball Short Black,JZ6996,,MikeSport Lebanon,89.0,,False,,in_stock,USD,Black,short,men,"[""L"", ""M"", ""S"", ""XL""]",https://lb.mikesport.com/products/adidas-anthony-edwards-foundation-men-basketball-short-black,2026-04-05T14:16:58Z,True,Regular price $ 89,in stock,
mikesport_lb,Adidas Adi365 Climacool Men Running Tank Black,JZ6544,,MikeSport Lebanon,45.0,,False,,in_stock,USD,Black,tank,men,"[""L"", ""M"", ""S"", ""XL""]",https://lb.mikesport.com/products/adidas-adi365-climacool-men-running-tank-black,2026-04-05T14:17:00Z,True,Regular price $ 45,in stock,
mikesport_lb,Adidas Marvel Avengers Little-Boys Sportswear Set Off White/Ray Blue,JZ3573,,MikeSport Lebanon,80.0,,False,,in_stock,USD,Off White/Ray Blue,set,boys,"[""3-4 Years"", ""4-5 Years"", ""5-6 Years"", ""7-8 Years""]",https://lb.mikesport.com/products/adidas-marvel-avengers-little-boys-sportswear-set-off-white-ray-blue,2026-04-05T14:17:02Z,True,Regular price $ 80,in stock,
mikesport_lb,Adidas Disney Minnie Mouse Little-Girls Sportswear Set White/Tangerine,JZ3564,,MikeSport Lebanon,80.0,,False,,in_stock,USD,White/Semi Ice Tangerine,set,girls,"[""3-4 Years"", ""4-5 Years"", ""5-6 Years"", ""7-8 Years""]",https://lb.mikesport.com/products/adidas-disney-minnie-mouse-little-girls-sportswear-set-white-tangerine,2026-04-05T14:17:04Z,True,Regular price $ 80,in stock,
mikesport_lb,Adidas Disney Mickey Mouse T-Shirt Little-Boys Sportswear Set Off White,JZ3559,,MikeSport Lebanon,80.0,,False,,in_stock,USD,Off White / Pure Orange,set,boys,"[""3-4 Years"", ""4-5 Years"", ""5-6 Years"", ""7-8 Years""]",https://lb.mikesport.com/products/adidas-disney-mickey-mouse-t-shirt-little-boys-sportswear-set-off-white,2026-04-05T14:17:06Z,True,Regular price $ 80,in stock,
mikesport_lb,Adidas Disney Frozen T-Shirt Baby-Girls Sportswear Set White/Dark Blue,JZ3553,,MikeSport Lebanon,61.0,,False,,in_stock,USD,White/Dark Blue,set,girls,"[""3-4 Years"", ""12-18 Months"", ""2 Years"", ""2-3 Years""]",https://lb.mikesport.com/products/adidas-disney-frozen-t-shirt-baby-girls-sportswear-set-white-dark-blue,2026-04-05T14:17:07Z,True,Regular price $ 61,in stock,
mikesport_lb,Adidas Marvel Spider-Man T-Shirt Baby-Boys Sportswear Set Off White,JZ3550,,MikeSport Lebanon,61.0,,False,,in_stock,USD,Off White / Active Maroon,set,boys,"[""3-4 Years"", ""12-18 Months"", ""2 Years"", ""2-3 Years""]",https://lb.mikesport.com/products/adidas-marvel-spider-man-t-shirt-baby-boys-sportswear-set-off-white,2026-04-05T14:17:10Z,True,Regular price $ 61,in stock,
mikesport_lb,Adidas Disney Minnie Mouse Baby-Girls Sportswear Set Light Grey Heather,JZ3549,,MikeSport Lebanon,61.0,,False,,in_stock,USD,Light Grey Heather/Semi Ice Tangerine,set,girls,"[""3-4 Years"", ""12-18 Months"", ""2 Years"", ""2-3 Years""]",https://lb.mikesport.com/products/adidas-disney-minnie-mouse-baby-girls-sportswear-set-light-grey-heather,2026-04-05T14:17:13Z,True,Regular price $ 61,in stock,
mikesport_lb,Adidas Marvel Spider-Man Little-Boys Sportswear Set Off White/Dark Blue,JZ3544,,MikeSport Lebanon,77.0,,False,,in_stock,USD,Off White/Dark Blue,set,boys,"[""3-4 Years"", ""4-5 Years"", ""5-6 Years"", ""7-8 Years""]",https://lb.mikesport.com/products/adidas-marvel-spider-man-little-boys-sportswear-set-off-white-dark-blue,2026-04-05T14:17:15Z,True,Regular price $ 77,in stock,
mikesport_lb,Adidas Disney Frozen Little-Girls Sportswear Set White/Dark Blue,JZ3543,,MikeSport Lebanon,77.0,,False,,in_stock,USD,White/Dark Blue,set,girls,"[""3-4 Years"", ""4-5 Years"", ""5-6 Years"", ""7-8 Years""]",https://lb.mikesport.com/products/adidas-disney-frozen-little-girls-sportswear-set-white-dark-blue,2026-04-05T14:17:18Z,True,Regular price $ 77,in stock,
mikesport_lb,Adidas Minecraft Training Summer Little-Boys Sportswear Set White,JZ3533,,MikeSport Lebanon,67.0,,False,,in_stock,USD,White,set,boys,"[""3-4 Years"", ""4-5 Years"", ""5-6 Years"", ""7-8 Years""]",https://lb.mikesport.com/products/adidas-minecraft-training-summer-little-boys-sportswear-set-white,2026-04-05T14:17:20Z,True,Regular price $ 67,in stock,
mikesport_lb,Adidas Apwr Unisex Training Backpack Black/White,JZ2308,,MikeSport Lebanon,61.0,,False,,in_stock,USD,Black/White,bags_cases_and_luggage,unisex,[],https://lb.mikesport.com/products/adidas-apwr-unisex-training-backpack-black-white,2026-04-05T14:17:23Z,True,Regular price $ 61,in stock,
mikesport_lb,Adidas Seasonal Essentials Leopard Print 3 Stripes Women Sportswear Dress Multicolor,JZ0204,,MikeSport Lebanon,67.0,,False,,in_stock,USD,Multicolor,dress,women,"[""L"", ""M"", ""S"", ""XS""]",https://lb.mikesport.com/products/adidas-seasonal-essentials-leopard-print-3-stripes-women-sportswear-dress-multicolor-1,2026-04-05T14:17:25Z,True,Regular price $ 67,in stock,
mikesport_lb,Adidas Workout Essentials Full Length Women Training Tight Black,JX3901,,MikeSport Lebanon,77.0,,False,,in_stock,USD,Black,tight,women,"[""L"", ""M"", ""S"", ""XS""]",https://lb.mikesport.com/products/adidas-workout-essentials-full-length-women-training-tight-black-1,2026-04-05T14:17:27Z,True,Regular price $ 77,in stock,
mikesport_lb,Adidas Z.N.E. Women Sportswear T-Shirt Black,JW7782,,MikeSport Lebanon,67.0,,False,,in_stock,USD,Black,t-shirt,women,"[""L"", ""M"", ""S"", ""XS""]",https://lb.mikesport.com/products/adidas-z-n-e-women-sportswear-t-shirt-black-1,2026-04-05T14:17:29Z,True,Regular price $ 67,in stock,
mikesport_lb,Adidas X Marvel Spiderman Grand Court Infant-Boys Sportswear Shoes Dark Blue/Maroon,JS2342,,MikeSport Lebanon,67.0,,False,,in_stock,USD,Dark Blue/Active Maroon/Off White,shoes,boys,"[""22 EU"", ""21 EU"", ""23 EU"", ""25 EU"", ""24 EU"", ""26 EU"", ""27 EU""]",https://lb.mikesport.com/products/adidas-x-marvel-spiderman-grand-court-infant-boys-sportswear-shoes-dark-blue-maroon,2026-04-05T14:17:31Z,True,Regular price $ 67,in stock,
mikesport_lb,Adidas Minecraft Fortarun 4.0 Ps-Boys Sportswear Shoes Core Black/White,JR1943,,MikeSport Lebanon,79.0,,False,,in_stock,USD,Core Black / Cloud White,shoes,boys,"[""33 EU"", ""28 EU"", ""30 EU"", ""29 EU"", ""31 EU"", ""32 EU"", ""34 EU"", ""35 EU""]",https://lb.mikesport.com/products/adidas-minecraft-fortarun-4-0-ps-boys-sportswear-shoes-core-black-white,2026-04-05T14:17:33Z,True,Regular price $ 79,in stock,
mikesport_lb,Adidas Supernova Ease 2 Men Running Shoes Core Black,JQ4336,,MikeSport Lebanon,159.0,,False,,in_stock,USD,Core Black / Grey Five / Carbon,shoes,men,"[""44 2/3 EU"", ""45 1/3 EU"", ""46 EU"", ""46 2/3 EU"", ""41 1/3 EU"", ""42 EU"", ""42 2/3 EU"", ""43 1/3 EU"", ""44 EU""]",https://lb.mikesport.com/products/adidas-supernova-ease-2-men-running-shoes-core-black-1,2026-04-05T14:17:35Z,True,Regular price $ 159,in stock,
mikesport_lb,Adidas Galaxy 7 Women Running Shoes White/Halo Mint/Lime,JQ2610,,MikeSport Lebanon,79.0,,False,,in_stock,USD,White/Halo Mint/Lime,shoes,women,"[""36 EU"", ""36 2/3 EU"", ""37 1/3 EU"", ""38 EU"", ""38 2/3 EU"", ""39 1/3 EU"", ""40 EU"", ""40 2/3 EU"", ""41 1/3 EU""]",https://lb.mikesport.com/products/adidas-galaxy-7-women-running-shoes-white-halo-mint-lime,2026-04-05T14:17:37Z,True,Regular price $ 79,in stock,
mikesport_lb,Adidas Vl Court 3.0 Men Sportswear Shoes Earth Strata,JP7536,,MikeSport Lebanon,105.0,,False,,in_stock,USD,Earth Strata / Cloud White / Gold Metallic,shoes,men,"[""44 2/3 EU"", ""45 1/3 EU"", ""46 EU"", ""41 1/3 EU"", ""42 EU"", ""42 2/3 EU"", ""43 1/3 EU"", ""44 EU""]",https://lb.mikesport.com/products/adidas-vl-court-3-0-men-sportswear-shoes-earth-strata,2026-04-05T14:17:39Z,True,Regular price $ 105,in stock,
mikesport_lb,Adidas Club Men Tennis T-Shirt Black,JF8502,,MikeSport Lebanon,54.0,,False,,in_stock,USD,Black,t-shirt,men,"[""L"", ""M"", ""S"", ""XL""]",https://lb.mikesport.com/products/adidas-club-men-tennis-t-shirt-black-1,2026-04-05T14:17:42Z,True,Regular price $ 54,in stock,
mikesport_lb,Adidas Handball Spezial Men Original Shoes Clay/Beige/Gum,IH9761,,MikeSport Lebanon,159.0,,False,,in_stock,USD,Clay/Beige/Gum,shoes,men,"[""44 2/3 EU"", ""45 1/3 EU"", ""46 EU"", ""46 2/3 EU"", ""40 2/3 EU"", ""41 1/3 EU"", ""42 EU"", ""42 2/3 EU"", ""43 1/3 EU"", ""44 EU""]",https://lb.mikesport.com/products/adidas-handball-spezial-men-original-shoes-clay-beige-gum-1,2026-04-05T14:17:44Z,True,Regular price $ 159,in stock,
mikesport_lb,Adidas Advantage Base 2.0 Women Sportswear Shoes Core Black,IG9193,,MikeSport Lebanon,95.0,,False,,in_stock,USD,Core Black / Clear Pink,shoes,women,"[""36 2/3 EU"", ""37 1/3 EU"", ""38 EU"", ""38 2/3 EU"", ""39 1/3 EU"", ""40 EU"", ""40 2/3 EU"", ""41 1/3 EU""]",https://lb.mikesport.com/products/adidas-advantage-base-2-0-women-sportswear-shoes-core-black-1,2026-04-05T14:17:46Z,True,Regular price $ 95,in stock,
mikesport_lb,Adidas Cloudfoam Flex Laces Women Sportswear Shoes Core Black,HQ4958,,MikeSport Lebanon,76.0,,False,,in_stock,USD,Core Black/Off White,shoes,women,"[""36 EU"", ""36 2/3 EU"", ""37 1/3 EU"", ""38 EU"", ""38 2/3 EU"", ""39 1/3 EU"", ""40 EU"", ""40 2/3 EU"", ""41 1/3 EU""]",https://lb.mikesport.com/products/adidas-cloudfoam-flex-laces-women-sportswear-shoes-core-black,2026-04-05T14:17:49Z,True,Regular price $ 76,in stock,
mikesport_lb,Adidas Bubblecomic Infant-Girls Sportswear Shoes Ice Lavender/White,HP3643,,MikeSport Lebanon,67.0,,False,,in_stock,USD,"and comic style to adidas' children's footwear. Comfort and practicality meet to create playful partners for your child's feet. The printed mesh upper provides breathability and comfort, while the one-piece unitsole promotes your child's natural movements. Easy to slip on and off, the laceless construction favors independent wear and a snug fit. Adidas understands the importance of supportive, durable shoes, giving your little one the comfort and confidence to explore, play and dream up their next big adventure. Let your child enjoy stepping out in our comfy, fun shoes. Highlights: Regular Fit Laceless Composition: Printed Mesh Upper One-Piece Unitsole Color: Ice Lavender/White/Bliss Lilac",shoes,girls,"[""22 EU"", ""21 EU"", ""23 EU"", ""25 EU"", ""26 EU"", ""27 EU""]",https://lb.mikesport.com/products/adidas-bubblecomic-infant-girls-sportswear-shoes-ice-lavender-white,2026-04-05T14:17:51Z,True,Regular price $ 67,in stock,
mikesport_lb,Adidas Bubblecomic Infant-Boys Sportswear Shoes Grey/White/Lucid Red,HP3642,,MikeSport Lebanon,67.0,,False,,in_stock,USD,"and comic style to adidas' children's footwear. Comfort and practicality meet to create playful partners for your child's feet. The printed mesh upper provides breathability and comfort, while the one-piece unitsole promotes your child's natural movements. Easy to slip on and off, the laceless construction favors independent wear and a snug fit. Adidas understands the importance of supportive, durable shoes, giving your little one the comfort and confidence to explore, play and dream up their next big adventure. Let your child enjoy stepping out in our comfy, fun shoes. Highlights: Regular Fit Laceless Composition: Printed Mesh Upper One-Piece Unitsole Color: Grey/White/Lucid Red",shoes,boys,"[""22 EU"", ""21 EU"", ""23 EU"", ""24 EU"", ""27 EU""]",https://lb.mikesport.com/products/adidas-bubblecomic-infant-boys-sportswear-shoes-grey-white-lucid-red,2026-04-05T14:17:53Z,True,Regular price $ 67,in stock,
mikesport_lb,Adidas Cloudfoam Cuxxion Men Sportswear Shoes Preloved Ink/White,HP3456,,MikeSport Lebanon,105.0,,False,,in_stock,USD,Preloved Ink/Core White,shoes,men,"[""44 2/3 EU"", ""45 1/3 EU"", ""46 EU"", ""46 2/3 EU"", ""40 2/3 EU"", ""41 1/3 EU"", ""42 EU"", ""42 2/3 EU"", ""43 1/3 EU"", ""44 EU""]",https://lb.mikesport.com/products/adidas-cloudfoam-cuxxion-men-sportswear-shoes-preloved-ink-white,2026-04-05T14:17:55Z,True,Regular price $ 105,in stock,
mikesport_lb,Adidas Essentials Small Logo Flared Women Sportswear Tight Black/White,JD9961,,MikeSport Lebanon,54.0,,False,,in_stock,USD,Black/White,tight,women,"[""M"", ""S"", ""XS""]",https://lb.mikesport.com/products/adidas-essentials-small-logo-flared-women-sportswear-tight-black-white,2026-04-05T14:17:57Z,True,Regular price $ 54,in stock,
mikesport_lb,Adidas Essentials Kids-Boys Sportswear Hoody Black/White,JC9667,,MikeSport Lebanon,60.0,,False,,in_stock,USD,Black/White,hoody,boys,"[""7-8 Years"", ""9-10 Years"", ""11-12 Years"", ""13-14 Years""]",https://lb.mikesport.com/products/adidas-essentials-kids-boys-sportswear-hoody-black-white,2026-04-05T14:18:00Z,True,Regular price $ 60,in stock,
mikesport_lb,Adidas Mercedes Amg Petronas Formula 1 Team Silver Arrows Icon Men Pant Granite/Off White,KR3571,,MikeSport Lebanon,159.0,,False,,in_stock,USD,Granite/Off White,pant,men,"[""M""]",https://lb.mikesport.com/products/adidas-mercedes-amg-petronas-formula-1-team-silver-arrows-icon-men-pant-granite-off-white,2026-04-05T14:18:03Z,True,Regular price $ 159,in stock,
mikesport_lb,Adidas Future Icons 3 Stripes Wide Leg Kids-Girls Sportswear Pant Black,KR2249,,MikeSport Lebanon,77.0,,False,,in_stock,USD,Black,pant,girls,"[""7-8 Years"", ""9-10 Years"", ""11-12 Years"", ""13-14 Years""]",https://lb.mikesport.com/products/adidas-future-icons-3-stripes-wide-leg-kids-girls-sportswear-pant-black,2026-04-05T14:18:06Z,True,Regular price $ 77,in stock,
mikesport_lb,Adidas Cloudfoam Cuxxion Men Sportswear Shoes Charcoal/Carbon,KK3479,,MikeSport Lebanon,105.0,,False,,in_stock,USD,Charcoal/Carbon/Lucid Orange,shoes,men,"[""44 2/3 EU"", ""45 1/3 EU"", ""46 EU"", ""41 1/3 EU"", ""42 EU"", ""42 2/3 EU"", ""43 1/3 EU"", ""44 EU""]",https://lb.mikesport.com/products/adidas-cloudfoam-cuxxion-men-sportswear-shoes-charcoal-carbon,2026-04-05T14:18:09Z,True,Regular price $ 105,in stock,
mikesport_lb,Adidas Supernova Rise 3 Men Running Shoes Halo Silver/Yellow,KK1206,,MikeSport Lebanon,210.0,,False,,in_stock,USD,Halo Silver/Solar Yellow/Cloud White,shoes,men,"[""44 2/3 EU"", ""45 1/3 EU"", ""46 EU"", ""46 2/3 EU"", ""40 2/3 EU"", ""41 1/3 EU"", ""42 EU"", ""42 2/3 EU"", ""43 1/3 EU"", ""44 EU""]",https://lb.mikesport.com/products/adidas-supernova-rise-3-men-running-shoes-halo-silver-yellow,2026-04-05T14:18:11Z,True,Regular price $ 210,in stock,
mikesport_lb,Adidas Breaknet Sleek Women Sportswear Shoes Crystal Linen/Coffee,KJ8654,,MikeSport Lebanon,96.0,,False,,in_stock,USD,Crystal Linen/Coffee/Matte Gold,shoes,women,"[""36 EU"", ""36 2/3 EU"", ""38 EU"", ""38 2/3 EU"", ""39 1/3 EU"", ""40 EU"", ""40 2/3 EU"", ""41 1/3 EU""]",https://lb.mikesport.com/products/adidas-breaknet-sleek-women-sportswear-shoes-crystal-linen-coffee,2026-04-05T14:18:14Z,True,Regular price $ 96,in stock,
mikesport_lb,Adidas Feroza Base Audi Revolut F1 Team Men Motor-Sport Shoes Grey/Utility Black,KJ6178,,MikeSport Lebanon,147.0,,False,,in_stock,USD,Grey/Utility Black/Hi-Res Red,shoes,men,"[""44 2/3 EU"", ""45 1/3 EU"", ""46 EU"", ""41 1/3 EU"", ""42 EU"", ""42 2/3 EU"", ""43 1/3 EU"", ""44 EU""]",https://lb.mikesport.com/products/adidas-feroza-base-audi-revolut-f1-team-men-motor-sport-shoes-grey-utility-black,2026-04-05T14:18:16Z,True,Regular price $ 147,in stock,
mikesport_lb,Adidas Feroza Base Mercedes Amg Petronas F1 Team Men Motor-Sport Shoes Black/Silver Metalic,KJ6177,,MikeSport Lebanon,147.0,,False,,in_stock,USD,Black/Silver Metallic/Semi Mint Rush,shoes,men,"[""44 2/3 EU"", ""45 1/3 EU"", ""46 EU"", ""41 1/3 EU"", ""42 EU"", ""42 2/3 EU"", ""43 1/3 EU"", ""44 EU""]",https://lb.mikesport.com/products/adidas-feroza-base-mercedes-amg-petronas-f1-team-men-motor-sport-shoes-black-silver-metalic,2026-04-05T14:18:19Z,True,Regular price $ 147,in stock,
mikesport_lb,Adidas Adizero Evo Sl Women Running Shoes Alumina/Putty Beige,KI6961,,MikeSport Lebanon,223.0,,False,,in_stock,USD,Alumina/Putty Beige,shoes,women,"[""36 2/3 EU"", ""37 1/3 EU"", ""38 EU"", ""38 2/3 EU"", ""39 1/3 EU"", ""40 EU"", ""40 2/3 EU"", ""41 1/3 EU""]",https://lb.mikesport.com/products/adidas-adizero-evo-sl-women-running-shoes-alumina-putty-beige,2026-04-05T14:18:21Z,True,Regular price $ 223,in stock,
mikesport_lb,Adidas Handball Spezial Women Original Shoes Magic Beige/Ivory,KI6678,,MikeSport Lebanon,191.0,,False,,in_stock,USD,Magic Beige/Ivory/Aurora Ivy,shoes,women,"[""36 EU"", ""36 2/3 EU"", ""37 1/3 EU"", ""38 EU"", ""38 2/3 EU"", ""39 1/3 EU"", ""40 EU"", ""40 2/3 EU"", ""41 1/3 EU""]",https://lb.mikesport.com/products/adidas-handball-spezial-women-original-shoes-magic-beige-ivory,2026-04-05T14:18:24Z,True,Regular price $ 191,in stock,
mikesport_lb,Adidas Advantage Infant-Boys Sportswear Shoes Off White,KI0740,,MikeSport Lebanon,60.0,,False,,in_stock,USD,Off White,shoes,boys,"[""22 EU"", ""21 EU"", ""23 EU"", ""25 EU"", ""24 EU"", ""26 EU"", ""27 EU""]",https://lb.mikesport.com/products/adidas-advantage-infant-boys-sportswear-shoes-off-white,2026-04-05T14:18:27Z,True,Regular price $ 60,in stock,
mikesport_lb,Adidas Z.N.E. Woven Travel Cover Up Kids-Boys Sportswear Track Top Dusky Petrol,KG1003,,MikeSport Lebanon,105.0,,False,,in_stock,USD,Dusky Petrol/ Dusky Ink,jacket,unisex,"[""7-8 Years"", ""9-10 Years"", ""11-12 Years"", ""13-14 Years""]",https://lb.mikesport.com/products/adidas-z-n-e-woven-travel-cover-up-kids-boys-sportswear-track-top-dusky-petrol,2026-04-05T14:18:30Z,True,Regular price $ 105,in stock,
mikesport_lb,Adidas Z.N.E. Woven Travel Tracksuit Kids-Boys Sportswear Pant Dusky Petrol,KG0996,,MikeSport Lebanon,96.0,,False,,in_stock,USD,Dusky Petrol/ Dusky Ink,pant,men,"[""7-8 Years"", ""9-10 Years"", ""11-12 Years"", ""13-14 Years""]",https://lb.mikesport.com/products/adidas-z-n-e-woven-travel-tracksuit-kids-boys-sportswear-pant-dusky-petrol,2026-04-05T14:18:34Z,True,Regular price $ 96,in stock,
mikesport_lb,Adidas D4T Workout 2In1 Men Training Short Black,KF6431,,MikeSport Lebanon,96.0,,False,,in_stock,USD,Black,short,men,"[""L"", ""M"", ""S"", ""XL""]",https://lb.mikesport.com/products/adidas-d4t-workout-2in1-men-training-short-black,2026-04-05T14:18:36Z,True,Regular price $ 96,in stock,
mikesport_lb,Adidas Workout Essentials V-Neck Women Training T-Shirt Pure Orange,KF6177,,MikeSport Lebanon,38.0,,False,,in_stock,USD,Pure Orange,t-shirt,women,"[""M"", ""S"", ""XS""]",https://lb.mikesport.com/products/adidas-workout-essentials-v-neck-women-training-t-shirt-pure-orange,2026-04-05T14:18:42Z,True,Regular price $ 38,in stock,
mikesport_lb,Adidas Jamaica X Bob Marley Orginals Men Swim Swim Short Vivid Green,KF4963,,MikeSport Lebanon,76.0,,False,,in_stock,USD,Vivid Green / Black / White,swim_short,men,"[""L"", ""M"", ""S"", ""XL""]",https://lb.mikesport.com/products/adidas-jamaica-x-bob-marley-orginals-men-swim-swim-short-vivid-green,2026-04-05T14:18:44Z,True,Regular price $ 76,in stock,
mikesport_lb,Adidas Z.N.E. Woven Men Sportswear Track Top Dusky Petrol,KF1823,,MikeSport Lebanon,159.0,,False,,in_stock,USD,Dusky Petrol,jacket,men,"[""L"", ""M"", ""S"", ""XL""]",https://lb.mikesport.com/products/adidas-z-n-e-woven-men-sportswear-track-top-dusky-petrol,2026-04-05T14:18:47Z,True,Regular price $ 159,in stock,
mikesport_lb,Adidas Mercedes Amg Petronas Formula 1 Dna 3 Stripes Men Motor-Sport Backpack Black,KF1774,,MikeSport Lebanon,58.0,,False,,in_stock,USD,"s, this backpack is a must-have accessory for motorsport enthusiasts. Designed with practicality in mind, the bag features a front pocket for easy access to essentials and a dedicated laptop pocket inside to securely store your electronics. With fiber-padded straps for comfort on long days, this bag is a smart choice for commuting or traveling. Performance materials allow air to flow over your body, keeping you dry and comfortable. Made from durable materials, this backpack not only offers a stylish look but also meets the demands of everyday use. Whether you're heading to the gym or the office, this adidas backpack has everything you need. Highlights : Dimensions: 46 cm x 30 cm Volume: 24.9 L Fiber-filled hangers Front interior pocket Laptop pocket inside. Zipper design Composition : 100% polyester (100% recycled) Color: Black",bags_cases_and_luggage,unisex,[],https://lb.mikesport.com/products/adidas-mercedes-amg-petronas-formula-1-dna-3-stripes-men-motor-sport-backpack-black,2026-04-05T14:18:49Z,True,Regular price $ 58,in stock,
mikesport_lb,Adidas Audi Revolut F1 Team Baseball Unisex Motor-Sport Cap Chalk Pearl,KF0714,,MikeSport Lebanon,77.0,,False,,in_stock,USD,Chalk Pearl,cap,unisex,[],https://lb.mikesport.com/products/adidas-audi-revolut-f1-team-baseball-unisex-motor-sport-cap-chalk-pearl,2026-04-05T14:18:52Z,True,Regular price $ 77,in stock,
mikesport_lb,Adidas Z.N.E. Woven Men Sportswear Short Dusky Petrol,KF0581,,MikeSport Lebanon,80.0,,False,,in_stock,USD,Dusky Petrol,short,men,"[""L"", ""M"", ""S""]",https://lb.mikesport.com/products/adidas-z-n-e-woven-men-sportswear-short-dusky-petrol,2026-04-05T14:18:53Z,True,Regular price $ 80,in stock,
mikesport_lb,Adidas Z.N.E. Woven Women Sportswear Track Top Dusky Petrol,KF0580,,MikeSport Lebanon,159.0,,False,,in_stock,USD,Dusky Petrol,track_top,women,"[""L"", ""M"", ""S"", ""XS""]",https://lb.mikesport.com/products/adidas-z-n-e-woven-women-sportswear-track-top-dusky-petrol,2026-04-05T14:18:56Z,True,Regular price $ 159,in stock,
mikesport_lb,Adidas Z.N.E. Woven Women Sportswear Pant Dusky Petrol,KF0578,,MikeSport Lebanon,137.0,,False,,in_stock,USD,Dusky Petrol,pant,women,"[""L"", ""M"", ""S"", ""XS""]",https://lb.mikesport.com/products/adidas-z-n-e-woven-women-sportswear-pant-dusky-petrol,2026-04-05T14:18:58Z,True,Regular price $ 137,in stock,
mikesport_lb,Adidas Z.N.E. Woven Men Sportswear Pant Dusky Petrol,KF0577,,MikeSport Lebanon,137.0,,False,,in_stock,USD,Dusky Petrol,pant,men,"[""L"", ""M"", ""S"", ""XL""]",https://lb.mikesport.com/products/adidas-z-n-e-woven-men-sportswear-pant-dusky-petrol,2026-04-05T14:19:00Z,True,Regular price $ 137,in stock,
mikesport_lb,Adidas Soft Lux Men Sportswear Track Top Halo Silver,KF0348,,MikeSport Lebanon,89.0,,False,,in_stock,USD,Halo Silver,track_top,men,"[""L"", ""M"", ""S"", ""XL""]",https://lb.mikesport.com/products/adidas-soft-lux-men-sportswear-track-top-halo-silver,2026-04-05T14:19:02Z,True,Regular price $ 89,in stock,
mikesport_lb,Adidas Soft Lux Men Sportswear Track Top Black,KF0344,,MikeSport Lebanon,89.0,,False,,in_stock,USD,Black,track_top,men,"[""L"", ""M"", ""S"", ""XL""]",https://lb.mikesport.com/products/adidas-soft-lux-men-sportswear-track-top-black,2026-04-05T14:19:04Z,True,Regular price $ 89,in stock,
mikesport_lb,Adidas Soft Lux Straight Leg Men Sportswear Pant Halo Silver,KF0340,,MikeSport Lebanon,128.0,,False,,in_stock,USD,Halo Silver,pant,men,"[""L"", ""M"", ""S"", ""XL""]",https://lb.mikesport.com/products/adidas-soft-lux-straight-leg-men-sportswear-pant-halo-silver,2026-04-05T14:19:06Z,True,Regular price $ 128,in stock,
mikesport_lb,Adidas Climacool 3D Men Training Short Halo Silver,KE9971,,MikeSport Lebanon,80.0,,False,,in_stock,USD,Halo Silver,short,men,"[""L"", ""M"", ""S"", ""XL""]",https://lb.mikesport.com/products/adidas-climacool-3d-men-training-short-halo-silver,2026-04-05T14:19:08Z,True,Regular price $ 80,in stock,
mikesport_lb,Adidas D4T Power 3 Stripes Men Training T-Shirt Black,KE9937,,MikeSport Lebanon,77.0,,False,,in_stock,USD,Black,t-shirt,men,"[""L"", ""M"", ""S"", ""XL""]",https://lb.mikesport.com/products/adidas-d4t-power-3-stripes-men-training-t-shirt-black,2026-04-05T14:19:10Z,True,Regular price $ 77,in stock,
mikesport_lb,Adidas D4T Essentials Men Training T-Shirt Ray Blue,KE9935,,MikeSport Lebanon,54.0,,False,,in_stock,USD,Ray Blue,t-shirt,men,"[""L"", ""M"", ""S"", ""XL""]",https://lb.mikesport.com/products/adidas-d4t-essentials-men-training-t-shirt-ray-blue,2026-04-05T14:19:12Z,True,Regular price $ 54,in stock,
mikesport_lb,Adidas D4T Essentials Men Training T-Shirt Wonder Sage,KE9931,,MikeSport Lebanon,54.0,,False,,in_stock,USD,Wonder Sage,t-shirt,men,"[""L"", ""M"", ""S"", ""XL""]",https://lb.mikesport.com/products/adidas-d4t-essentials-men-training-t-shirt-wonder-sage,2026-04-05T14:19:14Z,True,Regular price $ 54,in stock,
mikesport_lb,Adidas D4T Men Training T-Shirt Dusky Petrol,KE9860,,MikeSport Lebanon,61.0,,False,,in_stock,USD,Dusky Petrol,t-shirt,men,"[""L"", ""M"", ""S"", ""XL""]",https://lb.mikesport.com/products/adidas-d4t-men-training-t-shirt-dusky-petrol,2026-04-05T14:19:16Z,True,Regular price $ 61,in stock,
mikesport_lb,Adidas Mercedes - Amg Petronas Formula 1 Team Dna Baseball Unisex Motor-Sport Cap White,KE8319,,MikeSport Lebanon,54.0,,False,,in_stock,USD,s and logos. Embrace the spirit of the race and let your passion for motorsport shine through. Highlights: Durable twill construction Snap closure Embroidered Mercedes logo Sportswear logo at back Baseball cap silhouette Adidas linear logo Composition: 100% cotton Color: White,cap,unisex,[],https://lb.mikesport.com/products/adidas-mercedes-amg-petronas-formula-1-team-dna-baseball-unisex-motor-sport-cap-white,2026-04-05T14:19:19Z,True,Regular price $ 54,in stock,
mikesport_lb,Adidas Mercedes Amg Petronas Formula 1 Team Silver Arrows Icon Men Track Top Off White/Granite,KE8270,,MikeSport Lebanon,191.0,,False,,in_stock,USD,Off White/Granite,track_top,men,"[""M""]",https://lb.mikesport.com/products/adidas-mercedes-amg-petronas-formula-1-team-silver-arrows-icon-men-track-top-off-white-granite,2026-04-05T14:19:21Z,True,Regular price $ 191,in stock,
mikesport_lb,Adidas Mercedes Amg Petronas Formula 1 Team Dna Men Motor-Spor T-Shirt White,KE8162,,MikeSport Lebanon,67.0,,False,,in_stock,USD,White / Semi Mint Rush,t-shirt,men,"[""L"", ""M"", ""S"", ""XL""]",https://lb.mikesport.com/products/adidas-mercedes-amg-petronas-formula-1-team-dna-men-motor-spor-t-shirt-white,2026-04-05T14:19:23Z,True,Regular price $ 67,in stock,
mikesport_lb,Adidas Power Workout Cropped Boxy 3-Stripes Women Training T-Shirt White,KE8050,,MikeSport Lebanon,77.0,,False,,in_stock,USD,White,t-shirt,women,"[""L"", ""M"", ""S"", ""XS""]",https://lb.mikesport.com/products/adidas-power-workout-cropped-boxy-3-stripes-women-training-t-shirt-white,2026-04-05T14:19:25Z,True,Regular price $ 77,in stock,
mikesport_lb,Adidas 3-Stripes Men Original T-Shirt Stone Khaki,KE7964,,MikeSport Lebanon,54.0,,False,,in_stock,USD,"Sport reimagines a classic with the 3-Stripes Tee—where everyday comfort meets iconic adidas heritage. Made for comfort, it's your go-to from sunrise to streetlights, whether you're hitting the gym, grabbing coffee, or layering up for cooler days. The bold 3-Stripes down the sleeves bring that unmistakable sporty edge, while the regular fit and round neck keep things relaxed and effortlessly stylish. Highlights : Regular fit Round neck Single jersey fabric Composition : 100% cotton Color: Stone Khaki",t-shirt,men,"[""L"", ""M"", ""S"", ""XL""]",https://lb.mikesport.com/products/adidas-3-stripes-men-original-t-shirt-stone-khaki,2026-04-05T14:19:27Z,True,Regular price $ 54,in stock,
mikesport_lb,Adidas Performance Large Unisex Training Towel Black/White,KE7414,,MikeSport Lebanon,67.0,,False,,in_stock,USD,Black/White,towel,unisex,[],https://lb.mikesport.com/products/adidas-performance-large-unisex-training-towel-black-white,2026-04-05T14:19:30Z,True,Regular price $ 67,in stock,
mikesport_lb,Adidas Soft Lux Straight Leg Women Sportswear Pant Wonder Sage,KE6828,,MikeSport Lebanon,115.0,,False,,in_stock,USD,Wonder Sage,pant,women,"[""L"", ""M"", ""S"", ""XS""]",https://lb.mikesport.com/products/adidas-soft-lux-straight-leg-women-sportswear-pant-wonder-sage,2026-04-05T14:19:32Z,True,Regular price $ 115,in stock,
mikesport_lb,Adidas Soft Lux Straight Leg Women Sportswear Pant Black,KE6823,,MikeSport Lebanon,115.0,,False,,in_stock,USD,Black,pant,women,"[""L"", ""M"", ""S"", ""XS""]",https://lb.mikesport.com/products/adidas-soft-lux-straight-leg-women-sportswear-pant-black,2026-04-05T14:19:34Z,True,Regular price $ 115,in stock,
mikesport_lb,Adidas Z.N.E. Woven Men Sportswear Pant Black,KE6550,,MikeSport Lebanon,137.0,,False,,in_stock,USD,Black,pant,men,"[""L"", ""M"", ""S"", ""XL""]",https://lb.mikesport.com/products/adidas-z-n-e-woven-men-sportswear-pant-black,2026-04-05T14:19:36Z,True,Regular price $ 137,in stock,
mikesport_lb,Adidas Climacool Men Training T-Shirt Wonder Sage,KE6101,,MikeSport Lebanon,54.0,,False,,in_stock,USD,Wonder Sage,t-shirt,men,"[""L"", ""M"", ""S"", ""XL""]",https://lb.mikesport.com/products/adidas-climacool-men-training-t-shirt-wonder-sage,2026-04-05T14:19:38Z,True,Regular price $ 54,in stock,
mikesport_lb,Adidas Mercedes Amg Petronas Formula 1 Team Dna Kids-Boys Motor-Sport Short Black,KE5920,,MikeSport Lebanon,61.0,,False,,in_stock,USD,Black / Semi Mint Rush,short,boys,"[""7-8 Years"", ""9-10 Years"", ""11-12 Years""]",https://lb.mikesport.com/products/adidas-mercedes-amg-petronas-formula-1-team-dna-kids-boys-motor-sport-short-black,2026-04-05T14:19:40Z,True,Regular price $ 61,in stock,
mikesport_lb,Adidas Mercedes Amg Petronas Formula 1 Team Dna Kids-Boys Motor-Sport T-Shirt Black,KE5914,,MikeSport Lebanon,54.0,,False,,in_stock,USD,Black / Semi Mint Rush,t-shirt,boys,"[""7-8 Years"", ""9-10 Years"", ""11-12 Years""]",https://lb.mikesport.com/products/adidas-mercedes-amg-petronas-formula-1-team-dna-kids-boys-motor-sport-t-shirt-black,2026-04-05T14:19:42Z,True,Regular price $ 54,in stock,
mikesport_lb,Adidas Soft Lux Men Sportswear T-Shirt Halo Silver,KE5900,,MikeSport Lebanon,67.0,,False,,in_stock,USD,Halo Silver,t-shirt,men,"[""L"", ""M"", ""S"", ""XL""]",https://lb.mikesport.com/products/adidas-soft-lux-men-sportswear-t-shirt-halo-silver,2026-04-05T14:19:44Z,True,Regular price $ 67,in stock,
mikesport_lb,Adidas Essentials Back To Campus Unisex Training Backpack Wonder Cargo,KE5659,,MikeSport Lebanon,54.0,,False,,in_stock,USD,Wonder Cargo / Black,bags_cases_and_luggage,unisex,[],https://lb.mikesport.com/products/adidas-essentials-back-to-campus-unisex-training-backpack-wonder-cargo,2026-04-05T14:19:46Z,True,Regular price $ 54,in stock,
mikesport_lb,Adidas Tiro_Nster Little-Girls Training Backpack Wonder Sage,KE4796,,MikeSport Lebanon,41.0,,False,,in_stock,USD,Wonder Sage / Blush Pink,bags_cases_and_luggage,girls,[],https://lb.mikesport.com/products/adidas-tiro_nster-little-girls-training-backpack-wonder-sage,2026-04-05T14:19:48Z,True,Regular price $ 41,in stock,
mikesport_lb,Adidas Linear Women Original Tank Black/White,KD7979,,MikeSport Lebanon,54.0,,False,,in_stock,USD,"collection, this tank brings a fresh update to a classic design. Enjoy adidas heritage with modern flair in this wardrobe staple. Highlights : Regular fit Single jersey fabric Round neck Composition : 48% cotton, 48% modal, 4% elastane Color: Black/White",tank,women,"[""L"", ""M"", ""S"", ""XS""]",https://lb.mikesport.com/products/adidas-linear-women-original-tank-black-white,2026-04-05T14:19:50Z,True,Regular price $ 54,in stock,
mikesport_lb,Adidas 3 Stripes Slim Women Original Dress Black/White,KD7978,,MikeSport Lebanon,96.0,,False,,in_stock,USD,"style meets modern flair. Whether you're heading out for a casual day or on a night out, this dress adapts effortlessly to your style. Made for those who appreciate the iconic 3-Stripes, it offers a slim fit that flatters your silhouette while helping you feel comfortable. The round neck with Performance Running branding along the inside adds a subtle detail that elevates the overall look. Crafted from a blend of cotton and elastane, the fabric offers a soft touch and flexible wear. With a single-jersey construction for durable comfort, this dress showcases a commitment to quality and style. With adidas, it’s about more than just leisurewear. It's a way of life. Embrace the vibrant spirit of the Adicolor collection and make a bold style statement wherever you go. Highlights : Slim fit Round neck Single jersey construction Reinforced neckline with Performance Running branding Composition : 93% cotton, 7% elastane Color: Black/White",dress,women,"[""M"", ""S""]",https://lb.mikesport.com/products/adidas-3-stripes-slim-women-original-dress-black-white,2026-04-05T14:19:52Z,True,Regular price $ 96,in stock,
mikesport_lb,Adidas Classic Women Original Track Top Black/White,KD7969,,MikeSport Lebanon,115.0,,False,,in_stock,USD,Black/White,track_top,women,"[""L"", ""S"", ""XS""]",https://lb.mikesport.com/products/adidas-classic-women-original-track-top-black-white,2026-04-05T14:19:54Z,True,Regular price $ 115,in stock,
mikesport_lb,Adidas Classic Track Women Original Pant Black/White,KD7965,,MikeSport Lebanon,115.0,,False,,in_stock,USD,"collection brings a modern aesthetic to classic pieces, making these track pants a sophisticated addition to your wardrobe. The mid-rise waist provides a flattering fit, while the durable pique construction adds subtle texture for a refined look. Crafted in a regular fit, the structuring offers comfort and ease of movement, making these track pants a great choice for both casual outings or workout sessions. Whether you're hitting the gym or lounging around, these classic track pants are designed to keep you looking stylish and feeling comfortable. Embrace the adidas spirit and make this piece a staple in your collection. Highlights : Regular fit Drawstring Pique knit construction Mid-rise waist Side pockets 3-Stripes branding Composition : 52% cotton, 48% polyester (100% recycled) Color: Black/White",pant,women,"[""S"", ""XS""]",https://lb.mikesport.com/products/adidas-classic-track-women-original-pant-black-white,2026-04-05T14:19:56Z,True,Regular price $ 115,in stock,
mikesport_lb,Adidas Adicolor Classic Women Original Backpack Aurora Coffee,KD7810,,MikeSport Lebanon,48.0,,False,,in_stock,USD,Aurora Coffee,bags_cases_and_luggage,women,[],https://lb.mikesport.com/products/adidas-adicolor-classic-women-original-backpack-aurora-coffee,2026-04-05T14:19:58Z,True,Regular price $ 48,in stock,
mikesport_lb,Adidas Future Icons Small Logo Men Sportswear T-Shirt Beige,KD7650,,MikeSport Lebanon,54.0,,False,,in_stock,USD,Beige,t-shirt,men,"[""L"", ""M"", ""S"", ""XL""]",https://lb.mikesport.com/products/adidas-future-icons-small-logo-men-sportswear-t-shirt-beige,2026-04-05T14:20:00Z,True,Regular price $ 54,in stock,
mikesport_lb,Adidas Pacer Workout Woven High Rise Women Training Short Black/White,KD7318,,MikeSport Lebanon,54.0,,False,,in_stock,USD,Black/White,short,women,"[""L"", ""M"", ""S"", ""XS""]",https://lb.mikesport.com/products/adidas-pacer-workout-woven-high-rise-women-training-short-black-white,2026-04-05T14:20:03Z,True,Regular price $ 54,in stock,
mikesport_lb,Adidas Minecraft Training Kids-Boys Sportswear T-Shirt Aurora Onix,KD6874,,MikeSport Lebanon,42.0,,False,,in_stock,USD,Aurora Onix,t-shirt,boys,"[""7-8 Years"", ""9-10 Years"", ""11-12 Years"", ""13-14 Years""]",https://lb.mikesport.com/products/adidas-minecraft-training-kids-boys-sportswear-t-shirt-aurora-onix,2026-04-05T14:20:05Z,True,Regular price $ 42,in stock,
mikesport_lb,Adidas Thin&Light Sportswear No Show 3 Pair Pack Unisex Training Sock Black/White,KD6719,,MikeSport Lebanon,18.0,,False,,in_stock,USD,Black/White,sock,unisex,"[""L"", ""M"", ""S"", ""XL"", ""XS""]",https://lb.mikesport.com/products/adidas-thin-light-sportswear-no-show-3-pair-pack-unisex-training-sock-black-white,2026-04-05T14:20:07Z,True,Regular price $ 18,in stock,
mikesport_lb,Adidas Essentials Tee Little-Girls Sportswear Set Pink Fusion/White,KD6005,,MikeSport Lebanon,54.0,,False,,in_stock,USD,Pink Fusion / White,set,girls,"[""3-4 Years"", ""4-5 Years"", ""5-6 Years"", ""7-8 Years""]",https://lb.mikesport.com/products/adidas-essentials-tee-little-girls-sportswear-set-pink-fusion-white,2026-04-05T14:20:09Z,True,Regular price $ 54,in stock,
mikesport_lb,Adidas Collegate Kids-Girls Sportswear T-Shirt Purple,KD5929,,MikeSport Lebanon,38.0,,False,,in_stock,USD,Purple,t-shirt,girls,"[""7-8 Years"", ""9-10 Years"", ""11-12 Years"", ""13-14 Years""]",https://lb.mikesport.com/products/adidas-collegate-kids-girls-sportswear-t-shirt-purple,2026-04-05T14:20:11Z,True,Regular price $ 38,in stock,
mikesport_lb,Adidas Men Training T-Shirt White,KD5508,,MikeSport Lebanon,44.0,,False,,in_stock,USD,White,t-shirt,men,"[""2XL"", ""L"", ""M"", ""S"", ""XL""]",https://lb.mikesport.com/products/adidas-men-training-t-shirt-white,2026-04-05T14:20:13Z,True,Regular price $ 44,in stock,
mikesport_lb,Adidas Workout Essentials Feelready Men Training Tank White,KD5424,,MikeSport Lebanon,38.0,,False,,in_stock,USD,White,sleeveless,men,"[""L"", ""M"", ""S"", ""XL""]",https://lb.mikesport.com/products/adidas-workout-essentials-feelready-men-training-tank-white,2026-04-05T14:20:16Z,True,Regular price $ 38,in stock,
mikesport_lb,Adidas X Farm Rio Women Sportswear Tank Bahia Magenta,KD4630,,MikeSport Lebanon,89.0,,False,,in_stock,USD,Bahia Magenta / Crystal Linen / Black,tank,women,"[""L"", ""M"", ""S"", ""XS""]",https://lb.mikesport.com/products/adidas-x-farm-rio-women-sportswear-tank-bahia-magenta,2026-04-05T14:20:18Z,True,Regular price $ 89,in stock,
mikesport_lb,Adidas X Farm Rio Graphic Women Sportswear T-Shirt Marine,KD4623,,MikeSport Lebanon,54.0,,False,,in_stock,USD,"ful murals and dynamic spirit found on city basketball courts, reimagined for sportswear and training. The loose fit and bold graphics make it a standout piece, and a fantastic choice for those who embrace creativity and unity in their style. Crafted from a single jersey fabric, it offers comfort and flexibility, making it suitable for everyday wear or active pursuits. With a nod to the power of sport to unite communities, this adidas tee is more than just a piece of clothing. It's a statement of individuality and optimism. Highlights: Loose fit Single jersey Crop Crew neckline Composition: 93% cotton, 7% elastane Color: Marine",t-shirt,women,"[""L"", ""M"", ""S"", ""XS""]",https://lb.mikesport.com/products/adidas-x-farm-rio-graphic-women-sportswear-t-shirt-marine,2026-04-05T14:20:20Z,True,Regular price $ 54,in stock,
mikesport_lb,Adidas X Farm Rio Graphic Women Sportswear T-Shirt Crystal Linen,KD4622,,MikeSport Lebanon,54.0,,False,,in_stock,USD,"ful murals and dynamic spirit found on city basketball courts, reimagined for sportswear and training. The loose fit and bold graphics make it a standout piece, and a fantastic choice for those who embrace creativity and unity in their style. Crafted from a single jersey fabric, it offers comfort and flexibility, making it suitable for everyday wear or active pursuits. With a nod to the power of sport to unite communities, this adidas tee is more than just a piece of clothing. It's a statement of individuality and optimism. Highlights: Loose fit Single jersey Crop Crew neckline Composition: 93% cotton, 7% elastane Color: Crystal Linen / Bold Pink",t-shirt,women,"[""L"", ""M"", ""S"", ""XS""]",https://lb.mikesport.com/products/adidas-x-farm-rio-graphic-women-sportswear-t-shirt-crystal-linen,2026-04-05T14:20:22Z,True,Regular price $ 54,in stock,
mikesport_lb,Adidas Firebird Loose Track Women Original Pant Stone Khaki,KD3660,,MikeSport Lebanon,128.0,,False,,in_stock,USD,", where bold accents meet timeless design. Structured in a loose fit, these track pants offer easygoing comfort and freedom of movement, a must-have for casual outings or those relaxed days at home. Featuring a tricot construction, the fabric feels smooth to the touch. The mid-rise design brings a modern feel, for a balanced silhouette that teams up effortlessly with favorites in your collection. Whether you're lounging at home or stepping out, these track pants are all about looking effortlessly stylish. Dive into the world of Originals and make a statement with each step. Highlights: Loose fit Mid-rise waist Tricot fabric 3-Stripes branding Composition: 100% polyester (100% recycled) Color: Stone Khaki / Earth Strata",pant,women,"[""M"", ""XS""]",https://lb.mikesport.com/products/adidas-firebird-loose-track-women-original-pant-stone-khaki,2026-04-05T14:20:24Z,True,Regular price $ 128,in stock,
mikesport_lb,Adidas Slim Fitted Firebird Women Original Track Top Off White,KD2965,,MikeSport Lebanon,128.0,,False,,in_stock,USD,Off White,track_top,women,"[""M"", ""S""]",https://lb.mikesport.com/products/adidas-slim-fitted-firebird-women-original-track-top-off-white,2026-04-05T14:20:26Z,True,Regular price $ 128,in stock,
mikesport_lb,Adidas Firebird Track Pant Denim Women Original Pant Medium Vintage,KD2935,,MikeSport Lebanon,159.0,,False,,in_stock,USD,"collection, celebrating bold and trending colors. The regular fit and mid-rise waist offer comfort and a flattering silhouette, making them a versatile addition to any wardrobe. The woven construction adds durability, while the denim material gives a unique edge to your everyday look. From heading out for a casual day to dressing up for a night out, this pair is your go-to for style and comfort. Embrace the adidas Originals spirit and make a statement with every step. Highlights: Regular fit Button closure Denim construction Front and back pockets adidas branding elements Composition: 100% cotton Color: Medium Vintage Denim",pant,women,"[""W27-L30"", ""W28-L30"", ""W29-L30""]",https://lb.mikesport.com/products/adidas-firebird-track-pant-denim-women-original-pant-medium-vintage,2026-04-05T14:20:28Z,True,Regular price $ 159,in stock,
mikesport_lb,Adidas D4T Primelift 3 Stripes Men Training Short Grey,KD0356,,MikeSport Lebanon,79.0,,False,,in_stock,USD,Grey,short,men,"[""L"", ""M"", ""S"", ""XL""]",https://lb.mikesport.com/products/adidas-d4t-primelift-3-stripes-men-training-short-grey,2026-04-05T14:20:30Z,True,Regular price $ 79,in stock,
mikesport_lb,Adidas All Me Allover Print Women Training 7/8 Tight Beige/Pink,KD0282,,MikeSport Lebanon,105.0,,False,,in_stock,USD,Beige/Pink,7/8_tight,women,"[""L"", ""M"", ""S"", ""XS""]",https://lb.mikesport.com/products/adidas-all-me-allover-print-women-training-7-8-tight-beige-pink,2026-04-05T14:20:32Z,True,Regular price $ 105,in stock,
mikesport_lb,Adidas Power Essentials Workout Contour Women Training T-Shirt Pink,KD0113,,MikeSport Lebanon,45.0,,False,,in_stock,USD,Pink,t-shirt,women,"[""L"", ""M"", ""S"", ""XS""]",https://lb.mikesport.com/products/adidas-power-essentials-workout-contour-women-training-t-shirt-pink,2026-04-05T14:20:34Z,True,Regular price $ 45,in stock,
mikesport_lb,Adidas Thin&Light Sportswear Ankle 3 Pair Unisex Training Sock Black/White,KC9613,,MikeSport Lebanon,18.0,,False,,in_stock,USD,Black/White,sock,unisex,"[""2XL"", ""L"", ""M"", ""S"", ""XL"", ""XS""]",https://lb.mikesport.com/products/adidas-thin-light-sportswear-ankle-3-pair-unisex-training-sock-black-white,2026-04-05T14:20:36Z,True,Regular price $ 18,in stock,
mikesport_lb,Adidas Rouched Football Women Original T-Shirt Off White,KC9122,,MikeSport Lebanon,80.0,,False,,in_stock,USD,Off White,t-shirt,women,"[""L"", ""M"", ""S"", ""XS""]",https://lb.mikesport.com/products/adidas-rouched-football-women-original-t-shirt-off-white,2026-04-05T14:20:38Z,True,Regular price $ 80,in stock,
mikesport_lb,Adidas Z.N.E. Women Sportswear Hoody Black,KC7743,,MikeSport Lebanon,159.0,,False,,in_stock,USD,Black,hoody,women,"[""L"", ""M"", ""S"", ""XS""]",https://lb.mikesport.com/products/adidas-z-n-e-women-sportswear-hoody-black-3,2026-04-05T14:20:40Z,True,Regular price $ 159,in stock,
mikesport_lb,Adidas Metal Screw Top 0.6 L Unisex Training Bottle Grey/Black,KC6413,,MikeSport Lebanon,38.0,,False,,in_stock,USD,Grey/Black,bottle,unisex,[],https://lb.mikesport.com/products/adidas-metal-screw-top-0-6-l-unisex-training-bottle-grey-black,2026-04-05T14:20:43Z,True,Regular price $ 38,in stock,
mikesport_lb,Adidas Disney Frozen Little-Girls Swim Monokini Ice Lavender,KC5634,,MikeSport Lebanon,58.0,,False,,in_stock,USD,Ice Lavender,monokini,girls,"[""3-4 Years"", ""4-5 Years"", ""5-6 Years"", ""7-8 Years""]",https://lb.mikesport.com/products/adidas-disney-frozen-little-girls-swim-monokini-ice-lavender,2026-04-05T14:20:45Z,True,Regular price $ 58,in stock,
mikesport_lb,Adidas Disney Frozen Little-Girls Swim Bikini Set Ice Lavender,KC5633,,MikeSport Lebanon,54.0,,False,,in_stock,USD,Ice Lavender / Dark Blue,bikini_set,girls,"[""3-4 Years"", ""4-5 Years"", ""5-6 Years"", ""7-8 Years""]",https://lb.mikesport.com/products/adidas-disney-frozen-little-girls-swim-bikini-set-ice-lavender,2026-04-05T14:20:47Z,True,Regular price $ 54,in stock,
mikesport_lb,Adidas Train Essentials Women Training Tank True Pink,KC5542,,MikeSport Lebanon,45.0,,False,,in_stock,USD,True Pink/Clear Pink,tank,women,"[""L"", ""M"", ""S"", ""XS""]",https://lb.mikesport.com/products/adidas-train-essentials-women-training-tank-true-pink,2026-04-05T14:20:49Z,True,Regular price $ 45,in stock,
mikesport_lb,Adidas Essentials Mint 3-Stripes Woven Women Training Jacket Wonder Sage,KC5489,,MikeSport Lebanon,80.0,,False,,in_stock,USD,Wonder Sage/White,jacket,women,"[""L"", ""M"", ""S"", ""XS""]",https://lb.mikesport.com/products/adidas-essentials-mint-3-stripes-woven-women-training-jacket-wonder-sage,2026-04-05T14:20:51Z,True,Regular price $ 80,in stock,
mikesport_lb,Adidas All Szn Men Sportswear T-Shirt White,KC3184,,MikeSport Lebanon,45.0,,False,,in_stock,USD,White,t-shirt,men,"[""L"", ""M"", ""S"", ""XL""]",https://lb.mikesport.com/products/adidas-all-szn-men-sportswear-t-shirt-white,2026-04-05T14:20:54Z,True,Regular price $ 45,in stock,
mikesport_lb,Adidas Future Icons 3 Stripes Kids-Boys Sportswear T-Shirt Black,KC1964,,MikeSport Lebanon,42.0,,False,,in_stock,USD,Black,t-shirt,unisex,"[""7-8 Years"", ""9-10 Years"", ""11-12 Years"", ""13-14 Years""]",https://lb.mikesport.com/products/adidas-future-icons-3-stripes-kids-boys-sportswear-t-shirt-black,2026-04-05T14:20:56Z,True,Regular price $ 42,in stock,
mikesport_lb,Adidas Fun Men Training T-Shirt Black,KB9413,,MikeSport Lebanon,61.0,,False,,in_stock,USD,Black,t-shirt,men,"[""L"", ""M"", ""XL""]",https://lb.mikesport.com/products/adidas-fun-men-training-t-shirt-black,2026-04-05T14:20:58Z,True,Regular price $ 61,in stock,
mikesport_lb,Adidas Soft Lux Men Sportswear T-Shirt Off White,KB8092,,MikeSport Lebanon,67.0,,False,,in_stock,USD,Black,t-shirt,men,"[""2XL"", ""L"", ""M"", ""S"", ""XL""]",https://lb.mikesport.com/products/adidas-soft-lux-men-sportswear-t-shirt-off-white,2026-04-05T14:21:00Z,True,Regular price $ 67,in stock,
mikesport_lb,Adidas Soft Lux Men Sportswear Hoody Black,KB8085,,MikeSport Lebanon,128.0,,False,,in_stock,USD,Black,hoody,men,"[""L"", ""M"", ""S"", ""XL""]",https://lb.mikesport.com/products/adidas-soft-lux-men-sportswear-hoody-black,2026-04-05T14:21:03Z,True,Regular price $ 128,in stock,
mikesport_lb,Adidas Only The Best For The Athlete Men Original T-Shirt Off White,KB7845,,MikeSport Lebanon,61.0,,False,,in_stock,USD,Off White,t-shirt,men,"[""L""]",https://lb.mikesport.com/products/adidas-only-the-best-for-the-athlete-men-original-t-shirt-off-white,2026-04-05T14:21:05Z,True,Regular price $ 61,in stock,
mikesport_lb,Adidas Seasonals Glam Little-Girls Sportswear Set White/Silver Metalic,KB7041,,MikeSport Lebanon,61.0,,False,,in_stock,USD,White/Silver Metallic,set,girls,"[""3-4 Years"", ""4-5 Years"", ""5-6 Years"", ""7-8 Years""]",https://lb.mikesport.com/products/adidas-seasonals-glam-little-girls-sportswear-set-white-silver-metalic,2026-04-05T14:21:07Z,True,Regular price $ 61,in stock,
mikesport_lb,Adidas Seasonals Glam Wide Leg Kids-Girls Sportswear Pant Black/Silver Metalic,KB7036,,MikeSport Lebanon,67.0,,False,,in_stock,USD,Black/Silver Metallic,pant,girls,"[""11-12 Years""]",https://lb.mikesport.com/products/adidas-seasonals-glam-wide-leg-kids-girls-sportswear-pant-black-silver-metalic,2026-04-05T14:21:09Z,True,Regular price $ 67,in stock,
mikesport_lb,Adidas Seasonals Animal Little-Girls Sportswear Set White/Wonder Sage,KB6989,,MikeSport Lebanon,61.0,,False,,in_stock,USD,White/Wonder Sage/Charcoal,set,girls,"[""3-4 Years"", ""4-5 Years"", ""5-6 Years"", ""7-8 Years""]",https://lb.mikesport.com/products/adidas-seasonals-animal-little-girls-sportswear-set-white-wonder-sage,2026-04-05T14:21:12Z,True,Regular price $ 61,in stock,
mikesport_lb,Adidas Seasonals Animal Full Zip Kids-Girls Sportswear Hoody Wonder Sage,KB6986,,MikeSport Lebanon,77.0,,False,,in_stock,USD,Wonder Sage/Aurora Onix,hoody,girls,"[""7-8 Years"", ""9-10 Years"", ""11-12 Years"", ""13-14 Years""]",https://lb.mikesport.com/products/adidas-seasonals-animal-full-zip-kids-girls-sportswear-hoody-wonder-sage,2026-04-05T14:21:14Z,True,Regular price $ 77,in stock,
mikesport_lb,Adidas Seasonals Animal Kids-Girls Sportswear Pant Wonder Sage,KB6975,,MikeSport Lebanon,67.0,,False,,in_stock,USD,Wonder Sage/Aurora Onix,pant,girls,"[""7-8 Years"", ""9-10 Years"", ""11-12 Years"", ""13-14 Years""]",https://lb.mikesport.com/products/adidas-seasonals-animal-kids-girls-sportswear-pant-wonder-sage,2026-04-05T14:21:16Z,True,Regular price $ 67,in stock,
mikesport_lb,Adidas Future Icons Kids-Girls Sportswear 7/8 Tight Black/Grey,KB6912,,MikeSport Lebanon,61.0,,False,,in_stock,USD,Black/Grey,7/8_tight,girls,"[""11-12 Years""]",https://lb.mikesport.com/products/adidas-future-icons-kids-girls-sportswear-7-8-tight-black-grey,2026-04-05T14:21:18Z,True,Regular price $ 61,in stock,
mikesport_lb,Adidas Future Icons 3 Stripes Kids-Girls Sportswear T-Shirt White/Grey,KB6896,,MikeSport Lebanon,42.0,,False,,in_stock,USD,White/Grey,t-shirt,girls,"[""7-8 Years"", ""9-10 Years"", ""11-12 Years"", ""13-14 Years""]",https://lb.mikesport.com/products/adidas-future-icons-3-stripes-kids-girls-sportswear-t-shirt-white-grey,2026-04-05T14:21:20Z,True,Regular price $ 42,in stock,
mikesport_lb,Adidas Future Icons Oversized Kids-Boys Sportswear T-Shirt White/Black,KB6855,,MikeSport Lebanon,45.0,,False,,in_stock,USD,White/Black,t-shirt,boys,"[""7-8 Years"", ""9-10 Years"", ""11-12 Years"", ""13-14 Years""]",https://lb.mikesport.com/products/adidas-future-icons-oversized-kids-boys-sportswear-t-shirt-white-black,2026-04-05T14:21:23Z,True,Regular price $ 45,in stock,
mikesport_lb,Adidas Future Icons Oversized Kids-Boys Sportswear T-Shirt Black,KB6854,,MikeSport Lebanon,45.0,,False,,in_stock,USD,Black,t-shirt,boys,"[""7-8 Years"", ""9-10 Years"", ""11-12 Years"", ""13-14 Years""]",https://lb.mikesport.com/products/adidas-future-icons-oversized-kids-boys-sportswear-t-shirt-black,2026-04-05T14:21:25Z,True,Regular price $ 45,in stock,
mikesport_lb,Adidas Soft Lux Men Sportswear Short Black,KB5684,,MikeSport Lebanon,76.0,,False,,in_stock,USD,Black,short,men,"[""L"", ""M"", ""S"", ""XL""]",https://lb.mikesport.com/products/adidas-soft-lux-men-sportswear-short-black,2026-04-05T14:21:26Z,True,Regular price $ 76,in stock,
mikesport_lb,Adidas Stadium 3 Stripes Women Sportswear Pant Crystal Linen,KB4950,,MikeSport Lebanon,105.0,,False,,in_stock,USD,Crystal Linen/Pure Ruby/Off White,pant,women,"[""L"", ""M"", ""S""]",https://lb.mikesport.com/products/adidas-stadium-3-stripes-women-sportswear-pant-crystal-linen,2026-04-05T14:21:28Z,True,Regular price $ 105,in stock,
mikesport_lb,Adidas Stadium Women Sportswear Track Top Crystal Linen,KB4946,,MikeSport Lebanon,115.0,,False,,in_stock,USD,Crystal Linen/Off White,track_top,women,"[""L"", ""M""]",https://lb.mikesport.com/products/adidas-stadium-women-sportswear-track-top-crystal-linen,2026-04-05T14:21:30Z,True,Regular price $ 115,in stock,
mikesport_lb,Adidas Doddle Stand Up Men Sportswear T-Shirt Dark Blue,KB4902,,MikeSport Lebanon,61.0,,False,,in_stock,USD,Dark Blue,t-shirt,men,"[""L"", ""M"", ""S"", ""XL""]",https://lb.mikesport.com/products/adidas-doddle-stand-up-men-sportswear-t-shirt-dark-blue,2026-04-05T14:21:33Z,True,Regular price $ 61,in stock,
mikesport_lb,Adidas Doddle Men Sportswear T-Shirt Off White,KB4899,,MikeSport Lebanon,67.0,,False,,in_stock,USD,Off White,t-shirt,men,"[""L"", ""M"", ""S""]",https://lb.mikesport.com/products/adidas-doddle-men-sportswear-t-shirt-off-white,2026-04-05T14:21:35Z,True,Regular price $ 67,in stock,
mikesport_lb,Adidas Climacool 3D Men Training Short Black,KB3135,,MikeSport Lebanon,80.0,,False,,in_stock,USD,Black,short,men,"[""L"", ""M"", ""S"", ""XL""]",https://lb.mikesport.com/products/adidas-climacool-3d-men-training-short-black,2026-04-05T14:21:37Z,True,Regular price $ 80,in stock,
mikesport_lb,Adidas Mountain Outdoor Biking Graphic Men Sportswear T-Shirt Black,KB2536,,MikeSport Lebanon,38.0,,False,,in_stock,USD,Black,t-shirt,men,"[""2XL"", ""L"", ""M"", ""S"", ""XL""]",https://lb.mikesport.com/products/adidas-mountain-outdoor-biking-graphic-men-sportswear-t-shirt-black,2026-04-05T14:21:39Z,True,Regular price $ 38,in stock,
mikesport_lb,Adidas Tiro Shinguard League Men Football Protection Black/Red/White,KB0298,,MikeSport Lebanon,45.0,,False,,in_stock,USD,Black / Lucid Red / White / Silver Metallic,protection,men,"[""L"", ""M"", ""S""]",https://lb.mikesport.com/products/adidas-tiro-shinguard-league-men-football-protection-black-red-white,2026-04-05T14:21:42Z,True,Regular price $ 45,in stock,
mikesport_lb,Adidas Disney Minnie Mouse Little-Girls Training Cap Active Purple,KA9888,,MikeSport Lebanon,38.0,,False,,in_stock,USD,Active Purple / Semi Ice Tangerine / White,cap,girls,[],https://lb.mikesport.com/products/adidas-disney-minnie-mouse-little-girls-training-cap-active-purple,2026-04-05T14:21:44Z,True,Regular price $ 38,in stock,
mikesport_lb,Adidas Disney Mickey Mouse Little-Boys Training Cap Dark Blue,KA9885,,MikeSport Lebanon,38.0,,False,,in_stock,USD,Dark Blue / Semi Ice Tangerine,cap,boys,[],https://lb.mikesport.com/products/adidas-disney-mickey-mouse-little-boys-training-cap-dark-blue,2026-04-05T14:21:46Z,True,Regular price $ 38,in stock,
mikesport_lb,Adidas Marvel Spider-Man Kids-Boys Training Backpack Dark Blue,KA9884,,MikeSport Lebanon,44.0,,False,,in_stock,USD,Dark Blue / Pure Ruby / Off White,bags_cases_and_luggage,boys,[],https://lb.mikesport.com/products/adidas-marvel-spider-man-kids-boys-training-backpack-dark-blue,2026-04-05T14:21:48Z,True,Regular price $ 44,in stock,
mikesport_lb,Adidas Tiro Shinguard Club Men Football Protection Black,KA7826,,MikeSport Lebanon,19.0,,False,,in_stock,USD,Black / White / Lucid Red,protection,men,"[""L"", ""M"", ""S""]",https://lb.mikesport.com/products/adidas-tiro-shinguard-club-men-football-protection-black,2026-04-05T14:21:50Z,True,Regular price $ 19,in stock,
mikesport_lb,Adidas Predator Goalkeeper Match Fingersave Gs-Boys Football Gloves White/Red/Black,KA7790,,MikeSport Lebanon,67.0,,False,,in_stock,USD,White / Lucid Red / Black,gloves,boys,"[""4"", ""5"", ""6"", ""7""]",https://lb.mikesport.com/products/adidas-predator-goalkeeper-match-fingersave-gs-boys-football-gloves-white-red-black,2026-04-05T14:21:52Z,True,Regular price $ 67,in stock,
mikesport_lb,Adidas Predator Goalkeeper Men Football Gloves Black/Lucid Red,KA7787,,MikeSport Lebanon,54.0,,False,,in_stock,USD,Black/Lucid Red,gloves,unisex,"[""10"", ""7"", ""8"", ""9""]",https://lb.mikesport.com/products/adidas-predator-goalkeeper-men-football-gloves-black-lucid-red,2026-04-05T14:21:54Z,True,Regular price $ 54,in stock,
mikesport_lb,Adidas Predator Goalkeeper Match Fingersave Men Football Gloves White/Red/Black,KA7784,,MikeSport Lebanon,96.0,,False,,in_stock,USD,White / Lucid Red / Black,gloves,men,"[""10"", ""7"", ""7-"", ""8"", ""9""]",https://lb.mikesport.com/products/adidas-predator-goalkeeper-match-fingersave-men-football-gloves-white-red-black,2026-04-05T14:21:56Z,True,Regular price $ 96,in stock,
mikesport_lb,Adidas All Me Essentials Medium Support Women Training Bra Wonder Sage,KA7259,,MikeSport Lebanon,61.0,,False,,in_stock,USD,Wonder Sage,bra,women,"[""L"", ""M"", ""S""]",https://lb.mikesport.com/products/adidas-all-me-essentials-medium-support-women-training-bra-wonder-sage,2026-04-05T14:21:58Z,True,Regular price $ 61,in stock,
mikesport_lb,Adidas D4T Knit Men Training Pant Black,KA7250,,MikeSport Lebanon,127.0,,False,,in_stock,USD,Black,pant,men,"[""L"", ""M"", ""S"", ""XL""]",https://lb.mikesport.com/products/adidas-d4t-knit-men-training-pant-black,2026-04-05T14:22:01Z,True,Regular price $ 127,in stock,
mikesport_lb,Adidas All Szn Soft Lux Flared Women Sportswear Pant Off White,KA6999,,MikeSport Lebanon,105.0,,False,,in_stock,USD,Off White,pant,women,"[""L"", ""M"", ""S"", ""XS""]",https://lb.mikesport.com/products/adidas-all-szn-soft-lux-flared-women-sportswear-pant-off-white,2026-04-05T14:22:03Z,True,Regular price $ 105,in stock,
mikesport_lb,Adidas Essentials Back To Campus Unisex Training Backpack Black/White,KA6767,,MikeSport Lebanon,54.0,,False,,in_stock,USD,Black/White,bags_cases_and_luggage,unisex,[],https://lb.mikesport.com/products/adidas-essentials-back-to-campus-unisex-training-backpack-black-white,2026-04-05T14:22:05Z,True,Regular price $ 54,in stock,
mikesport_lb,Adidas Adi365 Formotion 2 In 1 Women Running Short Black,KA6229,,MikeSport Lebanon,80.0,,False,,in_stock,USD,Black,short,women,"[""L"", ""M"", ""S"", ""XS""]",https://lb.mikesport.com/products/adidas-adi365-formotion-2-in-1-women-running-short-black,2026-04-05T14:22:07Z,True,Regular price $ 80,in stock,
mikesport_lb,Adidas Messi Club Unisex Football Ball Multicolor,KA5267,,MikeSport Lebanon,38.0,,False,,in_stock,USD,White / Flash Aqua / Halo Mint / Lucid Pink,ball,unisex,"[""5""]",https://lb.mikesport.com/products/adidas-messi-club-unisex-football-ball-multicolor,2026-04-05T14:22:09Z,True,Regular price $ 38,in stock,
mikesport_lb,Adidas Essentials 5 Inch Men Swim Swim Short Wonder Sage/White,KA4924,,MikeSport Lebanon,44.0,,False,,in_stock,USD,Wonder Sage/White,swim_short,men,"[""L"", ""M"", ""S"", ""XL""]",https://lb.mikesport.com/products/adidas-essentials-5-inch-men-swim-swim-short-wonder-sage-white,2026-04-05T14:22:11Z,True,Regular price $ 44,in stock,
mikesport_lb,Adidas Must Haves Shoulder Women Training Bag Carbon,JZ2143,,MikeSport Lebanon,54.0,,False,,in_stock,USD,Carbon,bags_cases_and_luggage,women,[],https://lb.mikesport.com/products/adidas-must-haves-shoulder-women-training-bag-carbon,2026-04-05T14:22:13Z,True,Regular price $ 54,in stock,
mikesport_lb,Adidas Must Haves Women Training Backpack Carbon,JZ2139,,MikeSport Lebanon,80.0,,False,,in_stock,USD,Carbon,bags_cases_and_luggage,women,[],https://lb.mikesport.com/products/adidas-must-haves-women-training-backpack-carbon,2026-04-05T14:22:15Z,True,Regular price $ 80,in stock,
mikesport_lb,Adidas Must Haves Phone Seasonal Unisex Training Bag Black,JZ2133,,MikeSport Lebanon,25.0,,False,,in_stock,USD,Black,bags_cases_and_luggage,unisex,[],https://lb.mikesport.com/products/adidas-must-haves-phone-seasonal-unisex-training-bag-black,2026-04-05T14:22:17Z,True,Regular price $ 25,in stock,
mikesport_lb,Adidas Thin&Light Sportswear No Show 3 Pair Pack Unisex Training Sock White/Black,JZ0534,,MikeSport Lebanon,18.0,,False,,in_stock,USD,White/Black,sock,unisex,"[""L"", ""M"", ""S"", ""XL"", ""XS""]",https://lb.mikesport.com/products/adidas-thin-light-sportswear-no-show-3-pair-pack-unisex-training-sock-white-black,2026-04-05T14:22:19Z,True,Regular price $ 18,in stock,
mikesport_lb,Adidas Essentials Low 3 Pack Unisex Training Sock White/Black,JZ0533,,MikeSport Lebanon,18.0,,False,,in_stock,USD,White/Black,sock,unisex,"[""2XL"", ""L"", ""M"", ""S"", ""XL"", ""XS""]",https://lb.mikesport.com/products/adidas-essentials-low-3-pack-unisex-training-sock-white-black,2026-04-05T14:22:21Z,True,Regular price $ 18,in stock,
mikesport_lb,Adidas Cushioned Crew 3 Pair Unisex Training Sock White/Black,JZ0530,,MikeSport Lebanon,19.0,,False,,in_stock,USD,White/Black,sock,unisex,"[""2XL"", ""L"", ""M"", ""S"", ""XL"", ""XS""]",https://lb.mikesport.com/products/adidas-cushioned-crew-3-pair-unisex-training-sock-white-black,2026-04-05T14:22:23Z,True,Regular price $ 19,in stock,
mikesport_lb,Adidas Thin&Light Ankle 3 Pair Unisex Training Sock White/Black,JZ0528,,MikeSport Lebanon,18.0,,False,,in_stock,USD,White/Black,sock,unisex,"[""2XL"", ""L"", ""M"", ""S"", ""XL"", ""XS""]",https://lb.mikesport.com/products/adidas-thin-light-ankle-3-pair-unisex-training-sock-white-black,2026-04-05T14:22:25Z,True,Regular price $ 18,in stock,
mikesport_lb,Adidas Seasonal Essentials Leopard Print Biker 3 Stripes Women Sportswear Short Multicolor,JZ0201,,MikeSport Lebanon,54.0,,False,,in_stock,USD,Multicolor,short,women,"[""M"", ""S"", ""XS""]",https://lb.mikesport.com/products/adidas-seasonal-essentials-leopard-print-biker-3-stripes-women-sportswear-short-multicolor,2026-04-05T14:22:28Z,True,Regular price $ 54,in stock,
mikesport_lb,Adidas Essentials 5 Inch Men Swim Swim Short Green/Pure Ruby,JY9789,,MikeSport Lebanon,61.0,,False,,in_stock,USD,Green/Pure Ruby,swim_short,men,"[""L"", ""M"", ""S"", ""XL""]",https://lb.mikesport.com/products/adidas-essentials-5-inch-men-swim-swim-short-green-pure-ruby,2026-04-05T14:22:29Z,True,Regular price $ 61,in stock,
mikesport_lb,Adidas Prime Women Training Tote Bag Black/Carbon,JY7708,,MikeSport Lebanon,57.0,,False,,in_stock,USD,Black/Carbon,bags_cases_and_luggage,women,[],https://lb.mikesport.com/products/adidas-prime-women-training-tote-bag-black-carbon,2026-04-05T14:22:31Z,True,Regular price $ 57,in stock,
mikesport_lb,Adidas Stadium Mesh Women Sportswear T-Shirt Black/Crystal Linen,JY6971,,MikeSport Lebanon,67.0,,False,,in_stock,USD,Black/Crystal Linen/Off White,t-shirt,women,"[""M"", ""S""]",https://lb.mikesport.com/products/adidas-stadium-mesh-women-sportswear-t-shirt-black-crystal-linen,2026-04-05T14:22:33Z,True,Regular price $ 67,in stock,
mikesport_lb,Adidas Uefa Champions League Unisex Football Ball Purple/White/Yellow,JX9095,,MikeSport Lebanon,60.0,,False,,in_stock,USD,Purple/White/Yellow,ball,unisex,"[""5""]",https://lb.mikesport.com/products/adidas-uefa-champions-league-unisex-football-ball-purple-white-yellow,2026-04-05T14:22:35Z,True,Regular price $ 60,in stock,
mikesport_lb,Adidas Uefa Champions League Pro Unisex Football Ball Purple/White/Yellow,JX9077,,MikeSport Lebanon,242.0,,False,,in_stock,USD,Purple/White/Yellow,ball,unisex,"[""5""]",https://lb.mikesport.com/products/adidas-uefa-champions-league-pro-unisex-football-ball-purple-white-yellow,2026-04-05T14:22:38Z,True,Regular price $ 242,in stock,
mikesport_lb,Adidas Classic 3 Bar Logo Women Training Backpack Beige/White,JX8860,,MikeSport Lebanon,38.0,,False,,in_stock,USD,Beige/White,bags_cases_and_luggage,women,[],https://lb.mikesport.com/products/adidas-classic-3-bar-logo-women-training-backpack-beige-white,2026-04-05T14:22:40Z,True,Regular price $ 38,in stock,
mikesport_lb,Adidas Glow Women Training Backpack Black/White,JX4031,,MikeSport Lebanon,54.0,,False,,in_stock,USD,Black/White,bags_cases_and_luggage,women,[],https://lb.mikesport.com/products/adidas-glow-women-training-backpack-black-white,2026-04-05T14:22:42Z,True,Regular price $ 54,in stock,
mikesport_lb,Adidas Essentials 5 Inch Men Swim Swim Short Black/White,JX2673,,MikeSport Lebanon,44.0,,False,,in_stock,USD,Black,swim_short,men,"[""2XL"", ""L"", ""M"", ""S"", ""XL""]",https://lb.mikesport.com/products/adidas-essentials-5-inch-men-swim-swim-short-black-white,2026-04-05T14:22:44Z,True,Regular price $ 44,in stock,
mikesport_lb,Adidas Adicolor Small Unisex Original Backpack Black/White,JX0217,,MikeSport Lebanon,42.0,,False,,in_stock,USD,Black/White,bags_cases_and_luggage,unisex,[],https://lb.mikesport.com/products/adidas-adicolor-small-unisex-original-backpack-black-white,2026-04-05T14:22:46Z,True,Regular price $ 42,in stock,
mikesport_lb,Adidas Adicolor Classic Men Original Backpack Night Indigo,JX0213,,MikeSport Lebanon,48.0,,False,,in_stock,USD,Night Indigo,bags_cases_and_luggage,men,[],https://lb.mikesport.com/products/adidas-adicolor-classic-men-original-backpack-night-indigo,2026-04-05T14:22:48Z,True,Regular price $ 48,in stock,
mikesport_lb,Adidas Everyday Icons Soft Unisex Original Cap Black,JW5429,,MikeSport Lebanon,38.0,,False,,in_stock,USD,Black,cap,unisex,[],https://lb.mikesport.com/products/adidas-everyday-icons-soft-unisex-original-cap-black,2026-04-05T14:22:50Z,True,Regular price $ 38,in stock,
mikesport_lb,Adidas Tiro Club Unisex Football Ball White/Black,JW1530,,MikeSport Lebanon,29.0,,False,,in_stock,USD,Granite/Off White,ball,unisex,"[""5""]",https://lb.mikesport.com/products/adidas-tiro-club-unisex-football-ball-white-black-1,2026-04-05T14:22:52Z,True,Regular price $ 29,in stock,
mikesport_lb,Adidas 3S Crew 3 Pack Unisex Original Sock Black,JV7402,,MikeSport Lebanon,21.0,,False,,in_stock,USD,Black,sock,unisex,"[""L"", ""M"", ""S"", ""XS""]",https://lb.mikesport.com/products/adidas-3s-crew-3-pack-unisex-original-sock-black,2026-04-05T14:22:54Z,True,Regular price $ 21,in stock,
mikesport_lb,Adidas 3S Crew 3 Pack Unisex Original Sock White,JV7401,,MikeSport Lebanon,21.0,,False,,in_stock,USD,White,sock,unisex,"[""L"", ""M"", ""S"", ""XS""]",https://lb.mikesport.com/products/adidas-3s-crew-3-pack-unisex-original-sock-white,2026-04-05T14:22:56Z,True,Regular price $ 21,in stock,
mikesport_lb,Adidas Duramo Rc2 Men Running Shoes Halo Silver,JS4430,,MikeSport Lebanon,76.0,,False,,in_stock,USD,Halo Silver / Silver Metallic / Grey Five,shoes,men,"[""44 2/3 EU"", ""45 1/3 EU"", ""46 EU"", ""46 2/3 EU"", ""40 2/3 EU"", ""41 1/3 EU"", ""42 EU"", ""42 2/3 EU"", ""43 1/3 EU"", ""44 EU""]",https://lb.mikesport.com/products/adidas-duramo-rc2-men-running-shoes-halo-silver,2026-04-05T14:22:59Z,True,Regular price $ 76,in stock,
mikesport_lb,Adidas Run 60S 4.0 Men Sportswear Shoes Carbon/Grey/Black,JS3333,,MikeSport Lebanon,96.0,,False,,in_stock,USD,Carbon/Grey/Black,shoes,men,"[""44 2/3 EU"", ""45 1/3 EU"", ""46 EU"", ""46 2/3 EU"", ""40 2/3 EU"", ""41 1/3 EU"", ""42 EU"", ""42 2/3 EU"", ""43 1/3 EU"", ""44 EU""]",https://lb.mikesport.com/products/adidas-run-60s-4-0-men-sportswear-shoes-carbon-grey-black,2026-04-05T14:23:01Z,True,Regular price $ 96,in stock,
mikesport_lb,Adidas X Disney Mickey Mouse Grand Court Infant-Boys Sportswear Shoes Dark Blue,JS2344,,MikeSport Lebanon,67.0,,False,,in_stock,USD,Dark Blue / Ice Tangerine / Pure Orange,shoes,boys,"[""22 EU"", ""21 EU"", ""23 EU"", ""25 EU"", ""24 EU"", ""26 EU"", ""27 EU""]",https://lb.mikesport.com/products/adidas-x-disney-mickey-mouse-grand-court-infant-boys-sportswear-shoes-dark-blue,2026-04-05T14:23:03Z,True,Regular price $ 67,in stock,
mikesport_lb,Adidas X Marvel Spiderman Grand Court Ps-Boys Sportswear Shoes Dark Blue/Maroon,JS2343,,MikeSport Lebanon,80.0,,False,,in_stock,USD,"s, with a Spider-Man design on the side and a 3D heel. Elastic laces and a strap make them easy to put on so kids can swing into action at a moment's notice. Highlights: Regular Fit Elastic lace closure with hook-and-loop straps @Marvel Composition: Synthetic Upper Rubber Outsole Color: Dark Blue/Active Maroon/Off White",shoes,boys,"[""33 EU"", ""28 EU"", ""30 EU"", ""29 EU"", ""31 EU"", ""32 EU"", ""34 EU"", ""35 EU""]",https://lb.mikesport.com/products/adidas-x-marvel-spiderman-grand-court-ps-boys-sportswear-shoes-dark-blue-maroon,2026-04-05T14:23:05Z,True,Regular price $ 80,in stock,
mikesport_lb,Adidas Own The Game 3 Kids Basketball Shoes Blue/Lemon/Black,JS2177,,MikeSport Lebanon,80.0,,False,,in_stock,USD,Lucid Blue/Lucid Lemon/Black,shoes,kids,"[""33 EU"", ""34 EU"", ""36 EU"", ""37 1/3 EU""]",https://lb.mikesport.com/products/adidas-own-the-game-3-kids-basketball-shoes-blue-lemon-black,2026-04-05T14:23:07Z,True,Regular price $ 80,in stock,
mikesport_lb,Adidas Predator League Men Football Shoes Red/Black/White,JS0422,,MikeSport Lebanon,159.0,,False,,in_stock,USD,Red/Black/White,shoes,men,"[""44 2/3 EU"", ""45 1/3 EU"", ""46 EU"", ""46 2/3 EU"", ""39 1/3 EU"", ""40 EU"", ""40 2/3 EU"", ""41 1/3 EU"", ""42 EU"", ""42 2/3 EU"", ""43 1/3 EU"", ""44 EU""]",https://lb.mikesport.com/products/adidas-predator-league-men-football-shoes-red-black-white,2026-04-05T14:23:10Z,True,Regular price $ 159,in stock,
mikesport_lb,Adidas Disney Minnie Mouse Grand Court Infant-Girls Sportswear Shoes White/Pink,JR8130,,MikeSport Lebanon,67.0,,False,,in_stock,USD,Cloud White / Clear Pink / Chalk White,shoes,girls,"[""22 EU"", ""21 EU"", ""23 EU"", ""25 EU"", ""24 EU"", ""26 EU"", ""27 EU""]",https://lb.mikesport.com/products/adidas-disney-minnie-mouse-grand-court-infant-girls-sportswear-shoes-white-pink,2026-04-05T14:23:12Z,True,Regular price $ 67,in stock,
mikesport_lb,Adidas Predator League Fg Men Football Shoes Black/White/Red,JR7881,,MikeSport Lebanon,137.0,,False,,in_stock,USD,Black/White/Red,shoes,men,"[""44 2/3 EU"", ""45 1/3 EU"", ""46 EU"", ""46 2/3 EU"", ""40 EU"", ""40 2/3 EU"", ""41 1/3 EU"", ""42 EU"", ""42 2/3 EU"", ""43 1/3 EU"", ""44 EU""]",https://lb.mikesport.com/products/adidas-predator-league-fg-men-football-shoes-black-white-red,2026-04-05T14:23:14Z,True,Regular price $ 137,in stock,
mikesport_lb,Adidas Taekwondo Mei Balle Women Original Ballerinas Black/White,JR7031,,MikeSport Lebanon,137.0,,False,,in_stock,USD,Black/White,ballerinas,women,"[""36 EU"", ""36 2/3 EU"", ""37 1/3 EU"", ""38 EU"", ""38 2/3 EU"", ""39 1/3 EU"", ""40 EU"", ""40 2/3 EU"", ""41 1/3 EU""]",https://lb.mikesport.com/products/adidas-taekwondo-mei-balle-women-original-ballerinas-black-white,2026-04-05T14:23:16Z,True,Regular price $ 137,in stock,
mikesport_lb,Adidas Dropset 4 Men Training Shoes Grey/Carbon,JR4674,,MikeSport Lebanon,210.0,,False,,in_stock,USD,Grey/Carbon,shoes,men,"[""43 1/3 EU""]",https://lb.mikesport.com/products/adidas-dropset-4-men-training-shoes-grey-carbon,2026-04-05T14:23:17Z,True,Regular price $ 210,in stock,
mikesport_lb,Adidas Dropset 4 Women Training Shoes Ice Purple/Fig/Blue,JR4668,,MikeSport Lebanon,210.0,,False,,in_stock,USD,Ice Purple/Preloved Fig/Ray Blue,shoes,women,"[""39 1/3 EU"", ""40 EU"", ""40 2/3 EU"", ""41 1/3 EU""]",https://lb.mikesport.com/products/adidas-dropset-4-women-training-shoes-ice-purple-fig-blue,2026-04-05T14:23:19Z,True,Regular price $ 210,in stock,
mikesport_lb,Adidas Anthony Edwards 2 Gs Basketball Shoes Pink/Black/Red,JR2253,,MikeSport Lebanon,159.0,,False,,in_stock,USD,Lucid Pink/Black/Lucid Red,shoes,kids,"[""36 2/3 EU"", ""38 EU"", ""38 2/3 EU"", ""39 1/3 EU"", ""40 EU""]",https://lb.mikesport.com/products/adidas-anthony-edwards-2-gs-basketball-shoes-pink-black-red,2026-04-05T14:23:21Z,True,Regular price $ 159,in stock,
mikesport_lb,Adidas Minecraft Fortarun 4 Ps-Girls Sportswear Shoes Ice Lavender/Aqua,JR1950,,MikeSport Lebanon,80.0,,False,,in_stock,USD,Ice Lavender/Semi Flash Aqua,shoes,girls,"[""33 EU"", ""28 EU"", ""30 EU"", ""29 EU"", ""31 EU"", ""32 EU"", ""34 EU"", ""35 EU""]",https://lb.mikesport.com/products/adidas-minecraft-fortarun-4-ps-girls-sportswear-shoes-ice-lavender-aqua,2026-04-05T14:23:23Z,True,Regular price $ 80,in stock,
mikesport_lb,Adidas Anthony Edwards 2 Men Basketball Shoes Silver Metallic/Ruby,JQ9497,,MikeSport Lebanon,191.0,,False,,in_stock,USD,Silver Metallic/Pure Ruby/Black,shoes,men,"[""44 2/3 EU"", ""45 1/3 EU"", ""46 EU"", ""46 2/3 EU"", ""47 1/3 EU"", ""40 EU"", ""40 2/3 EU"", ""41 1/3 EU"", ""42 EU"", ""42 2/3 EU"", ""43 1/3 EU"", ""44 EU""]",https://lb.mikesport.com/products/adidas-anthony-edwards-2-men-basketball-shoes-silver-metallic-ruby,2026-04-05T14:23:25Z,True,Regular price $ 191,in stock,
mikesport_lb,Adidas Anthony Edwards 2 Men Basketball Shoes Eqt Green/Black/Vani,JQ9495,,MikeSport Lebanon,191.0,,False,,in_stock,USD,Eqt Green/Black/Warm Vanilla,shoes,men,"[""44 2/3 EU"", ""45 1/3 EU"", ""46 EU"", ""46 2/3 EU"", ""47 1/3 EU"", ""48 2/3 EU"", ""40 EU"", ""40 2/3 EU"", ""41 1/3 EU"", ""42 EU"", ""42 2/3 EU"", ""43 1/3 EU"", ""44 EU""]",https://lb.mikesport.com/products/adidas-anthony-edwards-2-men-basketball-shoes-eqt-green-black-vani,2026-04-05T14:23:27Z,True,Regular price $ 191,in stock,
mikesport_lb,Adidas Initiation Men Basketball Shoes Lucid Lime/Black,JQ6861,,MikeSport Lebanon,128.0,,False,,in_stock,USD,Lucid Lime/Black,shoes,men,"[""44 2/3 EU"", ""45 1/3 EU"", ""46 EU"", ""46 2/3 EU"", ""47 1/3 EU"", ""40 2/3 EU"", ""41 1/3 EU"", ""42 EU"", ""42 2/3 EU"", ""43 1/3 EU"", ""44 EU""]",https://lb.mikesport.com/products/adidas-initiation-men-basketball-shoes-lucid-lime-black,2026-04-05T14:23:29Z,True,Regular price $ 128,in stock,
mikesport_lb,Adidas Run 60S 4.0 Men Sportswear Shoes Silver Pebble/Black,JQ6098,,MikeSport Lebanon,96.0,,False,,in_stock,USD,Silver Pebble/Black/Olive,shoes,men,"[""44 2/3 EU"", ""45 1/3 EU"", ""46 EU"", ""46 2/3 EU"", ""40 2/3 EU"", ""41 1/3 EU"", ""42 EU"", ""42 2/3 EU"", ""43 1/3 EU"", ""44 EU""]",https://lb.mikesport.com/products/adidas-run-60s-4-0-men-sportswear-shoes-silver-pebble-black,2026-04-05T14:23:31Z,True,Regular price $ 96,in stock,
mikesport_lb,Adidas Tensaur Sport 3.0 Infant-Boys Sportswear Shoes White/Collegiate Royal,JQ4178,,MikeSport Lebanon,54.0,,False,,in_stock,USD,Cloud White / Collegiate Royal,shoes,boys,"[""22 EU"", ""21 EU"", ""23 EU"", ""25 EU"", ""24 EU"", ""26 EU"", ""27 EU""]",https://lb.mikesport.com/products/adidas-tensaur-sport-3-0-infant-boys-sportswear-shoes-white-collegiate-royal,2026-04-05T14:23:33Z,True,Regular price $ 54,in stock,
mikesport_lb,Adidas Lightorama Infant-Boys Sportswear Shoes Lucid Blue,JQ4161,,MikeSport Lebanon,76.0,,False,,in_stock,USD,Lucid Blue / Cloud White / Solar Slime,shoes,boys,"[""22 EU"", ""21 EU"", ""23 EU"", ""25 EU"", ""24 EU"", ""26 EU"", ""27 EU""]",https://lb.mikesport.com/products/adidas-lightorama-infant-boys-sportswear-shoes-lucid-blue,2026-04-05T14:23:35Z,True,Regular price $ 76,in stock,
mikesport_lb,Adidas Lightorama Runner Ps-Boys Sportswear Shoes Lucid Blue,JQ4158,,MikeSport Lebanon,89.0,,False,,in_stock,USD,Lucid Blue / Cloud White / Solar Slime,shoes,boys,"[""33 EU"", ""29 EU"", ""34 EU""]",https://lb.mikesport.com/products/adidas-lightorama-runner-ps-boys-sportswear-shoes-lucid-blue,2026-04-05T14:23:37Z,True,Regular price $ 89,in stock,
mikesport_lb,Adidas Rapidmove Men Training Shoes Black/White,JQ3950,,MikeSport Lebanon,115.0,,False,,in_stock,USD,Black/White,shoes,men,"[""44 2/3 EU"", ""45 1/3 EU"", ""46 EU"", ""40 2/3 EU"", ""41 1/3 EU"", ""42 EU"", ""42 2/3 EU"", ""43 1/3 EU"", ""44 EU""]",https://lb.mikesport.com/products/adidas-rapidmove-men-training-shoes-black-white,2026-04-05T14:23:39Z,True,Regular price $ 115,in stock,
mikesport_lb,Adidas Tensaur Sport 3.0 Infant-Girls Sportswear Shoes Cloud White,JQ1853,,MikeSport Lebanon,54.0,,False,,in_stock,USD,Cloud White / Bliss Pink / Grey Two,shoes,girls,"[""22 EU"", ""21 EU"", ""23 EU"", ""25 EU"", ""24 EU"", ""26 EU"", ""27 EU""]",https://lb.mikesport.com/products/adidas-tensaur-sport-3-0-infant-girls-sportswear-shoes-cloud-white,2026-04-05T14:23:41Z,True,Regular price $ 54,in stock,
mikesport_lb,Adidas Tensaur Sport 3.0 Cf Ps-Girls Sportswear Shoes Cloud White,JQ1844,,MikeSport Lebanon,57.0,,False,,in_stock,USD,Cloud White / Bliss Pink / Grey Two,shoes,girls,"[""33 EU"", ""28 EU"", ""30 EU"", ""29 EU"", ""31 EU"", ""32 EU"", ""34 EU"", ""35 EU""]",https://lb.mikesport.com/products/adidas-tensaur-sport-3-0-cf-ps-girls-sportswear-shoes-cloud-white,2026-04-05T14:23:43Z,True,Regular price $ 57,in stock,
mikesport_lb,Adidas Dropset Control Men Training Shoes Aurora Onix,JQ1444,,MikeSport Lebanon,135.0,,False,,in_stock,USD,Aurora Onix / Grey / Lucid Orange,shoes,men,"[""44 2/3 EU"", ""45 1/3 EU"", ""46 EU"", ""41 1/3 EU"", ""42 EU"", ""42 2/3 EU"", ""43 1/3 EU"", ""44 EU""]",https://lb.mikesport.com/products/adidas-dropset-control-men-training-shoes-aurora-onix,2026-04-05T14:23:45Z,True,Regular price $ 135,in stock,
mikesport_lb,Adidas Runfalcon 5 Infant-Girls Sportswear Shoes Pink,JP9407,,MikeSport Lebanon,57.0,,False,,in_stock,USD,Clear Pink/Bliss Pink,shoes,girls,"[""22 EU"", ""21 EU"", ""23 EU"", ""25 EU"", ""24 EU"", ""26 EU"", ""27 EU""]",https://lb.mikesport.com/products/adidas-runfalcon-5-infant-girls-sportswear-shoes-pink,2026-04-05T14:23:47Z,True,Regular price $ 57,in stock,
mikesport_lb,Adidas Runfalcon 5 Ps-Girls Sportswear Shoes Pink,JP9402,,MikeSport Lebanon,63.0,,False,,in_stock,USD,Clear Pink/Bliss Pink,shoes,girls,"[""33 EU"", ""28 EU"", ""29 EU"", ""31 EU"", ""32 EU"", ""34 EU"", ""35 EU""]",https://lb.mikesport.com/products/adidas-runfalcon-5-ps-girls-sportswear-shoes-pink,2026-04-05T14:23:49Z,True,Regular price $ 63,in stock,
mikesport_lb,Adidas Runfalcon 5 Ps-Boys Sportswear Shoes Black/Aquamarine,JP9399,,MikeSport Lebanon,64.0,,False,,in_stock,USD,Black/Lucid Aquamarine/Lucid Ray Blue,shoes,boys,"[""33 EU"", ""28 EU"", ""30 EU"", ""29 EU"", ""31 EU"", ""32 EU"", ""34 EU"", ""35 EU""]",https://lb.mikesport.com/products/adidas-runfalcon-5-ps-boys-sportswear-shoes-black-aquamarine,2026-04-05T14:23:51Z,True,Regular price $ 64,in stock,
mikesport_lb,Adidas Adizero Boston 13 Men Running Shoes Off White/Orange,JP9252,,MikeSport Lebanon,223.0,,False,,in_stock,USD,Off White/Lucid Orange/Grey,shoes,men,"[""42 2/3 EU"", ""43 1/3 EU"", ""44 EU""]",https://lb.mikesport.com/products/adidas-adizero-boston-13-men-running-shoes-off-white-orange,2026-04-05T14:23:53Z,True,Regular price $ 223,in stock,
mikesport_lb,Adidas Adistar 4 Men Running Shoes White/Indigo/Lime,JP6574,,MikeSport Lebanon,210.0,,False,,in_stock,USD,White/Tech Indigo/Lime Burst,shoes,men,"[""44 2/3 EU"", ""45 1/3 EU"", ""46 EU"", ""46 2/3 EU"", ""41 1/3 EU"", ""42 EU"", ""42 2/3 EU"", ""44 EU""]",https://lb.mikesport.com/products/adidas-adistar-4-men-running-shoes-white-indigo-lime,2026-04-05T14:23:55Z,True,Regular price $ 210,in stock,
mikesport_lb,Adidas Barreda Women Sportswear Shoes Core White/Aluminium,JP5957,,MikeSport Lebanon,105.0,,False,,in_stock,USD,White/Aluminium,shoes,women,"[""36 2/3 EU"", ""37 1/3 EU"", ""38 EU"", ""38 2/3 EU"", ""39 1/3 EU"", ""40 EU"", ""40 2/3 EU"", ""41 1/3 EU""]",https://lb.mikesport.com/products/adidas-barreda-women-sportswear-shoes-core-white-aluminium,2026-04-05T14:23:57Z,True,Regular price $ 105,in stock,
mikesport_lb,Adidas Club Women Tennis Polo Short Sleeve White,JP1801,,MikeSport Lebanon,61.0,,False,,in_stock,USD,White,polo_short_sleeve,women,"[""L"", ""M"", ""S"", ""XS""]",https://lb.mikesport.com/products/adidas-club-women-tennis-polo-short-sleeve-white-1,2026-04-05T14:23:59Z,True,Regular price $ 61,in stock,
mikesport_lb,Adidas New Logo Baseball Unisex Training Cap Dark Blue/White,JP0393,,MikeSport Lebanon,28.0,,False,,in_stock,USD,Dark Blue/White,cap,unisex,[],https://lb.mikesport.com/products/adidas-new-logo-baseball-unisex-training-cap-dark-blue-white,2026-04-05T14:24:01Z,True,Regular price $ 28,in stock,
mikesport_lb,Adidas New Logo Baseball Unisex Training Cap White/Black,JP0392,,MikeSport Lebanon,29.0,,False,,in_stock,USD,White/Black,cap,unisex,[],https://lb.mikesport.com/products/adidas-new-logo-baseball-unisex-training-cap-white-black,2026-04-05T14:24:03Z,True,Regular price $ 29,in stock,
mikesport_lb,Adidas Superstar Ii Comfort Closure Ps Original Shoes White/Core Black,JI3988,,MikeSport Lebanon,105.0,,False,,in_stock,USD,Cloud White / Core Black,shoes,kids,"[""30 EU"", ""29 EU"", ""31 EU"", ""32 EU""]",https://lb.mikesport.com/products/adidas-superstar-ii-comfort-closure-ps-original-shoes-white-core-black,2026-04-05T14:24:05Z,True,Regular price $ 105,in stock,
mikesport_lb,Adidas Lightblaze Women Sportswear Shoes Crystal White/Grey,JH6958,,MikeSport Lebanon,159.0,,False,,in_stock,USD,Crystal White/Grey,shoes,women,"[""36 2/3 EU"", ""37 1/3 EU"", ""38 EU"", ""38 2/3 EU"", ""39 1/3 EU"", ""40 EU"", ""40 2/3 EU"", ""41 1/3 EU""]",https://lb.mikesport.com/products/adidas-lightblaze-women-sportswear-shoes-crystal-white-grey,2026-04-05T14:24:07Z,True,Regular price $ 159,in stock,
mikesport_lb,Adidas New Logo Baseball Unisex Training Cap Black/White,JG0998,,MikeSport Lebanon,28.0,,False,,in_stock,USD,Black/White,cap,unisex,[],https://lb.mikesport.com/products/adidas-new-logo-baseball-unisex-training-cap-black-white,2026-04-05T14:24:10Z,True,Regular price $ 28,in stock,
mikesport_lb,Adidas Club Men Tennis T-Shirt Black,JF8502,,MikeSport Lebanon,54.0,,False,,in_stock,USD,Black,t-shirt,men,"[""L"", ""M"", ""S""]",https://lb.mikesport.com/products/adidas-club-men-tennis-t-shirt-black,2026-04-05T14:24:12Z,True,Regular price $ 54,in stock,
mikesport_lb,Adidas Z N E Women Sportswear Short Black,JD9569,,MikeSport Lebanon,80.0,,False,,in_stock,USD,Black,short,women,"[""L"", ""M"", ""S"", ""XS""]",https://lb.mikesport.com/products/adidas-z-n-e-women-sportswear-short-black,2026-04-05T14:24:14Z,True,Regular price $ 80,in stock,
mikesport_lb,Adidas Performance Climacool Cushioned Unisex Training Sock White/Black,JD9569,,MikeSport Lebanon,19.0,,False,,in_stock,USD,White/Black,sock,unisex,"[""2XL"", ""L"", ""M"", ""S"", ""XL"", ""XS""]",https://lb.mikesport.com/products/adidas-performance-climacool-cushioned-unisex-training-sock-white-black,2026-04-05T14:24:15Z,True,Regular price $ 19,in stock,
mikesport_lb,Adidas Essentials Baby-Boys Sportswear Set Glow Blue/White,JC9641,,MikeSport Lebanon,44.0,,False,,in_stock,USD,Glow Blue/White,set,boys,"[""3-4 Years"", ""12-18 Months"", ""2 Years"", ""2-3 Years""]",https://lb.mikesport.com/products/adidas-essentials-baby-boys-sportswear-set-glow-blue-white,2026-04-05T14:24:18Z,True,Regular price $ 44,in stock,
mikesport_lb,Adidas Essentials Baby-Girls Sportswear Set Clear Pink/White,JC9639,,MikeSport Lebanon,44.0,,False,,in_stock,USD,Clear Pink/White,set,girls,"[""3-4 Years"", ""12-18 Months"", ""2 Years"", ""2-3 Years""]",https://lb.mikesport.com/products/adidas-essentials-baby-girls-sportswear-set-clear-pink-white,2026-04-05T14:24:20Z,True,Regular price $ 44,in stock,
mikesport_lb,Adidas Train Essentials Boxy Workout Women Training T-Shirt Black,JC9555,,MikeSport Lebanon,45.0,,False,,in_stock,USD,Black,t-shirt,women,"[""L"", ""M"", ""S"", ""XS""]",https://lb.mikesport.com/products/adidas-train-essentials-boxy-workout-women-training-t-shirt-black,2026-04-05T14:24:22Z,True,Regular price $ 45,in stock,
mikesport_lb,Adidas Club Pleat Kids-Girls Tennis Skort White,JC6727,,MikeSport Lebanon,61.0,,False,,in_stock,USD,White,skort,girls,"[""9-10 Years"", ""11-12 Years"", ""13-14 Years""]",https://lb.mikesport.com/products/adidas-club-pleat-kids-girls-tennis-skort-white,2026-04-05T14:24:24Z,True,Regular price $ 61,in stock,
mikesport_lb,Adidas Performance Climacool Cushioned Unisex Training Sock Black/White/Grey,JC6413,,MikeSport Lebanon,19.0,,False,,in_stock,USD,Black/White/Grey,sock,unisex,"[""L"", ""M"", ""S"", ""XL"", ""XS""]",https://lb.mikesport.com/products/adidas-performance-climacool-cushioned-unisex-training-sock-black-white-grey,2026-04-05T14:24:26Z,True,Regular price $ 19,in stock,
mikesport_lb,Adidas Baseball Unisex Original Cap Black,JC6023,,MikeSport Lebanon,29.0,,False,,in_stock,USD,"baseball cap has it all. The cotton twill build gives it a soft, durable feel that only gets better the more you wear it. The classic Trefoil on the front adds a sporty finish. Highlights: D-Ring Closure Pre-Curved Brim Composition: 100% Cotton Color: Black",cap,unisex,[],https://lb.mikesport.com/products/adidas-baseball-unisex-original-cap-black-1,2026-04-05T14:24:28Z,True,Regular price $ 29,in stock,
mikesport_lb,Adidas Handball Spezial Men Original Shoes Clay/Beige/Gum,IH9761,,MikeSport Lebanon,159.0,,False,,in_stock,USD,Clay/Beige/Gum,shoes,men,"[""46 EU"", ""41 1/3 EU"", ""42 EU"", ""43 1/3 EU"", ""44 EU""]",https://lb.mikesport.com/products/adidas-handball-spezial-men-original-shoes-clay-beige-gum,2026-04-05T14:24:30Z,True,Regular price $ 159,in stock,
mikesport_lb,Adidas Samba Og Women Original Shoes Black/Off White/Gum,IH9015,,MikeSport Lebanon,179.0,,False,,in_stock,USD,Black/Off White/Gum,shoes,women,"[""38 EU""]",https://lb.mikesport.com/products/adidas-samba-og-women-original-shoes-black-off-white-gum,2026-04-05T14:24:33Z,True,Regular price $ 179,in stock,
mikesport_lb,Adidas Tokyo Women Original Shoes Purple/Off White,IH6610,,MikeSport Lebanon,159.0,,False,,in_stock,USD,Purple/Off White,shoes,women,"[""38 EU"", ""39 1/3 EU""]",https://lb.mikesport.com/products/adidas-tokyo-women-original-shoes-purple-off-white,2026-04-05T14:24:35Z,True,Regular price $ 159,in stock,
mikesport_lb,Adidas Tokyo Women Original Shoes Metalic/Black,IH6609,,MikeSport Lebanon,159.0,,False,,in_stock,USD,Metalic/Black/Off White,shoes,women,"[""38 EU"", ""39 1/3 EU""]",https://lb.mikesport.com/products/adidas-tokyo-women-original-shoes-metalic-black,2026-04-05T14:24:37Z,True,Regular price $ 159,in stock,
mikesport_lb,Adidas Superstar Led Light Ps-Boys Original Shoes Core Black/Red,IH6388,,MikeSport Lebanon,128.0,,False,,in_stock,USD,Core Black/Red,shoes,boys,"[""28 EU"", ""30 EU"", ""29 EU"", ""31 EU"", ""32 EU"", ""34 EU"", ""35 EU""]",https://lb.mikesport.com/products/adidas-superstar-led-light-ps-boys-original-shoes-core-black-red,2026-04-05T14:24:39Z,True,Regular price $ 128,in stock,
mikesport_lb,Adidas Superstar Ii Women Original Shoes Carbon/Off White,IH1628,,MikeSport Lebanon,179.0,,False,,in_stock,USD,Carbon/Off White/Silver,shoes,women,"[""36 EU"", ""36 2/3 EU"", ""37 1/3 EU"", ""38 EU"", ""38 2/3 EU"", ""39 1/3 EU"", ""40 EU""]",https://lb.mikesport.com/products/adidas-superstar-ii-women-original-shoes-carbon-off-white,2026-04-05T14:24:41Z,True,Regular price $ 179,in stock,
mikesport_lb,Adidas Barreda Decode Women Sportswear Shoes Clear Sky/Orange,IH1437,,MikeSport Lebanon,128.0,,False,,in_stock,USD,Clear Sky/Orange Tint,shoes,women,"[""36 2/3 EU"", ""37 1/3 EU"", ""38 EU"", ""38 2/3 EU"", ""39 1/3 EU"", ""40 EU"", ""41 1/3 EU""]",https://lb.mikesport.com/products/adidas-barreda-decode-women-sportswear-shoes-clear-sky-orange,2026-04-05T14:24:43Z,True,Regular price $ 128,in stock,
mikesport_lb,Adidas Breaknet Sleek Women Sportswear Shoes White/Sand Strata,IH1363,,MikeSport Lebanon,79.0,,False,,in_stock,USD,Off White / Sand Strata / Warm Vanilla,shoes,women,"[""36 2/3 EU"", ""37 1/3 EU"", ""38 EU"", ""38 2/3 EU"", ""39 1/3 EU"", ""40 EU"", ""40 2/3 EU"", ""41 1/3 EU""]",https://lb.mikesport.com/products/adidas-breaknet-sleek-women-sportswear-shoes-white-sand-strata,2026-04-05T14:24:45Z,True,Regular price $ 79,in stock,
mikesport_lb,Adidas Advantage Base 2.0 Women Sportswear Shoes Cloud White,IG9194,,MikeSport Lebanon,95.0,,False,,in_stock,USD,Cloud White / Silver Metallic,shoes,women,"[""36 EU"", ""36 2/3 EU"", ""37 1/3 EU"", ""38 EU"", ""38 2/3 EU"", ""39 1/3 EU"", ""40 EU"", ""40 2/3 EU"", ""41 1/3 EU""]",https://lb.mikesport.com/products/adidas-advantage-base-2-0-women-sportswear-shoes-cloud-white,2026-04-05T14:24:47Z,True,Regular price $ 95,in stock,
mikesport_lb,Adidas Advantage Base 2.0 Women Sportswear Shoes Core Black,IG9193,,MikeSport Lebanon,95.0,,False,,in_stock,USD,Core Black / Clear Pink,shoes,women,"[""36 2/3 EU"", ""37 1/3 EU"", ""38 2/3 EU"", ""41 1/3 EU""]",https://lb.mikesport.com/products/adidas-advantage-base-2-0-women-sportswear-shoes-core-black,2026-04-05T14:24:49Z,True,Regular price $ 95,in stock,
mikesport_lb,Adidas Ultimashow 2.0 Women Sportswear Shoes Core Black,IE8904,,MikeSport Lebanon,89.0,,False,,in_stock,USD,Core Black / Champagne Met,shoes,women,"[""36 2/3 EU"", ""37 1/3 EU"", ""38 EU"", ""38 2/3 EU"", ""39 1/3 EU"", ""40 EU"", ""40 2/3 EU"", ""41 1/3 EU""]",https://lb.mikesport.com/products/adidas-ultimashow-2-0-women-sportswear-shoes-core-black,2026-04-05T14:24:51Z,True,Regular price $ 89,in stock,
mikesport_lb,Adidas Runfalcon 5 Gs Running Shoes Cloud White/Black,IE8593,,MikeSport Lebanon,73.0,,False,,in_stock,USD,Cloud White/Black,shoes,kids,"[""35 1/2 EU"", ""36 EU"", ""36 2/3 EU"", ""37 1/3 EU"", ""38 EU"", ""38 2/3 EU"", ""39 1/3 EU"", ""40 EU""]",https://lb.mikesport.com/products/adidas-runfalcon-5-gs-running-shoes-cloud-white-black,2026-04-05T14:24:53Z,True,Regular price $ 73,in stock,
mikesport_lb,Adidas Lightorama Infant-Girls Sportswear Shoes Grey One/Lucid Pink,HQ9257,,MikeSport Lebanon,76.0,,False,,in_stock,USD,Grey One / Lucid Pink / Lucid Aquamarine,shoes,girls,"[""22 EU"", ""21 EU"", ""23 EU"", ""25 EU"", ""24 EU"", ""26 EU"", ""27 EU""]",https://lb.mikesport.com/products/adidas-lightorama-infant-girls-sportswear-shoes-grey-one-lucid-pink,2026-04-05T14:24:55Z,True,Regular price $ 76,in stock,
mikesport_lb,Adidas Lightorama Ps-Girls Sportswear Shoes Grey One/Lucid Pink,HQ9253,,MikeSport Lebanon,89.0,,False,,in_stock,USD,Grey One / Lucid Pink / Lucid Aquamarine,shoes,girls,"[""28 EU"", ""29 EU"", ""32 EU"", ""34 EU""]",https://lb.mikesport.com/products/adidas-lightorama-ps-girls-sportswear-shoes-grey-one-lucid-pink,2026-04-05T14:24:58Z,True,Regular price $ 89,in stock,
mikesport_lb,Adidas Cloudfoam Flex Women Sportswear Shoes Off White/Beige,HQ4967,,MikeSport Lebanon,76.0,,False,,in_stock,USD,Off White/Beige/Silver,shoes,women,"[""36 EU"", ""36 2/3 EU"", ""37 1/3 EU"", ""38 EU"", ""38 2/3 EU"", ""39 1/3 EU"", ""40 EU"", ""40 2/3 EU"", ""41 1/3 EU""]",https://lb.mikesport.com/products/adidas-cloudfoam-flex-women-sportswear-shoes-off-white-beige,2026-04-05T14:25:00Z,True,Regular price $ 76,in stock,
mikesport_lb,Adidas Cloudfoam Flex Men Sportswear Shoes Core Black/Grey Six,HQ4855,,MikeSport Lebanon,76.0,,False,,in_stock,USD,Core black/Grey six,shoes,men,"[""44 2/3 EU"", ""45 1/3 EU"", ""46 EU"", ""46 2/3 EU"", ""40 2/3 EU"", ""41 1/3 EU"", ""42 EU"", ""42 2/3 EU"", ""43 1/3 EU"", ""44 EU""]",https://lb.mikesport.com/products/adidas-cloudfoam-flex-men-sportswear-shoes-core-black-grey-six,2026-04-05T14:25:02Z,True,Regular price $ 76,in stock,
mikesport_lb,Adidas Cloudfoam Flex Laces Men Sportswear Shoes Shadow Navy,HQ4853,,MikeSport Lebanon,76.0,,False,,in_stock,USD,Shadow Navy / Core Black / Cloud White,shoes,men,"[""44 2/3 EU"", ""45 1/3 EU"", ""46 EU"", ""41 1/3 EU"", ""42 EU"", ""42 2/3 EU"", ""43 1/3 EU"", ""44 EU""]",https://lb.mikesport.com/products/adidas-cloudfoam-flex-laces-men-sportswear-shoes-shadow-navy,2026-04-05T14:25:04Z,True,Regular price $ 76,in stock,
mikesport_lb,Adidas Lightshift 2.0 Women Sportswear Shoes Black/Iron Metallic,HP6971,,MikeSport Lebanon,114.0,,False,,in_stock,USD,Carbon / Core Black / Iron Metallic,shoes,women,"[""36 2/3 EU"", ""37 1/3 EU"", ""38 EU"", ""38 2/3 EU"", ""39 1/3 EU"", ""40 EU"", ""40 2/3 EU"", ""41 1/3 EU""]",https://lb.mikesport.com/products/adidas-lightshift-2-0-women-sportswear-shoes-black-iron-metallic,2026-04-05T14:25:06Z,True,Regular price $ 114,in stock,
mikesport_lb,Adidas Lightshift 2.0 Men Sportswear Shoes Grey Two,HP6971,,MikeSport Lebanon,115.0,,False,,in_stock,USD,Grey Two / Off White / Iron Metallic,shoes,men,"[""44 2/3 EU"", ""45 1/3 EU"", ""46 EU"", ""46 2/3 EU"", ""40 2/3 EU"", ""41 1/3 EU"", ""42 EU"", ""42 2/3 EU"", ""43 1/3 EU"", ""44 EU""]",https://lb.mikesport.com/products/adidas-lightshift-2-0-men-sportswear-shoes-grey-two,2026-04-05T14:25:07Z,True,Regular price $ 115,in stock,
mikesport_lb,Adidas Lightshift 2.0 Men Sportswear Shoes Carbon,HP6968,,MikeSport Lebanon,114.0,,False,,in_stock,USD,Carbon,shoes,men,"[""44 2/3 EU"", ""45 1/3 EU"", ""46 EU"", ""46 2/3 EU"", ""40 2/3 EU"", ""41 1/3 EU"", ""42 EU"", ""42 2/3 EU"", ""43 1/3 EU"", ""44 EU""]",https://lb.mikesport.com/products/adidas-lightshift-2-0-men-sportswear-shoes-carbon,2026-04-05T14:25:09Z,True,Regular price $ 114,in stock,
mikesport_lb,Adidas Metal Screw 0.6 L Unisex Training Bottle Black,KC6412,,MikeSport Lebanon,38.0,,False,,in_stock,USD,Black,bottle,unisex,[],https://lb.mikesport.com/products/adidas-metal-screw-0-6-l-unisex-training-bottle-black,2026-04-05T14:25:11Z,True,Regular price $ 38,in stock,
mikesport_lb,Adidas Metal Straw 0.6 L Unisex Training Bottle Black,KC6409,,MikeSport Lebanon,38.0,,False,,in_stock,USD,Black,bottle,unisex,[],https://lb.mikesport.com/products/adidas-metal-straw-0-6-l-unisex-training-bottle-black,2026-04-05T14:25:14Z,True,Regular price $ 38,in stock,
mikesport_lb,Adidas Runfalcon 5 Women Running Shoes White/Purple/Blue,JR3089,,MikeSport Lebanon,89.0,,False,,in_stock,USD,White/Purple Burst/Semi Blue Burst,shoes,women,"[""36 2/3 EU"", ""37 1/3 EU"", ""38 EU"", ""38 2/3 EU"", ""39 1/3 EU"", ""40 EU"", ""40 2/3 EU"", ""41 1/3 EU""]",https://lb.mikesport.com/products/adidas-runfalcon-5-women-running-shoes-white-purple-blue,2026-04-05T14:25:15Z,True,Regular price $ 89,in stock,
mikesport_lb,Adidas Tokyo Women Original Shoes Off White,JI0182,,MikeSport Lebanon,159.0,,False,,in_stock,USD,Off White / Core Black / Gold Metallic,shoes,women,"[""36 2/3 EU"", ""37 1/3 EU"", ""38 EU"", ""38 2/3 EU"", ""39 1/3 EU"", ""40 EU"", ""40 2/3 EU"", ""41 1/3 EU""]",https://lb.mikesport.com/products/adidas-tokyo-women-original-shoes-off-white,2026-04-05T14:25:17Z,True,Regular price $ 159,in stock,
mikesport_lb,Adidas Essentials Loose Fit 3 Stripes Men Sportswear T-Shirt Black/White,JF3615,,MikeSport Lebanon,44.0,,False,,in_stock,USD,Black / White,t-shirt,men,"[""L"", ""M"", ""S"", ""XL""]",https://lb.mikesport.com/products/adidas-essentials-loose-fit-3-stripes-men-sportswear-t-shirt-black-white,2026-04-05T14:25:19Z,True,Regular price $ 44,in stock,
mikesport_lb,Adidas Club Men Tennis Polo Short Sleeve White,JD8636,,MikeSport Lebanon,61.0,,False,,in_stock,USD,White,polo_short_sleeve,men,"[""2XL"", ""L"", ""M"", ""S"", ""XL""]",https://lb.mikesport.com/products/adidas-club-men-tennis-polo-short-sleeve-white-1,2026-04-05T14:25:21Z,True,Regular price $ 61,in stock,
mikesport_lb,Adidas Essentials Loose Fit 3 Stripes Men Sportswear T-Shirt White/Black,JC9296,,MikeSport Lebanon,44.0,,False,,in_stock,USD,White / Black,t-shirt,men,"[""L"", ""M"", ""S"", ""XL""]",https://lb.mikesport.com/products/adidas-essentials-loose-fit-3-stripes-men-sportswear-t-shirt-white-black,2026-04-05T14:25:23Z,True,Regular price $ 44,in stock,
mikesport_lb,Adidas Gl Pouch Black/White,,,MikeSport Lebanon,29.0,,False,,in_stock,USD,White,bags_cases_and_luggage,women,[],https://lb.mikesport.com/products/adidas-gl-pouch-black-white,2026-04-05T15:48:51Z,False,Regular price $ 29,in stock,
mikesport_lb,Adidas Marvel Spiderman Cap Pure Ruby,JM1830,,MikeSport Lebanon,38.0,,False,,in_stock,USD,Pure Ruby,cap,boys,[],https://lb.mikesport.com/products/adidas-marvel-spiderman-cap-pure-ruby,2026-04-05T14:25:28Z,True,Regular price $ 38,in stock,
mikesport_lb,Adidas Essentials Kids-Girls Sportswear T-Shirt White/Black,JJ1066,,MikeSport Lebanon,25.0,,False,,in_stock,USD,White/Black,t-shirt,girls,"[""7-8 Years"", ""9-10 Years"", ""11-12 Years"", ""13-14 Years""]",https://lb.mikesport.com/products/adidas-essentials-kids-girls-sportswear-t-shirt-white-black,2026-04-05T14:25:30Z,True,Regular price $ 25,in stock,
mikesport_lb,Adidas Essentials Big Logo French Terry Kids-Boys Sportswear Pant Black/White,JD2090,,MikeSport Lebanon,54.0,,False,,in_stock,USD,Black/White,pant,boys,"[""7-8 Years"", ""9-10 Years"", ""11-12 Years"", ""13-14 Years""]",https://lb.mikesport.com/products/adidas-essentials-big-logo-french-terry-kids-boys-sportswear-pant-black-white,2026-04-05T14:25:32Z,True,Regular price $ 54,in stock,
mikesport_lb,Adidas Adicolor Satin Wide Leg Women Original Pant Black,IU2520,,MikeSport Lebanon,128.0,,False,,in_stock,USD,Black,pant,women,"[""28"", ""30"", ""32""]",https://lb.mikesport.com/products/adidas-adicolor-satin-wide-leg-women-original-pant-black,2026-04-05T14:25:34Z,True,Regular price $ 128,in stock,
mikesport_lb,Adidas Z N E Men Sportswear Hoody Medium Grey Heather,JF2450,,MikeSport Lebanon,159.0,,False,,in_stock,USD,Medium Grey Heather,hoody,men,"[""L"", ""M"", ""S"", ""XL""]",https://lb.mikesport.com/products/adidas-z-n-e-men-sportswear-hoody-medium-grey-heather,2026-04-05T14:25:35Z,True,Regular price $ 159,in stock,
mikesport_lb,Adidas Vl Court 3.0 Men Sportswear Shoes Core Black,ID9184,,MikeSport Lebanon,105.0,,False,,in_stock,USD,Core Black,shoes,men,"[""44 2/3 EU"", ""45 1/3 EU"", ""46 EU"", ""46 2/3 EU"", ""40 2/3 EU"", ""41 1/3 EU"", ""42 EU"", ""42 2/3 EU"", ""43 1/3 EU"", ""44 EU""]",https://lb.mikesport.com/products/adidas-vl-court-3-0-men-sportswear-shoes-core-black,2026-04-05T14:25:37Z,True,Regular price $ 105,in stock,
mikesport_lb,Adidas Essentials Kids-Unisex Sportswear Short Black/White,JE1391,,MikeSport Lebanon,38.0,,False,,in_stock,USD,Black/White,short,unisex,"[""7-8 Years"", ""9-10 Years"", ""11-12 Years"", ""13-14 Years""]",https://lb.mikesport.com/products/adidas-essentials-kids-unisex-sportswear-short-black-white,2026-04-05T14:25:39Z,True,Regular price $ 38,in stock,
mikesport_lb,Adidas Essentials Kids-Girls Sportswear Tight Black/White,JC9632,,MikeSport Lebanon,38.0,,False,,in_stock,USD,Black/White,tight,girls,"[""7-8 Years"", ""9-10 Years"", ""11-12 Years"", ""13-14 Years""]",https://lb.mikesport.com/products/adidas-essentials-kids-girls-sportswear-tight-black-white,2026-04-05T14:25:41Z,True,Regular price $ 38,in stock,
mikesport_lb,Adidas Essentials Kids-Girls Sportswear T-Shirt Clear Pink/White,JC9623,,MikeSport Lebanon,29.0,,False,,in_stock,USD,Clear Pink/White,t-shirt,girls,"[""7-8 Years"", ""9-10 Years"", ""11-12 Years"", ""13-14 Years""]",https://lb.mikesport.com/products/adidas-essentials-kids-girls-sportswear-t-shirt-clear-pink-white,2026-04-05T14:25:43Z,True,Regular price $ 29,in stock,
mikesport_lb,Adidas Run It Tko Men Running Pant Black,IL7187,,MikeSport Lebanon,128.0,,False,,in_stock,USD,Black,pant,men,"[""L"", ""M"", ""S"", ""XL""]",https://lb.mikesport.com/products/adidas-run-it-tko-men-running-pant-black,2026-04-05T14:25:45Z,True,Regular price $ 128,in stock,
mikesport_lb,Adidas Unisex Tennis Head Band,HT3908,,MikeSport Lebanon,18.0,,False,,in_stock,USD,White/Black,band,unisex,[],https://lb.mikesport.com/products/adidas-unisex-tennis-head-band,2026-04-05T14:25:47Z,True,Regular price $ 18,in stock,
mikesport_lb,Adidas F50 Messi League Tf Kids Football Shoes Cloud White/Pink,JQ0944,,MikeSport Lebanon,117.0,,False,,in_stock,USD,Cloud White/Lucid Pink,shoes,kids,"[""33 EU"", ""28 EU"", ""30 EU"", ""29 EU"", ""31 EU"", ""32 EU"", ""35 EU"", ""35 1/2 EU"", ""36 EU"", ""36 2/3 EU"", ""37 1/3 EU"", ""38 EU"", ""38 2/3 EU""]",https://lb.mikesport.com/products/adidas-f50-messi-league-tf-kids-football-shoes-cloud-white-pink,2026-04-05T14:25:49Z,True,Regular price $ 117,in stock,
mikesport_lb,Adidas D4T Primelift 3 Stripes Men Training T-Shirt Charcoal,KE9936,,MikeSport Lebanon,77.0,,False,,in_stock,USD,Charcoal,t-shirt,men,"[""L"", ""M"", ""S"", ""XL""]",https://lb.mikesport.com/products/adidas-d4t-primelift-3-stripes-men-training-t-shirt-charcoal,2026-04-05T14:25:51Z,True,Regular price $ 77,in stock,
mikesport_lb,Adidas D4T Essentials Men Training T-Shirt White,KE9934,,MikeSport Lebanon,54.0,,False,,in_stock,USD,White,t-shirt,men,"[""L"", ""M"", ""S"", ""XL""]",https://lb.mikesport.com/products/adidas-d4t-essentials-men-training-t-shirt-white,2026-04-05T14:25:53Z,True,Regular price $ 54,in stock,
mikesport_lb,Adidas D4T Essentials Men Training T-Shirt Black,KE9932,,MikeSport Lebanon,54.0,,False,,in_stock,USD,Black,t-shirt,men,"[""2XL"", ""L"", ""M"", ""S"", ""XL""]",https://lb.mikesport.com/products/adidas-d4t-essentials-men-training-t-shirt-black,2026-04-05T14:25:55Z,True,Regular price $ 54,in stock,
mikesport_lb,Adidas Lightweight Baseball Unisex Training Cap Wonder Sage,KE8255,,MikeSport Lebanon,26.0,,False,,in_stock,USD,Wonder Sage,cap,unisex,[],https://lb.mikesport.com/products/adidas-lightweight-baseball-unisex-training-cap-wonder-sage,2026-04-05T14:25:57Z,True,Regular price $ 26,in stock,
mikesport_lb,Adidas Argentina 26 Baseball Unisex Football Cap Black/White,KE5950,,MikeSport Lebanon,42.0,,False,,in_stock,USD,Black / White,cap,unisex,[],https://lb.mikesport.com/products/adidas-argentina-26-baseball-unisex-football-cap-black-white,2026-04-05T14:25:59Z,True,Regular price $ 42,in stock,
mikesport_lb,Adidas Apwr Viii Men Training Bags Cases And Luggage Backpack One Compartment,KE3782,,MikeSport Lebanon,61.0,,False,,in_stock,USD,Dark Blue / Pure Orange,bags_cases_and_luggage,men,[],https://lb.mikesport.com/products/adidas-apwr-viii-men-training-bags-cases-and-luggage-backpack-one-compartment-1,2026-04-05T14:26:01Z,True,Regular price $ 61,in stock,
mikesport_lb,Adidas Apwr Viii Men Training Bags Cases And Luggage Backpack One Compartment,KE3779,,MikeSport Lebanon,61.0,,False,,in_stock,USD,Beige/Grey Six,bags_cases_and_luggage,men,[],https://lb.mikesport.com/products/adidas-apwr-viii-men-training-bags-cases-and-luggage-backpack-one-compartment,2026-04-05T14:26:03Z,True,Regular price $ 61,in stock,
mikesport_lb,Adidas Italy Unisex Football Cap Bold Blue,KD7703,,MikeSport Lebanon,42.0,,False,,in_stock,USD,Bold Blue / Hazy Beige,cap,unisex,[],https://lb.mikesport.com/products/adidas-italy-unisex-football-cap-bold-blue,2026-04-05T14:26:05Z,True,Regular price $ 42,in stock,
mikesport_lb,Adidas Spain 26 Unisex Football Cap Dark Blue/Yellow,KD3198,,MikeSport Lebanon,42.0,,False,,in_stock,USD,Dark Blue / Crew Yellow,cap,unisex,[],https://lb.mikesport.com/products/adidas-spain-26-unisex-football-cap-dark-blue-yellow,2026-04-05T14:26:07Z,True,Regular price $ 42,in stock,
mikesport_lb,Adidas Workout Essentials Base Woven Men Training Short Dusky Petrol,KD2962,,MikeSport Lebanon,45.0,,False,,in_stock,USD,Dusky Petrol,short,men,"[""L"", ""M"", ""S"", ""XL""]",https://lb.mikesport.com/products/adidas-workout-essentials-base-woven-men-training-short-dusky-petrol,2026-04-05T14:26:09Z,True,Regular price $ 45,in stock,
mikesport_lb,"Adidas Perf 0,75L Unisex Training Bottle Ray Blue/Black",KD2787,,MikeSport Lebanon,13.0,,False,,in_stock,USD,Ray Blue/Black,bottle,unisex,[],https://lb.mikesport.com/products/adidas-perf-0-75l-unisex-training-bottle-ray-blue-black,2026-04-05T14:26:11Z,True,Regular price $ 13,in stock,
mikesport_lb,"Adidas Perf 0,75L Unisex Training Bottle Pure Orange/Black",KD2774,,MikeSport Lebanon,13.0,,False,,in_stock,USD,Pure Orange/Black,bottle,unisex,[],https://lb.mikesport.com/products/adidas-perf-0-75l-unisex-training-bottle-pure-orange-black,2026-04-05T14:26:13Z,True,Regular price $ 13,in stock,
mikesport_lb,"Adidas Perf 0,75L Unisex Training Bottle Black/White",KD2773,,MikeSport Lebanon,13.0,,False,,in_stock,USD,Black/White,bottle,unisex,[],https://lb.mikesport.com/products/adidas-perf-0-75l-unisex-training-bottle-black-white,2026-04-05T14:26:15Z,True,Regular price $ 13,in stock,
mikesport_lb,"Adidas Perf 0,75L Unisex Training Bottle White/Black",KD2772,,MikeSport Lebanon,13.0,,False,,in_stock,USD,White/Black,bottle,unisex,[],https://lb.mikesport.com/products/adidas-perf-0-75l-unisex-training-bottle-white-black,2026-04-05T14:26:17Z,True,Regular price $ 13,in stock,
mikesport_lb,Adidas Defender Small Graphic Sports Women Training Bags Cases And Luggage Duffel Bag,KD2190,,MikeSport Lebanon,58.0,,False,,in_stock,USD,Black / Preloved Fig,bags_cases_and_luggage,women,[],https://lb.mikesport.com/products/adidas-defender-small-graphic-sports-women-training-bags-cases-and-luggage-duffel-bag-1,2026-04-05T14:26:19Z,True,Regular price $ 58,in stock,
mikesport_lb,Adidas Defender Small Graphic Sports Women Training Bags Cases And Luggage Duffel Bag,KD2189,,MikeSport Lebanon,64.0,,False,,in_stock,USD,Preloved Fig / Black,bags_cases_and_luggage,women,[],https://lb.mikesport.com/products/adidas-defender-small-graphic-sports-women-training-bags-cases-and-luggage-duffel-bag,2026-04-05T14:26:21Z,True,Regular price $ 64,in stock,
mikesport_lb,Adidas Power Workout Men Training Hoody Charcoal,KD0379,,MikeSport Lebanon,80.0,,False,,in_stock,USD,Charcoal,hoody,men,"[""L"", ""M"", ""S"", ""XL""]",https://lb.mikesport.com/products/adidas-power-workout-men-training-hoody-charcoal,2026-04-05T14:26:23Z,True,Regular price $ 80,in stock,
mikesport_lb,Adidas Adi365 Essentials Men Running T-Shirt Medium Grey Heather,KB5961,,MikeSport Lebanon,38.0,,False,,in_stock,USD,Medium Grey Heather,t-shirt,men,"[""L"", ""M"", ""S"", ""XL""]",https://lb.mikesport.com/products/adidas-adi365-essentials-men-running-t-shirt-medium-grey-heather,2026-04-05T14:26:25Z,True,Regular price $ 38,in stock,
mikesport_lb,Adidas Predator Goalkeeper Gs-Boys Football Gloves Lucid Red,KA7792,,MikeSport Lebanon,42.0,,False,,in_stock,USD,Lucid Red / Zero Metalic / Black,gloves,boys,"[""4"", ""5"", ""6""]",https://lb.mikesport.com/products/adidas-predator-goalkeeper-gs-boys-football-gloves-lucid-red,2026-04-05T14:26:28Z,True,Regular price $ 42,in stock,
mikesport_lb,Adidas D4T Workout Men Training Short Legend Ink,KA7270,,MikeSport Lebanon,67.0,,False,,in_stock,USD,Legend Ink,short,men,"[""L"", ""M"", ""S"", ""XL""]",https://lb.mikesport.com/products/adidas-d4t-workout-men-training-short-legend-ink,2026-04-05T14:26:30Z,True,Regular price $ 67,in stock,
mikesport_lb,Adidas Performance Men Training T-Shirt Black,KA5510,,MikeSport Lebanon,45.0,,False,,in_stock,USD,Black,t-shirt,men,"[""2XL"", ""L"", ""M"", ""S"", ""XL""]",https://lb.mikesport.com/products/adidas-performance-men-training-t-shirt-black,2026-04-05T14:26:32Z,True,Regular price $ 45,in stock,
mikesport_lb,Adidas Workout Essentials V-Neck Women Training T-Shirt Black,KA2474,,MikeSport Lebanon,38.0,,False,,in_stock,USD,Black,t-shirt,women,"[""L"", ""M"", ""S"", ""XS""]",https://lb.mikesport.com/products/adidas-workout-essentials-v-neck-women-training-t-shirt-black,2026-04-05T14:26:34Z,True,Regular price $ 38,in stock,
mikesport_lb,Adidas Power Workout Men Training Hoody Black,KA1201,,MikeSport Lebanon,80.0,,False,,in_stock,USD,Black,hoody,men,"[""L""]",https://lb.mikesport.com/products/adidas-power-workout-men-training-hoody-black,2026-04-05T14:26:36Z,True,Regular price $ 80,in stock,
mikesport_lb,Adidas Adi365 Essentials Women Running Jacket White,KA0253,,MikeSport Lebanon,96.0,,False,,in_stock,USD,White,jacket,women,"[""M""]",https://lb.mikesport.com/products/adidas-adi365-essentials-women-running-jacket-white,2026-04-05T14:26:38Z,True,Regular price $ 96,in stock,
mikesport_lb,Adidas Run Essentials Full Length Women Running Tight Black,KA0138,,MikeSport Lebanon,77.0,,False,,in_stock,USD,Black,tight,women,"[""L"", ""M"", ""S"", ""XS""]",https://lb.mikesport.com/products/adidas-run-essentials-full-length-women-running-tight-black,2026-04-05T14:26:40Z,True,Regular price $ 77,in stock,
mikesport_lb,Adidas Defender Xs Unisex Training Bags Cases And Luggage Duffel Bag,JZ0609,,MikeSport Lebanon,45.0,,False,,in_stock,USD,Black / White,bags_cases_and_luggage,unisex,[],https://lb.mikesport.com/products/adidas-defender-xs-unisex-training-bags-cases-and-luggage-duffel-bag,2026-04-05T14:26:42Z,True,Regular price $ 45,in stock,
mikesport_lb,Adidas Running Essential Climacool 6 Panel Baseball Unisex Training Cap White,JZ0507,,MikeSport Lebanon,38.0,,False,,in_stock,USD,White / Reflective Silver,cap,unisex,[],https://lb.mikesport.com/products/adidas-running-essential-climacool-6-panel-baseball-unisex-training-cap-white,2026-04-05T14:26:44Z,True,Regular price $ 38,in stock,
mikesport_lb,Adidas Running Essential Climacool 6 Panel Baseball Unisex Training Cap Black,JZ0506,,MikeSport Lebanon,38.0,,False,,in_stock,USD,Black / Reflective Silver,cap,unisex,[],https://lb.mikesport.com/products/adidas-running-essential-climacool-6-panel-baseball-unisex-training-cap-black,2026-04-05T14:26:46Z,True,Regular price $ 38,in stock,
mikesport_lb,Adidas Trionda Argentina Home Club Mini Unisex Football Ball White/Icey Blue,JY0306,,MikeSport Lebanon,22.0,,False,,in_stock,USD,White / Icey Blue / Light Blue,ball,unisex,"[""1""]",https://lb.mikesport.com/products/adidas-trionda-argentina-home-club-mini-unisex-football-ball-white-icey-blue,2026-04-05T14:26:48Z,True,Regular price $ 22,in stock,
mikesport_lb,Adidas Trionda Argentina Home Club Unisex Football Ball White/Icey Blue,JY0304,,MikeSport Lebanon,38.0,,False,,in_stock,USD,White / Icey Blue / Light Blue,ball,unisex,"[""5""]",https://lb.mikesport.com/products/adidas-trionda-argentina-home-club-unisex-football-ball-white-icey-blue,2026-04-05T14:26:50Z,True,Regular price $ 38,in stock,
mikesport_lb,Adidas Trionda Spain Home Mini Unisex Football Ball Vivid Red,JY0257,,MikeSport Lebanon,22.0,,False,,in_stock,USD,Vivid Red / Team Power Red 2 / Crew Yellow,ball,unisex,"[""1""]",https://lb.mikesport.com/products/adidas-trionda-spain-home-mini-unisex-football-ball-vivid-red,2026-04-05T14:26:52Z,True,Regular price $ 22,in stock,
mikesport_lb,Adidas Trionda Spain Home Club Unisex Football Ball Vivid Red,JY0256,,MikeSport Lebanon,38.0,,False,,in_stock,USD,Vivid Red / Team Power Red 2 / Crew Yellow,ball,unisex,"[""5""]",https://lb.mikesport.com/products/adidas-trionda-spain-home-club-unisex-football-ball-vivid-red,2026-04-05T14:26:54Z,True,Regular price $ 38,in stock,
mikesport_lb,Adidas Trionda Italy Home Mini Unisex Football Ball Hi-Res Blue,JY0249,,MikeSport Lebanon,22.0,,False,,in_stock,USD,Hi-Res Blue / Victory Blue / Hazy Beige,ball,unisex,"[""1""]",https://lb.mikesport.com/products/adidas-trionda-italy-home-mini-unisex-football-ball-hi-res-blue,2026-04-05T14:26:56Z,True,Regular price $ 22,in stock,
mikesport_lb,Adidas Trionda Italy Home Club Unisex Football Ball Hi-Res Blue,JY0248,,MikeSport Lebanon,38.0,,False,,in_stock,USD,Hi-Res Blue / Victory Blue / Hazy Beige,ball,unisex,"[""5""]",https://lb.mikesport.com/products/adidas-trionda-italy-home-club-unisex-football-ball-hi-res-blue,2026-04-05T14:26:58Z,True,Regular price $ 38,in stock,
mikesport_lb,Adidas Trionda Germany Home Mini Unisex Football Ball White/Red/Black,JY0245,,MikeSport Lebanon,22.0,,False,,in_stock,USD,White / Team Power Red 2 / Collegiate Gold / Black,ball,unisex,"[""1""]",https://lb.mikesport.com/products/adidas-trionda-germany-home-mini-unisex-football-ball-white-red-black,2026-04-05T14:27:00Z,True,Regular price $ 22,in stock,
mikesport_lb,Adidas Trionda Germany Home Club Unisex Football Ball White/Red/Black,JY0242,,MikeSport Lebanon,38.0,,False,,in_stock,USD,White / Team Power Red 2 / Collegiate Gold / Black,ball,unisex,"[""5""]",https://lb.mikesport.com/products/adidas-trionda-germany-home-club-unisex-football-ball-white-red-black,2026-04-05T14:27:03Z,True,Regular price $ 38,in stock,
mikesport_lb,Adidas Optime Workout Women Training 7/8 Tight Black,JV7924,,MikeSport Lebanon,89.0,,False,,in_stock,USD,Black,7/8_tight,women,"[""L"", ""M"", ""S"", ""XS""]",https://lb.mikesport.com/products/adidas-optime-workout-women-training-7-8-tight-black,2026-04-05T14:27:05Z,True,Regular price $ 89,in stock,
mikesport_lb,Adidas Argentina 26 Home Men Football Short Night Navy,JM1325,,MikeSport Lebanon,67.0,,False,,in_stock,USD,Night Navy / Icey Blue,short,men,"[""L"", ""M"", ""S"", ""XL""]",https://lb.mikesport.com/products/adidas-argentina-26-home-men-football-short-night-navy,2026-04-05T14:27:07Z,True,Regular price $ 67,in stock,
mikesport_lb,Adidas Z.N.E. Loose-Fit Men Sportswear T-Shirt Black,JJ1151,,MikeSport Lebanon,77.0,,False,,in_stock,USD,Black,t-shirt,men,"[""L"", ""M"", ""S"", ""XL""]",https://lb.mikesport.com/products/adidas-z-n-e-loose-fit-men-sportswear-t-shirt-black,2026-04-05T14:27:09Z,True,Regular price $ 77,in stock,
mikesport_lb,Adidas Train Essentials Boxy Workout Women Training Tank Black,JF1025,,MikeSport Lebanon,38.0,,False,,in_stock,USD,Black,tank,women,"[""L"", ""M"", ""S"", ""XS""]",https://lb.mikesport.com/products/adidas-train-essentials-boxy-workout-women-training-tank-black,2026-04-05T14:27:10Z,True,Regular price $ 38,in stock,
mikesport_lb,Adidas Train Essentials Boxy Workout Women Training T-Shirt White,JC9556,,MikeSport Lebanon,45.0,,False,,in_stock,USD,White,t-shirt,women,"[""L"", ""M"", ""S"", ""XS""]",https://lb.mikesport.com/products/adidas-train-essentials-boxy-workout-women-training-t-shirt-white,2026-04-05T14:27:12Z,True,Regular price $ 45,in stock,
mikesport_lb,Adidas Tiro Match Shin Guards Gs-Boys Football Protection Black/Gold Metallic,IP3996,,MikeSport Lebanon,26.0,,False,,in_stock,USD,Black / Gold Metallic / White,protection,boys,"[""M"", ""S""]",https://lb.mikesport.com/products/adidas-tiro-match-shin-guards-gs-boys-football-protection-black-gold-metallic,2026-04-05T14:27:14Z,True,Regular price $ 26,in stock,
mikesport_lb,Adidas Essentials Wide Leg 3 Bar Logo Men Sportswear Pant Black/White,JF3604,,MikeSport Lebanon,77.0,,False,,in_stock,USD,Black/White,pant,men,"[""L"", ""M"", ""S"", ""XL""]",https://lb.mikesport.com/products/adidas-essentials-wide-leg-3-bar-logo-men-sportswear-pant-black-white,2026-04-05T14:27:16Z,True,Regular price $ 77,in stock,
mikesport_lb,Adidas Z.N.E. Full-Zip Kids-Unisex Sportswear Hoody Black,JF2847,,MikeSport Lebanon,117.0,,False,,in_stock,USD,Black,hoody,unisex,"[""7-8 Years"", ""9-10 Years"", ""11-12 Years"", ""13-14 Years""]",https://lb.mikesport.com/products/adidas-z-n-e-full-zip-kids-unisex-sportswear-hoody-black,2026-04-05T14:27:18Z,True,Regular price $ 117,in stock,
mikesport_lb,Adidas Duramo Rc2 Women Running Shoes Core Black,JS4435,,MikeSport Lebanon,77.0,,False,,in_stock,USD,Core Black / Cloud White / Halo Silver,shoes,women,"[""36 2/3 EU"", ""37 1/3 EU"", ""38 EU"", ""38 2/3 EU"", ""39 1/3 EU"", ""40 EU"", ""40 2/3 EU"", ""41 1/3 EU""]",https://lb.mikesport.com/products/adidas-duramo-rc2-women-running-shoes-core-black,2026-04-05T14:27:21Z,True,Regular price $ 77,in stock,
mikesport_lb,Adidas Ownthegame 3.0 Men Basketball Shoes Core Black,JS2167,,MikeSport Lebanon,96.0,,False,,in_stock,USD,Core Black,shoes,men,"[""44 2/3 EU"", ""45 1/3 EU"", ""46 EU"", ""46 2/3 EU"", ""47 1/3 EU"", ""49 1/3 EU"", ""40 2/3 EU"", ""41 1/3 EU"", ""42 EU"", ""42 2/3 EU"", ""43 1/3 EU"", ""44 EU""]",https://lb.mikesport.com/products/adidas-ownthegame-3-0-men-basketball-shoes-core-black,2026-04-05T14:27:23Z,True,Regular price $ 96,in stock,
mikesport_lb,Adidas F50 League Turf Kids Football Shoes Team Solar Yellow,JR9018,,MikeSport Lebanon,105.0,,False,,in_stock,USD,Team Solar Yellow 2 / Core Black / Lucid Red,shoes,kids,"[""33 EU"", ""30 EU"", ""29 EU"", ""31 EU"", ""32 EU"", ""34 EU"", ""35 EU"", ""35 1/2 EU"", ""36 EU"", ""36 2/3 EU"", ""37 1/3 EU"", ""38 EU"", ""38 2/3 EU""]",https://lb.mikesport.com/products/adidas-f50-league-turf-kids-football-shoes-team-solar-yellow,2026-04-05T14:27:25Z,True,Regular price $ 105,in stock,
mikesport_lb,Adidas F50 League Fg/Mg Kids Football Shoes Team Solar Yellow,JR9014,,MikeSport Lebanon,105.0,,False,,in_stock,USD,Team Solar Yellow 2 / Core Black / Lucid Red,shoes,kids,"[""30 EU"", ""31 EU"", ""32 EU"", ""34 EU"", ""35 EU"", ""35 1/2 EU"", ""36 EU"", ""36 2/3 EU"", ""37 1/3 EU"", ""38 EU"", ""38 2/3 EU""]",https://lb.mikesport.com/products/adidas-f50-league-fg-mg-kids-football-shoes-team-solar-yellow,2026-04-05T14:27:27Z,True,Regular price $ 105,in stock,
mikesport_lb,Adidas F50 League Fg/Mg Men Football Shoes Team Solar Yellow,JR8995,,MikeSport Lebanon,135.0,,False,,in_stock,USD,Team Solar Yellow 2 / Core Black / Lucid Red,shoes,men,"[""44 2/3 EU"", ""45 1/3 EU"", ""46 EU"", ""46 2/3 EU"", ""40 EU"", ""40 2/3 EU"", ""41 1/3 EU"", ""42 EU"", ""42 2/3 EU"", ""43 1/3 EU"", ""44 EU""]",https://lb.mikesport.com/products/adidas-f50-league-fg-mg-men-football-shoes-team-solar-yellow,2026-04-05T14:27:29Z,True,Regular price $ 135,in stock,
mikesport_lb,Adidas F50 League Turf Men Football Shoes Team Solar Yellow,JR8978,,MikeSport Lebanon,135.0,,False,,in_stock,USD,Team Solar Yellow 2 / Core Black / Lucid Red,shoes,men,"[""44 2/3 EU"", ""45 1/3 EU"", ""46 EU"", ""46 2/3 EU"", ""47 1/3 EU"", ""39 1/3 EU"", ""40 EU"", ""40 2/3 EU"", ""41 1/3 EU"", ""42 EU"", ""42 2/3 EU"", ""43 1/3 EU"", ""44 EU""]",https://lb.mikesport.com/products/adidas-f50-league-turf-men-football-shoes-team-solar-yellow,2026-04-05T14:27:31Z,True,Regular price $ 135,in stock,
mikesport_lb,Adidas Predator League Turf Kids Football Shoes Lucid Red,JR7912,,MikeSport Lebanon,105.0,,False,,in_stock,USD,Lucid Red / Core Black / Cloud White,shoes,kids,"[""33 EU"", ""29 EU"", ""32 EU"", ""34 EU"", ""35 EU"", ""35 1/2 EU"", ""36 EU"", ""36 2/3 EU"", ""37 1/3 EU"", ""38 EU"", ""38 2/3 EU""]",https://lb.mikesport.com/products/adidas-predator-league-turf-kids-football-shoes-lucid-red,2026-04-05T14:27:33Z,True,Regular price $ 105,in stock,
mikesport_lb,Adidas Dropset 4 Men Training Shoes Core Black,JR4677,,MikeSport Lebanon,208.0,,False,,in_stock,USD,Core Black / Aurora Onix / Lucid Orange,shoes,men,"[""44 2/3 EU"", ""45 1/3 EU"", ""46 EU"", ""46 2/3 EU"", ""41 1/3 EU"", ""42 EU"", ""42 2/3 EU"", ""43 1/3 EU"", ""44 EU""]",https://lb.mikesport.com/products/adidas-dropset-4-men-training-shoes-core-black,2026-04-05T14:27:35Z,True,Regular price $ 208,in stock,
mikesport_lb,Adidas Duramo Rc2 Women Running Shoes Cloud White,JR3236,,MikeSport Lebanon,77.0,,False,,in_stock,USD,Cloud White / Grey Five / Halo Silver,shoes,women,"[""36 2/3 EU"", ""37 1/3 EU"", ""38 EU"", ""38 2/3 EU"", ""39 1/3 EU"", ""40 EU"", ""40 2/3 EU"", ""41 1/3 EU""]",https://lb.mikesport.com/products/adidas-duramo-rc2-women-running-shoes-cloud-white,2026-04-05T14:27:37Z,True,Regular price $ 77,in stock,
mikesport_lb,Adidas Supernova Ease 2 Women Running Shoes Core Black,JQ4244,,MikeSport Lebanon,159.0,,False,,in_stock,USD,Core Black / Grey Five / Carbon,shoes,women,"[""36 2/3 EU"", ""37 1/3 EU"", ""38 EU"", ""38 2/3 EU"", ""39 1/3 EU"", ""40 EU"", ""40 2/3 EU"", ""41 1/3 EU""]",https://lb.mikesport.com/products/adidas-supernova-ease-2-women-running-shoes-core-black,2026-04-05T14:27:39Z,True,Regular price $ 159,in stock,
mikesport_lb,Adidas Galaxy 7 Men Running Shoes Onix,JQ2623,,MikeSport Lebanon,80.0,,False,,in_stock,USD,Onix / Orbit Grey / Cloud White,shoes,men,"[""42 2/3 EU"", ""44 EU""]",https://lb.mikesport.com/products/adidas-galaxy-7-men-running-shoes-onix,2026-04-05T14:27:41Z,True,Regular price $ 80,in stock,
mikesport_lb,Adidas Dropset Control Women Training Shoes Core Black,JQ1448,,MikeSport Lebanon,135.0,,False,,in_stock,USD,Core Black / Iron Metallic / Silver Metallic,shoes,women,"[""36 2/3 EU"", ""37 1/3 EU"", ""38 EU"", ""38 2/3 EU"", ""39 1/3 EU"", ""40 EU"", ""40 2/3 EU"", ""41 1/3 EU""]",https://lb.mikesport.com/products/adidas-dropset-control-women-training-shoes-core-black,2026-04-05T14:27:43Z,True,Regular price $ 135,in stock,
mikesport_lb,Adidas Grand Court 00S Ps-Boys Sportswear Shoes Grey Two,JH6179,,MikeSport Lebanon,80.0,,False,,in_stock,USD,Grey Two / Off White / Gum,shoes,boys,"[""33 EU"", ""28 EU"", ""30 EU"", ""29 EU"", ""31 EU"", ""32 EU"", ""34 EU""]",https://lb.mikesport.com/products/adidas-grand-court-00s-ps-boys-sportswear-shoes-grey-two,2026-04-05T14:27:45Z,True,Regular price $ 80,in stock,
mikesport_lb,Adidas Superstar Ii Men Original Shoes Aurora Coffee,IH9314,,MikeSport Lebanon,181.0,,False,,in_stock,USD,Aurora Coffee / Off White / Stone Khaki,shoes,men,"[""44 2/3 EU"", ""45 1/3 EU"", ""46 EU"", ""46 2/3 EU"", ""42 EU"", ""43 1/3 EU"", ""44 EU""]",https://lb.mikesport.com/products/adidas-superstar-ii-men-original-shoes-aurora-coffee,2026-04-05T14:27:47Z,True,Regular price $ 181,in stock,
mikesport_lb,Adidas Handball Spezial Men Original Shoes Carbon,IH6506,,MikeSport Lebanon,159.0,,False,,in_stock,USD,Carbon/Core Black/Gum,shoes,men,"[""44 2/3 EU"", ""45 1/3 EU"", ""46 EU"", ""46 2/3 EU"", ""40 2/3 EU"", ""41 1/3 EU"", ""42 EU"", ""42 2/3 EU"", ""43 1/3 EU"", ""44 EU""]",https://lb.mikesport.com/products/adidas-handball-spezial-men-original-shoes-carbon,2026-04-05T14:27:50Z,True,Regular price $ 159,in stock,
mikesport_lb,Adidas Advantage&#160; Infant-Girls Sportswear Shoes Cloud White,IG4257,,MikeSport Lebanon,54.0,,False,,in_stock,USD,Cloud White / Clear Pink,shoes,girls,"[""22 EU"", ""21 EU"", ""23 EU"", ""25 EU"", ""24 EU"", ""26 EU"", ""27 EU""]",https://lb.mikesport.com/products/adidas-advantage-160-infant-girls-sportswear-shoes-cloud-white,2026-04-05T14:27:52Z,True,Regular price $ 54,in stock,
mikesport_lb,Adidas Vl Court Bold Women Sportswear Shoes Grey Two,IF9784,,MikeSport Lebanon,128.0,,False,,in_stock,USD,Grey Two / Off White / Core White,shoes,women,"[""36 2/3 EU"", ""37 1/3 EU"", ""38 EU"", ""38 2/3 EU"", ""39 1/3 EU"", ""40 EU"", ""40 2/3 EU"", ""41 1/3 EU""]",https://lb.mikesport.com/products/adidas-vl-court-bold-women-sportswear-shoes-grey-two,2026-04-05T14:27:54Z,True,Regular price $ 128,in stock,
mikesport_lb,Adidas Germany 26 Home Men Football T-Shirt White,KD8363,,MikeSport Lebanon,159.0,,False,,in_stock,USD,White,t-shirt,men,"[""L"", ""M"", ""S"", ""XL""]",https://lb.mikesport.com/products/adidas-germany-26-home-men-football-t-shirt-white,2026-04-05T14:27:56Z,True,Regular price $ 159,in stock,
mikesport_lb,Adidas Argentina 26 Home Kids-Unisex Football T-Shirt White/Icey Blue,KA8119,,MikeSport Lebanon,117.0,,False,,in_stock,USD,White/Icey Blue/Light Blue,t-shirt,unisex,"[""7-8 Years"", ""9-10 Years"", ""11-12 Years"", ""13-14 Years""]",https://lb.mikesport.com/products/adidas-argentina-26-home-kids-unisex-football-t-shirt-white-icey-blue,2026-04-05T14:27:58Z,True,Regular price $ 117,in stock,
mikesport_lb,Adidas Argentina 26 Home Kids-Unisex Football Short Night Navy/Icey Blue,KA8113,,MikeSport Lebanon,61.0,,False,,in_stock,USD,"ed trims and the federation's founding year as a sign-off, these shorts are a nod to the team's illustrious history. Crafted with a fully elasticized waistband and drawstring, these shorts offer a comfortable fit for active play. The interlock fabric is both absorbent and quick-drying, helping kids feel comfortable during every match or practice session. These shorts incorporate adidas' Climacool technology. Cool. Dry. Ready. Climacool wicks and disperses sweat for a cool, dry, and distraction-free performance. Let your child step onto the pitch with confidence, wearing the iconic adidas logo and bold 3-Stripes that signify quality and performance. Highlights: Regular fit Fully elasticized waistband with drawstring CLIMACOOL technology Interlock construction Laid-on 3-Stripes Composition: 100% Recycled Polyester Color: Night Navy/Icey Blue",short,unisex,"[""7-8 Years"", ""11-12 Years"", ""13-14 Years""]",https://lb.mikesport.com/products/adidas-argentina-26-home-kids-unisex-football-short-night-navy-icey-blue,2026-04-05T14:28:00Z,True,Regular price $ 61,in stock,
mikesport_lb,Adidas Spain 26 Home Kids-Unisex Football T-Shirt Vivid Red,JZ5757,,MikeSport Lebanon,117.0,,False,,in_stock,USD,Vivid Red,t-shirt,unisex,"[""7-8 Years"", ""9-10 Years"", ""11-12 Years""]",https://lb.mikesport.com/products/adidas-spain-26-home-kids-unisex-football-t-shirt-vivid-red,2026-04-05T14:28:02Z,True,Regular price $ 117,in stock,
mikesport_lb,Adidas Germany 26 Home Kids-Unisex Football Short Black/White,JZ4562,,MikeSport Lebanon,61.0,,False,,in_stock,USD,Black/White,short,unisex,"[""7-8 Years"", ""9-10 Years"", ""11-12 Years"", ""13-14 Years""]",https://lb.mikesport.com/products/adidas-germany-26-home-kids-unisex-football-short-black-white,2026-04-05T14:28:04Z,True,Regular price $ 61,in stock,
mikesport_lb,Adidas Germany 26 Home Kids-Unisex Football T-Shirt White,JZ4560,,MikeSport Lebanon,117.0,,False,,in_stock,USD,White,t-shirt,unisex,"[""7-8 Years"", ""9-10 Years"", ""11-12 Years""]",https://lb.mikesport.com/products/adidas-germany-26-home-kids-unisex-football-t-shirt-white,2026-04-05T14:28:06Z,True,Regular price $ 117,in stock,
mikesport_lb,Adidas Italy 26 Home Kids-Unisex Football Short White,JY7606,,MikeSport Lebanon,61.0,,False,,in_stock,USD,White,short,unisex,"[""9-10 Years"", ""11-12 Years"", ""13-14 Years""]",https://lb.mikesport.com/products/adidas-italy-26-home-kids-unisex-football-short-white,2026-04-05T14:28:08Z,True,Regular price $ 61,in stock,
mikesport_lb,Adidas Italy 26 Home Kids-Unisex Football T-Shirt Bold Blue,JY7585,,MikeSport Lebanon,117.0,,False,,in_stock,USD,Bold Blue,t-shirt,unisex,"[""7-8 Years"", ""9-10 Years"", ""11-12 Years"", ""13-14 Years""]",https://lb.mikesport.com/products/adidas-italy-26-home-kids-unisex-football-t-shirt-bold-blue,2026-04-05T14:28:10Z,True,Regular price $ 117,in stock,
mikesport_lb,Adidas Spain 26 Home Men Football Short Dark Blue,JN4396,,MikeSport Lebanon,67.0,,False,,in_stock,USD,Dark Blue,short,men,"[""L"", ""M"", ""S"", ""XL""]",https://lb.mikesport.com/products/adidas-spain-26-home-men-football-short-dark-blue,2026-04-05T14:28:12Z,True,Regular price $ 67,in stock,
mikesport_lb,Adidas Spain 26 Home Men Football T-Shirt Vivid Red,JN4390,,MikeSport Lebanon,159.0,,False,,in_stock,USD,"s of the Spanish flag, it's designed to make a statement both on and off the pitch. COOL. Dry. Ready. Climacool wicks and disperses sweat for a cool, dry and distraction free performance. The quick drying interlock knit fabric helps you feel comfortable during intense matches, so you can focus on your performance. Its slim fit creates a sleek silhouette that moves with you, while the rib collar adds a classic look. The adidas branding elements and team crest round off the jersey adding to its elegant style. Whether you're cheering from the stands or taking part in a match, express your pride for the Spanish national team with this iconic jersey from adidas that embodies the spirit of soccer. Highlights: Slim fit CLIMACOOL technology 3-Stripes Sewn-on club badge Sewn-on club badge Composition: 100% Recycled Polyester Color: Vivid Red",t-shirt,men,"[""L"", ""M"", ""S"", ""XL""]",https://lb.mikesport.com/products/adidas-spain-26-home-men-football-t-shirt-vivid-red,2026-04-05T14:28:14Z,True,Regular price $ 159,in stock,
mikesport_lb,Adidas Germany 26 Home Men Football Short Black/White,JN2073,,MikeSport Lebanon,67.0,,False,,in_stock,USD,Black/White,short,men,"[""L"", ""M"", ""S"", ""XL""]",https://lb.mikesport.com/products/adidas-germany-26-home-men-football-short-black-white,2026-04-05T14:28:16Z,True,Regular price $ 67,in stock,
mikesport_lb,Adidas Argentina 26 Home Men Football T-Shirt White/Icey Blue,JM8396,,MikeSport Lebanon,159.0,,False,,in_stock,USD,White/Icey Blue/Light Blue,t-shirt,men,"[""L"", ""M"", ""S"", ""XL""]",https://lb.mikesport.com/products/adidas-argentina-26-home-men-football-t-shirt-white-icey-blue,2026-04-05T14:28:19Z,True,Regular price $ 159,in stock,
mikesport_lb,Adidas Italy 26 Home Men Football Short White,JL6941,,MikeSport Lebanon,67.0,,False,,in_stock,USD,White,short,men,"[""L"", ""M"", ""S"", ""XL""]",https://lb.mikesport.com/products/adidas-italy-26-home-men-football-short-white,2026-04-05T14:28:21Z,True,Regular price $ 67,in stock,
mikesport_lb,Adidas Italy 26 Home Men Football T-Shirt Bold Blue,JL6937,,MikeSport Lebanon,159.0,,False,,in_stock,USD,Bold Blue,t-shirt,men,"[""L"", ""M"", ""S"", ""XL""]",https://lb.mikesport.com/products/adidas-italy-26-home-men-football-t-shirt-bold-blue,2026-04-05T14:28:23Z,True,Regular price $ 159,in stock,
mikesport_lb,Adidas Campus 00S Gs Original Shoes Grey/Cloud White,HQ6507,,MikeSport Lebanon,137.0,,False,,in_stock,USD,Grey/Cloud White,shoes,kids,"[""36 2/3 EU"", ""37 1/3 EU"", ""38 EU"", ""38 2/3 EU""]",https://lb.mikesport.com/products/adidas-campus-00s-gs-original-shoes-grey-cloud-white,2026-04-05T14:28:25Z,True,Regular price $ 137,in stock,
mikesport_lb,Adidas Z N E Women Sportswear Hoody Black,JE7848,,MikeSport Lebanon,159.0,,False,,in_stock,USD,Black,hoody,women,"[""S"", ""XS""]",https://lb.mikesport.com/products/adidas-z-n-e-women-sportswear-hoody-black-2,2026-04-05T14:28:27Z,True,Regular price $ 159,in stock,
mikesport_lb,Adidas Z N E Women Sportswear Pant Black,JE7842,,MikeSport Lebanon,135.0,,False,,in_stock,USD,Black,pant,women,"[""L"", ""M"", ""S"", ""XS""]",https://lb.mikesport.com/products/adidas-z-n-e-women-sportswear-pant-black-1,2026-04-05T14:28:29Z,True,Regular price $ 135,in stock,
mikesport_lb,Adidas Adizero Essentials Men Running T-Shirt Black,IN1156,,MikeSport Lebanon,45.0,,False,,in_stock,USD,Black,t-shirt,men,"[""2XL"", ""L"", ""M"", ""S"", ""XL""]",https://lb.mikesport.com/products/adidas-adizero-essentials-men-running-t-shirt-black,2026-04-05T14:28:31Z,True,Regular price $ 45,in stock,
mikesport_lb,Adidas Handball Spezial Men Original Shoes Black/White/Gum,DB3021,,MikeSport Lebanon,159.0,,False,,in_stock,USD,Black/White/Gum,shoes,men,"[""42 2/3 EU""]",https://lb.mikesport.com/products/adidas-handball-spezial-men-original-shoes-black-white-gum,2026-04-05T14:28:33Z,True,Regular price $ 159,in stock,
mikesport_lb,Adidas Stan Smith Men Original Shoes Black,M20327,,MikeSport Lebanon,152.0,76.0,True,50.0,in_stock,USD,Black,espadrilles,men,"[""47 1/3 EU""]",https://lb.mikesport.com/products/adidas-stan-smith-men-original-shoes-black,2026-04-05T14:28:35Z,True,Sale price $ 76 Regular price $ 152 50%,in stock,
mikesport_lb,Adidas Designed To Move Big Logo Kids-Boys Training Short Ink Yellow,GN1484,,MikeSport Lebanon,32.0,10.0,True,68.75,in_stock,USD,Ink Yellow,short,boys,"[""3-4 Years"", ""4-5 Years"", ""5-6 Years"", ""7-8 Years""]",https://lb.mikesport.com/products/adidas-designed-to-move-big-logo-kids-boys-training-short-ink-yellow,2026-04-05T14:28:37Z,True,Sale price $ 10 Regular price $ 32 69%,in stock,
mikesport_lb,Adidas Z.N.E. Tapered-Leg Kids-Boys Sportswear Pant Black,JF2491,,MikeSport Lebanon,96.0,,False,,in_stock,USD,Off White,pant,unisex,"[""7-8 Years"", ""9-10 Years"", ""11-12 Years"", ""13-14 Years""]",https://lb.mikesport.com/products/adidas-z-n-e-tapered-leg-kids-boys-sportswear-pant-black,2026-04-05T14:28:39Z,True,Regular price $ 96,in stock,
mikesport_lb,Adidas Breaknet 3.0 Infant-Boys Sportswear Shoes White/Bright Royal,JS3678,,MikeSport Lebanon,54.0,,False,,in_stock,USD,Cloud White/Bright Royal,shoes,boys,"[""22 EU"", ""21 EU"", ""23 EU"", ""25 EU"", ""24 EU"", ""26 EU"", ""27 EU""]",https://lb.mikesport.com/products/adidas-breaknet-3-0-infant-boys-sportswear-shoes-white-bright-royal,2026-04-05T14:28:41Z,True,Regular price $ 54,in stock,
mikesport_lb,Adidas Gazelle Ps-Boys Originals Shoes Blue/Orange/Black,JP7129,,MikeSport Lebanon,89.0,,False,,in_stock,USD,s finish off the retro style. Highlights: Regular fit Lace closure Composition: Pigskin suede upper Synthetic lining OrthoLite® sockliner Rubber cupsole Gum rubber outsole Color: Focus Blue/Solar Orange/Core Black,shoes,boys,"[""33 EU"", ""29 EU"", ""31 EU"", ""32 EU"", ""34 EU"", ""35 EU""]",https://lb.mikesport.com/products/adidas-gazelle-ps-boys-originals-shoes-blue-orange-black,2026-04-05T14:28:43Z,True,Regular price $ 89,in stock,
mikesport_lb,Adidas Trefoil Essentials Men Original T-Shirt Black,JW0971,,MikeSport Lebanon,54.0,,False,,in_stock,USD,Black,t-shirt,men,"[""L"", ""XL""]",https://lb.mikesport.com/products/adidas-trefoil-essentials-men-original-t-shirt-black,2026-04-05T14:28:45Z,True,Regular price $ 54,in stock,
mikesport_lb,Adidas Breaknet 3.0 Infant-Girls Sportswear Shoes Cloud White/Pink,JS3676,,MikeSport Lebanon,54.0,,False,,in_stock,USD,Cloud White/Pink Fusion/Clear Pink,shoes,girls,"[""22 EU"", ""21 EU"", ""23 EU"", ""25 EU"", ""24 EU"", ""26 EU"", ""27 EU""]",https://lb.mikesport.com/products/adidas-breaknet-3-0-infant-girls-sportswear-shoes-cloud-white-pink,2026-04-05T14:28:47Z,True,Regular price $ 54,in stock,
mikesport_lb,Adidas Tensaur Sport 2.0 Ps-Girls Sportswear Shoes White/Clear Pink,JQ2868,,MikeSport Lebanon,58.0,46.0,True,20.69,in_stock,USD,Cloud White/Clear Pink,shoes,girls,"[""33 EU""]",https://lb.mikesport.com/products/adidas-tensaur-sport-2-0-ps-girls-sportswear-shoes-white-clear-pink,2026-04-05T14:28:49Z,True,Sale price $ 46 Regular price $ 58 21%,in stock,
mikesport_lb,Adidas Grand Court 2.0 Infant Sportswear Shoes Black/White,ID5272,,MikeSport Lebanon,54.0,43.0,True,20.37,in_stock,USD,Black/White,shoes,boys,"[""21 EU"", ""23 EU"", ""25 EU"", ""24 EU"", ""27 EU""]",https://lb.mikesport.com/products/adidas-grand-court-2-0-infant-sportswear-shoes-black-white,2026-04-05T14:28:51Z,True,Sale price $ 43 Regular price $ 54 20%,in stock,
mikesport_lb,Adidas Sportswear Women Swim Bikini Set Court Green/Silver,IC8821,,MikeSport Lebanon,89.0,45.0,True,49.44,in_stock,USD,Court Green/Silver,bikini_set,women,"[""S""]",https://lb.mikesport.com/products/adidas-sportswear-women-swim-bikini-set-court-green-silver,2026-04-05T14:28:53Z,True,Sale price $ 45 Regular price $ 89 49%,in stock,
mikesport_lb,Adidas Designed For Movement Men Training Short Legend Ink,HF7208,,MikeSport Lebanon,61.0,31.0,True,49.18,in_stock,USD,Legend Ink,short,men,"[""S""]",https://lb.mikesport.com/products/adidas-designed-for-movement-men-training-short-legend-ink,2026-04-05T14:28:55Z,True,Sale price $ 31 Regular price $ 61 49%,in stock,
mikesport_lb,Adidas Messi Kids-Boys Training Short Black/Gold,H59763,,MikeSport Lebanon,48.0,24.0,True,50.0,in_stock,USD,Black/Gold,short,boys,"[""7-8 Years""]",https://lb.mikesport.com/products/adidas-messi-kids-boys-training-short-black-gold,2026-04-05T14:28:57Z,True,Sale price $ 24 Regular price $ 48 50%,in stock,
mikesport_lb,Adidas Graphics Camo Men Original Short Navy,H13473,,MikeSport Lebanon,76.0,38.0,True,50.0,in_stock,USD,Navy,short,men,"[""XS""]",https://lb.mikesport.com/products/adidas-graphics-camo-men-original-short-navy,2026-04-05T14:28:59Z,True,Sale price $ 38 Regular price $ 76 50%,in stock,
mikesport_lb,Adidas Marimekko Gs-Girls Training Hoody Black/Gold,GT6919,,MikeSport Lebanon,80.0,40.0,True,50.0,in_stock,USD,Black/Gold,hoody,girls,"[""9-10 Years"", ""11-12 Years"", ""13-14 Years""]",https://lb.mikesport.com/products/adidas-marimekko-gs-girls-training-hoody-black-gold,2026-04-05T14:29:02Z,True,Sale price $ 40 Regular price $ 80 50%,in stock,
mikesport_lb,Adidas Badge Of Sport Gs-Girls Lifestyle T-Shirt Rose Tone/Vivid Red,GS4294,,MikeSport Lebanon,25.0,13.0,True,48.0,in_stock,USD,Rose Tone/Vivid Red,t-shirt,girls,"[""9-10 Years"", ""13-14 Years""]",https://lb.mikesport.com/products/adidas-badge-of-sport-gs-girls-lifestyle-t-shirt-rose-tone-vivid-red,2026-04-05T14:29:04Z,True,Sale price $ 13 Regular price $ 25 48%,in stock,
mikesport_lb,Adidas Cuff Women Training Beanie Beige,GS2099,,MikeSport Lebanon,37.0,19.0,True,48.65,in_stock,USD,Beige,beanie,women,"[""One Size""]",https://lb.mikesport.com/products/adidas-cuff-women-training-beanie-beige,2026-04-05T14:29:05Z,True,Sale price $ 19 Regular price $ 37 49%,in stock,
mikesport_lb,Adidas Future Icons 3 Bar Women Sportswear Hoody Black/White,H24080,,MikeSport Lebanon,105.0,53.0,True,49.52,in_stock,USD,Black/White,sweatshirt,women,"[""L"", ""M"", ""S"", ""XS""]",https://lb.mikesport.com/products/adidas-future-icons-3-bar-women-sportswear-hoody-black-white,2026-04-05T14:29:08Z,True,Sale price $ 53 Regular price $ 105 50%,in stock,
mikesport_lb,Adidas Classic Solid Men Swim Swim Short Glow Blue,GQ1082,,MikeSport Lebanon,41.0,21.0,True,48.78,in_stock,USD,Glow Blue,swim_short,men,"[""S""]",https://lb.mikesport.com/products/adidas-classic-solid-men-swim-swim-short-glow-blue,2026-04-05T14:29:10Z,True,Sale price $ 21 Regular price $ 41 49%,in stock,
mikesport_lb,Adidas Predator Sg League 20 Unisex Football Protection Black/Red,FM2408,,MikeSport Lebanon,60.0,18.0,True,70.0,in_stock,USD,Black/Red,protection,unisex,"[""L"", ""S"", ""XL""]",https://lb.mikesport.com/products/adidas-predator-sg-league-20-unisex-football-protection-black-red,2026-04-05T14:29:12Z,True,Sale price $ 18 Regular price $ 60 70%,in stock,
mikesport_lb,Adidas Unisex Football Sock Red,CF3577,,MikeSport Lebanon,18.0,9.0,True,50.0,in_stock,USD,Red,sock,unisex,"[""40/42"", ""46/48""]",https://lb.mikesport.com/products/adidas-unisex-football-sock-red,2026-04-05T14:29:14Z,True,Sale price $ 9 Regular price $ 18 50%,in stock,
mikesport_lb,Adidas Her Studio London Women Original Sweatshirt White,H20456,,MikeSport Lebanon,105.0,53.0,True,49.52,in_stock,USD,White,sweatshirt,women,"[""34"", ""36""]",https://lb.mikesport.com/products/adidas-her-studio-london-women-original-sweatshirt-white,2026-04-05T14:29:16Z,True,Sale price $ 53 Regular price $ 105 50%,in stock,
mikesport_lb,Adidas Adicolor Classics 3 Stripes Men Originals T-Shirt Grey,JN7016,,MikeSport Lebanon,54.0,27.0,True,50.0,in_stock,USD,Grey,t-shirt,men,"[""L""]",https://lb.mikesport.com/products/adidas-adicolor-classics-3-stripes-men-originals-t-shirt-grey,2026-04-05T14:29:18Z,True,Sale price $ 27 Regular price $ 54 50%,in stock,
mikesport_lb,Adidas Future Icons 3 Stripes Kids-Girls Sportswear Tight Lucid Fuchsia,JJ4845,,MikeSport Lebanon,54.0,35.0,True,35.19,in_stock,USD,Lucid Fuchsia/Magenta,tight,girls,"[""11-12 Years"", ""13-14 Years""]",https://lb.mikesport.com/products/adidas-future-icons-3-stripes-kids-girls-sportswear-tight-lucid-fuchsia,2026-04-05T14:29:20Z,True,Sale price $ 35 Regular price $ 54 35%,in stock,
mikesport_lb,Adidas City Escape Men Sportswear T-Shirt Black,JF3329,,MikeSport Lebanon,45.0,23.0,True,48.89,in_stock,USD,Black,t-shirt,men,"[""S""]",https://lb.mikesport.com/products/adidas-city-escape-men-sportswear-t-shirt-black-1,2026-04-05T14:29:22Z,True,Sale price $ 23 Regular price $ 45 49%,in stock,
mikesport_lb,Adidas Future Icons Small Logo Women Sportswear T-Shirt Grey Strata,JE4004,,MikeSport Lebanon,45.0,29.0,True,35.56,in_stock,USD,Grey Strata,t-shirt,women,"[""L"", ""M"", ""XS""]",https://lb.mikesport.com/products/adidas-future-icons-small-logo-women-sportswear-t-shirt-grey-strata,2026-04-05T14:29:24Z,True,Sale price $ 29 Regular price $ 45 36%,in stock,
mikesport_lb,Adidas Box Logo Men Training T-Shirt Silver Pebble,JD8230,,MikeSport Lebanon,45.0,29.0,True,35.56,in_stock,USD,Silver Pebble,t-shirt,men,"[""M"", ""S""]",https://lb.mikesport.com/products/adidas-box-logo-men-training-t-shirt-silver-pebble,2026-04-05T14:29:26Z,True,Sale price $ 29 Regular price $ 45 36%,in stock,
mikesport_lb,Adidas All Sport Nxt Kids-Unisex Sportswear Pant Black/White,JD0112,,MikeSport Lebanon,67.0,44.0,True,34.33,in_stock,USD,Black/White,pant,unisex,"[""7-8 Years"", ""11-12 Years"", ""13-14 Years""]",https://lb.mikesport.com/products/adidas-all-sport-nxt-kids-unisex-sportswear-pant-black-white,2026-04-05T14:29:28Z,True,Sale price $ 44 Regular price $ 67 34%,in stock,
mikesport_lb,Adidas Rich Mnisi Women Swim Bikini Set Orange/Black,HD4763,,MikeSport Lebanon,86.0,43.0,True,50.0,in_stock,USD,Orange/Black,bikini_set,women,"[""M"", ""S"", ""XS""]",https://lb.mikesport.com/products/adidas-rich-mnisi-women-swim-bikini-set-orange-black,2026-04-05T14:29:30Z,True,Sale price $ 43 Regular price $ 86 50%,in stock,
mikesport_lb,Adidas Disney Tie Dye Daisy Duck Little-Girls Swim Monokini Purple Rushbright,HC9645,,MikeSport Lebanon,58.0,29.0,True,50.0,in_stock,USD,Purple Rushbright Yellowsemi,monokini,girls,"[""4-5 Years""]",https://lb.mikesport.com/products/adidas-disney-tie-dye-daisy-duck-little-girls-swim-monokini-purple-rushbright,2026-04-05T14:29:32Z,True,Sale price $ 29 Regular price $ 58 50%,in stock,
mikesport_lb,Adidas Adicolor Classics Trefoil Men Original Sweatshirt Green,H06665,,MikeSport Lebanon,105.0,53.0,True,49.52,in_stock,USD,Green,sweatshirt,men,"[""2XL"", ""M""]",https://lb.mikesport.com/products/adidas-adicolor-classics-trefoil-men-original-sweatshirt-green,2026-04-05T14:29:34Z,True,Sale price $ 53 Regular price $ 105 50%,in stock,
mikesport_lb,Adidas 3S Woolie Unisex Lifestyle Beanie Black,BR9921,,MikeSport Lebanon,46.0,14.0,True,69.57,in_stock,USD,Black,beanie,unisex,"[""One Size""]",https://lb.mikesport.com/products/adidas-3s-woolie-unisex-lifestyle-beanie-black,2026-04-05T14:29:36Z,True,Sale price $ 14 Regular price $ 46 70%,in stock,
mikesport_lb,Adidas Box Logo Men Training T-Shirt Black,JD8231,,MikeSport Lebanon,45.0,23.0,True,48.89,in_stock,USD,Black,t-shirt,men,"[""S""]",https://lb.mikesport.com/products/adidas-box-logo-men-training-t-shirt-black,2026-04-05T14:29:39Z,True,Sale price $ 23 Regular price $ 45 49%,in stock,
mikesport_lb,Adidas Campus 00S Unisex Original Shoes Green/White,H03472,,MikeSport Lebanon,159.0,,False,,in_stock,USD,"blocking, graphics and branding create a fresh identity for the next generation to own and style. Highlights: Regular fit Lace closure Composition: Leather upper Textile lining Rubber outsole Color: Green/White",shoes,unisex,"[""44 2/3 EU"", ""45 1/3 EU"", ""35 1/2 EU"", ""36 EU"", ""37 1/3 EU"", ""41 1/3 EU"", ""42 EU"", ""42 2/3 EU"", ""43 1/3 EU"", ""44 EU""]",https://lb.mikesport.com/products/adidas-campus-00s-unisex-original-shoes-green-white,2026-04-05T14:29:41Z,True,Regular price $ 159,in stock,
mikesport_lb,Adidas Future Icons Logo Kids-Girls Sportswear Hoody Ice Lavender,IX3643,,MikeSport Lebanon,77.0,39.0,True,49.35,in_stock,USD,Ice Lavender,hoody,girls,"[""7-8 Years"", ""9-10 Years""]",https://lb.mikesport.com/products/adidas-future-icons-logo-kids-girls-sportswear-hoody-ice-lavender,2026-04-05T14:29:43Z,True,Sale price $ 39 Regular price $ 77 49%,in stock,
mikesport_lb,Adidas Aeroready Light Support Women Training Bra Black,IL7997,,MikeSport Lebanon,54.0,27.0,True,50.0,in_stock,USD,Black,bra,women,"[""M""]",https://lb.mikesport.com/products/adidas-aeroready-light-support-women-training-bra-black,2026-04-05T14:29:45Z,True,Sale price $ 27 Regular price $ 54 50%,in stock,
mikesport_lb,Adidas Own The Run Climacool Colorblock Women Running T-Shirt White/Violet,JC9889,,MikeSport Lebanon,61.0,31.0,True,49.18,in_stock,USD,White/Violet,t-shirt,women,"[""S""]",https://lb.mikesport.com/products/adidas-own-the-run-climacool-colorblock-women-running-t-shirt-white-violet,2026-04-05T14:29:47Z,True,Sale price $ 31 Regular price $ 61 49%,in stock,
mikesport_lb,Adidas Z N E Women Sportswear Pant Black,JC9309,,MikeSport Lebanon,135.0,88.0,True,34.81,in_stock,USD,Black,pant,women,"[""S"", ""XS""]",https://lb.mikesport.com/products/adidas-z-n-e-women-sportswear-pant-black,2026-04-05T14:29:49Z,True,Sale price $ 88 Regular price $ 135 35%,in stock,
mikesport_lb,Adidas Samba Og Ps Original Shoes Black/White/Gum,IE3678,,MikeSport Lebanon,89.0,,False,,in_stock,USD,Black/White/Gum,shoes,kids,"[""33 EU"", ""28 EU"", ""30 EU"", ""29 EU"", ""31 EU"", ""32 EU"", ""34 EU"", ""35 EU""]",https://lb.mikesport.com/products/adidas-samba-og-ps-original-shoes-black-white-gum,2026-04-05T14:29:51Z,True,Regular price $ 89,in stock,
mikesport_lb,Adidas Adicolor Classics 3 Stripes Men Original T-Shirt Wonder White,JN7020,,MikeSport Lebanon,54.0,35.0,True,35.19,in_stock,USD,Wonder White,t-shirt,men,"[""M""]",https://lb.mikesport.com/products/adidas-adicolor-classics-3-stripes-men-original-t-shirt-wonder-white,2026-04-05T14:29:53Z,True,Sale price $ 35 Regular price $ 54 35%,in stock,
mikesport_lb,Adidas Campus 00S Ps Original Shoes Grey/White/Gum,JI4330,,MikeSport Lebanon,105.0,,False,,in_stock,USD,Grey/White/Gum,shoes,kids,"[""33 EU"", ""28 EU"", ""30 EU"", ""29 EU"", ""31 EU"", ""32 EU""]",https://lb.mikesport.com/products/adidas-campus-00s-ps-original-shoes-grey-white-gum,2026-04-05T14:29:55Z,True,Regular price $ 105,in stock,
mikesport_lb,Adidas Padel Category Graphic Men Tennis T-Shirt Bright Blue,JD6015,,MikeSport Lebanon,54.0,27.0,True,50.0,in_stock,USD,Bright Blue,t-shirt,men,"[""M""]",https://lb.mikesport.com/products/adidas-padel-category-graphic-men-tennis-t-shirt-bright-blue,2026-04-05T14:29:57Z,True,Sale price $ 27 Regular price $ 54 50%,in stock,
mikesport_lb,Adidas Essentials 3 Stripes Loose Women Sportswear T-Shirt White/Black,JD4999,,MikeSport Lebanon,45.0,,False,,in_stock,USD,White/Black,t-shirt,women,"[""L"", ""S"", ""XS""]",https://lb.mikesport.com/products/adidas-essentials-3-stripes-loose-women-sportswear-t-shirt-white-black,2026-04-05T14:29:59Z,True,Regular price $ 45,in stock,
mikesport_lb,Adidas Runfalcon 5 Men Running Shoes Black/White,IH7758,,MikeSport Lebanon,89.0,,False,,in_stock,USD,Black/White,shoes,men,"[""44 2/3 EU"", ""45 1/3 EU"", ""46 EU"", ""46 2/3 EU"", ""41 1/3 EU"", ""42 EU"", ""42 2/3 EU"", ""43 1/3 EU"", ""44 EU""]",https://lb.mikesport.com/products/adidas-runfalcon-5-men-running-shoes-black-white,2026-04-05T14:30:01Z,True,Regular price $ 89,in stock,
mikesport_lb,Adidas Cloudfoam Go Lounge Men Sportswear Shoes Black/Lucid Blue,ID4019,,MikeSport Lebanon,89.0,58.0,True,34.83,in_stock,USD,Black/Lucid Blue,shoes,men,"[""41 1/3 EU""]",https://lb.mikesport.com/products/adidas-cloudfoam-go-lounge-men-sportswear-shoes-black-lucid-blue,2026-04-05T14:30:03Z,True,Sale price $ 58 Regular price $ 89 35%,in stock,
mikesport_lb,Adidas Galaxy 7 Women Running Shoes Black/White/Carbon,ID8765,,MikeSport Lebanon,79.0,,False,,in_stock,USD,Black/White/Carbon,shoes,women,"[""36 EU"", ""36 2/3 EU"", ""37 1/3 EU"", ""38 EU"", ""38 2/3 EU"", ""39 1/3 EU"", ""40 EU"", ""40 2/3 EU"", ""41 1/3 EU""]",https://lb.mikesport.com/products/adidas-galaxy-7-women-running-shoes-black-white-carbon,2026-04-05T14:30:05Z,True,Regular price $ 79,in stock,
mikesport_lb,Adidas Anthony Edwards Graphic Men Basketball T-Shirt Cloud White,IY1594,,MikeSport Lebanon,64.0,32.0,True,50.0,in_stock,USD,Cloud White,t-shirt,men,"[""L"", ""M"", ""S"", ""XL""]",https://lb.mikesport.com/products/adidas-anthony-edwards-graphic-men-basketball-t-shirt-cloud-white,2026-04-05T14:30:07Z,True,Sale price $ 32 Regular price $ 64 50%,in stock,
mikesport_lb,Adidas Juventus Og 3 Stripes Men Football T-Shirt Wonder White,IY0052,,MikeSport Lebanon,80.0,40.0,True,50.0,in_stock,USD,Wonder White,t-shirt,men,"[""L"", ""M"", ""S""]",https://lb.mikesport.com/products/adidas-juventus-og-3-stripes-men-football-t-shirt-wonder-white,2026-04-05T14:30:09Z,True,Sale price $ 40 Regular price $ 80 50%,in stock,
mikesport_lb,Adidas Juventus Og Men Football Pant Utility Black,IY0051,,MikeSport Lebanon,153.0,77.0,True,49.67,in_stock,USD,Utility Black,pant,men,"[""L"", ""M"", ""S"", ""XL""]",https://lb.mikesport.com/products/adidas-juventus-og-men-football-pant-utility-black,2026-04-05T14:30:11Z,True,Sale price $ 77 Regular price $ 153 50%,in stock,
mikesport_lb,Adidas Juventus Og Men Football Jacket Wonder White,IY0049,,MikeSport Lebanon,159.0,80.0,True,49.69,in_stock,USD,Wonder White,jacket,men,"[""L"", ""M""]",https://lb.mikesport.com/products/adidas-juventus-og-men-football-jacket-wonder-white,2026-04-05T14:30:13Z,True,Sale price $ 80 Regular price $ 159 50%,in stock,
mikesport_lb,Adidas Camo Men Training Pant Shadow Navy,IX0925,,MikeSport Lebanon,96.0,48.0,True,50.0,in_stock,USD,Shade Navy,pant,men,"[""L"", ""M"", ""S""]",https://lb.mikesport.com/products/adidas-camo-men-training-pant-shadow-navy,2026-04-05T14:30:15Z,True,Sale price $ 48 Regular price $ 96 50%,in stock,
mikesport_lb,Adidas Essentials Logo Kids-Girls Sportswear T-Shirt Purple Burst/White,IW3287,,MikeSport Lebanon,26.0,13.0,True,50.0,in_stock,USD,Purple Burst/White,t-shirt,girls,"[""7-8 Years""]",https://lb.mikesport.com/products/adidas-essentials-logo-kids-girls-sportswear-t-shirt-purple-burst-white,2026-04-05T14:30:17Z,True,Sale price $ 13 Regular price $ 26 50%,in stock,
mikesport_lb,Adidas House Of Tiro Velour Men Sportswear Pant Black,JF4244,,MikeSport Lebanon,105.0,53.0,True,49.52,in_stock,USD,Black,pant,men,"[""M""]",https://lb.mikesport.com/products/adidas-house-of-tiro-velour-men-sportswear-pant-black,2026-04-05T14:30:19Z,True,Sale price $ 53 Regular price $ 105 50%,in stock,
mikesport_lb,Adidas Optime High Rise Women Training Tight Wonder Beige,IX0221,,MikeSport Lebanon,89.0,45.0,True,49.44,in_stock,USD,Wonder Beige,tight,women,"[""L"", ""XS""]",https://lb.mikesport.com/products/adidas-optime-high-rise-women-training-tight-wonder-beige,2026-04-05T14:30:22Z,True,Sale price $ 45 Regular price $ 89 49%,in stock,
mikesport_lb,Adidas Adizero Essentials Women Running Tight Semi Cobalt Blue,IX2873,,MikeSport Lebanon,80.0,40.0,True,50.0,in_stock,USD,Semi Cobalt Blue,tight,women,"[""M""]",https://lb.mikesport.com/products/adidas-adizero-essentials-women-running-tight-semi-cobalt-blue,2026-04-05T14:30:24Z,True,Sale price $ 40 Regular price $ 80 50%,in stock,
mikesport_lb,Adidas Advantage Infant-Unisex Sportswear Shoes White/Green,ID5286,,MikeSport Lebanon,54.0,,False,,in_stock,USD,White/Green,shoes,unisex,"[""22 EU"", ""21 EU"", ""23 EU"", ""25 EU"", ""24 EU"", ""26 EU"", ""27 EU""]",https://lb.mikesport.com/products/adidas-advantage-infant-unisex-sportswear-shoes-white-green,2026-04-05T14:30:26Z,True,Regular price $ 54,in stock,
mikesport_lb,Adidas Z N E Women Sportswear Hoody Black,JE7860,,MikeSport Lebanon,153.0,77.0,True,49.67,in_stock,USD,Black,hoody,women,"[""L"", ""XS""]",https://lb.mikesport.com/products/adidas-z-n-e-women-sportswear-hoody-black-1,2026-04-05T14:30:28Z,True,Sale price $ 77 Regular price $ 153 50%,in stock,
mikesport_lb,Adidas City Escape Women Sportswear Long Sleeve Black,JD8176,,MikeSport Lebanon,61.0,31.0,True,49.18,in_stock,USD,Black,long_sleeve,women,"[""XS""]",https://lb.mikesport.com/products/adidas-city-escape-women-sportswear-long-sleeve-black,2026-04-05T14:30:30Z,True,Sale price $ 31 Regular price $ 61 49%,in stock,
mikesport_lb,Adidas Future Icons Badge Of Sport Men Sportswear T-Shirt Semi Blue/Black,IY7715,,MikeSport Lebanon,61.0,31.0,True,49.18,in_stock,USD,Semi Blue/Black,t-shirt,men,"[""L"", ""M"", ""S"", ""XL""]",https://lb.mikesport.com/products/adidas-future-icons-badge-of-sport-men-sportswear-t-shirt-semi-blue-black,2026-04-05T14:30:32Z,True,Sale price $ 31 Regular price $ 61 49%,in stock,
mikesport_lb,Adidas Future Icons Badge Of Sport Men Sportswear T-Shirt Tent Green,IY7716,,MikeSport Lebanon,61.0,31.0,True,49.18,in_stock,USD,Tent Green,t-shirt,men,"[""L"", ""M"", ""S"", ""XL""]",https://lb.mikesport.com/products/adidas-future-icons-badge-of-sport-men-sportswear-t-shirt-tent-green,2026-04-05T14:30:34Z,True,Sale price $ 31 Regular price $ 61 49%,in stock,
mikesport_lb,Adidas All Szn Loose French Terry Women Sportswear Pant Preloved Crimson,IY6815,,MikeSport Lebanon,89.0,45.0,True,49.44,in_stock,USD,Preloved Crimson,pant,women,"[""L"", ""M""]",https://lb.mikesport.com/products/adidas-all-szn-loose-french-terry-women-sportswear-pant-preloved-crimson,2026-04-05T14:30:36Z,True,Sale price $ 45 Regular price $ 89 49%,in stock,
mikesport_lb,Adidas 3 Stripes Woven Men Sportswear Suit Legend Ink,IY6656,,MikeSport Lebanon,105.0,53.0,True,49.52,in_stock,USD,Legend Ink,suit,men,"[""S""]",https://lb.mikesport.com/products/adidas-3-stripes-woven-men-sportswear-suit-legend-ink,2026-04-05T14:30:38Z,True,Sale price $ 53 Regular price $ 105 50%,in stock,
mikesport_lb,Adidas Future Icons Badge Of Sport Men Sportswear Hoody Collegiate Green,IW8553,,MikeSport Lebanon,105.0,53.0,True,49.52,in_stock,USD,Collegiate Green,hoody,men,"[""L"", ""M""]",https://lb.mikesport.com/products/adidas-future-icons-badge-of-sport-men-sportswear-hoody-collegiate-green,2026-04-05T14:30:40Z,True,Sale price $ 53 Regular price $ 105 50%,in stock,
mikesport_lb,Adidas Essentials Logo Men Training Short Navy/Mint Ton,IW3410,,MikeSport Lebanon,54.0,27.0,True,50.0,in_stock,USD,Navy/Mint Ton,short,men,"[""L"", ""M"", ""S"", ""XL""]",https://lb.mikesport.com/products/adidas-essentials-logo-men-training-short-navy-mint-ton,2026-04-05T14:30:42Z,True,Sale price $ 27 Regular price $ 54 50%,in stock,
mikesport_lb,Adidas Real Madrid Away 24 Kids Boys Football T-Shirt Crew Orange,IT5177,,MikeSport Lebanon,112.0,56.0,True,50.0,in_stock,USD,Crew Orange,t-shirt,boys,"[""7-8 Years"", ""13-14 Years""]",https://lb.mikesport.com/products/adidas-real-madrid-away-24-kids-boys-football-t-shirt-crew-orange,2026-04-05T14:30:44Z,True,Sale price $ 56 Regular price $ 112 50%,in stock,
mikesport_lb,Adidas D4T Women Training Short Black,IQ2655,,MikeSport Lebanon,67.0,,False,,in_stock,USD,Black,short,women,"[""L"", ""M"", ""S"", ""XS""]",https://lb.mikesport.com/products/adidas-d4t-women-training-short-black,2026-04-05T14:30:46Z,True,Regular price $ 67,in stock,
mikesport_lb,Adidas Adizero Essentials Full Length Women Running Tight Black,IP3085,,MikeSport Lebanon,80.0,,False,,in_stock,USD,Black,tight,women,"[""L"", ""S"", ""XS""]",https://lb.mikesport.com/products/adidas-adizero-essentials-full-length-women-running-tight-black,2026-04-05T14:30:48Z,True,Regular price $ 80,in stock,
mikesport_lb,Adidas Adicolor Sst Classic Women Original Pant Better Scarlet,IK6603,,MikeSport Lebanon,112.0,34.0,True,69.64,in_stock,USD,Better Scarlet,pant,women,"[""S""]",https://lb.mikesport.com/products/adidas-adicolor-sst-classic-women-original-pant-better-scarlet,2026-04-05T14:30:50Z,True,Sale price $ 34 Regular price $ 112 70%,in stock,
mikesport_lb,Adidas Ultraboost 5 Women Running Shoes Fig/Iron Met/Pink,IH7710,,MikeSport Lebanon,287.0,144.0,True,49.83,in_stock,USD,Fig/Iron Met/Pink,espadrilles,women,"[""36 2/3 EU"", ""37 1/3 EU""]",https://lb.mikesport.com/products/adidas-ultraboost-5-women-running-shoes-fig-iron-met-pink,2026-04-05T14:30:52Z,True,Sale price $ 144 Regular price $ 287 50%,in stock,
mikesport_lb,Adidas Category Graphic Women Training T-Shirt Sandy Pink,IY8319,,MikeSport Lebanon,54.0,27.0,True,50.0,in_stock,USD,Sandy Pink,t-shirt,women,"[""S"", ""XS""]",https://lb.mikesport.com/products/adidas-category-graphic-women-training-t-shirt-sandy-pink,2026-04-05T14:30:54Z,True,Sale price $ 27 Regular price $ 54 50%,in stock,
mikesport_lb,Adidas Fisherman Unisex Training Beanie Black/White,IT4632,,MikeSport Lebanon,42.0,21.0,True,50.0,in_stock,USD,Black/White,beanie,unisex,[],https://lb.mikesport.com/products/adidas-fisherman-unisex-training-beanie-black-white,2026-04-05T14:30:56Z,True,Sale price $ 21 Regular price $ 42 50%,in stock,
mikesport_lb,Adidas Unisex Originals Beanie Wonder White,IL8443,,MikeSport Lebanon,45.0,23.0,True,48.89,in_stock,USD,beanie is a perfect companion for blustery days. Its fold-up cuff and tonal Trefoil badge keep things looks crisp while the plain knit build ensures all-day comfort. Toss this adidas beanie in your bag and you'll be good to go the next time a chill sets in. Highlights: Everyday Wear Composition: 100% polyester (recycled) Color: Wonder White,beanie,unisex,[],https://lb.mikesport.com/products/adidas-unisex-originals-beanie-wonder-white,2026-04-05T14:30:58Z,True,Sale price $ 23 Regular price $ 45 49%,in stock,
mikesport_lb,Adidas Unisex Originals Beanie Black,IL8441,,MikeSport Lebanon,45.0,23.0,True,48.89,in_stock,USD,beanie is a perfect companion for blustery days. Its fold-up cuff and tonal Trefoil badge keep things looks crisp while the plain knit build ensures all-day comfort. Toss this adidas beanie in your bag and you'll be good to go the next time a chill sets in. Highlights: Everyday Wear Composition: 100% polyester (recycled) Color: Black,beanie,unisex,[],https://lb.mikesport.com/products/adidas-unisex-originals-beanie-black,2026-04-05T14:31:00Z,True,Sale price $ 23 Regular price $ 45 49%,in stock,
mikesport_lb,Adidas 4Athlts S Unisex Training Bag Black/White,IM5523,,MikeSport Lebanon,56.0,,False,,in_stock,USD,Black/White,bags_cases_and_luggage,unisex,[],https://lb.mikesport.com/products/adidas-4athlts-s-unisex-training-bag-black-white,2026-04-05T14:31:02Z,True,Regular price $ 56,in stock,
mikesport_lb,Adidas Run It Men Running T-Shirt Pulse Lime,IW8424,,MikeSport Lebanon,45.0,23.0,True,48.89,in_stock,USD,Pulse Lime,t-shirt,men,"[""L"", ""S""]",https://lb.mikesport.com/products/adidas-run-it-men-running-t-shirt-pulse-lime,2026-04-05T14:31:04Z,True,Sale price $ 23 Regular price $ 45 49%,in stock,
mikesport_lb,Adidas Essentials Big Logo Women Training Tight Black,JG3941,,MikeSport Lebanon,54.0,,False,,in_stock,USD,Black,tight,women,"[""L"", ""M"", ""S"", ""XS""]",https://lb.mikesport.com/products/adidas-essentials-big-logo-women-training-tight-black,2026-04-05T14:31:06Z,True,Regular price $ 54,in stock,
mikesport_lb,Adidas Runfalcon 5 Gs Running Shoes Black,IE8586,,MikeSport Lebanon,73.0,,False,,in_stock,USD,Black,shoes,kids,"[""35 1/2 EU"", ""36 EU"", ""36 2/3 EU"", ""37 1/3 EU"", ""38 EU"", ""38 2/3 EU"", ""39 1/3 EU"", ""40 EU""]",https://lb.mikesport.com/products/adidas-runfalcon-5-gs-running-shoes-black,2026-04-05T14:31:08Z,True,Regular price $ 73,in stock,
mikesport_lb,Adidas Real Madrid Club Home Unisex Football Ball White/Black/Sky Tint,IX4019,,MikeSport Lebanon,38.0,19.0,True,50.0,in_stock,USD,White/Black/Sky Tint,ball,unisex,"[""5""]",https://lb.mikesport.com/products/adidas-real-madrid-club-home-unisex-football-ball-white-black-sky-tint,2026-04-05T14:31:10Z,True,Sale price $ 19 Regular price $ 38 50%,in stock,
mikesport_lb,Adidas Yoga Base Men Training Pant Black/Carbon,IC7283,,MikeSport Lebanon,80.0,40.0,True,50.0,in_stock,USD,Black / Carbon,pant,men,"[""L"", ""S"", ""XL""]",https://lb.mikesport.com/products/adidas-yoga-base-men-training-pant-black-carbon,2026-04-05T15:48:52Z,True,Sale price $ 40 Regular price $ 80 50%,in stock,
mikesport_lb,Adidas Juventus 3 Unisex Football Cap Legend Ink/Gold,JF8326,,MikeSport Lebanon,45.0,23.0,True,48.89,in_stock,USD,Legend Ink/Gold,cap,unisex,[],https://lb.mikesport.com/products/adidas-juventus-3-unisex-football-cap-legend-ink-gold,2026-04-05T14:31:15Z,True,Sale price $ 23 Regular price $ 45 49%,in stock,
mikesport_lb,Adidas City Escape Men Sportswear T-Shirt Grey Four,JE3955,,MikeSport Lebanon,54.0,27.0,True,50.0,in_stock,USD,Grey Four,t-shirt,men,"[""M""]",https://lb.mikesport.com/products/adidas-city-escape-men-sportswear-t-shirt-grey-four,2026-04-05T14:31:17Z,True,Sale price $ 27 Regular price $ 54 50%,in stock,
mikesport_lb,Adidas All Gym Category Graphic Men Training T-Shirt Mint Ton,IY8324,,MikeSport Lebanon,54.0,27.0,True,50.0,in_stock,USD,Mint Ton,t-shirt,men,"[""L"", ""M""]",https://lb.mikesport.com/products/adidas-all-gym-category-graphic-men-training-t-shirt-mint-ton,2026-04-05T14:31:19Z,True,Sale price $ 27 Regular price $ 54 50%,in stock,
mikesport_lb,Adidas Adicolor 3 Stripes Pinstripe Women Originals T-Shirt Purple Burst,IY7225,,MikeSport Lebanon,61.0,31.0,True,49.18,in_stock,USD,Purple Burst,t-shirt,women,"[""M""]",https://lb.mikesport.com/products/adidas-adicolor-3-stripes-pinstripe-women-originals-t-shirt-purple-burst,2026-04-05T14:31:21Z,True,Sale price $ 31 Regular price $ 61 49%,in stock,
mikesport_lb,Adidas Cold Rdy Tec Unisex training Beanie Black,IY5240,,MikeSport Lebanon,42.0,21.0,True,50.0,in_stock,USD,Black,beanie,unisex,[],https://lb.mikesport.com/products/adidas-cold-rdy-tec-unisex-training-beanie-black,2026-04-05T14:31:23Z,True,Sale price $ 21 Regular price $ 42 50%,in stock,
mikesport_lb,Adidas Anthony Edwards Graphic Men basketball T-Shirt Black,IY1593,,MikeSport Lebanon,64.0,32.0,True,50.0,in_stock,USD,Black,t-shirt,men,"[""M"", ""S"", ""XL""]",https://lb.mikesport.com/products/adidas-anthony-edwards-graphic-men-basketball-t-shirt-black,2026-04-05T14:31:25Z,True,Sale price $ 32 Regular price $ 64 50%,in stock,
mikesport_lb,Adidas D4T Men training Hoody Glory Grey,IY1120,,MikeSport Lebanon,121.0,61.0,True,49.59,in_stock,USD,Glory Grey,hoody,men,"[""S""]",https://lb.mikesport.com/products/adidas-d4t-men-training-hoody-glory-grey,2026-04-05T14:31:27Z,True,Sale price $ 61 Regular price $ 121 50%,in stock,
mikesport_lb,Adidas Tennis Large Women training Band Purple Burst/White,IY0765,,MikeSport Lebanon,19.0,10.0,True,47.37,in_stock,USD,Purple Burst/White,band,women,[],https://lb.mikesport.com/products/adidas-tennis-large-women-training-band-purple-burst-white,2026-04-05T14:31:30Z,True,Sale price $ 10 Regular price $ 19 47%,in stock,
mikesport_lb,Adidas Real Madrid Woolie Unisex football Beanie Navy/Glow Blue,IY0456,,MikeSport Lebanon,45.0,23.0,True,48.89,in_stock,USD,Navy/Glow Blue,beanie,unisex,[],https://lb.mikesport.com/products/adidas-real-madrid-woolie-unisex-football-beanie-navy-glow-blue,2026-04-05T14:31:32Z,True,Sale price $ 23 Regular price $ 45 49%,in stock,
mikesport_lb,Adidas D4T Workout Men training Short Shadow Navy,IX9137,,MikeSport Lebanon,67.0,27.0,True,59.7,in_stock,USD,Shadow Navy,short,men,"[""2XL"", ""M"", ""S""]",https://lb.mikesport.com/products/adidas-d4t-workout-men-training-short-shadow-navy,2026-04-05T14:31:34Z,True,Sale price $ 27 Regular price $ 67 60%,in stock,
mikesport_lb,Adidas D4T Heatready Men training T-Shirt Linen Green,IX9122,,MikeSport Lebanon,77.0,39.0,True,49.35,in_stock,USD,Linen Green,t-shirt,men,"[""L"", ""M"", ""S""]",https://lb.mikesport.com/products/adidas-d4t-heatready-men-training-t-shirt-linen-green,2026-04-05T14:31:36Z,True,Sale price $ 39 Regular price $ 77 49%,in stock,
mikesport_lb,Adidas Essentials Men originals Hoody Night Indigo,IX7668,,MikeSport Lebanon,89.0,45.0,True,49.44,in_stock,USD,Night Indigo,hoody,men,"[""M"", ""S"", ""XL""]",https://lb.mikesport.com/products/adidas-essentials-men-originals-hoody-night-indigo,2026-04-05T14:31:38Z,True,Sale price $ 45 Regular price $ 89 49%,in stock,
mikesport_lb,Adidas Juventus Fc Club Home Unisex football Ball White/Black/Grey,IX4025,,MikeSport Lebanon,38.0,19.0,True,50.0,in_stock,USD,White/Black/Grey,ball,unisex,"[""5""]",https://lb.mikesport.com/products/adidas-juventus-fc-club-home-unisex-football-ball-white-black-grey,2026-04-05T14:31:41Z,True,Sale price $ 19 Regular price $ 38 50%,in stock,
mikesport_lb,Adidas Manchester United Fc Club Home Unisex football Ball Red/White,IX4023,,MikeSport Lebanon,38.0,19.0,True,50.0,in_stock,USD,Red/White,ball,unisex,"[""5""]",https://lb.mikesport.com/products/adidas-manchester-united-fc-club-home-unisex-football-ball-red-white,2026-04-05T14:31:44Z,True,Sale price $ 19 Regular price $ 38 50%,in stock,
mikesport_lb,Adidas Predator Match Kids-Boys football Gloves Blue/Solar Red/White,IX3875,,MikeSport Lebanon,80.0,40.0,True,50.0,in_stock,USD,Blue/Solar Red/White,gloves,boys,"[""6"", ""7""]",https://lb.mikesport.com/products/adidas-predator-match-kids-boys-football-gloves-blue-solar-red-white,2026-04-05T14:31:47Z,True,Sale price $ 40 Regular price $ 80 50%,in stock,
mikesport_lb,Adidas Tiro Q4 Womensportswear Tight Black,IX3714,,MikeSport Lebanon,80.0,40.0,True,50.0,in_stock,USD,Black,tight,women,"[""L"", ""M""]",https://lb.mikesport.com/products/adidas-tiro-q4-womensportswear-tight-black,2026-04-05T14:31:49Z,True,Sale price $ 40 Regular price $ 80 50%,in stock,
mikesport_lb,Adidas Tiro Q4 Women sportswear Dress Black,IX3712,,MikeSport Lebanon,80.0,40.0,True,50.0,in_stock,USD,Black,dress,women,"[""L"", ""M"", ""S"", ""XS""]",https://lb.mikesport.com/products/adidas-tiro-q4-women-sportswear-dress-black,2026-04-05T14:31:52Z,True,Sale price $ 40 Regular price $ 80 50%,in stock,
mikesport_lb,Adidas Future Icons 3 Stripes Kids-Girls sportswear Hoody Ice Lavender/White,IX3623,,MikeSport Lebanon,80.0,40.0,True,50.0,in_stock,USD,Ice Lavender/White,hoody,girls,"[""9-10 Years"", ""11-12 Years""]",https://lb.mikesport.com/products/adidas-future-icons-3-stripes-kids-girls-sportswear-hoody-ice-lavender-white,2026-04-05T14:31:54Z,True,Sale price $ 40 Regular price $ 80 50%,in stock,
mikesport_lb,Adidas Tiro 3 Stripes Fleece Women sportswear Sweatshirt Sandy Pink,IX3521,,MikeSport Lebanon,89.0,45.0,True,49.44,in_stock,USD,Sandy Pink,sweatshirt,women,"[""XS""]",https://lb.mikesport.com/products/adidas-tiro-3-stripes-fleece-women-sportswear-sweatshirt-sandy-pink,2026-04-05T14:31:56Z,True,Sale price $ 45 Regular price $ 89 49%,in stock,
mikesport_lb,Adidas Camo Big Logo Men training T-Shirt Semi Lucid Blue,IW8488,,MikeSport Lebanon,54.0,27.0,True,50.0,in_stock,USD,Semi Lucid Blue,t-shirt,men,"[""L"", ""M"", ""S"", ""XL""]",https://lb.mikesport.com/products/adidas-camo-big-logo-men-training-t-shirt-semi-lucid-blue,2026-04-05T14:31:59Z,True,Sale price $ 27 Regular price $ 54 50%,in stock,
mikesport_lb,Adidas Run It Men running Short Semi Lucid Blue,IW8431,,MikeSport Lebanon,45.0,23.0,True,48.89,in_stock,USD,Semi Lucid Blue,short,men,"[""M"", ""S"", ""XL""]",https://lb.mikesport.com/products/adidas-run-it-men-running-short-semi-lucid-blue,2026-04-05T14:32:01Z,True,Sale price $ 23 Regular price $ 45 49%,in stock,
mikesport_lb,Adidas All Me Essentials Women training Tight Silver Dawn,IX0200,,MikeSport Lebanon,67.0,34.0,True,49.25,in_stock,USD,Silver Dawn,tight,women,"[""L"", ""M"", ""XS""]",https://lb.mikesport.com/products/adidas-all-me-essentials-women-training-tight-silver-dawn,2026-04-05T14:32:03Z,True,Sale price $ 34 Regular price $ 67 49%,in stock,
mikesport_lb,Adidas Select Jacquard Men Basketball Short Black/Charcoal,IW8262,,MikeSport Lebanon,80.0,40.0,True,50.0,in_stock,USD,Black/Charcoal,short,men,"[""L"", ""M"", ""S""]",https://lb.mikesport.com/products/adidas-select-jacquard-men-basketball-short-black-charcoal,2026-04-05T14:32:06Z,True,Sale price $ 40 Regular price $ 80 50%,in stock,
mikesport_lb,Adidas Future Icons 3 Stripes Women Sportswear Pant Ice Lavender,IW5242,,MikeSport Lebanon,105.0,53.0,True,49.52,in_stock,USD,Ice Lavender,pant,women,"[""L"", ""M"", ""S"", ""XS""]",https://lb.mikesport.com/products/adidas-future-icons-3-stripes-women-sportswear-pant-ice-lavender,2026-04-05T14:32:08Z,True,Sale price $ 53 Regular price $ 105 50%,in stock,
mikesport_lb,Adidas Essential Feelready Logo Men Training T-Shirt Navy/Mint Ton,IW3348,,MikeSport Lebanon,54.0,27.0,True,50.0,in_stock,USD,Navy/Mint Ton,t-shirt,men,"[""L"", ""M"", ""S"", ""XL""]",https://lb.mikesport.com/products/adidas-essential-feelready-logo-men-training-t-shirt-navy-mint-ton,2026-04-05T14:32:10Z,True,Sale price $ 27 Regular price $ 54 50%,in stock,
mikesport_lb,Adidas Tech Linear Graphic Men Sportswear T-Shirt White,IW2690,,MikeSport Lebanon,45.0,23.0,True,48.89,in_stock,USD,White,t-shirt,men,"[""M""]",https://lb.mikesport.com/products/adidas-tech-linear-graphic-men-sportswear-t-shirt-white,2026-04-05T14:32:13Z,True,Sale price $ 23 Regular price $ 45 49%,in stock,
mikesport_lb,Adidas Tech Linear Graphic Men Sportswear T-Shirt Black,IW2651,,MikeSport Lebanon,45.0,23.0,True,48.89,in_stock,USD,Black,t-shirt,men,"[""L"", ""M"", ""S""]",https://lb.mikesport.com/products/adidas-tech-linear-graphic-men-sportswear-t-shirt-black,2026-04-05T14:32:15Z,True,Sale price $ 23 Regular price $ 45 49%,in stock,
mikesport_lb,Adidas Szn Graphic Kids-Boys Sportswear Pant Legend Ink,IW0925,,MikeSport Lebanon,67.0,34.0,True,49.25,in_stock,USD,Legend Ink,pant,boys,"[""9-10 Years""]",https://lb.mikesport.com/products/adidas-szn-graphic-kids-boys-sportswear-pant-legend-ink,2026-04-05T14:32:17Z,True,Sale price $ 34 Regular price $ 67 49%,in stock,
mikesport_lb,Adidas Jam Kids-Unisex Sportswear Hoody Black/White,IV9452,,MikeSport Lebanon,80.0,40.0,True,50.0,in_stock,USD,Black/White,hoody,unisex,"[""7-8 Years"", ""11-12 Years""]",https://lb.mikesport.com/products/adidas-jam-kids-unisex-sportswear-hoody-black-white,2026-04-05T14:32:20Z,True,Sale price $ 40 Regular price $ 80 50%,in stock,
mikesport_lb,Adidas Jam Kids-Girls Sportswear Pant Pink Spark/White,IV7047,,MikeSport Lebanon,80.0,40.0,True,50.0,in_stock,USD,Pink Spark/White,pant,girls,"[""7-8 Years"", ""9-10 Years"", ""11-12 Years"", ""13-14 Years""]",https://lb.mikesport.com/products/adidas-jam-kids-girls-sportswear-pant-pink-spark-white,2026-04-05T14:32:22Z,True,Sale price $ 40 Regular price $ 80 50%,in stock,
mikesport_lb,Adidas Real Madrid Away 2024 2025 Men Football Short Crew Orange,IU5019,,MikeSport Lebanon,67.0,34.0,True,49.25,in_stock,USD,Crew Orange,short,men,"[""L""]",https://lb.mikesport.com/products/adidas-real-madrid-away-2024-2025-men-football-short-crew-orange,2026-04-05T14:32:23Z,True,Sale price $ 34 Regular price $ 67 49%,in stock,
mikesport_lb,Adidas Adizero Essentials Men Running Jacket Black/White,IT7585,,MikeSport Lebanon,105.0,,False,,in_stock,USD,Black/White,jacket,men,"[""L"", ""M"", ""S"", ""XL""]",https://lb.mikesport.com/products/adidas-adizero-essentials-men-running-jacket-black-white,2026-04-05T14:32:26Z,True,Regular price $ 105,in stock,
mikesport_lb,Adidas Team Kids-Boys Sportswear T-Shirt Royal Blue/White,IT5057,,MikeSport Lebanon,38.0,19.0,True,50.0,in_stock,USD,Royal Blue/White,t-shirt,boys,"[""7-8 Years"", ""9-10 Years"", ""11-12 Years""]",https://lb.mikesport.com/products/adidas-team-kids-boys-sportswear-t-shirt-royal-blue-white,2026-04-05T14:32:27Z,True,Sale price $ 19 Regular price $ 38 50%,in stock,
mikesport_lb,Adidas Essentials 3 Stripes Kids-Girls Sportswear Set White/Carbon,IT0530,,MikeSport Lebanon,54.0,27.0,True,50.0,in_stock,USD,White/Carbon,set,girls,"[""7-8 Years"", ""11-12 Years"", ""13-14 Years""]",https://lb.mikesport.com/products/adidas-essentials-3-stripes-kids-girls-sportswear-set-white-carbon,2026-04-05T14:32:30Z,True,Sale price $ 27 Regular price $ 54 50%,in stock,
mikesport_lb,Adidas Club 3 Stripes Men Tennis T-Shirt Lucid Lemon,IS8110,,MikeSport Lebanon,61.0,31.0,True,49.18,in_stock,USD,Lucid Lemon,t-shirt,men,"[""L"", ""M"", ""XL""]",https://lb.mikesport.com/products/adidas-club-3-stripes-men-tennis-t-shirt-lucid-lemon,2026-04-05T14:32:32Z,True,Sale price $ 31 Regular price $ 61 49%,in stock,
mikesport_lb,Adidas Juventus Home Men Football T-Shirt White/Black,IS8002,,MikeSport Lebanon,153.0,77.0,True,49.67,in_stock,USD,White/Black,t-shirt,men,"[""M""]",https://lb.mikesport.com/products/adidas-juventus-home-men-football-t-shirt-white-black,2026-04-05T14:32:34Z,True,Sale price $ 77 Regular price $ 153 50%,in stock,
mikesport_lb,Adidas All Me Essential Women Training Bra Black,IQ3371,,MikeSport Lebanon,61.0,31.0,True,49.18,in_stock,USD,Black,bra,women,"[""L"", ""S""]",https://lb.mikesport.com/products/adidas-all-me-essential-women-training-bra-black,2026-04-05T14:32:36Z,True,Sale price $ 31 Regular price $ 61 49%,in stock,
mikesport_lb,Adidas Run 70S 2 Men Sportswear Shoes Blue/Off White,IH8590,,MikeSport Lebanon,105.0,53.0,True,49.52,in_stock,USD,Blue/Off White,espadrilles,men,"[""45 1/3 EU"", ""42 EU""]",https://lb.mikesport.com/products/adidas-run-70s-2-men-sportswear-shoes-blue-off-white,2026-04-05T14:32:38Z,True,Sale price $ 53 Regular price $ 105 50%,in stock,
mikesport_lb,Adidas Copa Pure 2 League Kids Turf Shoes Black/Platinum/Turbo,IG8734,,MikeSport Lebanon,89.0,36.0,True,59.55,in_stock,USD,Black/Platinum/Turbo,espadrilles,kids,"[""35 1/2 EU"", ""36 2/3 EU"", ""37 1/3 EU""]",https://lb.mikesport.com/products/adidas-copa-pure-2-league-kids-turf-shoes-black-platinum-turbo,2026-04-05T14:32:40Z,True,Sale price $ 36 Regular price $ 89 60%,in stock,
mikesport_lb,Adidas Ultraboost 5 Men Running Shoes Grey/Zero Metalic,IF1481,,MikeSport Lebanon,287.0,144.0,True,49.83,in_stock,USD,Grey/Zero Metalic,espadrilles,men,"[""41 1/3 EU"", ""42 2/3 EU"", ""43 1/3 EU"", ""44 EU""]",https://lb.mikesport.com/products/adidas-ultraboost-5-men-running-shoes-grey-zero-metalic,2026-04-05T14:32:42Z,True,Sale price $ 144 Regular price $ 287 50%,in stock,
mikesport_lb,Adidas Alphaboost V2 Men Sportswear Shoes Black/Carbon,IE9153,,MikeSport Lebanon,175.0,88.0,True,49.71,in_stock,USD,Black/Carbon,espadrilles,men,"[""46 EU""]",https://lb.mikesport.com/products/adidas-alphaboost-v2-men-sportswear-shoes-black-carbon,2026-04-05T14:32:45Z,True,Sale price $ 88 Regular price $ 175 50%,in stock,
mikesport_lb,Adidas F50 League Tf Kids Turf Shoes White/Black/Purple,IE9082,,MikeSport Lebanon,105.0,53.0,True,49.52,in_stock,USD,White/Black/Purple,espadrilles,kids,"[""36 EU"", ""36 2/3 EU""]",https://lb.mikesport.com/products/adidas-f50-league-tf-kids-turf-shoes-white-black-purple,2026-04-05T14:32:47Z,True,Sale price $ 53 Regular price $ 105 50%,in stock,
mikesport_lb,Adidas Z N E Men Sportswear Short Black,JE7540,,MikeSport Lebanon,80.0,,False,,in_stock,USD,Black,short,men,"[""S""]",https://lb.mikesport.com/products/adidas-zne-men-sportswear-short-black,2026-04-05T14:32:49Z,True,Regular price $ 80,in stock,
mikesport_lb,Adidas Aeroreact Women Training Bra Shadow Olive,IZ1864,,MikeSport Lebanon,45.0,14.0,True,68.89,in_stock,USD,Shadow Olive,bra,women,"[""S"", ""XS""]",https://lb.mikesport.com/products/adidas-aeroreact-women-training-bra-shadow-olive,2026-04-05T14:32:51Z,True,Sale price $ 14 Regular price $ 45 69%,in stock,
mikesport_lb,Adidas Future Icons Badge Of Sport Men Sportswear T-Shirt Off Whhite/Orange,IZ1626,,MikeSport Lebanon,61.0,31.0,True,49.18,in_stock,USD,Off White/Orange,t-shirt,men,"[""L"", ""M"", ""XL""]",https://lb.mikesport.com/products/adidas-future-icons-badge-of-sport-men-sportswear-t-shirt-off-whhite-orange,2026-04-05T14:32:53Z,True,Sale price $ 31 Regular price $ 61 49%,in stock,
mikesport_lb,Adidas Optime Essentials Shine Women Training Tight Shadow Olive,IX4984,,MikeSport Lebanon,89.0,36.0,True,59.55,in_stock,USD,Shadow Olive,tight,women,"[""L""]",https://lb.mikesport.com/products/adidas-optime-essentials-shine-women-training-tight-shadow-olive,2026-04-05T14:32:55Z,True,Sale price $ 36 Regular price $ 89 60%,in stock,
mikesport_lb,Adidas Gym Plus 3 Stripes Woven Men Training Short Shadow Navy/Silver,IW5907,,MikeSport Lebanon,67.0,34.0,True,49.25,in_stock,USD,Shadow Navy/Silver,short,men,"[""M""]",https://lb.mikesport.com/products/adidas-gym-plus-3-stripes-woven-men-training-short-shadow-navy-silver,2026-04-05T14:32:57Z,True,Sale price $ 34 Regular price $ 67 49%,in stock,
mikesport_lb,Adidas Own The Run Women Running T-Shirt Semi Pink Spark,IV5488,,MikeSport Lebanon,54.0,27.0,True,50.0,in_stock,USD,Semi Pink Spark,t-shirt,women,"[""M"", ""XS""]",https://lb.mikesport.com/products/adidas-own-the-run-women-running-t-shirt-semi-pink-spark,2026-04-05T14:32:59Z,True,Sale price $ 27 Regular price $ 54 50%,in stock,
mikesport_lb,Adidas Classic Btu Unisex Training Bag Black/White,IM5500,,MikeSport Lebanon,67.0,34.0,True,49.25,in_stock,USD,Black/White,bag,unisex,[],https://lb.mikesport.com/products/adidas-classic-btu-unisex-training-bag-black-white,2026-04-05T14:33:01Z,True,Sale price $ 34 Regular price $ 67 49%,in stock,
mikesport_lb,Adidas Adilette Aqua Women Sportswear Slippers Black/Gold,EG1758,,MikeSport Lebanon,38.0,19.0,True,50.0,in_stock,USD,Black/Gold,slippers,women,"[""36 2/3 EU""]",https://lb.mikesport.com/products/adidas-adilette-aqua-women-sportswear-slippers-black-gold,2026-04-05T14:33:04Z,True,Sale price $ 19 Regular price $ 38 50%,in stock,
mikesport_lb,Adidas SL 72 OG Women Originals Shoes Aqua/Red/Clear Sky,JH7397,,MikeSport Lebanon,153.0,77.0,True,49.67,in_stock,USD,Aqua/Red/Clear Sky,espadrilles,women,"[""38 EU"", ""38 2/3 EU"", ""40 2/3 EU""]",https://lb.mikesport.com/products/jh7397-sl-72-og-w-seflaq-brired-clesky,2026-04-05T14:33:06Z,True,Sale price $ 77 Regular price $ 153 50%,in stock,
mikesport_lb,Adidas Duramo Sl Infant Boys Running Shoes Blue/Lemon/Aqua,IH2443,,MikeSport Lebanon,61.0,31.0,True,49.18,in_stock,USD,Blue/Lemon/Aqua,espadrilles,boys,"[""21 EU""]",https://lb.mikesport.com/products/adidas-duramo-sl-infant-boys-running-shoes-blue-lemon-aqua,2026-04-05T14:33:08Z,True,Sale price $ 31 Regular price $ 61 49%,in stock,
mikesport_lb,Adidas Supernova Stride Men Running Shoes Black,IG8319,,MikeSport Lebanon,175.0,88.0,True,49.71,in_stock,USD,Black,espadrilles,men,"[""44 2/3 EU"", ""42 EU"", ""42 2/3 EU"", ""43 1/3 EU"", ""44 EU""]",https://lb.mikesport.com/products/adidas-supernova-stride-men-running-shoes-black,2026-04-05T14:33:10Z,True,Sale price $ 88 Regular price $ 175 50%,in stock,
mikesport_lb,Adidas Club 3 Stripes Men Tennis T-Shirt Cobalt Blue,IZ3234,,MikeSport Lebanon,60.0,30.0,True,50.0,in_stock,USD,Cobalt Blue,t-shirt,men,"[""L""]",https://lb.mikesport.com/products/adidas-club-3-stripes-men-tennis-t-shirt-cobalt-blue,2026-04-05T14:33:12Z,True,Sale price $ 30 Regular price $ 60 50%,in stock,
mikesport_lb,Adidas Tie Dyed Men Original T-Shirt Black,IZ0089,,MikeSport Lebanon,60.0,30.0,True,50.0,in_stock,USD,Black,t-shirt,men,"[""L"", ""M"", ""S""]",https://lb.mikesport.com/products/adidas-tie-dyed-men-original-t-shirt-black,2026-04-05T14:33:14Z,True,Sale price $ 30 Regular price $ 60 50%,in stock,
mikesport_lb,Adidas Gym Plus Men Training Short Black/Grey,IN5578,,MikeSport Lebanon,67.0,34.0,True,49.25,in_stock,USD,Black/Grey,short,men,"[""S""]",https://lb.mikesport.com/products/adidas-gym-plus-men-training-short-black-grey,2026-04-05T14:33:16Z,True,Sale price $ 34 Regular price $ 67 49%,in stock,
mikesport_lb,Adidas Base Men Training Short Black,IN5591,,MikeSport Lebanon,45.0,,False,,in_stock,USD,Black,short,men,"[""L"", ""M"", ""S"", ""XL""]",https://lb.mikesport.com/products/adidas-base-men-training-short-black,2026-04-05T14:33:18Z,True,Regular price $ 45,in stock,
mikesport_lb,Adidas 4 Athlts Medium Unisex Training Bag Black/White,IM5521,,MikeSport Lebanon,67.0,,False,,in_stock,USD,Black/White,bags_cases_and_luggage,unisex,[],https://lb.mikesport.com/products/adidas-4-athlts-medium-unisex-training-bag-black-white,2026-04-05T14:33:20Z,True,Regular price $ 67,in stock,
mikesport_lb,Adidas Large Unisex Training Band White/Black,HT3911,,MikeSport Lebanon,19.0,,False,,in_stock,USD,White/Black,band,unisex,[],https://lb.mikesport.com/products/adidas-large-unisex-training-band-white-black,2026-04-05T14:33:22Z,True,Regular price $ 19,in stock,
mikesport_lb,Adidas Essentials 3 Stripes Baby-Boys Sportswear Set Blue/Grey,IV7393,,MikeSport Lebanon,44.0,22.0,True,50.0,in_stock,USD,Blue/Grey,set,boys,"[""9-12 Months""]",https://lb.mikesport.com/products/adidas-essentials-3-stripes-baby-boys-sportswear-set-blue-grey,2026-04-05T14:33:24Z,True,Sale price $ 22 Regular price $ 44 50%,in stock,
mikesport_lb,Adidas Euro 24 Pro Unisex Football Ball Silver/Gold/Black,IS7436,,MikeSport Lebanon,239.0,120.0,True,49.79,in_stock,USD,Silver/Gold/Black,ball,unisex,"[""5""]",https://lb.mikesport.com/products/adidas-euro-24-pro-unisex-football-ball-silver-gold-black,2026-04-05T14:33:26Z,True,Sale price $ 120 Regular price $ 239 50%,in stock,
mikesport_lb,Adidas Z N E Men Sportswear Hoody Black,JE7538,,MikeSport Lebanon,159.0,,False,,in_stock,USD,Black,hoody,men,"[""L"", ""M"", ""S"", ""XL""]",https://lb.mikesport.com/products/adidas-z-n-e-men-sportswear-hoody-black-2,2026-04-05T14:33:28Z,True,Regular price $ 159,in stock,
mikesport_lb,Adidas Back To School 2 Kids-Unisex Training Bag Black/Pink,JE7120,,MikeSport Lebanon,21.0,11.0,True,47.62,in_stock,USD,Black/Pink,bag,unisex,[],https://lb.mikesport.com/products/adidas-back-to-school-2-kids-unisex-training-bag-black-pink,2026-04-05T14:33:30Z,True,Sale price $ 11 Regular price $ 21 48%,in stock,
mikesport_lb,Adidas Techfit Men Training T-Shirt Black,JE6698,,MikeSport Lebanon,54.0,,False,,in_stock,USD,Black,baselayer,men,"[""2XL"", ""L"", ""M"", ""S"", ""XL""]",https://lb.mikesport.com/products/adidas-techfit-men-training-t-shirt-black,2026-04-05T14:33:32Z,True,Regular price $ 54,in stock,
mikesport_lb,Adidas Tiro 24 Men Football Jacket White/Red/Blue,JE2003,,MikeSport Lebanon,76.0,38.0,True,50.0,in_stock,USD,White/Red/Blue,jacket,men,"[""L""]",https://lb.mikesport.com/products/adidas-tiro-24-men-football-jacket-white-red-blue,2026-04-05T14:33:35Z,True,Sale price $ 38 Regular price $ 76 50%,in stock,
mikesport_lb,Adidas Future Icons Winners Kids-Girls Sportswear T-Shirt Sandy Pink/White,IX9403,,MikeSport Lebanon,38.0,19.0,True,50.0,in_stock,USD,Sandy Pink/White,t-shirt,girls,"[""9-10 Years"", ""11-12 Years""]",https://lb.mikesport.com/products/adidas-future-icons-winners-kids-girls-sportswear-t-shirt-sandy-pink-white,2026-04-05T14:33:37Z,True,Sale price $ 19 Regular price $ 38 50%,in stock,
mikesport_lb,Adidas Yoga Men Training T-Shirt Shadow Fig,IX9052,,MikeSport Lebanon,67.0,34.0,True,49.25,in_stock,USD,Shadow Fig,t-shirt,men,"[""M"", ""S"", ""XL""]",https://lb.mikesport.com/products/adidas-yoga-men-training-t-shirt-shadow-fig,2026-04-05T14:33:39Z,True,Sale price $ 34 Regular price $ 67 49%,in stock,
mikesport_lb,Adidas Trefoil Essentials Men Original Pant Navy Indigo,IX7689,,MikeSport Lebanon,89.0,45.0,True,49.44,in_stock,USD,Navy Indigo,pant,men,"[""XL""]",https://lb.mikesport.com/products/adidas-trefoil-essentials-men-original-pant-navy-indigo,2026-04-05T14:33:41Z,True,Sale price $ 45 Regular price $ 89 49%,in stock,
mikesport_lb,Adidas Trefoil Essentials Men Original Pant Preloved Green,IX7685,,MikeSport Lebanon,89.0,45.0,True,49.44,in_stock,USD,Preloved Green,pant,men,"[""L"", ""M"", ""S"", ""XL""]",https://lb.mikesport.com/products/adidas-trefoil-essentials-men-original-pant-preloved-green,2026-04-05T14:33:43Z,True,Sale price $ 45 Regular price $ 89 49%,in stock,
mikesport_lb,Adidas Supply Men Original T-Shirt White,IX6738,,MikeSport Lebanon,54.0,27.0,True,50.0,in_stock,USD,White,t-shirt,men,"[""L""]",https://lb.mikesport.com/products/adidas-supply-men-original-t-shirt-white,2026-04-05T14:33:45Z,True,Sale price $ 27 Regular price $ 54 50%,in stock,
mikesport_lb,Adidas T And D Men Original Hoody Off White,IX6694,,MikeSport Lebanon,137.0,69.0,True,49.64,in_stock,USD,Off White,hoody,men,"[""L"", ""M"", ""XL""]",https://lb.mikesport.com/products/adidas-t-and-d-men-original-hoody-off-white,2026-04-05T14:33:47Z,True,Sale price $ 69 Regular price $ 137 50%,in stock,
mikesport_lb,Adidas Predator Unisex Football Gloves Blue/Red/White,IX3870,,MikeSport Lebanon,60.0,30.0,True,50.0,in_stock,USD,Blue/Red/White,gloves,unisex,"[""7"", ""8""]",https://lb.mikesport.com/products/adidas-predator-unisex-football-gloves-blue-red-white,2026-04-05T14:33:50Z,True,Sale price $ 30 Regular price $ 60 50%,in stock,
mikesport_lb,Adidas All Szn Men Sportswear Hoody Black,IX1266,,MikeSport Lebanon,105.0,53.0,True,49.52,in_stock,USD,Black,hoody,men,"[""XL""]",https://lb.mikesport.com/products/adidas-all-szn-men-sportswear-hoody-black-1,2026-04-05T14:33:52Z,True,Sale price $ 53 Regular price $ 105 50%,in stock,
mikesport_lb,Adidas All Szn Men Sportswear Short Black,IX1247,,MikeSport Lebanon,61.0,,False,,in_stock,USD,Black,short,men,"[""2XL"", ""L"", ""M"", ""S"", ""XL""]",https://lb.mikesport.com/products/adidas-all-szn-men-sportswear-short-black-2,2026-04-05T14:33:54Z,True,Regular price $ 61,in stock,
mikesport_lb,Adidas Tiro Men Sportswear Pant Legend Ink/Yellow,IW3582,,MikeSport Lebanon,95.0,48.0,True,49.47,in_stock,USD,Legend Ink/Yellow,pant,men,"[""M""]",https://lb.mikesport.com/products/adidas-tiro-men-sportswear-pant-legend-ink-yellow,2026-04-05T14:33:56Z,True,Sale price $ 48 Regular price $ 95 49%,in stock,
mikesport_lb,Adidas Disney Minnie Mouse Girls Training Cap Shadow Fig/Pink,IW1124,,MikeSport Lebanon,32.0,16.0,True,50.0,in_stock,USD,Shadow Fig/Pink,cap,girls,"[""One Size For Youth""]",https://lb.mikesport.com/products/adidas-disney-minnie-mouse-girls-training-cap-shadow-fig-pink,2026-04-05T14:33:58Z,True,Sale price $ 16 Regular price $ 32 50%,in stock,
mikesport_lb,Adidas Szn Gfx Boys Sportswear T-Shirt Legend Ink,IW0916,,MikeSport Lebanon,41.0,21.0,True,48.78,in_stock,USD,Legend Ink,t-shirt,boys,"[""9-10 Years"", ""11-12 Years""]",https://lb.mikesport.com/products/adidas-szn-gfx-boys-sportswear-t-shirt-legend-ink,2026-04-05T14:34:01Z,True,Sale price $ 21 Regular price $ 41 49%,in stock,
mikesport_lb,Adidas Essentials Logo Boys Sportswear T-Shirt Legend Ink/White,IW0852,,MikeSport Lebanon,25.0,13.0,True,48.0,in_stock,USD,Legend Ink/White,t-shirt,boys,"[""9-10 Years"", ""11-12 Years""]",https://lb.mikesport.com/products/adidas-essentials-logo-boys-sportswear-t-shirt-legend-ink-white,2026-04-05T14:34:03Z,True,Sale price $ 13 Regular price $ 25 48%,in stock,
mikesport_lb,Adidas Boost Graphic Men Sportswear T-Shirt Black,IW0285,,MikeSport Lebanon,44.0,22.0,True,50.0,in_stock,USD,Black,t-shirt,men,"[""S"", ""XL""]",https://lb.mikesport.com/products/adidas-boost-graphic-men-sportswear-t-shirt-black,2026-04-05T14:34:05Z,True,Sale price $ 22 Regular price $ 44 50%,in stock,
mikesport_lb,Adidas Star Wars Little-Boys Sportswear Set Grey/Red,IV9644,,MikeSport Lebanon,79.0,40.0,True,49.37,in_stock,USD,Grey/Red,set,boys,"[""4-5 Years"", ""2-3 Years""]",https://lb.mikesport.com/products/adidas-star-wars-little-boys-sportswear-set-grey-red,2026-04-05T14:34:07Z,True,Sale price $ 40 Regular price $ 79 49%,in stock,
mikesport_lb,Adidas Future Icons 3S Men Sportswear T-Shirt Legend Ink,IY7733,,MikeSport Lebanon,60.0,30.0,True,50.0,in_stock,USD,Legend Ink,t-shirt,men,"[""L"", ""M"", ""S""]",https://lb.mikesport.com/products/adidas-future-icons-3s-men-sportswear-t-shirt-legend-ink,2026-04-05T14:34:09Z,True,Sale price $ 30 Regular price $ 60 50%,in stock,
mikesport_lb,Adidas Girls Sportswear T-Shirt Mint/Silver,IV9528,,MikeSport Lebanon,38.0,19.0,True,50.0,in_stock,USD,Mint/Silver,t-shirt,girls,"[""11-12 Years""]",https://lb.mikesport.com/products/adidas-girls-sportswear-t-shirt-mint-silver,2026-04-05T14:34:11Z,True,Sale price $ 19 Regular price $ 38 50%,in stock,
mikesport_lb,Adidas Doodle Pack Little Boys Sportswear T-Shirt White/Yellow,IZ0446,,MikeSport Lebanon,28.0,14.0,True,50.0,in_stock,USD,White/Yellow,t-shirt,boys,"[""4-5 Years"", ""5-6 Years""]",https://lb.mikesport.com/products/adidas-doodle-pack-little-boys-sportswear-t-shirt-white-yellow,2026-04-05T14:34:14Z,True,Sale price $ 14 Regular price $ 28 50%,in stock,
mikesport_lb,Adidas Positivity Graphic Men Sportswear T-Shirt Linen Green/Yellow,IY0731,,MikeSport Lebanon,44.0,29.0,True,34.09,in_stock,USD,Linen Green/Yellow,t-shirt,men,"[""S""]",https://lb.mikesport.com/products/adidas-positivity-graphic-men-sportswear-t-shirt-linen-green-yellow,2026-04-05T14:34:16Z,True,Sale price $ 29 Regular price $ 44 34%,in stock,
mikesport_lb,Adidas Tie Dyed Men Original T-Shirt Off White/Multi,IX6697,,MikeSport Lebanon,60.0,30.0,True,50.0,in_stock,USD,Off White/Multi,t-shirt,men,"[""L"", ""M""]",https://lb.mikesport.com/products/adidas-tie-dyed-men-original-t-shirt-off-white-multi,2026-04-05T14:34:18Z,True,Sale price $ 30 Regular price $ 60 50%,in stock,
mikesport_lb,Adidas Vl Court Bold Women Sportswear Shoes Black/White,IH9995,,MikeSport Lebanon,128.0,,False,,in_stock,USD,Black/White,shoes,women,"[""36 2/3 EU"", ""37 1/3 EU"", ""38 EU"", ""38 2/3 EU"", ""39 1/3 EU"", ""40 EU"", ""40 2/3 EU"", ""41 1/3 EU""]",https://lb.mikesport.com/products/adidas-vl-court-bold-women-sportswear-shoes-black-white,2026-04-05T14:34:20Z,True,Regular price $ 128,in stock,
mikesport_lb,Adidas Adilette Zplaash Women Sportswear Slippers Aluminium/Beige,IG6875,,MikeSport Lebanon,79.0,40.0,True,49.37,in_stock,USD,Aluminium/Beige,slippers,women,"[""36 2/3 EU"", ""38 EU"", ""39 1/3 EU"", ""40 2/3 EU"", ""42 EU""]",https://lb.mikesport.com/products/adidas-adilette-zplaash-women-sportswear-slippers-aluminium-beige,2026-04-05T14:34:22Z,True,Sale price $ 40 Regular price $ 79 49%,in stock,
mikesport_lb,Adidas Adilette Zplaash Women Sportswear Slippers Crimson/Maroon,IG6874,,MikeSport Lebanon,79.0,40.0,True,49.37,in_stock,USD,Crimson/Maroon,slippers,women,"[""36 2/3 EU"", ""38 EU"", ""39 1/3 EU"", ""42 EU""]",https://lb.mikesport.com/products/adidas-adilette-zplaash-women-sportswear-slippers-crimson-maroon,2026-04-05T14:34:24Z,True,Sale price $ 40 Regular price $ 79 49%,in stock,
mikesport_lb,Adidas Handball Spezial Women Original Shoes Aluminium/Black,IF6592,,MikeSport Lebanon,159.0,,False,,in_stock,USD,combinations add standout looks. Lace them up and express your style with a vintage flare. Highlights : Regular fit Lace Closure Composition : Suede upper Synthetic lining Gum Rubber outsole Color: Aluminium/Black,shoes,women,"[""36 2/3 EU"", ""37 1/3 EU"", ""38 EU"", ""38 2/3 EU"", ""39 1/3 EU"", ""40 EU"", ""40 2/3 EU"", ""41 1/3 EU""]",https://lb.mikesport.com/products/adidas-handball-spezial-women-original-shoes-aluminium-black,2026-04-05T14:34:27Z,True,Regular price $ 159,in stock,
mikesport_lb,Adidas Handball Spezial Women Original Shoes Silver/White/Gum,IF6491,,MikeSport Lebanon,159.0,,False,,in_stock,USD,Silver/White/Gum,shoes,women,"[""36 EU"", ""36 2/3 EU"", ""37 1/3 EU"", ""38 EU"", ""38 2/3 EU"", ""39 1/3 EU"", ""40 EU"", ""40 2/3 EU"", ""41 1/3 EU""]",https://lb.mikesport.com/products/adidas-handball-spezial-women-original-shoes-silver-white-gum,2026-04-05T14:34:29Z,True,Regular price $ 159,in stock,
mikesport_lb,Adidas Vl Court 3 Men Sportswear Shoes Grey/White,ID6276,,MikeSport Lebanon,105.0,,False,,in_stock,USD,Grey/White,shoes,men,"[""45 1/3 EU"", ""46 EU"", ""41 1/3 EU"", ""42 EU"", ""42 2/3 EU"", ""43 1/3 EU"", ""44 EU""]",https://lb.mikesport.com/products/adidas-vl-court-3-men-sportswear-shoes-grey-white,2026-04-05T14:34:31Z,True,Regular price $ 105,in stock,
mikesport_lb,Adidas Advantage Base 2 Ps-Girls Sportswear Shoes White/Bliss Pink,ID1305,,MikeSport Lebanon,61.0,,False,,in_stock,USD,White/Bliss Pink,shoes,girls,"[""33 EU"", ""28 EU"", ""30 EU"", ""29 EU"", ""31 EU"", ""32 EU"", ""34 EU"", ""35 EU""]",https://lb.mikesport.com/products/adidas-advantage-base-2-ps-girls-sportswear-shoes-white-bliss-pink,2026-04-05T14:34:33Z,True,Regular price $ 61,in stock,
mikesport_lb,Adidas Messi Club Unisex Football Protection Black/Gold/White,IW3923,,MikeSport Lebanon,21.0,11.0,True,47.62,in_stock,USD,Black/Gold/White,protection,unisex,"[""L""]",https://lb.mikesport.com/products/adidas-messi-club-unisex-football-protection-black-gold-white,2026-04-05T14:34:35Z,True,Sale price $ 11 Regular price $ 21 48%,in stock,
mikesport_lb,Adidas Real Madrid Home Men Football T-Shirt White/Black,IU5011,,MikeSport Lebanon,153.0,77.0,True,49.67,in_stock,USD,White/Black,t-shirt,men,"[""L"", ""XL""]",https://lb.mikesport.com/products/adidas-real-madrid-home-men-football-t-shirt-white-black,2026-04-05T14:34:37Z,True,Sale price $ 77 Regular price $ 153 50%,in stock,
mikesport_lb,Adidas Samba Og Ps Original Shoes White/Black/Gum,IE3677,,MikeSport Lebanon,89.0,,False,,in_stock,USD,White/Black/Gum,shoes,kids,"[""30 EU"", ""29 EU""]",https://lb.mikesport.com/products/adidas-samba-og-ps-original-shoes-white-black-gum,2026-04-05T14:34:40Z,True,Regular price $ 89,in stock,
mikesport_lb,Adidas Adilette Zplaash Women Sportswear Slippers Lucid Pink,IF8664,,MikeSport Lebanon,89.0,45.0,True,49.44,in_stock,USD,Lucid Pink,slippers,women,"[""40 2/3 EU""]",https://lb.mikesport.com/products/adidas-adilette-zplaash-women-sportswear-slippers-lucid-pink,2026-04-05T14:34:42Z,True,Sale price $ 45 Regular price $ 89 49%,in stock,
mikesport_lb,Adidas City Escape Q1 Men Sportswear Short Semi Green Spark,IR5187,,MikeSport Lebanon,67.0,34.0,True,49.25,in_stock,USD,Semi Green Spark,short,men,"[""L""]",https://lb.mikesport.com/products/adidas-city-escape-q1-men-sportswear-short-semi-green-spark,2026-04-05T14:34:44Z,True,Sale price $ 34 Regular price $ 67 49%,in stock,
mikesport_lb,Adidas Adilette Zplaash Women Sportswear Slippers Green Spark,IF0889,,MikeSport Lebanon,89.0,45.0,True,49.44,in_stock,USD,Green Spark,slippers,women,"[""40 2/3 EU""]",https://lb.mikesport.com/products/adidas-adilette-zplaash-women-sportswear-slippers-green-spark,2026-04-05T14:34:46Z,True,Sale price $ 45 Regular price $ 89 49%,in stock,
mikesport_lb,Adidas X Farm Rio 3S Men Swim Short Blue/Bliss Orange,IU1198,,MikeSport Lebanon,67.0,34.0,True,49.25,in_stock,USD,Blue/Bliss Orange,swim_short,men,"[""M"", ""S"", ""XL""]",https://lb.mikesport.com/products/adidas-x-farm-rio-3s-men-swim-short-blue-bliss-orange,2026-04-05T14:34:48Z,True,Sale price $ 34 Regular price $ 67 49%,in stock,
mikesport_lb,Adidas Essentials Minimal Branding Women Training T-Shirt Oat,IS3966,,MikeSport Lebanon,38.0,19.0,True,50.0,in_stock,USD,Oat,t-shirt,women,"[""XS""]",https://lb.mikesport.com/products/adidas-essentials-minimal-branding-women-training-t-shirt-oat,2026-04-05T14:34:50Z,True,Sale price $ 19 Regular price $ 38 50%,in stock,
mikesport_lb,Adidas X Farm Rio Women Training Tight Blue/Bliss Orange,IQ4508,,MikeSport Lebanon,76.0,38.0,True,50.0,in_stock,USD,"ful kaleidoscopic print. Moisture-managing AEROREADY keeps you feeling fresh from warm up to cool down. Slip your phone into the hidden pocket so you can crush your workout playlist. Highlights Tight fit Stretch waist Sleek fabric moves with you AEROREADY High rise Designed with fewer seams Allover FARM Rio graphic Seven-eighths length Composition: 85% recycled polyester, 15% elastane interlock Color: Blue/Bliss Orange",tight,women,"[""L""]",https://lb.mikesport.com/products/adidas-x-farm-rio-women-training-tight-blue-bliss-orange,2026-04-05T14:34:52Z,True,Sale price $ 38 Regular price $ 76 50%,in stock,
mikesport_lb,Adidas Wve Clx Boys Swim Short Silcver Dawn/Spark,IP1582,,MikeSport Lebanon,44.0,22.0,True,50.0,in_stock,USD,Silver Dawn/Spark,swim_short,boys,"[""9-10 Years""]",https://lb.mikesport.com/products/adidas-wve-clx-boys-swim-short-silcver-dawn-spark,2026-04-05T14:34:54Z,True,Sale price $ 22 Regular price $ 44 50%,in stock,
mikesport_lb,Adidas City Escape Men Sportswear Short Black,IN3705,,MikeSport Lebanon,67.0,34.0,True,49.25,in_stock,USD,Black,short,men,"[""M"", ""S""]",https://lb.mikesport.com/products/adidas-city-escape-men-sportswear-short-black,2026-04-05T14:34:56Z,True,Sale price $ 34 Regular price $ 67 49%,in stock,
mikesport_lb,Adidas All Me Essential Women Training Tight Black,IL7327,,MikeSport Lebanon,67.0,34.0,True,49.25,in_stock,USD,Black,tight,women,"[""XS""]",https://lb.mikesport.com/products/adidas-all-me-essential-women-training-tight-black,2026-04-05T14:34:58Z,True,Sale price $ 34 Regular price $ 67 49%,in stock,
mikesport_lb,Adidas Essentials Linear Kids Girls Sportswear T-Shirt Green Spark/Ink,IS2665,,MikeSport Lebanon,29.0,15.0,True,48.28,in_stock,USD,Green Spark/Ink,t-shirt,girls,"[""11-12 Years""]",https://lb.mikesport.com/products/adidas-essentials-linear-kids-girls-sportswear-t-shirt-green-spark-ink,2026-04-05T14:35:00Z,True,Sale price $ 15 Regular price $ 29 48%,in stock,
mikesport_lb,Adidas Positivisea Women Swim Monokini Linen Green/Black,HI1115,,MikeSport Lebanon,74.0,37.0,True,50.0,in_stock,USD,Linen Green/Black,monokini,women,"[""36""]",https://lb.mikesport.com/products/adidas-positivisea-women-swim-monokini-linen-green-black,2026-04-05T14:35:02Z,True,Sale price $ 37 Regular price $ 74 50%,in stock,
mikesport_lb,Adidas Positivisea Women Swim Monokini Dark Purple/White,HI1114,,MikeSport Lebanon,74.0,37.0,True,50.0,in_stock,USD,Dark Purple/White,monokini,women,"[""34"", ""36""]",https://lb.mikesport.com/products/adidas-positivisea-women-swim-monokini-dark-purple-white,2026-04-05T14:35:04Z,True,Sale price $ 37 Regular price $ 74 50%,in stock,
mikesport_lb,Adidas Unisex Running Bag Black/White,GV3352,,MikeSport Lebanon,29.0,15.0,True,48.28,in_stock,USD,Black/White,bag,unisex,[],https://lb.mikesport.com/products/adidas-unisex-running-bag-black-white,2026-04-05T14:35:06Z,True,Sale price $ 15 Regular price $ 29 48%,in stock,
mikesport_lb,Adidas Women Original Tight Black/White,HF7536,,MikeSport Lebanon,65.0,33.0,True,49.23,in_stock,USD,Black/White,tight,women,"[""32"", ""34""]",https://lb.mikesport.com/products/adidas-women-original-tight-black-white,2026-04-05T14:35:08Z,True,Sale price $ 33 Regular price $ 65 49%,in stock,
mikesport_lb,Adidas Future Icons Men Sportswear Hoody Collegiate Green,H45370,,MikeSport Lebanon,107.0,54.0,True,49.53,in_stock,USD,Collegiate Green,hoody,men,"[""XS""]",https://lb.mikesport.com/products/adidas-future-icons-men-sportswear-hoody-collegiate-green,2026-04-05T14:35:10Z,True,Sale price $ 54 Regular price $ 107 50%,in stock,
mikesport_lb,Adidas Graphics Men Original Short Navy Camo,HF4872,,MikeSport Lebanon,79.0,40.0,True,49.37,in_stock,USD,Navy Camo,short,men,"[""S""]",https://lb.mikesport.com/products/adidas-graphics-men-original-short-navy-camo,2026-04-05T14:35:12Z,True,Sale price $ 40 Regular price $ 79 49%,in stock,
mikesport_lb,Adidas Men Original Swim Short Black/Lime,HE4684,,MikeSport Lebanon,72.0,36.0,True,50.0,in_stock,USD,Black,swim_short,men,"[""S"", ""XS""]",https://lb.mikesport.com/products/adidas-men-original-swim-short-black-lime,2026-04-05T14:35:15Z,True,Sale price $ 36 Regular price $ 72 50%,in stock,
mikesport_lb,Adidas Terrex 5P Unisex Outdoor Cap Black/Brown/White,GU2083,,MikeSport Lebanon,36.0,18.0,True,50.0,in_stock,USD,Black/Brown/White,cap,unisex,"[""One Size""]",https://lb.mikesport.com/products/adidas-terrex-5p-unisex-outdoor-cap-black-brown-white,2026-04-05T14:35:16Z,True,Sale price $ 18 Regular price $ 36 50%,in stock,
mikesport_lb,Adidas T24 Gk Men Football Short Black/Coral/Yellow,IN0447,,MikeSport Lebanon,77.0,39.0,True,49.35,in_stock,USD,Black/Coral/Yellow,short,men,"[""L""]",https://lb.mikesport.com/products/adidas-t24-gk-men-football-short-black-coral-yellow,2026-04-05T14:35:18Z,True,Sale price $ 39 Regular price $ 77 49%,in stock,
mikesport_lb,Adidas Z N E Women Sportswear Hoody Beige,H42063,,MikeSport Lebanon,148.0,74.0,True,50.0,in_stock,USD,Beige,hoody,women,"[""M"", ""S"", ""XS""]",https://lb.mikesport.com/products/adidas-z-n-e-women-sportswear-hoody-beige,2026-04-05T14:35:20Z,True,Sale price $ 74 Regular price $ 148 50%,in stock,
mikesport_lb,Adidas Adicolor Ps Original Hoody Black/White,H32337,,MikeSport Lebanon,65.0,33.0,True,49.23,in_stock,USD,Black/White,hoody,kids,"[""7-8 Years""]",https://lb.mikesport.com/products/adidas-adicolor-ps-original-hoody-black-white,2026-04-05T14:35:22Z,True,Sale price $ 33 Regular price $ 65 49%,in stock,
mikesport_lb,Adidas Adicolor Essentials Women Original Hoody Black,H06619,,MikeSport Lebanon,89.0,45.0,True,49.44,in_stock,USD,Black,hoody,women,"[""32"", ""34"", ""36""]",https://lb.mikesport.com/products/adidas-adicolor-essentials-women-original-hoody-black,2026-04-05T14:35:25Z,True,Sale price $ 45 Regular price $ 89 49%,in stock,
mikesport_lb,Adidas Terrex Unisex Outdoor Beanie Light Brown/Black,GU2086,,MikeSport Lebanon,43.0,22.0,True,48.84,in_stock,USD,Light Brown/Black,beanie,unisex,"[""One Size""]",https://lb.mikesport.com/products/adidas-terrex-unisex-outdoor-beanie-light-brown-black,2026-04-05T14:35:27Z,True,Sale price $ 22 Regular price $ 43 49%,in stock,
mikesport_lb,Adidas Adicolor Classics Women Original Hoody Black/White,GN2890,,MikeSport Lebanon,75.0,38.0,True,49.33,in_stock,USD,"Classics Crop Hoodie and take them on while wearing something familiar. Soft French terry ensures you stay comfortable, and ribbed details keep the sweatshirt in place so no matter what comes up, you're ready. Highlights: Loose fit Drawcord-adjustable hood Composition: 100% cotton French terry Color: Black/White",hoody,women,"[""32""]",https://lb.mikesport.com/products/adidas-adicolor-classics-women-original-hoody-black-white,2026-04-05T14:35:29Z,True,Sale price $ 38 Regular price $ 75 49%,in stock,
mikesport_lb,Adidas Fef Home Unisex Football Scarf Red/Gold,CF4968,,MikeSport Lebanon,30.0,9.0,True,70.0,in_stock,USD,Red/Gold,scarf,unisex,"[""One Size""]",https://lb.mikesport.com/products/adidas-fef-home-unisex-football-scarf-red-gold,2026-04-05T14:35:31Z,True,Sale price $ 9 Regular price $ 30 70%,in stock,
mikesport_lb,Adidas Lounge Ribbed Biker Women Sportswear Short Black,IR8786,,MikeSport Lebanon,54.0,27.0,True,50.0,in_stock,USD,Black,short,women,"[""M""]",https://lb.mikesport.com/products/adidas-lounge-ribbed-biker-women-sportswear-short-black,2026-04-05T14:35:33Z,True,Sale price $ 27 Regular price $ 54 50%,in stock,
mikesport_lb,Adidas Starlancer Club Unisex Football White/Black,IP1648,,MikeSport Lebanon,25.0,,False,,in_stock,USD,White/Black,ball,unisex,"[""5""]",https://lb.mikesport.com/products/adidas-starlancer-club-unisex-football-ball-white-black-1,2026-04-05T14:35:35Z,True,Regular price $ 25,in stock,
mikesport_lb,Adidas Women Training Tight Preloved Green,IT9373,,MikeSport Lebanon,67.0,27.0,True,59.7,in_stock,USD,Preloved Green,tight,women,"[""L"", ""M""]",https://lb.mikesport.com/products/adidas-women-training-tight-preloved-green,2026-04-05T14:35:38Z,True,Sale price $ 27 Regular price $ 67 60%,in stock,
mikesport_lb,Adidas Optime Women Training Tight Preloved Fig,IT9107,,MikeSport Lebanon,89.0,45.0,True,49.44,in_stock,USD,Preloved Fig,tight,women,"[""S"", ""XS""]",https://lb.mikesport.com/products/adidas-optime-women-training-tight-preloved-fig,2026-04-05T14:35:40Z,True,Sale price $ 45 Regular price $ 89 49%,in stock,
mikesport_lb,Adidas Powerreact Women Training Bra Bright Red,IT6645,,MikeSport Lebanon,67.0,34.0,True,49.25,in_stock,USD,Bright Red,bra,women,"[""XS""]",https://lb.mikesport.com/products/adidas-powerreact-women-training-bra-bright-red,2026-04-05T14:35:42Z,True,Sale price $ 34 Regular price $ 67 49%,in stock,
mikesport_lb,Adidas Designed For Training Workout Men T-Shirt Dgh Solid Grey,IS3809,,MikeSport Lebanon,61.0,,False,,in_stock,USD,Dgh Solid Grey,t-shirt,men,"[""2XL"", ""L"", ""M"", ""S"", ""XL""]",https://lb.mikesport.com/products/adidas-designed-for-training-workout-men-t-shirt-dgh-solid-grey,2026-04-05T14:35:44Z,True,Regular price $ 61,in stock,
mikesport_lb,Adidas Solid Clx Men Swim Swim Short Scarlet/White,IR6223,,MikeSport Lebanon,48.0,24.0,True,50.0,in_stock,USD,Scarlet/White,swim_short,men,"[""L"", ""S"", ""XL""]",https://lb.mikesport.com/products/adidas-solid-clx-men-swim-swim-short-scarlet-white,2026-04-05T14:35:46Z,True,Sale price $ 24 Regular price $ 48 50%,in stock,
mikesport_lb,Adidas Farm Gtx Women Sportswear T-Shirt Tomato Red,IQ4486,,MikeSport Lebanon,54.0,27.0,True,50.0,in_stock,USD,"s, as well as having that sports heritage with the adidas logo to take it wherever you want. It has to be yours! Highlights: Classic Cut Everyday Use Composition: 100% Cotton Color: Tomato Red",t-shirt,women,"[""XS""]",https://lb.mikesport.com/products/adidas-farm-gtx-women-sportswear-t-shirt-tomato-red,2026-04-05T14:35:48Z,True,Sale price $ 27 Regular price $ 54 50%,in stock,
mikesport_lb,Adidas Club Men Tennis Short Black,HS3266,,MikeSport Lebanon,54.0,27.0,True,50.0,in_stock,USD,Black,short,men,"[""S""]",https://lb.mikesport.com/products/adidas-club-men-tennis-short-black,2026-04-05T14:35:50Z,True,Sale price $ 27 Regular price $ 54 50%,in stock,
mikesport_lb,Adidas Solid Clx Men Swim Swim Short Black/Lucid Lemon,IA5390,,MikeSport Lebanon,48.0,24.0,True,50.0,in_stock,USD,Black/Lucid Lemon,swim_short,men,"[""S""]",https://lb.mikesport.com/products/adidas-solid-clx-men-swim-swim-short-black-lucid-lemon,2026-04-05T14:35:52Z,True,Sale price $ 24 Regular price $ 48 50%,in stock,
mikesport_lb,Adidas Duramo Speed Men Running Shoes Black/Carbon/White,IE7267,,MikeSport Lebanon,137.0,69.0,True,49.64,in_stock,USD,Black/Carbon/White,espadrilles,men,"[""42 2/3 EU""]",https://lb.mikesport.com/products/adidas-duramo-speed-men-running-shoes-black-carbon-white,2026-04-05T14:35:54Z,True,Sale price $ 69 Regular price $ 137 50%,in stock,
mikesport_lb,Adidas Adventure Kids-Unisex Original Jacket Black,IL5005,,MikeSport Lebanon,153.0,77.0,True,49.67,in_stock,USD,Black,jacket,unisex,"[""4-5 Years"", ""7-8 Years""]",https://lb.mikesport.com/products/adidas-adventure-kids-unisex-original-jacket-black,2026-04-05T14:35:56Z,True,Sale price $ 77 Regular price $ 153 50%,in stock,
mikesport_lb,Adidas X Disney Mickey Mouse Baby-Boys Sportswear Set Chalk White/Gold/Red,IB4846,,MikeSport Lebanon,89.0,45.0,True,49.44,in_stock,USD,Chalk White/Gold/Red,set,boys,"[""6-9 Months""]",https://lb.mikesport.com/products/adidas-x-disney-mickey-mouse-baby-boys-sportswear-set-chalk-white-gold-red,2026-04-05T14:35:58Z,True,Sale price $ 45 Regular price $ 89 49%,in stock,
mikesport_lb,Adidas Samba Og Unixes Original Shoes Black/White/ Gum,B75807,,MikeSport Lebanon,159.0,,False,,in_stock,USD,Black/White/Gum,shoes,unisex,"[""44 2/3 EU"", ""45 1/3 EU"", ""37 1/3 EU"", ""40 EU"", ""40 2/3 EU"", ""42 EU"", ""42 2/3 EU"", ""43 1/3 EU"", ""44 EU""]",https://lb.mikesport.com/products/adidas-samba-og-men-original-shoes-black-white-gum,2026-04-05T14:36:00Z,True,Regular price $ 159,in stock,
mikesport_lb,Adidas Z N E Men Sportswear Hoody White,IN5092,,MikeSport Lebanon,159.0,80.0,True,49.69,in_stock,USD,White,hoody,men,"[""L""]",https://lb.mikesport.com/products/adidas-z-n-e-men-sportswear-hoody-white,2026-04-05T14:36:02Z,True,Sale price $ 80 Regular price $ 159 50%,in stock,
mikesport_lb,Adidas Essentials Small Logo Chelsea Kids-Unisex Sportswear Short Black/White,IC9967,,MikeSport Lebanon,28.0,14.0,True,50.0,in_stock,USD,Black/White,short,unisex,"[""11-12 Years""]",https://lb.mikesport.com/products/adidas-essentials-small-logo-chelsea-kids-unisex-sportswear-short-black-white,2026-04-05T14:36:04Z,True,Sale price $ 14 Regular price $ 28 50%,in stock,
mikesport_lb,Adidas Women Training Pant Black,IL6984,,MikeSport Lebanon,95.0,29.0,True,69.47,in_stock,USD,Black,pant,women,"[""XS""]",https://lb.mikesport.com/products/adidas-women-training-pant-black,2026-04-05T14:36:06Z,True,Sale price $ 29 Regular price $ 95 69%,in stock,
mikesport_lb,Adidas City Escape Men Sportswear T-Shirt White/Yellow,II3478,,MikeSport Lebanon,54.0,27.0,True,50.0,in_stock,USD,White/Yellow,t-shirt,men,"[""S""]",https://lb.mikesport.com/products/adidas-city-escape-men-sportswear-t-shirt-white-yellow,2026-04-05T14:36:08Z,True,Sale price $ 27 Regular price $ 54 50%,in stock,
mikesport_lb,Adidas Essentials Piqu&#233; Men Sportswear Polo Short Sleeve Black,IC9314,,MikeSport Lebanon,60.0,30.0,True,50.0,in_stock,USD,Black,polo_short_sleeve,men,"[""S""]",https://lb.mikesport.com/products/adidas-essentials-piqu-233-men-sportswear-polo-short-sleeve-black,2026-04-05T14:36:10Z,True,Sale price $ 30 Regular price $ 60 50%,in stock,
mikesport_lb,Adidas Essentials Single Jersey Embroidered Small Logo Men Sportswear T-Shirt Black,IC9282,,MikeSport Lebanon,37.0,19.0,True,48.65,in_stock,USD,Black,t-shirt,men,"[""M""]",https://lb.mikesport.com/products/adidas-essentials-single-jersey-embroidered-small-logo-men-sportswear-t-shirt-black,2026-04-05T14:36:12Z,True,Sale price $ 19 Regular price $ 37 49%,in stock,
mikesport_lb,Adidas Essentials Comfort Men Training T-Shirt Black/White,IC7421,,MikeSport Lebanon,44.0,22.0,True,50.0,in_stock,USD,Black,t-shirt,men,"[""S""]",https://lb.mikesport.com/products/adidas-essentials-comfort-men-training-t-shirt-black-white,2026-04-05T14:36:14Z,True,Sale price $ 22 Regular price $ 44 50%,in stock,
mikesport_lb,Adidas Ozweego Men Original Shoes Black,EE6999,,MikeSport Lebanon,191.0,134.0,True,29.84,in_stock,USD,Black,shoes,men,"[""44 EU""]",https://lb.mikesport.com/products/adidas-ozweego-men-original-shoes-black,2026-04-05T14:36:16Z,True,Sale price $ 134 Regular price $ 191 30%,in stock,
mikesport_lb,Adidas Stan Smith Ps Original Shoes White/Green,FX7534,,MikeSport Lebanon,95.0,48.0,True,49.47,in_stock,USD,Cloud White / Cloud White / Green,espadrilles,kids,"[""33 EU"", ""33 1/3 EU"", ""32 EU"", ""34 EU"", ""35 EU""]",https://lb.mikesport.com/products/adidas-stan-smith-ps-original-shoes-white-green,2026-04-05T14:36:18Z,True,Sale price $ 48 Regular price $ 95 49%,in stock,
mikesport_lb,Adidas Unisex Training Dz9356 Cush Crw 3Pp White/White/Black,DZ9356,,MikeSport Lebanon,21.0,11.0,True,47.62,in_stock,USD,Black,sock,unisex,"[""XS""]",https://lb.mikesport.com/products/adidas-unisex-training-dz9356-cush-crw-3pp-white-white-black,2026-04-05T15:48:54Z,True,Sale price $ 11 Regular price $ 21 48%,in stock,
mikesport_lb,Adidas Trefoil Liner 3 Pairs Unisex Original Sock Black/White,S20274,,MikeSport Lebanon,21.0,11.0,True,47.62,in_stock,USD,Black/White,sock,unisex,"[""31-34 EU""]",https://lb.mikesport.com/products/adidas-trefoil-liner-3-pairs-unisex-original-sock-black-white,2026-04-05T14:36:23Z,True,Sale price $ 11 Regular price $ 21 48%,in stock,
mikesport_lb,Adidas Future Icons Badge Of Sport Men Sportswear Short Olive Strata,IJ6407,,MikeSport Lebanon,67.0,34.0,True,49.25,in_stock,USD,Olive Strata,short,men,"[""S""]",https://lb.mikesport.com/products/adidas-future-icons-badge-of-sport-men-sportswear-short-olive-strata,2026-04-05T14:36:25Z,True,Sale price $ 34 Regular price $ 67 49%,in stock,
mikesport_lb,Adidas Future Icons Women Lifestyle Sweatshirt Ambient Blush,H24082,,MikeSport Lebanon,105.0,53.0,True,49.52,in_stock,USD,,sweatshirt,women,"[""S""]",https://lb.mikesport.com/products/adidas-future-icons-women-lifestyle-sweatshirt-ambient-blush,2026-04-05T14:36:27Z,True,Sale price $ 53 Regular price $ 105 50%,in stock,
mikesport_lb,Adidas Adicolor Classics Men Original Sweatshirt Black/White,H06667,,MikeSport Lebanon,111.0,56.0,True,49.55,in_stock,USD,Classics Men Original Sweatshirt Black/White Sweatshirt Adidas AdiFitr26 Apparel Bazar25 Discounted EX20 extra20_outlet_ss25 family_synced FW21 gender_synced_v4 MEN Original Outlet Price Drop promotion_cleanup_done promotion_list_synced Ramadan2024 SD24 Sweatshirt TheOutlet,sweatshirt,men,"[""M"", ""S""]",https://lb.mikesport.com/products/adidas-adicolor-classics-men-original-sweatshirt-black-white,2026-04-05T14:36:28Z,True,Sale price $ 56 Regular price $ 111 50%,in stock,
mikesport_lb,Adidas Adi 21 Unisex Football Sock Blk,GN2993,,MikeSport Lebanon,22.0,11.0,True,50.0,in_stock,USD,,sock,unisex,"[""2XL""]",https://lb.mikesport.com/products/adidas-adi-21-unisex-football-sock-blk,2026-04-05T15:48:55Z,True,Sale price $ 11 Regular price $ 22 50%,in stock,
mikesport_lb,Adidas Duramo Rc2 Men Running Shoes Core Black,JR7151,,MikeSport Lebanon,77.0,,False,,in_stock,USD,Core Black / Halo Silver,shoes,men,"[""44 2/3 EU"", ""45 1/3 EU"", ""46 EU"", ""46 2/3 EU"", ""40 2/3 EU"", ""41 1/3 EU"", ""42 EU"", ""42 2/3 EU"", ""43 1/3 EU"", ""44 EU""]",https://lb.mikesport.com/products/adidas-duramo-rc2-men-running-shoes-core-black,2026-04-05T14:36:33Z,True,Regular price $ 77,in stock,
mikesport_lb,Adidas Duramo Sl2 Gs-Girls Running Shoes Shadow Navy,JQ3019,,MikeSport Lebanon,77.0,,False,,in_stock,USD,Shadow Navy/Silver Metallic/Lucid Pink,shoes,girls,"[""36 EU"", ""36 2/3 EU"", ""37 1/3 EU"", ""38 EU"", ""38 2/3 EU"", ""39 1/3 EU"", ""40 EU""]",https://lb.mikesport.com/products/adidas-duramo-sl2-gs-girls-running-shoes-shadow-navy,2026-04-05T14:36:35Z,True,Regular price $ 77,in stock,
mikesport_lb,Adidas Taekwondo Mei Women Original Ballerinas Black/White/Gum,JQ0669,,MikeSport Lebanon,135.0,,False,,in_stock,USD,Black/White/Gum,ballerinas,women,"[""36 EU"", ""36 2/3 EU"", ""37 1/3 EU"", ""38 EU"", ""38 2/3 EU"", ""39 1/3 EU""]",https://lb.mikesport.com/products/adidas-taekwondo-mei-women-original-ballerinas-black-white-gum,2026-04-05T14:36:37Z,True,Regular price $ 135,in stock,
mikesport_lb,Adidas F50 Kids-Boys Football T-Shirt White/Black,JY5983,,MikeSport Lebanon,32.0,22.0,True,31.25,in_stock,USD,White,t-shirt,boys,"[""7-8 Years"", ""13-14 Years""]",https://lb.mikesport.com/products/adidas-f50-kids-boys-football-t-shirt-white-black,2026-04-05T14:36:38Z,True,Sale price $ 22 Regular price $ 32 31%,in stock,
mikesport_lb,Adidas Essential Ribbed Full Zip Women Original Track Top Black,JD5905,,MikeSport Lebanon,67.0,,False,,in_stock,USD,Black,track_top,women,"[""S""]",https://lb.mikesport.com/products/adidas-essential-ribbed-full-zip-women-original-track-top-black,2026-04-05T14:36:40Z,True,Regular price $ 67,in stock,
mikesport_lb,Adidas Minimal Women Training T-Shirt Power Purple/White,JY2179,,MikeSport Lebanon,38.0,,False,,in_stock,USD,Power Purple/White,t-shirt,women,"[""M"", ""S"", ""XS""]",https://lb.mikesport.com/products/adidas-minimal-women-training-t-shirt-power-purple-white,2026-04-05T14:36:42Z,True,Regular price $ 38,in stock,
mikesport_lb,Adidas Taekwondo Mei Women Original Ballerinas Clear Sky,JR5758,,MikeSport Lebanon,135.0,,False,,in_stock,USD,Clear Sky/Cloud White/Gum,ballerinas,women,"[""38 EU""]",https://lb.mikesport.com/products/adidas-taekwondo-mei-women-original-ballerinas-clear-sky,2026-04-05T14:36:44Z,True,Regular price $ 135,in stock,
mikesport_lb,Adidas Tokyo Women Original Shoes Gold Metallic,JQ0594,,MikeSport Lebanon,153.0,,False,,in_stock,USD,Gold Metallic/Core Black,shoes,women,"[""39 1/3 EU""]",https://lb.mikesport.com/products/adidas-tokyo-women-original-shoes-gold-metallic,2026-04-05T14:36:46Z,True,Regular price $ 153,in stock,
mikesport_lb,Adidas Tiro Wordmark Men Sportswear Track Top Black/White,JC9411,,MikeSport Lebanon,89.0,,False,,in_stock,USD,Black/White,track_top,men,"[""2XL"", ""L"", ""M"", ""XL""]",https://lb.mikesport.com/products/adidas-tiro-wordmark-men-sportswear-track-top-black-white,2026-04-05T14:36:48Z,True,Regular price $ 89,in stock,
mikesport_lb,Adidas Climacool 1 Men Original Shoes Core Black/Red,IF6850,,MikeSport Lebanon,239.0,,False,,in_stock,USD,Core Black/Red,shoes,men,"[""45 1/3 EU"", ""42 EU"", ""42 2/3 EU"", ""43 1/3 EU"", ""44 EU""]",https://lb.mikesport.com/products/adidas-climacool-1-men-original-shoes-core-black-red,2026-04-05T14:36:50Z,True,Regular price $ 239,in stock,
mikesport_lb,Adidas Gym + Men Training T-Shirt Dark Blue Melange,JW7276,,MikeSport Lebanon,61.0,43.0,True,29.51,in_stock,USD,Dark Blue Melange,t-shirt,men,"[""M"", ""XL""]",https://lb.mikesport.com/products/adidas-gym-men-training-t-shirt-dark-blue-melange,2026-04-05T14:36:52Z,True,Sale price $ 43 Regular price $ 61 30%,in stock,
mikesport_lb,Adidas Adizero Essentials Men Running T-Shirt White,IN1157,,MikeSport Lebanon,45.0,,False,,in_stock,USD,White,t-shirt,men,"[""2XL"", ""L"", ""M"", ""S"", ""XL""]",https://lb.mikesport.com/products/adidas-adizero-essentials-men-running-t-shirt-white,2026-04-05T14:36:54Z,True,Regular price $ 45,in stock,
mikesport_lb,Adidas D4T Hybrid Men Training Pant Black,IY1123,,MikeSport Lebanon,96.0,67.0,True,30.21,in_stock,USD,Black,pant,men,"[""2XL"", ""S""]",https://lb.mikesport.com/products/adidas-d4t-hybrid-men-training-pant-black,2026-04-05T14:36:56Z,True,Sale price $ 67 Regular price $ 96 30%,in stock,
mikesport_lb,Adidas Grand Court 00 Men Sportswear Shoes Green/White/Gum,IH6187,,MikeSport Lebanon,105.0,,False,,in_stock,USD,Green/White/Gum,shoes,men,"[""44 2/3 EU"", ""46 EU"", ""40 2/3 EU"", ""42 EU"", ""42 2/3 EU"", ""43 1/3 EU"", ""44 EU""]",https://lb.mikesport.com/products/adidas-grand-court-00-men-sportswear-shoes-green-white-gum,2026-04-05T14:36:58Z,True,Regular price $ 105,in stock,
mikesport_lb,Adidas Z N E Women Sportswear Pant White,JE7843,,MikeSport Lebanon,135.0,,False,,in_stock,USD,White,pant,women,"[""L"", ""M"", ""S"", ""XS""]",https://lb.mikesport.com/products/adidas-z-n-e-women-sportswear-pant-white,2026-04-05T14:37:01Z,True,Regular price $ 135,in stock,
mikesport_lb,Adidas Z N E Men Sportswear Pant Black,JD9599,,MikeSport Lebanon,137.0,,False,,in_stock,USD,Black,pant,men,"[""L"", ""M"", ""S"", ""XL""]",https://lb.mikesport.com/products/adidas-z-n-e-men-sportswear-pant-black-2,2026-04-05T14:37:03Z,True,Regular price $ 137,in stock,
mikesport_lb,Adidas Optime Essentials Shine Women Training Tight Core Black,IL7994,,MikeSport Lebanon,89.0,62.0,True,30.34,in_stock,USD,Core Black,7/8_tight,women,"[""L"", ""M""]",https://lb.mikesport.com/products/adidas-optime-essentials-shine-women-training-tight-core-black,2026-04-05T14:37:05Z,True,Sale price $ 62 Regular price $ 89 30%,in stock,
mikesport_lb,Adidas Essentials Logo Boys Sportswear T-Shirt White/Black,IW0853,,MikeSport Lebanon,26.0,,False,,in_stock,USD,White/Black,t-shirt,unisex,"[""7-8 Years"", ""9-10 Years"", ""11-12 Years""]",https://lb.mikesport.com/products/adidas-essentials-logo-boys-sportswear-t-shirt-white-black,2026-04-05T14:37:07Z,True,Regular price $ 26,in stock,
mikesport_lb,Adidas Essentials Logo Kids-Boys Sportswear Short Black/White,IV9578,,MikeSport Lebanon,29.0,,False,,in_stock,USD,Black/White,short,boys,"[""5-6 Years"", ""7-8 Years"", ""9-10 Years"", ""11-12 Years"", ""13-14 Years""]",https://lb.mikesport.com/products/adidas-essentials-logo-kids-boys-sportswear-short-black-white,2026-04-05T14:37:09Z,True,Regular price $ 29,in stock,
mikesport_lb,Adidas Essentials Stretch Men Training T-Shirt Black/White,IC7413,,MikeSport Lebanon,45.0,32.0,True,28.89,in_stock,USD,Black/White,t-shirt,men,"[""M"", ""S""]",https://lb.mikesport.com/products/adidas-essentials-stretch-men-training-t-shirt-black-white,2026-04-05T14:37:11Z,True,Sale price $ 32 Regular price $ 45 29%,in stock,
mikesport_lb,Adidas Essential Stretch Men Training T-Shirt White/Black,IJ7020,,MikeSport Lebanon,45.0,32.0,True,28.89,in_stock,USD,White/Black,t-shirt,men,"[""XL""]",https://lb.mikesport.com/products/adidas-essential-stretch-men-training-t-shirt-white-black,2026-04-05T14:37:13Z,True,Sale price $ 32 Regular price $ 45 29%,in stock,
mikesport_lb,Adidas Runfalcon 5 Women Running Shoes Black/White,IH7759,,MikeSport Lebanon,88.0,,False,,in_stock,USD,Black/White,shoes,women,"[""36 EU"", ""36 2/3 EU"", ""37 1/3 EU"", ""38 EU"", ""38 2/3 EU"", ""39 1/3 EU"", ""40 EU"", ""40 2/3 EU""]",https://lb.mikesport.com/products/adidas-runfalcon-5-women-running-shoes-black-white,2026-04-05T14:37:15Z,True,Regular price $ 88,in stock,
mikesport_lb,Adidas Galaxy 7 Women Running Shoes Black/Pink/Carbon,ID8763,,MikeSport Lebanon,80.0,,False,,in_stock,USD,Black/Pink/Carbon,shoes,women,"[""37 1/3 EU"", ""38 EU"", ""38 2/3 EU"", ""39 1/3 EU"", ""40 EU"", ""41 1/3 EU""]",https://lb.mikesport.com/products/adidas-galaxy-7-women-running-shoes-black-pink-carbon,2026-04-05T14:37:17Z,True,Regular price $ 80,in stock,
mikesport_lb,Adidas Galaxy 7 Men Running Shoes Black,ID8757,,MikeSport Lebanon,80.0,,False,,in_stock,USD,Black,shoes,men,"[""44 2/3 EU"", ""45 1/3 EU"", ""46 EU"", ""46 2/3 EU"", ""40 2/3 EU"", ""41 1/3 EU"", ""42 EU"", ""42 2/3 EU"", ""43 1/3 EU"", ""44 EU""]",https://lb.mikesport.com/products/adidas-galaxy-7-men-running-shoes-black,2026-04-05T14:37:19Z,True,Regular price $ 80,in stock,
mikesport_lb,Adidas Galaxy 7 Men Running Shoes Silver/Carbon/Black,ID8754,,MikeSport Lebanon,80.0,,False,,in_stock,USD,Silver/Carbon/Black,shoes,men,"[""44 2/3 EU"", ""45 1/3 EU"", ""46 EU"", ""46 2/3 EU"", ""40 2/3 EU"", ""41 1/3 EU"", ""42 EU"", ""42 2/3 EU"", ""43 1/3 EU"", ""44 EU""]",https://lb.mikesport.com/products/adidas-galaxy-7-men-running-shoes-silver-carbon-black,2026-04-05T14:37:21Z,True,Regular price $ 80,in stock,
mikesport_lb,Adidas Men Training Pant Black/White,IT5457,,MikeSport Lebanon,80.0,56.0,True,30.0,in_stock,USD,Black/White,pant,men,"[""2XL"", ""L"", ""M"", ""S"", ""XL""]",https://lb.mikesport.com/products/adidas-men-training-pant-black-white,2026-04-05T14:37:23Z,True,Sale price $ 56 Regular price $ 80 30%,in stock,
mikesport_lb,Adidas Adizero Essentials Women Running T-Shirt White,IN1173,,MikeSport Lebanon,45.0,,False,,in_stock,USD,White,t-shirt,women,"[""L"", ""M"", ""XS""]",https://lb.mikesport.com/products/adidas-adizero-essentials-women-running-t-shirt-white,2026-04-05T14:37:24Z,True,Regular price $ 45,in stock,
mikesport_lb,Adidas D4T Men Training T-Shirt Black,IK9725,,MikeSport Lebanon,61.0,,False,,in_stock,USD,Black,t-shirt,men,"[""2XL"", ""L"", ""M"", ""S"", ""XL""]",https://lb.mikesport.com/products/adidas-d4t-men-training-t-shirt-black,2026-04-05T14:37:26Z,True,Regular price $ 61,in stock,
mikesport_lb,Adidas Unisex Training Sock Black/White,IC1332,,MikeSport Lebanon,18.0,,False,,in_stock,USD,Black/White,sock,unisex,"[""2XL"", ""L"", ""M"", ""S"", ""XL"", ""XS""]",https://lb.mikesport.com/products/adidas-unisex-training-sock-black-white,2026-04-05T14:37:28Z,True,Regular price $ 18,in stock,
mikesport_lb,Adidas No-Show Unisex Training Sock Black/White,IC1327,,MikeSport Lebanon,18.0,,False,,in_stock,USD,Black/White,sock,unisex,"[""L"", ""M"", ""S"", ""XL"", ""XS""]",https://lb.mikesport.com/products/adidas-no-show-unisex-training-sock-black-white,2026-04-05T14:37:31Z,True,Regular price $ 18,in stock,
mikesport_lb,Adidas World Cup League 2026 Unisex Football Multicolor,JD8030,,MikeSport Lebanon,61.0,,False,,in_stock,USD,Multicolor,ball,unisex,"[""5""]",https://lb.mikesport.com/products/adidas-world-cup-league-2026-unisex-football-multicolor,2026-04-05T14:37:33Z,True,Regular price $ 61,in stock,
mikesport_lb,Adidas World Cup 2026 League Box Unisex Football Multicolor,JD8045,,MikeSport Lebanon,61.0,,False,,in_stock,USD,Multicolor,ball,unisex,"[""5""]",https://lb.mikesport.com/products/adidas-world-cup-2026-league-box-unisex-football-multicolor,2026-04-05T14:37:35Z,True,Regular price $ 61,in stock,
mikesport_lb,Adidas World Cup 2026 Unisex Football Multicolor,JD8032,,MikeSport Lebanon,45.0,,False,,in_stock,USD,Multicolor,ball,unisex,"[""5""]",https://lb.mikesport.com/products/adidas-world-cup-2026-unisex-football-multicolor,2026-04-05T14:37:37Z,True,Regular price $ 45,in stock,
mikesport_lb,Adidas World Cup 2026 Pro Unisex Football Multicolor,JD8021,,MikeSport Lebanon,239.0,,False,,in_stock,USD,"s (USA, Canada, Mexico) and is designed with a thermally bonded seamless surface for a predictable trajectory, better touch, and low water uptake. The name ""Trionda"" reflects the three host nations (""Tri"") and the word for ""wave"" in Spanish and Portuguese (""Onda""). Four-panel design High-grade butyl bladder Composition: 70% polyurethane, 20% recycled polyester, 10% viscose Color: Multicolor",ball,unisex,"[""5""]",https://lb.mikesport.com/products/adidas-world-cup-2026-pro-unisex-football-multicolor,2026-04-05T14:37:39Z,True,Regular price $ 239,in stock,
mikesport_lb,Adidas All SZN French Terry Men Sportswear Short Silver Pebble,JY5004,,MikeSport Lebanon,61.0,43.0,True,29.51,in_stock,USD,Silver Pebble,short,men,"[""L""]",https://lb.mikesport.com/products/adidas-all-szn-french-terry-men-sportswear-short-silver-pebble,2026-04-05T14:37:41Z,True,Sale price $ 43 Regular price $ 61 30%,in stock,
mikesport_lb,Adidas Future Icons Sl Men Sportswear Pant Black,JM6052,,MikeSport Lebanon,80.0,,False,,in_stock,USD,Black,pant,men,"[""2XL"", ""L"", ""M"", ""S"", ""XL""]",https://lb.mikesport.com/products/adidas-future-icons-sl-men-sportswear-pant-black,2026-04-05T14:37:43Z,True,Regular price $ 80,in stock,
mikesport_lb,Adidas Utility Cargo Kids-Boys Sportswear Pant Black,JM1686,,MikeSport Lebanon,77.0,,False,,in_stock,USD,Black,pant,boys,"[""7-8 Years"", ""9-10 Years"", ""13-14 Years""]",https://lb.mikesport.com/products/adidas-utility-cargo-kids-boys-sportswear-pant-black,2026-04-05T14:37:45Z,True,Regular price $ 77,in stock,
mikesport_lb,Adidas Superstar Vintage Men Originals Shoes Core Black/White,JQ3255,,MikeSport Lebanon,223.0,,False,,in_stock,USD,Core Black/Core White/Cream White,shoes,men,"[""45 1/3 EU"", ""40 2/3 EU"", ""41 1/3 EU"", ""42 EU"", ""42 2/3 EU"", ""43 1/3 EU""]",https://lb.mikesport.com/products/adidas-superstar-vintage-men-originals-shoes-core-black-white,2026-04-05T14:37:47Z,True,Regular price $ 223,in stock,
mikesport_lb,Adidas Superstar Vintage Men Originals Shoes Core White/Black,JQ3254,,MikeSport Lebanon,223.0,,False,,in_stock,USD,Core White/Core Black/Cream White,shoes,men,"[""45 1/3 EU"", ""40 2/3 EU"", ""41 1/3 EU"", ""42 EU"", ""42 2/3 EU"", ""43 1/3 EU"", ""44 EU""]",https://lb.mikesport.com/products/adidas-superstar-vintage-men-originals-shoes-core-white-black,2026-04-05T14:37:49Z,True,Regular price $ 223,in stock,
mikesport_lb,Adidas All Me Medium Support Bra Tank Top Women Training Bra Beige,JL5522,,MikeSport Lebanon,80.0,,False,,in_stock,USD,Beige,bra,women,"[""L"", ""M""]",https://lb.mikesport.com/products/adidas-all-me-medium-support-bra-tank-top-women-training-bra-beige,2026-04-05T14:37:51Z,True,Regular price $ 80,in stock,
mikesport_lb,Adidas Fc Bayern 25/26 Home Jersey Kids-Unisex Football T-Shirt Red,JN8525,,MikeSport Lebanon,112.0,,False,,in_stock,USD,"s. Shorthand for ""Munich"", it hides in plain sight thanks to that glitched design. Created to keep fans comfortable and proud, this shirt features moisture-managing AEROREADY and an embroidered club badge. Highlights: Regular fit Crewneck AEROREADY FC Bayern embroidered crest Composition: 100% polyester (recycled) Color: Red",t-shirt,unisex,"[""7-8 Years"", ""9-10 Years"", ""11-12 Years"", ""13-14 Years""]",https://lb.mikesport.com/products/adidas-fc-bayern-25-26-home-jersey-kids-unisex-football-t-shirt-red,2026-04-05T14:37:53Z,True,Regular price $ 112,in stock,
mikesport_lb,Adidas Retro Futurism Graphic Men Sportswear T-Shirt Black,JM6394,,MikeSport Lebanon,38.0,,False,,in_stock,USD,Black,t-shirt,men,"[""L""]",https://lb.mikesport.com/products/adidas-retro-futurism-graphic-men-sportswear-t-shirt-black,2026-04-05T14:37:55Z,True,Regular price $ 38,in stock,
mikesport_lb,Adidas Optime Essentials Shine Women Training 7/8 Tight Beige,JY4711,,MikeSport Lebanon,89.0,62.0,True,30.34,in_stock,USD,Beige,7/8_tight,women,"[""S"", ""XS""]",https://lb.mikesport.com/products/adidas-optime-essentials-shine-women-training-7-8-tight-beige,2026-04-05T14:37:57Z,True,Sale price $ 62 Regular price $ 89 30%,in stock,
mikesport_lb,Adidas Own The Run Men Running Short Preloved Ink,JX2247,,MikeSport Lebanon,54.0,,False,,in_stock,USD,Preloved Ink/White,short,men,"[""M"", ""S"", ""XL""]",https://lb.mikesport.com/products/adidas-own-the-run-men-running-short-preloved-ink,2026-04-05T14:37:59Z,True,Regular price $ 54,in stock,
mikesport_lb,Adidas Z.N.E. Men Sportswear Short Aurora Ivy,JW4743,,MikeSport Lebanon,80.0,,False,,in_stock,USD,Aurora Ivy,short,men,"[""L""]",https://lb.mikesport.com/products/adidas-z-n-e-men-sportswear-short-aurora-ivy,2026-04-05T14:38:01Z,True,Regular price $ 80,in stock,
mikesport_lb,Adidas Baseball Unisex Originals Cap Stone Khaki,JW0000,,MikeSport Lebanon,42.0,29.0,True,30.95,in_stock,USD,Stone Khaki,cap,unisex,[],https://lb.mikesport.com/products/adidas-baseball-unisex-originals-cap-stone-khaki,2026-04-05T14:38:03Z,True,Sale price $ 29 Regular price $ 42 31%,in stock,
mikesport_lb,Adidas Essentials Kids-Girls Sportswear Pant Aurora Plum,JV7373,,MikeSport Lebanon,61.0,43.0,True,29.51,in_stock,USD,Aurora Plum,pant,girls,"[""9-10 Years""]",https://lb.mikesport.com/products/adidas-essentials-kids-girls-sportswear-pant-aurora-plum,2026-04-05T14:38:05Z,True,Sale price $ 43 Regular price $ 61 30%,in stock,
mikesport_lb,Adidas Liverpool Fc 25/26 Away Jersey Men Football T-Shirt Wonder White,JV6487,,MikeSport Lebanon,159.0,,False,,in_stock,USD,Wonder White,t-shirt,men,"[""L"", ""S"", ""XL""]",https://lb.mikesport.com/products/adidas-liverpool-fc-25-26-away-jersey-men-football-t-shirt-wonder-white,2026-04-05T14:38:06Z,True,Regular price $ 159,in stock,
mikesport_lb,Adidas Real Madrid 25/26 Third Jersey Men Football T-Shirt Blue Bird,JV5845,,MikeSport Lebanon,159.0,,False,,in_stock,USD,"way and a subtle nod to the Bernabéu's identity, it's the perfect shade to celebrate the ultimate soccer partnership. Serrated 3-Stripes and a Trefoil add extra adidas heritage. Moisture-managing AEROREADY keeps fans focused. Highlights: Slim fit Crewneck AEROREADY Real Madrid embroidered crest Composition: 100% polyester (recycled) Color: Blue Bird",t-shirt,men,"[""L""]",https://lb.mikesport.com/products/adidas-real-madrid-25-26-third-jersey-men-football-t-shirt-blue-bird,2026-04-05T14:38:09Z,True,Regular price $ 159,in stock,
mikesport_lb,Adidas Real Madrid Us Pack Men Football Pant Legend Ink/White,JN3082,,MikeSport Lebanon,105.0,74.0,True,29.52,in_stock,USD,Legend Ink/White,pant,men,"[""L""]",https://lb.mikesport.com/products/adidas-real-madrid-us-pack-men-football-pant-legend-ink-white,2026-04-05T14:38:10Z,True,Sale price $ 74 Regular price $ 105 30%,in stock,
mikesport_lb,Adidas Padel Graphic Men Padel T-Shirt Pure Teal,JM8959,,MikeSport Lebanon,54.0,,False,,in_stock,USD,Pure Teal,t-shirt,men,"[""L"", ""M"", ""S"", ""XL""]",https://lb.mikesport.com/products/adidas-padel-graphic-men-padel-t-shirt-pure-teal,2026-04-05T14:38:12Z,True,Regular price $ 54,in stock,
mikesport_lb,Adidas Memories Of Sport Gallery Graphic Men Sportswear T-Shirt Dark Blue,JM6438,,MikeSport Lebanon,45.0,,False,,in_stock,USD,Dark Blue,t-shirt,men,"[""L"", ""M"", ""S"", ""XL""]",https://lb.mikesport.com/products/adidas-memories-of-sport-gallery-graphic-men-sportswear-t-shirt-dark-blue,2026-04-05T14:38:14Z,True,Regular price $ 45,in stock,
mikesport_lb,Adidas All Sports Favorite Kids-Boys Training T-Shirt Pure Teal,JM4323,,MikeSport Lebanon,38.0,27.0,True,28.95,in_stock,USD,Pure Teal,t-shirt,boys,"[""9-10 Years""]",https://lb.mikesport.com/products/adidas-all-sports-favorite-kids-boys-training-t-shirt-pure-teal,2026-04-05T14:38:16Z,True,Sale price $ 27 Regular price $ 38 29%,in stock,
mikesport_lb,Adidas Train Essentials Glam Print Little-Girls Training Set Black/Silver,JM3850,,MikeSport Lebanon,54.0,38.0,True,29.63,in_stock,USD,Black/Silver Metallic,set,girls,"[""4-5 Years"", ""5-6 Years""]",https://lb.mikesport.com/products/adidas-train-essentials-glam-print-little-girls-training-set-black-silver,2026-04-05T14:38:18Z,True,Sale price $ 38 Regular price $ 54 30%,in stock,
mikesport_lb,Adidas Soft Lux Loose Women Sportswear Short Black,JM3751,,MikeSport Lebanon,77.0,,False,,in_stock,USD,Black,short,women,"[""L"", ""M"", ""S"", ""XS""]",https://lb.mikesport.com/products/adidas-soft-lux-loose-women-sportswear-short-black,2026-04-05T14:38:20Z,True,Regular price $ 77,in stock,
mikesport_lb,Adidas Real Madrid Us Pack Men Football Hoody Legend Ink/White,JM2116,,MikeSport Lebanon,105.0,74.0,True,29.52,in_stock,USD,Legend Ink/White,hoody,men,"[""M""]",https://lb.mikesport.com/products/adidas-real-madrid-us-pack-men-football-hoody-legend-ink-white,2026-04-05T14:38:22Z,True,Sale price $ 74 Regular price $ 105 30%,in stock,
mikesport_lb,Adidas Marvel Spider-Man Little-Boys Sportswear Set White/Black,JM0807,,MikeSport Lebanon,80.0,56.0,True,30.0,in_stock,USD,White/Black,set,boys,"[""2-3 Years""]",https://lb.mikesport.com/products/adidas-marvel-spider-man-little-boys-sportswear-set-white-black,2026-04-05T14:38:24Z,True,Sale price $ 56 Regular price $ 80 30%,in stock,
mikesport_lb,Adidas Marvel Spider-Man Baby-Boys Sportswear Set White/Black,JL9178,,MikeSport Lebanon,61.0,43.0,True,29.51,in_stock,USD,Black/White,set,boys,"[""9-12 Months"", ""12-18 Months"", ""2 Years"", ""2-3 Years""]",https://lb.mikesport.com/products/adidas-marvel-spider-man-baby-boys-sportswear-set-white-black,2026-04-05T14:38:26Z,True,Sale price $ 43 Regular price $ 61 30%,in stock,
mikesport_lb,Adidas Seasonal Essentials Cupcake Graphic Women Sportswear T-Shirt White,JL7489,,MikeSport Lebanon,38.0,27.0,True,28.95,in_stock,USD,White,t-shirt,women,"[""L"", ""M"", ""XS""]",https://lb.mikesport.com/products/adidas-seasonal-essentials-cupcake-graphic-women-sportswear-t-shirt-white,2026-04-05T14:38:28Z,True,Sale price $ 27 Regular price $ 38 29%,in stock,
mikesport_lb,Adidas Club Tennis 3-Stripes Kids-Boys Tennis T-Shirt White,JI9249,,MikeSport Lebanon,45.0,,False,,in_stock,USD,White,t-shirt,boys,"[""7-8 Years"", ""9-10 Years"", ""11-12 Years""]",https://lb.mikesport.com/products/adidas-club-tennis-3-stripes-kids-boys-tennis-t-shirt-white,2026-04-05T14:38:30Z,True,Regular price $ 45,in stock,
mikesport_lb,Adidas City Tech Utility Woven Men Sportswear Pant Black,JX7186,,MikeSport Lebanon,105.0,,False,,in_stock,USD,Black,pant,men,"[""2XL"", ""L"", ""M"", ""S"", ""XL""]",https://lb.mikesport.com/products/adidas-city-tech-utility-woven-men-sportswear-pant-black,2026-04-05T14:38:32Z,True,Regular price $ 105,in stock,
mikesport_lb,Adidas Train Essentials Seasonal All Over Print Men Training T-Shirt Black,JW9707,,MikeSport Lebanon,54.0,38.0,True,29.63,in_stock,USD,Black,t-shirt,men,"[""XL""]",https://lb.mikesport.com/products/adidas-train-essentials-seasonal-all-over-print-men-training-t-shirt-black,2026-04-05T14:38:34Z,True,Sale price $ 38 Regular price $ 54 30%,in stock,
mikesport_lb,Adidas All Me 7/8 Women Training 7/8 Tight Aurora Ivy,JW7581,,MikeSport Lebanon,96.0,67.0,True,30.21,in_stock,USD,Aurora Ivy,7/8_tight,women,"[""L"", ""M""]",https://lb.mikesport.com/products/adidas-all-me-7-8-women-training-7-8-tight-aurora-ivy,2026-04-05T14:38:36Z,True,Sale price $ 67 Regular price $ 96 30%,in stock,
mikesport_lb,Adidas Soft Lux Mesh Women Sportswear T-Shirt Beige,JV9873,,MikeSport Lebanon,61.0,43.0,True,29.51,in_stock,USD,Beige,t-shirt,women,"[""M""]",https://lb.mikesport.com/products/adidas-soft-lux-mesh-women-sportswear-t-shirt-beige,2026-04-05T14:38:38Z,True,Sale price $ 43 Regular price $ 61 30%,in stock,
mikesport_lb,Adidas Club 3-Stripes Tennis Climacool Women Tennis T-Shirt White,JN7094,,MikeSport Lebanon,61.0,,False,,in_stock,USD,White,t-shirt,women,"[""M""]",https://lb.mikesport.com/products/adidas-club-3-stripes-tennis-climacool-women-tennis-t-shirt-white,2026-04-05T14:38:40Z,True,Regular price $ 61,in stock,
mikesport_lb,Adidas Club 3-Stripes Tennis Climacool Women Tennis T-Shirt Black,JN7093,,MikeSport Lebanon,61.0,,False,,in_stock,USD,Collegiate Green/Black,t-shirt,women,"[""M"", ""XS""]",https://lb.mikesport.com/products/adidas-club-3-stripes-tennis-climacool-women-tennis-t-shirt-black,2026-04-05T14:38:42Z,True,Regular price $ 61,in stock,
mikesport_lb,Adidas Club Tennis Climacool Women Tennis Skirt Black,JN1970,,MikeSport Lebanon,61.0,,False,,in_stock,USD,Black,skort,women,"[""L"", ""M"", ""S"", ""XS""]",https://lb.mikesport.com/products/adidas-club-tennis-climacool-women-tennis-skirt-black,2026-04-05T14:38:44Z,True,Regular price $ 61,in stock,
mikesport_lb,Adidas All Szn French Terry Loose Cargo Open Hem Men Sportswear Pant Black,JN0580,,MikeSport Lebanon,89.0,,False,,in_stock,USD,Black,pant,men,"[""L""]",https://lb.mikesport.com/products/adidas-all-szn-french-terry-loose-cargo-open-hem-men-sportswear-pant-black,2026-04-05T14:38:46Z,True,Regular price $ 89,in stock,
mikesport_lb,Adidas Soft Lux Mesh Full-Zip Women Sportswear Hoody Black,JM3734,,MikeSport Lebanon,105.0,74.0,True,29.52,in_stock,USD,Black,hoody,women,"[""L"", ""M"", ""S"", ""XS""]",https://lb.mikesport.com/products/adidas-soft-lux-mesh-full-zip-women-sportswear-hoody-black,2026-04-05T14:38:48Z,True,Sale price $ 74 Regular price $ 105 30%,in stock,
mikesport_lb,Adidas Yay Sports Graphic Men Sportswear T-Shirt Warm Sandstone,JL9257,,MikeSport Lebanon,38.0,,False,,in_stock,USD,Warm Sandstone,t-shirt,men,"[""L"", ""M"", ""S"", ""XL""]",https://lb.mikesport.com/products/adidas-yay-sports-graphic-men-sportswear-t-shirt-warm-sandstone,2026-04-05T14:38:50Z,True,Regular price $ 38,in stock,
mikesport_lb,Adidas Yay Sports Graphic Men Sportswear T-Shirt White,JL9256,,MikeSport Lebanon,38.0,,False,,in_stock,USD,White,t-shirt,men,"[""M"", ""XL""]",https://lb.mikesport.com/products/adidas-yay-sports-graphic-men-sportswear-t-shirt-white,2026-04-05T14:38:52Z,True,Regular price $ 38,in stock,
mikesport_lb,Adidas All Me Essentials Medium Support Women Training Bra Aurora Ivy,JL5492,,MikeSport Lebanon,61.0,43.0,True,29.51,in_stock,USD,Aurora Ivy,bra,women,"[""XS""]",https://lb.mikesport.com/products/adidas-all-me-essentials-medium-support-women-training-bra-aurora-ivy,2026-04-05T14:38:53Z,True,Sale price $ 43 Regular price $ 61 30%,in stock,
mikesport_lb,Adidas Club Tennis Men Tennis Polo Short Sleeve Black,JF8506,,MikeSport Lebanon,61.0,,False,,in_stock,USD,Black,polo_short_sleeve,men,"[""2XL"", ""L"", ""M"", ""S"", ""XL""]",https://lb.mikesport.com/products/adidas-club-tennis-men-tennis-polo-short-sleeve-black,2026-04-05T14:38:56Z,True,Regular price $ 61,in stock,
mikesport_lb,Adidas All Szn French Terry Men Sportswear Hoody Off White,IY4154,,MikeSport Lebanon,96.0,,False,,in_stock,USD,Off White,hoody,men,"[""L"", ""M""]",https://lb.mikesport.com/products/adidas-all-szn-french-terry-men-sportswear-hoody-off-white,2026-04-05T14:38:58Z,True,Regular price $ 96,in stock,
mikesport_lb,Adidas Own The Run Men Running T-Shirt Preloved Teal,JW9799,,MikeSport Lebanon,54.0,,False,,in_stock,USD,Preloved Teal,t-shirt,men,"[""L""]",https://lb.mikesport.com/products/adidas-own-the-run-men-running-t-shirt-preloved-teal,2026-04-05T14:39:00Z,True,Regular price $ 54,in stock,
mikesport_lb,Adidas All Me 7/8 Women Training 7/8 Tight Black,JW7584,,MikeSport Lebanon,96.0,,False,,in_stock,USD,Black,7/8_tight,women,"[""L"", ""M"", ""S"", ""XS""]",https://lb.mikesport.com/products/adidas-all-me-7-8-women-training-7-8-tight-black,2026-04-05T14:39:01Z,True,Regular price $ 96,in stock,
mikesport_lb,Adidas Mercedes - Amg Petronas Formula One Team Driver Unisex Motor-Spor Cap White/Black,JW6270,,MikeSport Lebanon,77.0,,False,,in_stock,USD,White/Black,cap,unisex,[],https://lb.mikesport.com/products/adidas-mercedes-amg-petronas-formula-one-team-driver-unisex-motor-spor-cap-white-black,2026-04-05T14:39:03Z,True,Regular price $ 77,in stock,
mikesport_lb,Adidas Liverpool Fc 25/26 Home Jersey Kids-Boys Football T-Shirt Strawberry Red,JV6436,,MikeSport Lebanon,117.0,,False,,in_stock,USD,Strawberry Red,t-shirt,unisex,"[""7-8 Years"", ""9-10 Years"", ""13-14 Years""]",https://lb.mikesport.com/products/adidas-liverpool-fc-25-26-home-jersey-kids-boys-football-t-shirt-strawberry-red,2026-04-05T14:39:06Z,True,Regular price $ 117,in stock,
mikesport_lb,Adidas Liverpool Fc 25/26 Home Men Football Short Strawberry Red,JV6425,,MikeSport Lebanon,67.0,,False,,in_stock,USD,Strawberry Red,short,men,"[""L"", ""M"", ""S""]",https://lb.mikesport.com/products/adidas-liverpool-fc-25-26-home-men-football-short-strawberry-red,2026-04-05T14:39:08Z,True,Regular price $ 67,in stock,
mikesport_lb,Adidas Liverpool Fc 25/26 Home Jersey Men Football T-Shirt Strawberry Red,JV6441,,MikeSport Lebanon,159.0,,False,,in_stock,USD,Strawberry Red,t-shirt,men,"[""L"", ""M"", ""S"", ""XL""]",https://lb.mikesport.com/products/adidas-liverpool-fc-25-26-home-jersey-men-football-t-shirt-strawberry-red,2026-04-05T14:39:10Z,True,Regular price $ 159,in stock,
mikesport_lb,Adidas Own The Run Melange Women Running T-Shirt Orbit Grey Mel,JN9606,,MikeSport Lebanon,67.0,47.0,True,29.85,in_stock,USD,Orbit Grey Mel,t-shirt,women,"[""2XS"", ""M"", ""S"", ""XS""]",https://lb.mikesport.com/products/adidas-own-the-run-melange-women-running-t-shirt-orbit-grey-mel,2026-04-05T14:39:12Z,True,Sale price $ 47 Regular price $ 67 30%,in stock,
mikesport_lb,Adidas City Tech Utility Men Sportswear T-Shirt Black,JM3905,,MikeSport Lebanon,54.0,,False,,in_stock,USD,Black,t-shirt,men,"[""2XL"", ""M"", ""S""]",https://lb.mikesport.com/products/adidas-city-tech-utility-men-sportswear-t-shirt-black,2026-04-05T14:39:14Z,True,Regular price $ 54,in stock,
mikesport_lb,Adidas Soft Lux Loose Women Sportswear Sweatshirt Black,JM3836,,MikeSport Lebanon,96.0,,False,,in_stock,USD,Black,sweatshirt,women,"[""L""]",https://lb.mikesport.com/products/adidas-soft-lux-loose-women-sportswear-sweatshirt-black,2026-04-05T14:39:16Z,True,Regular price $ 96,in stock,
mikesport_lb,Adidas Soft Lux Loose Women Sportswear T-Shirt Black,JM3800,,MikeSport Lebanon,67.0,,False,,in_stock,USD,Black,t-shirt,women,"[""L"", ""M"", ""S""]",https://lb.mikesport.com/products/adidas-soft-lux-loose-women-sportswear-t-shirt-black,2026-04-05T14:39:18Z,True,Regular price $ 67,in stock,
mikesport_lb,Adidas All Me Essentials Medium Support Women Training Bra Black,JL5491,,MikeSport Lebanon,61.0,,False,,in_stock,USD,Black,bra,women,"[""L"", ""M"", ""S"", ""XL"", ""XS""]",https://lb.mikesport.com/products/adidas-all-me-essentials-medium-support-women-training-bra-black,2026-04-05T14:39:20Z,True,Regular price $ 61,in stock,
mikesport_lb,Adidas Manchester United 25/26 Home Jersey Men Football T-Shirt Mufc Red,JI7428,,MikeSport Lebanon,153.0,,False,,in_stock,USD,Mufc Red,t-shirt,men,"[""M"", ""S""]",https://lb.mikesport.com/products/adidas-manchester-united-25-26-home-jersey-men-football-t-shirt-mufc-red,2026-04-05T14:39:22Z,True,Regular price $ 153,in stock,
mikesport_lb,Adidas Essentials Big Logo Men Sportswear T-Shirt Collegiate Green,JE8932,,MikeSport Lebanon,45.0,,False,,in_stock,USD,Collegiate Green/Black,t-shirt,men,"[""L"", ""M""]",https://lb.mikesport.com/products/adidas-essentials-big-logo-men-sportswear-t-shirt-collegiate-green,2026-04-05T14:39:24Z,True,Regular price $ 45,in stock,
mikesport_lb,Adidas Club Tennis Climacool 3-Stripes Men Tennis T-Shirt White,JE0413,,MikeSport Lebanon,61.0,,False,,in_stock,USD,White,t-shirt,men,"[""XL""]",https://lb.mikesport.com/products/adidas-club-tennis-climacool-3-stripes-men-tennis-t-shirt-white,2026-04-05T14:39:26Z,True,Regular price $ 61,in stock,
mikesport_lb,Adidas Z.N.E Kids-Unisex Sportswear T-Shirt White/Black,JJ4144,,MikeSport Lebanon,54.0,,False,,in_stock,USD,White/Black,t-shirt,unisex,"[""7-8 Years"", ""9-10 Years"", ""11-12 Years"", ""13-14 Years""]",https://lb.mikesport.com/products/adidas-z-n-e-kids-unisex-sportswear-t-shirt-white-black,2026-04-05T14:39:28Z,True,Regular price $ 54,in stock,
mikesport_lb,Adidas Essentials Big Logo Men Sportswear T-Shirt Black/White,JE8945,,MikeSport Lebanon,45.0,,False,,in_stock,USD,Black/White,t-shirt,men,"[""L"", ""M"", ""S""]",https://lb.mikesport.com/products/adidas-essentials-big-logo-men-sportswear-t-shirt-black-white,2026-04-05T14:39:30Z,True,Regular price $ 45,in stock,
mikesport_lb,Adidas D4T Men Training Tank White,IS3795,,MikeSport Lebanon,54.0,,False,,in_stock,USD,White,tank,men,"[""L"", ""M"", ""S"", ""XL""]",https://lb.mikesport.com/products/adidas-d4t-men-training-tank-white,2026-04-05T14:39:32Z,True,Regular price $ 54,in stock,
mikesport_lb,Adidas All Szn Men Sportswear T-Shirt Off White,IV5217,,MikeSport Lebanon,45.0,,False,,in_stock,USD,Off White,t-shirt,men,"[""M"", ""S"", ""XL""]",https://lb.mikesport.com/products/adidas-all-szn-men-sportswear-t-shirt-off-white,2026-04-05T14:39:34Z,True,Regular price $ 45,in stock,
mikesport_lb,Adidas Adizero Women Running Short Black,IN8707,,MikeSport Lebanon,45.0,,False,,in_stock,USD,Black,short,women,"[""L"", ""M"", ""S"", ""XS""]",https://lb.mikesport.com/products/adidas-adizero-women-running-short-black,2026-04-05T14:39:36Z,True,Regular price $ 45,in stock,
mikesport_lb,Adidas No Show 3 Pack Unisex Sportswear Sock White/Black,HT3463,,MikeSport Lebanon,18.0,,False,,in_stock,USD,White/Black,sock,unisex,"[""2XL""]",https://lb.mikesport.com/products/adidas-no-show-3-pack-unisex-sportswear-sock-white-black,2026-04-05T14:39:38Z,True,Regular price $ 18,in stock,
mikesport_lb,Adidas Adizero Evo Sl Men Running Shoes Core Black/White,JP7149,,MikeSport Lebanon,223.0,,False,,in_stock,USD,Core Black/Cloud White,shoes,men,"[""42 2/3 EU"", ""44 EU""]",https://lb.mikesport.com/products/adidas-adizero-evo-sl-men-running-shoes-core-black-white,2026-04-05T14:39:40Z,True,Regular price $ 223,in stock,
mikesport_lb,Adidas Adizero Evo Sl Women Running Shoes Black/Iron Metallic,JP7147,,MikeSport Lebanon,223.0,,False,,in_stock,USD,Core Black/Iron Metallic,shoes,women,"[""36 EU"", ""36 2/3 EU"", ""38 EU"", ""39 1/3 EU"", ""40 2/3 EU"", ""41 1/3 EU""]",https://lb.mikesport.com/products/adidas-adizero-evo-sl-women-running-shoes-black-iron-metallic,2026-04-05T14:39:42Z,True,Regular price $ 223,in stock,
mikesport_lb,Adidas Adizero Evo Sl Women Running Shoes White/Core Black,JH6208,,MikeSport Lebanon,223.0,,False,,in_stock,USD,Cloud White/Core Black,shoes,women,"[""36 2/3 EU"", ""37 1/3 EU"", ""38 EU"", ""38 2/3 EU"", ""39 1/3 EU"", ""40 EU"", ""40 2/3 EU"", ""41 1/3 EU""]",https://lb.mikesport.com/products/adidas-adizero-evo-sl-women-running-shoes-white-core-black,2026-04-05T14:39:44Z,True,Regular price $ 223,in stock,
mikesport_lb,Adidas Trefoil Essentials Woven Cargo Men Originals Pant Black,KA8546,,MikeSport Lebanon,112.0,,False,,in_stock,USD,Black,pant,men,"[""L"", ""M"", ""XL""]",https://lb.mikesport.com/products/adidas-trefoil-essentials-woven-cargo-men-originals-pant-black,2026-04-05T14:39:46Z,True,Regular price $ 112,in stock,
mikesport_lb,Adidas Winter Sports Graphic Kids-Boys Sportswear T-Shirt White,JY4951,,MikeSport Lebanon,32.0,22.0,True,31.25,in_stock,USD,White,t-shirt,boys,"[""7-8 Years"", ""11-12 Years""]",https://lb.mikesport.com/products/adidas-winter-sports-graphic-kids-boys-sportswear-t-shirt-white,2026-04-05T14:39:48Z,True,Sale price $ 22 Regular price $ 32 31%,in stock,
mikesport_lb,Adidas Winter Sports Graphic Kids-Boys Sportswear T-Shirt Blue Fusion,JY4950,,MikeSport Lebanon,32.0,22.0,True,31.25,in_stock,USD,Blue Fusion,t-shirt,boys,"[""9-10 Years"", ""11-12 Years""]",https://lb.mikesport.com/products/adidas-winter-sports-graphic-kids-boys-sportswear-t-shirt-blue-fusion,2026-04-05T14:39:50Z,True,Sale price $ 22 Regular price $ 32 31%,in stock,
mikesport_lb,Adidas Essentials Linear Oversized Jogger Women Originals Pant Silver Pebble,JX3141,,MikeSport Lebanon,96.0,67.0,True,30.21,in_stock,USD,Silver Pebble,pant,women,"[""S""]",https://lb.mikesport.com/products/adidas-essentials-linear-oversized-jogger-women-originals-pant-silver-pebble,2026-04-05T14:39:52Z,True,Sale price $ 67 Regular price $ 96 30%,in stock,
mikesport_lb,Adidas Gym + Men Training Short Dark Blue,JW7385,,MikeSport Lebanon,61.0,43.0,True,29.51,in_stock,USD,Dark Blue,short,men,"[""M"", ""S"", ""XL""]",https://lb.mikesport.com/products/adidas-gym-men-training-short-dark-blue,2026-04-05T14:39:54Z,True,Sale price $ 43 Regular price $ 61 30%,in stock,
mikesport_lb,Adidas Camo Graphic Kids-Boys Sportswear T-Shirt White,JV5077,,MikeSport Lebanon,29.0,,False,,in_stock,USD,White,t-shirt,boys,"[""9-10 Years"", ""11-12 Years""]",https://lb.mikesport.com/products/adidas-camo-graphic-kids-boys-sportswear-t-shirt-white,2026-04-05T14:39:56Z,True,Regular price $ 29,in stock,
mikesport_lb,Adidas Duramo Speed 2 Men Running Shoes Dark Blue/Silver,JS4415,,MikeSport Lebanon,137.0,,False,,in_stock,USD,Dark Blue/Silver Metallic/Halo Silver,shoes,men,"[""44 2/3 EU"", ""45 1/3 EU"", ""46 EU"", ""46 2/3 EU"", ""47 1/3 EU"", ""41 1/3 EU"", ""42 EU"", ""42 2/3 EU"", ""43 1/3 EU"", ""44 EU""]",https://lb.mikesport.com/products/adidas-duramo-speed-2-men-running-shoes-dark-blue-silver,2026-04-05T14:39:58Z,True,Regular price $ 137,in stock,
mikesport_lb,Adidas Handball Spezial Men Originals Shoes Cream White/Blue,JS3865,,MikeSport Lebanon,159.0,111.0,True,30.19,in_stock,USD,Cream White/Blue/Warm Sandstone,shoes,men,"[""45 1/3 EU"", ""40 2/3 EU"", ""41 1/3 EU"", ""42 EU"", ""42 2/3 EU"", ""43 1/3 EU"", ""44 EU""]",https://lb.mikesport.com/products/adidas-handball-spezial-men-originals-shoes-cream-white-blue,2026-04-05T14:40:00Z,True,Sale price $ 111 Regular price $ 159 30%,in stock,
mikesport_lb,Adidas Adizero Aruku Men Originals Shoes Black/Charcoal/Iron,JR3822,,MikeSport Lebanon,191.0,134.0,True,29.84,in_stock,USD,Core Black/Charcoal/Iron Metallic,shoes,men,"[""44 2/3 EU"", ""45 1/3 EU"", ""46 EU"", ""40 2/3 EU"", ""41 1/3 EU"", ""42 EU"", ""42 2/3 EU"", ""43 1/3 EU"", ""44 EU""]",https://lb.mikesport.com/products/adidas-adizero-aruku-men-originals-shoes-black-charcoal-iron,2026-04-05T14:40:02Z,True,Sale price $ 134 Regular price $ 191 30%,in stock,
mikesport_lb,Adidas Handball Spezial Women Originals Shoes Grey/Quartz/Gum,JR3629,,MikeSport Lebanon,159.0,,False,,in_stock,USD,combinations and the adidas Originals vibe make this pair a must-have for anyone looking to make a statement with their footwear. Highlights: Regular fit Lace closure Composition: Leather upper Synthetic lining Rubber outsole Color: Orbit Grey/Wonder Quartz/Gum,shoes,women,"[""39 1/3 EU""]",https://lb.mikesport.com/products/adidas-handball-spezial-women-originals-shoes-grey-quartz-gum,2026-04-05T14:40:04Z,True,Regular price $ 159,in stock,
mikesport_lb,Adidas Copa Pure 3 League Turf Unisex Football Shoes White/Black/Lemon,JR2852,,MikeSport Lebanon,126.0,,False,,in_stock,USD,Core Black/Cloud White/Lucid Lemon,shoes,unisex,"[""45 1/3 EU"", ""46 EU"", ""46 2/3 EU"", ""40 2/3 EU"", ""41 1/3 EU"", ""42 EU"", ""42 2/3 EU""]",https://lb.mikesport.com/products/adidas-copa-pure-3-league-turf-unisex-football-shoes-white-black-lemon,2026-04-05T14:40:06Z,True,Regular price $ 126,in stock,
mikesport_lb,Adidas Breakbase Ps-Boys Sportswear Shoes Navy/Grey/Royal,JQ3691,,MikeSport Lebanon,67.0,,False,,in_stock,USD,Collegiate Navy/Dash Grey/Collegiate Royal,shoes,boys,"[""31 EU""]",https://lb.mikesport.com/products/adidas-breakbase-ps-boys-sportswear-shoes-navy-grey-royal,2026-04-05T14:40:08Z,True,Regular price $ 67,in stock,
mikesport_lb,Adidas Vl Court Base Tennis Women Sportswear Shoes White/Orbit Gray,JQ3063,,MikeSport Lebanon,89.0,62.0,True,30.34,in_stock,USD,Cloud White/Orbit Gray,shoes,women,"[""36 EU"", ""36 2/3 EU"", ""37 1/3 EU"", ""38 EU"", ""38 2/3 EU""]",https://lb.mikesport.com/products/adidas-vl-court-base-tennis-women-sportswear-shoes-white-orbit-gray,2026-04-05T14:40:10Z,True,Sale price $ 62 Regular price $ 89 30%,in stock,
mikesport_lb,Adidas Galaxy 7 Men Running Shoes White/Blue/Black,JQ2620,,MikeSport Lebanon,80.0,,False,,in_stock,USD,Cloud White/Dark Blue/Core Black,shoes,men,"[""44 2/3 EU"", ""45 1/3 EU"", ""46 EU"", ""47 1/3 EU"", ""41 1/3 EU"", ""42 EU"", ""42 2/3 EU"", ""43 1/3 EU"", ""44 EU""]",https://lb.mikesport.com/products/adidas-galaxy-7-men-running-shoes-white-blue-black,2026-04-05T14:40:12Z,True,Regular price $ 80,in stock,
mikesport_lb,Adidas X Smileyworld Kids-Girls Sportswear T-Shirt Black/White,JN2165,,MikeSport Lebanon,42.0,29.0,True,30.95,in_stock,USD,Black/White,t-shirt,girls,"[""7-8 Years"", ""9-10 Years"", ""11-12 Years""]",https://lb.mikesport.com/products/adidas-x-smileyworld-kids-girls-sportswear-t-shirt-black-white,2026-04-05T14:40:15Z,True,Sale price $ 29 Regular price $ 42 31%,in stock,
mikesport_lb,Adidas X Smileyworld Kids-Girls Sportswear Tight Black/White,JN2146,,MikeSport Lebanon,47.0,33.0,True,29.79,in_stock,USD,Black/White,tight,girls,"[""5-6 Years"", ""7-8 Years"", ""9-10 Years"", ""11-12 Years""]",https://lb.mikesport.com/products/adidas-x-smileyworld-kids-girls-sportswear-tight-black-white,2026-04-05T14:40:17Z,True,Sale price $ 33 Regular price $ 47 30%,in stock,
mikesport_lb,Adidas Disney Mickey Mouse Baby-Boys Sportswear Set White/Orange/Lime,JL9170,,MikeSport Lebanon,80.0,56.0,True,30.0,in_stock,USD,Off White/Impact Orange/Lime Burst,set,boys,"[""3-4 Years"", ""9-12 Months"", ""12-18 Months""]",https://lb.mikesport.com/products/adidas-disney-mickey-mouse-baby-boys-sportswear-set-white-orange-lime,2026-04-05T14:40:19Z,True,Sale price $ 56 Regular price $ 80 30%,in stock,
mikesport_lb,Adidas 3 Bar Small Unisex Swim Towel Royal Blue,JL5668,,MikeSport Lebanon,45.0,,False,,in_stock,USD,Royal Blue/White,towel,unisex,[],https://lb.mikesport.com/products/adidas-3-bar-small-unisex-swim-towel-royal-blue,2026-04-05T14:40:21Z,True,Regular price $ 45,in stock,
mikesport_lb,Adidas Originals Unisex Basketball Short Black/Ivory,JD5198,,MikeSport Lebanon,80.0,,False,,in_stock,USD,Black/Ivory,short,unisex,"[""L"", ""M"", ""S"", ""XL""]",https://lb.mikesport.com/products/adidas-originals-unisex-basketball-short-black-ivory,2026-04-05T14:40:23Z,True,Regular price $ 80,in stock,
mikesport_lb,Adidas Kids-Boys Originals T-Shirt White,IX7599,,MikeSport Lebanon,38.0,,False,,in_stock,USD,White,t-shirt,boys,"[""7-8 Years"", ""9-10 Years"", ""11-12 Years""]",https://lb.mikesport.com/products/adidas-kids-boys-originals-t-shirt-white,2026-04-05T14:40:25Z,True,Regular price $ 38,in stock,
mikesport_lb,Adidas Duramo Sl Ps-Boys Running Shoes Blue/Zero Metalic,IH3601,,MikeSport Lebanon,67.0,47.0,True,29.85,in_stock,USD,Lucid Blue/Zero Metalic/Impact Orange,shoes,boys,"[""33 EU""]",https://lb.mikesport.com/products/adidas-duramo-sl-ps-boys-running-shoes-blue-zero-metalic,2026-04-05T14:40:28Z,True,Sale price $ 47 Regular price $ 67 30%,in stock,
mikesport_lb,Adidas Litecourt Men Sportswear Shoes Aluminum/Black,JS3872,,MikeSport Lebanon,105.0,74.0,True,29.52,in_stock,USD,Aluminum/Black,shoes,men,"[""40 2/3 EU""]",https://lb.mikesport.com/products/adidas-litecourt-men-sportswear-shoes-aluminum-black,2026-04-05T14:40:30Z,True,Sale price $ 74 Regular price $ 105 30%,in stock,
mikesport_lb,Adidas Breaknet Sleek Women Sportswear Shoes Beige/Black/Pink,JS1827,,MikeSport Lebanon,96.0,67.0,True,30.21,in_stock,USD,Beige/Core Balck/Clear Pink,shoes,women,"[""37 1/3 EU""]",https://lb.mikesport.com/products/adidas-breaknet-sleek-women-sportswear-shoes-beige-black-pink,2026-04-05T14:40:32Z,True,Sale price $ 67 Regular price $ 96 30%,in stock,
mikesport_lb,Adidas Breaknet 3.0 Women Sportswear Shoes White/Black/Silver,JR3559,,MikeSport Lebanon,89.0,,False,,in_stock,USD,Cloud White/Core Black/Silver Metallic,shoes,women,"[""36 2/3 EU"", ""38 EU"", ""38 2/3 EU"", ""40 EU""]",https://lb.mikesport.com/products/adidas-breaknet-3-0-women-sportswear-shoes-white-black-silver,2026-04-05T14:40:33Z,True,Regular price $ 89,in stock,
mikesport_lb,Adidas Breaknet 3.0 Women Sportswear Shoes White/Glow Blue,JQ6055,,MikeSport Lebanon,89.0,62.0,True,30.34,in_stock,USD,Core White / Glow Blue / Off White,shoes,women,"[""38 EU"", ""38 2/3 EU"", ""39 1/3 EU"", ""40 EU""]",https://lb.mikesport.com/products/adidas-breaknet-3-0-women-sportswear-shoes-white-glow-blue,2026-04-05T14:40:35Z,True,Sale price $ 62 Regular price $ 89 30%,in stock,
mikesport_lb,Adidas Supernova Ease Women Running Shoes Off White/Mauve,JQ2505,,MikeSport Lebanon,153.0,107.0,True,30.07,in_stock,USD,Off White / Putty Mauve / Wonder White,shoes,women,"[""38 EU"", ""38 2/3 EU""]",https://lb.mikesport.com/products/adidas-supernova-ease-women-running-shoes-off-white-mauve,2026-04-05T14:40:37Z,True,Sale price $ 107 Regular price $ 153 30%,in stock,
mikesport_lb,Adidas Gym+ Tee Men Training T-Shirt Black,JL5511,,MikeSport Lebanon,61.0,43.0,True,29.51,in_stock,USD,Black,t-shirt,men,"[""M"", ""XL""]",https://lb.mikesport.com/products/adidas-gym-tee-men-training-t-shirt-black,2026-04-05T14:40:39Z,True,Sale price $ 43 Regular price $ 61 30%,in stock,
mikesport_lb,Adidas Campus 00S Comfort Closure Elastic Lace Infant-Unisex Original Shoes White/Black/Gum,JI4335,,MikeSport Lebanon,89.0,,False,,in_stock,USD,Core Black / Cloud White / Gum,shoes,unisex,"[""23 EU""]",https://lb.mikesport.com/products/adidas-campus-00s-comfort-closure-elastic-lace-infant-unisex-original-shoes-white-black-gum,2026-04-05T14:40:41Z,True,Regular price $ 89,in stock,
mikesport_lb,Adidas Tensaur Switch Ps-Girls Sportswear Shoes Black/White/Red,JF8507,,MikeSport Lebanon,61.0,43.0,True,29.51,in_stock,USD,Core Black / Cloud White / Better Scarlet,shoes,girls,"[""35 EU""]",https://lb.mikesport.com/products/adidas-tensaur-switch-ps-girls-sportswear-shoes-black-white-red,2026-04-05T14:40:43Z,True,Sale price $ 43 Regular price $ 61 30%,in stock,
mikesport_lb,Adidas Starlancer Club Unisex Football Ball Black/Gold,JH3748,,MikeSport Lebanon,26.0,18.0,True,30.77,in_stock,USD,Black/Gold Metallic,ball,unisex,"[""5""]",https://lb.mikesport.com/products/adidas-starlancer-club-unisex-football-ball-black-gold,2026-04-05T14:40:45Z,True,Sale price $ 18 Regular price $ 26 31%,in stock,
mikesport_lb,Adidas Duramo Speed 2 Men Running Shoes Black/White/Grey,IH8201,,MikeSport Lebanon,135.0,,False,,in_stock,USD,Core Black / Cloud White / Grey Five,shoes,men,"[""45 1/3 EU"", ""46 EU"", ""46 2/3 EU"", ""40 2/3 EU"", ""41 1/3 EU"", ""42 EU"", ""42 2/3 EU"", ""43 1/3 EU"", ""44 EU""]",https://lb.mikesport.com/products/adidas-duramo-speed-2-men-running-shoes-black-white-grey,2026-04-05T14:40:47Z,True,Regular price $ 135,in stock,
mikesport_lb,Adidas Campus 00S Gs Original Shoes Dark Green/White,IH7492,,MikeSport Lebanon,137.0,,False,,in_stock,USD,Dark Green / Cloud White / Off White,shoes,kids,"[""36 2/3 EU"", ""37 1/3 EU"", ""38 EU"", ""38 2/3 EU""]",https://lb.mikesport.com/products/adidas-campus-00s-gs-original-shoes-dark-green-white,2026-04-05T14:40:49Z,True,Regular price $ 137,in stock,
mikesport_lb,Adidas Vs Pace 2.0 Ps Sportswear Shoes Core Black/White,IE3473,,MikeSport Lebanon,58.0,,False,,in_stock,USD,Core Black/Cloud White,shoes,kids,"[""33 EU"", ""28 EU"", ""30 EU"", ""29 EU"", ""31 EU"", ""32 EU"", ""34 EU"", ""35 EU""]",https://lb.mikesport.com/products/adidas-vs-pace-2-0-ps-sportswear-shoes-core-black-white,2026-04-05T14:40:51Z,True,Regular price $ 58,in stock,
mikesport_lb,Adidas Cushioned Low-Cut 3 Pairs Unisex Training Sock White/Black,HT3434,,MikeSport Lebanon,18.0,,False,,in_stock,USD,White/Black,sock,unisex,"[""2XL"", ""L"", ""M"", ""S"", ""XL"", ""XS""]",https://lb.mikesport.com/products/adidas-cushioned-low-cut-3-pairs-unisex-training-sock-white-black,2026-04-05T14:40:53Z,True,Regular price $ 18,in stock,
mikesport_lb,Adidas Tech Apparel Men Training Short Black,JZ8496,,MikeSport Lebanon,67.0,,False,,in_stock,USD,Black,short,men,"[""S""]",https://lb.mikesport.com/products/adidas-tech-apparel-men-training-short-black,2026-04-05T14:40:55Z,True,Regular price $ 67,in stock,
mikesport_lb,Adidas Messi Kids-Boys Football Track Top Black,JY9525,,MikeSport Lebanon,77.0,54.0,True,29.87,in_stock,USD,Black,track_top,boys,"[""11-12 Years""]",https://lb.mikesport.com/products/adidas-messi-kids-boys-football-track-top-black,2026-04-05T14:40:57Z,True,Sale price $ 54 Regular price $ 77 30%,in stock,
mikesport_lb,Adidas Essentials Linear Oversized Jogger Women Originals Pant Cream White,JX3142,,MikeSport Lebanon,96.0,67.0,True,30.21,in_stock,USD,Cream White,pant,women,"[""M""]",https://lb.mikesport.com/products/adidas-essentials-linear-oversized-jogger-women-originals-pant-cream-white,2026-04-05T14:40:59Z,True,Sale price $ 67 Regular price $ 96 30%,in stock,
mikesport_lb,Adidas All Me Essentials Full-Length Women Training Tight Black,JW7661,,MikeSport Lebanon,67.0,,False,,in_stock,USD,Black,tight,women,"[""L"", ""M"", ""S"", ""XS""]",https://lb.mikesport.com/products/adidas-all-me-essentials-full-length-women-training-tight-black,2026-04-05T14:41:01Z,True,Regular price $ 67,in stock,
mikesport_lb,Adidas Cloudfoam Go Sock Men Sportswear Shoes Core Black/Carbon,JR9198,,MikeSport Lebanon,105.0,74.0,True,29.52,in_stock,USD,Core Black / Carbon,shoes,men,"[""43 1/3 EU""]",https://lb.mikesport.com/products/adidas-cloudfoam-go-sock-men-sportswear-shoes-core-black-carbon,2026-04-05T14:41:03Z,True,Sale price $ 74 Regular price $ 105 30%,in stock,
mikesport_lb,Adidas Breaknet Sleek Women Sportswear Shoes Grey/Silver/White,JQ8267,,MikeSport Lebanon,96.0,,False,,in_stock,USD,Grey One/Silver Metallic/Cloud White,shoes,women,"[""36 EU"", ""36 2/3 EU"", ""38 2/3 EU"", ""39 1/3 EU""]",https://lb.mikesport.com/products/adidas-breaknet-sleek-women-sportswear-shoes-grey-silver-white,2026-04-05T14:41:05Z,True,Regular price $ 96,in stock,
mikesport_lb,Adidas Fortarun 4.0 Ps-Girls Running Shoes Aurora Plum,JQ5198,,MikeSport Lebanon,77.0,54.0,True,29.87,in_stock,USD,Aurora Plum,shoes,girls,"[""33 EU""]",https://lb.mikesport.com/products/adidas-fortarun-4-0-ps-girls-running-shoes-aurora-plum,2026-04-05T14:41:07Z,True,Sale price $ 54 Regular price $ 77 30%,in stock,
mikesport_lb,Adidas Predator League Fold-Over Tongue Firm/Multi-Ground Kids Football Shoes White/Black/Lemon,JP9916,,MikeSport Lebanon,121.0,85.0,True,29.75,in_stock,USD,Cloud White / Core Black / Lucid Lemon,shoes,kids,"[""32 EU"", ""34 EU"", ""35 EU"", ""36 EU"", ""36 2/3 EU"", ""37 1/3 EU"", ""38 EU""]",https://lb.mikesport.com/products/adidas-predator-league-fold-over-tongue-firm-multi-ground-kids-football-shoes-white-black-lemon,2026-04-05T14:41:09Z,True,Sale price $ 85 Regular price $ 121 30%,in stock,
mikesport_lb,Adidas 3-Stripes Men Sportswear Tracksuit Black/Off White,JN1817,,MikeSport Lebanon,121.0,,False,,in_stock,USD,Black/Off White,tracksuit,men,"[""2XL"", ""L"", ""S"", ""XL""]",https://lb.mikesport.com/products/adidas-3-stripes-men-sportswear-tracksuit-black-off-white,2026-04-05T14:41:12Z,True,Regular price $ 121,in stock,
mikesport_lb,Adidas Predator League Tf Kids Football Shoes White/Black/Lime,JI1149,,MikeSport Lebanon,105.0,74.0,True,29.52,in_stock,USD,White/Black/Lime,shoes,kids,"[""32 EU"", ""34 EU"", ""35 EU"", ""36 EU"", ""38 EU""]",https://lb.mikesport.com/products/adidas-predator-league-tf-kids-football-shoes-white-black-lime,2026-04-05T14:41:14Z,True,Sale price $ 74 Regular price $ 105 30%,in stock,
mikesport_lb,Adidas Ucl Pro 25/26 League Stage Unisex Football Ball White/Dark Blue,JD0188,,MikeSport Lebanon,239.0,167.0,True,30.13,in_stock,USD,White/Dark Blue/Pantone/Gold Metallic,ball,unisex,"[""5""]",https://lb.mikesport.com/products/adidas-ucl-pro-25-26-league-stage-unisex-football-ball-white-dark-blue,2026-04-05T14:41:16Z,True,Sale price $ 167 Regular price $ 239 30%,in stock,
mikesport_lb,Adidas Duramo Sl 2 Men Running Shoes Dark Blue/Silver,IH8221,,MikeSport Lebanon,96.0,,False,,in_stock,USD,Dark Blue / Silver Metallic / Halo Silver,shoes,men,"[""44 2/3 EU"", ""45 1/3 EU"", ""46 EU"", ""46 2/3 EU"", ""41 1/3 EU"", ""42 EU"", ""42 2/3 EU"", ""43 1/3 EU"", ""44 EU""]",https://lb.mikesport.com/products/adidas-duramo-sl-2-men-running-shoes-dark-blue-silver,2026-04-05T14:41:18Z,True,Regular price $ 96,in stock,
mikesport_lb,Adidas Duramo Sl2 Women Running Shoes Black/White/Grey,IH8225,,MikeSport Lebanon,96.0,,False,,in_stock,USD,Black/White/Grey,shoes,women,"[""37 1/3 EU"", ""38 EU"", ""38 2/3 EU"", ""40 2/3 EU""]",https://lb.mikesport.com/products/adidas-duramo-sl2-women-running-shoes-black-white-grey,2026-04-05T14:41:20Z,True,Regular price $ 96,in stock,
mikesport_lb,Adidas Duramo Sl2 Men Running Shoes Black,IH8217,,MikeSport Lebanon,96.0,,False,,in_stock,USD,Black,shoes,men,"[""44 2/3 EU"", ""46 EU"", ""46 2/3 EU"", ""41 1/3 EU"", ""42 EU"", ""42 2/3 EU"", ""43 1/3 EU"", ""44 EU""]",https://lb.mikesport.com/products/adidas-duramo-sl2-men-running-shoes-black,2026-04-05T14:41:22Z,True,Regular price $ 96,in stock,
mikesport_lb,Adidas Supernova Ease Men Running Shoes Black/Carbon,IH2580,,MikeSport Lebanon,153.0,,False,,in_stock,USD,Black/Carbon,shoes,men,"[""44 2/3 EU"", ""41 1/3 EU"", ""43 1/3 EU"", ""44 EU""]",https://lb.mikesport.com/products/adidas-supernova-ease-men-running-shoes-black-carbon,2026-04-05T14:41:24Z,True,Regular price $ 153,in stock,
mikesport_lb,Adidas Tensaur Run 3 Ps-Boys Running Shoes Royal/White/Navy,IE5989,,MikeSport Lebanon,57.0,,False,,in_stock,USD,Royal/White/Navy,shoes,boys,"[""33 EU"", ""28 EU"", ""30 EU"", ""29 EU"", ""31 EU"", ""32 EU"", ""34 EU"", ""35 EU""]",https://lb.mikesport.com/products/adidas-tensaur-run-3-ps-boys-running-shoes-royal-white-navy,2026-04-05T14:41:26Z,True,Regular price $ 57,in stock,
mikesport_lb,Adidas Advantage Base 2.0 Gs-Girls Sportswear Shoes White/Bliss Pink,ID3886,,MikeSport Lebanon,67.0,,False,,in_stock,USD,Cloud White/Bliss Pink/Core Black,shoes,girls,"[""36 2/3 EU"", ""37 1/3 EU"", ""39 1/3 EU""]",https://lb.mikesport.com/products/adidas-advantage-base-2-0-gs-girls-sportswear-shoes-white-bliss-pink,2026-04-05T14:41:28Z,True,Regular price $ 67,in stock,
mikesport_lb,Adidas Tensaur Switch Ps-Boys Sportswear Shoes Core Black,JH9242,,MikeSport Lebanon,61.0,,False,,in_stock,USD,Core Black,shoes,boys,"[""33 EU"", ""33 1/2 EU"", ""28 EU"", ""30 EU"", ""29 EU"", ""31 EU"", ""32 EU"", ""34 EU"", ""35 EU""]",https://lb.mikesport.com/products/adidas-tensaur-switch-ps-boys-sportswear-shoes-core-black,2026-04-05T14:41:30Z,True,Regular price $ 61,in stock,
mikesport_lb,Adidas Tensaur Run 3.0 Infant-Boys Sportswear Shoes Core Black,IE6012,,MikeSport Lebanon,54.0,,False,,in_stock,USD,Core Black,shoes,unisex,"[""22 EU"", ""21 EU"", ""23 EU"", ""25 EU"", ""24 EU"", ""26 EU"", ""27 EU""]",https://lb.mikesport.com/products/adidas-tensaur-run-3-0-infant-boys-sportswear-shoes-core-black,2026-04-05T14:41:32Z,True,Regular price $ 54,in stock,
mikesport_lb,Adidas Ultraboost 5 Men Running Shoes Core Black,ID8812,,MikeSport Lebanon,286.0,,False,,in_stock,USD,Core Black,shoes,men,"[""45 1/3 EU"", ""46 EU"", ""41 1/3 EU"", ""42 EU"", ""42 2/3 EU"", ""43 1/3 EU"", ""44 EU""]",https://lb.mikesport.com/products/adidas-ultraboost-5-men-running-shoes-core-black,2026-04-05T14:41:34Z,True,Regular price $ 286,in stock,
mikesport_lb,Adidas Tensaur Sport 2.0 Infant-Boys Sportswear Shoes Core Black/Grey,GW6455,,MikeSport Lebanon,48.0,34.0,True,29.17,in_stock,USD,Core Black/Grey Six,shoes,unisex,"[""22 EU"", ""21 EU"", ""23 EU""]",https://lb.mikesport.com/products/adidas-tensaur-sport-2-0-infant-boys-sportswear-shoes-core-black-grey,2026-04-05T14:41:36Z,True,Sale price $ 34 Regular price $ 48 29%,in stock,
mikesport_lb,Adidas Advantage Base 2.0 Ps-Boys Sportswear Shoes Core Black/Grey,IE9018,,MikeSport Lebanon,61.0,,False,,in_stock,USD,Core Black/Grey Six,shoes,boys,"[""33 EU"", ""28 EU"", ""30 EU"", ""29 EU"", ""31 EU"", ""32 EU"", ""34 EU"", ""35 EU""]",https://lb.mikesport.com/products/adidas-advantage-base-2-0-ps-boys-sportswear-shoes-core-black-grey,2026-04-05T14:41:38Z,True,Regular price $ 61,in stock,
mikesport_lb,Adidas Runfalcon 5 Infant-Boys Running Shoes Black/Cloud White,IE8598,,MikeSport Lebanon,56.0,,False,,in_stock,USD,Core Black/Cloud White,shoes,unisex,"[""22 EU"", ""21 EU"", ""23 EU"", ""25 EU"", ""24 EU"", ""26 EU""]",https://lb.mikesport.com/products/adidas-runfalcon-5-infant-boys-running-shoes-black-cloud-white,2026-04-05T14:41:40Z,True,Regular price $ 56,in stock,
mikesport_lb,Adidas Power Unisex Sportswear Backpack Olive Strata/White,IX6578,,MikeSport Lebanon,56.0,,False,,in_stock,USD,Olive Strata/White,bags_cases_and_luggage,unisex,[],https://lb.mikesport.com/products/adidas-power-unisex-sportswear-backpack-olive-strata-white,2026-04-05T14:41:42Z,True,Regular price $ 56,in stock,
mikesport_lb,Adidas Advantage Infant-Girls Sportswear Shoes White/Pink/Black,IH4894,,MikeSport Lebanon,54.0,38.0,True,29.63,in_stock,USD,Cloud White/Bliss Pink/Core Black,shoes,girls,"[""27 EU""]",https://lb.mikesport.com/products/adidas-advantage-infant-girls-sportswear-shoes-white-pink-black,2026-04-05T14:41:44Z,True,Sale price $ 38 Regular price $ 54 30%,in stock,
mikesport_lb,Adidas D4T Hybrid Men Training Short Black,IY1128,,MikeSport Lebanon,67.0,47.0,True,29.85,in_stock,USD,Black/Gold Metallic/White,short,men,"[""S"", ""XL""]",https://lb.mikesport.com/products/adidas-d4t-hybrid-men-training-short-black,2026-04-05T14:41:46Z,True,Sale price $ 47 Regular price $ 67 30%,in stock,
mikesport_lb,Adidas Advantage Base 2.0 Men Sportswear Shoes White/Green,IF4135,,MikeSport Lebanon,96.0,,False,,in_stock,USD,Cloud White/Collegiate Green,shoes,men,"[""40 2/3 EU"", ""44 EU""]",https://lb.mikesport.com/products/adidas-advantage-base-2-0-men-sportswear-shoes-white-green,2026-04-05T14:41:48Z,True,Regular price $ 96,in stock,
mikesport_lb,Adidas Grand Court Base 00S Men Sportswear Shoes Grey/White/Gum,IH6185,,MikeSport Lebanon,105.0,,False,,in_stock,USD,Grey Two/Cloud White/Gum,shoes,men,"[""44 2/3 EU"", ""46 EU"", ""42 2/3 EU"", ""43 1/3 EU"", ""44 EU""]",https://lb.mikesport.com/products/adidas-grand-court-base-00s-men-sportswear-shoes-grey-white-gum,2026-04-05T14:41:50Z,True,Regular price $ 105,in stock,
mikesport_lb,Adidas Runfalcon 5 Men Running Shoes Core Black,IE8812,,MikeSport Lebanon,89.0,,False,,in_stock,USD,Core Black,shoes,men,"[""46 EU"", ""40 EU"", ""40 2/3 EU"", ""41 1/3 EU"", ""42 EU"", ""42 2/3 EU"", ""44 EU""]",https://lb.mikesport.com/products/adidas-runfalcon-5-men-running-shoes-core-black,2026-04-05T14:41:52Z,True,Regular price $ 89,in stock,
mikesport_lb,Adidas Tiro Training Shin Unisex Football Protection Black/Gold/White,IP3998,,MikeSport Lebanon,26.0,,False,,in_stock,USD,Black/Gold Metallic/White,protection,unisex,"[""L"", ""M"", ""S""]",https://lb.mikesport.com/products/adidas-tiro-training-shin-unisex-football-protection-black-gold-white,2026-04-05T14:41:54Z,True,Regular price $ 26,in stock,
mikesport_lb,Adidas D4T Men Training Short Black,IK9723,,MikeSport Lebanon,67.0,,False,,in_stock,USD,Black,short,men,"[""2XL"", ""L"", ""M"", ""S"", ""XL""]",https://lb.mikesport.com/products/adidas-d4t-men-training-short-black-1,2026-04-05T14:41:56Z,True,Regular price $ 67,in stock,
mikesport_lb,Adidas Multiple Width 3 Per Pack Unisex Training Band Black/White,IA3031,,MikeSport Lebanon,22.0,,False,,in_stock,USD,Black/White,band,unisex,[],https://lb.mikesport.com/products/adidas-multiple-width-3-per-pack-unisex-training-band-black-white,2026-04-05T14:41:59Z,True,Regular price $ 22,in stock,
mikesport_lb,Adidas Run It Men Running Jacket Black,IL7230,,MikeSport Lebanon,96.0,,False,,in_stock,USD,Black,jacket,men,"[""XL""]",https://lb.mikesport.com/products/adidas-run-it-men-running-jacket-black,2026-04-05T14:42:01Z,True,Regular price $ 96,in stock,
mikesport_lb,Adidas Small Unisex Swim Towel Black/White,IU1290,,MikeSport Lebanon,45.0,,False,,in_stock,USD,Black/White,towel,unisex,[],https://lb.mikesport.com/products/adidas-small-unisex-swim-towel-black-white,2026-04-05T14:42:03Z,True,Regular price $ 45,in stock,
mikesport_lb,Adidas Power Unisex Sportswear Backpack Black/White,IP9774,,MikeSport Lebanon,58.0,41.0,True,29.31,in_stock,USD,Black/White,bags_cases_and_luggage,unisex,[],https://lb.mikesport.com/products/adidas-power-unisex-sportswear-backpack-black-white,2026-04-05T14:42:05Z,True,Sale price $ 41 Regular price $ 58 29%,in stock,
mikesport_lb,Adidas Adizero Essentials Men Running Short Black,IN1159,,MikeSport Lebanon,45.0,,False,,in_stock,USD,Black,short,men,"[""L"", ""M"", ""S"", ""XL""]",https://lb.mikesport.com/products/adidas-adizero-essentials-men-running-short-black,2026-04-05T14:42:07Z,True,Regular price $ 45,in stock,
mikesport_lb,Adidas Run It Men Running T-Shirt White,IN0075,,MikeSport Lebanon,44.0,31.0,True,29.55,in_stock,USD,White,t-shirt,men,"[""2XL"", ""L"", ""S""]",https://lb.mikesport.com/products/adidas-run-it-men-running-t-shirt-white,2026-04-05T14:42:09Z,True,Sale price $ 31 Regular price $ 44 30%,in stock,
mikesport_lb,Adidas Run It Men Running T-Shirt Black,IL7235,,MikeSport Lebanon,45.0,32.0,True,28.89,in_stock,USD,Black,t-shirt,men,"[""L"", ""M"", ""S"", ""XL""]",https://lb.mikesport.com/products/adidas-run-it-men-running-t-shirt-black-1,2026-04-05T14:42:11Z,True,Sale price $ 32 Regular price $ 45 29%,in stock,
mikesport_lb,Adidas Thin And Light Sportswear Low-Cut 3 Pairs Unisex Sportswear Sock Black/White,IC1336,,MikeSport Lebanon,18.0,,False,,in_stock,USD,Black/White,sock,unisex,"[""2XL""]",https://lb.mikesport.com/products/adidas-thin-and-light-sportswear-low-cut-3-pairs-unisex-sportswear-sock-black-white-1,2026-04-05T14:42:14Z,True,Regular price $ 18,in stock,
mikesport_lb,Adidas Cushioned Crew 3 Pairs Unisex Sportswear Sock White/Black,HT3446,,MikeSport Lebanon,19.0,,False,,in_stock,USD,White/Black,sock,unisex,"[""2XL""]",https://lb.mikesport.com/products/adidas-cushioned-crew-3-pairs-unisex-sportswear-sock-white-black-1,2026-04-05T14:42:17Z,True,Regular price $ 19,in stock,
mikesport_lb,Adidas Milano 23 Unisex Football Sock Royal Blue/White,IB7818,,MikeSport Lebanon,16.0,,False,,in_stock,USD,Royal Blue/White,sock,unisex,"[""L"", ""M"", ""S"", ""XL"", ""XS""]",https://lb.mikesport.com/products/adidas-milano-23-unisex-football-sock-royal-blue-white,2026-04-05T14:42:20Z,True,Regular price $ 16,in stock,
mikesport_lb,Adidas Tensaur Sport 2.0 Ps-Boys Sportswear Shoes Core Black/Grey,GW6439,,MikeSport Lebanon,58.0,41.0,True,29.31,in_stock,USD,Core Black/Grey Six,shoes,boys,"[""28 EU"", ""30 EU"", ""29 EU"", ""31 EU"", ""32 EU"", ""34 EU"", ""35 EU""]",https://lb.mikesport.com/products/adidas-tensaur-sport-2-0-ps-boys-sportswear-shoes-core-black-grey,2026-04-05T14:42:22Z,True,Sale price $ 41 Regular price $ 58 29%,in stock,
mikesport_lb,Adidas Tensaur Sport 2.0 Infant-Boys Sportswear Shoes Cloud White/Black,GW1988,,MikeSport Lebanon,48.0,,False,,in_stock,USD,Cloud White/Core Black,shoes,unisex,"[""23 EU"", ""25 EU"", ""26 EU""]",https://lb.mikesport.com/products/adidas-tensaur-sport-2-0-infant-boys-sportswear-shoes-cloud-white-black,2026-04-05T14:42:24Z,True,Regular price $ 48,in stock,
mikesport_lb,Adidas Thin And Light Sportswear Low-Cut 3 Pairs Unisex Sportswear Sock Black/White,IC1336,,MikeSport Lebanon,18.0,,False,,in_stock,USD,Black/White,sock,unisex,"[""L"", ""M"", ""S"", ""XL"", ""XS""]",https://lb.mikesport.com/products/adidas-thin-and-light-sportswear-low-cut-3-pairs-unisex-sportswear-sock-black-white,2026-04-05T14:42:26Z,True,Regular price $ 18,in stock,
mikesport_lb,Adidas Cushioned Crew 3 Pairs Unisex Sportswear Sock Black/White,IC1310,,MikeSport Lebanon,19.0,,False,,in_stock,USD,Black/White,sock,unisex,"[""L"", ""M"", ""S"", ""XL"", ""XS""]",https://lb.mikesport.com/products/adidas-cushioned-crew-3-pairs-unisex-sportswear-sock-black-white,2026-04-05T14:42:29Z,True,Regular price $ 19,in stock,
mikesport_lb,Adidas Thin And Light Ankle 3 Pairs Unisex Sportswear Sock Black/White,IC1282,,MikeSport Lebanon,18.0,,False,,in_stock,USD,Black/White,sock,unisex,"[""2XL"", ""L"", ""M"", ""S"", ""XL"", ""XS""]",https://lb.mikesport.com/products/adidas-thin-and-light-ankle-3-pairs-unisex-sportswear-sock-black-white,2026-04-05T14:42:30Z,True,Regular price $ 18,in stock,
mikesport_lb,Adidas Milano 23 Unisex Football Sock Black/White,HT6538,,MikeSport Lebanon,16.0,,False,,in_stock,USD,Black/White,sock,unisex,"[""M"", ""S"", ""XS""]",https://lb.mikesport.com/products/adidas-milano-23-unisex-football-sock-black-white,2026-04-05T14:42:33Z,True,Regular price $ 16,in stock,
mikesport_lb,Adidas Head Unisex Tennis Band Black/White,HT3909,,MikeSport Lebanon,18.0,,False,,in_stock,USD,Black/White,band,unisex,[],https://lb.mikesport.com/products/adidas-head-unisex-tennis-band-black-white,2026-04-05T14:42:35Z,True,Regular price $ 18,in stock,
mikesport_lb,Adidas Performance 750 Ml Unisex Training Bottle Red/Black,HT3519,,MikeSport Lebanon,13.0,,False,,in_stock,USD,Team Power Red 2/Black,bottle,unisex,[],https://lb.mikesport.com/products/adidas-performance-750-ml-unisex-training-bottle-red-black,2026-04-05T14:42:37Z,True,Regular price $ 13,in stock,
mikesport_lb,Adidas Thin And Light Sportswear Low-Cut 3 Pairs Unisex Sportswear Sock White/Black,HT3469,,MikeSport Lebanon,18.0,,False,,in_stock,USD,White/Black,sock,unisex,"[""2XL"", ""L"", ""M"", ""S"", ""XL"", ""XS""]",https://lb.mikesport.com/products/adidas-thin-and-light-sportswear-low-cut-3-pairs-unisex-sportswear-sock-white-black,2026-04-05T14:42:39Z,True,Regular price $ 18,in stock,
mikesport_lb,Adidas Thin And Light Ankle 3 Pairs Unisex Sportswear Sock White/Black,HT3468,,MikeSport Lebanon,18.0,,False,,in_stock,USD,White/Black,sock,unisex,"[""2XL"", ""L"", ""M"", ""S"", ""XL"", ""XS""]",https://lb.mikesport.com/products/adidas-thin-and-light-ankle-3-pairs-unisex-sportswear-sock-white-black,2026-04-05T14:42:42Z,True,Regular price $ 18,in stock,
mikesport_lb,Adidas Cushioned Crew 3 Pairs Unisex Sportswear Sock White/Black,HT3446,,MikeSport Lebanon,19.0,,False,,in_stock,USD,White/Black,sock,unisex,"[""L"", ""M"", ""S"", ""XL"", ""XS""]",https://lb.mikesport.com/products/adidas-cushioned-crew-3-pairs-unisex-sportswear-sock-white-black,2026-04-05T14:42:44Z,True,Regular price $ 19,in stock,
mikesport_lb,Adidas Tensaur Sport 2.0 Ps-Boys Sportswear Shoes Cloud White/Black,GW1981,,MikeSport Lebanon,58.0,41.0,True,29.31,in_stock,USD,Cloud White/Core Black,shoes,boys,"[""33 EU"", ""32 EU"", ""34 EU"", ""35 EU""]",https://lb.mikesport.com/products/adidas-tensaur-sport-2-0-ps-boys-sportswear-shoes-cloud-white-black,2026-04-05T14:42:46Z,True,Sale price $ 41 Regular price $ 58 29%,in stock,
mikesport_lb,Adidas Aeroready Made For Training Minimal Two-In-One Women Training Short Black/White,HN1044,,MikeSport Lebanon,61.0,43.0,True,29.51,in_stock,USD,Black/White,short,women,"[""L"", ""M"", ""S"", ""XS""]",https://lb.mikesport.com/products/adidas-aeroready-made-for-training-minimal-two-in-one-women-training-short-black-white,2026-04-05T14:42:48Z,True,Sale price $ 43 Regular price $ 61 30%,in stock,
mikesport_lb,Adidas 0.75 L Steel Water Unisex Training Bottle Black,GN1877,,MikeSport Lebanon,42.0,29.0,True,30.95,in_stock,USD,Black,bottle,unisex,[],https://lb.mikesport.com/products/adidas-0-75-l-steel-water-unisex-training-bottle-black,2026-04-05T14:42:50Z,True,Sale price $ 29 Regular price $ 42 31%,in stock,
mikesport_lb,Adidas Samba Og Unisex Original Shoes White/Black/Gum,B75806,,MikeSport Lebanon,159.0,,False,,in_stock,USD,Cloud White/Core Black/Gum,shoes,unisex,"[""44 2/3 EU"", ""45 1/3 EU"", ""46 EU"", ""36 2/3 EU"", ""38 EU"", ""38 2/3 EU"", ""40 EU"", ""40 2/3 EU"", ""41 1/3 EU"", ""42 EU"", ""43 1/3 EU"", ""44 EU""]",https://lb.mikesport.com/products/adidas-samba-og-unisex-original-shoes-white-black-gum,2026-04-05T14:42:52Z,True,Regular price $ 159,in stock,
mikesport_lb,Adidas Trefoil Essentials Men Original T-Shirt White,JY6268,,MikeSport Lebanon,45.0,32.0,True,28.89,in_stock,USD,Wonder White/White,t-shirt,men,"[""M""]",https://lb.mikesport.com/products/adidas-trefoil-essentials-men-original-t-shirt-white,2026-04-05T14:42:54Z,True,Sale price $ 32 Regular price $ 45 29%,in stock,
mikesport_lb,Adidas Smiley 3 Pairs Per Pack Unisex Sportswear Sock Grey/Yellow/Black,JY4158,,MikeSport Lebanon,29.0,20.0,True,31.03,in_stock,USD,Medium Grey Heather/Bright Yellow/Black,sock,unisex,"[""M""]",https://lb.mikesport.com/products/adidas-smiley-3-pairs-per-pack-unisex-sportswear-sock-grey-yellow-black,2026-04-05T14:42:57Z,True,Sale price $ 20 Regular price $ 29 31%,in stock,
mikesport_lb,Adidas Essentials Linear Oversized Crew Women Original Sweatshirt Silver Pebble,JW1017,,MikeSport Lebanon,96.0,67.0,True,30.21,in_stock,USD,Silver Pebble,sweatshirt,women,"[""M""]",https://lb.mikesport.com/products/adidas-essentials-linear-oversized-crew-women-original-sweatshirt-silver-pebble,2026-04-05T14:42:59Z,True,Sale price $ 67 Regular price $ 96 30%,in stock,
mikesport_lb,Adidas Adiraptor 3 Pairs Unisex Sportswear Sock Bright Royal/White,JV5117,,MikeSport Lebanon,22.0,,False,,in_stock,USD,Bright Royal/Off White,sock,unisex,"[""2XL"", ""L"", ""M""]",https://lb.mikesport.com/products/adidas-adiraptor-3-pairs-unisex-sportswear-sock-bright-royal-white,2026-04-05T14:43:02Z,True,Regular price $ 22,in stock,
mikesport_lb,Adidas Adiraptor Graphic Little-Boys Sportswear T-Shirt Royal Blue,JV5075,,MikeSport Lebanon,29.0,,False,,in_stock,USD,Royal Blue,t-shirt,boys,"[""3-4 Years""]",https://lb.mikesport.com/products/adidas-adiraptor-graphic-little-boys-sportswear-t-shirt-royal-blue,2026-04-05T14:43:04Z,True,Regular price $ 29,in stock,
mikesport_lb,Adidas Manchester United 25/26 Home Jersey Kids-Boys Football T-Shirt Mufc Red,JP3013,,MikeSport Lebanon,117.0,,False,,in_stock,USD,Mufc Red,t-shirt,boys,"[""7-8 Years"", ""9-10 Years"", ""11-12 Years""]",https://lb.mikesport.com/products/adidas-manchester-united-25-26-home-jersey-kids-boys-football-t-shirt-mufc-red,2026-04-05T14:43:06Z,True,Regular price $ 117,in stock,
mikesport_lb,Adidas Fc Bayern 25/26 Home Kids-Boys Football Short Red,JN8511,,MikeSport Lebanon,61.0,,False,,in_stock,USD,Red,short,boys,"[""9-10 Years""]",https://lb.mikesport.com/products/adidas-fc-bayern-25-26-home-kids-boys-football-short-red,2026-04-05T14:43:08Z,True,Regular price $ 61,in stock,
mikesport_lb,Adidas Doodle Hunt Bike Graphic Men Sportswear T-Shirt Collegiate Green,JM6497,,MikeSport Lebanon,45.0,32.0,True,28.89,in_stock,USD,Collegiate Green,t-shirt,men,"[""L"", ""S""]",https://lb.mikesport.com/products/adidas-doodle-hunt-bike-graphic-men-sportswear-t-shirt-collegiate-green,2026-04-05T14:43:10Z,True,Sale price $ 32 Regular price $ 45 29%,in stock,
mikesport_lb,Adidas Fc Bayern 25/26 Away Jersey Men Football T-Shirt White,JJ2143,,MikeSport Lebanon,153.0,,False,,in_stock,USD,White,t-shirt,men,"[""M"", ""S""]",https://lb.mikesport.com/products/adidas-fc-bayern-25-26-away-jersey-men-football-t-shirt-white,2026-04-05T14:43:12Z,True,Regular price $ 153,in stock,
mikesport_lb,Adidas Real Madrid 25/26 Away Men Football Short Legend Ink,JJ1928,,MikeSport Lebanon,67.0,,False,,in_stock,USD,Legend Ink,short,men,"[""M""]",https://lb.mikesport.com/products/adidas-real-madrid-25-26-away-men-football-short-legend-ink,2026-04-05T14:43:14Z,True,Regular price $ 67,in stock,
mikesport_lb,Adidas Train Essentials Boxy Workout Women Training T-Shirt Beige,JE6169,,MikeSport Lebanon,45.0,,False,,in_stock,USD,Beige,t-shirt,women,"[""L"", ""M"", ""S"", ""XS""]",https://lb.mikesport.com/products/adidas-train-essentials-boxy-workout-women-training-t-shirt-beige,2026-04-05T14:43:16Z,True,Regular price $ 45,in stock,
mikesport_lb,Adidas Future Icons Small Logo Women Sportswear Dress Black,JE0199,,MikeSport Lebanon,77.0,,False,,in_stock,USD,Black,dress,women,"[""L"", ""M"", ""S"", ""XS""]",https://lb.mikesport.com/products/adidas-future-icons-small-logo-women-sportswear-dress-black,2026-04-05T14:43:18Z,True,Regular price $ 77,in stock,
mikesport_lb,Adidas Runxboost Unisex Running Sock White/Black,JD9559,,MikeSport Lebanon,22.0,,False,,in_stock,USD,White/Black,sock,unisex,"[""L"", ""XL""]",https://lb.mikesport.com/products/adidas-runxboost-unisex-running-sock-white-black,2026-04-05T14:43:21Z,True,Regular price $ 22,in stock,
mikesport_lb,Adidas Clsc Bars 3S Unisex Sportswear Backpack Dark Blue/White,IS7041,,MikeSport Lebanon,42.0,,False,,in_stock,USD,Dark Blue/White,bags_cases_and_luggage,unisex,[],https://lb.mikesport.com/products/adidas-clsc-bars-3s-unisex-sportswear-backpack-dark-blue-white,2026-04-05T14:43:23Z,True,Regular price $ 42,in stock,
mikesport_lb,Adidas Train Essentials Crewneck Women Training T-Shirt Black,HR7795,,MikeSport Lebanon,45.0,,False,,in_stock,USD,Black,t-shirt,women,"[""M"", ""S"", ""XS""]",https://lb.mikesport.com/products/adidas-train-essentials-crewneck-women-training-t-shirt-black,2026-04-05T14:43:25Z,True,Regular price $ 45,in stock,
mikesport_lb,Adidas Stadium Crowd Loose Graphic Men Sportswear T-Shirt White,JX7475,,MikeSport Lebanon,54.0,38.0,True,29.63,in_stock,USD,White,t-shirt,men,"[""XL""]",https://lb.mikesport.com/products/adidas-stadium-crowd-loose-graphic-men-sportswear-t-shirt-white,2026-04-05T14:43:27Z,True,Sale price $ 38 Regular price $ 54 30%,in stock,
mikesport_lb,Adidas Juventus 25/26 Home Jersey Kids-Unisex Football T-Shirt White/Black,JN5237,,MikeSport Lebanon,117.0,,False,,in_stock,USD,"s, an embroidered badge flashes your fandom. Highlights: Regular fit AEROREADY Juventus embroidered crest Compos ition: 100% polyester (recycled) Color: White/Black",t-shirt,unisex,"[""7-8 Years"", ""9-10 Years"", ""11-12 Years""]",https://lb.mikesport.com/products/jn5237-juve-h-jsy-y-white-black,2026-04-05T14:43:29Z,True,Regular price $ 117,in stock,
mikesport_lb,Adidas Club Climacool Women Tennis Skirt White,JN1969,,MikeSport Lebanon,61.0,,False,,in_stock,USD,White,skort,women,"[""L"", ""M""]",https://lb.mikesport.com/products/adidas-club-climacool-women-tennis-skirt-white,2026-04-05T14:43:31Z,True,Regular price $ 61,in stock,
mikesport_lb,Adidas Climacool Category Graphic Men Training T-Shirt Preloved Teal,JM8978,,MikeSport Lebanon,54.0,38.0,True,29.63,in_stock,USD,Preloved Teal,t-shirt,men,"[""L"", ""M"", ""S""]",https://lb.mikesport.com/products/adidas-climacool-category-graphic-men-training-t-shirt-preloved-teal,2026-04-05T14:43:33Z,True,Sale price $ 38 Regular price $ 54 30%,in stock,
mikesport_lb,Adidas Climacool Category Graphic Men Training T-Shirt Chalk White,JM8976,,MikeSport Lebanon,54.0,,False,,in_stock,USD,Chalk White,t-shirt,men,"[""L"", ""XL""]",https://lb.mikesport.com/products/adidas-climacool-category-graphic-men-training-t-shirt-chalk-white,2026-04-05T14:43:39Z,True,Regular price $ 54,in stock,
mikesport_lb,Adidas Messi Name & Number Graphic Kids-Unisex Football T-Shirt Black,JM8950,,MikeSport Lebanon,45.0,32.0,True,28.89,in_stock,USD,Black,t-shirt,unisex,"[""9-10 Years""]",https://lb.mikesport.com/products/jm8950-y-messi-n-n-g-t-black,2026-04-05T14:43:41Z,True,Sale price $ 32 Regular price $ 45 29%,in stock,
mikesport_lb,Adidas Camo Logo Graphic Men Sportswear T-Shirt Black,JM6381,,MikeSport Lebanon,37.0,,False,,in_stock,USD,Black,t-shirt,men,"[""M"", ""S""]",https://lb.mikesport.com/products/adidas-camo-logo-graphic-men-sportswear-t-shirt-black,2026-04-05T14:43:43Z,True,Regular price $ 37,in stock,
mikesport_lb,Adidas Camo Logo Graphic Men Sportswear T-Shirt White,JM6380,,MikeSport Lebanon,37.0,,False,,in_stock,USD,White,t-shirt,men,"[""S""]",https://lb.mikesport.com/products/adidas-camo-logo-graphic-men-sportswear-t-shirt-white,2026-04-05T14:43:45Z,True,Regular price $ 37,in stock,
mikesport_lb,Adidas Messi Mini Unisex Football Ball Iron/White/Black,JI8289,,MikeSport Lebanon,22.0,15.0,True,31.82,in_stock,USD,Iron Metallic/White/Black,ball,unisex,"[""1""]",https://lb.mikesport.com/products/adidas-messi-mini-unisex-football-ball-iron-white-black,2026-04-05T14:43:48Z,True,Sale price $ 15 Regular price $ 22 32%,in stock,
mikesport_lb,Adidas All Szn French Terry Crew Men Sportswear Sweatshirt Black,IX1261,,MikeSport Lebanon,80.0,,False,,in_stock,USD,Black,sweatshirt,men,"[""2XL""]",https://lb.mikesport.com/products/adidas-all-szn-french-terry-crew-men-sportswear-sweatshirt-black,2026-04-05T14:43:50Z,True,Regular price $ 80,in stock,
mikesport_lb,Adidas Liverpool Fc Unisex Football Bottle Star Red/White,JZ4451,,MikeSport Lebanon,18.0,,False,,in_stock,USD,Star Red/White,bottle,unisex,[],https://lb.mikesport.com/products/adidas-liverpool-fc-unisex-football-bottle-star-red-white,2026-04-05T14:43:52Z,True,Regular price $ 18,in stock,
mikesport_lb,Adidas Essentials Linear Oversized Women Original T-Shirt Cream White,JW3539,,MikeSport Lebanon,54.0,38.0,True,29.63,in_stock,USD,Cream White,t-shirt,women,"[""M""]",https://lb.mikesport.com/products/adidas-essentials-linear-oversized-women-original-t-shirt-cream-white,2026-04-05T14:43:54Z,True,Sale price $ 38 Regular price $ 54 30%,in stock,
mikesport_lb,Adidas Mercedes Amg Petronas Formula One Team Dna Men Motor-Spor T-Shirt White/Black,JV5457,,MikeSport Lebanon,67.0,47.0,True,29.85,in_stock,USD,White/Black,t-shirt,men,"[""L""]",https://lb.mikesport.com/products/jv5457-mer-dna-tee-m-white-black,2026-04-05T14:43:57Z,True,Sale price $ 47 Regular price $ 67 30%,in stock,
mikesport_lb,Adidas Messi Club Shin Men Football Protection Silver/Red/Black,JV5109,,MikeSport Lebanon,21.0,15.0,True,28.57,in_stock,USD,Silver Metallic/Lucid Red/Black,protection,men,"[""L""]",https://lb.mikesport.com/products/jv5109-messi-sg-clb-silvmt-lucred-black,2026-04-05T14:43:59Z,True,Sale price $ 15 Regular price $ 21 29%,in stock,
mikesport_lb,Adidas Camo Graphic Kids-Boys Sportswear T-Shirt Black,JV5079,,MikeSport Lebanon,29.0,,False,,in_stock,USD,Black,t-shirt,boys,"[""7-8 Years""]",https://lb.mikesport.com/products/jv5079-j-camo-t-black,2026-04-05T14:44:01Z,True,Regular price $ 29,in stock,
mikesport_lb,Adidas Real Madrid 25/26 Home Kids-Unisex Football Set White,JN8889,,MikeSport Lebanon,159.0,,False,,in_stock,USD,White,set,unisex,"[""9-10 Years"", ""11-12 Years""]",https://lb.mikesport.com/products/jn8889-real-h-y-kit-white,2026-04-05T14:44:03Z,True,Regular price $ 159,in stock,
mikesport_lb,Adidas Real Madrid 25/26 Home Jersey Kids-Unisex Football T-Shirt White,JN8887,,MikeSport Lebanon,117.0,,False,,in_stock,USD,"s borrowed from its long and storied history. Created to be worn at the legendary stadium in the 25/26 season, it fields moisture-managing AEROREADY for comfortable support and an embroidered club crest for unmatched pride. Highlights: Regular fit Crewneck AEROREADY Real Madrid embroidered crest Compos ition: 100% polyester (recycled) Color: White",t-shirt,unisex,"[""7-8 Years"", ""9-10 Years"", ""11-12 Years""]",https://lb.mikesport.com/products/jn8887-real-h-jsy-y-white,2026-04-05T14:44:04Z,True,Regular price $ 117,in stock,
mikesport_lb,Adidas Real Madrid 25/26 Home Kids-Unisex Football Short White,JN8878,,MikeSport Lebanon,61.0,,False,,in_stock,USD,White,short,unisex,"[""7-8 Years"", ""9-10 Years""]",https://lb.mikesport.com/products/jn8878-real-h-sho-y-white,2026-04-05T14:44:07Z,True,Regular price $ 61,in stock,
mikesport_lb,Adidas X Smileyworld Summerset Baby-Boys Sportswear Set Black/White,JN2154,,MikeSport Lebanon,58.0,41.0,True,29.31,in_stock,USD,Black/White,set,boys,"[""3-4 Years"", ""9-12 Months"", ""2-3 Years""]",https://lb.mikesport.com/products/jn2154-i-smi-summerset-black-white,2026-04-05T14:44:09Z,True,Sale price $ 41 Regular price $ 58 29%,in stock,
mikesport_lb,Adidas X Smileyworld Summerset Baby-Girls Sportswear Set Clear Pink/White,JN2153,,MikeSport Lebanon,58.0,41.0,True,29.31,in_stock,USD,Clear Pink/White,set,girls,"[""2 Years""]",https://lb.mikesport.com/products/jn2153-i-smi-summerset-clpink-white,2026-04-05T14:44:11Z,True,Sale price $ 41 Regular price $ 58 29%,in stock,
mikesport_lb,Adidas Food Grilled Cheese Graphic Men Sportswear T-Shirt Off White,JM6459,,MikeSport Lebanon,45.0,,False,,in_stock,USD,ful graphics. Soft cotton keeps you comfortable with every wear. Highlights: Regular fit Crewneck Compos ition: 100% cotton Color: Off White,t-shirt,men,"[""L"", ""M"", ""S"", ""XL""]",https://lb.mikesport.com/products/jm6459-m-cheese-t-owhite,2026-04-05T14:44:13Z,True,Regular price $ 45,in stock,
mikesport_lb,Adidas Run It Men Running T-Shirt Mint Ton,JM5754,,MikeSport Lebanon,45.0,,False,,in_stock,USD,Mint Ton,t-shirt,men,"[""S"", ""XL""]",https://lb.mikesport.com/products/jm5754-run-it-tee-minton,2026-04-05T14:44:14Z,True,Regular price $ 45,in stock,
mikesport_lb,Adidas The Simpsons Training Backpack Kids-Boys Brown/Olive/Beige,JM4467,,MikeSport Lebanon,45.0,32.0,True,28.89,in_stock,USD,"s and beloved characters from The Simpsons, this adidas pack is designed to spark imagination and fun. A zip closure keeps treasures secure inside, and the comfortable straps adjust for a just-right fit. Highlights: Dimensions: 4.3"" x 9.8"" x 13.4"" Volume: 12.4 L Zip closure Compos ition: 100% polyester (recycled) Color: Night Brown/Olive Strata/Wonder Beige",bags_cases_and_luggage,boys,[],https://lb.mikesport.com/products/jm4467-lk-sim-bpk-nbrown-olistr-wonbei,2026-04-05T14:44:16Z,True,Sale price $ 32 Regular price $ 45 29%,in stock,
mikesport_lb,Adidas The Simpsons Kids-Boys Sportswear Pant Wonder Beige,JL9182,,MikeSport Lebanon,80.0,56.0,True,30.0,in_stock,USD,Wonder Beige,pant,boys,"[""9-10 Years"", ""11-12 Years""]",https://lb.mikesport.com/products/jl9182-j-sim-pnt-wonbei,2026-04-05T14:44:18Z,True,Sale price $ 56 Regular price $ 80 30%,in stock,
mikesport_lb,Adidas Workout Essentials Woven Women Training Pant Black,JL5081,,MikeSport Lebanon,77.0,,False,,in_stock,USD,Black,pant,women,"[""L""]",https://lb.mikesport.com/products/jl5081-we-woven-pan-black,2026-04-05T14:44:20Z,True,Regular price $ 77,in stock,
mikesport_lb,Adidas Juventus 25/26 Home Jersey Men Football T-Shirt White/Black,JJ4320,,MikeSport Lebanon,153.0,,False,,in_stock,USD,"s, an embroidered badge flashes your fandom. Highlights: Regular fit AEROREADY Juventus embroidered crest Compos ition: 100% polyester (recycled) Color: White/Black",t-shirt,men,"[""L"", ""M"", ""S"", ""XL""]",https://lb.mikesport.com/products/jj4320-juve-h-jsy-white-black,2026-04-05T14:44:22Z,True,Regular price $ 153,in stock,
mikesport_lb,Adidas Real Madrid 25/26 Away Jersey Men Football T-Shirt Legend Ink,JJ4182,,MikeSport Lebanon,153.0,,False,,in_stock,USD,Legend Ink,t-shirt,men,"[""L"", ""M"", ""S""]",https://lb.mikesport.com/products/jj4182-real-a-jsy-legink,2026-04-05T14:44:24Z,True,Regular price $ 153,in stock,
mikesport_lb,Adidas Fc Bayern 25/26 Home Jersey Men Football T-Shirt Red,JJ2137,,MikeSport Lebanon,159.0,,False,,in_stock,USD,"s. Shorthand for ""Munich"", it hides in plain sight thanks to that glitched design. Created to keep fans comfortable and proud, this shirt features moisture-managing AEROREADY and an embroidered club badge. Highlights: Slim fit Crewneck AEROREADY FC Bayern embroidered crest Compos ition: 100% polyester (recycled) Color: Red",t-shirt,men,"[""L"", ""M""]",https://lb.mikesport.com/products/jj2137-fcb-h-jsy-red,2026-04-05T14:44:26Z,True,Regular price $ 159,in stock,
mikesport_lb,Adidas Real Madrid 25/26 Home Jersey Men Football T-Shirt White,JJ1931,,MikeSport Lebanon,153.0,,False,,in_stock,USD,White,t-shirt,men,"[""L"", ""M""]",https://lb.mikesport.com/products/jj1931-real-h-jsy-white,2026-04-05T14:44:28Z,True,Regular price $ 153,in stock,
mikesport_lb,Adidas Real Madrid 25/26 Home Men Football Short White,JJ1926,,MikeSport Lebanon,67.0,,False,,in_stock,USD,White,short,men,"[""L"", ""M"", ""S"", ""XL""]",https://lb.mikesport.com/products/jj1926-real-h-sho-white,2026-04-05T14:44:30Z,True,Regular price $ 67,in stock,
mikesport_lb,Adidas Classic Training Backpack With Pencil Case Unisex Black/White,JI8081,,MikeSport Lebanon,48.0,,False,,in_stock,USD,Black/White,bags_cases_and_luggage,unisex,[],https://lb.mikesport.com/products/ji8081-clsc-pcase-bp-black-white,2026-04-05T14:44:32Z,True,Regular price $ 48,in stock,
mikesport_lb,Adidas Starlancer Club Unisex Football Ball White,JH3745,,MikeSport Lebanon,26.0,18.0,True,30.77,in_stock,USD,White,ball,unisex,"[""5""]",https://lb.mikesport.com/products/jh3745-starlancer-clb-white,2026-04-05T14:44:34Z,True,Sale price $ 18 Regular price $ 26 31%,in stock,
mikesport_lb,Adidas Club Climacool 3-Stripes Men Tennis T-Shirt Black,JG0978,,MikeSport Lebanon,61.0,,False,,in_stock,USD,Black,t-shirt,men,"[""L""]",https://lb.mikesport.com/products/adidas-club-climacool-3-stripes-men-tennis-t-shirt-black,2026-04-05T14:44:36Z,True,Regular price $ 61,in stock,
mikesport_lb,Adidas Lightweight Baseball Unisex Training Cap Legend Ink,JF8486,,MikeSport Lebanon,26.0,,False,,in_stock,USD,Legend Ink,cap,unisex,[],https://lb.mikesport.com/products/jf8486-bb-cap-lt-met-legink,2026-04-05T14:44:38Z,True,Regular price $ 26,in stock,
mikesport_lb,Adidas Lightweight Baseball Unisex Training Cap White,JF8484,,MikeSport Lebanon,26.0,,False,,in_stock,USD,White,cap,unisex,[],https://lb.mikesport.com/products/jf8484-bb-cap-lt-met-white,2026-04-05T14:44:40Z,True,Regular price $ 26,in stock,
mikesport_lb,Adidas Train Essentials Regular Fit Logo Kids-Girls Sportswear T-Shirt Black/White,IV9592,,MikeSport Lebanon,25.0,,False,,in_stock,USD,Black/White,t-shirt,girls,"[""7-8 Years"", ""9-10 Years"", ""11-12 Years"", ""13-14 Years""]",https://lb.mikesport.com/products/iv9592-jg-tr-es-t-black-white,2026-04-05T14:44:42Z,True,Regular price $ 25,in stock,
mikesport_lb,Adidas Classic 3 Bar Logo Training Backpack Men Dark Blue/White,IS7049,,MikeSport Lebanon,38.0,,False,,in_stock,USD,Dark Blue/White,bags_cases_and_luggage,unisex,[],https://lb.mikesport.com/products/is7049-clsc-bars-bp-dkblue-white,2026-04-05T14:44:44Z,True,Regular price $ 38,in stock,
mikesport_lb,Adidas Adicolor Classics Firebird Track Men Original Pant Black/White,IJ7055,,MikeSport Lebanon,112.0,78.0,True,30.36,in_stock,USD,"treatment. This wardrobe essential sports the iconic Firebird style you know and love — but with a modern cut and fresh palette. The embroidered Trefoil logo on one side and 3-Stripes down the legs are pure adidas DNA, while a drawcord elastic waist secures the right fit. Keep essentials tucked away in the zip pockets, and get on with your day. Highlights: Regular fit Drawcord on elastic waist Zip pockets Composition: 100% polyester (recycled) Color: Black/White",pant,men,"[""2XL""]",https://lb.mikesport.com/products/adidas-adicolor-classics-firebird-track-men-original-pant-black-white,2026-04-05T14:44:46Z,True,Sale price $ 78 Regular price $ 112 30%,in stock,
mikesport_lb,Adidas Milano 23 Unisex Football Sock Blue/White,IB7818,,MikeSport Lebanon,16.0,,False,,in_stock,USD,Royal Blue/White,sock,unisex,"[""2XL"", ""XL""]",https://lb.mikesport.com/products/adidas-milano-23-unisex-football-sock-blue-white,2026-04-05T14:44:48Z,True,Regular price $ 16,in stock,
mikesport_lb,Adidas Essentials Big Logo Men Sportswear T-Shirt White/Black,JE8943,,MikeSport Lebanon,45.0,,False,,in_stock,USD,White/Black,t-shirt,men,"[""L"", ""M"", ""S"", ""XL""]",https://lb.mikesport.com/products/je8943-m-bl-sj-t-white-black,2026-04-05T14:44:51Z,True,Regular price $ 45,in stock,
mikesport_lb,Adidas D4T 3 Stripes Men Training Short Black,JE5682,,MikeSport Lebanon,77.0,,False,,in_stock,USD,Black,short,men,"[""S""]",https://lb.mikesport.com/products/je5682-d4t-3s-short-black,2026-04-05T14:44:53Z,True,Regular price $ 77,in stock,
mikesport_lb,Adidas Future Icons Small Logo Baby Women Sportswear T-Shirt White,JE4001,,MikeSport Lebanon,45.0,32.0,True,28.89,in_stock,USD,White,t-shirt,women,"[""L"", ""M"", ""S"", ""XS""]",https://lb.mikesport.com/products/je4001-w-fi-sl-bb-tee-white,2026-04-05T14:44:55Z,True,Sale price $ 32 Regular price $ 45 29%,in stock,
mikesport_lb,Adidas All Szn Men Sportswear Hoody Black,IX1248,,MikeSport Lebanon,96.0,,False,,in_stock,USD,Black,hoody,men,"[""S""]",https://lb.mikesport.com/products/ix1248-m-a-szn-ft-hd-black,2026-04-05T14:44:57Z,True,Regular price $ 96,in stock,
mikesport_lb,Adidas Adicolor Classics Firebird Men Original Track Top Black/White,IJ7058,,MikeSport Lebanon,121.0,85.0,True,29.75,in_stock,USD,"treatment. This wardrobe essential sports the iconic Firebird style you know and love — but with a modern cut and fresh palette. The embroidered Trefoil logo on the chest and 3-Stripes down the arms are pure adidas DNA, while a stand-up collar gives you the attitude and edge you need to own your day. Keep essentials tucked away in the zip pockets, and stay cozy with ribbed cuffs. What's your favorite color? Highlights: Loose fit Full zip with stand-up collar Zip pockets Ribbed hem and cuffs Composition: 100% polyester (recycled) Color: Black/White",track_top,men,"[""L""]",https://lb.mikesport.com/products/adidas-adicolor-classics-firebird-men-original-track-top-black-white,2026-04-05T14:44:59Z,True,Sale price $ 85 Regular price $ 121 30%,in stock,
mikesport_lb,Adidas Power Vii Unisex Training Bag Alumina/Black,IX3178,,MikeSport Lebanon,58.0,41.0,True,29.31,in_stock,USD,Alumina/Black,bags_cases_and_luggage,unisex,[],https://lb.mikesport.com/products/ix3178-power-vii-alumin-black,2026-04-05T14:45:02Z,True,Sale price $ 41 Regular price $ 58 29%,in stock,
mikesport_lb,Adidas Breaknet 3.0 Ps-Boys Sportswear Shoes Cloud White/Black,JS3686,,MikeSport Lebanon,61.0,,False,,in_stock,USD,Cloud White/Core Black,shoes,boys,"[""33 EU"", ""32 EU"", ""34 EU""]",https://lb.mikesport.com/products/adidas-breaknet-3-0-ps-boys-sportswear-shoes-cloud-white-black,2026-04-05T14:45:04Z,True,Regular price $ 61,in stock,
mikesport_lb,Adidas Disney Minnie Mouse Grand Court Ps-Girls Sportswear Shoes Pink/Ruby/White,JR8133,,MikeSport Lebanon,80.0,56.0,True,30.0,in_stock,USD,Clear Pink/Aurora Ruby/Chalk White,shoes,girls,"[""33 EU"", ""34 EU""]",https://lb.mikesport.com/products/adidas-disney-minnie-mouse-grand-court-ps-girls-sportswear-shoes-pink-ruby-white,2026-04-05T14:45:06Z,True,Sale price $ 56 Regular price $ 80 30%,in stock,
mikesport_lb,Adidas Marvel Spider-Man Runfalcon Ps-Boys Running Shoes Black/White/Ruby,JR5660,,MikeSport Lebanon,77.0,,False,,in_stock,USD,Core Black/Cloud White/Pure Ruby,shoes,boys,"[""33 EU"", ""28 EU"", ""30 EU"", ""29 EU"", ""31 EU"", ""32 EU"", ""34 EU"", ""35 EU""]",https://lb.mikesport.com/products/adidas-marvel-spider-man-runfalcon-ps-boys-running-shoes-black-white-ruby,2026-04-05T14:45:08Z,True,Regular price $ 77,in stock,
mikesport_lb,Adidas Gazelle Comfort Infant-Boys Original Shoes Blue/Orange,JP7134,,MikeSport Lebanon,80.0,,False,,in_stock,USD,Blue/Orange,shoes,boys,"[""24 EU""]",https://lb.mikesport.com/products/adidas-gazelle-comfort-infant-boys-original-shoes-blue-orange,2026-04-05T14:45:10Z,True,Regular price $ 80,in stock,
mikesport_lb,Adidas Advantage 2.0 Dino Ps-Boys Sportswear Shoes Off White,JP6162,,MikeSport Lebanon,67.0,47.0,True,29.85,in_stock,USD,Off White/Bright Royal/Semi Lucid Red,shoes,boys,"[""32 EU"", ""34 EU""]",https://lb.mikesport.com/products/adidas-advantage-2-0-dino-ps-boys-sportswear-shoes-off-white,2026-04-05T14:45:13Z,True,Sale price $ 47 Regular price $ 67 30%,in stock,
mikesport_lb,Adidas Predator League Turf Cleats Unisex Football Shoes White/Black/Lemon,JI1132,,MikeSport Lebanon,137.0,96.0,True,29.93,in_stock,USD,Cloud White/Core Black/Lucid Lemon,shoes,unisex,"[""40 EU"", ""40 2/3 EU"", ""41 1/3 EU"", ""44 EU""]",https://lb.mikesport.com/products/adidas-predator-league-turf-cleats-unisex-football-shoes-white-black-lemon,2026-04-05T14:45:16Z,True,Sale price $ 96 Regular price $ 137 30%,in stock,
mikesport_lb,Adidas F50 League Firm/Multi-Ground Cleats Unisex Football Shoes Purple/White/Lemon,JI0003,,MikeSport Lebanon,137.0,96.0,True,29.93,in_stock,USD,Purple Rush/Cloud White/Lucid Lemon,shoes,unisex,"[""45 1/3 EU"", ""46 EU"", ""46 2/3 EU"", ""42 2/3 EU"", ""43 1/3 EU"", ""44 EU""]",https://lb.mikesport.com/products/adidas-f50-league-firm-multi-ground-cleats-unisex-football-shoes-purple-white-lemon,2026-04-05T14:45:18Z,True,Sale price $ 96 Regular price $ 137 30%,in stock,
mikesport_lb,Adidas Duramo Sl Infant-Girls Running Shoes Navy/Metallic/Pink,JS1729,,MikeSport Lebanon,61.0,,False,,in_stock,USD,Shadow Navy/Silver Metallic/Lucid Pink,shoes,girls,"[""22 EU"", ""21 EU"", ""23 EU"", ""25 EU"", ""24 EU"", ""26 EU"", ""27 EU""]",https://lb.mikesport.com/products/adidas-duramo-sl-infant-girls-running-shoes-navy-metallic-pink,2026-04-05T14:45:21Z,True,Regular price $ 61,in stock,
mikesport_lb,Adidas Grand Court Alpha Women Sportswear Shoes Green/Off White,JQ2998,,MikeSport Lebanon,128.0,,False,,in_stock,USD,Green/Off White,shoes,women,"[""38 EU"", ""38 2/3 EU"", ""40 2/3 EU""]",https://lb.mikesport.com/products/adidas-grand-court-alpha-women-sportswear-shoes-green-off-white,2026-04-05T14:45:23Z,True,Regular price $ 128,in stock,
mikesport_lb,Adidas Grand Court 00S Ps Sportswear Shoes Green/White,JP5898,,MikeSport Lebanon,77.0,,False,,in_stock,USD,Collegiate Green/Off White/Gum,shoes,kids,"[""33 EU"", ""29 EU"", ""31 EU"", ""32 EU"", ""34 EU"", ""35 EU""]",https://lb.mikesport.com/products/adidas-grand-court-00s-ps-sportswear-shoes-green-white,2026-04-05T14:45:25Z,True,Regular price $ 77,in stock,
mikesport_lb,Adidas Grand Court 00S Ps Sportswear Shoes Black/White,JE6155,,MikeSport Lebanon,76.0,,False,,in_stock,USD,Core Black/Off White/Gum,shoes,kids,"[""31 EU""]",https://lb.mikesport.com/products/adidas-grand-court-00s-ps-sportswear-shoes-black-white-1,2026-04-05T14:45:28Z,True,Regular price $ 76,in stock,
mikesport_lb,Adidas Campus 00S Ps Original Shoes Black/White,JI4331,,MikeSport Lebanon,105.0,,False,,in_stock,USD,"s and proportions. They're done with a premium leather upper lined with soft textile terry fabric, with all of it riding on an off-white midsole — a clear connect to the Campus legacy. Highlights: Regular fit Lace closure Composition: Rubber outsole Leather upper Terry textile lining Color: Core Black/Cloud White/Off White",shoes,kids,"[""28 EU"", ""30 EU"", ""29 EU"", ""31 EU"", ""32 EU""]",https://lb.mikesport.com/products/adidas-campus-00s-ps-original-shoes-black-white,2026-04-05T14:45:30Z,True,Regular price $ 105,in stock,
mikesport_lb,Adidas Superstar Ii Comfort Closure Infant-Boys Original Shoes White/Black,JI3990,,MikeSport Lebanon,89.0,,False,,in_stock,USD,Cloud White/Core Black/Cloud White,shoes,unisex,"[""22 EU"", ""24 EU""]",https://lb.mikesport.com/products/adidas-superstar-ii-comfort-closure-infant-boys-original-shoes-white-black,2026-04-05T14:45:32Z,True,Regular price $ 89,in stock,
mikesport_lb,Adidas Superstar Ii Ps Original Shoes Black/Cloud White,JH9981,,MikeSport Lebanon,105.0,,False,,in_stock,USD,Core Black/Cloud White/Core Black,shoes,kids,"[""28 EU"", ""30 EU"", ""29 EU"", ""31 EU"", ""32 EU"", ""34 EU"", ""35 EU""]",https://lb.mikesport.com/products/adidas-superstar-ii-ps-original-shoes-black-cloud-white,2026-04-05T14:45:35Z,True,Regular price $ 105,in stock,
mikesport_lb,Adidas Superstar Ii Ps Original Shoes White/Core Black,JH9980,,MikeSport Lebanon,105.0,,False,,in_stock,USD,Cloud White/Core Black/Cloud White,shoes,kids,"[""33 EU"", ""28 EU"", ""30 EU"", ""31 EU"", ""32 EU"", ""34 EU"", ""35 EU""]",https://lb.mikesport.com/products/adidas-superstar-ii-ps-original-shoes-white-core-black,2026-04-05T14:45:37Z,True,Regular price $ 105,in stock,
mikesport_lb,Adidas Tensaur Switch Ps-Boys Sportswear Shoes Navy/White/Blue,JH9240,,MikeSport Lebanon,60.0,,False,,in_stock,USD,Shadow Navy/Cloud White/Royal Blue,shoes,boys,"[""33 EU"", ""28 EU"", ""30 EU"", ""29 EU"", ""31 EU"", ""32 EU"", ""34 EU"", ""35 EU""]",https://lb.mikesport.com/products/adidas-tensaur-switch-ps-boys-sportswear-shoes-navy-white-blue,2026-04-05T14:45:40Z,True,Regular price $ 60,in stock,
mikesport_lb,Adidas Tensaur Run 2.0 Ps-Boys Sportswear Shoes Core Black,IE5985,,MikeSport Lebanon,56.0,,False,,in_stock,USD,Core Black,shoes,boys,"[""28 EU"", ""30 EU"", ""32 EU""]",https://lb.mikesport.com/products/adidas-tensaur-run-2-0-ps-boys-sportswear-shoes-core-black,2026-04-05T14:45:42Z,True,Regular price $ 56,in stock,
mikesport_lb,Adidas Advantage Infant-Unisex Sportswear Shoes Cloud White,ID5284,,MikeSport Lebanon,54.0,,False,,in_stock,USD,Cloud White,shoes,unisex,"[""22 EU"", ""25 EU"", ""24 EU"", ""26 EU"", ""27 EU""]",https://lb.mikesport.com/products/adidas-advantage-infant-unisex-sportswear-shoes-cloud-white,2026-04-05T14:45:44Z,True,Regular price $ 54,in stock,
mikesport_lb,Adidas Campus 00S Gs Original Shoes Black/White,HQ6638,,MikeSport Lebanon,137.0,,False,,in_stock,USD,"s and proportions. They're done with a premium leather upper lined with soft textile terry fabric, with all of it riding on an off-white midsole — a clear connect to the Campus legacy. Highlights: Regular fit Lace closure Composition: Rubber outsole Leather upper Terry textile lining Color: Core Black/Cloud White/Off White",shoes,kids,"[""36 2/3 EU""]",https://lb.mikesport.com/products/adidas-campus-00s-gs-original-shoes-black-white,2026-04-05T14:45:46Z,True,Regular price $ 137,in stock,
mikesport_lb,Adidas Dropset Control Women Training Shoes White/Grey/Red,JS3121,,MikeSport Lebanon,135.0,,False,,in_stock,USD,Cloud White/Grey/Lucid Red,shoes,women,"[""40 EU""]",https://lb.mikesport.com/products/adidas-dropset-control-women-training-shoes-white-grey-red,2026-04-05T14:45:48Z,True,Regular price $ 135,in stock,
mikesport_lb,Adidas Superstar Led Lights Ps-Boys Original Shoes Core Black/Violet,JS1291,,MikeSport Lebanon,121.0,85.0,True,29.75,in_stock,USD,Core Black/Preloved Violet,shoes,girls,"[""32 EU"", ""34 EU"", ""35 EU""]",https://lb.mikesport.com/products/adidas-superstar-led-lights-ps-boys-original-shoes-core-black-violet,2026-04-05T14:45:50Z,True,Sale price $ 85 Regular price $ 121 30%,in stock,
mikesport_lb,Adidas Lightblaze Men Sportswear Shoes Grey/Black,JS0913,,MikeSport Lebanon,159.0,111.0,True,30.19,in_stock,USD,Grey Five/Grey One/Core Black,shoes,men,"[""42 2/3 EU"", ""43 1/3 EU""]",https://lb.mikesport.com/products/adidas-lightblaze-men-sportswear-shoes-grey-black,2026-04-05T14:45:52Z,True,Sale price $ 111 Regular price $ 159 30%,in stock,
mikesport_lb,Adidas Adistar 4 Men Running Shoes Ink/Lime Burst,JR0310,,MikeSport Lebanon,207.0,,False,,in_stock,USD,Aurora Ink/Preloved Ink/Lime Burst,shoes,men,"[""42 EU""]",https://lb.mikesport.com/products/adidas-adistar-4-men-running-shoes-ink-lime-burst,2026-04-05T14:45:55Z,True,Regular price $ 207,in stock,
mikesport_lb,Adidas Adistar 4 Women Running Shoes Mint/Metallic,JR0287,,MikeSport Lebanon,207.0,,False,,in_stock,USD,Halo Mint/Zero Metalic/Lime Burst,shoes,women,"[""36 2/3 EU"", ""38 EU"", ""38 2/3 EU"", ""39 1/3 EU"", ""40 2/3 EU""]",https://lb.mikesport.com/products/adidas-adistar-4-women-running-shoes-mint-metallic,2026-04-05T14:45:57Z,True,Regular price $ 207,in stock,
mikesport_lb,Adidas Runfalcon 5 Infant-Girls Sportswear Shoes Powder Plum/Aurora,JQ5669,,MikeSport Lebanon,54.0,,False,,in_stock,USD,Powder Plum/Aurora Plum/Lucid Red,shoes,girls,"[""25 1/2 EU""]",https://lb.mikesport.com/products/adidas-runfalcon-5-infant-girls-sportswear-shoes-powder-plum-aurora,2026-04-05T14:45:59Z,True,Regular price $ 54,in stock,
mikesport_lb,Adidas Questar 3 Men Running Shoes White/Black/Ruby,JQ5081,,MikeSport Lebanon,126.0,,False,,in_stock,USD,Cloud White/Core Black/Pure Ruby,shoes,men,"[""44 2/3 EU"", ""46 EU"", ""46 2/3 EU"", ""41 1/3 EU"", ""42 EU"", ""44 EU""]",https://lb.mikesport.com/products/adidas-questar-3-men-running-shoes-white-black-ruby,2026-04-05T14:46:01Z,True,Regular price $ 126,in stock,
mikesport_lb,Adidas Feroza Mercedes Amg Petronas F1 Team Men Motor-Spor Shoes Black/Mint/Iron,JQ3273,,MikeSport Lebanon,137.0,96.0,True,29.93,in_stock,USD,s to keep the look authentic. Highlights: Regular fit Compos ition: Textile lining Color: Core Black/Semi Mint Rush/Iron Metallic,shoes,men,"[""42 EU""]",https://lb.mikesport.com/products/adidas-feroza-mercedes-amg-petronas-f1-team-men-motor-spor-shoes-black-mint-iron,2026-04-05T14:46:03Z,True,Sale price $ 96 Regular price $ 137 30%,in stock,
mikesport_lb,Adidas Duramo Sl Ps-Girls Running Shoes Navy/Metallic/Pink,JQ3018,,MikeSport Lebanon,67.0,,False,,in_stock,USD,Cloud White/Pink Fusion/Clear Pink,shoes,girls,"[""33 EU"", ""28 EU"", ""29 EU"", ""31 EU"", ""32 EU"", ""34 EU"", ""35 EU""]",https://lb.mikesport.com/products/adidas-duramo-sl-ps-girls-running-shoes-navy-metallic-pink,2026-04-05T14:46:05Z,True,Regular price $ 67,in stock,
mikesport_lb,Adidas F50 Messi League Turf Kids Football Shoes White/Red/Silver,JP7456,,MikeSport Lebanon,112.0,78.0,True,30.36,in_stock,USD,Cloud White/Lucid Red/Silver Metallic,shoes,kids,"[""33 EU"", ""29 EU"", ""38 EU"", ""38 2/3 EU""]",https://lb.mikesport.com/products/adidas-f50-messi-league-turf-kids-football-shoes-white-red-silver,2026-04-05T14:46:07Z,True,Sale price $ 78 Regular price $ 112 30%,in stock,
mikesport_lb,Adidas F50 Messi League Firm/Multi-Ground Cleats Kids Football Shoes White/Red/Silver,JP7454,,MikeSport Lebanon,112.0,78.0,True,30.36,in_stock,USD,Cloud White/Lucid Red/Silver Metallic,shoes,kids,"[""36 EU"", ""36 2/3 EU"", ""37 1/3 EU"", ""38 EU""]",https://lb.mikesport.com/products/adidas-f50-messi-league-firm-multi-ground-cleats-kids-football-shoes-white-red-silver,2026-04-05T14:46:09Z,True,Sale price $ 78 Regular price $ 112 30%,in stock,
mikesport_lb,Adidas F50 Messi League Turf Men Football Shoes White/Red/Silver,JP7448,,MikeSport Lebanon,144.0,101.0,True,29.86,in_stock,USD,Cloud White/Lucid Red/Silver Metallic,shoes,men,"[""40 EU"", ""41 1/3 EU""]",https://lb.mikesport.com/products/adidas-f50-messi-league-turf-men-football-shoes-white-red-silver,2026-04-05T14:46:11Z,True,Sale price $ 101 Regular price $ 144 30%,in stock,
mikesport_lb,Adidas Predator League Ft Men Football Shoes White/Black/Lime,JI1111,,MikeSport Lebanon,153.0,107.0,True,30.07,in_stock,USD,White/Black/Lime,shoes,men,"[""44 2/3 EU"", ""45 1/3 EU"", ""46 EU"", ""41 1/3 EU"", ""42 EU"", ""43 1/3 EU"", ""44 EU""]",https://lb.mikesport.com/products/adidas-predator-league-ft-men-football-shoes-white-black-lime,2026-04-05T14:46:13Z,True,Sale price $ 107 Regular price $ 153 30%,in stock,
mikesport_lb,Adidas F50 League Tf Kids Football Shoes Purple/White/Lime,JI0000,,MikeSport Lebanon,105.0,74.0,True,29.52,in_stock,USD,Purple/White/Lime,shoes,kids,"[""33 EU""]",https://lb.mikesport.com/products/adidas-f50-league-tf-kids-football-shoes-white-red-blue,2026-04-05T14:46:15Z,True,Sale price $ 74 Regular price $ 105 30%,in stock,
mikesport_lb,Adidas Superstar Ii Gs Original Shoes White/Core Black,JH9976,,MikeSport Lebanon,126.0,,False,,in_stock,USD,Cloud White/Core Black/Cloud White,shoes,kids,"[""40 EU""]",https://lb.mikesport.com/products/adidas-superstar-ii-gs-original-shoes-white-core-black,2026-04-05T14:46:17Z,True,Regular price $ 126,in stock,
mikesport_lb,Adidas F50 League Fg/Mg Jr Kids Football Shoes Purple,JH7747,,MikeSport Lebanon,105.0,74.0,True,29.52,in_stock,USD,Purple,shoes,kids,"[""31 EU"", ""34 EU"", ""36 2/3 EU"", ""37 1/3 EU""]",https://lb.mikesport.com/products/adidas-f50-league-fg-mg-jr-kids-football-shoes-purple,2026-04-05T14:46:19Z,True,Sale price $ 74 Regular price $ 105 30%,in stock,
mikesport_lb,Adidas F50 League Tf Men Football Shoes Purple,JH7724,,MikeSport Lebanon,137.0,96.0,True,29.93,in_stock,USD,Purple,shoes,men,"[""44 2/3 EU"", ""46 EU"", ""40 EU"", ""41 1/3 EU"", ""42 EU""]",https://lb.mikesport.com/products/adidas-f50-league-tf-men-football-shoes-purple,2026-04-05T14:46:21Z,True,Sale price $ 96 Regular price $ 137 30%,in stock,
mikesport_lb,Adidas Runfalcon 5 Men Running Shoes Legend Ink/White,IE8809,,MikeSport Lebanon,89.0,,False,,in_stock,USD,Legend Ink/White,shoes,men,"[""45 1/3 EU"", ""42 EU"", ""43 1/3 EU"", ""44 EU""]",https://lb.mikesport.com/products/adidas-runfalcon-5-men-running-shoes-legend-ink-white,2026-04-05T14:46:24Z,True,Regular price $ 89,in stock,
mikesport_lb,Adidas Grand Court 00S Ps Sportswear Shoes Black/White,JH6178,,MikeSport Lebanon,80.0,,False,,in_stock,USD,Core Black / Off White / Gum,shoes,boys,"[""33 EU"", ""28 EU"", ""30 EU"", ""29 EU"", ""31 EU"", ""32 EU"", ""34 EU"", ""35 EU""]",https://lb.mikesport.com/products/adidas-grand-court-00s-ps-sportswear-shoes-black-white,2026-04-05T14:46:26Z,True,Regular price $ 80,in stock,
mikesport_lb,Adidas Questar 3 Men Running Shoes Core Black/White,ID6320,,MikeSport Lebanon,121.0,,False,,in_stock,USD,Core Black/Cloud White/Carbon,shoes,men,"[""42 EU"", ""42 2/3 EU"", ""44 EU""]",https://lb.mikesport.com/products/adidas-questar-3-men-running-shoes-core-black-white,2026-04-05T14:46:28Z,True,Regular price $ 121,in stock,
mikesport_lb,Adidas Adilette Aqua Unisex Sportswear Slippers Black,F35550,,MikeSport Lebanon,38.0,,False,,in_stock,USD,Black,slippers,unisex,"[""44 2/3 EU"", ""39 1/3 EU""]",https://lb.mikesport.com/products/adidas-adilette-aqua-unisex-sportswear-slippers-black,2026-04-05T14:46:30Z,True,Regular price $ 38,in stock,
mikesport_lb,Adidas Air Unisex Football Pump Solar/White/Black,CZ9556,,MikeSport Lebanon,19.0,,False,,in_stock,USD,Solar Red/White/Black,pump,unisex,[],https://lb.mikesport.com/products/adidas-air-unisex-football-pump-solar-white-black,2026-04-05T14:46:33Z,True,Regular price $ 19,in stock,
mikesport_lb,Adidas Adizero Evo Sl Men Running Shoes White/Black,JH6206,,MikeSport Lebanon,223.0,,False,,in_stock,USD,White/Black,shoes,men,"[""44 2/3 EU"", ""45 1/3 EU"", ""46 EU"", ""46 2/3 EU"", ""40 2/3 EU"", ""41 1/3 EU"", ""42 EU"", ""43 1/3 EU"", ""44 EU""]",https://lb.mikesport.com/products/adidas-adizero-evo-sl-men-running-shoes-white-black,2026-04-05T14:46:36Z,True,Regular price $ 223,in stock,
mikesport_lb,Adidas Essentials Men Training Pant Night Cargo/Black,JP4980,,MikeSport Lebanon,77.0,54.0,True,29.87,in_stock,USD,Night Cargo/Black,pant,men,"[""M"", ""S""]",https://lb.mikesport.com/products/adidas-essentials-men-training-pant-night-cargo-black,2026-04-05T14:46:37Z,True,Sale price $ 54 Regular price $ 77 30%,in stock,
mikesport_lb,Adidas Adicolor Classics Sst Men Original Track Top Grey Two,JP2516,,MikeSport Lebanon,118.0,83.0,True,29.66,in_stock,USD,Grey Two,track_top,men,"[""M"", ""S""]",https://lb.mikesport.com/products/adidas-adicolor-classics-sst-men-original-track-top-grey-two,2026-04-05T14:46:39Z,True,Sale price $ 83 Regular price $ 118 30%,in stock,
mikesport_lb,Adidas All Sports Favorite Kids-Boys Sportswear T-Shirt Black/Grey,JJ5050,,MikeSport Lebanon,38.0,,False,,in_stock,USD,Black/Grey,t-shirt,boys,"[""7-8 Years"", ""9-10 Years"", ""11-12 Years""]",https://lb.mikesport.com/products/adidas-all-sports-favorite-kids-boys-sportswear-t-shirt-black-grey,2026-04-05T14:46:42Z,True,Regular price $ 38,in stock,
mikesport_lb,Adidas Essentials 3 Stripes Kids-Girls Sportswear Short Black/White,JJ5038,,MikeSport Lebanon,38.0,,False,,in_stock,USD,Black/White,short,girls,"[""7-8 Years"", ""9-10 Years"", ""11-12 Years"", ""13-14 Years""]",https://lb.mikesport.com/products/adidas-essentials-3-stripes-kids-girls-sportswear-short-black-white,2026-04-05T14:46:44Z,True,Regular price $ 38,in stock,
mikesport_lb,Adidas Essentials 3 Stripes Kids-Girls Sportswear T-Shirt White/Black,JJ5032,,MikeSport Lebanon,29.0,,False,,in_stock,USD,White/Black,t-shirt,girls,"[""11-12 Years"", ""13-14 Years""]",https://lb.mikesport.com/products/adidas-essentials-3-stripes-kids-girls-sportswear-t-shirt-white-black,2026-04-05T14:46:46Z,True,Regular price $ 29,in stock,
mikesport_lb,Adidas Essentials 3 Stripes Kids-Girls Sportswear Tight Lucid Fuchsia/White,JJ3450,,MikeSport Lebanon,38.0,27.0,True,28.95,in_stock,USD,Lucid Fuchsia/White,tight,girls,"[""7-8 Years""]",https://lb.mikesport.com/products/adidas-essentials-3-stripes-kids-girls-sportswear-tight-lucid-fuchsia-white,2026-04-05T14:46:48Z,True,Sale price $ 27 Regular price $ 38 29%,in stock,
mikesport_lb,Adidas Essentials 3 Stripes Kids-Unisex Sportswear Short Black/White,JJ1038,,MikeSport Lebanon,38.0,,False,,in_stock,USD,Black/White,short,unisex,"[""7-8 Years"", ""9-10 Years""]",https://lb.mikesport.com/products/adidas-essentials-3-stripes-kids-unisex-sportswear-short-black-white,2026-04-05T14:46:50Z,True,Regular price $ 38,in stock,
mikesport_lb,Adidas Essentials Kids-Boys Sportswear T-Shirt White/Black,JJ1033,,MikeSport Lebanon,29.0,,False,,in_stock,USD,White/Black,t-shirt,boys,"[""9-10 Years""]",https://lb.mikesport.com/products/adidas-essentials-kids-boys-sportswear-t-shirt-white-black,2026-04-05T14:46:52Z,True,Regular price $ 29,in stock,
mikesport_lb,Adidas Essentials 3 Stripes Kids-Boys Sportswear T-Shirt Black/White,JJ1032,,MikeSport Lebanon,29.0,,False,,in_stock,USD,Black/White,t-shirt,boys,"[""11-12 Years""]",https://lb.mikesport.com/products/adidas-essentials-3-stripes-kids-boys-sportswear-t-shirt-black-white,2026-04-05T14:46:56Z,True,Regular price $ 29,in stock,
mikesport_lb,Adidas All Sports Nxt Kids-Girls Sportswear T-Shirt Pink Fusion/White,JJ0994,,MikeSport Lebanon,45.0,32.0,True,28.89,in_stock,USD,Pink Fusion/White,t-shirt,girls,"[""11-12 Years""]",https://lb.mikesport.com/products/adidas-all-sports-nxt-kids-girls-sportswear-t-shirt-pink-fusion-white,2026-04-05T14:47:00Z,True,Sale price $ 32 Regular price $ 45 29%,in stock,
mikesport_lb,Adidas D4T Men Training Short Aurora Ink,JI8137,,MikeSport Lebanon,67.0,47.0,True,29.85,in_stock,USD,Aurora Ink,short,men,"[""S""]",https://lb.mikesport.com/products/adidas-d4t-men-training-short-aurora-ink,2026-04-05T14:47:03Z,True,Sale price $ 47 Regular price $ 67 30%,in stock,
mikesport_lb,Adidas All Szn Men Sportswear T-Shirt Wonder Alumina,JI6403,,MikeSport Lebanon,45.0,32.0,True,28.89,in_stock,USD,Wonder Alumina,t-shirt,men,"[""L"", ""S""]",https://lb.mikesport.com/products/adidas-all-szn-men-sportswear-t-shirt-wonder-alumina,2026-04-05T14:47:06Z,True,Sale price $ 32 Regular price $ 45 29%,in stock,
mikesport_lb,Adidas Essentials Men Training Pant Black,JG1275,,MikeSport Lebanon,80.0,56.0,True,30.0,in_stock,USD,Black,pant,men,"[""S""]",https://lb.mikesport.com/products/adidas-essentials-men-training-pant-black,2026-04-05T14:47:09Z,True,Sale price $ 56 Regular price $ 80 30%,in stock,
mikesport_lb,Adidas Adicolor 8 Inch Men Swim Short Collegiate Green,JG1049,,MikeSport Lebanon,61.0,43.0,True,29.51,in_stock,USD,Collegiate Green,swim_short,men,"[""L"", ""S"", ""XL""]",https://lb.mikesport.com/products/adidas-adicolor-8-inch-men-swim-short-collegiate-green,2026-04-05T14:47:11Z,True,Sale price $ 43 Regular price $ 61 30%,in stock,
mikesport_lb,Adidas Essentials 3 Stripes Kids-Girls Sportswear Short Lucid Fuchsia/White,JF3675,,MikeSport Lebanon,38.0,27.0,True,28.95,in_stock,USD,Lucid Fuchsia/White,short,girls,"[""11-12 Years""]",https://lb.mikesport.com/products/adidas-essentials-3-stripes-kids-girls-sportswear-short-lucid-fuchsia-white,2026-04-05T14:47:13Z,True,Sale price $ 27 Regular price $ 38 29%,in stock,
mikesport_lb,Adidas Adizero Essentials Women Running Tank Violet Tone,JF3504,,MikeSport Lebanon,38.0,27.0,True,28.95,in_stock,USD,Violet Tone,tank,women,"[""L""]",https://lb.mikesport.com/products/adidas-adizero-essentials-women-running-tank-violet-tone,2026-04-05T14:47:16Z,True,Sale price $ 27 Regular price $ 38 29%,in stock,
mikesport_lb,Adidas Min Allover Print Women Training Short Wonder Alumina,JE8689,,MikeSport Lebanon,54.0,38.0,True,29.63,in_stock,USD,Wonder Alumina,short,women,"[""L"", ""S"", ""XS""]",https://lb.mikesport.com/products/adidas-min-allover-print-women-training-short-wonder-alumina,2026-04-05T14:47:18Z,True,Sale price $ 38 Regular price $ 54 30%,in stock,
mikesport_lb,Adidas Min Allover Print Women Training Short Black,JE8685,,MikeSport Lebanon,54.0,38.0,True,29.63,in_stock,USD,Black,short,women,"[""L"", ""XS""]",https://lb.mikesport.com/products/adidas-min-allover-print-women-training-short-black,2026-04-05T14:47:22Z,True,Sale price $ 38 Regular price $ 54 30%,in stock,
mikesport_lb,Adidas Essentials 3 Stripes Men Sportswear T-Shirt Olive Strata/Black,JE6391,,MikeSport Lebanon,45.0,,False,,in_stock,USD,Olive Strata/Black,t-shirt,men,"[""L"", ""S""]",https://lb.mikesport.com/products/adidas-essentials-3-stripes-men-sportswear-t-shirt-olive-strata-black,2026-04-05T14:47:24Z,True,Regular price $ 45,in stock,
mikesport_lb,Adidas Essentials Allover Print Workout Women Training Tank Wonder Alumina,JE6154,,MikeSport Lebanon,45.0,32.0,True,28.89,in_stock,USD,Wonder Alumina,tank,women,"[""L"", ""S"", ""XS""]",https://lb.mikesport.com/products/adidas-essentials-allover-print-workout-women-training-tank-wonder-alumina,2026-04-05T14:47:27Z,True,Sale price $ 32 Regular price $ 45 29%,in stock,
mikesport_lb,Adidas Train Essentials AOP Women Training Tank Black,JE6153,,MikeSport Lebanon,45.0,32.0,True,28.89,in_stock,USD,Black,tank,women,"[""L"", ""XS""]",https://lb.mikesport.com/products/adidas-train-essentials-aop-women-training-tank-black,2026-04-05T14:47:29Z,True,Sale price $ 32 Regular price $ 45 29%,in stock,
mikesport_lb,Adidas Future Icons Small Women Sportswear Short Grey Strata,JE3998,,MikeSport Lebanon,61.0,43.0,True,29.51,in_stock,USD,Grey Strata,short,women,"[""L"", ""S"", ""XS""]",https://lb.mikesport.com/products/adidas-future-icons-small-women-sportswear-short-grey-strata,2026-04-05T14:47:32Z,True,Sale price $ 43 Regular price $ 61 30%,in stock,
mikesport_lb,Adidas Yoga Body Mind Stretch Men Training T-Shirt Aurora Ink,JD8223,,MikeSport Lebanon,53.0,37.0,True,30.19,in_stock,USD,Aurora Ink,t-shirt,men,"[""2XL""]",https://lb.mikesport.com/products/adidas-yoga-body-mind-stretch-men-training-t-shirt-aurora-ink,2026-04-05T14:47:35Z,True,Sale price $ 37 Regular price $ 53 30%,in stock,
mikesport_lb,Adidas Essentials Small Logo French Terry Cuffed Women Sportswear Pant Black/White,JD7999,,MikeSport Lebanon,67.0,,False,,in_stock,USD,Black/White,pant,women,"[""M""]",https://lb.mikesport.com/products/adidas-essentials-small-logo-french-terry-cuffed-women-sportswear-pant-black-white,2026-04-05T14:47:38Z,True,Regular price $ 67,in stock,
mikesport_lb,Adidas Essentials Small Logo Women Sportswear Hoody Black/White,JD7989,,MikeSport Lebanon,80.0,,False,,in_stock,USD,Black/White,hoody,women,"[""L"", ""M"", ""S"", ""XS""]",https://lb.mikesport.com/products/adidas-essentials-small-logo-women-sportswear-hoody-black-white,2026-04-05T14:47:40Z,True,Regular price $ 80,in stock,
mikesport_lb,Adidas Essentials Climacool Kids-Unisex Sportswear Tracksuit Black/White,JD6502,,MikeSport Lebanon,89.0,,False,,in_stock,USD,Black/White,tracksuit,unisex,"[""7-8 Years"", ""9-10 Years"", ""11-12 Years"", ""13-14 Years"", ""15-16 Years""]",https://lb.mikesport.com/products/adidas-essentials-climacool-kids-unisex-sportswear-tracksuit-black-white,2026-04-05T14:47:42Z,True,Regular price $ 89,in stock,
mikesport_lb,Adidas Hyperglam Woven Color Pop Women Training Short Taupe Oxide/White,JD6097,,MikeSport Lebanon,54.0,38.0,True,29.63,in_stock,USD,"and personality. CLIMACOOL wicks and disperses sweat for cool, dry and distraction-free performance.CLIMACOOL helps you manage sweat with materials that wick and manage sweat quickly. Its fast-dry fibers give you a fresh-skin feel. Highlights: Regular fit with mid rise Elastic waist CLIMACOOL Side slits Moisture-wicking Composition: 100% polyester (recycled) Color: Taupe Oxide/White/Lemon",short,women,"[""S"", ""XS""]",https://lb.mikesport.com/products/adidas-hyperglam-woven-color-pop-women-training-short-taupe-oxide-white,2026-04-05T14:47:44Z,True,Sale price $ 38 Regular price $ 54 30%,in stock,
mikesport_lb,Adidas Hyperglam Color Pop Women Training Tank Taupe Oxide/White,JD6096,,MikeSport Lebanon,54.0,38.0,True,29.63,in_stock,USD,".CLIMACOOL helps you manage sweat with materials that wick and manage sweat quickly. Its fast-dry fibers give you a fresh-skin feel. Highlights: Tight Fit Scoop Neck Cropped length CLIMACOOL AEROREADY Criss-cross back straps Composition: 83% polyester (recycled), 17% Elastane Color: Taupe Oxide/White/Lemon",tank,women,"[""XS""]",https://lb.mikesport.com/products/adidas-hyperglam-color-pop-women-training-tank-taupe-oxide-white,2026-04-05T14:47:46Z,True,Sale price $ 38 Regular price $ 54 30%,in stock,
mikesport_lb,Adidas Future Icons 3 Bar Men Sportswear Pant Grey,JD4909,,MikeSport Lebanon,96.0,67.0,True,30.21,in_stock,USD,Grey,pant,men,"[""L""]",https://lb.mikesport.com/products/adidas-future-icons-3-bar-men-sportswear-pant-grey,2026-04-05T14:47:48Z,True,Sale price $ 67 Regular price $ 96 30%,in stock,
mikesport_lb,Adidas Future Icons 3 Bar Men Sportswear Hoody Grey,JD4897,,MikeSport Lebanon,102.0,71.0,True,30.39,in_stock,USD,Grey,hoody,men,"[""S"", ""XL""]",https://lb.mikesport.com/products/adidas-future-icons-3-bar-men-sportswear-hoody-grey,2026-04-05T14:47:50Z,True,Sale price $ 71 Regular price $ 102 30%,in stock,
mikesport_lb,Adidas Essentials Feelready Novelty Men Training T-Shirt Silver Green,JD0174,,MikeSport Lebanon,45.0,32.0,True,28.89,in_stock,USD,Silver Green,t-shirt,men,"[""S""]",https://lb.mikesport.com/products/adidas-essentials-feelready-novelty-men-training-t-shirt-silver-green,2026-04-05T14:47:52Z,True,Sale price $ 32 Regular price $ 45 29%,in stock,
mikesport_lb,Adidas Adicolor Solid 8 Inch Men Swim Swim Short Semi Coral,JC9186,,MikeSport Lebanon,61.0,43.0,True,29.51,in_stock,USD,Semi Coral,swim_short,men,"[""L"", ""M"", ""S"", ""XL""]",https://lb.mikesport.com/products/adidas-adicolor-solid-8-inch-men-swim-swim-short-semi-coral,2026-04-05T14:47:56Z,True,Sale price $ 43 Regular price $ 61 30%,in stock,
mikesport_lb,Adidas Essentials Small Logo Women Sportswear Pant Wonder Alumina/White,JC8305,,MikeSport Lebanon,67.0,,False,,in_stock,USD,Wonder Alumina/White,pant,women,"[""L"", ""M""]",https://lb.mikesport.com/products/adidas-essentials-small-logo-women-sportswear-pant-wonder-alumina-white,2026-04-05T14:47:58Z,True,Regular price $ 67,in stock,
mikesport_lb,Adidas Train Essentials Kids-Boys Sportswear T-Shirt Royal Blue/White,JC7675,,MikeSport Lebanon,26.0,,False,,in_stock,USD,Royal Blue/White,t-shirt,boys,"[""7-8 Years"", ""13-14 Years""]",https://lb.mikesport.com/products/adidas-train-essentials-kids-boys-sportswear-t-shirt-royal-blue-white,2026-04-05T14:48:00Z,True,Regular price $ 26,in stock,
mikesport_lb,Adidas Essentials Small Logo Women Sportswear Hoody Wonder Alumina/White,JC5934,,MikeSport Lebanon,80.0,,False,,in_stock,USD,Wonder Alumina/White,hoody,women,"[""L"", ""M"", ""S"", ""XS""]",https://lb.mikesport.com/products/adidas-essentials-small-logo-women-sportswear-hoody-wonder-alumina-white,2026-04-05T14:48:02Z,True,Regular price $ 80,in stock,
mikesport_lb,Adidas Future Icons Small Women Sportswear Short Black,JC5466,,MikeSport Lebanon,60.0,,False,,in_stock,USD,Black,short,women,"[""L"", ""M"", ""S"", ""XS""]",https://lb.mikesport.com/products/adidas-future-icons-small-women-sportswear-short-black,2026-04-05T14:48:04Z,True,Regular price $ 60,in stock,
mikesport_lb,Adidas Z N E Women Sportswear Short Black/White,JC5395,,MikeSport Lebanon,80.0,56.0,True,30.0,in_stock,USD,Black,short,women,"[""L"", ""M"", ""S""]",https://lb.mikesport.com/products/adidas-z-n-e-women-sportswear-short-black-white,2026-04-05T14:48:06Z,True,Sale price $ 56 Regular price $ 80 30%,in stock,
mikesport_lb,Adidas Z N E Women Sportswear Hoody Black/White,JC5392,,MikeSport Lebanon,159.0,111.0,True,30.19,in_stock,USD,Black/White,hoody,women,"[""XS""]",https://lb.mikesport.com/products/adidas-z-n-e-women-sportswear-hoody-black-white,2026-04-05T14:48:08Z,True,Sale price $ 111 Regular price $ 159 30%,in stock,
mikesport_lb,Adidas Lounge Slides Graphic Pocket Men Sportswear T-Shirt Black,JC5283,,MikeSport Lebanon,45.0,32.0,True,28.89,in_stock,USD,Black,t-shirt,men,"[""S""]",https://lb.mikesport.com/products/adidas-lounge-slides-graphic-pocket-men-sportswear-t-shirt-black,2026-04-05T14:48:10Z,True,Sale price $ 32 Regular price $ 45 29%,in stock,
mikesport_lb,Adidas Lounge Slides Graphic Pocket Men Sportswear T-Shirt White,JC5282,,MikeSport Lebanon,45.0,,False,,in_stock,USD,White,t-shirt,men,"[""L"", ""XL""]",https://lb.mikesport.com/products/adidas-lounge-slides-graphic-pocket-men-sportswear-t-shirt-white,2026-04-05T14:48:12Z,True,Regular price $ 45,in stock,
mikesport_lb,Adidas Own Men Running Tank White,IK7435,,MikeSport Lebanon,44.0,31.0,True,29.55,in_stock,USD,White,tank,men,"[""XL""]",https://lb.mikesport.com/products/adidas-own-men-running-tank-white,2026-04-05T14:48:14Z,True,Sale price $ 31 Regular price $ 44 30%,in stock,
mikesport_lb,Adidas Essentials Men Running Tank Black,IM8586,,MikeSport Lebanon,38.0,,False,,in_stock,USD,Black,tank,men,"[""M"", ""S""]",https://lb.mikesport.com/products/adidas-essentials-men-running-tank-black,2026-04-05T14:48:17Z,True,Regular price $ 38,in stock,
mikesport_lb,Adidas All Szn Women Sportswear T-Shirt Warm Clay,JN7385,,MikeSport Lebanon,54.0,38.0,True,29.63,in_stock,USD,Warm Clay,t-shirt,women,"[""S""]",https://lb.mikesport.com/products/adidas-all-szn-women-sportswear-t-shirt-warm-clay,2026-04-05T14:48:21Z,True,Sale price $ 38 Regular price $ 54 30%,in stock,
mikesport_lb,Adidas Club 3 Stripes Kids-Boys Tennis T-Shirt Black,JI9250,,MikeSport Lebanon,45.0,,False,,in_stock,USD,Black,t-shirt,boys,"[""7-8 Years"", ""9-10 Years"", ""11-12 Years""]",https://lb.mikesport.com/products/adidas-club-3-stripes-kids-boys-tennis-t-shirt-black,2026-04-05T14:48:24Z,True,Regular price $ 45,in stock,
mikesport_lb,Adidas Basic 3 Stripes French Terry Men Sportswear Tracksuit Grey Heather,JI8876,,MikeSport Lebanon,117.0,,False,,in_stock,USD,Grey Heather,tracksuit,men,"[""S"", ""XL""]",https://lb.mikesport.com/products/adidas-basic-3-stripes-french-terry-men-sportswear-tracksuit-grey-heather,2026-04-05T14:48:27Z,True,Regular price $ 117,in stock,
mikesport_lb,Adidas A SZN French Terry Men Sportswear Hoody Wonder Alumina,JI8792,,MikeSport Lebanon,95.0,67.0,True,29.47,in_stock,USD,Wonder Alumina,hoody,men,"[""M"", ""S"", ""XL""]",https://lb.mikesport.com/products/adidas-a-szn-french-terry-men-sportswear-hoody-wonder-alumina,2026-04-05T14:48:29Z,True,Sale price $ 67 Regular price $ 95 29%,in stock,
mikesport_lb,Adidas Vi Court Bold Women Sportswear Shoes Cloud White/Blue,JI1794,,MikeSport Lebanon,121.0,85.0,True,29.75,in_stock,USD,Cloud White/Blue,shoes,women,"[""38 2/3 EU""]",https://lb.mikesport.com/products/adidas-vi-court-bold-women-sportswear-shoes-cloud-white-blue,2026-04-05T14:48:32Z,True,Sale price $ 85 Regular price $ 121 30%,in stock,
mikesport_lb,Adidas Essential 3 Stripes Women Sportswear Tracksuit Black,JD5434,,MikeSport Lebanon,112.0,,False,,in_stock,USD,Black,tracksuit,women,"[""L"", ""S"", ""XS""]",https://lb.mikesport.com/products/adidas-essential-3-stripes-women-sportswear-tracksuit-black,2026-04-05T14:48:34Z,True,Regular price $ 112,in stock,
mikesport_lb,Adidas Basic 3 Stripes French Terry Men Sportswear Tracksuit Black,JC5375,,MikeSport Lebanon,112.0,,False,,in_stock,USD,Black/White,tracksuit,men,"[""2XL"", ""L"", ""M"", ""S"", ""XL""]",https://lb.mikesport.com/products/adidas-basic-3-stripes-french-terry-men-sportswear-tracksuit-black,2026-04-05T14:48:37Z,True,Regular price $ 112,in stock,
mikesport_lb,Adidas Handball Spezial Men Original Shoes Grey/Cream White,IF7086,,MikeSport Lebanon,159.0,,False,,in_stock,USD,Grey/Cream White,shoes,men,"[""44 2/3 EU"", ""43 1/3 EU"", ""44 EU""]",https://lb.mikesport.com/products/adidas-handball-spezial-men-original-shoes-grey-cream-white,2026-04-05T14:48:39Z,True,Regular price $ 159,in stock,
mikesport_lb,Adidas Campus 00S Women Original Shoes Crystal White/Black,GY0042,,MikeSport Lebanon,159.0,,False,,in_stock,USD,Crystal White/Black,shoes,women,"[""36 EU"", ""36 2/3 EU"", ""37 1/3 EU"", ""38 EU"", ""38 2/3 EU"", ""39 1/3 EU"", ""40 EU"", ""40 2/3 EU""]",https://lb.mikesport.com/products/adidas-campus-00s-women-original-shoes-crystal-white-black,2026-04-05T14:48:41Z,True,Regular price $ 159,in stock,
mikesport_lb,Adidas Kantai Trail Men Sportswear Shoes White/Putty Grey,JI4817,,MikeSport Lebanon,175.0,,False,,in_stock,USD,Cloud White / Charcoal / Putty Grey,shoes,men,"[""43 1/3 EU""]",https://lb.mikesport.com/products/adidas-kantai-trail-men-sportswear-shoes-white-putty-grey,2026-04-05T14:48:43Z,True,Regular price $ 175,in stock,
mikesport_lb,Adidas Techfit Compression Men Training Tight Black,IN5590,,MikeSport Lebanon,61.0,,False,,in_stock,USD,Black,tight,men,"[""S""]",https://lb.mikesport.com/products/adidas-techfit-compression-men-training-tight-black,2026-04-05T14:48:46Z,True,Regular price $ 61,in stock,
mikesport_lb,Adidas All Szn Men Sportswear T-Shirt Black,IY4150,,MikeSport Lebanon,45.0,,False,,in_stock,USD,Black,t-shirt,men,"[""M"", ""S""]",https://lb.mikesport.com/products/adidas-all-szn-men-sportswear-t-shirt-black-1,2026-04-05T14:48:48Z,True,Regular price $ 45,in stock,
mikesport_lb,Adidas Adizero Essentials Women Running T-Shirt Black,IN1172,,MikeSport Lebanon,44.0,,False,,in_stock,USD,Black,t-shirt,women,"[""L"", ""M""]",https://lb.mikesport.com/products/adidas-adizero-essentials-women-running-t-shirt-black,2026-04-05T14:48:50Z,True,Regular price $ 44,in stock,
mikesport_lb,Adidas Essentials Unisex Training Cap White/Silver,IC2069,,MikeSport Lebanon,26.0,,False,,in_stock,USD,White/Silver,cap,unisex,[],https://lb.mikesport.com/products/adidas-essentials-unisex-training-cap-white-silver,2026-04-05T14:48:53Z,True,Regular price $ 26,in stock,
mikesport_lb,Adidas All Sports Favorite Kids-Boys Sportswear Short Black/White,JD0140,,MikeSport Lebanon,44.0,31.0,True,29.55,in_stock,USD,Black,short,boys,"[""5-6 Years"", ""7-8 Years"", ""9-10 Years"", ""11-12 Years""]",https://lb.mikesport.com/products/adidas-all-sports-favorite-kids-boys-sportswear-short-black-white,2026-04-05T14:48:55Z,True,Sale price $ 31 Regular price $ 44 30%,in stock,
mikesport_lb,Adidas Chelsea Kids-Unisex Sportswear Short Black/White,JC9770,,MikeSport Lebanon,29.0,,False,,in_stock,USD,Black/White,short,unisex,"[""7-8 Years"", ""9-10 Years""]",https://lb.mikesport.com/products/adidas-chelsea-kids-unisex-sportswear-short-black-white,2026-04-05T14:48:57Z,True,Regular price $ 29,in stock,
mikesport_lb,Adidas Mercedes Amg Petronas Formula One Team Dna Men Motor-Spor Pant Black/White,JV5379,,MikeSport Lebanon,89.0,,False,,in_stock,USD,Black/White,pant,men,"[""2XL"", ""L"", ""M"", ""XL""]",https://lb.mikesport.com/products/adidas-trefoil-series-men-original-t-shirt-black,2026-04-05T14:48:59Z,True,Regular price $ 89,in stock,
mikesport_lb,Adidas Future Icons 3 Stripes Kids-Unisex Sportswear T-Shirt Black/White,JN8092,,MikeSport Lebanon,42.0,29.0,True,30.95,in_stock,USD,Black/White,t-shirt,unisex,"[""7-8 Years"", ""9-10 Years"", ""11-12 Years""]",https://lb.mikesport.com/products/adidas-codes-photoreal-graphic-men-sportswear-t-shirt-olive-strata,2026-04-05T14:49:02Z,True,Sale price $ 29 Regular price $ 42 31%,in stock,
mikesport_lb,Adidas Own The Run Climacool Men Running Short Black,JM5400,,MikeSport Lebanon,67.0,47.0,True,29.85,in_stock,USD,Black,short,men,"[""M"", ""S"", ""XL""]",https://lb.mikesport.com/products/adidas-training-essentials-3-stripes-kids-girls-sportswear-t-shirt-black-white,2026-04-05T14:49:04Z,True,Sale price $ 47 Regular price $ 67 30%,in stock,
mikesport_lb,Adidas D4T Intensity Men Training T-Shirt Black,JI8181,,MikeSport Lebanon,77.0,,False,,in_stock,USD,Black,t-shirt,men,"[""L"", ""M"", ""S"", ""XL""]",https://lb.mikesport.com/products/adidas-d4t-intensity-men-training-t-shirt-black,2026-04-05T14:49:06Z,True,Regular price $ 77,in stock,
mikesport_lb,Adidas D4T Hybrid Men Training Pant Aurora Ink,JI8160,,MikeSport Lebanon,96.0,67.0,True,30.21,in_stock,USD,Aurora Ink,pant,men,"[""S""]",https://lb.mikesport.com/products/adidas-d4t-hybrid-men-training-pant-aurora-ink,2026-04-05T14:49:09Z,True,Sale price $ 67 Regular price $ 96 30%,in stock,
mikesport_lb,Adidas D4T Full Zip Men Training Hoody Aurora Ink,JI8134,,MikeSport Lebanon,128.0,90.0,True,29.69,in_stock,USD,Aurora Ink,hoody,men,"[""XL""]",https://lb.mikesport.com/products/adidas-d4t-full-zip-men-training-hoody-aurora-ink,2026-04-05T14:49:11Z,True,Sale price $ 90 Regular price $ 128 30%,in stock,
mikesport_lb,Adidas All Szn French Terry Men Sportswear Hoody Black,JI6361,,MikeSport Lebanon,105.0,74.0,True,29.52,in_stock,USD,Black,hoody,men,"[""2XL"", ""L""]",https://lb.mikesport.com/products/adidas-all-szn-french-terry-men-sportswear-hoody-black,2026-04-05T14:49:14Z,True,Sale price $ 74 Regular price $ 105 30%,in stock,
mikesport_lb,Adidas Future Icons Logo Above Knee Kids Unisex Sportswear Short Black,JI6266,,MikeSport Lebanon,54.0,38.0,True,29.63,in_stock,USD,Black,short,unisex,"[""13-14 Years""]",https://lb.mikesport.com/products/adidas-future-icons-logo-above-knee-kids-unisex-sportswear-short-black,2026-04-05T14:49:16Z,True,Sale price $ 38 Regular price $ 54 30%,in stock,
mikesport_lb,Adidas Club Climacool Men Tennis Short Black,JF8499,,MikeSport Lebanon,54.0,,False,,in_stock,USD,Black,short,men,"[""L"", ""M"", ""S"", ""XL""]",https://lb.mikesport.com/products/adidas-club-climacool-men-tennis-short-black,2026-04-05T14:49:18Z,True,Regular price $ 54,in stock,
mikesport_lb,Adidas City Escape Men Sportswear Short Black,JF3282,,MikeSport Lebanon,54.0,38.0,True,29.63,in_stock,USD,Black,short,men,"[""S"", ""XL""]",https://lb.mikesport.com/products/adidas-city-escape-men-sportswear-short-black-1,2026-04-05T14:49:20Z,True,Sale price $ 38 Regular price $ 54 30%,in stock,
mikesport_lb,Adidas Train Essentials Boxy Workout Women Training Tank White,JF1026,,MikeSport Lebanon,38.0,,False,,in_stock,USD,White,tank,women,"[""L"", ""M"", ""S"", ""XS""]",https://lb.mikesport.com/products/adidas-train-essentials-boxy-workout-women-training-tank-white,2026-04-05T14:49:22Z,True,Regular price $ 38,in stock,
mikesport_lb,Adidas Cool Intensity 2 In 1 Training Skeleton Women Training Tank Black,JF1010,,MikeSport Lebanon,67.0,47.0,True,29.85,in_stock,USD,Black,tank,women,"[""XS""]",https://lb.mikesport.com/products/adidas-cool-intensity-2-in-1-training-skeleton-women-training-tank-black,2026-04-05T14:49:24Z,True,Sale price $ 47 Regular price $ 67 30%,in stock,
mikesport_lb,Adidas Essentials Men Sportswear Short Olive Strata/Black,JE6416,,MikeSport Lebanon,54.0,,False,,in_stock,USD,Olive Strata/Black,short,men,"[""S""]",https://lb.mikesport.com/products/adidas-essentials-men-sportswear-short-olive-strata-black,2026-04-05T14:49:26Z,True,Regular price $ 54,in stock,
mikesport_lb,Adidas Club 3 Stripes Men Tennis Polo Short Sleeve White,JE0412,,MikeSport Lebanon,67.0,,False,,in_stock,USD,White,polo_short_sleeve,men,"[""S""]",https://lb.mikesport.com/products/adidas-club-3-stripes-men-tennis-polo-short-sleeve-white,2026-04-05T14:49:28Z,True,Regular price $ 67,in stock,
mikesport_lb,Adidas Club Climacool Men Tennis Short White,JD8641,,MikeSport Lebanon,54.0,,False,,in_stock,USD,White,short,men,"[""L"", ""M"", ""S"", ""XL""]",https://lb.mikesport.com/products/adidas-club-climacool-men-tennis-short-white,2026-04-05T14:49:30Z,True,Regular price $ 54,in stock,
mikesport_lb,Adidas Z N E Men Sportswear Hoody Black,JD5984,,MikeSport Lebanon,159.0,111.0,True,30.19,in_stock,USD,Black,hoody,men,"[""S""]",https://lb.mikesport.com/products/adidas-z-n-e-men-sportswear-hoody-black-3,2026-04-05T14:49:32Z,True,Sale price $ 111 Regular price $ 159 30%,in stock,
mikesport_lb,Adidas Essentials 3 Stripes Jogger Women Sportswear Pant Black,JD0896,,MikeSport Lebanon,77.0,,False,,in_stock,USD,Black,pant,women,"[""L"", ""M""]",https://lb.mikesport.com/products/adidas-essentials-3-stripes-jogger-women-sportswear-pant-black,2026-04-05T14:49:34Z,True,Regular price $ 77,in stock,
mikesport_lb,Adidas Zne Tapered Leg Kids Unisex Sportswear Pant Black,JD0006,,MikeSport Lebanon,96.0,67.0,True,30.21,in_stock,USD,Wonder Blue/White/Bright Yellow/White,pant,unisex,"[""7-8 Years"", ""9-10 Years""]",https://lb.mikesport.com/products/adidas-zne-tapered-leg-kids-unisex-sportswear-pant-black,2026-04-05T14:49:37Z,True,Sale price $ 67 Regular price $ 96 30%,in stock,
mikesport_lb,Adidas Sereno Cut 3 Stripes Men Sportswear Tracksuit Black,IW9220,,MikeSport Lebanon,112.0,78.0,True,30.36,in_stock,USD,Black/Grey,tracksuit,men,"[""L"", ""S""]",https://lb.mikesport.com/products/adidas-sereno-cut-3-stripes-men-sportswear-tracksuit-black,2026-04-05T14:49:39Z,True,Sale price $ 78 Regular price $ 112 30%,in stock,
mikesport_lb,Adidas Aeroready Sereno Cut Men Sportswear Tracksuit Legink,IW5977,,MikeSport Lebanon,112.0,,False,,in_stock,USD,Legink,tracksuit,men,"[""M"", ""S""]",https://lb.mikesport.com/products/adidas-aeroready-sereno-cut-men-sportswear-tracksuit-legink,2026-04-05T14:49:43Z,True,Regular price $ 112,in stock,
mikesport_lb,Adidas Train Essentials Logo Kids Unisex Sportswear T-Shirt Black,IV9576,,MikeSport Lebanon,26.0,,False,,in_stock,USD,Black,t-shirt,unisex,"[""7-8 Years"", ""9-10 Years"", ""11-12 Years"", ""13-14 Years""]",https://lb.mikesport.com/products/adidas-train-essentials-logo-kids-unisex-sportswear-t-shirt-black,2026-04-05T14:49:46Z,True,Regular price $ 26,in stock,
mikesport_lb,Adidas Adilette Lumia Women Sportswear Slippers Clear Pink,JQ7460,,MikeSport Lebanon,54.0,38.0,True,29.63,in_stock,USD,Clear Pink,slippers,women,"[""42 EU""]",https://lb.mikesport.com/products/adidas-adilette-lumia-women-sportswear-slippers-clear-pink,2026-04-05T14:49:48Z,True,Sale price $ 38 Regular price $ 54 30%,in stock,
mikesport_lb,Adidas Breaknet 2 Women Sportswear Shoes White/Mint/Ivory,JI4861,,MikeSport Lebanon,89.0,62.0,True,30.34,in_stock,USD,White/Mint/Ivory,shoes,women,"[""36 EU"", ""36 2/3 EU""]",https://lb.mikesport.com/products/adidas-breaknet-2-women-sportswear-shoes-white-mint-ivory,2026-04-05T14:49:50Z,True,Sale price $ 62 Regular price $ 89 30%,in stock,
mikesport_lb,Adidas Barreda Decode Men Sportswear Shoes Black/White,JI2316,,MikeSport Lebanon,126.0,,False,,in_stock,USD,Black/White,shoes,men,"[""46 EU"", ""43 1/3 EU""]",https://lb.mikesport.com/products/adidas-barreda-decode-men-sportswear-shoes-black-white,2026-04-05T14:49:53Z,True,Regular price $ 126,in stock,
mikesport_lb,Adidas Vl Court Bold Gs Girls Sportswear Shoes Pink/Yellow/White,JI1017,,MikeSport Lebanon,105.0,74.0,True,29.52,in_stock,USD,Pink/Yellow/White,shoes,girls,"[""36 2/3 EU"", ""38 EU"", ""39 1/3 EU""]",https://lb.mikesport.com/products/adidas-vl-court-bold-gs-girls-sportswear-shoes-pink-yellow-white,2026-04-05T14:49:56Z,True,Sale price $ 74 Regular price $ 105 30%,in stock,
mikesport_lb,Adidas Fun Kids Girls Training Bag Semi Lucid Red,JF8475,,MikeSport Lebanon,38.0,27.0,True,28.95,in_stock,USD,Semi Lucid Red,bags_cases_and_luggage,girls,[],https://lb.mikesport.com/products/adidas-fun-kids-girls-training-bag-semi-lucid-red,2026-04-05T14:50:00Z,True,Sale price $ 27 Regular price $ 38 29%,in stock,
mikesport_lb,Adidas Adicolor Unisex Original Bag Black,JD5561,,MikeSport Lebanon,77.0,54.0,True,29.87,in_stock,USD,Black,bags_cases_and_luggage,unisex,[],https://lb.mikesport.com/products/adidas-adicolor-unisex-original-bag-black-2,2026-04-05T14:50:03Z,True,Sale price $ 54 Regular price $ 77 30%,in stock,
mikesport_lb,Adidas Curved Unisex Original Cap White,JC6039,,MikeSport Lebanon,32.0,,False,,in_stock,USD,White,cap,unisex,[],https://lb.mikesport.com/products/adidas-curved-unisex-original-cap-white,2026-04-05T14:50:07Z,True,Regular price $ 32,in stock,
mikesport_lb,Adidas Curved Unisex Original Cap Black,JC6038,,MikeSport Lebanon,32.0,,False,,in_stock,USD,Black,cap,unisex,[],https://lb.mikesport.com/products/adidas-curved-unisex-original-cap-black,2026-04-05T14:50:10Z,True,Regular price $ 32,in stock,
mikesport_lb,Adidas Switch Move Men Running Shoes Navy/White/Black,ID8329,,MikeSport Lebanon,80.0,56.0,True,30.0,in_stock,USD,Navy/White/Black,shoes,unisex,"[""46 EU"", ""47 1/3 EU"", ""37 1/3 EU""]",https://lb.mikesport.com/products/adidas-switch-move-men-running-shoes-navy-white-black,2026-04-05T14:50:13Z,True,Sale price $ 56 Regular price $ 80 30%,in stock,
mikesport_lb,Adidas Future Icons Small Logo Men Sportswear Hoody Black,JI8768,,MikeSport Lebanon,105.0,,False,,in_stock,USD,Black,hoody,men,"[""M"", ""S""]",https://lb.mikesport.com/products/adidas-future-icons-small-logo-men-sportswear-hoody-black,2026-04-05T14:50:16Z,True,Regular price $ 105,in stock,
mikesport_lb,Adidas Club 3 Stripes Men Tennis Short Black,JG3589,,MikeSport Lebanon,60.0,,False,,in_stock,USD,Black,short,men,"[""S""]",https://lb.mikesport.com/products/adidas-club-3-stripes-men-tennis-short-black-1,2026-04-05T14:50:20Z,True,Regular price $ 60,in stock,
mikesport_lb,Adidas Future Icons Small Logo Women Sportswear Pant Black,JE3977,,MikeSport Lebanon,80.0,,False,,in_stock,USD,Black,pant,women,"[""L"", ""M"", ""S"", ""XS""]",https://lb.mikesport.com/products/adidas-future-icons-small-logo-women-sportswear-pant-black,2026-04-05T14:50:22Z,True,Regular price $ 80,in stock,
mikesport_lb,Adidas Future Icons 3 Stripes Full Zip Women Sportswear Hoody Black,JE0171,,MikeSport Lebanon,115.0,,False,,in_stock,USD,Black,hoody,women,"[""L"", ""M"", ""S"", ""XS""]",https://lb.mikesport.com/products/adidas-future-icons-3-stripes-full-zip-women-sportswear-hoody-black,2026-04-05T14:50:25Z,True,Regular price $ 115,in stock,
mikesport_lb,Adidas Essentials 3 Stripes Women Sportswear T-Shirt Black/White,JD4998,,MikeSport Lebanon,44.0,,False,,in_stock,USD,Black/White,t-shirt,women,"[""L"", ""M"", ""S"", ""XS""]",https://lb.mikesport.com/products/adidas-essentials-3-stripes-women-sportswear-t-shirt-black-white,2026-04-05T14:50:28Z,True,Regular price $ 44,in stock,
mikesport_lb,Adidas Future Icons Small Logo Men Sportswear Short Black,JD4956,,MikeSport Lebanon,61.0,,False,,in_stock,USD,Black,short,men,"[""2XL"", ""L"", ""M"", ""S"", ""XL""]",https://lb.mikesport.com/products/adidas-future-icons-small-logo-men-sportswear-short-black,2026-04-05T14:50:30Z,True,Regular price $ 61,in stock,
mikesport_lb,Adidas Future Icons Small Logo Men Sportswear Pant Black,JD4949,,MikeSport Lebanon,80.0,,False,,in_stock,USD,Black,pant,men,"[""2XL"", ""L"", ""M"", ""S"", ""XL""]",https://lb.mikesport.com/products/adidas-future-icons-small-logo-men-sportswear-pant-black,2026-04-05T14:50:32Z,True,Regular price $ 80,in stock,
mikesport_lb,Adidas Future Icons 3 Stripes Men Sportswear Hoody Black,JD4838,,MikeSport Lebanon,117.0,,False,,in_stock,USD,Black,hoody,men,"[""L"", ""M"", ""S"", ""XL""]",https://lb.mikesport.com/products/adidas-future-icons-3-stripes-men-sportswear-hoody-black,2026-04-05T14:50:34Z,True,Regular price $ 117,in stock,
mikesport_lb,Adidas Grand Court 00S Ps Boys Sportswear Shoes Green/Off White/Gum,JP5893,,MikeSport Lebanon,80.0,56.0,True,30.0,in_stock,USD,Green/Off White/Gum,shoes,boys,"[""38 2/3 EU""]",https://lb.mikesport.com/products/adidas-grand-court-00s-ps-boys-sportswear-shoes-green-off-white-gum,2026-04-05T14:50:37Z,True,Sale price $ 56 Regular price $ 80 30%,in stock,
mikesport_lb,Adidas Classic 3 Bar Logo Unisex Training Bag Black/White,JI6953,,MikeSport Lebanon,38.0,,False,,in_stock,USD,Black/White,bags_cases_and_luggage,unisex,[],https://lb.mikesport.com/products/adidas-classic-3-bar-logo-unisex-training-bag-black-white-1,2026-04-05T14:50:40Z,True,Regular price $ 38,in stock,
mikesport_lb,Adidas Duramo 2 Infant Unisex Sportswear Shoes Black/White/Grey,JI1697,,MikeSport Lebanon,61.0,,False,,in_stock,USD,Black/White/Grey,shoes,unisex,"[""22 EU"", ""21 EU"", ""23 EU"", ""25 EU"", ""24 EU"", ""26 EU"", ""27 EU""]",https://lb.mikesport.com/products/adidas-duramo-2-infant-unisex-sportswear-shoes-black-white-grey,2026-04-05T14:50:44Z,True,Regular price $ 61,in stock,
mikesport_lb,Adidas Essentials Small Logo Men Sportswear Pant Black/White,JF1105,,MikeSport Lebanon,67.0,,False,,in_stock,USD,Black/White,pant,men,"[""2XL"", ""L"", ""M"", ""S"", ""XL""]",https://lb.mikesport.com/products/adidas-essentials-small-logo-men-sportswear-pant-black-white,2026-04-05T14:50:46Z,True,Regular price $ 67,in stock,
mikesport_lb,Adidas Essentials Small Logo Men Sportswear T-Shirt Black/White,JE9024,,MikeSport Lebanon,38.0,,False,,in_stock,USD,Black/White,t-shirt,men,"[""M""]",https://lb.mikesport.com/products/adidas-essentials-small-logo-men-sportswear-t-shirt-black-white,2026-04-05T14:50:49Z,True,Regular price $ 38,in stock,
mikesport_lb,Adidas Lightweight Baseball Unisex Training Cap Black,JE5653,,MikeSport Lebanon,26.0,,False,,in_stock,USD,Black,cap,unisex,[],https://lb.mikesport.com/products/adidas-lightweight-baseball-unisex-training-cap-black,2026-04-05T14:50:51Z,True,Regular price $ 26,in stock,
mikesport_lb,Adidas Classic 3 Bar Logo Unisex Training Bag Black/White,JD9563,,MikeSport Lebanon,42.0,,False,,in_stock,USD,Black/White,bags_cases_and_luggage,unisex,[],https://lb.mikesport.com/products/adidas-classic-3-bar-logo-unisex-training-bag-black-white,2026-04-05T14:50:54Z,True,Regular price $ 42,in stock,
mikesport_lb,Adidas Essentials 3 Stripes Sj Men Sportswear T-Shirt Black/White,JD1906,,MikeSport Lebanon,45.0,,False,,in_stock,USD,Black/White,t-shirt,men,"[""S"", ""XL""]",https://lb.mikesport.com/products/adidas-essentials-3-stripes-sj-men-sportswear-t-shirt-black-white,2026-04-05T14:50:56Z,True,Regular price $ 45,in stock,
mikesport_lb,Adidas Future Icons 3 Stripes Kids-Girls Sportswear Tight Black/White,JC7567,,MikeSport Lebanon,54.0,38.0,True,29.63,in_stock,USD,Black/White,tight,girls,"[""7-8 Years"", ""9-10 Years"", ""11-12 Years"", ""13-14 Years""]",https://lb.mikesport.com/products/adidas-future-icons-3-stripes-kids-girls-sportswear-tight-black-white,2026-04-05T14:50:58Z,True,Sale price $ 38 Regular price $ 54 30%,in stock,
mikesport_lb,Adidas Essentials Small Logo Women Sportswear T-Shirt White/Black,JC9544,,MikeSport Lebanon,38.0,,False,,in_stock,USD,White/Black,t-shirt,women,"[""M""]",https://lb.mikesport.com/products/adidas-essentials-small-logo-women-sportswear-t-shirt-white-black,2026-04-05T14:51:01Z,True,Regular price $ 38,in stock,
mikesport_lb,Adidas Classic 3 Bar Logo Men Training Bag Olive Strata/Black,IS7042,,MikeSport Lebanon,42.0,,False,,in_stock,USD,Olive Strata/Black,bags_cases_and_luggage,men,[],https://lb.mikesport.com/products/adidas-classic-3-bar-logo-men-training-bag-olive-strata-black,2026-04-05T14:51:03Z,True,Regular price $ 42,in stock,
mikesport_lb,Adidas Tiro Club Sg Unisex Football Protection Black/Gold Metallic,IS5399,,MikeSport Lebanon,19.0,13.0,True,31.58,in_stock,USD,Black/Gold Metallic,protection,unisex,"[""M""]",https://lb.mikesport.com/products/adidas-tiro-club-sg-unisex-football-protection-black-gold-metallic,2026-04-05T14:51:06Z,True,Sale price $ 13 Regular price $ 19 32%,in stock,
mikesport_lb,Adidas Duramo Sl 2 Ps Sportswear Shoes Black/White/Grey,IH3597,,MikeSport Lebanon,67.0,,False,,in_stock,USD,Black/White/Grey,shoes,kids,"[""33 EU"", ""28 EU"", ""30 EU"", ""29 EU"", ""31 EU"", ""32 EU"", ""34 EU"", ""35 EU""]",https://lb.mikesport.com/products/adidas-duramo-sl-2-ps-sportswear-shoes-black-white-grey,2026-04-05T14:51:08Z,True,Regular price $ 67,in stock,
mikesport_lb,Adidas Ultrarun 5 Ps Girls Sportswear Shoes Flapink/White,JR5378,,MikeSport Lebanon,88.0,62.0,True,29.55,in_stock,USD,Flapink/White,shoes,girls,"[""33 EU"", ""29 EU"", ""31 EU"", ""32 EU"", ""34 EU""]",https://lb.mikesport.com/products/adidas-ultrarun-5-ps-girls-sportswear-shoes-flapink-white,2026-04-05T14:51:11Z,True,Sale price $ 62 Regular price $ 88 30%,in stock,
mikesport_lb,Adidas Adilette Lumia Women Sportswear Slippers Black,JP9580,,MikeSport Lebanon,54.0,,False,,in_stock,USD,Black,slippers,women,"[""44 2/3 EU"", ""46 EU"", ""47 1/3 EU"", ""48 2/3 EU"", ""36 2/3 EU"", ""40 2/3 EU"", ""42 EU"", ""43 1/3 EU""]",https://lb.mikesport.com/products/adidas-adilette-lumia-women-sportswear-slippers-black,2026-04-05T14:51:13Z,True,Regular price $ 54,in stock,
mikesport_lb,Adidas Adilette Lumia Women Sportswear Slippers Wonder White,JP9578,,MikeSport Lebanon,54.0,38.0,True,29.63,in_stock,USD,Wonder White,slippers,women,"[""39 1/3 EU"", ""42 EU""]",https://lb.mikesport.com/products/adidas-adilette-lumia-women-sportswear-slippers-wonder-white,2026-04-05T14:51:16Z,True,Sale price $ 38 Regular price $ 54 30%,in stock,
mikesport_lb,Adidas D4T Knit Women Training Pant Black,JP2644,,MikeSport Lebanon,105.0,,False,,in_stock,USD,Black,pant,women,"[""L""]",https://lb.mikesport.com/products/adidas-d4t-knit-women-training-pant-black,2026-04-05T14:51:20Z,True,Regular price $ 105,in stock,
mikesport_lb,Adidas Train Essentials 3 Kids Girls Sportswear Tight Black/White,JJ5036,,MikeSport Lebanon,38.0,,False,,in_stock,USD,Black/White,tight,girls,"[""7-8 Years"", ""9-10 Years"", ""11-12 Years"", ""13-14 Years""]",https://lb.mikesport.com/products/adidas-train-essentials-3-kids-girls-sportswear-tight-black-white,2026-04-05T14:51:23Z,True,Regular price $ 38,in stock,
mikesport_lb,Adidas Future Icons 3 Stripes Ankle Kids Unisex Sportswear Pant Black/White,JJ4808,,MikeSport Lebanon,77.0,54.0,True,29.87,in_stock,USD,Black/White,pant,unisex,"[""7-8 Years"", ""9-10 Years"", ""11-12 Years""]",https://lb.mikesport.com/products/adidas-future-icons-3-stripes-ankle-kids-unisex-sportswear-pant-black-white,2026-04-05T14:51:26Z,True,Sale price $ 54 Regular price $ 77 30%,in stock,
mikesport_lb,Adidas Club Tennis 3 Kids Boys Tennis Short Black,JI9254,,MikeSport Lebanon,45.0,,False,,in_stock,USD,Black,short,boys,"[""5-6 Years"", ""7-8 Years"", ""9-10 Years"", ""11-12 Years"", ""13-14 Years""]",https://lb.mikesport.com/products/adidas-club-tennis-3-kids-boys-tennis-short-black,2026-04-05T14:51:29Z,True,Regular price $ 45,in stock,
mikesport_lb,Adidas Essentials Women Sportswear T-Shirt Wonder Alumina/White,JI6079,,MikeSport Lebanon,38.0,,False,,in_stock,USD,Wonder Alumina/White,t-shirt,women,"[""XS""]",https://lb.mikesport.com/products/adidas-essentials-women-sportswear-t-shirt-wonder-alumina-white,2026-04-05T14:51:33Z,True,Regular price $ 38,in stock,
mikesport_lb,Adidas D4T Men Training T-Shirt Aurora Ink,JI5770,,MikeSport Lebanon,61.0,43.0,True,29.51,in_stock,USD,Aurora Ink,t-shirt,men,"[""L"", ""M"", ""S""]",https://lb.mikesport.com/products/adidas-d4t-men-training-t-shirt-aurora-ink,2026-04-05T14:51:37Z,True,Sale price $ 43 Regular price $ 61 30%,in stock,
mikesport_lb,Adidas Superstar Ii Unisex Original Shoes Black/White,JI0079,,MikeSport Lebanon,159.0,,False,,in_stock,USD,Black/White,shoes,unisex,"[""44 2/3 EU"", ""45 1/3 EU"", ""46 EU"", ""37 1/3 EU"", ""38 2/3 EU"", ""40 2/3 EU"", ""41 1/3 EU"", ""42 EU"", ""42 2/3 EU"", ""43 1/3 EU"", ""44 EU""]",https://lb.mikesport.com/products/adidas-superstar-ii-unisex-original-shoes-black-white,2026-04-05T14:51:40Z,True,Regular price $ 159,in stock,
mikesport_lb,Adidas Grand Court Alpha 00S Men Sportswear Shoes Grey/Cloud White,JH7234,,MikeSport Lebanon,126.0,,False,,in_stock,USD,Grey/Cloud White,shoes,men,"[""44 2/3 EU""]",https://lb.mikesport.com/products/adidas-grand-court-alpha-00s-men-sportswear-shoes-grey-cloud-white,2026-04-05T14:51:43Z,True,Regular price $ 126,in stock,
mikesport_lb,Adidas Lightblaze Men Sportswear Shoes Alumina/Black,JH6944,,MikeSport Lebanon,159.0,,False,,in_stock,USD,Alumina/Black,shoes,men,"[""46 EU"", ""42 EU"", ""42 2/3 EU"", ""43 1/3 EU""]",https://lb.mikesport.com/products/adidas-lightblaze-men-sportswear-shoes-alumina-black,2026-04-05T14:51:46Z,True,Regular price $ 159,in stock,
mikesport_lb,Adidas Essentials Big Logo Women Sportswear T-Shirt White/Black,JG8737,,MikeSport Lebanon,45.0,,False,,in_stock,USD,Black/White,t-shirt,women,"[""XS""]",https://lb.mikesport.com/products/adidas-essentials-big-logo-women-sportswear-t-shirt-white-black-1,2026-04-05T14:51:48Z,True,Regular price $ 45,in stock,
mikesport_lb,Adidas Essentials Small Logo Chelsea Men Sportswear Short Black/White,JF1117,,MikeSport Lebanon,44.0,,False,,in_stock,USD,Black/White,short,men,"[""2XL"", ""L"", ""M"", ""S"", ""XL""]",https://lb.mikesport.com/products/adidas-essentials-small-logo-chelsea-men-sportswear-short-black-white,2026-04-05T14:51:51Z,True,Regular price $ 44,in stock,
mikesport_lb,Adidas Essentials 3 Stripes Single Jersey Men Sportswear T-Shirt White/Black,JE6388,,MikeSport Lebanon,45.0,,False,,in_stock,USD,White/Black,t-shirt,men,"[""S""]",https://lb.mikesport.com/products/adidas-essentials-3-stripes-single-jersey-men-sportswear-t-shirt-white-black,2026-04-05T14:51:53Z,True,Regular price $ 45,in stock,
mikesport_lb,Adidas Future Icons Small Logo Baby Women Sportswear T-Shirt Black,JE4000,,MikeSport Lebanon,45.0,32.0,True,28.89,in_stock,USD,Black,t-shirt,women,"[""L"", ""S"", ""XS""]",https://lb.mikesport.com/products/adidas-future-icons-small-logo-baby-women-sportswear-t-shirt-black,2026-04-05T14:51:56Z,True,Sale price $ 32 Regular price $ 45 29%,in stock,
mikesport_lb,Adidas Future Icons Small Logo Women Sportswear Hoody Black,JE3989,,MikeSport Lebanon,105.0,,False,,in_stock,USD,Black,hoody,women,"[""M""]",https://lb.mikesport.com/products/adidas-future-icons-small-logo-women-sportswear-hoody-black,2026-04-05T14:51:59Z,True,Regular price $ 105,in stock,
mikesport_lb,Adidas Powerreact Big Logo Printed Sports Top Women Training Bra White,JE3771,,MikeSport Lebanon,45.0,,False,,in_stock,USD,White,bra,women,"[""S""]",https://lb.mikesport.com/products/adidas-powerreact-big-logo-printed-sports-top-women-training-bra-white,2026-04-05T14:52:01Z,True,Regular price $ 45,in stock,
mikesport_lb,Adidas Essentials 3 Stripes Little Sportswear Set Black/White,JE1401,,MikeSport Lebanon,54.0,,False,,in_stock,USD,Black/White,set,kids,"[""7-8 Years""]",https://lb.mikesport.com/products/adidas-essentials-3-stripes-little-sportswear-set-black-white,2026-04-05T14:52:03Z,True,Regular price $ 54,in stock,
mikesport_lb,Adidas Essentials Kids Boys Sportswear Hoody Pure Ruby/Black,JE1389,,MikeSport Lebanon,61.0,43.0,True,29.51,in_stock,USD,Pure Ruby/Black,hoody,boys,"[""13-14 Years""]",https://lb.mikesport.com/products/adidas-essentials-kids-boys-sportswear-hoody-pure-ruby-black,2026-04-05T14:52:04Z,True,Sale price $ 43 Regular price $ 61 30%,in stock,
mikesport_lb,Adidas Essentials 3 Stripes Lifestyle Woven Parachute Women Sportswear Pant Black/White,JE1306,,MikeSport Lebanon,77.0,,False,,in_stock,USD,Black/White,pant,women,"[""L"", ""M"", ""S"", ""XS""]",https://lb.mikesport.com/products/adidas-essentials-3-stripes-lifestyle-woven-parachute-women-sportswear-pant-black-white,2026-04-05T14:52:06Z,True,Regular price $ 77,in stock,
mikesport_lb,Adidas Future Icons 3 Women Sportswear Tight Black,JE0215,,MikeSport Lebanon,61.0,,False,,in_stock,USD,Black,tight,women,"[""L"", ""S"", ""XS""]",https://lb.mikesport.com/products/adidas-future-icons-3-women-sportswear-tight-black,2026-04-05T14:52:08Z,True,Regular price $ 61,in stock,
mikesport_lb,Adidas Essentials 3 Stripes Women Sportswear Hoody White/Black,JE0052,,MikeSport Lebanon,89.0,,False,,in_stock,USD,Black/White,hoody,women,"[""L"", ""M"", ""S"", ""XS""]",https://lb.mikesport.com/products/adidas-essentials-3-stripes-women-sportswear-hoody-white-black,2026-04-05T14:52:10Z,True,Regular price $ 89,in stock,
mikesport_lb,Adidas Club Tennis Climacool Men Tennis T-Shirt White,JD8639,,MikeSport Lebanon,54.0,,False,,in_stock,USD,White,t-shirt,men,"[""L"", ""M"", ""S"", ""XL""]",https://lb.mikesport.com/products/adidas-club-tennis-climacool-men-tennis-t-shirt-white,2026-04-05T14:52:13Z,True,Regular price $ 54,in stock,
mikesport_lb,Adidas Train Essentials 3 Stripes Woven Warm Up Women Training Track Top Black/White,JD6539,,MikeSport Lebanon,80.0,,False,,in_stock,USD,Black/White,jacket,women,"[""L"", ""M"", ""S"", ""XS""]",https://lb.mikesport.com/products/adidas-train-essentials-3-stripes-woven-warm-up-women-training-track-top-black-white,2026-04-05T14:52:15Z,True,Regular price $ 80,in stock,
mikesport_lb,Adidas Future Icons 3 Stripes Men Sportswear T-Shirt Black,JD4877,,MikeSport Lebanon,61.0,,False,,in_stock,USD,Black,t-shirt,men,"[""S""]",https://lb.mikesport.com/products/adidas-future-icons-3-stripes-men-sportswear-t-shirt-black,2026-04-05T14:52:17Z,True,Regular price $ 61,in stock,
mikesport_lb,Adidas Trefoil Essentials Men Original Hoody Black,JD2404,,MikeSport Lebanon,89.0,,False,,in_stock,USD,Black,hoody,men,"[""L"", ""M"", ""S"", ""XL""]",https://lb.mikesport.com/products/adidas-trefoil-essentials-men-original-hoody-black,2026-04-05T14:52:19Z,True,Regular price $ 89,in stock,
mikesport_lb,Adidas Essentials Kids Unisex Sportswear T-Shirt White/Black,JC9774,,MikeSport Lebanon,25.0,,False,,in_stock,USD,White/Black,t-shirt,unisex,"[""7-8 Years"", ""9-10 Years"", ""11-12 Years"", ""13-14 Years""]",https://lb.mikesport.com/products/adidas-essentials-kids-unisex-sportswear-t-shirt-white-black,2026-04-05T14:52:21Z,True,Regular price $ 25,in stock,
mikesport_lb,Adidas Essentials Cargo Kids Unisex Sportswear Pant Black/White,JC9762,,MikeSport Lebanon,54.0,,False,,in_stock,USD,Black/White,pant,unisex,"[""9-10 Years""]",https://lb.mikesport.com/products/adidas-essentials-cargo-kids-unisex-sportswear-pant-black-white,2026-04-05T14:52:24Z,True,Regular price $ 54,in stock,
mikesport_lb,Adidas Essentials 3 Stripes Slim Women Sportswear T-Shirt Black/White,JC8325,,MikeSport Lebanon,38.0,,False,,in_stock,USD,Black / White,t-shirt,women,"[""L"", ""M"", ""S"", ""XS""]",https://lb.mikesport.com/products/adidas-essentials-3-stripes-slim-women-sportswear-t-shirt-black-white,2026-04-05T14:52:26Z,True,Regular price $ 38,in stock,
mikesport_lb,Adidas Z N E Open Hem Men Sportswear Pant Putty Beige,JC6716,,MikeSport Lebanon,137.0,96.0,True,29.93,in_stock,USD,Putty Beige,pant,men,"[""M"", ""S"", ""XL""]",https://lb.mikesport.com/products/adidas-z-n-e-open-hem-men-sportswear-pant-putty-beige,2026-04-05T14:52:28Z,True,Sale price $ 96 Regular price $ 137 30%,in stock,
mikesport_lb,Adidas Z N E Full Zip Hooded Track Men Sportswear Hoody Putty Beige,JC5495,,MikeSport Lebanon,159.0,111.0,True,30.19,in_stock,USD,Putty Beige,hoody,men,"[""S""]",https://lb.mikesport.com/products/adidas-z-n-e-full-zip-hooded-track-men-sportswear-hoody-putty-beige,2026-04-05T14:52:31Z,True,Sale price $ 111 Regular price $ 159 30%,in stock,
mikesport_lb,Adidas Z N E Loose Men Sportswear T-Shirt White,JC5482,,MikeSport Lebanon,77.0,,False,,in_stock,USD,White,t-shirt,men,"[""L"", ""M"", ""S"", ""XL""]",https://lb.mikesport.com/products/adidas-z-n-e-loose-men-sportswear-t-shirt-white,2026-04-05T14:52:34Z,True,Regular price $ 77,in stock,
mikesport_lb,Adidas Future Icons 3 Stripes Regular Women Sportswear Pant Black,JC5454,,MikeSport Lebanon,95.0,,False,,in_stock,USD,Black,pant,women,"[""L"", ""M"", ""S""]",https://lb.mikesport.com/products/adidas-future-icons-3-stripes-regular-women-sportswear-pant-black,2026-04-05T14:52:36Z,True,Regular price $ 95,in stock,
mikesport_lb,Adidas Future Icons Small Logo Men Sportswear T-Shirt White,JC5339,,MikeSport Lebanon,54.0,,False,,in_stock,USD,White,t-shirt,men,"[""L"", ""M"", ""XL""]",https://lb.mikesport.com/products/adidas-future-icons-small-logo-men-sportswear-t-shirt-white,2026-04-05T14:52:39Z,True,Regular price $ 54,in stock,
mikesport_lb,Adidas Future Icons Small Logo Men Sportswear T-Shirt Black,JC5338,,MikeSport Lebanon,54.0,,False,,in_stock,USD,Black,t-shirt,men,"[""2XL"", ""L"", ""M"", ""S"", ""XL""]",https://lb.mikesport.com/products/adidas-future-icons-small-logo-men-sportswear-t-shirt-black,2026-04-05T14:52:41Z,True,Regular price $ 54,in stock,
mikesport_lb,Adidas Essentials Big Performance Logo Women Training T-Shirt White/Black,IT0545,,MikeSport Lebanon,54.0,38.0,True,29.63,in_stock,USD,White/Black,t-shirt,women,"[""S""]",https://lb.mikesport.com/products/adidas-essentials-big-performance-logo-women-training-t-shirt-white-black,2026-04-05T14:52:43Z,True,Sale price $ 38 Regular price $ 54 30%,in stock,
mikesport_lb,Adidas Superstar Ii Unisex Original Shoes White/Black,IH8659,,MikeSport Lebanon,159.0,,False,,in_stock,USD,White/Black,shoes,unisex,"[""44 2/3 EU"", ""45 1/3 EU"", ""46 EU"", ""46 2/3 EU"", ""36 2/3 EU"", ""37 1/3 EU"", ""38 EU"", ""38 2/3 EU"", ""39 1/3 EU"", ""40 EU"", ""40 2/3 EU"", ""41 1/3 EU"", ""42 EU"", ""42 2/3 EU"", ""43 1/3 EU"", ""44 EU""]",https://lb.mikesport.com/products/adidas-superstar-ii-unisex-original-shoes-white-black,2026-04-05T14:52:45Z,True,Regular price $ 159,in stock,
mikesport_lb,Adidas Advantage Smiley Ps Boys Sportswear Shoes White/Yellow/Black,IH6251,,MikeSport Lebanon,80.0,56.0,True,30.0,in_stock,USD,White/Yellow/Black,shoes,boys,"[""33 EU"", ""30 EU"", ""31 EU"", ""32 EU"", ""35 EU""]",https://lb.mikesport.com/products/adidas-advantage-smiley-ps-boys-sportswear-shoes-white-yellow-black,2026-04-05T14:52:47Z,True,Sale price $ 56 Regular price $ 80 30%,in stock,
mikesport_lb,Adidas Supernova Ease Women Running Shoes Black,IH0800,,MikeSport Lebanon,153.0,,False,,in_stock,USD,Black,shoes,women,"[""38 2/3 EU"", ""40 2/3 EU"", ""41 1/3 EU"", ""42 EU"", ""42 2/3 EU""]",https://lb.mikesport.com/products/adidas-supernova-ease-women-running-shoes-black,2026-04-05T14:52:50Z,True,Regular price $ 153,in stock,
mikesport_lb,Adidas Essentials Stretch Men Training T-Shirt Black/Grey,IC7418,,MikeSport Lebanon,45.0,32.0,True,28.89,in_stock,USD,Black/Grey,t-shirt,men,"[""S""]",https://lb.mikesport.com/products/adidas-essentials-stretch-men-training-t-shirt-black-grey,2026-04-05T14:52:51Z,True,Sale price $ 32 Regular price $ 45 29%,in stock,
mikesport_lb,Adidas Essentials Feelready Men Training Sleeveless White/Black,IC6947,,MikeSport Lebanon,38.0,27.0,True,28.95,in_stock,USD,White/Black,sleeveless,men,"[""S""]",https://lb.mikesport.com/products/adidas-essentials-feelready-men-training-sleeveless-white-black,2026-04-05T14:52:53Z,True,Sale price $ 27 Regular price $ 38 29%,in stock,
mikesport_lb,Adidas Sl 72 Rs Men Original Shoes Black/White/Blue,JI1282,,MikeSport Lebanon,159.0,,False,,in_stock,USD,Black/White/Blue,shoes,men,"[""42 2/3 EU""]",https://lb.mikesport.com/products/adidas-sl-72-rs-men-original-shoes-black-white-blue,2026-04-05T14:52:55Z,True,Regular price $ 159,in stock,
mikesport_lb,Adidas Superstar Ii Gs Original Shoes Black/White,JH9977,,MikeSport Lebanon,128.0,,False,,in_stock,USD,Black/White,shoes,kids,"[""36 2/3 EU"", ""37 1/3 EU"", ""40 EU""]",https://lb.mikesport.com/products/adidas-superstar-ii-gs-original-shoes-black-white,2026-04-05T14:52:57Z,True,Regular price $ 128,in stock,
mikesport_lb,Adidas Duramo Speed 2 Men Running Shoes White/Black/Silver,IH8206,,MikeSport Lebanon,135.0,,False,,in_stock,USD,White/Black/Silver,shoes,men,"[""44 EU""]",https://lb.mikesport.com/products/adidas-duramo-speed-2-men-running-shoes-white-black-silver,2026-04-05T14:52:59Z,True,Regular price $ 135,in stock,
mikesport_lb,Adidas Ultrarun 5 Men Running Shoes Black/White,IH2640,,MikeSport Lebanon,135.0,,False,,in_stock,USD,Black/White,shoes,men,"[""46 2/3 EU"", ""41 1/3 EU"", ""42 EU"", ""42 2/3 EU"", ""43 1/3 EU"", ""44 EU""]",https://lb.mikesport.com/products/adidas-ultrarun-5-men-running-shoes-black-white-1,2026-04-05T14:53:04Z,True,Regular price $ 135,in stock,
mikesport_lb,Adidas Advantage Base 2 Men Sportswear Shoes White/Shadow Navy,IG9183,,MikeSport Lebanon,96.0,67.0,True,30.21,in_stock,USD,White/Shadow Navy,shoes,men,"[""44 2/3 EU""]",https://lb.mikesport.com/products/adidas-advantage-base-2-men-sportswear-shoes-white-shadow-navy,2026-04-05T14:53:07Z,True,Sale price $ 67 Regular price $ 96 30%,in stock,
mikesport_lb,Adidas Advantage Base 2 Ps Sportswear Shoes White/Green,IE9019,,MikeSport Lebanon,61.0,,False,,in_stock,USD,White/Green,shoes,boys,"[""33 EU"", ""28 EU"", ""30 EU"", ""29 EU"", ""31 EU"", ""32 EU"", ""34 EU"", ""35 EU""]",https://lb.mikesport.com/products/adidas-advantage-base-2-ps-sportswear-shoes-white-green,2026-04-05T14:53:11Z,True,Regular price $ 61,in stock,
mikesport_lb,Adidas Ultimashow 2 Men Sportswear Shoes Black/Carbon,IE8898,,MikeSport Lebanon,89.0,,False,,in_stock,USD,Black/Carbon,shoes,men,"[""43 1/3 EU""]",https://lb.mikesport.com/products/adidas-ultimashow-2-men-sportswear-shoes-black-carbon,2026-04-05T14:53:13Z,True,Regular price $ 89,in stock,
mikesport_lb,Adidas Runfalcon 5 Women Running Shoes Black,IE8828,,MikeSport Lebanon,89.0,,False,,in_stock,USD,Black,shoes,women,"[""36 EU"", ""36 2/3 EU"", ""37 1/3 EU"", ""38 EU"", ""38 2/3 EU"", ""39 1/3 EU"", ""40 EU"", ""40 2/3 EU"", ""41 1/3 EU""]",https://lb.mikesport.com/products/adidas-runfalcon-5-women-running-shoes-black,2026-04-05T14:53:16Z,True,Regular price $ 89,in stock,
mikesport_lb,Adidas Grand Court 2 Infant Unisex Sportswear Shoes White/Black,ID5271,,MikeSport Lebanon,54.0,,False,,in_stock,USD,s and classic 3-Stripes will inspire a lifetime of play. Highlights: Regular fit Hook-and-loop closure Textile lining Combined EVA midsole and outsole Composition: Synthetic Leather Upper Synthetic Outsole Color: White/Black,shoes,unisex,"[""25 EU"", ""24 EU"", ""26 EU"", ""27 EU""]",https://lb.mikesport.com/products/adidas-grand-court-2-infant-unisex-sportswear-shoes-white-black,2026-04-05T14:53:19Z,True,Regular price $ 54,in stock,
mikesport_lb,Adidas Runfalcon 5 Ps Sportswear Shoes Black,IE8573,,MikeSport Lebanon,61.0,,False,,in_stock,USD,Black,shoes,kids,"[""33 EU"", ""28 EU"", ""30 EU"", ""29 EU"", ""31 EU"", ""32 EU"", ""34 EU"", ""35 EU""]",https://lb.mikesport.com/products/adidas-runfalcon-5-ps-sportswear-shoes-black,2026-04-05T14:53:22Z,True,Regular price $ 61,in stock,
mikesport_lb,Adidas Samba Og Women Original Shoes Cream White/Black,ID0478,,MikeSport Lebanon,159.0,,False,,in_stock,USD,Cream White/Black,shoes,women,"[""36 2/3 EU"", ""38 EU"", ""40 EU""]",https://lb.mikesport.com/products/adidas-samba-og-women-original-shoes-cream-white-black,2026-04-05T14:53:24Z,True,Regular price $ 159,in stock,
mikesport_lb,Adidas Cloudfoam Comfy Women Sportswear Shoes Black/White,IH2974,,MikeSport Lebanon,77.0,54.0,True,29.87,in_stock,USD,Black/White/Pink,shoes,women,"[""36 2/3 EU""]",https://lb.mikesport.com/products/adidas-cloudfoam-comfy-women-sportswear-shoes-black-white,2026-04-05T14:53:26Z,True,Sale price $ 54 Regular price $ 77 30%,in stock,
mikesport_lb,Adidas Hyperglam Women Training Tight Black/White,IN9298,,MikeSport Lebanon,77.0,54.0,True,29.87,in_stock,USD,Black/White,tight,women,"[""XS""]",https://lb.mikesport.com/products/adidas-hyperglam-women-training-tight-black-white,2026-04-05T14:53:28Z,True,Sale price $ 54 Regular price $ 77 30%,in stock,
mikesport_lb,Adidas Campus 00S Unisex Original Shoes Grey/White/Off White,HQ8707,,MikeSport Lebanon,159.0,,False,,in_stock,USD,s and proportions. Highlights : Regular fit Lace closure Composition: Leather upper Terry textile lining Rubber outsole Color: Grey/White/Off White,shoes,unisex,"[""44 2/3 EU"", ""45 1/3 EU"", ""46 EU"", ""46 2/3 EU"", ""35 1/3 EU"", ""36 EU"", ""36 2/3 EU"", ""42 EU"", ""42 2/3 EU"", ""43 1/3 EU"", ""44 EU""]",https://lb.mikesport.com/products/adidas-campus-00s-men-original-shoes-grey-white-off-white,2026-04-05T14:53:30Z,True,Regular price $ 159,in stock,
mikesport_lb,Adidas Large Unisex Training Towel Royal Blue/White,IR6241,,MikeSport Lebanon,67.0,47.0,True,29.85,in_stock,USD,Royal Blue/White,towel,unisex,[],https://lb.mikesport.com/products/adidas-large-unisex-training-towel-royal-blue-white,2026-04-05T14:53:32Z,True,Sale price $ 47 Regular price $ 67 30%,in stock,
mikesport_lb,Adidas Essentials Stretch Men Training T-Shirt Semi Blue/Black,IW3361,,MikeSport Lebanon,45.0,32.0,True,28.89,in_stock,USD,Semi Blue/Black,t-shirt,men,"[""M""]",https://lb.mikesport.com/products/adidas-essentials-stretch-men-training-t-shirt-semi-blue-black,2026-04-05T14:53:34Z,True,Sale price $ 32 Regular price $ 45 29%,in stock,
mikesport_lb,Adidas X Plrpath Ps Sportswear Shoes Black/Carbon,ID0262,,MikeSport Lebanon,67.0,47.0,True,29.85,in_stock,USD,Black/Carbon,espadrilles,kids,"[""33 EU"", ""28 EU"", ""30 EU"", ""29 EU"", ""31 EU"", ""32 EU""]",https://lb.mikesport.com/products/adidas-x-plrpath-ps-sportswear-shoes-black-carbon,2026-04-05T14:53:36Z,True,Sale price $ 47 Regular price $ 67 30%,in stock,
mikesport_lb,Adidas Adicolor Unisex Originals Bag Black,IT7602,,MikeSport Lebanon,48.0,34.0,True,29.17,in_stock,USD,Black,bag,unisex,[],https://lb.mikesport.com/products/adidas-adicolor-unisex-originals-bag-black,2026-04-05T14:53:39Z,True,Sale price $ 34 Regular price $ 48 29%,in stock,
mikesport_lb,Adidas Switch Fwd 2 Men Running Shoes Black/Grey,IF6756,,MikeSport Lebanon,207.0,145.0,True,29.95,in_stock,USD,Black/Grey,shoes,men,"[""46 EU"", ""41 1/3 EU"", ""42 EU""]",https://lb.mikesport.com/products/adidas-switch-fwd-2-men-running-shoes-black-grey,2026-04-05T14:53:41Z,True,Sale price $ 145 Regular price $ 207 30%,in stock,
mikesport_lb,Adidas Own The Run Men Running Jacket Black,IN1483,,MikeSport Lebanon,121.0,85.0,True,29.75,in_stock,USD,Black,jacket,men,"[""M""]",https://lb.mikesport.com/products/adidas-own-the-run-men-running-jacket-black-2,2026-04-05T14:53:43Z,True,Sale price $ 85 Regular price $ 121 30%,in stock,
mikesport_lb,Adidas Star Wars Grand Court 2.0 Ps-Boys Sportswear Shoes Core Black,IH7577,,MikeSport Lebanon,77.0,54.0,True,29.87,in_stock,USD,Core Black,shoes,boys,"[""28 EU"", ""30 EU"", ""29 EU"", ""31 EU"", ""32 EU""]",https://lb.mikesport.com/products/ih7577-star-wars-grand-cou-cblack-cblack-cblack,2026-04-05T14:53:45Z,True,Sale price $ 54 Regular price $ 77 30%,in stock,
mikesport_lb,Adidas Galaxy 7 Women Running Shoes Black,ID8764,,MikeSport Lebanon,80.0,,False,,in_stock,USD,Black,shoes,women,"[""36 2/3 EU"", ""37 1/3 EU"", ""38 2/3 EU"", ""39 1/3 EU"", ""40 EU"", ""40 2/3 EU"", ""41 1/3 EU""]",https://lb.mikesport.com/products/id8764-galaxy-7-w-cblack-cblack-cblack,2026-04-05T14:53:48Z,True,Regular price $ 80,in stock,
mikesport_lb,Adidas Cloudfoam Go Men Sportswear Shoes Black/Lucid Blue,ID4043,,MikeSport Lebanon,121.0,85.0,True,29.75,in_stock,USD,Black/Lucid Blue,shoes,men,"[""40 2/3 EU"", ""42 EU"", ""42 2/3 EU""]",https://lb.mikesport.com/products/id4043-cloudfoam-go-shoes-cblack-cblack-lucblu,2026-04-05T14:53:50Z,True,Sale price $ 85 Regular price $ 121 30%,in stock,
mikesport_lb,Adidas Train Essentials Feelready Logo Men Training T-Shirt Grey/Black,IB8276,,MikeSport Lebanon,54.0,38.0,True,29.63,in_stock,USD,Medium Grey Heather / Black,t-shirt,men,"[""S""]",https://lb.mikesport.com/products/adidas-train-essentials-feelready-logo-men-training-t-shirt-grey-black,2026-04-05T14:53:52Z,True,Sale price $ 38 Regular price $ 54 30%,in stock,
mikesport_lb,Adidas Adizero Essentials Men Running T-Shirt Royal Blue,IT1469,,MikeSport Lebanon,45.0,32.0,True,28.89,in_stock,USD,Royal Blue,t-shirt,men,"[""L"", ""M"", ""XL""]",https://lb.mikesport.com/products/adidas-adizero-essentials-men-running-t-shirt-royal-blue,2026-04-05T14:53:54Z,True,Sale price $ 32 Regular price $ 45 29%,in stock,
mikesport_lb,Adidas Own The Run Men Running Short Black,IY0704,,MikeSport Lebanon,54.0,38.0,True,29.63,in_stock,USD,Black,short,men,"[""2XL"", ""L"", ""M"", ""S""]",https://lb.mikesport.com/products/adidas-own-the-run-men-running-short-black-2,2026-04-05T14:53:56Z,True,Sale price $ 38 Regular price $ 54 30%,in stock,
mikesport_lb,Adidas Gazelle Men Original Shoes Black/Gold,BB5497,,MikeSport Lebanon,159.0,111.0,True,30.19,in_stock,USD,Black/Gold,espadrilles,men,"[""44 2/3 EU""]",https://lb.mikesport.com/products/adidas-gazelle-men-original-shoes-black-gold,2026-04-05T14:53:59Z,True,Sale price $ 111 Regular price $ 159 30%,in stock,
mikesport_lb,Adidas Own The Run Men Running Pant Black,IK5024,,MikeSport Lebanon,88.0,62.0,True,29.55,in_stock,USD,Black,pant,men,"[""L""]",https://lb.mikesport.com/products/adidas-own-the-run-men-running-pant-black,2026-04-05T14:54:01Z,True,Sale price $ 62 Regular price $ 88 30%,in stock,
mikesport_lb,Adidas Own The Run Men Running T-Shirt Black,IN1500,,MikeSport Lebanon,54.0,,False,,in_stock,USD,Black,t-shirt,men,"[""2XL"", ""M"", ""S"", ""XL""]",https://lb.mikesport.com/products/adidas-own-the-run-men-running-t-shirt-black-1,2026-04-05T14:54:03Z,True,Regular price $ 54,in stock,
mikesport_lb,Adidas Sereno Boys Sportswear Pant Black/White,IS0326,,MikeSport Lebanon,54.0,38.0,True,29.63,in_stock,USD,Black/White,pant,boys,"[""11-12 Years""]",https://lb.mikesport.com/products/adidas-sereno-boys-sportswear-pant-black-white,2026-04-05T14:54:05Z,True,Sale price $ 38 Regular price $ 54 30%,in stock,
mikesport_lb,Adidas Essential 3S S Unisex Training Bag Black/White,IP9862,,MikeSport Lebanon,54.0,,False,,in_stock,USD,Black/White,bags_cases_and_luggage,unisex,[],https://lb.mikesport.com/products/adidas-essential-3s-s-unisex-training-bag-black-white,2026-04-05T14:54:08Z,True,Regular price $ 54,in stock,
mikesport_lb,Adidas Run It Men Running Short Black,IL7232,,MikeSport Lebanon,45.0,,False,,in_stock,USD,Black,short,men,"[""L"", ""M"", ""S"", ""XL""]",https://lb.mikesport.com/products/adidas-run-it-men-running-short-black-3,2026-04-05T14:54:10Z,True,Regular price $ 45,in stock,
mikesport_lb,Adidas Adilette Ayoon Women Original Slippers Off White,GV9536,,MikeSport Lebanon,76.0,53.0,True,30.26,in_stock,USD,"s also keep things toned down, which happens to mean that they also style well with everything. Highlights: Ultra-soft Feel Slip-on Composition: EVA Upper EVA Outsole Color: Off White",slippers,women,"[""36 2/3 EU""]",https://lb.mikesport.com/products/adidas-adilette-ayoon-women-original-slippers-off-white,2026-04-05T14:54:13Z,True,Sale price $ 53 Regular price $ 76 30%,in stock,
mikesport_lb,Adidas Aeroready Essentials Chelsea Small Logo Men Sportswear Short Legend Ink,IC9393,,MikeSport Lebanon,44.0,31.0,True,29.55,in_stock,USD,Legend Ink,short,men,"[""2XL"", ""M"", ""S""]",https://lb.mikesport.com/products/adidas-aeroready-essentials-chelsea-small-logo-men-sportswear-short-legend-ink,2026-04-05T14:54:15Z,True,Sale price $ 31 Regular price $ 44 30%,in stock,
mikesport_lb,Adidas Essentials Feelready Logo Men Training T-Shirt Black/White,IB8273,,MikeSport Lebanon,54.0,38.0,True,29.63,in_stock,USD,Black/White,t-shirt,men,"[""M"", ""S""]",https://lb.mikesport.com/products/adidas-essentials-feelready-logo-men-training-t-shirt-black-white,2026-04-05T14:54:17Z,True,Sale price $ 38 Regular price $ 54 30%,in stock,
mikesport_lb,Adidas No-Show Unisex Training Sock White/Black,HT3463,,MikeSport Lebanon,18.0,,False,,in_stock,USD,Black/White,sock,unisex,"[""L"", ""M"", ""S"", ""XL"", ""XS""]",https://lb.mikesport.com/products/adidas-no-show-unisex-training-sock-white-black,2026-04-05T14:54:21Z,True,Regular price $ 18,in stock,
mikesport_lb,Adidas Cushioning Ankle 3Pp Unisex Training Sock White,DZ9365,,MikeSport Lebanon,18.0,13.0,True,27.78,in_stock,USD,White,sock,unisex,"[""M"", ""S"", ""XS""]",https://lb.mikesport.com/products/adidas-cush-ank-3pp-unisex-training-sock-white-dz9365,2026-04-05T14:54:25Z,True,Sale price $ 13 Regular price $ 18 28%,in stock,
mikesport_lb,Adidas Adilette Aqua Men Swim Slippers Dark Blue,F35542,,MikeSport Lebanon,38.0,,False,,in_stock,USD,Dark Blue / Cloud White / Dark Blue,slippers,men,"[""44 2/3 EU"", ""46 EU"", ""47 1/3 EU"", ""48 2/3 EU"", ""39 1/3 EU"", ""40 2/3 EU"", ""42 EU"", ""43 1/3 EU""]",https://lb.mikesport.com/products/adidas-adilette-aqua-men-swim-slippers-dark-blue,2026-04-05T14:54:27Z,True,Regular price $ 38,in stock,
mikesport_lb,Adidas Adilette Aqua Ps/Gs-Boys Swim Slippers Black/White,F35556,,MikeSport Lebanon,32.0,,False,,in_stock,USD,Black/White,slippers,boys,"[""33 EU"", ""28 EU"", ""30 EU"", ""29 EU"", ""30 1/2 EU"", ""31 1/2 EU"", ""35 1/2 EU""]",https://lb.mikesport.com/products/adidas-adilette-aqua-ps-gs-boys-swim-slippers-black-white,2026-04-05T14:54:30Z,True,Regular price $ 32,in stock,
mikesport_lb,Adidas Adi365 Essentials Men Running Short Black,KA4291,,MikeSport Lebanon,45.0,,False,,in_stock,USD,Black,short,men,"[""2XL"", ""L"", ""M"", ""S"", ""XL""]",https://lb.mikesport.com/products/adidas-adi365-essentials-men-running-short-black,2026-04-05T14:54:33Z,True,Regular price $ 45,in stock,
mikesport_lb,Adidas Samba Og Women Original Shoes Magic Beige,KI6674,,MikeSport Lebanon,191.0,,False,,in_stock,USD,Magic Beige / Ivory / Gum,shoes,women,"[""36 EU"", ""36 2/3 EU"", ""37 1/3 EU"", ""38 EU"", ""38 2/3 EU"", ""39 1/3 EU"", ""40 EU"", ""40 2/3 EU"", ""41 1/3 EU""]",https://lb.mikesport.com/products/adidas-samba-og-women-original-shoes-magic-beige,2026-04-05T14:54:36Z,True,Regular price $ 191,in stock,
mikesport_lb,Adidas Tennis Wristband Large Unisex Training Black/White,IC3568,,MikeSport Lebanon,19.0,,False,,in_stock,USD,Black / White,band,unisex,[],https://lb.mikesport.com/products/adidas-tennis-wristband-large-unisex-training-band-black-white,2026-04-05T14:54:40Z,True,Regular price $ 19,in stock,
mikesport_lb,Adidas Starlancer Club Unisex Football Lucid Lemon/Black,IT6382,,MikeSport Lebanon,25.0,,False,,in_stock,USD,Lucid Lemon/Black,ball,unisex,"[""5""]",https://lb.mikesport.com/products/adidas-starlancer-club-unisex-football-ball-lucid-lemon-black,2026-04-05T14:54:42Z,True,Regular price $ 25,in stock,
mikesport_lb,Adidas Defender Small Unisex Training Bags Cases And Luggage Duffel Bag,JZ0608,,MikeSport Lebanon,54.0,,False,,in_stock,USD,Black / White,bags_cases_and_luggage,unisex,[],https://lb.mikesport.com/products/adidas-defender-small-unisex-training-bags-cases-and-luggage-duffel-bag,2026-04-05T14:54:45Z,True,Regular price $ 54,in stock,
mikesport_lb,Adidas Adizero Evo Sl Men Running Shoes Charcoal,KI6884,,MikeSport Lebanon,223.0,,False,,in_stock,USD,Charcoal / Coffee Met. / Aurora Black,shoes,men,"[""44 2/3 EU"", ""45 1/3 EU"", ""46 EU"", ""46 2/3 EU"", ""40 2/3 EU"", ""41 1/3 EU"", ""42 EU"", ""42 2/3 EU"", ""43 1/3 EU"", ""44 EU""]",https://lb.mikesport.com/products/adidas-adizero-evo-sl-men-running-shoes-charcoal,2026-04-05T14:54:47Z,True,Regular price $ 223,in stock,
mikesport_lb,Adidas 3-Stripes New Logo Baseball Unisex Training Cap Black/White,JG1072,,MikeSport Lebanon,29.0,,False,,in_stock,USD,Black/White,cap,unisex,[],https://lb.mikesport.com/products/adidas-3-stripes-new-logo-baseball-unisex-training-cap-black-white,2026-04-05T14:54:49Z,True,Regular price $ 29,in stock,
mikesport_lb,Adidas Taekwondo Mei Women Original Ballerinas Cloud White,JQ0960,,MikeSport Lebanon,135.0,,False,,in_stock,USD,Cloud White / Better Scarlet / Gum,ballerinas,women,"[""36 EU"", ""36 2/3 EU"", ""37 1/3 EU"", ""38 EU"", ""38 2/3 EU"", ""39 1/3 EU"", ""40 EU"", ""40 2/3 EU"", ""41 1/3 EU""]",https://lb.mikesport.com/products/adidas-taekwondo-mei-women-original-ballerinas-cloud-white,2026-04-05T14:54:51Z,True,Regular price $ 135,in stock,
mikesport_lb,Adidas Adizero Evo Sl Men Running Shoes Core Black,JR4888,,MikeSport Lebanon,223.0,,False,,in_stock,USD,Core Black / Iron Metallic / Grey Four,shoes,men,"[""44 2/3 EU"", ""45 1/3 EU"", ""46 EU"", ""46 2/3 EU"", ""40 2/3 EU"", ""41 1/3 EU"", ""42 EU"", ""42 2/3 EU"", ""43 1/3 EU"", ""44 EU""]",https://lb.mikesport.com/products/adidas-adizero-evo-sl-men-running-shoes-core-black,2026-04-05T14:54:53Z,True,Regular price $ 223,in stock,
mikesport_lb,Adidas Predator League Fold-Over Tongue Fg Kids Football Shoes Lucid Red,JR7925,,MikeSport Lebanon,126.0,,False,,in_stock,USD,Lucid Red / Core Black / Cloud White,shoes,kids,"[""33 EU"", ""30 EU"", ""29 EU"", ""31 EU"", ""32 EU"", ""34 EU"", ""35 EU"", ""35 1/2 EU"", ""36 EU"", ""36 2/3 EU"", ""37 1/3 EU"", ""38 EU"", ""38 2/3 EU""]",https://lb.mikesport.com/products/adidas-predator-league-fold-over-tongue-fg-kids-football-shoes-lucid-red,2026-04-05T14:54:56Z,True,Regular price $ 126,in stock,
mikesport_lb,Adidas Adi365 Climacool Men Running T-Shirt White,JZ7695,,MikeSport Lebanon,54.0,,False,,in_stock,USD,White,t-shirt,men,"[""L"", ""M"", ""S"", ""XL""]",https://lb.mikesport.com/products/adidas-adi365-climacool-men-running-t-shirt-white,2026-04-05T14:54:58Z,True,Regular price $ 54,in stock,
mikesport_lb,Adidas Predator League Turf Men Football Shoes Lucid Red,KI8743,,MikeSport Lebanon,135.0,,False,,in_stock,USD,Lucid Red / Core Black / Cloud White,shoes,men,"[""44 2/3 EU"", ""45 1/3 EU"", ""46 EU"", ""46 2/3 EU"", ""39 1/3 EU"", ""40 EU"", ""40 2/3 EU"", ""41 1/3 EU"", ""42 EU"", ""42 2/3 EU"", ""43 1/3 EU"", ""44 EU""]",https://lb.mikesport.com/products/adidas-predator-league-turf-men-football-shoes-lucid-red,2026-04-05T14:55:00Z,True,Regular price $ 135,in stock,
mikesport_lb,Adidas Milano 23 Unisex Football Sock White/Black,IB7813,,MikeSport Lebanon,16.0,,False,,in_stock,USD,White/Black,sock,unisex,"[""M"", ""S""]",https://lb.mikesport.com/products/adidas-milano-23-unisex-football-sock-white-black,2026-04-05T14:55:02Z,True,Regular price $ 16,in stock,
mikesport_lb,Adidas 3-Stripes New Logo Baseball Unisex Training Cap White/Black,JE5652,,MikeSport Lebanon,29.0,,False,,in_stock,USD,White/Black,cap,unisex,[],https://lb.mikesport.com/products/adidas-3-stripes-new-logo-baseball-unisex-training-cap-white-black,2026-04-05T14:55:05Z,True,Regular price $ 29,in stock,
mikesport_lb,Adidas Sl 72 Rs Men Original Shoes Blue/White/Scarlet,IG2132,,MikeSport Lebanon,153.0,,False,,in_stock,USD,Blue/White/Scarlet,espadrilles,men,"[""44 2/3 EU"", ""45 1/3 EU"", ""46 EU"", ""40 2/3 EU"", ""41 1/3 EU"", ""42 EU"", ""43 1/3 EU"", ""44 EU""]",https://lb.mikesport.com/products/adidas-sl-72-rs-men-original-shoes-blue-white-scarlet,2026-04-05T14:55:09Z,True,Regular price $ 153,in stock,
mikesport_lb,Adidas Performance Men Training T-Shirt Blue,KF5779,,MikeSport Lebanon,45.0,,False,,in_stock,USD,Blue,t-shirt,men,"[""2XL"", ""L"", ""M"", ""S"", ""XL""]",https://lb.mikesport.com/products/adidas-performance-men-training-t-shirt-blue,2026-04-05T14:55:11Z,True,Regular price $ 45,in stock,
mikesport_lb,Adidas Supernova Ease 2 Men Running Shoes Grey/Matte Silver,JQ4252,,MikeSport Lebanon,159.0,,False,,in_stock,USD,Grey / Matte Silver / Grey Six,shoes,men,"[""44 2/3 EU"", ""45 1/3 EU"", ""46 EU"", ""46 2/3 EU"", ""41 1/3 EU"", ""42 EU"", ""42 2/3 EU"", ""43 1/3 EU"", ""44 EU""]",https://lb.mikesport.com/products/adidas-supernova-ease-2-men-running-shoes-grey-matte-silver,2026-04-05T14:55:13Z,True,Regular price $ 159,in stock,
mikesport_lb,Adidas Adi365 Essentials Men Running Short Medium Grey Heather,JZ7766,,MikeSport Lebanon,45.0,,False,,in_stock,USD,Medium Grey Heather,short,men,"[""L"", ""M"", ""S"", ""XL""]",https://lb.mikesport.com/products/adidas-adi365-essentials-men-running-short-medium-grey-heather,2026-04-05T14:55:16Z,True,Regular price $ 45,in stock,
mikesport_lb,Adidas Adilette Aqua Unisex Swim Slides Black,,,MikeSport Lebanon,38.0,,False,,in_stock,USD,,slippers,unisex,"[""44 2/3 EU"", ""46 EU"", ""47 1/3 EU"", ""48 2/3 EU"", ""40 2/3 EU"", ""42 EU"", ""43 1/3 EU""]",https://lb.mikesport.com/products/adidas-adilette-aqua-unisex-swim-slides-black,2026-04-05T15:48:57Z,False,Regular price $ 38,in stock,
mikesport_lb,Adidas Defender Medium Unisex Training Bags Cases And Luggage Duffel Bag,JZ0607,,MikeSport Lebanon,61.0,,False,,in_stock,USD,Black / White,bags_cases_and_luggage,unisex,[],https://lb.mikesport.com/products/adidas-defender-medium-unisex-training-bags-cases-and-luggage-duffel-bag,2026-04-05T14:55:22Z,True,Regular price $ 61,in stock,
mikesport_lb,Adidas Adi365 Essentials Men Running T-Shirt Black,KB5965,,MikeSport Lebanon,38.0,,False,,in_stock,USD,Black,t-shirt,men,"[""2XL"", ""L"", ""M"", ""S"", ""XL""]",https://lb.mikesport.com/products/adidas-adi365-essentials-men-running-t-shirt-black,2026-04-05T14:55:24Z,True,Regular price $ 38,in stock,
mikesport_lb,Adidas D4T Workout Men Training Pant Legend Ink,KA7244,,MikeSport Lebanon,96.0,,False,,in_stock,USD,Legend Ink,pant,men,"[""L"", ""M"", ""S"", ""XL""]",https://lb.mikesport.com/products/adidas-d4t-workout-men-training-pant-legend-ink,2026-04-05T14:55:26Z,True,Regular price $ 96,in stock,
mikesport_lb,Adidas 3-Stripes Men Original T-Shirt White,KE3537,,MikeSport Lebanon,54.0,,False,,in_stock,USD,"Sport reimagines a classic with the 3-Stripes Tee—where everyday comfort meets iconic adidas heritage. Made for comfort, it's your go-to from sunrise to streetlights, whether you're hitting the gym, grabbing coffee, or layering up for cooler days. The bold 3-Stripes down the sleeves bring that unmistakable sporty edge, while the regular fit and round neck keep things relaxed and effortlessly stylish. Highlights: Regular fit Round neck Single jersey Composition: 100% cotton Color: White",t-shirt,men,"[""L"", ""M"", ""S"", ""XL""]",https://lb.mikesport.com/products/adidas-3-stripes-men-original-t-shirt-white,2026-04-05T14:55:28Z,True,Regular price $ 54,in stock,
mikesport_lb,Adidas Train Essentials Woven Men Training Short Black,IC6976,,MikeSport Lebanon,45.0,,False,,in_stock,USD,Black / White,short,men,"[""2XL"", ""3XL"", ""L"", ""M"", ""S"", ""XL""]",https://lb.mikesport.com/products/adidas-train-essentials-woven-men-training-short-black,2026-04-05T14:55:31Z,True,Regular price $ 45,in stock,
mikesport_lb,Adidas Adi365 Essentials T-Shirt Women Running T-Shirt Black,JZ7808,,MikeSport Lebanon,38.0,,False,,in_stock,USD,Black,t-shirt,women,"[""L"", ""M"", ""S"", ""XS""]",https://lb.mikesport.com/products/adidas-adi365-essentials-t-shirt-women-running-t-shirt-black,2026-04-05T14:55:33Z,True,Regular price $ 38,in stock,
mikesport_lb,Adidas Soft Lux Loose Women Sportswear Sweatshirt Off White,JV9893,,MikeSport Lebanon,96.0,,False,,in_stock,USD,Off White,sweatshirt,women,"[""L"", ""M"", ""S"", ""XS""]",https://lb.mikesport.com/products/adidas-soft-lux-loose-women-sportswear-sweatshirt-off-white,2026-04-05T14:55:35Z,True,Regular price $ 96,in stock,
mikesport_lb,Adidas Essentials Wide Leg 3 Bar Logo Men Sportswear Pant Medium Grey Heather,JF3606,,MikeSport Lebanon,77.0,,False,,in_stock,USD,Medium Grey Heather / Black,pant,men,"[""L"", ""M"", ""S"", ""XL""]",https://lb.mikesport.com/products/adidas-essentials-wide-leg-3-bar-logo-men-sportswear-pant-medium-grey-heather,2026-04-05T14:55:37Z,True,Regular price $ 77,in stock,
mikesport_lb,Adidas Future Icons 3 Stripes Full Zip Kids-Boys Sportswear Hoody Black,KS2577,,MikeSport Lebanon,89.0,,False,,in_stock,USD,Black,hoody,boys,"[""7-8 Years"", ""9-10 Years"", ""11-12 Years"", ""13-14 Years""]",https://lb.mikesport.com/products/adidas-future-icons-3-stripes-full-zip-kids-boys-sportswear-hoody-black,2026-04-05T14:55:39Z,True,Regular price $ 89,in stock,
mikesport_lb,Adidas Future Icons 3-Stripes Cuffed Kids-Unisex Sportswear Pant Black,KS2570,,MikeSport Lebanon,77.0,,False,,in_stock,USD,Black,pant,unisex,"[""7-8 Years"", ""9-10 Years"", ""11-12 Years"", ""13-14 Years""]",https://lb.mikesport.com/products/adidas-future-icons-3-stripes-cuffed-kids-unisex-sportswear-pant-black,2026-04-05T14:55:41Z,True,Regular price $ 77,in stock,
mikesport_lb,Adidas Workout Essentials Base Woven Men Training Short Grey Five,KD2949,,MikeSport Lebanon,45.0,,False,,in_stock,USD,Grey Five,short,men,"[""L"", ""M"", ""S"", ""XL""]",https://lb.mikesport.com/products/adidas-workout-essentials-base-woven-men-training-short-grey-five,2026-04-05T14:55:45Z,True,Regular price $ 45,in stock,
mikesport_lb,Adidas Adilette Aqua Girls Sportswear Slippers Pink/White,FY8072,,MikeSport Lebanon,32.0,,False,,in_stock,USD,Pink/White,slippers,girls,"[""33 EU"", ""30 EU"", ""29 EU"", ""30 1/2 EU"", ""31 1/2 EU""]",https://lb.mikesport.com/products/adidas-adilette-aqua-girls-sportswear-slippers-pink-white,2026-04-05T14:55:47Z,True,Regular price $ 32,in stock,
mikesport_lb,Adidas Future Icons 3 Stripes Full Zip Kids-Girls Sportswear Track Top Black,KR2253,,MikeSport Lebanon,80.0,,False,,in_stock,USD,Black,track_top,girls,"[""7-8 Years"", ""9-10 Years"", ""11-12 Years"", ""13-14 Years""]",https://lb.mikesport.com/products/adidas-future-icons-3-stripes-full-zip-kids-girls-sportswear-track-top-black,2026-04-05T14:55:50Z,True,Regular price $ 80,in stock,
mikesport_lb,Adidas Soft Lux Women Sportswear Tank Black,JM3733,,MikeSport Lebanon,54.0,,False,,in_stock,USD,Black,tank,women,"[""L"", ""M"", ""S"", ""XS""]",https://lb.mikesport.com/products/adidas-soft-lux-women-sportswear-tank-black,2026-04-05T14:55:52Z,True,Regular price $ 54,in stock,
mikesport_lb,Adidas Supernova Ease 2 Women Running Shoes Cloud White,JQ1821,,MikeSport Lebanon,159.0,,False,,in_stock,USD,Cloud White / Blue,shoes,women,"[""36 2/3 EU"", ""37 1/3 EU"", ""38 EU"", ""38 2/3 EU"", ""39 1/3 EU"", ""40 2/3 EU"", ""41 1/3 EU""]",https://lb.mikesport.com/products/adidas-supernova-ease-2-women-running-shoes-cloud-white,2026-04-05T14:55:54Z,True,Regular price $ 159,in stock,
mikesport_lb,Adidas Gazelle Indoor Men Original Shoes Green/White/Gum,JI2062,,MikeSport Lebanon,175.0,,False,,in_stock,USD,Green/White/Gum,shoes,men,"[""44 2/3 EU"", ""45 1/3 EU"", ""46 EU"", ""42 2/3 EU"", ""43 1/3 EU"", ""44 EU""]",https://lb.mikesport.com/products/adidas-gazelle-indoor-men-original-shoes-green-white-gum,2026-04-05T14:55:56Z,True,Regular price $ 175,in stock,
mikesport_lb,Adidas Soft Lux Loose Women Sportswear Sweatshirt Wonder Sage,KA7015,,MikeSport Lebanon,96.0,,False,,in_stock,USD,Wonder Sage,sweatshirt,women,"[""L"", ""M"", ""S"", ""XS""]",https://lb.mikesport.com/products/adidas-soft-lux-loose-women-sportswear-sweatshirt-wonder-sage,2026-04-05T14:55:58Z,True,Regular price $ 96,in stock,
mikesport_lb,Adidas Essentials Back To Campus Women Training Bags Cases And Luggage Backpack One Compartment,KE5660,,MikeSport Lebanon,54.0,,False,,in_stock,USD,Maroon,bags_cases_and_luggage,women,[],https://lb.mikesport.com/products/adidas-essentials-back-to-campus-women-training-bags-cases-and-luggage-backpack-one-compartment,2026-04-05T14:56:00Z,True,Regular price $ 54,in stock,
mikesport_lb,Adidas Predator League Fold-Over Tongue Fg Men Football Shoes Iron Metallic,JS0426,,MikeSport Lebanon,159.0,,False,,in_stock,USD,Iron Metallic / Zero Metalic / Lucid Red,shoes,men,"[""44 2/3 EU"", ""45 1/3 EU"", ""39 1/3 EU"", ""40 EU"", ""40 2/3 EU"", ""41 1/3 EU"", ""42 EU"", ""42 2/3 EU"", ""43 1/3 EU""]",https://lb.mikesport.com/products/adidas-predator-league-fold-over-tongue-fg-men-football-shoes-iron-metallic,2026-04-05T14:56:02Z,True,Regular price $ 159,in stock,
mikesport_lb,Adidas Z N E Women Sportswear Hoody White,JE7849,,MikeSport Lebanon,159.0,,False,,in_stock,USD,White,hoody,women,"[""L"", ""M"", ""S"", ""XS""]",https://lb.mikesport.com/products/adidas-z-n-e-women-sportswear-hoody-white-2,2026-04-05T14:56:05Z,True,Regular price $ 159,in stock,
mikesport_lb,Adidas Rubber X3 Unisex Basketball Ball Natural/Black/Gold,HM4970,,MikeSport Lebanon,32.0,,False,,in_stock,USD,Natural/Black/Gold,ball,unisex,"[""7""]",https://lb.mikesport.com/products/adidas-rubber-x3-unisex-basketball-ball-natural-black-gold,2026-04-05T14:56:07Z,True,Regular price $ 32,in stock,
mikesport_lb,Adidas Train Essentials 3-Stripes Woven Women Training Pant Black/White,JI8313,,MikeSport Lebanon,77.0,,False,,in_stock,USD,Black/White,pant,women,"[""L"", ""M"", ""S"", ""XS""]",https://lb.mikesport.com/products/adidas-train-essentials-3-stripes-woven-women-training-pant-black-white,2026-04-05T14:56:09Z,True,Regular price $ 77,in stock,
mikesport_lb,Adidas Inter Miami Cf 25/26 Messi Home Men Football T-Shirt Easy Pink,JI6817,,MikeSport Lebanon,159.0,,False,,in_stock,USD,Easy Pink,t-shirt,men,"[""L"", ""M"", ""S"", ""XL""]",https://lb.mikesport.com/products/adidas-inter-miami-cf-25-26-messi-home-men-football-t-shirt-easy-pink,2026-04-05T14:56:12Z,True,Regular price $ 159,in stock,
mikesport_lb,Adidas Inter Miami Cf 25/26 Messi Home Kids-Unisex Football T-Shirt Easy Pink,JI6816,,MikeSport Lebanon,126.0,,False,,in_stock,USD,Easy Pink,t-shirt,unisex,"[""7-8 Years"", ""9-10 Years"", ""11-12 Years"", ""13-14 Years""]",https://lb.mikesport.com/products/adidas-inter-miami-cf-25-26-messi-home-kids-unisex-football-t-shirt-easy-pink,2026-04-05T14:56:14Z,True,Regular price $ 126,in stock,
mikesport_lb,Adidas Adi365 Essentials Women Running T-Shirt White,KA0290,,MikeSport Lebanon,32.0,,False,,in_stock,USD,White,t-shirt,women,"[""L"", ""M"", ""S"", ""XS""]",https://lb.mikesport.com/products/adidas-adi365-essentials-women-running-t-shirt-white,2026-04-05T14:56:16Z,True,Regular price $ 32,in stock,
mikesport_lb,Adidas Future Icons Small Logo Men Sportswear Hoody Black,JD4954,,MikeSport Lebanon,96.0,,False,,in_stock,USD,Black,hoody,men,"[""L"", ""M"", ""S"", ""XL""]",https://lb.mikesport.com/products/adidas-future-icons-small-logo-men-sportswear-hoody-black-1,2026-04-05T14:56:18Z,True,Regular price $ 96,in stock,
mikesport_lb,Adidas Handball Spezial Women Original Shoes Brown,IH1507,,MikeSport Lebanon,159.0,,False,,in_stock,USD,Brown,shoes,women,"[""36 2/3 EU"", ""37 1/3 EU"", ""38 EU"", ""39 1/3 EU"", ""40 EU"", ""40 2/3 EU""]",https://lb.mikesport.com/products/adidas-handball-spezial-women-original-shoes-brown,2026-04-05T14:56:20Z,True,Regular price $ 159,in stock,
mikesport_lb,Adidas Future Icons Baby Soft Touch Kids-Girls Sportswear T-Shirt Black,KB6918,,MikeSport Lebanon,42.0,,False,,in_stock,USD,Black,t-shirt,girls,"[""7-8 Years"", ""9-10 Years"", ""11-12 Years"", ""13-14 Years""]",https://lb.mikesport.com/products/adidas-future-icons-baby-soft-touch-kids-girls-sportswear-t-shirt-black,2026-04-05T14:56:22Z,True,Regular price $ 42,in stock,
mikesport_lb,Adidas Supernova Rise 3 Men Running Shoes Core Black/Carbon,JR2280,,MikeSport Lebanon,208.0,,False,,in_stock,USD,Core Black/Carbon,shoes,men,"[""45 1/3 EU"", ""46 2/3 EU"", ""41 1/3 EU"", ""42 EU"", ""42 2/3 EU"", ""43 1/3 EU"", ""44 EU""]",https://lb.mikesport.com/products/adidas-supernova-rise-3-men-running-shoes-core-black-carbon,2026-04-05T14:56:24Z,True,Regular price $ 208,in stock,
mikesport_lb,Adidas Swim Bottom Women Lifestyle Slip Pink/White,GL6129,,MikeSport Lebanon,60.0,15.0,True,75.0,in_stock,USD,"with these tie-dyed adidas Swim Bottoms. The elastic waistband and snug fit keep them in place while you're splashing around at the pool. Better yet, take them to the beach. Don't forget your sunscreen! Code : Gl6129 Swim in full color with these tie-dyed adidas Swim Bottoms. The elastic waistband and snug fit keep them in place while you're splashing around at the pool. Better yet, take them to the beach. Don't forget your sunscreen! Code : Gl6129 Adidas Swim Bottom Women Lifestyle Slip Pink/White Slip Adidas AdiFitr26 Apparel Discounted EX20 extra20_outlet_ss25 family_synced gender_synced_v4 Lifestyle promotion_cleanup_done promotion_list_synced Ramadan2024 SD24 Slip SS20 TheOutlet WOMEN",slip,women,"[""32"", ""34"", ""36"", ""38"", ""40""]",https://lb.mikesport.com/products/adidas-swim-bottom-women-lifestyle-slip-pink-white,2026-04-05T15:48:59Z,True,Sale price $ 15 Regular price $ 60 75%,in stock,
mikesport_lb,Adidas Seasonal Essentials French Terry Flared Women Sportswear Tight Black,JZ0198,,MikeSport Lebanon,80.0,,False,,in_stock,USD,Black,pant,women,"[""L"", ""M"", ""S"", ""XS""]",https://lb.mikesport.com/products/adidas-seasonal-essentials-french-terry-flared-women-sportswear-tight-black,2026-04-05T14:56:28Z,True,Regular price $ 80,in stock,
mikesport_lb,Adidas Lightweight Baseball Unisex Training Cap Wonder Sage,KE8255,,MikeSport Lebanon,26.0,,False,,in_stock,USD,Wonder Sage,cap,unisex,[],https://lb.mikesport.com/products/adidas-lightweight-baseball-unisex-training-cap-wonder-sage-1,2026-04-05T14:56:31Z,True,Regular price $ 26,in stock,
mikesport_lb,Adidas Soft Lux Loose Women Sportswear Short Off White,JV9876,,MikeSport Lebanon,77.0,,False,,in_stock,USD,Off White,short,women,"[""L"", ""M"", ""S"", ""XS""]",https://lb.mikesport.com/products/adidas-soft-lux-loose-women-sportswear-short-off-white,2026-04-05T14:56:32Z,True,Regular price $ 77,in stock,
mikesport_lb,Adidas Adicolor Classic Unisex Original Bags Cases And Luggage Backpack One Compartment,KD7905,,MikeSport Lebanon,67.0,,False,,in_stock,USD,"Classic Backpack Denim combines classic adidas style and modern functionality. The light denim material and screenprint Trefoil branding create an up-to-date look that also nods to our design heritage. Designed for practicality, it features a large main compartment and a front pocket with a zipper for quick access to essentials, while the side elastic pockets allow for easy storage of other quick-grab items. The adjustable straps offer a snug fit, making it great for daily commutes or weekends away. Plus, the included rain cover helps your belongings stay dry, when conditions take a turn for the worse. Crafted with care, this backpack is made with a durable twill fabric for everyday use. Carry your gear with confidence in this chic and sturdy backpack. Highlights: Dimensions: 420 mm x 300 mm Volume: 23.1 L Durable twill fabric Large main compartment with front pocket Adjustable padded straps Screenprint Trefoil branding Rain cover included Side elastic pockets Composition: 100% cotton Color: Light Denim",bags_cases_and_luggage,unisex,[],https://lb.mikesport.com/products/adidas-adicolor-classic-unisex-original-bags-cases-and-luggage-backpack-one-compartment,2026-04-05T14:56:35Z,True,Regular price $ 67,in stock,
mikesport_lb,Adidas Predator League Fold-Over Tongue Firm Ground Kids Football Shoes Iron Metallic,JR3312,,MikeSport Lebanon,126.0,,False,,in_stock,USD,Iron Metallic / Zero Metalic / Lucid Red,shoes,kids,"[""33 EU"", ""35 EU"", ""36 EU"", ""36 2/3 EU"", ""37 1/3 EU"", ""38 EU"", ""38 2/3 EU""]",https://lb.mikesport.com/products/adidas-predator-league-fold-over-tongue-firm-ground-kids-football-shoes-iron-metallic,2026-04-05T14:56:41Z,True,Regular price $ 126,in stock,
mikesport_lb,Adidas Seasonal Essentials French Terry Full-Zip Women Sportswear Hoody Black,JZ0197,,MikeSport Lebanon,89.0,,False,,in_stock,USD,Black,hoody,women,"[""L"", ""M"", ""S"", ""XS""]",https://lb.mikesport.com/products/adidas-seasonal-essentials-french-terry-full-zip-women-sportswear-hoody-black,2026-04-05T14:56:43Z,True,Regular price $ 89,in stock,
mikesport_lb,Adidas Own The Run Women Running Short Black/White,IX6371,,MikeSport Lebanon,54.0,,False,,in_stock,USD,Black/White,short,women,"[""L"", ""M"", ""S"", ""XS""]",https://lb.mikesport.com/products/adidas-own-the-run-women-running-short-black-white,2026-04-05T14:56:46Z,True,Regular price $ 54,in stock,
mikesport_lb,Adidas All Me Print Women Training 7/8 Tight Charcoal/Black,JZ0187,,MikeSport Lebanon,105.0,,False,,in_stock,USD,Charcoal/Black,7/8_tight,women,"[""L"", ""M"", ""S"", ""XS""]",https://lb.mikesport.com/products/adidas-all-me-print-women-training-7-8-tight-charcoal-black,2026-04-05T14:56:48Z,True,Regular price $ 105,in stock,
mikesport_lb,Adidas Own The Run Women Running T-Shirt Black,IN2961,,MikeSport Lebanon,54.0,,False,,in_stock,USD,Black,t-shirt,women,"[""M"", ""S"", ""XS""]",https://lb.mikesport.com/products/adidas-own-the-run-women-running-t-shirt-black-1,2026-04-05T14:56:50Z,True,Regular price $ 54,in stock,
mikesport_lb,Adidas Campus 00S Unisex Original Shoes Black/White,HQ8708,,MikeSport Lebanon,159.0,,False,,in_stock,USD,s and proportions. Highlights : Regular fit Lace closure Composition: Leather upper Terry textile lining Rubber outsole Color: Black/White,shoes,unisex,"[""44 2/3 EU"", ""43 1/3 EU"", ""44 EU""]",https://lb.mikesport.com/products/adidas-campus-00s-men-original-shoes-black-white,2026-04-05T14:56:53Z,True,Regular price $ 159,in stock,
mikesport_lb,Adidas 3 Stripes Flared Kids-Girls Original Tight Black,KC8645,,MikeSport Lebanon,48.0,,False,,in_stock,USD,Black,tight,girls,"[""7-8 Years"", ""9-10 Years"", ""11-12 Years"", ""13-14 Years""]",https://lb.mikesport.com/products/adidas-3-stripes-flared-kids-girls-original-tight-black,2026-04-05T14:56:55Z,True,Regular price $ 48,in stock,
mikesport_lb,Adidas Mid Cut Crew Socks 3 Unisex Original Sock White,IJ0733,,MikeSport Lebanon,19.0,,False,,in_stock,USD,White,sock,unisex,"[""L"", ""M"", ""XL""]",https://lb.mikesport.com/products/adidas-mid-cut-crew-socks-3-unisex-original-sock-white,2026-04-05T14:56:57Z,True,Regular price $ 19,in stock,
mikesport_lb,Adidas Predator Kids-Boys football Gloves Blue/Solar Red/White,IX3872,,MikeSport Lebanon,48.0,25.0,True,47.92,in_stock,USD,Blue/Solar Red/White,gloves,unisex,"[""5"", ""6"", ""7""]",https://lb.mikesport.com/products/adidas-predator-kids-boys-football-gloves-blue-solar-red-white,2026-04-05T14:56:59Z,True,Sale price $ 25 Regular price $ 48 48%,in stock,
mikesport_lb,Adidas Samba Og Women Original Shoes Core Black,IH9052,,MikeSport Lebanon,208.0,,False,,in_stock,USD,Core Black / Cloud White,shoes,women,"[""36 EU"", ""36 2/3 EU"", ""37 1/3 EU"", ""38 EU"", ""38 2/3 EU""]",https://lb.mikesport.com/products/adidas-samba-og-women-original-shoes-core-black,2026-04-05T14:57:02Z,True,Regular price $ 208,in stock,
mikesport_lb,Adidas All Me Essentials Flare Women Training Tight Black,JW7667,,MikeSport Lebanon,80.0,,False,,in_stock,USD,Black,tight,women,"[""M"", ""S"", ""XS""]",https://lb.mikesport.com/products/adidas-all-me-essentials-flare-women-training-tight-black,2026-04-05T14:57:03Z,True,Regular price $ 80,in stock,
mikesport_lb,Adidas Optime Kids-Girls Sportswear 7/8 Tight Black,KB6918,,MikeSport Lebanon,58.0,,False,,in_stock,USD,Black,7/8_tight,girls,"[""7-8 Years"", ""9-10 Years"", ""11-12 Years"", ""13-14 Years""]",https://lb.mikesport.com/products/adidas-optime-kids-girls-sportswear-7-8-tight-black,2026-04-05T14:57:06Z,True,Regular price $ 58,in stock,
mikesport_lb,Adidas Performance 0.75 Unisex Training Water Bottle Black,FM9931,,MikeSport Lebanon,13.0,,False,,in_stock,USD,Black/Solar Red,bottle,unisex,[],https://lb.mikesport.com/products/adidas-performance-0-75-unisex-training-water-bottle-black-fm9931,2026-04-05T14:57:08Z,True,Regular price $ 13,in stock,
mikesport_lb,Adidas Soft Lux Women Sportswear Tank Off White,JV9865,,MikeSport Lebanon,54.0,,False,,in_stock,USD,Off White,tank,women,"[""L"", ""M"", ""S"", ""XS""]",https://lb.mikesport.com/products/adidas-soft-lux-women-sportswear-tank-off-white,2026-04-05T14:57:10Z,True,Regular price $ 54,in stock,
mikesport_lb,Adidas Optime Workout High Support Women Training Bra Aurora Coffee,KA0067,,MikeSport Lebanon,89.0,,False,,in_stock,USD,Aurora Coffee,bra,women,"[""L"", ""M"", ""S""]",https://lb.mikesport.com/products/adidas-optime-workout-high-support-women-training-bra-aurora-coffee,2026-04-05T14:57:12Z,True,Regular price $ 89,in stock,
mikesport_lb,Adidas Optim&#233; Essentials No Front Rise Seam Women Training 7/8 Tight Black,JY4815,,MikeSport Lebanon,77.0,,False,,in_stock,USD,Black,7/8_tight,women,"[""L"", ""M"", ""S"", ""XS""]",https://lb.mikesport.com/products/adidas-optim-233-essentials-no-front-rise-seam-women-training-7-8-tight-black,2026-04-05T14:57:14Z,True,Regular price $ 77,in stock,
mikesport_lb,Adidas Advantage Base 2 Men Sportswear Shoes Black/Grey,IG9184,,MikeSport Lebanon,96.0,,False,,in_stock,USD,Black/Grey,shoes,men,"[""45 1/3 EU"", ""46 EU"", ""42 EU"", ""42 2/3 EU""]",https://lb.mikesport.com/products/adidas-advantage-base-2-men-sportswear-shoes-black-grey,2026-04-05T14:57:16Z,True,Regular price $ 96,in stock,
mikesport_lb,Adidas Optim&#233; Workout Women Training 7/8 Tight Aurora Coffee,JZ3673,,MikeSport Lebanon,89.0,,False,,in_stock,USD,Aurora Coffee,7/8_tight,women,"[""L"", ""M"", ""S"", ""XS""]",https://lb.mikesport.com/products/adidas-optim-233-workout-women-training-7-8-tight-aurora-coffee,2026-04-05T14:57:18Z,True,Regular price $ 89,in stock,
mikesport_lb,Adidas Full Zip Kids-Girls Training Hoody Black/White,GS2165,,MikeSport Lebanon,74.0,37.0,True,50.0,in_stock,USD,Black/White,hoody,girls,"[""7-8 Years"", ""9-10 Years"", ""13-14 Years"", ""14-15 Years""]",https://lb.mikesport.com/products/adidas-full-zip-kids-girls-training-hoody-black-white,2026-04-05T14:57:21Z,True,Sale price $ 37 Regular price $ 74 50%,in stock,
mikesport_lb,Adidas Handball Spezial Women Originals Shoes Strata/Off White,IF6490,,MikeSport Lebanon,159.0,,False,,in_stock,USD,Strata/Off White/Gum,shoes,unisex,"[""36 2/3 EU"", ""42 EU"", ""43 1/3 EU"", ""44 EU""]",https://lb.mikesport.com/products/adidas-handball-spezial-women-originals-shoes-strata-off-white,2026-04-05T14:57:23Z,True,Regular price $ 159,in stock,
mikesport_lb,Adidas Harden Volume 10 Men Basketball Shoes Ice Gold Met,JQ9453,,MikeSport Lebanon,242.0,,False,,in_stock,USD,Ice Gold Met. / Core Black / Lime Burst,shoes,men,"[""47 1/3 EU"", ""41 1/3 EU"", ""43 1/3 EU"", ""44 EU""]",https://lb.mikesport.com/products/adidas-harden-volume-10-men-basketball-shoes-ice-gold-met,2026-04-05T14:57:25Z,True,Regular price $ 242,in stock,
mikesport_lb,Adidas Lite Racer 4 Men Sportswear Shoes Grey/White,IE6134,,MikeSport Lebanon,80.0,,False,,in_stock,USD,Grey/White,shoes,men,"[""46 2/3 EU"", ""42 2/3 EU"", ""44 EU""]",https://lb.mikesport.com/products/adidas-lite-racer-4-men-sportswear-shoes-grey-white,2026-04-05T14:57:27Z,True,Regular price $ 80,in stock,
mikesport_lb,Adidas Vday Women Original Skirt Black/Orange,FH8558,,MikeSport Lebanon,76.0,10.0,True,86.84,in_stock,USD,Black/Orange,skirt,women,"[""32 EU"", ""34 EU""]",https://lb.mikesport.com/products/adidas-vday-women-original-skirt-black-orange,2026-04-05T14:57:29Z,True,Sale price $ 10 Regular price $ 76 87%,in stock,
mikesport_lb,Adidas Jam Woven Kids-Unisex Sportswear Pant Black/White,IV9455,,MikeSport Lebanon,89.0,46.0,True,48.31,in_stock,USD,Black/White,pant,unisex,"[""7-8 Years"", ""9-10 Years"", ""11-12 Years"", ""13-14 Years""]",https://lb.mikesport.com/products/adidas-jam-woven-kids-unisex-sportswear-pant-black-white,2026-04-05T14:57:31Z,True,Sale price $ 46 Regular price $ 89 48%,in stock,
mikesport_lb,Adidas Techfit All Over Print Men Training Tight Core Black/Grey,JD9032,,MikeSport Lebanon,80.0,42.0,True,47.5,in_stock,USD,Core Black/Grey,tight,men,"[""L"", ""M"", ""XL""]",https://lb.mikesport.com/products/adidas-techfit-all-over-print-men-training-tight-core-black-grey,2026-04-05T14:57:34Z,True,Sale price $ 42 Regular price $ 80 48%,in stock,
mikesport_lb,Adidas Runfalcon 5 Men Running Shoes Olive Strata/Black,IE0525,,MikeSport Lebanon,89.0,,False,,in_stock,USD,Olive Strata/Black,shoes,men,"[""42 EU"", ""42 2/3 EU"", ""44 EU""]",https://lb.mikesport.com/products/adidas-runfalcon-5-men-running-shoes-olive-strata-black,2026-04-05T14:57:36Z,True,Regular price $ 89,in stock,
mikesport_lb,Adidas Predator League Tf Kids Turf Shoes Platinum/Black/Turbo,IF6414,,MikeSport Lebanon,105.0,55.0,True,47.62,in_stock,USD,Platinum/Black/Turbo,espadrilles,kids,"[""36 2/3 EU"", ""37 1/3 EU"", ""38 EU"", ""38 2/3 EU""]",https://lb.mikesport.com/products/adidas-predator-league-tf-kids-turf-shoes-platinum-black-turbo,2026-04-05T14:57:38Z,True,Sale price $ 55 Regular price $ 105 48%,in stock,
mikesport_lb,Adidas Runfalcon 5 Tr Men Running Shoes Core Black,JI4084,,MikeSport Lebanon,105.0,,False,,in_stock,USD,Core Black / Silver Metallic / Carbon,shoes,men,"[""46 2/3 EU"", ""42 2/3 EU"", ""44 EU""]",https://lb.mikesport.com/products/adidas-runfalcon-5-tr-men-running-shoes-core-black,2026-04-05T14:57:40Z,True,Regular price $ 105,in stock,
mikesport_lb,Adidas Adi365 Essentials 2In1 Women Running Short Black,KA0246,,MikeSport Lebanon,61.0,,False,,in_stock,USD,Black,short,women,"[""L"", ""M"", ""S"", ""XS""]",https://lb.mikesport.com/products/adidas-adi365-essentials-2in1-women-running-short-black,2026-04-05T14:57:42Z,True,Regular price $ 61,in stock,
mikesport_lb,Adidas Performance Unisex Training Water Bottle White/Black,FM9932,,MikeSport Lebanon,13.0,,False,,in_stock,USD,White/Black,bottle,unisex,[],https://lb.mikesport.com/products/adidas-performance-unisex-training-water-bottle-white-black,2026-04-05T14:57:44Z,True,Regular price $ 13,in stock,
mikesport_lb,Adidas Designed For Training Workout Men T-Shirt White,IS3808,,MikeSport Lebanon,60.0,,False,,in_stock,USD,White,t-shirt,men,"[""2XL"", ""L"", ""M""]",https://lb.mikesport.com/products/adidas-designed-for-training-workout-men-t-shirt-white,2026-04-05T14:57:46Z,True,Regular price $ 60,in stock,
mikesport_lb,Adidas Thin And Light Unisex Training Sock Black/White,IC1327,,MikeSport Lebanon,19.0,,False,,in_stock,USD,Black/White,sock,unisex,"[""2XL""]",https://lb.mikesport.com/products/adidas-thin-and-light-unisex-training-sock-black-white,2026-04-05T14:57:48Z,True,Regular price $ 19,in stock,
mikesport_lb,Adidas Women Swimming Slip Multicolor,GL6142,,MikeSport Lebanon,70.0,15.0,True,78.57,in_stock,USD,Multicolor,slip,women,"[""34"", ""36"", ""38""]",https://lb.mikesport.com/products/adidas-women-swimming-slip-multicolor-1,2026-04-05T14:57:51Z,True,Sale price $ 15 Regular price $ 70 79%,in stock,
mikesport_lb,Adidas Mono Men Originals Jacket Black,IZ2541,,MikeSport Lebanon,126.0,82.0,True,34.92,in_stock,USD,Black,jacket,men,"[""2XL"", ""L"", ""M"", ""S"", ""XL""]",https://lb.mikesport.com/products/adidas-mono-men-originals-jacket-black,2026-04-05T14:57:53Z,True,Sale price $ 82 Regular price $ 126 35%,in stock,
mikesport_lb,Adidas Adilette Comfort Men Swim Slippers Black,GZ5896,,MikeSport Lebanon,67.0,,False,,in_stock,USD,Core Black / Core Black / Core Black,slippers,men,"[""46 EU"", ""43 1/3 EU""]",https://lb.mikesport.com/products/adidas-adilette-comfort-men-swim-slippers-black-1,2026-04-05T14:57:55Z,True,Regular price $ 67,in stock,
mikesport_lb,Adidas Disney Lion King Baby-Boys Sportswear Set White/Beige/Spark,IV7361,,MikeSport Lebanon,67.0,36.0,True,46.27,in_stock,USD,"s and playful graphics of beloved characters from Disney's The Lion King, this infants' set celebrates the 30th anniversary of the timeless classic. Soft cotton fabric keeps young ones comfortable whether they're exploring the world or just napping in the den. Dress your infant in this casual set and teach them the value of courage, family and following your dreams. Highlights : Regular fit with mid rise Ribbed crewneck Elastic waist with drawcord Disney graphics ©Disney Composition : 100% cotton Shorts: 93% cotton, 7% elastane Color: White/Beige/Spark",set,boys,"[""3-4 Years"", ""9-12 Months"", ""2 Years"", ""2-3 Years""]",https://lb.mikesport.com/products/adidas-disney-lion-king-baby-boys-sportswear-set-white-beige-spark,2026-04-05T14:57:57Z,True,Sale price $ 36 Regular price $ 67 46%,in stock,
mikesport_lb,Adidas Ownthegame 3.0 Kids Basketball Shoes Core Black,JS2181,,MikeSport Lebanon,80.0,,False,,in_stock,USD,Core Black,shoes,kids,"[""36 EU"", ""38 2/3 EU""]",https://lb.mikesport.com/products/adidas-ownthegame-3-0-kids-basketball-shoes-core-black,2026-04-05T14:58:00Z,True,Regular price $ 80,in stock,
mikesport_lb,Adidas Predator League Fg Kids Football Shoes Platinum/Black/Turbo,IF6354,,MikeSport Lebanon,105.0,55.0,True,47.62,in_stock,USD,Platinum/Black/Turbo,espadrilles,kids,"[""33 1/2 EU"", ""36 2/3 EU"", ""38 EU""]",https://lb.mikesport.com/products/adidas-predator-league-fg-kids-football-shoes-platinum-black-turbo,2026-04-05T14:58:03Z,True,Sale price $ 55 Regular price $ 105 48%,in stock,
mikesport_lb,Adidas Predator League Tf Men Turf Shoes Blue/White/Red,ID0910,,MikeSport Lebanon,144.0,74.0,True,48.61,in_stock,USD,Blue/White/Red,shoes,unisex,"[""45 1/3 EU"", ""40 EU"", ""40 2/3 EU""]",https://lb.mikesport.com/products/adidas-predator-league-tf-men-turf-shoes-blue-white-red,2026-04-05T14:58:06Z,True,Sale price $ 74 Regular price $ 144 49%,in stock,
mikesport_lb,Adidas Trefoil Kids-Unisex Original Pant Night Indigo,HK0353,,MikeSport Lebanon,67.0,34.0,True,49.25,in_stock,USD,Night Indigo,pant,unisex,"[""11-12 Years"", ""13-14 Years"", ""15-16 Years""]",https://lb.mikesport.com/products/adidas-trefoil-kids-unisex-original-pant-night-indigo,2026-04-05T14:58:08Z,True,Sale price $ 34 Regular price $ 67 49%,in stock,
mikesport_lb,Adidas X Crazyfast Messi.3 Men Turf Shoes Silver/Blue/Black,IE4074,,MikeSport Lebanon,153.0,77.0,True,49.67,in_stock,USD,Silver/Blue/Black,espadrilles,men,"[""45 1/3 EU""]",https://lb.mikesport.com/products/adidas-x-crazyfast-messi-3-men-turf-shoes-silver-blue-black,2026-04-05T14:58:11Z,True,Sale price $ 77 Regular price $ 153 50%,in stock,
mikesport_lb,Adidas Essentials Logo Kids-Unisex Sportswear Hoody Black/White,HR5898,,MikeSport Lebanon,54.0,35.0,True,35.19,in_stock,USD,Black/White,hoody,unisex,"[""4-5 Years"", ""5-6 Years"", ""7-8 Years""]",https://lb.mikesport.com/products/adidas-essentials-logo-kids-unisex-sportswear-hoody-black-white,2026-04-05T14:58:13Z,True,Sale price $ 35 Regular price $ 54 35%,in stock,
mikesport_lb,Adidas Uefa Champions League Phase Training 24 Unisex football Ball White/Black/Solar,IX4062,,MikeSport Lebanon,45.0,29.0,True,35.56,in_stock,USD,White/Black/Solar,ball,unisex,"[""5""]",https://lb.mikesport.com/products/adidas-uefa-champions-league-phase-training-24-unisex-football-ball-white-black-solar,2026-04-05T14:58:16Z,True,Sale price $ 29 Regular price $ 45 36%,in stock,
mikesport_lb,Adidas Questar 3 Men Running Shoes Black/Grey,ID6316,,MikeSport Lebanon,121.0,,False,,in_stock,USD,Black/Grey,shoes,men,"[""46 EU"", ""41 1/3 EU"", ""44 EU""]",https://lb.mikesport.com/products/adidas-questar-3-men-running-shoes-black-grey,2026-04-05T14:58:20Z,True,Regular price $ 121,in stock,
mikesport_lb,Adidas Mid Cut Crew Socks 3 Pairs Unisex Original Sock Black/White,IL5022,,MikeSport Lebanon,19.0,,False,,in_stock,USD,Black/White,sock,unisex,"[""M""]",https://lb.mikesport.com/products/adidas-mid-cut-crew-socks-3-pairs-unisex-original-sock-black-white,2026-04-05T14:58:23Z,True,Regular price $ 19,in stock,
mikesport_lb,Adidas Women Swimming Slip Multicolor,GL6141,,MikeSport Lebanon,70.0,15.0,True,78.57,in_stock,USD,Multicolor,slip,women,"[""30"", ""32"", ""34"", ""38"", ""40""]",https://lb.mikesport.com/products/adidas-women-swimming-slip-multicolor,2026-04-05T14:58:31Z,True,Sale price $ 15 Regular price $ 70 79%,in stock,
mikesport_lb,Adidas Adizero Evo Sl Women Running Shoes Crystal Linen,KI3948,,MikeSport Lebanon,223.0,,False,,in_stock,USD,Crystal Linen / Zero Metalic / Grey Four,shoes,women,"[""38 2/3 EU"", ""39 1/3 EU""]",https://lb.mikesport.com/products/adidas-adizero-evo-sl-women-running-shoes-crystal-linen,2026-04-05T14:58:36Z,True,Regular price $ 223,in stock,
mikesport_lb,Adidas Superstar Ii Women Original Shoes Core Black,IH4200,,MikeSport Lebanon,208.0,,False,,in_stock,USD,Core Black / Silver Metallic / Off White,shoes,women,"[""37 1/3 EU"", ""38 2/3 EU""]",https://lb.mikesport.com/products/adidas-superstar-ii-women-original-shoes-core-black,2026-04-05T14:58:40Z,True,Regular price $ 208,in stock,
mikesport_lb,Adidas Advantage Base 2 Gs Sportswear Shoes Black,ID3888,,MikeSport Lebanon,67.0,,False,,in_stock,USD,Black,shoes,kids,"[""38 EU"", ""38 2/3 EU""]",https://lb.mikesport.com/products/adidas-advantage-base-2-gs-sportswear-shoes-black,2026-04-05T14:58:42Z,True,Regular price $ 67,in stock,
mikesport_lb,Adidas Predator League Tf Kids Turf Shoes Blue/White/Red,IF6413,,MikeSport Lebanon,105.0,55.0,True,47.62,in_stock,USD,Blue/White/Red,espadrilles,kids,"[""31 EU"", ""35 EU"", ""35 1/2 EU"", ""36 EU"", ""38 EU""]",https://lb.mikesport.com/products/adidas-predator-league-tf-kids-turf-shoes-blue-white-red,2026-04-05T14:58:46Z,True,Sale price $ 55 Regular price $ 105 48%,in stock,
mikesport_lb,Adidas Solid Unisex Original Sock White/Black,IJ0734,,MikeSport Lebanon,21.0,,False,,in_stock,USD,White/Black,sock,unisex,"[""L"", ""XL""]",https://lb.mikesport.com/products/adidas-solid-unisex-original-sock-white-black,2026-04-05T14:58:48Z,True,Regular price $ 21,in stock,
mikesport_lb,Adidas Copa Pure 2 League Men Turf Shoes Black/Platinum/Turbo,IG8720,,MikeSport Lebanon,126.0,66.0,True,47.62,in_stock,USD,Black/Platinum/Turbo,espadrilles,men,"[""39 1/3 EU"", ""40 EU"", ""40 2/3 EU"", ""41 1/3 EU"", ""43 1/3 EU""]",https://lb.mikesport.com/products/adidas-copa-pure-2-league-men-turf-shoes-black-platinum-turbo,2026-04-05T14:58:51Z,True,Sale price $ 66 Regular price $ 126 48%,in stock,
mikesport_lb,Adidas Club Women Tennis T-Shirt Black,HS1450,,MikeSport Lebanon,61.0,32.0,True,47.54,in_stock,USD,Black,t-shirt,women,"[""L"", ""S"", ""XS""]",https://lb.mikesport.com/products/adidas-club-women-tennis-t-shirt-black,2026-04-05T14:58:53Z,True,Sale price $ 32 Regular price $ 61 48%,in stock,
mikesport_lb,Adidas Brand Love Fleece Little-Girls Sportswear Hoody Pink/White,IV7442,,MikeSport Lebanon,54.0,35.0,True,35.19,in_stock,USD,Pink/White,hoody,girls,"[""3-4 Years"", ""5-6 Years""]",https://lb.mikesport.com/products/adidas-brand-love-fleece-little-girls-sportswear-hoody-pink-white,2026-04-05T14:58:55Z,True,Sale price $ 35 Regular price $ 54 35%,in stock,
mikesport_lb,Adidas Copa Pure 2 League Men Turf Shoes Black/Carbon/Gold,IG8721,,MikeSport Lebanon,127.0,66.0,True,48.03,in_stock,USD,Black/Carbon/Gold,espadrilles,men,"[""44 2/3 EU"", ""40 EU"", ""40 2/3 EU"", ""43 1/3 EU"", ""44 EU""]",https://lb.mikesport.com/products/adidas-copa-pure-2-league-men-turf-shoes-black-carbon-gold,2026-04-05T14:58:57Z,True,Sale price $ 66 Regular price $ 127 48%,in stock,
mikesport_lb,Adidas Optime Workout 3-Stripes Women Training Short Black,JZ1100,,MikeSport Lebanon,67.0,,False,,in_stock,USD,Black,short,women,"[""L"", ""M""]",https://lb.mikesport.com/products/adidas-optime-workout-3-stripes-women-training-short-black,2026-04-05T14:58:59Z,True,Regular price $ 67,in stock,
mikesport_lb,Adidas Soft Lux Loose Full-Zip Women Sportswear Track Top Black,JM1658,,MikeSport Lebanon,128.0,,False,,in_stock,USD,Black,track_top,women,"[""L"", ""M"", ""XS""]",https://lb.mikesport.com/products/adidas-soft-lux-loose-full-zip-women-sportswear-track-top-black,2026-04-05T14:59:01Z,True,Regular price $ 128,in stock,
mikesport_lb,Adidas Adi365 Climacool Women Running T-Shirt White,JZ5115,,MikeSport Lebanon,54.0,,False,,in_stock,USD,White,t-shirt,women,"[""M"", ""XS""]",https://lb.mikesport.com/products/adidas-adi365-climacool-women-running-t-shirt-white,2026-04-05T14:59:03Z,True,Regular price $ 54,in stock,
mikesport_lb,Adidas Essential Woven Men Training Short Dark Blue/White,IC6977,,MikeSport Lebanon,44.0,,False,,in_stock,USD,Dark Blue/White,short,men,"[""M"", ""XL""]",https://lb.mikesport.com/products/adidas-essential-woven-men-training-short-dark-blue-white,2026-04-05T14:59:05Z,True,Regular price $ 44,in stock,
mikesport_lb,Adidas Adizero Evo Sl Men Running Shoes Carbon/Lucid Orange,KJ1995,,MikeSport Lebanon,223.0,,False,,in_stock,USD,Carbon / Core Black / Lucid Orange,shoes,men,"[""45 1/3 EU"", ""42 EU""]",https://lb.mikesport.com/products/adidas-adizero-evo-sl-men-running-shoes-carbon-lucid-orange,2026-04-05T14:59:07Z,True,Regular price $ 223,in stock,
mikesport_lb,Adidas Adizero Essentials Women Running T-Shirt Blue Spark,IX2838,,MikeSport Lebanon,45.0,23.0,True,48.89,in_stock,USD,Blue Spark,t-shirt,women,"[""M""]",https://lb.mikesport.com/products/adidas-adizero-essentials-women-running-t-shirt-blue-spark,2026-04-05T14:59:09Z,True,Sale price $ 23 Regular price $ 45 49%,in stock,
mikesport_lb,Adidas Performance Cushioned Low 3 Pairs Unisex Training Sock White/Black,HT3449,,MikeSport Lebanon,19.0,,False,,in_stock,USD,White/Black,sock,unisex,"[""2XL"", ""XL""]",https://lb.mikesport.com/products/adidas-performance-cushioned-low-3-pairs-unisex-training-sock-white-black,2026-04-05T14:59:11Z,True,Regular price $ 19,in stock,
mikesport_lb,Adidas Adicolor Festival Unisex Original Bag Black/White,IT7603,,MikeSport Lebanon,32.0,,False,,in_stock,USD,Black/White,bag,unisex,[],https://lb.mikesport.com/products/adidas-adicolor-festival-unisex-original-bag-black-white,2026-04-05T14:59:13Z,True,Regular price $ 32,in stock,
mikesport_lb,Adidas Future Icons 3-Stripes Ankle-Length Gs-Unisex Sportswear Pant Black/White,HR6313,,MikeSport Lebanon,67.0,36.0,True,46.27,in_stock,USD,Black/White,pant,unisex,"[""7-8 Years"", ""9-10 Years"", ""11-12 Years"", ""13-14 Years""]",https://lb.mikesport.com/products/adidas-future-icons-3-stripes-ankle-length-gs-unisex-sportswear-pant-black-white,2026-04-05T14:59:15Z,True,Sale price $ 36 Regular price $ 67 46%,in stock,
mikesport_lb,Adidas Ultraboost 22 Men Running Shoes Legend Ink/Silver,GX6642,,MikeSport Lebanon,289.0,145.0,True,49.83,in_stock,USD,Legend Ink/Silver,espadrilles,men,"[""46 2/3 EU"", ""40 2/3 EU"", ""41 1/3 EU"", ""42 EU""]",https://lb.mikesport.com/products/adidas-ultraboost-22-men-running-shoes-legend-ink-silver,2026-04-05T14:59:17Z,True,Sale price $ 145 Regular price $ 289 50%,in stock,
mikesport_lb,Adidas Predator Leage Fg Men Football Shoes Blue/White/Red,IF6348,,MikeSport Lebanon,144.0,74.0,True,48.61,in_stock,USD,Blue/White/Red,shoes,men,"[""44 2/3 EU"", ""45 1/3 EU"", ""46 EU"", ""44 EU""]",https://lb.mikesport.com/products/adidas-predator-leage-fg-men-football-shoes-blue-white-red,2026-04-05T14:59:19Z,True,Sale price $ 74 Regular price $ 144 49%,in stock,
mikesport_lb,Adidas Adicolor Classics 3 Stripes Men Originals T-Shirt Legacy Teal,IZ2367,,MikeSport Lebanon,54.0,35.0,True,35.19,in_stock,USD,Legacy Teal,t-shirt,men,"[""L"", ""M"", ""S"", ""XL""]",https://lb.mikesport.com/products/adidas-adicolor-classics-3-stripes-men-originals-t-shirt-legacy-teal,2026-04-05T14:59:21Z,True,Sale price $ 35 Regular price $ 54 35%,in stock,
mikesport_lb,Adidas X Marvel Spider Man Little-Boys Sportswear Jacket Grey/Black/Red,IB4854,,MikeSport Lebanon,89.0,45.0,True,49.44,in_stock,USD,Grey/Black/Red,jacket,boys,"[""4-5 Years"", ""9-10 Years"", ""2 Years"", ""2-3 Years""]",https://lb.mikesport.com/products/adidas-x-marvel-spider-man-little-boys-sportswear-jacket-grey-black-red,2026-04-05T14:59:23Z,True,Sale price $ 45 Regular price $ 89 49%,in stock,
mikesport_lb,Adidas Marimekko Women Original Pant Black/Gold,H20187,,MikeSport Lebanon,95.0,48.0,True,49.47,in_stock,USD,Black/Gold,pant,women,"[""32"", ""34"", ""36"", ""38""]",https://lb.mikesport.com/products/adidas-marimekko-women-original-pant-black-gold,2026-04-05T14:59:25Z,True,Sale price $ 48 Regular price $ 95 49%,in stock,
mikesport_lb,Adidas Future Icons Logo Tracksuit Gs Sportswear Pant Black,HR6286,,MikeSport Lebanon,67.0,36.0,True,46.27,in_stock,USD,Black / Black,pant,unisex,"[""7-8 Years"", ""9-10 Years"", ""11-12 Years"", ""13-14 Years""]",https://lb.mikesport.com/products/adidas-future-icons-logo-tracksuit-gs-sportswear-pant-black,2026-04-05T14:59:28Z,True,Sale price $ 36 Regular price $ 67 46%,in stock,
mikesport_lb,Adidas Baseball 3S Unisex Training Cap White/Black,II3509,,MikeSport Lebanon,29.0,20.0,True,31.03,in_stock,USD,White/Black,cap,unisex,[],https://lb.mikesport.com/products/adidas-baseball-3s-unisex-training-cap-white-black,2026-04-05T14:59:31Z,True,Sale price $ 20 Regular price $ 29 31%,in stock,
mikesport_lb,Adidas 3 Stripes Women Original Long Sleeve Sky Blue,HC2041,,MikeSport Lebanon,58.0,20.0,True,65.52,in_stock,USD,Sky Blue,long_sleeve,women,"[""34""]",https://lb.mikesport.com/products/adidas-3-stripes-women-original-long-sleeve-sky-blue,2026-04-05T14:59:33Z,True,Sale price $ 20 Regular price $ 58 66%,in stock,
mikesport_lb,Adidas Szn Graphic Kids-Boys Sportswear T-Shirt Off White,IW0917,,MikeSport Lebanon,42.0,20.0,True,52.38,in_stock,USD,Off White,t-shirt,boys,"[""9-10 Years""]",https://lb.mikesport.com/products/adidas-szn-graphic-kids-boys-sportswear-t-shirt-off-white,2026-04-05T14:59:35Z,True,Sale price $ 20 Regular price $ 42 52%,in stock,
mikesport_lb,Adidas F50 League Tf Kids Turf Shoes Turbo/Black/Platinum,IF1378,,MikeSport Lebanon,105.0,55.0,True,47.62,in_stock,USD,Turbo/Black/Platinum,espadrilles,kids,"[""36 2/3 EU"", ""37 1/3 EU"", ""38 2/3 EU""]",https://lb.mikesport.com/products/adidas-f50-league-tf-kids-turf-shoes-turbo-black-platinum,2026-04-05T14:59:37Z,True,Sale price $ 55 Regular price $ 105 48%,in stock,
mikesport_lb,Adidas Firebird Denim Track Women Original Jacket Vintage Denim,KD2913,,MikeSport Lebanon,135.0,,False,,in_stock,USD,Medium Vintage Denim,jacket,women,"[""L""]",https://lb.mikesport.com/products/adidas-firebird-denim-track-women-original-jacket-vintage-denim,2026-04-05T14:59:39Z,True,Regular price $ 135,in stock,
mikesport_lb,Adidas Optime Stash Pocket Animal Print 7/8 Women Training Tight Silver Green,HR2967,,MikeSport Lebanon,89.0,46.0,True,48.31,in_stock,USD,Silver Green/Black,tight,women,"[""L"", ""M"", ""XS""]",https://lb.mikesport.com/products/adidas-optime-stash-pocket-animal-print-7-8-women-training-tight-silver-green,2026-04-05T14:59:45Z,True,Sale price $ 46 Regular price $ 89 48%,in stock,
mikesport_lb,Adidas Tiro Capt Unisex Football Band Black/White,HS9766,,MikeSport Lebanon,26.0,,False,,in_stock,USD,Black/White,band,unisex,[],https://lb.mikesport.com/products/adidas-tiro-capt-unisex-football-band-black-white,2026-04-05T14:59:47Z,True,Regular price $ 26,in stock,
mikesport_lb,Adidas Aeroready Powerreact Animal Print Girls Training Bra Fuchsia,IC0360,,MikeSport Lebanon,44.0,20.0,True,54.55,in_stock,USD,Fuchsia/Carbon,bra,girls,"[""7-8 Years"", ""11-12 Years"", ""13-14 Years""]",https://lb.mikesport.com/products/adidas-aeroready-powerreact-animal-print-girls-training-bra-fuchsia,2026-04-05T14:59:49Z,True,Sale price $ 20 Regular price $ 44 55%,in stock,
mikesport_lb,Adidas Response Cl Men Original Shoes Black/White,ID8307,,MikeSport Lebanon,175.0,92.0,True,47.43,in_stock,USD,Black/White,espadrilles,men,"[""41 1/3 EU"", ""43 1/3 EU"", ""44 EU""]",https://lb.mikesport.com/products/adidas-response-cl-men-original-shoes-black-white,2026-04-05T14:59:51Z,True,Sale price $ 92 Regular price $ 175 47%,in stock,
mikesport_lb,Adidas Bermuda Women Original Short Wonder White,IC5450,,MikeSport Lebanon,67.0,34.0,True,49.25,in_stock,USD,Wonder White,short,women,"[""L"", ""M"", ""S""]",https://lb.mikesport.com/products/adidas-bermuda-women-original-short-wonder-white,2026-04-05T14:59:53Z,True,Sale price $ 34 Regular price $ 67 49%,in stock,
mikesport_lb,Adidas Cropped Women Original Hoody Wonder Mauve,G7740,,MikeSport Lebanon,105.0,63.0,True,40.0,in_stock,USD,Wonder Mauve,hoody,women,"[""XS"", ""S"", ""M""]",https://lb.mikesport.com/products/adidas-cropped-women-original-hoody-wonder-mauve,2026-04-05T14:59:55Z,True,Sale price $ 63 Regular price $ 105 40%,in stock,
mikesport_lb,Adidas Run Fast Women Running T-Shirt Alumina Lime,HB9263,,MikeSport Lebanon,64.0,20.0,True,68.75,in_stock,USD,Alumina Lime,t-shirt,women,"[""L"", ""S"", ""XS""]",https://lb.mikesport.com/products/adidas-run-fast-women-running-t-shirt-alumina-lime,2026-04-05T14:59:57Z,True,Sale price $ 20 Regular price $ 64 69%,in stock,
mikesport_lb,Adidas Tiro 24 Competition Goalkeeper Men Football Long Sleeve Semi Solar Yellow,IU0291,,MikeSport Lebanon,79.0,40.0,True,49.37,in_stock,USD,Semi Solar Yellow,long_sleeve,men,"[""L"", ""M"", ""S""]",https://lb.mikesport.com/products/adidas-tiro-24-competition-goalkeeper-men-football-long-sleeve-semi-solar-yellow,2026-04-05T14:59:59Z,True,Sale price $ 40 Regular price $ 79 49%,in stock,
mikesport_lb,Adidas Doodle Pack Boys Sportswear T-Shirt Preloved Ink,IW2481,,MikeSport Lebanon,32.0,15.0,True,53.12,in_stock,USD,Preloved Ink,t-shirt,boys,"[""7-8 Years"", ""8-9 Years"", ""9-10 Years""]",https://lb.mikesport.com/products/adidas-doodle-pack-boys-sportswear-t-shirt-preloved-ink,2026-04-05T15:00:02Z,True,Sale price $ 15 Regular price $ 32 53%,in stock,
mikesport_lb,Adidas Essential Linear Logo Kids Girls Sportswear Tight Black/White,IC3579,,MikeSport Lebanon,38.0,20.0,True,47.37,in_stock,USD,Black/White,tight,girls,"[""7-8 Years"", ""11-12 Years"", ""13-14 Years""]",https://lb.mikesport.com/products/adidas-essential-linear-logo-kids-girls-sportswear-tight-black-white,2026-04-05T15:00:04Z,True,Sale price $ 20 Regular price $ 38 47%,in stock,
mikesport_lb,Adidas Future Icons 3 Stripes Men sportswear Short Grey Four,IW8542,,MikeSport Lebanon,67.0,44.0,True,34.33,in_stock,USD,Grey Four,short,men,"[""M"", ""S"", ""XL""]",https://lb.mikesport.com/products/adidas-future-icons-3-stripes-men-sportswear-short-grey-four,2026-04-05T15:00:06Z,True,Sale price $ 44 Regular price $ 67 34%,in stock,
mikesport_lb,Adidas Flag Inspired Italy Home Men Football T-Shirt Blue/White/Red/Green,IN0657,,MikeSport Lebanon,144.0,74.0,True,48.61,in_stock,USD,"e take pride-of-place in the striking design of this Italy away jersey from adidas. And, sitting on the chest, a woven team badge adds a slice of football inspiration. Moisture-managing AEROREADY means you can take this shirt onto the pitch, but its primary purpose is to fill every fan with the pride of a nation. Highlights: Slim fit Ribbed V-neck AEROREADY Mesh panels on underarm, side and lower back Italy woven crest Composition: 100% recycled polyester interlock Color: Blue/White/Red/Green",t-shirt,men,"[""L"", ""S"", ""XL""]",https://lb.mikesport.com/products/adidas-flag-inspired-italy-home-men-football-t-shirt-blue-white-red-green,2026-04-05T15:00:08Z,True,Sale price $ 74 Regular price $ 144 49%,in stock,
mikesport_lb,Adidas Essential Logo Unisex Sportswear Short Legend Ink/White,IC5657,,MikeSport Lebanon,28.0,20.0,True,28.57,in_stock,USD,Legend Ink/White,short,unisex,"[""7-8 Years"", ""9-10 Years"", ""11-12 Years""]",https://lb.mikesport.com/products/adidas-essential-logo-unisex-sportswear-short-legend-ink-white,2026-04-05T15:00:10Z,True,Sale price $ 20 Regular price $ 28 29%,in stock,
mikesport_lb,Adidas Copa Pure.3 Men Turf Shoes White/ Lemon,GZ2522,,MikeSport Lebanon,121.0,64.0,True,47.11,in_stock,USD,White/Lemon,espadrilles,men,"[""40 2/3 EU"", ""41 1/3 EU"", ""44 EU""]",https://lb.mikesport.com/products/adidas-copa-pure-3-men-turf-shoes-white-lemon,2026-04-05T15:00:11Z,True,Sale price $ 64 Regular price $ 121 47%,in stock,
mikesport_lb,Adidas Predator League Fg Men Football Shoes Platinum/Black/Turbo,IF6349,,MikeSport Lebanon,144.0,74.0,True,48.61,in_stock,USD,Platinum/Black/Turbo,shoes,men,"[""45 1/3 EU"", ""42 EU"", ""43 1/3 EU""]",https://lb.mikesport.com/products/adidas-predator-league-fg-men-football-shoes-platinum-black-turbo,2026-04-05T15:00:13Z,True,Sale price $ 74 Regular price $ 144 49%,in stock,
mikesport_lb,Adidas All Court 3.0 Unisex Basketball Ball Wood/Black,HM4975,,MikeSport Lebanon,42.0,,False,,in_stock,USD,Wood/Black,ball,unisex,"[""7""]",https://lb.mikesport.com/products/adidas-all-court-3-0-unisex-basketball-ball-wood-black-hm4975,2026-04-05T15:00:15Z,True,Regular price $ 42,in stock,
mikesport_lb,Adidas Own The Run 7/8 Women Running Tight Black,GU8940,,MikeSport Lebanon,95.0,50.0,True,47.37,in_stock,USD,Black,tight,women,"[""M"", ""S"", ""XS""]",https://lb.mikesport.com/products/adidas-own-the-run-7-8-women-running-tight-black,2026-04-05T15:00:17Z,True,Sale price $ 50 Regular price $ 95 47%,in stock,
mikesport_lb,Adidas Adicolor Mini Bowling Women Original Bags Cases And Luggage Shoulder Bag,KD7839,,MikeSport Lebanon,45.0,,False,,in_stock,USD,"Mini Bowling Bag from adidas lets you tote your essentials in retro-inspired flair. Whether you sling it over your shoulder or grab it by the handles, this bag's shiny patent finish and contrast details make a stylish statement. An adjustable, detachable strap offers carrying options and metal rivets add a premium touch. The shiny Trefoil signs off the look. Highlights: Dimensions: 2.75 in x 8.75 in x 5.5 in Volume: 2.5 L Zip closure Composition: 100% polyurethane Color: Silver Metallic",bags_cases_and_luggage,women,[],https://lb.mikesport.com/products/adidas-adicolor-mini-bowling-women-original-bags-cases-and-luggage-shoulder-bag,2026-04-05T15:00:19Z,True,Regular price $ 45,in stock,
mikesport_lb,Adidas Adilette Aqua Women Swim Slippers Wonder Mauve,GZ5877,,MikeSport Lebanon,38.0,27.0,True,28.95,in_stock,USD,Wonder Mauve / Wonder White / Wonder Mauve,slippers,women,"[""36 2/3 EU"", ""42 EU""]",https://lb.mikesport.com/products/adidas-adilette-aqua-women-swim-slippers-wonder-mauve,2026-04-05T15:00:21Z,True,Sale price $ 27 Regular price $ 38 29%,in stock,
mikesport_lb,Adidas Washed Effect Small Women Original Bags Cases And Luggage Shoulder Bag,KE0684,,MikeSport Lebanon,67.0,,False,,in_stock,USD,Light Denim,bags_cases_and_luggage,women,[],https://lb.mikesport.com/products/adidas-washed-effect-small-women-original-bags-cases-and-luggage-shoulder-bag,2026-04-05T15:00:23Z,True,Regular price $ 67,in stock,
mikesport_lb,Adidas 3-Stripes Print Women Original Tight Black,IB8794,,MikeSport Lebanon,60.0,32.0,True,46.67,in_stock,USD,Black/Multicolor,tight,women,"[""S"", ""XS""]",https://lb.mikesport.com/products/adidas-3-stripes-print-women-original-tight-black,2026-04-05T15:00:25Z,True,Sale price $ 32 Regular price $ 60 47%,in stock,
mikesport_lb,Adidas Z N E Women Sportswear T-Shirt White,JE7857,,MikeSport Lebanon,67.0,,False,,in_stock,USD,White,t-shirt,women,"[""S""]",https://lb.mikesport.com/products/adidas-zne-women-sportswear-t-shirt-white,2026-04-05T15:00:27Z,True,Regular price $ 67,in stock,
mikesport_lb,Adidas X Plrpath Men Sportswear Shoes Black,ID0465,,MikeSport Lebanon,96.0,,False,,in_stock,USD,Black,shoes,men,"[""41 1/3 EU""]",https://lb.mikesport.com/products/adidas-x-plrpath-men-sportswear-shoes-black,2026-04-05T15:00:29Z,True,Regular price $ 96,in stock,
mikesport_lb,Adidas Adicolor Denim Firebird Men Original Jacket Black,KD1516,,MikeSport Lebanon,179.0,,False,,in_stock,USD,"Denim Firebird Track Top. This top takes inspiration from the original Firebird design, offering a fresh twist on a classic. With a full zipper closure and branding on the left chest, this track top effortlessly combines functionality with style. The denim fabric adds a touch of sophistication, while the loose fit offers comfort and ease, making it a go-to for everyday casual wear. Whether you're out and about or meeting friends, this is your go-to choice for a laid-back yet on-trend look. Embrace the adidas Originals spirit and make a statement with this timeless piece. Highlights: Loose fit Full zipper Denim Composition: 100% cotton Color: True Black Denim",jacket,men,"[""L""]",https://lb.mikesport.com/products/adidas-adicolor-denim-firebird-men-original-jacket-black,2026-04-05T15:00:31Z,True,Regular price $ 179,in stock,
mikesport_lb,Adidas Firebird Loose Pinstripes Men Original Pant Black,KC9052,,MikeSport Lebanon,179.0,,False,,in_stock,USD,Black,pant,men,"[""L""]",https://lb.mikesport.com/products/adidas-firebird-loose-pinstripes-men-original-pant-black,2026-04-05T15:00:32Z,True,Regular price $ 179,in stock,
mikesport_lb,Adidas Optime 3-Stripes Medium Support Women Training Bra Black,JX5006,,MikeSport Lebanon,67.0,,False,,in_stock,USD,Black,bra,women,"[""M""]",https://lb.mikesport.com/products/adidas-optime-3-stripes-medium-support-women-training-bra-black,2026-04-05T15:00:34Z,True,Regular price $ 67,in stock,
mikesport_lb,Adidas Hiit Men Training T-Shirt Active Gold/Night,IL7011,,MikeSport Lebanon,60.0,30.0,True,50.0,in_stock,USD,Active Gold/Night,t-shirt,men,"[""S"", ""XL""]",https://lb.mikesport.com/products/adidas-hiit-men-training-t-shirt-active-gold-night,2026-04-05T15:00:36Z,True,Sale price $ 30 Regular price $ 60 50%,in stock,
mikesport_lb,Adidas Essential 3S Girls Sportswear Tight Black/White,IC3623,,MikeSport Lebanon,38.0,20.0,True,47.37,in_stock,USD,Black/White,tight,girls,"[""11-12 Years"", ""13-14 Years""]",https://lb.mikesport.com/products/adidas-essential-3s-girls-sportswear-tight-black-white,2026-04-05T15:00:39Z,True,Sale price $ 20 Regular price $ 38 47%,in stock,
mikesport_lb,Adidas All Szn French Terry Men Sportswear Pant Black,IV5216,,MikeSport Lebanon,89.0,,False,,in_stock,USD,Black,pant,men,"[""2XL""]",https://lb.mikesport.com/products/adidas-all-szn-french-terry-men-sportswear-pant-black-1,2026-04-05T15:00:41Z,True,Regular price $ 89,in stock,
mikesport_lb,Adidas Cloudfoam Move Men Sportswear Shoes Black/Lucid Blue,ID6520,,MikeSport Lebanon,89.0,,False,,in_stock,USD,Black/Lucid Blue,espadrilles,men,"[""46 EU""]",https://lb.mikesport.com/products/adidas-cloudfoam-move-men-sportswear-shoes-black-lucid-blue,2026-04-05T15:00:43Z,True,Regular price $ 89,in stock,
mikesport_lb,Adidas F50 League Tf Men Turf Shoes Turbo/Black/Platinum,IF1335,,MikeSport Lebanon,144.0,74.0,True,48.61,in_stock,USD,Turbo/Black/Platinum,espadrilles,men,"[""40 2/3 EU"", ""41 1/3 EU""]",https://lb.mikesport.com/products/adidas-f50-league-tf-men-turf-shoes-turbo-black-platinum,2026-04-05T15:00:45Z,True,Sale price $ 74 Regular price $ 144 49%,in stock,
mikesport_lb,Adidas All Szn Kids-Unisex Sportswear Short Black,IX9442,,MikeSport Lebanon,44.0,24.0,True,45.45,in_stock,USD,Black,short,unisex,"[""9-10 Years"", ""13-14 Years""]",https://lb.mikesport.com/products/adidas-all-szn-kids-unisex-sportswear-short-black,2026-04-05T15:00:46Z,True,Sale price $ 24 Regular price $ 44 45%,in stock,
mikesport_lb,Adidas Racket Rebels Graphic Men Tennis T-Shirt Collegiate Navy,IW0145,,MikeSport Lebanon,54.0,28.0,True,48.15,in_stock,USD,Collegiate Navy,t-shirt,men,"[""L"", ""M""]",https://lb.mikesport.com/products/adidas-racket-rebels-graphic-men-tennis-t-shirt-collegiate-navy,2026-04-05T15:00:48Z,True,Sale price $ 28 Regular price $ 54 48%,in stock,
mikesport_lb,Adidas Street 4 Men Original T-Shirt Black,IZ2585,,MikeSport Lebanon,54.0,28.0,True,48.15,in_stock,USD,Black/Multi,t-shirt,men,"[""L"", ""M""]",https://lb.mikesport.com/products/adidas-street-4-men-original-t-shirt-black,2026-04-05T15:00:50Z,True,Sale price $ 28 Regular price $ 54 48%,in stock,
mikesport_lb,Adidas Predator League Tf Men Turf Shoes Platinum/Black/Turbo,IF6376,,MikeSport Lebanon,144.0,74.0,True,48.61,in_stock,USD,Platinum/Black/Turbo,espadrilles,men,"[""40 2/3 EU"", ""42 EU""]",https://lb.mikesport.com/products/adidas-predator-league-tf-men-turf-shoes-platinum-black-turbo,2026-04-05T15:00:52Z,True,Sale price $ 74 Regular price $ 144 49%,in stock,
mikesport_lb,Adidas Studio Women Training T-Shirt Silver Dawn/Grey Two,IX0497,,MikeSport Lebanon,54.0,38.0,True,29.63,in_stock,USD,Silver Dawn/Grey Two,t-shirt,women,"[""L"", ""XS""]",https://lb.mikesport.com/products/adidas-studio-women-training-t-shirt-silver-dawn-grey-two,2026-04-05T15:00:54Z,True,Sale price $ 38 Regular price $ 54 30%,in stock,
mikesport_lb,Adidas Basic 3S Puffy Men Sportswear Vest Grey,IX8871,,MikeSport Lebanon,127.0,83.0,True,34.65,in_stock,USD,Grey,vest,men,"[""L"", ""M""]",https://lb.mikesport.com/products/adidas-basic-3s-puffy-men-sportswear-vest-grey,2026-04-05T15:00:56Z,True,Sale price $ 83 Regular price $ 127 35%,in stock,
mikesport_lb,Adidas Trefoil Essentials Men Original Hoody Wonder White,IX7669,,MikeSport Lebanon,89.0,58.0,True,34.83,in_stock,USD,Wonder White,hoody,men,"[""L"", ""XL""]",https://lb.mikesport.com/products/adidas-trefoil-essentials-men-original-hoody-wonder-white,2026-04-05T15:00:58Z,True,Sale price $ 58 Regular price $ 89 35%,in stock,
mikesport_lb,Adidas Club Kids-Girls Tennis T-Shirt White/Grey,HD2171,,MikeSport Lebanon,48.0,24.0,True,50.0,in_stock,USD,White/Grey,t-shirt,girls,"[""7-8 Years"", ""14-15 Years""]",https://lb.mikesport.com/products/adidas-club-kids-girls-tennis-t-shirt-white-grey,2026-04-05T15:01:00Z,True,Sale price $ 24 Regular price $ 48 50%,in stock,
mikesport_lb,Adidas Street 5 Men Original T-Shirt White/Black,IY3430,,MikeSport Lebanon,54.0,38.0,True,29.63,in_stock,USD,White/Black,t-shirt,men,"[""L"", ""M""]",https://lb.mikesport.com/products/adidas-street-5-men-original-t-shirt-white-black,2026-04-05T15:01:02Z,True,Sale price $ 38 Regular price $ 54 30%,in stock,
mikesport_lb,Adidas Future Icons 3 Stripes Full Zip Women Sportswear Hoody Black,H57287,,MikeSport Lebanon,112.0,56.0,True,50.0,in_stock,USD,Black/White,hoody,women,"[""M"", ""S""]",https://lb.mikesport.com/products/adidas-future-icons-3-stripes-full-zip-women-sportswear-hoody-black-1,2026-04-05T15:01:04Z,True,Sale price $ 56 Regular price $ 112 50%,in stock,
mikesport_lb,Adidas Marimekko Women Original Hoody Beige,H13712,,MikeSport Lebanon,121.0,61.0,True,49.59,in_stock,USD,Beige,hoody,women,"[""32"", ""36""]",https://lb.mikesport.com/products/adidas-marimekko-women-original-hoody-beige,2026-04-05T15:01:06Z,True,Sale price $ 61 Regular price $ 121 50%,in stock,
mikesport_lb,Adidas Adicolor Classics 3 Stripes Men Original Hoody Burgundy/White,HE9478,,MikeSport Lebanon,101.0,51.0,True,49.5,in_stock,USD,Burgundy/White,hoody,men,"[""M"", ""S""]",https://lb.mikesport.com/products/adidas-adicolor-classics-3-stripes-men-original-hoody-burgundy-white,2026-04-05T15:01:08Z,True,Sale price $ 51 Regular price $ 101 50%,in stock,
mikesport_lb,Adidas Disney Daisy Duck Little-Girls Training Sweatshirt White/Clear Sky,HA6573,,MikeSport Lebanon,64.0,32.0,True,50.0,in_stock,USD,White/Clear Sky,sweatshirt,girls,"[""5-6 Years"", ""7-8 Years""]",https://lb.mikesport.com/products/adidas-disney-daisy-duck-little-girls-training-sweatshirt-white-clear-sky,2026-04-05T15:01:10Z,True,Sale price $ 32 Regular price $ 64 50%,in stock,
mikesport_lb,Adidas Gazelle Men Original Shoes Black/White/Gold,BB5476,,MikeSport Lebanon,159.0,,False,,in_stock,USD,s and slightly wider proportions. A nubuck upper gives these shoes a smooth touch and soft feel. Highlights: Regular fit Lace closure Enjoy the comfort and performance of OrthoLite® sockliner Composition: Nubuck Upper with Synthetic Leather Overlays Textile Lining Rubber Outsole Color: Black/White/Gold,shoes,men,"[""44 2/3 EU""]",https://lb.mikesport.com/products/adidas-gazelle-men-original-shoes-black-white-gold,2026-04-05T15:01:12Z,True,Regular price $ 159,in stock,
mikesport_lb,Adidas Unisex Training Sock Black/White,IC1321,,MikeSport Lebanon,22.0,,False,,in_stock,USD,Black/White,sock,unisex,"[""2XL""]",https://lb.mikesport.com/products/adidas-unisex-training-sock-black-white-1,2026-04-05T15:01:14Z,True,Regular price $ 22,in stock,
mikesport_lb,Adidas Future Icons Allover Print Girls Sportswear Tight Multicolor,IC0096,,MikeSport Lebanon,54.0,15.0,True,72.22,in_stock,USD,Multicolor,tight,girls,"[""9-10 Years"", ""13-14 Years""]",https://lb.mikesport.com/products/adidas-future-icons-allover-print-girls-sportswear-tight-multicolor,2026-04-05T15:01:16Z,True,Sale price $ 15 Regular price $ 54 72%,in stock,
mikesport_lb,Adidas Train Icons Kids-Boys Sportswear Suit Arctic Night/White,IJ6423,,MikeSport Lebanon,105.0,53.0,True,49.52,in_stock,USD,Arctic Night/White,suit,boys,"[""9-10 Years"", ""11-12 Years""]",https://lb.mikesport.com/products/adidas-train-icons-kids-boys-sportswear-suit-arctic-night-white,2026-04-05T15:01:18Z,True,Sale price $ 53 Regular price $ 105 50%,in stock,
mikesport_lb,Adidas City Escape Women Sportswear Sweatshirt Black,IM4959,,MikeSport Lebanon,153.0,77.0,True,49.67,in_stock,USD,Black,sweatshirt,women,"[""L"", ""M""]",https://lb.mikesport.com/products/adidas-city-escape-women-sportswear-sweatshirt-black,2026-04-05T15:01:20Z,True,Sale price $ 77 Regular price $ 153 50%,in stock,
mikesport_lb,Adidas Drapy Women Training 3/4 Pant Blue,S19615,,MikeSport Lebanon,78.0,10.0,True,87.18,in_stock,USD,Blue,3/4_pant,women,"[""S"", ""XS""]",https://lb.mikesport.com/products/adidas-drapy-women-training-3-4-pant-blue,2026-04-05T15:01:21Z,True,Sale price $ 10 Regular price $ 78 87%,in stock,
mikesport_lb,Adidas Adicolor Kids-Girls Original Hoody Arctic Fusion,IJ9721,,MikeSport Lebanon,79.0,40.0,True,49.37,in_stock,USD,Arctic Fusion,hoody,girls,"[""9-10 Years"", ""13-14 Years""]",https://lb.mikesport.com/products/adidas-adicolor-kids-girls-original-hoody-arctic-fusion,2026-04-05T15:01:23Z,True,Sale price $ 40 Regular price $ 79 49%,in stock,
mikesport_lb,Adidas Tapered Men Sportswear Suit Legend Ink/Black,H42025,,MikeSport Lebanon,121.0,61.0,True,49.59,in_stock,USD,Legend Ink/Black,suit,men,"[""2XL"", ""XS""]",https://lb.mikesport.com/products/adidas-tapered-men-sportswear-suit-legend-ink-black,2026-04-05T15:01:25Z,True,Sale price $ 61 Regular price $ 121 50%,in stock,
mikesport_lb,Adidas Predator Accuracy.3 Kids Turf Shoes Royal/White/Blue,IE9452,,MikeSport Lebanon,105.0,53.0,True,49.52,in_stock,USD,Royal/White/Blue,espadrilles,kids,"[""36 EU"", ""38 EU""]",https://lb.mikesport.com/products/adidas-predator-accuracy-3-kids-turf-shoes-royal-white-blue,2026-04-05T15:01:27Z,True,Sale price $ 53 Regular price $ 105 50%,in stock,
mikesport_lb,Adidas Xcity Softshell Women Running Jacket Alumina,HK6479,,MikeSport Lebanon,160.0,80.0,True,50.0,in_stock,USD,Alumina,jacket,women,"[""S"", ""XS""]",https://lb.mikesport.com/products/adidas-xcity-softshell-women-running-jacket-alumina,2026-04-05T15:01:29Z,True,Sale price $ 80 Regular price $ 160 50%,in stock,
mikesport_lb,Adidas Essential 3S Kids-Unisex Sportswear Short Black/White,HS1606,,MikeSport Lebanon,38.0,20.0,True,47.37,in_stock,USD,Black/White,short,unisex,"[""7-8 Years"", ""9-10 Years""]",https://lb.mikesport.com/products/adidas-essential-3s-kids-unisex-sportswear-short-black-white,2026-04-05T15:01:31Z,True,Sale price $ 20 Regular price $ 38 47%,in stock,
mikesport_lb,Adidas X Crazyfast.3 Men Turf Shoes Cloud White /Lemon,ID9337,,MikeSport Lebanon,143.0,93.0,True,34.97,in_stock,USD,Cloud White/Lemon,espadrilles,unisex,"[""46 EU"", ""40 2/3 EU""]",https://lb.mikesport.com/products/adidas-x-crazyfast-3-men-turf-shoes-cloud-white-lemon,2026-04-05T15:01:33Z,True,Sale price $ 93 Regular price $ 143 35%,in stock,
mikesport_lb,Adidas Classics Beckenbauer Men Original Jacket Blue Bird,H09113,,MikeSport Lebanon,121.0,61.0,True,49.59,in_stock,USD,Blue Bird,jacket,men,"[""M"", ""S""]",https://lb.mikesport.com/products/adidas-classics-beckenbauer-men-original-jacket-blue-bird,2026-04-05T15:01:35Z,True,Sale price $ 61 Regular price $ 121 50%,in stock,
mikesport_lb,Adidas Superstar Unisex Original Shoes Whte,EG4958,,MikeSport Lebanon,159.0,103.0,True,35.22,in_stock,USD,,espadrilles,unisex,"[""44 2/3 EU"", ""46 2/3 EU""]",https://lb.mikesport.com/products/adidas-superstar-men-original-shoes-whte,2026-04-05T15:49:00Z,True,Sale price $ 103 Regular price $ 159 35%,in stock,
mikesport_lb,Adidas Unisex Training Dz9435 Light Ank 3Pp White/White/White,DZ9435,,MikeSport Lebanon,18.0,13.0,True,27.78,in_stock,USD,White,sock,unisex,"[""XS""]",https://lb.mikesport.com/products/adidas-unisex-training-dz9435-light-ank-3pp-white-white-white,2026-04-05T15:49:02Z,True,Sale price $ 13 Regular price $ 18 28%,in stock,
mikesport_lb,Adidas Ultraboost 5 Women Running Shoes Black,ID8847,,MikeSport Lebanon,287.0,,False,,in_stock,USD,Black,espadrilles,women,"[""40 2/3 EU""]",https://lb.mikesport.com/products/id8847-ultraboost-5-w-cblack-cblack-cblack,2026-04-05T15:01:41Z,True,Regular price $ 287,in stock,
mikesport_lb,Adidas Fast Aop Women Running T-Shirt Almost Lime,HD7029,,MikeSport Lebanon,72.0,36.0,True,50.0,in_stock,USD,Almost Lime,t-shirt,women,"[""S"", ""XS""]",https://lb.mikesport.com/products/adidas-fast-aop-women-running-t-shirt-almost-lime,2026-04-05T15:01:43Z,True,Sale price $ 36 Regular price $ 72 50%,in stock,
mikesport_lb,Adidas Essentials Women Lifestyle T-Shirt Black/White,GL0783,,MikeSport Lebanon,41.0,21.0,True,48.78,in_stock,USD,White,t-shirt,women,"[""S"", ""XS""]",https://lb.mikesport.com/products/adidas-essentials-women-lifestyle-t-shirt-black-white-1,2026-04-05T15:01:45Z,True,Sale price $ 21 Regular price $ 41 49%,in stock,
mikesport_lb,Adidas Own The Run Long Men Running Tight Black,ED9288,,MikeSport Lebanon,84.0,42.0,True,50.0,in_stock,USD,Black,tight,men,"[""M"", ""S""]",https://lb.mikesport.com/products/adidas-otr-long-tgt-m-men-running-tight-black-ed9288,2026-04-05T15:01:47Z,True,Sale price $ 42 Regular price $ 84 50%,in stock,
mikesport_lb,Adidas City Escape Casual Gs-Boys Sportswear Short Black,HR6275,,MikeSport Lebanon,54.0,28.0,True,48.15,in_stock,USD,Black,short,boys,"[""9-10 Years"", ""11-12 Years""]",https://lb.mikesport.com/products/adidas-city-escape-casual-gs-boys-sportswear-short-black,2026-04-05T15:01:49Z,True,Sale price $ 28 Regular price $ 54 48%,in stock,
mikesport_lb,Adidas Essential 3S Kids-Unisex Sportswear Pant Black/White,H65796,,MikeSport Lebanon,44.0,24.0,True,45.45,in_stock,USD,Black/White,pant,unisex,"[""3-4 Years"", ""5-6 Years""]",https://lb.mikesport.com/products/adidas-essential-3s-kids-unisex-sportswear-pant-black-white,2026-04-05T15:01:51Z,True,Sale price $ 24 Regular price $ 44 45%,in stock,
mikesport_lb,Adidas Bikini Top Women Lifestyle Bra Multicolor,GL6140,,MikeSport Lebanon,60.0,5.0,True,91.67,in_stock,USD,Multicolor,bra,women,"[""32"", ""38""]",https://lb.mikesport.com/products/adidas-bikini-top-women-lifestyle-bra-multicolor-1,2026-04-05T15:01:53Z,True,Sale price $ 5 Regular price $ 60 92%,in stock,
mikesport_lb,Adidas Summer Women Sportswear Short Black,HF4086,,MikeSport Lebanon,67.0,34.0,True,49.25,in_stock,USD,Black/White,short,women,"[""M"", ""S""]",https://lb.mikesport.com/products/adidas-summer-women-sportswear-short-black,2026-04-05T15:01:55Z,True,Sale price $ 34 Regular price $ 67 49%,in stock,
mikesport_lb,Adidas Go To Women Training T-Shirt Wonder Mauve/White,HB6280,,MikeSport Lebanon,48.0,15.0,True,68.75,in_stock,USD,Wonder Mauve/White,t-shirt,women,"[""S"", ""XS""]",https://lb.mikesport.com/products/adidas-go-to-women-training-t-shirt-wonder-mauve-white,2026-04-05T15:01:57Z,True,Sale price $ 15 Regular price $ 48 69%,in stock,
mikesport_lb,Adidas Disney Mickey Mouse Summer Baby-Boys Sportswear Suit White/Black,HK6653,,MikeSport Lebanon,61.0,31.0,True,49.18,in_stock,USD,White/Off White/Black,suit,boys,"[""6-9 Months"", ""9-12 Months""]",https://lb.mikesport.com/products/adidas-disney-mickey-mouse-summer-baby-boys-sportswear-suit-white-black,2026-04-05T15:01:59Z,True,Sale price $ 31 Regular price $ 61 49%,in stock,
mikesport_lb,Adidas Pitch 2 Street Messi Kids Boys Football Short Lucid Blue/White,IS6467,,MikeSport Lebanon,54.0,20.0,True,62.96,in_stock,USD,Lucid Blue/White,short,boys,"[""9-10 Years"", ""11-12 Years""]",https://lb.mikesport.com/products/adidas-pitch-2-street-messi-kids-boys-football-short-lucid-blue-white,2026-04-05T15:02:00Z,True,Sale price $ 20 Regular price $ 54 63%,in stock,
mikesport_lb,Adidas All Szn French Terry Women Sportswear Pant Wonder Blue,IY6816,,MikeSport Lebanon,89.0,46.0,True,48.31,in_stock,USD,Wonder Blue,pant,women,"[""L"", ""S""]",https://lb.mikesport.com/products/adidas-all-szn-french-terry-women-sportswear-pant-wonder-blue,2026-04-05T15:02:02Z,True,Sale price $ 46 Regular price $ 89 48%,in stock,
mikesport_lb,Adidas Go To Women Training Tank Wonder Mauve/White,HE4771,,MikeSport Lebanon,48.0,24.0,True,50.0,in_stock,USD,Wonder Mauve/White,tank,women,"[""L"", ""XS""]",https://lb.mikesport.com/products/adidas-go-to-women-training-tank-wonder-mauve-white,2026-04-05T15:02:04Z,True,Sale price $ 24 Regular price $ 48 50%,in stock,
mikesport_lb,Adidas Ultrarun 5 Men Running Shoes Legend Ink/White,IE8792,,MikeSport Lebanon,126.0,,False,,in_stock,USD,Legend Ink/White,shoes,men,"[""43 1/3 EU""]",https://lb.mikesport.com/products/adidas-ultrarun-5-men-running-shoes-legend-ink-white,2026-04-05T15:02:06Z,True,Regular price $ 126,in stock,
mikesport_lb,Adidas Check Women Training Tank Flared/White,AP5802,,MikeSport Lebanon,50.0,5.0,True,90.0,in_stock,USD,Nindig/Flared/White,tank,women,"[""2XS""]",https://lb.mikesport.com/products/adidas-check-women-training-tank-flared-white,2026-04-05T15:02:08Z,True,Sale price $ 5 Regular price $ 50 90%,in stock,
mikesport_lb,Adidas Bikini Top Women Lifestyle Bra Multicolor,GL6138,,MikeSport Lebanon,60.0,5.0,True,91.67,in_stock,USD,Multicolor,bra,women,"[""32""]",https://lb.mikesport.com/products/adidas-bikini-top-women-lifestyle-bra-multicolor,2026-04-05T15:02:10Z,True,Sale price $ 5 Regular price $ 60 92%,in stock,
mikesport_lb,Adidas 3 Bar Unisex Training Towel Scarlet/White,IR6243,,MikeSport Lebanon,45.0,23.0,True,48.89,in_stock,USD,Scarlet/White,towel,unisex,[],https://lb.mikesport.com/products/adidas-3-bar-unisex-training-towel-scarlet-white,2026-04-05T15:02:12Z,True,Sale price $ 23 Regular price $ 45 49%,in stock,
mikesport_lb,Adidas Zx 2K Boost 2 Men Original Shoes Black,GZ7740,,MikeSport Lebanon,222.0,111.0,True,50.0,in_stock,USD,Black,espadrilles,men,"[""45 1/3 EU""]",https://lb.mikesport.com/products/adidas-zx-2k-boost-2-men-original-shoes-black,2026-04-05T15:02:14Z,True,Sale price $ 111 Regular price $ 222 50%,in stock,
mikesport_lb,Adidas Pacer Women Training Short Black/White,DU3502,,MikeSport Lebanon,44.0,24.0,True,45.45,in_stock,USD,White,short,women,"[""L""]",https://lb.mikesport.com/products/adidas-pacer-women-training-short-black-white,2026-04-05T15:02:16Z,True,Sale price $ 24 Regular price $ 44 45%,in stock,
mikesport_lb,Adidas Yoga Stay Balanced Graphic Women Training T-Shirt Purple Burst,IW0130,,MikeSport Lebanon,54.0,28.0,True,48.15,in_stock,USD,Purple Burst,t-shirt,women,"[""XS""]",https://lb.mikesport.com/products/adidas-yoga-stay-balanced-graphic-women-training-t-shirt-purple-burst,2026-04-05T15:02:18Z,True,Sale price $ 28 Regular price $ 54 48%,in stock,
mikesport_lb,Adidas Club Women Tennis Tank Black/White,HF4546,,MikeSport Lebanon,58.0,29.0,True,50.0,in_stock,USD,Black/White,tank,women,"[""XS""]",https://lb.mikesport.com/products/adidas-club-women-tennis-tank-black-white,2026-04-05T15:02:20Z,True,Sale price $ 29 Regular price $ 58 50%,in stock,
mikesport_lb,Adidas Hiit 45 Seconds Women Training Tank Black/Carbon,HK4717,,MikeSport Lebanon,74.0,37.0,True,50.0,in_stock,USD,Black/Carbon,tank,women,"[""L""]",https://lb.mikesport.com/products/adidas-hiit-45-seconds-women-training-tank-black-carbon,2026-04-05T15:02:23Z,True,Sale price $ 37 Regular price $ 74 50%,in stock,
mikesport_lb,Adidas Mission Victory Full Zip Women Sportswear Hoody White,HN1610,,MikeSport Lebanon,112.0,56.0,True,50.0,in_stock,USD,White,hoody,women,"[""XS""]",https://lb.mikesport.com/products/adidas-mission-victory-full-zip-women-sportswear-hoody-white,2026-04-05T15:02:25Z,True,Sale price $ 56 Regular price $ 112 50%,in stock,
mikesport_lb,Adidas Laced Women Original Jacket Black,HK5071,,MikeSport Lebanon,144.0,45.0,True,68.75,in_stock,USD,Black,jacket,women,"[""XS""]",https://lb.mikesport.com/products/adidas-laced-women-original-jacket-black,2026-04-05T15:02:27Z,True,Sale price $ 45 Regular price $ 144 69%,in stock,
mikesport_lb,Adidas Tiro Ref Men Sportswear Jacket Carbon,IA3064,,MikeSport Lebanon,95.0,48.0,True,49.47,in_stock,USD,Carbon,jacket,men,"[""S""]",https://lb.mikesport.com/products/adidas-tiro-ref-men-sportswear-jacket-carbon,2026-04-05T15:02:29Z,True,Sale price $ 48 Regular price $ 95 49%,in stock,
mikesport_lb,Adidas F50 League Men Turf Shoes Black/Iron/Gold,IF1337,,MikeSport Lebanon,143.0,75.0,True,47.55,in_stock,USD,Black/Iron/Gold,espadrilles,men,"[""41 1/3 EU""]",https://lb.mikesport.com/products/adidas-f50-league-men-turf-shoes-black-iron-gold,2026-04-05T15:02:31Z,True,Sale price $ 75 Regular price $ 143 48%,in stock,
mikesport_lb,Adidas Logo Essentials Girls Lifestyle T-Shirt Semi Turbo,HF1831,,MikeSport Lebanon,26.0,10.0,True,61.54,in_stock,USD,Semi Turbo,t-shirt,girls,"[""7-8 Years""]",https://lb.mikesport.com/products/adidas-logo-essentials-girls-lifestyle-t-shirt-semi-turbo,2026-04-05T15:02:33Z,True,Sale price $ 10 Regular price $ 26 62%,in stock,
mikesport_lb,Adidas Xpress Street Jam Kids-Girls Sportswear T-Shirt Black,IY8138,,MikeSport Lebanon,38.0,20.0,True,47.37,in_stock,USD,Black,t-shirt,girls,"[""7-8 Years""]",https://lb.mikesport.com/products/adidas-xpress-street-jam-kids-girls-sportswear-t-shirt-black,2026-04-05T15:02:35Z,True,Sale price $ 20 Regular price $ 38 47%,in stock,
mikesport_lb,Adidas Rise Up N Run Women Running T-Shirt Blue,GM4554,,MikeSport Lebanon,90.0,10.0,True,88.89,in_stock,USD,,t-shirt,women,"[""XS""]",https://lb.mikesport.com/products/adidas-rise-up-n-run-women-running-t-shirt-blue,2026-04-05T15:49:04Z,True,Sale price $ 10 Regular price $ 90 89%,in stock,
mikesport_lb,Adidas Essentials Kids-Unisex Sportswear T-Shirt Black/White,IC6855,,MikeSport Lebanon,28.0,18.0,True,35.71,in_stock,USD,Black/White,t-shirt,unisex,"[""11-12 Years""]",https://lb.mikesport.com/products/adidas-essentials-kids-unisex-sportswear-t-shirt-black-white,2026-04-05T15:02:39Z,True,Sale price $ 18 Regular price $ 28 36%,in stock,
mikesport_lb,Adidas Lin Kids-Girls Sportswear T-Shirt Bliss Lilac/Orange,HM8740,,MikeSport Lebanon,29.0,15.0,True,48.28,in_stock,USD,Bliss Lilac/Orange,t-shirt,girls,"[""11-12 Years""]",https://lb.mikesport.com/products/adidas-lin-kids-girls-sportswear-t-shirt-bliss-lilac-orange,2026-04-05T15:02:41Z,True,Sale price $ 15 Regular price $ 29 48%,in stock,
mikesport_lb,Adidas City Escape Men Sportswear T-Shirt Off White,JE3956,,MikeSport Lebanon,54.0,28.0,True,48.15,in_stock,USD,Off White,t-shirt,men,"[""M""]",https://lb.mikesport.com/products/adidas-city-escape-men-sportswear-t-shirt-off-white-1,2026-04-05T15:02:43Z,True,Sale price $ 28 Regular price $ 54 48%,in stock,
mikesport_lb,Adidas Tiro 24 Men Football Short White/Blue/Solar Red,JE1991,,MikeSport Lebanon,38.0,20.0,True,47.37,in_stock,USD,White/Blue/Solar Red,short,men,"[""S""]",https://lb.mikesport.com/products/adidas-tiro-24-men-football-short-white-blue-solar-red,2026-04-05T15:02:45Z,True,Sale price $ 20 Regular price $ 38 47%,in stock,
mikesport_lb,Adidas All Me Women training Bra Purple Burst,IY2412,,MikeSport Lebanon,67.0,36.0,True,46.27,in_stock,USD,Purple Burst,bra,women,"[""XS""]",https://lb.mikesport.com/products/adidas-all-me-women-training-bra-purple-burst,2026-04-05T15:02:47Z,True,Sale price $ 36 Regular price $ 67 46%,in stock,
mikesport_lb,Adidas City Escape Parachute Women Sportswear Pant Black,IV9780,,MikeSport Lebanon,105.0,55.0,True,47.62,in_stock,USD,Black,pant,women,"[""XS""]",https://lb.mikesport.com/products/adidas-city-escape-parachute-women-sportswear-pant-black,2026-04-05T15:02:49Z,True,Sale price $ 55 Regular price $ 105 48%,in stock,
mikesport_lb,Adidas SL 72 OG Women Originals Shoes Red/Lavender/Scarlet,JH7392,,MikeSport Lebanon,153.0,79.0,True,48.37,in_stock,USD,Red/Lavender/Scarlet,espadrilles,women,"[""40 EU""]",https://lb.mikesport.com/products/jh7392-sl-72-og-w-solred-icelav-betsca,2026-04-05T15:02:51Z,True,Sale price $ 79 Regular price $ 153 48%,in stock,
mikesport_lb,Adidas Future Icons Logo Men Sportswear T-Shirt Off White,IW2653,,MikeSport Lebanon,54.0,28.0,True,48.15,in_stock,USD,Off White,t-shirt,men,"[""S""]",https://lb.mikesport.com/products/adidas-future-icons-logo-men-sportswear-t-shirt-off-white,2026-04-05T15:02:53Z,True,Sale price $ 28 Regular price $ 54 48%,in stock,
mikesport_lb,Adidas Street 4 Men Original T-Shirt White/Blue,IX6753,,MikeSport Lebanon,54.0,28.0,True,48.15,in_stock,USD,White/Blue,t-shirt,men,"[""S""]",https://lb.mikesport.com/products/adidas-street-4-men-original-t-shirt-white-blue,2026-04-05T15:02:55Z,True,Sale price $ 28 Regular price $ 54 48%,in stock,
mikesport_lb,Adidas Juventus Fc 24 Men Football Short Black/White,IS8003,,MikeSport Lebanon,67.0,47.0,True,29.85,in_stock,USD,Black/White,short,men,"[""XL""]",https://lb.mikesport.com/products/adidas-juventus-fc-24-men-football-short-black-white,2026-04-05T15:02:56Z,True,Sale price $ 47 Regular price $ 67 30%,in stock,
mikesport_lb,Adidas Essentials Cuffed Unisex training Beanie Crimson/Black/Pink,IY5259,,MikeSport Lebanon,29.0,20.0,True,31.03,in_stock,USD,Crimson/Black/Pink,beanie,unisex,[],https://lb.mikesport.com/products/adidas-essentials-cuffed-unisex-training-beanie-crimson-black-pink,2026-04-05T15:02:59Z,True,Sale price $ 20 Regular price $ 29 31%,in stock,
mikesport_lb,Adidas Future Icons Logo Kids-Boys sportswear Hoody Tent Green/Black,IX3640,,MikeSport Lebanon,77.0,54.0,True,29.87,in_stock,USD,Tent Green/Black,hoody,boys,"[""9-10 Years""]",https://lb.mikesport.com/products/adidas-future-icons-logo-kids-boys-sportswear-hoody-tent-green-black,2026-04-05T15:03:01Z,True,Sale price $ 54 Regular price $ 77 30%,in stock,
mikesport_lb,Adidas Brand Love Men sportswear T-Shirt Off White,IX1321,,MikeSport Lebanon,61.0,40.0,True,34.43,in_stock,USD,Off White,t-shirt,men,"[""M""]",https://lb.mikesport.com/products/adidas-brand-love-men-sportswear-t-shirt-off-white,2026-04-05T15:03:03Z,True,Sale price $ 40 Regular price $ 61 34%,in stock,
mikesport_lb,Adidas Future Icons 3 Stripes Men sportswear Hoody Grey Four,IW8529,,MikeSport Lebanon,121.0,79.0,True,34.71,in_stock,USD,Grey Four,hoody,men,"[""M""]",https://lb.mikesport.com/products/adidas-future-icons-3-stripes-men-sportswear-hoody-grey-four,2026-04-05T15:03:04Z,True,Sale price $ 79 Regular price $ 121 35%,in stock,
mikesport_lb,Adidas Camo Men Training Short Black,IS6148,,MikeSport Lebanon,61.0,40.0,True,34.43,in_stock,USD,Black,short,men,"[""S""]",https://lb.mikesport.com/products/adidas-camo-men-training-short-black,2026-04-05T15:03:06Z,True,Sale price $ 40 Regular price $ 61 34%,in stock,
mikesport_lb,Adidas 4Dfwd 4 Men Running Shoes Grey/Silver Pebble,ID8889,,MikeSport Lebanon,319.0,207.0,True,35.11,in_stock,USD,Grey/Silver Pebble,shoes,men,"[""41 1/3 EU""]",https://lb.mikesport.com/products/adidas-4dfwd-4-men-running-shoes-grey-silver-pebble,2026-04-05T15:03:08Z,True,Sale price $ 207 Regular price $ 319 35%,in stock,
mikesport_lb,Adidas Adistar 3 Men Running Shoes Ink/Silver/Scarlet,ID3744,,MikeSport Lebanon,191.0,134.0,True,29.84,in_stock,USD,Ink/Silver/Scarlet,espadrilles,men,"[""45 1/3 EU""]",https://lb.mikesport.com/products/adidas-adistar-3-men-running-shoes-ink-silver-scarlet,2026-04-05T15:03:11Z,True,Sale price $ 134 Regular price $ 191 30%,in stock,
mikesport_lb,Adidas Performance Kids-Girls Sportswear Pant Grey Heather/Pink,GS4284,,MikeSport Lebanon,55.0,20.0,True,63.64,in_stock,USD,Grey Heather/Pink,pant,girls,"[""14-15 Years""]",https://lb.mikesport.com/products/adidas-performance-kids-girls-sportswear-pant-grey-heather-pink,2026-04-05T15:03:12Z,True,Sale price $ 20 Regular price $ 55 64%,in stock,
mikesport_lb,Adidas Essential 7/8 Women Training Tight Black,HD6803,,MikeSport Lebanon,76.0,38.0,True,50.0,in_stock,USD,Black,tight,women,"[""XS""]",https://lb.mikesport.com/products/adidas-essential-7-8-women-training-tight-black,2026-04-05T15:03:14Z,True,Sale price $ 38 Regular price $ 76 50%,in stock,
mikesport_lb,Adidas Optime 3 Bar Women Training Tight Black,H64191,,MikeSport Lebanon,96.0,48.0,True,50.0,in_stock,USD,Black/White,tight,women,"[""L""]",https://lb.mikesport.com/products/adidas-optime-3-bar-women-training-tight-black,2026-04-05T15:03:16Z,True,Sale price $ 48 Regular price $ 96 50%,in stock,
mikesport_lb,Adidas Disney Toy Story Little-Boys Training Suit Royal Blue/Lime,HA6589,,MikeSport Lebanon,80.0,40.0,True,50.0,in_stock,USD,Royal Blue/Semi Solar Lime,suit,boys,"[""4-5 Years""]",https://lb.mikesport.com/products/adidas-disney-toy-story-little-boys-training-suit-royal-blue-lime,2026-04-05T15:03:18Z,True,Sale price $ 40 Regular price $ 80 50%,in stock,
mikesport_lb,Adidas Her Studio London Women Original Jacket Multicolor,H20455,,MikeSport Lebanon,121.0,61.0,True,49.59,in_stock,USD,Multicolor,jacket,women,"[""M""]",https://lb.mikesport.com/products/adidas-her-studio-london-women-original-jacket-multicolor,2026-04-05T15:03:20Z,True,Sale price $ 61 Regular price $ 121 50%,in stock,
mikesport_lb,Adidas Train Essentials Woven Women Sportswear Tight Black,IC9676,,MikeSport Lebanon,60.0,20.0,True,66.67,in_stock,USD,Black,tight,women,"[""XS""]",https://lb.mikesport.com/products/adidas-train-essentials-woven-women-sportswear-tight-black,2026-04-05T15:03:22Z,True,Sale price $ 20 Regular price $ 60 67%,in stock,
mikesport_lb,Adidas Logo Girls Lifestyle Tight Burgundy,HF1833,,MikeSport Lebanon,39.0,15.0,True,61.54,in_stock,USD,Legacy Burgundy / Semi Turbo,tight,girls,"[""14-15 Years""]",https://lb.mikesport.com/products/adidas-logo-girls-lifestyle-tight-burgundy,2026-04-05T15:03:24Z,True,Sale price $ 15 Regular price $ 39 62%,in stock,
mikesport_lb,Adidas Own The Run Cooler Men Running T-Shirt Vivid Red/Silver,HL3979,,MikeSport Lebanon,58.0,29.0,True,50.0,in_stock,USD,Vivid Red/Silver,t-shirt,men,"[""L""]",https://lb.mikesport.com/products/adidas-own-the-run-cooler-men-running-t-shirt-vivid-red-silver,2026-04-05T15:03:26Z,True,Sale price $ 29 Regular price $ 58 50%,in stock,
mikesport_lb,Adidas Mission Victory Full Zip Women Sportswear Hoody Linen Green Mel,HC8809,,MikeSport Lebanon,112.0,56.0,True,50.0,in_stock,USD,Linen Green Mel,hoody,women,"[""XS""]",https://lb.mikesport.com/products/adidas-mission-victory-full-zip-women-sportswear-hoody-linen-green-mel,2026-04-05T15:03:28Z,True,Sale price $ 56 Regular price $ 112 50%,in stock,
mikesport_lb,Adidas Club Pique Men Tennis Polo Short Sleeve White/Black,HB8036,,MikeSport Lebanon,74.0,37.0,True,50.0,in_stock,USD,White/Black,polo_short_sleeve,men,"[""S""]",https://lb.mikesport.com/products/adidas-club-pique-men-tennis-polo-short-sleeve-white-black,2026-04-05T15:03:30Z,True,Sale price $ 37 Regular price $ 74 50%,in stock,
mikesport_lb,Adidas Designed To Move 3 Stripes Women Training Tank Pulse Blue/White,HN1040,,MikeSport Lebanon,45.0,23.0,True,48.89,in_stock,USD,Pulse Blue/White,tank,women,"[""M""]",https://lb.mikesport.com/products/adidas-designed-to-move-3-stripes-women-training-tank-pulse-blue-white,2026-04-05T15:03:31Z,True,Sale price $ 23 Regular price $ 45 49%,in stock,
mikesport_lb,Adidas D4T Men Training T-Shirt Black/White,HB9204,,MikeSport Lebanon,61.0,37.0,True,39.34,in_stock,USD,Black,t-shirt,men,"[""S""]",https://lb.mikesport.com/products/adidas-d4t-men-training-t-shirt-black-white,2026-04-05T15:03:33Z,True,Sale price $ 37 Regular price $ 61 39%,in stock,
mikesport_lb,Adidas Superstar Men Originals Shoes Black/White,,,MikeSport Lebanon,159.0,80.0,True,49.69,in_stock,USD,White,espadrilles,men,"[""36 EU""]",https://lb.mikesport.com/products/adidas-superstar-men-originals-shoes-black-white,2026-04-05T15:49:06Z,False,Sale price $ 80 Regular price $ 159 50%,in stock,
mikesport_lb,Adidas Juventus Home Unisex Football Sock Black,DW5477,,MikeSport Lebanon,44.0,10.0,True,77.27,in_stock,USD,Black/White,sock,unisex,"[""46/48""]",https://lb.mikesport.com/products/adidas-juventus-home-unisex-football-sock-black,2026-04-05T15:03:38Z,True,Sale price $ 10 Regular price $ 44 77%,in stock,
mikesport_lb,Adidas Essentials Logo Women Sportswear T-Shirt Black/White,GL0722,,MikeSport Lebanon,45.0,23.0,True,48.89,in_stock,USD,Black/White,t-shirt,women,"[""XS""]",https://lb.mikesport.com/products/adidas-essentials-logo-women-sportswear-t-shirt-black-white,2026-04-05T15:03:40Z,True,Sale price $ 23 Regular price $ 45 49%,in stock,
mikesport_lb,Adidas Superstar Cf C Ps-Boys Originals Shoes White/Black Ef4838,EF4838,,MikeSport Lebanon,105.0,53.0,True,49.52,in_stock,USD,Black Ef4838,espadrilles,boys,"[""32 EU""]",https://lb.mikesport.com/products/adidas-superstar-cf-c-ps-boys-originals-shoes-white-black-ef4838,2026-04-05T15:49:08Z,True,Sale price $ 53 Regular price $ 105 50%,in stock,
mikesport_lb,Adidas Adicolor Classics Firebird Primeblue Women Original Jacket Purple,HN5895,,MikeSport Lebanon,96.0,48.0,True,50.0,in_stock,USD,"is adidas Originals, a collection for purists and pioneers. It pays homage to the originality and authenticity that are part of its DNA, just like you when you wear this Firebird jacket, which retains the look of the original kit but is updated with recycled materials. A demonstration of our passion for the oceans and adidas' commitment to ending plastic waste. A two-for-one classic. You'll feel good in it and because of it. The shiny knit fabric maximizes the feeling of comfort. Highlights: Classic cut Front closure and high neck Side pockets with closure Ribbed cuffs and hem Composition: 100% recycled polyester tricot fabric Color: Purple",jacket,women,"[""32""]",https://lb.mikesport.com/products/adidas-adicolor-classics-firebird-primeblue-women-original-jacket-purple,2026-04-05T15:03:44Z,True,Sale price $ 48 Regular price $ 96 50%,in stock,
mikesport_lb,Adidas Disney Infant Training Beanie Red/White,CD2702,,MikeSport Lebanon,21.0,5.0,True,76.19,in_stock,USD,Red/White,beanie,kids,"[""One Size""]",https://lb.mikesport.com/products/adidas-disney-infant-training-beanie-red-white,2026-04-05T15:03:46Z,True,Sale price $ 5 Regular price $ 21 76%,in stock,
mikesport_lb,Adidas Crazychaos 2000 Women Sportswear Shoes White/Grey/Black,IH0308,,MikeSport Lebanon,121.0,,False,,in_stock,USD,White/Grey/Black,espadrilles,women,"[""36 2/3 EU""]",https://lb.mikesport.com/products/adidas-crazychaos-2000-women-sportswear-shoes-white-grey-black,2026-04-05T15:03:48Z,True,Regular price $ 121,in stock,
mikesport_lb,Adidas Adilette Flow Men Sportswear Slippers Shadow Navy,IG6860,,MikeSport Lebanon,44.0,,False,,in_stock,USD,Shadow Navy,slippers,men,"[""40 2/3 EU""]",https://lb.mikesport.com/products/adidas-adilette-flow-men-sportswear-slippers-shadow-navy,2026-04-05T15:03:50Z,True,Regular price $ 44,in stock,
mikesport_lb,Adidas Train Essentials Minimal Women Training T-Shirt Arctic Night,HZ5663,,MikeSport Lebanon,38.0,19.0,True,50.0,in_stock,USD,Arctic Night,t-shirt,women,"[""XS""]",https://lb.mikesport.com/products/adidas-train-essentials-minimal-women-training-t-shirt-arctic-night,2026-04-05T15:03:52Z,True,Sale price $ 19 Regular price $ 38 50%,in stock,
mikesport_lb,Adidas Originals Q1 Men Original Hoody Brown,HC9450,,MikeSport Lebanon,122.0,61.0,True,50.0,in_stock,USD,Brown,hoody,men,"[""M""]",https://lb.mikesport.com/products/adidas-originals-q1-men-original-hoody-brown,2026-04-05T15:03:54Z,True,Sale price $ 61 Regular price $ 122 50%,in stock,
mikesport_lb,Adidas Engineered Women Training Tank Legacy Purple,FL2189,,MikeSport Lebanon,44.0,10.0,True,77.27,in_stock,USD,,tank,women,"[""XS""]",https://lb.mikesport.com/products/adidas-engineered-women-training-tank-legacy-purple,2026-04-05T15:49:10Z,True,Sale price $ 10 Regular price $ 44 77%,in stock,
mikesport_lb,Adidas Essential L Boys Swim Short Aqua/Green Spark,IP1583,,MikeSport Lebanon,42.0,20.0,True,52.38,in_stock,USD,Aqua/Green Spark,swim_short,boys,"[""13-14 Years""]",https://lb.mikesport.com/products/adidas-essential-l-boys-swim-short-aqua-green-spark,2026-04-05T15:03:58Z,True,Sale price $ 20 Regular price $ 42 52%,in stock,
mikesport_lb,Adidas Blue Version Unisex Original Beanie Orange,H25289,,MikeSport Lebanon,32.0,10.0,True,68.75,in_stock,USD,Focus Orange,beanie,unisex,"[""One Size For Men""]",https://lb.mikesport.com/products/adidas-blue-version-unisex-original-beanie-orange,2026-04-05T15:04:00Z,True,Sale price $ 10 Regular price $ 32 69%,in stock,
mikesport_lb,Adidas New Z N E Men Sportswear T-Shirt White,JE3078,,MikeSport Lebanon,67.0,,False,,in_stock,USD,White/Black,t-shirt,men,"[""XL""]",https://lb.mikesport.com/products/adidas-new-z-n-e-men-sportswear-t-shirt-white,2026-04-05T15:04:02Z,True,Regular price $ 67,in stock,
mikesport_lb,Adidas Dy Fro Tights Little-Girls Training Sweatshirt Grey,FM2871,,MikeSport Lebanon,56.0,15.0,True,73.21,in_stock,USD,Grey,sweatshirt,girls,"[""2-3 Years""]",https://lb.mikesport.com/products/adidas-dy-fro-tights-little-girls-training-sweatshirt-grey,2026-04-05T15:49:11Z,True,Sale price $ 15 Regular price $ 56 73%,in stock,
mikesport_lb,Adidas Essentials Women Lifestyle T-Shirt Black/White,GL0769,,MikeSport Lebanon,37.0,17.0,True,54.05,in_stock,USD,White,t-shirt,women,"[""XS""]",https://lb.mikesport.com/products/adidas-essentials-women-lifestyle-t-shirt-black-white,2026-04-05T15:49:13Z,True,Sale price $ 17 Regular price $ 37 54%,in stock,
mikesport_lb,Adidas Xfg Kids-Boys Training Sweatshirt Navy/Blue/White,GS0220,,MikeSport Lebanon,60.0,30.0,True,50.0,in_stock,USD,Navy/Blue/White,sweatshirt,boys,"[""15-16 Years""]",https://lb.mikesport.com/products/adidas-xfg-men-training-sweatshirt-navy-blue-white,2026-04-05T15:49:14Z,True,Sale price $ 30 Regular price $ 60 50%,in stock,
mikesport_lb,Adidas All Szn Graphic Men Sportswear T-Shirt White,IC9821,,MikeSport Lebanon,54.0,27.0,True,50.0,in_stock,USD,White,t-shirt,men,"[""S""]",https://lb.mikesport.com/products/adidas-all-szn-graphic-men-sportswear-t-shirt-white,2026-04-05T15:49:16Z,True,Sale price $ 27 Regular price $ 54 50%,in stock,
mikesport_lb,Adidas Logo Woolie Unisex Training Jacket Royal Blue/Beige,GS2104,,MikeSport Lebanon,36.0,18.0,True,50.0,in_stock,USD,Royal Blue/Beige,jacket,unisex,"[""One Size""]",https://lb.mikesport.com/products/adidas-logo-woolie-unisex-training-jacket-royal-blue-beige,2026-04-05T15:49:17Z,True,Sale price $ 18 Regular price $ 36 50%,in stock,
mikesport_lb,Adidas Women Training Sock White/Pink/Spark,IP2638,,MikeSport Lebanon,22.0,10.0,True,54.55,in_stock,USD,White/Pink/Spark,sock,women,"[""XL""]",https://lb.mikesport.com/products/adidas-women-training-sock-white-pink-spark,2026-04-05T15:49:19Z,True,Sale price $ 10 Regular price $ 22 55%,in stock,
mikesport_lb,Adidas Eseentials Big Logo Kids-Unisex Sportswear Hoody Black/White,HR6380,,MikeSport Lebanon,61.0,40.0,True,34.43,in_stock,USD,Black/White,hoody,unisex,"[""7-8 Years""]",https://lb.mikesport.com/products/adidas-eseentials-big-logo-kids-unisex-sportswear-hoody-black-white,2026-04-05T15:49:20Z,True,Sale price $ 40 Regular price $ 61 34%,in stock,
mikesport_lb,Adidas Hiit Graphic Men Training T-Shirt Arctic Night/ Gold,IL7010,,MikeSport Lebanon,60.0,30.0,True,50.0,in_stock,USD,Arctic Night / Active Gold,t-shirt,men,"[""S""]",https://lb.mikesport.com/products/adidas-hiit-graphic-men-training-t-shirt-arctic-night-gold,2026-04-05T15:49:21Z,True,Sale price $ 30 Regular price $ 60 50%,in stock,
mikesport_lb,Adidas Lil Stripe Spring Break Graphic Men Basketball T-Shirt White,IC1868,,MikeSport Lebanon,54.0,27.0,True,50.0,in_stock,USD,White,t-shirt,men,"[""S""]",https://lb.mikesport.com/products/adidas-lil-stripe-spring-break-graphic-men-basketball-t-shirt-white,2026-04-05T15:49:23Z,True,Sale price $ 27 Regular price $ 54 50%,in stock,
mikesport_lb,Adidas Essentials Women Lifestyle Pants Black/White,GM5542,,MikeSport Lebanon,76.0,40.0,True,47.37,in_stock,USD,White,pant,women,"[""XL""]",https://lb.mikesport.com/products/adidas-essentials-women-lifestyle-pant-black-white-1,2026-04-05T15:49:24Z,True,Sale price $ 40 Regular price $ 76 47%,in stock,
mikesport_lb,Adidas Eezay Flip Flop Men Swim Slippers Blue Eg2041,EG2041,,MikeSport Lebanon,38.0,20.0,True,47.37,in_stock,USD,,slippers,men,"[""38 EU""]",https://lb.mikesport.com/products/adidas-eezay-flip-flop-men-swim-slippers-blue-eg2041,2026-04-05T15:49:26Z,True,Sale price $ 20 Regular price $ 38 47%,in stock,
mikesport_lb,Adidas X Hello Kitty SST Little-Girls Original Suit Black,II0854,,MikeSport Lebanon,95.0,48.0,True,49.47,in_stock,USD,Black,suit,girls,"[""7-8 Years""]",https://lb.mikesport.com/products/adidas-x-hello-kitty-sst-little-girls-original-suit-black,2026-04-05T15:49:28Z,True,Sale price $ 48 Regular price $ 95 49%,in stock,
mikesport_lb,Adidas Ultraboost 5 Women Running Shoes White/Grey/Pink,ID8840,,MikeSport Lebanon,287.0,150.0,True,47.74,in_stock,USD,White/Grey/Pink,espadrilles,women,"[""37 1/3 EU""]",https://lb.mikesport.com/products/id8840-ultraboost-5-w-ftwwht-glogry-lucpnk,2026-04-05T15:49:30Z,True,Sale price $ 150 Regular price $ 287 48%,in stock,
mikesport_lb,Adidas Jg Tr Ask Kids-Girls Training Tight Black,FM5850,,MikeSport Lebanon,48.0,10.0,True,79.17,in_stock,USD,Black,tight,girls,"[""13-14 Years""]",https://lb.mikesport.com/products/adidas-jg-tr-ask-kids-girls-training-tight-black,2026-04-05T15:49:32Z,True,Sale price $ 10 Regular price $ 48 79%,in stock,
mikesport_lb,Adidas Rib Women Original 3/4 Tight Victory Blue,IC5233,,MikeSport Lebanon,76.0,38.0,True,50.0,in_stock,USD,ways add an extra pop. You'll playfully accentuate both your shape and personality in these creative tights. Highlights: Tight Fit Elastic Waist Ribbed Cuffs Composition: 93% Cotton 7% Elastane Color: Victory Blue,3/4_tight,women,"[""M""]",https://lb.mikesport.com/products/adidas-rib-women-original-3-4-tight-victory-blue,2026-04-05T15:49:34Z,True,Sale price $ 38 Regular price $ 76 50%,in stock,
mikesport_lb,Adidas D4T Workout Men training T-Shirt Glory Grey Mel,IX9147,,MikeSport Lebanon,61.0,32.0,True,47.54,in_stock,USD,Glor Grey Mel,t-shirt,men,"[""S""]",https://lb.mikesport.com/products/adidas-d4t-workout-men-training-t-shirt-glory-grey-mel,2026-04-05T15:05:26Z,True,Sale price $ 32 Regular price $ 61 48%,in stock,
mikesport_lb,Adidas Positive Women Sportswear T-Shirt Semi Pink Spark,IX6456,,MikeSport Lebanon,44.0,31.0,True,29.55,in_stock,USD,Semi Pink Spark,t-shirt,women,"[""XS""]",https://lb.mikesport.com/products/adidas-positive-women-sportswear-t-shirt-semi-pink-spark,2026-04-05T15:05:28Z,True,Sale price $ 31 Regular price $ 44 30%,in stock,
mikesport_lb,Adidas Positivity Graphic Men Sportswear T-Shirt White/Yellow,IY0727,,MikeSport Lebanon,44.0,29.0,True,34.09,in_stock,USD,White/Yellow,t-shirt,men,"[""S""]",https://lb.mikesport.com/products/adidas-positivity-graphic-men-sportswear-t-shirt-white-yellow,2026-04-05T15:05:30Z,True,Sale price $ 29 Regular price $ 44 34%,in stock,
mikesport_lb,Adidas D4T Kids Boys Sportswear T-Shirt Semi Spark/Silver,IN1659,,MikeSport Lebanon,38.0,20.0,True,47.37,in_stock,USD,Semi Spark/Silver,t-shirt,boys,"[""9-10 Years""]",https://lb.mikesport.com/products/adidas-d4t-kids-boys-sportswear-t-shirt-semi-spark-silver,2026-04-05T15:05:32Z,True,Sale price $ 20 Regular price $ 38 47%,in stock,
mikesport_lb,Adidas Essentials Big Logo Girls Sportswear Tight Grey Heather/White,IS2649,,MikeSport Lebanon,38.0,20.0,True,47.37,in_stock,USD,Grey Heather/White,tight,girls,"[""13-14 Years""]",https://lb.mikesport.com/products/adidas-essentials-big-logo-girls-sportswear-tight-grey-heather-white,2026-04-05T15:05:34Z,True,Sale price $ 20 Regular price $ 38 47%,in stock,
mikesport_lb,Adidas Essentials French Terry Tapered Cuff 3-Stripes Men Sportswear Pant Legend Ink,IC9406,,MikeSport Lebanon,76.0,40.0,True,47.37,in_stock,USD,Legend Ink,pant,men,"[""S""]",https://lb.mikesport.com/products/adidas-essentials-french-terry-tapered-cuff-3-stripes-men-sportswear-pant-legend-ink,2026-04-05T15:05:36Z,True,Sale price $ 40 Regular price $ 76 47%,in stock,
mikesport_lb,Adidas Essentials Women Lifestyle T-Shirt White/Black,GL0768,,MikeSport Lebanon,37.0,19.0,True,48.65,in_stock,USD,Black,t-shirt,women,"[""XS""]",https://lb.mikesport.com/products/adidas-essentials-women-lifestyle-t-shirt-white-black,2026-04-05T15:05:37Z,True,Sale price $ 19 Regular price $ 37 49%,in stock,
mikesport_lb,Adidas Tiro 24 Men Football T-Shirt Blue/White/Solar Red,JE1988,,MikeSport Lebanon,38.0,20.0,True,47.37,in_stock,USD,Blue/White/Solar Red,t-shirt,men,"[""L""]",https://lb.mikesport.com/products/adidas-tiro-24-men-football-t-shirt-blue-white-solar-red,2026-04-05T15:05:40Z,True,Sale price $ 20 Regular price $ 38 47%,in stock,
mikesport_lb,Adidas Essentials Logo Little Boys Sportswear Set Bright Red/Black,IV7448,,MikeSport Lebanon,54.0,35.0,True,35.19,in_stock,USD,Bright Red/Black,set,boys,"[""4-5 Years""]",https://lb.mikesport.com/products/adidas-essentials-logo-little-boys-sportswear-set-bright-red-black,2026-04-05T15:05:41Z,True,Sale price $ 35 Regular price $ 54 35%,in stock,
