"availability","brand_name","category","competitor_name","competitor_price","competitor_product_id","competitor_sale_price","currency","data_valid","discount_pct","gender_target","is_on_sale","product_name","scraped_at","sizes_available/0","sizes_available/1","sizes_available/2","sizes_available/3","sizes_available/4","sizes_available/5","sizes_available/6","sizes_available/7","sizes_available/8","sizes_available/9","sizes_available/10","sizes_available/11","sku_id","source_url","style_code"
"in_stock","Puma","Suits","tchooz","110","tchooz:8916701217025",,"USD","true",,"men","false","ESS Poly Suit cl Men","2026-05-22T03:00:10Z","S",,,,,,,,,,,,"68484744","https://tchoozshoes.com/products/68484744","68484744"
"in_stock","Puma","Tees","tchooz","65","tchooz:8860412281089","35","USD","true","46.15","men","true","PL ESS Tee Men","2026-05-22T03:00:10Z","XXL",,,,,,,,,,,,"63271505","https://tchoozshoes.com/products/63271505","63271505"
"in_stock","Puma","Tees","tchooz","49","tchooz:9115225981185",,"USD","true",,"men","false","T7 Tee Men","2026-05-22T03:00:10Z","Navy",,,,,,,,,,,,"62959216","https://tchoozshoes.com/products/t7-tee-men","does_not_exist"
"in_stock","Puma","Pants","tchooz","72","tchooz:8916700692737",,"USD","true",,"men","false","M TAD ESS French Terry Jogger Men","2026-05-22T03:00:10Z","XXL",,,,,,,,,,,,"52591701","https://tchoozshoes.com/products/52591701","52591701"
"in_stock","Puma","Low Boots","tchooz","75","tchooz:9163934695681","55","USD","true","26.67","kids","true","Carina 3.0 HK&FR 2 PS","2026-05-22T03:00:10Z","White And Red",,,,,,,,,,,,"40339501","https://tchoozshoes.com/products/carina-3-0-hk-fr-2-ps","does_not_exist"
"in_stock","Puma","Low Boots","tchooz","75","tchooz:9115220214017","45","USD","true","40","kids","true","Graviton Jr","2026-05-22T03:00:10Z","37.5",,,,,,,,,,,,"38198711","https://tchoozshoes.com/products/graviton-jr","does_not_exist"
"in_stock","Puma","Low Boots","tchooz","80","tchooz:9163911397633","55","USD","true","31.25","kids","true","Puma Caven 2.0 Retro Jr","2026-05-22T03:00:10Z","35.5",,,,,,,,,,,,"40320302","https://tchoozshoes.com/products/puma-caven-2-0-retro-jr","does_not_exist"
"in_stock","Puma","Low Boots","tchooz","55","tchooz:9119000166657",,"USD","true",,"kids","false","Skyrocket 2 AC+ Inf","2026-05-22T03:00:10Z","21","22","23","24","25","26","27",,,,,,"31241506","https://tchoozshoes.com/products/31241506","31241506"
"in_stock","Puma","Low Boots","tchooz","92","tchooz:9118997971201",,"USD","true",,"men","false","Skyrocket Lite Trail Men","2026-05-22T03:00:10Z","41","42","42.5","43","44","44.5","45","46","47",,,,"31078122","https://tchoozshoes.com/products/31078122","31078122"
"in_stock","Puma","Low Boots","tchooz","144","tchooz:9115220345089","115","USD","true","20.14","men","true","BMW MMS Trinity 2 Men","2026-05-22T03:00:10Z","41","42","43","44","44.5","45","46",,,,,,"30912301","https://tchoozshoes.com/products/bmw-mms-trinity-2-men","does_not_exist"
"in_stock","Puma","Bags","tchooz","41","tchooz:9163882299649",,"USD","true",,"unisex","false","Essentials 2L Waist Bag","2026-05-22T03:00:10Z","X",,,,,,,,,,,,"9230901","https://tchoozshoes.com/products/essentials-2l-waist-bag","does_not_exist"
"in_stock","Puma","Bags","tchooz","31","tchooz:9040757358849",,"USD","true",,"unisex","false","PUMA PHASE Packable Tote","2026-05-22T03:00:10Z","X",,,,,,,,,,,,"9215701","https://tchoozshoes.com/products/9215701","9215701"
"in_stock","Puma","Bags","tchooz","40","tchooz:8732540338433",,"USD","true",,"unisex","false","PUMA DECK Sling Bag Unisex","2026-05-22T03:00:10Z","X",,,,,,,,,,,,"9131901","https://tchoozshoes.com/products/9131901","9131901"
"in_stock","Puma","Backpacks","tchooz","40","tchooz:9100413960449",,"USD","true",,"unisex","false","PUMA PHASE Backpack Set","2026-05-22T03:00:10Z","Navy",,,,,,,,,,,,"9119103","https://tchoozshoes.com/products/9119103","9119103"
"in_stock","Puma","Ball","tchooz","36","tchooz:9163880235265",,"USD","true",,"unisex","false","FPF CULTURE Ball","2026-05-22T03:00:10Z","5",,,,,,,,,,,,"8498301","https://tchoozshoes.com/products/fpf-culture-ball","does_not_exist"
"in_stock","Puma","Ball","tchooz","50","tchooz:8913686429953",,"USD","true",,"unisex","false","PUMA Orbita 4 HYB (FIFA Basic)","2026-05-22T03:00:10Z","5",,,,,,,,,,,,"8432602","https://tchoozshoes.com/products/8432602","8432602"
"in_stock","Puma","Caps","tchooz","45","tchooz:8880439853313",,"USD","true",,"unisex","false","BMW MMS BB Cap","2026-05-22T03:00:10Z","X",,,,,,,,,,,,"2644902","https://tchoozshoes.com/products/2644902","2644902"
"in_stock","Puma","Tees","tchooz","41","tchooz:9040757719297","35","USD","true","14.63","men","true","M RUN VELOCITY TEE (POLY) Men","2026-05-22T03:00:10Z","S",,,,,,,,,,,,"52660038","https://tchoozshoes.com/products/52660038","52660038"
"in_stock","Puma","Low Boots","tchooz","175","tchooz:8905156722945","105","USD","true","40","women","true","Mostro Perf Women","2026-05-22T03:00:10Z","36","37","37.5","39",,,,,,,,,"39733102-w","https://tchoozshoes.com/products/39733102-w","does_not_exist"
"in_stock","Puma","Shorts","tchooz","40","tchooz:9161919660289",,"USD","true",,"girls","false","MID90s Relaxed Long Shorts TR G","2026-05-22T03:00:10Z","7-8 Years","9-10 Years","11-12 Years","13-14 Years",,,,,,,,,"69173201","https://tchoozshoes.com/products/mid90s-relaxed-long-shorts-tr-g","does_not_exist"
"in_stock","Puma","Tanks","tchooz","30","tchooz:9161918677249",,"USD","true",,"girls","false","MID90 Slim Length Graphic Tank Girls","2026-05-22T03:00:10Z","7-8 Years","9-10 Years","11-12 Years","13-14 Years",,,,,,,,,"69173047","https://tchoozshoes.com/products/mid90-slim-length-graphic-tank-girls","does_not_exist"
"in_stock","Puma","Tees","tchooz","30","tchooz:9114713587969",,"USD","true",,"boys","false","MID90s Relaxed Long Shorts TR Boys","2026-05-22T03:00:10Z","7-8 Years","9-10 Years","11-12 Years",,,,,,,,,,"69261041","https://tchoozshoes.com/products/69261041","69261041"
"in_stock","Puma","Shorts","tchooz","35","tchooz:9114713424129",,"USD","true",,"boys","false","MID90s Relaxed Long Shorts TR Boys","2026-05-22T03:00:10Z","7-8 Years","9-10 Years",,,,,,,,,,,"69174801","https://tchoozshoes.com/products/69174801","69174801"
"in_stock","Puma","Pants","tchooz","62","tchooz:9114713358593",,"USD","true",,"boys","false","MID90s Sweatpants TR Boys","2026-05-22T03:00:10Z","7-8 Years","9-10 Years","11-12 Years","13-14 Years",,,,,,,,,"69174701","https://tchoozshoes.com/products/69174701","69174701"
"in_stock","Puma","Hoodies","tchooz","72","tchooz:8956553822465","25","USD","true","65.28","girls","true","TWEENERVERSE Hoodie TR Girls","2026-05-22T03:00:10Z","13-14 Years",,,,,,,,,,,,"68850465","https://tchoozshoes.com/products/68850465","68850465"
"in_stock","Puma","Shorts","tchooz","27","tchooz:9040760307969","20","USD","true","25.93","boys","true","individualRISE Shorts Junior","2026-05-22T03:00:10Z","White And Black",,,,,,,,,,,,"65899903","https://tchoozshoes.com/products/65899903","65899903"
"in_stock","Puma","Pants","tchooz","60","tchooz:9040758538497",,"USD","true",,"boys","false","T7 ALWAYS ON Track Pants Boys","2026-05-22T03:00:10Z","7-8 Years","9-10 Years","11-12 Years","13-14 Years",,,,,,,,,"62987601","https://tchoozshoes.com/products/62987601","62987601"
"in_stock","Puma","Bags","tchooz","21","tchooz:9115231027457",,"USD","true",,"unisex","false","PUMA Phase Portable","2026-05-22T03:00:10Z","X","Navy",,,,,,,,,,,"9117301","https://tchoozshoes.com/products/puma-phase-portable","does_not_exist"
"in_stock","Puma","Bags","tchooz","56","tchooz:8689301455105",,"USD","true",,"unisex","false","PUMA CHALLENGER Small Sports Bag","2026-05-22T03:00:10Z","X",,,,,,,,,,,,"9114301","https://tchoozshoes.com/products/9114301","9114301"
"in_stock","Puma","Low Boots","tchooz","144","tchooz:9160610382081",,"USD","true",,"men","false","PL Court Classic Lux Men","2026-05-22T03:00:10Z","41","42","42.5","43","44","44.5","45","46","47",,,,"30909401","https://tchoozshoes.com/products/pl-court-classic-lux-men","does_not_exist"
"in_stock","Puma","Low Boots","tchooz","169","tchooz:9115221852417",,"USD","true",,"women","false","Electrify NITRO 4 Women","2026-05-22T03:00:10Z","36","37","37.5","38","38.5","39","40","41",,,,,"31078819","https://tchoozshoes.com/products/electrify-nitro-4-women","does_not_exist"
"in_stock","Puma","Low Boots","tchooz","82","tchooz:9160579875073",,"USD","true",,"men","false","Anzarun 2 Lite SLIPTECH Men","2026-05-22T03:00:10Z","Navy",,,,,,,,,,,,"40631204","https://tchoozshoes.com/products/anzarun-2-lite-sliptech-men","does_not_exist"
"in_stock","Puma","Low Boots","tchooz","152","tchooz:9160579711233",,"USD","true",,"women","false","H-Street Embroidery Women","2026-05-22T03:00:10Z","36","37","37.5","38","38.5","39","40",,,,,,"40610202-w","https://tchoozshoes.com/products/h-street-embroidery-women","does_not_exist"
"in_stock","Puma","Low Boots","tchooz","152","tchooz:9160579547393",,"USD","true",,"men","false","H-Street Embroidery Men","2026-05-22T03:00:10Z","41","42","42.5","43","44","44.5","45","46","47",,,,"40610201","https://tchoozshoes.com/products/h-street-embroidery-men","does_not_exist"
"in_stock","Puma","Low Boots","tchooz","123","tchooz:9160579481857",,"USD","true",,"women","false","Hypnotic LS 2 Women","2026-05-22T03:00:10Z","36","37","37.5","38","38.5","39","40","41",,,,,"40471408","https://tchoozshoes.com/products/hypnotic-ls-2-women","does_not_exist"
"in_stock","Puma","Low Boots","tchooz","97","tchooz:9160579383553",,"USD","true",,"women","false","Puma Club Azura Women","2026-05-22T03:00:10Z","36","37","37.5","38","38.5","39","40","41",,,,,"40447601","https://tchoozshoes.com/products/puma-club-azura-women","does_not_exist"
"in_stock","Puma","Low Boots","tchooz","180","tchooz:9160579318017",,"USD","true",,"men","false","Mostro XC Prime Men","2026-05-22T03:00:10Z","41","42","44","44.5","45","46",,,,,,,"40433608","https://tchoozshoes.com/products/mostro-xc-prime-men","does_not_exist"
"in_stock","Puma","Low Boots","tchooz","133","tchooz:9160579219713",,"USD","true",,"women","false","X-Cell Nova FS Women","2026-05-22T03:00:10Z","36","37","37.5","38","38.5","39","40","41",,,,,"37949545","https://tchoozshoes.com/products/x-cell-nova-fs-women","does_not_exist"
"in_stock","Puma","Low Boots","tchooz","153","tchooz:9160579154177",,"USD","true",,"men","false","Maxima Pro Men","2026-05-22T03:00:10Z","41","42","42.5","43","44","44.5","45","46","47",,,,"31331316","https://tchoozshoes.com/products/maxima-pro-men","does_not_exist"
"in_stock","Puma","Low Boots","tchooz","113","tchooz:9160579088641",,"USD","true",,"women","false","Softride Charm Women","2026-05-22T03:00:10Z","36","37","37.5","38","38.5","39","40","41",,,,,"31296608","https://tchoozshoes.com/products/softride-charm-women","does_not_exist"
"in_stock","Puma","Low Boots","tchooz","144","tchooz:9160578990337",,"USD","true",,"women","false","Softride Enzo 5 Shine Women","2026-05-22T03:00:10Z","36","37","38","38.5","39","40","41",,,,,,"31288201","https://tchoozshoes.com/products/softride-enzo-5-shine-women","does_not_exist"
"in_stock","Puma","Low Boots","tchooz","190","tchooz:9160578924801",,"USD","true",,"men","false","MB.05 Lo Launch Men","2026-05-22T03:00:10Z","41","42","43","44","45","46","47","48",,,,,"31275301","https://tchoozshoes.com/products/mb-05-lo-launch-men","does_not_exist"
"in_stock","Puma","Low Boots","tchooz","123","tchooz:9160578826497",,"USD","true",,"men","false","Softride Enzo 5 Slip Tech Men","2026-05-22T03:00:10Z","41","42","43","44","44.5","45",,,,,,,"31258102","https://tchoozshoes.com/products/softride-enzo-5-slip-tech-men","does_not_exist"
"in_stock","Puma","Low Boots","tchooz","92","tchooz:9160578695425",,"USD","true",,"women","false","Skyrocket Lite 2 Women","2026-05-22T03:00:10Z","Purple",,,,,,,,,,,,"31173030","https://tchoozshoes.com/products/skyrocket-lite-2-women","does_not_exist"
"in_stock","Puma","Low Boots","tchooz","159","tchooz:9160578597121",,"USD","true",,"men","false","BMW MMS Solar Men","2026-05-22T03:00:10Z","41","42","43","44","44.5","45","46","47",,,,,"30912901","https://tchoozshoes.com/products/bmw-mms-solar-men","does_not_exist"
"in_stock","Puma","Low Boots","tchooz","195","tchooz:9160578498817",,"USD","true",,"men","false","Ferrari RS Surge Men","2026-05-22T03:00:10Z","41","42","43","44","44.5","45","46","47",,,,,"30912701","https://tchoozshoes.com/products/ferrari-rs-surge-men","does_not_exist"
"in_stock","Puma","Bags","tchooz","21","tchooz:9159665778945",,"USD","true",,"unisex","false","PUMA PHASE Waist Bag","2026-05-22T03:00:10Z","X",,,,,,,,,,,,"9116501","https://tchoozshoes.com/products/puma-phase-waist-bag","does_not_exist"
"in_stock","Puma","Bags","tchooz","51","tchooz:9159665746177",,"USD","true",,"unisex","false","PL Portable","2026-05-22T03:00:10Z","X",,,,,,,,,,,,"9225101","https://tchoozshoes.com/products/pl-portable","does_not_exist"
"in_stock","Puma","Bags","tchooz","46","tchooz:9159665713409",,"USD","true",,"women","false","UP Mini Grip Bag Women","2026-05-22T03:00:10Z","X",,,,,,,,,,,,"9217901","https://tchoozshoes.com/products/up-mini-grip-bag-women","does_not_exist"
"in_stock","Puma","Backpacks","tchooz","56","tchooz:9159665647873",,"USD","true",,"women","false","UP Small Backpack Women","2026-05-22T03:00:10Z","X",,,,,,,,,,,,"9217701","https://tchoozshoes.com/products/up-small-backpack-women","does_not_exist"
"in_stock","Puma","Caps","tchooz","55","tchooz:9159665582337",,"USD","true",,"unisex","false","AMF1 BB Cap","2026-05-22T03:00:10Z","X",,,,,,,,,,,,"2693801","https://tchoozshoes.com/products/amf1-bb-cap","does_not_exist"
"in_stock","Puma","Caps","tchooz","55","tchooz:9159665549569",,"USD","true",,"unisex","false","AMF1 LIFESTYLE BB Cap","2026-05-22T03:00:10Z","X",,,,,,,,,,,,"2693401","https://tchoozshoes.com/products/amf1-lifestyle-bb-cap","does_not_exist"
"in_stock","Puma","Caps","tchooz","51","tchooz:9159665516801",,"USD","true",,"unisex","false","F1 LIFESTYLE BB Cap","2026-05-22T03:00:10Z","X",,,,,,,,,,,,"2689601","https://tchoozshoes.com/products/f1-lifestyle-bb-cap","does_not_exist"
"in_stock","Puma","Caps","tchooz","26","tchooz:9159665484033",,"USD","true",,"unisex","false","ESS NO. 1 LOGO PATCH BB Cap","2026-05-22T03:00:10Z","X",,,,,,,,,,,,"2599701","https://tchoozshoes.com/products/ess-no-1-logo-patch-bb-cap","does_not_exist"
"in_stock","Puma","Bags","tchooz","72","tchooz:8913687314689",,"USD","true",,"unisex","false","PUMA BUZZ Medium Sports Bag","2026-05-22T03:00:10Z","X",,,,,,,,,,,,"9144301","https://tchoozshoes.com/products/puma-buzz-medium-sports-bag","does_not_exist"
"in_stock","Puma","Bags","tchooz","36","tchooz:9115225358593",,"USD","true",,"women","false","POP Tote Women","2026-05-22T03:00:10Z","X",,,,,,,,,,,,"9133607","https://tchoozshoes.com/products/pop-tote-women","does_not_exist"
"in_stock","Puma","Bags","tchooz","37","tchooz:8767909069057",,"USD","true",,"unisex","false","CAMPUS Portable Unisex","2026-05-22T03:00:10Z","X",,,,,,,,,,,,"9129501","https://tchoozshoes.com/products/9129501","9129501"
"in_stock","Puma","Bags","tchooz","67","tchooz:8689301586177",,"USD","true",,"unisex","false","PUMA BUZZ Small Sports Bag","2026-05-22T03:00:10Z","X",,,,,,,,,,,,"9115801","https://tchoozshoes.com/products/9115801","9115801"
"in_stock","Puma","Bags","tchooz","26","tchooz:8689301553409",,"USD","true",,"unisex","false","PUMA BUZZ Portable","2026-05-22T03:00:10Z","X","Beige",,,,,,,,,,,"9115501","https://tchoozshoes.com/products/puma-buzz-portable","does_not_exist"
"in_stock","Puma","Bags","tchooz","72","tchooz:8732540076289",,"USD","true",,"unisex","false","PUMA CHALLENGER AOP Medium Sports Bag Unisex","2026-05-22T03:00:10Z","X",,,,,,,,,,,,"9114604","https://tchoozshoes.com/products/9114601","9114601"
"in_stock","Puma","Caps","tchooz","49","tchooz:9159656636673",,"USD","true",,"unisex","false","PL BB Cap","2026-05-22T03:00:10Z","X",,,,,,,,,,,,"2645601","https://tchoozshoes.com/products/pl-bb-cap","does_not_exist"
"in_stock","Puma","Low Boots","tchooz","135","tchooz:9155725525249",,"USD","true",,"women","false","Speedcat Go Women","2026-05-22T03:00:10Z","36","37","38","40","41",,,,,,,,"40358905","https://tchoozshoes.com/products/speedcat-go-women","does_not_exist"
"in_stock","Puma","Low Boots","tchooz","75","tchooz:9155712876801",,"USD","true",,"kids","false","Puma Reb-L Jr","2026-05-22T03:00:10Z","White And Pink","White And Black",,,,,,,,,,,"39899309","https://tchoozshoes.com/products/puma-reb-l-jr","does_not_exist"
"in_stock","Puma","Low Boots","tchooz","60","tchooz:9155712680193",,"USD","true",,"kids","false","Trinity 2 LT Come On AC+ Inf","2026-05-22T03:00:10Z","Purple",,,,,,,,,,,,"40502202","https://tchoozshoes.com/products/trinity-2-lt-come-on-ac-inf","does_not_exist"
"in_stock","Puma","Low Boots","tchooz","100","tchooz:9155712614657",,"USD","true",,"kids","false","Trinity 2 Jr","2026-05-22T03:00:10Z","36","37","37.5","38","38.5","39",,,,,,,"40149012","https://tchoozshoes.com/products/trinity-2-jr","does_not_exist"
"in_stock","Puma","Low Boots","tchooz","60","tchooz:9155712581889",,"USD","true",,"kids","false","Puma Smash 3.0 Badges V Inf","2026-05-22T03:00:10Z","21","22","23","24","25","26","27",,,,,,"39728701","https://tchoozshoes.com/products/puma-smash-3-0-badges-v-inf","does_not_exist"
"in_stock","Puma","Low Boots","tchooz","65","tchooz:9155712516353",,"USD","true",,"kids","false","Puma Caven III Paw Patrol AC+ PS","2026-05-22T03:00:10Z","28","29","30","31","32","33","34","35",,,,,"40576401","https://tchoozshoes.com/products/puma-caven-iii-paw-patrol-ac-ps","does_not_exist"
"in_stock","Puma","Low Boots","tchooz","60","tchooz:9155712483585",,"USD","true",,"kids","false","Puma Caven III Paw Patrol AC+ Inf","2026-05-22T03:00:10Z","21","22","23","24","26","25","27",,,,,,"40690001","https://tchoozshoes.com/products/puma-caven-iii-paw-patrol-ac-inf","does_not_exist"
"in_stock","Puma","Low Boots","tchooz","65","tchooz:9155712450817",,"USD","true",,"kids","false","Puma Caven III AC+ PS","2026-05-22T03:00:10Z","White And Blue",,,,,,,,,,,,"40623905","https://tchoozshoes.com/products/puma-caven-iii-ac-ps","does_not_exist"
"in_stock","Puma","Pants","tchooz","97","tchooz:8751304147201",,"USD","true",,"women","false","T7 ALWAYS ON Straight Track Pants op Women","2026-05-22T03:00:10Z","XS","S","M","L",,,,,,,,,"62979701","https://tchoozshoes.com/products/t7-always-on-straight-track-pants-op","does_not_exist"
"in_stock","Puma","Tees","tchooz","46","tchooz:9115221197057",,"USD","true",,"men","false","TAD ESSENTIALS AOP Tee Men","2026-05-22T03:00:10Z","S","M","L","XL",,,,,,,,,"52853801","https://tchoozshoes.com/products/tad-essentials-aop-tee-men","does_not_exist"
"in_stock","Puma","Tees","tchooz","51","tchooz:9115217002753",,"USD","true",,"women","false","W RUN VELOCITY TEE (TRI-BLEND) Women","2026-05-22T03:00:10Z","XS","S","M","L",,,,,,,,,"52658001","https://tchoozshoes.com/products/w-run-velocity-tee-tri-blend-women","does_not_exist"
"in_stock","Puma","Tees","tchooz","51","tchooz:9115228963073",,"USD","true",,"men","false","RUN VELOCITY TEE Men","2026-05-22T03:00:10Z","S","M","L","XL",,,,,,,,,"52660388","https://tchoozshoes.com/products/run-velocity-tee-men","does_not_exist"
"in_stock","Puma","Tees","tchooz","105","tchooz:9155438903553",,"USD","true",,"kids","false","FPF Away Jersey Replica Jr","2026-05-22T03:00:10Z","7-8 Years","9-10 Years","11-12 Years","13-14 Years",,,,,,,,,"78329102","https://tchoozshoes.com/products/fpf-away-jersey-replica-jr","does_not_exist"
"in_stock","Puma","Suits","tchooz","113","tchooz:9155438870785",,"USD","true",,"men","false","ESS Poly Suit Men","2026-05-22T03:00:10Z","S","M","L","XL",,,,,,,,,"69263001","https://tchoozshoes.com/products/ess-poly-suit-men","does_not_exist"
"in_stock","Puma","Shorts","tchooz","72","tchooz:9155438838017",,"USD","true",,"men","false","McLaren ESS Shorts Men","2026-05-22T03:00:10Z","S","M","L","XL",,,,,,,,,"63745401","https://tchoozshoes.com/products/mclaren-ess-shorts-men","does_not_exist"
"in_stock","Puma","Pants","tchooz","92","tchooz:9155438805249",,"USD","true",,"men","false","McLaren ESS Pants Men","2026-05-22T03:00:10Z","S","M","L",,,,,,,,,,"63745301","https://tchoozshoes.com/products/mclaren-ess-pants-men","does_not_exist"
"in_stock","Puma","Tees","tchooz","56","tchooz:9155438772481",,"USD","true",,"men","false","McLaren Driver2 Tee Men","2026-05-22T03:00:10Z","S","L","M","XL",,,,,,,,,"63745201","https://tchoozshoes.com/products/mclaren-driver2-tee-men","does_not_exist"
"in_stock","Puma","Polos","tchooz","74","tchooz:9155438739713",,"USD","true",,"men","false","McLaren Small Logo Polo Men","2026-05-22T03:00:10Z","S","M","L","XL",,,,,,,,,"63745003","https://tchoozshoes.com/products/mclaren-small-logo-polo-men","does_not_exist"
"in_stock","Puma","Tees","tchooz","51","tchooz:9155438706945",,"USD","true",,"men","false","McLaren Small Logo Tee Men","2026-05-22T03:00:10Z","M","L",,,,,,,,,,,"63744804","https://tchoozshoes.com/products/mclaren-small-logo-tee-men","does_not_exist"
"in_stock","Puma","Tees","tchooz","72","tchooz:9155438674177",,"USD","true",,"men","false","BMW MMS Ess Graphic Tee Men","2026-05-22T03:00:10Z","S","M","L","XL",,,,,,,,,"63489901","https://tchoozshoes.com/products/bmw-mms-ess-graphic-tee-men","does_not_exist"
"in_stock","Puma","Tees","tchooz","72","tchooz:9155438641409",,"USD","true",,"men","false","BMW MMS Sportswear Graphic Tee II Men","2026-05-22T03:00:10Z","S","M","L","XL",,,,,,,,,"63489102","https://tchoozshoes.com/products/bmw-mms-sportswear-graphic-tee-ii-men","does_not_exist"
"in_stock","Puma","Polos","tchooz","82","tchooz:9155438608641",,"USD","true",,"men","false","BMW MMS Sportswear Polo Men","2026-05-22T03:00:10Z","S","M","L","XL",,,,,,,,,"63488302","https://tchoozshoes.com/products/bmw-mms-sportswear-polo-men","does_not_exist"
"in_stock","Puma","Shorts","tchooz","92","tchooz:9155438575873",,"USD","true",,"men","false","BMW MMS Sportswear Sweat Shorts 7"" Men","2026-05-22T03:00:10Z","S","M","L","XL",,,,,,,,,"63488201","https://tchoozshoes.com/products/bmw-mms-sportswear-sweat-shorts-7-men","does_not_exist"
"in_stock","Puma","Tops","tchooz","55","tchooz:9155438543105",,"USD","true",,"kids","false","SPORTY CATS Relaxed Crew PS","2026-05-22T03:00:10Z","3-4 Years","4-5 Years","5-6 Years","6-7 Years",,,,,,,,,"63455102","https://tchoozshoes.com/products/sporty-cats-relaxed-crew-ps","does_not_exist"
"in_stock","Puma","Shorts","tchooz","97","tchooz:9155438510337",,"USD","true",,"men","false","Ferrari Sweat Shorts Men","2026-05-22T03:00:10Z","S","M","L","XL",,,,,,,,,"63424502","https://tchoozshoes.com/products/ferrari-sweat-shorts-men","does_not_exist"
"in_stock","Puma","Tees","tchooz","30","tchooz:9155438477569",,"USD","true",,"girls","false","T7 Baby Tee Girls","2026-05-22T03:00:10Z","Purple",,,,,,,,,,,,"62990060","https://tchoozshoes.com/products/t7-baby-tee-girls","does_not_exist"
"in_stock","Puma","Tees","tchooz","38","tchooz:9155438412033",,"USD","true",,"women","false","WARDROBE ESS Baby Tee Women","2026-05-22T03:00:10Z","XS","S","M","L",,,,,,,,,"62974501","https://tchoozshoes.com/products/wardrobe-ess-baby-tee-women","does_not_exist"
"in_stock","Puma","Shorts","tchooz","51","tchooz:9155438379265",,"USD","true",,"men","false","TAD ESSENTIALS AOP 7"" WOVEN SHORT Men","2026-05-22T03:00:10Z","S","M","L","XL",,,,,,,,,"52853901","https://tchoozshoes.com/products/tad-essentials-aop-7-woven-short-men","does_not_exist"
"in_stock","Puma","Tees","tchooz","51","tchooz:9155438346497",,"USD","true",,"men","false","PWRTRAIN FABRIC MIX TEE Men","2026-05-22T03:00:10Z","S","M","L","XL",,,,,,,,,"52853599","https://tchoozshoes.com/products/pwrtrain-fabric-mix-tee-men","does_not_exist"
"in_stock","Puma","Shorts","tchooz","51","tchooz:9155438313729",,"USD","true",,"women","false","Puma Strong Cross Front Short Tight - HW 5"" Women","2026-05-22T03:00:10Z","XS","S","M","L",,,,,,,,,"52849701","https://tchoozshoes.com/products/puma-strong-cross-front-short-tight-hw-5-women","does_not_exist"
"in_stock","Puma","Tees","tchooz","46","tchooz:9155438280961",,"USD","true",,"men","false","Run Nitro Graphic Tee Men","2026-05-22T03:00:10Z","S","M","L","XL",,,,,,,,,"52844901","https://tchoozshoes.com/products/run-nitro-graphic-tee-men","does_not_exist"
"in_stock","Puma","Tees","tchooz","67","tchooz:9155438248193",,"USD","true",,"men","false","CLOUDSPUN TEE Men","2026-05-22T03:00:10Z","S","M","L","XL",,,,,,,,,"52759301","https://tchoozshoes.com/products/cloudspun-tee-men","does_not_exist"
"in_stock","Puma","Tees","tchooz","56","tchooz:9155438215425",,"USD","true",,"women","false","CLOUDSPUN RELAXED TEE Women","2026-05-22T03:00:10Z","XS","S","L",,,,,,,,,,"52745701","https://tchoozshoes.com/products/cloudspun-relaxed-tee-women","does_not_exist"
"in_stock","Puma","Shorts","tchooz","77","tchooz:9155438182657",,"USD","true",,"men","false","RUN VELOCITY 7"" SHORT Men","2026-05-22T03:00:10Z","Silver",,,,,,,,,,,,"52660882","https://tchoozshoes.com/products/run-velocity-7-short-men","does_not_exist"
"in_stock","Puma","Tanks","tchooz","36","tchooz:9155438149889",,"USD","true",,"women","false","TAD ESSENTIAL Racerback Tank Women","2026-05-22T03:00:10Z","Purple",,,,,,,,,,,,"52588760","https://tchoozshoes.com/products/tad-essential-racerback-tank-women","does_not_exist"
"in_stock","Adidas","Low Boots","tchooz","159","tchooz:9133412811009","119","USD","true","25.16","men","true","SAMBA OG Men","2026-05-22T03:00:10Z","White And Gray","45 1/3","White And Black","42 2/3","43 1/3","44",,,,,,,"IH6870","https://tchoozshoes.com/products/samba-og-men","does_not_exist"
"in_stock","Adidas","Low Boots","tchooz","175","tchooz:9120103006465","105","USD","true","40","men","true","SAMBA XLG Men","2026-05-22T03:00:10Z","White And Blue",,,,,,,,,,,,"JI3190","https://tchoozshoes.com/products/samba-xlg-men","does_not_exist"
"in_stock","Adidas","Low Boots","tchooz","159","tchooz:9115231518977",,"USD","true",,"men","false","SAMBA OG F-LIFESTYLE Men","2026-05-22T03:00:10Z","42","44","44 2/3","45 1/3",,,,,,,,,"B75806XX","https://tchoozshoes.com/products/samba-og-f-lifestyle-men","does_not_exist"
"in_stock","Puma","Jackets","tchooz","110","tchooz:9115229257985","37","USD","true","66.36","men","true","AHSFC Anniversary Track Jacket Men","2026-05-22T03:00:10Z","M",,,,,,,,,,,,"78161601","https://tchoozshoes.com/products/ahsfc-anniversary-track-jacket-men","does_not_exist"
"in_stock","Puma","Tights","tchooz","55","tchooz:9115226538241",,"USD","true",,"women","false","TAD ESSENTIAL TIGHT - H7/Women","2026-05-22T03:00:10Z","XS","S","M","L","XL",,,,,,,,"52589901","https://tchoozshoes.com/products/tad-essential-tight-h7-women","does_not_exist"
"in_stock","Puma","Shorts","tchooz","75","tchooz:9115219656961","40","USD","true","46.67","men","true","M RUN VELOCITY 2IN1 SHORT Men","2026-05-22T03:00:10Z","XXL",,,,,,,,,,,,"52661144","https://tchoozshoes.com/products/m-run-velocity-2in1-short-men","does_not_exist"
"in_stock","Puma","Caps","tchooz","31","tchooz:9115212448001",,"USD","true",,"unisex","false","PREMIUM ESS CLASSIC BB Cap","2026-05-22T03:00:10Z","X",,,,,,,,,,,,"2597401","https://tchoozshoes.com/products/premium-ess-classic-bb-cap","does_not_exist"
"in_stock","Puma","Gloves","tchooz","27","tchooz:6596108189888",,"USD","true",,"unisex","false","Tr Ess Grip Gloves Running/Training Unisex","2026-05-22T03:00:10Z","L",,,,,,,,,,,,"4146401","https://tchoozshoes.com/products/4146401","4146401"
"in_stock","Puma","Low Boots","tchooz","75","tchooz:9045772402945","60","USD","true","20","kids","true","Puma Caven III Jr","2026-05-22T03:00:10Z","37",,,,,,,,,,,,"40623506","https://tchoozshoes.com/products/40623506","40623506"
"in_stock","Puma","Low Boots","tchooz","60","tchooz:9045772370177","50","USD","true","16.67","kids","true","Puma Smash 3.0 Hearty V Inf","2026-05-22T03:00:10Z","21","22","23","27",,,,,,,,,"40563902","https://tchoozshoes.com/products/40563902","40563902"
"in_stock","Puma","Low Boots","tchooz","123","tchooz:9045772206337","100","USD","true","18.7","men","true","Hypnotic LS 2 Men","2026-05-22T03:00:10Z","41","42","42.5","43","44","44.5","45","46",,,,,"40471402","https://tchoozshoes.com/products/40471402","40471402"
"in_stock","Puma","Low Boots","tchooz","195","tchooz:9045772140801",,"USD","true",,"men","false","RS Surge Men","2026-05-22T03:00:10Z","41","42","44","44.5","45","46","47",,,,,,"40291601","https://tchoozshoes.com/products/40291601","40291601"
"in_stock","Puma","Low Boots","tchooz","70","tchooz:9045771714817",,"USD","true",,"kids","false","Anzarun Lite AC+ PS","2026-05-22T03:00:10Z","Navy",,,,,,,,,,,,"37200948","https://tchoozshoes.com/products/37200948","37200948"
"in_stock","Puma","Low Boots","tchooz","144","tchooz:9045771452673","115","USD","true","20.14","men","true","F1 Caven III Men","2026-05-22T03:00:10Z","41","42","42.5","43","44","44.5","45","46","47",,,,"30910301","https://tchoozshoes.com/products/30910301","30910301"
"in_stock","Puma","Jackets","tchooz","118","tchooz:9042769740033","95","USD","true","19.49","men","true","PUMATECH Woven Track Jacket Men","2026-05-22T03:00:10Z","S","XXL",,,,,,,,,,,"69218481","https://tchoozshoes.com/products/69218481","69218481"
"in_stock","Puma","Tees","tchooz","41","tchooz:9040762208513","35","USD","true","14.63","men","true","PUMATECH Tee Men","2026-05-22T03:00:10Z","S","M","L","XL",,,,,,,,,"69218087","https://tchoozshoes.com/products/69218038","69218038"
"in_stock","Puma","Pants","tchooz","92","tchooz:9040759685377","75","USD","true","18.48","men","true","BMW MMS Ess Pants Ft Men","2026-05-22T03:00:10Z","S","M","L","XL",,,,,,,,,"63489401","https://tchoozshoes.com/products/63489401","63489401"
"in_stock","Puma","Pants","tchooz","128","tchooz:9040759488769","100","USD","true","21.88","men","true","BMW MMS Sportswear Sweat Pants Men","2026-05-22T03:00:10Z","S","M","L","XL",,,,,,,,,"63488101","https://tchoozshoes.com/products/63488101","63488101"
"in_stock","Puma","Tees","tchooz","67","tchooz:9040759030017","55","USD","true","17.91","men","true","F1 Miami Tee Men","2026-05-22T03:00:10Z","S","M",,,,,,,,,,,"63454001","https://tchoozshoes.com/products/63454001","63454001"
"in_stock","Puma","Pants","tchooz","92","tchooz:9040758898945","75","USD","true","18.48","men","true","PL ESS Pants Men","2026-05-22T03:00:10Z","S","M","L","XL",,,,,,,,,"63449419","https://tchoozshoes.com/products/63449419","63449419"
"in_stock","Puma","Low Boots","tchooz","153","tchooz:9038730690817","120","USD","true","21.57","men","true","Ayro Street Men","2026-05-22T03:00:10Z","White And Black","42","44","45","46",,,,,,,,"31296501","https://tchoozshoes.com/products/31296502","31296502"
"in_stock","Puma","Backpacks","tchooz","110","tchooz:8956551168257",,"USD","true",,"unisex","false","BMW MMS PRO Backpack","2026-05-22T03:00:10Z","X",,,,,,,,,,,,"9124101","https://tchoozshoes.com/products/9124101","9124101"
"in_stock","Puma","Hoodies","tchooz","72","tchooz:8880434512129","35","USD","true","51.39","men","true","ESS No. 1 Logo Hoodie TR Men","2026-05-22T03:00:10Z","XXL",,,,,,,,,,,,"68257207","https://tchoozshoes.com/products/68257207","68257207"
"in_stock","Puma","Low boots","tchooz","70","tchooz:8751719448833","55","USD","true","21.43","men","true","ATTACANTO TT Men","2026-05-22T03:00:10Z","42.5","43","44.5",,,,,,,,,,"10747812","https://tchoozshoes.com/products/10747812","10747812"
"in_stock","Puma","Tights","tchooz","41","tchooz:8689303650561","35","USD","true","14.63","women","true","ESS Logo Leggings Women","2026-05-22T03:00:10Z","XS","S","M",,,,,,,,,,"68242601","https://tchoozshoes.com/products/68242601","68242601"
"in_stock","Puma","Low Boots","tchooz","80","tchooz:9045772304641","65","USD","true","18.75","kids","true","Carina 3.0 Floral Jr","2026-05-22T03:00:10Z","36","37.5","38","38.5","39",,,,,,,,"40562401","https://tchoozshoes.com/products/40562401","40562401"
"in_stock","Puma","Low Boots","tchooz","175","tchooz:9119011176705",,"USD","true",,"women","false","Speedcat Lux Women","2026-05-22T03:00:10Z","36","38","40",,,,,,,,,,"40819801-w","https://tchoozshoes.com/products/40819801-w","does_not_exist"
"in_stock","Puma","Low Boots","tchooz","175","tchooz:9119008817409",,"USD","true",,"men","false","Speedcat Lux Men","2026-05-22T03:00:10Z","41","42","43","44","46",,,,,,,,"40819801","https://tchoozshoes.com/products/40819801","40819801"
"in_stock","Puma","Tees","tchooz","58","tchooz:9115226210561","35","USD","true","39.66","men","true","BMMMS ESS Logo Tee Men","2026-05-22T03:00:10Z","XL",,,,,,,,,,,,"63235802","https://tchoozshoes.com/products/bmmms-ess-logo-tee-men","does_not_exist"
"in_stock","Adidas","Tights","tchooz","61","tchooz:9115229094145","27","USD","true","55.74","women","true","W FI 3S LEGGING A-NOT SPORTS SPECIFIC Women","2026-05-22T03:00:10Z","XS","S",,,,,,,,,,,"IW5293XX","https://tchoozshoes.com/products/w-fi-3s-legging-a-not-sports-specific-women","does_not_exist"
"in_stock","Puma","Low Boots","tchooz","70","tchooz:8282808254721",,"USD","true",,"unisex","false","Anzarun Lite AC+ PS Inf Footwear Sportstyle Kids PS Boys/Unisex","2026-05-22T03:00:10Z","28","31","32","34",,,,,,,,,"37200901","https://tchoozshoes.com/products/37200901","37200901"
"in_stock","Adidas","Tee","tchooz","144","tchooz:9117900734721","70","USD","true","51.39","men","true","Adidas INTER MIAMI IMCF JSY AWAY Football Men","2026-05-22T03:00:10Z","L","XL",,,,,,,,,,,"JE9744","https://tchoozshoes.com/products/adidas-inter-miami-imcf-jsy-away-football-men","does_not_exist"
"in_stock","Adidas","Low Boots","tchooz","121","tchooz:8933873877249","91","USD","true","24.79","men","true","GRAND COURT 2.0 Men","2026-05-22T03:00:10Z","45 1/3",,,,,,,,,,,,"gw9196","https://tchoozshoes.com/products/gw9196","GW9196"
"in_stock","On","Low Boots","tchooz","219","tchooz:9115220377857","175","USD","true","20.09","men","true","Cloudsurfer Max Men","2026-05-22T03:00:10Z","42",,,,,,,,,,,,"3MF30434287","https://tchoozshoes.com/products/cloudsurfer-max-men","does_not_exist"
"in_stock","On","Low Boots","tchooz","209","tchooz:9036979470593",,"USD","true",,"men","false","Cloudhorizon 2 Men","2026-05-22T03:00:10Z","42",,,,,,,,,,,,"3mg10541043","https://tchoozshoes.com/products/3mg10541043","3MG10541043"
"in_stock","Puma","Low Boots","tchooz","82","tchooz:9100414517505","65","USD","true","20.73","women","true","Anzarun 2 Lite SLIPTECH Women","2026-05-22T03:00:10Z","36","41",,,,,,,,,,,"40631207","https://tchoozshoes.com/products/40631207","40631207"
"in_stock","Puma","Low Boots","tchooz","65","tchooz:9045772337409",,"USD","true",,"kids","false","Puma Smash 3.0 Hearty V PS","2026-05-22T03:00:10Z","33","34","35","28","29","30","31","32",,,,,"40563802","https://tchoozshoes.com/products/40563802","40563802"
"in_stock","Puma","Low Boots","tchooz","108","tchooz:9045771550977","85","USD","true","21.3","men","true","Pounce Lite Men","2026-05-22T03:00:10Z","Navy",,,,,,,,,,,,"31077813","https://tchoozshoes.com/products/31077813","31077813"
"in_stock","Puma","Pants","tchooz","64","tchooz:9040760504577",,"USD","true",,"women","false","ESS Small No. 1 Logo Sweatpants TR op Women","2026-05-22T03:00:10Z","XS","S","M","L",,,,,,,,,"68245401","https://tchoozshoes.com/products/68245401","68245401"
"in_stock","Puma","Tees","tchooz","56","tchooz:9040759914753",,"USD","true",,"men","false","BMW MMS Ess Logo Tee Men","2026-05-22T03:00:10Z","S","XL",,,,,,,,,,,"63489701","https://tchoozshoes.com/products/63489701","63489701"
"in_stock","Puma","Wallets","tchooz","15","tchooz:9040757293313",,"USD","true",,"unisex","false","PUMA PHASE AOP Wallet","2026-05-22T03:00:10Z","X",,,,,,,,,,,,"5475805","https://tchoozshoes.com/products/5475805","5475805"
"in_stock","Puma","Jackets","tchooz","90","tchooz:9012612956417","65","USD","true","27.78","kids","true","Minicats Hooded Padded Jacket","2026-05-22T03:00:10Z","1-2 Years","2-3 Years","3-4 Years",,,,,,,,,,"68840234","https://tchoozshoes.com/products/68840234","68840234"
"in_stock","Puma","Hoodies","tchooz","90","tchooz:8980010238209","65","USD","true","27.78","men","true","PUMA CLASS Relaxed Pinnacle Hoodie TR Men","2026-05-22T03:00:10Z","XXL",,,,,,,,,,,,"63301682","https://tchoozshoes.com/products/63301682","63301682"
"in_stock","Puma","Beanies","tchooz","25","tchooz:8980007977217",,"USD","true",,"kids","false","ANIMAL Mid Crown Beanie Junior","2026-05-22T03:00:10Z","Beige",,,,,,,,,,,,"2656401","https://tchoozshoes.com/products/2656401","2656401"
"in_stock","Puma","Tights","tchooz","72","tchooz:8953401114881","45","USD","true","37.5","women","true","STRONG COLORBLOCKTIGHT HW 7/8 Women","2026-05-22T03:00:10Z","L",,,,,,,,,,,,"52667996","https://tchoozshoes.com/products/52667996","52667996"
"in_stock","Puma","Jackets","tchooz","155","tchooz:8919934468353",,"USD","true",,"women","false","ESS Hooded Padded Jacket Women","2026-05-22T03:00:10Z","S",,,,,,,,,,,,"68523101","https://tchoozshoes.com/products/68523101","68523101"
"in_stock","Puma","Sweatshirts","tchooz","130","tchooz:8916741718273","80","USD","true","38.46","men","true","BMW MMS Graphic Crewneck Sweat Men","2026-05-22T03:00:10Z","L","XL","XXL",,,,,,,,,,"63259301","https://tchoozshoes.com/products/63259301","63259301"
"in_stock","Puma","Sets","tchooz","45","tchooz:8779605475585",,"USD","true",,"boys","false","ESS No1 Logo T and Shorts Set PS Boys","2026-05-22T03:00:10Z","White And Black",,,,,,,,,,,,"68524002","https://tchoozshoes.com/products/68524002","68524002"
"in_stock","Puma","Tees","tchooz","30","tchooz:9115224801537","10","USD","true","66.67","boys","true","PUMA CLASS Graphic Tee Boys","2026-05-22T03:00:10Z","5-6 Years",,,,,,,,,,,,"68581430","https://tchoozshoes.com/products/puma-class-graphic-tee-boys","does_not_exist"
"in_stock","Puma","Tights","tchooz","90","tchooz:9115230339329","20","USD","true","77.78","women","true","T7 PLAY.PARIS. Flared Leggings PRIME Women","2026-05-22T03:00:10Z","Purple",,,,,,,,,,,,"62680944","https://tchoozshoes.com/products/t7-play-paris-flared-leggings-prime-women","does_not_exist"
"in_stock","Puma","Training Balls","tchooz","35","tchooz:9115231944961",,"USD","true",,"women","false","PUMA CAGE ball Men Teamsport","2026-05-22T03:00:10Z","5",,,,,,,,,,,,"8421302","https://tchoozshoes.com/products/puma-cage-ball-men-teamsport","does_not_exist"
"in_stock","Puma","Low Boots","tchooz","164","tchooz:9038730756353","100","USD","true","39.02","women","true","Cali Sylva Metallic Women","2026-05-22T03:00:10Z","36","37","37.5","38","38.5","39","40","41",,,,,"40548201","https://tchoozshoes.com/products/40548201","40548201"
"in_stock","Puma","Low Boots","tchooz","190","tchooz:9118996594945",,"USD","true",,"men","false","F1 Fade Nitro Men","2026-05-22T03:00:10Z","41","42","43","44","44.5","45","46","47",,,,,"30941401","https://tchoozshoes.com/products/30941401","30941401"
"in_stock","Puma","Low Boots","tchooz","149","tchooz:9045771780353","90","USD","true","39.6","women","true","Mayze Lth Wn s Women","2026-05-22T03:00:10Z","36","37","37.5","38","38.5","39","40","40.5","41",,,,"38198301","https://tchoozshoes.com/products/38198301","38198301"
"in_stock","Puma","Low Boots","tchooz","87","tchooz:9130105569537","60","USD","true","31.03","men","true","Puma Shuffle Men","2026-05-22T03:00:10Z","White And Gold","White And Navy","White And Black",,,,,,,,,,"30966808","https://tchoozshoes.com/products/puma-shuffle-men","does_not_exist"
"in_stock","Puma","Low Boots","tchooz","92","tchooz:9115234271489",,"USD","true",,"men","false","Puma Rickie Classic Men","2026-05-22T03:00:10Z","41","42","44","46",,,,,,,,,"39425101","https://tchoozshoes.com/products/puma-rickie-classic-men","does_not_exist"
"in_stock","Puma","Low Boots","tchooz","118","tchooz:9115234009345","95","USD","true","19.49","women","true","Softride Enzo 5 Metallic Women","2026-05-22T03:00:10Z","36","39","41",,,,,,,,,,"31047309","https://tchoozshoes.com/products/softride-enzo-5-metallic-women","does_not_exist"
"in_stock","Puma","Low Boots","tchooz","154","tchooz:9115233779969","105","USD","true","31.82","men","true","PWR Hybrid TR Men","2026-05-22T03:00:10Z","40.5","41","43","44","44.5","45","46","42","47","Beige","White And Black",,"31028223","https://tchoozshoes.com/products/pwr-hybrid-tr-men","does_not_exist"
"in_stock","Puma","Low Boots","tchooz","60","tchooz:9115230208257","40","USD","true","33.33","unisex","true","All-Day Active AC+ PS Unisex/Boys","2026-05-22T03:00:10Z","31",,,,,,,,,,,,"38738706","https://tchoozshoes.com/products/all-day-active-ac-ps-unisex-boys","does_not_exist"
"in_stock","Puma","Low Boots","tchooz","145","tchooz:9115228995841","75","USD","true","48.28","men","true","Easy Rider Vintage Men","2026-05-22T03:00:10Z","44","44.5","47",,,,,,,,,,"39902810","https://tchoozshoes.com/products/easy-rider-vintage-men","does_not_exist"
"in_stock","Puma","Tees","tchooz","31","tchooz:9115228930305","25","USD","true","19.35","women","true","ESS Logo Tee Women","2026-05-22T03:00:10Z","XS","S","L","M","Purple","White And Pink",,,,,,,"68237002","https://tchoozshoes.com/products/ess-logo-tee-women","does_not_exist"
"in_stock","Puma","Tights","tchooz","45","tchooz:9115226833153","20","USD","true","55.56","girls","true","PUMA CLASS HW Flared Leggings G Girls","2026-05-22T03:00:10Z","15-16 Years",,,,,,,,,,,,"68587018","https://tchoozshoes.com/products/puma-class-hw-flared-leggings-g-girls","does_not_exist"
"in_stock","Puma","Low Boots","tchooz","70","tchooz:9115224998145","30","USD","true","57.14","boys","true","ULTRA 5 PLAY TT Jr Boys","2026-05-22T03:00:10Z","37",,,,,,,,,,,,"10833301","https://tchoozshoes.com/products/ultra-5-play-tt-jr-boys","does_not_exist"
"in_stock","Puma","Tights","tchooz","85","tchooz:9115223621889","35","USD","true","58.82","women","true","SHAPELUXE SEAMLESS HW FL TIGHTS Women","2026-05-22T03:00:10Z","S","Purple",,,,,,,,,,,"52436046","https://tchoozshoes.com/products/shapeluxe-seamless-hw-fl-tights-women","does_not_exist"
"in_stock","Puma","Swimwear","tchooz","42","tchooz:9115223490817",,"USD","true",,"women","false","PUMA SWIM WOMEN TRIANGLE TOP","2026-05-22T03:00:10Z","S","M",,,,,,,,,,,"100037032","https://tchoozshoes.com/products/puma-swim-women-triangle-top","does_not_exist"
"in_stock","Puma","Short","tchooz","43","tchooz:9115222475009",,"USD","true",,"men","false","M TAD ESSENTIALS 8 Knit Short Men","2026-05-22T03:00:10Z","S","M","L","XL",,,,,,,,,"52590901","https://tchoozshoes.com/products/m-tad-essentials-8-knit-short-men","does_not_exist"
"in_stock","Puma","Suits","tchooz","110","tchooz:9115219394817","90","USD","true","18.18","women","true","Poly Suit op Women","2026-05-22T03:00:10Z","XS","S","M","L",,,,,,,,,"68507565","https://tchoozshoes.com/products/poly-suit-op-women","does_not_exist"
"in_stock","Puma","Hoodies","tchooz","72","tchooz:9115219001601","35","USD","true","51.39","women","true","ESS Small No.1 Hoodie FL (s) Women","2026-05-22T03:00:10Z","XS",,,,,,,,,,,,"68239765","https://tchoozshoes.com/products/ess-small-no-1-hoodie-fl-s-women","does_not_exist"
"in_stock","Puma","Low Boots","tchooz","125","tchooz:9115218936065","75","USD","true","40","men","true","F1 Caven 2.0 Men","2026-05-22T03:00:10Z","41","42","44","44.5","45","46",,,,,,,"30907501","https://tchoozshoes.com/products/f1-caven-2-0-men","does_not_exist"
"in_stock","Puma","Tees","tchooz","40","tchooz:9115218510081","20","USD","true","50","men","true","EVOSTRIPE Tee Men","2026-05-22T03:00:10Z","S","M","L","XL","XXL","White And Silver",,,,,,,"69218901","https://tchoozshoes.com/products/evostripe-tee-men","does_not_exist"
"in_stock","Puma","Low Boots","tchooz","160","tchooz:9115218149633","95","USD","true","40.62","men","true","Cell Solar Men","2026-05-22T03:00:10Z","44","46","44.5","45",,,,,,,,,"31117504","https://tchoozshoes.com/products/cell-solar-men","does_not_exist"
"in_stock","Puma","Low Boots","tchooz","95","tchooz:9115217985793","50","USD","true","47.37","women","true","BELLA DONNA L Women","2026-05-22T03:00:10Z","36","37","38",,,,,,,,,,"40267202","https://tchoozshoes.com/products/bella-donna-l-women","does_not_exist"
"in_stock","Puma","Low Boots","tchooz","175","tchooz:9115217920257","105","USD","true","40","men","true","Mostro LC Prime Men","2026-05-22T03:00:10Z","Navy","41","42","43","44","44.5","45","47",,,,,"40433603","https://tchoozshoes.com/products/mostro-lc-prime-men","does_not_exist"
"in_stock","Puma","Low Boots","tchooz","75","tchooz:9115216412929","60","USD","true","20","men","true","VITORIA II TT Men","2026-05-22T03:00:10Z","41","43","44","44.5","45","46",,,,,,,"10850101","https://tchoozshoes.com/products/vitoria-ii-tt-men","does_not_exist"
"in_stock","Puma","Low Boots","tchooz","109","tchooz:9115215986945","75","USD","true","31.19","women","true","Disperse XT 4 Women","2026-05-22T03:00:10Z","36","37",,,,,,,,,,,"31079817","https://tchoozshoes.com/products/disperse-xt-4-women","does_not_exist"
"in_stock","Puma","Low Boots","tchooz","97","tchooz:9115215757569",,"USD","true",,"men","false","Skyrocket Lite 2 Engineered Men","2026-05-22T03:00:10Z","44.5","46",,,,,,,,,,,"31233601","https://tchoozshoes.com/products/skyrocket-lite-2-engineered-men","does_not_exist"
"in_stock","Puma","Hoodies","tchooz","130","tchooz:9115214807297","90","USD","true","30.77","men","true","WARDROBE ESS Boxy Full-Zip Hoodie DK Men","2026-05-22T03:00:10Z","XXL",,,,,,,,,,,,"63206601","https://tchoozshoes.com/products/wardrobe-ess-boxy-full-zip-hoodie-dk-men","does_not_exist"
"in_stock","Puma","Tees","tchooz","45","tchooz:9115214774529","30","USD","true","33.33","women","true","WARDROBE ESS SPORTS LEGACY II Graphic Relaxed Tee Women","2026-05-22T03:00:10Z","S","XS",,,,,,,,,,,"63215265","https://tchoozshoes.com/products/wardrobe-ess-sports-legacy-ii-graphic-relaxed-tee-women","does_not_exist"
"in_stock","Puma","Suits","tchooz","95","tchooz:9115214577921","65","USD","true","31.58","boys","true","T7 ALWAYS ON Track Suit PS","2026-05-22T03:00:10Z","4-5 Years","5-6 Years","6-7 Years",,,,,,,,,,"63377765","https://tchoozshoes.com/products/t7-always-on-track-suit-ps","does_not_exist"
"in_stock","Puma","Low Boots","tchooz","128","tchooz:9115213889793","100","USD","true","21.88","women","true","Scend Pro 2 Women","2026-05-22T03:00:10Z","36","37","37.5","38","39","40","41",,,,,,"31077934","https://tchoozshoes.com/products/scend-pro-2-women","does_not_exist"
"in_stock","Puma","Sets","tchooz","75","tchooz:9115212972289","55","USD","true","26.67","kids","true","HELLO KITTY&FRIENDS MINICATS INF","2026-05-22T03:00:10Z","6-9 Months","12-18 Months","1-2 Years",,,,,,,,,,"63238933","https://tchoozshoes.com/products/hello-kitty-friends-minicats-inf","does_not_exist"
"in_stock","Puma","Low Boots","tchooz","50","tchooz:9115212251393","40","USD","true","20","kids","true","Puma Rickie Classic V Inf","2026-05-22T03:00:10Z","Navy","24","25",,,,,,,,,,"39425401","https://tchoozshoes.com/products/puma-rickie-classic-v-inf","does_not_exist"
"in_stock","Puma","Low Boots","tchooz","113","tchooz:9115212218625","80","USD","true","29.2","women","true","Karmen II Idol Metallic Whisper Women","2026-05-22T03:00:10Z","36","37","39","40.5","41",,,,,,,,"40451801","https://tchoozshoes.com/products/karmen-ii-idol-metallic-whisper-women","does_not_exist"
"in_stock","Puma","Pants","tchooz","72","tchooz:9114713325825",,"USD","true",,"women","false","ESS Cat Comfort Wide Leg Pant TR op Women","2026-05-22T03:00:10Z","XS","S","M",,,,,,,,,,"69170301","https://tchoozshoes.com/products/69170301","69170301"
"in_stock","Puma","Low Boots","tchooz","97","tchooz:9092776558849",,"USD","true",,"women","false","Court Classic Vulc FS Platform Women","2026-05-22T03:00:10Z","36","37","37.5","38","39","41",,,,,,,"40232903","https://tchoozshoes.com/products/40232903","40232903"
"in_stock","Puma","Tops","tchooz","46","tchooz:9086756356353",,"USD","true",,"women","false","W CLOUDSPUN SLEEVELESS TANK Women","2026-05-22T03:00:10Z","Beige",,,,,,,,,,,,"52773399","https://tchoozshoes.com/products/52773399","52773399"
"in_stock","Puma","Low Boots","tchooz","65","tchooz:9086755897601","50","USD","true","23.08","kids","true","Skyrocket 2 AC+ PS","2026-05-22T03:00:10Z","28","29","30","32","33","34","35","31","32.5",,,,"31241411","https://tchoozshoes.com/products/31241409","31241409"
"in_stock","Puma","Low Boots","tchooz","60","tchooz:9047646339329","50","USD","true","16.67","kids","true","Puma Rebound V6 Lo Jelly Heaven AC+ Inf","2026-05-22T03:00:10Z","23","25","27",,,,,,,,,,"40505901","https://tchoozshoes.com/products/40505901","40505901"
"in_stock","Puma","Suits","tchooz","128","tchooz:9040762044673","100","USD","true","21.88","women","true","Hooded Sweat Suit TR cl Women","2026-05-22T03:00:10Z","Purple","XS","S","M",,,,,,,,,"69190260","https://tchoozshoes.com/products/69190260","69190260"
"in_stock","Puma","Shorts","tchooz","51","tchooz:9040759193857","40","USD","true","21.57","women","true","WARDROBE ESS Shorts 4 TR Women","2026-05-22T03:00:10Z","S","M","L",,,,,,,,,,"63458101","https://tchoozshoes.com/products/63458101","63458101"
"in_stock","Puma","Tanks","tchooz","36","tchooz:9040757653761","30","USD","true","16.67","men","true","RUN VELOCITY TANK (POLY) Men","2026-05-22T03:00:10Z","M","XL","L","S",,,,,,,,,"52659501","https://tchoozshoes.com/products/run-velocity-tank-poly-men","does_not_exist"
"in_stock","Puma","Tanks","tchooz","46","tchooz:9040757424385","35","USD","true","23.91","women","true","W TAD ESSENTIAL 2 in 1 Tank Women","2026-05-22T03:00:10Z","XS","M","L",,,,,,,,,,"52588913","https://tchoozshoes.com/products/52588913","52588913"
"in_stock","Puma","Low Boots","tchooz","92","tchooz:9038730789121","75","USD","true","18.48","women","true","Court Lally Topcat Women","2026-05-22T03:00:10Z","36","37","37.5","38","38.5","39","40","41",,,,,"40605901","https://tchoozshoes.com/products/40605902","40605902"
"in_stock","Puma","Low Boots","tchooz","130","tchooz:9027835003137","90","USD","true","30.77","men","true","X-Cell Nova FS Men","2026-05-22T03:00:10Z","41","42","43","44","45","46","44.5","47","Black And Gray",,,,"37949511","https://tchoozshoes.com/products/37949502","37949502"
"in_stock","Puma","Low Boots","tchooz","60","tchooz:8985823969537","40","USD","true","33.33","kids","true","Puma Smash 3.0 L Glitter Velcro V PS","2026-05-22T03:00:10Z","30","31","34","29","32","33",,,,,,,"39560907","https://tchoozshoes.com/products/39560907","39560907"
"in_stock","Puma","Pants","tchooz","82","tchooz:8866982330625",,"USD","true",,"men","false","EVOSTRIPE CORE Pants Men","2026-05-22T03:00:10Z","S","XL",,,,,,,,,,,"63153301","https://tchoozshoes.com/products/63153301","63153301"
"in_stock","Puma","Low Boots","tchooz","108","tchooz:8783766421761","85","USD","true","21.3","men","true","X-Ray 3 LT Men","2026-05-22T03:00:10Z","44","White And Gray",,,,,,,,,,,"40022901","https://tchoozshoes.com/products/40022901","40022901"
"in_stock","Puma","Low Boots","tchooz","85","tchooz:8778506666241","70","USD","true","17.65","men","true","ULTRA 5 PLAY TT Men","2026-05-22T03:00:10Z","41","42","42.5","43","44","44.5","45","46",,,,,"10790502","https://tchoozshoes.com/products/10790502","10790502"
"in_stock","Puma","Low boots","tchooz","113","tchooz:8751720464641",,"USD","true",,"women","false","Karmen II Idol Women","2026-05-22T03:00:10Z","37","38","39","40","41",,,,,,,,"39746102","https://tchoozshoes.com/products/39746101","39746101"
"in_stock","Puma","Low boots","tchooz","45","tchooz:8751720268033",,"USD","true",,"men","false","Leadcat 2.0 Men","2026-05-22T03:00:10Z","Navy",,,,,,,,,,,,"38413904","https://tchoozshoes.com/products/38413903","38413903"
"in_stock","Puma","Low Boots","tchooz","65","tchooz:9119005606145",,"USD","true",,"kids","false","Carina 3.0 GABBY S DOLLHOUSE PS","2026-05-22T03:00:10Z","White And Pink",,,,,,,,,,,,"40577501","https://tchoozshoes.com/products/40577501","40577501"
"in_stock","Puma","Tees","tchooz","37","tchooz:9118183686401","15","USD","true","59.46","boys","true","SUPER PUMA Graphic Tee Boys","2026-05-22T03:00:10Z","7-8 Years","9-10 Years","11-12 Years","13-14 Years","15-16 Years","Beige",,,,,,,"63223366","https://tchoozshoes.com/products/super-puma-graphic-tee-boys","does_not_exist"
"in_stock","Puma","Low Boots","tchooz","92","tchooz:9120103137537",,"USD","true",,"women","false","Puma Rickie Classic Women","2026-05-22T03:00:10Z","36","37.5","White And Gold",,,,,,,,,,"39425101-w","https://tchoozshoes.com/products/puma-rickie-classic-women","does_not_exist"
"in_stock","Puma","Low Boots","tchooz","135","tchooz:9120102940929","45","USD","true","66.67","women","true","Palermo Elevata Lth Women","2026-05-22T03:00:10Z","White And Olive","36","37","37.5","38","38.5","39",,,,,,"40046105","https://tchoozshoes.com/products/palermo-elevata-lth-women","does_not_exist"
"in_stock","Puma","Low Boots","tchooz","140","tchooz:9120102875393","100","USD","true","28.57","women","true","PUMA Cali Court Match Women","2026-05-22T03:00:10Z","White And Blue","White And Pink",,,,,,,,,,,"39309411","https://tchoozshoes.com/products/puma-cali-court-match-women","does_not_exist"
"in_stock","Puma","Low Boots","tchooz","113","tchooz:9130067132673","90","USD","true","20.35","men","true","Softride Exo Flex Men","2026-05-22T03:00:10Z","44","44.5","45","46",,,,,,,,,"31257901","https://tchoozshoes.com/products/softride-exo-flex-men","does_not_exist"
"in_stock","Puma","Low Boots","tchooz","82","tchooz:9130067001601","55","USD","true","32.93","men","true","PUMA CATCH Men","2026-05-22T03:00:10Z","Navy","42","42.5","43","44","44.5","45","46","47",,,,"40267905","https://tchoozshoes.com/products/puma-catch-men","does_not_exist"
"in_stock","Puma","Tees","tchooz","76","tchooz:9130066510081",,"USD","true",,"men","false","Ferrari Premium TEE Men","2026-05-22T03:00:10Z","M","L",,,,,,,,,,,"63423102","https://tchoozshoes.com/products/ferrari-premium-tee-men","does_not_exist"
"in_stock","Puma","Low Boots","tchooz","92","tchooz:9130068508929","65","USD","true","29.35","men","true","Shuffle Downtown Men","2026-05-22T03:00:10Z","41","42","44","46","42.5","44.5","45","47",,,,,"40259606","https://tchoozshoes.com/products/shuffle-downtown-men","does_not_exist"
"in_stock","Puma","Shorts","tchooz","67","tchooz:9130068017409",,"USD","true",,"men","false","PUMATECH Shorts DK Men","2026-05-22T03:00:10Z","S","M","XL",,,,,,,,,,"69218281","https://tchoozshoes.com/products/pumatech-shorts-dk-men","does_not_exist"
"in_stock","Puma","Shinguards","tchooz","25","tchooz:9130067460353",,"USD","true",,"unisex","false","ULTRA Light Strap","2026-05-22T03:00:10Z","M","L","XL","S",,,,,,,,,"3099204","https://tchoozshoes.com/products/ultra-light-strap","does_not_exist"
"in_stock","Puma","Low Boots","tchooz","55","tchooz:9130105340161",,"USD","true",,"kids","false","Puma Rickie Classic V PS","2026-05-22T03:00:10Z","28","29","30","31","32","33","35","White And Gold",,,,,"39425313","https://tchoozshoes.com/products/puma-rickie-classic-v-ps","does_not_exist"
"in_stock","Puma","Low Boots","tchooz","92","tchooz:9130104783105",,"USD","true",,"women","false","Carina 3.0 Metallic Whisper Women","2026-05-22T03:00:10Z","White And Gold","White And Silver",,,,,,,,,,,"40451102","https://tchoozshoes.com/products/carina-3-0-metallic-whisper-women","does_not_exist"
"in_stock","Puma","Low Boots","tchooz","92","tchooz:9130104226049",,"USD","true",,"men","false","Skyrocket Lite 2 Men","2026-05-22T03:00:10Z","45","46","White And Black","Navy",,,,,,,,,"31173009","https://tchoozshoes.com/products/skyrocket-lite-2-men","does_not_exist"
"in_stock","Puma","Low Boots","tchooz","77","tchooz:9133385613569","60","USD","true","22.08","women","true","Court Lally Women","2026-05-22T03:00:11Z","37","38","36","37.5","40","40.5","41","White And Pink","White And Blue",,,,"40036701","https://tchoozshoes.com/products/court-lally-women","does_not_exist"
"in_stock","Puma","Low Boots","tchooz","92","tchooz:9130105733377","75","USD","true","18.48","women","true","Court Lally Skye Women","2026-05-22T03:00:11Z","White And Black","40","40.5","41",,,,,,,,,"40036803","https://tchoozshoes.com/products/court-lally-skye-women","does_not_exist"
"in_stock","Puma","Low Boots","tchooz","103","tchooz:9130105667841",,"USD","true",,"women","false","Carina Mia Women","2026-05-22T03:00:11Z","White And Black",,,,,,,,,,,,"40263702","https://tchoozshoes.com/products/carina-mia-women","does_not_exist"
"in_stock","Puma","Low Boots","tchooz","150","tchooz:9131503091969","75","USD","true","50","men","true","Speedcat OG Men","2026-05-22T03:00:11Z","41","42","42.5","43","44","44.5","46","47","45","Navy","Yellow",,"39884666","https://tchoozshoes.com/products/speedcat-og-men","does_not_exist"
"in_stock","Puma","Low Boots","tchooz","160","tchooz:9133370016001","95","USD","true","40.62","women","true","Speedcat OG Women","2026-05-22T03:00:11Z","Yellow","36","37","37.5","38","38.5","39","40","41","Navy","Pink And Brown",,"39884619-w","https://tchoozshoes.com/products/speedcat-og-women","does_not_exist"
"in_stock","On","Low Boots","tchooz","229","tchooz:9115243610369",,"USD","true",,"women","false","Cloudmonster 3 Women","2026-05-22T03:00:11Z","37","38","40",,,,,,,,,,"3wg10031043","https://tchoozshoes.com/products/3wg10031043","3WG10031043"
"in_stock","On","Low Boots","tchooz","195","tchooz:9131997724929",,"USD","true",,"men","false","Cloudtilt Men","2026-05-22T03:00:11Z","White And Black","44","45","46","White And Gray",,,,,,,,"3ME10101430","https://tchoozshoes.com/products/cloudtilt-men","does_not_exist"
"in_stock","Puma","Low Boots","tchooz","110","tchooz:9045771845889","90","USD","true","18.18","women","true","Karmen II L Women","2026-05-22T03:00:11Z","36","37.5","38","38.5","41","White And Black",,,,,,,"39745601","https://tchoozshoes.com/products/39745601","39745601"
"in_stock","Puma","Sets","tchooz","65","tchooz:9115214348545","45","USD","true","30.77","kids","true","MINICATS ESS Small No. 1 Logo Crew Set TR INF","2026-05-22T03:00:11Z","Navy","6-9 Months","12-18 Months","2-3 Years",,,,,,,,,"69083080","https://tchoozshoes.com/products/minicats-ess-small-no-1-logo-crew-set-tr-inf","does_not_exist"
"in_stock","Puma","Low Boots","tchooz","60","tchooz:9118999118081",,"USD","true",,"men","false","Flyer Lite 3 Men","2026-05-22T03:00:11Z","41","42","44","44.5","45","46","47",,,,,,"31079734","https://tchoozshoes.com/products/31079734","31079734"
"in_stock","Puma","Low Boots","tchooz","123","tchooz:9130104586497","100","USD","true","18.7","men","true","X-RAY 4 Men","2026-05-22T03:00:11Z","Black And Green","White And Blue","White And Red","41","42","42.5","43","44","44.5","45","46","47","40474705","https://tchoozshoes.com/products/x-ray-4-men","does_not_exist"
"in_stock","Puma","Low Boots","tchooz","118","tchooz:9130105012481",,"USD","true",,"men","false","SOFTRIDE COSMIC STREET SLIPTECH Men","2026-05-22T03:00:11Z","Black And Green","42","42.5","43","44","44.5","45","46","47",,,,"40263209","https://tchoozshoes.com/products/softride-cosmic-street-sliptech-men","does_not_exist"
"in_stock","Puma","Low Boots","tchooz","92","tchooz:9130066903297","65","USD","true","29.35","men","true","Softride Cosmic LT SLIPTECH Men","2026-05-22T03:00:11Z","41","42","42.5","43","44","44.5","45","46","47",,,,"40387401","https://tchoozshoes.com/products/softride-cosmic-lt-sliptech-men","does_not_exist"
"in_stock","Puma","Low Boots","tchooz","92","tchooz:9120103170305",,"USD","true",,"men","false","Court Classic Men","2026-05-22T03:00:11Z","42.5","43","44","44.5","45","White And Green","White And Black",,,,,,"39501801","https://tchoozshoes.com/products/court-classic-men","does_not_exist"
"in_stock","Puma","Low Boots","tchooz","82","tchooz:9120102678785","65","USD","true","20.73","women","true","Court Lally Metallic Whisper Women","2026-05-22T03:00:11Z","White And Gold","White And Silver",,,,,,,,,,,"40605801","https://tchoozshoes.com/products/court-lally-metallic-whisper-women","does_not_exist"
"in_stock","Puma","Low Boots","tchooz","154","tchooz:9120102908161","105","USD","true","31.82","women","true","PWR Hybrid TR Women","2026-05-22T03:00:11Z","Black And Yellow","White And Teal","Black And Pink",,,,,,,,,,"31047722","https://tchoozshoes.com/products/pwr-hybrid-tr-women","does_not_exist"
"in_stock","Puma","Low Boots","tchooz","128","tchooz:9118151147777",,"USD","true",,"men","false","Scend Pro 2 Men","2026-05-22T03:00:11Z","White And Black",,,,,,,,,,,,"31077901","https://tchoozshoes.com/products/scend-pro-2-men","does_not_exist"
"in_stock","Puma","Low Boots","tchooz","155","tchooz:9115230437633","125","USD","true","19.35","men","true","Softride Frequence Men","2026-05-22T03:00:11Z","White And Black","41","43","44","44.5","45","46",,,,,,"31050016","https://tchoozshoes.com/products/softride-frequence-running-men","does_not_exist"
"in_stock","Puma","Tees","tchooz","40","tchooz:9115224146177","30","USD","true","25","women","true","ESS ELEVATED Structured Tee Women","2026-05-22T03:00:11Z","XS",,,,,,,,,,,,"68502701","https://tchoozshoes.com/products/ess-elevated-structured-tee-women","does_not_exist"
"in_stock","Puma","Low Boots","tchooz","110","tchooz:9115220738305","55","USD","true","50","women","true","Carina Mia SD Women","2026-05-22T03:00:11Z","White And Black","Black And Yellow","Black And Purple",,,,,,,,,,"40263806","https://tchoozshoes.com/products/carina-mia-sd-women","does_not_exist"
"in_stock","Puma","Low Boots","tchooz","170","tchooz:9115220312321","100","USD","true","41.18","men","true","F1 RS-X Men","2026-05-22T03:00:11Z","44.5",,,,,,,,,,,,"30889301","https://tchoozshoes.com/products/f1-rs-x-men","does_not_exist"
"in_stock","Puma","Low Boots","tchooz","55","tchooz:9115220181249","35","USD","true","36.36","kids","true","Courtflex V3 V PS","2026-05-22T03:00:11Z","32",,,,,,,,,,,,"39764213","https://tchoozshoes.com/products/courtflex-v3-v-ps","does_not_exist"
"in_stock","Puma","Low Boots","tchooz","175","tchooz:9115216347393","105","USD","true","40","women","true","Mostro LC Prime Women","2026-05-22T03:00:11Z","36","37","37.5","38","38.5","Navy",,,,,,,"40433601-w","https://tchoozshoes.com/products/mostro-lc-prime-women","does_not_exist"
"in_stock","Puma","Low Boots","tchooz","109","tchooz:9115216085249","75","USD","true","31.19","women","true","Softride Symmetry Fuzion Women","2026-05-22T03:00:11Z","Purple",,,,,,,,,,,,"31046014","https://tchoozshoes.com/products/softride-symmetry-fuzion-women","does_not_exist"
"in_stock","Puma","Low Boots","tchooz","85","tchooz:9115213168897","50","USD","true","41.18","kids","true","Palermo lth V PS","2026-05-22T03:00:11Z","35","29","34",,,,,,,,,,"40200301","https://tchoozshoes.com/products/palermo-lth-v-ps","does_not_exist"
"in_stock","Puma","Low Boots","tchooz","144","tchooz:9047645651201","115","USD","true","20.14","men","true","CA Pro Classic II Men","2026-05-22T03:00:11Z","42","42.5","44.5","45","46","47",,,,,,,"40236601","https://tchoozshoes.com/products/40236601","40236601"
"in_stock","Puma","Low Boots","tchooz","109","tchooz:9045771583745","75","USD","true","31.19","men","true","Disperse XT 4 Men","2026-05-22T03:00:11Z","44","44.5","47","41","43","45",,,,,,,"31079801","https://tchoozshoes.com/products/31079801","31079801"
"in_stock","Adidas","Low Boots","tchooz","126","tchooz:9115228733697",,"USD","true",,"women","false","ADVANTAGE 2.0 Women","2026-05-22T03:00:11Z","38 2/3","39 1/3",,,,,,,,,,,"IG9175","https://tchoozshoes.com/products/advantage-2-0-women","does_not_exist"
"in_stock","Puma","Low Boots","tchooz","75","tchooz:9115213332737","55","USD","true","26.67","kids","true","Jada Classic Space Belle V PS","2026-05-22T03:00:11Z","32","34",,,,,,,,,,,"40282301","https://tchoozshoes.com/products/jada-classic-space-belle-v-ps","does_not_exist"
"in_stock","Puma","Low Boots","tchooz","120","tchooz:9115215855873","85","USD","true","29.17","women","true","Softride Sera Women","2026-05-22T03:00:11Z","36","40",,,,,,,,,,,"31120803","https://tchoozshoes.com/products/softride-sera-women","does_not_exist"
"in_stock","Puma","Low Boots","tchooz","75","tchooz:9047646634241",,"USD","true",,"kids","false","Puma Caven III Retro Jr","2026-05-22T03:00:11Z","37","37.5","38","39",,,,,,,,,"40689601","https://tchoozshoes.com/products/40689601","40689601"
"in_stock","Puma","Tees","tchooz","36","tchooz:9040758374657","30","USD","true","16.67","women","true","WARDROBE ESS Slim Tee Women","2026-05-22T03:00:11Z","XS","L","S",,,,,,,,,,"62974202","https://tchoozshoes.com/products/62974202","62974202"
"in_stock","Puma","Swimwear","tchooz","64","tchooz:9115222933761",,"USD","true",,"men","false","PUMA SWIM MEN MID SHORT","2026-05-22T03:00:11Z","S","M","XL","Navy",,,,,,,,,"102245017","https://tchoozshoes.com/products/puma-swim-men-mid-short","does_not_exist"
"in_stock","Puma","Swimwear","tchooz","42","tchooz:9115222966529",,"USD","true",,"women","false","PUMA CLASSIC BIKINI Women BOTTOM","2026-05-22T03:00:11Z","M","L",,,,,,,,,,,"100043200","https://tchoozshoes.com/products/puma-classic-bikini-women-bottom","does_not_exist"
"in_stock","Puma","Swimwear","tchooz","42","tchooz:9115222999297",,"USD","true",,"women","false","PUMA TRIANGLE Women BIKINI TOP","2026-05-22T03:00:11Z","XS","S","M","L",,,,,,,,,"100037200","https://tchoozshoes.com/products/puma-triangle-women-bikini-top","does_not_exist"
"in_stock","Puma","Swimwear","tchooz","42","tchooz:9115223130369",,"USD","true",,"boys","false","PUMA SWIM BOYS MEDIUM SHORT","2026-05-22T03:00:11Z","5-6 Years","7-8 Years","9-10 Years","11-12 Years","13-14 Years",,,,,,,,"704511006","https://tchoozshoes.com/products/puma-swim-boys-medium-short","does_not_exist"
"in_stock","Puma","Swimwear","tchooz","80","tchooz:9115223261441",,"USD","true",,"men","false","PUMA SWIM MEN CRINKLE SHORTS","2026-05-22T03:00:11Z","S","M","XL",,,,,,,,,,"701511001","https://tchoozshoes.com/products/puma-swim-men-crinkle-shorts","does_not_exist"
"in_stock","Puma","Swimwear","tchooz","70","tchooz:9115223326977",,"USD","true",,"men","false","PUMA SWIM MEN FORMSTRIP SHORTS","2026-05-22T03:00:11Z","S","M","L","XL",,,,,,,,,"701508003","https://tchoozshoes.com/products/puma-swim-men-formstrip-shorts","does_not_exist"
"in_stock","Puma","Swimwear","tchooz","80","tchooz:9115223359745",,"USD","true",,"men","false","PUMA SWIM MEN FORMSTRIP SHORT","2026-05-22T03:00:11Z","S","M","L","XL",,,,,,,,,"701507002","https://tchoozshoes.com/products/puma-swim-men-formstrip-short","does_not_exist"
"in_stock","Puma","Swimwear","tchooz","50","tchooz:9115223392513",,"USD","true",,"women","false","PUMA SWIM WOMEN PRINTED BRIEF","2026-05-22T03:00:11Z","purple",,,,,,,,,,,,"701264003","https://tchoozshoes.com/products/puma-swim-women-printed-brief","does_not_exist"
"in_stock","Puma","Swimwear","tchooz","42","tchooz:9115223425281",,"USD","true",,"women","false","PUMA SWIM Women CLASSIC BRIEFS","2026-05-22T03:00:12Z","L",,,,,,,,,,,,"100043033","https://tchoozshoes.com/products/puma-swim-women-classic-briefs","does_not_exist"
"in_stock","Puma","Swimwear","tchooz","42","tchooz:9115223458049",,"USD","true",,"women","false","Puma Swim Classic Bikini","2026-05-22T03:00:12Z","M","L",,,,,,,,,,,"100043002","https://tchoozshoes.com/products/puma-swim-classic-bikini","does_not_exist"
"in_stock","Puma","Jackets","tchooz","108","tchooz:9131503026433",,"USD","true",,"women","false","T7 ALWAYS ON Short Track Jacket Women","2026-05-22T03:00:12Z","XS","S","M",,,,,,,,,,"62979601","https://tchoozshoes.com/products/t7-always-on-short-track-jacket-women","does_not_exist"
"in_stock","On","Low Boots","tchooz","179","tchooz:9120103104769",,"USD","true",,"women","false","Cloud 6 Women","2026-05-22T03:00:12Z","37","White And Black",,,,,,,,,,,"3WF10060070","https://tchoozshoes.com/products/cloud-6-women","does_not_exist"
"in_stock","Puma","Low Boots","tchooz","97","tchooz:9120103072001","50","USD","true","48.45","women","true","Vikky Star Women","2026-05-22T03:00:12Z","White And Pink",,,,,,,,,,,,"40260001","https://tchoozshoes.com/products/vikky-star-women","does_not_exist"
"in_stock","Puma","Low Boots","tchooz","230","tchooz:9115234107649","160","USD","true","30.43","men","true","Velocity NITRO 4 Men","2026-05-22T03:00:12Z","44.5",,,,,,,,,,,,"31114004","https://tchoozshoes.com/products/velocity-nitro-4-men","does_not_exist"
"in_stock","Adidas","Low Boots","tchooz","128","tchooz:9115233648897",,"USD","true",,"women","false","GRAND COURT 3.0 Women","2026-05-22T03:00:12Z","White And Black",,,,,,,,,,,,"IH1487","https://tchoozshoes.com/products/grand-court-3-0-women","does_not_exist"
"in_stock","Adidas","Low Boots","tchooz","128","tchooz:9115233616129",,"USD","true",,"men","false","GRAND COURT 3.0 Men","2026-05-22T03:00:12Z","White And Black","White And Navy",,,,,,,,,,,"IH1472","https://tchoozshoes.com/products/grand-court-3-0-men","does_not_exist"
"in_stock","Puma","Ball","tchooz","30","tchooz:9115229487361","15","USD","true","50","men","true","PUMA FINAL Graphic ball Men","2026-05-22T03:00:12Z","Yellow",,,,,,,,,,,,"8434702","https://tchoozshoes.com/products/puma-final-graphic-ball-men","does_not_exist"
"in_stock","Puma","Caps","tchooz","49","tchooz:9115227488513",,"USD","true",,,"false","BMW MMS BB Cap","2026-05-22T03:00:12Z","X",,,,,,,,,,,,"2687502","https://tchoozshoes.com/products/bmw-mms-bb-cap","does_not_exist"
"in_stock","Puma","Low Boots","tchooz","30","tchooz:9115224375553",,"USD","true",,"men","false","Epic Flip v2 Men","2026-05-22T03:00:12Z","Navy","40.5","46",,,,,,,,,,"36024872","https://tchoozshoes.com/products/epic-flip-v2-men","does_not_exist"
"in_stock","Puma","Low Boots","tchooz","148","tchooz:9115216150785","105","USD","true","29.05","men","true","SF Roma S Men","2026-05-22T03:00:12Z","42","43","44","45","46",,,,,,,,"30890901","https://tchoozshoes.com/products/sf-roma-s-men","does_not_exist"
"in_stock","Adidas","Low Boots","tchooz","126","tchooz:9115212546305",,"USD","true",,"men","false","ADVANTAGE 2.0 Men","2026-05-22T03:00:12Z","41 1/3","43 1/3",,,,,,,,,,,"IG9166","https://tchoozshoes.com/products/advantage-2-0-men","does_not_exist"
"in_stock","Puma","Jackets","tchooz","160","tchooz:9114712801537",,"USD","true",,"men","false","BMW MMS Sportswear MT7 Track Jacket Men","2026-05-22T03:00:12Z","S","M",,,,,,,,,,,"63487501","https://tchoozshoes.com/products/63487501","63487501"
"in_stock","Puma","Shorts","tchooz","72","tchooz:9040763453697",,"USD","true",,"men","false","EVOSTRIPE Shorts DK Men","2026-05-22T03:00:12Z","S","M","L","XL",,,,,,,,,"69219261","https://tchoozshoes.com/products/69219261","69219261"
"in_stock","Puma","Tees","tchooz","31","tchooz:9040761323777",,"USD","true",,"men","false","ESS No. 1 Logo Sleeveless Tee Men","2026-05-22T03:00:12Z","S","M","L","XL",,,,,,,,,"68262602","https://tchoozshoes.com/products/68262602","68262602"
"in_stock","Puma","Shorts","tchooz","41","tchooz:9040760799489",,"USD","true",,"men","false","ESS No. 1 Logo Shorts 10"" Men","2026-05-22T03:00:12Z","Navy","Beige",,,,,,,,,,,"68259416","https://tchoozshoes.com/products/68259416","68259416"
"in_stock","Puma","Tees","tchooz","74","tchooz:9040759980289",,"USD","true",,"men","false","BMW MMS Ess Polo Men","2026-05-22T03:00:12Z","S","M","L","XL",,,,,,,,,"63490001","https://tchoozshoes.com/products/63490001","63490001"
"in_stock","Puma","Pants","tchooz","92","tchooz:9040757948673",,"USD","true",,"men","false","T7 ALWAYS ON Track Pants DK cl Men","2026-05-22T03:00:12Z","S","XL","Navy",,,,,,,,,,"62958801","https://tchoozshoes.com/products/62958801","62958801"
"in_stock","Puma","Cap","tchooz","35","tchooz:8041573875969",,"USD","true",,"unisex","false","Lightweight Runner Cap Running/Training Unisex","2026-05-22T03:00:12Z","ADLT",,,,,,,,,,,,"2408001","https://tchoozshoes.com/products/2408001","2408001"
"in_stock","Puma","Low Boots","tchooz","154","tchooz:9128726003969","90","USD","true","41.56","women","true","H-Street OG Women","2026-05-22T03:00:12Z","36","37","38","39","40","41","Purple",,,,,,"40369207","https://tchoozshoes.com/products/h-stree-og-women","does_not_exist"
"in_stock","Puma","Low Boots","tchooz","144","tchooz:9086755602689","115","USD","true","20.14","men","true","McLaren Caven III Men","2026-05-22T03:00:12Z","41","42","42.5","43","44","44.5","46","47",,,,,"30945501","https://tchoozshoes.com/products/30945502","30945502"
"in_stock","Puma","Tees","tchooz","56","tchooz:9040758964481","45","USD","true","19.64","men","true","PL ESS Tee Men","2026-05-22T03:00:12Z","S","L",,,,,,,,,,,"63449519","https://tchoozshoes.com/products/63449519","63449519"
"in_stock","Puma","Tights","tchooz","95","tchooz:9130104127745","65","USD","true","31.58","women","true","W CLOUDSPUN TIGHT AOP - HW FL Women","2026-05-22T03:00:12Z","M","Black And Gray",,,,,,,,,,,"52750101","https://tchoozshoes.com/products/w-cloudspun-tight-aop-hw-fl-women","does_not_exist"
"in_stock","Puma","Low Boots","tchooz","160","tchooz:9130067689729",,"USD","true",,"men","false","Fade Nitro LS Men","2026-05-22T03:00:12Z","40.5","41","42","42.5","43","44","44.5","45","46",,,,"40620306","https://tchoozshoes.com/products/fade-nitro-ls-men","does_not_exist"
"in_stock","Puma","Low Boots","tchooz","160","tchooz:9120102744321","65","USD","true","59.38","men","true","Inhale Men","2026-05-22T03:00:12Z","Black And Purple",,,,,,,,,,,,"40156002","https://tchoozshoes.com/products/inhale-men","does_not_exist"
"in_stock","Puma","Low Boots","tchooz","70","tchooz:9115231584513","40","USD","true","42.86","men","true","ATTACANTO TT TEAMSPORT Men","2026-05-22T03:00:12Z","42","42.5",,,,,,,,,,,"10747809","https://tchoozshoes.com/products/attacanto-tt-teamsport-men","does_not_exist"
"in_stock","Puma","Low Boots","tchooz","155","tchooz:9115221885185","125","USD","true","19.35","women","true","Softride Frequence Women","2026-05-22T03:00:12Z","36","37","38","39","40",,,,,,,,"31050016-w","https://tchoozshoes.com/products/softride-frequence-women","does_not_exist"
"in_stock","Puma","Tights","tchooz","62","tchooz:9115221000449","50","USD","true","19.35","women","true","EVOSTRIPE High-Waist Tights Women","2026-05-22T03:00:12Z","XS","S","L",,,,,,,,,,"68814401","https://tchoozshoes.com/products/evostripe-high-waist-tights-women","does_not_exist"
"in_stock","Puma","Bras","tchooz","46","tchooz:9115217625345",,"USD","true",,"women","false","4KEEPS ELASTIC BRA - P Women","2026-05-22T03:00:12Z","L",,,,,,,,,,,,"52696201","https://tchoozshoes.com/products/4keeps-elastic-bra-p-women","does_not_exist"
"in_stock","Puma","Low Boots","tchooz","110","tchooz:9115215495425","75","USD","true","31.82","kids","true","Palermo HK&FR 2 Junior","2026-05-22T03:00:12Z","Purple",,,,,,,,,,,,"40338801","https://tchoozshoes.com/products/palermo-hk-fr-2-junior","does_not_exist"
"in_stock","Puma","Low Boots","tchooz","123","tchooz:9115213988097","100","USD","true","18.7","women","true","Softride Mayve Women","2026-05-22T03:00:12Z","36","40","37",,,,,,,,,,"31016003","https://tchoozshoes.com/products/softride-mayve-women","does_not_exist"
"in_stock","Puma","Sets","tchooz","65","tchooz:9115212808449","45","USD","true","30.77","kids","true","MINICATS AOP Crew Set FL INF","2026-05-22T03:00:12Z","1-2 Years",,,,,,,,,,,,"68973127","https://tchoozshoes.com/products/minicats-aop-crew-set-fl-inf","does_not_exist"
"in_stock","Puma","Tees","tchooz","45","tchooz:9086756487425","35","USD","true","22.22","kids","true","teamULTIMATE Jersey Jr","2026-05-22T03:00:12Z","5-6 Years","7-8 Years","9-10 Years","11-12 Years",,,,,,,,,"70628220","https://tchoozshoes.com/products/70628220","70628220"
"in_stock","Puma","Tights","tchooz","57","tchooz:9086756258049","40","USD","true","29.82","women","true","W TAD ESSENTIAL TIGHT - HW 7/8 Women","2026-05-22T03:00:12Z","Chocolate","Purple","L",,,,,,,,,,"52589913","https://tchoozshoes.com/products/52589960","52589960"
"in_stock","Puma","Low Boots","tchooz","65","tchooz:9086756061441","50","USD","true","23.08","kids","true","Puma Smash 3.0 Badges V PS","2026-05-22T03:00:12Z","28","29","31","32","33","34","35",,,,,,"39728601","https://tchoozshoes.com/products/39728601","39728601"
"in_stock","Puma","Suits","tchooz","110","tchooz:8866982560001","55","USD","true","50","men","true","ESS Poly Suit cl Men","2026-05-22T03:00:12Z","Navy",,,,,,,,,,,,"68484716","https://tchoozshoes.com/products/68484701","68484701"
"in_stock","Puma","Low Boots","tchooz","123","tchooz:9130068771073","100","USD","true","18.7","women","true","X-RAY 4 Women","2026-05-22T03:00:12Z","36","37","37.5","38.5","39","40",,,,,,,"40474708","https://tchoozshoes.com/products/x-ray-4-women","does_not_exist"
"in_stock","Puma","Low Boots","tchooz","85","tchooz:8977064591617","70","USD","true","17.65","men","true","FUTURE 8 PLAY TT Men","2026-05-22T03:00:12Z","41","44","44.5","45","46","White And Black",,,,,,,"10860502","https://tchoozshoes.com/products/10860502","10860502"
"in_stock","Puma","Hoodies","tchooz","118","tchooz:9040758636801",,"USD","true",,"men","false","EVOSTRIPE Core FZ Hoodie Men","2026-05-22T03:00:12Z","S","M",,,,,,,,,,,"63152901","https://tchoozshoes.com/products/63152901","63152901"
"in_stock","Puma","Low Boots","tchooz","120","tchooz:9115233583361","70","USD","true","41.67","men","true","Cell Thrill Men","2026-05-22T03:00:12Z","Olive","41","44","44.5","45","46",,,,,,,"31016808","https://tchoozshoes.com/products/cell-thrill-men","does_not_exist"
"in_stock","Puma","Low Boots","tchooz","97","tchooz:9115224277249","80","USD","true","17.53","women","true","Softride Harli Slip on Women","2026-05-22T03:00:12Z","36","37.5","38.5","41",,,,,,,,,"31147101","https://tchoozshoes.com/products/softride-harli-slip-on-women","does_not_exist"
"in_stock","Puma","Low Boots","tchooz","110","tchooz:9100414353665",,"USD","true",,"women","false","ST MILER ROSE Women","2026-05-22T03:00:12Z","37","38",,,,,,,,,,,"40263602","https://tchoozshoes.com/products/40263602","40263602"
"in_stock","Puma","Low Boots","tchooz","169","tchooz:9045771649281","120","USD","true","28.99","women","true","Solar Wns Women","2026-05-22T03:00:12Z","36","37","41",,,,,,,,,,"31193504","https://tchoozshoes.com/products/31193504","31193504"
"in_stock","Puma","Low Boots","tchooz","60","tchooz:8977064362241",,"USD","true",,"boys","false","ATTACANTO FG/AG Boys","2026-05-22T03:00:12Z","36","37","37.5","38","38.5",,,,,,,,"10748001","https://tchoozshoes.com/products/attacanto-fg-ag-boys","does_not_exist"
"out_of_stock","On","Low Boots","tchooz","119","tchooz:9115211858177",,"USD","true",,"kids","false","Cloudleap Youth","2026-05-22T03:00:12Z",,,,,,,,,,,,,"3YF10044662","https://tchoozshoes.com/products/cloudleap-youth","does_not_exist"
"in_stock","On","Low Boots","tchooz","159","tchooz:9115219263745",,"USD","true",,"women","false","Cloudpulse Next Women","2026-05-22T03:00:12Z","37",,,,,,,,,,,,"3Wf30323404","https://tchoozshoes.com/products/cloudpulse-next-women","does_not_exist"
"in_stock","On","Low Boots","tchooz","195","tchooz:9115221983489",,"USD","true",,"women","false","Cloudsurfer 2 Women","2026-05-22T03:00:12Z","Beige",,,,,,,,,,,,"3WF10102143","https://tchoozshoes.com/products/cloudsurfer-2-women","does_not_exist"
"in_stock","On","Low Boots","tchooz","179","tchooz:9115222671617",,"USD","true",,"women","false","Cloud X 4 Women","2026-05-22T03:00:12Z","37",,,,,,,,,,,,"3WE30070106","https://tchoozshoes.com/products/cloud-x-4-women","does_not_exist"
"in_stock","On","Low Boots","tchooz","219","tchooz:9115222638849","153","USD","true","30.14","men","true","Cloudflow 5 Men","2026-05-22T03:00:12Z","41",,,,,,,,,,,,"3MF10113295","https://tchoozshoes.com/products/cloudflow-5-men","does_not_exist"
"in_stock","On","Low Boots","tchooz","219","tchooz:9115222606081","153","USD","true","30.14","women","true","Cloudflow 5 Women","2026-05-22T03:00:12Z","37",,,,,,,,,,,,"3WF10091043","https://tchoozshoes.com/products/cloudflow-5-women","does_not_exist"
"in_stock","Adidas","Low Boots","tchooz","96","tchooz:8693920792833",,"USD","true",,"men","false","BARREDA Men","2026-05-22T03:00:12Z","42","43 1/3","44","45 1/3",,,,,,,,,"ji2306","https://tchoozshoes.com/products/ji2306","JI2306"
"in_stock","Puma","Low Boots","tchooz","125","tchooz:8878473838849","100","USD","true","20","men","true","Trinity 2 Men","2026-05-22T03:00:12Z","41","46","White And Blue","44.5","45","47","White And Navy","White And Black",,,,,"40023002","https://tchoozshoes.com/products/40023002","40023002"
"in_stock","Adidas","Low Boots","tchooz","159","tchooz:9013527281921",,"USD","true",,"women","false","SAMBA OG Women","2026-05-22T03:00:12Z","White And Black",,,,,,,,,,,,"ID0478","https://tchoozshoes.com/products/ji2725","JI2725"
"in_stock","Puma","Hoodies","tchooz","67","tchooz:8916701118721",,"USD","true",,"men","false","ESS No. 1 Logo Hoodie TR (s) Men","2026-05-22T03:00:12Z","S",,,,,,,,,,,,"68257380","https://tchoozshoes.com/products/68257344","68257344"
"in_stock","Puma","Low Boots","tchooz","100","tchooz:8977064558849",,"USD","true",,"men","false","ULTRA 6 PLAY TT Men","2026-05-22T03:00:12Z","41","42","43","44","44.5","45","46",,,,,,"10854202","https://tchoozshoes.com/products/10854202","10854202"
"in_stock","Puma","Low Boots","tchooz","230","tchooz:8980008730881","140","USD","true","39.13","women","true","Velocity NITRO 4 Women","2026-05-22T03:00:12Z","36","37","37.5","38","38.5",,,,,,,,"31114103","https://tchoozshoes.com/products/31114103","31114103"
"in_stock","Puma","Shorts","tchooz","72","tchooz:9040759783681","60","USD","true","16.67","men","true","BMW MMS Ess Shorts Ft 7"" Men","2026-05-22T03:00:12Z","S","M","XL","L",,,,,,,,,"63489601","https://tchoozshoes.com/products/63489601","63489601"
"in_stock","New Balance","Shoes","tchooz","154","tchooz:8005084774657","75","USD","true","51.3","women","true","New Balance 574 Lifestyle Women","2026-05-22T03:00:12Z","36",,,,,,,,,,,,"wl574evg","https://tchoozshoes.com/products/wl574evg","does_not_exist"
"in_stock","Puma","Gloves","tchooz","43","tchooz:8058949140737",,"USD","true",,"unisex","false","TR Ess Gloves Running/Training Unisex","2026-05-22T03:00:12Z","M","L",,,,,,,,,,,"4146501","https://tchoozshoes.com/products/4146501","4146501"
"in_stock","Puma","Towels","tchooz","35","tchooz:8568431542529",,"USD","true",,"unisex","false","Training Towel (70x140cm) TRAINING Unisex","2026-05-22T03:00:12Z","Purple",,,,,,,,,,,,"5461802","https://tchoozshoes.com/products/5461801","5461801"
"in_stock","Puma","Pants","tchooz","64","tchooz:8718539981057",,"USD","true",,"women","false","ESS Small No.1 Logo Sweatpnts TR Women","2026-05-22T03:00:12Z","XS","S","M","L",,,,,,,,,"68245001","https://tchoozshoes.com/products/68245001","68245001"
"in_stock","Puma","Low Boots","tchooz","95","tchooz:8961434484993","75","USD","true","21.05","men","true","Puma Smash 3.0 Buck Men","2026-05-22T03:00:12Z","40","41",,,,,,,,,,,"39233602","https://tchoozshoes.com/products/puma-smash-3-0-buck-men","does_not_exist"
"in_stock","New Balance","Low Boots","tchooz","169","tchooz:9120102809857","140","USD","true","17.16","men","true","NEW BALANCE-530 Men","2026-05-22T03:00:12Z","White And Black","White And Silver","White And Blue",,,,,,,,,,"MR530EWB","https://tchoozshoes.com/products/new-balance-530-men","MR530"
"in_stock","Puma","Low Boots","tchooz","123","tchooz:8732541092097",,"USD","true",,"men","false","Suede Classic Men","2026-05-22T03:00:12Z","Navy",,,,,,,,,,,,"39978103","https://tchoozshoes.com/products/39978107","39978107"
"in_stock","Puma","Tees","tchooz","31","tchooz:8689303781633",,"USD","true",,"men","false","ESS Small Logo Tee Men","2026-05-22T03:00:12Z","M","L","XXL","Navy",,,,,,,,,"68253801","https://tchoozshoes.com/products/68253801","68253801"
"in_stock","Puma","Low Boots","tchooz","85","tchooz:8778504896769","70","USD","true","17.65","men","true","ULTRA 5 PLAY FG/AG Men","2026-05-22T03:00:12Z","44","44.5","45","46",,,,,,,,,"10768902","https://tchoozshoes.com/products/10768902","10768902"
"in_stock","Puma","Low Boots","tchooz","185","tchooz:8980008993025","130","USD","true","29.73","men","true","MB.05 Wings Men","2026-05-22T03:00:12Z","Yellow",,,,,,,,,,,,"31213101","https://tchoozshoes.com/products/31213101","31213101"
"in_stock","Puma","Caps","tchooz","26","tchooz:9038730625281",,"USD","true",,"unisex","false","ESS METAL PUMA CAT BB Cap","2026-05-22T03:00:12Z","X","Purple","Navy",,,,,,,,,,"2599418","https://tchoozshoes.com/products/2599417","2599417"
"in_stock","Puma","Sportband","tchooz","30","tchooz:9040756834561",,"USD","true",,"women","false","TR ESS Hairbands Women","2026-05-22T03:00:12Z","Purple",,,,,,,,,,,,"5345229","https://tchoozshoes.com/products/5345229","5345229"
"in_stock","Puma","Waterbottles","tchooz","26","tchooz:9040756900097",,"USD","true",,"unisex","false","TR SHAKER Waterbottle","2026-05-22T03:00:12Z","X",,,,,,,,,,,,"5351901","https://tchoozshoes.com/products/5351901","5351901"
"in_stock","Puma","Wallets","tchooz","15","tchooz:9040757129473",,"USD","true",,"unisex","false","PUMA PHASE Wallet","2026-05-22T03:00:12Z","X","Navy",,,,,,,,,,,"5475701","https://tchoozshoes.com/products/5475701","5475701"
"in_stock","Puma","Ball","tchooz","40","tchooz:8956550971649",,"USD","true",,"unisex","false","NEYMAR JR Graphic ball","2026-05-22T03:00:12Z","5",,,,,,,,,,,,"8488201","https://tchoozshoes.com/products/8488201","8488201"
"in_stock","Puma","Ball","tchooz","36","tchooz:9038730658049",,"USD","true",,"unisex","false","NEYMAR JR Graphic ball","2026-05-22T03:00:12Z","5",,,,,,,,,,,,"8502301","https://tchoozshoes.com/products/8502301","8502301"
"in_stock","Puma","Low Boots","tchooz","165","tchooz:9115213103361","100","USD","true","39.39","men","true","Mostro OG Prime Men","2026-05-22T03:00:12Z","41","42","43","44","44.5","45","46","47","White And Black",,,,"40320606","https://tchoozshoes.com/products/mostro-og-prime-men","does_not_exist"
"in_stock","Puma","Jackets","tchooz","108","tchooz:9040757784833",,"USD","true",,"men","false","T7 ALWAYS ON Track Jacket DK Men","2026-05-22T03:00:12Z","S","M","L","Navy",,,,,,,,,"62958701","https://tchoozshoes.com/products/62958701","62958701"
"in_stock","Puma","Jackets","tchooz","75","tchooz:9040758472961",,"USD","true",,"boys","false","T7 ALWAYS ON Track Jacket Boys","2026-05-22T03:00:12Z","7-8 Years","9-10 Years","11-12 Years","13-14 Years",,,,,,,,,"62987501","https://tchoozshoes.com/products/62987501","62987501"
"in_stock","Puma","Tights","tchooz","82","tchooz:9040759128321","65","USD","true","20.73","women","true","T7 Flared Popper Tights Women","2026-05-22T03:00:12Z","XS","S","L",,,,,,,,,,"63456001","https://tchoozshoes.com/products/63456001","63456001"
"in_stock","Puma","Tees","tchooz","56","tchooz:9040760242433","45","USD","true","19.64","men","true","SELECT Essentials Tee Men","2026-05-22T03:00:12Z","S",,,,,,,,,,,,"63646301","https://tchoozshoes.com/products/63646302","63646302"
"in_stock","Puma","Suits","tchooz","128","tchooz:9040761520385","100","USD","true","21.88","men","true","ESS Sweat Suit TR Men","2026-05-22T03:00:12Z","S","L","XL",,,,,,,,,,"68484801","https://tchoozshoes.com/products/68484801","68484801"
"in_stock","Puma","Hoodies","tchooz","118","tchooz:9040762863873","95","USD","true","19.49","men","true","EVOSTRIPE FZ Hoodie DK Men","2026-05-22T03:00:12Z","S",,,,,,,,,,,,"69219001","https://tchoozshoes.com/products/69219001","69219001"
"in_stock","Puma","Pants","tchooz","82","tchooz:9040763060481","65","USD","true","20.73","men","true","EVOSTRIPE Pants DK Men","2026-05-22T03:00:12Z","S",,,,,,,,,,,,"69219101","https://tchoozshoes.com/products/69219101","69219101"
"in_stock","Puma","Low Boots","tchooz","164","tchooz:9045771616513","130","USD","true","20.73","men","true","Solar Men","2026-05-22T03:00:12Z","41","42","43","44","44.5","45","46",,,,,,"31117501","https://tchoozshoes.com/products/31117501","31117501"
"in_stock","Puma","Tees","tchooz","32","tchooz:9115219296513","20","USD","true","37.5","boys","true","MID90s Graphic Tee I Boys","2026-05-22T03:00:12Z","7-8 Years","9-10 Years",,,,,,,,,,,"68846434","https://tchoozshoes.com/products/mid90s-graphic-tee-i-boys","does_not_exist"
"in_stock","Puma","Low Boots","tchooz","155","tchooz:9115222802689","40","USD","true","74.19","men","true","Palermo 2 HARRY POTTER Men","2026-05-22T03:00:12Z","Black And Green",,,,,,,,,,,,"40121001","https://tchoozshoes.com/products/palermo-2-harry-potter-men","does_not_exist"
"in_stock","Puma","Backpacks","tchooz","50","tchooz:9115225424129",,"USD","true",,"unisex","false","PUMA PHASE PATCH Backpack Unisex","2026-05-22T03:00:12Z","X",,,,,,,,,,,,"9116102","https://tchoozshoes.com/products/puma-phase-patch-backpack-unisex","does_not_exist"
"in_stock","Puma","Ball","tchooz","30","tchooz:9115225522433",,"USD","true",,"unisex","false","PUMA CUP Graphic ball Unisex","2026-05-22T03:00:12Z","5",,,,,,,,,,,,"8458701","https://tchoozshoes.com/products/puma-cup-graphic-ball-unisex","does_not_exist"
"in_stock","Puma","Ball","tchooz","25","tchooz:9115227750657",,"USD","true",,"unisex","false","NEYMAR JR Graphic miniball Unisex","2026-05-22T03:00:12Z","MINI",,,,,,,,,,,,"8467901","https://tchoozshoes.com/products/neymar-jr-graphic-miniball-unisex","does_not_exist"
"in_stock","Puma","Backpacks","tchooz","45","tchooz:9115230470401",,"USD","true",,"unisex","false","Core Up Minime Backpack CORE Unisex","2026-05-22T03:00:12Z","X",,,,,,,,,,,,"9065201","https://tchoozshoes.com/products/core-up-minime-backpack-core-unisex","does_not_exist"
"in_stock","Puma","Waterbottles","tchooz","36","tchooz:9115232108801","26","USD","true","27.78","unisex","true","Running soft bottle Accessories Run/Train Unisex","2026-05-22T03:00:12Z","Beige",,,,,,,,,,,,"5449201","https://tchoozshoes.com/products/running-soft-bottle-accessories-run-train-unisex","does_not_exist"
"in_stock","Puma","Pants","tchooz","60","tchooz:9115212873985","30","USD","true","50","boys","true","MID90s Sweatpants TR Boys","2026-05-22T03:00:12Z","11-12 Years","15-16 Years",,,,,,,,,,,"68847034","https://tchoozshoes.com/products/mid90s-sweatpants-tr-boys","does_not_exist"
"in_stock","Puma","Sportband","tchooz","30","tchooz:9115230044417","15","USD","true","50","women","true","AT Sportbands Women","2026-05-22T03:00:12Z","X",,,,,,,,,,,,"5345230","https://tchoozshoes.com/products/at-sportbands-women","does_not_exist"
"in_stock","Puma","Low Boots","tchooz","118","tchooz:9045771682049","95","USD","true","19.49","women","true","Court Pro 2 Women","2026-05-22T03:00:12Z","36","37.5","38",,,,,,,,,,"31218009-w","https://tchoozshoes.com/products/31218009-w","does_not_exist"
"in_stock","Puma","Low Boots","tchooz","103","tchooz:9130104914177",,"USD","true",,"women","false","K-Moda Women","2026-05-22T03:00:12Z","White And Black","36","37","37.5","38","38.5","41",,,,,,"40449904","https://tchoozshoes.com/products/k-moda-women","does_not_exist"
"in_stock","Puma","Low Boots","tchooz","65","tchooz:9115233485057","50","USD","true","23.08","boys","true","ATTACANTO II FG/AG Junior","2026-05-22T03:00:12Z","White And Black","Black And Blue",,,,,,,,,,,"10849701","https://tchoozshoes.com/products/attacanto-ii-fg-ag-junior","does_not_exist"
"in_stock","Tchooz Shoes","avisplus-product-options","tchooz","1","tchooz:8824316625153",,"USD","true",,,"false","Gift box","2026-05-22T03:00:12Z","Gift box",,,,,,,,,,,,"does_not_exist","https://tchoozshoes.com/products/gift-box","does_not_exist"
"in_stock","Puma","Low Boots","tchooz","150","tchooz:9130068312321","105","USD","true","30","men","true","Mostro OG Men","2026-05-22T03:00:12Z","41","42","42.5","43","44","45","46","47","44.5",,,,"39733017","https://tchoozshoes.com/products/mostro-og-men","does_not_exist"
"in_stock","Puma","Pants","tchooz","60","tchooz:9114712670465",,"USD","true",,"girls","false","T7 ALWAYS ON Slim Track Pants Girls","2026-05-22T03:00:12Z","Purple",,,,,,,,,,,,"62989960","https://tchoozshoes.com/products/62989960","62989960"
"in_stock","Puma","Jackets","tchooz","75","tchooz:9114712637697",,"USD","true",,"girls","false","T7 ALWAYS ON Track Jacket Girls","2026-05-22T03:00:12Z","Purple",,,,,,,,,,,,"62989860","https://tchoozshoes.com/products/62989860","62989860"
"in_stock","Puma","Gloves","tchooz","50","tchooz:9100413698305",,"USD","true",,"unisex","false","TR Ess Gloves Premium","2026-05-22T03:00:12Z","M","L",,,,,,,,,,,"4200301","https://tchoozshoes.com/products/4200301","4200301"
"in_stock","Puma","Low Boots","tchooz","35","tchooz:9100414255361","20","USD","true","42.86","men","true","Purecat Men","2026-05-22T03:00:12Z","Navy",,,,,,,,,,,,"36026202","https://tchoozshoes.com/products/36026202","36026202"
"in_stock","Puma","Low Boots","tchooz","101","tchooz:9092776657153",,"USD","true",,"men","false","Puma Caven III Men","2026-05-22T03:00:12Z","White And Black","White And Navy",,,,,,,,,,,"40448404","https://tchoozshoes.com/products/40448404","40448404"
"in_stock","Puma","Low Boots","tchooz","64","tchooz:9086755963137","50","USD","true","21.88","kids","true","Puma Rickie Classic JR","2026-05-22T03:00:12Z","White And Silver","White And Red","Navy","White And Pink",,,,,,,,,"39425216","https://tchoozshoes.com/products/39425209","39425209"
"in_stock","Puma","Ball","tchooz","31","tchooz:9114712572161",,"USD","true",,"unisex","false","PUMA Orbita LALIGA 1 MS","2026-05-22T03:00:12Z","5",,,,,,,,,,,,"8463501","https://tchoozshoes.com/products/8463501","8463501"
"in_stock","Puma","Gloves","tchooz","36","tchooz:9114712506625",,"USD","true",,"unisex","false","PUMA ULTRA Play RC","2026-05-22T03:00:12Z","7","8","9","10","11",,,,,,,,"4208413","https://tchoozshoes.com/products/4208413","4208413"
"in_stock","Puma","Pants","tchooz","60","tchooz:9100414615809","40","USD","true","33.33","boys","true","PUMA X HOT WHEELS Sweatpants TR","2026-05-22T03:00:12Z","4-5 Years","5-6 Years","6-7 Years",,,,,,,,,,"63239701","https://tchoozshoes.com/products/63239701","63239701"
"in_stock","Puma","Ball","tchooz","35","tchooz:9100413796609",,"USD","true",,"unisex","false","PUMA Orbita 6 AFCON","2026-05-22T03:00:12Z","5",,,,,,,,,,,,"8455501","https://tchoozshoes.com/products/8455501","8455501"
"in_stock","Puma","Ball","tchooz","31","tchooz:9114712539393",,"USD","true",,"unisex","false","PUMA Basketball IND","2026-05-22T03:00:12Z","7",,,,,,,,,,,,"8362001","https://tchoozshoes.com/products/8362001","8362001"
"in_stock","Puma","Jackets","tchooz","165","tchooz:9100414648577","115","USD","true","30.3","men","true","PL Lifestyle Zip Jacket Men","2026-05-22T03:00:12Z","M","XL","XXL",,,,,,,,,,"63267701","https://tchoozshoes.com/products/63267701","63267701"
"in_stock","Puma","Low Boots","tchooz","150","tchooz:9086756552961",,"USD","true",,"women","false","Mostro OG Women","2026-05-22T03:00:12Z","37","38","39","40",,,,,,,,,"39733017-w","https://tchoozshoes.com/products/39733017-w","does_not_exist"
"in_stock","Puma","Hoodies","tchooz","118","tchooz:9114713489665",,"USD","true",,"women","false","EVOSTRIPE Full-Zip Hoodie DK Women","2026-05-22T03:00:12Z","XS","S","M","L",,,,,,,,,"69189801","https://tchoozshoes.com/products/69189801","69189801"
"in_stock","Puma","Tees","tchooz","41","tchooz:9114713456897",,"USD","true",,"women","false","EVOSTRIPE Relaxed Graphic Tee Women","2026-05-22T03:00:12Z","XS","S","M",,,,,,,,,,"69189638","https://tchoozshoes.com/products/69189638","69189638"
"in_stock","Puma","Tights","tchooz","41","tchooz:9114713030913","35","USD","true","14.63","women","true","ESS No. 1 Logo Leggings Women","2026-05-22T03:00:12Z","XS","S","M","L","Purple",,,,,,,,"68242760","https://tchoozshoes.com/products/68242760","68242760"
"in_stock","On","Low Boots","tchooz","195","tchooz:9115236237569",,"USD","true",,"women","false","Cloudtilt Women","2026-05-22T03:00:12Z","37","39",,,,,,,,,,,"3WE10050264","https://tchoozshoes.com/products/3we10054846","3WE10054846"
"in_stock","Puma","Pants","tchooz","128","tchooz:9114712834305",,"USD","true",,"men","false","BMW MMS Sportswear MT7 Track Pants Men","2026-05-22T03:00:12Z","S","M","L","XL","XXL",,,,,,,,"63487601","https://tchoozshoes.com/products/63487601","63487601"
"in_stock","Puma","Low Boots","tchooz","128","tchooz:9092776526081",,"USD","true",,"men","false","CA Match Men","2026-05-22T03:00:12Z","41","42","42.5","43","44","44.5","45","46",,,,,"40077905","https://tchoozshoes.com/products/40077905","40077905"
"in_stock","Puma","Low Boots","tchooz","70","tchooz:9115231617281","40","USD","true","42.86","men","true","ATTACANTO FG/AG TEAMSPORT Men","2026-05-22T03:00:12Z","41","42","42.5","43","44","44.5","45","46","47",,,,"10747709","https://tchoozshoes.com/products/attacanto-fg-ag-teamsport-men","does_not_exist"
"in_stock","Puma","Low Boots","tchooz","140","tchooz:9115231453441","85","USD","true","39.29","men","true","Palermo Lth F-SPORTSTYLE PRIME Men","2026-05-22T03:00:12Z","44","44.5","45","46",,,,,,,,,"39646401","https://tchoozshoes.com/products/palermo-lth-f-sportstyle-prime-men","does_not_exist"
"in_stock","Puma","Waterbottles","tchooz","15","tchooz:9115231387905",,"USD","true",,"unisex","false","PUMA TR bottle core TRAINING Unisex","2026-05-22T03:00:12Z","X",,,,,,,,,,,,"5381332","https://tchoozshoes.com/products/puma-tr-bottle-core-training-unisex","does_not_exist"
"in_stock","Puma","Bags","tchooz","70","tchooz:9115231355137",,"USD","true",,"unisex","false","BTS lunch bag and backpack Set CORE Women","2026-05-22T03:00:12Z","X",,,,,,,,,,,,"7966602","https://tchoozshoes.com/products/bts-lunch-bag-and-backpack-set-core-women","does_not_exist"
"in_stock","Puma","Bags","tchooz","70","tchooz:9115231322369",,"USD","true",,"unisex","false","BTS lunch bag and backpack Set CORE Unisex","2026-05-22T03:00:12Z","Navy","X",,,,,,,,,,,"7966603","https://tchoozshoes.com/products/bts-lunch-bag-and-backpack-set-core-unisex","does_not_exist"
"in_stock","Puma","Ball","tchooz","30","tchooz:9115231256833",,"USD","true",,"unisex","false","ATTACANTO Graphic TEAMSPORT Unisex","2026-05-22T03:00:12Z","5",,,,,,,,,,,,"8407310","https://tchoozshoes.com/products/attacanto-graphic-teamsport-unisex","does_not_exist"
"in_stock","Puma","Backpacks","tchooz","60","tchooz:9115231158529",,"USD","true",,"girls","false","FEED YOUR PUMA Backpack PRIME Girls","2026-05-22T03:00:12Z","X",,,,,,,,,,,,"9026504","https://tchoozshoes.com/products/feed-your-puma-backpack-prime-girls","does_not_exist"
"in_stock","Puma","Caps","tchooz","35","tchooz:9115230798081",,"USD","true",,"women","false","Lightweight Runner Cap C-RUNNING/TRAINING Women","2026-05-22T03:00:12Z","ADLT",,,,,,,,,,,,"2408012","https://tchoozshoes.com/products/lightweight-runner-cap-c-running-training-women","does_not_exist"
"in_stock","Puma","Backpacks","tchooz","120","tchooz:9115230634241",,"USD","true",,"unisex","false","PUMA Wheel Backpack Set CORE Junior","2026-05-22T03:00:12Z","X",,,,,,,,,,,,"9124601","https://tchoozshoes.com/products/puma-wheel-backpack-set-core-junior","does_not_exist"
"in_stock","Puma","Caps","tchooz","35","tchooz:9115230568705",,"USD","true",,"unisex","false","PRIME Trucker Cap PRIME Unisex","2026-05-22T03:00:12Z","ADLT",,,,,,,,,,,,"2404601","https://tchoozshoes.com/products/prime-trucker-cap-prime-unisex","does_not_exist"
"in_stock","Puma","Ball","tchooz","35","tchooz:9115230503169",,"USD","true",,"unisex","false","PUMA Orbita LaLiga 1 MS TEAMSPORT Unisex","2026-05-22T03:00:12Z","5",,,,,,,,,,,,"8428801","https://tchoozshoes.com/products/puma-orbita-laliga-1-ms-teamsport-unisex","does_not_exist"
"in_stock","Puma","Ball","tchooz","30","tchooz:9115230011649","15","USD","true","50","unisex","true","PUMA PRESTIGE ball Unisex","2026-05-22T03:00:12Z","5",,,,,,,,,,,,"8399214","https://tchoozshoes.com/products/puma-prestige-ball-unisex","does_not_exist"
"in_stock","Puma","Ball","tchooz","35","tchooz:9115229880577","20","USD","true","42.86","unisex","true","PUMA KING ball Unisex","2026-05-22T03:00:12Z","5","White And Blue",,,,,,,,,,,"8434902","https://tchoozshoes.com/products/puma-king-ball-unisex","does_not_exist"
"in_stock","Puma","Low Boots","tchooz","70","tchooz:9115229847809","55","USD","true","21.43","men","true","ATTACANTO FG/AG Men","2026-05-22T03:00:12Z","42","42.5","43","44","44.5","45","47",,,,,,"10747701","https://tchoozshoes.com/products/attacanto-fg-ag-men","does_not_exist"
"in_stock","Puma","Hoodies","tchooz","65","tchooz:9115229651201","25","USD","true","61.54","girls","true","PUMA X TROLLS Hoodie TR Girls","2026-05-22T03:00:12Z","3-4 Years",,,,,,,,,,,,"62737848","https://tchoozshoes.com/products/puma-x-trolls-hoodie-tr-girls","does_not_exist"
"in_stock","Puma","Gloves","tchooz","35","tchooz:9115229061377",,"USD","true",,"men","false","PUMA ULTRA Play RC Men","2026-05-22T03:00:12Z","8","10",,,,,,,,,,,"4195208","https://tchoozshoes.com/products/puma-ultra-play-rc-men","does_not_exist"
"in_stock","Puma","Tees","tchooz","31","tchooz:9115228897537","25","USD","true","19.35","men","true","ESS Logo Tee Men","2026-05-22T03:00:12Z","Navy","XXL","S","M","L","XL","Purple","Olive","Beige",,,,"68253216","https://tchoozshoes.com/products/ess-logo-tee-men","does_not_exist"
"in_stock","New Balance","Low Boots","tchooz","184","tchooz:9115228602625","92","USD","true","50","women","true","New Balance Footwear-574 LEGACY Women","2026-05-22T03:00:12Z","36",,,,,,,,,,,,"U574LGMT-w","https://tchoozshoes.com/products/new-balance-footwear-574-legacy-women","does_not_exist"
"in_stock","Puma","Gloves","tchooz","35","tchooz:9115228569857",,"USD","true",,"unisex","false","PUMA ULTRA Play RC Unisex","2026-05-22T03:00:12Z","8","9","10",,,,,,,,,,"4195206","https://tchoozshoes.com/products/puma-ultra-play-rc-unisex","does_not_exist"
"in_stock","Puma","Bags","tchooz","60","tchooz:9115228504321",,"USD","true",,"unisex","false","PUMA CHALLENGER Sports Bag Unisex","2026-05-22T03:00:12Z","Navy",,,,,,,,,,,,"9114503","https://tchoozshoes.com/products/puma-challenger-sports-bag-unisex","does_not_exist"
"in_stock","Puma","Bags","tchooz","20","tchooz:9115228471553",,"USD","true",,"unisex","false","PUMA PHASE Gym Sack Unisex","2026-05-22T03:00:12Z","Navy","X",,,,,,,,,,,"9116302","https://tchoozshoes.com/products/puma-phase-gym-sack-unisex","does_not_exist"
"in_stock","Puma","Low Boots","tchooz","145","tchooz:9115228438785","75","USD","true","48.28","men","true","Easy Rider Mix Men","2026-05-22T03:00:12Z","White And Black",,,,,,,,,,,,"39902501","https://tchoozshoes.com/products/easy-rider-mix-men","does_not_exist"
"in_stock","Puma","Tees","tchooz","30","tchooz:9115228340481",,"USD","true",,"women","false","ESS Small No. 1 Logo Tee Women","2026-05-22T03:00:12Z","XS",,,,,,,,,,,,"68237202","https://tchoozshoes.com/products/ess-small-no-1-logo-tee-women","does_not_exist"
"in_stock","Puma","Pants","tchooz","72","tchooz:9115228176641",,"USD","true",,"men","false","ESS No. 1 Logo Sweatpants TR cl Men","2026-05-22T03:00:12Z","S","M","L","XL","XXL","Navy",,,,,,,"68260803","https://tchoozshoes.com/products/ess-no-1-logo-sweatpants-tr-cl-men","does_not_exist"
"in_stock","New Balance","Low Boots","tchooz","189","tchooz:9115228143873","115","USD","true","39.15","men","true","BB550 Men","2026-05-22T03:00:12Z","42.5","43",,,,,,,,,,,"BB550HA1","https://tchoozshoes.com/products/bb550-men","BB550"
"in_stock","Puma","Bags","tchooz","45","tchooz:9115228111105",,"USD","true",,"unisex","false","PUMA Phase Hooded Backpack Unisex","2026-05-22T03:00:12Z","X",,,,,,,,,,,,"9080103","https://tchoozshoes.com/products/puma-phase-hooded-backpack-unisex","does_not_exist"
"in_stock","Puma","Pants","tchooz","70","tchooz:9115227848961",,"USD","true",,"men","false","ESS No. 1 Logo Sweatpants TR Men","2026-05-22T03:00:12Z","Navy","S","M","XXL",,,,,,,,,"68261216","https://tchoozshoes.com/products/ess-no-1-logo-sweatpants-tr-men","does_not_exist"
"in_stock","Puma","Caps","tchooz","35","tchooz:9115227816193",,"USD","true",,"girls","false","PUMA x HK&FR Trucker Cap Jr Kids","2026-05-22T03:00:12Z","YUTH",,,,,,,,,,,,"2612801","https://tchoozshoes.com/products/puma-x-hk-fr-trucker-cap-jr-kids","does_not_exist"
"in_stock","Puma","Ball","tchooz","35","tchooz:9115227783425",,"USD","true",,"unisex","false","NEYMAR JR Graphic ball Unisex","2026-05-22T03:00:12Z","5",,,,,,,,,,,,"8467801","https://tchoozshoes.com/products/neymar-jr-graphic-ball-unisex","does_not_exist"
"in_stock","Puma","Caps","tchooz","35","tchooz:9115227586817",,"USD","true",,"men","false","PL BB Cap Men","2026-05-22T03:00:12Z","X",,,,,,,,,,,,"2609402","https://tchoozshoes.com/products/pl-bb-cap-men","does_not_exist"
"in_stock","Puma","Caps","tchooz","21","tchooz:9115227554049",,"USD","true",,"boys","false","ESS NO.1 LOGO BB Cap Jr","2026-05-22T03:00:12Z","YUTH","Purple","Navy",,,,,,,,,,"2685302","https://tchoozshoes.com/products/ess-no-1-logo-bb-cap-jr","does_not_exist"
"in_stock","Puma","Caps","tchooz","35","tchooz:9115227521281",,"USD","true",,"kids","false","PUMA x HOT WHEELS BB Cap Jr","2026-05-22T03:00:12Z","YUTH",,,,,,,,,,,,"2612901","https://tchoozshoes.com/products/puma-x-hot-wheels-bb-cap-jr","does_not_exist"
"in_stock","Puma","Caps","tchooz","40","tchooz:9115227455745",,"USD","true",,"men","false","BMW MMS BB Cap Men","2026-05-22T03:00:12Z","X",,,,,,,,,,,,"2623302","https://tchoozshoes.com/products/bmw-mms-bb-cap-men","does_not_exist"
"in_stock","Puma","Gloves","tchooz","45","tchooz:9115227422977",,"USD","true",,"men","false","TR Ess Gloves Up Men","2026-05-22T03:00:12Z","L",,,,,,,,,,,,"4146604","https://tchoozshoes.com/products/tr-ess-gloves-up-men","does_not_exist"
"in_stock","Puma","Gloves","tchooz","35","tchooz:9115227390209",,"USD","true",,"women","false","TR Gym Gloves Women","2026-05-22T03:00:12Z","Purple",,,,,,,,,,,,"4177309","https://tchoozshoes.com/products/tr-gym-gloves-women","does_not_exist"
"in_stock","Puma","Sportband","tchooz","30","tchooz:9115227357441",,"USD","true",,"women","false","AT Sportbands (6pcs) Women","2026-05-22T03:00:12Z","X",,,,,,,,,,,,"5345233","https://tchoozshoes.com/products/at-sportbands-6pcs-women","does_not_exist"
"in_stock","Puma","Ball","tchooz","30","tchooz:9115227324673",,"USD","true",,"men","false","ATTACANTO Graphic Men","2026-05-22T03:00:12Z","Yellow","5",,,,,,,,,,,"8407319","https://tchoozshoes.com/products/attacanto-graphic-men","does_not_exist"
"in_stock","Puma","Ball","tchooz","30","tchooz:9115227291905",,"USD","true",,"men","false","PUMA Big Cat ball Men","2026-05-22T03:00:12Z","5","Yellow",,,,,,,,,,,"8458901","https://tchoozshoes.com/products/puma-big-cat-ball-men","does_not_exist"
"in_stock","Puma","Tights","tchooz","40","tchooz:9115226964225","15","USD","true","62.5","girls","true","ESS ANIMAL AOP Leggings G Girls","2026-05-22T03:00:12Z","15-16 Years",,,,,,,,,,,,"68561801","https://tchoozshoes.com/products/ess-animal-aop-leggings-g-girls","does_not_exist"
"in_stock","Puma","Tights","tchooz","40","tchooz:9115226898689","15","USD","true","62.5","girls","true","PUMA CLASS High Waist Leggings G Girls","2026-05-22T03:00:12Z","15-16 Years",,,,,,,,,,,,"68583146","https://tchoozshoes.com/products/puma-class-high-waist-leggings-g-girls","does_not_exist"
"in_stock","Puma","Low boots","tchooz","70","tchooz:9115226800385",,"USD","true",,"men","false","ATTACANTO IT Men","2026-05-22T03:00:12Z","39","41","42","42.5","44.5","45","46",,,,,,"10747901","https://tchoozshoes.com/products/attacanto-it-men","does_not_exist"
"in_stock","Adidas","Low Boots","tchooz","175","tchooz:9115226702081","105","USD","true","40","women","true","SAMBA LT Women","2026-05-22T03:00:12Z","Navy",,,,,,,,,,,,"JH5705","https://tchoozshoes.com/products/samba-lt-women","does_not_exist"
"in_stock","Puma","Tights","tchooz","65","tchooz:9115226636545","25","USD","true","61.54","women","true","TAD GRAPHIC TIGHT Women","2026-05-22T03:00:12Z","Burgundy",,,,,,,,,,,,"52590117","https://tchoozshoes.com/products/tad-graphic-tight-women","does_not_exist"
"in_stock","Puma","Shorts","tchooz","90","tchooz:9115226571009","70","USD","true","22.22","women","true","RUN ULTRAWEAVE 2IN1 4 SHORT Women","2026-05-22T03:00:12Z","XS","L",,,,,,,,,,,"52666601","https://tchoozshoes.com/products/run-ultraweave-2in1-4-short-women","does_not_exist"
"in_stock","Puma","Tights","tchooz","70","tchooz:9115226505473","30","USD","true","57.14","women","true","PUMA STRONG COLORBLOCK TIGHT Women","2026-05-22T03:00:12Z","Purple",,,,,,,,,,,,"52600099","https://tchoozshoes.com/products/puma-strong-colorblock-tight-women","does_not_exist"
"in_stock","Puma","Shorts","tchooz","70","tchooz:9115226439937","20","USD","true","71.43","women","true","RUN KNIT 3” SPLIT SHORT Women","2026-05-22T03:00:12Z","XS",,,,,,,,,,,,"52666401","https://tchoozshoes.com/products/run-knit-3-split-short-women","does_not_exist"
"in_stock","Puma","Tights","tchooz","65","tchooz:9115226374401","25","USD","true","61.54","women","true","MOVE H7/TIGHT Women","2026-05-22T03:00:12Z","L",,,,,,,,,,,,"52669230","https://tchoozshoes.com/products/move-h7-tight-women","does_not_exist"
"in_stock","Puma","Shorts","tchooz","50","tchooz:9115226046721","20","USD","true","60","women","true","W RUN VELOCITY 3 SHORT Women","2026-05-22T03:00:12Z","XS","S","M","L","Purple",,,,,,,,"52658538","https://tchoozshoes.com/products/w-run-velocity-3-short-women","does_not_exist"
"in_stock","Puma","Tees","tchooz","41","tchooz:9115226013953",,"USD","true",,"men","false","M RUN VELOCITY TEE Men","2026-05-22T03:00:12Z","S","XL","XXL",,,,,,,,,,"52660002","https://tchoozshoes.com/products/m-run-velocity-tee-men","does_not_exist"
"in_stock","Puma","Tights","tchooz","60","tchooz:9115225850113","20","USD","true","66.67","women","true","EVOSTRIPE Tights Women","2026-05-22T03:00:12Z","L",,,,,,,,,,,,"68505230","https://tchoozshoes.com/products/evostripe-tights-women","does_not_exist"
"in_stock","Puma","Tees","tchooz","30","tchooz:9115225751809","10","USD","true","66.67","boys","true","CATS CLUB Tee PS Boys","2026-05-22T03:00:12Z","4-5 Years",,,,,,,,,,,,"68516187","https://tchoozshoes.com/products/cats-club-tee-ps-boys","does_not_exist"
"in_stock","Puma","Tights","tchooz","75","tchooz:9115225719041","25","USD","true","66.67","women","true","LACE HW 7/8 TIGHT Women","2026-05-22T03:00:12Z","L",,,,,,,,,,,,"52677830","https://tchoozshoes.com/products/lace-hw-7-8-tight-women","does_not_exist"
"in_stock","Puma","Caps","tchooz","35","tchooz:9115225620737",,"USD","true",,"unisex","false","WARDROBE ESS GRAPHIC Dad Cap Unisex","2026-05-22T03:00:12Z","X",,,,,,,,,,,,"2615502","https://tchoozshoes.com/products/wardrobe-ess-graphic-dad-cap-unisex","does_not_exist"
"in_stock","Puma","Waterbottles","tchooz","30","tchooz:9115225587969",,"USD","true",,"unisex","false","TR Bottle Sportstyle 1liter Unisex","2026-05-22T03:00:12Z","Yellow",,,,,,,,,,,,"5381129","https://tchoozshoes.com/products/tr-bottle-sportstyle-1liter-unisex","does_not_exist"
"in_stock","Puma","Bags","tchooz","80","tchooz:9115225456897",,"USD","true",,"unisex","false","Training Sportsbag M Unisex","2026-05-22T03:00:12Z","X",,,,,,,,,,,,"9092003","https://tchoozshoes.com/products/training-sportsbag-m-unisex","does_not_exist"
"in_stock","Puma","Bags","tchooz","60","tchooz:9115225391361",,"USD","true",,"unisex","false","CAMPUS Medium Reporter Bag Unisex","2026-05-22T03:00:12Z","X",,,,,,,,,,,,"9129701","https://tchoozshoes.com/products/campus-medium-reporter-bag-unisex","does_not_exist"
"in_stock","Puma","Low Boots","tchooz","85","tchooz:9115225293057","70","USD","true","17.65","men","true","FUTURE 8 PLAY FG/AG Men","2026-05-22T03:00:12Z","43","44","45","41","42","42.5","44.5",,,,,,"10860201","https://tchoozshoes.com/products/future-8-play-fg-ag-men","does_not_exist"
"in_stock","Puma","Caps","tchooz","25","tchooz:9115225096449",,"USD","true",,"unisex","false","RUNNING Visor","2026-05-22T03:00:12Z","X",,,,,,,,,,,,"2616502","https://tchoozshoes.com/products/running-visor","does_not_exist"
"in_stock","Puma","Low Boots","tchooz","112","tchooz:9115224899841",,"USD","true",,"men","false","Softride Symmetry Fuzion Men","2026-05-22T03:00:12Z","47",,,,,,,,,,,,"31012709","https://tchoozshoes.com/products/softride-symmetry-fuzion-men","does_not_exist"
"in_stock","Puma","Caps","tchooz","20","tchooz:9115224736001",,"USD","true",,"unisex","false","ESS NO.1 LOGOB Cap Unisex","2026-05-22T03:00:12Z","X",,,,,,,,,,,,"2599903","https://tchoozshoes.com/products/ess-no-1-logob-cap-unisex","does_not_exist"
"in_stock","Adidas","Low Boots","tchooz","128","tchooz:9115224539393",,"USD","true",,"men","false","BARREDA DECODE Men","2026-05-22T03:00:12Z","42","43 1/3","41 1/3","45 1/3",,,,,,,,,"JI2315","https://tchoozshoes.com/products/barreda-decode-men","does_not_exist"
"in_stock","Puma","Shorts","tchooz","50","tchooz:9115224113409","40","USD","true","20","women","true","ESS ELEVATED High-Rise Shorts 5 Women","2026-05-22T03:00:12Z","XS","L",,,,,,,,,,,"68502887","https://tchoozshoes.com/products/ess-elevated-high-rise-shorts-5-women","does_not_exist"
"in_stock","Puma","Pants","tchooz","65","tchooz:9115223982337",,"USD","true",,"men","false","ESS Logo Pants TR cl Men","2026-05-22T03:00:12Z","S",,,,,,,,,,,,"58671603","https://tchoozshoes.com/products/ess-logo-pants-tr-cl-men","does_not_exist"
"in_stock","Puma","Shorts","tchooz","50","tchooz:9115223785729","20","USD","true","60","women","true","ESS NATURE 2.0 Mid-Rise Short 4 Women","2026-05-22T03:00:12Z","XS","L",,,,,,,,,,,"68506815","https://tchoozshoes.com/products/ess-nature-2-0-mid-rise-short-4-women","does_not_exist"
"in_stock","Puma","Tights","tchooz","40","tchooz:9115223720193","15","USD","true","62.5","girls","true","ESS NATURE 2.0 AOP Leggings Girls","2026-05-22T03:00:12Z","13-14 Years","15-16 Years",,,,,,,,,,,"68648718","https://tchoozshoes.com/products/ess-nature-2-0-aop-leggings-girls","does_not_exist"
"in_stock","Puma","Ball","tchooz","30","tchooz:9115223687425",,"USD","true",,"unisex","false","PUMA CAGE ball","2026-05-22T03:00:12Z","Yellow",,,,,,,,,,,,"8458602","https://tchoozshoes.com/products/puma-cage-ball","does_not_exist"
"in_stock","Puma","Bras","tchooz","60","tchooz:9115223556353","25","USD","true","58.33","women","true","4KEEPS TROPICAL AOP LONGLINE BRA Women","2026-05-22T03:00:12Z","Burgundy",,,,,,,,,,,,"52678617","https://tchoozshoes.com/products/4keeps-tropical-aop-longline-bra-women","does_not_exist"
"in_stock","On","Low Boots","tchooz","179","tchooz:9115222704385",,"USD","true",,"men","false","Cloud X 4 Men","2026-05-22T03:00:12Z","46","47",,,,,,,,,,,"3ME30040106","https://tchoozshoes.com/products/cloud-x-4-men","does_not_exist"
"in_stock","On","Low Boots","tchooz","209","tchooz:9115222573313",,"USD","true",,"women","false","Cloudmonster Women","2026-05-22T03:00:12Z","37",,,,,,,,,,,,"61.99024","https://tchoozshoes.com/products/cloudmonster-women","does_not_exist"
"in_stock","Puma","Pants","tchooz","92","tchooz:9115222442241",,"USD","true",,"men","false","WARDROBE ESS Sweatpants TR Men","2026-05-22T03:00:12Z","S","M","L","XL","XXL",,,,,,,,"63153501","https://tchoozshoes.com/products/wardrobe-ess-sweatpants-tr-men","does_not_exist"
"in_stock","Puma","Tights","tchooz","42","tchooz:9115222409473",,"USD","true",,"women","false","ESS High-Waist Flared Leggings Women","2026-05-22T03:00:12Z","XS",,,,,,,,,,,,"63154201","https://tchoozshoes.com/products/ess-high-waist-flared-leggings-men","does_not_exist"
"in_stock","Puma","Hoodies","tchooz","72","tchooz:9115222278401",,"USD","true",,"men","false","ESS No.1 Full-Zip Hoodie TR Men","2026-05-22T03:00:12Z","M","XXL",,,,,,,,,,,"68258803","https://tchoozshoes.com/products/ess-no-1-full-zip-hoodie-tr-men","does_not_exist"
"in_stock","Adidas","Low Boots","tchooz","223","tchooz:9115222147329","167","USD","true","25.11","men","true","SAMBA DECON Men","2026-05-22T03:00:12Z","44","44 2/3",,,,,,,,,,,"IF0642","https://tchoozshoes.com/products/samba-decon-men","does_not_exist"
"in_stock","Adidas","Low Boots","tchooz","96","tchooz:9115222114561",,"USD","true",,"men","false","ADVANTAGE BASE 2.0 Men","2026-05-22T03:00:12Z","44 2/3",,,,,,,,,,,,"IG9184","https://tchoozshoes.com/products/advantage-base-2-0-men","does_not_exist"
"in_stock","On","Low Boots","tchooz","179","tchooz:9115222016257",,"USD","true",,"men","false","Cloud 6 Men","2026-05-22T03:00:12Z","46","Silver",,,,,,,,,,,"3MF10070299","https://tchoozshoes.com/products/cloud-6-men","does_not_exist"
"in_stock","Puma","Low Boots","tchooz","165","tchooz:9115221917953","85","USD","true","48.48","men","true","Ferrari Palermo MTSP Men","2026-05-22T03:00:12Z","41","42","44","46",,,,,,,,,"30889903","https://tchoozshoes.com/products/ferrari-palermo-mtsp-men","does_not_exist"
"in_stock","Puma","Low Boots","tchooz","180","tchooz:9115221819649","90","USD","true","50","men","true","MB.05 World Tour Men","2026-05-22T03:00:12Z","44","45","46",,,,,,,,,,"31212901","https://tchoozshoes.com/products/mb-05-world-tour-men","does_not_exist"
"in_stock","Puma","Low Boots","tchooz","90","tchooz:9115221754113",,"USD","true",,"women","false","Shuffle Doto Women","2026-05-22T03:00:12Z","36","37.5",,,,,,,,,,,"40259602","https://tchoozshoes.com/products/shuffle-doto-women","does_not_exist"
"in_stock","Puma","Low Boots","tchooz","150","tchooz:9115221688577","75","USD","true","50","men","true","Speedcat LTHR Men","2026-05-22T03:00:12Z","44","44.5","46",,,,,,,,,,"40317502","https://tchoozshoes.com/products/speedcat-lthr-men","does_not_exist"
"in_stock","Puma","Bras","tchooz","64","tchooz:9115221590273","30","USD","true","53.12","women","true","4KEEPS RUN BRA Women","2026-05-22T03:00:12Z","XS","S","L","Purple","M",,,,,,,,"52495397","https://tchoozshoes.com/products/4keeps-run-bra-women","does_not_exist"
"in_stock","Puma","Sportband","tchooz","30","tchooz:9115221426433",,"USD","true",,"unisex","false","TR ESS Hairbands","2026-05-22T03:00:12Z","X",,,,,,,,,,,,"5345235","https://tchoozshoes.com/products/tr-ess-hairbands","does_not_exist"
"in_stock","Puma","Waterbottles","tchooz","29","tchooz:9115221393665",,"USD","true",,"unisex","false","TR SPORTSTYLE Waterbottle","2026-05-22T03:00:12Z","Yellow","X",,,,,,,,,,,"5351835","https://tchoozshoes.com/products/tr-sportstyle-waterbottle","does_not_exist"
"in_stock","Puma","Ball","tchooz","35","tchooz:9115221360897",,"USD","true",,"unisex","false","PUMA KING ball","2026-05-22T03:00:12Z","5",,,,,,,,,,,,"8473602","https://tchoozshoes.com/products/puma-king-ball","does_not_exist"
"in_stock","Puma","Ball","tchooz","30","tchooz:9115221328129",,"USD","true",,"unisex","false","ATTACANTO Graphic ball","2026-05-22T03:00:12Z","5",,,,,,,,,,,,"8473904","https://tchoozshoes.com/products/attacanto-graphic-ball","does_not_exist"
"in_stock","Puma","Bags","tchooz","40","tchooz:9115221262593",,"USD","true",,"unisex","false","ESSENTIALS Waist Bag","2026-05-22T03:00:12Z","X",,,,,,,,,,,,"9112801","https://tchoozshoes.com/products/essentials-waist-bag","does_not_exist"
"in_stock","Puma","Tights","tchooz","72","tchooz:9115221229825","35","USD","true","51.39","women","true","W PUMA STRONG COLORBLOCKTIGHT - HW 7/8 Women","2026-05-22T03:00:12Z","XS","S","M","L",,,,,,,,,"52667982","https://tchoozshoes.com/products/w-puma-strong-colorblocktight-hw-7-8-women","does_not_exist"
"in_stock","Puma","Tees","tchooz","37","tchooz:9115221164289","20","USD","true","45.95","boys","true","GRAPHIC Super Puma Tee Boys","2026-05-22T03:00:12Z","7-8 Years",,,,,,,,,,,,"63222966","https://tchoozshoes.com/products/graphic-super-puma-tee-boys","does_not_exist"
"in_stock","Puma","Low Boots","tchooz","95","tchooz:9115220869377","50","USD","true","47.37","men","true","PUMA Smash 3.0 Men","2026-05-22T03:00:12Z","46",,,,,,,,,,,,"39098427","https://tchoozshoes.com/products/puma-smash-3-0-men","does_not_exist"
"in_stock","Puma","Jackets","tchooz","110","tchooz:9115220607233",,"USD","true",,"women","false","Ess Regular Windbreaker Women","2026-05-22T03:00:12Z","XS","S",,,,,,,,,,,"68513301","https://tchoozshoes.com/products/ess-regular-windbreaker-women","does_not_exist"
"in_stock","New Balance","Low Boots","tchooz","255","tchooz:9115220574465",,"USD","true",,"men","false","NEW BALANCE-9060 Men","2026-05-22T03:00:12Z","43","44","44.5","45",,,,,,,,,"U9060BLK","https://tchoozshoes.com/products/new-balance-9060-men","does_not_exist"
"in_stock","Adidas","Low Boots","tchooz","159","tchooz:9115220508929",,"USD","true",,"men","false","SUPERSTAR II Men","2026-05-22T03:00:12Z","43 1/3","44","44 2/3","45 1/3","42","42 2/3","46",,,,,,"JI0079","https://tchoozshoes.com/products/superstar-ii-men","does_not_exist"
"in_stock","Puma","Low Boots","tchooz","60","tchooz:9115220082945",,"USD","true",,"kids","false","Puma Fun Racer 2 AC+ PS","2026-05-22T03:00:12Z","Navy",,,,,,,,,,,,"40058001","https://tchoozshoes.com/products/puma-fun-racer-2-ac-ps","does_not_exist"
"in_stock","Puma","Low Boots","tchooz","115","tchooz:9115219919105","90","USD","true","21.74","men","true","Hypnotic LS Men","2026-05-22T03:00:12Z","46",,,,,,,,,,,,"40261801","https://tchoozshoes.com/products/hypnotic-ls-men","does_not_exist"
"in_stock","Puma","Low Boots","tchooz","105","tchooz:9115219853569","65","USD","true","38.1","women","true","Karmen II Animal Flair Women","2026-05-22T03:00:12Z","37",,,,,,,,,,,,"40264502","https://tchoozshoes.com/products/karmen-ii-animal-flair-women","does_not_exist"
"in_stock","Puma","Tees","tchooz","35","tchooz:9115219460353",,"USD","true",,"men","false","ESS Small Logo Poly Tee Men","2026-05-22T03:00:12Z","XXL","Navy",,,,,,,,,,,"68254202","https://tchoozshoes.com/products/ess-small-logo-poly-tee-men","does_not_exist"
"in_stock","Puma","Waterbottles","tchooz","15","tchooz:9115219198209",,"USD","true",,"unisex","false","TR CORE Waterbottle","2026-05-22T03:00:12Z","Yellow","X","White And Teal","Navy",,,,,,,,,"5381340","https://tchoozshoes.com/products/tr-core-waterbottle","does_not_exist"
"in_stock","Puma","Ball","tchooz","30","tchooz:9115219165441",,"USD","true",,"unisex","false","ATTACANTO Graphic ball BLUE 3","2026-05-22T03:00:12Z","5",,,,,,,,,,,,"8473902","https://tchoozshoes.com/products/attacanto-graphic-ball-blue-3","does_not_exist"
"in_stock","Puma","Bags","tchooz","56","tchooz:9115219132673",,"USD","true",,"unisex","false","PUMA CHALLENGER Small Sports Bag","2026-05-22T03:00:12Z","X","Navy",,,,,,,,,,,"9114330","https://tchoozshoes.com/products/puma-challenger-small-sports-bag","does_not_exist"
"in_stock","Puma","Bags","tchooz","60","tchooz:9115219099905",,"USD","true",,"unisex","false","PUMA CHALLENGER Sports Bag","2026-05-22T03:00:12Z","Navy",,,,,,,,,,,,"9114508","https://tchoozshoes.com/products/puma-challenger-sports-bag","does_not_exist"
"in_stock","Puma","Low Boots","tchooz","35","tchooz:9115218903297","30","USD","true","14.29","women","true","Divecat v2 Lite Women","2026-05-22T03:00:12Z","37","38","40.5",,,,,,,,,,"37482333","https://tchoozshoes.com/products/divecat-v2-lite-women","does_not_exist"
"in_stock","Puma","Low Boots","tchooz","135","tchooz:9115218870529","70","USD","true","48.15","men","true","CA Luxe Men","2026-05-22T03:00:12Z","41","42","44","44.5","45",,,,,,,,"40082802","https://tchoozshoes.com/products/ca-luxe-men","does_not_exist"
"in_stock","Puma","Tights","tchooz","52","tchooz:9115218772225",,"USD","true",,"women","false","ESS Small No.1 HW Leggings Women","2026-05-22T03:00:12Z","S","M","L",,,,,,,,,,"68242965","https://tchoozshoes.com/products/ess-small-no-1-hw-leggings-women","does_not_exist"
"in_stock","Puma","Jackets","tchooz","115","tchooz:9115218673921",,"USD","true",,"men","false","ESS Padded Vest Men","2026-05-22T03:00:12Z","Navy","S","M",,,,,,,,,,"68520916","https://tchoozshoes.com/products/ess-padded-vest-men","does_not_exist"
"in_stock","Puma","Hoodies","tchooz","82","tchooz:9115218608385","40","USD","true","51.22","women","true","ESS ELEVATED Velour Rib Hoodie Women","2026-05-22T03:00:12Z","S","L",,,,,,,,,,,"68810787","https://tchoozshoes.com/products/ess-elevated-velour-rib-hoodie-women","does_not_exist"
"in_stock","Puma","Hoodies","tchooz","125","tchooz:9115218542849",,"USD","true",,"women","false","Hooded Sweat Suit FL cl Women","2026-05-22T03:00:12Z","XS",,,,,,,,,,,,"68816201","https://tchoozshoes.com/products/hooded-sweat-suit-fl-cl-women","does_not_exist"
"in_stock","Puma","Tees","tchooz","37","tchooz:9115218444545","30","USD","true","18.92","men","true","ESS Relaxed Small No. 1 Logo Tee Men","2026-05-22T03:00:12Z","L","XXL",,,,,,,,,,,"68915387","https://tchoozshoes.com/products/ess-relaxed-small-no-1-logo-tee-men","does_not_exist"
"in_stock","Puma","Pants","tchooz","82","tchooz:9115218411777","50","USD","true","39.02","women","true","DARE TO Flared Pants Women","2026-05-22T03:00:12Z","M","L",,,,,,,,,,,"63214701","https://tchoozshoes.com/products/dare-to-flared-pants-women","does_not_exist"
"in_stock","New Balance","Low Boots","tchooz","199","tchooz:9115218379009","139","USD","true","30.15","men","true","NEW BALANCE-BB550 Men","2026-05-22T03:00:12Z","42","42.5","44",,,,,,,,,,"BB550WT1","https://tchoozshoes.com/products/new-balance-bb550-men","does_not_exist"
"in_stock","New Balance","Low Boots","tchooz","199","tchooz:9115218346241","139","USD","true","30.15","women","true","NEW BALANCE-BB550 Women","2026-05-22T03:00:12Z","37",,,,,,,,,,,,"BB550WT1-w","https://tchoozshoes.com/products/new-balance-bb550-women","does_not_exist"
"in_stock","On","Low Boots","tchooz","195","tchooz:9115218313473",,"USD","true",,"women","false","Cloudswift 4 Women","2026-05-22T03:00:12Z","35.5","36","37","37.5","40.5","41",,,,,,,"3Wf10110299","https://tchoozshoes.com/products/cloudswift-4-women","does_not_exist"
"in_stock","New Balance","Low boots","tchooz","159","tchooz:9115218247937","111","USD","true","30.19","men","true","NEW BALANCE-BB480 Men","2026-05-22T03:00:12Z","44.5","45","Navy",,,,,,,,,,"bb480peo","https://tchoozshoes.com/products/new-balance-bb480-men","does_not_exist"
"in_stock","Adidas","Low Boots","tchooz","159","tchooz:9115218215169",,"USD","true",,"men","false","GAZELLE Men","2026-05-22T03:00:12Z","41 1/3","42","42 2/3","43 1/3","44","44 2/3","45 1/3",,,,,,"BB5476","https://tchoozshoes.com/products/gazelle-men","does_not_exist"
"in_stock","Puma","Low Boots","tchooz","175","tchooz:9115218051329","105","USD","true","40","men","true","Mostro Camo Men","2026-05-22T03:00:12Z","41","42","43","44","45","46","47",,,,,,"40154003","https://tchoozshoes.com/products/mostro-camo-men","does_not_exist"
"in_stock","Puma","Low Boots","tchooz","165","tchooz:9115217953025",,"USD","true",,"women","false","Mostro OG Prime Women","2026-05-22T03:00:12Z","36","37","37.5","38","38.5","39","40",,,,,,"40320601-w","https://tchoozshoes.com/products/mostro-og-prime-women","does_not_exist"
"in_stock","Puma","Beanie","tchooz","28","tchooz:9115217887489",,"USD","true",,"unisex","false","ESS Mid Crown Beanie","2026-05-22T03:00:12Z","X",,,,,,,,,,,,"2640006","https://tchoozshoes.com/products/ess-mid-crown-beanie","does_not_exist"
"in_stock","Puma","Pants","tchooz","77","tchooz:9115217690881",,"USD","true",,"men","false","M TAD ESSENTIALS Tapered Pant Men","2026-05-22T03:00:12Z","M","XXL",,,,,,,,,,,"52591601","https://tchoozshoes.com/products/m-tad-essentials-tapered-pant-men","does_not_exist"
"in_stock","Puma","Tights","tchooz","72","tchooz:9115217658113","45","USD","true","37.5","women","true","W PUMA STRONG TIGHT - HW FL Women","2026-05-22T03:00:12Z","L","XS","M",,,,,,,,,,"52600096","https://tchoozshoes.com/products/w-puma-strong-tight-hw-fl-women","does_not_exist"
"in_stock","Puma","Bras","tchooz","42","tchooz:9115217559809","25","USD","true","40.48","women","true","4KEEPS BRA - RIBBON STRIPE PRINT Women","2026-05-22T03:00:12Z","XS",,,,,,,,,,,,"52815296","https://tchoozshoes.com/products/4keeps-bra-ribbon-stripe-print-women","does_not_exist"
"in_stock","Puma","Hoodies","tchooz","72","tchooz:9115217527041","45","USD","true","37.5","boys","true","MID90s Layered Hoodie FL Boys","2026-05-22T03:00:12Z","7-8 Years","15-16 Years",,,,,,,,,,,"68847304","https://tchoozshoes.com/products/mid90s-layered-hoodie-fl-boys","does_not_exist"
"in_stock","Puma","Pants","tchooz","55","tchooz:9115217494273","35","USD","true","36.36","girls","true","TWEENERVERSE Sweatpants TR Girls","2026-05-22T03:00:12Z","7-8 Years","9-10 Years","13-14 Years",,,,,,,,,,"68850734","https://tchoozshoes.com/products/tweenerverse-sweatpants-tr-girls","does_not_exist"
"in_stock","Puma","Tees","tchooz","37","tchooz:9115217297665","20","USD","true","45.95","girls","true","MOODY CAT Graphic Tee I PS","2026-05-22T03:00:12Z","5-6 Years","6-7 Years","3-4 Years","4-5 Years",,,,,,,,,"63220587","https://tchoozshoes.com/products/moody-cat-graphic-tee-i-ps","does_not_exist"
"in_stock","Puma","Tees","tchooz","32","tchooz:9115217264897","15","USD","true","53.12","girls","true","MOODY CAT Graphic Tee II PS","2026-05-22T03:00:12Z","Gold","5-6 Years",,,,,,,,,,,"63220662","https://tchoozshoes.com/products/moody-cat-graphic-tee-ii-ps","does_not_exist"
"in_stock","Puma","Pants","tchooz","55","tchooz:9115217199361","35","USD","true","36.36","girls","true","MOODY CAT Sweatpants TR PS","2026-05-22T03:00:12Z","Gold","5-6 Years","6-7 Years",,,,,,,,,,"63220962","https://tchoozshoes.com/products/moody-cat-sweatpants-tr-ps","does_not_exist"
"in_stock","Puma","Low Boots","tchooz","115","tchooz:9115217101057","70","USD","true","39.13","girls","true","Speedcat Pearlized Junior","2026-05-22T03:00:12Z","36","37","37.5","38","39",,,,,,,,"40430201","https://tchoozshoes.com/products/speedcat-pearlized-junior","does_not_exist"
"in_stock","Puma","Shorts","tchooz","43","tchooz:9115217068289",,"USD","true",,"men","false","M TAD ESSENTIALS 7"" Woven Short Men","2026-05-22T03:00:12Z","S","M","L","XL","XXL",,,,,,,,"52591001","https://tchoozshoes.com/products/m-tad-essentials-7-woven-short-men","does_not_exist"
"in_stock","Puma","Pants","tchooz","75","tchooz:9115217035521","45","USD","true","40","boys","true","T7 SUPER PUMA Woven Pants Boys","2026-05-22T03:00:12Z","7-8 Years","9-10 Years","11-12 Years","13-14 Years","15-16 Years",,,,,,,,"63223601","https://tchoozshoes.com/products/t7-super-puma-woven-pants-boys","does_not_exist"
"in_stock","Puma","Tights","tchooz","80","tchooz:9115216675073","30","USD","true","62.5","women","true","W STRONG FLORAL RIBBON TIGHT 7/8 Women","2026-05-22T03:00:12Z","L",,,,,,,,,,,,"52775601","https://tchoozshoes.com/products/w-strong-floral-ribbon-tight-7-8-women","does_not_exist"
"in_stock","Puma","tees","tchooz","30","tchooz:9115216576769","10","USD","true","66.67",,"true","CATS CLUB Tee PS","2026-05-22T03:00:12Z","3-4 Years","4-5 Years","5-6 Years",,,,,,,,,,"68516147","https://tchoozshoes.com/products/cats-club-tee-ps","does_not_exist"
"in_stock","Puma","Low Boots","tchooz","100","tchooz:9115216511233","80","USD","true","20","men","true","ATTACANTO II FG/AG Men","2026-05-22T03:00:12Z","41","42","43","44","44.5","45","46","47",,,,,"10849301","https://tchoozshoes.com/products/attacanto-ii-fg-ag-men","does_not_exist"
"in_stock","Puma","Low Boots","tchooz","100","tchooz:9115216478465","80","USD","true","20","men","true","ATTACANTO II TT Men","2026-05-22T03:00:12Z","41","42","43","44","44.5","45","46","47",,,,,"10849404","https://tchoozshoes.com/products/attacanto-ii-tt-men","does_not_exist"
"in_stock","Puma","Low Boots","tchooz","75","tchooz:9115216445697","60","USD","true","20","men","true","VITORIA II FG/AG Men","2026-05-22T03:00:12Z","41","42","43","44","44.5","45","46","47",,,,,"10850001","https://tchoozshoes.com/products/vitoria-ii-fg-ag-men","does_not_exist"
"in_stock","Puma","Beanies","tchooz","54","tchooz:9115216314625",,"USD","true",,"unisex","false","BMW MMS Mid Crown Beanie","2026-05-22T03:00:12Z","X",,,,,,,,,,,,"2645301","https://tchoozshoes.com/products/bmw-mms-mid-crown-beanie","does_not_exist"
"in_stock","Puma","Beanies","tchooz","30","tchooz:9115216281857",,"USD","true",,"kids","false","COMIC Mid Crown Beanie Junior","2026-05-22T03:00:12Z","Navy","YUTH",,,,,,,,,,,"2655803","https://tchoozshoes.com/products/comic-mid-crown-beanie-junior","does_not_exist"
"in_stock","Puma","Shinguards","tchooz","36","tchooz:9115216249089",,"USD","true",,"men","false","NEYMAR JR ULTRA Light Sleeve","2026-05-22T03:00:12Z","L",,,,,,,,,,,,"3100701","https://tchoozshoes.com/products/neymar-jr-ultra-light-sleeve","does_not_exist"
"in_stock","Puma","Waterbottles","tchooz","35","tchooz:9115216216321",,"USD","true",,"unisex","false","TR SPORSTYLE LARGE Waterbottle","2026-05-22T03:00:12Z","X","Yellow",,,,,,,,,,,"5381134","https://tchoozshoes.com/products/tr-sporstyle-large-waterbottle","does_not_exist"
"in_stock","Puma","Low Boots","tchooz","100","tchooz:9115215921409","70","USD","true","30","women","true","Softride Harli Women","2026-05-22T03:00:12Z","37",,,,,,,,,,,,"31110018","https://tchoozshoes.com/products/softride-harli-women","does_not_exist"
"in_stock","Puma","Low Boots","tchooz","75","tchooz:9115215659265","55","USD","true","26.67","kids","true","Puma Caven 2.0 Block Junior","2026-05-22T03:00:12Z","37",,,,,,,,,,,,"39446117","https://tchoozshoes.com/products/puma-caven-2-0-block-junior","does_not_exist"
"in_stock","Puma","Low Boots","tchooz","165","tchooz:9115215593729","115","USD","true","30.3","men","true","Easy Rider Futbolito Men","2026-05-22T03:00:12Z","41","42","43","44","44.5","45","46","47",,,,,"40317601","https://tchoozshoes.com/products/easy-rider-futbolito-men","does_not_exist"
"in_stock","Puma","Low Boots","tchooz","150","tchooz:9115215560961","105","USD","true","30","men","true","GV Special Elevated Men","2026-05-22T03:00:12Z","42","44.5","45",,,,,,,,,,"40322902","https://tchoozshoes.com/products/gv-special-elevated-men","does_not_exist"
"in_stock","Puma","Tees","tchooz","38","tchooz:9115215331585",,"USD","true",,"men","false","M TAD ESSENTIALS SOLID CAT TEE (LC small cat) Men","2026-05-22T03:00:12Z","XL","XXL",,,,,,,,,,,"52590869","https://tchoozshoes.com/products/m-tad-essentials-solid-cat-tee-lc-small-cat-men","does_not_exist"
"in_stock","Puma","Tights","tchooz","82","tchooz:9115215266049","55","USD","true","32.93","women","true","W RUN VELOCITY FL TIGHT Women","2026-05-22T03:00:12Z","XS","M","L",,,,,,,,,,"52659175","https://tchoozshoes.com/products/w-run-velocity-fl-tight-women","does_not_exist"
"in_stock","Puma","Tees","tchooz","55","tchooz:9115215167745","40","USD","true","27.27","women","true","W GREEN TERRAINS FASHION GRAPHIC TEE Women","2026-05-22T03:00:12Z","XS","M",,,,,,,,,,,"52807846","https://tchoozshoes.com/products/w-green-terrains-fashion-graphic-tee-women","does_not_exist"
"in_stock","Puma","Tees","tchooz","37","tchooz:9115215134977","25","USD","true","32.43","boys","true","PUMA X HOT WHEELS Graphic Tee Boys","2026-05-22T03:00:12Z","6-7 Years",,,,,,,,,,,,"63239501","https://tchoozshoes.com/products/puma-x-hot-wheels-graphic-tee-boys","does_not_exist"
"in_stock","Puma","Jackets","tchooz","155","tchooz:9115215069441",,"USD","true",,"men","false","ESS Padded Jacket Men","2026-05-22T03:00:12Z","XXL","Navy",,,,,,,,,,,"68521001","https://tchoozshoes.com/products/ess-padded-jacket-men","does_not_exist"
"in_stock","Puma","Jackets","tchooz","115","tchooz:9115215036673","80","USD","true","30.43","women","true","ESS Padded Vest Women","2026-05-22T03:00:12Z","S","XS",,,,,,,,,,,"68522987","https://tchoozshoes.com/products/ess-padded-vest-women","does_not_exist"
"in_stock","Puma","Tees","tchooz","32","tchooz:9115215003905","20","USD","true","37.5","boys","true","MID90s Graphic Tee III Boys","2026-05-22T03:00:12Z","7-8 Years","9-10 Years","11-12 Years",,,,,,,,,,"68847226","https://tchoozshoes.com/products/mid90s-graphic-tee-iii-boys","does_not_exist"
"in_stock","Puma","Pants","tchooz","62","tchooz:9115214971137","45","USD","true","27.42","boys","true","MID90s Cargo Sweatpants FL Boys","2026-05-22T03:00:12Z","7-8 Years","9-10 Years","11-12 Years","15-16 Years",,,,,,,,,"68847475","https://tchoozshoes.com/products/mid90s-cargo-sweatpants-fl-boys","does_not_exist"
"in_stock","On","Low Boots","tchooz","195","tchooz:9115214938369",,"USD","true",,"men","false","Cloudswift 4 Men","2026-05-22T03:00:12Z","44.5","45","Navy",,,,,,,,,,"3MF10134320","https://tchoozshoes.com/products/cloudswift-4-men","does_not_exist"
"in_stock","Puma","Jackets","tchooz","65","tchooz:9115214741761","45","USD","true","30.77","boys","true","MOODY CAT Bomber PS","2026-05-22T03:00:12Z","4-5 Years","5-6 Years","6-7 Years",,,,,,,,,,"63220801","https://tchoozshoes.com/products/moody-cat-bomber-ps","does_not_exist"
"in_stock","Puma","Tees","tchooz","45","tchooz:9115214676225","30","USD","true","33.33","boys","true","SUPER PUMA Graphic Longsleeve Tee Boys","2026-05-22T03:00:12Z","7-8 Years","15-16 Years",,,,,,,,,,,"63223401","https://tchoozshoes.com/products/super-puma-graphic-longsleeve-tee-boys","does_not_exist"
"in_stock","Puma","Tees","tchooz","37","tchooz:9115214643457","25","USD","true","32.43","girls","true","PUMA X HELLO KITTY & FRIENDS Slim Tee Girls","2026-05-22T03:00:12Z","6-7 Years",,,,,,,,,,,,"63239102","https://tchoozshoes.com/products/puma-x-hello-kitty-friends-slim-tee-girls","does_not_exist"
"in_stock","Puma","Tees","tchooz","60","tchooz:9115214545153","40","USD","true","33.33","men","true","Neymar JR Playmaker Jersey Men","2026-05-22T03:00:12Z","XXL",,,,,,,,,,,,"66031410","https://tchoozshoes.com/products/neymar-jr-playmaker-jersey-men","does_not_exist"
"in_stock","Puma","Shorts","tchooz","60","tchooz:9115214512385","40","USD","true","33.33","men","true","Neymar JR Playmaker Training Shorts Men","2026-05-22T03:00:12Z","S","M","L","XL","XXL",,,,,,,,"66031610","https://tchoozshoes.com/products/neymar-jr-playmaker-training-shorts-men","does_not_exist"
"in_stock","Puma","Jackets","tchooz","110","tchooz:9115214414081","75","USD","true","31.82","men","true","PUMATECH Winterized Gilet Men","2026-05-22T03:00:12Z","L","XL","XXL",,,,,,,,,,"68822544","https://tchoozshoes.com/products/pumatech-winterized-gilet-men","does_not_exist"
"in_stock","Puma","Tights","tchooz","90","tchooz:9115214315777","65","USD","true","27.78","women","true","W CLOUDSPUN TIGHT - HW FL Women","2026-05-22T03:00:12Z","Beige","L","S","M",,,,,,,,,"52745299","https://tchoozshoes.com/products/w-cloudspun-tight-hw-fl-women","does_not_exist"
"in_stock","Puma","Tees","tchooz","37","tchooz:9115214283009","25","USD","true","32.43","girls","true","PUMA X HELLO KITTY & FRIENDS Ruffle Tee Girls","2026-05-22T03:00:12Z","4-5 Years","5-6 Years",,,,,,,,,,,"63238647","https://tchoozshoes.com/products/puma-x-hello-kitty-friends-ruffle-tee-girls","does_not_exist"
"in_stock","Puma","Hoodies","tchooz","72","tchooz:9115214250241","50","USD","true","30.56","girls","true","PUMA X HELLO KITTY & FRIENDS Relaxed Graphic Hoodie TR Girls","2026-05-22T03:00:12Z","3-4 Years","4-5 Years","5-6 Years","6-7 Years",,,,,,,,,"63238747","https://tchoozshoes.com/products/puma-x-hello-kitty-friends-relaxed-graphic-hoodie-tr-girls","does_not_exist"
"in_stock","Puma","Tights","tchooz","55","tchooz:9115214184705","40","USD","true","27.27","girls","true","PUMA X HELLO KITTY & FRIENDS Flared Leggings Girls","2026-05-22T03:00:12Z","3-4 Years","5-6 Years","6-7 Years",,,,,,,,,,"63238833","https://tchoozshoes.com/products/puma-x-hello-kitty-friends-flared-leggings-girls","does_not_exist"
"in_stock","Puma","Hoodies","tchooz","77","tchooz:9115214151937","55","USD","true","28.57","boys","true","SUPER PUMA Relaxed Hoodie TR Boys","2026-05-22T03:00:12Z","7-8 Years","9-10 Years","11-12 Years",,,,,,,,,,"63345801","https://tchoozshoes.com/products/super-puma-relaxed-hoodie-tr-boys","does_not_exist"
"in_stock","Puma","Towels","tchooz","36","tchooz:9115214086401",,"USD","true",,"unisex","false","TEAM Towel Large (70x140)","2026-05-22T03:00:12Z","X",,,,,,,,,,,,"5455202","https://tchoozshoes.com/products/team-towel-large-70x140","does_not_exist"
"in_stock","Puma","Bags","tchooz","75","tchooz:9115214053633",,"USD","true",,"women","false","AT ESS Concept IV Barrel Bag Women","2026-05-22T03:00:12Z","X",,,,,,,,,,,,"9186801","https://tchoozshoes.com/products/at-ess-concept-iv-barrel-bag-women","does_not_exist"
"in_stock","Puma","Low Boots","tchooz","120","tchooz:9115214020865","60","USD","true","50","women","true","Darter Pro Women","2026-05-22T03:00:12Z","36",,,,,,,,,,,,"31015230","https://tchoozshoes.com/products/darter-pro-women","does_not_exist"
"in_stock","Puma","Low Boots","tchooz","210","tchooz:9115213791489","145","USD","true","30.95","women","true","Velocity NITRO 4 SAYSKY Women","2026-05-22T03:00:12Z","36","37","37.5","38","38.5","39",,,,,,,"31190901","https://tchoozshoes.com/products/velocity-nitro-4-saysky-women","does_not_exist"
"in_stock","Puma","Low Boots","tchooz","120","tchooz:9115213725953","85","USD","true","29.17","women","true","Softride Courtney Women","2026-05-22T03:00:12Z","36","37","37.5",,,,,,,,,,"31203708","https://tchoozshoes.com/products/softride-courtney-women","does_not_exist"
"in_stock","Puma","Low Boots","tchooz","140","tchooz:9115213693185","100","USD","true","28.57","men","true","Flare Pro Trail PTX Men","2026-05-22T03:00:12Z","44.5",,,,,,,,,,,,"31204102","https://tchoozshoes.com/products/flare-pro-trail-ptx-men","does_not_exist"
"in_stock","Puma","Low Boots","tchooz","115","tchooz:9115213660417","80","USD","true","30.43","men","true","Extend Lite Trail Men","2026-05-22T03:00:12Z","44.5","46","Black And Blue",,,,,,,,,,"37953826","https://tchoozshoes.com/products/extend-lite-trail-men","does_not_exist"
"in_stock","Puma","Low Boots","tchooz","155","tchooz:9115213594881","110","USD","true","29.03","women","true","Mayze Lth Women","2026-05-22T03:00:12Z","36","37","37.5","38","38.5","40",,,,,,,"38198353","https://tchoozshoes.com/products/mayze-lth-women","does_not_exist"
"in_stock","Puma","Low Boots","tchooz","75","tchooz:9115213562113","55","USD","true","26.67","kids","true","Puma Caven 2.0 Junior","2026-05-22T03:00:12Z","37",,,,,,,,,,,,"39383758","https://tchoozshoes.com/products/puma-caven-2-0-junior","does_not_exist"
"in_stock","Puma","Low Boots","tchooz","140","tchooz:9115213529345","85","USD","true","39.29","men","true","Palermo Lth Men","2026-05-22T03:00:12Z","43","44","41","42","44.5","45","46",,,,,,"39646422","https://tchoozshoes.com/products/palermo-lth-men","does_not_exist"
"in_stock","Puma","Low Boots","tchooz","175","tchooz:9115213496577","125","USD","true","28.57","men","true","RS-X Heritage Men","2026-05-22T03:00:12Z","44","44.5",,,,,,,,,,,"39821014","https://tchoozshoes.com/products/rs-x-heritage-men","does_not_exist"
"in_stock","Puma","Low Boots","tchooz","85","tchooz:9115213365505","60","USD","true","29.41","women","true","Court Lally DayINight Women","2026-05-22T03:00:12Z","36","37","37.5",,,,,,,,,,"40268202","https://tchoozshoes.com/products/court-lally-dayinight-women","does_not_exist"
"in_stock","Puma","Low Boots","tchooz","155","tchooz:9115213299969","110","USD","true","29.03","women","true","Mayze Velvet Dream Women","2026-05-22T03:00:12Z","37","37.5","38","38.5","39","40",,,,,,,"40332602","https://tchoozshoes.com/products/mayze-velvet-dream-women","does_not_exist"
"in_stock","On","Low Boots","tchooz","209","tchooz:9115213267201",,"USD","true",,"men","false","Cloudmonster 1 Men","2026-05-22T03:00:12Z","43","42","44",,,,,,,,,,"3MF30741536","https://tchoozshoes.com/products/cloudmonster-1-men","does_not_exist"
"in_stock","Puma","Low Boots","tchooz","95","tchooz:9115213136129","65","USD","true","31.58","women","true","Carina 3.0 Animal Flair Women","2026-05-22T03:00:12Z","37","38","36",,,,,,,,,,"40264202","https://tchoozshoes.com/products/carina-3-0-animal-flair-women","does_not_exist"
"in_stock","Puma","Tees","tchooz","37","tchooz:9115213037825","20","USD","true","45.95","girls","true","GRAPHIC Leopard Tee Girls","2026-05-22T03:00:12Z","7-8 Years","11-12 Years","13-14 Years",,,,,,,,,,"63222534","https://tchoozshoes.com/products/graphic-leopard-tee-girls","does_not_exist"
"in_stock","Puma","Hoodies","tchooz","72","tchooz:9115213005057","50","USD","true","30.56","girls","true","HELLO KITTY & FRIENDS Hoodie TR","2026-05-22T03:00:12Z","4-5 Years","5-6 Years",,,,,,,,,,,"63238733","https://tchoozshoes.com/products/hello-kitty-friends-hoodie-tr","does_not_exist"
"in_stock","Puma","Hoodies","tchooz","72","tchooz:9115212939521","50","USD","true","30.56","boys","true","PUMA X HOT WHEELS Hoodie TR","2026-05-22T03:00:12Z","2-3 Years","3-4 Years","4-5 Years","5-6 Years","6-7 Years",,,,,,,,"63239601","https://tchoozshoes.com/products/puma-x-hot-wheels-hoodie-tr","does_not_exist"
"in_stock","Puma","Pants","tchooz","45","tchooz:9115212841217","25","USD","true","44.44","boys","true","LITTLE RUNNERS Sweatpants TR PS","2026-05-22T03:00:12Z","Navy",,,,,,,,,,,,"68847916","https://tchoozshoes.com/products/little-runners-sweatpants-tr-ps","does_not_exist"
"in_stock","Puma","Hoodies","tchooz","60","tchooz:9115212742913","40","USD","true","33.33","boys","true","SUPER PUMA Hoodie PS","2026-05-22T03:00:12Z","3-4 Years","4-5 Years","5-6 Years","6-7 Years",,,,,,,,,"69079901","https://tchoozshoes.com/products/super-puma-hoodie-ps","does_not_exist"
"in_stock","Puma","Pants","tchooz","60","tchooz:9115212710145","40","USD","true","33.33","boys","true","SUPER PUMA Sweatpants PS","2026-05-22T03:00:12Z","3-4 Years","4-5 Years","5-6 Years","6-7 Years",,,,,,,,,"69080001","https://tchoozshoes.com/products/super-puma-sweatpants-ps","does_not_exist"
"in_stock","Adidas","Low Boots","tchooz","159","tchooz:9115212677377",,"USD","true",,"men","false","HANDBALL SPEZIAL Men","2026-05-22T03:00:12Z","42","43 1/3","44","45 1/3",,,,,,,,,"DB3021","https://tchoozshoes.com/products/handball-spezial-men","does_not_exist"
"in_stock","Adidas","Low Boots","tchooz","159","tchooz:9115212644609",,"USD","true",,"men","false","SAMBA ADV Men","2026-05-22T03:00:12Z","42","45 1/3",,,,,,,,,,,"HQ7541","https://tchoozshoes.com/products/samba-adv-men","does_not_exist"
"in_stock","Puma","Gloves","tchooz","36","tchooz:9115212382465",,"USD","true",,"unisex","false","ATTACANTO Play RC","2026-05-22T03:00:12Z","Yellow","10","11","9",,,,,,,,,"4209004","https://tchoozshoes.com/products/attacanto-play-rc","does_not_exist"
"in_stock","Puma","Ball","tchooz","31","tchooz:9115212349697",,"USD","true",,"unisex","false","PUMA BIG CAT ball","2026-05-22T03:00:12Z","5",,,,,,,,,,,,"8493703","https://tchoozshoes.com/products/puma-big-cat-ball","does_not_exist"
"in_stock","New Balance","Low Boots","tchooz","275","tchooz:9115212153089",,"USD","true",,"women","false","NEW BALANCE 1906 Women","2026-05-22T03:00:12Z","37.5","38","39","40","40.5",,,,,,,,"M1906REH","https://tchoozshoes.com/products/new-balance-1906-women","does_not_exist"
"in_stock","New Balance","Low Boots","tchooz","275","tchooz:9115212087553",,"USD","true",,"men","false","NEW BALANCE 1906 Men","2026-05-22T03:00:12Z","Silver",,,,,,,,,,,,"M1906RER","https://tchoozshoes.com/products/new-balance-1906-men","does_not_exist"
"in_stock","New Balance","Low Boots","tchooz","169","tchooz:9115212022017",,"USD","true",,"men","false","NEW BALANCE 327 Men","2026-05-22T03:00:12Z","44","44.5","46.5",,,,,,,,,,"MS327FED","https://tchoozshoes.com/products/new-balance-327-men","does_not_exist"
"in_stock","New Balance","Low Boots","tchooz","199","tchooz:9115211956481",,"USD","true",,"men","false","NEW BALANCE 740 Men","2026-05-22T03:00:12Z","42","43","44",,,,,,,,,,"U740WW2D","https://tchoozshoes.com/products/new-balance-740-men","does_not_exist"
"in_stock","New Balance","Low Boots","tchooz","199","tchooz:9115211923713",,"USD","true",,"women","false","NEW BALANCE 740 Women","2026-05-22T03:00:12Z","Silver",,,,,,,,,,,,"U7405I7D","https://tchoozshoes.com/products/new-balance-740-women","does_not_exist"
"in_stock","New Balance","Low Boots","tchooz","255","tchooz:9115211890945",,"USD","true",,"women","false","NEW BALANCE 9060 Women","2026-05-22T03:00:12Z","40.5",,,,,,,,,,,,"U9060ECA","https://tchoozshoes.com/products/new-balance-9060-women","does_not_exist"
"in_stock","Puma","Pants","tchooz","82","tchooz:9130105209089","65","USD","true","20.73","men","true","PUMATECH Pants DK cl Men","2026-05-22T03:00:12Z","S","M","L","XL",,,,,,,,,"69218365","https://tchoozshoes.com/products/pumatech-pants-dk-cl-men","does_not_exist"
"in_stock","Puma","Low Boots","tchooz","140","tchooz:9130104422657","100","USD","true","28.57","men","true","Softride Enzo 5 Men","2026-05-22T03:00:12Z","Olive","41","42","42.5","44","44.5","45","46","47",,,,"31109822","https://tchoozshoes.com/products/softride-enzo-5-men","does_not_exist"
"in_stock","Puma","Low Boots","tchooz","118","tchooz:9130068672769","95","USD","true","19.49","men","true","Court Pro 2 Men","2026-05-22T03:00:12Z","41","42","43","44","45","46","47","48",,,,,"31218009","https://tchoozshoes.com/products/court-pro-2-men","does_not_exist"
"in_stock","Puma","Tees","tchooz","44","tchooz:9130068181249",,"USD","true",,"women","false","W TAD ESSENTIAL Baby Tee Women","2026-05-22T03:00:12Z","L","XS","S",,,,,,,,,,"52589402","https://tchoozshoes.com/products/w-tad-essential-baby-tee-women","does_not_exist"
"in_stock","Puma","Low Boots","tchooz","200","tchooz:9130067558657",,"USD","true",,"men","false","Fade Nitro Ripstop TR Men","2026-05-22T03:00:12Z","41","42","42.5","43","44","44.5","45","46","47",,,,"40635901","https://tchoozshoes.com/products/fade-nitro-ripstop-tr-men","does_not_exist"
"in_stock","Puma","Ball","tchooz","30","tchooz:9130067296513",,"USD","true",,"unisex","false","PUMA PRESTIGE ball","2026-05-22T03:00:12Z","Yellow","5",,,,,,,,,,,"8458509","https://tchoozshoes.com/products/puma-prestige-ball","does_not_exist"
"in_stock","Puma","Low Boots","tchooz","75","tchooz:9130067067137","45","USD","true","40","kids","true","Kruz Profoam AC+ PS","2026-05-22T03:00:12Z","30","33",,,,,,,,,,,"37976319","https://tchoozshoes.com/products/kruz-profoam-ac-ps","does_not_exist"
"in_stock","Puma","Polos","tchooz","72","tchooz:9130066411777",,"USD","true",,"men","false","PL ESS Polo Men","2026-05-22T03:00:12Z","S","M","L",,,,,,,,,,"63449601","https://tchoozshoes.com/products/pl-ess-polo-men","does_not_exist"
"in_stock","Puma","Tees","tchooz","72","tchooz:9130066346241","60","USD","true","16.67","men","true","BMW MMS Sportswear MT7 Tee Men","2026-05-22T03:00:12Z","S","M","XL",,,,,,,,,,"63487702","https://tchoozshoes.com/products/bmw-mms-sportswear-mt7-tee-men","does_not_exist"
"in_stock","Puma","Polos","tchooz","56","tchooz:9130066215169",,"USD","true",,"men","false","ESS No. 1 Logo Pique Polo Men","2026-05-22T03:00:12Z","Navy","S","M","L","XL",,,,,,,,"68255216","https://tchoozshoes.com/products/ess-no-1-logo-pique-polo-men","does_not_exist"
"in_stock","Puma","Tees","tchooz","31","tchooz:9130066149633",,"USD","true",,"men","false","ESS 2 COLOR Small No. 1 Logo Tee Men","2026-05-22T03:00:12Z","M",,,,,,,,,,,,"68471741","https://tchoozshoes.com/products/ess-2-color-small-no-1-logo-tee-men","does_not_exist"
"in_stock","Puma","Pants","tchooz","80","tchooz:9130066084097","65","USD","true","18.75","women","true","EVOSTRIPE Sweatpants DK op Women","2026-05-22T03:00:12Z","XS","S","M","L",,,,,,,,,"69189901","https://tchoozshoes.com/products/evostripe-sweatpants-dk-op-women","does_not_exist"
"in_stock","On","Low Boots","tchooz","229","tchooz:9130065920257",,"USD","true",,"men","false","Cloudmonster 3 Men","2026-05-22T03:00:12Z","42","43","44","45",,,,,,,,,"3MG10051043","https://tchoozshoes.com/products/cloudmonster-3-men","does_not_exist"
"in_stock","Puma","Low Boots","tchooz","144","tchooz:9128729641217",,"USD","true",,"men","false","H-Street Chrome Men","2026-05-22T03:00:12Z","Gold","Silver",,,,,,,,,,,"40612604","https://tchoozshoes.com/products/h-street-chrome-men","does_not_exist"
"in_stock","Puma","Low Boots","tchooz","154","tchooz:9128726036737",,"USD","true",,"men","false","H-Street OG Men","2026-05-22T03:00:12Z","41","42","42.5","43","44","44.5","45","46","47",,,,"40369202","https://tchoozshoes.com/products/h-street-og-men","does_not_exist"
"in_stock","Puma","Low Boots","tchooz","175","tchooz:9120102777089","105","USD","true","40","men","true","Mostro Perf Men","2026-05-22T03:00:12Z","White And Black","41","42","43","44","44.5","45","46",,,,,"39733101","https://tchoozshoes.com/products/mostro-perf-men","does_not_exist"
"in_stock","Adidas","Low Boots","tchooz","175","tchooz:9120101499137","131","USD","true","25.14","women","true","SAMBA JP Women","2026-05-22T03:00:12Z","36","36 2/3","37 1/3","38","38 2/3","39 1/3","White And Black",,,,,,"JQ9055","https://tchoozshoes.com/products/samba-jp-women","does_not_exist"
"in_stock","New Balance","Low Boots","tchooz","199","tchooz:9120101400833","120","USD","true","39.7","women","true","New Balance 327 Women","2026-05-22T03:00:12Z","36","36.5","37",,,,,,,,,,"U327WPKD-w","https://tchoozshoes.com/products/new-balance327women","does_not_exist"
"in_stock","Puma","Low Boots","tchooz","35","tchooz:9118152687873","30","USD","true","14.29","men","true","Divecat v2 Lite Men","2026-05-22T03:00:12Z","Navy","40.5","42","43","47",,,,,,,,"37482302","https://tchoozshoes.com/products/divecat-v2-lite-men","does_not_exist"
"in_stock","New Balance","Low Boots","tchooz","169","tchooz:9117887365377","118","USD","true","30.18","men","true","New Balance 327 Lifestyle Men","2026-05-22T03:00:12Z","44","White And Navy","White And Black",,,,,,,,,,"MS327CWB","https://tchoozshoes.com/products/new-balance-327men","does_not_exist"
"in_stock","Puma","Low Boots","tchooz","113","tchooz:9115234238721",,"USD","true",,"men","false","Softride Exo Men","2026-05-22T03:00:12Z","41","42","42.5","44","45","46",,,,,,,"31172219","https://tchoozshoes.com/products/softride-exo-men","does_not_exist"
"in_stock","Puma","Ball","tchooz","30","tchooz:9115234140417",,"USD","true",,"unisex","false","individualRISE Graphic ball","2026-05-22T03:00:12Z","White And Red","White And Blue",,,,,,,,,,,"8474202","https://tchoozshoes.com/products/individualrise-graphic-ball","does_not_exist"
"in_stock","Puma","Low Boots","tchooz","55","tchooz:9115233943809","40","USD","true","27.27","kids","true","Puma Rickie AC+ PS","2026-05-22T03:00:12Z","30","33",,,,,,,,,,,"38583602","https://tchoozshoes.com/products/puma-rickie-ac-ps","does_not_exist"
"in_stock","Puma","Low Boots","tchooz","145","tchooz:9115233812737","85","USD","true","41.38","women","true","Palermo Moda Tongue Women","2026-05-22T03:00:12Z","36","37","38","37.5","38.5","39",,,,,,,"40167903","https://tchoozshoes.com/products/palermo-moda-tongue-women","does_not_exist"
"in_stock","Puma","Socks","tchooz","30","tchooz:9115233714433",,"USD","true",,"unisex","false","PUMA ELEMENTS UNISEX SNEAKER (6 Pairs)","2026-05-22T03:00:12Z","35-38 (Socks)","Black And Gray",,,,,,,,,,,"701799001","https://tchoozshoes.com/products/puma-elements-unisex-sneaker-6-pairs","does_not_exist"
"in_stock","Puma","Sportband","tchooz","15","tchooz:9115233550593",,"USD","true",,"unisex","false","Cat Wristband","2026-05-22T03:00:12Z","X",,,,,,,,,,,,"5115602","https://tchoozshoes.com/products/cat-wristband","does_not_exist"
"in_stock","Puma","Water Bottle","tchooz","20","tchooz:9115233321217",,"USD","true",,"unisex","false","PUMA Tr Performance Bottle Running/Training Unisex","2026-05-22T03:00:12Z","X",,,,,,,,,,,,"5381201","https://tchoozshoes.com/products/puma-tr-performance-bottle-running-training-unisex","does_not_exist"
"in_stock","Puma","Sportband","tchooz","30","tchooz:9115233190145",,"USD","true",,"unisex","false","AT Sportbands (6Pcs) Running/Training Unisex","2026-05-22T03:00:12Z","X",,,,,,,,,,,,"5345209","https://tchoozshoes.com/products/at-sportbands-6pcs-running-training-unisex","does_not_exist"
"in_stock","Puma","Gloves","tchooz","35","tchooz:9115232862465",,"USD","true",,"women","false","Tr Gym Gloves Running/Training Women","2026-05-22T03:00:12Z","M",,,,,,,,,,,,"4177301","https://tchoozshoes.com/products/tr-gym-gloves-running-training-women","does_not_exist"
"in_stock","Puma","Pants","tchooz","65","tchooz:9115232829697",,"USD","true",,"men","false","Ess Logo Pants Terry Close Sportstyle/Core Men","2026-05-22T03:00:12Z","Navy",,,,,,,,,,,,"58671606","https://tchoozshoes.com/products/ess-logo-pants-terry-close-sportstyle-core-men","does_not_exist"
"in_stock","Puma","Shoes","tchooz","70","tchooz:9115232796929","55","USD","true","21.43","unisex","true","Anzarun Lite Ac Sportstyle/Core Pre-School Unisex/Boys","2026-05-22T03:00:12Z","28","30","31",,,,,,,,,,"37200910","https://tchoozshoes.com/products/anzarun-lite-ac-sportstyle-core-pre-school-unisex-boys","does_not_exist"
"in_stock","Puma","Shoes","tchooz","70","tchooz:9115232436481",,"USD","true",,"men","false","ATTACANTO TT Football Men","2026-05-22T03:00:12Z","42","42.5","43","44",,,,,,,,,"10747801","https://tchoozshoes.com/products/attacanto-tt-football-men","does_not_exist"
"in_stock","New Balance","Shoes","tchooz","175","tchooz:9115232403713","70","USD","true","60","men","true","New Balance 997R Lifestyle Men","2026-05-22T03:00:12Z","Black And Gray",,,,,,,,,,,,"U997RHCD","https://tchoozshoes.com/products/new-balance-997r-lifestyle-men","F0307"
"in_stock","New Balance","Shoes","tchooz","150","tchooz:9115232338177","90","USD","true","40","men","true","New Balance 574 Lifestyle Men","2026-05-22T03:00:12Z","44.5","45.5",,,,,,,,,,,"ML574EVB","https://tchoozshoes.com/products/new-balance-574-lifestyle-men","does_not_exist"
"in_stock","Puma","Shinguards","tchooz","25","tchooz:9115231813889",,"USD","true",,"unisex","false","ULTRA Light Strap C-TEAMSPORT Unisex","2026-05-22T03:00:12Z","XS","S","M","L",,,,,,,,,"3087503","https://tchoozshoes.com/products/ultra-light-strap-c-teamsport-unisex","13061"
"in_stock","Puma","Tights","tchooz","50","tchooz:9115231650049","10","USD","true","80","women","true","EVOKNIT 7/8 High-Waist Tights A-SPORTSTYLE CORE Women","2026-05-22T03:00:12Z","XS",,,,,,,,,,,,"67309448","https://tchoozshoes.com/products/evoknit-7-8-high-waist-tights-a-sportstyle-core-women","does_not_exist"
