"availability","brand_name","category","competitor_name","competitor_price","competitor_product_id","competitor_sale_price","currency","data_valid","discount_pct","gender_target","is_on_sale","product_name","scraped_at","sizes_available/0","sizes_available/1","sizes_available/2","sizes_available/3","sizes_available/4","sizes_available/5","sizes_available/6","sizes_available/7","sizes_available/8","sizes_available/9","sku_id","source_url","style_code"
"in_stock","Puma","Pants","tchooz","128","tchooz:9114712834305",,"USD","true",,"men","false","BMW MMS Sportswear MT7 Track Pants Men","2026-04-22T03:00:14Z","S","M","L","XL","XXL",,,,,,"4069162255990","https://tchoozshoes.com/products/63487601","63487601"
"in_stock","Puma","Jackets","tchooz","160","tchooz:9114712801537",,"USD","true",,"men","false","BMW MMS Sportswear MT7 Track Jacket Men","2026-04-22T03:00:14Z","S","M","L","XL","XXL",,,,,,"4069162253972","https://tchoozshoes.com/products/63487501","63487501"
"in_stock","Puma","Low Boots","tchooz","65","tchooz:9100414484737",,"USD","true",,"kids","false","CA Pro Classic GABY DOLLHOUSE PS","2026-04-22T03:00:14Z","White And Teal",,,,,,,,,,"does_not_exist","https://tchoozshoes.com/products/40578201","40578201"
"in_stock","Puma","Low Boots","tchooz","128","tchooz:9092776526081",,"USD","true",,"men","false","CA Match Men","2026-04-22T03:00:14Z","41","42","42.5","43","44","44.5","45","46",,,"4067983118678","https://tchoozshoes.com/products/40077905","40077905"
"in_stock","Puma","Pants","tchooz","128","tchooz:9040759488769",,"USD","true",,"men","false","BMW MMS Sportswear Sweat Pants Men","2026-04-22T03:00:14Z","S","M","L","XL",,,,,,,"4069162253323","https://tchoozshoes.com/products/63488101","63488101"
"in_stock","Puma","Tees","tchooz","56","tchooz:9040759914753",,"USD","true",,"men","false","BMW MMS Ess Logo Tee Men","2026-04-22T03:00:14Z","S","M","XL",,,,,,,,"4069162193070","https://tchoozshoes.com/products/63489701","63489701"
"in_stock","Puma","Pants","tchooz","92","tchooz:9040759685377",,"USD","true",,"men","false","BMW MMS Ess Pants Ft Men","2026-04-22T03:00:14Z","S","M","L","XL",,,,,,,"4069162188861","https://tchoozshoes.com/products/63489401","63489401"
"in_stock","Puma","Low Boots","tchooz","153","tchooz:9038730690817",,"USD","true",,"men","false","Ayro Street Men","2026-04-22T03:00:14Z","41","42","43","44","44.5","45","46",,,,"4069161814587","https://tchoozshoes.com/products/31296502","31296502"
"in_stock","Adidas","Low Boots","tchooz","96","tchooz:8693920792833",,"USD","true",,"men","false","BARREDA Men","2026-04-22T03:00:14Z","43 1/3","44","45 1/3",,,,,,,,"4067904284161","https://tchoozshoes.com/products/ji2306","JI2306"
"in_stock","Puma","Low Boots","tchooz","82","tchooz:9100414517505",,"USD","true",,"women","false","Anzarun 2 Lite SLIPTECH Women","2026-04-22T03:00:14Z","37","37.5","38.5","41",,,,,,,"does_not_exist","https://tchoozshoes.com/products/40631207","40631207"
"in_stock","Puma","Low Boots","tchooz","70","tchooz:9045771714817",,"USD","true",,"kids","false","Anzarun Lite AC+ PS","2026-04-22T03:00:14Z","Navy",,,,,,,,,,"4069161701351","https://tchoozshoes.com/products/37200948","37200948"
"out_of_stock","Adidas","Shoes","tchooz","153","tchooz:9021598793985","37","USD","true","75.82","men","true","Adidas F50 LEAGUE TF MESSI Football/soccer","2026-04-22T03:00:14Z",,,,,,,,,,,"4067897611517","https://tchoozshoes.com/products/ig9282","IG9282"
"in_stock","Puma","Low Boots","tchooz","70","tchooz:8282808254721",,"USD","true",,"unisex","false","Anzarun Lite AC+ PS Inf Footwear Sportstyle Kids PS Boys/Unisex","2026-04-22T03:00:14Z","28","29","30","31","32","34",,,,,"4062451497644","https://tchoozshoes.com/products/37200901","37200901"
"in_stock","Puma","Low Boots","tchooz","60","tchooz:8977064362241",,"USD","true",,"boys","false","ATTACANTO FG/AG Boys","2026-04-22T03:00:14Z","36","37","37.5","38","38.5",,,,,,"4099683038840","https://tchoozshoes.com/products/10748001","10748001"
"in_stock","Puma","Low boots","tchooz","70","tchooz:8751719448833",,"USD","true",,"men","false","ATTACANTO TT Men","2026-04-22T03:00:14Z","42.5","43","44.5","45","46",,,,,,"4067983117541","https://tchoozshoes.com/products/10747812","10747812"
"in_stock","Puma","Beanies","tchooz","25","tchooz:8980007977217",,"USD","true",,"kids","false","ANIMAL Mid Crown Beanie Junior","2026-04-22T03:00:14Z","YUTH",,,,,,,,,,"4069157147415","https://tchoozshoes.com/products/2656401","2656401"
"in_stock","Puma","Low Boots","tchooz","70","tchooz:9115231617281","52","USD","true","25.71","men","true","ATTACANTO FG/AG TEAMSPORT Men","2026-04-22T03:00:14Z","41","42","43","44","44.5","45","46","47",,,"does_not_exist","https://tchoozshoes.com/products/attacanto-fg-ag-teamsport-men","does_not_exist"
"in_stock","Puma","Low Boots","tchooz","52","tchooz:9115231584513",,"USD","true",,"men","false","ATTACANTO TT TEAMSPORT Men","2026-04-22T03:00:14Z","42","42.5","43","44","45",,,,,,"does_not_exist","https://tchoozshoes.com/products/attacanto-tt-teamsport-men","does_not_exist"
"in_stock","New Balance","Shoes","tchooz","169","tchooz:9115231551745",,"USD","true",,"men","false","New Balance 327 Lifestyle Men","2026-04-22T03:00:14Z","42","43","44","44.5",,,,,,,"does_not_exist","https://tchoozshoes.com/products/new-balance-327-lifestyle-men","does_not_exist"
"in_stock","Puma","Low Boots","tchooz","100","tchooz:9115231453441",,"USD","true",,"men","false","Palermo Lth F-SPORTSTYLE PRIME Men","2026-04-22T03:00:14Z","43","44","44.5","45",,,,,,,"does_not_exist","https://tchoozshoes.com/products/palermo-lth-f-sportstyle-prime-men","does_not_exist"
"in_stock","Puma","Waterbottles","tchooz","15","tchooz:9115231387905",,"USD","true",,"unisex","false","PUMA TR bottle core TRAINING Unisex","2026-04-22T03:00:14Z","X",,,,,,,,,,"does_not_exist","https://tchoozshoes.com/products/puma-tr-bottle-core-training-unisex","does_not_exist"
"in_stock","Puma","Bags","tchooz","70","tchooz:9115231355137",,"USD","true",,"unisex","false","BTS lunch bag and backpack Set CORE Women","2026-04-22T03:00:14Z","X",,,,,,,,,,"does_not_exist","https://tchoozshoes.com/products/bts-lunch-bag-and-backpack-set-core-women","does_not_exist"
"in_stock","Puma","Bags","tchooz","70","tchooz:9115231322369",,"USD","true",,"unisex","false","BTS lunch bag and backpack Set CORE Unisex","2026-04-22T03:00:14Z","Navy",,,,,,,,,,"does_not_exist","https://tchoozshoes.com/products/bts-lunch-bag-and-backpack-set-core-unisex","does_not_exist"
"in_stock","Puma","Ball","tchooz","30","tchooz:9115231256833",,"USD","true",,"unisex","false","ATTACANTO Graphic TEAMSPORT Unisex","2026-04-22T03:00:14Z","5",,,,,,,,,,"does_not_exist","https://tchoozshoes.com/products/attacanto-graphic-teamsport-unisex","does_not_exist"
"in_stock","Puma","Backpacks","tchooz","60","tchooz:9115231224065",,"USD","true",,"kids","false","FEED YOUR PUMA Backpack PRIME Kids","2026-04-22T03:00:14Z","X",,,,,,,,,,"does_not_exist","https://tchoozshoes.com/products/feed-your-puma-backpack-prime-kids","does_not_exist"
"in_stock","Puma","Backpacks","tchooz","60","tchooz:9115231158529",,"USD","true",,"girls","false","FEED YOUR PUMA Backpack PRIME Girls","2026-04-22T03:00:14Z","X",,,,,,,,,,"does_not_exist","https://tchoozshoes.com/products/feed-your-puma-backpack-prime-girls","does_not_exist"
"in_stock","Puma","Low Boots","tchooz","25","tchooz:9115230863617",,"USD","true",,"boys","false","FUTURE 7 PLAY TT V Jr TEAMSPORT Boys","2026-04-22T03:00:14Z","38.5",,,,,,,,,,"does_not_exist","https://tchoozshoes.com/products/future-7-play-tt-v-jr-teamsport-boys","does_not_exist"
"in_stock","Puma","Caps","tchooz","35","tchooz:9115230798081",,"USD","true",,"women","false","Lightweight Runner Cap C-RUNNING/TRAINING Women","2026-04-22T03:00:14Z","ADLT",,,,,,,,,,"does_not_exist","https://tchoozshoes.com/products/lightweight-runner-cap-c-running-training-women","does_not_exist"
"in_stock","Puma","Tees","tchooz","10","tchooz:9115230667009",,"USD","true",,"boys","false","CLASSICS PUMA FC Tee A-SPORTSTYLE PRIME Boys","2026-04-22T03:00:14Z","6 Years",,,,,,,,,,"does_not_exist","https://tchoozshoes.com/products/classics-puma-fc-tee-a-sportstyle-prime-boys","does_not_exist"
"in_stock","Puma","Backpacks","tchooz","120","tchooz:9115230634241",,"USD","true",,"unisex","false","PUMA Wheel Backpack Set CORE Junior","2026-04-22T03:00:14Z","X",,,,,,,,,,"does_not_exist","https://tchoozshoes.com/products/puma-wheel-backpack-set-core-junior","does_not_exist"
"in_stock","Puma","Caps","tchooz","35","tchooz:9115230568705",,"USD","true",,"unisex","false","PRIME Trucker Cap PRIME Unisex","2026-04-22T03:00:14Z","ADLT",,,,,,,,,,"does_not_exist","https://tchoozshoes.com/products/prime-trucker-cap-prime-unisex","does_not_exist"
"in_stock","Puma","Caps","tchooz","35","tchooz:9115230535937","15","USD","true","57.14","unisex","true","ACM Team Cap TEAMSPORT Unisex","2026-04-22T03:00:14Z","X",,,,,,,,,,"does_not_exist","https://tchoozshoes.com/products/acm-team-cap-teamsport-unisex","does_not_exist"
"in_stock","Puma","Ball","tchooz","35","tchooz:9115230503169",,"USD","true",,"unisex","false","PUMA Orbita LaLiga 1 MS TEAMSPORT Unisex","2026-04-22T03:00:14Z","5",,,,,,,,,,"does_not_exist","https://tchoozshoes.com/products/puma-orbita-laliga-1-ms-teamsport-unisex","does_not_exist"
"in_stock","Puma","Low Boots","tchooz","155","tchooz:9115230437633",,"USD","true",,"men","false","Softride Frequence RUNNING Men","2026-04-22T03:00:14Z","41","42","43","44","45","46",,,,,"does_not_exist","https://tchoozshoes.com/products/softride-frequence-running-men","does_not_exist"
"in_stock","Puma","Bras","tchooz","70","tchooz:9115230372097","15","USD","true","78.57","women","true","4KEEPS CLOUDSPUN SCULPTING BRA TRAINING Women","2026-04-22T03:00:14Z","Purple",,,,,,,,,,"does_not_exist","https://tchoozshoes.com/products/4keeps-cloudspun-sculpting-bra-training-women","does_not_exist"
"in_stock","Puma","Low Boots","tchooz","60","tchooz:9115230208257",,"USD","true",,"unisex","false","All-Day Active AC+ PS Unisex/Boys","2026-04-22T03:00:14Z","28","29","30","31","32","33","34",,,,"does_not_exist","https://tchoozshoes.com/products/all-day-active-ac-ps-unisex-boys","does_not_exist"
"in_stock","Puma","Low Boots","tchooz","70","tchooz:9115230142721",,"USD","true",,"women","false","Anzarun Lite Women","2026-04-22T03:00:14Z","37.5",,,,,,,,,,"does_not_exist","https://tchoozshoes.com/products/anzarun-lite-women","does_not_exist"
"in_stock","Puma","Tights","tchooz","10","tchooz:9115230077185",,"USD","true",,"girls","false","ESS+ Tropicat Leggings G Girls","2026-04-22T03:00:14Z","16 Years",,,,,,,,,,"does_not_exist","https://tchoozshoes.com/products/ess-tropicat-leggings-g-girls","does_not_exist"
"in_stock","Puma","Ball","tchooz","30","tchooz:9115230011649","15","USD","true","50","unisex","true","PUMA PRESTIGE ball Unisex","2026-04-22T03:00:14Z","5",,,,,,,,,,"does_not_exist","https://tchoozshoes.com/products/puma-prestige-ball-unisex","does_not_exist"
"in_stock","Puma","Ball","tchooz","30","tchooz:9115229978881","15","USD","true","50","unisex","true","ATTACANTO Graphic Unisex","2026-04-22T03:00:14Z","Purple",,,,,,,,,,"does_not_exist","https://tchoozshoes.com/products/attacanto-graphic-unisex","does_not_exist"
"in_stock","Puma","Ball","tchooz","30","tchooz:9115229946113","15","USD","true","50","unisex","true","PUMA CAGE ball Unisex","2026-04-22T03:00:14Z","5",,,,,,,,,,"does_not_exist","https://tchoozshoes.com/products/puma-cage-ball-unisex","does_not_exist"
"in_stock","Puma","Ball","tchooz","30","tchooz:9115229913345","15","USD","true","50","unisex","true","PUMA FINAL Graphic ball Unisex","2026-04-22T03:00:14Z","5",,,,,,,,,,"does_not_exist","https://tchoozshoes.com/products/puma-final-graphic-ball-unisex","does_not_exist"
"in_stock","Puma","Ball","tchooz","35","tchooz:9115229880577","20","USD","true","42.86","unisex","true","PUMA KING ball Unisex","2026-04-22T03:00:14Z","5",,,,,,,,,,"does_not_exist","https://tchoozshoes.com/products/puma-king-ball-unisex","does_not_exist"
"in_stock","Puma","Low Boots","tchooz","70","tchooz:9115229847809",,"USD","true",,"men","false","ATTACANTO FG/AG Men","2026-04-22T03:00:14Z","42","43","44","44.5","45","47","42.5",,,,"does_not_exist","https://tchoozshoes.com/products/attacanto-fg-ag-men","does_not_exist"
"in_stock","Puma","Low Boots","tchooz","80","tchooz:9115229782273",,"USD","true",,"boys","false","Kruz Profoam Boys","2026-04-22T03:00:14Z","37","37.5",,,,,,,,,"does_not_exist","https://tchoozshoes.com/products/kruz-profoam-boys","does_not_exist"
"in_stock","Puma","Tees","tchooz","10","tchooz:9115229683969",,"USD","true",,"boys","false","PUMA X TROLLS Tee Boys","2026-04-22T03:00:14Z","5 Years","6 Years",,,,,,,,,"does_not_exist","https://tchoozshoes.com/products/puma-x-trolls-tee-boys","does_not_exist"
"in_stock","Puma","Hoodies","tchooz","25","tchooz:9115229651201",,"USD","true",,"girls","false","PUMA X TROLLS Hoodie TR Girls","2026-04-22T03:00:14Z","4 Years",,,,,,,,,,"does_not_exist","https://tchoozshoes.com/products/puma-x-trolls-hoodie-tr-girls","does_not_exist"
"in_stock","Puma","Tees","tchooz","10","tchooz:9115229618433",,"USD","true",,"boys","false","PUMA X TROLLS Graphic Tee Boys","2026-04-22T03:00:14Z","4 Years",,,,,,,,,,"does_not_exist","https://tchoozshoes.com/products/puma-x-trolls-graphic-tee-boys","does_not_exist"
"in_stock","Puma","Tops","tchooz","25","tchooz:9115229290753",,"USD","true",,"women","false","STUDIO CLOUDSPUN RIB TANK Women","2026-04-22T03:00:14Z","M",,,,,,,,,,"does_not_exist","https://tchoozshoes.com/products/studio-cloudspun-rib-tank-women","does_not_exist"
"in_stock","New Balance","Low Boots","tchooz","76","tchooz:9115229225217",,"USD","true",,"men","false","New Balance Footwear 237 Men","2026-04-22T03:00:14Z","Navy",,,,,,,,,,"does_not_exist","https://tchoozshoes.com/products/new-balance-footwear-237-men","does_not_exist"
"in_stock","Adidas","Tights","tchooz","61","tchooz:9115229094145","27","USD","true","55.74","women","true","W FI 3S LEGGING A-NOT SPORTS SPECIFIC Women","2026-04-22T03:00:14Z","XS","S",,,,,,,,,"does_not_exist","https://tchoozshoes.com/products/w-fi-3s-legging-a-not-sports-specific-women","does_not_exist"
"in_stock","Puma","Gloves","tchooz","35","tchooz:9115229061377",,"USD","true",,"men","false","PUMA ULTRA Play RC Men","2026-04-22T03:00:14Z","8","10",,,,,,,,,"does_not_exist","https://tchoozshoes.com/products/puma-ultra-play-rc-men","does_not_exist"
"in_stock","Puma","Low Boots","tchooz","85","tchooz:9115228995841",,"USD","true",,"men","false","Easy Rider Vintage Men","2026-04-22T03:00:14Z","44","44.5","45","46","47",,,,,,"does_not_exist","https://tchoozshoes.com/products/easy-rider-vintage-men","does_not_exist"
"in_stock","Puma","Tees","tchooz","30","tchooz:9115228930305",,"USD","true",,"women","false","ESS Logo Tee Women","2026-04-22T03:00:14Z","XS",,,,,,,,,,"does_not_exist","https://tchoozshoes.com/products/ess-logo-tee-women","does_not_exist"
"in_stock","Puma","Tees","tchooz","30","tchooz:9115228897537",,"USD","true",,"men","false","ESS Logo Tee Men","2026-04-22T03:00:14Z","XXL",,,,,,,,,,"does_not_exist","https://tchoozshoes.com/products/ess-logo-tee-men","does_not_exist"
"in_stock","Adidas","Low Boots","tchooz","121","tchooz:9115228733697",,"USD","true",,"women","false","ADVANTAGE 2.0 Women","2026-04-22T03:00:14Z","38","38 2/3","39 1/3",,,,,,,,"does_not_exist","https://tchoozshoes.com/products/advantage-2-0-women","does_not_exist"
"in_stock","New Balance","Low Boots","tchooz","184","tchooz:9115228602625","92","USD","true","50","women","true","New Balance Footwear-574 LEGACY Women","2026-04-22T03:00:14Z","36",,,,,,,,,,"does_not_exist","https://tchoozshoes.com/products/new-balance-footwear-574-legacy-women","does_not_exist"
"in_stock","Puma","Gloves","tchooz","35","tchooz:9115228569857",,"USD","true",,"unisex","false","PUMA ULTRA Play RC Unisex","2026-04-22T03:00:14Z","8","10",,,,,,,,,"does_not_exist","https://tchoozshoes.com/products/puma-ultra-play-rc-unisex","does_not_exist"
"in_stock","Puma","Bags","tchooz","60","tchooz:9115228504321",,"USD","true",,"unisex","false","PUMA CHALLENGER Sports Bag Unisex","2026-04-22T03:00:14Z","Navy",,,,,,,,,,"does_not_exist","https://tchoozshoes.com/products/puma-challenger-sports-bag-unisex","does_not_exist"
"in_stock","Puma","Bags","tchooz","20","tchooz:9115228471553",,"USD","true",,"unisex","false","PUMA PHASE Gym Sack Unisex","2026-04-22T03:00:14Z","Navy","X",,,,,,,,,"does_not_exist","https://tchoozshoes.com/products/puma-phase-gym-sack-unisex","does_not_exist"
"in_stock","Puma","Low Boots","tchooz","145","tchooz:9115228438785","85","USD","true","41.38","men","true","Easy Rider Mix Men","2026-04-22T03:00:14Z","White And Black",,,,,,,,,,"does_not_exist","https://tchoozshoes.com/products/easy-rider-mix-men","does_not_exist"
"in_stock","Puma","Low Boots","tchooz","70","tchooz:9115228406017",,"USD","true",,"boys","false","Flyer Lite 3 Jr Boys","2026-04-22T03:00:14Z","37",,,,,,,,,,"does_not_exist","https://tchoozshoes.com/products/flyer-lite-3-jr-boys","does_not_exist"
"in_stock","Puma","Low Boots","tchooz","65","tchooz:9115228373249",,"USD","true",,"boys","false","Flyer 3 AC+ PS Boys","2026-04-22T03:00:14Z","28","29","30","31",,,,,,,"does_not_exist","https://tchoozshoes.com/products/flyer-3-ac-ps-boys","does_not_exist"
"in_stock","Puma","Tees","tchooz","30","tchooz:9115228340481",,"USD","true",,"women","false","ESS Small No. 1 Logo Tee Women","2026-04-22T03:00:14Z","XS",,,,,,,,,,"does_not_exist","https://tchoozshoes.com/products/ess-small-no-1-logo-tee-women","does_not_exist"
"in_stock","Adidas","Low Boots","tchooz","77","tchooz:9115228274945",,"USD","true",,"women","false","BARREDA DECODE Women","2026-04-22T03:00:14Z","38 2/3",,,,,,,,,,"does_not_exist","https://tchoozshoes.com/products/barreda-decode-women","does_not_exist"
"in_stock","Puma","Low Boots","tchooz","115","tchooz:9115228209409","45","USD","true","60.87","women","true","Softride Pro Echo Slip-On NM Women","2026-04-22T03:00:14Z","36",,,,,,,,,,"does_not_exist","https://tchoozshoes.com/products/softride-pro-echo-slip-on-nm-women","does_not_exist"
"in_stock","Puma","Pants","tchooz","70","tchooz:9115228176641",,"USD","true",,"men","false","ESS No. 1 Logo Sweatpants TR cl Men","2026-04-22T03:00:14Z","Navy",,,,,,,,,,"does_not_exist","https://tchoozshoes.com/products/ess-no-1-logo-sweatpants-tr-cl-men","does_not_exist"
"in_stock","New Balance","Low Boots","tchooz","115","tchooz:9115228143873",,"USD","true",,"men","false","BB550 Men","2026-04-22T03:00:14Z","42.5","43",,,,,,,,,"does_not_exist","https://tchoozshoes.com/products/bb550-men","BB550"
"in_stock","Puma","Bags","tchooz","45","tchooz:9115228111105",,"USD","true",,"unisex","false","PUMA Phase Hooded Backpack Unisex","2026-04-22T03:00:14Z","X",,,,,,,,,,"does_not_exist","https://tchoozshoes.com/products/puma-phase-hooded-backpack-unisex","does_not_exist"
"in_stock","Puma","Bags","tchooz","50","tchooz:9115228078337",,"USD","true",,"unisex","false","PL SMALL X-Body Unisex","2026-04-22T03:00:14Z","X",,,,,,,,,,"does_not_exist","https://tchoozshoes.com/products/pl-small-x-body-unisex","does_not_exist"
"in_stock","Puma","Tights","tchooz","20","tchooz:9115227980033",,"USD","true",,"women","false","LACE HW 5"" SHORT TIGHT Women","2026-04-22T03:00:14Z","L",,,,,,,,,,"does_not_exist","https://tchoozshoes.com/products/lace-hw-5-short-tight-women","does_not_exist"
"in_stock","Puma","Pants","tchooz","70","tchooz:9115227848961",,"USD","true",,"men","false","ESS No. 1 Logo Sweatpants TR Men","2026-04-22T03:00:14Z","Navy",,,,,,,,,,"does_not_exist","https://tchoozshoes.com/products/ess-no-1-logo-sweatpants-tr-men","does_not_exist"
"in_stock","Puma","Caps","tchooz","35","tchooz:9115227816193",,"USD","true",,"girls","false","PUMA x HK&FR Trucker Cap Jr Kids","2026-04-22T03:00:14Z","YUTH",,,,,,,,,,"does_not_exist","https://tchoozshoes.com/products/puma-x-hk-fr-trucker-cap-jr-kids","does_not_exist"
"in_stock","Puma","Ball","tchooz","35","tchooz:9115227783425",,"USD","true",,"unisex","false","NEYMAR JR Graphic ball Unisex","2026-04-22T03:00:14Z","5",,,,,,,,,,"does_not_exist","https://tchoozshoes.com/products/neymar-jr-graphic-ball-unisex","does_not_exist"
"in_stock","Puma","Caps","tchooz","35","tchooz:9115227586817",,"USD","true",,"men","false","PL BB Cap Men","2026-04-22T03:00:14Z","X",,,,,,,,,,"does_not_exist","https://tchoozshoes.com/products/pl-bb-cap-men","does_not_exist"
"in_stock","Puma","Caps","tchooz","20","tchooz:9115227554049",,"USD","true",,"boys","false","ESS NO.1 LOGO BB Cap Jr","2026-04-22T03:00:14Z","YUTH","Purple","Navy",,,,,,,,"does_not_exist","https://tchoozshoes.com/products/ess-no-1-logo-bb-cap-jr","does_not_exist"
"in_stock","Puma","Caps","tchooz","35","tchooz:9115227521281",,"USD","true",,"kids","false","PUMA x HOT WHEELS BB Cap Jr","2026-04-22T03:00:14Z","YUTH",,,,,,,,,,"does_not_exist","https://tchoozshoes.com/products/puma-x-hot-wheels-bb-cap-jr","does_not_exist"
"in_stock","Puma","Caps","tchooz","49","tchooz:9115227488513",,"USD","true",,,"false","BMW MMS BB Cap","2026-04-22T03:00:14Z","X",,,,,,,,,,"does_not_exist","https://tchoozshoes.com/products/bmw-mms-bb-cap","does_not_exist"
"in_stock","Puma","Caps","tchooz","40","tchooz:9115227455745",,"USD","true",,"men","false","BMW MMS BB Cap Men","2026-04-22T03:00:14Z","X",,,,,,,,,,"does_not_exist","https://tchoozshoes.com/products/bmw-mms-bb-cap-men","does_not_exist"
"in_stock","Puma","Gloves","tchooz","45","tchooz:9115227422977",,"USD","true",,"men","false","TR Ess Gloves Up Men","2026-04-22T03:00:14Z","L",,,,,,,,,,"does_not_exist","https://tchoozshoes.com/products/tr-ess-gloves-up-men","does_not_exist"
"in_stock","Puma","Gloves","tchooz","35","tchooz:9115227390209",,"USD","true",,"women","false","TR Gym Gloves Women","2026-04-22T03:00:14Z","Purple",,,,,,,,,,"does_not_exist","https://tchoozshoes.com/products/tr-gym-gloves-women","does_not_exist"
"in_stock","Puma","Sportband","tchooz","30","tchooz:9115227357441",,"USD","true",,"women","false","AT Sportbands (6pcs) Women","2026-04-22T03:00:14Z","X",,,,,,,,,,"does_not_exist","https://tchoozshoes.com/products/at-sportbands-6pcs-women","does_not_exist"
"in_stock","Puma","Ball","tchooz","30","tchooz:9115227324673",,"USD","true",,"men","false","ATTACANTO Graphic Men","2026-04-22T03:00:14Z","5","Yellow",,,,,,,,,"does_not_exist","https://tchoozshoes.com/products/attacanto-graphic-men","does_not_exist"
"in_stock","Puma","Ball","tchooz","30","tchooz:9115227291905",,"USD","true",,"men","false","PUMA Big Cat ball Men","2026-04-22T03:00:14Z","5","Yellow",,,,,,,,,"does_not_exist","https://tchoozshoes.com/products/puma-big-cat-ball-men","does_not_exist"
"in_stock","Puma","Tights","tchooz","20","tchooz:9115227259137",,"USD","true",,"girls","false","TAD ESS High Waist 7/8 Tights G Girls","2026-04-22T03:00:14Z","16 Years",,,,,,,,,,"does_not_exist","https://tchoozshoes.com/products/tad-ess-high-waist-7-8-tights-g-girls","does_not_exist"
"in_stock","Puma","Pants","tchooz","110","tchooz:9115227160833","40","USD","true","63.64","men","true","ROAD TO UNITY AOP Pants DK op Men","2026-04-22T03:00:14Z","Navy",,,,,,,,,,"does_not_exist","https://tchoozshoes.com/products/road-to-unity-aop-pants-dk-op-men","does_not_exist"
"in_stock","Puma","Tights","tchooz","15","tchooz:9115226964225",,"USD","true",,"girls","false","ESS ANIMAL AOP Leggings G Girls","2026-04-22T03:00:14Z","14 Years","16 Years",,,,,,,,,"does_not_exist","https://tchoozshoes.com/products/ess-animal-aop-leggings-g-girls","does_not_exist"
"in_stock","Puma","Tights","tchooz","15","tchooz:9115226898689",,"USD","true",,"girls","false","PUMA CLASS High Waist Leggings G Girls","2026-04-22T03:00:14Z","14 Years","16 Years",,,,,,,,,"does_not_exist","https://tchoozshoes.com/products/puma-class-high-waist-leggings-g-girls","does_not_exist"
"in_stock","Puma","Tights","tchooz","20","tchooz:9115226833153",,"USD","true",,"girls","false","PUMA CLASS HW Flared Leggings G Girls","2026-04-22T03:00:14Z","14 Years","16 Years",,,,,,,,,"does_not_exist","https://tchoozshoes.com/products/puma-class-hw-flared-leggings-g-girls","does_not_exist"
"in_stock","Puma","Low boots","tchooz","70","tchooz:9115226800385",,"USD","true",,"men","false","ATTACANTO IT Men","2026-04-22T03:00:14Z","39","41","42","42.5","44.5","45","46",,,,"does_not_exist","https://tchoozshoes.com/products/attacanto-it-men","does_not_exist"
"in_stock","Puma","Low boots","tchooz","60","tchooz:9115226734849",,"USD","true",,"men","false","Easy Rider Road to Unity Men","2026-04-22T03:00:14Z","Burgundy",,,,,,,,,,"does_not_exist","https://tchoozshoes.com/products/easy-rider-road-to-unity-men","does_not_exist"
"in_stock","Adidas","Low Boots","tchooz","105","tchooz:9115226702081",,"USD","true",,"women","false","SAMBA LT Women","2026-04-22T03:00:14Z","Navy",,,,,,,,,,"does_not_exist","https://tchoozshoes.com/products/samba-lt-women","does_not_exist"
"in_stock","Adidas","Sandals","tchooz","56","tchooz:9115226669313",,"USD","true",,"men","false","ADILETTE COMFORT MER Men","2026-04-22T03:00:14Z","43 1/3",,,,,,,,,,"does_not_exist","https://tchoozshoes.com/products/adilette-comfort-mer-men","does_not_exist"
"in_stock","Puma","Tights","tchooz","65","tchooz:9115226636545","25","USD","true","61.54","women","true","TAD GRAPHIC TIGHT Women","2026-04-22T03:00:14Z","Burgundy",,,,,,,,,,"does_not_exist","https://tchoozshoes.com/products/tad-graphic-tight-women","does_not_exist"
"in_stock","Puma","Shorts","tchooz","90","tchooz:9115226571009",,"USD","true",,"women","false","RUN ULTRAWEAVE 2IN1 4 SHORT Women","2026-04-22T03:00:14Z","XS","L",,,,,,,,,"does_not_exist","https://tchoozshoes.com/products/run-ultraweave-2in1-4-short-women","does_not_exist"
"in_stock","Puma","Tights","tchooz","57","tchooz:9115226538241",,"USD","true",,"women","false","TAD ESSENTIAL TIGHT - H7/Women","2026-04-22T03:00:14Z","XS",,,,,,,,,,"does_not_exist","https://tchoozshoes.com/products/tad-essential-tight-h7-women","does_not_exist"
"in_stock","Puma","Tights","tchooz","30","tchooz:9115226505473",,"USD","true",,"women","false","PUMA STRONG COLORBLOCK TIGHT Women","2026-04-22T03:00:14Z","Purple",,,,,,,,,,"does_not_exist","https://tchoozshoes.com/products/puma-strong-colorblock-tight-women","does_not_exist"
"in_stock","Puma","Shorts","tchooz","90","tchooz:9115226472705","45","USD","true","50","men","true","RUN ULTRAWEAVE 2IN1 5 SHORT Men","2026-04-22T03:00:14Z","S",,,,,,,,,,"does_not_exist","https://tchoozshoes.com/products/run-ultraweave-2in1-5-short-men","does_not_exist"
"in_stock","Puma","Shorts","tchooz","70","tchooz:9115226439937","20","USD","true","71.43","women","true","RUN KNIT 3” SPLIT SHORT Women","2026-04-22T03:00:14Z","XS",,,,,,,,,,"does_not_exist","https://tchoozshoes.com/products/run-knit-3-split-short-women","does_not_exist"
"in_stock","Puma","Tights","tchooz","25","tchooz:9115226374401",,"USD","true",,"women","false","MOVE H7/TIGHT Women","2026-04-22T03:00:14Z","L",,,,,,,,,,"does_not_exist","https://tchoozshoes.com/products/move-h7-tight-women","does_not_exist"
"in_stock","Puma","Tights","tchooz","20","tchooz:9115226341633",,"USD","true",,"girls","false","BUTTERFLY VIBE AOP HLeggings Girls","2026-04-22T03:00:14Z","14 Years","16 Years",,,,,,,,,"does_not_exist","https://tchoozshoes.com/products/butterfly-vibe-aop-hleggings-girls","does_not_exist"
"in_stock","Puma","Shorts","tchooz","50","tchooz:9115226046721","20","USD","true","60","women","true","W RUN VELOCITY 3 SHORT Women","2026-04-22T03:00:14Z","Purple",,,,,,,,,,"does_not_exist","https://tchoozshoes.com/products/w-run-velocity-3-short-women","does_not_exist"
"in_stock","Puma","Tees","tchooz","41","tchooz:9115226013953",,"USD","true",,"men","false","M RUN VELOCITY TEE Men","2026-04-22T03:00:14Z","S","M","L","XL","XXL",,,,,,"does_not_exist","https://tchoozshoes.com/products/m-run-velocity-tee-men","does_not_exist"
"in_stock","Puma","Tights","tchooz","20","tchooz:9115225850113",,"USD","true",,"women","false","EVOSTRIPE Tights Women","2026-04-22T03:00:14Z","L",,,,,,,,,,"does_not_exist","https://tchoozshoes.com/products/evostripe-tights-women","does_not_exist"
"in_stock","Puma","Tees","tchooz","30","tchooz:9115225751809","10","USD","true","66.67","boys","true","CATS CLUB Tee PS Boys","2026-04-22T03:00:14Z","3 Years","5 Years","6 Years",,,,,,,,"does_not_exist","https://tchoozshoes.com/products/cats-club-tee-ps-boys","does_not_exist"
"in_stock","Puma","Tights","tchooz","25","tchooz:9115225719041",,"USD","true",,"women","false","LACE HW 7/8 TIGHT Women","2026-04-22T03:00:14Z","L",,,,,,,,,,"does_not_exist","https://tchoozshoes.com/products/lace-hw-7-8-tight-women","does_not_exist"
"in_stock","Puma","Caps","tchooz","25","tchooz:9115225653505",,"USD","true",,"unisex","false","ESS NO.1 LOGO AOP BB Cap Jr Unisex","2026-04-22T03:00:14Z","YUTH",,,,,,,,,,"does_not_exist","https://tchoozshoes.com/products/ess-no-1-logo-aop-bb-cap-jr-unisex","does_not_exist"
"in_stock","Puma","Caps","tchooz","35","tchooz:9115225620737",,"USD","true",,"unisex","false","WARDROBE ESS GRAPHIC Dad Cap Unisex","2026-04-22T03:00:14Z","X",,,,,,,,,,"does_not_exist","https://tchoozshoes.com/products/wardrobe-ess-graphic-dad-cap-unisex","does_not_exist"
"in_stock","Puma","Waterbottles","tchooz","30","tchooz:9115225587969",,"USD","true",,"unisex","false","TR Bottle Sportstyle 1liter Unisex","2026-04-22T03:00:14Z","Yellow",,,,,,,,,,"does_not_exist","https://tchoozshoes.com/products/tr-bottle-sportstyle-1liter-unisex","does_not_exist"
"in_stock","Puma","Bags","tchooz","80","tchooz:9115225456897",,"USD","true",,"unisex","false","Training Sportsbag M Unisex","2026-04-22T03:00:14Z","X",,,,,,,,,,"does_not_exist","https://tchoozshoes.com/products/training-sportsbag-m-unisex","does_not_exist"
"in_stock","Puma","Bags","tchooz","60","tchooz:9115225391361",,"USD","true",,"unisex","false","CAMPUS Medium Reporter Bag Unisex","2026-04-22T03:00:14Z","X",,,,,,,,,,"does_not_exist","https://tchoozshoes.com/products/campus-medium-reporter-bag-unisex","does_not_exist"
"in_stock","Puma","Bags","tchooz","35","tchooz:9115225358593",,"USD","true",,"women","false","POP Tote Women","2026-04-22T03:00:14Z","X",,,,,,,,,,"does_not_exist","https://tchoozshoes.com/products/pop-tote-women","does_not_exist"
"in_stock","Puma","Low Boots","tchooz","85","tchooz:9115225293057",,"USD","true",,"men","false","FUTURE 8 PLAY FG/AG Men","2026-04-22T03:00:14Z","41","42","42.5","44","44.5","45","43",,,,"does_not_exist","https://tchoozshoes.com/products/future-8-play-fg-ag-men","does_not_exist"
"in_stock","Puma","Ball","tchooz","50","tchooz:9115225227521","30","USD","true","40",,"true","Puma Basketball Top","2026-04-22T03:00:14Z","7",,,,,,,,,,"does_not_exist","https://tchoozshoes.com/products/puma-basketball-top","does_not_exist"
"in_stock","Puma","Caps","tchooz","25","tchooz:9115225096449",,"USD","true",,"unisex","false","RUNNING Visor","2026-04-22T03:00:14Z","X",,,,,,,,,,"does_not_exist","https://tchoozshoes.com/products/running-visor","does_not_exist"
"in_stock","Puma","Low Boots","tchooz","30","tchooz:9115224998145",,"USD","true",,"boys","false","ULTRA 5 PLAY TT Jr Boys","2026-04-22T03:00:14Z","37","37.5",,,,,,,,,"does_not_exist","https://tchoozshoes.com/products/ultra-5-play-tt-jr-boys","does_not_exist"
"in_stock","Puma","Low Boots","tchooz","112","tchooz:9115224899841",,"USD","true",,"men","false","Softride Symmetry Fuzion Men","2026-04-22T03:00:14Z","44","45",,,,,,,,,"does_not_exist","https://tchoozshoes.com/products/softride-symmetry-fuzion-men","does_not_exist"
"in_stock","Puma","Caps","tchooz","20","tchooz:9115224736001",,"USD","true",,"unisex","false","ESS NO.1 LOGOB Cap Unisex","2026-04-22T03:00:14Z","X",,,,,,,,,,"does_not_exist","https://tchoozshoes.com/products/ess-no-1-logob-cap-unisex","does_not_exist"
"in_stock","Puma","Tees","tchooz","30","tchooz:9115224703233",,"USD","true",,"women","false","ESS No. 1 Logo Tee Women","2026-04-22T03:00:14Z","XS",,,,,,,,,,"does_not_exist","https://tchoozshoes.com/products/ess-no-1-logo-tee-women","does_not_exist"
"in_stock","Puma","Low Boots","tchooz","40","tchooz:9115224604929",,"USD","true",,"women","false","Carina Street Lux Crafted Flower Women","2026-04-22T03:00:14Z","40",,,,,,,,,,"does_not_exist","https://tchoozshoes.com/products/carina-street-lux-crafted-flower-women","does_not_exist"
"in_stock","Adidas","Low Boots","tchooz","128","tchooz:9115224539393",,"USD","true",,"men","false","BARREDA DECODE Men","2026-04-22T03:00:14Z","42","43 1/3","45 1/3","41 1/3",,,,,,,"does_not_exist","https://tchoozshoes.com/products/barreda-decode-men","does_not_exist"
"in_stock","Adidas","Low Boots","tchooz","67","tchooz:9115224506625",,"USD","true",,"men","false","RESPONSE SUPER M Men","2026-04-22T03:00:14Z","44",,,,,,,,,,"does_not_exist","https://tchoozshoes.com/products/response-super-m-men","does_not_exist"
"in_stock","Puma","Low Boots","tchooz","85","tchooz:9115224408321","45","USD","true","47.06","men","true","Flyer Lite 3 Men","2026-04-22T03:00:14Z","42","44","45","46",,,,,,,"does_not_exist","https://tchoozshoes.com/products/flyer-lite-3-men","does_not_exist"
"in_stock","Puma","Low Boots","tchooz","30","tchooz:9115224375553",,"USD","true",,"men","false","Epic Flip v2 Men","2026-04-22T03:00:14Z","Navy","44.5","46",,,,,,,,"does_not_exist","https://tchoozshoes.com/products/epic-flip-v2-men","does_not_exist"
"in_stock","Puma","Low Boots","tchooz","90","tchooz:9115224277249","30","USD","true","66.67","women","true","Softride Harli Slip on Women","2026-04-22T03:00:14Z","36","38","37.5","38.5","41",,,,,,"does_not_exist","https://tchoozshoes.com/products/softride-harli-slip-on-women","does_not_exist"
"in_stock","Puma","Sandals","tchooz","30","tchooz:9115224244481",,"USD","true",,"men","false","Shibui Cat Men","2026-04-22T03:00:14Z","42","43",,,,,,,,,"does_not_exist","https://tchoozshoes.com/products/shibui-cat-men","does_not_exist"
"in_stock","Puma","Sandals","tchooz","20","tchooz:9115224211713",,"USD","true",,"women","false","Leadcat 2.0 Cut Out Women","2026-04-22T03:00:14Z","Beige",,,,,,,,,,"does_not_exist","https://tchoozshoes.com/products/leadcat-2-0-cut-out-women","does_not_exist"
"in_stock","Puma","Backpacks","tchooz","45","tchooz:9115224178945",,"USD","true",,"kids","false","SANDY ADVENTURES Small Backpack Kids","2026-04-22T03:00:14Z","OSFA",,,,,,,,,,"does_not_exist","https://tchoozshoes.com/products/sandy-adventures-small-backpack-kids","does_not_exist"
"in_stock","Puma","Tees","tchooz","40","tchooz:9115224146177",,"USD","true",,"women","false","ESS ELEVATED Structured Tee Women","2026-04-22T03:00:14Z","XS","S","L",,,,,,,,"does_not_exist","https://tchoozshoes.com/products/ess-elevated-structured-tee-women","does_not_exist"
"in_stock","Puma","Shorts","tchooz","50","tchooz:9115224113409",,"USD","true",,"women","false","ESS ELEVATED High-Rise Shorts 5 Women","2026-04-22T03:00:14Z","XS","L",,,,,,,,,"does_not_exist","https://tchoozshoes.com/products/ess-elevated-high-rise-shorts-5-women","does_not_exist"
"in_stock","Puma","Pants","tchooz","65","tchooz:9115223982337",,"USD","true",,"men","false","ESS Logo Pants TR cl Men","2026-04-22T03:00:14Z","S",,,,,,,,,,"does_not_exist","https://tchoozshoes.com/products/ess-logo-pants-tr-cl-men","does_not_exist"
"in_stock","Puma","Tees","tchooz","10","tchooz:9115223916801",,"USD","true",,"girls","false","PUMA X HARRY POTTER Baby Tee Girls","2026-04-22T03:00:14Z","12 Years",,,,,,,,,,"does_not_exist","https://tchoozshoes.com/products/puma-x-harry-potter-baby-tee-girls","does_not_exist"
"in_stock","Puma","Tees","tchooz","70","tchooz:9115223884033","35","USD","true","50","women","true","PUMA X HARRY POTTER Polo Women","2026-04-22T03:00:14Z","Burgundy",,,,,,,,,,"does_not_exist","https://tchoozshoes.com/products/puma-x-harry-potter-polo-women","does_not_exist"
"in_stock","Puma","Shorts","tchooz","50","tchooz:9115223785729","25","USD","true","50","women","true","ESS NATURE 2.0 Mid-Rise Short 4 Women","2026-04-22T03:00:14Z","XS","L",,,,,,,,,"does_not_exist","https://tchoozshoes.com/products/ess-nature-2-0-mid-rise-short-4-women","does_not_exist"
"in_stock","Puma","Tights","tchooz","15","tchooz:9115223720193",,"USD","true",,"girls","false","ESS NATURE 2.0 AOP Leggings Girls","2026-04-22T03:00:14Z","14 Years","16 Years",,,,,,,,,"does_not_exist","https://tchoozshoes.com/products/ess-nature-2-0-aop-leggings-girls","does_not_exist"
"in_stock","Puma","Ball","tchooz","30","tchooz:9115223687425",,"USD","true",,"unisex","false","PUMA CAGE ball","2026-04-22T03:00:14Z","Yellow",,,,,,,,,,"does_not_exist","https://tchoozshoes.com/products/puma-cage-ball","does_not_exist"
"in_stock","Puma","Tights","tchooz","45","tchooz:9115223621889",,"USD","true",,"women","false","SHAPELUXE SEAMLESS HW FL TIGHTS Women","2026-04-22T03:00:14Z","L","Burgundy","Purple",,,,,,,,"does_not_exist","https://tchoozshoes.com/products/shapeluxe-seamless-hw-fl-tights-women","does_not_exist"
"in_stock","Puma","Bras","tchooz","60","tchooz:9115223556353","30","USD","true","50","women","true","4KEEPS TROPICAL AOP LONGLINE BRA Women","2026-04-22T03:00:14Z","Burgundy",,,,,,,,,,"does_not_exist","https://tchoozshoes.com/products/4keeps-tropical-aop-longline-bra-women","does_not_exist"
"in_stock","Puma","Shorts","tchooz","50","tchooz:9115223523585","25","USD","true","50","women","true","TROPICAL AOP HW 5 SHORT TIGHT Women","2026-04-22T03:00:14Z","Burgundy",,,,,,,,,,"does_not_exist","https://tchoozshoes.com/products/tropical-aop-hw-5-short-tight-women","does_not_exist"
"in_stock","Puma","Low Boots","tchooz","70","tchooz:9115222900993",,"USD","true",,"men","false","Ferrari Caven 2.0 Color S Men","2026-04-22T03:00:14Z","43","46",,,,,,,,,"does_not_exist","https://tchoozshoes.com/products/ferrari-caven-2-0-color-s-men","does_not_exist"
"in_stock","Puma","Low Boots","tchooz","40","tchooz:9115222835457",,"USD","true",,"men","false","Palermo HARRY POTTER Men","2026-04-22T03:00:14Z","Burgundy",,,,,,,,,,"does_not_exist","https://tchoozshoes.com/products/palermo-harry-potter-men","does_not_exist"
"in_stock","On","Low Boots","tchooz","179","tchooz:9115222704385",,"USD","true",,"men","false","Cloud X 4 Men","2026-04-22T03:00:14Z","42","46","47",,,,,,,,"does_not_exist","https://tchoozshoes.com/products/cloud-x-4-men","does_not_exist"
"in_stock","On","Low Boots","tchooz","179","tchooz:9115222671617",,"USD","true",,"women","false","Cloud X 4 Women","2026-04-22T03:00:14Z","37",,,,,,,,,,"does_not_exist","https://tchoozshoes.com/products/cloud-x-4-women","does_not_exist"
"in_stock","On","Low Boots","tchooz","153","tchooz:9115222606081",,"USD","true",,"women","false","Cloudflow 5 Women","2026-04-22T03:00:14Z","37",,,,,,,,,,"does_not_exist","https://tchoozshoes.com/products/cloudflow-5-women","does_not_exist"
"in_stock","On","Low Boots","tchooz","209","tchooz:9115222573313",,"USD","true",,"women","false","Cloudmonster Women","2026-04-22T03:00:14Z","37",,,,,,,,,,"does_not_exist","https://tchoozshoes.com/products/cloudmonster-women","does_not_exist"
"in_stock","Puma","Pants","tchooz","92","tchooz:9115222442241",,"USD","true",,"men","false","WARDROBE ESS Sweatpants TR Men","2026-04-22T03:00:14Z","XXL",,,,,,,,,,"does_not_exist","https://tchoozshoes.com/products/wardrobe-ess-sweatpants-tr-men","does_not_exist"
"in_stock","Puma","Tights","tchooz","42","tchooz:9115222409473",,"USD","true",,"women","false","ESS High-Waist Flared Leggings Men","2026-04-22T03:00:14Z","XS",,,,,,,,,,"does_not_exist","https://tchoozshoes.com/products/ess-high-waist-flared-leggings-men","does_not_exist"
"in_stock","Puma","Tights","tchooz","25","tchooz:9115222376705",,"USD","true",,"women","false","ESS High-Waist Flared Leggings Women","2026-04-22T03:00:14Z","L",,,,,,,,,,"does_not_exist","https://tchoozshoes.com/products/ess-high-waist-flared-leggings-women","does_not_exist"
"in_stock","Puma","Hoodies","tchooz","72","tchooz:9115222278401",,"USD","true",,"men","false","ESS No.1 Full-Zip Hoodie TR Men","2026-04-22T03:00:14Z","M","XXL",,,,,,,,,"does_not_exist","https://tchoozshoes.com/products/ess-no-1-full-zip-hoodie-tr-men","does_not_exist"
"in_stock","On","Low Boots","tchooz","179","tchooz:9115222212865",,"USD","true",,"men","false","Cloudsurfer Next Men","2026-04-22T03:00:14Z","Beige",,,,,,,,,,"does_not_exist","https://tchoozshoes.com/products/cloudsurfer-next-men","does_not_exist"
"in_stock","Adidas","Low Boots","tchooz","167","tchooz:9115222147329",,"USD","true",,"men","false","SAMBA DECON Men","2026-04-22T03:00:14Z","44",,,,,,,,,,"does_not_exist","https://tchoozshoes.com/products/samba-decon-men","does_not_exist"
"in_stock","Adidas","Low Boots","tchooz","96","tchooz:9115222114561",,"USD","true",,"men","false","ADVANTAGE BASE 2.0 Men","2026-04-22T03:00:14Z","44 2/3",,,,,,,,,,"does_not_exist","https://tchoozshoes.com/products/advantage-base-2-0-men","does_not_exist"
"in_stock","On","Low Boots","tchooz","179","tchooz:9115222016257",,"USD","true",,"men","false","Cloud 6 Men","2026-04-22T03:00:14Z","45","46","Silver",,,,,,,,"does_not_exist","https://tchoozshoes.com/products/cloud-6-men","does_not_exist"
"in_stock","On","Low Boots","tchooz","195","tchooz:9115221983489",,"USD","true",,"women","false","Cloudsurfer 2 Women","2026-04-22T03:00:14Z","Beige",,,,,,,,,,"does_not_exist","https://tchoozshoes.com/products/cloudsurfer-2-women","does_not_exist"
"in_stock","Puma","Low Boots","tchooz","165","tchooz:9115221917953","100","USD","true","39.39","men","true","Ferrari Palermo MTSP Men","2026-04-22T03:00:14Z","41","42","43","44","45","46",,,,,"does_not_exist","https://tchoozshoes.com/products/ferrari-palermo-mtsp-men","does_not_exist"
"in_stock","Puma","Low Boots","tchooz","145","tchooz:9115221885185","75","USD","true","48.28","women","true","Softride Frequence Women","2026-04-22T03:00:14Z","36","37","38","38.5","39","40",,,,,"does_not_exist","https://tchoozshoes.com/products/softride-frequence-women","does_not_exist"
"in_stock","Puma","Low Boots","tchooz","110","tchooz:9115221819649",,"USD","true",,"men","false","MB.05 World Tour Men","2026-04-22T03:00:14Z","44","45","46",,,,,,,,"does_not_exist","https://tchoozshoes.com/products/mb-05-world-tour-men","does_not_exist"
"in_stock","Puma","Low Boots","tchooz","110","tchooz:9115221786881",,"USD","true",,"men","false","RS-X Efekt PRM Men","2026-04-22T03:00:14Z","44","44.5",,,,,,,,,"does_not_exist","https://tchoozshoes.com/products/rs-x-efekt-prm-men","does_not_exist"
"in_stock","Puma","Low Boots","tchooz","90","tchooz:9115221754113",,"USD","true",,"women","false","Shuffle Doto Women","2026-04-22T03:00:14Z","36","37.5",,,,,,,,,"does_not_exist","https://tchoozshoes.com/products/shuffle-doto-women","does_not_exist"
"in_stock","Puma","Low Boots","tchooz","90","tchooz:9115221688577",,"USD","true",,"men","false","Speedcat LTHR Men","2026-04-22T03:00:14Z","44","44.5","46","47",,,,,,,"does_not_exist","https://tchoozshoes.com/products/speedcat-lthr-men","does_not_exist"
"in_stock","Puma","Backpacks","tchooz","35","tchooz:9115221655809",,"USD","true",,"unisex","false","PUMA PHASE Backpack","2026-04-22T03:00:14Z","Navy",,,,,,,,,,"does_not_exist","https://tchoozshoes.com/products/puma-phase-backpack","does_not_exist"
"in_stock","Puma","Bras","tchooz","64","tchooz:9115221590273","40","USD","true","37.5","women","true","4KEEPS RUN BRA Women","2026-04-22T03:00:14Z","XS","S","L","Purple","M",,,,,,"does_not_exist","https://tchoozshoes.com/products/4keeps-run-bra-women","does_not_exist"
"in_stock","Puma","Tees","tchooz","30","tchooz:9115221557505",,"USD","true",,"men","false","M RUN VELOCITY TEE (TRI-BLEND) Men","2026-04-22T03:00:14Z","Navy",,,,,,,,,,"does_not_exist","https://tchoozshoes.com/products/m-run-velocity-tee-tri-blend-men","does_not_exist"
"in_stock","Puma","Sportband","tchooz","30","tchooz:9115221426433",,"USD","true",,"unisex","false","TR ESS Hairbands","2026-04-22T03:00:14Z","X",,,,,,,,,,"does_not_exist","https://tchoozshoes.com/products/tr-ess-hairbands","does_not_exist"
"in_stock","Puma","Waterbottles","tchooz","25","tchooz:9115221393665",,"USD","true",,"unisex","false","TR SPORTSTYLE Waterbottle","2026-04-22T03:00:14Z","Yellow",,,,,,,,,,"does_not_exist","https://tchoozshoes.com/products/tr-sportstyle-waterbottle","does_not_exist"
"in_stock","Puma","Ball","tchooz","35","tchooz:9115221360897",,"USD","true",,"unisex","false","PUMA KING ball","2026-04-22T03:00:14Z","5",,,,,,,,,,"does_not_exist","https://tchoozshoes.com/products/puma-king-ball","does_not_exist"
"in_stock","Puma","Ball","tchooz","30","tchooz:9115221328129",,"USD","true",,"unisex","false","ATTACANTO Graphic ball","2026-04-22T03:00:14Z","5",,,,,,,,,,"does_not_exist","https://tchoozshoes.com/products/attacanto-graphic-ball","does_not_exist"
"in_stock","Puma","Bags","tchooz","40","tchooz:9115221262593",,"USD","true",,"unisex","false","ESSENTIALS Waist Bag","2026-04-22T03:00:14Z","X",,,,,,,,,,"does_not_exist","https://tchoozshoes.com/products/essentials-waist-bag","does_not_exist"
"in_stock","Puma","Tights","tchooz","72","tchooz:9115221229825","45","USD","true","37.5","women","true","W PUMA STRONG COLORBLOCKTIGHT - HW 7/8 Women","2026-04-22T03:00:14Z","XS","S","M","L",,,,,,,"does_not_exist","https://tchoozshoes.com/products/w-puma-strong-colorblocktight-hw-7-8-women","does_not_exist"
"in_stock","Puma","Tees","tchooz","37","tchooz:9115221164289","20","USD","true","45.95","boys","true","GRAPHIC Super Puma Tee Boys","2026-04-22T03:00:14Z","8 Years","10 Years",,,,,,,,,"does_not_exist","https://tchoozshoes.com/products/graphic-super-puma-tee-boys","does_not_exist"
"in_stock","Puma","Tights","tchooz","62","tchooz:9115221000449",,"USD","true",,"women","false","EVOSTRIPE High-Waist Tights Women","2026-04-22T03:00:14Z","XS","S","M","L",,,,,,,"does_not_exist","https://tchoozshoes.com/products/evostripe-high-waist-tights-women","does_not_exist"
"in_stock","Puma","Low Boots","tchooz","150","tchooz:9115220902145","90","USD","true","40","women","true","Mayze Classic Women","2026-04-22T03:00:14Z","36","37",,,,,,,,,"does_not_exist","https://tchoozshoes.com/products/mayze-classic-women","does_not_exist"
"in_stock","Puma","Low Boots","tchooz","55","tchooz:9115220869377",,"USD","true",,"men","false","PUMA Smash 3.0 Men","2026-04-22T03:00:14Z","46",,,,,,,,,,"does_not_exist","https://tchoozshoes.com/products/puma-smash-3-0-men","does_not_exist"
"in_stock","Puma","Low Boots","tchooz","85","tchooz:9115220836609",,"USD","true",,"women","false","PUMA Cali Court Lth Women","2026-04-22T03:00:14Z","37",,,,,,,,,,"does_not_exist","https://tchoozshoes.com/products/puma-cali-court-lth-women","does_not_exist"
"in_stock","Puma","Low Boots","tchooz","110","tchooz:9115220738305","55","USD","true","50","women","true","Carina Mia SD Women","2026-04-22T03:00:14Z","Black And Purple","Black And Yellow","White And Black",,,,,,,,"does_not_exist","https://tchoozshoes.com/products/carina-mia-sd-women","does_not_exist"
"in_stock","Puma","Jackets","tchooz","110","tchooz:9115220607233",,"USD","true",,"women","false","Ess Regular Windbreaker Women","2026-04-22T03:00:14Z","XS","S",,,,,,,,,"does_not_exist","https://tchoozshoes.com/products/ess-regular-windbreaker-women","does_not_exist"
"in_stock","New Balance","Low Boots","tchooz","255","tchooz:9115220574465",,"USD","true",,"men","false","NEW BALANCE-9060 Men","2026-04-22T03:00:14Z","42","43","44","44.5","45",,,,,,"does_not_exist","https://tchoozshoes.com/products/new-balance-9060-men","does_not_exist"
"in_stock","Adidas","Low Boots","tchooz","159","tchooz:9115220508929",,"USD","true",,"men","false","SUPERSTAR II Men","2026-04-22T03:00:14Z","43 1/3","44","45 1/3","42","42 2/3","46",,,,,"does_not_exist","https://tchoozshoes.com/products/superstar-ii-men","does_not_exist"
"in_stock","Puma","Low Boots","tchooz","145","tchooz:9115220345089","100","USD","true","31.03","men","true","BMW MMS Trinity 2 Men","2026-04-22T03:00:14Z","41","42","43","44","44.5","45","46",,,,"does_not_exist","https://tchoozshoes.com/products/bmw-mms-trinity-2-men","does_not_exist"
"in_stock","Puma","Low Boots","tchooz","170","tchooz:9115220312321","120","USD","true","29.41","men","true","F1 RS-X Men","2026-04-22T03:00:14Z","41","45","46","47",,,,,,,"does_not_exist","https://tchoozshoes.com/products/f1-rs-x-men","does_not_exist"
"in_stock","Puma","Low Boots","tchooz","55","tchooz:9115220214017",,"USD","true",,"kids","false","Graviton Jr","2026-04-22T03:00:14Z","37","37.5","38","38.5",,,,,,,"does_not_exist","https://tchoozshoes.com/products/graviton-jr","does_not_exist"
"in_stock","Puma","Low Boots","tchooz","40","tchooz:9115220181249",,"USD","true",,"kids","false","Courtflex V3 V PS","2026-04-22T03:00:14Z","29","30","32","33","34",,,,,,"does_not_exist","https://tchoozshoes.com/products/courtflex-v3-v-ps","does_not_exist"
"in_stock","Puma","Low Boots","tchooz","85","tchooz:9115220115713","60","USD","true","29.41","women","true","R78 Lightwind Women","2026-04-22T03:00:14Z","36",,,,,,,,,,"does_not_exist","https://tchoozshoes.com/products/r78-lightwind-women","does_not_exist"
"in_stock","Puma","Low Boots","tchooz","55","tchooz:9115220082945",,"USD","true",,"kids","false","Puma Fun Racer 2 AC+ PS","2026-04-22T03:00:14Z","Navy",,,,,,,,,,"does_not_exist","https://tchoozshoes.com/products/puma-fun-racer-2-ac-ps","does_not_exist"
"in_stock","Puma","Low Boots","tchooz","55","tchooz:9115219984641",,"USD","true",,"men","false","ST MILER Men","2026-04-22T03:00:14Z","44",,,,,,,,,,"does_not_exist","https://tchoozshoes.com/products/st-miler-men","does_not_exist"
"in_stock","Puma","Low Boots","tchooz","115","tchooz:9115219919105",,"USD","true",,"men","false","Hypnotic LS Men","2026-04-22T03:00:14Z","44","46",,,,,,,,,"does_not_exist","https://tchoozshoes.com/products/hypnotic-ls-men","does_not_exist"
"in_stock","Puma","Low Boots","tchooz","75","tchooz:9115219853569",,"USD","true",,"women","false","Karmen II Animal Flair Women","2026-04-22T03:00:14Z","37",,,,,,,,,,"does_not_exist","https://tchoozshoes.com/products/karmen-ii-animal-flair-women","does_not_exist"
"in_stock","Puma","Shorts","tchooz","75","tchooz:9115219656961",,"USD","true",,"men","false","M RUN VELOCITY 2IN1 SHORT Men","2026-04-22T03:00:14Z","S","XXL",,,,,,,,,"does_not_exist","https://tchoozshoes.com/products/m-run-velocity-2in1-short-men","does_not_exist"
"in_stock","Puma","Tees","tchooz","87","tchooz:9115219525889","50","USD","true","42.53","men","true","PL Polo Men","2026-04-22T03:00:14Z","S","XXL",,,,,,,,,"does_not_exist","https://tchoozshoes.com/products/pl-polo-men","does_not_exist"
"in_stock","Puma","Tees","tchooz","35","tchooz:9115219460353",,"USD","true",,"men","false","ESS Small Logo Poly Tee Men","2026-04-22T03:00:14Z","XXL",,,,,,,,,,"does_not_exist","https://tchoozshoes.com/products/ess-small-logo-poly-tee-men","does_not_exist"
"in_stock","Puma","Suits","tchooz","110","tchooz:9115219394817",,"USD","true",,"women","false","Poly Suit op Women","2026-04-22T03:00:14Z","XS","M",,,,,,,,,"does_not_exist","https://tchoozshoes.com/products/poly-suit-op-women","does_not_exist"
"in_stock","On","Low Boots","tchooz","159","tchooz:9115219263745",,"USD","true",,"women","false","Cloudpulse Next Women","2026-04-22T03:00:14Z","37",,,,,,,,,,"does_not_exist","https://tchoozshoes.com/products/cloudpulse-next-women","does_not_exist"
"in_stock","Puma","Caps","tchooz","25","tchooz:9115219230977",,"USD","true",,"kids","false","COMIC BB Cap Junior","2026-04-22T03:00:14Z","YUTH",,,,,,,,,,"does_not_exist","https://tchoozshoes.com/products/comic-bb-cap-junior","does_not_exist"
"in_stock","Puma","Waterbottles","tchooz","15","tchooz:9115219198209",,"USD","true",,"unisex","false","TR CORE Waterbottle","2026-04-22T03:00:14Z","Navy","Yellow",,,,,,,,,"does_not_exist","https://tchoozshoes.com/products/tr-core-waterbottle","does_not_exist"
"in_stock","Puma","Ball","tchooz","30","tchooz:9115219165441",,"USD","true",,"unisex","false","ATTACANTO Graphic ball BLUE 3","2026-04-22T03:00:14Z","5",,,,,,,,,,"does_not_exist","https://tchoozshoes.com/products/attacanto-graphic-ball-blue-3","does_not_exist"
"in_stock","Puma","Bags","tchooz","56","tchooz:9115219132673",,"USD","true",,"unisex","false","PUMA CHALLENGER Small Sports Bag","2026-04-22T03:00:14Z","Navy",,,,,,,,,,"does_not_exist","https://tchoozshoes.com/products/puma-challenger-small-sports-bag","does_not_exist"
"in_stock","Puma","Bags","tchooz","60","tchooz:9115219099905",,"USD","true",,"unisex","false","PUMA CHALLENGER Sports Bag","2026-04-22T03:00:14Z","Navy",,,,,,,,,,"does_not_exist","https://tchoozshoes.com/products/puma-challenger-sports-bag","does_not_exist"
"in_stock","Puma","Hoodies","tchooz","72","tchooz:9115219001601",,"USD","true",,"women","false","ESS Small No.1 Hoodie FL (s) Women","2026-04-22T03:00:14Z","XS",,,,,,,,,,"does_not_exist","https://tchoozshoes.com/products/ess-small-no-1-hoodie-fl-s-women","does_not_exist"
"in_stock","Puma","Low Boots","tchooz","125","tchooz:9115218936065","90","USD","true","28","men","true","F1 Caven 2.0 Men","2026-04-22T03:00:14Z","41","42","43","44","44.5","45","46","47",,,"does_not_exist","https://tchoozshoes.com/products/f1-caven-2-0-men","does_not_exist"
"in_stock","Puma","Low Boots","tchooz","35","tchooz:9115218903297",,"USD","true",,"women","false","Divecat v2 Lite Women","2026-04-22T03:00:14Z","37","38","39","40.5",,,,,,,"does_not_exist","https://tchoozshoes.com/products/divecat-v2-lite-women","does_not_exist"
"in_stock","Puma","Low Boots","tchooz","135","tchooz:9115218870529","80","USD","true","40.74","men","true","CA Luxe Men","2026-04-22T03:00:14Z","41","42","44","44.5","45","46",,,,,"does_not_exist","https://tchoozshoes.com/products/ca-luxe-men","does_not_exist"
"in_stock","Puma","Sweatshirts","tchooz","90","tchooz:9115218837761",,"USD","true",,"men","false","BMW MMS Graphic Crewneck Sweat Men","2026-04-22T03:00:14Z","L","XL",,,,,,,,,"does_not_exist","https://tchoozshoes.com/products/bmw-mms-graphic-crewneck-sweat-men","does_not_exist"
"in_stock","Puma","Tights","tchooz","52","tchooz:9115218772225",,"USD","true",,"women","false","ESS Small No.1 HW Leggings Women","2026-04-22T03:00:14Z","S","M","L",,,,,,,,"does_not_exist","https://tchoozshoes.com/products/ess-small-no-1-hw-leggings-women","does_not_exist"
"in_stock","Puma","Jackets","tchooz","115","tchooz:9115218673921",,"USD","true",,"men","false","ESS Padded Vest Men","2026-04-22T03:00:14Z","Navy","S","M",,,,,,,,"does_not_exist","https://tchoozshoes.com/products/ess-padded-vest-men","does_not_exist"
"in_stock","Puma","Hoodies","tchooz","50","tchooz:9115218608385",,"USD","true",,"women","false","ESS ELEVATED Velour Rib Hoodie Women","2026-04-22T03:00:14Z","S","L",,,,,,,,,"does_not_exist","https://tchoozshoes.com/products/ess-elevated-velour-rib-hoodie-women","does_not_exist"
"in_stock","Puma","Hoodies","tchooz","125","tchooz:9115218542849",,"USD","true",,"women","false","Hooded Sweat Suit FL cl Women","2026-04-22T03:00:14Z","XS",,,,,,,,,,"does_not_exist","https://tchoozshoes.com/products/hooded-sweat-suit-fl-cl-women","does_not_exist"
"in_stock","Puma","Tees","tchooz","20","tchooz:9115218444545",,"USD","true",,"men","false","ESS Relaxed Small No. 1 Logo Tee Men","2026-04-22T03:00:14Z","L","XL","XXL",,,,,,,,"does_not_exist","https://tchoozshoes.com/products/ess-relaxed-small-no-1-logo-tee-men","does_not_exist"
"in_stock","Puma","Pants","tchooz","55","tchooz:9115218411777",,"USD","true",,"women","false","DARE TO Flared Pants Women","2026-04-22T03:00:14Z","S","M","L",,,,,,,,"does_not_exist","https://tchoozshoes.com/products/dare-to-flared-pants-women","does_not_exist"
"in_stock","New Balance","Low Boots","tchooz","199","tchooz:9115218379009","139","USD","true","30.15","men","true","NEW BALANCE-BB550 Men","2026-04-22T03:00:14Z","42","42.5",,,,,,,,,"does_not_exist","https://tchoozshoes.com/products/new-balance-bb550-men","does_not_exist"
"in_stock","New Balance","Low Boots","tchooz","199","tchooz:9115218346241","139","USD","true","30.15","women","true","NEW BALANCE-BB550 Women","2026-04-22T03:00:14Z","37","39",,,,,,,,,"does_not_exist","https://tchoozshoes.com/products/new-balance-bb550-women","does_not_exist"
"in_stock","On","Low Boots","tchooz","195","tchooz:9115218313473",,"USD","true",,"women","false","Cloudswift 4 Women","2026-04-22T03:00:14Z","35.5","36","37","37.5","40.5","41",,,,,"does_not_exist","https://tchoozshoes.com/products/cloudswift-4-women","does_not_exist"
"in_stock","New Balance","Low boots","tchooz","111","tchooz:9115218247937",,"USD","true",,"men","false","NEW BALANCE-BB480 Men","2026-04-22T03:00:14Z","44.5","45","Navy",,,,,,,,"does_not_exist","https://tchoozshoes.com/products/new-balance-bb480-men","does_not_exist"
"in_stock","Adidas","Low Boots","tchooz","159","tchooz:9115218215169",,"USD","true",,"men","false","GAZELLE Men","2026-04-22T03:00:14Z","42 2/3","43 1/3","44",,,,,,,,"does_not_exist","https://tchoozshoes.com/products/gazelle-men","does_not_exist"
"in_stock","Puma","Low Boots","tchooz","160","tchooz:9115218149633","110","USD","true","31.25","men","true","Cell Solar Men","2026-04-22T03:00:14Z","41","44","45",,,,,,,,"does_not_exist","https://tchoozshoes.com/products/cell-solar-men","does_not_exist"
"in_stock","Puma","Low Boots","tchooz","80","tchooz:9115218084097",,"USD","true",,"kids","false","Puma Reb-L Junior","2026-04-22T03:00:14Z","36","37","39",,,,,,,,"does_not_exist","https://tchoozshoes.com/products/puma-reb-l-junior","does_not_exist"
"in_stock","Puma","Low Boots","tchooz","175","tchooz:9115218051329","125","USD","true","28.57","men","true","Mostro Camo Men","2026-04-22T03:00:14Z","41","42","43","44","44.5","45","46",,,,"does_not_exist","https://tchoozshoes.com/products/mostro-camo-men","does_not_exist"
"in_stock","Puma","Low Boots","tchooz","95","tchooz:9115217985793","65","USD","true","31.58","women","true","BELLA DONNA L Women","2026-04-22T03:00:14Z","36","37","38","39",,,,,,,"does_not_exist","https://tchoozshoes.com/products/bella-donna-l-women","does_not_exist"
"in_stock","Puma","Low Boots","tchooz","165","tchooz:9115217953025",,"USD","true",,"women","false","Mostro OG Prime Women","2026-04-22T03:00:14Z","36","37","38","39","38.5","40",,,,,"does_not_exist","https://tchoozshoes.com/products/mostro-og-prime-women","does_not_exist"
"in_stock","Puma","Low Boots","tchooz","175","tchooz:9115217920257","125","USD","true","28.57","men","true","Mostro LC Prime Men","2026-04-22T03:00:14Z","Navy","41","42","43","44","44.5","47",,,,"does_not_exist","https://tchoozshoes.com/products/mostro-lc-prime-men","does_not_exist"
"in_stock","Puma","Beanie","tchooz","28","tchooz:9115217887489",,"USD","true",,"unisex","false","ESS Mid Crown Beanie","2026-04-22T03:00:14Z","X",,,,,,,,,,"does_not_exist","https://tchoozshoes.com/products/ess-mid-crown-beanie","does_not_exist"
"in_stock","Puma","Pants","tchooz","77","tchooz:9115217690881",,"USD","true",,"men","false","M TAD ESSENTIALS Tapered Pant Men","2026-04-22T03:00:14Z","M","XXL",,,,,,,,,"does_not_exist","https://tchoozshoes.com/products/m-tad-essentials-tapered-pant-men","does_not_exist"
"in_stock","Puma","Tights","tchooz","72","tchooz:9115217658113","50","USD","true","30.56","women","true","W PUMA STRONG TIGHT - HW FL Women","2026-04-22T03:00:14Z","XS","L","M",,,,,,,,"does_not_exist","https://tchoozshoes.com/products/w-puma-strong-tight-hw-fl-women","does_not_exist"
"in_stock","Puma","Bras","tchooz","42","tchooz:9115217625345",,"USD","true",,"women","false","4KEEPS ELASTIC BRA - P Women","2026-04-22T03:00:14Z","L","XS",,,,,,,,,"does_not_exist","https://tchoozshoes.com/products/4keeps-elastic-bra-p-women","does_not_exist"
"in_stock","Puma","Bras","tchooz","42","tchooz:9115217559809","30","USD","true","28.57","women","true","4KEEPS BRA - RIBBON STRIPE PRINT Women","2026-04-22T03:00:14Z","XS",,,,,,,,,,"does_not_exist","https://tchoozshoes.com/products/4keeps-bra-ribbon-stripe-print-women","does_not_exist"
"in_stock","Puma","Hoodies","tchooz","72","tchooz:9115217527041","50","USD","true","30.56","boys","true","MID90s Layered Hoodie FL Boys","2026-04-22T03:00:14Z","8 Years","16 Years",,,,,,,,,"does_not_exist","https://tchoozshoes.com/products/mid90s-layered-hoodie-fl-boys","does_not_exist"
"in_stock","Puma","Pants","tchooz","55","tchooz:9115217494273","40","USD","true","27.27","girls","true","TWEENERVERSE Sweatpants TR Girls","2026-04-22T03:00:14Z","8 Years","10 Years","14 Years",,,,,,,,"does_not_exist","https://tchoozshoes.com/products/tweenerverse-sweatpants-tr-girls","does_not_exist"
"in_stock","Puma","Tees","tchooz","25","tchooz:9115217297665",,"USD","true",,"girls","false","MOODY CAT Graphic Tee I PS","2026-04-22T03:00:14Z","6 Years","7 Years","4 Years","5 Years",,,,,,,"does_not_exist","https://tchoozshoes.com/products/moody-cat-graphic-tee-i-ps","does_not_exist"
"in_stock","Puma","Tees","tchooz","32","tchooz:9115217264897","20","USD","true","37.5","girls","true","MOODY CAT Graphic Tee II PS","2026-04-22T03:00:14Z","Gold","6 Years",,,,,,,,,"does_not_exist","https://tchoozshoes.com/products/moody-cat-graphic-tee-ii-ps","does_not_exist"
"in_stock","Puma","Pants","tchooz","55","tchooz:9115217199361","40","USD","true","27.27","girls","true","MOODY CAT Sweatpants TR PS","2026-04-22T03:00:14Z","Gold","7 Years",,,,,,,,,"does_not_exist","https://tchoozshoes.com/products/moody-cat-sweatpants-tr-ps","does_not_exist"
"in_stock","Puma","Tees","tchooz","32","tchooz:9115217166593","20","USD","true","37.5","girls","true","SUPER PUMA Graphic Tee PS","2026-04-22T03:00:14Z","4 Years","6 Years","7 Years",,,,,,,,"does_not_exist","https://tchoozshoes.com/products/super-puma-graphic-tee-ps","does_not_exist"
"in_stock","Puma","Low Boots","tchooz","115","tchooz:9115217101057","80","USD","true","30.43","girls","true","Speedcat Pearlized Junior","2026-04-22T03:00:14Z","36","37","37.5","38","38.5","39",,,,,"does_not_exist","https://tchoozshoes.com/products/speedcat-pearlized-junior","does_not_exist"
"in_stock","Puma","Shorts","tchooz","42","tchooz:9115217068289",,"USD","true",,"men","false","M TAD ESSENTIALS 7"" Woven Short Men","2026-04-22T03:00:14Z","S","XL","XXL",,,,,,,,"does_not_exist","https://tchoozshoes.com/products/m-tad-essentials-7-woven-short-men","does_not_exist"
"in_stock","Puma","Pants","tchooz","75","tchooz:9115217035521","55","USD","true","26.67","boys","true","T7 SUPER PUMA Woven Pants Boys","2026-04-22T03:00:14Z","8 Years","10 Years","12 Years","14 Years","16 Years",,,,,,"does_not_exist","https://tchoozshoes.com/products/t7-super-puma-woven-pants-boys","does_not_exist"
"in_stock","Puma","Tees","tchooz","47","tchooz:9115217002753","30","USD","true","36.17","women","true","W RUN VELOCITY TEE (TRI-BLEND) Women","2026-04-22T03:00:14Z","XS","S",,,,,,,,,"does_not_exist","https://tchoozshoes.com/products/w-run-velocity-tee-tri-blend-women","does_not_exist"
"in_stock","Puma","Low Boots","tchooz","75","tchooz:9115216838913","40","USD","true","46.67",,"true","Trinity Lite MID 90s AC+ Inf","2026-04-22T03:00:14Z","21","22",,,,,,,,,"does_not_exist","https://tchoozshoes.com/products/trinity-lite-mid-90s-ac-inf","does_not_exist"
"in_stock","Puma","Tights","tchooz","35","tchooz:9115216806145","10","USD","true","71.43","girls","true","ESS Logo Leggings Girls","2026-04-22T03:00:14Z","14 Years",,,,,,,,,,"does_not_exist","https://tchoozshoes.com/products/ess-logo-leggings-girls","does_not_exist"
"in_stock","Puma","Tees","tchooz","50","tchooz:9115216707841","20","USD","true","60","women","true","W RUN VELOCITY AOP TEE (POLY) Women","2026-04-22T03:00:14Z","Purple",,,,,,,,,,"does_not_exist","https://tchoozshoes.com/products/w-run-velocity-aop-tee-poly-women","does_not_exist"
"in_stock","Puma","Tights","tchooz","40","tchooz:9115216675073",,"USD","true",,"women","false","W STRONG FLORAL RIBBON TIGHT 7/8 Women","2026-04-22T03:00:14Z","L",,,,,,,,,,"does_not_exist","https://tchoozshoes.com/products/w-strong-floral-ribbon-tight-7-8-women","does_not_exist"
"in_stock","Puma","tees","tchooz","30","tchooz:9115216576769","10","USD","true","66.67",,"true","CATS CLUB Tee PS","2026-04-22T03:00:14Z","4 Years","5 Years","6 Years",,,,,,,,"does_not_exist","https://tchoozshoes.com/products/cats-club-tee-ps","does_not_exist"
"in_stock","Puma","Tees","tchooz","15","tchooz:9115216544001",,"USD","true",,"boys","false","MID90s Graphic Tee II Boys","2026-04-22T03:00:14Z","8 Years",,,,,,,,,,"does_not_exist","https://tchoozshoes.com/products/mid90s-graphic-tee-ii-boys","does_not_exist"
"in_stock","Puma","Low Boots","tchooz","100","tchooz:9115216511233",,"USD","true",,"men","false","ATTACANTO II FG/AG Men","2026-04-22T03:00:14Z","41","42","43","44","44.5","45","46","47",,,"does_not_exist","https://tchoozshoes.com/products/attacanto-ii-fg-ag-men","does_not_exist"
"in_stock","Puma","Low Boots","tchooz","100","tchooz:9115216478465",,"USD","true",,"men","false","ATTACANTO II TT Men","2026-04-22T03:00:14Z","41","42","43","44","44.5","45","46","47",,,"does_not_exist","https://tchoozshoes.com/products/attacanto-ii-tt-men","does_not_exist"
"in_stock","Puma","Low Boots","tchooz","75","tchooz:9115216445697",,"USD","true",,"men","false","VITORIA II FG/AG Men","2026-04-22T03:00:14Z","41","42","43","44","44.5","45","46","47",,,"does_not_exist","https://tchoozshoes.com/products/vitoria-ii-fg-ag-men","does_not_exist"
"in_stock","Puma","Low Boots","tchooz","75","tchooz:9115216412929",,"USD","true",,"men","false","VITORIA II TT Men","2026-04-22T03:00:14Z","41","42","43","44","44.5","45","46",,,,"does_not_exist","https://tchoozshoes.com/products/vitoria-ii-tt-men","does_not_exist"
"in_stock","Puma","Low Boots","tchooz","125","tchooz:9115216347393",,"USD","true",,"women","false","Mostro LC Prime Women","2026-04-22T03:00:14Z","36","37","37.5","38","38.5","Navy",,,,,"does_not_exist","https://tchoozshoes.com/products/mostro-lc-prime-women","does_not_exist"
"in_stock","Puma","Beanies","tchooz","54","tchooz:9115216314625",,"USD","true",,"unisex","false","BMW MMS Mid Crown Beanie","2026-04-22T03:00:14Z","X",,,,,,,,,,"does_not_exist","https://tchoozshoes.com/products/bmw-mms-mid-crown-beanie","does_not_exist"
"in_stock","Puma","Beanies","tchooz","30","tchooz:9115216281857",,"USD","true",,"kids","false","COMIC Mid Crown Beanie Junior","2026-04-22T03:00:14Z","Navy","YUTH",,,,,,,,,"does_not_exist","https://tchoozshoes.com/products/comic-mid-crown-beanie-junior","does_not_exist"
"in_stock","Puma","Shinguards","tchooz","36","tchooz:9115216249089",,"USD","true",,"men","false","NEYMAR JR ULTRA Light Sleeve","2026-04-22T03:00:14Z","L",,,,,,,,,,"does_not_exist","https://tchoozshoes.com/products/neymar-jr-ultra-light-sleeve","does_not_exist"
"in_stock","Puma","Waterbottles","tchooz","35","tchooz:9115216216321",,"USD","true",,"unisex","false","TR SPORSTYLE LARGE Waterbottle","2026-04-22T03:00:14Z","X",,,,,,,,,,"does_not_exist","https://tchoozshoes.com/products/tr-sporstyle-large-waterbottle","does_not_exist"
"in_stock","Puma","Low Boots","tchooz","120","tchooz:9115216150785",,"USD","true",,"men","false","SF Roma S Men","2026-04-22T03:00:14Z","42","43","44","44.5","45","46",,,,,"does_not_exist","https://tchoozshoes.com/products/sf-roma-s-men","does_not_exist"
"in_stock","Puma","Low Boots","tchooz","109","tchooz:9115216085249","85","USD","true","22.02","women","true","Softride Symmetry Fuzion Women","2026-04-22T03:00:15Z","Purple",,,,,,,,,,"does_not_exist","https://tchoozshoes.com/products/softride-symmetry-fuzion-women","does_not_exist"
"in_stock","Puma","Low Boots","tchooz","109","tchooz:9115215986945",,"USD","true",,"women","false","Disperse XT 4 Women","2026-04-22T03:00:15Z","36","37","38","38.5","39",,,,,,"does_not_exist","https://tchoozshoes.com/products/disperse-xt-4-women","does_not_exist"
"in_stock","Puma","Low Boots","tchooz","80","tchooz:9115215921409",,"USD","true",,"women","false","Softride Harli Women","2026-04-22T03:00:15Z","37","39",,,,,,,,,"does_not_exist","https://tchoozshoes.com/products/softride-harli-women","does_not_exist"
"in_stock","Puma","Low Boots","tchooz","120","tchooz:9115215855873","95","USD","true","20.83","women","true","Softride Sera Women","2026-04-22T03:00:15Z","37","37.5","38.5","36","38",,,,,,"does_not_exist","https://tchoozshoes.com/products/softride-sera-women","does_not_exist"
"in_stock","Puma","Low Boots","tchooz","120","tchooz:9115215823105","95","USD","true","20.83","women","true","Cell Thrill Metallic Women","2026-04-22T03:00:15Z","36","37",,,,,,,,,"does_not_exist","https://tchoozshoes.com/products/cell-thrill-metallic-women","does_not_exist"
"in_stock","Puma","Low Boots","tchooz","75","tchooz:9115215659265",,"USD","true",,"kids","false","Puma Caven 2.0 Block Junior","2026-04-22T03:00:15Z","37","38",,,,,,,,,"does_not_exist","https://tchoozshoes.com/products/puma-caven-2-0-block-junior","does_not_exist"
"in_stock","Puma","Low Boots","tchooz","165","tchooz:9115215593729",,"USD","true",,"men","false","Easy Rider Futbolito Men","2026-04-22T03:00:15Z","41","42","43","44","44.5","45","46","47",,,"does_not_exist","https://tchoozshoes.com/products/easy-rider-futbolito-men","does_not_exist"
"in_stock","Puma","Low Boots","tchooz","120","tchooz:9115215560961",,"USD","true",,"men","false","GV Special Elevated Men","2026-04-22T03:00:15Z","42","44.5","45",,,,,,,,"does_not_exist","https://tchoozshoes.com/products/gv-special-elevated-men","does_not_exist"
"in_stock","Puma","Low Boots","tchooz","110","tchooz:9115215495425","90","USD","true","18.18","kids","true","Palermo HK&FR 2 Junior","2026-04-22T03:00:15Z","Purple",,,,,,,,,,"does_not_exist","https://tchoozshoes.com/products/palermo-hk-fr-2-junior","does_not_exist"
"in_stock","Puma","Tees","tchooz","38","tchooz:9115215331585",,"USD","true",,"men","false","M TAD ESSENTIALS SOLID CAT TEE (LC small cat) Men","2026-04-22T03:00:15Z","M","XXL",,,,,,,,,"does_not_exist","https://tchoozshoes.com/products/m-tad-essentials-solid-cat-tee-lc-small-cat-men","does_not_exist"
"in_stock","Puma","Tights","tchooz","82","tchooz:9115215266049","65","USD","true","20.73","women","true","W RUN VELOCITY FL TIGHT Women","2026-04-22T03:00:15Z","XS","L",,,,,,,,,"does_not_exist","https://tchoozshoes.com/products/w-run-velocity-fl-tight-women","does_not_exist"
"in_stock","Puma","Tees","tchooz","45","tchooz:9115215233281",,"USD","true",,"men","false","M RUN VELOCITY TEE (POLY) Men","2026-04-22T03:00:15Z","Yellow",,,,,,,,,,"does_not_exist","https://tchoozshoes.com/products/m-run-velocity-tee-poly-men","does_not_exist"
"in_stock","Puma","Tees","tchooz","55","tchooz:9115215167745","45","USD","true","18.18","women","true","W GREEN TERRAINS FASHION GRAPHIC TEE Women","2026-04-22T03:00:15Z","XS","M",,,,,,,,,"does_not_exist","https://tchoozshoes.com/products/w-green-terrains-fashion-graphic-tee-women","does_not_exist"
"in_stock","Puma","Tees","tchooz","30","tchooz:9115215134977",,"USD","true",,"boys","false","PUMA X HOT WHEELS Graphic Tee Boys","2026-04-22T03:00:15Z","4 Years","7 Years",,,,,,,,,"does_not_exist","https://tchoozshoes.com/products/puma-x-hot-wheels-graphic-tee-boys","does_not_exist"
"in_stock","Puma","Jackets","tchooz","155","tchooz:9115215069441",,"USD","true",,"men","false","ESS Padded Jacket Men","2026-04-22T03:00:15Z","XXL",,,,,,,,,,"does_not_exist","https://tchoozshoes.com/products/ess-padded-jacket-men","does_not_exist"
"in_stock","Puma","Jackets","tchooz","90","tchooz:9115215036673",,"USD","true",,"women","false","ESS Padded Vest Women","2026-04-22T03:00:15Z","S","XS",,,,,,,,,"does_not_exist","https://tchoozshoes.com/products/ess-padded-vest-women","does_not_exist"
"in_stock","Puma","Tees","tchooz","32","tchooz:9115215003905","25","USD","true","21.88","boys","true","MID90s Graphic Tee III Boys","2026-04-22T03:00:15Z","8 Years","12 Years","10 Years",,,,,,,,"does_not_exist","https://tchoozshoes.com/products/mid90s-graphic-tee-iii-boys","does_not_exist"
"in_stock","Puma","Pants","tchooz","62","tchooz:9115214971137","50","USD","true","19.35","boys","true","MID90s Cargo Sweatpants FL Boys","2026-04-22T03:00:15Z","8 Years","10 Years","12 Years","16 Years",,,,,,,"does_not_exist","https://tchoozshoes.com/products/mid90s-cargo-sweatpants-fl-boys","does_not_exist"
"in_stock","On","Low Boots","tchooz","195","tchooz:9115214938369",,"USD","true",,"men","false","Cloudswift 4 Men","2026-04-22T03:00:15Z","Navy",,,,,,,,,,"does_not_exist","https://tchoozshoes.com/products/cloudswift-4-men","does_not_exist"
"in_stock","On","Low Boots","tchooz","145","tchooz:9115214872833",,"USD","true",,"kids","false","Cloudswift Youth","2026-04-22T03:00:15Z","38","38.5",,,,,,,,,"does_not_exist","https://tchoozshoes.com/products/cloudswift-youth","does_not_exist"
"in_stock","Puma","Bras","tchooz","62","tchooz:9115214840065",,"USD","true",,"women","false","CLOUDSPUN BRA - MID Women","2026-04-22T03:00:15Z","S",,,,,,,,,,"does_not_exist","https://tchoozshoes.com/products/cloudspun-bra-mid-women","does_not_exist"
"in_stock","Puma","Hoodies","tchooz","105","tchooz:9115214807297",,"USD","true",,"men","false","WARDROBE ESS Boxy Full-Zip Hoodie DK Men","2026-04-22T03:00:15Z","L","XL","XXL",,,,,,,,"does_not_exist","https://tchoozshoes.com/products/wardrobe-ess-boxy-full-zip-hoodie-dk-men","does_not_exist"
"in_stock","Puma","Tees","tchooz","45","tchooz:9115214774529","35","USD","true","22.22","women","true","WARDROBE ESS SPORTS LEGACY II Graphic Relaxed Tee Women","2026-04-22T03:00:15Z","XS","S",,,,,,,,,"does_not_exist","https://tchoozshoes.com/products/wardrobe-ess-sports-legacy-ii-graphic-relaxed-tee-women","does_not_exist"
"in_stock","Puma","Jackets","tchooz","65","tchooz:9115214741761",,"USD","true",,"boys","false","MOODY CAT Bomber PS","2026-04-22T03:00:15Z","5 Years","6 Years","7 Years",,,,,,,,"does_not_exist","https://tchoozshoes.com/products/moody-cat-bomber-ps","does_not_exist"
"in_stock","Puma","Tees","tchooz","45","tchooz:9115214676225","35","USD","true","22.22","boys","true","SUPER PUMA Graphic Longsleeve Tee Boys","2026-04-22T03:00:15Z","8 Years","16 Years",,,,,,,,,"does_not_exist","https://tchoozshoes.com/products/super-puma-graphic-longsleeve-tee-boys","does_not_exist"
"in_stock","Puma","Tees","tchooz","30","tchooz:9115214643457",,"USD","true",,"girls","false","PUMA X HELLO KITTY & FRIENDS Slim Tee Girls","2026-04-22T03:00:15Z","7 Years",,,,,,,,,,"does_not_exist","https://tchoozshoes.com/products/puma-x-hello-kitty-friends-slim-tee-girls","does_not_exist"
"in_stock","Puma","Suits","tchooz","95","tchooz:9115214577921",,"USD","true",,"boys","false","T7 ALWAYS ON Track Suit PS","2026-04-22T03:00:15Z","6 Years","7 Years","4 Years",,,,,,,,"does_not_exist","https://tchoozshoes.com/products/t7-always-on-track-suit-ps","does_not_exist"
"in_stock","Puma","Tees","tchooz","60","tchooz:9115214545153","50","USD","true","16.67","men","true","Neymar JR Playmaker Jersey Men","2026-04-22T03:00:15Z","S","M","L","XL","XXL",,,,,,"does_not_exist","https://tchoozshoes.com/products/neymar-jr-playmaker-jersey-men","does_not_exist"
"in_stock","Puma","Shorts","tchooz","60","tchooz:9115214512385","50","USD","true","16.67","men","true","Neymar JR Playmaker Training Shorts Men","2026-04-22T03:00:15Z","S","M","L","XL","XXL",,,,,,"does_not_exist","https://tchoozshoes.com/products/neymar-jr-playmaker-training-shorts-men","does_not_exist"
"in_stock","Puma","Jackets","tchooz","90","tchooz:9115214414081",,"USD","true",,"men","false","PUMATECH Winterized Gilet Men","2026-04-22T03:00:15Z","L","XL","XXL",,,,,,,,"does_not_exist","https://tchoozshoes.com/products/pumatech-winterized-gilet-men","does_not_exist"
"in_stock","Puma","Sets","tchooz","65","tchooz:9115214348545",,"USD","true",,"kids","false","MINICATS ESS Small No. 1 Logo Crew Set TR INF","2026-04-22T03:00:15Z","Navy","1 Year","1.5 Years","2 Years","2.5 Years","3 Years",,,,,"does_not_exist","https://tchoozshoes.com/products/minicats-ess-small-no-1-logo-crew-set-tr-inf","does_not_exist"
"in_stock","Puma","Tights","tchooz","90","tchooz:9115214315777",,"USD","true",,"women","false","W CLOUDSPUN TIGHT - HW FL Women","2026-04-22T03:00:15Z","XS","S","M","L",,,,,,,"does_not_exist","https://tchoozshoes.com/products/w-cloudspun-tight-hw-fl-women","does_not_exist"
"in_stock","Puma","Tees","tchooz","37","tchooz:9115214283009","30","USD","true","18.92","girls","true","PUMA X HELLO KITTY & FRIENDS Ruffle Tee Girls","2026-04-22T03:00:15Z","4 Years","5 Years","6 Years",,,,,,,,"does_not_exist","https://tchoozshoes.com/products/puma-x-hello-kitty-friends-ruffle-tee-girls","does_not_exist"
"in_stock","Puma","Hoodies","tchooz","72","tchooz:9115214250241","60","USD","true","16.67","girls","true","PUMA X HELLO KITTY & FRIENDS Relaxed Graphic Hoodie TR Girls","2026-04-22T03:00:15Z","4 Years","5 Years","6 Years","7 Years",,,,,,,"does_not_exist","https://tchoozshoes.com/products/puma-x-hello-kitty-friends-relaxed-graphic-hoodie-tr-girls","does_not_exist"
"in_stock","Puma","Tights","tchooz","55","tchooz:9115214184705","45","USD","true","18.18","girls","true","PUMA X HELLO KITTY & FRIENDS Flared Leggings Girls","2026-04-22T03:00:15Z","4 Years","6 Years","7 Years",,,,,,,,"does_not_exist","https://tchoozshoes.com/products/puma-x-hello-kitty-friends-flared-leggings-girls","does_not_exist"
"in_stock","Puma","Hoodies","tchooz","77","tchooz:9115214151937","60","USD","true","22.08","boys","true","SUPER PUMA Relaxed Hoodie TR Boys","2026-04-22T03:00:15Z","8 Years","10 Years","12 Years","16 Years",,,,,,,"does_not_exist","https://tchoozshoes.com/products/super-puma-relaxed-hoodie-tr-boys","does_not_exist"
"in_stock","Puma","Towels","tchooz","36","tchooz:9115214086401",,"USD","true",,"unisex","false","TEAM Towel Large (70x140)","2026-04-22T03:00:15Z","X",,,,,,,,,,"does_not_exist","https://tchoozshoes.com/products/team-towel-large-70x140","does_not_exist"
"in_stock","Puma","Bags","tchooz","75","tchooz:9115214053633",,"USD","true",,"women","false","AT ESS Concept IV Barrel Bag Women","2026-04-22T03:00:15Z","X",,,,,,,,,,"does_not_exist","https://tchoozshoes.com/products/at-ess-concept-iv-barrel-bag-women","does_not_exist"
"in_stock","Puma","Low Boots","tchooz","95","tchooz:9115214020865",,"USD","true",,"women","false","Darter Pro Women","2026-04-22T03:00:15Z","36",,,,,,,,,,"does_not_exist","https://tchoozshoes.com/products/darter-pro-women","does_not_exist"
"in_stock","Puma","Low Boots","tchooz","95","tchooz:9115213988097",,"USD","true",,"women","false","Softride Mayve Women","2026-04-22T03:00:15Z","36","37.5","39","40","37","Purple",,,,,"does_not_exist","https://tchoozshoes.com/products/softride-mayve-women","does_not_exist"
"in_stock","Puma","Low Boots","tchooz","120","tchooz:9115213889793","95","USD","true","20.83","women","true","Scend Pro 2 Women","2026-04-22T03:00:15Z","36","37","37.5","38","38.5","39","40","41",,,"does_not_exist","https://tchoozshoes.com/products/scend-pro-2-women","does_not_exist"
"in_stock","Puma","Low Boots","tchooz","110","tchooz:9115213824257",,"USD","true",,"women","false","X-Cell Ayro Women","2026-04-22T03:00:15Z","Purple",,,,,,,,,,"does_not_exist","https://tchoozshoes.com/products/x-cell-ayro-women","does_not_exist"
"in_stock","Puma","Low Boots","tchooz","210","tchooz:9115213791489","170","USD","true","19.05","women","true","Velocity NITRO 4 SAYSKY Women","2026-04-22T03:00:15Z","36","37","37.5","38","38.5","39","40",,,,"does_not_exist","https://tchoozshoes.com/products/velocity-nitro-4-saysky-women","does_not_exist"
"in_stock","Puma","Low Boots","tchooz","85","tchooz:9115213758721",,"USD","true",,"women","false","Softride Harli Metallic Women","2026-04-22T03:00:15Z","37","38.5",,,,,,,,,"does_not_exist","https://tchoozshoes.com/products/softride-harli-metallic-women","does_not_exist"
"in_stock","Puma","Low Boots","tchooz","120","tchooz:9115213725953","95","USD","true","20.83","women","true","Softride Courtney Women","2026-04-22T03:00:15Z","36","37","37.5",,,,,,,,"does_not_exist","https://tchoozshoes.com/products/softride-courtney-women","does_not_exist"
"in_stock","Puma","Low Boots","tchooz","140","tchooz:9115213693185",,"USD","true",,"men","false","Flare Pro Trail PTX Men","2026-04-22T03:00:15Z","44.5",,,,,,,,,,"does_not_exist","https://tchoozshoes.com/products/flare-pro-trail-ptx-men","does_not_exist"
"in_stock","Puma","Low Boots","tchooz","115","tchooz:9115213660417",,"USD","true",,"men","false","Extend Lite Trail Men","2026-04-22T03:00:15Z","44.5","44","46",,,,,,,,"does_not_exist","https://tchoozshoes.com/products/extend-lite-trail-men","does_not_exist"
"in_stock","Puma","Low Boots","tchooz","155","tchooz:9115213594881","125","USD","true","19.35","women","true","Mayze Lth Women","2026-04-22T03:00:15Z","36","37","37.5","38","38.5","40",,,,,"does_not_exist","https://tchoozshoes.com/products/mayze-lth-women","does_not_exist"
"in_stock","Puma","Low Boots","tchooz","75","tchooz:9115213562113",,"USD","true",,"kids","false","Puma Caven 2.0 Junior","2026-04-22T03:00:15Z","36","37","38.5",,,,,,,,"does_not_exist","https://tchoozshoes.com/products/puma-caven-2-0-junior","does_not_exist"
"in_stock","Puma","Low Boots","tchooz","110","tchooz:9115213529345",,"USD","true",,"men","false","Palermo Lth Men","2026-04-22T03:00:15Z","42","43","44","41","44.5","45","46",,,,"does_not_exist","https://tchoozshoes.com/products/palermo-lth-men","does_not_exist"
"in_stock","Puma","Low Boots","tchooz","175","tchooz:9115213496577",,"USD","true",,"men","false","RS-X Heritage Men","2026-04-22T03:00:15Z","41","44","44.5",,,,,,,,"does_not_exist","https://tchoozshoes.com/products/rs-x-heritage-men","does_not_exist"
"in_stock","Puma","Low Boots","tchooz","65","tchooz:9115213431041",,"USD","true",,"kids","false","Flyer 3 AC+ PS","2026-04-22T03:00:15Z","33","Navy",,,,,,,,,"does_not_exist","https://tchoozshoes.com/products/flyer-3-ac-ps","does_not_exist"
"in_stock","Puma","Low Boots","tchooz","85","tchooz:9115213365505","70","USD","true","17.65","women","true","Court Lally DayINight Women","2026-04-22T03:00:15Z","36","37","37.5",,,,,,,,"does_not_exist","https://tchoozshoes.com/products/court-lally-dayinight-women","does_not_exist"
"in_stock","Puma","Low Boots","tchooz","60","tchooz:9115213332737",,"USD","true",,"kids","false","Jada Classic Space Belle V PS","2026-04-22T03:00:15Z","30","32","33","34",,,,,,,"does_not_exist","https://tchoozshoes.com/products/jada-classic-space-belle-v-ps","does_not_exist"
"in_stock","Puma","Low Boots","tchooz","155","tchooz:9115213299969","125","USD","true","19.35","women","true","Mayze Velvet Dream Women","2026-04-22T03:00:15Z","36","37","37.5","38","38.5","39","40",,,,"does_not_exist","https://tchoozshoes.com/products/mayze-velvet-dream-women","does_not_exist"
"in_stock","On","Low Boots","tchooz","219","tchooz:9115213267201",,"USD","true",,"men","false","Cloudmonster 1 Men","2026-04-22T03:00:15Z","43","42","44","45",,,,,,,"does_not_exist","https://tchoozshoes.com/products/cloudmonster-1-men","does_not_exist"
"in_stock","Puma","Low Boots","tchooz","60","tchooz:9115213168897",,"USD","true",,"kids","false","Palermo lth V PS","2026-04-22T03:00:15Z","32","29","30",,,,,,,,"does_not_exist","https://tchoozshoes.com/products/palermo-lth-v-ps","does_not_exist"
"in_stock","Puma","Low Boots","tchooz","55","tchooz:9115213136129",,"USD","true",,"women","false","Carina 3.0 Animal Flair Women","2026-04-22T03:00:15Z","37","40",,,,,,,,,"does_not_exist","https://tchoozshoes.com/products/carina-3-0-animal-flair-women","does_not_exist"
"in_stock","Puma","Low Boots","tchooz","165","tchooz:9115213103361","115","USD","true","30.3","men","true","Mostro OG Prime Men","2026-04-22T03:00:15Z","41","43","44","45",,,,,,,"does_not_exist","https://tchoozshoes.com/products/mostro-og-prime-men","does_not_exist"
"in_stock","Puma","Tees","tchooz","37","tchooz:9115213037825","25","USD","true","32.43","girls","true","GRAPHIC Leopard Tee Girls","2026-04-22T03:00:15Z","8 Years","12 Years","14 Years",,,,,,,,"does_not_exist","https://tchoozshoes.com/products/graphic-leopard-tee-girls","does_not_exist"
"in_stock","Puma","Hoodies","tchooz","60","tchooz:9115213005057",,"USD","true",,"girls","false","HELLO KITTY & FRIENDS Hoodie TR","2026-04-22T03:00:15Z","5 Years","6 Years",,,,,,,,,"does_not_exist","https://tchoozshoes.com/products/hello-kitty-friends-hoodie-tr","does_not_exist"
"in_stock","Puma","Sets","tchooz","75","tchooz:9115212972289","60","USD","true","20","kids","true","HELLO KITTY&FRIENDS MINICATS INF","2026-04-22T03:00:15Z","1 Year","2 Years","2.5 Years",,,,,,,,"does_not_exist","https://tchoozshoes.com/products/hello-kitty-friends-minicats-inf","does_not_exist"
"in_stock","Puma","Hoodies","tchooz","72","tchooz:9115212939521","60","USD","true","16.67","boys","true","PUMA X HOT WHEELS Hoodie TR","2026-04-22T03:00:15Z","4 Years","5 Years","6 Years","7 Years",,,,,,,"does_not_exist","https://tchoozshoes.com/products/puma-x-hot-wheels-hoodie-tr","does_not_exist"
"in_stock","Puma","Pants","tchooz","60","tchooz:9115212873985","40","USD","true","33.33","boys","true","MID90s Sweatpants TR Boys","2026-04-22T03:00:15Z","8 Years","12 Years","16 Years",,,,,,,,"does_not_exist","https://tchoozshoes.com/products/mid90s-sweatpants-tr-boys","does_not_exist"
"in_stock","Puma","Pants","tchooz","45","tchooz:9115212841217","30","USD","true","33.33","boys","true","LITTLE RUNNERS Sweatpants TR PS","2026-04-22T03:00:15Z","Navy",,,,,,,,,,"does_not_exist","https://tchoozshoes.com/products/little-runners-sweatpants-tr-ps","does_not_exist"
"in_stock","Puma","Sets","tchooz","65","tchooz:9115212808449","50","USD","true","23.08","kids","true","MINICATS AOP Crew Set FL INF","2026-04-22T03:00:15Z","1 Year","2.5 Years","1.5 Years",,,,,,,,"does_not_exist","https://tchoozshoes.com/products/minicats-aop-crew-set-fl-inf","does_not_exist"
"in_stock","Puma","Hoodies","tchooz","60","tchooz:9115212742913","50","USD","true","16.67","boys","true","SUPER PUMA Hoodie PS","2026-04-22T03:00:15Z","4 Years","5 Years","6 Years","7 Years",,,,,,,"does_not_exist","https://tchoozshoes.com/products/super-puma-hoodie-ps","does_not_exist"
"in_stock","Puma","Pants","tchooz","60","tchooz:9115212710145","50","USD","true","16.67","boys","true","SUPER PUMA Sweatpants PS","2026-04-22T03:00:15Z","4 Years","5 Years","6 Years","7 Years",,,,,,,"does_not_exist","https://tchoozshoes.com/products/super-puma-sweatpants-ps","does_not_exist"
"in_stock","Adidas","Low Boots","tchooz","159","tchooz:9115212677377",,"USD","true",,"men","false","HANDBALL SPEZIAL Men","2026-04-22T03:00:15Z","42","43 1/3","44","45 1/3",,,,,,,"does_not_exist","https://tchoozshoes.com/products/handball-spezial-men","does_not_exist"
"in_stock","Adidas","Low Boots","tchooz","159","tchooz:9115212644609",,"USD","true",,"men","false","SAMBA ADV Men","2026-04-22T03:00:15Z","42","44","45 1/3",,,,,,,,"does_not_exist","https://tchoozshoes.com/products/samba-adv-men","does_not_exist"
"in_stock","Adidas","Low Boots","tchooz","159","tchooz:9115212611841",,"USD","true",,"men","false","CAMPUS 00s Men","2026-04-22T03:00:15Z","43 1/3",,,,,,,,,,"does_not_exist","https://tchoozshoes.com/products/campus-00s-men","does_not_exist"
"in_stock","Adidas","Low Boots","tchooz","128","tchooz:9115212546305",,"USD","true",,"men","false","ADVANTAGE 2.0 Men","2026-04-22T03:00:15Z","41 1/3","43 1/3","45 1/3",,,,,,,,"does_not_exist","https://tchoozshoes.com/products/advantage-2-0-men","does_not_exist"
"in_stock","Puma","Caps","tchooz","31","tchooz:9115212448001",,"USD","true",,"unisex","false","PREMIUM ESS CLASSIC BB Cap","2026-04-22T03:00:15Z","X",,,,,,,,,,"does_not_exist","https://tchoozshoes.com/products/premium-ess-classic-bb-cap","does_not_exist"
"in_stock","Puma","Gloves","tchooz","36","tchooz:9115212382465",,"USD","true",,"unisex","false","ATTACANTO Play RC","2026-04-22T03:00:15Z","Yellow","10","11","9",,,,,,,"does_not_exist","https://tchoozshoes.com/products/attacanto-play-rc","does_not_exist"
"in_stock","Puma","Ball","tchooz","31","tchooz:9115212349697",,"USD","true",,"unisex","false","PUMA BIG CAT ball","2026-04-22T03:00:15Z","5",,,,,,,,,,"does_not_exist","https://tchoozshoes.com/products/puma-big-cat-ball","does_not_exist"
"in_stock","Puma","Tees","tchooz","51","tchooz:9115212316929",,"USD","true",,"men","false","M PWRTRAIN TRIBLEND TEE Men","2026-04-22T03:00:15Z","S","M","L","XL",,,,,,,"does_not_exist","https://tchoozshoes.com/products/m-pwrtrain-triblend-tee-men","does_not_exist"
"in_stock","Puma","Low Boots","tchooz","50","tchooz:9115212251393",,"USD","true",,"kids","false","Puma Rickie Classic V Inf","2026-04-22T03:00:15Z","21","24","25","26","27","Navy",,,,,"does_not_exist","https://tchoozshoes.com/products/puma-rickie-classic-v-inf","does_not_exist"
"in_stock","Puma","Low Boots","tchooz","113","tchooz:9115212218625",,"USD","true",,"women","false","Karmen II Idol Metallic Whisper Women","2026-04-22T03:00:15Z","36","37","37.5","38","38.5","39","40","41",,,"does_not_exist","https://tchoozshoes.com/products/karmen-ii-idol-metallic-whisper-women","does_not_exist"
"in_stock","New Balance","Low Boots","tchooz","275","tchooz:9115212153089",,"USD","true",,"women","false","NEW BALANCE 1906 Women","2026-04-22T03:00:15Z","37","37.5","38","39","40","40.5",,,,,"does_not_exist","https://tchoozshoes.com/products/new-balance-1906-women","does_not_exist"
"in_stock","New Balance","Low Boots","tchooz","275","tchooz:9115212087553",,"USD","true",,"men","false","NEW BALANCE 1906 Men","2026-04-22T03:00:15Z","Silver",,,,,,,,,,"does_not_exist","https://tchoozshoes.com/products/new-balance-1906-men","does_not_exist"
"in_stock","New Balance","Low Boots","tchooz","169","tchooz:9115212022017",,"USD","true",,"men","false","NEW BALANCE 327 Men","2026-04-22T03:00:15Z","44","44.5","46.5",,,,,,,,"does_not_exist","https://tchoozshoes.com/products/new-balance-327-men","does_not_exist"
"in_stock","New Balance","Low Boots","tchooz","199","tchooz:9115211956481",,"USD","true",,"men","false","NEW BALANCE 740 Men","2026-04-22T03:00:15Z","42","43","44",,,,,,,,"does_not_exist","https://tchoozshoes.com/products/new-balance-740-men","does_not_exist"
"in_stock","New Balance","Low Boots","tchooz","199","tchooz:9115211923713",,"USD","true",,"women","false","NEW BALANCE 740 Women","2026-04-22T03:00:15Z","Silver",,,,,,,,,,"does_not_exist","https://tchoozshoes.com/products/new-balance-740-women","does_not_exist"
"in_stock","New Balance","Low Boots","tchooz","255","tchooz:9115211890945",,"USD","true",,"women","false","NEW BALANCE 9060 Women","2026-04-22T03:00:15Z","40.5",,,,,,,,,,"does_not_exist","https://tchoozshoes.com/products/new-balance-9060-women","does_not_exist"
"in_stock","On","Low Boots","tchooz","119","tchooz:9115211858177",,"USD","true",,"kids","false","Cloudleap Youth","2026-04-22T03:00:15Z","37.5","38.5",,,,,,,,,"does_not_exist","https://tchoozshoes.com/products/cloudleap-youth","does_not_exist"
"in_stock","Puma","Pants","tchooz","82","tchooz:9130105209089",,"USD","true",,"men","false","PUMATECH Pants DK cl Men","2026-04-22T03:00:15Z","S","M","L","XL",,,,,,,"does_not_exist","https://tchoozshoes.com/products/pumatech-pants-dk-cl-men","does_not_exist"
"in_stock","Puma","Low Boots","tchooz","100","tchooz:9130104422657",,"USD","true",,"men","false","Softride Enzo 5 Men","2026-04-22T03:00:15Z","41","42","42.5","43","44","44.5","45","46","47",,"does_not_exist","https://tchoozshoes.com/products/softride-enzo-5-men","does_not_exist"
"in_stock","Puma","Low Boots","tchooz","55","tchooz:9130068934913",,"USD","true",,"kids","false","Flyer 3 AC+ Inf","2026-04-22T03:00:15Z","21","22","23","25","26","27",,,,,"does_not_exist","https://tchoozshoes.com/products/flyer-3-ac-inf","does_not_exist"
"in_stock","Puma","Low Boots","tchooz","118","tchooz:9130068672769",,"USD","true",,"men","false","Court Pro 2 Men","2026-04-22T03:00:15Z","41","42","43","44","45","46","47","48",,,"does_not_exist","https://tchoozshoes.com/products/court-pro-2-men","does_not_exist"
"in_stock","Puma","Low Boots","tchooz","92","tchooz:9130068508929","70","USD","true","23.91","men","true","Shuffle Downtown Men","2026-04-22T03:00:15Z","41","42","43","44","44.5","45","46","42.5","47",,"does_not_exist","https://tchoozshoes.com/products/shuffle-downtown-men","does_not_exist"
"in_stock","Puma","Low Boots","tchooz","113","tchooz:9130068410625",,"USD","true",,"women","false","Softride Sera Animal Pack Women","2026-04-22T03:00:15Z","36","37.5","38","38.5","39","40",,,,,"does_not_exist","https://tchoozshoes.com/products/softride-sera-animal-pack-women","does_not_exist"
"in_stock","Puma","Low Boots","tchooz","150","tchooz:9130068312321",,"USD","true",,"men","false","Mostro OG Men","2026-04-22T03:00:15Z","41","42","42.5","43","44","44.5","45","46","47",,"does_not_exist","https://tchoozshoes.com/products/mostro-og-men","does_not_exist"
"in_stock","Puma","Tees","tchooz","44","tchooz:9130068181249",,"USD","true",,"women","false","W TAD ESSENTIAL Baby Tee Women","2026-04-22T03:00:15Z","S","M","L","XS",,,,,,,"does_not_exist","https://tchoozshoes.com/products/w-tad-essential-baby-tee-women","does_not_exist"
"in_stock","Puma","Shorts","tchooz","67","tchooz:9130068017409",,"USD","true",,"men","false","PUMATECH Shorts DK Men","2026-04-22T03:00:15Z","S","M","L","XL",,,,,,,"does_not_exist","https://tchoozshoes.com/products/pumatech-shorts-dk-men","does_not_exist"
"in_stock","Puma","Low Boots","tchooz","200","tchooz:9130067689729",,"USD","true",,"men","false","Fade Nitro LS Men","2026-04-22T03:00:15Z","41","42","43","44","44.5","45","46",,,,"does_not_exist","https://tchoozshoes.com/products/fade-nitro-ls-men","does_not_exist"
"in_stock","Puma","Low Boots","tchooz","200","tchooz:9130067558657",,"USD","true",,"men","false","Fade Nitro Ripstop TR Men","2026-04-22T03:00:15Z","41","42","42.5","43","44","44.5","45","46","47",,"does_not_exist","https://tchoozshoes.com/products/fade-nitro-ripstop-tr-men","does_not_exist"
"in_stock","Puma","Shinguards","tchooz","25","tchooz:9130067460353",,"USD","true",,"unisex","false","ULTRA Light Strap","2026-04-22T03:00:15Z","S","M","L","XL",,,,,,,"does_not_exist","https://tchoozshoes.com/products/ultra-light-strap","does_not_exist"
"in_stock","Puma","Ball","tchooz","30","tchooz:9130067296513",,"USD","true",,"unisex","false","PUMA PRESTIGE ball","2026-04-22T03:00:15Z","5",,,,,,,,,,"does_not_exist","https://tchoozshoes.com/products/puma-prestige-ball","does_not_exist"
"in_stock","Puma","Low Boots","tchooz","75","tchooz:9130067198209",,"USD","true",,"men","false","Skyrocket Lite Trail WTR Men","2026-04-22T03:00:15Z","44","44.5",,,,,,,,,"does_not_exist","https://tchoozshoes.com/products/skyrocket-lite-trail-wtr-men","does_not_exist"
"in_stock","Puma","Low Boots","tchooz","113","tchooz:9130067132673",,"USD","true",,"men","false","Softride Exo Flex Men","2026-04-22T03:00:15Z","41","42","42.5","43","44","44.5","45","46",,,"does_not_exist","https://tchoozshoes.com/products/softride-exo-flex-men","does_not_exist"
"in_stock","Puma","Low Boots","tchooz","45","tchooz:9130067067137",,"USD","true",,"kids","false","Kruz Profoam AC+ PS","2026-04-22T03:00:15Z","30","32","33",,,,,,,,"does_not_exist","https://tchoozshoes.com/products/kruz-profoam-ac-ps","does_not_exist"
"in_stock","Puma","Low Boots","tchooz","82","tchooz:9130067001601","70","USD","true","14.63","men","true","PUMA CATCH Men","2026-04-22T03:00:15Z","Navy","41","42","42.5","43","44","44.5","45","46","47","does_not_exist","https://tchoozshoes.com/products/puma-catch-men","does_not_exist"
"in_stock","Puma","Low Boots","tchooz","92","tchooz:9130066903297","75","USD","true","18.48","men","true","Softride Cosmic LT SLIPTECH Men","2026-04-22T03:00:15Z","41","42","44","45","46","47",,,,,"does_not_exist","https://tchoozshoes.com/products/softride-cosmic-lt-sliptech-men","does_not_exist"
"in_stock","Puma","Pants","tchooz","105","tchooz:9130066837761","75","USD","true","28.57","men","true","PUMATECH Track Pants WV cl Men","2026-04-22T03:00:15Z","S","L","XL",,,,,,,,"does_not_exist","https://tchoozshoes.com/products/pumatech-track-pants-wv-cl-men","does_not_exist"
"in_stock","Puma","Tees","tchooz","76","tchooz:9130066510081",,"USD","true",,"men","false","Ferrari Premium TEE Men","2026-04-22T03:00:15Z","S","M","L","XL",,,,,,,"does_not_exist","https://tchoozshoes.com/products/ferrari-premium-tee-men","does_not_exist"
"in_stock","Puma","Polos","tchooz","72","tchooz:9130066411777",,"USD","true",,"men","false","PL ESS Polo Men","2026-04-22T03:00:15Z","S","M","L","XL",,,,,,,"does_not_exist","https://tchoozshoes.com/products/pl-ess-polo-men","does_not_exist"
"in_stock","Puma","Tees","tchooz","72","tchooz:9130066346241",,"USD","true",,"men","false","BMW MMS Sportswear MT7 Tee Men","2026-04-22T03:00:15Z","S","M","L","XL",,,,,,,"does_not_exist","https://tchoozshoes.com/products/bmw-mms-sportswear-mt7-tee-men","does_not_exist"
"in_stock","Puma","Polos","tchooz","56","tchooz:9130066215169",,"USD","true",,"men","false","ESS No. 1 Logo Pique Polo Men","2026-04-22T03:00:15Z","Navy","S","M","L","XL","XXL",,,,,"does_not_exist","https://tchoozshoes.com/products/ess-no-1-logo-pique-polo-men","does_not_exist"
"in_stock","Puma","Tees","tchooz","31","tchooz:9130066149633",,"USD","true",,"men","false","ESS 2 COLOR Small No. 1 Logo Tee Men","2026-04-22T03:00:15Z","S","M","L","XL",,,,,,,"does_not_exist","https://tchoozshoes.com/products/ess-2-color-small-no-1-logo-tee-men","does_not_exist"
"in_stock","Puma","Pants","tchooz","82","tchooz:9130066084097",,"USD","true",,"women","false","EVOSTRIPE Sweatpants DK op Women","2026-04-22T03:00:15Z","XS","S","M","L",,,,,,,"does_not_exist","https://tchoozshoes.com/products/evostripe-sweatpants-dk-op-women","does_not_exist"
"in_stock","On","Low Boots","tchooz","229","tchooz:9130065920257",,"USD","true",,"men","false","Cloudmonster 3 Men","2026-04-22T03:00:15Z","42","43","44","45",,,,,,,"does_not_exist","https://tchoozshoes.com/products/cloudmonster-3-men","does_not_exist"
"in_stock","Puma","Low Boots","tchooz","144","tchooz:9128729641217",,"USD","true",,"men","false","H-Street Chrome Men","2026-04-22T03:00:15Z","Gold","Silver",,,,,,,,,"does_not_exist","https://tchoozshoes.com/products/h-street-chrome-men","does_not_exist"
"in_stock","Puma","Low Boots","tchooz","154","tchooz:9128726036737",,"USD","true",,"men","false","H-Street OG Men","2026-04-22T03:00:15Z","41","42","42.5","43","44","44.5","45","46","47",,"does_not_exist","https://tchoozshoes.com/products/h-street-og-men","does_not_exist"
"in_stock","Puma","Low Boots","tchooz","154","tchooz:9128726003969","110","USD","true","28.57","women","true","H-Street OG Women","2026-04-22T03:00:15Z","36","37","38","39","40","41","Purple",,,,"does_not_exist","https://tchoozshoes.com/products/h-stree-og-women","does_not_exist"
"in_stock","Puma","Low Boots","tchooz","92","tchooz:9120103170305",,"USD","true",,"men","false","Court Classic Men","2026-04-22T03:00:15Z","41","42","42.5","43","44","44.5","45","46","47","White And Green","does_not_exist","https://tchoozshoes.com/products/court-classic-men","does_not_exist"
"in_stock","On","Low Boots","tchooz","179","tchooz:9120103104769",,"USD","true",,"women","false","Cloud 6 Women","2026-04-22T03:00:15Z","Beige","37","36","39","40",,,,,,"does_not_exist","https://tchoozshoes.com/products/cloud-6-women","does_not_exist"
"in_stock","Puma","Low Boots","tchooz","97","tchooz:9120103072001",,"USD","true",,"women","false","Vikky Star Women","2026-04-22T03:00:15Z","White And Pink",,,,,,,,,,"does_not_exist","https://tchoozshoes.com/products/vikky-star-women","does_not_exist"
"in_stock","Adidas","Low Boots","tchooz","105","tchooz:9120103039233","74","USD","true","29.52","men","true","VL COURT BASE MER Men","2026-04-22T03:00:15Z","45 1/3","Black And Blue","42",,,,,,,,"does_not_exist","https://tchoozshoes.com/products/vl-court-base-mer-men","does_not_exist"
"in_stock","Adidas","Low Boots","tchooz","175","tchooz:9120103006465","66","USD","true","62.29","men","true","SAMBA XLG Men","2026-04-22T03:00:15Z","White And Blue","White And Red",,,,,,,,,"does_not_exist","https://tchoozshoes.com/products/samba-xlg-men","does_not_exist"
"in_stock","Puma","Low Boots","tchooz","65","tchooz:9120102973697","50","USD","true","23.08","kids","true","Puma Rickie Junior","2026-04-22T03:00:15Z","36",,,,,,,,,,"does_not_exist","https://tchoozshoes.com/products/puma-rickie-junior","does_not_exist"
"in_stock","Puma","Low Boots","tchooz","135","tchooz:9120102940929","45","USD","true","66.67","women","true","Palermo Elevata Lth Women","2026-04-22T03:00:15Z","White And Olive","36","38","40","38.5",,,,,,"does_not_exist","https://tchoozshoes.com/products/palermo-elevata-lth-women","does_not_exist"
"in_stock","Puma","Low Boots","tchooz","140","tchooz:9120102875393","110","USD","true","21.43","women","true","PUMA Cali Court Match Women","2026-04-22T03:00:15Z","White And Blue","White And Pink",,,,,,,,,"does_not_exist","https://tchoozshoes.com/products/puma-cali-court-match-women","does_not_exist"
"in_stock","New Balance","Low Boots","tchooz","169","tchooz:9120102842625",,"USD","true",,"men","false","New Balance Footwear-530 Men","2026-04-22T03:00:15Z","42.5","43","44","45",,,,,,,"does_not_exist","https://tchoozshoes.com/products/new-balance-footwear-530-men","MR530"
"in_stock","New Balance","Low Boots","tchooz","118","tchooz:9120102809857",,"USD","true",,"men","false","NEW BALANCE-530 Men","2026-04-22T03:00:15Z","White And Black","Silver",,,,,,,,,"does_not_exist","https://tchoozshoes.com/products/new-balance-530-men","MR530"
"in_stock","Puma","Low Boots","tchooz","175","tchooz:9120102777089","125","USD","true","28.57","men","true","Mostro Perf Men","2026-04-22T03:00:15Z","White And Black","41","42","43","44","44.5","45","46",,,"does_not_exist","https://tchoozshoes.com/products/mostro-perf-men","does_not_exist"
"in_stock","Puma","Caps","tchooz","25","tchooz:9120102711553",,"USD","true",,"unisex","false","ESS SCRIPT LOGO Dad Cap Unisex","2026-04-22T03:00:15Z","White And Black",,,,,,,,,,"does_not_exist","https://tchoozshoes.com/products/ess-script-logo-dad-cap-unisex","does_not_exist"
"in_stock","Puma","Low Boots","tchooz","82","tchooz:9120102678785",,"USD","true",,"women","false","Court Lally Metallic Whisper Women","2026-04-22T03:00:15Z","White And Gold","White And Silver",,,,,,,,,"does_not_exist","https://tchoozshoes.com/products/court-lally-metallic-whisper-women","does_not_exist"
"in_stock","Adidas","Low Boots","tchooz","175","tchooz:9120101499137","123","USD","true","29.71","women","true","SAMBA JP Women","2026-04-22T03:00:15Z","38 2/3","39 1/3","37 1/3","38",,,,,,,"does_not_exist","https://tchoozshoes.com/products/samba-jp-women","does_not_exist"
"in_stock","New Balance","Low Boots","tchooz","199","tchooz:9120101400833","120","USD","true","39.7","women","true","New Balance 327 Women","2026-04-22T03:00:15Z","36","36.5",,,,,,,,,"does_not_exist","https://tchoozshoes.com/products/new-balance327women","does_not_exist"
"in_stock","Puma","Tees","tchooz","37","tchooz:9118183686401","30","USD","true","18.92","boys","true","SUPER PUMA Graphic Tee Boys","2026-04-22T03:00:15Z","8 Years","10 Years","12 Years","14 Years","16 Years","Yellow",,,,,"does_not_exist","https://tchoozshoes.com/products/super-puma-graphic-tee-boys","does_not_exist"
"in_stock","Puma","Low Boots","tchooz","35","tchooz:9118152687873",,"USD","true",,"men","false","Divecat v2 Lite Men","2026-04-22T03:00:15Z","Navy","40.5","42","43","46","47",,,,,"does_not_exist","https://tchoozshoes.com/products/divecat-v2-lite-men","does_not_exist"
"in_stock","Puma","Low Boots","tchooz","120","tchooz:9118151147777",,"USD","true",,"men","false","Scend Pro 2 Men","2026-04-22T03:00:15Z","41","42","42.5","43","44","44.5","45","46","47",,"does_not_exist","https://tchoozshoes.com/products/scend-pro-2-men","does_not_exist"
"in_stock","Puma","Tights","tchooz","15","tchooz:9117929505025",,"USD","true",,"girls","false","Ess+ Logo Leggings G Sportstyle/Core Girls","2026-04-22T03:00:15Z","16 years",,,,,,,,,,"does_not_exist","https://tchoozshoes.com/products/ess-logo-leggings-g-sportstyle-core-girls","does_not_exist"
"in_stock","Adidas","Tee","tchooz","75","tchooz:9117903225089",,"USD","true",,"men","false","Adidas INTER MIAMI IMCF JSY HOME Football Men","2026-04-22T03:00:15Z","M","L","XL",,,,,,,,"does_not_exist","https://tchoozshoes.com/products/adidas-inter-miami-imcf-jsy-home-football-men","does_not_exist"
"in_stock","Adidas","Tee","tchooz","70","tchooz:9117900734721",,"USD","true",,"men","false","Adidas INTER MIAMI IMCF JSY AWAY Football Men","2026-04-22T03:00:15Z","L","XL",,,,,,,,,"does_not_exist","https://tchoozshoes.com/products/adidas-inter-miami-imcf-jsy-away-football-men","does_not_exist"
"in_stock","New Balance","Low Boots","tchooz","118","tchooz:9117887365377",,"USD","true",,"men","false","NEW BALANCE-327 Men","2026-04-22T03:00:15Z","44",,,,,,,,,,"does_not_exist","https://tchoozshoes.com/products/new-balance-327men","does_not_exist"
"in_stock","New Balance","Low Boots","tchooz","255","tchooz:9117881827585",,"USD","true",,"women","false","NEW BALANCE-9060 Women","2026-04-22T03:00:15Z","40.5",,,,,,,,,,"does_not_exist","https://tchoozshoes.com/products/new-balance-9060women","does_not_exist"
"in_stock","Puma","Tees","tchooz","40","tchooz:9117875044609",,"USD","true",,"men","false","M TAD TECH Triblend Tee Men","2026-04-22T03:00:15Z","Navy","S","XL","XXL",,,,,,,"does_not_exist","https://tchoozshoes.com/products/m-tad-tech-triblend-tee-men","does_not_exist"
"in_stock","Adidas","Low Boots","tchooz","191","tchooz:9117850534145","134","USD","true","29.84","men","true","OZWEEGO F-LIFESTYLE Men","2026-04-22T03:00:15Z","41 1/3","46",,,,,,,,,"does_not_exist","https://tchoozshoes.com/products/ozweegof-lifestyle-men","does_not_exist"
"in_stock","New Balance","Low Boots","tchooz","169","tchooz:9117850435841",,"USD","true",,"men","false","NEW BALANCE 530 Men","2026-04-22T03:00:15Z","42","44","45","46.5",,,,,,,"does_not_exist","https://tchoozshoes.com/products/new-balance-530men","does_not_exist"
"in_stock","Puma","Low Boots","tchooz","92","tchooz:9115234271489",,"USD","true",,"men","false","Puma Rickie Classic Men","2026-04-22T03:00:15Z","41","42","42.5","43","44","44.5","46","47",,,"does_not_exist","https://tchoozshoes.com/products/puma-rickie-classic-men","does_not_exist"
"in_stock","Puma","Low Boots","tchooz","113","tchooz:9115234238721",,"USD","true",,"men","false","Softride Exo Men","2026-04-22T03:00:15Z","41","42","42.5","43","44","44.5","45","46","47",,"does_not_exist","https://tchoozshoes.com/products/softride-exo-men","does_not_exist"
"in_stock","Puma","Ball","tchooz","30","tchooz:9115234140417",,"USD","true",,"unisex","false","individualRISE Graphic ball","2026-04-22T03:00:15Z","White And Red","White And Blue",,,,,,,,,"does_not_exist","https://tchoozshoes.com/products/individualrise-graphic-ball","does_not_exist"
"in_stock","Puma","Low Boots","tchooz","118","tchooz:9115234009345",,"USD","true",,"women","false","Softride Enzo 5 Metallic Women","2026-04-22T03:00:15Z","36","37","37.5","38","38.5","39","40","41",,,"does_not_exist","https://tchoozshoes.com/products/softride-enzo-5-metallic-women","does_not_exist"
"in_stock","Puma","Low Boots","tchooz","55","tchooz:9115233943809","45","USD","true","18.18","kids","true","Puma Rickie AC+ PS","2026-04-22T03:00:15Z","28","30","31","32","33","34",,,,,"does_not_exist","https://tchoozshoes.com/products/puma-rickie-ac-ps","does_not_exist"
"in_stock","Puma","Low Boots","tchooz","145","tchooz:9115233812737","100","USD","true","31.03","women","true","Palermo Moda Tongue Women","2026-04-22T03:00:15Z","36","37","37.5","38","38.5","39","40",,,,"does_not_exist","https://tchoozshoes.com/products/palermo-moda-tongue-women","does_not_exist"
"in_stock","Puma","Low Boots","tchooz","150","tchooz:9115233779969",,"USD","true",,"men","false","PWR Hybrid TR Men","2026-04-22T03:00:15Z","41","42","43","44","44.5","45","46","47",,,"does_not_exist","https://tchoozshoes.com/products/pwr-hybrid-tr-men","does_not_exist"
"in_stock","Puma","Socks","tchooz","30","tchooz:9115233747201",,"USD","true",,"unisex","false","PUMA Kids Quarter Socks (9 Pairs)","2026-04-22T03:00:15Z","39-42(Socks)",,,,,,,,,,"does_not_exist","https://tchoozshoes.com/products/puma-kids-quarter-socks-9-pairs","does_not_exist"
"in_stock","Puma","Socks","tchooz","30","tchooz:9115233714433",,"USD","true",,"unisex","false","PUMA ELEMENTS UNISEX SNEAKER (6 Pairs)","2026-04-22T03:00:15Z","35-38 (Socks)","Black And Gray",,,,,,,,,"does_not_exist","https://tchoozshoes.com/products/puma-elements-unisex-sneaker-6-pairs","does_not_exist"
"in_stock","Adidas","Low Boots","tchooz","128","tchooz:9115233648897",,"USD","true",,"women","false","GRAND COURT 3.0 Women","2026-04-22T03:00:15Z","38","39 1/3",,,,,,,,,"does_not_exist","https://tchoozshoes.com/products/grand-court-3-0-women","does_not_exist"
"in_stock","Adidas","Low Boots","tchooz","128","tchooz:9115233616129",,"USD","true",,"men","false","GRAND COURT 3.0 Men","2026-04-22T03:00:15Z","White And Black","White And Navy",,,,,,,,,"does_not_exist","https://tchoozshoes.com/products/grand-court-3-0-men","does_not_exist"
"in_stock","Puma","Sportband","tchooz","15","tchooz:9115233550593",,"USD","true",,"unisex","false","Cat Wristband","2026-04-22T03:00:15Z","X",,,,,,,,,,"does_not_exist","https://tchoozshoes.com/products/cat-wristband","does_not_exist"
"in_stock","Puma","Water Bottle","tchooz","20","tchooz:9115233321217",,"USD","true",,"unisex","false","PUMA Tr Performance Bottle Running/Training Unisex","2026-04-22T03:00:15Z","X",,,,,,,,,,"does_not_exist","https://tchoozshoes.com/products/puma-tr-performance-bottle-running-training-unisex","does_not_exist"
"in_stock","Liveup and Fitness Brands","Yoga Roller","tchooz","16","tchooz:9115233255681",,"USD","true",,"unisex","false","Yoga Foam Roller","2026-04-22T03:00:15Z","Purple",,,,,,,,,,"does_not_exist","https://tchoozshoes.com/products/yoga-foam-roller","does_not_exist"
"in_stock","Puma","Sportband","tchooz","30","tchooz:9115233190145",,"USD","true",,"unisex","false","AT Sportbands (6Pcs) Running/Training Unisex","2026-04-22T03:00:15Z","X",,,,,,,,,,"does_not_exist","https://tchoozshoes.com/products/at-sportbands-6pcs-running-training-unisex","does_not_exist"
"in_stock","Puma","Gloves","tchooz","35","tchooz:9115232862465",,"USD","true",,"women","false","Tr Gym Gloves Running/Training Women","2026-04-22T03:00:15Z","M",,,,,,,,,,"does_not_exist","https://tchoozshoes.com/products/tr-gym-gloves-running-training-women","does_not_exist"
"in_stock","Puma","Pants","tchooz","65","tchooz:9115232829697",,"USD","true",,"men","false","Ess Logo Pants Terry Close Sportstyle/Core Men","2026-04-22T03:00:15Z","Navy",,,,,,,,,,"does_not_exist","https://tchoozshoes.com/products/ess-logo-pants-terry-close-sportstyle-core-men","does_not_exist"
"in_stock","Puma","Shoes","tchooz","70","tchooz:9115232796929",,"USD","true",,"unisex","false","Anzarun Lite Ac Sportstyle/Core Pre-School Unisex/Boys","2026-04-22T03:00:15Z","28","30","31","34",,,,,,,"does_not_exist","https://tchoozshoes.com/products/anzarun-lite-ac-sportstyle-core-pre-school-unisex-boys","does_not_exist"
"in_stock","Puma","Tights","tchooz","10","tchooz:9115232764161",,"USD","true",,"girls","false","Ess Small Logo Leggings Sportstyle/Core Girls","2026-04-22T03:00:15Z","16 Years",,,,,,,,,,"does_not_exist","https://tchoozshoes.com/products/ess-small-logo-leggings-sportstyle-core-girls","does_not_exist"
"in_stock","Adidas","Shoes","tchooz","175","tchooz:9115232600321","61","USD","true","65.14","women","true","Adidas Stan Smith Millencon Lifestyle Women","2026-04-22T03:00:15Z","36",,,,,,,,,,"does_not_exist","https://tchoozshoes.com/products/adidas-stan-smith-millencon-lifestyle-women","BF2023"
"in_stock","Puma","Shoes","tchooz","75","tchooz:9115232502017","55","USD","true","26.67","unisex","true","Graviton Jr Sportstyle/Core Junior Unisex/Boys","2026-04-22T03:00:15Z","36","38",,,,,,,,,"does_not_exist","https://tchoozshoes.com/products/graviton-jr-sportstyle-core-junior-unisex-boys","does_not_exist"
"in_stock","Puma","Shoes","tchooz","70","tchooz:9115232436481",,"USD","true",,"men","false","ATTACANTO TT Football Men","2026-04-22T03:00:15Z","42","42.5","43",,,,,,,,"does_not_exist","https://tchoozshoes.com/products/attacanto-tt-football-men","does_not_exist"
"in_stock","New Balance","Shoes","tchooz","70","tchooz:9115232403713",,"USD","true",,"men","false","New Balance 997R Lifestyle Men","2026-04-22T03:00:15Z","45.5",,,,,,,,,,"does_not_exist","https://tchoozshoes.com/products/new-balance-997r-lifestyle-men","F0307"
"in_stock","New Balance","Shoes","tchooz","90","tchooz:9115232338177",,"USD","true",,"men","false","New Balance 574 Lifestyle Men","2026-04-22T03:00:15Z","44.5","45.5",,,,,,,,,"does_not_exist","https://tchoozshoes.com/products/new-balance-574-lifestyle-men","does_not_exist"
"in_stock","Puma","Shoes","tchooz","85","tchooz:9115232272641",,"USD","true",,"women","false","PUMA Cali Court Lth Wns Sportstyle/Core Women","2026-04-22T03:00:15Z","37","37.5",,,,,,,,,"does_not_exist","https://tchoozshoes.com/products/puma-cali-court-lth-wns-sportstyle-core-women","does_not_exist"
"in_stock","Puma","Boxer","tchooz","30","tchooz:9115232043265",,"USD","true",,"men","false","PUMA Men's Trunks 2 pack Black -NO EXCHANGE-","2026-04-22T03:00:15Z","XL",,,,,,,,,,"does_not_exist","https://tchoozshoes.com/products/puma-mens-trunks-2-pack-black-no-exchange","does_not_exist"
"in_stock","Puma","Boxer","tchooz","30","tchooz:9115232010497",,"USD","true",,"men","false","PUMA Men's Trunks 2 pack Dark Grey -NO EXCHANGE-","2026-04-22T03:00:15Z","M","XL",,,,,,,,,"does_not_exist","https://tchoozshoes.com/products/puma-mens-trunks-2-pack-dark-grey-no-exchange","does_not_exist"
"in_stock","Puma","Tights","tchooz","5","tchooz:9115231977729",,"USD","true",,"women","false","PUMA X X-GIRL AOP Short Tights Women Sportstyle Prime","2026-04-22T03:00:15Z","S","M",,,,,,,,,"does_not_exist","https://tchoozshoes.com/products/puma-x-x-girl-aop-short-tights-women-sportstyle-prime","does_not_exist"
"in_stock","Puma","Training Balls","tchooz","35","tchooz:9115231944961","25","USD","true","28.57","women","true","PUMA CAGE ball Men Teamsport","2026-04-22T03:00:15Z","5",,,,,,,,,,"does_not_exist","https://tchoozshoes.com/products/puma-cage-ball-men-teamsport","does_not_exist"
"in_stock","Adidas","Shoes","tchooz","151","tchooz:9115231912193","53","USD","true","64.9","women","true","Adidas Women Ubounce Dna Shoes, Black","2026-04-22T03:00:15Z","36","36 2/3",,,,,,,,,"does_not_exist","https://tchoozshoes.com/products/adidas-women-ubounce-dna-shoes-black","does_not_exist"
"in_stock","Puma","Shinguards","tchooz","25","tchooz:9115231813889",,"USD","true",,"unisex","false","ULTRA Light Strap C-TEAMSPORT Unisex","2026-04-22T03:00:15Z","XS","M","L",,,,,,,,"does_not_exist","https://tchoozshoes.com/products/ultra-light-strap-c-teamsport-unisex","13061"
"in_stock","Puma","Tights","tchooz","50","tchooz:9115231650049","10","USD","true","80","women","true","EVOKNIT 7/8 High-Waist Tights A-SPORTSTYLE CORE Women","2026-04-22T03:00:15Z","XS",,,,,,,,,,"does_not_exist","https://tchoozshoes.com/products/evoknit-7-8-high-waist-tights-a-sportstyle-core-women","does_not_exist"
