sku_id,product_key,brand,style_code,catalog_product_name,product_name,competitor_name,competitor_price,competitor_sale_price,discount_pct,is_on_sale,availability,currency,competitor_price_usd,competitor_sale_price_usd,effective_competitor_price_usd,source_url,scraped_at
SP-A83D634897,BOGNER|IN239502,BOGNER,IN239502,Bogner Paul Men Swim Short Navy Blue,Bogner Paul Men Swim Short Navy Blue,mikesport,183.0,,,False,IN_STOCK,USD,183.0,,183.0,https://lb.mikesport.com/products/bogner-paul-men-swim-short-navy-blue,2026-04-10T14:13:55Z
SP-E45BDB93ED,BOGNER|IN239500,BOGNER,IN239500,Bogner Paul Men Swim Short Black,Bogner Paul Men Swim Short Black,mikesport,183.0,,,False,IN_STOCK,USD,183.0,,183.0,https://lb.mikesport.com/products/bogner-paul-men-swim-short-black,2026-04-10T14:13:55Z
SP-F0B4D9EAF5,ON|IN233453,ON,IN233453,ON Sports Performance Women Running Bra Women Gourami,ON Sports Performance Women Running Bra Women Gourami,mikesport,89.0,,,False,IN_STOCK,USD,89.0,,89.0,https://lb.mikesport.com/products/on-sports-performance-women-running-bra-women-gourami,2026-04-10T14:13:55Z
SP-805D3F1EDC,ON|IN233371,ON,IN233371,ON Men Trail-T Running Tee Reef,ON Men Trail-T Running Tee Reef,mikesport,75.0,,,False,IN_STOCK,USD,75.0,,75.0,https://lb.mikesport.com/products/on-men-trail-t-running-tee-reef,2026-04-10T14:13:55Z
SP-EA820C1A13,ON|IN233369,ON,IN233369,ON Trail-T Men Trail Running Shirt Desert,ON Trail-T Men Trail Running Shirt Desert,mikesport,75.0,,,False,IN_STOCK,USD,75.0,,75.0,https://lb.mikesport.com/products/on-trail-t-men-trail-running-shirt-desert,2026-04-10T14:13:55Z
SP-AADCC2E724,NIKE|IN239482,NIKE,IN239482,Nike Flex Classic 6 Packs Unisex Training Band Multicolor,Nike Flex Classic 6 Packs Unisex Training Band Multicolor,mikesport,14.0,,,False,IN_STOCK,USD,14.0,,14.0,https://lb.mikesport.com/products/nike-flex-classic-6-packs-unisex-training-band-multicolor-1,2026-04-10T14:13:55Z
SP-331574EF21,CROCS|IN236650,CROCS,IN236650,Crocs 3D Coffee Cup Unisex Lifestyle Jibbitz Charm,Crocs 3D Coffee Cup Unisex Lifestyle Jibbitz Charm,mikesport,6.0,,,False,IN_STOCK,USD,6.0,,6.0,https://lb.mikesport.com/products/crocs-3d-coffee-cup-unisex-lifestyle-jibbitz-charm,2026-04-10T14:13:56Z
SP-016FA5F172,NEW BALANCE|IN234925,NEW BALANCE,IN234925,New Balance Athletic Premium Logo Relaxed Women Lifestyle Sweatshirt Big Teal,New Balance Athletic Premium Logo Relaxed Women Lifestyle Sweatshirt Big Teal,mikesport,75.0,,,False,IN_STOCK,USD,75.0,,75.0,https://lb.mikesport.com/products/new-balance-athletic-premium-logo-relaxed-women-lifestyle-sweatshirt-big-teal,2026-04-10T14:13:57Z
SP-3D39AF9FF6,NEW BALANCE|IN234882,NEW BALANCE,IN234882,New Balance Essential Yoga Women Performance Bra Medusa Green,New Balance Essential Yoga Women Performance Bra Medusa Green,mikesport,59.0,,,False,IN_STOCK,USD,59.0,,59.0,https://lb.mikesport.com/products/new-balance-essential-yoga-women-performance-bra-medusa-green,2026-04-10T14:13:57Z
SP-B79D3FAE0C,NEW BALANCE|IN234677,NEW BALANCE,IN234677,New Balance 47 Clean Up Canvas 2 Men Lifestyle Cap Linen/Medusa Green,New Balance 47 Clean Up Canvas 2 Men Lifestyle Cap Linen/Medusa Green,mikesport,39.0,,,False,IN_STOCK,USD,39.0,,39.0,https://lb.mikesport.com/products/new-balance-47-clean-up-canvas-2-men-lifestyle-cap-linen-medusa-green,2026-04-10T14:13:57Z
SP-E44D80B7EB,ADIDAS|IN235999,ADIDAS,IN235999,Adidas Club Pleat Kids-Girls Tennis Skort White,Adidas Club Pleat Kids-Girls Tennis Skort White,mikesport,61.0,,,False,IN_STOCK,USD,61.0,,61.0,https://lb.mikesport.com/products/adidas-club-pleat-kids-girls-tennis-skort-white,2026-04-10T14:13:58Z
SP-B508115FF9,ON|IN233463,ON,IN233463,On Studio 7/8 Training High Waist Plain Mineral,On Studio 7/8 Training High Waist Plain Mineral,mikesport,145.0,,,False,IN_STOCK,USD,145.0,,145.0,https://lb.mikesport.com/products/on-studio-7-8-training-high-waist-plain-mineral,2026-04-10T14:13:58Z
SP-DF88997BEE,ON|IN233396,ON,IN233396,On 7 Inch Court Tennis 7 Inch Tide,On 7 Inch Court Tennis 7 Inch Tide,mikesport,99.0,,,False,IN_STOCK,USD,99.0,,99.0,https://lb.mikesport.com/products/on-7-inch-court-tennis-7-inch-tide,2026-04-10T14:13:58Z
SP-B7529301C1,ON|IN233395,ON,IN233395,On 7 Inch Court Tennis 7 Inch White,On 7 Inch Court Tennis 7 Inch White,mikesport,99.0,,,False,IN_STOCK,USD,99.0,,99.0,https://lb.mikesport.com/products/on-7-inch-court-tennis-7-inch-white,2026-04-10T14:13:58Z
SP-D62159F18D,CROCS|IN238068,CROCS,IN238068,Crocs Barbie Classic Infant Lifestyle Clog Multi,Crocs Barbie Classic Infant Lifestyle Clog Multi,mikesport,60.0,,,False,IN_STOCK,USD,60.0,,60.0,https://lb.mikesport.com/products/crocs-barbie-classic-infant-lifestyle-clog-multi,2026-04-10T14:13:58Z
SP-ABDA020E90,CROCS|IN238067,CROCS,IN238067,Crocs Barbie Classic Kids Lifestyle Clog Multi,Crocs Barbie Classic Kids Lifestyle Clog Multi,mikesport,66.0,,,False,IN_STOCK,USD,66.0,,66.0,https://lb.mikesport.com/products/crocs-barbie-classic-kids-lifestyle-clog-multi,2026-04-10T14:13:58Z
SP-ECB50BF5E1,CROCS|IN238046,CROCS,IN238046,Crocs 3D Chilling Frog Unisex Lifestyle Jibbitz Charm,Crocs 3D Chilling Frog Unisex Lifestyle Jibbitz Charm,mikesport,6.0,,,False,IN_STOCK,USD,6.0,,6.0,https://lb.mikesport.com/products/crocs-3d-chilling-frog-unisex-lifestyle-jibbitz-charm,2026-04-10T14:13:58Z
SP-7DAC8BE0F9,NIKE|IN237517,NIKE,IN237517,Nike Air Force 1 07 Lv8 Men Lifestyle Shoes Anthracite/Grey,Nike Air Force 1 07 Lv8 Men Lifestyle Shoes Anthracite/Grey,mikesport,225.0,,,False,IN_STOCK,USD,225.0,,225.0,https://lb.mikesport.com/products/nike-air-force-1-07-lv8-men-lifestyle-shoes-anthracite-grey,2026-04-10T14:13:58Z
SP-23392C79BE,NIKE|IN237338,NIKE,IN237338,Nike Air Force 1 '07 Women Lifestyle Shoes Midnight Navy/Black,Nike Air Force 1 '07 Women Lifestyle Shoes Midnight Navy/Black,mikesport,225.0,,,False,IN_STOCK,USD,225.0,,225.0,https://lb.mikesport.com/products/nike-air-force-1-39-07-women-lifestyle-shoes-midnight-navy-black,2026-04-10T14:13:58Z
SP-EF3A3CE8FD,NIKE|IN237225,NIKE,IN237225,Nike Air Force 1 Le Gs-Boys Lifestyle Shoes Black,Nike Air Force 1 Le Gs-Boys Lifestyle Shoes Black,mikesport,174.0,,,False,IN_STOCK,USD,174.0,,174.0,https://lb.mikesport.com/products/nike-air-force-1-le-gs-boys-lifestyle-shoes-black,2026-04-10T14:13:58Z
SP-F272E0B3EC,CROCS|IN236717,CROCS,IN236717,Crocs All Day Men Lifestyle Slippers Black,Crocs All Day Men Lifestyle Slippers Black,mikesport,36.0,,,False,IN_STOCK,USD,36.0,,36.0,https://lb.mikesport.com/products/crocs-all-day-men-lifestyle-slippers-black,2026-04-10T14:13:58Z
SP-7637E3C2FF,NIKE|IN237500,NIKE,IN237500,Nike Fitted Women Training Long Sleeve Black,Nike Fitted Women Training Long Sleeve Black,mikesport,72.0,,,False,IN_STOCK,USD,72.0,,72.0,https://lb.mikesport.com/products/nike-fitted-women-training-long-sleeve-black,2026-04-10T14:13:58Z
SP-5C52EEBFCD,NIKE|IN237334,NIKE,IN237334,Nike Challenger Winterized 12.5Cm Men Running Short Blue,Nike Challenger Winterized 12.5Cm Men Running Short Blue,mikesport,80.0,,,False,IN_STOCK,USD,80.0,,80.0,https://lb.mikesport.com/products/nike-challenger-winterized-12-5cm-men-running-short-blue,2026-04-10T14:13:58Z
SP-6F021B8DA6,NIKE|IN237333,NIKE,IN237333,Nike Challenger Winterized 12.5Cm Men Running Short Pure Platinum,Nike Challenger Winterized 12.5Cm Men Running Short Pure Platinum,mikesport,80.0,,,False,IN_STOCK,USD,80.0,,80.0,https://lb.mikesport.com/products/nike-challenger-winterized-12-5cm-men-running-short-pure-platinum,2026-04-10T14:13:58Z
SP-E70F8AC18A,NIKE|IN237307,NIKE,IN237307,Nike (20L) Boys Lifestyle Backpack Black/Orange/White,Nike (20L) Boys Lifestyle Backpack Black/Orange/White,mikesport,61.0,,,False,IN_STOCK,USD,61.0,,61.0,https://lb.mikesport.com/products/nike-20l-boys-lifestyle-backpack-black-orange-white,2026-04-10T14:13:58Z
SP-E923EE9DF9,NIKE|IN237220,NIKE,IN237220,Nike Academy Team Unisex Football Bag Navy/Black/White,Nike Academy Team Unisex Football Bag Navy/Black/White,mikesport,59.0,,,False,IN_STOCK,USD,59.0,,59.0,https://lb.mikesport.com/products/nike-academy-team-unisex-football-bag-navy-black-white,2026-04-10T14:13:59Z
SP-2F91D09AA8,NIKE|IN235390,NIKE,IN235390,Nike (20L) Girls Lifestyle Backpack Light Magenta,Nike (20L) Girls Lifestyle Backpack Light Magenta,mikesport,61.0,,,False,IN_STOCK,USD,61.0,,61.0,https://lb.mikesport.com/products/nike-20l-girls-lifestyle-backpack-light-magenta,2026-04-10T14:13:59Z
SP-A09457D613,NIKE|IN235324,NIKE,IN235324,Nike Air Force 1 '07 Next Nature Women Lifestyle Shoes White/Linen,Nike Air Force 1 '07 Next Nature Women Lifestyle Shoes White/Linen,mikesport,207.0,,,False,IN_STOCK,USD,207.0,,207.0,https://lb.mikesport.com/products/nike-air-force-1-39-07-next-nature-women-lifestyle-shoes-white-linen,2026-04-10T14:13:59Z
SP-5B19015206,NIKE|IN237354,NIKE,IN237354,Nike Air Force 1 07 Premium Flowers Women Lifestyle Shoes Black/White/Gold,Nike Air Force 1 07 Premium Flowers Women Lifestyle Shoes Black/White/Gold,mikesport,225.0,,,False,IN_STOCK,USD,225.0,,225.0,https://lb.mikesport.com/products/nike-air-force-1-07-premium-flowers-women-lifestyle-shoes-black-white-gold,2026-04-10T14:13:59Z
SP-14615F55C9,NIKE|IN237320,NIKE,IN237320,Nike Club French Terry Open Hem Men Lifestyle Pant Grey/White,Nike Club French Terry Open Hem Men Lifestyle Pant Grey/White,mikesport,89.0,,,False,IN_STOCK,USD,89.0,,89.0,https://lb.mikesport.com/products/nike-club-french-terry-open-hem-men-lifestyle-pant-grey-white,2026-04-10T14:13:59Z
SP-EC9AF8E301,NIKE|IN237263,NIKE,IN237263,Nike Club French Terry Men Lifestyle Pant Grey/White,Nike Club French Terry Men Lifestyle Pant Grey/White,mikesport,89.0,,,False,IN_STOCK,USD,89.0,,89.0,https://lb.mikesport.com/products/nike-club-french-terry-men-lifestyle-pant-grey-white,2026-04-10T14:13:59Z
SP-20E0FF4DDC,NIKE|IN237212,NIKE,IN237212,Nike Air Jordan 1 Low Gs-Girls Lifestyle Shoes Black/White/Pink,Nike Air Jordan 1 Low Gs-Girls Lifestyle Shoes Black/White/Pink,mikesport,164.0,,,False,IN_STOCK,USD,164.0,,164.0,https://lb.mikesport.com/products/nike-air-jordan-1-low-gs-girls-lifestyle-shoes-black-white-pink,2026-04-10T14:13:59Z
SP-B656BCF67E,NIKE|IN235361,NIKE,IN235361,Nike Club Alumni French Terry Men Lifestyle Short Blue/White,Nike Club Alumni French Terry Men Lifestyle Short Blue/White,mikesport,72.0,,,False,IN_STOCK,USD,72.0,,72.0,https://lb.mikesport.com/products/nike-club-alumni-french-terry-men-lifestyle-short-blue-white,2026-04-10T14:13:59Z
SP-7286ED76D8,NIKE|IN235315,NIKE,IN235315,Nike Air Jordan 1 Low Men Lifestyle Shoes Gym Red/White/Black,Nike Air Jordan 1 Low Men Lifestyle Shoes Gym Red/White/Black,mikesport,225.0,,,False,IN_STOCK,USD,225.0,,225.0,https://lb.mikesport.com/products/nike-air-jordan-1-low-men-lifestyle-shoes-gym-red-white-black,2026-04-10T14:13:59Z
SP-87CD96F6B8,NIKE|IN238476,NIKE,IN238476,Nike Brand Energy Infant-Boys Lifestyle Set Black,Nike Brand Energy Infant-Boys Lifestyle Set Black,mikesport,41.0,,,False,IN_STOCK,USD,41.0,,41.0,https://lb.mikesport.com/products/nike-brand-energy-infant-boys-lifestyle-set-black,2026-04-10T14:14:00Z
SP-946B9D03B0,ON|IN233454,ON,IN233454,On 3 Inch Court 2 In 1 Women Tennis Short White,On 3 Inch Court 2 In 1 Women Tennis Short White,mikesport,99.0,,,False,IN_STOCK,USD,99.0,,99.0,https://lb.mikesport.com/products/on-3-inch-court-2-in-1-women-tennis-short-white,2026-04-10T14:14:00Z
SP-63D1F944FA,CROCS|IN236746,CROCS,IN236746,Crocs Bae Pinnacle Embellished Women Lifestyle Clog Frappe,Crocs Bae Pinnacle Embellished Women Lifestyle Clog Frappe,mikesport,168.0,,,False,IN_STOCK,USD,168.0,,168.0,https://lb.mikesport.com/products/crocs-bae-pinnacle-embellished-women-lifestyle-clog-frappe,2026-04-10T14:14:00Z
SP-26CA5937C8,CROCS|IN236719,CROCS,IN236719,Crocs All Day Men Lifestyle Slippers Navy,Crocs All Day Men Lifestyle Slippers Navy,mikesport,36.0,,,False,IN_STOCK,USD,36.0,,36.0,https://lb.mikesport.com/products/crocs-all-day-men-lifestyle-slippers-navy,2026-04-10T14:14:00Z
SP-0A0C5718B8,CROCS|IN236716,CROCS,IN236716,Crocs All Day Women Lifestyle Slippers Powder Pink,Crocs All Day Women Lifestyle Slippers Powder Pink,mikesport,36.0,,,False,IN_STOCK,USD,36.0,,36.0,https://lb.mikesport.com/products/crocs-all-day-women-lifestyle-slippers-powder-pink,2026-04-10T14:14:00Z
SP-1DE83EF0B0,CROCS|IN236715,CROCS,IN236715,Crocs All Day Women Lifestyle Slippers White,Crocs All Day Women Lifestyle Slippers White,mikesport,36.0,,,False,IN_STOCK,USD,36.0,,36.0,https://lb.mikesport.com/products/crocs-all-day-women-lifestyle-slippers-white,2026-04-10T14:14:00Z
SP-CA4D78ABDF,CROCS|IN236714,CROCS,IN236714,Crocs All Day Women Lifestyle Slippers Black,Crocs All Day Women Lifestyle Slippers Black,mikesport,36.0,,,False,IN_STOCK,USD,36.0,,36.0,https://lb.mikesport.com/products/crocs-all-day-women-lifestyle-slippers-black,2026-04-10T14:14:00Z
SP-57E4E0DDE1,CROCS|IN236685,CROCS,IN236685,Crocs Bae Women Lifestyle Clog Quartz,Crocs Bae Women Lifestyle Clog Quartz,mikesport,84.0,,,False,IN_STOCK,USD,84.0,,84.0,https://lb.mikesport.com/products/crocs-bae-women-lifestyle-clog-quartz,2026-04-10T14:14:00Z
SP-7C595F60D7,CROCS|IN236684,CROCS,IN236684,Crocs Bae Women Lifestyle Clog Mauve Mist,Crocs Bae Women Lifestyle Clog Mauve Mist,mikesport,84.0,,,False,IN_STOCK,USD,84.0,,84.0,https://lb.mikesport.com/products/crocs-bae-women-lifestyle-clog-mauve-mist,2026-04-10T14:14:00Z
SP-02EF4F091B,NEW BALANCE|IN238166,NEW BALANCE,IN238166,New Balance Athletics Graffiti Graphic Kids-Girls Lifestyle T-Shirt Caviar/Pink,New Balance Athletics Graffiti Graphic Kids-Girls Lifestyle T-Shirt Caviar/Pink,mikesport,35.0,,,False,IN_STOCK,USD,35.0,,35.0,https://lb.mikesport.com/products/new-balance-athletics-graffiti-graphic-kids-girls-lifestyle-t-shirt-caviar-pink,2026-04-10T14:14:00Z
SP-BB4CF55CF1,NEW BALANCE|IN238153,NEW BALANCE,IN238153,New Balance Athletics Kids-Boys Performanc Short Caviar,New Balance Athletics Kids-Boys Performanc Short Caviar,mikesport,39.0,,,False,IN_STOCK,USD,39.0,,39.0,https://lb.mikesport.com/products/new-balance-athletics-kids-boys-performanc-short-caviar,2026-04-10T14:14:00Z
SP-B87306A6F9,NEW BALANCE|IN234918,NEW BALANCE,IN234918,New Balance Athletics Jersey Women Lifestyle T-Shirt Daybreak,New Balance Athletics Jersey Women Lifestyle T-Shirt Daybreak,mikesport,49.0,,,False,IN_STOCK,USD,49.0,,49.0,https://lb.mikesport.com/products/new-balance-athletics-jersey-women-lifestyle-t-shirt-daybreak,2026-04-10T14:14:00Z
SP-7B8C3CDB88,NEW BALANCE|IN234908,NEW BALANCE,IN234908,New Balance 327 Women Lifestyle Shoes Black/Sea Salt,New Balance 327 Women Lifestyle Shoes Black/Sea Salt,mikesport,169.0,,,False,IN_STOCK,USD,169.0,,169.0,https://lb.mikesport.com/products/new-balance-327-women-lifestyle-shoes-black-sea-salt,2026-04-10T14:14:00Z
SP-E20D71253B,NEW BALANCE|IN234886,NEW BALANCE,IN234886,New Balance 25 Inches Essential High-Rise Women Performance 7/8 Tight Black,New Balance 25 Inches Essential High-Rise Women Performance 7/8 Tight Black,mikesport,59.0,,,False,IN_STOCK,USD,59.0,,59.0,https://lb.mikesport.com/products/new-balance-25-inches-essential-high-rise-women-performance-7-8-tight-black,2026-04-10T14:14:00Z
SP-61E130E733,NEW BALANCE|IN234884,NEW BALANCE,IN234884,New Balance Essential Yoga Women Performance Bra Daybreak,New Balance Essential Yoga Women Performance Bra Daybreak,mikesport,59.0,,,False,IN_STOCK,USD,59.0,,59.0,https://lb.mikesport.com/products/new-balance-essential-yoga-women-performance-bra-daybreak,2026-04-10T14:14:00Z
SP-C80777C682,NEW BALANCE|IN234881,NEW BALANCE,IN234881,New Balance Essential Train Women Performance Bra Black,New Balance Essential Train Women Performance Bra Black,mikesport,65.0,,,False,IN_STOCK,USD,65.0,,65.0,https://lb.mikesport.com/products/new-balance-essential-train-women-performance-bra-black,2026-04-10T14:14:00Z
SP-112F8642D1,NEW BALANCE|IN234839,NEW BALANCE,IN234839,New Balance 327 Women Lifestyle Shoes Black,New Balance 327 Women Lifestyle Shoes Black,mikesport,185.0,,,False,IN_STOCK,USD,185.0,,185.0,https://lb.mikesport.com/products/new-balance-327-women-lifestyle-shoes-black-3,2026-04-10T14:14:00Z
SP-3B47C73D99,NEW BALANCE|IN234838,NEW BALANCE,IN234838,New Balance 327 Men Lifestyle Shoes Brown,New Balance 327 Men Lifestyle Shoes Brown,mikesport,169.0,,,False,IN_STOCK,USD,169.0,,169.0,https://lb.mikesport.com/products/new-balance-327-men-lifestyle-shoes-brown,2026-04-10T14:14:00Z
SP-B2EA9F6428,NEW BALANCE|IN234837,NEW BALANCE,IN234837,New Balance 327 Men Lifestyle Shoes Tornado,New Balance 327 Men Lifestyle Shoes Tornado,mikesport,169.0,,,False,IN_STOCK,USD,169.0,,169.0,https://lb.mikesport.com/products/new-balance-327-men-lifestyle-shoes-tornado,2026-04-10T14:14:00Z
SP-AA3A19B5B7,NEW BALANCE|IN234813,NEW BALANCE,IN234813,New Balance 1000 Women Lifestyle Shoes Silver Metallic,New Balance 1000 Women Lifestyle Shoes Silver Metallic,mikesport,229.0,,,False,IN_STOCK,USD,229.0,,229.0,https://lb.mikesport.com/products/new-balance-1000-women-lifestyle-shoes-silver-metallic,2026-04-10T14:14:00Z
SP-6477693F65,NEW BALANCE|IN234751,NEW BALANCE,IN234751,New Balance Athletics French Terry Men Lifestyle Pant Black,New Balance Athletics French Terry Men Lifestyle Pant Black,mikesport,99.0,,,False,IN_STOCK,USD,99.0,,99.0,https://lb.mikesport.com/products/new-balance-athletics-french-terry-men-lifestyle-pant-black,2026-04-10T14:14:01Z
SP-C2A32D9C08,NEW BALANCE|IN234746,NEW BALANCE,IN234746,New Balance Athletics French Terry Men Lifestyle Pant Pumpernickel,New Balance Athletics French Terry Men Lifestyle Pant Pumpernickel,mikesport,105.0,,,False,IN_STOCK,USD,105.0,,105.0,https://lb.mikesport.com/products/new-balance-athletics-french-terry-men-lifestyle-pant-pumpernickel,2026-04-10T14:14:01Z
SP-D066E902D0,NEW BALANCE|IN234716,NEW BALANCE,IN234716,New Balance 1080V15 Men Running Shoes Afterglow,New Balance 1080V15 Men Running Shoes Afterglow,mikesport,275.0,,,False,IN_STOCK,USD,275.0,,275.0,https://lb.mikesport.com/products/new-balance-1080v15-men-running-shoes-afterglow,2026-04-10T14:14:01Z
SP-DB450DEC3B,NEW BALANCE|IN234715,NEW BALANCE,IN234715,New Balance 1080V15 Men Running Shoes Black,New Balance 1080V15 Men Running Shoes Black,mikesport,275.0,,,False,IN_STOCK,USD,275.0,,275.0,https://lb.mikesport.com/products/new-balance-1080v15-men-running-shoes-black,2026-04-10T14:14:01Z
SP-A8890E7A65,NEW BALANCE|IN234708,NEW BALANCE,IN234708,New Balance 47 Hitch Men Lifestyle Cap Team Away Grey,New Balance 47 Hitch Men Lifestyle Cap Team Away Grey,mikesport,39.0,,,False,IN_STOCK,USD,39.0,,39.0,https://lb.mikesport.com/products/new-balance-47-hitch-men-lifestyle-cap-team-away-grey,2026-04-10T14:14:01Z
SP-292F8CAAAC,NEW BALANCE|IN234707,NEW BALANCE,IN234707,New Balance 47 Hitch Men Lifestyle Cap Nb Navy,New Balance 47 Hitch Men Lifestyle Cap Nb Navy,mikesport,39.0,,,False,IN_STOCK,USD,39.0,,39.0,https://lb.mikesport.com/products/new-balance-47-hitch-men-lifestyle-cap-nb-navy,2026-04-10T14:14:01Z
SP-46B0A2E099,NEW BALANCE|IN234705,NEW BALANCE,IN234705,New Balance 47 Clean Up Women Lifestyle Cap Grey Matter,New Balance 47 Clean Up Women Lifestyle Cap Grey Matter,mikesport,35.0,,,False,IN_STOCK,USD,35.0,,35.0,https://lb.mikesport.com/products/new-balance-47-clean-up-women-lifestyle-cap-grey-matter,2026-04-10T14:14:01Z
SP-A756F33BA2,NEW BALANCE|IN234704,NEW BALANCE,IN234704,New Balance 47 Clean Up Women Lifestyle Cap Pink Granite,New Balance 47 Clean Up Women Lifestyle Cap Pink Granite,mikesport,35.0,,,False,IN_STOCK,USD,35.0,,35.0,https://lb.mikesport.com/products/new-balance-47-clean-up-women-lifestyle-cap-pink-granite,2026-04-10T14:14:01Z
SP-5EC0254D0A,NEW BALANCE|IN234703,NEW BALANCE,IN234703,New Balance 47 Clean Up Women Lifestyle Cap Linen,New Balance 47 Clean Up Women Lifestyle Cap Linen,mikesport,35.0,,,False,IN_STOCK,USD,35.0,,35.0,https://lb.mikesport.com/products/new-balance-47-clean-up-women-lifestyle-cap-linen,2026-04-10T14:14:01Z
SP-9AA8578AF3,NEW BALANCE|IN234702,NEW BALANCE,IN234702,New Balance 47 Clean Up Unisex Lifestyle Cap Black,New Balance 47 Clean Up Unisex Lifestyle Cap Black,mikesport,35.0,,,False,IN_STOCK,USD,35.0,,35.0,https://lb.mikesport.com/products/new-balance-47-clean-up-unisex-lifestyle-cap-black,2026-04-10T14:14:01Z
SP-823EFC5B57,NEW BALANCE|IN234674,NEW BALANCE,IN234674,New Balance 47 Brrr Trucker Unisex Performance Cap Black,New Balance 47 Brrr Trucker Unisex Performance Cap Black,mikesport,39.0,,,False,IN_STOCK,USD,39.0,,39.0,https://lb.mikesport.com/products/new-balance-47-brrr-trucker-unisex-performance-cap-black,2026-04-10T14:14:01Z
SP-4BFC3223D5,NEW BALANCE|IN218014,NEW BALANCE,IN218014,New Balance 327 Women Lifestyle Shoes Moonbeam,New Balance 327 Women Lifestyle Shoes Moonbeam,mikesport,169.0,,,False,IN_STOCK,USD,169.0,,169.0,https://lb.mikesport.com/products/new-balance-327-women-lifestyle-shoes-moonbeam-1,2026-04-10T14:14:01Z
SP-F1BA32F84D,ON|IN233480,ON,IN233480,On All Day Unisex Lifestyle Cap Ivory,On All Day Unisex Lifestyle Cap Ivory,mikesport,59.0,,,False,IN_STOCK,USD,59.0,,59.0,https://lb.mikesport.com/products/on-all-day-unisex-lifestyle-cap-ivory,2026-04-10T14:14:01Z
SP-7743651252,ON|IN233479,ON,IN233479,On All Day Unisex Lifestyle Cap Black,On All Day Unisex Lifestyle Cap Black,mikesport,59.0,,,False,IN_STOCK,USD,59.0,,59.0,https://lb.mikesport.com/products/on-all-day-unisex-lifestyle-cap-black,2026-04-10T14:14:01Z
SP-A2AD690C12,ON|IN233478,ON,IN233478,On All Day Unisex Lifestyle Cap Navy,On All Day Unisex Lifestyle Cap Navy,mikesport,59.0,,,False,IN_STOCK,USD,59.0,,59.0,https://lb.mikesport.com/products/on-all-day-unisex-lifestyle-cap-navy,2026-04-10T14:14:01Z
SP-CA2B45C970,ON|IN233464,ON,IN233464,On Studio 7/8 Women Training 7/8 Tight Navy,On Studio 7/8 Women Training 7/8 Tight Navy,mikesport,145.0,,,False,IN_STOCK,USD,145.0,,145.0,https://lb.mikesport.com/products/on-studio-7-8-women-training-7-8-tight-navy,2026-04-10T14:14:01Z
SP-238EEC1D13,ON|IN233433,ON,IN233433,On Studio Crop Top Women Training Long Sleeve Heron,On Studio Crop Top Women Training Long Sleeve Heron,mikesport,75.0,,,False,IN_STOCK,USD,75.0,,75.0,https://lb.mikesport.com/products/on-studio-crop-top-women-training-long-sleeve-heron,2026-04-10T14:14:01Z
SP-2D1656C34E,ON|IN233432,ON,IN233432,On Studio Women Training Bra Heron,On Studio Women Training Bra Heron,mikesport,75.0,,,False,IN_STOCK,USD,75.0,,75.0,https://lb.mikesport.com/products/on-studio-women-training-bra-heron,2026-04-10T14:14:01Z
SP-D0A64208B9,ON|IN233426,ON,IN233426,On 3 Inch Core Women Running Short Heron,On 3 Inch Core Women Running Short Heron,mikesport,75.0,,,False,IN_STOCK,USD,75.0,,75.0,https://lb.mikesport.com/products/on-3-inch-core-women-running-short-heron,2026-04-10T14:14:01Z
SP-06A343CFF5,ON|IN233409,ON,IN233409,On Endurance Women Running Bra Heron,On Endurance Women Running Bra Heron,mikesport,105.0,,,False,IN_STOCK,USD,105.0,,105.0,https://lb.mikesport.com/products/on-endurance-women-running-bra-heron,2026-04-10T14:14:01Z
SP-6094574FE4,ON|IN233212,ON,IN233212,On Club Collective 1/4 Zip Men Lifestyle Long Sleeve Ore,On Club Collective 1/4 Zip Men Lifestyle Long Sleeve Ore,mikesport,159.0,,,False,IN_STOCK,USD,159.0,,159.0,https://lb.mikesport.com/products/on-club-collective-1-4-zip-men-lifestyle-long-sleeve-ore,2026-04-10T14:14:01Z
SP-90BB09D2CD,ON|IN233210,ON,IN233210,On Club Collective Men Lifestyle T-Shirt Black,On Club Collective Men Lifestyle T-Shirt Black,mikesport,79.0,,,False,IN_STOCK,USD,79.0,,79.0,https://lb.mikesport.com/products/on-club-collective-men-lifestyle-t-shirt-black,2026-04-10T14:14:01Z
SP-4F416D339A,ON|IN233209,ON,IN233209,On Club Collective Men Lifestyle T-Shirt White,On Club Collective Men Lifestyle T-Shirt White,mikesport,79.0,,,False,IN_STOCK,USD,79.0,,79.0,https://lb.mikesport.com/products/on-club-collective-men-lifestyle-t-shirt-white,2026-04-10T14:14:01Z
SP-2732E00DB0,ON|1ME10031756,ON,1ME10031756,1Me10031756 Club Hoodie Crater,1Me10031756 Club Hoodie Crater,mikesport,159.0,,,False,IN_STOCK,USD,159.0,,159.0,https://lb.mikesport.com/products/1me10031756-club-hoodie-crater,2026-04-10T14:14:02Z
SP-8EE0491D9F,ON|IN233416,ON,IN233416,On Climate Women Running Long Sleeve Iceberg,On Climate Women Running Long Sleeve Iceberg,mikesport,145.0,,,False,IN_STOCK,USD,145.0,,145.0,https://lb.mikesport.com/products/on-climate-women-running-long-sleeve-iceberg,2026-04-10T14:14:04Z
SP-966ED5B129,ON|IN233465,ON,IN233465,On Studio High Waist Women Training 7/8 Tight Black,On Studio High Waist Women Training 7/8 Tight Black,mikesport,145.0,,,False,IN_STOCK,USD,145.0,,145.0,https://lb.mikesport.com/products/on-studio-high-waist-women-training-7-8-tight-black,2026-04-10T14:14:04Z
SP-1AB356CEBD,ON|IN233452,ON,IN233452,On Performance Women Running Bra Black,On Performance Women Running Bra Black,mikesport,89.0,,,False,IN_STOCK,USD,89.0,,89.0,https://lb.mikesport.com/products/on-performance-women-running-bra-black,2026-04-10T14:14:04Z
SP-6B6DD9AB71,ON|IN233451,ON,IN233451,On Performance Women Running Bra White,On Performance Women Running Bra White,mikesport,89.0,,,False,IN_STOCK,USD,89.0,,89.0,https://lb.mikesport.com/products/on-performance-women-running-bra-white,2026-04-10T14:14:04Z
SP-A5BA957315,ON|IN233448,ON,IN233448,On 3 Inch Performance Women Running Short Sailor,On 3 Inch Performance Women Running Short Sailor,mikesport,85.0,,,False,IN_STOCK,USD,85.0,,85.0,https://lb.mikesport.com/products/on-3-inch-performance-women-running-short-sailor,2026-04-10T14:14:04Z
SP-20A699F44B,ON|IN233447,ON,IN233447,On 3 Inch Performance Women Running Short Black,On 3 Inch Performance Women Running Short Black,mikesport,85.0,,,False,IN_STOCK,USD,85.0,,85.0,https://lb.mikesport.com/products/on-3-inch-performance-women-running-short-black,2026-04-10T14:14:04Z
SP-FC59B5B023,ON|IN233410,ON,IN233410,On Endurance Women Running Bra Iceberg,On Endurance Women Running Bra Iceberg,mikesport,105.0,,,False,IN_STOCK,USD,105.0,,105.0,https://lb.mikesport.com/products/on-endurance-women-running-bra-iceberg,2026-04-10T14:14:04Z
SP-834156AAD3,ON|IN233213,ON,IN233213,On Club Collective Men Lifestyle Pant Black,On Club Collective Men Lifestyle Pant Black,mikesport,145.0,,,False,IN_STOCK,USD,145.0,,145.0,https://lb.mikesport.com/products/on-club-collective-men-lifestyle-pant-black,2026-04-10T14:14:04Z
SP-63A3151A45,ON|IN233446,ON,IN233446,On 30 Inch Studio Flared Women Training Tight Black,On 30 Inch Studio Flared Women Training Tight Black,mikesport,145.0,,,False,IN_STOCK,USD,145.0,,145.0,https://lb.mikesport.com/products/on-30-inch-studio-flared-women-training-tight-black,2026-04-10T14:14:05Z
SP-5643A090B0,ON|IN233425,ON,IN233425,On 3 Inch Core Women Running Short Black,On 3 Inch Core Women Running Short Black,mikesport,75.0,,,False,IN_STOCK,USD,75.0,,75.0,https://lb.mikesport.com/products/on-3-inch-core-women-running-short-black,2026-04-10T14:14:05Z
SP-57AE88CE7F,ON|IN233413,ON,IN233413,On Climate Full Zip Women Running Hoody White,On Climate Full Zip Women Running Hoody White,mikesport,159.0,,,False,IN_STOCK,USD,159.0,,159.0,https://lb.mikesport.com/products/on-climate-full-zip-women-running-hoody-white,2026-04-10T14:14:05Z
SP-B7A8557FF6,ON|IN233381,ON,IN233381,On 7 Inch Core Men Running Short Desert,On 7 Inch Core Men Running Short Desert,mikesport,75.0,,,False,IN_STOCK,USD,75.0,,75.0,https://lb.mikesport.com/products/on-7-inch-core-men-running-short-desert,2026-04-10T14:14:05Z
SP-9109C66E8F,ON|IN233376,ON,IN233376,On 5 Inch Core Men Running Short Midnight,On 5 Inch Core Men Running Short Midnight,mikesport,75.0,,,False,IN_STOCK,USD,75.0,,75.0,https://lb.mikesport.com/products/on-5-inch-core-men-running-short-midnight,2026-04-10T14:14:05Z
SP-DBF6B755DC,NIKE|IN232383,NIKE,IN232383,Nike One Women Training Bra Black/White,Nike One Women Training Bra Black/White,mikesport,67.0,54.0,0.19399999999999998,True,IN_STOCK,USD,67.0,54.0,54.0,https://lb.mikesport.com/products/nike-one-women-training-bra-black-white,2026-04-10T14:14:05Z
SP-754C50418D,NIKE|IN232277,NIKE,IN232277,Nike Air Force 1 07 Wb Men Lifestyle Shoes Wolf Grey/Black,Nike Air Force 1 07 Wb Men Lifestyle Shoes Wolf Grey/Black,mikesport,194.0,155.0,0.201,True,IN_STOCK,USD,194.0,155.0,155.0,https://lb.mikesport.com/products/nike-air-force-1-07-wb-men-lifestyle-shoes-wolf-grey-black,2026-04-10T14:14:05Z
SP-8F8A2E507A,NIKE|IN232094,NIKE,IN232094,Nike Air Jordan 1 Low Women Lifestyle Shoes Mystic Hibiscus,Nike Air Jordan 1 Low Women Lifestyle Shoes Mystic Hibiscus,mikesport,211.0,169.0,0.1991,True,IN_STOCK,USD,211.0,169.0,169.0,https://lb.mikesport.com/products/nike-air-jordan-1-low-women-lifestyle-shoes-mystic-hibiscus,2026-04-10T14:14:05Z
SP-76A23C6634,NIKE|IN232091,NIKE,IN232091,Nike Air Jordan 1 Low Men Lifestyle Shoes Black/White,Nike Air Jordan 1 Low Men Lifestyle Shoes Black/White,mikesport,211.0,169.0,0.1991,True,IN_STOCK,USD,211.0,169.0,169.0,https://lb.mikesport.com/products/nike-air-jordan-1-low-men-lifestyle-shoes-black-white,2026-04-10T14:14:05Z
SP-F32E6859B7,NIKE|IN232335,NIKE,IN232335,Nike Air Force 1 07 Vintage Women Lifestyle Shoes Burgundy/Silvr/White,Nike Air Force 1 07 Vintage Women Lifestyle Shoes Burgundy/Silvr/White,mikesport,211.0,169.0,0.1991,True,IN_STOCK,USD,211.0,169.0,169.0,https://lb.mikesport.com/products/nike-air-force-1-07-vintage-women-lifestyle-shoes-burgundy-silvr-white,2026-04-10T14:14:05Z
SP-FD095E04D0,NIKE|IN232284,NIKE,IN232284,Nike Air Boys Lifestyle Pant Seaweed/Black/White,Nike Air Boys Lifestyle Pant Seaweed/Black/White,mikesport,90.0,72.0,0.2,True,IN_STOCK,USD,90.0,72.0,72.0,https://lb.mikesport.com/products/nike-air-boys-lifestyle-pant-seaweed-black-white,2026-04-10T14:14:05Z
SP-71B70A7334,NIKE|IN232283,NIKE,IN232283,Nike Air Fleece Boys Lifestyle Pant Black/White,Nike Air Fleece Boys Lifestyle Pant Black/White,mikesport,90.0,72.0,0.2,True,IN_STOCK,USD,90.0,72.0,72.0,https://lb.mikesport.com/products/nike-air-fleece-boys-lifestyle-pant-black-white,2026-04-10T14:14:05Z
SP-DC2D1E2F28,NIKE|IN232278,NIKE,IN232278,Nike Air Force 1 07 Gtx Men Lifestyle Shoes Fauna Brown/Black,Nike Air Force 1 07 Gtx Men Lifestyle Shoes Fauna Brown/Black,mikesport,243.0,194.0,0.2016,True,IN_STOCK,USD,243.0,194.0,194.0,https://lb.mikesport.com/products/nike-air-force-1-07-gtx-men-lifestyle-shoes-fauna-brown-black,2026-04-10T14:14:05Z
SP-8DEF4856DC,NIKE|IN232276,NIKE,IN232276,Nike Air Jordan 1 Men Lifestyle Shoes Sail/Blue/Lava/White,Nike Air Jordan 1 Men Lifestyle Shoes Sail/Blue/Lava/White,mikesport,211.0,169.0,0.1991,True,IN_STOCK,USD,211.0,169.0,169.0,https://lb.mikesport.com/products/nike-air-jordan-1-men-lifestyle-shoes-sail-blue-lava-white,2026-04-10T14:14:05Z
SP-A4B321429E,NIKE|IN232104,NIKE,IN232104,Nike Air Force 1 07 Lv8 Men Lifestyle Shoes Black/Wolf Grey,Nike Air Force 1 07 Lv8 Men Lifestyle Shoes Black/Wolf Grey,mikesport,194.0,155.0,0.201,True,IN_STOCK,USD,194.0,155.0,155.0,https://lb.mikesport.com/products/nike-air-force-1-07-lv8-men-lifestyle-shoes-black-wolf-grey,2026-04-10T14:14:05Z
SP-672C269E79,NIKE|IN227178,NIKE,IN227178,Nike Air Force 1 07 Next Nature Women Lifestyle Shoes White/Silver,Nike Air Force 1 07 Next Nature Women Lifestyle Shoes White/Silver,mikesport,194.0,155.0,0.201,True,IN_STOCK,USD,194.0,155.0,155.0,https://lb.mikesport.com/products/nike-air-force-1-07-next-nature-women-lifestyle-shoes-white-silver,2026-04-10T14:14:05Z
SP-AC11618B60,NIKE|IN203565,NIKE,IN203565,Nike Challenger Men Running Pant Black,Nike Challenger Men Running Pant Black,mikesport,112.0,,,False,IN_STOCK,USD,112.0,,112.0,https://lb.mikesport.com/products/nike-challenger-men-running-pant-black,2026-04-10T14:14:05Z
SP-DB0AA24C01,NIKE|IN199973,NIKE,IN199973,Nike Air Force 1 07 Wb Men Lifestyle Shoes Flax/Gum/Black,Nike Air Force 1 07 Wb Men Lifestyle Shoes Flax/Gum/Black,mikesport,194.0,155.0,0.201,True,IN_STOCK,USD,194.0,155.0,155.0,https://lb.mikesport.com/products/nike-air-force-1-07-wb-men-lifestyle-shoes-flax-gum-black,2026-04-10T14:14:05Z
SP-7DC760B623,BABOLAT|IN235631,BABOLAT,IN235631,Babolat Nadal Junior 19 Kids Tennis Racquet Black/Yellow,Babolat Nadal Junior 19 Kids Tennis Racquet Black/Yellow,mikesport,56.0,,,False,IN_STOCK,USD,56.0,,56.0,https://lb.mikesport.com/products/babolat-nadal-junior-19-kids-tennis-racquet-black-yellow,2026-04-10T14:14:06Z
SP-42A81C708A,BABOLAT|IN235630,BABOLAT,IN235630,Babolat Pure Drive Junior 25 Gen11 Kids Tennis Racquet Light Blue,Babolat Pure Drive Junior 25 Gen11 Kids Tennis Racquet Light Blue,mikesport,173.0,,,False,IN_STOCK,USD,173.0,,173.0,https://lb.mikesport.com/products/babolat-pure-drive-junior-25-gen11-kids-tennis-racquet-light-blue,2026-04-10T14:14:06Z
SP-474329A365,BABOLAT|IN235629,BABOLAT,IN235629,Babolat Pure Drive Junior 25 Gen11 Kids Tennis Racquet Blue,Babolat Pure Drive Junior 25 Gen11 Kids Tennis Racquet Blue,mikesport,178.0,,,False,IN_STOCK,USD,178.0,,178.0,https://lb.mikesport.com/products/babolat-pure-drive-junior-25-gen11-kids-tennis-racquet-blue,2026-04-10T14:14:06Z
SP-C3AF8C8D07,BABOLAT|IN171671,BABOLAT,IN171671,Babolat Nadal Junior 23 Strung Grip Kids Tennis Racquet Multi,Babolat Nadal Junior 23 Strung Grip Kids Tennis Racquet Multi,mikesport,67.0,,,False,IN_STOCK,USD,67.0,,67.0,https://lb.mikesport.com/products/babolat-nadal-junior-23-strung-grip-kids-tennis-racquet-multi,2026-04-10T14:14:06Z
SP-5142DAE261,NEW BALANCE|IN234835,NEW BALANCE,IN234835,New Balance 204L Women Lifestyle Shoes Grey,New Balance 204L Women Lifestyle Shoes Grey,mikesport,169.0,,,False,IN_STOCK,USD,169.0,,169.0,https://lb.mikesport.com/products/new-balance-204l-women-lifestyle-shoes-grey,2026-04-10T14:14:06Z
SP-C3739F5327,NIKE|IN232348,NIKE,IN232348,Nike Air Men Lifestyle Pant Black/White,Nike Air Men Lifestyle Pant Black/White,mikesport,179.0,143.0,0.2011,True,IN_STOCK,USD,179.0,143.0,143.0,https://lb.mikesport.com/products/nike-air-men-lifestyle-pant-black-white,2026-04-10T14:14:07Z
SP-74302C346B,NIKE|IN232337,NIKE,IN232337,Nike Air Force 1 '07 Women Lifestyle Shoes Burgundy Crush,Nike Air Force 1 '07 Women Lifestyle Shoes Burgundy Crush,mikesport,211.0,169.0,0.1991,True,IN_STOCK,USD,211.0,169.0,169.0,https://lb.mikesport.com/products/nike-air-force-1-39-07-women-lifestyle-shoes-burgundy-crush,2026-04-10T14:14:07Z
SP-4D19290060,NIKE|IN232285,NIKE,IN232285,Nike Air Fleece Boys Lifestyle Hoody Black/White,Nike Air Fleece Boys Lifestyle Hoody Black/White,mikesport,90.0,72.0,0.2,True,IN_STOCK,USD,90.0,72.0,72.0,https://lb.mikesport.com/products/nike-air-fleece-boys-lifestyle-hoody-black-white,2026-04-10T14:14:07Z
SP-C48AE249D6,NEW BALANCE|IN192327,NEW BALANCE,IN192327,New Balance 327 Men Lifestyle Shoes Grey/ White,New Balance 327 Men Lifestyle Shoes Grey/ White,mikesport,169.0,118.0,0.3018,True,IN_STOCK,USD,169.0,118.0,118.0,https://lb.mikesport.com/products/new-balance-327-men-lifestyle-shoes-grey-white,2026-04-10T14:14:08Z
SP-B677F147CF,NIKE|IN160787,NIKE,IN160787,Nike Air Force 1 07 Women Lifestyle Shoes White,Nike Air Force 1 07 Women Lifestyle Shoes White,mikesport,207.0,,,False,IN_STOCK,USD,207.0,,207.0,https://lb.mikesport.com/products/nike-air-force-1-07-women-lifestyle-shoes-white,2026-04-10T14:14:08Z
SP-FB406DA2F5,NEW BALANCE|IN226994,NEW BALANCE,IN226994,New Balance 237 Women Lifestyle Shoes Sea Salt,New Balance 237 Women Lifestyle Shoes Sea Salt,mikesport,145.0,102.0,0.2966,True,IN_STOCK,USD,145.0,102.0,102.0,https://lb.mikesport.com/products/new-balance-237-women-lifestyle-shoes-sea-salt,2026-04-10T14:14:08Z
SP-A670A1698B,THE NORTH FACE|IN229217,THE NORTH FACE,IN229217,The North Face Baby 1996 Retro Nuptse One Piece Boys Hiking Suit Tnf Black,The North Face Baby 1996 Retro Nuptse One Piece Boys Hiking Suit Tnf Black,mikesport,240.0,168.0,0.3,True,IN_STOCK,USD,240.0,168.0,168.0,https://lb.mikesport.com/products/the-north-face-baby-1996-retro-nuptse-one-piece-boys-hiking-suit-tnf-black,2026-04-10T14:14:09Z
SP-6F212837EF,CROCS|IN231583,CROCS,IN231583,Crocs Bae Lined Women Lifestyle Clog Black,Crocs Bae Lined Women Lifestyle Clog Black,mikesport,96.0,67.0,0.30210000000000004,True,IN_STOCK,USD,96.0,67.0,67.0,https://lb.mikesport.com/products/crocs-bae-lined-women-lifestyle-clog-black,2026-04-10T14:14:09Z
SP-6A8CBD0A6C,NIKE|IN195234,NIKE,IN195234,Nike One Girls Training Bra Black/White,Nike One Girls Training Bra Black/White,mikesport,37.0,,,False,IN_STOCK,USD,37.0,,37.0,https://lb.mikesport.com/products/nike-one-girls-training-bra-black-white,2026-04-10T14:14:10Z
SP-F7FAFB8DB4,NIKE|IN227297,NIKE,IN227297,Nike Club Men Lifestyle Hoody Black/White,Nike Club Men Lifestyle Hoody Black/White,mikesport,105.0,74.0,0.2952,True,IN_STOCK,USD,105.0,74.0,74.0,https://lb.mikesport.com/products/nike-club-men-lifestyle-hoody-black-white-1,2026-04-10T14:14:11Z
SP-F94AB5A280,NIKE|IN233573,NIKE,IN233573,Nike 22 Oz Big Mouth 2.0 Unisex Training Bottle Clear/Black,Nike 22 Oz Big Mouth 2.0 Unisex Training Bottle Clear/Black,mikesport,11.0,8.0,0.2727,True,IN_STOCK,USD,11.0,8.0,8.0,https://lb.mikesport.com/products/nike-22oz-big-mouth-2-0-unisex-training-bottle-clear-black,2026-04-10T14:14:11Z
SP-678BBA12C3,NIKE|IN227224,NIKE,IN227224,Nike Club French Terry Men Lifestyle Hoody Blue/White,Nike Club French Terry Men Lifestyle Hoody Blue/White,mikesport,99.0,69.0,0.303,True,IN_STOCK,USD,99.0,69.0,69.0,https://lb.mikesport.com/products/nike-club-french-terry-men-lifestyle-hoody-blue-white,2026-04-10T14:14:11Z
SP-C3B564E9B6,CROCS|IN231539,CROCS,IN231539,Crocs 3D Holiday Beach Umbrella Unisex Lifestyle Jibbitz Charm,Crocs 3D Holiday Beach Umbrella Unisex Lifestyle Jibbitz Charm,mikesport,6.0,,,False,IN_STOCK,USD,6.0,,6.0,https://lb.mikesport.com/products/crocs-unisex-lifestyle-pins,2026-04-10T14:14:11Z
SP-928176DAC9,NEW BALANCE|IN232938,NEW BALANCE,IN232938,New Balance 1440 Men Running Shoes Black,New Balance 1440 Men Running Shoes Black,mikesport,155.0,109.0,0.2968,True,IN_STOCK,USD,155.0,109.0,109.0,https://lb.mikesport.com/products/new-balance-1440-men-running-shoes-black,2026-04-10T14:14:11Z
SP-C12CBB627C,CROCS|IN231485,CROCS,IN231485,Crocs 3D Kitty Unisex Lifestyle Jibbitz Charm,Crocs 3D Kitty Unisex Lifestyle Jibbitz Charm,mikesport,6.0,,,False,IN_STOCK,USD,6.0,,6.0,https://lb.mikesport.com/products/crocs-3d-kitty-unisex-lifestyle-pins-multicolor,2026-04-10T14:14:13Z
SP-B49F9A44F0,NIKE|IN230334,NIKE,IN230334,Nike Air Jordan 1 Low Se Women Lifestyle Shoes Anthracite,Nike Air Jordan 1 Low Se Women Lifestyle Shoes Anthracite,mikesport,227.0,159.0,0.29960000000000003,True,IN_STOCK,USD,227.0,159.0,159.0,https://lb.mikesport.com/products/nike-air-jordan-1-low-se-women-lifestyle-shoes-anthracite,2026-04-10T14:14:14Z
SP-3E61C2F87F,NIKE|IN230459,NIKE,IN230459,Nike Air Max Pk Full-Zip Men Lifestyle Hoody Blue/Black,Nike Air Max Pk Full-Zip Men Lifestyle Hoody Blue/Black,mikesport,143.0,100.0,0.3007,True,IN_STOCK,USD,143.0,100.0,100.0,https://lb.mikesport.com/products/nike-air-max-pk-full-zip-men-lifestyle-hoody-blue-black,2026-04-10T14:14:14Z
SP-C11BA696DF,NIKE|IN227223,NIKE,IN227223,Nike Club Men Lifestyle Pant Black/White,Nike Club Men Lifestyle Pant Black/White,mikesport,83.0,66.0,0.2048,True,IN_STOCK,USD,83.0,66.0,66.0,https://lb.mikesport.com/products/nike-club-men-lifestyle-pant-black-white-3,2026-04-10T14:14:15Z
SP-BA949A0923,NEW BALANCE|IN226860,NEW BALANCE,IN226860,New Balance Athletics Graphic Men Performance T-Shirt Lab Green,New Balance Athletics Graphic Men Performance T-Shirt Lab Green,mikesport,55.0,28.0,0.49090000000000006,True,IN_STOCK,USD,55.0,28.0,28.0,https://lb.mikesport.com/products/new-balance-athletics-graphic-men-performance-t-shirt-lab-green,2026-04-10T14:14:15Z
SP-ABD0B6080A,NEW BALANCE|IN227021,NEW BALANCE,IN227021,New Balance Athletics Gradient Shoes Women Lifestyle T-Shirt Linen,New Balance Athletics Gradient Shoes Women Lifestyle T-Shirt Linen,mikesport,49.0,34.0,0.3061,True,IN_STOCK,USD,49.0,34.0,34.0,https://lb.mikesport.com/products/new-balance-athletics-gradient-shoes-women-lifestyle-t-shirt-linen,2026-04-10T14:14:16Z
SP-AEB17209EC,NEW BALANCE|IN226963,NEW BALANCE,IN226963,New Balance Harmony Women Performanc Bra Black,New Balance Harmony Women Performanc Bra Black,mikesport,75.0,38.0,0.49329999999999996,True,IN_STOCK,USD,75.0,38.0,38.0,https://lb.mikesport.com/products/new-balance-harmony-women-performanc-bra-black,2026-04-10T14:14:16Z
SP-8DB0F3B215,THE NORTH FACE|IN216414,THE NORTH FACE,IN216414,The North Face Easy Kids Lifestyle Long Sleeve White,The North Face Easy Kids Lifestyle Long Sleeve White,mikesport,36.0,25.0,0.3056,True,IN_STOCK,USD,36.0,25.0,25.0,https://lb.mikesport.com/products/the-north-face-easy-kids-lifestyle-long-sleeve-white,2026-04-10T14:14:16Z
SP-E668E236D6,THE NORTH FACE|IN214605,THE NORTH FACE,IN214605,The North Face Box Nse Men Lifestyle Long Sleeve Black/White,The North Face Box Nse Men Lifestyle Long Sleeve Black/White,mikesport,54.0,38.0,0.2963,True,IN_STOCK,USD,54.0,38.0,38.0,https://lb.mikesport.com/products/the-north-face-box-nse-men-lifestyle-long-sleeve-black-white,2026-04-10T14:14:16Z
SP-7418F06482,ALL IN|IN206612,ALL IN,IN206612,ALN Accessories Aqua Dumbbell Swimming Gear Blue/Pink,ALN Accessories Aqua Dumbbell Swimming Gear Blue/Pink,mikesport,9.0,6.0,0.3333,True,IN_STOCK,USD,9.0,6.0,6.0,https://lb.mikesport.com/products/aln-accessories-aqua-dumbbell-swimming-gear-blue-pink,2026-04-10T14:14:17Z
SP-3C84F40051,ALL IN|IN204933,ALL IN,IN204933,ALN Accessories Floating Kickboard Swim Swimming Gear Pink,ALN Accessories Floating Kickboard Swim Swimming Gear Pink,mikesport,7.0,5.0,0.2857,True,IN_STOCK,USD,7.0,5.0,5.0,https://lb.mikesport.com/products/aln-accessories-floating-kickboard-swim-swimming-gear-pink,2026-04-10T14:14:17Z
SP-171E383B23,ALL IN|IN204932,ALL IN,IN204932,ALN Accessories Floating Kickboard Swim Swimming Gear Blue,ALN Accessories Floating Kickboard Swim Swimming Gear Blue,mikesport,7.0,5.0,0.2857,True,IN_STOCK,USD,7.0,5.0,5.0,https://lb.mikesport.com/products/aln-accessories-floating-kickboard-swim-swimming-gear-blue,2026-04-10T14:14:17Z
SP-882C75963E,NIKE|IN230472,NIKE,IN230472,Nike Air Force 1 07 Women Lifestyle Shoes Summit White,Nike Air Force 1 07 Women Lifestyle Shoes Summit White,mikesport,211.0,148.0,0.2986,True,IN_STOCK,USD,211.0,148.0,148.0,https://lb.mikesport.com/products/nike-air-force-1-07-women-lifestyle-shoes-summit-white,2026-04-10T14:14:18Z
SP-6BB19DF665,NIKE|IN227227,NIKE,IN227227,Nike Club Men Lifestyle Long Sleeve Black/White,Nike Club Men Lifestyle Long Sleeve Black/White,mikesport,90.0,63.0,0.3,True,IN_STOCK,USD,90.0,63.0,63.0,https://lb.mikesport.com/products/nike-club-men-lifestyle-long-sleeve-black-white,2026-04-10T14:14:18Z
SP-FCD511BE4F,NEW BALANCE|IN226965,NEW BALANCE,IN226965,New Balance Essential Yoga Women Performance Bra Black,New Balance Essential Yoga Women Performance Bra Black,mikesport,59.0,,,False,IN_STOCK,USD,59.0,,59.0,https://lb.mikesport.com/products/new-balance-essential-yoga-women-performance-bra-black,2026-04-10T14:14:18Z
SP-9DE0BC17BB,NEW BALANCE|IN226859,NEW BALANCE,IN226859,New Balance Athletics Graphic Men Performanc T-Shirt Black,New Balance Athletics Graphic Men Performanc T-Shirt Black,mikesport,55.0,39.0,0.2909,True,IN_STOCK,USD,55.0,39.0,39.0,https://lb.mikesport.com/products/new-balance-athletics-graphic-men-performanc-t-shirt-black,2026-04-10T14:14:18Z
SP-8EDF34B77B,NEW BALANCE|IN226849,NEW BALANCE,IN226849,New Balance Athletics French Terry Logo Men Lifestyle Hoody Black,New Balance Athletics French Terry Logo Men Lifestyle Hoody Black,mikesport,125.0,88.0,0.29600000000000004,True,IN_STOCK,USD,125.0,88.0,88.0,https://lb.mikesport.com/products/new-balance-athletics-french-terry-logo-men-lifestyle-hoody-black,2026-04-10T14:14:18Z
SP-BC8BFD0C2A,NEW BALANCE|IN226834,NEW BALANCE,IN226834,New Balance Athletics Men Performanc T-Shirt Blue Gemstone,New Balance Athletics Men Performanc T-Shirt Blue Gemstone,mikesport,49.0,34.0,0.3061,True,IN_STOCK,USD,49.0,34.0,34.0,https://lb.mikesport.com/products/new-balance-athletics-men-performanc-t-shirt-blue-gemstone,2026-04-10T14:14:18Z
SP-FA311BCAB5,NEW BALANCE|IN219826,NEW BALANCE,IN219826,New Balance Sport Quarter Zip Women Performanc Long Sleeve Black,New Balance Sport Quarter Zip Women Performanc Long Sleeve Black,mikesport,55.0,,,False,IN_STOCK,USD,55.0,,55.0,https://lb.mikesport.com/products/new-balance-sport-quarter-zip-women-performanc-long-sleeve-black,2026-04-10T14:14:18Z
SP-8CE19B7B41,NEW BALANCE|IN205049,NEW BALANCE,IN205049,New Balance Athletics Men Lifestyle Pant Ash Heather,New Balance Athletics Men Lifestyle Pant Ash Heather,mikesport,105.0,74.0,0.2952,True,IN_STOCK,USD,105.0,74.0,74.0,https://lb.mikesport.com/products/new-balance-athletics-men-lifestyle-pant-ash-heather,2026-04-10T14:14:18Z
SP-DCBF4E8148,NIKE|IN171152,NIKE,IN171152,Nike Air Force 1 07 Men Lifestyle Shoes White/Black,Nike Air Force 1 07 Men Lifestyle Shoes White/Black,mikesport,207.0,,,False,IN_STOCK,USD,207.0,,207.0,https://lb.mikesport.com/products/nike-air-force-1-07-men-lifestyle-shoes-white-black,2026-04-10T14:14:18Z
SP-B7486CDFB2,NIKE|IN230333,NIKE,IN230333,Nike One Light-Support Padded Women Training Bra Pink/Canyon Rust,Nike One Light-Support Padded Women Training Bra Pink/Canyon Rust,mikesport,67.0,47.0,0.2985,True,IN_STOCK,USD,67.0,47.0,47.0,https://lb.mikesport.com/products/nike-one-light-support-padded-women-training-bra-pink-canyon-rust,2026-04-10T14:14:19Z
SP-4068E7483B,NIKE|IN230243,NIKE,IN230243,Nike Club French Terry Pullover Men Lifestyle Hoody Ghost/White,Nike Club French Terry Pullover Men Lifestyle Hoody Ghost/White,mikesport,99.0,69.0,0.303,True,IN_STOCK,USD,99.0,69.0,69.0,https://lb.mikesport.com/products/nike-club-french-terry-pullover-men-lifestyle-hoody-ghost-white,2026-04-10T14:14:19Z
SP-B2BF00C26E,NEW BALANCE|IN226798,NEW BALANCE,IN226798,New Balance 1906R Unisex Lifestyle Shoes Harbor Grey,New Balance 1906R Unisex Lifestyle Shoes Harbor Grey,mikesport,275.0,,,False,IN_STOCK,USD,275.0,,275.0,https://lb.mikesport.com/products/new-balance-1906r-unisex-lifestyle-shoes-harbor-grey,2026-04-10T14:14:19Z
SP-75B1A246DD,NIKE|IN222447,NIKE,IN222447,Nike Club French Terry Alumni Men Lifestyle Short Grey/White,Nike Club French Terry Alumni Men Lifestyle Short Grey/White,mikesport,67.0,,,False,IN_STOCK,USD,67.0,,67.0,https://lb.mikesport.com/products/nike-club-french-terry-alumni-men-lifestyle-short-grey-white,2026-04-10T14:14:19Z
SP-F3734633B0,NIKE|IN211236,NIKE,IN211236,Nike Indy Light-Support Women Training Bra Black/White,Nike Indy Light-Support Women Training Bra Black/White,mikesport,56.0,,,False,IN_STOCK,USD,56.0,,56.0,https://lb.mikesport.com/products/nike-indy-light-support-women-training-bra-black-white,2026-04-10T14:14:19Z
SP-A5571E2645,NEW BALANCE|IN209953,NEW BALANCE,IN209953,New Balance 1906 Men Lifestyle Shoes Silver/Black,New Balance 1906 Men Lifestyle Shoes Silver/Black,mikesport,275.0,,,False,IN_STOCK,USD,275.0,,275.0,https://lb.mikesport.com/products/new-balance-1906-men-lifestyle-shoes-silver-black,2026-04-10T14:14:19Z
SP-A0C279D81B,NEW BALANCE|IN209467,NEW BALANCE,IN209467,New Balance 327 Men Lifestyle Shoes Black/White,New Balance 327 Men Lifestyle Shoes Black/White,mikesport,169.0,,,False,IN_STOCK,USD,169.0,,169.0,https://lb.mikesport.com/products/new-balance-327-men-lifestyle-shoes-black-white,2026-04-10T14:14:19Z
SP-E8BBCA75D7,NEW BALANCE|IN226998,NEW BALANCE,IN226998,New Balance Athletics French Terry Women Lifestyle Short Linen,New Balance Athletics French Terry Women Lifestyle Short Linen,mikesport,79.0,55.0,0.3038,True,IN_STOCK,USD,79.0,55.0,55.0,https://lb.mikesport.com/products/new-balance-athletics-french-terry-women-lifestyle-short-linen,2026-04-10T14:14:19Z
SP-A766A3D4CB,NIKE|IN230183,NIKE,IN230183,Nike Air Force 1 Gs-Girls Lifestyle Shoes White/Pink,Nike Air Force 1 Gs-Girls Lifestyle Shoes White/Pink,mikesport,163.0,114.0,0.3006,True,IN_STOCK,USD,163.0,114.0,114.0,https://lb.mikesport.com/products/nike-air-force-1-gs-girls-lifestyle-shoes-white-pink,2026-04-10T14:14:19Z
SP-2FEAF9AB06,CROCS|IN227539,CROCS,IN227539,Crocs 3D Dino Unisex Lifestyle Jibbitz Charm,Crocs 3D Dino Unisex Lifestyle Jibbitz Charm,mikesport,6.0,,,False,IN_STOCK,USD,6.0,,6.0,https://lb.mikesport.com/products/crocs-3d-dino-unisex-lifestyle-pins-green,2026-04-10T14:14:20Z
SP-64DAAC38A4,ON|IN227416,ON,IN227416,On Cloudboom Max 1 Women Running Shoes Honeydrew/Lilac,On Cloudboom Max 1 Women Running Shoes Honeydrew/Lilac,mikesport,279.0,223.0,0.2007,True,IN_STOCK,USD,279.0,223.0,223.0,https://lb.mikesport.com/products/on-cloudboom-max-1-women-running-shoes-honeydrew-lilac,2026-04-10T14:14:20Z
SP-B461EE0286,ON|IN227404,ON,IN227404,On Cloudboom Max 1 Men Running Shoes White/Black,On Cloudboom Max 1 Men Running Shoes White/Black,mikesport,279.0,,,False,IN_STOCK,USD,279.0,,279.0,https://lb.mikesport.com/products/on-cloudboom-max-1-men-running-shoes-white-black,2026-04-10T14:14:20Z
SP-42DCF92EB8,ADIDAS|JN5237,ADIDAS,JN5237,Adidas Juventus 25/26 Home Jersey Kids-Unisex Football T-Shirt White/Black,Adidas Juventus 25/26 Home Jersey Kids-Unisex Football T-Shirt White/Black,mikesport,117.0,,,False,IN_STOCK,USD,117.0,,117.0,https://lb.mikesport.com/products/jn5237-juve-h-jsy-y-white-black,2026-04-10T14:14:21Z
SP-236F78ABB2,ADIDAS|JV5079,ADIDAS,JV5079,Adidas Camo Graphic Kids-Boys Sportswear T-Shirt Black,Adidas Camo Graphic Kids-Boys Sportswear T-Shirt Black,mikesport,29.0,,,False,IN_STOCK,USD,29.0,,29.0,https://lb.mikesport.com/products/jv5079-j-camo-t-black,2026-04-10T14:14:21Z
SP-DA8CC184C9,ADIDAS|JN8887,ADIDAS,JN8887,Adidas Real Madrid 25/26 Home Jersey Kids-Unisex Football T-Shirt White,Adidas Real Madrid 25/26 Home Jersey Kids-Unisex Football T-Shirt White,mikesport,117.0,,,False,IN_STOCK,USD,117.0,,117.0,https://lb.mikesport.com/products/jn8887-real-h-jsy-y-white,2026-04-10T14:14:21Z
SP-709D55A450,ADIDAS|JN8878,ADIDAS,JN8878,Adidas Real Madrid 25/26 Home Kids-Unisex Football Short White,Adidas Real Madrid 25/26 Home Kids-Unisex Football Short White,mikesport,61.0,,,False,IN_STOCK,USD,61.0,,61.0,https://lb.mikesport.com/products/jn8878-real-h-sho-y-white,2026-04-10T14:14:21Z
SP-CC132CEF52,ADIDAS|JM6459,ADIDAS,JM6459,Adidas Food Grilled Cheese Graphic Men Sportswear T-Shirt Off White,Adidas Food Grilled Cheese Graphic Men Sportswear T-Shirt Off White,mikesport,45.0,,,False,IN_STOCK,USD,45.0,,45.0,https://lb.mikesport.com/products/jm6459-m-cheese-t-owhite,2026-04-10T14:14:21Z
SP-0246864EFD,ADIDAS|JL5081,ADIDAS,JL5081,Adidas Workout Essentials Woven Women Training Pant Black,Adidas Workout Essentials Woven Women Training Pant Black,mikesport,77.0,,,False,IN_STOCK,USD,77.0,,77.0,https://lb.mikesport.com/products/jl5081-we-woven-pan-black,2026-04-10T14:14:21Z
SP-DE8799B8CD,ADIDAS|JJ4320,ADIDAS,JJ4320,Adidas Juventus 25/26 Home Jersey Men Football T-Shirt White/Black,Adidas Juventus 25/26 Home Jersey Men Football T-Shirt White/Black,mikesport,153.0,,,False,IN_STOCK,USD,153.0,,153.0,https://lb.mikesport.com/products/jj4320-juve-h-jsy-white-black,2026-04-10T14:14:21Z
SP-DB14195D44,ADIDAS|JJ4182,ADIDAS,JJ4182,Adidas Real Madrid 25/26 Away Jersey Men Football T-Shirt Legend Ink,Adidas Real Madrid 25/26 Away Jersey Men Football T-Shirt Legend Ink,mikesport,153.0,,,False,IN_STOCK,USD,153.0,,153.0,https://lb.mikesport.com/products/jj4182-real-a-jsy-legink,2026-04-10T14:14:21Z
SP-DB6E685B51,ADIDAS|JJ2137,ADIDAS,JJ2137,Adidas Fc Bayern 25/26 Home Jersey Men Football T-Shirt Red,Adidas Fc Bayern 25/26 Home Jersey Men Football T-Shirt Red,mikesport,159.0,,,False,IN_STOCK,USD,159.0,,159.0,https://lb.mikesport.com/products/jj2137-fcb-h-jsy-red,2026-04-10T14:14:21Z
SP-56FCC8F98B,ADIDAS|JJ1931,ADIDAS,JJ1931,Adidas Real Madrid 25/26 Home Jersey Men Football T-Shirt White,Adidas Real Madrid 25/26 Home Jersey Men Football T-Shirt White,mikesport,153.0,,,False,IN_STOCK,USD,153.0,,153.0,https://lb.mikesport.com/products/jj1931-real-h-jsy-white,2026-04-10T14:14:21Z
SP-351A270268,ADIDAS|JJ1926,ADIDAS,JJ1926,Adidas Real Madrid 25/26 Home Men Football Short White,Adidas Real Madrid 25/26 Home Men Football Short White,mikesport,67.0,,,False,IN_STOCK,USD,67.0,,67.0,https://lb.mikesport.com/products/jj1926-real-h-sho-white,2026-04-10T14:14:21Z
SP-EFA218BDF9,ADIDAS|JI8081,ADIDAS,JI8081,Adidas Classic Training Backpack With Pencil Case Unisex Black/White,Adidas Classic Training Backpack With Pencil Case Unisex Black/White,mikesport,48.0,,,False,IN_STOCK,USD,48.0,,48.0,https://lb.mikesport.com/products/ji8081-clsc-pcase-bp-black-white,2026-04-10T14:14:21Z
SP-648D792B8F,ADIDAS|JF8484,ADIDAS,JF8484,Adidas Lightweight Baseball Unisex Training Cap White,Adidas Lightweight Baseball Unisex Training Cap White,mikesport,26.0,,,False,IN_STOCK,USD,26.0,,26.0,https://lb.mikesport.com/products/jf8484-bb-cap-lt-met-white,2026-04-10T14:14:21Z
SP-2AE7A078CB,ADIDAS|IS7049,ADIDAS,IS7049,Adidas Classic 3 Bar Logo Training Backpack Men Dark Blue/White,Adidas Classic 3 Bar Logo Training Backpack Men Dark Blue/White,mikesport,38.0,,,False,IN_STOCK,USD,38.0,,38.0,https://lb.mikesport.com/products/is7049-clsc-bars-bp-dkblue-white,2026-04-10T14:14:21Z
SP-275CC88728,ADIDAS|JE8943,ADIDAS,JE8943,Adidas Essentials Big Logo Men Sportswear T-Shirt White/Black,Adidas Essentials Big Logo Men Sportswear T-Shirt White/Black,mikesport,45.0,,,False,IN_STOCK,USD,45.0,,45.0,https://lb.mikesport.com/products/je8943-m-bl-sj-t-white-black,2026-04-10T14:14:21Z
SP-511FC63A1A,ADIDAS|JE5682,ADIDAS,JE5682,Adidas D4T 3 Stripes Men Training Short Black,Adidas D4T 3 Stripes Men Training Short Black,mikesport,77.0,,,False,IN_STOCK,USD,77.0,,77.0,https://lb.mikesport.com/products/je5682-d4t-3s-short-black,2026-04-10T14:14:21Z
SP-8DA54A884E,ADIDAS|IX1248,ADIDAS,IX1248,Adidas All Szn Men Sportswear Hoody Black,Adidas All Szn Men Sportswear Hoody Black,mikesport,96.0,,,False,IN_STOCK,USD,96.0,,96.0,https://lb.mikesport.com/products/ix1248-m-a-szn-ft-hd-black,2026-04-10T14:14:21Z
SP-100050E78D,ADIDAS|IX3178,ADIDAS,IX3178,Adidas Power Vii Unisex Training Bag Alumina/Black,Adidas Power Vii Unisex Training Bag Alumina/Black,mikesport,58.0,41.0,0.29309999999999997,True,IN_STOCK,USD,58.0,41.0,41.0,https://lb.mikesport.com/products/ix3178-power-vii-alumin-black,2026-04-10T14:14:21Z
SP-1B705F3CD9,CROCS|IN227558,CROCS,IN227558,Crocs Bae Glitter Clog Women Lifestyle Clog Pink Milk,Crocs Bae Glitter Clog Women Lifestyle Clog Pink Milk,mikesport,90.0,,,False,IN_STOCK,USD,90.0,,90.0,https://lb.mikesport.com/products/crocs-bae-glitter-clog-women-lifestyle-clog-pink-milk,2026-04-10T14:14:22Z
SP-0AA1FDD34E,CROCS|IN227557,CROCS,IN227557,Crocs Bae Glitter Women Lifestyle Clog Black,Crocs Bae Glitter Women Lifestyle Clog Black,mikesport,90.0,,,False,IN_STOCK,USD,90.0,,90.0,https://lb.mikesport.com/products/crocs-bae-glitter-women-lifestyle-clog-black,2026-04-10T14:14:22Z
SP-CE1996B0E0,CROCS|IN227545,CROCS,IN227545,Crocs Bae Women Lifestyle Clog Starfish,Crocs Bae Women Lifestyle Clog Starfish,mikesport,84.0,,,False,IN_STOCK,USD,84.0,,84.0,https://lb.mikesport.com/products/crocs-bae-women-lifestyle-clog-starfish,2026-04-10T14:14:22Z
SP-12E813D427,CROCS|IN227544,CROCS,IN227544,Crocs Bae Women Lifestyle Clog Taupe,Crocs Bae Women Lifestyle Clog Taupe,mikesport,84.0,,,False,IN_STOCK,USD,84.0,,84.0,https://lb.mikesport.com/products/crocs-bae-women-lifestyle-clog-taupe,2026-04-10T14:14:22Z
SP-7542B894A6,NEW BALANCE|IN170907,NEW BALANCE,IN170907,New Balance Fuel Women Performance Bra Black,New Balance Fuel Women Performance Bra Black,mikesport,61.0,31.0,0.4918,True,IN_STOCK,USD,61.0,31.0,31.0,https://lb.mikesport.com/products/new-balance-fuel-women-performance-bra-black,2026-04-10T14:14:22Z
SP-A544BF76A8,NIKE|IN226441,NIKE,IN226441,Nike One Keyhole Women Training Bra Black,Nike One Keyhole Women Training Bra Black,mikesport,67.0,47.0,0.2985,True,IN_STOCK,USD,67.0,47.0,47.0,https://lb.mikesport.com/products/nike-one-keyhole-women-training-bra-black,2026-04-10T14:14:24Z
SP-7CDB28E0F3,NEW BALANCE|IN192321,NEW BALANCE,IN192321,New Balance Accelerate 7 Inch Men Performanc Short Ice Blue,New Balance Accelerate 7 Inch Men Performanc Short Ice Blue,mikesport,54.0,27.0,0.5,True,IN_STOCK,USD,54.0,27.0,27.0,https://lb.mikesport.com/products/new-balance-accelerate-7-inch-men-performanc-short-ice-blue,2026-04-10T14:14:24Z
SP-1BEA1A72D1,AQUATAIL|IN094389,AQUATAIL,IN094389,Aquatail Mermaid Tail Kids Beach Fins Blue,Aquatail Mermaid Tail Kids Beach Fins Blue,mikesport,60.0,42.0,0.3,True,IN_STOCK,USD,60.0,42.0,42.0,https://lb.mikesport.com/products/aquatail-mermaid-tail-kids-beach-fins-blue,2026-04-10T14:14:24Z
SP-4B36B44C2F,AQUATAIL|IN094156,AQUATAIL,IN094156,Aquatail Mermaid Tail Kids Beach Fins Green,Aquatail Mermaid Tail Kids Beach Fins Green,mikesport,60.0,42.0,0.3,True,IN_STOCK,USD,60.0,42.0,42.0,https://lb.mikesport.com/products/aquatail-mermaid-tail-kids-beach-fins-green,2026-04-10T14:14:24Z
SP-3346E77C8D,NEW BALANCE|IN226904,NEW BALANCE,IN226904,New Balance 327 Ps-Boys Lifestyle Shoes Silver Birch,New Balance 327 Ps-Boys Lifestyle Shoes Silver Birch,mikesport,109.0,76.0,0.3028,True,IN_STOCK,USD,109.0,76.0,76.0,https://lb.mikesport.com/products/new-balance-327-ps-boys-lifestyle-shoes-silver-birch,2026-04-10T14:14:25Z
SP-5F9B088137,NEW BALANCE|IN226903,NEW BALANCE,IN226903,New Balance 327 Ps-Boys Lifestyle Shoes Black/White,New Balance 327 Ps-Boys Lifestyle Shoes Black/White,mikesport,109.0,76.0,0.3028,True,IN_STOCK,USD,109.0,76.0,76.0,https://lb.mikesport.com/products/new-balance-327-ps-boys-lifestyle-shoes-black-white,2026-04-10T14:14:25Z
SP-0D038F16ED,NEW BALANCE|IN226835,NEW BALANCE,IN226835,New Balance Athletics Men Performanc T-Shirt Navy Heather,New Balance Athletics Men Performanc T-Shirt Navy Heather,mikesport,49.0,34.0,0.3061,True,IN_STOCK,USD,49.0,34.0,34.0,https://lb.mikesport.com/products/new-balance-athletics-men-performanc-t-shirt-navy-heather,2026-04-10T14:14:25Z
SP-4C55644A29,NEW BALANCE|IN219845,NEW BALANCE,IN219845,New Balance Athletics Flower Women Lifestyle T-Shirt Clay Ash,New Balance Athletics Flower Women Lifestyle T-Shirt Clay Ash,mikesport,54.0,38.0,0.2963,True,IN_STOCK,USD,54.0,38.0,38.0,https://lb.mikesport.com/products/new-balance-athletics-flower-women-lifestyle-t-shirt-clay-ash,2026-04-10T14:14:25Z
SP-E859AD8963,NEW BALANCE|IN219793,NEW BALANCE,IN219793,New Balance Athletics French Terry Women Lifestyle Pant Linen,New Balance Athletics French Terry Women Lifestyle Pant Linen,mikesport,105.0,74.0,0.2952,True,IN_STOCK,USD,105.0,74.0,74.0,https://lb.mikesport.com/products/new-balance-athletics-french-terry-women-lifestyle-pant-linen,2026-04-10T14:14:25Z
SP-AA4107C9BC,NEW BALANCE|IN219653,NEW BALANCE,IN219653,New Balance Athletics Logo Men Lifestyle T-Shirt Dream State,New Balance Athletics Logo Men Lifestyle T-Shirt Dream State,mikesport,49.0,34.0,0.3061,True,IN_STOCK,USD,49.0,34.0,34.0,https://lb.mikesport.com/products/new-balance-athletics-logo-men-lifestyle-t-shirt-dream-state,2026-04-10T14:14:25Z
SP-F557DDEAE8,NEW BALANCE|IN219643,NEW BALANCE,IN219643,New Balance Athletics French Terry Men Lifestyle Hoody Dusk Shower,New Balance Athletics French Terry Men Lifestyle Hoody Dusk Shower,mikesport,114.0,80.0,0.2982,True,IN_STOCK,USD,114.0,80.0,80.0,https://lb.mikesport.com/products/new-balance-athletics-french-terry-men-lifestyle-hoody-dusk-shower,2026-04-10T14:14:25Z
SP-D38DD30CF0,ON|IN226223,ON,IN226223,"On 5"" Performance Women Running Short Black","On 5"" Performance Women Running Short Black",mikesport,99.0,,,False,IN_STOCK,USD,99.0,,99.0,https://lb.mikesport.com/products/on-5-performance-women-running-short-black,2026-04-10T14:14:26Z
SP-33D4752389,ON|IN226216,ON,IN226216,"On 5"" Performance Men Running Short Black","On 5"" Performance Men Running Short Black",mikesport,99.0,,,False,IN_STOCK,USD,99.0,,99.0,https://lb.mikesport.com/products/on-5-performance-men-running-short-black,2026-04-10T14:14:26Z
SP-BF5626A1D8,ON|IN226210,ON,IN226210,"On 5""Core Men Running Short Black","On 5""Core Men Running Short Black",mikesport,75.0,,,False,IN_STOCK,USD,75.0,,75.0,https://lb.mikesport.com/products/on-5core-men-running-short-black,2026-04-10T14:14:26Z
SP-98266B6693,ON|IN219864,ON,IN219864,On All-Day Joggers Men Lifestyle Pant Black,On All-Day Joggers Men Lifestyle Pant Black,mikesport,179.0,,,False,IN_STOCK,USD,179.0,,179.0,https://lb.mikesport.com/products/on-all-day-joggers-men-lifestyle-pant-black,2026-04-10T14:14:26Z
SP-DDAA79AADE,ADIDAS|IN174337,ADIDAS,IN174337,Adidas Disney Mickey Mouse Summer Baby-Boys Sportswear Suit White/Black,Adidas Disney Mickey Mouse Summer Baby-Boys Sportswear Suit White/Black,mikesport,61.0,31.0,0.4918,True,IN_STOCK,USD,61.0,31.0,31.0,https://lb.mikesport.com/products/adidas-disney-mickey-mouse-summer-baby-boys-sportswear-suit-white-black,2026-04-10T14:14:27Z
SP-DCD0168711,ADIDAS|IN168591,ADIDAS,IN168591,Adidas Disney Toy Story Little-Boys Training Suit Royal Blue/Lime,Adidas Disney Toy Story Little-Boys Training Suit Royal Blue/Lime,mikesport,80.0,40.0,0.5,True,IN_STOCK,USD,80.0,40.0,40.0,https://lb.mikesport.com/products/adidas-disney-toy-story-little-boys-training-suit-royal-blue-lime,2026-04-10T14:14:27Z
SP-D582D99C4D,ADIDAS|IN160125,ADIDAS,IN160125,Adidas Classic Solid Men Swim Swim Short Glow Blue,Adidas Classic Solid Men Swim Swim Short Glow Blue,mikesport,41.0,21.0,0.4878,True,IN_STOCK,USD,41.0,21.0,21.0,https://lb.mikesport.com/products/adidas-classic-solid-men-swim-swim-short-glow-blue,2026-04-10T14:14:27Z
SP-A2C7D98A61,BILLABONG|IN224311,BILLABONG,IN224311,Billabong All Day Layback Boys Beach Swim Short Lemon,Billabong All Day Layback Boys Beach Swim Short Lemon,mikesport,34.0,24.0,0.29410000000000003,True,IN_STOCK,USD,34.0,24.0,24.0,https://lb.mikesport.com/products/billabong-all-day-layback-boys-beach-swim-short-lemon,2026-04-10T14:14:27Z
SP-BB4694C6BC,BILLABONG|IN224310,BILLABONG,IN224310,Billabong All Day Layback Boys Beach Swim Short Sea Green,Billabong All Day Layback Boys Beach Swim Short Sea Green,mikesport,34.0,24.0,0.29410000000000003,True,IN_STOCK,USD,34.0,24.0,24.0,https://lb.mikesport.com/products/billabong-all-day-layback-boys-beach-swim-short-sea-green,2026-04-10T14:14:27Z
SP-428F9FE7D9,BILLABONG|IN224291,BILLABONG,IN224291,Billabong Gone Tropic Women Lifestyle Swim Short Pistachio,Billabong Gone Tropic Women Lifestyle Swim Short Pistachio,mikesport,79.0,40.0,0.49369999999999997,True,IN_STOCK,USD,79.0,40.0,40.0,https://lb.mikesport.com/products/billabong-gone-tropic-women-lifestyle-swim-short-pistachio,2026-04-10T14:14:27Z
SP-FAEA6F848F,ON|IN224959,ON,IN224959,On Club Boxy Women Lifestyle T-Shirt Black,On Club Boxy Women Lifestyle T-Shirt Black,mikesport,65.0,,,False,IN_STOCK,USD,65.0,,65.0,https://lb.mikesport.com/products/on-club-boxy-women-lifestyle-t-shirt-black,2026-04-10T14:14:28Z
SP-09354499DD,ON|IN218636,ON,IN218636,On Boxy Club Women Lifestyle T-Shirt White,On Boxy Club Women Lifestyle T-Shirt White,mikesport,65.0,,,False,IN_STOCK,USD,65.0,,65.0,https://lb.mikesport.com/products/on-boxy-club-women-lifestyle-t-shirt-white,2026-04-10T14:14:28Z
SP-71A50D913C,THE NORTH FACE|IN176210,THE NORTH FACE,IN176210,The North Face Base Camp Travel Canister L Unisex Hiking Case Summit Gold/Black,The North Face Base Camp Travel Canister L Unisex Hiking Case Summit Gold/Black,mikesport,54.0,25.0,0.537,True,IN_STOCK,USD,54.0,25.0,25.0,https://lb.mikesport.com/products/the-north-face-base-camp-travel-canister-l-unisex-hiking-case-summit-gold-black,2026-04-10T14:14:29Z
SP-5FCBB664AF,CROCS|IN224595,CROCS,IN224595,Crocs Bae Women Lifestyle Clog Milk Chocolate,Crocs Bae Women Lifestyle Clog Milk Chocolate,mikesport,84.0,,,False,IN_STOCK,USD,84.0,,84.0,https://lb.mikesport.com/products/crocs-bae-women-lifestyle-clog-milk-chocolate,2026-04-10T14:14:29Z
SP-984922E582,CROCS|IN221020,CROCS,IN221020,Crocs 3D Beach Umbrella Unisex Lifestyle Jibbitz Charm,Crocs 3D Beach Umbrella Unisex Lifestyle Jibbitz Charm,mikesport,6.0,,,False,IN_STOCK,USD,6.0,,6.0,https://lb.mikesport.com/products/crocs-3d-beach-umbrella-unisex-lifestyle-pins-multicolor,2026-04-10T14:14:29Z
SP-9E192AAE8B,NEW BALANCE|IN223598,NEW BALANCE,IN223598,New Balance 1906R Women Lifestyle Shoes Silver Metalic,New Balance 1906R Women Lifestyle Shoes Silver Metalic,mikesport,289.0,202.0,0.301,True,IN_STOCK,USD,289.0,202.0,202.0,https://lb.mikesport.com/products/new-balance-1906r-women-lifestyle-shoes-silver-metalic,2026-04-10T14:14:30Z
SP-5BABA5198D,NIKE|IN220664,NIKE,IN220664,Nike Club Alumni Men Lifestyle Short Black/White,Nike Club Alumni Men Lifestyle Short Black/White,mikesport,67.0,,,False,IN_STOCK,USD,67.0,,67.0,https://lb.mikesport.com/products/nike-club-alumni-men-lifestyle-short-black-white,2026-04-10T14:14:32Z
SP-75279CED6C,NIKE|IN222488,NIKE,IN222488,Nike Air Force Men Lifestyle Shoes Summit White,Nike Air Force Men Lifestyle Shoes Summit White,mikesport,211.0,148.0,0.2986,True,IN_STOCK,USD,211.0,148.0,148.0,https://lb.mikesport.com/products/nike-air-force-men-lifestyle-shoes-summit-white,2026-04-10T14:14:32Z
SP-A39D32F242,NIKE|IN222434,NIKE,IN222434,Nike Club Men Lifestyle Hoody Black,Nike Club Men Lifestyle Hoody Black,mikesport,99.0,69.0,0.303,True,IN_STOCK,USD,99.0,69.0,69.0,https://lb.mikesport.com/products/nike-club-men-lifestyle-hoody-black,2026-04-10T14:14:33Z
SP-88DFC2BCBD,NIKE|IN203470,NIKE,IN203470,Nike Club Boys Lifestyle Short Black/White,Nike Club Boys Lifestyle Short Black/White,mikesport,56.0,,,False,IN_STOCK,USD,56.0,,56.0,https://lb.mikesport.com/products/nike-club-boys-lifestyle-short-black-white,2026-04-10T14:14:34Z
SP-9EF0AF0731,CROCS|IN221083,CROCS,IN221083,Crocs Bae Clog Women Lifestyle Orangesicle,Crocs Bae Clog Women Lifestyle Orangesicle,mikesport,84.0,,,False,IN_STOCK,USD,84.0,,84.0,https://lb.mikesport.com/products/crocs-bae-clog-women-lifestyle-orangesicle,2026-04-10T14:14:35Z
SP-B3F68BA4E6,CROCS|IN221082,CROCS,IN221082,Crocs Bae Clog Women Lifestyle Dragon Fruit,Crocs Bae Clog Women Lifestyle Dragon Fruit,mikesport,84.0,,,False,IN_STOCK,USD,84.0,,84.0,https://lb.mikesport.com/products/crocs-bae-clog-women-lifestyle-dragon-fruit,2026-04-10T14:14:35Z
SP-579FCCF26F,CROCS|IN221081,CROCS,IN221081,Crocs Bae Clog Women Lifestyle Kiwi,Crocs Bae Clog Women Lifestyle Kiwi,mikesport,84.0,,,False,IN_STOCK,USD,84.0,,84.0,https://lb.mikesport.com/products/crocs-bae-clog-women-lifestyle-kiwi,2026-04-10T14:14:35Z
SP-4922B84AAD,CROCS|IN221080,CROCS,IN221080,Crocs Bae Clog Women Lifestyle White,Crocs Bae Clog Women Lifestyle White,mikesport,84.0,,,False,IN_STOCK,USD,84.0,,84.0,https://lb.mikesport.com/products/crocs-bae-clog-women-lifestyle-white,2026-04-10T14:14:35Z
SP-1EFF62AD3C,CROCS|IN164432,CROCS,IN164432,Crocs Bae Clog Women Lifestyle Black,Crocs Bae Clog Women Lifestyle Black,mikesport,84.0,,,False,IN_STOCK,USD,84.0,,84.0,https://lb.mikesport.com/products/crocs-bae-clog-women-lifestyle-black,2026-04-10T14:14:35Z
SP-5D4B96E09C,NIKE|IN222373,NIKE,IN222373,Nike Air Jordan 1 Men Lifestyle Sneakers Black/White/Red,Nike Air Jordan 1 Men Lifestyle Sneakers Black/White/Red,mikesport,227.0,159.0,0.29960000000000003,True,IN_STOCK,USD,227.0,159.0,159.0,https://lb.mikesport.com/products/nike-air-jordan-1-men-lifestyle-sneakers-black-white-red,2026-04-10T14:14:35Z
SP-20E084F9D9,NEW BALANCE|BB550,NEW BALANCE,BB550,New Balance Bb550 Men Lifestyle Shoes Sea Salt/Blue/Angora,New Balance BB550 Women Lifestyle Shoes White/Arid Stone,mikesport,189.0,132.0,0.3016,True,OUT_OF_STOCK,USD,189.0,132.0,132.0,https://lb.mikesport.com/products/new-balance-bb550-women-lifestyle-shoes-white-arid-stone,2026-04-10T14:14:36Z
SP-20E084F9D9,NEW BALANCE|BB550,NEW BALANCE,BB550,New Balance Bb550 Men Lifestyle Shoes Sea Salt/Blue/Angora,New Balance BB550 Men Lifestyle Shoes White/Dark Juniper,mikesport,189.0,95.0,0.4974,True,IN_STOCK,USD,189.0,95.0,95.0,https://lb.mikesport.com/products/new-balance-bb550-men-lifestyle-shoes-white-dark-juniper,2026-04-10T14:14:36Z
SP-F37123B899,NEW BALANCE|IN205050,NEW BALANCE,IN205050,New Balance Athletics Men Lifestyle Pant Black,New Balance Athletics Men Lifestyle Pant Black,mikesport,105.0,,,False,IN_STOCK,USD,105.0,,105.0,https://lb.mikesport.com/products/new-balance-athletics-men-lifestyle-pant-black,2026-04-10T14:14:36Z
SP-95F89E6174,NIKE|IN222361,NIKE,IN222361,Nike Academy Team S Unisex Training Bags Cases And Luggage Black/White,Nike Academy Team S Unisex Training Bags Cases And Luggage Black/White,mikesport,59.0,,,False,IN_STOCK,USD,59.0,,59.0,https://lb.mikesport.com/products/nike-academy-team-s-unisex-training-bags-cases-and-luggage-black-white,2026-04-10T14:14:37Z
SP-A4A12CC268,NIKE|IN221359,NIKE,IN221359,Nike Club French Terry Men Lifestyle Hoody Black/White,Nike Club French Terry Men Lifestyle Hoody Black/White,mikesport,112.0,,,False,IN_STOCK,USD,112.0,,112.0,https://lb.mikesport.com/products/nike-club-french-terry-men-lifestyle-hoody-black-white,2026-04-10T14:14:37Z
SP-6186950F73,NIKE|IN220714,NIKE,IN220714,Nike Club Men Lifestyle Pant Black/White,Nike Club Men Lifestyle Pant Black/White,mikesport,89.0,,,False,IN_STOCK,USD,89.0,,89.0,https://lb.mikesport.com/products/nike-club-men-lifestyle-pant-black-white-2,2026-04-10T14:14:37Z
SP-853172544A,NIKE|IN220655,NIKE,IN220655,Nike Club Men Lifestyle Pant Black/White,Nike Club Men Lifestyle Pant Black/White,mikesport,89.0,,,False,IN_STOCK,USD,89.0,,89.0,https://lb.mikesport.com/products/nike-club-men-lifestyle-pant-black-white-1,2026-04-10T14:14:37Z
SP-2BEE5B126F,NIKE|IN204428,NIKE,IN204428,Nike Academy Team L Unisex Training Bags Cases And Luggage Black/White,Nike Academy Team L Unisex Training Bags Cases And Luggage Black/White,mikesport,77.0,,,False,IN_STOCK,USD,77.0,,77.0,https://lb.mikesport.com/products/nike-academy-team-l-unisex-training-bags-cases-and-luggage-black-white,2026-04-10T14:14:37Z
SP-FEA7F5C6A1,NEW BALANCE|IN219784,NEW BALANCE,IN219784,New Balance Essential Women Performance Bra Olivine,New Balance Essential Women Performance Bra Olivine,mikesport,69.0,48.0,0.3043,True,IN_STOCK,USD,69.0,48.0,48.0,https://lb.mikesport.com/products/new-balance-essential-women-performance-bra-olivine,2026-04-10T14:14:38Z
SP-8786A633D5,NEW BALANCE|IN219834,NEW BALANCE,IN219834,New Balance Sport Women Performance Long Sleeve Black,New Balance Sport Women Performance Long Sleeve Black,mikesport,39.0,27.0,0.3077,True,IN_STOCK,USD,39.0,27.0,27.0,https://lb.mikesport.com/products/new-balance-sport-women-performance-long-sleeve-black,2026-04-10T14:14:38Z
SP-EED5158BD6,NEW BALANCE|IN219806,NEW BALANCE,IN219806,New Balance 327 Women Lifestyle Shoes Moonbeam/Stone Pink,New Balance 327 Women Lifestyle Shoes Moonbeam/Stone Pink,mikesport,169.0,,,False,IN_STOCK,USD,169.0,,169.0,https://lb.mikesport.com/products/new-balance-327-women-lifestyle-shoes-moonbeam-stone-pink,2026-04-10T14:14:40Z
SP-24B46A527F,NEW BALANCE|IN219772,NEW BALANCE,IN219772,New Balance 1080 Women Running Shoes Black/Phantom,New Balance 1080 Women Running Shoes Black/Phantom,mikesport,289.0,202.0,0.301,True,IN_STOCK,USD,289.0,202.0,202.0,https://lb.mikesport.com/products/new-balance-1080-women-running-shoes-black-phantom,2026-04-10T14:14:40Z
SP-7C71C82AFB,NEW BALANCE|IN202164,NEW BALANCE,IN202164,New Balance Athletics Men Lifestyle T-Shirt Navy,New Balance Athletics Men Lifestyle T-Shirt Navy,mikesport,49.0,,,False,IN_STOCK,USD,49.0,,49.0,https://lb.mikesport.com/products/new-balance-athletics-men-lifestyle-t-shirt-navy,2026-04-10T14:14:40Z
SP-5EEE00AE58,ON|IN218628,ON,IN218628,On Studio Women Training Bra Black,On Studio Women Training Bra Black,mikesport,75.0,,,False,IN_STOCK,USD,75.0,,75.0,https://lb.mikesport.com/products/on-studio-women-training-bra-black,2026-04-10T14:14:41Z
SP-6294EFF394,NIKE|IN217042,NIKE,IN217042,Nike Element Men Running Long Sleeve Armor Navy/Grey,Nike Element Men Running Long Sleeve Armor Navy/Grey,mikesport,151.0,76.0,0.49670000000000003,True,IN_STOCK,USD,151.0,76.0,76.0,https://lb.mikesport.com/products/nike-element-men-running-long-sleeve-armor-navy-grey,2026-04-10T14:14:41Z
SP-30038913CA,BODY GLOVE|IN131719,BODY GLOVE,IN131719,Body Glove Women Beach Monokini Whisper Crissy 1 Piece Storm,Body Glove Women Beach Monokini Whisper Crissy 1 Piece Storm,mikesport,133.0,67.0,0.4962,True,IN_STOCK,USD,133.0,67.0,67.0,https://lb.mikesport.com/products/body-glove-women-39-s-beach-3948461-579-whisper-crissy-1pc-storm-monokini,2026-04-10T14:14:41Z
SP-04B3889425,ADIDAS|FM9931,ADIDAS,FM9931,Adidas Performance 0.75 Unisex Training Water Bottle Black,Adidas Performance 0.75 Unisex Training Water Bottle Black,mikesport,13.0,,,False,IN_STOCK,USD,13.0,,13.0,https://lb.mikesport.com/products/adidas-performance-0-75-unisex-training-water-bottle-black-fm9931,2026-04-10T14:14:42Z
SP-1119C7A992,NEW BALANCE|IN217981,NEW BALANCE,IN217981,New Balance 1080 Men Running Shoes Black/Magnet/Linen,New Balance 1080 Men Running Shoes Black/Magnet/Linen,mikesport,289.0,202.0,0.301,True,IN_STOCK,USD,289.0,202.0,202.0,https://lb.mikesport.com/products/new-balance-1080-men-running-shoes-black-magnet-linen,2026-04-10T14:14:43Z
SP-C394BB70B8,THE NORTH FACE|IN200628,THE NORTH FACE,IN200628,The North Face Base Unisex Lifestyle Band Black,The North Face Base Unisex Lifestyle Band Black,mikesport,34.0,20.0,0.4118,True,IN_STOCK,USD,34.0,20.0,20.0,https://lb.mikesport.com/products/the-north-face-base-unisex-lifestyle-band-black,2026-04-10T14:14:44Z
SP-45B7989AB6,CROCS|IN216174,CROCS,IN216174,Crocs 3D Candy Cane Unisex Lifestyle Jibbitz Charm,Crocs 3D Candy Cane Unisex Lifestyle Jibbitz Charm,mikesport,6.0,,,False,IN_STOCK,USD,6.0,,6.0,https://lb.mikesport.com/products/crocs-3d-candy-cane-unisex-lifestyle-pins-white-multi,2026-04-10T14:14:45Z
SP-E5AA98F640,CROCS|IN216172,CROCS,IN216172,Crocs 3D Christmas Tree Unisex Lifestyle Jibbitz Charm,Crocs 3D Christmas Tree Unisex Lifestyle Jibbitz Charm,mikesport,6.0,,,False,IN_STOCK,USD,6.0,,6.0,https://lb.mikesport.com/products/crocs-3d-christmas-tree-unisex-lifestyle-pins-green-multi,2026-04-10T14:14:45Z
SP-9775ACFE6C,CROCS|IN204251,CROCS,IN204251,Crocs Classic Neo Puff Kids Lifestyle After Ski Navy/Gum,Crocs Classic Neo Puff Kids Lifestyle After Ski Navy/Gum,mikesport,72.0,50.0,0.3056,True,IN_STOCK,USD,72.0,50.0,50.0,https://lb.mikesport.com/products/crocs-classic-neo-puff-kids-lifestyle-after-ski-navy-gum,2026-04-10T14:14:45Z
SP-8909E63A20,CROCS|IN073618,CROCS,IN073618,Crocs Bistro Slip Resistant Work Clog Unisex lifestyle Slippers Navy,Crocs Bistro Slip Resistant Work Clog Unisex lifestyle Slippers Navy,mikesport,60.0,42.0,0.3,True,IN_STOCK,USD,60.0,42.0,42.0,https://lb.mikesport.com/products/crocs-bistro-slip-resistant-work-clog-unisex-lifestyle-slippers-navy,2026-04-10T14:14:48Z
SP-CC5CDA3953,CROCS|IN073617,CROCS,IN073617,Crocs Bistro Slip Resistant Work Clog Unisex lifestyle Slippers Black,Crocs Bistro Slip Resistant Work Clog Unisex lifestyle Slippers Black,mikesport,60.0,42.0,0.3,True,IN_STOCK,USD,60.0,42.0,42.0,https://lb.mikesport.com/products/crocs-bistro-slip-resistant-work-clog-unisex-lifestyle-slippers-black,2026-04-10T14:14:48Z
SP-92437D4CE3,NIKE|IN213549,NIKE,IN213549,Nike Df Pacer Men Running Long Sleeve Black,Nike Df Pacer Men Running Long Sleeve Black,mikesport,80.0,,,False,IN_STOCK,USD,80.0,,80.0,https://lb.mikesport.com/products/nike-df-pacer-men-running-long-sleeve-black,2026-04-10T14:14:49Z
SP-C7D5ADC445,ON|IN202591,ON,IN202591,On Climate 2 Men Running Long Sleeve Black,On Climate 2 Men Running Long Sleeve Black,mikesport,145.0,,,False,IN_STOCK,USD,145.0,,145.0,https://lb.mikesport.com/products/on-climate-2-men-running-long-sleeve-black,2026-04-10T14:14:50Z
SP-5368149B74,ON|IN213158,ON,IN213158,On Climate 2 Women Running Long Sleeve Black,On Climate 2 Women Running Long Sleeve Black,mikesport,145.0,,,False,IN_STOCK,USD,145.0,,145.0,https://lb.mikesport.com/products/on-climate-2-women-running-hoody-black,2026-04-10T14:14:51Z
SP-06A4E41C88,ON|IN213151,ON,IN213151,On Climate Men Running Hoody Denim,On Climate Men Running Hoody Denim,mikesport,159.0,111.0,0.3019,True,IN_STOCK,USD,159.0,111.0,111.0,https://lb.mikesport.com/products/on-climate-men-running-hoody-denim,2026-04-10T14:14:51Z
SP-48868D2AA6,ON|IN205174,ON,IN205174,On Climate Women Running Hoody Black,On Climate Women Running Hoody Black,mikesport,159.0,,,False,IN_STOCK,USD,159.0,,159.0,https://lb.mikesport.com/products/on-climate-women-running-hoody-black,2026-04-10T14:14:51Z
SP-402F2C3335,ON|IN205159,ON,IN205159,On Climate Men Running Hoody Black,On Climate Men Running Hoody Black,mikesport,159.0,,,False,IN_STOCK,USD,159.0,,159.0,https://lb.mikesport.com/products/on-climate-men-running-hoody-black,2026-04-10T14:14:51Z
SP-C7EF6CC8AF,ADIDAS|ID8840,ADIDAS,ID8840,Adidas Ultraboost 5 Women Running Shoes White/Grey/Pink,Adidas Ultraboost 5 Women Running Shoes White/Grey/Pink,mikesport,287.0,150.0,0.47740000000000005,True,IN_STOCK,USD,287.0,150.0,150.0,https://lb.mikesport.com/products/id8840-ultraboost-5-w-ftwwht-glogry-lucpnk,2026-04-10T14:14:51Z
SP-6A627AE57E,ADIDAS|ID8764,ADIDAS,ID8764,Adidas Galaxy 7 Women Running Shoes Black,Adidas Galaxy 7 Women Running Shoes Black,mikesport,80.0,,,False,IN_STOCK,USD,80.0,,80.0,https://lb.mikesport.com/products/id8764-galaxy-7-w-cblack-cblack-cblack,2026-04-10T14:14:51Z
SP-46BE11CF40,TOPTEN ACCESSORIES|IN208899,TOPTEN ACCESSORIES,IN208899,Topten Accessories The Ultimate Soccer Backpack Unisex Back To School Bag Blue/White,Topten Accessories The Ultimate Soccer Backpack Unisex Back To School Bag Blue/White,mikesport,20.0,14.0,0.3,True,IN_STOCK,USD,20.0,14.0,14.0,https://lb.mikesport.com/products/topten-accessories-the-ultimate-soccer-backpack-unisex-bts-bag-blue-white,2026-04-10T14:14:51Z
SP-20E084F9D9,NEW BALANCE|BB550,NEW BALANCE,BB550,New Balance Bb550 Men Lifestyle Shoes Sea Salt/Blue/Angora,New Balance Bb550 Unisex Lifestyle Shoes White/Green,mikesport,199.0,139.0,0.3015,True,IN_STOCK,USD,199.0,139.0,139.0,https://lb.mikesport.com/products/new-balance-bb550-unisex-lifestyle-shoes-white-green,2026-04-10T14:14:54Z
SP-20E084F9D9,NEW BALANCE|BB550,NEW BALANCE,BB550,New Balance Bb550 Men Lifestyle Shoes Sea Salt/Blue/Angora,New Balance Bb550 Men Lifestyle Shoes Sea Salt/Blue/Angora,mikesport,214.0,107.0,0.5,True,OUT_OF_STOCK,USD,214.0,107.0,107.0,https://lb.mikesport.com/products/new-balance-bb550-men-lifestyle-shoes-sea-salt-blue-angora,2026-04-10T14:14:54Z
SP-53DDAF3223,BLUE POINT|IN209972,BLUE POINT,IN209972,Blue Point Men Beach Swim Short White,Blue Point Men Beach Swim Short White,mikesport,43.0,,,False,IN_STOCK,USD,43.0,,43.0,https://lb.mikesport.com/products/blue-point-men-beach-swim-short-white,2026-04-10T14:14:54Z
SP-5B7283A238,NIKE|IN209406,NIKE,IN209406,Nike Alate Curve Aop Women Training Bra Black,Nike Alate Curve Aop Women Training Bra Black,mikesport,75.0,38.0,0.49329999999999996,True,IN_STOCK,USD,75.0,38.0,38.0,https://lb.mikesport.com/products/nike-alate-curve-aop-women-training-bra-black,2026-04-10T14:14:55Z
SP-20E084F9D9,NEW BALANCE|BB550,NEW BALANCE,BB550,New Balance Bb550 Men Lifestyle Shoes Sea Salt/Blue/Angora,New Balance Bb550 Women Lifestyle Shoes Slate Grey/Olivine,mikesport,223.0,112.0,0.4978,True,OUT_OF_STOCK,USD,223.0,112.0,112.0,https://lb.mikesport.com/products/new-balance-bb550-women-lifestyle-shoes-slate-grey-olivine,2026-04-10T14:14:57Z
SP-20E084F9D9,NEW BALANCE|BB550,NEW BALANCE,BB550,New Balance Bb550 Men Lifestyle Shoes Sea Salt/Blue/Angora,New Balance Bb550 Unisex Lifestyle Shoes White/Nori/Grey,mikesport,207.0,104.0,0.4976,True,OUT_OF_STOCK,USD,207.0,104.0,104.0,https://lb.mikesport.com/products/new-balance-bb550-unisex-lifestyle-shoes-white-nori-grey,2026-04-10T14:14:57Z
SP-0EC65E75A7,NIKE|IN205755,NIKE,IN205755,Nike Club Flow Men Lifestyle Short Black/White,Nike Club Flow Men Lifestyle Short Black/White,mikesport,61.0,43.0,0.29510000000000003,True,IN_STOCK,USD,61.0,43.0,43.0,https://lb.mikesport.com/products/nike-club-flow-men-lifestyle-short-black-white,2026-04-10T14:14:58Z
SP-950A524EDF,BOGNER|IN207946,BOGNER,IN207946,Bogner Nelson 2 Men Beach Swim Short Black,Bogner Nelson 2 Men Beach Swim Short Black,mikesport,99.0,,,False,IN_STOCK,USD,99.0,,99.0,https://lb.mikesport.com/products/bogner-nelson-2-men-beach-swim-short-black,2026-04-10T14:14:58Z
SP-22ED3EE46C,CROCS|IN206521,CROCS,IN206521,Crocs All Terrain Kids Lifestyle Sandals Storm,Crocs All Terrain Kids Lifestyle Sandals Storm,mikesport,42.0,29.0,0.3095,True,IN_STOCK,USD,42.0,29.0,29.0,https://lb.mikesport.com/products/crocs-all-terrain-kids-lifestyle-sandals-storm,2026-04-10T14:15:00Z
SP-58C9C3FB4F,NIKE|IN204651,NIKE,IN204651,Nike Chill Knit Women Lifestyle T-Shirt Black/Sail,Nike Chill Knit Women Lifestyle T-Shirt Black/Sail,mikesport,80.0,,,False,IN_STOCK,USD,80.0,,80.0,https://lb.mikesport.com/products/nike-chill-knit-women-lifestyle-t-shirt-black-sail,2026-04-10T14:15:00Z
SP-9E98D31333,NEW BALANCE|IN202162,NEW BALANCE,IN202162,New Balance Athletics Men Lifestyle T-Shirt Ash Heather,New Balance Athletics Men Lifestyle T-Shirt Ash Heather,mikesport,49.0,,,False,IN_STOCK,USD,49.0,,49.0,https://lb.mikesport.com/products/new-balance-athletics-men-lifestyle-t-shirt-ash-heather,2026-04-10T14:15:02Z
SP-16070A4590,NEW BALANCE|IN202153,NEW BALANCE,IN202153,New Balance 2002R Unisex Lifestyle Shoes Bone/ Light Aluminum,New Balance 2002R Unisex Lifestyle Shoes Bone/ Light Aluminum,mikesport,255.0,128.0,0.498,True,IN_STOCK,USD,255.0,128.0,128.0,https://lb.mikesport.com/products/new-balance-2002r-unisex-lifestyle-shoes-bone-light-aluminum,2026-04-10T14:15:02Z
SP-16107603B2,NIKE|IN204722,NIKE,IN204722,Nike Challenger Men Running Pant Smoke Grey/Black,Nike Challenger Men Running Pant Smoke Grey/Black,mikesport,112.0,,,False,IN_STOCK,USD,112.0,,112.0,https://lb.mikesport.com/products/nike-challenger-men-running-pant-smoke-grey-black,2026-04-10T14:15:02Z
SP-8B54A344D5,NEW BALANCE|IN205073,NEW BALANCE,IN205073,New Balance Archive Men Lifestyle Sweatshirt Athletic Grey,New Balance Archive Men Lifestyle Sweatshirt Athletic Grey,mikesport,143.0,72.0,0.4965,True,IN_STOCK,USD,143.0,72.0,72.0,https://lb.mikesport.com/products/new-balance-archive-men-lifestyle-sweatshirt-athletic-grey,2026-04-10T14:15:02Z
SP-77A5EF0131,NIKE|IN204430,NIKE,IN204430,Nike Academy Team M Unisex Training Bag Navy/Black/White,Nike Academy Team M Unisex Training Bag Navy/Black/White,mikesport,67.0,,,False,IN_STOCK,USD,67.0,,67.0,https://lb.mikesport.com/products/nike-academy-team-m-unisex-training-bag-navy-black-white,2026-04-10T14:15:04Z
SP-9D3EC934A6,NIKE|IN204429,NIKE,IN204429,Nike Academy Team M Unisex Training Bag Black/White,Nike Academy Team M Unisex Training Bag Black/White,mikesport,67.0,,,False,IN_STOCK,USD,67.0,,67.0,https://lb.mikesport.com/products/nike-academy-team-m-unisex-training-bag-black-white,2026-04-10T14:15:04Z
SP-264C0F6E4D,NEW BALANCE|IN205134,NEW BALANCE,IN205134,New Balance Athletic Jersey Women Lifestyle T-Shirt Black,New Balance Athletic Jersey Women Lifestyle T-Shirt Black,mikesport,49.0,,,False,IN_STOCK,USD,49.0,,49.0,https://lb.mikesport.com/products/new-balance-athletic-jersey-women-lifestyle-t-shirt-black,2026-04-10T14:15:04Z
SP-5A822EBD49,NEW BALANCE|IN205068,NEW BALANCE,IN205068,New Balance Athletics Men Lifestyle Short Black,New Balance Athletics Men Lifestyle Short Black,mikesport,79.0,55.0,0.3038,True,IN_STOCK,USD,79.0,55.0,55.0,https://lb.mikesport.com/products/new-balance-athletics-men-lifestyle-short-black,2026-04-10T14:15:04Z
SP-C031FC9456,ADIDAS|HM4975,ADIDAS,HM4975,Adidas All Court 3.0 Unisex Basketball Ball Wood/Black,Adidas All Court 3.0 Unisex Basketball Ball Wood/Black,mikesport,42.0,,,False,IN_STOCK,USD,42.0,,42.0,https://lb.mikesport.com/products/adidas-all-court-3-0-unisex-basketball-ball-wood-black-hm4975,2026-04-10T14:15:07Z
SP-2F2652299B,ADIDAS|DZ9435,ADIDAS,DZ9435,Adidas Unisex Training Dz9435 Light Ank 3Pp White/White/White,Adidas Unisex Training Dz9435 Light Ank 3Pp White/White/White,mikesport,18.0,13.0,0.2778,True,IN_STOCK,USD,18.0,13.0,13.0,https://lb.mikesport.com/products/adidas-unisex-training-dz9435-light-ank-3pp-white-white-white,2026-04-10T14:15:07Z
SP-E1745BC3E3,ADIDAS|B75807,ADIDAS,B75807,"Samba OG Shoes, Black","Samba OG Shoes, Black",adidas_lb,14310000.0,,,False,IN_STOCK,LBP,159.0,,159.0,https://www.adidas.com.lb/en/adidas-samba-og-shoes-black/A7_B75807_ONE.html,2026-04-10T14:25:17Z
SP-4665CFBB2F,ADIDAS|BB5476,ADIDAS,BB5476,"Gazelle Shoes, Black","Gazelle Shoes, Black",adidas_lb,14310000.0,,,False,IN_STOCK,LBP,159.0,,159.0,https://www.adidas.com.lb/en/adidas-gazelle-shoes-black/A7_BB5476_ONE.html,2026-04-10T14:25:17Z
SP-0590004E40,ADIDAS|DB3021,ADIDAS,DB3021,"Handball Spezial Shoes, Black","Handball Spezial Shoes, Black",adidas_lb,14310000.0,,,False,IN_STOCK,LBP,159.0,,159.0,https://www.adidas.com.lb/en/adidas-handball-spezial-shoes-black/A7_DB3021_ONE.html,2026-04-10T14:25:19Z
SP-04B3889425,ADIDAS|FM9931,ADIDAS,FM9931,Adidas Performance 0.75 Unisex Training Water Bottle Black,"Unisex Performance 750 Ml Water Bottle, Multicolour",adidas_lb,1170000.0,,,False,IN_STOCK,LBP,13.0,,13.0,https://www.adidas.com.lb/en/adidas-unisex-performance-750-ml-water-bottle-multicolour/A7_FM9931_ONE.html,2026-04-10T14:25:22Z
SP-C031FC9456,ADIDAS|HM4975,ADIDAS,HM4975,Adidas All Court 3.0 Unisex Basketball Ball Wood/Black,"All Court 3.0 Ball, Orange",adidas_lb,3690000.0,,,False,IN_STOCK,LBP,41.0,,41.0,https://www.adidas.com.lb/en/adidas-all-court-3.0-ball-orange/A7_HM4975_ONE.html,2026-04-10T14:25:32Z
SP-3FB5CF5912,ADIDAS|ID0478,ADIDAS,ID0478,"Samba OG Shoes, Beige","Samba OG Shoes, Beige",adidas_lb,14310000.0,,,False,IN_STOCK,LBP,159.0,,159.0,https://www.adidas.com.lb/en/adidas-samba-og-shoes-beige/A7_ID0478_ONE.html,2026-04-10T14:26:17Z
SP-6A627AE57E,ADIDAS|ID8764,ADIDAS,ID8764,Adidas Galaxy 7 Women Running Shoes Black,"Galaxy 7 Running Shoes, Black",adidas_lb,7200000.0,,,False,IN_STOCK,LBP,80.0,,80.0,https://www.adidas.com.lb/en/adidas-galaxy-7-running-shoes-black/A7_ID8764_ONE.html,2026-04-10T14:26:31Z
SP-26E1DF3914,ADIDAS|IG9166,ADIDAS,IG9166,"Advantage 2.0 Shoes, White","Advantage 2.0 Shoes, White",adidas_lb,11340000.0,,,False,IN_STOCK,LBP,126.0,,126.0,https://www.adidas.com.lb/en/adidas-advantage-2.0-shoes-white/A7_IG9166_ONE.html,2026-04-10T14:27:08Z
SP-265659CA96,ADIDAS|IG9175,ADIDAS,IG9175,"Advantage 2.0 Shoes, White","Advantage 2.0 Shoes, White",adidas_lb,11340000.0,,,False,IN_STOCK,LBP,126.0,,126.0,https://www.adidas.com.lb/en/adidas-advantage-2.0-shoes-white/A7_IG9175_ONE.html,2026-04-10T14:27:09Z
SP-C328DB5C58,ADIDAS|IG9184,ADIDAS,IG9184,"Advantage Base 2.0 Shoes, Black","Advantage Base 2.0 Shoes, Black",adidas_lb,8550000.0,,,False,IN_STOCK,LBP,95.0,,95.0,https://www.adidas.com.lb/en/adidas-advantage-base-2.0-shoes-black/A7_IG9184_ONE.html,2026-04-10T14:27:10Z
SP-8C2C7BFBA1,ADIDAS|IH1478,ADIDAS,IH1478,"Grand Court 3.0 Shoes, White","Grand Court 3.0 Shoes, White",adidas_lb,11340000.0,,,False,IN_STOCK,LBP,126.0,,126.0,https://www.adidas.com.lb/en/adidas-grand-court-3.0-shoes-white/A7_IH1478_ONE.html,2026-04-10T14:27:14Z
SP-82664C3C8D,ADIDAS|IH6592,ADIDAS,IH6592,"Handball Spezial Shoes, White","Handball Spezial Shoes, White",adidas_lb,14310000.0,,,False,IN_STOCK,LBP,159.0,,159.0,https://www.adidas.com.lb/en/adidas-handball-spezial-shoes-white/A7_IH6592_ONE.html,2026-04-10T14:27:31Z
SP-D2CBD27227,ADIDAS|IH6870,ADIDAS,IH6870,"Samba OG Shoes, White","Samba OG Shoes, White",adidas_lb,14310000.0,,,False,IN_STOCK,LBP,159.0,,159.0,https://www.adidas.com.lb/en/adidas-samba-og-shoes-white/A7_IH6870_ONE.html,2026-04-10T14:27:32Z
SP-2AE7A078CB,ADIDAS|IS7049,ADIDAS,IS7049,Adidas Classic 3 Bar Logo Training Backpack Men Dark Blue/White,"Unisex Classic 3 Bar Logo Backpack, Blue",adidas_lb,3330000.0,,,False,IN_STOCK,LBP,37.0,,37.0,https://www.adidas.com.lb/en/adidas-unisex-classic-3-bar-logo-backpack-blue/A7_IS7049_ONE.html,2026-04-10T14:28:18Z
SP-EEC5C6A0BE,ADIDAS|IW5977,ADIDAS,IW5977,"AEROREADY Sereno Cut 3-Stripes Track Suit, Blue","AEROREADY Sereno Cut 3-Stripes Track Suit, Blue",adidas_lb,9990000.0,,,False,IN_STOCK,LBP,111.0,,111.0,https://www.adidas.com.lb/en/adidas-aeroready-sereno-cut-3-stripes-track-suit-blue/A7_IW5977_ONE.html,2026-04-10T14:28:28Z
SP-8DA54A884E,ADIDAS|IX1248,ADIDAS,IX1248,Adidas All Szn Men Sportswear Hoody Black,"ALL SZN French Terry Hoodie, Multicolour",adidas_lb,8550000.0,,,False,IN_STOCK,LBP,95.0,,95.0,https://www.adidas.com.lb/en/adidas-all-szn-french-terry-hoodie-multicolour/A7_IX1248_ONE.html,2026-04-10T14:28:29Z
SP-511FC63A1A,ADIDAS|JE5682,ADIDAS,JE5682,Adidas D4T 3 Stripes Men Training Short Black,"Designed-for-Training 3-Stripes Shorts, Black",adidas_lb,6840000.0,,,False,IN_STOCK,LBP,76.0,,76.0,https://www.adidas.com.lb/en/adidas-designed-for-training-3-stripes-shorts-black/A7_JE5682_ONE.html,2026-04-10T14:29:33Z
SP-275CC88728,ADIDAS|JE8943,ADIDAS,JE8943,Adidas Essentials Big Logo Men Sportswear T-Shirt White/Black,"Essentials Big Logo T-shirt, White",adidas_lb,3960000.0,,,False,IN_STOCK,LBP,44.0,,44.0,https://www.adidas.com.lb/en/adidas-essentials-big-logo-t-shirt-white/A7_JE8943_ONE.html,2026-04-10T14:29:49Z
SP-648D792B8F,ADIDAS|JF8484,ADIDAS,JF8484,Adidas Lightweight Baseball Unisex Training Cap White,"Unisex Lightweight Baseball Cap, White",adidas_lb,2340000.0,,,False,IN_STOCK,LBP,26.0,,26.0,https://www.adidas.com.lb/en/adidas-unisex-lightweight-baseball-cap-white/A7_JF8484_ONE.html,2026-04-10T14:29:59Z
SP-C5A9CE6C8D,ADIDAS|JI2306,ADIDAS,JI2306,"Barreda Shoes, White","Barreda Shoes, White",adidas_lb,8550000.0,,,False,IN_STOCK,LBP,95.0,,95.0,https://www.adidas.com.lb/en/adidas-barreda-shoes-white/A7_JI2306_ONE.html,2026-04-10T14:30:23Z
SP-1A5E48962B,ADIDAS|JI2316,ADIDAS,JI2316,"Barreda Decode Shoes, Black","Barreda Decode Shoes, Black",adidas_lb,11340000.0,,,False,IN_STOCK,LBP,126.0,,126.0,https://www.adidas.com.lb/en/adidas-barreda-decode-shoes-black/A7_JI2316_ONE.html,2026-04-10T14:30:24Z
SP-C1FA92617F,ADIDAS|JI2318,ADIDAS,JI2318,"Barreda Decode Shoes, Green","Barreda Decode Shoes, Green",adidas_lb,11340000.0,,,False,IN_STOCK,LBP,126.0,,126.0,https://www.adidas.com.lb/en/adidas-barreda-decode-shoes-green/A7_JI2318_ONE.html,2026-04-10T14:30:24Z
SP-A2D46F25B1,ADIDAS|JI2321,ADIDAS,JI2321,"Barreda Decode Shoes, White","Barreda Decode Shoes, White",adidas_lb,11340000.0,,,False,IN_STOCK,LBP,126.0,,126.0,https://www.adidas.com.lb/en/adidas-barreda-decode-shoes-white/A7_JI2321_ONE.html,2026-04-10T14:30:25Z
SP-EFA218BDF9,ADIDAS|JI8081,ADIDAS,JI8081,Adidas Classic Training Backpack With Pencil Case Unisex Black/White,"Unisex Backpack With Pencil Case, Black",adidas_lb,4230000.0,,,False,IN_STOCK,LBP,47.0,,47.0,https://www.adidas.com.lb/en/adidas-unisex-backpack-with-pencil-case-black/A7_JI8081_ONE.html,2026-04-10T14:30:38Z
SP-351A270268,ADIDAS|JJ1926,ADIDAS,JJ1926,Adidas Real Madrid 25/26 Home Men Football Short White,"Real Madrid 25/26 Home Shorts, White",adidas_lb,6030000.0,,,False,IN_STOCK,LBP,67.0,,67.0,https://www.adidas.com.lb/en/adidas-real-madrid-25-26-home-shorts-white/A7_JJ1926_ONE.html,2026-04-10T14:30:50Z
SP-56FCC8F98B,ADIDAS|JJ1931,ADIDAS,JJ1931,Adidas Real Madrid 25/26 Home Jersey Men Football T-Shirt White,"Real Madrid 25/26 Home Jersey, White",adidas_lb,13680000.0,,,False,IN_STOCK,LBP,152.0,,152.0,https://www.adidas.com.lb/en/adidas-real-madrid-25-26-home-jersey-white/A7_JJ1931_ONE.html,2026-04-10T14:30:50Z
SP-DB6E685B51,ADIDAS|JJ2137,ADIDAS,JJ2137,Adidas Fc Bayern 25/26 Home Jersey Men Football T-Shirt Red,"FC Bayern 25/26 Home Jersey, Red",adidas_lb,14310000.0,,,False,IN_STOCK,LBP,159.0,,159.0,https://www.adidas.com.lb/en/adidas-fc-bayern-25-26-home-jersey-red/A7_JJ2137_ONE.html,2026-04-10T14:30:51Z
SP-DB14195D44,ADIDAS|JJ4182,ADIDAS,JJ4182,Adidas Real Madrid 25/26 Away Jersey Men Football T-Shirt Legend Ink,"Real Madrid 25/26 Away Jersey, Blue",adidas_lb,13680000.0,,,False,IN_STOCK,LBP,152.0,,152.0,https://www.adidas.com.lb/en/adidas-real-madrid-25-26-away-jersey-blue/A7_JJ4182_ONE.html,2026-04-10T14:30:53Z
SP-DE8799B8CD,ADIDAS|JJ4320,ADIDAS,JJ4320,Adidas Juventus 25/26 Home Jersey Men Football T-Shirt White/Black,"Juventus 25/26 Home Jersey, White",adidas_lb,13680000.0,,,False,IN_STOCK,LBP,152.0,,152.0,https://www.adidas.com.lb/en/adidas-juventus-25-26-home-jersey-white/A7_JJ4320_ONE.html,2026-04-10T14:30:54Z
SP-0246864EFD,ADIDAS|JL5081,ADIDAS,JL5081,Adidas Workout Essentials Woven Women Training Pant Black,"Workout Essentials Woven Training Joggers, Black",adidas_lb,6840000.0,,,False,IN_STOCK,LBP,76.0,,76.0,https://www.adidas.com.lb/en/adidas-workout-essentials-woven-training-joggers-black/A7_JL5081_ONE.html,2026-04-10T14:30:55Z
SP-CC132CEF52,ADIDAS|JM6459,ADIDAS,JM6459,Adidas Food Grilled Cheese Graphic Men Sportswear T-Shirt Off White,"Food Grilled Cheese Graphic T-Shirt, White",adidas_lb,3960000.0,,,False,IN_STOCK,LBP,44.0,,44.0,https://www.adidas.com.lb/en/adidas-food-grilled-cheese-graphic-t-shirt-white/A7_JM6459_ONE.html,2026-04-10T14:31:04Z
SP-42DCF92EB8,ADIDAS|JN5237,ADIDAS,JN5237,Adidas Juventus 25/26 Home Jersey Kids-Unisex Football T-Shirt White/Black,"Kids Unisex Juventus 25/26 Home Jersey, White",adidas_lb,10530000.0,,,False,IN_STOCK,LBP,117.0,,117.0,https://www.adidas.com.lb/en/adidas-kids-unisex-juventus-25-26-home-jersey-white/A7_JN5237_ONE.html,2026-04-10T14:31:14Z
SP-709D55A450,ADIDAS|JN8878,ADIDAS,JN8878,Adidas Real Madrid 25/26 Home Kids-Unisex Football Short White,"Kids Unisex Real Madrid 25/26 Home Shorts, White",adidas_lb,5490000.0,,,False,IN_STOCK,LBP,61.0,,61.0,https://www.adidas.com.lb/en/adidas-kids-unisex-real-madrid-25-26-home-shorts-white/A7_JN8878_ONE.html,2026-04-10T14:31:20Z
SP-DA8CC184C9,ADIDAS|JN8887,ADIDAS,JN8887,Adidas Real Madrid 25/26 Home Jersey Kids-Unisex Football T-Shirt White,"Kids Unisex Real Madrid 25/26 Home Jersey, White",adidas_lb,10530000.0,,,False,IN_STOCK,LBP,117.0,,117.0,https://www.adidas.com.lb/en/adidas-kids-unisex-real-madrid-25-26-home-jersey-white/A7_JN8887_ONE.html,2026-04-10T14:31:20Z
SP-236F78ABB2,ADIDAS|JV5079,ADIDAS,JV5079,Adidas Camo Graphic Kids-Boys Sportswear T-Shirt Black,"Kids Unisex Camo Graphic T-Shirt, Black",adidas_lb,2520000.0,,,False,IN_STOCK,LBP,28.0,,28.0,https://www.adidas.com.lb/en/adidas-kids-unisex-camo-graphic-t-shirt-black/A7_JV5079_ONE.html,2026-04-10T14:33:19Z
SP-E961A24573,ADIDAS|JV7515,ADIDAS,JV7515,"Adibreak Tracksuit Bottoms, Green","Adibreak Tracksuit Bottoms, Green",adidas_lb,10890000.0,,,False,IN_STOCK,LBP,121.0,,121.0,https://www.adidas.com.lb/en/adidas-adibreak-tracksuit-bottoms-green/A7_JV7515_ONE.html,2026-04-10T14:33:30Z
SP-EB900BB3C2,ADIDAS|KA2796,ADIDAS,KA2796,"Adi365 Running Pocket Medium Support Bra, Green","Adi365 Running Pocket Medium Support Bra, Green",adidas_lb,7200000.0,,,False,IN_STOCK,LBP,80.0,,80.0,https://www.adidas.com.lb/en/adidas-adi365-running-pocket-medium-support-bra-green/A7_KA2796_ONE.html,2026-04-10T14:34:55Z
SP-D7ADEC42DC,ADIDAS|KC5821,ADIDAS,KC5821,"Adi365 Running Pocket Graphic Medium Support Bra, Black","Adi365 Running Pocket Graphic Medium Support Bra, Black",adidas_lb,7920000.0,,,False,IN_STOCK,LBP,88.0,,88.0,https://www.adidas.com.lb/en/adidas-adi365-running-pocket-graphic-medium-support-bra-black/A7_KC5821_ONE.html,2026-04-10T14:35:34Z
SP-7F6612273E,ADIDAS|KD3683,ADIDAS,KD3683,"3 Stripes Slim T-Shirt, White","3 Stripes Slim T-Shirt, White",adidas_lb,4860000.0,,,False,IN_STOCK,LBP,54.0,,54.0,https://www.adidas.com.lb/en/adidas-3-stripes-slim-t-shirt-white/A7_KD3683_ONE.html,2026-04-10T14:36:16Z
SP-DA4EFC860B,ADIDAS|KD7968,ADIDAS,KD7968,"3 Stripes Bralett, Black","3 Stripes Bralett, Black",adidas_lb,4860000.0,,,False,IN_STOCK,LBP,54.0,,54.0,https://www.adidas.com.lb/en/adidas-3-stripes-bralett-black/A7_KD7968_ONE.html,2026-04-10T14:36:36Z
SP-FF9B4B4F9C,ADIDAS|KD7980,ADIDAS,KD7980,"3 Stripes Slim T-Shirt, Black","3 Stripes Slim T-Shirt, Black",adidas_lb,4860000.0,,,False,IN_STOCK,LBP,54.0,,54.0,https://www.adidas.com.lb/en/adidas-3-stripes-slim-t-shirt-black/A7_KD7980_ONE.html,2026-04-10T14:36:38Z
SP-2F2652299B,ADIDAS|DZ9435,ADIDAS,DZ9435,Adidas Unisex Training Dz9435 Light Ank 3Pp White/White/White,"Unisex Ankle Socks 3 Pairs, White",adidas_lb,1620000.0,,,False,IN_STOCK,LBP,18.0,,18.0,https://www.adidas.com.lb/en/adidas-outlet-unisex-ankle-socks-3-pairs-white/A9_DZ9435_ONE.html,2026-04-10T14:38:10Z
SP-F067DCDACE,ADIDAS|GK9950,ADIDAS,GK9950,"AEROREADY Essentials Regular-Fit 3-Stripes Track Suit, Black","AEROREADY Essentials Regular-Fit 3-Stripes Track Suit, Black",adidas_lb,9450000.0,7560000.0,0.2,True,IN_STOCK,LBP,105.0,84.0,84.0,https://www.adidas.com.lb/en/adidas-outlet-aeroready-essentials-regular-fit-3-stripes-track-suit-black/A9_GK9950_ONE.html,2026-04-10T14:39:20Z
SP-154D0C8A2D,ADIDAS|GL0723,ADIDAS,GL0723,"3 Stripes Leggings, Black","3 Stripes Leggings, Black",adidas_lb,3960000.0,3150000.0,0.2045,True,IN_STOCK,LBP,44.0,35.0,35.0,https://www.adidas.com.lb/en/adidas-outlet-3-stripes-leggings-black/A9_GL0723_ONE.html,2026-04-10T14:39:24Z
SP-EE94F7E634,ADIDAS|H37774,ADIDAS,H37774,"Adicolor Classics Tricot Skirt, Black","Adicolor Classics Tricot Skirt, Black",adidas_lb,5670000.0,1170000.0,0.7937000000000001,True,IN_STOCK,LBP,63.0,13.0,13.0,https://www.adidas.com.lb/en/adidas-outlet-adicolor-classics-tricot-skirt-black/A9_H37774_ONE.html,2026-04-10T14:41:58Z
SP-749D462018,ADIDAS|HE4146,ADIDAS,HE4146,"Studio Lounge Rib Jumpsuit, Green","Studio Lounge Rib Jumpsuit, Green",adidas_lb,9450000.0,1890000.0,0.8,True,IN_STOCK,LBP,105.0,21.0,21.0,https://www.adidas.com.lb/en/adidas-outlet-studio-lounge-rib-jumpsuit-green/A9_HE4146_ONE.html,2026-04-10T14:43:27Z
SP-F4341B2295,ADIDAS|HE4408,ADIDAS,HE4408,"AEROREADY Essentials Regular-Fit 3-Stripes Track Suit, Blue","AEROREADY Essentials Regular-Fit 3-Stripes Track Suit, Blue",adidas_lb,9450000.0,7560000.0,0.2,True,IN_STOCK,LBP,105.0,84.0,84.0,https://www.adidas.com.lb/en/adidas-outlet-aeroready-essentials-regular-fit-3-stripes-track-suit-blue/A9_HE4408_ONE.html,2026-04-10T14:43:28Z
SP-21EC9D6B2F,ADIDAS|HL9308,ADIDAS,HL9308,"Adicolor Classics Poplin Skirt, Blue","Adicolor Classics Poplin Skirt, Blue",adidas_lb,7200000.0,2880000.0,0.6,True,IN_STOCK,LBP,80.0,32.0,32.0,https://www.adidas.com.lb/en/adidas-outlet-adicolor-classics-poplin-skirt-blue/A9_HL9308_ONE.html,2026-04-10T14:44:47Z
SP-EA1A90B4B8,ADIDAS|HQ6041,ADIDAS,HQ6041,Adidas Stan Smith Millencon Lifestyle Women,"Stan Smith Millencon Shoes, White",adidas_lb,15840000.0,7920000.0,0.5,True,IN_STOCK,LBP,176.0,88.0,88.0,https://www.adidas.com.lb/en/adidas-outlet-stan-smith-millencon-shoes-white/A9_HQ6041_ONE.html,2026-04-10T14:45:58Z
SP-C3695075E8,ADIDAS|HS1747,ADIDAS,HS1747,"3 Bar Logo Swimsuit, Black","3 Bar Logo Swimsuit, Black",adidas_lb,4860000.0,1440000.0,0.7037,True,IN_STOCK,LBP,54.0,16.0,16.0,https://www.adidas.com.lb/en/adidas-outlet-3-bar-logo-swimsuit-black/A9_HS1747_ONE.html,2026-04-10T14:46:59Z
SP-753874965B,ADIDAS|HT4369,ADIDAS,HT4369,"3-Stripes Clx Very-Short-Length Swim Shorts, Blue","3-Stripes Clx Very-Short-Length Swim Shorts, Blue",adidas_lb,5490000.0,2790000.0,0.4918,True,IN_STOCK,LBP,61.0,31.0,31.0,https://www.adidas.com.lb/en/adidas-outlet-3-stripes-clx-very-short-length-swim-shorts-blue/A9_HT4369_ONE.html,2026-04-10T14:47:30Z
SP-24D24979D7,ADIDAS|IB7705,ADIDAS,IB7705,"3-Stripes Swimsuit, Black","3-Stripes Swimsuit, Black",adidas_lb,6840000.0,2070000.0,0.6973999999999999,True,IN_STOCK,LBP,76.0,23.0,23.0,https://www.adidas.com.lb/en/adidas-outlet-3-stripes-swimsuit-black/A9_IB7705_ONE.html,2026-04-10T14:49:16Z
SP-73E4C8CC61,ADIDAS|ID3488,ADIDAS,ID3488,"4Dfwd 3 Running Shoes, Black","4Dfwd 3 Running Shoes, Black",adidas_lb,28620000.0,14310000.0,0.5,True,IN_STOCK,LBP,318.0,159.0,159.0,https://www.adidas.com.lb/en/adidas-outlet-4dfwd-3-running-shoes-black/A9_ID3488_ONE.html,2026-04-10T14:50:58Z
SP-28A4947B98,ADIDAS|ID3489,ADIDAS,ID3489,"4Dfwd 3 Running Shoes, Beige","4Dfwd 3 Running Shoes, Beige",adidas_lb,28620000.0,18630000.0,0.34909999999999997,True,IN_STOCK,LBP,318.0,207.0,207.0,https://www.adidas.com.lb/en/adidas-outlet-4dfwd-3-running-shoes-beige/A9_ID3489_ONE.html,2026-04-10T14:50:58Z
SP-DEECA186E7,ADIDAS|ID3491,ADIDAS,ID3491,"4Dfwd 3 Running Shoes, Black","4Dfwd 3 Running Shoes, Black",adidas_lb,28620000.0,11430000.0,0.6006,True,IN_STOCK,LBP,318.0,127.0,127.0,https://www.adidas.com.lb/en/adidas-outlet-4dfwd-3-running-shoes-black/A9_ID3491_ONE.html,2026-04-10T14:50:58Z
SP-6C4030E8BF,ADIDAS|ID3499,ADIDAS,ID3499,"4Dfwd 3 Running Shoes, Beige","4Dfwd 3 Running Shoes, Beige",adidas_lb,28620000.0,18630000.0,0.34909999999999997,True,IN_STOCK,LBP,318.0,207.0,207.0,https://www.adidas.com.lb/en/adidas-outlet-4dfwd-3-running-shoes-beige/A9_ID3499_ONE.html,2026-04-10T14:50:59Z
SP-0D8F9A9ADA,ADIDAS|ID8311,ADIDAS,ID8311,"4Dfwd 4 Running Shoes, White","4Dfwd 4 Running Shoes, White",adidas_lb,28620000.0,18630000.0,0.34909999999999997,True,IN_STOCK,LBP,318.0,207.0,207.0,https://www.adidas.com.lb/en/adidas-outlet-4dfwd-4-running-shoes-white/A9_ID8311_ONE.html,2026-04-10T14:51:12Z
SP-C7EF6CC8AF,ADIDAS|ID8840,ADIDAS,ID8840,Adidas Ultraboost 5 Women Running Shoes White/Grey/Pink,"Ultraboost 5 Shoes, White",adidas_lb,25830000.0,12960000.0,0.49829999999999997,True,IN_STOCK,LBP,287.0,144.0,144.0,https://www.adidas.com.lb/en/adidas-outlet-ultraboost-5-shoes-white/A9_ID8840_ONE.html,2026-04-10T14:51:14Z
SP-BEDB9977CB,ADIDAS|ID8882,ADIDAS,ID8882,"4Dfwd 4 Running Shoes, Black","4Dfwd 4 Running Shoes, Black",adidas_lb,28620000.0,14310000.0,0.5,True,IN_STOCK,LBP,318.0,159.0,159.0,https://www.adidas.com.lb/en/adidas-outlet-4dfwd-4-running-shoes-black/A9_ID8882_ONE.html,2026-04-10T14:51:15Z
SP-9DB6B598F6,ADIDAS|ID8887,ADIDAS,ID8887,"4Dfwd 4 Running Shoes, White","4Dfwd 4 Running Shoes, White",adidas_lb,28620000.0,11430000.0,0.6006,True,IN_STOCK,LBP,318.0,127.0,127.0,https://www.adidas.com.lb/en/adidas-outlet-4dfwd-4-running-shoes-white/A9_ID8887_ONE.html,2026-04-10T14:51:15Z
SP-3B493D0895,ADIDAS|IE5863,ADIDAS,IE5863,"4DFWD 4 Running Shoes, White","4DFWD 4 Running Shoes, White",adidas_lb,28620000.0,14310000.0,0.5,True,IN_STOCK,LBP,318.0,159.0,159.0,https://www.adidas.com.lb/en/adidas-outlet-4dfwd-4-running-shoes-white/A9_IE5863_ONE.html,2026-04-10T14:51:32Z
SP-545229B88B,ADIDAS|IG8980,ADIDAS,IG8980,"4Dfwd 3 Running Shoes, Grey","4Dfwd 3 Running Shoes, Grey",adidas_lb,28620000.0,14310000.0,0.5,True,IN_STOCK,LBP,318.0,159.0,159.0,https://www.adidas.com.lb/en/adidas-outlet-4dfwd-3-running-shoes-grey/A9_IG8980_ONE.html,2026-04-10T14:52:41Z
SP-48A96BB634,ADIDAS|IG8986,ADIDAS,IG8986,"4DFWD 3 Running Shoes, Black","4DFWD 3 Running Shoes, Black",adidas_lb,28620000.0,18630000.0,0.34909999999999997,True,IN_STOCK,LBP,318.0,207.0,207.0,https://www.adidas.com.lb/en/adidas-outlet-4dfwd-3-running-shoes-black/A9_IG8986_ONE.html,2026-04-10T14:52:42Z
SP-745B1972AB,ADIDAS|IG8995,ADIDAS,IG8995,"4Dfwd 3 Running Shoes, Black","4Dfwd 3 Running Shoes, Black",adidas_lb,28620000.0,18630000.0,0.34909999999999997,True,IN_STOCK,LBP,318.0,207.0,207.0,https://www.adidas.com.lb/en/adidas-outlet-4dfwd-3-running-shoes-black/A9_IG8995_ONE.html,2026-04-10T14:52:42Z
SP-485BDE7E2C,ADIDAS|IG8996,ADIDAS,IG8996,"4Dfwd 3 Running Shoes, Black","4Dfwd 3 Running Shoes, Black",adidas_lb,28620000.0,18630000.0,0.34909999999999997,True,IN_STOCK,LBP,318.0,207.0,207.0,https://www.adidas.com.lb/en/adidas-outlet-4dfwd-3-running-shoes-black/A9_IG8996_ONE.html,2026-04-10T14:52:43Z
SP-02050B0FD1,ADIDAS|IK7862,ADIDAS,IK7862,"Adicolor 70S V-Neck Dress, Beige","Adicolor 70S V-Neck Dress, Beige",adidas_lb,8550000.0,3420000.0,0.6,True,IN_STOCK,LBP,95.0,38.0,38.0,https://www.adidas.com.lb/en/adidas-outlet-adicolor-70s-v-neck-dress-beige/A9_IK7862_ONE.html,2026-04-10T14:54:03Z
SP-33F5CF243E,ADIDAS|IM2848,ADIDAS,IM2848,"3 Stripes Leggings, Turquoise","3 Stripes Leggings, Turquoise",adidas_lb,4230000.0,1260000.0,0.7021,True,IN_STOCK,LBP,47.0,14.0,14.0,https://www.adidas.com.lb/en/adidas-outlet-3-stripes-leggings-turquoise/A9_IM2848_ONE.html,2026-04-10T14:55:11Z
SP-AA14E90547,ADIDAS|IP2968,ADIDAS,IP2968,"3-Stripes Leggings, Multicolour","3-Stripes Leggings, Multicolour",adidas_lb,4860000.0,2430000.0,0.5,True,IN_STOCK,LBP,54.0,27.0,27.0,https://www.adidas.com.lb/en/adidas-outlet-3-stripes-leggings-multicolour/A9_IP2968_ONE.html,2026-04-10T14:56:42Z
SP-E0B825C9D5,ADIDAS|IP2970,ADIDAS,IP2970,"3-Stripes Leggings, Green","3-Stripes Leggings, Green",adidas_lb,4860000.0,1980000.0,0.5926,True,IN_STOCK,LBP,54.0,22.0,22.0,https://www.adidas.com.lb/en/adidas-outlet-3-stripes-leggings-green/A9_IP2970_ONE.html,2026-04-10T14:56:43Z
SP-625A952A40,ADIDAS|IU2415,ADIDAS,IU2415,"3-Stripes Bra Long-Sleeve Top, Multicolour","3-Stripes Bra Long-Sleeve Top, Multicolour",adidas_lb,4860000.0,1980000.0,0.5926,True,IN_STOCK,LBP,54.0,22.0,22.0,https://www.adidas.com.lb/en/adidas-outlet-3-stripes-bra-long-sleeve-top-multicolour/A9_IU2415_ONE.html,2026-04-10T14:59:46Z
SP-14F06CB1CC,ADIDAS|IU2430,ADIDAS,IU2430,"3-Stripes Bodysuit, Black","3-Stripes Bodysuit, Black",adidas_lb,6840000.0,2700000.0,0.6053000000000001,True,IN_STOCK,LBP,76.0,30.0,30.0,https://www.adidas.com.lb/en/adidas-outlet-3-stripes-bodysuit-black/A9_IU2430_ONE.html,2026-04-10T14:59:49Z
SP-154D3E9BB1,ADIDAS|IU2522,ADIDAS,IU2522,"3-Stripes Leggings, Black","3-Stripes Leggings, Black",adidas_lb,6030000.0,3060000.0,0.4925,True,IN_STOCK,LBP,67.0,34.0,34.0,https://www.adidas.com.lb/en/adidas-outlet-3-stripes-leggings-black/A9_IU2522_ONE.html,2026-04-10T14:59:52Z
SP-0F8FD95EB4,ADIDAS|IU2526,ADIDAS,IU2526,"3-Stripes Skirt, Black","3-Stripes Skirt, Black",adidas_lb,6030000.0,2430000.0,0.597,True,IN_STOCK,LBP,67.0,27.0,27.0,https://www.adidas.com.lb/en/adidas-outlet-3-stripes-skirt-black/A9_IU2526_ONE.html,2026-04-10T14:59:52Z
SP-100050E78D,ADIDAS|IX3178,ADIDAS,IX3178,Adidas Power Vii Unisex Training Bag Alumina/Black,"Unisex Power Backpack, Beige",adidas_lb,5040000.0,4050000.0,0.19640000000000002,True,IN_STOCK,LBP,56.0,45.0,45.0,https://www.adidas.com.lb/en/outlet-adidas-unisex-power-backpack-beige/A9_IX3178_ONE.html,2026-04-10T15:01:22Z
SP-80442AC9A2,ADIDAS|IY2155,ADIDAS,IY2155,"3-Stripes French Terry Shorts, Purple","3-Stripes French Terry Shorts, Purple",adidas_lb,5490000.0,2160000.0,0.6065999999999999,True,IN_STOCK,LBP,61.0,24.0,24.0,https://www.adidas.com.lb/en/adidas-outlet-3-stripes-french-terry-shorts-purple/A9_IY2155_ONE.html,2026-04-10T15:02:04Z
SP-03C17880F4,ADIDAS|JC8403,ADIDAS,JC8403,3 STRIPES TEE,3 STRIPES TEE,adidas_lb,3960000.0,3150000.0,0.2045,True,IN_STOCK,LBP,44.0,35.0,35.0,https://www.adidas.com.lb/en/outlet-adidas-3-stripes-tee/A9_JC8403_ONE.html,2026-04-10T15:03:23Z
SP-E7F43FB6BA,ADIDAS|JD4982,ADIDAS,JD4982,"3-Stripes Leggings, Brown","3-Stripes Leggings, Brown",adidas_lb,4860000.0,3870000.0,0.20370000000000002,True,IN_STOCK,LBP,54.0,43.0,43.0,https://www.adidas.com.lb/en/adidas-outlet-3-stripes-leggings-brown/A9_JD4982_ONE.html,2026-04-10T15:03:59Z
SP-8F64E1FCBD,ADIDAS|JE9741,ADIDAS,JE9741,Adidas INTER MIAMI IMCF JSY HOME Football Men,"Inter Miami Cf 24/25 Messi Home Jersey, Pink",adidas_lb,13680000.0,5490000.0,0.5987,True,IN_STOCK,LBP,152.0,61.0,61.0,https://www.adidas.com.lb/en/adidas-outlet-inter-miami-cf-24-25-messi-home-jersey-pink/A9_JE9741_ONE.html,2026-04-10T15:04:24Z
SP-CF5BCC0FE2,ADIDAS|JI4632,ADIDAS,JI4632,"Response Super Shoes, White","Response Super Shoes, White",adidas_lb,12420000.0,6210000.0,0.5,True,IN_STOCK,LBP,138.0,69.0,69.0,https://www.adidas.com.lb/en/adidas-outlet-response-super-shoes-white/A9_JI4632_ONE.html,2026-04-10T15:06:34Z
SP-20E084F9D9,NEW BALANCE|BB550,NEW BALANCE,BB550,New Balance Bb550 Men Lifestyle Shoes Sea Salt/Blue/Angora,BB550 Women,tchooz,189.0,115.0,0.39149999999999996,True,IN_STOCK,USD,189.0,115.0,115.0,https://tchoozshoes.com/products/bb550pb1-w,2026-04-10T14:22:53Z
SP-8F64E1FCBD,ADIDAS|JE9741,ADIDAS,JE9741,Adidas INTER MIAMI IMCF JSY HOME Football Men,Adidas INTER MIAMI IMCF JSY HOME Football Men,tchooz,153.0,61.0,0.6013000000000001,True,IN_STOCK,USD,153.0,61.0,61.0,https://tchoozshoes.com/products/je9741,2026-04-10T14:22:53Z
SP-1A5E48962B,ADIDAS|JI2316,ADIDAS,JI2316,"Barreda Decode Shoes, Black",BARREDA DECODE Men,tchooz,126.0,,,False,IN_STOCK,USD,126.0,,126.0,https://tchoozshoes.com/products/ji2316,2026-04-10T14:22:53Z
SP-C5A9CE6C8D,ADIDAS|JI2306,ADIDAS,JI2306,"Barreda Shoes, White",BARREDA Men,tchooz,96.0,,,False,IN_STOCK,USD,96.0,,96.0,https://tchoozshoes.com/products/ji2306,2026-04-10T14:22:53Z
SP-229CAF275F,PUMA|BF2023,PUMA,BF2023,DARE TO Leggings Sportstyle/Prime Women,DARE TO Leggings Sportstyle/Prime Women,tchooz,67.0,5.0,0.9254000000000001,True,IN_STOCK,USD,67.0,5.0,5.0,https://tchoozshoes.com/products/53832792,2026-04-10T14:22:53Z
SP-EA1A90B4B8,ADIDAS|HQ6041,ADIDAS,HQ6041,Adidas Stan Smith Millencon Lifestyle Women,Adidas Stan Smith Millencon Lifestyle Women,tchooz,175.0,61.0,0.6514,True,IN_STOCK,USD,175.0,61.0,61.0,https://tchoozshoes.com/products/hq6041,2026-04-10T14:22:53Z
SP-229CAF275F,PUMA|BF2023,PUMA,BF2023,DARE TO Leggings Sportstyle/Prime Women,PUMA Orbita 7 MS Mini,tchooz,20.0,,,False,IN_STOCK,USD,20.0,,20.0,https://tchoozshoes.com/products/8433601,2026-04-10T14:22:53Z
SP-82664C3C8D,ADIDAS|IH6592,ADIDAS,IH6592,"Handball Spezial Shoes, White",HANDBALL SPEZIAL Men,tchooz,159.0,,,False,IN_STOCK,USD,159.0,,159.0,https://tchoozshoes.com/products/ih6592,2026-04-10T14:22:53Z
SP-CF5BCC0FE2,ADIDAS|JI4632,ADIDAS,JI4632,"Response Super Shoes, White",RESPONSE SUPER M Men,tchooz,137.0,69.0,0.4964,True,IN_STOCK,USD,137.0,69.0,69.0,https://tchoozshoes.com/products/ji4632,2026-04-10T14:22:54Z
SP-4665CFBB2F,ADIDAS|BB5476,ADIDAS,BB5476,"Gazelle Shoes, Black",GAZELLE Men,tchooz,159.0,,,False,IN_STOCK,USD,159.0,,159.0,https://tchoozshoes.com/products/bb5476,2026-04-10T14:22:54Z
SP-C1FA92617F,ADIDAS|JI2318,ADIDAS,JI2318,"Barreda Decode Shoes, Green",BARREDA DECODE Men,tchooz,126.0,,,False,IN_STOCK,USD,126.0,,126.0,https://tchoozshoes.com/products/ji2318,2026-04-10T14:22:54Z
SP-A2D46F25B1,ADIDAS|JI2321,ADIDAS,JI2321,"Barreda Decode Shoes, White",BARREDA DECODE Women,tchooz,126.0,,,False,IN_STOCK,USD,126.0,,126.0,https://tchoozshoes.com/products/ji2321,2026-04-10T14:22:54Z
SP-D2CBD27227,ADIDAS|IH6870,ADIDAS,IH6870,"Samba OG Shoes, White",SAMBA OG Men,tchooz,159.0,,,False,IN_STOCK,USD,159.0,,159.0,https://tchoozshoes.com/products/ih6870,2026-04-10T14:22:54Z
SP-8C2C7BFBA1,ADIDAS|IH1478,ADIDAS,IH1478,"Grand Court 3.0 Shoes, White",GRAND COURT 3.0 Men,tchooz,126.0,,,False,IN_STOCK,USD,126.0,,126.0,https://tchoozshoes.com/products/ih1478,2026-04-10T14:22:54Z
SP-26E1DF3914,ADIDAS|IG9166,ADIDAS,IG9166,"Advantage 2.0 Shoes, White",ADVANTAGE 2.0 Men,tchooz,126.0,,,False,IN_STOCK,USD,126.0,,126.0,https://tchoozshoes.com/products/ig9166,2026-04-10T14:22:54Z
SP-3FB5CF5912,ADIDAS|ID0478,ADIDAS,ID0478,"Samba OG Shoes, Beige",SAMBA OG Women,tchooz,159.0,,,False,IN_STOCK,USD,159.0,,159.0,https://tchoozshoes.com/products/id0478,2026-04-10T14:22:54Z
SP-0590004E40,ADIDAS|DB3021,ADIDAS,DB3021,"Handball Spezial Shoes, Black",HANDBALL SPEZIAL Men,tchooz,159.0,,,False,IN_STOCK,USD,159.0,,159.0,https://tchoozshoes.com/products/db3021,2026-04-10T14:22:54Z
SP-265659CA96,ADIDAS|IG9175,ADIDAS,IG9175,"Advantage 2.0 Shoes, White",ADVANTAGE 2.0 Women,tchooz,126.0,,,False,IN_STOCK,USD,126.0,,126.0,https://tchoozshoes.com/products/ig9175,2026-04-10T14:22:54Z
SP-C328DB5C58,ADIDAS|IG9184,ADIDAS,IG9184,"Advantage Base 2.0 Shoes, Black",ADVANTAGE BASE 2.0 Men,tchooz,96.0,,,False,IN_STOCK,USD,96.0,,96.0,https://tchoozshoes.com/products/ig9184,2026-04-10T14:22:54Z
SP-20E084F9D9,NEW BALANCE|BB550,NEW BALANCE,BB550,New Balance Bb550 Men Lifestyle Shoes Sea Salt/Blue/Angora,NEW BALANCE-BB550 Women,tchooz,199.0,139.0,0.3015,True,IN_STOCK,USD,199.0,139.0,139.0,https://tchoozshoes.com/products/bb550wt1-w,2026-04-10T14:22:54Z
SP-E1745BC3E3,ADIDAS|B75807,ADIDAS,B75807,"Samba OG Shoes, Black",SAMBA OG Men,tchooz,159.0,,,False,IN_STOCK,USD,159.0,,159.0,https://tchoozshoes.com/products/b75807,2026-04-10T14:22:54Z
SP-B6194DA390,NEW BALANCE|NB9060,NEW BALANCE,NB9060,Joe Freshgoods x New Balance NB9060,Joe Freshgoods x New Balance NB9060,shoesworld,140.0,80.0,0.4286,True,IN_STOCK,USD,140.0,80.0,80.0,https://www.shoesworldlb.com/product/6862995fc6403ad9596c9432,2026-04-10T15:12:41Z
SP-B6194DA390,NEW BALANCE|NB9060,NEW BALANCE,NB9060,Joe Freshgoods x New Balance NB9060,Joe Freshgoods x New Balance NB9060,shoesworld,80.0,,,False,IN_STOCK,USD,80.0,,80.0,https://www.shoesworldlb.com/product/6862995fc6403ad9596c9430,2026-04-10T15:12:42Z
SP-B39CD90660,NIKE|IM5019,NIKE,IM5019,NIKE Vomero Plus IM5019,NIKE Vomero Plus IM5019,shoesworld,83.0,,,False,IN_STOCK,USD,83.0,,83.0,https://www.shoesworldlb.com/product/6956a2f9e19375937957f3ab,2026-04-10T15:12:50Z
