state_id,sku_id,product_key,style_code,brand,category,product_name,week_of,days_of_supply,stock_coverage_ratio,stockout_risk,total_qty,inventory_vs_median,current_margin_pct,discount_depth_last_30d,days_since_last_discount,days_at_current_price,retail_price_usd,price_gap_pct,competitors_on_sale,competitors_out_of_stock,num_competitors,market_position,days_since_launch,season_sell_through_pct,brand_tier,cost_price_usd,seasonality_score,category_seasonal_boost,event_proximity_score,next_month_seasonality,cash_runway_months,cash_tight,inventory_intensity,match_type,match_score,inventory_history_quality,has_competitor_data,competitor_min_price_usd,competitor_avg_price_usd,competitor_max_price_usd,sales_units_last_28d,avg_daily_sales_28d,competitor_price_trend_4w,competitor_sale_frequency_4w,competitor_oos_frequency_4w,price_gap_volatility_4w,stock_velocity_4w,sell_through_velocity_4w,days_since_competitor_change,rules_label,row_source,is_augmented,augmentation_family,anchor_state_id,sample_weight_hint,ai_label,expected_label,ai_label_confidence,label_confidence,ai_label_rationale,audit_flags,label_prompt_version,labeler_model,labeled_at,ai_label_disagrees_with_rules,ai_score_hold,ai_score_markdown,ai_score_promote,ai_score_clear
1|2026-05-19,1,,2,2,2,2,2026-05-19,0.0,0.0,1,0,1.0,-1000.0,0.0,999,30,2.0,0.0,0,0,0,at_market,0,1.0,tier2,22.0,1.15,0.0,0.0,1.2,3.0,0,0.8224,no_match,0.0,movement_reconstructed,0,0.0,0.0,0.0,0.0,0.0,0.0,0.0,0.0,0.0,0.0,0.0,0,HOLD,rds_snapshot_history,0,,,1.0,HOLD,HOLD,0.98,0.98,price is close to market; no urgent pricing intervention is needed,low_stock|thin_margin|weak_competitor_match,business_only_retail_pricing_v1,deterministic_business_heuristic,2026-06-04T19:20:03.676893+00:00,0,0.8431,0.0,0.085,0.0
1|2026-05-26,1,,2,2,2,2,2026-05-26,0.0,0.0,1,0,1.0,-1000.0,0.0,999,30,2.0,0.0,0,0,0,at_market,0,1.0,tier2,22.0,1.15,0.0,0.0,1.2,3.0,0,0.8224,no_match,0.0,movement_reconstructed,0,0.0,0.0,0.0,0.0,0.0,0.0,0.0,0.0,0.0,-12.0,-1.0,7,HOLD,rds_snapshot_history,0,,,1.0,HOLD,HOLD,0.98,0.98,price is close to market; no urgent pricing intervention is needed,low_stock|thin_margin|weak_competitor_match,business_only_retail_pricing_v1,deterministic_business_heuristic,2026-06-04T19:20:03.676893+00:00,0,0.8431,0.0,0.085,0.0
1234|2026-05-19,1234,,AP23941,Abidas,sniker,product_test,2026-05-19,0.0,0.0,1,0,1.0,44.44,0.0,999,30,99.0,0.0,0,0,0,at_market,0,1.0,tier2,55.0,1.15,0.0,0.0,1.2,3.0,0,0.8224,no_match,0.0,movement_reconstructed,0,0.0,0.0,0.0,0.0,0.0,0.0,0.0,0.0,0.0,0.0,0.0,0,HOLD,rds_snapshot_history,0,,,1.0,HOLD,HOLD,0.98,0.98,price is close to market; no urgent pricing intervention is needed,low_stock|weak_competitor_match,business_only_retail_pricing_v1,deterministic_business_heuristic,2026-06-04T19:20:03.676893+00:00,0,0.8431,0.0,0.1472,0.0
1234|2026-05-26,1234,,AP23941,Abidas,sniker,product_test,2026-05-26,0.0,0.0,1,0,1.0,44.44,0.0,999,30,99.0,0.0,0,0,0,at_market,0,1.0,tier2,55.0,1.15,0.0,0.0,1.2,3.0,0,0.8224,no_match,0.0,movement_reconstructed,0,0.0,0.0,0.0,0.0,0.0,0.0,0.5,0.5,0.0234,-12.0,-1.0,0,HOLD,rds_snapshot_history,0,,,1.0,HOLD,HOLD,0.98,0.98,price is close to market; no urgent pricing intervention is needed,low_stock|weak_competitor_match,business_only_retail_pricing_v1,deterministic_business_heuristic,2026-06-04T19:20:03.676893+00:00,0,0.8431,0.0,0.1472,0.0
2452452|2026-05-19,2452452,,OP3053,Abidas,pants,Jeans JJ,2026-05-19,0.0,0.0,1,0,1.0,46.67,0.0,999,30,75.0,0.0,0,0,0,at_market,0,1.0,tier2,40.0,1.15,0.0,0.0,1.2,3.0,0,0.8224,no_match,0.0,movement_reconstructed,0,0.0,0.0,0.0,0.0,0.0,0.0,0.0,0.0,0.0,0.0,0.0,0,HOLD,rds_snapshot_history,0,,,1.0,HOLD,HOLD,0.98,0.98,price is close to market; no urgent pricing intervention is needed,low_stock|weak_competitor_match,business_only_retail_pricing_v1,deterministic_business_heuristic,2026-06-04T19:20:03.676893+00:00,0,0.8431,0.0,0.1583,0.0
2452452|2026-05-26,2452452,,OP3053,Abidas,pants,Jeans JJ,2026-05-26,0.0,0.0,1,0,1.0,46.67,0.0,999,30,75.0,0.0,0,0,0,at_market,0,1.0,tier2,40.0,1.15,0.0,0.0,1.2,3.0,0,0.8224,no_match,0.0,movement_reconstructed,0,0.0,0.0,0.0,0.0,0.0,0.0,0.0,0.0,0.0,-64.0,-1.0,7,HOLD,rds_snapshot_history,0,,,1.0,HOLD,HOLD,0.98,0.98,price is close to market; no urgent pricing intervention is needed,low_stock|weak_competitor_match,business_only_retail_pricing_v1,deterministic_business_heuristic,2026-06-04T19:20:03.676893+00:00,0,0.8431,0.0,0.1583,0.0
SP-016FA5F172|2026-05-19,SP-016FA5F172,,IN234925,New Balance,apparel,New Balance Athletic Premium Logo Relaxed Women Lifestyle Sweatshirt Big Teal,2026-05-19,0.0,0.0,1,0,1.0,52.67,0.0,999,30,77.65,0.0341,0,0,1,at_market,0,1.0,tier1,36.75,1.15,0.0,0.0,1.2,3.0,0,0.8224,same_model_family,0.98,movement_reconstructed,1,75.0,75.0,75.0,0.0,0.0,0.0,1.0,1.0,0.0,0.0,0.0,0,HOLD,rds_snapshot_history,0,,,1.0,HOLD,HOLD,0.98,0.98,price is close to market; no urgent pricing intervention is needed,low_stock,business_only_retail_pricing_v1,deterministic_business_heuristic,2026-06-04T19:20:03.676893+00:00,0,0.7597,0.0113,0.2183,0.0
SP-016FA5F172|2026-05-26,SP-016FA5F172,,IN234925,New Balance,apparel,New Balance Athletic Premium Logo Relaxed Women Lifestyle Sweatshirt Big Teal,2026-05-26,64.5,2.15,0,14,1.0,52.67,0.0,999,30,77.65,0.0341,0,0,1,at_market,0,0.0,tier1,36.75,1.15,0.0,0.0,1.2,3.0,0,0.8224,same_model_family,0.98,movement_reconstructed,1,75.0,75.0,75.0,0.0,0.0,0.0,1.0,1.0,0.0,-14.0,-1.0,7,HOLD,rds_snapshot_history,0,,,1.0,HOLD,HOLD,0.98,0.98,inventory position is balanced; price is close to market; no urgent pricing intervention is needed,low_stock,business_only_retail_pricing_v1,deterministic_business_heuristic,2026-06-04T19:20:03.676893+00:00,0,0.9761,0.2313,0.4669,0.2447
SP-02050B0FD1|2026-05-19,SP-02050B0FD1,,IK7862,Adidas,other,"Adicolor 70S V-Neck Dress, Beige",2026-05-19,0.0,0.0,1,0,1.0,57.21,0.0,999,30,42.63,0.1086,1,1,1,above_market,0,1.0,tier1,18.24,1.15,0.0,0.0,1.2,3.0,0,0.8224,exact_style,1.0,movement_reconstructed,1,38.0,38.0,38.0,0.0,0.0,0.0,0.0,0.0,0.0,0.0,0.0,0,HOLD,rds_snapshot_history,0,,,1.0,HOLD,HOLD,0.8066,0.8066,no urgent pricing intervention is needed,low_stock,business_only_retail_pricing_v1,deterministic_business_heuristic,2026-06-04T19:20:03.676893+00:00,0,0.577,0.5299,0.291,0.0739
SP-02050B0FD1|2026-05-26,SP-02050B0FD1,,IK7862,Adidas,other,"Adicolor 70S V-Neck Dress, Beige",2026-05-26,73.5,2.45,0,9,1.0,57.21,0.0,999,30,42.63,0.0,0,0,0,at_market,0,0.0,tier1,18.24,1.15,0.0,0.0,1.2,3.0,0,0.8224,no_match,0.0,movement_reconstructed,0,0.0,0.0,0.0,0.0,0.0,0.0,0.0,0.0,0.0,-12.0,-1.0,7,HOLD,rds_snapshot_history,0,,,1.0,HOLD,HOLD,0.98,0.98,inventory position is balanced; price is close to market; no urgent pricing intervention is needed,low_stock|weak_competitor_match,business_only_retail_pricing_v1,deterministic_business_heuristic,2026-06-04T19:20:03.676893+00:00,0,0.9739,0.2058,0.4093,0.2426
SP-0246864EFD|2026-05-19,SP-0246864EFD,,JL5081,Adidas,apparel,Adidas Workout Essentials Woven Women Training Pant Black,2026-05-19,0.0,0.0,1,0,1.0,51.27,0.0,999,30,75.36,0.4958,1,1,2,premium,0,1.0,tier1,36.72,1.15,0.0,0.0,1.2,3.0,0,0.8224,exact_style,0.7984,movement_reconstructed,1,38.0,5.8469,76.0,0.0,0.0,0.0,0.0,0.0,0.0,0.0,0.0,0,HOLD,rds_snapshot_history,0,,,1.0,HOLD,HOLD,0.6467,0.6467,no urgent pricing intervention is needed,low_stock|overpriced|low_label_confidence,business_only_retail_pricing_v1,deterministic_business_heuristic,2026-06-04T19:20:03.676893+00:00,0,0.5431,0.6484,0.2363,0.0976
SP-0246864EFD|2026-05-26,SP-0246864EFD,,JL5081,Adidas,apparel,Adidas Workout Essentials Woven Women Training Pant Black,2026-05-26,53.2,1.77,0,14,1.0,51.27,0.0,999,30,75.36,0.4958,1,1,2,premium,0,0.0,tier1,36.72,1.15,0.0,0.0,1.2,3.0,0,0.8224,exact_style,0.7864,movement_reconstructed,1,38.0,6.4885,76.0,0.0,0.0,0.0,0.0,0.0,0.0,-10.0,-1.0,7,HOLD,rds_snapshot_history,0,,,1.0,MARKDOWN,MARKDOWN,0.747,0.747,priced above market by 50%; competitors are discounting; margin can support a markdown,low_stock|overpriced,business_only_retail_pricing_v1,deterministic_business_heuristic,2026-06-04T19:20:03.676893+00:00,1,0.7225,0.8684,0.452,0.3776
SP-02EF4F091B|2026-05-19,SP-02EF4F091B,,IN238166,New Balance,apparel,New Balance Athletics Graffiti Graphic Kids-Girls Lifestyle T-Shirt Caviar/Pink,2026-05-19,0.0,0.0,1,0,1.0,48.67,0.0,999,30,33.41,-0.0476,0,1,1,at_market,0,1.0,tier1,17.15,1.15,0.0,0.0,1.2,3.0,0,0.8224,same_model_family,0.7825,movement_reconstructed,1,35.0,38.333333333333336,45.0,0.0,0.0,0.0,1.0,1.0,0.0,0.0,0.0,0,HOLD,rds_snapshot_history,0,,,1.0,HOLD,HOLD,0.98,0.98,price is close to market; no urgent pricing intervention is needed,low_stock,business_only_retail_pricing_v1,deterministic_business_heuristic,2026-06-04T19:20:03.676893+00:00,0,0.7631,0.0,0.2554,0.0
SP-02EF4F091B|2026-05-26,SP-02EF4F091B,,IN238166,New Balance,apparel,New Balance Athletics Graffiti Graphic Kids-Girls Lifestyle T-Shirt Caviar/Pink,2026-05-26,51.2,1.71,0,14,1.0,48.67,0.0,999,30,33.41,-0.0476,0,1,1,at_market,0,0.0,tier1,17.15,1.15,0.0,0.0,1.2,3.0,0,0.8224,same_model_family,0.7825,movement_reconstructed,1,35.0,38.333333333333336,45.0,0.0,0.0,0.0,1.0,1.0,0.0,-9.0,-1.0,7,HOLD,rds_snapshot_history,0,,,1.0,HOLD,HOLD,0.98,0.98,inventory position is balanced; price is close to market; no urgent pricing intervention is needed,low_stock,business_only_retail_pricing_v1,deterministic_business_heuristic,2026-06-04T19:20:03.676893+00:00,0,0.936,0.2064,0.4652,0.2426
SP-03C17880F4|2026-05-19,SP-03C17880F4,,JC8403,Adidas,kids,3 STRIPES TEE,2026-05-19,0.0,0.0,1,0,1.0,57.11,0.0,999,30,39.17,0.1065,1,0,1,above_market,0,1.0,tier1,16.8,1.15,0.0,0.0,1.2,3.0,0,0.8224,exact_style,1.0,movement_reconstructed,1,35.0,35.0,35.0,0.0,0.0,0.0,0.0,0.0,0.0,0.0,0.0,0,HOLD,rds_snapshot_history,0,,,1.0,HOLD,HOLD,0.8118,0.8118,no urgent pricing intervention is needed,low_stock,business_only_retail_pricing_v1,deterministic_business_heuristic,2026-06-04T19:20:03.676893+00:00,0,0.5787,0.5261,0.2405,0.0728
SP-03C17880F4|2026-05-26,SP-03C17880F4,,JC8403,Adidas,kids,3 STRIPES TEE,2026-05-26,65.4,2.18,0,9,1.0,57.11,0.0,999,30,39.17,0.1065,1,0,1,above_market,0,0.0,tier1,16.8,1.15,0.0,0.0,1.2,3.0,0,0.8224,exact_style,1.0,movement_reconstructed,1,35.0,35.0,35.0,0.0,0.0,0.0,0.0,0.0,0.0,-14.0,-1.0,7,HOLD,rds_snapshot_history,0,,,1.0,HOLD,HOLD,0.55,0.55,inventory position is balanced; no urgent pricing intervention is needed,low_stock|low_label_confidence,business_only_retail_pricing_v1,deterministic_business_heuristic,2026-06-04T19:20:03.676893+00:00,0,0.736,0.7461,0.4624,0.3528
SP-043F544E70|2026-05-19,SP-043F544E70,,VN0A38G1ODJ,Vans,lifestyle,Vans Old Skool White,2026-05-19,0.0,0.0,1,0,1.0,44.99,0.0,999,30,77.7,0.0,0,0,0,at_market,0,1.0,tier2,42.74,1.15,0.0,0.0,1.2,3.0,0,0.8224,no_match,0.0,movement_reconstructed,0,0.0,0.0,0.0,0.0,0.0,0.0,0.0,0.0,0.0,0.0,0.0,0,HOLD,rds_snapshot_history,0,,,1.0,HOLD,HOLD,0.98,0.98,price is close to market; no urgent pricing intervention is needed,low_stock|weak_competitor_match,business_only_retail_pricing_v1,deterministic_business_heuristic,2026-06-04T19:20:03.676893+00:00,0,0.8431,0.0,0.1499,0.0
SP-043F544E70|2026-05-26,SP-043F544E70,,VN0A38G1ODJ,Vans,lifestyle,Vans Old Skool White,2026-05-26,87.4,2.91,0,88,1.0,44.99,0.0,999,30,77.7,0.0,0,0,0,at_market,0,0.0,tier2,42.74,1.15,0.0,0.0,1.2,3.0,0,0.8224,no_match,0.0,movement_reconstructed,0,0.0,0.0,0.0,0.0,0.0,0.0,0.0,0.0,0.0,-35.0,-1.0,7,PROMOTE,rds_snapshot_history,0,,,1.0,HOLD,HOLD,0.98,0.98,inventory position is balanced; price is close to market; no urgent pricing intervention is needed,weak_competitor_match,business_only_retail_pricing_v1,deterministic_business_heuristic,2026-06-04T19:20:03.676893+00:00,1,0.9878,0.1706,0.3289,0.2426
SP-04A2348ABD|2026-05-19,SP-04A2348ABD,,,Nike,lifestyle,Air Zoom Superfly Elite - FG Cleats,2026-05-19,0.0,0.0,1,0,1.0,57.17,0.0,999,30,87.79,0.0,0,0,0,at_market,0,1.0,tier1,37.6,1.15,0.0,0.0,1.2,3.0,0,0.8224,no_match,0.0,movement_reconstructed,0,0.0,0.0,0.0,0.0,0.0,0.0,1.0,1.0,0.0,0.0,0.0,0,HOLD,rds_snapshot_history,0,,,1.0,HOLD,HOLD,0.98,0.98,price is close to market; no urgent pricing intervention is needed,low_stock|weak_competitor_match,business_only_retail_pricing_v1,deterministic_business_heuristic,2026-06-04T19:20:03.676893+00:00,0,0.8431,0.0,0.2108,0.0
SP-04A2348ABD|2026-05-26,SP-04A2348ABD,,,Nike,lifestyle,Air Zoom Superfly Elite - FG Cleats,2026-05-26,98.7,3.29,0,12,1.0,57.17,0.0,999,30,87.79,0.0,0,0,0,at_market,0,0.0,tier1,37.6,1.15,0.0,0.0,1.2,3.0,0,0.8224,no_match,0.0,movement_reconstructed,0,0.0,0.0,0.0,0.0,0.0,0.0,1.0,1.0,0.0,-14.0,-1.0,7,HOLD,rds_snapshot_history,0,,,1.0,HOLD,HOLD,0.98,0.98,inventory position is balanced; price is close to market; no urgent pricing intervention is needed,low_stock|weak_competitor_match,business_only_retail_pricing_v1,deterministic_business_heuristic,2026-06-04T19:20:03.676893+00:00,0,0.9509,0.3462,0.3515,0.2426
SP-04B3889425|2026-05-19,SP-04B3889425,,FM9931,Adidas,accessories,Adidas Performance 0.75 Unisex Training Water Bottle Black,2026-05-19,0.0,0.0,1,0,1.0,56.76,0.0,999,30,14.43,0.0991,2,0,2,above_market,0,1.0,tier1,6.24,1.15,0.0,0.0,1.2,3.0,0,0.8224,exact_style,0.7618,movement_reconstructed,1,13.0,9.7273,33.0,0.0,0.0,0.0,1.0,1.0,0.0,0.0,0.0,0,HOLD,rds_snapshot_history,0,,,1.0,HOLD,HOLD,0.8297,0.8297,no urgent pricing intervention is needed,low_stock,business_only_retail_pricing_v1,deterministic_business_heuristic,2026-06-04T19:20:03.676893+00:00,0,0.585,0.5128,0.2388,0.0689
SP-04B3889425|2026-05-26,SP-04B3889425,,FM9931,Adidas,accessories,Adidas Performance 0.75 Unisex Training Water Bottle Black,2026-05-26,38.5,1.28,0,18,1.0,56.76,0.0,999,30,14.43,0.0991,2,0,2,above_market,0,0.0,tier1,6.24,1.15,0.0,0.0,1.2,3.0,0,0.8224,exact_style,0.766,movement_reconstructed,1,13.0,10.1177,33.0,0.0,0.0,0.0,1.0,1.0,0.0,-10.0,-1.0,7,PROMOTE,rds_snapshot_history,0,,,1.0,MARKDOWN,MARKDOWN,0.5821,0.5821,priced above market by 10%; competitors are discounting; margin can support a markdown,low_label_confidence,business_only_retail_pricing_v1,deterministic_business_heuristic,2026-06-04T19:20:03.676893+00:00,1,0.7162,0.7328,0.4117,0.3489
SP-0590004E40|2026-05-19,SP-0590004E40,,DB3021,Adidas,lifestyle,"Handball Spezial Shoes, Black",2026-05-19,0.0,0.0,1,0,1.0,50.1,0.0,999,30,152.94,0.4769,2,1,2,premium,0,1.0,tier1,76.32,1.15,0.0,0.0,1.2,3.0,0,0.8224,exact_style,0.8317,movement_reconstructed,1,80.0,114.0003,181.0,0.0,0.0,0.0,1.0,0.0,0.0,0.0,0.0,0,HOLD,rds_snapshot_history,0,,,1.0,HOLD,HOLD,0.55,0.55,no urgent pricing intervention is needed,low_stock|overpriced|low_label_confidence,business_only_retail_pricing_v1,deterministic_business_heuristic,2026-06-04T19:20:03.676893+00:00,0,0.4831,0.743,0.2305,0.1326
SP-0590004E40|2026-05-26,SP-0590004E40,,DB3021,Adidas,lifestyle,"Handball Spezial Shoes, Black",2026-05-26,109.2,3.64,0,12,1.0,50.1,0.0,999,30,152.94,0.4769,2,1,2,premium,0,0.0,tier1,76.32,1.15,0.0,0.0,1.2,3.0,0,0.8224,exact_style,0.8341,movement_reconstructed,1,80.0,119.5245,181.0,0.0,0.0,0.0,1.0,0.0,0.0,-14.0,-1.0,7,HOLD,rds_snapshot_history,0,,,1.0,MARKDOWN,MARKDOWN,0.98,0.98,priced above market by 48%; competitors are discounting; stock cover is elevated (109 DOS),low_stock|overpriced,business_only_retail_pricing_v1,deterministic_business_heuristic,2026-06-04T19:20:03.676893+00:00,1,0.5565,1.1016,0.3356,0.4126
SP-0669577D6B|2026-05-19,SP-0669577D6B,,555123,Birkenstock,kids,Birkenstock Arizona Kids,2026-05-19,0.0,0.0,1,0,1.0,52.0,0.0,999,30,83.25,0.0,0,0,0,at_market,0,1.0,tier2,39.96,1.15,0.0,0.0,1.2,3.0,0,0.8224,no_match,0.0,movement_reconstructed,0,0.0,0.0,0.0,0.0,0.0,0.0,1.0,0.0,0.0,0.0,0.0,0,HOLD,rds_snapshot_history,0,,,1.0,HOLD,HOLD,0.98,0.98,price is close to market; no urgent pricing intervention is needed,low_stock|weak_competitor_match,business_only_retail_pricing_v1,deterministic_business_heuristic,2026-06-04T19:20:03.676893+00:00,0,0.8431,0.0,0.185,0.0
SP-0669577D6B|2026-05-26,SP-0669577D6B,,555123,Birkenstock,kids,Birkenstock Arizona Kids,2026-05-26,88.4,2.95,0,40,1.0,52.0,0.0,999,30,83.25,0.0,0,0,0,at_market,0,0.0,tier2,39.96,1.15,0.0,0.0,1.2,3.0,0,0.8224,no_match,0.0,movement_reconstructed,0,0.0,0.0,0.0,0.0,0.0,0.0,1.0,0.0,0.0,-12.0,-1.0,7,PROMOTE,rds_snapshot_history,0,,,1.0,HOLD,HOLD,0.98,0.98,inventory position is balanced; price is close to market; no urgent pricing intervention is needed,weak_competitor_match,business_only_retail_pricing_v1,deterministic_business_heuristic,2026-06-04T19:20:03.676893+00:00,1,0.9846,0.2047,0.3605,0.2426
SP-06A343CFF5|2026-05-19,SP-06A343CFF5,,IN233409,ON,sportswear,On Endurance Women Running Bra Heron,2026-05-19,0.0,0.0,1,0,1.0,61.35,0.0,999,30,124.97,0.1598,1,1,1,premium,0,1.0,tier1,48.3,1.15,0.0,0.0,1.2,3.0,0,0.8224,same_model_family,0.8371,movement_reconstructed,1,105.0,125.0,145.0,0.0,0.0,0.0,0.0,0.0,0.0,0.0,0.0,0,HOLD,rds_snapshot_history,0,,,1.0,HOLD,HOLD,0.5981,0.5981,no urgent pricing intervention is needed,low_stock|overpriced|low_label_confidence,business_only_retail_pricing_v1,deterministic_business_heuristic,2026-06-04T19:20:03.676893+00:00,0,0.5338,0.6844,0.295,0.1009
SP-06A343CFF5|2026-05-26,SP-06A343CFF5,,IN233409,ON,sportswear,On Endurance Women Running Bra Heron,2026-05-26,109.2,3.64,0,12,1.0,61.35,0.0,999,30,124.97,0.1598,1,1,1,premium,0,0.0,tier1,48.3,1.15,0.0,0.0,1.2,3.0,0,0.8224,same_model_family,0.8166,movement_reconstructed,1,105.0,125.0,145.0,0.0,0.0,0.0,0.0,0.0,0.0,-14.0,-1.0,7,HOLD,rds_snapshot_history,0,,,1.0,MARKDOWN,MARKDOWN,0.98,0.98,priced above market by 16%; competitors are discounting; stock cover is elevated (109 DOS),low_stock|overpriced,business_only_retail_pricing_v1,deterministic_business_heuristic,2026-06-04T19:20:03.676893+00:00,1,0.6072,1.043,0.4001,0.3809
SP-06A4E41C88|2026-05-19,SP-06A4E41C88,,IN213151,ON,apparel,On Climate Men Running Hoody Denim,2026-05-19,0.0,0.0,1,0,1.0,64.28,0.0,999,30,142.95,0.1256,1,1,1,above_market,0,1.0,tier1,51.06,1.15,0.0,0.0,1.2,3.0,0,0.8224,similar_product,0.7502,movement_reconstructed,1,125.0,139.4,146.0,0.0,0.0,0.0,0.0,0.0,0.0,0.0,0.0,0,HOLD,rds_snapshot_history,0,,,1.0,HOLD,HOLD,0.7655,0.7655,no urgent pricing intervention is needed,low_stock|overpriced|weak_competitor_match,business_only_retail_pricing_v1,deterministic_business_heuristic,2026-06-04T19:20:03.676893+00:00,0,0.5626,0.5604,0.295,0.0829
SP-06A4E41C88|2026-05-26,SP-06A4E41C88,,IN213151,ON,apparel,On Climate Men Running Hoody Denim,2026-05-26,95.0,3.17,0,14,1.0,64.28,0.0,999,30,142.95,0.2235,1,1,1,premium,0,0.0,tier1,51.06,1.15,0.0,0.0,1.2,3.0,0,0.8224,same_model_family,0.7715,movement_reconstructed,1,111.0,140.72549019607845,191.0,0.0,0.0,0.0,0.0,0.0,0.0,-42.0,-1.0,7,HOLD,rds_snapshot_history,0,,,1.0,MARKDOWN,MARKDOWN,0.98,0.98,priced above market by 22%; competitors are discounting; stock cover is elevated (95 DOS),low_stock|overpriced,business_only_retail_pricing_v1,deterministic_business_heuristic,2026-06-04T19:20:03.676893+00:00,1,0.603,1.1137,0.4482,0.4126
SP-09354499DD|2026-05-19,SP-09354499DD,,IN218636,ON,apparel,On Boxy Club Women Lifestyle T-Shirt White,2026-05-19,0.0,0.0,1,0,1.0,59.4,0.0,999,30,73.65,0.294,1,1,1,premium,0,1.0,tier1,29.9,1.15,0.0,0.0,1.2,3.0,0,0.8224,same_model_family,0.8578,movement_reconstructed,1,52.0,58.75,65.0,0.0,0.0,0.0,0.0,0.0,0.0,0.0,0.0,0,HOLD,rds_snapshot_history,0,,,1.0,HOLD,HOLD,0.55,0.55,no urgent pricing intervention is needed,low_stock|overpriced|low_label_confidence,business_only_retail_pricing_v1,deterministic_business_heuristic,2026-06-04T19:20:03.676893+00:00,0,0.4831,0.7794,0.295,0.1326
SP-09354499DD|2026-05-26,SP-09354499DD,,IN218636,ON,apparel,On Boxy Club Women Lifestyle T-Shirt White,2026-05-26,61.2,2.04,0,14,1.0,59.4,0.0,999,30,73.65,0.3483,1,1,1,premium,0,0.0,tier1,29.9,1.15,0.0,0.0,1.2,3.0,0,0.8224,same_model_family,0.8188,movement_reconstructed,1,48.0,60.21052631578947,69.0,0.0,0.0,0.0,0.0,0.0,0.0,-28.0,-1.0,7,HOLD,rds_snapshot_history,0,,,1.0,MARKDOWN,MARKDOWN,0.9694,0.9694,priced above market by 35%; competitors are discounting; margin can support a markdown,low_stock|overpriced,business_only_retail_pricing_v1,deterministic_business_heuristic,2026-06-04T19:20:03.676893+00:00,1,0.6887,0.9994,0.5339,0.4126
SP-09E55BAC3E|2026-05-19,SP-09E55BAC3E,,,Adidas,football_boots,2024 Copa Gloro2,2026-05-19,0.0,0.0,1,0,1.0,48.76,0.0,999,30,65.57,0.0,0,0,0,at_market,0,1.0,tier1,33.6,1.15,0.0,0.0,1.2,3.0,0,0.8224,no_match,0.0,movement_reconstructed,0,0.0,0.0,0.0,0.0,0.0,0.0,1.0,1.0,0.0,0.0,0.0,0,HOLD,rds_snapshot_history,0,,,1.0,HOLD,HOLD,0.98,0.98,price is close to market; no urgent pricing intervention is needed,low_stock|weak_competitor_match,business_only_retail_pricing_v1,deterministic_business_heuristic,2026-06-04T19:20:03.676893+00:00,0,0.8431,0.0,0.1814,0.0
SP-09E55BAC3E|2026-05-26,SP-09E55BAC3E,,,Adidas,football_boots,2024 Copa Gloro2,2026-05-26,89.5,2.98,0,8,1.0,48.76,0.0,999,30,65.57,0.0,0,0,0,at_market,0,0.0,tier1,33.6,1.15,0.0,0.0,1.2,3.0,0,0.8224,no_match,0.0,movement_reconstructed,0,0.0,0.0,0.0,0.0,0.0,0.0,1.0,1.0,0.0,-9.0,-1.0,7,HOLD,rds_snapshot_history,0,,,1.0,HOLD,HOLD,0.98,0.98,inventory position is balanced; price is close to market; no urgent pricing intervention is needed,low_stock|weak_competitor_match,business_only_retail_pricing_v1,deterministic_business_heuristic,2026-06-04T19:20:03.676893+00:00,0,0.9018,0.1916,0.3172,0.2426
SP-0A0C5718B8|2026-05-19,SP-0A0C5718B8,,IN236716,Crocs,footwear,Crocs All Day Women Lifestyle Slippers Powder Pink,2026-05-19,0.0,0.0,1,0,1.0,58.06,0.0,999,30,44.63,0.0589,1,1,1,above_market,0,1.0,tier2,18.72,1.15,0.0,0.0,1.2,3.0,0,0.8224,similar_product,0.7312,movement_reconstructed,1,42.0,46.0,55.0,0.0,0.0,0.0,0.0,0.0,0.0,0.0,0.0,0,HOLD,rds_snapshot_history,0,,,1.0,HOLD,HOLD,0.98,0.98,no urgent pricing intervention is needed,low_stock|weak_competitor_match,business_only_retail_pricing_v1,deterministic_business_heuristic,2026-06-04T19:20:03.676893+00:00,0,0.6188,0.3751,0.295,0.0478
SP-0A0C5718B8|2026-05-26,SP-0A0C5718B8,,IN236716,Crocs,footwear,Crocs All Day Women Lifestyle Slippers Powder Pink,2026-05-26,73.5,2.45,0,9,1.0,58.06,0.0,999,30,44.63,0.0589,1,1,1,above_market,0,0.0,tier2,18.72,1.15,0.0,0.0,1.2,3.0,0,0.8224,similar_product,0.728,movement_reconstructed,1,42.0,47.3125,63.0,0.0,0.0,0.0,0.0,0.0,0.0,-40.0,-1.0,7,HOLD,rds_snapshot_history,0,,,1.0,HOLD,HOLD,0.7586,0.7586,inventory position is balanced; no urgent pricing intervention is needed,low_stock|weak_competitor_match,business_only_retail_pricing_v1,deterministic_business_heuristic,2026-06-04T19:20:03.676893+00:00,0,0.7496,0.5951,0.4933,0.3278
SP-0AA1FDD34E|2026-05-19,SP-0AA1FDD34E,,IN227557,Crocs,footwear,Crocs Bae Glitter Women Lifestyle Clog Black,2026-05-19,0.0,0.0,1,0,1.0,55.51,0.0,999,30,105.2,0.0,0,0,0,at_market,0,1.0,tier2,46.8,1.15,0.0,0.0,1.2,3.0,0,0.8224,no_match,0.0,movement_reconstructed,0,0.0,0.0,0.0,0.0,0.0,0.0,1.0,0.0,0.0,0.0,0.0,0,HOLD,rds_snapshot_history,0,,,1.0,HOLD,HOLD,0.98,0.98,price is close to market; no urgent pricing intervention is needed,low_stock|weak_competitor_match,business_only_retail_pricing_v1,deterministic_business_heuristic,2026-06-04T19:20:03.676893+00:00,0,0.8431,0.0,0.2025,0.0
SP-0AA1FDD34E|2026-05-26,SP-0AA1FDD34E,,IN227557,Crocs,footwear,Crocs Bae Glitter Women Lifestyle Clog Black,2026-05-26,125.7,4.19,0,9,1.0,55.51,0.0,999,30,105.2,0.0,0,0,0,at_market,0,0.0,tier2,46.8,1.15,0.0,0.0,1.2,3.0,0,0.8224,no_match,0.0,movement_reconstructed,0,0.0,0.0,0.0,0.0,0.0,0.0,1.0,0.0,0.0,-14.0,-1.0,7,CLEAR,rds_snapshot_history,0,,,1.0,HOLD,HOLD,0.98,0.98,inventory position is balanced; price is close to market; no urgent pricing intervention is needed,low_stock|weak_competitor_match|stale_inventory,business_only_retail_pricing_v1,deterministic_business_heuristic,2026-06-04T19:20:03.676893+00:00,1,0.8104,0.3848,0.2388,0.2585
SP-0D038F16ED|2026-05-19,SP-0D038F16ED,,IN226835,New Balance,apparel,New Balance Athletics Men Performanc T-Shirt Navy Heather,2026-05-19,0.0,0.0,1,0,1.0,61.44,0.0,999,30,43.21,0.2594,1,1,1,premium,0,1.0,tier1,16.66,1.15,0.0,0.0,1.2,3.0,0,0.8224,same_model_family,0.7652,movement_reconstructed,1,32.0,40.0,49.0,0.0,0.0,0.0,0.0,0.0,0.0,0.0,0.0,0,HOLD,rds_snapshot_history,0,,,1.0,HOLD,HOLD,0.55,0.55,no urgent pricing intervention is needed,low_stock|overpriced|low_label_confidence,business_only_retail_pricing_v1,deterministic_business_heuristic,2026-06-04T19:20:03.676893+00:00,0,0.4831,0.7794,0.295,0.1326
SP-0D038F16ED|2026-05-26,SP-0D038F16ED,,IN226835,New Balance,apparel,New Balance Athletics Men Performanc T-Shirt Navy Heather,2026-05-26,51.2,1.71,0,14,1.0,61.44,0.0,999,30,43.21,0.2594,1,1,1,premium,0,0.0,tier1,16.66,1.15,0.0,0.0,1.2,3.0,0,0.8224,same_model_family,0.7687,movement_reconstructed,1,32.0,40.71428571428572,49.0,0.0,0.0,0.0,0.0,0.0,0.0,-9.0,-1.0,7,HOLD,rds_snapshot_history,0,,,1.0,MARKDOWN,MARKDOWN,0.98,0.98,priced above market by 26%; competitors are discounting; margin can support a markdown,low_stock|overpriced,business_only_retail_pricing_v1,deterministic_business_heuristic,2026-06-04T19:20:03.676893+00:00,1,0.656,0.9994,0.5049,0.4126
SP-0D8F9A9ADA|2026-05-19,SP-0D8F9A9ADA,,ID8311,Adidas,footwear,"4Dfwd 4 Running Shoes, White",2026-05-19,0.0,0.0,1,0,1.0,45.69,0.0,999,30,182.95,-0.1315,1,0,1,below_market,0,1.0,tier1,99.36,1.15,0.0,0.0,1.2,3.0,0,0.8224,exact_style,1.0,movement_reconstructed,1,207.0,207.0,207.0,0.0,0.0,0.0,1.0,0.0,0.0,0.0,0.0,0,HOLD,rds_snapshot_history,0,,,1.0,HOLD,HOLD,0.98,0.98,no urgent pricing intervention is needed,low_stock,business_only_retail_pricing_v1,deterministic_business_heuristic,2026-06-04T19:20:03.676893+00:00,0,0.6731,0.2726,0.264,0.0326
SP-0D8F9A9ADA|2026-05-26,SP-0D8F9A9ADA,,ID8311,Adidas,footwear,"4Dfwd 4 Running Shoes, White",2026-05-26,136.6,4.55,0,10,1.0,45.69,0.0,999,30,182.95,-0.1315,1,0,1,below_market,0,0.0,tier1,99.36,1.15,0.0,0.0,1.2,3.0,0,0.8224,exact_style,1.0,movement_reconstructed,1,207.0,207.0,207.0,0.0,0.0,0.0,1.0,0.0,0.0,-9.0,-1.0,7,CLEAR,rds_snapshot_history,0,,,1.0,HOLD,HOLD,0.7144,0.7144,inventory position is balanced; no urgent pricing intervention is needed,low_stock|stale_inventory,business_only_retail_pricing_v1,deterministic_business_heuristic,2026-06-04T19:20:03.676893+00:00,1,0.6385,0.5982,0.2992,0.359
SP-0EC65E75A7|2026-05-19,SP-0EC65E75A7,,IN205755,Nike,apparel,Nike Club Flow Men Lifestyle Short Black/White,2026-05-19,0.0,0.0,1,0,1.0,54.96,0.0,999,30,44.87,0.3983,1,1,1,premium,0,1.0,tier1,20.21,1.15,0.0,0.0,1.2,3.0,0,0.8224,same_model_family,0.8522,movement_reconstructed,1,27.0,40.833333333333336,49.0,0.0,0.0,0.0,1.0,1.0,0.0,0.0,0.0,0,HOLD,rds_snapshot_history,0,,,1.0,HOLD,HOLD,0.55,0.55,no urgent pricing intervention is needed,low_stock|overpriced|low_label_confidence,business_only_retail_pricing_v1,deterministic_business_heuristic,2026-06-04T19:20:03.676893+00:00,0,0.4831,0.7654,0.2798,0.1326
SP-0EC65E75A7|2026-05-26,SP-0EC65E75A7,,IN205755,Nike,apparel,Nike Club Flow Men Lifestyle Short Black/White,2026-05-26,51.2,1.71,0,14,1.0,54.96,0.0,999,30,44.87,0.3983,1,1,1,premium,0,0.0,tier1,20.21,1.15,0.0,0.0,1.2,3.0,0,0.8224,same_model_family,0.8549,movement_reconstructed,1,27.0,40.975,49.0,0.0,0.0,0.0,1.0,1.0,0.0,-9.0,-1.0,7,HOLD,rds_snapshot_history,0,,,1.0,MARKDOWN,MARKDOWN,0.98,0.98,priced above market by 40%; competitors are discounting; margin can support a markdown,low_stock|overpriced,business_only_retail_pricing_v1,deterministic_business_heuristic,2026-06-04T19:20:03.676893+00:00,1,0.656,0.9854,0.4897,0.4126
SP-0F8FD95EB4|2026-05-19,SP-0F8FD95EB4,,IU2526,Adidas,other,"3-Stripes Skirt, Black",2026-05-19,0.0,0.0,1,0,1.0,52.68,0.0,999,30,27.39,0.0142,1,0,1,at_market,0,1.0,tier1,12.96,1.15,0.0,0.0,1.2,3.0,0,0.8224,exact_style,1.0,movement_reconstructed,1,27.0,27.0,27.0,0.0,0.0,0.0,1.0,0.0,0.0,0.0,0.0,0,HOLD,rds_snapshot_history,0,,,1.0,HOLD,HOLD,0.98,0.98,price is close to market; no urgent pricing intervention is needed,low_stock,business_only_retail_pricing_v1,deterministic_business_heuristic,2026-06-04T19:20:03.676893+00:00,0,0.6431,0.3049,0.2184,0.0326
SP-0F8FD95EB4|2026-05-26,SP-0F8FD95EB4,,IU2526,Adidas,other,"3-Stripes Skirt, Black",2026-05-26,73.5,2.45,0,9,1.0,52.68,0.0,999,30,27.39,0.0142,1,0,1,at_market,0,0.0,tier1,12.96,1.15,0.0,0.0,1.2,3.0,0,0.8224,exact_style,1.0,movement_reconstructed,1,27.0,27.0,27.0,0.0,0.0,0.0,1.0,0.25,0.0,-9.0,-1.0,7,HOLD,rds_snapshot_history,0,,,1.0,HOLD,HOLD,0.8861,0.8861,inventory position is balanced; price is close to market; no urgent pricing intervention is needed,low_stock,business_only_retail_pricing_v1,deterministic_business_heuristic,2026-06-04T19:20:03.676893+00:00,0,0.7739,0.5249,0.4167,0.3126
SP-100050E78D|2026-05-19,SP-100050E78D,,IX3178,Adidas,accessories,Adidas Power Vii Unisex Training Bag Alumina/Black,2026-05-19,0.0,0.0,1,0,1.0,58.05,0.0,999,30,49.2,0.1667,2,1,2,premium,0,1.0,tier1,20.64,1.15,0.0,0.0,1.2,3.0,0,0.8224,exact_style,0.7931,movement_reconstructed,1,41.0,7.5005,45.0,0.0,0.0,0.0,1.0,1.0,0.0,0.0,0.0,0,HOLD,rds_snapshot_history,0,,,1.0,HOLD,HOLD,0.5833,0.5833,no urgent pricing intervention is needed,low_stock|overpriced|low_label_confidence,business_only_retail_pricing_v1,deterministic_business_heuristic,2026-06-04T19:20:03.676893+00:00,0,0.528,0.6953,0.27,0.1045
SP-100050E78D|2026-05-26,SP-100050E78D,,IX3178,Adidas,accessories,Adidas Power Vii Unisex Training Bag Alumina/Black,2026-05-26,38.5,1.28,0,18,1.0,58.05,0.0,999,30,49.2,0.2683,2,1,2,premium,0,0.0,tier1,20.64,1.15,0.0,0.0,1.2,3.0,0,0.8224,exact_style,0.747,movement_reconstructed,1,36.0,3.7505,45.0,0.0,0.0,0.0,1.0,1.0,0.0,-14.0,-1.0,7,PROMOTE,rds_snapshot_history,0,,,1.0,MARKDOWN,MARKDOWN,0.98,0.98,priced above market by 27%; competitors are discounting; margin can support a markdown,overpriced,business_only_retail_pricing_v1,deterministic_business_heuristic,2026-06-04T19:20:03.676893+00:00,1,0.6144,0.9994,0.4429,0.4126
SP-1119C7A992|2026-05-19,SP-1119C7A992,,IN217981,New Balance,footwear,New Balance 1080 Men Running Shoes Black/Magnet/Linen,2026-05-19,0.0,0.0,1,0,1.0,60.17,0.0,999,30,248.52,0.0,0,0,0,at_market,0,1.0,tier1,98.98,1.15,0.0,0.0,1.2,3.0,0,0.8224,no_match,0.0,movement_reconstructed,0,0.0,0.0,0.0,0.0,0.0,0.0,0.0,0.0,0.0,0.0,0.0,0,HOLD,rds_snapshot_history,0,,,1.0,HOLD,HOLD,0.98,0.98,price is close to market; no urgent pricing intervention is needed,low_stock|weak_competitor_match,business_only_retail_pricing_v1,deterministic_business_heuristic,2026-06-04T19:20:03.676893+00:00,0,0.8431,0.0,0.215,0.0
SP-1119C7A992|2026-05-26,SP-1119C7A992,,IN217981,New Balance,footwear,New Balance 1080 Men Running Shoes Black/Magnet/Linen,2026-05-26,136.6,4.55,0,10,1.0,60.17,0.0,999,30,248.52,0.2274,1,1,1,premium,0,0.0,tier1,98.98,1.15,0.0,0.0,1.2,3.0,0,0.8224,same_model_family,0.7941,movement_reconstructed,1,192.0,196.0,202.0,0.0,0.0,0.0,0.0,0.0,0.0,-14.0,-1.0,7,CLEAR,rds_snapshot_history,0,,,1.0,HOLD,HOLD,0.55,0.55,inventory position is balanced; no urgent pricing intervention is needed,low_stock|overpriced|stale_inventory|low_label_confidence,business_only_retail_pricing_v1,deterministic_business_heuristic,2026-06-04T19:20:03.676893+00:00,1,0.4485,1.185,0.3302,0.459
SP-112F8642D1|2026-05-19,SP-112F8642D1,,IN234839,New Balance,footwear,New Balance 327 Women Lifestyle Shoes Black,2026-05-19,0.0,0.0,1,0,1.0,54.83,0.0,999,30,200.68,0.5615,1,1,1,premium,0,1.0,tier1,90.65,1.15,0.0,0.0,1.2,3.0,0,0.8224,same_model_family,0.7944,movement_reconstructed,1,88.0,201.2142857142857,275.0,0.0,0.0,0.0,0.0,0.0,0.0,0.0,0.0,0,HOLD,rds_snapshot_history,0,,,1.0,HOLD,HOLD,0.55,0.55,no urgent pricing intervention is needed,low_stock|overpriced|low_label_confidence,business_only_retail_pricing_v1,deterministic_business_heuristic,2026-06-04T19:20:03.676893+00:00,0,0.4831,0.7648,0.2791,0.1326
SP-112F8642D1|2026-05-26,SP-112F8642D1,,IN234839,New Balance,footwear,New Balance 327 Women Lifestyle Shoes Black,2026-05-26,136.6,4.55,0,14,1.0,54.83,0.0,999,30,200.68,0.5764,1,1,1,premium,0,0.0,tier1,90.65,1.15,0.0,0.0,1.2,3.0,0,0.8224,same_model_family,0.7953,movement_reconstructed,1,85.0,178.01724137931035,275.0,0.0,0.0,0.0,0.0,0.0,0.0,-18.0,-1.0,7,CLEAR,rds_snapshot_history,0,,,1.0,MARKDOWN,MARKDOWN,0.98,0.98,priced above market by 58%; competitors are discounting; stock cover is elevated (137 DOS),low_stock|overpriced|stale_inventory,business_only_retail_pricing_v1,deterministic_business_heuristic,2026-06-04T19:20:03.676893+00:00,1,0.4881,1.1704,0.3323,0.459
SP-11CD7588B5|2026-05-19,SP-11CD7588B5,,SHPF0640,Ellesse,lifestyle,Ellesse Massimo Club W,2026-05-19,0.0,0.0,1,0,1.0,45.0,0.0,999,30,83.25,0.0,0,0,0,at_market,0,1.0,tier2,45.79,1.15,0.0,0.0,1.2,3.0,0,0.8224,no_match,0.0,movement_reconstructed,0,0.0,0.0,0.0,0.0,0.0,0.0,1.0,1.0,0.0,0.0,0.0,0,HOLD,rds_snapshot_history,0,,,1.0,HOLD,HOLD,0.98,0.98,price is close to market; no urgent pricing intervention is needed,low_stock|weak_competitor_match,business_only_retail_pricing_v1,deterministic_business_heuristic,2026-06-04T19:20:03.676893+00:00,0,0.8431,0.0,0.15,0.0
SP-11CD7588B5|2026-05-26,SP-11CD7588B5,,SHPF0640,Ellesse,lifestyle,Ellesse Massimo Club W,2026-05-26,93.6,3.12,0,35,1.0,45.0,0.0,999,30,83.25,0.0,0,0,0,at_market,0,0.0,tier2,45.79,1.15,0.0,0.0,1.2,3.0,0,0.8224,no_match,0.0,movement_reconstructed,0,0.0,0.0,0.0,0.0,0.0,0.0,1.0,1.0,0.2051,-9.0,-1.0,0,HOLD,rds_snapshot_history,0,,,1.0,HOLD,HOLD,0.98,0.98,inventory position is balanced; price is close to market; no urgent pricing intervention is needed,weak_competitor_match,business_only_retail_pricing_v1,deterministic_business_heuristic,2026-06-04T19:20:03.676893+00:00,0,0.9675,0.1813,0.3079,0.2426
SP-12E813D427|2026-05-19,SP-12E813D427,,IN227544,Crocs,footwear,Crocs Bae Women Lifestyle Clog Taupe,2026-05-19,0.0,0.0,1,0,1.0,50.76,0.0,999,30,88.7,0.3348,1,0,1,premium,0,1.0,tier2,43.68,1.15,0.0,0.0,1.2,3.0,0,0.8224,same_model_family,0.88,movement_reconstructed,1,59.0,65.5,72.0,0.0,0.0,0.0,0.0,0.0,0.0,0.0,0.0,0,HOLD,rds_snapshot_history,0,,,1.0,HOLD,HOLD,0.55,0.55,no urgent pricing intervention is needed,low_stock|overpriced|low_label_confidence,business_only_retail_pricing_v1,deterministic_business_heuristic,2026-06-04T19:20:03.676893+00:00,0,0.4831,0.746,0.2088,0.1326
SP-12E813D427|2026-05-26,SP-12E813D427,,IN227544,Crocs,footwear,Crocs Bae Women Lifestyle Clog Taupe,2026-05-26,106.0,3.53,0,10,1.0,50.76,0.0,999,30,88.7,0.3348,1,0,1,premium,0,0.0,tier2,43.68,1.15,0.0,0.0,1.2,3.0,0,0.8224,same_model_family,0.88,movement_reconstructed,1,59.0,65.5,72.0,0.0,0.0,0.0,0.25,0.25,0.2103,-10.0,-1.0,0,HOLD,rds_snapshot_history,0,,,1.0,HOLD,HOLD,0.55,0.55,inventory position is balanced; no urgent pricing intervention is needed,low_stock|overpriced|low_label_confidence,business_only_retail_pricing_v1,deterministic_business_heuristic,2026-06-04T19:20:03.676893+00:00,0,0.5274,1.0992,0.3068,0.4126
SP-139E4E0F8D|2026-05-19,SP-139E4E0F8D,,BM3970,Columbia,footwear,Columbia Newton Ridge Plus 2 WP,2026-05-19,0.0,0.0,1,0,1.0,50.0,0.0,999,30,111.0,0.0,0,0,0,at_market,0,1.0,tier2,55.5,1.15,0.0,0.0,1.2,3.0,0,0.8224,no_match,0.0,movement_reconstructed,0,0.0,0.0,0.0,0.0,0.0,0.0,1.0,0.0,0.0,0.0,0.0,0,HOLD,rds_snapshot_history,0,,,1.0,HOLD,HOLD,0.98,0.98,price is close to market; no urgent pricing intervention is needed,low_stock|weak_competitor_match,business_only_retail_pricing_v1,deterministic_business_heuristic,2026-06-04T19:20:03.676893+00:00,0,0.8431,0.0,0.175,0.0
SP-139E4E0F8D|2026-05-26,SP-139E4E0F8D,,BM3970,Columbia,footwear,Columbia Newton Ridge Plus 2 WP,2026-05-26,132.6,4.42,0,48,1.0,50.0,0.0,999,30,111.0,0.0,0,0,0,at_market,0,0.0,tier2,55.5,1.15,0.0,0.0,1.2,3.0,0,0.8224,no_match,0.0,movement_reconstructed,0,0.0,0.0,0.0,0.0,0.0,0.0,1.0,0.0,0.0,-10.0,-1.0,7,CLEAR,rds_snapshot_history,0,,,1.0,HOLD,HOLD,0.98,0.98,inventory position is balanced; price is close to market; no urgent pricing intervention is needed,weak_competitor_match|stale_inventory,business_only_retail_pricing_v1,deterministic_business_heuristic,2026-06-04T19:20:03.676893+00:00,1,0.8561,0.3712,0.2319,0.2778
SP-14615F55C9|2026-05-19,SP-14615F55C9,,IN237320,Nike,apparel,Nike Club French Terry Open Hem Men Lifestyle Pant Grey/White,2026-05-19,0.0,0.0,1,0,1.0,54.0,0.0,999,30,90.93,0.0212,0,0,1,at_market,0,1.0,tier1,41.83,1.15,0.0,0.0,1.2,3.0,0,0.8224,same_model_family,0.98,movement_reconstructed,1,89.0,89.0,89.0,0.0,0.0,0.0,0.0,0.0,0.0,0.0,0.0,0,HOLD,rds_snapshot_history,0,,,1.0,HOLD,HOLD,0.98,0.98,price is close to market; no urgent pricing intervention is needed,low_stock,business_only_retail_pricing_v1,deterministic_business_heuristic,2026-06-04T19:20:03.676893+00:00,0,0.7631,0.011,0.225,0.0
SP-14615F55C9|2026-05-26,SP-14615F55C9,,IN237320,Nike,apparel,Nike Club French Terry Open Hem Men Lifestyle Pant Grey/White,2026-05-26,75.6,2.52,0,14,1.0,54.0,0.0,999,30,90.93,0.0212,0,0,1,at_market,0,0.0,tier1,41.83,1.15,0.0,0.0,1.2,3.0,0,0.8224,same_model_family,0.98,movement_reconstructed,1,89.0,89.0,89.0,0.0,0.0,0.0,0.0,0.0,0.0,-12.0,-1.0,7,HOLD,rds_snapshot_history,0,,,1.0,HOLD,HOLD,0.98,0.98,inventory position is balanced; price is close to market; no urgent pricing intervention is needed,low_stock,business_only_retail_pricing_v1,deterministic_business_heuristic,2026-06-04T19:20:03.676893+00:00,0,0.9465,0.232,0.4439,0.2426
SP-14F06CB1CC|2026-05-19,SP-14F06CB1CC,,IU2430,Adidas,sportswear,"3-Stripes Bodysuit, Black",2026-05-19,0.0,0.0,1,0,1.0,54.65,0.0,999,30,31.75,0.0551,1,0,1,above_market,0,1.0,tier1,14.4,1.15,0.0,0.0,1.2,3.0,0,0.8224,exact_style,1.0,movement_reconstructed,1,30.0,30.0,30.0,0.0,0.0,0.0,0.0,0.0,0.0,0.0,0.0,0,HOLD,rds_snapshot_history,0,,,1.0,HOLD,HOLD,0.98,0.98,no urgent pricing intervention is needed,low_stock,business_only_retail_pricing_v1,deterministic_business_heuristic,2026-06-04T19:20:03.676893+00:00,0,0.622,0.3536,0.2282,0.0458
SP-14F06CB1CC|2026-05-26,SP-14F06CB1CC,,IU2430,Adidas,sportswear,"3-Stripes Bodysuit, Black",2026-05-26,58.8,1.96,0,12,1.0,54.65,0.0,999,30,31.75,0.0551,1,0,1,above_market,0,0.0,tier1,14.4,1.15,0.0,0.0,1.2,3.0,0,0.8224,exact_style,1.0,movement_reconstructed,1,30.0,30.0,30.0,0.0,0.0,0.0,0.5,0.5,0.1366,-9.0,-1.0,0,HOLD,rds_snapshot_history,0,,,1.0,HOLD,HOLD,0.8822,0.8822,inventory position is balanced; no urgent pricing intervention is needed,low_stock,business_only_retail_pricing_v1,deterministic_business_heuristic,2026-06-04T19:20:03.676893+00:00,0,0.8197,0.5736,0.4602,0.3258
SP-154D0C8A2D|2026-05-19,SP-154D0C8A2D,,GL0723,Adidas,apparel,"3 Stripes Leggings, Black",2026-05-19,0.0,0.0,1,0,1.0,55.56,0.0,999,30,37.8,0.0741,1,0,1,above_market,0,1.0,tier1,16.8,1.15,0.0,0.0,1.2,3.0,0,0.8224,exact_style,1.0,movement_reconstructed,1,35.0,35.0,35.0,0.0,0.0,0.0,0.0,0.0,0.0,0.0,0.0,0,HOLD,rds_snapshot_history,0,,,1.0,HOLD,HOLD,0.8905,0.8905,no urgent pricing intervention is needed,low_stock,business_only_retail_pricing_v1,deterministic_business_heuristic,2026-06-04T19:20:03.676893+00:00,0,0.606,0.4678,0.2328,0.0558
SP-154D0C8A2D|2026-05-26,SP-154D0C8A2D,,GL0723,Adidas,apparel,"3 Stripes Leggings, Black",2026-05-26,51.2,1.71,0,14,1.0,55.56,0.0,999,30,37.8,0.0741,1,0,1,above_market,0,0.0,tier1,16.8,1.15,0.0,0.0,1.2,3.0,0,0.8224,exact_style,1.0,movement_reconstructed,1,35.0,35.0,35.0,0.0,0.0,0.0,0.0,0.0,0.0,-10.0,-1.0,7,HOLD,rds_snapshot_history,0,,,1.0,HOLD,HOLD,0.6729,0.6729,inventory position is balanced; no urgent pricing intervention is needed,low_stock|low_label_confidence,business_only_retail_pricing_v1,deterministic_business_heuristic,2026-06-04T19:20:03.676893+00:00,0,0.7788,0.6878,0.4427,0.3358
SP-154D3E9BB1|2026-05-19,SP-154D3E9BB1,,IU2522,Adidas,apparel,"3-Stripes Leggings, Black",2026-05-19,0.0,0.0,1,0,1.0,58.06,0.0,999,30,38.91,0.1262,1,0,1,above_market,0,1.0,tier1,16.32,1.15,0.0,0.0,1.2,3.0,0,0.8224,exact_style,1.0,movement_reconstructed,1,34.0,34.0,34.0,0.0,0.0,0.0,0.0,0.0,0.0,0.0,0.0,0,HOLD,rds_snapshot_history,0,,,1.0,HOLD,HOLD,0.7642,0.7642,no urgent pricing intervention is needed,low_stock|overpriced,business_only_retail_pricing_v1,deterministic_business_heuristic,2026-06-04T19:20:03.676893+00:00,0,0.5621,0.5613,0.245,0.0832
SP-154D3E9BB1|2026-05-26,SP-154D3E9BB1,,IU2522,Adidas,apparel,"3-Stripes Leggings, Black",2026-05-26,51.2,1.71,0,14,1.0,58.06,0.0,999,30,38.91,0.1262,1,0,1,above_market,0,0.0,tier1,16.32,1.15,0.0,0.0,1.2,3.0,0,0.8224,exact_style,1.0,movement_reconstructed,1,34.0,34.0,34.0,0.0,0.0,0.0,0.0,0.0,0.0,-14.0,-1.0,7,HOLD,rds_snapshot_history,0,,,1.0,MARKDOWN,MARKDOWN,0.6125,0.6125,priced above market by 13%; competitors are discounting; margin can support a markdown,low_stock|overpriced|low_label_confidence,business_only_retail_pricing_v1,deterministic_business_heuristic,2026-06-04T19:20:03.676893+00:00,1,0.735,0.7813,0.4549,0.3632
SP-16070A4590|2026-05-19,SP-16070A4590,,IN202153,New Balance,footwear,New Balance 2002R Unisex Lifestyle Shoes Bone/ Light Aluminum,2026-05-19,0.0,0.0,1,0,1.0,54.39,0.0,999,30,137.52,0.0,0,0,0,at_market,0,1.0,tier1,62.72,1.15,0.0,0.0,1.2,3.0,0,0.8224,no_match,0.0,movement_reconstructed,0,0.0,0.0,0.0,0.0,0.0,0.0,0.0,1.0,0.0,0.0,0.0,0,HOLD,rds_snapshot_history,0,,,1.0,HOLD,HOLD,0.98,0.98,price is close to market; no urgent pricing intervention is needed,low_stock|weak_competitor_match,business_only_retail_pricing_v1,deterministic_business_heuristic,2026-06-04T19:20:03.676893+00:00,0,0.8431,0.0,0.1969,0.0
SP-16070A4590|2026-05-26,SP-16070A4590,,IN202153,New Balance,footwear,New Balance 2002R Unisex Lifestyle Shoes Bone/ Light Aluminum,2026-05-26,136.6,4.55,0,9,1.0,54.39,0.0,999,30,137.52,0.1129,1,1,1,above_market,0,0.0,tier1,62.72,1.15,0.0,0.0,1.2,3.0,0,0.8224,similar_product,0.7133,movement_reconstructed,1,122.0,122.0,122.0,0.0,0.0,0.0,0.0,1.0,0.0,-9.0,-1.0,7,CLEAR,rds_snapshot_history,0,,,1.0,HOLD,HOLD,0.55,0.55,inventory position is balanced; no urgent pricing intervention is needed,low_stock|weak_competitor_match|stale_inventory|low_label_confidence,business_only_retail_pricing_v1,deterministic_business_heuristic,2026-06-04T19:20:03.676893+00:00,1,0.5189,0.9293,0.3031,0.4027
SP-16107603B2|2026-05-19,SP-16107603B2,,IN204722,Nike,apparel,Nike Challenger Men Running Pant Smoke Grey/Black,2026-05-19,0.0,0.0,1,0,1.0,58.53,0.0,999,30,126.92,0.0,0,0,0,at_market,0,1.0,tier1,52.64,1.15,0.0,0.0,1.2,3.0,0,0.8224,no_match,0.0,movement_reconstructed,0,0.0,0.0,0.0,0.0,0.0,0.0,1.0,0.0,0.0,0.0,0.0,0,HOLD,rds_snapshot_history,0,,,1.0,HOLD,HOLD,0.98,0.98,price is close to market; no urgent pricing intervention is needed,low_stock|weak_competitor_match,business_only_retail_pricing_v1,deterministic_business_heuristic,2026-06-04T19:20:03.676893+00:00,0,0.8431,0.0,0.215,0.0
SP-16107603B2|2026-05-26,SP-16107603B2,,IN204722,Nike,apparel,Nike Challenger Men Running Pant Smoke Grey/Black,2026-05-26,95.0,3.17,0,14,1.0,58.53,0.0,999,30,126.92,0.0,0,0,0,at_market,0,0.0,tier1,52.64,1.15,0.0,0.0,1.2,3.0,0,0.8224,no_match,0.0,movement_reconstructed,0,0.0,0.0,0.0,0.0,0.0,0.0,1.0,0.0,0.0,-11.0,-1.0,7,HOLD,rds_snapshot_history,0,,,1.0,HOLD,HOLD,0.98,0.98,inventory position is balanced; price is close to market; no urgent pricing intervention is needed,low_stock|weak_competitor_match,business_only_retail_pricing_v1,deterministic_business_heuristic,2026-06-04T19:20:03.676893+00:00,0,0.963,0.3437,0.3682,0.2426
SP-171E383B23|2026-05-19,SP-171E383B23,,IN204932,All In,swimwear,ALN Accessories Floating Kickboard Swim Swimming Gear Blue,2026-05-19,0.0,0.0,1,0,1.0,49.71,0.0,999,30,5.17,0.0,0,0,0,at_market,0,1.0,tier2,2.6,1.45,0.3,0.0,1.7,3.0,0,0.8224,no_match,0.0,movement_reconstructed,0,0.0,0.0,0.0,0.0,0.0,0.0,0.0,1.0,0.0,0.0,0.0,0,HOLD,rds_snapshot_history,0,,,1.0,HOLD,HOLD,0.98,0.98,price is close to market; no urgent pricing intervention is needed,low_stock|weak_competitor_match,business_only_retail_pricing_v1,deterministic_business_heuristic,2026-06-04T19:20:03.676893+00:00,0,0.8431,0.0,0.3486,0.0
SP-171E383B23|2026-05-26,SP-171E383B23,,IN204932,All In,swimwear,ALN Accessories Floating Kickboard Swim Swimming Gear Blue,2026-05-26,98.0,3.27,0,9,1.0,49.71,0.0,999,30,5.17,0.0,0,0,0,at_market,0,0.0,tier2,2.6,1.45,0.3,0.0,1.7,3.0,0,0.8224,no_match,0.0,movement_reconstructed,0,0.0,0.0,0.0,0.0,0.0,0.0,0.0,1.0,0.0,-18.0,-1.0,7,HOLD,rds_snapshot_history,0,,,1.0,HOLD,HOLD,0.98,0.98,inventory position is balanced; price is close to market; no urgent pricing intervention is needed,low_stock|weak_competitor_match,business_only_retail_pricing_v1,deterministic_business_heuristic,2026-06-04T19:20:03.676893+00:00,0,0.8937,0.2106,0.4646,0.2426
SP-176380B593|2026-05-19,SP-176380B593,,,Puma,kids,FEED YOUR PUMA Backpack PRIME Girls,2026-05-19,0.0,0.0,1,0,1.0,56.8,0.0,999,30,69.44,0.1359,0,0,1,above_market,0,1.0,tier2,30.0,1.15,0.0,0.0,1.2,3.0,0,0.8224,same_model_family,0.9619,movement_reconstructed,1,60.0,60.0,60.0,0.0,0.0,0.0,1.0,1.0,0.0,0.0,0.0,0,HOLD,rds_snapshot_history,0,,,1.0,HOLD,HOLD,0.98,0.98,no urgent pricing intervention is needed,low_stock|overpriced,business_only_retail_pricing_v1,deterministic_business_heuristic,2026-06-04T19:20:03.676893+00:00,0,0.674,0.2911,0.239,0.0183
SP-176380B593|2026-05-26,SP-176380B593,,,Puma,kids,FEED YOUR PUMA Backpack PRIME Girls,2026-05-26,73.8,2.46,0,9,1.0,56.8,0.0,999,30,69.44,0.1359,0,0,1,above_market,0,0.0,tier2,30.0,1.15,0.0,0.0,1.2,3.0,0,0.8224,same_model_family,0.9619,movement_reconstructed,1,60.0,60.0,60.0,0.0,0.0,0.0,1.0,1.0,0.0,-11.0,-1.0,7,HOLD,rds_snapshot_history,0,,,1.0,HOLD,HOLD,0.9451,0.9451,inventory position is balanced; no urgent pricing intervention is needed,low_stock|overpriced,business_only_retail_pricing_v1,deterministic_business_heuristic,2026-06-04T19:20:03.676893+00:00,0,0.8038,0.5111,0.4364,0.2983
SP-1A5E48962B|2026-05-19,SP-1A5E48962B,,JI2316,Adidas,footwear,"Barreda Decode Shoes, Black",2026-05-19,0.0,0.0,1,0,1.0,50.04,0.0,999,30,121.06,-0.0408,0,0,2,at_market,0,1.0,tier1,60.48,1.15,0.0,0.0,1.2,3.0,0,0.8224,exact_style,0.9533,movement_reconstructed,1,126.0,87.0005,135.0,0.0,0.0,0.0,0.0,0.0,0.0,0.0,0.0,0,HOLD,rds_snapshot_history,0,,,1.0,HOLD,HOLD,0.98,0.98,price is close to market; no urgent pricing intervention is needed,low_stock,business_only_retail_pricing_v1,deterministic_business_heuristic,2026-06-04T19:20:03.676893+00:00,0,0.7631,0.0,0.2095,0.0
SP-1A5E48962B|2026-05-26,SP-1A5E48962B,,JI2316,Adidas,footwear,"Barreda Decode Shoes, Black",2026-05-26,116.1,3.87,0,10,1.0,50.04,0.0,999,30,121.06,0.2566,1,1,2,premium,0,0.0,tier1,60.48,1.15,0.0,0.0,1.2,3.0,0,0.8224,exact_style,0.8504,movement_reconstructed,1,90.0,64.8756,135.0,0.0,0.0,0.0,0.0,0.0,0.0,-56.0,-1.0,7,HOLD,rds_snapshot_history,0,,,1.0,HOLD,HOLD,0.55,0.55,inventory position is balanced; no urgent pricing intervention is needed,low_stock|overpriced|low_label_confidence,business_only_retail_pricing_v1,deterministic_business_heuristic,2026-06-04T19:20:03.676893+00:00,0,0.5543,1.0131,0.294,0.3776
SP-1AB356CEBD|2026-05-19,SP-1AB356CEBD,,IN233452,ON,sportswear,On Performance Women Running Bra Black,2026-05-19,0.0,0.0,1,0,1.0,52.5,0.0,999,30,86.19,0.2807,1,1,1,premium,0,1.0,tier1,40.94,1.15,0.0,0.0,1.2,3.0,0,0.8224,same_model_family,0.9051,movement_reconstructed,1,62.0,77.25,89.0,0.0,0.0,0.0,1.0,1.0,0.0,0.0,0.0,0,HOLD,rds_snapshot_history,0,,,1.0,HOLD,HOLD,0.55,0.55,no urgent pricing intervention is needed,low_stock|overpriced|low_label_confidence,business_only_retail_pricing_v1,deterministic_business_heuristic,2026-06-04T19:20:03.676893+00:00,0,0.4831,0.754,0.2675,0.1326
SP-1AB356CEBD|2026-05-26,SP-1AB356CEBD,,IN233452,ON,sportswear,On Performance Women Running Bra Black,2026-05-26,82.4,2.75,0,12,1.0,52.5,0.0,999,30,86.19,0.2807,1,1,1,premium,0,0.0,tier1,40.94,1.15,0.0,0.0,1.2,3.0,0,0.8224,same_model_family,0.8897,movement_reconstructed,1,62.0,74.2,89.0,0.0,0.0,0.0,1.0,1.0,0.0,-9.0,-1.0,7,HOLD,rds_snapshot_history,0,,,1.0,MARKDOWN,MARKDOWN,0.98,0.98,priced above market by 28%; competitors are discounting; margin can support a markdown,low_stock|overpriced,business_only_retail_pricing_v1,deterministic_business_heuristic,2026-06-04T19:20:03.676893+00:00,1,0.6442,0.9867,0.4634,0.4126
SP-1B705F3CD9|2026-05-19,SP-1B705F3CD9,,IN227558,Crocs,footwear,Crocs Bae Glitter Clog Women Lifestyle Clog Pink Milk,2026-05-19,0.0,0.0,1,0,1.0,40.15,0.0,999,30,78.2,0.3606,1,0,1,premium,0,1.0,tier2,46.8,1.15,0.0,0.0,1.2,3.0,0,0.8224,same_model_family,0.8623,movement_reconstructed,1,50.0,56.5,63.0,0.0,0.0,0.0,1.0,0.0,0.0,0.0,0.0,0,HOLD,rds_snapshot_history,0,,,1.0,HOLD,HOLD,0.5811,0.5811,no urgent pricing intervention is needed,low_stock|overpriced|low_label_confidence,business_only_retail_pricing_v1,deterministic_business_heuristic,2026-06-04T19:20:03.676893+00:00,0,0.4831,0.697,0.1557,0.1326
SP-1B705F3CD9|2026-05-26,SP-1B705F3CD9,,IN227558,Crocs,footwear,Crocs Bae Glitter Clog Women Lifestyle Clog Pink Milk,2026-05-26,93.4,3.11,0,9,1.0,40.15,0.0,999,30,78.2,0.5013,1,1,1,premium,0,0.0,tier2,46.8,1.15,0.0,0.0,1.2,3.0,0,0.8224,same_model_family,0.7725,movement_reconstructed,1,39.0,53.36363636363637,63.0,0.0,0.0,0.0,1.0,0.0,0.0,-12.0,-1.0,7,HOLD,rds_snapshot_history,0,,,1.0,HOLD,HOLD,0.55,0.55,inventory position is balanced; no urgent pricing intervention is needed,low_stock|overpriced|low_label_confidence,business_only_retail_pricing_v1,deterministic_business_heuristic,2026-06-04T19:20:03.676893+00:00,0,0.5488,1.0286,0.3374,0.4126
SP-1BEA1A72D1|2026-05-19,SP-1BEA1A72D1,,IN094389,Aquatail,kids,Aquatail Mermaid Tail Kids Beach Fins Blue,2026-05-19,0.0,0.0,1,0,1.0,43.04,0.0,999,30,38.34,0.0,0,0,0,at_market,0,1.0,tier2,21.84,1.15,0.0,0.0,1.2,3.0,0,0.8224,no_match,0.0,movement_reconstructed,0,0.0,0.0,0.0,0.0,0.0,0.0,1.0,1.0,0.0,0.0,0.0,0,HOLD,rds_snapshot_history,0,,,1.0,HOLD,HOLD,0.98,0.98,price is close to market; no urgent pricing intervention is needed,low_stock|weak_competitor_match,business_only_retail_pricing_v1,deterministic_business_heuristic,2026-06-04T19:20:03.676893+00:00,0,0.8431,0.0,0.1402,0.0
SP-1BEA1A72D1|2026-05-26,SP-1BEA1A72D1,,IN094389,Aquatail,kids,Aquatail Mermaid Tail Kids Beach Fins Blue,2026-05-26,65.4,2.18,0,9,1.0,43.04,0.0,999,30,38.34,0.0,0,0,0,at_market,0,0.0,tier2,21.84,1.15,0.0,0.0,1.2,3.0,0,0.8224,no_match,0.0,movement_reconstructed,0,0.0,0.0,0.0,0.0,0.0,0.0,1.0,1.0,0.0,-10.0,-1.0,7,HOLD,rds_snapshot_history,0,,,1.0,HOLD,HOLD,0.98,0.98,inventory position is balanced; price is close to market; no urgent pricing intervention is needed,low_stock|weak_competitor_match,business_only_retail_pricing_v1,deterministic_business_heuristic,2026-06-04T19:20:03.676893+00:00,0,1.0004,0.1404,0.362,0.2426
SP-1DE83EF0B0|2026-05-19,SP-1DE83EF0B0,,IN236715,Crocs,footwear,Crocs All Day Women Lifestyle Slippers White,2026-05-19,0.0,0.0,1,0,1.0,40.42,0.0,999,30,31.42,0.0,0,0,0,at_market,0,1.0,tier2,18.72,1.15,0.0,0.0,1.2,3.0,0,0.8224,no_match,0.0,movement_reconstructed,0,0.0,0.0,0.0,0.0,0.0,0.0,0.0,0.0,0.0,0.0,0.0,0,HOLD,rds_snapshot_history,0,,,1.0,HOLD,HOLD,0.98,0.98,price is close to market; no urgent pricing intervention is needed,low_stock|weak_competitor_match,business_only_retail_pricing_v1,deterministic_business_heuristic,2026-06-04T19:20:03.676893+00:00,0,0.8431,0.0,0.1271,0.0
SP-1DE83EF0B0|2026-05-26,SP-1DE83EF0B0,,IN236715,Crocs,footwear,Crocs All Day Women Lifestyle Slippers White,2026-05-26,73.5,2.45,0,10,1.0,40.42,0.0,999,30,31.42,0.0,0,0,0,at_market,0,0.0,tier2,18.72,1.15,0.0,0.0,1.2,3.0,0,0.8224,no_match,0.0,movement_reconstructed,0,0.0,0.0,0.0,0.0,0.0,0.0,0.0,0.0,0.0,-8.0,-1.0,7,HOLD,rds_snapshot_history,0,,,1.0,HOLD,HOLD,0.98,0.98,inventory position is balanced; price is close to market; no urgent pricing intervention is needed,low_stock|weak_competitor_match,business_only_retail_pricing_v1,deterministic_business_heuristic,2026-06-04T19:20:03.676893+00:00,0,0.9937,0.1283,0.3344,0.2426
SP-1EFF62AD3C|2026-05-19,SP-1EFF62AD3C,,IN164432,Crocs,footwear,Crocs Bae Clog Women Lifestyle Black,2026-05-19,0.0,0.0,1,0,1.0,47.47,0.0,999,30,83.16,0.4228,1,0,1,premium,0,1.0,tier2,43.68,1.15,0.0,0.0,1.2,3.0,0,0.8224,same_model_family,0.8503,movement_reconstructed,1,48.0,74.2,90.0,0.0,0.0,0.0,1.0,1.0,0.0,0.0,0.0,0,HOLD,rds_snapshot_history,0,,,1.0,HOLD,HOLD,0.55,0.55,no urgent pricing intervention is needed,low_stock|overpriced|low_label_confidence,business_only_retail_pricing_v1,deterministic_business_heuristic,2026-06-04T19:20:03.676893+00:00,0,0.4831,0.7308,0.1923,0.1326
SP-1EFF62AD3C|2026-05-26,SP-1EFF62AD3C,,IN164432,Crocs,footwear,Crocs Bae Clog Women Lifestyle Black,2026-05-26,99.4,3.31,0,10,1.0,47.47,0.0,999,30,83.16,0.4228,1,0,1,premium,0,0.0,tier2,43.68,1.15,0.0,0.0,1.2,3.0,0,0.8224,same_model_family,0.8467,movement_reconstructed,1,48.0,71.81818181818181,90.0,0.0,0.0,0.0,1.0,1.0,0.0692,-14.0,-1.0,0,HOLD,rds_snapshot_history,0,,,1.0,HOLD,HOLD,0.55,0.55,inventory position is balanced; no urgent pricing intervention is needed,low_stock|overpriced|low_label_confidence,business_only_retail_pricing_v1,deterministic_business_heuristic,2026-06-04T19:20:03.676893+00:00,0,0.549,1.0727,0.3127,0.4126
SP-200BA4F84D|2026-05-19,SP-200BA4F84D,,1028585,Keen,footwear,Keen Howser III Slide,2026-05-19,0.0,0.0,1,0,1.0,52.0,0.0,999,30,88.8,0.0,0,0,0,at_market,0,1.0,tier2,42.62,1.15,0.0,0.0,1.2,3.0,0,0.8224,no_match,0.0,movement_reconstructed,0,0.0,0.0,0.0,0.0,0.0,0.0,0.0,0.0,0.0,0.0,0.0,0,HOLD,rds_snapshot_history,0,,,1.0,HOLD,HOLD,0.98,0.98,price is close to market; no urgent pricing intervention is needed,low_stock|weak_competitor_match,business_only_retail_pricing_v1,deterministic_business_heuristic,2026-06-04T19:20:03.676893+00:00,0,0.8431,0.0,0.185,0.0
SP-200BA4F84D|2026-05-26,SP-200BA4F84D,,1028585,Keen,footwear,Keen Howser III Slide,2026-05-26,106.1,3.54,0,50,1.0,52.0,0.0,999,30,88.8,0.0,0,0,0,at_market,0,0.0,tier2,42.62,1.15,0.0,0.0,1.2,3.0,0,0.8224,no_match,0.0,movement_reconstructed,0,0.0,0.0,0.0,0.0,0.0,0.0,0.0,0.0,0.0,-12.0,-1.0,7,HOLD,rds_snapshot_history,0,,,1.0,HOLD,HOLD,0.98,0.98,inventory position is balanced; price is close to market; no urgent pricing intervention is needed,weak_competitor_match,business_only_retail_pricing_v1,deterministic_business_heuristic,2026-06-04T19:20:03.676893+00:00,0,0.9266,0.235,0.3006,0.2426
SP-20A699F44B|2026-05-19,SP-20A699F44B,,IN233447,ON,apparel,On 3 Inch Performance Women Running Short Black,2026-05-19,0.0,0.0,1,0,1.0,57.84,0.0,999,30,92.74,0.0835,0,0,1,above_market,0,1.0,tier1,39.1,1.15,0.0,0.0,1.2,3.0,0,0.8224,same_model_family,0.9766,movement_reconstructed,1,85.0,85.0,85.0,0.0,0.0,0.0,1.0,1.0,0.0,0.0,0.0,0,HOLD,rds_snapshot_history,0,,,1.0,HOLD,HOLD,0.98,0.98,no urgent pricing intervention is needed,low_stock,business_only_retail_pricing_v1,deterministic_business_heuristic,2026-06-04T19:20:03.676893+00:00,0,0.7181,0.1132,0.2442,0.0
SP-20A699F44B|2026-05-26,SP-20A699F44B,,IN233447,ON,apparel,On 3 Inch Performance Women Running Short Black,2026-05-26,77.1,2.57,0,14,1.0,57.84,0.0,999,30,92.74,0.0835,0,0,1,above_market,0,0.0,tier1,39.1,1.15,0.0,0.0,1.2,3.0,0,0.8224,same_model_family,0.9766,movement_reconstructed,1,85.0,85.0,85.0,0.0,0.0,0.0,1.0,1.0,0.0,-18.0,-1.0,7,HOLD,rds_snapshot_history,0,,,1.0,HOLD,HOLD,0.98,0.98,inventory position is balanced; no urgent pricing intervention is needed,low_stock,business_only_retail_pricing_v1,deterministic_business_heuristic,2026-06-04T19:20:03.676893+00:00,0,0.8965,0.4368,0.458,0.2707
SP-20E084F9D9|2026-05-19,SP-20E084F9D9,,BB550,New Balance,footwear,New Balance Bb550 Men Lifestyle Shoes Sea Salt/Blue/Angora,2026-05-19,0.0,0.0,1,0,1.0,47.52,0.0,999,30,107.38,0.1153,2,1,2,above_market,0,1.0,tier1,56.35,1.15,0.0,0.0,1.2,3.0,0,0.8224,exact_style,0.864,movement_reconstructed,1,95.0,106.0,115.0,0.0,0.0,0.0,0.0,0.0,0.0,0.0,0.0,0,HOLD,rds_snapshot_history,0,,,1.0,HOLD,HOLD,0.8528,0.8528,no urgent pricing intervention is needed,low_stock,business_only_retail_pricing_v1,deterministic_business_heuristic,2026-06-04T19:20:03.676893+00:00,0,0.5713,0.4957,0.2176,0.0775
SP-20E084F9D9|2026-05-26,SP-20E084F9D9,,BB550,New Balance,footwear,New Balance Bb550 Men Lifestyle Shoes Sea Salt/Blue/Angora,2026-05-26,109.1,3.64,0,14,1.0,47.52,0.0,999,30,107.38,0.1153,2,1,2,above_market,0,0.0,tier1,56.35,1.15,0.0,0.0,1.2,3.0,0,0.8224,exact_style,0.8708,movement_reconstructed,1,95.0,105.66666666666669,115.0,0.0,0.0,0.0,0.0,0.0,0.0,-14.0,-1.0,7,HOLD,rds_snapshot_history,0,,,1.0,MARKDOWN,MARKDOWN,0.8324,0.8324,priced above market by 12%; competitors are discounting; stock cover is elevated (109 DOS),low_stock,business_only_retail_pricing_v1,deterministic_business_heuristic,2026-06-04T19:20:03.676893+00:00,1,0.645,0.8542,0.3231,0.3575
SP-20E0FF4DDC|2026-05-19,SP-20E0FF4DDC,,IN237212,Nike,footwear,Nike Air Jordan 1 Low Gs-Girls Lifestyle Shoes Black/White/Pink,2026-05-19,0.0,0.0,1,0,1.0,59.77,0.0,999,30,191.59,0.144,0,0,1,above_market,0,1.0,tier1,77.08,1.15,0.0,0.0,1.2,3.0,0,0.8224,same_model_family,0.9152,movement_reconstructed,1,164.0,164.0,164.0,0.0,0.0,0.0,0.0,0.0,0.0,0.0,0.0,0,HOLD,rds_snapshot_history,0,,,1.0,HOLD,HOLD,0.98,0.98,no urgent pricing intervention is needed,low_stock|overpriced,business_only_retail_pricing_v1,deterministic_business_heuristic,2026-06-04T19:20:03.676893+00:00,0,0.6671,0.3094,0.245,0.0226
SP-20E0FF4DDC|2026-05-26,SP-20E0FF4DDC,,IN237212,Nike,footwear,Nike Air Jordan 1 Low Gs-Girls Lifestyle Shoes Black/White/Pink,2026-05-26,136.6,4.55,0,9,1.0,59.77,0.0,999,30,191.59,0.144,0,1,1,above_market,0,0.0,tier1,77.08,1.15,0.0,0.0,1.2,3.0,0,0.8224,same_model_family,0.9152,movement_reconstructed,1,164.0,164.0,164.0,0.0,0.0,0.0,0.0,0.0,0.0,-8.0,-1.0,7,CLEAR,rds_snapshot_history,0,,,1.0,HOLD,HOLD,0.5568,0.5568,inventory position is balanced; no urgent pricing intervention is needed,low_stock|overpriced|stale_inventory|low_label_confidence,business_only_retail_pricing_v1,deterministic_business_heuristic,2026-06-04T19:20:03.676893+00:00,1,0.6127,0.715,0.3212,0.349
SP-21EC9D6B2F|2026-05-19,SP-21EC9D6B2F,,HL9308,Adidas,other,"Adicolor Classics Poplin Skirt, Blue",2026-05-19,0.0,0.0,1,0,1.0,51.36,0.0,999,30,31.58,-0.0133,1,0,1,at_market,0,1.0,tier1,15.36,1.15,0.0,0.0,1.2,3.0,0,0.8224,exact_style,1.0,movement_reconstructed,1,32.0,32.0,32.0,0.0,0.0,0.0,0.0,0.0,0.0,0.0,0.0,0,HOLD,rds_snapshot_history,0,,,1.0,HOLD,HOLD,0.98,0.98,price is close to market; no urgent pricing intervention is needed,low_stock,business_only_retail_pricing_v1,deterministic_business_heuristic,2026-06-04T19:20:03.676893+00:00,0,0.6431,0.2988,0.2118,0.0326
SP-21EC9D6B2F|2026-05-26,SP-21EC9D6B2F,,HL9308,Adidas,other,"Adicolor Classics Poplin Skirt, Blue",2026-05-26,73.5,2.45,0,9,1.0,51.36,0.0,999,30,31.58,-0.0133,1,0,1,at_market,0,0.0,tier1,15.36,1.15,0.0,0.0,1.2,3.0,0,0.8224,exact_style,1.0,movement_reconstructed,1,32.0,32.0,32.0,0.0,0.0,0.0,0.0,0.0,0.0,-6.0,-1.0,7,HOLD,rds_snapshot_history,0,,,1.0,HOLD,HOLD,0.8944,0.8944,inventory position is balanced; price is close to market; no urgent pricing intervention is needed,low_stock,business_only_retail_pricing_v1,deterministic_business_heuristic,2026-06-04T19:20:03.676893+00:00,0,0.7739,0.5188,0.4101,0.3126
SP-229CAF275F|2026-05-19,SP-229CAF275F,,BF2023,Puma,apparel,DARE TO Leggings Sportstyle/Prime Women,2026-05-19,0.0,0.0,1,0,1.0,55.67,0.0,999,30,14.1,0.0,0,0,0,at_market,0,1.0,tier2,6.25,1.15,0.0,0.0,1.2,3.0,0,0.8224,no_match,0.0,movement_reconstructed,0,0.0,0.0,0.0,0.0,0.0,0.0,0.5,0.5,0.0,0.0,0.0,0,HOLD,rds_snapshot_history,0,,,1.0,HOLD,HOLD,0.98,0.98,price is close to market; no urgent pricing intervention is needed,low_stock|weak_competitor_match,business_only_retail_pricing_v1,deterministic_business_heuristic,2026-06-04T19:20:03.676893+00:00,0,0.8431,0.0,0.2033,0.0
SP-229CAF275F|2026-05-26,SP-229CAF275F,,BF2023,Puma,apparel,DARE TO Leggings Sportstyle/Prime Women,2026-05-26,51.2,1.71,0,14,1.0,55.67,0.0,999,30,14.1,0.0,0,0,0,at_market,0,0.0,tier2,6.25,1.15,0.0,0.0,1.2,3.0,0,0.8224,no_match,0.0,movement_reconstructed,0,0.0,0.0,0.0,0.0,0.0,0.0,0.5,0.5,0.1383,-14.0,-1.0,0,HOLD,rds_snapshot_history,0,,,1.0,HOLD,HOLD,0.98,0.98,inventory position is balanced; price is close to market; no urgent pricing intervention is needed,low_stock|weak_competitor_match,business_only_retail_pricing_v1,deterministic_business_heuristic,2026-06-04T19:20:03.676893+00:00,0,1.016,0.1987,0.4132,0.2426
SP-22ED3EE46C|2026-05-19,SP-22ED3EE46C,,IN206521,Crocs,footwear,Crocs All Terrain Kids Lifestyle Sandals Storm,2026-05-19,0.0,0.0,1,0,1.0,53.47,0.0,999,30,32.41,0.0,0,0,0,at_market,0,1.0,tier2,15.08,1.15,0.0,0.0,1.2,3.0,0,0.8224,no_match,0.0,movement_reconstructed,0,0.0,0.0,0.0,0.0,0.0,0.0,1.0,1.0,0.0,0.0,0.0,0,HOLD,rds_snapshot_history,0,,,1.0,HOLD,HOLD,0.98,0.98,price is close to market; no urgent pricing intervention is needed,low_stock|weak_competitor_match,business_only_retail_pricing_v1,deterministic_business_heuristic,2026-06-04T19:20:03.676893+00:00,0,0.8431,0.0,0.1923,0.0
SP-22ED3EE46C|2026-05-26,SP-22ED3EE46C,,IN206521,Crocs,footwear,Crocs All Terrain Kids Lifestyle Sandals Storm,2026-05-26,73.5,2.45,0,9,1.0,53.47,0.0,999,30,32.41,0.1052,1,1,1,above_market,0,0.0,tier2,15.08,1.15,0.0,0.0,1.2,3.0,0,0.8224,same_model_family,0.7532,movement_reconstructed,1,29.0,35.8,46.0,0.0,0.0,0.0,1.0,1.0,0.0,-12.0,-1.0,7,HOLD,rds_snapshot_history,0,,,1.0,HOLD,HOLD,0.55,0.55,inventory position is balanced; no urgent pricing intervention is needed,low_stock|low_label_confidence,business_only_retail_pricing_v1,deterministic_business_heuristic,2026-06-04T19:20:03.676893+00:00,0,0.7106,0.7273,0.4706,0.3521
SP-23392C79BE|2026-05-19,SP-23392C79BE,,IN237338,Nike,footwear,Nike Air Force 1 '07 Women Lifestyle Shoes Midnight Navy/Black,2026-05-19,0.0,0.0,1,0,1.0,57.14,0.0,999,30,246.76,0.0882,0,1,1,above_market,0,1.0,tier1,105.75,1.15,0.0,0.0,1.2,3.0,0,0.8224,same_model_family,0.8219,movement_reconstructed,1,225.0,251.0,277.0,0.0,0.0,0.0,0.0,0.0,0.0,0.0,0.0,0,HOLD,rds_snapshot_history,0,,,1.0,HOLD,HOLD,0.98,0.98,no urgent pricing intervention is needed,low_stock,business_only_retail_pricing_v1,deterministic_business_heuristic,2026-06-04T19:20:03.676893+00:00,0,0.7141,0.1174,0.2907,0.0
SP-23392C79BE|2026-05-26,SP-23392C79BE,,IN237338,Nike,footwear,Nike Air Force 1 '07 Women Lifestyle Shoes Midnight Navy/Black,2026-05-26,136.6,4.55,0,9,1.0,57.14,0.0,999,30,246.76,0.0882,0,1,1,above_market,0,0.0,tier1,105.75,1.15,0.0,0.0,1.2,3.0,0,0.8224,same_model_family,0.8219,movement_reconstructed,1,225.0,251.0,277.0,0.0,0.0,0.0,0.0,0.0,0.0,-0.0,0.0,7,CLEAR,rds_snapshot_history,0,,,1.0,HOLD,HOLD,0.681,0.681,inventory position is balanced; no urgent pricing intervention is needed,low_stock|stale_inventory,business_only_retail_pricing_v1,deterministic_business_heuristic,2026-06-04T19:20:03.676893+00:00,1,0.6597,0.623,0.3169,0.3197
SP-236F78ABB2|2026-05-19,SP-236F78ABB2,,JV5079,Adidas,apparel,Adidas Camo Graphic Kids-Boys Sportswear T-Shirt Black,2026-05-19,0.0,0.0,1,0,1.0,50.24,0.0,999,30,27.49,0.2361,1,1,2,premium,0,1.0,tier1,13.68,1.15,0.0,0.0,1.2,3.0,0,0.8224,exact_style,0.7929,movement_reconstructed,1,21.0,0.9035,28.0,0.0,0.0,0.0,0.0,0.0,0.0,0.0,0.0,0,HOLD,rds_snapshot_history,0,,,1.0,HOLD,HOLD,0.6531,0.6531,no urgent pricing intervention is needed,low_stock|overpriced|low_label_confidence,business_only_retail_pricing_v1,deterministic_business_heuristic,2026-06-04T19:20:03.676893+00:00,0,0.5431,0.6436,0.2312,0.0976
SP-236F78ABB2|2026-05-26,SP-236F78ABB2,,JV5079,Adidas,apparel,Adidas Camo Graphic Kids-Boys Sportswear T-Shirt Black,2026-05-26,43.5,1.45,0,14,1.0,50.24,0.0,999,30,27.49,0.709,1,1,2,premium,0,0.0,tier1,13.68,1.15,0.0,0.0,1.2,3.0,0,0.8224,exact_style,0.7794,movement_reconstructed,1,8.0,0.7689,28.0,0.0,0.0,0.0,0.0,0.0,0.0,-12.0,-1.0,7,HOLD,rds_snapshot_history,0,,,1.0,MARKDOWN,MARKDOWN,0.7833,0.7833,priced above market by 71%; competitors are discounting; margin can support a markdown,low_stock|overpriced,business_only_retail_pricing_v1,deterministic_business_heuristic,2026-06-04T19:20:03.676893+00:00,1,0.6908,0.8636,0.4187,0.3776
SP-238EEC1D13|2026-05-19,SP-238EEC1D13,,IN233433,ON,football_boots,On Studio Crop Top Women Training Long Sleeve Heron,2026-05-19,0.0,0.0,1,0,1.0,57.27,0.0,999,30,80.74,0.0,0,0,0,at_market,0,1.0,tier1,34.5,1.15,0.0,0.0,1.2,3.0,0,0.8224,no_match,0.0,movement_reconstructed,0,0.0,0.0,0.0,0.0,0.0,0.0,1.0,1.0,0.0,0.0,0.0,0,HOLD,rds_snapshot_history,0,,,1.0,HOLD,HOLD,0.98,0.98,price is close to market; no urgent pricing intervention is needed,low_stock|weak_competitor_match,business_only_retail_pricing_v1,deterministic_business_heuristic,2026-06-04T19:20:03.676893+00:00,0,0.8431,0.0,0.2239,0.0
SP-238EEC1D13|2026-05-26,SP-238EEC1D13,,IN233433,ON,football_boots,On Studio Crop Top Women Training Long Sleeve Heron,2026-05-26,110.3,3.68,0,7,1.0,57.27,0.0,999,30,80.74,0.0,0,0,0,at_market,0,0.0,tier1,34.5,1.15,0.0,0.0,1.2,3.0,0,0.8224,no_match,0.0,movement_reconstructed,0,0.0,0.0,0.0,0.0,0.0,0.0,1.0,1.0,0.0,-9.0,-1.0,7,HOLD,rds_snapshot_history,0,,,1.0,HOLD,HOLD,0.98,0.98,inventory position is balanced; price is close to market; no urgent pricing intervention is needed,low_stock|weak_competitor_match,business_only_retail_pricing_v1,deterministic_business_heuristic,2026-06-04T19:20:03.676893+00:00,0,0.9739,0.2666,0.2804,0.1926
SP-24A89F1A48|2026-05-19,SP-24A89F1A48,,,Puma,kids,ACTIVE SPORTS Graphic Tee II Boys,2026-05-19,0.0,0.0,1,0,1.0,60.78,0.0,999,30,12.75,-0.1765,1,0,1,deep_value,0,1.0,tier2,5.0,1.15,0.0,0.0,1.2,3.0,0,0.8224,similar_product,0.732,movement_reconstructed,1,15.0,15.0,15.0,0.0,0.0,0.0,0.0,0.0,0.0,0.0,0.0,0,HOLD,rds_snapshot_history,0,,,1.0,HOLD,HOLD,0.98,0.98,no urgent pricing intervention is needed,low_stock|weak_competitor_match,business_only_retail_pricing_v1,deterministic_business_heuristic,2026-06-04T19:20:03.676893+00:00,0,0.7031,0.3294,0.3336,0.0326
SP-24A89F1A48|2026-05-26,SP-24A89F1A48,,,Puma,kids,ACTIVE SPORTS Graphic Tee II Boys,2026-05-26,65.4,2.18,0,9,1.0,60.78,0.0,999,30,12.75,-0.1765,1,0,1,deep_value,0,0.0,tier2,5.0,1.15,0.0,0.0,1.2,3.0,0,0.8224,similar_product,0.732,movement_reconstructed,1,15.0,15.0,15.0,0.0,0.0,0.0,0.0,0.0,0.0,-9.0,-1.0,7,HOLD,rds_snapshot_history,0,,,1.0,HOLD,HOLD,0.9618,0.9618,inventory position is balanced; no urgent pricing intervention is needed,low_stock|weak_competitor_match,business_only_retail_pricing_v1,deterministic_business_heuristic,2026-06-04T19:20:03.676893+00:00,0,0.8604,0.5494,0.5554,0.3126
SP-24AE4646D5|2026-05-19,SP-24AE4646D5,,1001907,Keen,footwear,Keen Newport H2 Sandal M,2026-05-19,0.0,0.0,1,0,1.0,52.0,0.0,999,30,122.1,0.0,0,0,0,at_market,0,1.0,tier2,58.61,1.15,0.0,0.0,1.2,3.0,0,0.8224,no_match,0.0,movement_reconstructed,0,0.0,0.0,0.0,0.0,0.0,0.0,1.0,0.0,0.0,0.0,0.0,0,HOLD,rds_snapshot_history,0,,,1.0,HOLD,HOLD,0.98,0.98,price is close to market; no urgent pricing intervention is needed,low_stock|weak_competitor_match,business_only_retail_pricing_v1,deterministic_business_heuristic,2026-06-04T19:20:03.676893+00:00,0,0.8431,0.0,0.185,0.0
SP-24AE4646D5|2026-05-26,SP-24AE4646D5,,1001907,Keen,footwear,Keen Newport H2 Sandal M,2026-05-26,136.6,4.55,0,40,1.0,52.0,0.0,999,30,122.1,0.0,0,0,0,at_market,0,0.0,tier2,58.61,1.15,0.0,0.0,1.2,3.0,0,0.8224,no_match,0.0,movement_reconstructed,0,0.0,0.0,0.0,0.0,0.0,0.0,1.0,0.0,0.0,-12.0,-1.0,7,CLEAR,rds_snapshot_history,0,,,1.0,HOLD,HOLD,0.98,0.98,inventory position is balanced; price is close to market; no urgent pricing intervention is needed,weak_competitor_match|stale_inventory,business_only_retail_pricing_v1,deterministic_business_heuristic,2026-06-04T19:20:03.676893+00:00,1,0.8481,0.3873,0.2382,0.289
SP-24B46A527F|2026-05-19,SP-24B46A527F,,IN219772,New Balance,footwear,New Balance 1080 Women Running Shoes Black/Phantom,2026-05-19,0.0,0.0,1,0,1.0,58.05,0.0,999,30,235.95,0.0,0,0,0,at_market,0,1.0,tier1,98.98,1.15,0.0,0.0,1.2,3.0,0,0.8224,no_match,0.0,movement_reconstructed,0,0.0,0.0,0.0,0.0,0.0,0.0,1.0,0.5,0.0,0.0,0.0,0,HOLD,rds_snapshot_history,0,,,1.0,HOLD,HOLD,0.98,0.98,price is close to market; no urgent pricing intervention is needed,low_stock|weak_competitor_match,business_only_retail_pricing_v1,deterministic_business_heuristic,2026-06-04T19:20:03.676893+00:00,0,0.8431,0.0,0.215,0.0
SP-24B46A527F|2026-05-26,SP-24B46A527F,,IN219772,New Balance,footwear,New Balance 1080 Women Running Shoes Black/Phantom,2026-05-26,136.6,4.55,0,9,1.0,58.05,0.0,999,30,235.95,0.4194,1,1,1,premium,0,0.0,tier1,98.98,1.15,0.0,0.0,1.2,3.0,0,0.8224,same_model_family,0.8744,movement_reconstructed,1,137.0,169.5,202.0,0.0,0.0,0.0,1.0,0.5,0.0,-14.0,-1.0,7,CLEAR,rds_snapshot_history,0,,,1.0,HOLD,HOLD,0.55,0.55,inventory position is balanced; no urgent pricing intervention is needed,low_stock|overpriced|stale_inventory|low_label_confidence,business_only_retail_pricing_v1,deterministic_business_heuristic,2026-06-04T19:20:03.676893+00:00,1,0.4287,1.185,0.3212,0.459
SP-24D24979D7|2026-05-19,SP-24D24979D7,,IB7705,Adidas,swimwear,"3-Stripes Swimsuit, Black",2026-05-19,0.0,0.0,1,0,1.0,51.94,0.0,999,30,22.97,-0.0013,1,0,1,at_market,0,1.0,tier1,11.04,1.45,0.3,0.0,1.7,3.0,0,0.8224,exact_style,0.8445,movement_reconstructed,1,23.0,33.6667,40.0,0.0,0.0,0.0,1.0,1.0,0.0,0.0,0.0,0,HOLD,rds_snapshot_history,0,,,1.0,HOLD,HOLD,0.98,0.98,price is close to market; no urgent pricing intervention is needed,low_stock,business_only_retail_pricing_v1,deterministic_business_heuristic,2026-06-04T19:20:03.676893+00:00,0,0.6431,0.3015,0.3897,0.0326
SP-24D24979D7|2026-05-26,SP-24D24979D7,,IB7705,Adidas,swimwear,"3-Stripes Swimsuit, Black",2026-05-26,98.0,3.27,0,9,1.0,51.94,0.0,999,30,22.97,-0.0013,1,0,1,at_market,0,0.0,tier1,11.04,1.45,0.3,0.0,1.7,3.0,0,0.8224,exact_style,0.825,movement_reconstructed,1,23.0,33.0,40.0,0.0,0.0,0.0,1.0,1.0,0.0,-14.0,-1.0,7,HOLD,rds_snapshot_history,0,,,1.0,HOLD,HOLD,0.7648,0.7648,inventory position is balanced; price is close to market; no urgent pricing intervention is needed,low_stock,business_only_retail_pricing_v1,deterministic_business_heuristic,2026-06-04T19:20:03.676893+00:00,0,0.6937,0.5609,0.5057,0.3126
SP-25BF4C3BC1|2026-05-19,SP-25BF4C3BC1,,V1GA2412,Mizuno,footwear,Mizuno Wave Momentum 3,2026-05-19,0.0,0.0,1,0,1.0,50.0,0.0,999,30,122.1,0.0,0,0,0,at_market,0,1.0,tier2,61.05,1.15,0.0,0.0,1.2,3.0,0,0.8224,no_match,0.0,movement_reconstructed,0,0.0,0.0,0.0,0.0,0.0,0.0,0.0,0.0,0.0,0.0,0.0,0,HOLD,rds_snapshot_history,0,,,1.0,HOLD,HOLD,0.98,0.98,price is close to market; no urgent pricing intervention is needed,low_stock|weak_competitor_match,business_only_retail_pricing_v1,deterministic_business_heuristic,2026-06-04T19:20:03.676893+00:00,0,0.8431,0.0,0.175,0.0
SP-25BF4C3BC1|2026-05-26,SP-25BF4C3BC1,,V1GA2412,Mizuno,footwear,Mizuno Wave Momentum 3,2026-05-26,136.6,4.55,0,48,1.0,50.0,0.0,999,30,122.1,0.0,0,0,0,at_market,0,0.0,tier2,61.05,1.15,0.0,0.0,1.2,3.0,0,0.8224,no_match,0.0,movement_reconstructed,0,0.0,0.0,0.0,0.0,0.0,0.0,0.0,0.0,0.0,-48.0,-1.0,7,CLEAR,rds_snapshot_history,0,,,1.0,HOLD,HOLD,0.98,0.98,inventory position is balanced; price is close to market; no urgent pricing intervention is needed,weak_competitor_match|stale_inventory,business_only_retail_pricing_v1,deterministic_business_heuristic,2026-06-04T19:20:03.676893+00:00,1,0.8481,0.3781,0.2282,0.289
SP-2644ED0974|2026-05-19,SP-2644ED0974,,1003987,Teva,footwear,Teva Original Universal W,2026-05-19,0.0,0.0,1,0,1.0,45.0,0.0,999,30,66.6,0.0,0,0,0,at_market,0,1.0,tier2,36.63,1.15,0.0,0.0,1.2,3.0,0,0.8224,no_match,0.0,movement_reconstructed,0,0.0,0.0,0.0,0.0,0.0,0.0,1.0,1.0,0.0,0.0,0.0,0,HOLD,rds_snapshot_history,0,,,1.0,HOLD,HOLD,0.98,0.98,price is close to market; no urgent pricing intervention is needed,low_stock|weak_competitor_match,business_only_retail_pricing_v1,deterministic_business_heuristic,2026-06-04T19:20:03.676893+00:00,0,0.8431,0.0,0.15,0.0
SP-2644ED0974|2026-05-26,SP-2644ED0974,,1003987,Teva,footwear,Teva Original Universal W,2026-05-26,79.6,2.65,0,56,1.0,45.0,0.0,999,30,66.6,0.0,0,0,0,at_market,0,0.0,tier2,36.63,1.15,0.0,0.0,1.2,3.0,0,0.8224,no_match,0.0,movement_reconstructed,0,0.0,0.0,0.0,0.0,0.0,0.0,1.0,1.0,0.0,-13.0,-1.0,7,PROMOTE,rds_snapshot_history,0,,,1.0,HOLD,HOLD,0.98,0.98,inventory position is balanced; price is close to market; no urgent pricing intervention is needed,weak_competitor_match,business_only_retail_pricing_v1,deterministic_business_heuristic,2026-06-04T19:20:03.676893+00:00,1,1.0134,0.1573,0.3553,0.2426
SP-264C0F6E4D|2026-05-19,SP-264C0F6E4D,,IN205134,New Balance,apparel,New Balance Athletic Jersey Women Lifestyle T-Shirt Black,2026-05-19,0.0,0.0,1,0,1.0,52.18,0.0,999,30,50.21,0.5021,1,1,1,premium,0,1.0,tier1,24.01,1.15,0.0,0.0,1.2,3.0,0,0.8224,same_model_family,0.7873,movement_reconstructed,1,25.0,31.0,34.0,0.0,0.0,0.0,0.0,0.0,0.0,0.0,0.0,0,HOLD,rds_snapshot_history,0,,,1.0,HOLD,HOLD,0.55,0.55,no urgent pricing intervention is needed,low_stock|overpriced|low_label_confidence,business_only_retail_pricing_v1,deterministic_business_heuristic,2026-06-04T19:20:03.676893+00:00,0,0.4831,0.7526,0.2659,0.1326
SP-264C0F6E4D|2026-05-26,SP-264C0F6E4D,,IN205134,New Balance,apparel,New Balance Athletic Jersey Women Lifestyle T-Shirt Black,2026-05-26,51.2,1.71,0,14,1.0,52.18,0.0,999,30,50.21,0.522,1,1,1,premium,0,0.0,tier1,24.01,1.15,0.0,0.0,1.2,3.0,0,0.8224,same_model_family,0.7956,movement_reconstructed,1,24.0,30.08333333333333,34.0,0.0,0.0,0.0,0.0,0.0,0.0,-9.0,-1.0,7,HOLD,rds_snapshot_history,0,,,1.0,MARKDOWN,MARKDOWN,0.9774,0.9774,priced above market by 52%; competitors are discounting; margin can support a markdown,low_stock|overpriced,business_only_retail_pricing_v1,deterministic_business_heuristic,2026-06-04T19:20:03.676893+00:00,1,0.656,0.9726,0.4758,0.4126
SP-265659CA96|2026-05-19,SP-265659CA96,,IG9175,Adidas,footwear,"Advantage 2.0 Shoes, White",2026-05-19,0.0,0.0,1,0,1.0,49.01,0.0,999,30,118.62,-0.0201,0,0,1,at_market,0,1.0,tier1,60.48,1.15,0.0,0.0,1.2,3.0,0,0.8224,exact_style,0.93,movement_reconstructed,1,121.0,123.5,126.0,0.0,0.0,0.0,0.0,0.0,0.0,0.0,0.0,0,HOLD,rds_snapshot_history,0,,,1.0,HOLD,HOLD,0.98,0.98,price is close to market; no urgent pricing intervention is needed,low_stock,business_only_retail_pricing_v1,deterministic_business_heuristic,2026-06-04T19:20:03.676893+00:00,0,0.7631,0.0,0.2,0.0
SP-265659CA96|2026-05-26,SP-265659CA96,,IG9175,Adidas,footwear,"Advantage 2.0 Shoes, White",2026-05-26,136.6,4.55,0,13,1.0,49.01,0.0,999,30,118.62,-0.0201,0,0,1,at_market,0,0.0,tier1,60.48,1.15,0.0,0.0,1.2,3.0,0,0.8224,exact_style,0.93,movement_reconstructed,1,121.0,123.5,126.0,0.0,0.0,0.0,0.0,0.0,0.0,-18.0,-1.0,7,CLEAR,rds_snapshot_history,0,,,1.0,HOLD,HOLD,0.98,0.98,inventory position is balanced; price is close to market; no urgent pricing intervention is needed,low_stock|stale_inventory,business_only_retail_pricing_v1,deterministic_business_heuristic,2026-06-04T19:20:03.676893+00:00,1,0.7681,0.4135,0.2532,0.289
SP-26A670ED8E|2026-05-19,SP-26A670ED8E,,11822006,Dr. Martens,footwear,Dr. Martens 1460 Boot Black M,2026-05-19,0.0,0.0,1,0,1.0,52.0,0.0,999,30,188.7,0.0,0,0,0,at_market,0,1.0,tier2,90.58,1.15,0.0,0.0,1.2,3.0,0,0.8224,no_match,0.0,movement_reconstructed,0,0.0,0.0,0.0,0.0,0.0,0.0,0.0,0.0,0.0,0.0,0.0,0,HOLD,rds_snapshot_history,0,,,1.0,HOLD,HOLD,0.98,0.98,price is close to market; no urgent pricing intervention is needed,low_stock|weak_competitor_match,business_only_retail_pricing_v1,deterministic_business_heuristic,2026-06-04T19:20:03.676893+00:00,0,0.8431,0.0,0.185,0.0
SP-26A670ED8E|2026-05-26,SP-26A670ED8E,,11822006,Dr. Martens,footwear,Dr. Martens 1460 Boot Black M,2026-05-26,136.6,4.55,0,28,1.0,52.0,0.0,999,30,188.7,0.0,0,0,0,at_market,0,0.0,tier2,90.58,1.15,0.0,0.0,1.2,3.0,0,0.8224,no_match,0.0,movement_reconstructed,0,0.0,0.0,0.0,0.0,0.0,0.0,0.0,0.0,0.0,-42.0,-1.0,7,CLEAR,rds_snapshot_history,0,,,1.0,HOLD,HOLD,0.98,0.98,inventory position is balanced; price is close to market; no urgent pricing intervention is needed,weak_competitor_match|stale_inventory,business_only_retail_pricing_v1,deterministic_business_heuristic,2026-06-04T19:20:03.676893+00:00,1,0.8481,0.3873,0.2382,0.289
SP-26CA5937C8|2026-05-19,SP-26CA5937C8,,IN236719,Crocs,footwear,Crocs All Day Men Lifestyle Slippers Navy,2026-05-19,0.0,0.0,1,0,1.0,57.94,0.0,999,30,44.51,0.0564,0,1,1,above_market,0,1.0,tier2,18.72,1.15,0.0,0.0,1.2,3.0,0,0.8224,same_model_family,0.8264,movement_reconstructed,1,42.0,42.0,42.0,0.0,0.0,0.0,1.0,0.0,0.0,0.0,0.0,0,HOLD,rds_snapshot_history,0,,,1.0,HOLD,HOLD,0.98,0.98,no urgent pricing intervention is needed,low_stock,business_only_retail_pricing_v1,deterministic_business_heuristic,2026-06-04T19:20:03.676893+00:00,0,0.7409,0.0708,0.2947,0.0
SP-26CA5937C8|2026-05-26,SP-26CA5937C8,,IN236719,Crocs,footwear,Crocs All Day Men Lifestyle Slippers Navy,2026-05-26,73.5,2.45,0,12,1.0,57.94,0.0,999,30,44.51,0.0564,0,1,1,above_market,0,0.0,tier2,18.72,1.15,0.0,0.0,1.2,3.0,0,0.8224,same_model_family,0.8264,movement_reconstructed,1,42.0,42.0,42.0,0.0,0.0,0.0,1.0,0.0,0.0,-18.0,-1.0,7,HOLD,rds_snapshot_history,0,,,1.0,HOLD,HOLD,0.98,0.98,inventory position is balanced; no urgent pricing intervention is needed,low_stock,business_only_retail_pricing_v1,deterministic_business_heuristic,2026-06-04T19:20:03.676893+00:00,0,0.9311,0.3908,0.52,0.2565
SP-26E1DF3914|2026-05-19,SP-26E1DF3914,,IG9166,Adidas,footwear,"Advantage 2.0 Shoes, White",2026-05-19,0.0,0.0,1,0,1.0,49.83,0.0,999,30,120.55,0.1622,1,0,1,premium,0,1.0,tier1,60.48,1.15,0.0,0.0,1.2,3.0,0,0.8224,exact_style,0.895,movement_reconstructed,1,101.0,118.5,126.0,0.0,0.0,0.0,1.0,0.0,0.0,0.0,0.0,0,HOLD,rds_snapshot_history,0,,,1.0,HOLD,HOLD,0.6438,0.6438,no urgent pricing intervention is needed,low_stock|overpriced|low_label_confidence,business_only_retail_pricing_v1,deterministic_business_heuristic,2026-06-04T19:20:03.676893+00:00,0,0.5318,0.6505,0.2041,0.1021
SP-26E1DF3914|2026-05-26,SP-26E1DF3914,,IG9166,Adidas,footwear,"Advantage 2.0 Shoes, White",2026-05-26,136.6,4.55,0,14,1.0,49.83,0.0,999,30,120.55,0.1622,1,0,1,premium,0,0.0,tier1,60.48,1.15,0.0,0.0,1.2,3.0,0,0.8224,exact_style,0.895,movement_reconstructed,1,101.0,118.5,126.0,0.0,0.0,0.0,1.0,0.0,0.0,-9.0,-1.0,7,CLEAR,rds_snapshot_history,0,,,1.0,MARKDOWN,MARKDOWN,0.98,0.98,priced above market by 16%; competitors are discounting; stock cover is elevated (137 DOS),low_stock|overpriced|stale_inventory,business_only_retail_pricing_v1,deterministic_business_heuristic,2026-06-04T19:20:03.676893+00:00,1,0.5368,1.0561,0.2573,0.4286
SP-2732E00DB0|2026-05-19,SP-2732E00DB0,,1ME10031756,ON,apparel,1Me10031756 Club Hoodie Crater,2026-05-19,0.0,0.0,1,0,1.0,50.32,0.0,999,30,147.23,-0.0799,0,0,1,below_market,0,1.0,tier1,73.14,1.15,0.0,0.0,1.2,3.0,0,0.8224,exact_style,1.0,movement_reconstructed,1,159.0,159.0,159.0,0.0,0.0,0.0,0.0,1.0,0.0,0.0,0.0,0,HOLD,rds_snapshot_history,0,,,1.0,HOLD,HOLD,0.98,0.98,no urgent pricing intervention is needed,low_stock,business_only_retail_pricing_v1,deterministic_business_heuristic,2026-06-04T19:20:03.676893+00:00,0,0.7931,0.0,0.2666,0.0
SP-2732E00DB0|2026-05-26,SP-2732E00DB0,,1ME10031756,ON,apparel,1Me10031756 Club Hoodie Crater,2026-05-26,95.0,3.17,0,14,1.0,50.32,0.0,999,30,147.23,-0.0799,0,0,1,below_market,0,0.0,tier1,73.14,1.15,0.0,0.0,1.2,3.0,0,0.8224,exact_style,1.0,movement_reconstructed,1,159.0,159.0,159.0,0.0,0.0,0.0,0.0,1.0,0.0,-9.0,-1.0,7,HOLD,rds_snapshot_history,0,,,1.0,HOLD,HOLD,0.98,0.98,inventory position is balanced; no urgent pricing intervention is needed,low_stock,business_only_retail_pricing_v1,deterministic_business_heuristic,2026-06-04T19:20:03.676893+00:00,0,0.913,0.2483,0.4198,0.2426
SP-275CC88728|2026-05-19,SP-275CC88728,,JE8943,Adidas,apparel,Adidas Essentials Big Logo Men Sportswear T-Shirt White/Black,2026-05-19,0.0,0.0,1,0,1.0,49.37,0.0,999,30,42.19,0.36,2,1,2,premium,0,1.0,tier1,21.36,1.15,0.0,0.0,1.2,3.0,0,0.8224,exact_style,0.7568,movement_reconstructed,1,27.0,13.2003,54.0,0.0,0.0,0.0,0.5,0.5,0.0,0.0,0.0,0,HOLD,rds_snapshot_history,0,,,1.0,HOLD,HOLD,0.55,0.55,no urgent pricing intervention is needed,low_stock|overpriced|low_label_confidence,business_only_retail_pricing_v1,deterministic_business_heuristic,2026-06-04T19:20:03.676893+00:00,0,0.4831,0.7396,0.2268,0.1326
SP-275CC88728|2026-05-26,SP-275CC88728,,JE8943,Adidas,apparel,Adidas Essentials Big Logo Men Sportswear T-Shirt White/Black,2026-05-26,43.5,1.45,0,14,1.0,49.37,0.0,999,30,42.19,0.5497,2,1,2,premium,0,0.0,tier1,21.36,1.15,0.0,0.0,1.2,3.0,0,0.8224,exact_style,0.754,movement_reconstructed,1,19.0,11.7736,54.0,0.0,0.0,0.0,0.5,0.5,0.0518,-14.0,-1.0,0,HOLD,rds_snapshot_history,0,,,1.0,MARKDOWN,MARKDOWN,0.98,0.98,priced above market by 55%; competitors are discounting; margin can support a markdown,low_stock|overpriced,business_only_retail_pricing_v1,deterministic_business_heuristic,2026-06-04T19:20:03.676893+00:00,1,0.6308,0.9596,0.4143,0.4126
SP-27D2D54156|2026-05-19,SP-27D2D54156,,,ASICS,lifestyle,Asics Metarise 2 Paris volleyball shoes in a safety yellow and black,2026-05-19,0.0,0.0,1,0,1.0,61.47,0.0,999,30,108.11,0.0,0,0,0,at_market,0,1.0,tier2,41.65,1.15,0.0,0.0,1.2,3.0,0,0.8224,no_match,0.0,movement_reconstructed,0,0.0,0.0,0.0,0.0,0.0,0.0,0.0,0.0,0.0,0.0,0.0,0,HOLD,rds_snapshot_history,0,,,1.0,HOLD,HOLD,0.98,0.98,price is close to market; no urgent pricing intervention is needed,low_stock|weak_competitor_match,business_only_retail_pricing_v1,deterministic_business_heuristic,2026-06-04T19:20:03.676893+00:00,0,0.8431,0.0,0.215,0.0
SP-27D2D54156|2026-05-26,SP-27D2D54156,,,ASICS,lifestyle,Asics Metarise 2 Paris volleyball shoes in a safety yellow and black,2026-05-26,121.6,4.05,0,12,1.0,61.47,0.0,999,30,108.11,0.0,0,0,0,at_market,0,0.0,tier2,41.65,1.15,0.0,0.0,1.2,3.0,0,0.8224,no_match,0.0,movement_reconstructed,0,0.0,0.0,0.0,0.0,0.0,0.0,0.0,0.0,0.0,-18.0,-1.0,7,CLEAR,rds_snapshot_history,0,,,1.0,HOLD,HOLD,0.98,0.98,inventory position is balanced; price is close to market; no urgent pricing intervention is needed,low_stock|weak_competitor_match|stale_inventory,business_only_retail_pricing_v1,deterministic_business_heuristic,2026-06-04T19:20:03.676893+00:00,1,0.878,0.3893,0.2821,0.247
SP-28A4947B98|2026-05-19,SP-28A4947B98,,ID3489,Adidas,footwear,"4Dfwd 3 Running Shoes, Beige",2026-05-19,0.0,0.0,1,0,1.0,46.49,0.0,999,30,185.67,0.0,0,0,0,at_market,0,1.0,tier1,99.36,1.15,0.0,0.0,1.2,3.0,0,0.8224,no_match,0.0,movement_reconstructed,0,0.0,0.0,0.0,0.0,0.0,0.0,0.0,0.0,0.0,0.0,0.0,0,HOLD,rds_snapshot_history,0,,,1.0,HOLD,HOLD,0.98,0.98,price is close to market; no urgent pricing intervention is needed,low_stock|weak_competitor_match,business_only_retail_pricing_v1,deterministic_business_heuristic,2026-06-04T19:20:03.676893+00:00,0,0.8431,0.0,0.1574,0.0
SP-28A4947B98|2026-05-26,SP-28A4947B98,,ID3489,Adidas,footwear,"4Dfwd 3 Running Shoes, Beige",2026-05-26,136.6,4.55,0,9,1.0,46.49,0.0,999,30,185.67,-0.1149,1,1,1,below_market,0,0.0,tier1,99.36,1.15,0.0,0.0,1.2,3.0,0,0.8224,similar_product,0.7421,movement_reconstructed,1,207.0,213.8571428571429,223.0,0.0,0.0,0.0,0.5,0.5,0.0812,-9.0,-1.0,0,CLEAR,rds_snapshot_history,0,,,1.0,HOLD,HOLD,0.7094,0.7094,inventory position is balanced; no urgent pricing intervention is needed,low_stock|weak_competitor_match|stale_inventory,business_only_retail_pricing_v1,deterministic_business_heuristic,2026-06-04T19:20:03.676893+00:00,1,0.6187,0.6019,0.3376,0.359
SP-292F8CAAAC|2026-05-19,SP-292F8CAAAC,,IN234707,New Balance,accessories,New Balance 47 Hitch Men Lifestyle Cap Nb Navy,2026-05-19,0.0,0.0,1,0,1.0,57.95,0.0,999,30,45.45,0.1419,0,0,1,above_market,0,1.0,tier1,19.11,1.15,0.0,0.0,1.2,3.0,0,0.8224,same_model_family,0.8347,movement_reconstructed,1,39.0,39.0,39.0,0.0,0.0,0.0,0.0,0.0,0.0,0.0,0.0,0,HOLD,rds_snapshot_history,0,,,1.0,HOLD,HOLD,0.98,0.98,no urgent pricing intervention is needed,low_stock|overpriced,business_only_retail_pricing_v1,deterministic_business_heuristic,2026-06-04T19:20:03.676893+00:00,0,0.6689,0.3059,0.2447,0.0215
SP-292F8CAAAC|2026-05-26,SP-292F8CAAAC,,IN234707,New Balance,accessories,New Balance 47 Hitch Men Lifestyle Cap Nb Navy,2026-05-26,45.2,1.51,0,18,1.0,57.95,0.0,999,30,45.45,0.1419,0,0,1,above_market,0,0.0,tier1,19.11,1.15,0.0,0.0,1.2,3.0,0,0.8224,same_model_family,0.8347,movement_reconstructed,1,39.0,39.0,39.0,0.0,0.0,0.0,0.0,0.0,0.0,-18.0,-1.0,7,PROMOTE,rds_snapshot_history,0,,,1.0,HOLD,HOLD,0.9499,0.9499,inventory position is balanced; no urgent pricing intervention is needed,overpriced,business_only_retail_pricing_v1,deterministic_business_heuristic,2026-06-04T19:20:03.676893+00:00,1,0.8221,0.5259,0.4371,0.3015
SP-2A3C5C0C82|2026-05-19,SP-2A3C5C0C82,,,The North Face,lifestyle,The North Face Glenclyffe Urban Boots in a white dune/tnf black colorway,2026-05-19,0.0,0.0,1,0,1.0,53.77,0.0,999,30,82.74,0.0,0,0,0,at_market,0,1.0,tier1,38.25,1.15,0.0,0.0,1.2,3.0,0,0.8224,no_match,0.0,movement_reconstructed,0,0.0,0.0,0.0,0.0,0.0,0.0,0.0,0.0,0.0,0.0,0.0,0,HOLD,rds_snapshot_history,0,,,1.0,HOLD,HOLD,0.98,0.98,price is close to market; no urgent pricing intervention is needed,low_stock|weak_competitor_match,business_only_retail_pricing_v1,deterministic_business_heuristic,2026-06-04T19:20:03.676893+00:00,0,0.8431,0.0,0.1938,0.0
SP-2A3C5C0C82|2026-05-26,SP-2A3C5C0C82,,,The North Face,lifestyle,The North Face Glenclyffe Urban Boots in a white dune/tnf black colorway,2026-05-26,93.0,3.1,0,12,1.0,53.77,0.0,999,30,82.74,0.0331,1,1,1,at_market,0,0.0,tier1,38.25,1.15,0.0,0.0,1.2,3.0,0,0.8224,same_model_family,0.8787,movement_reconstructed,1,80.0,80.0,80.0,0.0,0.0,0.0,0.0,0.0,0.0,-10.0,-1.0,7,HOLD,rds_snapshot_history,0,,,1.0,HOLD,HOLD,0.8216,0.8216,inventory position is balanced; price is close to market; no urgent pricing intervention is needed,low_stock,business_only_retail_pricing_v1,deterministic_business_heuristic,2026-06-04T19:20:03.676893+00:00,0,0.7669,0.5657,0.4338,0.3142
SP-2AE7A078CB|2026-05-19,SP-2AE7A078CB,,IS7049,Adidas,accessories,Adidas Classic 3 Bar Logo Training Backpack Men Dark Blue/White,2026-05-19,0.0,0.0,1,0,1.0,56.65,0.0,999,30,41.52,0.0848,0,0,2,above_market,0,1.0,tier1,18.0,1.15,0.0,0.0,1.2,3.0,0,0.8224,exact_style,1.0,movement_reconstructed,1,38.0,18.5002,37.0,0.0,0.0,0.0,1.0,1.0,0.0,0.0,0.0,0,HOLD,rds_snapshot_history,0,,,1.0,HOLD,HOLD,0.98,0.98,no urgent pricing intervention is needed,low_stock,business_only_retail_pricing_v1,deterministic_business_heuristic,2026-06-04T19:20:03.676893+00:00,0,0.717,0.1097,0.2382,0.0
SP-2AE7A078CB|2026-05-26,SP-2AE7A078CB,,IS7049,Adidas,accessories,Adidas Classic 3 Bar Logo Training Backpack Men Dark Blue/White,2026-05-26,38.5,1.28,0,18,1.0,56.65,0.0,999,30,41.52,0.0848,0,0,2,above_market,0,0.0,tier1,18.0,1.15,0.0,0.0,1.2,3.0,0,0.8224,exact_style,1.0,movement_reconstructed,1,38.0,19.9233,37.0,0.0,0.0,0.0,1.0,1.0,0.0,-10.0,-1.0,7,PROMOTE,rds_snapshot_history,0,,,1.0,MARKDOWN,MARKDOWN,0.55,0.55,priced above market by 8%; margin can support a markdown,low_label_confidence,business_only_retail_pricing_v1,deterministic_business_heuristic,2026-06-04T19:20:03.676893+00:00,1,0.8483,0.4297,0.4112,0.2714
SP-2BEE5B126F|2026-05-19,SP-2BEE5B126F,,IN204428,Nike,accessories,Nike Academy Team L Unisex Training Bags Cases And Luggage Black/White,2026-05-19,0.0,0.0,1,0,1.0,60.32,0.0,999,30,91.21,0.0,0,0,0,at_market,0,1.0,tier1,36.19,1.15,0.0,0.0,1.2,3.0,0,0.8224,no_match,0.0,movement_reconstructed,0,0.0,0.0,0.0,0.0,0.0,0.0,0.0,0.0,0.0,0.0,0.0,0,HOLD,rds_snapshot_history,0,,,1.0,HOLD,HOLD,0.98,0.98,price is close to market; no urgent pricing intervention is needed,low_stock|weak_competitor_match,business_only_retail_pricing_v1,deterministic_business_heuristic,2026-06-04T19:20:03.676893+00:00,0,0.8431,0.0,0.215,0.0
SP-2BEE5B126F|2026-05-26,SP-2BEE5B126F,,IN204428,Nike,accessories,Nike Academy Team L Unisex Training Bags Cases And Luggage Black/White,2026-05-26,67.1,2.24,0,18,1.0,60.32,0.0,999,30,91.21,0.0,0,0,0,at_market,0,0.0,tier1,36.19,1.15,0.0,0.0,1.2,3.0,0,0.8224,no_match,0.0,movement_reconstructed,0,0.0,0.0,0.0,0.0,0.0,0.0,0.0,0.0,0.0,-56.0,-1.0,7,PROMOTE,rds_snapshot_history,0,,,1.0,HOLD,HOLD,0.98,0.98,inventory position is balanced; price is close to market; no urgent pricing intervention is needed,weak_competitor_match,business_only_retail_pricing_v1,deterministic_business_heuristic,2026-06-04T19:20:03.676893+00:00,1,1.0543,0.2094,0.4589,0.2426
SP-2D1656C34E|2026-05-19,SP-2D1656C34E,,IN233432,ON,sportswear,On Studio Women Training Bra Heron,2026-05-19,0.0,0.0,1,0,1.0,56.24,0.0,999,30,78.84,0.48,1,1,1,premium,0,1.0,tier1,34.5,1.15,0.0,0.0,1.2,3.0,0,0.8224,same_model_family,0.8031,movement_reconstructed,1,41.0,77.1,145.0,0.0,0.0,0.0,0.0,0.0,0.0,0.0,0.0,0,HOLD,rds_snapshot_history,0,,,1.0,HOLD,HOLD,0.55,0.55,no urgent pricing intervention is needed,low_stock|overpriced|low_label_confidence,business_only_retail_pricing_v1,deterministic_business_heuristic,2026-06-04T19:20:03.676893+00:00,0,0.4831,0.7713,0.2862,0.1326
SP-2D1656C34E|2026-05-26,SP-2D1656C34E,,IN233432,ON,sportswear,On Studio Women Training Bra Heron,2026-05-26,75.4,2.51,0,12,1.0,56.24,0.0,999,30,78.84,0.48,1,1,1,premium,0,0.0,tier1,34.5,1.15,0.0,0.0,1.2,3.0,0,0.8224,same_model_family,0.7863,movement_reconstructed,1,41.0,74.8,145.0,0.0,0.0,0.0,0.0,0.0,0.0,-9.0,-1.0,7,HOLD,rds_snapshot_history,0,,,1.0,MARKDOWN,MARKDOWN,0.98,0.98,priced above market by 48%; competitors are discounting; margin can support a markdown,low_stock|overpriced,business_only_retail_pricing_v1,deterministic_business_heuristic,2026-06-04T19:20:03.676893+00:00,1,0.6671,0.992,0.5058,0.4126
SP-2F2652299B|2026-05-19,SP-2F2652299B,,DZ9435,Adidas,accessories,Adidas Unisex Training Dz9435 Light Ank 3Pp White/White/White,2026-05-19,0.0,0.0,1,0,1.0,62.08,0.0,999,30,19.62,0.0826,0,0,1,above_market,0,1.0,tier1,7.44,1.15,0.0,0.0,1.2,3.0,0,0.8224,exact_style,1.0,movement_reconstructed,1,18.0,18.0,18.0,0.0,0.0,0.0,1.0,1.0,0.0,0.0,0.0,0,HOLD,rds_snapshot_history,0,,,1.0,HOLD,HOLD,0.98,0.98,no urgent pricing intervention is needed,low_stock,business_only_retail_pricing_v1,deterministic_business_heuristic,2026-06-04T19:20:03.676893+00:00,0,0.7189,0.1125,0.245,0.0
SP-2F2652299B|2026-05-26,SP-2F2652299B,,DZ9435,Adidas,accessories,Adidas Unisex Training Dz9435 Light Ank 3Pp White/White/White,2026-05-26,45.2,1.51,0,18,1.0,62.08,0.0,999,30,19.62,0.0826,0,0,1,above_market,0,0.0,tier1,7.44,1.15,0.0,0.0,1.2,3.0,0,0.8224,exact_style,1.0,movement_reconstructed,1,18.0,18.0,18.0,0.0,0.0,0.0,1.0,1.0,0.1355,-12.0,-1.0,0,PROMOTE,rds_snapshot_history,0,,,1.0,MARKDOWN,MARKDOWN,0.55,0.55,priced above market by 8%; margin can support a markdown,low_label_confidence,business_only_retail_pricing_v1,deterministic_business_heuristic,2026-06-04T19:20:03.676893+00:00,1,0.8721,0.4325,0.4374,0.2703
SP-2F43E7EF07|2026-05-19,SP-2F43E7EF07,,1004006,Teva,footwear,Teva Original Universal M,2026-05-19,0.0,0.0,1,0,1.0,45.0,0.0,999,30,66.6,0.0,0,0,0,at_market,0,1.0,tier2,36.63,1.15,0.0,0.0,1.2,3.0,0,0.8224,no_match,0.0,movement_reconstructed,0,0.0,0.0,0.0,0.0,0.0,0.0,0.0,0.0,0.0,0.0,0.0,0,HOLD,rds_snapshot_history,0,,,1.0,HOLD,HOLD,0.98,0.98,price is close to market; no urgent pricing intervention is needed,low_stock|weak_competitor_match,business_only_retail_pricing_v1,deterministic_business_heuristic,2026-06-04T19:20:03.676893+00:00,0,0.8431,0.0,0.15,0.0
SP-2F43E7EF07|2026-05-26,SP-2F43E7EF07,,1004006,Teva,footwear,Teva Original Universal M,2026-05-26,79.6,2.65,0,64,1.0,45.0,0.0,999,30,66.6,0.0,0,0,0,at_market,0,0.0,tier2,36.63,1.15,0.0,0.0,1.2,3.0,0,0.8224,no_match,0.0,movement_reconstructed,0,0.0,0.0,0.0,0.0,0.0,0.0,0.0,0.0,0.0,-12.0,-1.0,7,PROMOTE,rds_snapshot_history,0,,,1.0,HOLD,HOLD,0.98,0.98,inventory position is balanced; price is close to market; no urgent pricing intervention is needed,weak_competitor_match,business_only_retail_pricing_v1,deterministic_business_heuristic,2026-06-04T19:20:03.676893+00:00,1,1.0134,0.1573,0.3553,0.2426
SP-2F6F3036F1|2026-05-19,SP-2F6F3036F1,,,ASICS,lifestyle,Handball Shoes Asics Sky Elite FF MT 3,2026-05-19,0.0,0.0,1,0,1.0,54.57,0.0,999,30,97.07,0.0,0,0,0,at_market,0,1.0,tier2,44.1,1.15,0.0,0.0,1.2,3.0,0,0.8224,no_match,0.0,movement_reconstructed,0,0.0,0.0,0.0,0.0,0.0,0.0,1.0,0.0,0.0,0.0,0.0,0,HOLD,rds_snapshot_history,0,,,1.0,HOLD,HOLD,0.98,0.98,price is close to market; no urgent pricing intervention is needed,low_stock|weak_competitor_match,business_only_retail_pricing_v1,deterministic_business_heuristic,2026-06-04T19:20:03.676893+00:00,0,0.8431,0.0,0.1978,0.0
SP-2F6F3036F1|2026-05-26,SP-2F6F3036F1,,,ASICS,lifestyle,Handball Shoes Asics Sky Elite FF MT 3,2026-05-26,109.2,3.64,0,12,1.0,54.57,0.0,999,30,97.07,0.0,0,0,0,at_market,0,0.0,tier2,44.1,1.15,0.0,0.0,1.2,3.0,0,0.8224,no_match,0.0,movement_reconstructed,0,0.0,0.0,0.0,0.0,0.0,0.0,1.0,0.5,0.2353,-9.0,-1.0,0,HOLD,rds_snapshot_history,0,,,1.0,HOLD,HOLD,0.98,0.98,inventory position is balanced; price is close to market; no urgent pricing intervention is needed,low_stock|weak_competitor_match,business_only_retail_pricing_v1,deterministic_business_heuristic,2026-06-04T19:20:03.676893+00:00,0,0.9165,0.3522,0.303,0.2426
SP-2F91D09AA8|2026-05-19,SP-2F91D09AA8,,IN235390,Nike,accessories,Nike (20L) Girls Lifestyle Backpack Light Magenta,2026-05-19,0.0,0.0,1,0,1.0,58.01,0.0,999,30,68.28,0.0,0,0,0,at_market,0,1.0,tier1,28.67,1.15,0.0,0.0,1.2,3.0,0,0.8224,no_match,0.0,movement_reconstructed,0,0.0,0.0,0.0,0.0,0.0,0.0,0.0,0.0,0.0,0.0,0.0,0,HOLD,rds_snapshot_history,0,,,1.0,HOLD,HOLD,0.98,0.98,price is close to market; no urgent pricing intervention is needed,low_stock|weak_competitor_match,business_only_retail_pricing_v1,deterministic_business_heuristic,2026-06-04T19:20:03.676893+00:00,0,0.8431,0.0,0.215,0.0
SP-2F91D09AA8|2026-05-26,SP-2F91D09AA8,,IN235390,Nike,accessories,Nike (20L) Girls Lifestyle Backpack Light Magenta,2026-05-26,50.2,1.67,0,18,1.0,58.01,0.0,999,30,68.28,0.0,0,0,0,at_market,0,0.0,tier1,28.67,1.15,0.0,0.0,1.2,3.0,0,0.8224,no_match,0.0,movement_reconstructed,0,0.0,0.0,0.0,0.0,0.0,0.0,0.0,0.0,0.0,-96.0,-1.0,7,PROMOTE,rds_snapshot_history,0,,,1.0,HOLD,HOLD,0.98,0.98,inventory position is balanced; price is close to market; no urgent pricing intervention is needed,weak_competitor_match,business_only_retail_pricing_v1,deterministic_business_heuristic,2026-06-04T19:20:03.676893+00:00,1,1.0127,0.2094,0.4219,0.2426
SP-2FEAF9AB06|2026-05-19,SP-2FEAF9AB06,,IN227539,Crocs,accessories,Crocs 3D Dino Unisex Lifestyle Jibbitz Charm,2026-05-19,0.0,0.0,1,0,1.0,48.85,0.0,999,30,6.1,0.5082,1,1,1,premium,0,1.0,tier2,3.12,1.15,0.0,0.0,1.2,3.0,0,0.8224,same_model_family,0.8846,movement_reconstructed,1,3.0,6.276190476190476,23.0,0.0,0.0,0.0,0.0,1.0,0.0,0.0,0.0,0,HOLD,rds_snapshot_history,0,,,1.0,HOLD,HOLD,0.55,0.55,no urgent pricing intervention is needed,low_stock|overpriced|low_label_confidence,business_only_retail_pricing_v1,deterministic_business_heuristic,2026-06-04T19:20:03.676893+00:00,0,0.4831,0.7372,0.2492,0.1326
SP-2FEAF9AB06|2026-05-26,SP-2FEAF9AB06,,IN227539,Crocs,accessories,Crocs 3D Dino Unisex Lifestyle Jibbitz Charm,2026-05-26,45.2,1.51,0,18,1.0,48.85,0.0,999,30,6.1,0.5082,1,1,1,premium,0,0.0,tier2,3.12,1.15,0.0,0.0,1.2,3.0,0,0.8224,same_model_family,0.8855,movement_reconstructed,1,3.0,6.448687350835322,41.0,0.0,0.0,0.0,0.0,1.0,0.0,-13.0,-1.0,7,PROMOTE,rds_snapshot_history,0,,,1.0,MARKDOWN,MARKDOWN,0.98,0.98,priced above market by 51%; competitors are discounting; margin can support a markdown,overpriced,business_only_retail_pricing_v1,deterministic_business_heuristic,2026-06-04T19:20:03.676893+00:00,1,0.6363,0.9572,0.4416,0.4126
SP-30038913CA|2026-05-19,SP-30038913CA,,IN131719,Body Glove,swimwear,Body Glove Women Beach Monokini Whisper Crissy 1 Piece Storm,2026-05-19,0.0,0.0,1,0,1.0,45.71,0.0,999,30,64.17,0.0,0,0,0,at_market,0,1.0,tier2,34.84,1.45,0.3,0.0,1.7,3.0,0,0.8224,no_match,0.0,movement_reconstructed,0,0.0,0.0,0.0,0.0,0.0,0.0,1.0,1.0,0.0,0.0,0.0,0,HOLD,rds_snapshot_history,0,,,1.0,HOLD,HOLD,0.98,0.98,price is close to market; no urgent pricing intervention is needed,low_stock|weak_competitor_match,business_only_retail_pricing_v1,deterministic_business_heuristic,2026-06-04T19:20:03.676893+00:00,0,0.8431,0.0,0.3286,0.0
SP-30038913CA|2026-05-26,SP-30038913CA,,IN131719,Body Glove,swimwear,Body Glove Women Beach Monokini Whisper Crissy 1 Piece Storm,2026-05-26,102.2,3.41,0,9,1.0,45.71,0.0,999,30,64.17,-0.0129,1,1,1,at_market,0,0.0,tier2,34.84,1.45,0.3,0.0,1.7,3.0,0,0.8224,same_model_family,0.874,movement_reconstructed,1,65.0,65.8,67.0,0.0,0.0,0.0,1.0,1.0,0.1504,-9.0,-1.0,0,HOLD,rds_snapshot_history,0,,,1.0,HOLD,HOLD,0.7939,0.7939,inventory position is balanced; price is close to market; no urgent pricing intervention is needed,low_stock,business_only_retail_pricing_v1,deterministic_business_heuristic,2026-06-04T19:20:03.676893+00:00,0,0.68,0.5393,0.5104,0.3126
SP-331574EF21|2026-05-19,SP-331574EF21,,IN236650,Crocs,accessories,Crocs 3D Coffee Cup Unisex Lifestyle Jibbitz Charm,2026-05-19,0.0,0.0,1,0,1.0,48.68,0.0,999,30,6.08,0.0132,0,0,1,at_market,0,1.0,tier2,3.12,1.15,0.0,0.0,1.2,3.0,0,0.8224,same_model_family,0.957,movement_reconstructed,1,6.0,6.0,6.0,0.0,0.0,0.0,0.0,0.0,0.0,0.0,0.0,0,HOLD,rds_snapshot_history,0,,,1.0,HOLD,HOLD,0.98,0.98,price is close to market; no urgent pricing intervention is needed,low_stock,business_only_retail_pricing_v1,deterministic_business_heuristic,2026-06-04T19:20:03.676893+00:00,0,0.7631,0.0,0.1984,0.0
SP-331574EF21|2026-05-26,SP-331574EF21,,IN236650,Crocs,accessories,Crocs 3D Coffee Cup Unisex Lifestyle Jibbitz Charm,2026-05-26,45.2,1.51,0,18,1.0,48.68,0.0,999,30,6.08,0.0132,0,1,1,at_market,0,0.0,tier2,3.12,1.15,0.0,0.0,1.2,3.0,0,0.8224,same_model_family,0.9469,movement_reconstructed,1,6.0,6.0,6.0,0.0,0.0,0.0,0.0,0.0,0.0,-10.0,-1.0,7,PROMOTE,rds_snapshot_history,0,,,1.0,PROMOTE,PROMOTE,0.55,0.55,strong seasonality (1.15); healthy stock position (45 DOS); margin supports promotion,low_label_confidence,business_only_retail_pricing_v1,deterministic_business_heuristic,2026-06-04T19:20:03.676893+00:00,0,0.9163,0.2064,0.4408,0.2426
SP-33272498BE|2026-05-19,SP-33272498BE,,J1GD2402,Mizuno,footwear,Mizuno Wave Sky 8,2026-05-19,0.0,0.0,1,0,1.0,50.0,0.0,999,30,166.5,0.0,0,0,0,at_market,0,1.0,tier2,83.25,1.15,0.0,0.0,1.2,3.0,0,0.8224,no_match,0.0,movement_reconstructed,0,0.0,0.0,0.0,0.0,0.0,0.0,0.0,0.0,0.0,0.0,0.0,0,HOLD,rds_snapshot_history,0,,,1.0,HOLD,HOLD,0.98,0.98,price is close to market; no urgent pricing intervention is needed,low_stock|weak_competitor_match,business_only_retail_pricing_v1,deterministic_business_heuristic,2026-06-04T19:20:03.676893+00:00,0,0.8431,0.0,0.175,0.0
SP-33272498BE|2026-05-26,SP-33272498BE,,J1GD2402,Mizuno,footwear,Mizuno Wave Sky 8,2026-05-26,136.6,4.55,0,35,1.0,50.0,0.0,999,30,166.5,0.0,0,0,0,at_market,0,0.0,tier2,83.25,1.15,0.0,0.0,1.2,3.0,0,0.8224,no_match,0.0,movement_reconstructed,0,0.0,0.0,0.0,0.0,0.0,0.0,0.0,0.0,0.0,-18.0,-1.0,7,CLEAR,rds_snapshot_history,0,,,1.0,HOLD,HOLD,0.98,0.98,inventory position is balanced; price is close to market; no urgent pricing intervention is needed,weak_competitor_match|stale_inventory,business_only_retail_pricing_v1,deterministic_business_heuristic,2026-06-04T19:20:03.676893+00:00,1,0.8481,0.3781,0.2282,0.289
SP-3346E77C8D|2026-05-19,SP-3346E77C8D,,IN226904,New Balance,footwear,New Balance 327 Ps-Boys Lifestyle Shoes Silver Birch,2026-05-19,0.0,0.0,1,0,1.0,53.41,0.0,999,30,79.93,0.0742,1,1,1,above_market,0,1.0,tier1,37.24,1.15,0.0,0.0,1.2,3.0,0,0.8224,same_model_family,0.8293,movement_reconstructed,1,74.0,90.5,125.0,0.0,0.0,0.0,0.0,0.0,0.0,0.0,0.0,0,HOLD,rds_snapshot_history,0,,,1.0,HOLD,HOLD,0.9037,0.9037,no urgent pricing intervention is needed,low_stock,business_only_retail_pricing_v1,deterministic_business_heuristic,2026-06-04T19:20:03.676893+00:00,0,0.6059,0.458,0.272,0.0558
SP-3346E77C8D|2026-05-26,SP-3346E77C8D,,IN226904,New Balance,footwear,New Balance 327 Ps-Boys Lifestyle Shoes Silver Birch,2026-05-26,95.5,3.18,0,10,1.0,53.41,0.0,999,30,79.93,0.0742,1,1,1,above_market,0,0.0,tier1,37.24,1.15,0.0,0.0,1.2,3.0,0,0.8224,same_model_family,0.8374,movement_reconstructed,1,74.0,90.8181818181818,125.0,0.0,0.0,0.0,0.0,0.0,0.0,-18.0,-1.0,7,HOLD,rds_snapshot_history,0,,,1.0,HOLD,HOLD,0.55,0.55,inventory position is balanced; no urgent pricing intervention is needed,low_stock|low_label_confidence,business_only_retail_pricing_v1,deterministic_business_heuristic,2026-06-04T19:20:03.676893+00:00,0,0.6845,0.7932,0.4056,0.3358
SP-3350E7D69E|2026-05-19,SP-3350E7D69E,,,Adidas,football_boots,ADIDAS COPA PURE II+ FG BOOTS39+45,2026-05-19,0.0,0.0,1,0,1.0,57.07,0.0,999,30,83.85,0.0,0,0,0,at_market,0,1.0,tier1,36.0,1.15,0.0,0.0,1.2,3.0,0,0.8224,no_match,0.0,movement_reconstructed,0,0.0,0.0,0.0,0.0,0.0,0.0,1.0,1.0,0.0,0.0,0.0,0,HOLD,rds_snapshot_history,0,,,1.0,HOLD,HOLD,0.98,0.98,price is close to market; no urgent pricing intervention is needed,low_stock|weak_competitor_match,business_only_retail_pricing_v1,deterministic_business_heuristic,2026-06-04T19:20:03.676893+00:00,0,0.8431,0.0,0.2229,0.0
SP-3350E7D69E|2026-05-26,SP-3350E7D69E,,,Adidas,football_boots,ADIDAS COPA PURE II+ FG BOOTS39+45,2026-05-26,114.5,3.82,0,8,1.0,57.07,0.0,999,30,83.85,0.0,0,0,0,at_market,0,0.0,tier1,36.0,1.15,0.0,0.0,1.2,3.0,0,0.8224,no_match,0.0,movement_reconstructed,0,0.0,0.0,0.0,0.0,0.0,0.0,1.0,1.0,0.0,-14.0,-1.0,7,HOLD,rds_snapshot_history,0,,,1.0,HOLD,HOLD,0.98,0.98,inventory position is balanced; price is close to market; no urgent pricing intervention is needed,low_stock|weak_competitor_match,business_only_retail_pricing_v1,deterministic_business_heuristic,2026-06-04T19:20:03.676893+00:00,0,0.8199,0.3728,0.2741,0.2426
SP-33D4752389|2026-05-19,SP-33D4752389,,IN226216,ON,apparel,"On 5"" Performance Men Running Short Black",2026-05-19,0.0,0.0,1,0,1.0,52.88,0.0,999,30,96.65,0.6999,1,1,1,premium,0,1.0,tier1,45.54,1.15,0.0,0.0,1.2,3.0,0,0.8224,same_model_family,0.8861,movement_reconstructed,1,29.0,85.38461538461539,99.0,0.0,0.0,0.0,1.0,1.0,0.0,0.0,0.0,0,HOLD,rds_snapshot_history,0,,,1.0,HOLD,HOLD,0.55,0.55,no urgent pricing intervention is needed,low_stock|overpriced|low_label_confidence,business_only_retail_pricing_v1,deterministic_business_heuristic,2026-06-04T19:20:03.676893+00:00,0,0.4831,0.7558,0.2694,0.1326
SP-33D4752389|2026-05-26,SP-33D4752389,,IN226216,ON,apparel,"On 5"" Performance Men Running Short Black",2026-05-26,80.3,2.68,0,14,1.0,52.88,0.0,999,30,96.65,0.6999,1,1,1,premium,0,0.0,tier1,45.54,1.15,0.0,0.0,1.2,3.0,0,0.8224,same_model_family,0.8857,movement_reconstructed,1,29.0,85.38461538461539,99.0,0.0,0.0,0.0,1.0,1.0,0.0081,-14.0,-1.0,7,HOLD,rds_snapshot_history,0,,,1.0,MARKDOWN,MARKDOWN,0.98,0.98,priced above market by 70%; competitors are discounting; margin can support a markdown,low_stock|overpriced,business_only_retail_pricing_v1,deterministic_business_heuristic,2026-06-04T19:20:03.676893+00:00,1,0.6511,0.9849,0.4724,0.4126
SP-33F5CF243E|2026-05-19,SP-33F5CF243E,,IM2848,Adidas,apparel,"3 Stripes Leggings, Turquoise",2026-05-19,0.0,0.0,1,0,1.0,44.92,0.0,999,30,12.2,0.0,0,0,0,at_market,0,1.0,tier1,6.72,1.15,0.0,0.0,1.2,3.0,0,0.8224,no_match,0.0,movement_reconstructed,0,0.0,0.0,0.0,0.0,0.0,0.0,0.0,0.0,0.0,0.0,0.0,0,HOLD,rds_snapshot_history,0,,,1.0,HOLD,HOLD,0.98,0.98,price is close to market; no urgent pricing intervention is needed,low_stock|weak_competitor_match,business_only_retail_pricing_v1,deterministic_business_heuristic,2026-06-04T19:20:03.676893+00:00,0,0.8431,0.0,0.1496,0.0
SP-33F5CF243E|2026-05-26,SP-33F5CF243E,,IM2848,Adidas,apparel,"3 Stripes Leggings, Turquoise",2026-05-26,51.2,1.71,0,14,1.0,44.92,0.0,999,30,12.2,0.0,0,0,0,at_market,0,0.0,tier1,6.72,1.15,0.0,0.0,1.2,3.0,0,0.8224,no_match,0.0,movement_reconstructed,0,0.0,0.0,0.0,0.0,0.0,0.0,0.0,0.0,0.0,-40.0,-1.0,7,HOLD,rds_snapshot_history,0,,,1.0,HOLD,HOLD,0.98,0.98,inventory position is balanced; price is close to market; no urgent pricing intervention is needed,low_stock|weak_competitor_match,business_only_retail_pricing_v1,deterministic_business_heuristic,2026-06-04T19:20:03.676893+00:00,0,1.016,0.1491,0.3595,0.2426
SP-351A270268|2026-05-19,SP-351A270268,,JJ1926,Adidas,apparel,Adidas Real Madrid 25/26 Home Men Football Short White,2026-05-19,0.0,0.0,1,0,1.0,55.85,0.0,999,30,72.85,0.1627,1,1,2,premium,0,1.0,tier1,32.16,1.15,0.0,0.0,1.2,3.0,0,0.8224,exact_style,0.8433,movement_reconstructed,1,61.0,4.4674,67.0,0.0,0.0,0.0,0.5,0.5,0.0,0.0,0.0,0,HOLD,rds_snapshot_history,0,,,1.0,HOLD,HOLD,0.7404,0.7404,no urgent pricing intervention is needed,low_stock|overpriced,business_only_retail_pricing_v1,deterministic_business_heuristic,2026-06-04T19:20:03.676893+00:00,0,0.5914,0.579,0.2592,0.0674
SP-351A270268|2026-05-26,SP-351A270268,,JJ1926,Adidas,apparel,Adidas Real Madrid 25/26 Home Men Football Short White,2026-05-26,51.5,1.72,0,14,1.0,55.85,0.0,999,30,72.85,0.5745,1,1,2,premium,0,0.0,tier1,32.16,1.15,0.0,0.0,1.2,3.0,0,0.8224,exact_style,0.8325,movement_reconstructed,1,31.0,4.079,67.0,0.0,0.0,0.0,0.5,0.5,0.0,-14.0,-1.0,7,HOLD,rds_snapshot_history,0,,,1.0,MARKDOWN,MARKDOWN,0.7829,0.7829,priced above market by 57%; competitors are discounting; margin can support a markdown,low_stock|overpriced,business_only_retail_pricing_v1,deterministic_business_heuristic,2026-06-04T19:20:03.676893+00:00,1,0.717,0.8895,0.47,0.3776
SP-3577D415E8|2026-05-19,SP-3577D415E8,,,Nike,lifestyle,Kylian Mbappe X Air Zoom Superfly Elite - FG Cleats,2026-05-19,0.0,0.0,1,0,1.0,56.71,0.0,999,30,86.85,0.0,0,0,0,at_market,0,1.0,tier1,37.6,1.15,0.0,0.0,1.2,3.0,0,0.8224,no_match,0.0,movement_reconstructed,0,0.0,0.0,0.0,0.0,0.0,0.0,1.0,1.0,0.0,0.0,0.0,0,HOLD,rds_snapshot_history,0,,,1.0,HOLD,HOLD,0.98,0.98,price is close to market; no urgent pricing intervention is needed,low_stock|weak_competitor_match,business_only_retail_pricing_v1,deterministic_business_heuristic,2026-06-04T19:20:03.676893+00:00,0,0.8431,0.0,0.2085,0.0
SP-3577D415E8|2026-05-26,SP-3577D415E8,,,Nike,lifestyle,Kylian Mbappe X Air Zoom Superfly Elite - FG Cleats,2026-05-26,97.7,3.26,0,12,1.0,56.71,0.0,999,30,86.85,0.0,0,0,0,at_market,0,0.0,tier1,37.6,1.15,0.0,0.0,1.2,3.0,0,0.8224,no_match,0.0,movement_reconstructed,0,0.0,0.0,0.0,0.0,0.0,0.0,1.0,1.0,0.0,-14.0,-1.0,7,HOLD,rds_snapshot_history,0,,,1.0,HOLD,HOLD,0.98,0.98,inventory position is balanced; price is close to market; no urgent pricing intervention is needed,low_stock|weak_competitor_match,business_only_retail_pricing_v1,deterministic_business_heuristic,2026-06-04T19:20:03.676893+00:00,0,0.9541,0.3424,0.3526,0.2426
SP-36AFC5305C|2026-05-19,SP-36AFC5305C,,1024864,Keen,footwear,Keen Venture Mid WP,2026-05-19,0.0,0.0,1,0,1.0,52.0,0.0,999,30,155.4,0.0,0,0,0,at_market,0,1.0,tier2,74.59,1.15,0.0,0.0,1.2,3.0,0,0.8224,no_match,0.0,movement_reconstructed,0,0.0,0.0,0.0,0.0,0.0,0.0,0.0,0.0,0.0,0.0,0.0,0,HOLD,rds_snapshot_history,0,,,1.0,HOLD,HOLD,0.98,0.98,price is close to market; no urgent pricing intervention is needed,low_stock|weak_competitor_match,business_only_retail_pricing_v1,deterministic_business_heuristic,2026-06-04T19:20:03.676893+00:00,0,0.8431,0.0,0.185,0.0
SP-36AFC5305C|2026-05-26,SP-36AFC5305C,,1024864,Keen,footwear,Keen Venture Mid WP,2026-05-26,136.6,4.55,0,40,1.0,52.0,0.0,999,30,155.4,0.0,0,0,0,at_market,0,0.0,tier2,74.59,1.15,0.0,0.0,1.2,3.0,0,0.8224,no_match,0.0,movement_reconstructed,0,0.0,0.0,0.0,0.0,0.0,0.0,0.5,0.5,0.1809,-18.0,-1.0,0,CLEAR,rds_snapshot_history,0,,,1.0,HOLD,HOLD,0.98,0.98,inventory position is balanced; price is close to market; no urgent pricing intervention is needed,weak_competitor_match|stale_inventory,business_only_retail_pricing_v1,deterministic_business_heuristic,2026-06-04T19:20:03.676893+00:00,1,0.8481,0.3873,0.2382,0.289
SP-394123949134|2026-05-19,SP-394123949134,,AP12341,Buma,shoes,product_Testt,2026-05-19,0.0,0.0,1,0,1.0,50.0,0.0,999,30,80.0,0.0,0,0,0,at_market,0,1.0,tier2,40.0,1.15,0.0,0.0,1.2,3.0,0,0.8224,no_match,0.0,movement_reconstructed,0,0.0,0.0,0.0,0.0,0.0,0.0,0.0,0.0,0.0,0.0,0.0,0,HOLD,rds_snapshot_history,0,,,1.0,HOLD,HOLD,0.98,0.98,price is close to market; no urgent pricing intervention is needed,low_stock|weak_competitor_match,business_only_retail_pricing_v1,deterministic_business_heuristic,2026-06-04T19:20:03.676893+00:00,0,0.8431,0.0,0.175,0.0
SP-394123949134|2026-05-26,SP-394123949134,,AP12341,Buma,shoes,product_Testt,2026-05-26,0.0,0.0,1,0,1.0,50.0,0.0,999,30,80.0,0.0,0,0,0,at_market,0,1.0,tier2,40.0,1.15,0.0,0.0,1.2,3.0,0,0.8224,no_match,0.0,movement_reconstructed,0,0.0,0.0,0.0,0.0,0.0,0.0,0.0,0.0,0.0,-18.0,-1.0,7,HOLD,rds_snapshot_history,0,,,1.0,HOLD,HOLD,0.98,0.98,price is close to market; no urgent pricing intervention is needed,low_stock|weak_competitor_match,business_only_retail_pricing_v1,deterministic_business_heuristic,2026-06-04T19:20:03.676893+00:00,0,0.8431,0.0,0.175,0.0
SP-3B47C73D99|2026-05-19,SP-3B47C73D99,,IN234838,New Balance,footwear,New Balance 327 Men Lifestyle Shoes Brown,2026-05-19,0.0,0.0,1,0,1.0,54.19,0.0,999,30,180.76,0.0651,0,1,1,above_market,0,1.0,tier1,82.81,1.15,0.0,0.0,1.2,3.0,0,0.8224,same_model_family,0.8711,movement_reconstructed,1,169.0,184.0,199.0,0.0,0.0,0.0,1.0,0.0,0.0,0.0,0.0,0,HOLD,rds_snapshot_history,0,,,1.0,HOLD,HOLD,0.98,0.98,no urgent pricing intervention is needed,low_stock,business_only_retail_pricing_v1,deterministic_business_heuristic,2026-06-04T19:20:03.676893+00:00,0,0.7336,0.0673,0.2759,0.0
SP-3B47C73D99|2026-05-26,SP-3B47C73D99,,IN234838,New Balance,footwear,New Balance 327 Men Lifestyle Shoes Brown,2026-05-26,136.6,4.55,0,14,1.0,54.19,0.0,999,30,180.76,0.0651,0,1,1,above_market,0,0.0,tier1,82.81,1.15,0.0,0.0,1.2,3.0,0,0.8224,same_model_family,0.8711,movement_reconstructed,1,169.0,184.0,199.0,0.0,0.0,0.0,1.0,0.0,0.0,-9.0,-1.0,7,CLEAR,rds_snapshot_history,0,,,1.0,MARKDOWN,MARKDOWN,0.55,0.55,priced above market by 7%; stock cover is elevated (137 DOS); margin can support a markdown,low_stock|stale_inventory|low_label_confidence,business_only_retail_pricing_v1,deterministic_business_heuristic,2026-06-04T19:20:03.676893+00:00,1,0.7386,0.5729,0.3291,0.3075
SP-3B493D0895|2026-05-19,SP-3B493D0895,,IE5863,Adidas,footwear,"4DFWD 4 Running Shoes, White",2026-05-19,0.0,0.0,1,0,1.0,58.82,0.0,999,30,185.33,-0.0198,2,0,2,at_market,0,1.0,tier1,76.32,1.15,0.0,0.0,1.2,3.0,0,0.8224,exact_style,0.9,movement_reconstructed,1,189.0,79.5011,159.0,0.0,0.0,0.0,0.0,0.0,0.0,0.0,0.0,0,HOLD,rds_snapshot_history,0,,,1.0,HOLD,HOLD,0.98,0.98,price is close to market; no urgent pricing intervention is needed,low_stock,business_only_retail_pricing_v1,deterministic_business_heuristic,2026-06-04T19:20:03.676893+00:00,0,0.6431,0.3294,0.245,0.0326
SP-3B493D0895|2026-05-26,SP-3B493D0895,,IE5863,Adidas,footwear,"4DFWD 4 Running Shoes, White",2026-05-26,116.1,3.87,0,9,1.0,58.82,0.0,999,30,185.33,-0.0198,2,1,2,at_market,0,0.0,tier1,76.32,1.15,0.0,0.0,1.2,3.0,0,0.8224,exact_style,0.9225,movement_reconstructed,1,189.0,65.4719,159.0,0.0,0.0,0.0,0.0,0.0,0.0,-12.0,-1.0,7,HOLD,rds_snapshot_history,0,,,1.0,HOLD,HOLD,0.6851,0.6851,inventory position is balanced; price is close to market; no urgent pricing intervention is needed,low_stock,business_only_retail_pricing_v1,deterministic_business_heuristic,2026-06-04T19:20:03.676893+00:00,0,0.6345,0.6199,0.3248,0.3126
SP-3C84F40051|2026-05-19,SP-3C84F40051,,IN204933,All In,swimwear,ALN Accessories Floating Kickboard Swim Swimming Gear Pink,2026-05-19,0.0,0.0,1,0,1.0,50.1,0.0,999,30,5.21,0.0,0,0,0,at_market,0,1.0,tier2,2.6,1.45,0.3,0.0,1.7,3.0,0,0.8224,no_match,0.0,movement_reconstructed,0,0.0,0.0,0.0,0.0,0.0,0.0,0.0,0.0,0.0,0.0,0.0,0,HOLD,rds_snapshot_history,0,,,1.0,HOLD,HOLD,0.98,0.98,price is close to market; no urgent pricing intervention is needed,low_stock|weak_competitor_match,business_only_retail_pricing_v1,deterministic_business_heuristic,2026-06-04T19:20:03.676893+00:00,0,0.8431,0.0,0.3505,0.0
SP-3C84F40051|2026-05-26,SP-3C84F40051,,IN204933,All In,swimwear,ALN Accessories Floating Kickboard Swim Swimming Gear Pink,2026-05-26,98.0,3.27,0,9,1.0,50.1,0.0,999,30,5.21,0.0,0,0,0,at_market,0,0.0,tier2,2.6,1.45,0.3,0.0,1.7,3.0,0,0.8224,no_match,0.0,movement_reconstructed,0,0.0,0.0,0.0,0.0,0.0,0.0,0.0,0.0,0.0,-13.0,-1.0,7,HOLD,rds_snapshot_history,0,,,1.0,HOLD,HOLD,0.98,0.98,inventory position is balanced; price is close to market; no urgent pricing intervention is needed,low_stock|weak_competitor_match,business_only_retail_pricing_v1,deterministic_business_heuristic,2026-06-04T19:20:03.676893+00:00,0,0.8937,0.2124,0.4665,0.2426
SP-3D39AF9FF6|2026-05-19,SP-3D39AF9FF6,,IN234882,New Balance,sportswear,New Balance Essential Yoga Women Performance Bra Medusa Green,2026-05-19,0.0,0.0,1,0,1.0,54.82,0.0,999,30,63.99,0.1717,1,1,1,premium,0,1.0,tier1,28.91,1.15,0.0,0.0,1.2,3.0,0,0.8224,same_model_family,0.8737,movement_reconstructed,1,53.0,57.0,59.0,0.0,0.0,0.0,0.0,0.0,0.0,0.0,0.0,0,HOLD,rds_snapshot_history,0,,,1.0,HOLD,HOLD,0.5925,0.5925,no urgent pricing intervention is needed,low_stock|overpriced|low_label_confidence,business_only_retail_pricing_v1,deterministic_business_heuristic,2026-06-04T19:20:03.676893+00:00,0,0.5238,0.6885,0.2791,0.1071
SP-3D39AF9FF6|2026-05-26,SP-3D39AF9FF6,,IN234882,New Balance,sportswear,New Balance Essential Yoga Women Performance Bra Medusa Green,2026-05-26,61.2,2.04,0,12,1.0,54.82,0.0,999,30,63.99,0.1717,1,1,1,premium,0,0.0,tier1,28.91,1.15,0.0,0.0,1.2,3.0,0,0.8224,same_model_family,0.8737,movement_reconstructed,1,53.0,57.0,59.0,0.0,0.0,0.0,0.5,0.5,0.0954,-9.0,-1.0,0,HOLD,rds_snapshot_history,0,,,1.0,MARKDOWN,MARKDOWN,0.7918,0.7918,priced above market by 17%; competitors are discounting; margin can support a markdown,low_stock|overpriced,business_only_retail_pricing_v1,deterministic_business_heuristic,2026-06-04T19:20:03.676893+00:00,1,0.7294,0.9085,0.518,0.3871
SP-3E61C2F87F|2026-05-19,SP-3E61C2F87F,,IN230459,Nike,apparel,Nike Air Max Pk Full-Zip Men Lifestyle Hoody Blue/Black,2026-05-19,0.0,0.0,1,0,1.0,53.85,0.0,999,30,101.84,0.0181,1,1,1,at_market,0,1.0,tier1,47.0,1.15,0.0,0.0,1.2,3.0,0,0.8224,same_model_family,0.8736,movement_reconstructed,1,100.0,102.5,105.0,0.0,0.0,0.0,0.0,0.0,0.0,0.0,0.0,0,HOLD,rds_snapshot_history,0,,,1.0,HOLD,HOLD,0.98,0.98,price is close to market; no urgent pricing intervention is needed,low_stock,business_only_retail_pricing_v1,deterministic_business_heuristic,2026-06-04T19:20:03.676893+00:00,0,0.6431,0.3103,0.2742,0.0326
SP-3E61C2F87F|2026-05-26,SP-3E61C2F87F,,IN230459,Nike,apparel,Nike Air Max Pk Full-Zip Men Lifestyle Hoody Blue/Black,2026-05-26,84.6,2.82,0,14,1.0,53.85,0.0,999,30,101.84,0.0181,1,1,1,at_market,0,0.0,tier1,47.0,1.15,0.0,0.0,1.2,3.0,0,0.8224,same_model_family,0.8594,movement_reconstructed,1,100.0,109.5,126.0,0.0,0.0,0.0,0.5,0.5,0.0114,-9.0,-1.0,7,HOLD,rds_snapshot_history,0,,,1.0,HOLD,HOLD,0.8879,0.8879,inventory position is balanced; price is close to market; no urgent pricing intervention is needed,low_stock,business_only_retail_pricing_v1,deterministic_business_heuristic,2026-06-04T19:20:03.676893+00:00,0,0.797,0.5467,0.4627,0.3126
SP-3EEFEBBB72|2026-05-19,SP-3EEFEBBB72,,BY5959,Columbia,kids,Columbia Trailstorm Mid WP Kids,2026-05-19,0.0,0.0,1,0,1.0,50.0,0.0,999,30,77.7,0.0,0,0,0,at_market,0,1.0,tier2,38.85,1.15,0.0,0.0,1.2,3.0,0,0.8224,no_match,0.0,movement_reconstructed,0,0.0,0.0,0.0,0.0,0.0,0.0,0.0,0.0,0.0,0.0,0.0,0,HOLD,rds_snapshot_history,0,,,1.0,HOLD,HOLD,0.98,0.98,price is close to market; no urgent pricing intervention is needed,low_stock|weak_competitor_match,business_only_retail_pricing_v1,deterministic_business_heuristic,2026-06-04T19:20:03.676893+00:00,0,0.8431,0.0,0.175,0.0
SP-3EEFEBBB72|2026-05-26,SP-3EEFEBBB72,,BY5959,Columbia,kids,Columbia Trailstorm Mid WP Kids,2026-05-26,82.5,2.75,0,55,1.0,50.0,0.0,999,30,77.7,0.0,0,0,0,at_market,0,0.0,tier2,38.85,1.15,0.0,0.0,1.2,3.0,0,0.8224,no_match,0.0,movement_reconstructed,0,0.0,0.0,0.0,0.0,0.0,0.0,0.0,0.0,0.0,-66.0,-1.0,7,PROMOTE,rds_snapshot_history,0,,,1.0,HOLD,HOLD,0.98,0.98,inventory position is balanced; price is close to market; no urgent pricing intervention is needed,weak_competitor_match,business_only_retail_pricing_v1,deterministic_business_heuristic,2026-06-04T19:20:03.676893+00:00,1,1.0039,0.1854,0.3705,0.2426
SP-3FB5CF5912|2026-05-19,SP-3FB5CF5912,,ID0478,Adidas,lifestyle,"Samba OG Shoes, Beige",2026-05-19,0.0,0.0,1,0,1.0,45.54,0.0,999,30,140.14,0.2079,2,1,2,premium,0,1.0,tier1,76.32,1.15,0.0,0.0,1.2,3.0,0,0.8224,exact_style,0.7656,movement_reconstructed,1,111.0,102.8954,208.0,0.0,0.0,0.0,0.0,0.0,0.0,0.0,0.0,0,HOLD,rds_snapshot_history,0,,,1.0,HOLD,HOLD,0.5732,0.5732,no urgent pricing intervention is needed,low_stock|overpriced|low_label_confidence,business_only_retail_pricing_v1,deterministic_business_heuristic,2026-06-04T19:20:03.676893+00:00,0,0.4933,0.7028,0.2077,0.1262
SP-3FB5CF5912|2026-05-26,SP-3FB5CF5912,,ID0478,Adidas,lifestyle,"Samba OG Shoes, Beige",2026-05-26,109.2,3.64,0,12,1.0,45.54,0.0,999,30,140.14,0.265,1,1,2,premium,0,0.0,tier1,76.32,1.15,0.0,0.0,1.2,3.0,0,0.8224,exact_style,0.7739,movement_reconstructed,1,103.0,97.0574,208.0,0.0,0.0,0.0,0.0,0.0,0.0,-14.0,-1.0,7,HOLD,rds_snapshot_history,0,,,1.0,MARKDOWN,MARKDOWN,0.98,0.98,priced above market by 26%; competitors are discounting; stock cover is elevated (109 DOS),low_stock|overpriced,business_only_retail_pricing_v1,deterministic_business_heuristic,2026-06-04T19:20:03.676893+00:00,1,0.6165,0.9805,0.3128,0.3776
SP-402F2C3335|2026-05-19,SP-402F2C3335,,IN205159,ON,apparel,On Climate Men Running Hoody Black,2026-05-19,0.0,0.0,1,0,1.0,57.97,0.0,999,30,174.03,0.0864,1,1,1,above_market,0,1.0,tier1,73.14,1.15,0.0,0.0,1.2,3.0,0,0.8224,same_model_family,0.7383,movement_reconstructed,1,159.0,193.58823529411765,229.0,0.0,0.0,0.0,1.0,1.0,0.0,0.0,0.0,0,HOLD,rds_snapshot_history,0,,,1.0,HOLD,HOLD,0.8493,0.8493,no urgent pricing intervention is needed,low_stock,business_only_retail_pricing_v1,deterministic_business_heuristic,2026-06-04T19:20:03.676893+00:00,0,0.5957,0.4983,0.2948,0.0623
SP-402F2C3335|2026-05-26,SP-402F2C3335,,IN205159,ON,apparel,On Climate Men Running Hoody Black,2026-05-26,95.0,3.17,0,14,1.0,57.97,0.0,999,30,174.03,0.0864,1,1,1,above_market,0,0.0,tier1,73.14,1.15,0.0,0.0,1.2,3.0,0,0.8224,same_model_family,0.7496,movement_reconstructed,1,159.0,190.2280701754386,229.0,0.0,0.0,0.0,1.0,1.0,0.0,-10.0,-1.0,7,HOLD,rds_snapshot_history,0,,,1.0,MARKDOWN,MARKDOWN,0.7081,0.7081,priced above market by 9%; competitors are discounting; stock cover is elevated (95 DOS),low_stock,business_only_retail_pricing_v1,deterministic_business_heuristic,2026-06-04T19:20:03.676893+00:00,1,0.7155,0.8326,0.4481,0.3423
SP-404E26F96A|2026-05-19,SP-404E26F96A,,,Nike,football_boots,35-45 Nike Air Zoom Mercurial Superfly IX Elite FG,2026-05-19,0.0,0.0,1,0,1.0,54.3,0.0,999,30,67.88,0.0,0,0,0,at_market,0,1.0,tier1,31.02,1.15,0.0,0.0,1.2,3.0,0,0.8224,no_match,0.0,movement_reconstructed,0,0.0,0.0,0.0,0.0,0.0,0.0,1.0,0.0,0.0,0.0,0.0,0,HOLD,rds_snapshot_history,0,,,1.0,HOLD,HOLD,0.98,0.98,price is close to market; no urgent pricing intervention is needed,low_stock|weak_competitor_match,business_only_retail_pricing_v1,deterministic_business_heuristic,2026-06-04T19:20:03.676893+00:00,0,0.8431,0.0,0.2091,0.0
SP-404E26F96A|2026-05-26,SP-404E26F96A,,,Nike,football_boots,35-45 Nike Air Zoom Mercurial Superfly IX Elite FG,2026-05-26,92.7,3.09,0,10,1.0,54.3,0.0,999,30,67.88,0.0,0,0,0,at_market,0,0.0,tier1,31.02,1.15,0.0,0.0,1.2,3.0,0,0.8224,no_match,0.0,movement_reconstructed,0,0.0,0.0,0.0,0.0,0.0,0.0,1.0,0.0,0.0,-10.0,-1.0,7,HOLD,rds_snapshot_history,0,,,1.0,HOLD,HOLD,0.98,0.98,inventory position is balanced; price is close to market; no urgent pricing intervention is needed,low_stock|weak_competitor_match,business_only_retail_pricing_v1,deterministic_business_heuristic,2026-06-04T19:20:03.676893+00:00,0,0.9309,0.2227,0.3521,0.2426
SP-4068E7483B|2026-05-19,SP-4068E7483B,,IN230243,Nike,apparel,Nike Club French Terry Pullover Men Lifestyle Hoody Ghost/White,2026-05-19,0.0,0.0,1,0,1.0,56.36,0.0,999,30,74.31,0.0715,1,1,1,above_market,0,1.0,tier1,32.43,1.15,0.0,0.0,1.2,3.0,0,0.8224,same_model_family,0.8471,movement_reconstructed,1,69.0,72.33333333333333,74.0,0.0,0.0,0.0,1.0,1.0,0.0,0.0,0.0,0,HOLD,rds_snapshot_history,0,,,1.0,HOLD,HOLD,0.891,0.891,no urgent pricing intervention is needed,low_stock,business_only_retail_pricing_v1,deterministic_business_heuristic,2026-06-04T19:20:03.676893+00:00,0,0.6082,0.4674,0.2868,0.0544
SP-4068E7483B|2026-05-26,SP-4068E7483B,,IN230243,Nike,apparel,Nike Club French Terry Pullover Men Lifestyle Hoody Ghost/White,2026-05-26,61.8,2.06,0,14,1.0,56.36,0.0,999,30,74.31,0.0715,1,1,1,above_market,0,0.0,tier1,32.43,1.15,0.0,0.0,1.2,3.0,0,0.8224,same_model_family,0.8471,movement_reconstructed,1,69.0,72.33333333333333,74.0,0.0,0.0,0.0,1.0,1.0,0.073,-9.0,-1.0,0,HOLD,rds_snapshot_history,0,,,1.0,HOLD,HOLD,0.7232,0.7232,inventory position is balanced; no urgent pricing intervention is needed,low_stock,business_only_retail_pricing_v1,deterministic_business_heuristic,2026-06-04T19:20:03.676893+00:00,0,0.8157,0.6874,0.5275,0.3344
SP-4129A11BDA|2026-05-19,SP-4129A11BDA,,,Nike,football_boots,35-45 Nike Air Zoom Mercurial Vapor XV Elite TF,2026-05-19,0.0,0.0,1,0,1.0,49.54,0.0,999,30,61.48,0.0,0,0,0,at_market,0,1.0,tier1,31.02,1.15,0.0,0.0,1.2,3.0,0,0.8224,no_match,0.0,movement_reconstructed,0,0.0,0.0,0.0,0.0,0.0,0.0,1.0,0.0,0.0,0.0,0.0,0,HOLD,rds_snapshot_history,0,,,1.0,HOLD,HOLD,0.98,0.98,price is close to market; no urgent pricing intervention is needed,low_stock|weak_competitor_match,business_only_retail_pricing_v1,deterministic_business_heuristic,2026-06-04T19:20:03.676893+00:00,0,0.8431,0.0,0.1853,0.0
SP-4129A11BDA|2026-05-26,SP-4129A11BDA,,,Nike,football_boots,35-45 Nike Air Zoom Mercurial Vapor XV Elite TF,2026-05-26,84.0,2.8,0,10,1.0,49.54,0.0,999,30,61.48,0.0,0,0,0,at_market,0,0.0,tier1,31.02,1.15,0.0,0.0,1.2,3.0,0,0.8224,no_match,0.0,movement_reconstructed,0,0.0,0.0,0.0,0.0,0.0,0.0,1.0,0.0,0.0,-9.0,-1.0,7,HOLD,rds_snapshot_history,0,,,1.0,HOLD,HOLD,0.98,0.98,inventory position is balanced; price is close to market; no urgent pricing intervention is needed,low_stock|weak_competitor_match,business_only_retail_pricing_v1,deterministic_business_heuristic,2026-06-04T19:20:03.676893+00:00,0,0.9594,0.1858,0.3577,0.2426
SP-428F9FE7D9|2026-05-19,SP-428F9FE7D9,,IN224291,Billabong,swimwear,Billabong Gone Tropic Women Lifestyle Swim Short Pistachio,2026-05-19,0.0,0.0,1,0,1.0,49.77,0.0,999,30,39.82,0.2215,1,1,1,premium,0,1.0,tier3,20.0,1.45,0.3,0.0,1.7,3.0,0,0.8224,same_model_family,0.7559,movement_reconstructed,1,31.0,40.9,49.0,0.0,0.0,0.0,1.0,1.0,0.0,0.0,0.0,0,HOLD,rds_snapshot_history,0,,,1.0,HOLD,HOLD,0.55,0.55,no urgent pricing intervention is needed,low_stock|overpriced|low_label_confidence,business_only_retail_pricing_v1,deterministic_business_heuristic,2026-06-04T19:20:03.676893+00:00,0,0.4831,0.7414,0.4289,0.1326
SP-428F9FE7D9|2026-05-26,SP-428F9FE7D9,,IN224291,Billabong,swimwear,Billabong Gone Tropic Women Lifestyle Swim Short Pistachio,2026-05-26,98.0,3.27,0,9,1.0,49.77,0.0,999,30,39.82,0.2968,1,1,1,premium,0,0.0,tier3,20.0,1.45,0.3,0.0,1.7,3.0,0,0.8224,same_model_family,0.736,movement_reconstructed,1,28.0,39.15909090909091,49.0,0.0,0.0,0.0,0.5,0.5,0.0416,-9.0,-1.0,0,HOLD,rds_snapshot_history,0,,,1.0,HOLD,HOLD,0.55,0.55,inventory position is balanced; no urgent pricing intervention is needed,low_stock|overpriced|low_label_confidence,business_only_retail_pricing_v1,deterministic_business_heuristic,2026-06-04T19:20:03.676893+00:00,0,0.5337,1.0809,0.5449,0.4126
SP-42A81C708A|2026-05-19,SP-42A81C708A,,IN235630,Babolat,kids,Babolat Pure Drive Junior 25 Gen11 Kids Tennis Racquet Light Blue,2026-05-19,0.0,0.0,1,0,1.0,48.73,0.0,999,30,175.45,0.2362,1,1,1,premium,0,1.0,tier3,89.96,1.15,0.0,0.0,1.2,3.0,0,0.8224,same_model_family,0.8336,movement_reconstructed,1,134.0,153.5,173.0,0.0,0.0,0.0,0.0,0.0,0.0,0.0,0.0,0,HOLD,rds_snapshot_history,0,,,1.0,HOLD,HOLD,0.55,0.55,no urgent pricing intervention is needed,low_stock|overpriced|low_label_confidence,business_only_retail_pricing_v1,deterministic_business_heuristic,2026-06-04T19:20:03.676893+00:00,0,0.4831,0.7366,0.2486,0.1326
SP-42A81C708A|2026-05-26,SP-42A81C708A,,IN235630,Babolat,kids,Babolat Pure Drive Junior 25 Gen11 Kids Tennis Racquet Light Blue,2026-05-26,121.4,4.05,0,9,1.0,48.73,0.0,999,30,175.45,0.2362,1,1,1,premium,0,0.0,tier3,89.96,1.15,0.0,0.0,1.2,3.0,0,0.8224,same_model_family,0.8336,movement_reconstructed,1,134.0,153.5,173.0,0.0,0.0,0.0,0.0,0.5,0.094,-9.0,-1.0,0,CLEAR,rds_snapshot_history,0,,,1.0,HOLD,HOLD,0.55,0.55,inventory position is balanced; no urgent pricing intervention is needed,low_stock|overpriced|stale_inventory|low_label_confidence,business_only_retail_pricing_v1,deterministic_business_heuristic,2026-06-04T19:20:03.676893+00:00,1,0.459,1.1162,0.2889,0.4165
SP-42DCF92EB8|2026-05-19,SP-42DCF92EB8,,JN5237,Adidas,apparel,Adidas Juventus 25/26 Home Jersey Kids-Unisex Football T-Shirt White/Black,2026-05-19,0.0,0.0,1,0,1.0,56.59,0.0,999,30,129.37,0.0956,0,0,2,above_market,0,1.0,tier1,56.16,1.15,0.0,0.0,1.2,3.0,0,0.8224,exact_style,0.887,movement_reconstructed,1,117.0,16.7154,117.0,0.0,0.0,0.0,1.0,1.0,0.0,0.0,0.0,0,HOLD,rds_snapshot_history,0,,,1.0,HOLD,HOLD,0.98,0.98,no urgent pricing intervention is needed,low_stock,business_only_retail_pricing_v1,deterministic_business_heuristic,2026-06-04T19:20:03.676893+00:00,0,0.7079,0.1265,0.2379,0.0
SP-42DCF92EB8|2026-05-26,SP-42DCF92EB8,,JN5237,Adidas,apparel,Adidas Juventus 25/26 Home Jersey Kids-Unisex Football T-Shirt White/Black,2026-05-26,80.7,2.69,0,14,1.0,56.59,0.0,999,30,129.37,0.0956,0,0,2,above_market,0,0.0,tier1,56.16,1.15,0.0,0.0,1.2,3.0,0,0.8224,exact_style,0.8897,movement_reconstructed,1,117.0,19.0476,117.0,0.0,0.0,0.0,1.0,1.0,0.2817,-9.0,-1.0,0,HOLD,rds_snapshot_history,0,,,1.0,HOLD,HOLD,0.98,0.98,inventory position is balanced; no urgent pricing intervention is needed,low_stock,business_only_retail_pricing_v1,deterministic_business_heuristic,2026-06-04T19:20:03.676893+00:00,0,0.8745,0.4563,0.4396,0.2771
SP-435247DC0F|2026-05-19,SP-435247DC0F,,,Puma,football_boots,2024 new Puma Mg studs football shoes PUMA FUTURE 2024 39-45,2026-05-19,0.0,0.0,1,0,1.0,42.02,0.0,999,30,60.37,0.0,0,0,0,at_market,0,1.0,tier2,35.0,1.15,0.0,0.0,1.2,3.0,0,0.8224,no_match,0.0,movement_reconstructed,0,0.0,0.0,0.0,0.0,0.0,0.0,0.0,0.0,0.0,0.0,0.0,0,HOLD,rds_snapshot_history,0,,,1.0,HOLD,HOLD,0.98,0.98,price is close to market; no urgent pricing intervention is needed,low_stock|weak_competitor_match,business_only_retail_pricing_v1,deterministic_business_heuristic,2026-06-04T19:20:03.676893+00:00,0,0.8431,0.0,0.1477,0.0
SP-435247DC0F|2026-05-26,SP-435247DC0F,,,Puma,football_boots,2024 new Puma Mg studs football shoes PUMA FUTURE 2024 39-45,2026-05-26,84.0,2.8,0,8,1.0,42.02,0.0,999,30,60.37,0.0,0,0,0,at_market,0,0.0,tier2,35.0,1.15,0.0,0.0,1.2,3.0,0,0.8224,no_match,0.0,movement_reconstructed,0,0.0,0.0,0.0,0.0,0.0,0.0,0.5,0.5,0.1608,-10.0,-1.0,0,HOLD,rds_snapshot_history,0,,,1.0,HOLD,HOLD,0.98,0.98,inventory position is balanced; price is close to market; no urgent pricing intervention is needed,low_stock|weak_competitor_match,business_only_retail_pricing_v1,deterministic_business_heuristic,2026-06-04T19:20:03.676893+00:00,0,0.9198,0.1511,0.3021,0.2426
SP-45B7989AB6|2026-05-19,SP-45B7989AB6,,IN216174,Crocs,accessories,Crocs 3D Candy Cane Unisex Lifestyle Jibbitz Charm,2026-05-19,0.0,0.0,1,0,1.0,48.26,0.0,999,30,6.03,0.005,0,1,1,at_market,0,1.0,tier2,3.12,1.15,0.0,0.0,1.2,3.0,0,0.8224,same_model_family,0.8594,movement_reconstructed,1,6.0,6.0,6.0,0.0,0.0,0.0,0.0,1.0,0.0,0.0,0.0,0,HOLD,rds_snapshot_history,0,,,1.0,HOLD,HOLD,0.98,0.98,price is close to market; no urgent pricing intervention is needed,low_stock,business_only_retail_pricing_v1,deterministic_business_heuristic,2026-06-04T19:20:03.676893+00:00,0,0.7631,0.0,0.2463,0.0
SP-45B7989AB6|2026-05-26,SP-45B7989AB6,,IN216174,Crocs,accessories,Crocs 3D Candy Cane Unisex Lifestyle Jibbitz Charm,2026-05-26,45.2,1.51,0,18,1.0,48.26,0.0,999,30,6.03,0.005,0,1,1,at_market,0,0.0,tier2,3.12,1.15,0.0,0.0,1.2,3.0,0,0.8224,same_model_family,0.8615,movement_reconstructed,1,6.0,6.0,6.0,0.0,0.0,0.0,0.0,1.0,0.0,-12.0,-1.0,7,PROMOTE,rds_snapshot_history,0,,,1.0,PROMOTE,PROMOTE,0.55,0.55,strong seasonality (1.15); healthy stock position (45 DOS); margin supports promotion,low_label_confidence,business_only_retail_pricing_v1,deterministic_business_heuristic,2026-06-04T19:20:03.676893+00:00,0,0.9163,0.2045,0.4387,0.2426
SP-4665CFBB2F|2026-05-19,SP-4665CFBB2F,,BB5476,Adidas,lifestyle,"Gazelle Shoes, Black",2026-05-19,0.0,0.0,1,0,1.0,55.69,0.0,999,30,172.26,0.5356,1,0,1,premium,0,1.0,tier1,76.32,1.15,0.0,0.0,1.2,3.0,0,0.8224,exact_style,0.895,movement_reconstructed,1,80.0,125.25,159.0,0.0,0.0,0.0,0.0,0.0,0.0,0.0,0.0,0,HOLD,rds_snapshot_history,0,,,1.0,HOLD,HOLD,0.55,0.55,no urgent pricing intervention is needed,low_stock|overpriced|low_label_confidence,business_only_retail_pricing_v1,deterministic_business_heuristic,2026-06-04T19:20:03.676893+00:00,0,0.4831,0.7688,0.2334,0.1326
SP-4665CFBB2F|2026-05-26,SP-4665CFBB2F,,BB5476,Adidas,lifestyle,"Gazelle Shoes, Black",2026-05-26,128.5,4.28,0,12,1.0,55.69,0.0,999,30,172.26,0.5356,1,0,1,premium,0,0.0,tier1,76.32,1.15,0.0,0.0,1.2,3.0,0,0.8224,exact_style,0.895,movement_reconstructed,1,80.0,125.25,159.0,0.0,0.0,0.0,0.0,0.0,0.0,-14.0,-1.0,7,CLEAR,rds_snapshot_history,0,,,1.0,MARKDOWN,MARKDOWN,0.98,0.98,priced above market by 54%; competitors are discounting; stock cover is elevated (128 DOS),low_stock|overpriced|stale_inventory,business_only_retail_pricing_v1,deterministic_business_heuristic,2026-06-04T19:20:03.676893+00:00,1,0.5042,1.1605,0.2941,0.4364
SP-46B0A2E099|2026-05-19,SP-46B0A2E099,,IN234705,New Balance,accessories,New Balance 47 Clean Up Women Lifestyle Cap Grey Matter,2026-05-19,0.0,0.0,1,0,1.0,58.74,0.0,999,30,41.57,0.158,0,0,1,premium,0,1.0,tier1,17.15,1.15,0.0,0.0,1.2,3.0,0,0.8224,same_model_family,0.9557,movement_reconstructed,1,35.0,35.0,35.0,0.0,0.0,0.0,1.0,1.0,0.0,0.0,0.0,0,HOLD,rds_snapshot_history,0,,,1.0,HOLD,HOLD,0.98,0.98,no urgent pricing intervention is needed,low_stock|overpriced,business_only_retail_pricing_v1,deterministic_business_heuristic,2026-06-04T19:20:03.676893+00:00,0,0.6554,0.4015,0.245,0.0299
SP-46B0A2E099|2026-05-26,SP-46B0A2E099,,IN234705,New Balance,accessories,New Balance 47 Clean Up Women Lifestyle Cap Grey Matter,2026-05-26,45.2,1.51,0,18,1.0,58.74,0.0,999,30,41.57,0.158,0,0,1,premium,0,0.0,tier1,17.15,1.15,0.0,0.0,1.2,3.0,0,0.8224,same_model_family,0.9557,movement_reconstructed,1,35.0,35.0,35.0,0.0,0.0,0.0,1.0,1.0,0.0,-13.0,-1.0,7,PROMOTE,rds_snapshot_history,0,,,1.0,HOLD,HOLD,0.8026,0.8026,inventory position is balanced; no urgent pricing intervention is needed,overpriced,business_only_retail_pricing_v1,deterministic_business_heuristic,2026-06-04T19:20:03.676893+00:00,1,0.8086,0.6215,0.4374,0.3099
SP-46BE11CF40|2026-05-19,SP-46BE11CF40,,IN208899,Topten Accessories,football_boots,Topten Accessories The Ultimate Soccer Backpack Unisex Back To School Bag Blue/White,2026-05-19,0.0,0.0,1,0,1.0,50.0,0.0,999,30,14.56,0.0,0,0,0,at_market,0,1.0,tier2,7.28,1.15,0.0,0.0,1.2,3.0,0,0.8224,no_match,0.0,movement_reconstructed,0,0.0,0.0,0.0,0.0,0.0,0.0,1.0,1.0,0.0,0.0,0.0,0,HOLD,rds_snapshot_history,0,,,1.0,HOLD,HOLD,0.98,0.98,price is close to market; no urgent pricing intervention is needed,low_stock|weak_competitor_match,business_only_retail_pricing_v1,deterministic_business_heuristic,2026-06-04T19:20:03.676893+00:00,0,0.8431,0.0,0.1876,0.0
SP-46BE11CF40|2026-05-26,SP-46BE11CF40,,IN208899,Topten Accessories,football_boots,Topten Accessories The Ultimate Soccer Backpack Unisex Back To School Bag Blue/White,2026-05-26,84.0,2.8,0,6,1.0,50.0,0.0,999,30,14.56,0.0385,1,0,1,at_market,0,0.0,tier2,7.28,1.15,0.0,0.0,1.2,3.0,0,0.8224,same_model_family,0.98,movement_reconstructed,1,14.0,14.0,14.0,0.0,0.0,0.0,1.0,1.0,0.0,-14.0,-1.0,7,HOLD,rds_snapshot_history,0,,,1.0,HOLD,HOLD,0.98,0.98,price is close to market; no urgent pricing intervention is needed,low_stock,business_only_retail_pricing_v1,deterministic_business_heuristic,2026-06-04T19:20:03.676893+00:00,0,0.833,0.4414,0.354,0.267
SP-474329A365|2026-05-19,SP-474329A365,,IN235629,Babolat,kids,Babolat Pure Drive Junior 25 Gen11 Kids Tennis Racquet Blue,2026-05-19,0.0,0.0,1,0,1.0,51.15,0.0,999,30,189.47,0.4142,0,1,1,premium,0,1.0,tier3,92.56,1.15,0.0,0.0,1.2,3.0,0,0.8224,same_model_family,0.808,movement_reconstructed,1,111.0,158.16666666666666,234.0,0.0,0.0,0.0,0.0,0.0,0.0,0.0,0.0,0,HOLD,rds_snapshot_history,0,,,1.0,HOLD,HOLD,0.8905,0.8905,no urgent pricing intervention is needed,low_stock|overpriced,business_only_retail_pricing_v1,deterministic_business_heuristic,2026-06-04T19:20:03.676893+00:00,0,0.6031,0.4678,0.2607,0.0626
SP-474329A365|2026-05-26,SP-474329A365,,IN235629,Babolat,kids,Babolat Pure Drive Junior 25 Gen11 Kids Tennis Racquet Blue,2026-05-26,121.4,4.05,0,9,1.0,51.15,0.0,999,30,189.47,0.4142,0,1,1,premium,0,0.0,tier3,92.56,1.15,0.0,0.0,1.2,3.0,0,0.8224,same_model_family,0.8128,movement_reconstructed,1,111.0,158.54285714285714,234.0,0.0,0.0,0.0,0.25,0.25,0.3462,-14.0,-1.0,0,CLEAR,rds_snapshot_history,0,,,1.0,HOLD,HOLD,0.55,0.55,inventory position is balanced; no urgent pricing intervention is needed,low_stock|overpriced|stale_inventory|low_label_confidence,business_only_retail_pricing_v1,deterministic_business_heuristic,2026-06-04T19:20:03.676893+00:00,1,0.579,0.8474,0.301,0.3465
SP-485BDE7E2C|2026-05-19,SP-485BDE7E2C,,IG8996,Adidas,footwear,"4Dfwd 3 Running Shoes, Black",2026-05-19,0.0,0.0,1,0,1.0,55.81,0.0,999,30,224.87,0.0795,1,0,1,above_market,0,1.0,tier1,99.36,1.15,0.0,0.0,1.2,3.0,0,0.8224,exact_style,1.0,movement_reconstructed,1,207.0,207.0,207.0,0.0,0.0,0.0,1.0,1.0,0.0,0.0,0.0,0,HOLD,rds_snapshot_history,0,,,1.0,HOLD,HOLD,0.8774,0.8774,no urgent pricing intervention is needed,low_stock,business_only_retail_pricing_v1,deterministic_business_heuristic,2026-06-04T19:20:03.676893+00:00,0,0.6015,0.4775,0.234,0.0586
SP-485BDE7E2C|2026-05-26,SP-485BDE7E2C,,IG8996,Adidas,footwear,"4Dfwd 3 Running Shoes, Black",2026-05-26,116.1,3.87,0,9,1.0,55.81,0.0,999,30,224.87,0.0083,2,1,2,at_market,0,0.0,tier1,99.36,1.15,0.0,0.0,1.2,3.0,0,0.8224,exact_style,0.9155,movement_reconstructed,1,223.0,131.7282,207.0,0.0,0.0,0.0,0.5,0.5,0.0768,-9.0,-1.0,0,HOLD,rds_snapshot_history,0,,,1.0,HOLD,HOLD,0.6988,0.6988,inventory position is balanced; price is close to market; no urgent pricing intervention is needed,low_stock,business_only_retail_pricing_v1,deterministic_business_heuristic,2026-06-04T19:20:03.676893+00:00,0,0.6345,0.6098,0.3138,0.3126
SP-48868D2AA6|2026-05-19,SP-48868D2AA6,,IN205174,ON,apparel,On Climate Women Running Hoody Black,2026-05-19,0.0,0.0,1,0,1.0,48.44,0.0,999,30,141.86,-0.0221,1,1,1,at_market,0,1.0,tier1,73.14,1.15,0.0,0.0,1.2,3.0,0,0.8224,similar_product,0.7157,movement_reconstructed,1,145.0,165.625,195.0,0.0,0.0,0.0,1.0,1.0,0.0,0.0,0.0,0,HOLD,rds_snapshot_history,0,,,1.0,HOLD,HOLD,0.98,0.98,price is close to market; no urgent pricing intervention is needed,low_stock|weak_competitor_match,business_only_retail_pricing_v1,deterministic_business_heuristic,2026-06-04T19:20:03.676893+00:00,0,0.6431,0.2853,0.2472,0.0326
SP-48868D2AA6|2026-05-26,SP-48868D2AA6,,IN205174,ON,apparel,On Climate Women Running Hoody Black,2026-05-26,95.0,3.17,0,14,1.0,48.44,0.0,999,30,141.86,0.0343,1,1,1,at_market,0,0.0,tier1,73.14,1.15,0.0,0.0,1.2,3.0,0,0.8224,same_model_family,0.729,movement_reconstructed,1,137.0,163.3111111111111,195.0,0.0,0.0,0.0,1.0,1.0,0.1374,-14.0,-1.0,0,HOLD,rds_snapshot_history,0,,,1.0,HOLD,HOLD,0.8374,0.8374,inventory position is balanced; price is close to market; no urgent pricing intervention is needed,low_stock,business_only_retail_pricing_v1,deterministic_business_heuristic,2026-06-04T19:20:03.676893+00:00,0,0.7593,0.5464,0.4004,0.3148
SP-48A96BB634|2026-05-19,SP-48A96BB634,,IG8986,Adidas,footwear,"4DFWD 3 Running Shoes, Black",2026-05-19,0.0,0.0,1,0,1.0,44.44,0.0,999,30,178.84,-0.1575,1,0,1,deep_value,0,1.0,tier1,99.36,1.15,0.0,0.0,1.2,3.0,0,0.8224,exact_style,1.0,movement_reconstructed,1,207.0,207.0,207.0,0.0,0.0,0.0,1.0,0.5,0.0,0.0,0.0,0,HOLD,rds_snapshot_history,0,,,1.0,HOLD,HOLD,0.98,0.98,no urgent pricing intervention is needed,low_stock,business_only_retail_pricing_v1,deterministic_business_heuristic,2026-06-04T19:20:03.676893+00:00,0,0.7031,0.2668,0.2582,0.0326
SP-48A96BB634|2026-05-26,SP-48A96BB634,,IG8986,Adidas,footwear,"4DFWD 3 Running Shoes, Black",2026-05-26,136.6,4.55,0,9,1.0,44.44,0.0,999,30,178.84,-0.1575,1,0,1,deep_value,0,0.0,tier1,99.36,1.15,0.0,0.0,1.2,3.0,0,0.8224,exact_style,1.0,movement_reconstructed,1,207.0,207.0,207.0,0.0,0.0,0.0,1.0,0.5,0.1341,-14.0,-1.0,0,CLEAR,rds_snapshot_history,0,,,1.0,HOLD,HOLD,0.7223,0.7223,inventory position is balanced; no urgent pricing intervention is needed,low_stock|stale_inventory,business_only_retail_pricing_v1,deterministic_business_heuristic,2026-06-04T19:20:03.676893+00:00,1,0.6487,0.5924,0.2844,0.359
SP-48CB982454|2026-05-19,SP-48CB982454,,,New Balance,lifestyle,New Balance 9060 Triple Black,2026-05-19,0.0,0.0,1,0,1.0,53.25,0.0,999,30,89.1,0.0,0,0,0,at_market,0,1.0,tier1,41.65,1.15,0.0,0.0,1.2,3.0,0,0.8224,no_match,0.0,movement_reconstructed,0,0.0,0.0,0.0,0.0,0.0,0.0,1.0,1.0,0.0,0.0,0.0,0,HOLD,rds_snapshot_history,0,,,1.0,HOLD,HOLD,0.98,0.98,price is close to market; no urgent pricing intervention is needed,low_stock|weak_competitor_match,business_only_retail_pricing_v1,deterministic_business_heuristic,2026-06-04T19:20:03.676893+00:00,0,0.8431,0.0,0.1912,0.0
SP-48CB982454|2026-05-26,SP-48CB982454,,,New Balance,lifestyle,New Balance 9060 Triple Black,2026-05-26,100.2,3.34,0,12,1.0,53.25,0.0,999,30,89.1,0.0,0,0,0,at_market,0,0.0,tier1,41.65,1.15,0.0,0.0,1.2,3.0,0,0.8224,no_match,0.0,movement_reconstructed,0,0.0,0.0,0.0,0.0,0.0,0.0,1.0,1.0,0.0,-18.0,-1.0,7,HOLD,rds_snapshot_history,0,,,1.0,HOLD,HOLD,0.98,0.98,inventory position is balanced; price is close to market; no urgent pricing intervention is needed,low_stock|weak_competitor_match,business_only_retail_pricing_v1,deterministic_business_heuristic,2026-06-04T19:20:03.676893+00:00,0,0.9459,0.2307,0.3268,0.2426
SP-4922B84AAD|2026-05-19,SP-4922B84AAD,,IN221080,Crocs,footwear,Crocs Bae Clog Women Lifestyle White,2026-05-19,0.0,0.0,1,0,1.0,57.98,0.0,999,30,103.95,0.0765,0,0,1,above_market,0,1.0,tier2,43.68,1.15,0.0,0.0,1.2,3.0,0,0.8224,similar_product,0.7702,movement_reconstructed,1,96.0,96.0,96.0,0.0,0.0,0.0,0.0,0.0,0.0,0.0,0.0,0,HOLD,rds_snapshot_history,0,,,1.0,HOLD,HOLD,0.98,0.98,no urgent pricing intervention is needed,low_stock|weak_competitor_match,business_only_retail_pricing_v1,deterministic_business_heuristic,2026-06-04T19:20:03.676893+00:00,0,0.724,0.1028,0.2449,0.0
SP-4922B84AAD|2026-05-26,SP-4922B84AAD,,IN221080,Crocs,footwear,Crocs Bae Clog Women Lifestyle White,2026-05-26,124.2,4.14,0,9,1.0,57.98,0.0,999,30,103.95,0.0765,0,0,1,above_market,0,0.0,tier2,43.68,1.15,0.0,0.0,1.2,3.0,0,0.8224,similar_product,0.7702,movement_reconstructed,1,96.0,96.0,96.0,0.0,0.0,0.0,0.0,0.0,0.0,-14.0,-1.0,7,CLEAR,rds_snapshot_history,0,,,1.0,HOLD,HOLD,0.7294,0.7294,inventory position is balanced; no urgent pricing intervention is needed,low_stock|weak_competitor_match|stale_inventory,business_only_retail_pricing_v1,deterministic_business_heuristic,2026-06-04T19:20:03.676893+00:00,1,0.6942,0.5871,0.2826,0.2788
SP-4AF5F1EE2D|2026-05-19,SP-4AF5F1EE2D,,BM4524,Columbia,footwear,Columbia Facet 75 Outdry,2026-05-19,0.0,0.0,1,0,1.0,50.0,0.0,999,30,166.5,0.0,0,0,0,at_market,0,1.0,tier2,83.25,1.15,0.0,0.0,1.2,3.0,0,0.8224,no_match,0.0,movement_reconstructed,0,0.0,0.0,0.0,0.0,0.0,0.0,0.0,0.0,0.0,0.0,0.0,0,HOLD,rds_snapshot_history,0,,,1.0,HOLD,HOLD,0.98,0.98,price is close to market; no urgent pricing intervention is needed,low_stock|weak_competitor_match,business_only_retail_pricing_v1,deterministic_business_heuristic,2026-06-04T19:20:03.676893+00:00,0,0.8431,0.0,0.175,0.0
SP-4AF5F1EE2D|2026-05-26,SP-4AF5F1EE2D,,BM4524,Columbia,footwear,Columbia Facet 75 Outdry,2026-05-26,136.6,4.55,0,40,1.0,50.0,0.0,999,30,166.5,0.0,0,0,0,at_market,0,0.0,tier2,83.25,1.15,0.0,0.0,1.2,3.0,0,0.8224,no_match,0.0,movement_reconstructed,0,0.0,0.0,0.0,0.0,0.0,0.0,0.0,0.0,0.0,-28.0,-1.0,7,CLEAR,rds_snapshot_history,0,,,1.0,HOLD,HOLD,0.98,0.98,inventory position is balanced; price is close to market; no urgent pricing intervention is needed,weak_competitor_match|stale_inventory,business_only_retail_pricing_v1,deterministic_business_heuristic,2026-06-04T19:20:03.676893+00:00,1,0.8481,0.3781,0.2282,0.289
SP-4B36B44C2F|2026-05-19,SP-4B36B44C2F,,IN094156,Aquatail,kids,Aquatail Mermaid Tail Kids Beach Fins Green,2026-05-19,0.0,0.0,1,0,1.0,51.75,0.0,999,30,45.26,0.072,1,1,1,above_market,0,1.0,tier2,21.84,1.15,0.0,0.0,1.2,3.0,0,0.8224,same_model_family,0.9798,movement_reconstructed,1,42.0,42.0,42.0,0.0,0.0,0.0,1.0,1.0,0.0,0.0,0.0,0,HOLD,rds_snapshot_history,0,,,1.0,HOLD,HOLD,0.9187,0.9187,no urgent pricing intervention is needed,low_stock,business_only_retail_pricing_v1,deterministic_business_heuristic,2026-06-04T19:20:03.676893+00:00,0,0.6078,0.4469,0.2637,0.0547
SP-4B36B44C2F|2026-05-26,SP-4B36B44C2F,,IN094156,Aquatail,kids,Aquatail Mermaid Tail Kids Beach Fins Green,2026-05-26,65.4,2.18,0,9,1.0,51.75,0.0,999,30,45.26,0.072,1,1,1,above_market,0,0.0,tier2,21.84,1.15,0.0,0.0,1.2,3.0,0,0.8224,same_model_family,0.9798,movement_reconstructed,1,42.0,42.0,42.0,0.0,0.0,0.0,1.0,1.0,0.0,-13.0,-1.0,7,HOLD,rds_snapshot_history,0,,,1.0,HOLD,HOLD,0.6826,0.6826,inventory position is balanced; no urgent pricing intervention is needed,low_stock,business_only_retail_pricing_v1,deterministic_business_heuristic,2026-06-04T19:20:03.676893+00:00,0,0.7651,0.6669,0.4856,0.3347
SP-4BFC3223D5|2026-05-19,SP-4BFC3223D5,,IN218014,New Balance,footwear,New Balance 327 Women Lifestyle Shoes Moonbeam,2026-05-19,0.0,0.0,1,0,1.0,59.62,0.0,999,30,205.09,0.4246,1,1,1,premium,0,1.0,tier1,82.81,1.15,0.0,0.0,1.2,3.0,0,0.8224,same_model_family,0.9275,movement_reconstructed,1,118.0,152.0,169.0,0.0,0.0,0.0,0.0,0.0,0.0,0.0,0.0,0,HOLD,rds_snapshot_history,0,,,1.0,HOLD,HOLD,0.55,0.55,no urgent pricing intervention is needed,low_stock|overpriced|low_label_confidence,business_only_retail_pricing_v1,deterministic_business_heuristic,2026-06-04T19:20:03.676893+00:00,0,0.4831,0.7794,0.295,0.1326
SP-4BFC3223D5|2026-05-26,SP-4BFC3223D5,,IN218014,New Balance,footwear,New Balance 327 Women Lifestyle Shoes Moonbeam,2026-05-26,136.6,4.55,0,10,1.0,59.62,0.0,999,30,205.09,0.4246,1,1,1,premium,0,0.0,tier1,82.81,1.15,0.0,0.0,1.2,3.0,0,0.8224,same_model_family,0.9021,movement_reconstructed,1,118.0,145.8181818181818,169.0,0.0,0.0,0.0,0.5,0.5,0.0091,-9.0,-1.0,7,CLEAR,rds_snapshot_history,0,,,1.0,HOLD,HOLD,0.55,0.55,inventory position is balanced; no urgent pricing intervention is needed,low_stock|overpriced|stale_inventory|low_label_confidence,business_only_retail_pricing_v1,deterministic_business_heuristic,2026-06-04T19:20:03.676893+00:00,1,0.4485,1.185,0.3302,0.459
SP-4C55644A29|2026-05-19,SP-4C55644A29,,IN219845,New Balance,apparel,New Balance Athletics Flower Women Lifestyle T-Shirt Clay Ash,2026-05-19,0.0,0.0,1,0,1.0,52.15,0.0,999,30,38.91,0.1776,1,1,1,premium,0,1.0,tier1,18.62,1.15,0.0,0.0,1.2,3.0,0,0.8224,same_model_family,0.7939,movement_reconstructed,1,32.0,34.833333333333336,38.0,0.0,0.0,0.0,0.0,0.0,0.0,0.0,0.0,0,HOLD,rds_snapshot_history,0,,,1.0,HOLD,HOLD,0.5966,0.5966,no urgent pricing intervention is needed,low_stock|overpriced|low_label_confidence,business_only_retail_pricing_v1,deterministic_business_heuristic,2026-06-04T19:20:03.676893+00:00,0,0.5189,0.6855,0.2657,0.1103
SP-4C55644A29|2026-05-26,SP-4C55644A29,,IN219845,New Balance,apparel,New Balance Athletics Flower Women Lifestyle T-Shirt Clay Ash,2026-05-26,51.2,1.71,0,14,1.0,52.15,0.0,999,30,38.91,0.1776,1,1,1,premium,0,0.0,tier1,18.62,1.15,0.0,0.0,1.2,3.0,0,0.8224,same_model_family,0.7939,movement_reconstructed,1,32.0,34.833333333333336,38.0,0.0,0.0,0.0,0.0,0.0,0.0,-35.0,-1.0,7,HOLD,rds_snapshot_history,0,,,1.0,MARKDOWN,MARKDOWN,0.8386,0.8386,priced above market by 18%; competitors are discounting; margin can support a markdown,low_stock|overpriced,business_only_retail_pricing_v1,deterministic_business_heuristic,2026-06-04T19:20:03.676893+00:00,1,0.6917,0.9055,0.4756,0.3903
SP-4D19290060|2026-05-19,SP-4D19290060,,IN232285,Nike,apparel,Nike Air Fleece Boys Lifestyle Hoody Black/White,2026-05-19,0.0,0.0,1,0,1.0,58.02,0.0,999,30,80.61,0.4169,1,1,1,premium,0,1.0,tier1,33.84,1.15,0.0,0.0,1.2,3.0,0,0.8224,same_model_family,0.825,movement_reconstructed,1,47.0,70.75,130.0,0.0,0.0,0.0,0.0,1.0,0.0,0.0,0.0,0,HOLD,rds_snapshot_history,0,,,1.0,HOLD,HOLD,0.55,0.55,no urgent pricing intervention is needed,low_stock|overpriced|low_label_confidence,business_only_retail_pricing_v1,deterministic_business_heuristic,2026-06-04T19:20:03.676893+00:00,0,0.4831,0.7794,0.295,0.1326
SP-4D19290060|2026-05-26,SP-4D19290060,,IN232285,Nike,apparel,Nike Air Fleece Boys Lifestyle Hoody Black/White,2026-05-26,67.0,2.23,0,14,1.0,58.02,0.0,999,30,80.61,0.5286,1,1,1,premium,0,0.0,tier1,33.84,1.15,0.0,0.0,1.2,3.0,0,0.8224,same_model_family,0.8095,movement_reconstructed,1,38.0,64.5,130.0,0.0,0.0,0.0,0.0,1.0,0.0,-9.0,-1.0,7,HOLD,rds_snapshot_history,0,,,1.0,MARKDOWN,MARKDOWN,0.9615,0.9615,priced above market by 53%; competitors are discounting; margin can support a markdown,low_stock|overpriced,business_only_retail_pricing_v1,deterministic_business_heuristic,2026-06-04T19:20:03.676893+00:00,1,0.6946,0.9994,0.5392,0.4126
SP-4EAF56E4BE|2026-05-19,SP-4EAF56E4BE,,,ASICS,lifestyle,ASICS PADEL SKY ELITE FF 3,2026-05-19,0.0,0.0,1,0,1.0,49.73,0.0,999,30,136.47,0.0,0,0,0,at_market,0,1.0,tier2,68.6,1.15,0.0,0.0,1.2,3.0,0,0.8224,no_match,0.0,movement_reconstructed,0,0.0,0.0,0.0,0.0,0.0,0.0,1.0,1.0,0.0,0.0,0.0,0,HOLD,rds_snapshot_history,0,,,1.0,HOLD,HOLD,0.98,0.98,price is close to market; no urgent pricing intervention is needed,low_stock|weak_competitor_match,business_only_retail_pricing_v1,deterministic_business_heuristic,2026-06-04T19:20:03.676893+00:00,0,0.8431,0.0,0.1736,0.0
SP-4EAF56E4BE|2026-05-26,SP-4EAF56E4BE,,,ASICS,lifestyle,ASICS PADEL SKY ELITE FF 3,2026-05-26,128.5,4.28,0,12,1.0,49.73,0.0,999,30,136.47,0.0,0,0,0,at_market,0,0.0,tier2,68.6,1.15,0.0,0.0,1.2,3.0,0,0.8224,no_match,0.0,movement_reconstructed,0,0.0,0.0,0.0,0.0,0.0,0.0,1.0,1.0,0.0,-13.0,-1.0,7,CLEAR,rds_snapshot_history,0,,,1.0,HOLD,HOLD,0.98,0.98,inventory position is balanced; price is close to market; no urgent pricing intervention is needed,low_stock|weak_competitor_match|stale_inventory,business_only_retail_pricing_v1,deterministic_business_heuristic,2026-06-04T19:20:03.676893+00:00,1,0.8642,0.363,0.2343,0.2664
SP-4F416D339A|2026-05-19,SP-4F416D339A,,IN233209,ON,apparel,On Club Collective Men Lifestyle T-Shirt White,2026-05-19,0.0,0.0,1,0,1.0,57.53,0.0,999,30,85.57,0.0768,1,1,1,above_market,0,1.0,tier1,36.34,1.15,0.0,0.0,1.2,3.0,0,0.8224,same_model_family,0.7661,movement_reconstructed,1,79.0,89.57142857142857,111.0,0.0,0.0,0.0,0.0,0.0,0.0,0.0,0.0,0,HOLD,rds_snapshot_history,0,,,1.0,HOLD,HOLD,0.8724,0.8724,no urgent pricing intervention is needed,low_stock,business_only_retail_pricing_v1,deterministic_business_heuristic,2026-06-04T19:20:03.676893+00:00,0,0.6037,0.4812,0.2926,0.0572
SP-4F416D339A|2026-05-26,SP-4F416D339A,,IN233209,ON,apparel,On Club Collective Men Lifestyle T-Shirt White,2026-05-26,71.1,2.37,0,14,1.0,57.53,0.0,999,30,85.57,0.0768,1,1,1,above_market,0,0.0,tier1,36.34,1.15,0.0,0.0,1.2,3.0,0,0.8224,same_model_family,0.7632,movement_reconstructed,1,79.0,90.0,111.0,0.0,0.0,0.0,0.0,0.0,0.0,-28.0,-1.0,7,HOLD,rds_snapshot_history,0,,,1.0,HOLD,HOLD,0.6858,0.6858,inventory position is balanced; no urgent pricing intervention is needed,low_stock,business_only_retail_pricing_v1,deterministic_business_heuristic,2026-06-04T19:20:03.676893+00:00,0,0.8018,0.7012,0.5249,0.3372
SP-511FC63A1A|2026-05-19,SP-511FC63A1A,,JE5682,Adidas,apparel,Adidas D4T 3 Stripes Men Training Short Black,2026-05-19,0.0,0.0,1,0,1.0,46.24,0.0,999,30,68.3,0.5315,1,1,2,premium,0,1.0,tier1,36.72,1.15,0.0,0.0,1.2,3.0,0,0.8224,exact_style,0.8225,movement_reconstructed,1,32.0,4.2229,76.0,0.0,0.0,0.0,1.0,1.0,0.0,0.0,0.0,0,HOLD,rds_snapshot_history,0,,,1.0,HOLD,HOLD,0.6781,0.6781,no urgent pricing intervention is needed,low_stock|overpriced|low_label_confidence,business_only_retail_pricing_v1,deterministic_business_heuristic,2026-06-04T19:20:03.676893+00:00,0,0.5431,0.6251,0.2112,0.0976
SP-511FC63A1A|2026-05-26,SP-511FC63A1A,,JE5682,Adidas,apparel,Adidas D4T 3 Stripes Men Training Short Black,2026-05-26,48.3,1.61,0,14,1.0,46.24,0.0,999,30,68.3,0.6047,1,1,2,premium,0,0.0,tier1,36.72,1.15,0.0,0.0,1.2,3.0,0,0.8224,exact_style,0.8178,movement_reconstructed,1,27.0,4.2229,76.0,0.0,0.0,0.0,1.0,1.0,0.0,-14.0,-1.0,7,HOLD,rds_snapshot_history,0,,,1.0,MARKDOWN,MARKDOWN,0.7371,0.7371,priced above market by 60%; competitors are discounting; margin can support a markdown,low_stock|overpriced,business_only_retail_pricing_v1,deterministic_business_heuristic,2026-06-04T19:20:03.676893+00:00,1,0.7065,0.8451,0.4126,0.3776
SP-5142DAE261|2026-05-19,SP-5142DAE261,,IN234835,New Balance,footwear,New Balance 204L Women Lifestyle Shoes Grey,2026-05-19,0.0,0.0,1,0,1.0,51.59,0.0,999,30,171.06,0.1874,1,1,1,premium,0,1.0,tier1,82.81,1.15,0.0,0.0,1.2,3.0,0,0.8224,same_model_family,0.8499,movement_reconstructed,1,139.0,161.5,169.0,0.0,0.0,0.0,0.5,0.5,0.0,0.0,0.0,0,HOLD,rds_snapshot_history,0,,,1.0,HOLD,HOLD,0.5792,0.5792,no urgent pricing intervention is needed,low_stock|overpriced|low_label_confidence,business_only_retail_pricing_v1,deterministic_business_heuristic,2026-06-04T19:20:03.676893+00:00,0,0.5106,0.6984,0.2629,0.1154
SP-5142DAE261|2026-05-26,SP-5142DAE261,,IN234835,New Balance,footwear,New Balance 204L Women Lifestyle Shoes Grey,2026-05-26,136.6,4.55,0,12,1.0,51.59,0.0,999,30,171.06,0.1874,1,1,1,premium,0,0.0,tier1,82.81,1.15,0.0,0.0,1.2,3.0,0,0.8224,same_model_family,0.8499,movement_reconstructed,1,139.0,161.5,169.0,0.0,0.0,0.0,0.5,0.5,0.3344,-14.0,-1.0,0,CLEAR,rds_snapshot_history,0,,,1.0,MARKDOWN,MARKDOWN,0.98,0.98,priced above market by 19%; competitors are discounting; stock cover is elevated (137 DOS),low_stock|overpriced|stale_inventory,business_only_retail_pricing_v1,deterministic_business_heuristic,2026-06-04T19:20:03.676893+00:00,1,0.5156,1.104,0.3161,0.4419
SP-5314E7EA83|2026-05-19,SP-5314E7EA83,,BL4550,Columbia,footwear,Columbia Newton Ridge Plus W,2026-05-19,0.0,0.0,1,0,1.0,50.0,0.0,999,30,99.9,0.0,0,0,0,at_market,0,1.0,tier2,49.95,1.15,0.0,0.0,1.2,3.0,0,0.8224,no_match,0.0,movement_reconstructed,0,0.0,0.0,0.0,0.0,0.0,0.0,1.0,1.0,0.0,0.0,0.0,0,HOLD,rds_snapshot_history,0,,,1.0,HOLD,HOLD,0.98,0.98,price is close to market; no urgent pricing intervention is needed,low_stock|weak_competitor_match,business_only_retail_pricing_v1,deterministic_business_heuristic,2026-06-04T19:20:03.676893+00:00,0,0.8431,0.0,0.175,0.0
SP-5314E7EA83|2026-05-26,SP-5314E7EA83,,BL4550,Columbia,footwear,Columbia Newton Ridge Plus W,2026-05-26,119.4,3.98,0,42,1.0,50.0,0.0,999,30,99.9,0.0,0,0,0,at_market,0,0.0,tier2,49.95,1.15,0.0,0.0,1.2,3.0,0,0.8224,no_match,0.0,movement_reconstructed,0,0.0,0.0,0.0,0.0,0.0,0.0,1.0,1.0,0.0,-14.0,-1.0,7,HOLD,rds_snapshot_history,0,,,1.0,HOLD,HOLD,0.98,0.98,inventory position is balanced; price is close to market; no urgent pricing intervention is needed,weak_competitor_match,business_only_retail_pricing_v1,deterministic_business_heuristic,2026-06-04T19:20:03.676893+00:00,0,0.8831,0.3486,0.2456,0.2426
SP-5368149B74|2026-05-19,SP-5368149B74,,IN213158,ON,other,On Climate 2 Women Running Long Sleeve Black,2026-05-19,0.0,0.0,1,0,1.0,52.54,0.0,999,30,140.53,0.1746,1,1,1,premium,0,1.0,tier1,66.7,1.15,0.0,0.0,1.2,3.0,0,0.8224,same_model_family,0.8448,movement_reconstructed,1,116.0,123.0,137.0,0.0,0.0,0.0,1.0,1.0,0.0,0.0,0.0,0,HOLD,rds_snapshot_history,0,,,1.0,HOLD,HOLD,0.6006,0.6006,no urgent pricing intervention is needed,low_stock|overpriced|low_label_confidence,business_only_retail_pricing_v1,deterministic_business_heuristic,2026-06-04T19:20:03.676893+00:00,0,0.5214,0.6825,0.2677,0.1087
SP-5368149B74|2026-05-26,SP-5368149B74,,IN213158,ON,other,On Climate 2 Women Running Long Sleeve Black,2026-05-26,136.6,4.55,0,9,1.0,52.54,0.0,999,30,140.53,0.573,1,1,1,premium,0,0.0,tier1,66.7,1.15,0.0,0.0,1.2,3.0,0,0.8224,same_model_family,0.8506,movement_reconstructed,1,60.0,116.125,145.0,0.0,0.0,0.0,1.0,1.0,0.0,-14.0,-1.0,7,CLEAR,rds_snapshot_history,0,,,1.0,HOLD,HOLD,0.55,0.55,inventory position is balanced; no urgent pricing intervention is needed,low_stock|overpriced|stale_inventory|low_label_confidence,business_only_retail_pricing_v1,deterministic_business_heuristic,2026-06-04T19:20:03.676893+00:00,1,0.4287,1.1598,0.2939,0.459
SP-53DDAF3223|2026-05-19,SP-53DDAF3223,,IN209972,Blue Point,swimwear,Blue Point Men Beach Swim Short White,2026-05-19,0.0,0.0,1,0,1.0,48.97,0.0,999,30,43.82,0.0187,0,1,1,at_market,0,1.0,tier2,22.36,1.45,0.3,0.0,1.7,3.0,0,0.8224,similar_product,0.8003,movement_reconstructed,1,43.0,43.0,43.0,0.0,0.0,0.0,1.0,1.0,0.0,0.0,0.0,0,HOLD,rds_snapshot_history,0,,,1.0,HOLD,HOLD,0.98,0.98,price is close to market; no urgent pricing intervention is needed,low_stock|weak_competitor_match,business_only_retail_pricing_v1,deterministic_business_heuristic,2026-06-04T19:20:03.676893+00:00,0,0.7631,0.0,0.4249,0.0
SP-53DDAF3223|2026-05-26,SP-53DDAF3223,,IN209972,Blue Point,swimwear,Blue Point Men Beach Swim Short White,2026-05-26,98.0,3.27,0,9,1.0,48.97,0.0,999,30,43.82,0.3154,1,1,1,premium,0,0.0,tier2,22.36,1.45,0.3,0.0,1.7,3.0,0,0.8224,same_model_family,0.9084,movement_reconstructed,1,30.0,42.703125,50.0,0.0,0.0,0.0,1.0,1.0,0.0,-14.0,-1.0,7,HOLD,rds_snapshot_history,0,,,1.0,HOLD,HOLD,0.55,0.55,inventory position is balanced; no urgent pricing intervention is needed,low_stock|overpriced|low_label_confidence,business_only_retail_pricing_v1,deterministic_business_heuristic,2026-06-04T19:20:03.676893+00:00,0,0.5337,1.0772,0.5409,0.4126
SP-545229B88B|2026-05-19,SP-545229B88B,,IG8980,Adidas,footwear,"4Dfwd 3 Running Shoes, Grey",2026-05-19,0.0,0.0,1,0,1.0,55.5,0.0,999,30,171.5,0.0321,2,0,2,at_market,0,1.0,tier1,76.32,1.15,0.0,0.0,1.2,3.0,0,0.8224,exact_style,1.0,movement_reconstructed,1,166.0,79.5009,159.0,0.0,0.0,0.0,0.5,0.5,0.0,0.0,0.0,0,HOLD,rds_snapshot_history,0,,,1.0,HOLD,HOLD,0.98,0.98,price is close to market; no urgent pricing intervention is needed,low_stock,business_only_retail_pricing_v1,deterministic_business_heuristic,2026-06-04T19:20:03.676893+00:00,0,0.6414,0.3212,0.2325,0.0337
SP-545229B88B|2026-05-26,SP-545229B88B,,IG8980,Adidas,footwear,"4Dfwd 3 Running Shoes, Grey",2026-05-26,116.1,3.87,0,11,1.0,55.5,0.0,999,30,171.5,0.0321,2,0,2,at_market,0,0.0,tier1,76.32,1.15,0.0,0.0,1.2,3.0,0,0.8224,exact_style,1.0,movement_reconstructed,1,166.0,85.6162,159.0,0.0,0.0,0.0,0.5,0.5,0.0,-14.0,-1.0,7,HOLD,rds_snapshot_history,0,,,1.0,HOLD,HOLD,0.6962,0.6962,inventory position is balanced; price is close to market; no urgent pricing intervention is needed,low_stock,business_only_retail_pricing_v1,deterministic_business_heuristic,2026-06-04T19:20:03.676893+00:00,0,0.6723,0.6117,0.3053,0.3137
SP-55CA67AAFC|2026-05-19,SP-55CA67AAFC,,VN000W9TENR,Vans,kids,Vans Old Skool Kids,2026-05-19,0.0,0.0,1,0,1.0,44.99,0.0,999,30,55.5,0.0,0,0,0,at_market,0,1.0,tier2,30.53,1.15,0.0,0.0,1.2,3.0,0,0.8224,no_match,0.0,movement_reconstructed,0,0.0,0.0,0.0,0.0,0.0,0.0,1.0,1.0,0.0,0.0,0.0,0,HOLD,rds_snapshot_history,0,,,1.0,HOLD,HOLD,0.98,0.98,price is close to market; no urgent pricing intervention is needed,low_stock|weak_competitor_match,business_only_retail_pricing_v1,deterministic_business_heuristic,2026-06-04T19:20:03.676893+00:00,0,0.8431,0.0,0.1499,0.0
SP-55CA67AAFC|2026-05-26,SP-55CA67AAFC,,VN000W9TENR,Vans,kids,Vans Old Skool Kids,2026-05-26,65.4,2.18,0,48,1.0,44.99,0.0,999,30,55.5,0.0,0,0,0,at_market,0,0.0,tier2,30.53,1.15,0.0,0.0,1.2,3.0,0,0.8224,no_match,0.0,movement_reconstructed,0,0.0,0.0,0.0,0.0,0.0,0.0,1.0,1.0,0.0,-9.0,-1.0,7,PROMOTE,rds_snapshot_history,0,,,1.0,HOLD,HOLD,0.98,0.98,inventory position is balanced; price is close to market; no urgent pricing intervention is needed,weak_competitor_match,business_only_retail_pricing_v1,deterministic_business_heuristic,2026-06-04T19:20:03.676893+00:00,1,1.0598,0.1494,0.3988,0.2426
SP-561C870956|2026-05-19,SP-561C870956,,06042,K-Swiss,lifestyle,K-Swiss Classic 66 M,2026-05-19,0.0,0.0,1,0,1.0,48.01,0.0,999,30,77.7,0.0,0,0,0,at_market,0,1.0,tier2,40.4,1.15,0.0,0.0,1.2,3.0,0,0.8224,no_match,0.0,movement_reconstructed,0,0.0,0.0,0.0,0.0,0.0,0.0,1.0,1.0,0.0,0.0,0.0,0,HOLD,rds_snapshot_history,0,,,1.0,HOLD,HOLD,0.98,0.98,price is close to market; no urgent pricing intervention is needed,low_stock|weak_competitor_match,business_only_retail_pricing_v1,deterministic_business_heuristic,2026-06-04T19:20:03.676893+00:00,0,0.8431,0.0,0.165,0.0
SP-561C870956|2026-05-26,SP-561C870956,,06042,K-Swiss,lifestyle,K-Swiss Classic 66 M,2026-05-26,87.4,2.91,0,35,1.0,48.01,0.0,999,30,77.7,0.0,0,0,0,at_market,0,0.0,tier2,40.4,1.15,0.0,0.0,1.2,3.0,0,0.8224,no_match,0.0,movement_reconstructed,0,0.0,0.0,0.0,0.0,0.0,0.0,1.0,1.0,0.0,-12.0,-1.0,7,PROMOTE,rds_snapshot_history,0,,,1.0,HOLD,HOLD,0.98,0.98,inventory position is balanced; price is close to market; no urgent pricing intervention is needed,weak_competitor_match,business_only_retail_pricing_v1,deterministic_business_heuristic,2026-06-04T19:20:03.676893+00:00,1,0.9878,0.1846,0.344,0.2426
SP-5643A090B0|2026-05-19,SP-5643A090B0,,IN233425,ON,apparel,On 3 Inch Core Women Running Short Black,2026-05-19,0.0,0.0,1,0,1.0,56.21,0.0,999,30,78.78,0.3272,1,1,1,premium,0,1.0,tier1,34.5,1.15,0.0,0.0,1.2,3.0,0,0.8224,same_model_family,0.8385,movement_reconstructed,1,53.0,79.15384615384616,191.0,0.0,0.0,0.0,0.0,0.0,0.0,0.0,0.0,0,HOLD,rds_snapshot_history,0,,,1.0,HOLD,HOLD,0.55,0.55,no urgent pricing intervention is needed,low_stock|overpriced|low_label_confidence,business_only_retail_pricing_v1,deterministic_business_heuristic,2026-06-04T19:20:03.676893+00:00,0,0.4831,0.7712,0.286,0.1326
SP-5643A090B0|2026-05-26,SP-5643A090B0,,IN233425,ON,apparel,On 3 Inch Core Women Running Short Black,2026-05-26,65.5,2.18,0,14,1.0,56.21,0.0,999,30,78.78,0.3272,1,1,1,premium,0,0.0,tier1,34.5,1.15,0.0,0.0,1.2,3.0,0,0.8224,same_model_family,0.8367,movement_reconstructed,1,53.0,83.58333333333333,239.0,0.0,0.0,0.0,0.0,0.0,0.2341,-14.0,-1.0,0,HOLD,rds_snapshot_history,0,,,1.0,MARKDOWN,MARKDOWN,0.9438,0.9438,priced above market by 33%; competitors are discounting; margin can support a markdown,low_stock|overpriced,business_only_retail_pricing_v1,deterministic_business_heuristic,2026-06-04T19:20:03.676893+00:00,1,0.6995,0.9912,0.5346,0.4126
SP-56FCC8F98B|2026-05-19,SP-56FCC8F98B,,JJ1931,Adidas,apparel,Adidas Real Madrid 25/26 Home Jersey Men Football T-Shirt White,2026-05-19,0.0,0.0,1,0,1.0,58.33,0.0,999,30,175.67,0.9431,1,1,2,premium,0,1.0,tier1,73.2,1.15,0.0,0.0,1.2,3.0,0,0.8224,exact_style,0.9183,movement_reconstructed,1,10.0,50.6673,152.0,0.0,0.0,0.0,0.0,0.0,0.0,0.0,0.0,0,HOLD,rds_snapshot_history,0,,,1.0,HOLD,HOLD,0.6048,0.6048,no urgent pricing intervention is needed,low_stock|overpriced|low_label_confidence,business_only_retail_pricing_v1,deterministic_business_heuristic,2026-06-04T19:20:03.676893+00:00,0,0.5431,0.6794,0.27,0.0976
SP-56FCC8F98B|2026-05-26,SP-56FCC8F98B,,JJ1931,Adidas,apparel,Adidas Real Madrid 25/26 Home Jersey Men Football T-Shirt White,2026-05-26,80.7,2.69,0,14,1.0,58.33,0.0,999,30,175.67,0.9431,1,1,2,premium,0,0.0,tier1,73.2,1.15,0.0,0.0,1.2,3.0,0,0.8224,exact_style,0.9226,movement_reconstructed,1,10.0,56.0006,152.0,0.0,0.0,0.0,0.0,0.0,0.0,-35.0,-1.0,7,HOLD,rds_snapshot_history,0,,,1.0,MARKDOWN,MARKDOWN,0.8192,0.8192,priced above market by 94%; competitors are discounting; margin can support a markdown,low_stock|overpriced,business_only_retail_pricing_v1,deterministic_business_heuristic,2026-06-04T19:20:03.676893+00:00,1,0.7098,0.9092,0.4716,0.3776
SP-579FCCF26F|2026-05-19,SP-579FCCF26F,,IN221081,Crocs,footwear,Crocs Bae Clog Women Lifestyle Kiwi,2026-05-19,0.0,0.0,1,0,1.0,46.38,0.0,999,30,81.46,-0.0312,0,0,1,at_market,0,1.0,tier2,43.68,1.15,0.0,0.0,1.2,3.0,0,0.8224,same_model_family,0.98,movement_reconstructed,1,84.0,84.0,84.0,0.0,0.0,0.0,0.0,0.0,0.0,0.0,0.0,0,HOLD,rds_snapshot_history,0,,,1.0,HOLD,HOLD,0.98,0.98,price is close to market; no urgent pricing intervention is needed,low_stock,business_only_retail_pricing_v1,deterministic_business_heuristic,2026-06-04T19:20:03.676893+00:00,0,0.7631,0.0,0.1874,0.0
SP-579FCCF26F|2026-05-26,SP-579FCCF26F,,IN221081,Crocs,footwear,Crocs Bae Clog Women Lifestyle Kiwi,2026-05-26,97.3,3.24,0,10,1.0,46.38,0.0,999,30,81.46,-0.0312,0,0,1,at_market,0,0.0,tier2,43.68,1.15,0.0,0.0,1.2,3.0,0,0.8224,same_model_family,0.98,movement_reconstructed,1,84.0,84.0,84.0,0.0,0.0,0.0,0.0,0.0,0.0,-8.0,-1.0,7,HOLD,rds_snapshot_history,0,,,1.0,HOLD,HOLD,0.98,0.98,inventory position is balanced; price is close to market; no urgent pricing intervention is needed,low_stock,business_only_retail_pricing_v1,deterministic_business_heuristic,2026-06-04T19:20:03.676893+00:00,0,0.8358,0.234,0.3148,0.2426
SP-57AE88CE7F|2026-05-19,SP-57AE88CE7F,,IN233413,ON,apparel,On Climate Full Zip Women Running Hoody White,2026-05-19,0.0,0.0,1,0,1.0,55.65,0.0,999,30,164.93,0.036,0,0,1,at_market,0,1.0,tier1,73.14,1.15,0.0,0.0,1.2,3.0,0,0.8224,same_model_family,0.98,movement_reconstructed,1,159.0,159.0,159.0,0.0,0.0,0.0,1.0,1.0,0.0,0.0,0.0,0,HOLD,rds_snapshot_history,0,,,1.0,HOLD,HOLD,0.98,0.98,price is close to market; no urgent pricing intervention is needed,low_stock,business_only_retail_pricing_v1,deterministic_business_heuristic,2026-06-04T19:20:03.676893+00:00,0,0.7581,0.0281,0.2332,0.0
SP-57AE88CE7F|2026-05-26,SP-57AE88CE7F,,IN233413,ON,apparel,On Climate Full Zip Women Running Hoody White,2026-05-26,95.0,3.17,0,14,1.0,55.65,0.0,999,30,164.93,0.036,0,0,1,at_market,0,0.0,tier1,73.14,1.15,0.0,0.0,1.2,3.0,0,0.8224,same_model_family,0.98,movement_reconstructed,1,159.0,159.0,159.0,0.0,0.0,0.0,1.0,1.0,0.2102,-14.0,-1.0,0,HOLD,rds_snapshot_history,0,,,1.0,HOLD,HOLD,0.98,0.98,inventory position is balanced; price is close to market; no urgent pricing intervention is needed,low_stock,business_only_retail_pricing_v1,deterministic_business_heuristic,2026-06-04T19:20:03.676893+00:00,0,0.8779,0.3823,0.3865,0.2457
SP-57E4E0DDE1|2026-05-19,SP-57E4E0DDE1,,IN236685,Crocs,footwear,Crocs Bae Women Lifestyle Clog Quartz,2026-05-19,0.0,0.0,1,0,1.0,44.37,0.0,999,30,78.52,-0.0698,0,0,1,below_market,0,1.0,tier2,43.68,1.15,0.0,0.0,1.2,3.0,0,0.8224,same_model_family,0.98,movement_reconstructed,1,84.0,84.0,84.0,0.0,0.0,0.0,0.0,0.0,0.0,0.0,0.0,0,HOLD,rds_snapshot_history,0,,,1.0,HOLD,HOLD,0.98,0.98,no urgent pricing intervention is needed,low_stock,business_only_retail_pricing_v1,deterministic_business_heuristic,2026-06-04T19:20:03.676893+00:00,0,0.7931,0.0,0.2328,0.0
SP-57E4E0DDE1|2026-05-26,SP-57E4E0DDE1,,IN236685,Crocs,footwear,Crocs Bae Women Lifestyle Clog Quartz,2026-05-26,93.8,3.13,0,10,1.0,44.37,0.0,999,30,78.52,-0.0698,0,0,1,below_market,0,0.0,tier2,43.68,1.15,0.0,0.0,1.2,3.0,0,0.8224,same_model_family,0.98,movement_reconstructed,1,84.0,84.0,84.0,0.0,0.0,0.0,0.0,0.0,0.0,-9.0,-1.0,7,HOLD,rds_snapshot_history,0,,,1.0,HOLD,HOLD,0.98,0.98,inventory position is balanced; no urgent pricing intervention is needed,low_stock,business_only_retail_pricing_v1,deterministic_business_heuristic,2026-06-04T19:20:03.676893+00:00,0,0.8773,0.2187,0.372,0.2426
SP-5827249A55|2026-05-19,SP-5827249A55,,051731,Birkenstock,footwear,Birkenstock Arizona Birko-Flor W,2026-05-19,0.0,0.0,1,0,1.0,52.0,0.0,999,30,111.0,0.0,0,0,0,at_market,0,1.0,tier2,53.28,1.15,0.0,0.0,1.2,3.0,0,0.8224,no_match,0.0,movement_reconstructed,0,0.0,0.0,0.0,0.0,0.0,0.0,0.0,0.0,0.0,0.0,0.0,0,HOLD,rds_snapshot_history,0,,,1.0,HOLD,HOLD,0.98,0.98,price is close to market; no urgent pricing intervention is needed,low_stock|weak_competitor_match,business_only_retail_pricing_v1,deterministic_business_heuristic,2026-06-04T19:20:03.676893+00:00,0,0.8431,0.0,0.185,0.0
SP-5827249A55|2026-05-26,SP-5827249A55,,051731,Birkenstock,footwear,Birkenstock Arizona Birko-Flor W,2026-05-26,132.6,4.42,0,40,1.0,52.0,0.0,999,30,111.0,0.0,0,0,0,at_market,0,0.0,tier2,53.28,1.15,0.0,0.0,1.2,3.0,0,0.8224,no_match,0.0,movement_reconstructed,0,0.0,0.0,0.0,0.0,0.0,0.0,0.0,0.0,0.0,-18.0,-1.0,7,CLEAR,rds_snapshot_history,0,,,1.0,HOLD,HOLD,0.98,0.98,inventory position is balanced; price is close to market; no urgent pricing intervention is needed,weak_competitor_match|stale_inventory,business_only_retail_pricing_v1,deterministic_business_heuristic,2026-06-04T19:20:03.676893+00:00,1,0.8561,0.3805,0.2419,0.2778
SP-58C9C3FB4F|2026-05-19,SP-58C9C3FB4F,,IN204651,Nike,apparel,Nike Chill Knit Women Lifestyle T-Shirt Black/Sail,2026-05-19,0.0,0.0,1,0,1.0,52.18,0.0,999,30,78.63,0.593,1,1,1,premium,0,1.0,tier1,37.6,1.15,0.0,0.0,1.2,3.0,0,0.8224,same_model_family,0.7348,movement_reconstructed,1,32.0,58.095238095238095,97.0,0.0,0.0,0.0,1.0,1.0,0.0,0.0,0.0,0,HOLD,rds_snapshot_history,0,,,1.0,HOLD,HOLD,0.55,0.55,no urgent pricing intervention is needed,low_stock|overpriced|low_label_confidence,business_only_retail_pricing_v1,deterministic_business_heuristic,2026-06-04T19:20:03.676893+00:00,0,0.4831,0.7526,0.2659,0.1326
SP-58C9C3FB4F|2026-05-26,SP-58C9C3FB4F,,IN204651,Nike,apparel,Nike Chill Knit Women Lifestyle T-Shirt Black/Sail,2026-05-26,65.4,2.18,0,14,1.0,52.18,0.0,999,30,78.63,0.593,1,1,1,premium,0,0.0,tier1,37.6,1.15,0.0,0.0,1.2,3.0,0,0.8224,same_model_family,0.7352,movement_reconstructed,1,32.0,58.88275862068966,97.0,0.0,0.0,0.0,1.0,0.75,0.0,-14.0,-1.0,7,HOLD,rds_snapshot_history,0,,,1.0,MARKDOWN,MARKDOWN,0.9183,0.9183,priced above market by 59%; competitors are discounting; margin can support a markdown,low_stock|overpriced,business_only_retail_pricing_v1,deterministic_business_heuristic,2026-06-04T19:20:03.676893+00:00,1,0.6998,0.9726,0.5147,0.4126
SP-5A822EBD49|2026-05-19,SP-5A822EBD49,,IN205068,New Balance,apparel,New Balance Athletics Men Lifestyle Short Black,2026-05-19,0.0,0.0,1,0,1.0,55.71,0.0,999,30,60.85,0.2112,1,1,1,premium,0,1.0,tier1,26.95,1.15,0.0,0.0,1.2,3.0,0,0.8224,same_model_family,0.7411,movement_reconstructed,1,48.0,64.33333333333333,76.0,0.0,0.0,0.0,0.0,0.0,0.0,0.0,0.0,0,HOLD,rds_snapshot_history,0,,,1.0,HOLD,HOLD,0.55,0.55,no urgent pricing intervention is needed,low_stock|overpriced|low_label_confidence,business_only_retail_pricing_v1,deterministic_business_heuristic,2026-06-04T19:20:03.676893+00:00,0,0.4906,0.755,0.2835,0.1279
SP-5A822EBD49|2026-05-26,SP-5A822EBD49,,IN205068,New Balance,apparel,New Balance Athletics Men Lifestyle Short Black,2026-05-26,51.2,1.71,0,14,1.0,55.71,0.0,999,30,60.85,0.2276,1,1,1,premium,0,0.0,tier1,26.95,1.15,0.0,0.0,1.2,3.0,0,0.8224,same_model_family,0.7136,movement_reconstructed,1,47.0,55.1875,76.0,0.0,0.0,0.0,0.0,0.0,0.0,-42.0,-1.0,7,HOLD,rds_snapshot_history,0,,,1.0,MARKDOWN,MARKDOWN,0.98,0.98,priced above market by 23%; competitors are discounting; margin can support a markdown,low_stock|overpriced,business_only_retail_pricing_v1,deterministic_business_heuristic,2026-06-04T19:20:03.676893+00:00,1,0.656,0.9889,0.4934,0.4126
SP-5B19015206|2026-05-19,SP-5B19015206,,IN237354,Nike,footwear,Nike Air Force 1 07 Premium Flowers Women Lifestyle Shoes Black/White/Gold,2026-05-19,0.0,0.0,1,0,1.0,51.45,0.0,999,30,217.81,-0.033,0,0,1,at_market,0,1.0,tier1,105.75,1.15,0.0,0.0,1.2,3.0,0,0.8224,same_model_family,0.9456,movement_reconstructed,1,225.0,225.0,225.0,0.0,0.0,0.0,0.0,0.0,0.0,0.0,0.0,0,HOLD,rds_snapshot_history,0,,,1.0,HOLD,HOLD,0.98,0.98,price is close to market; no urgent pricing intervention is needed,low_stock,business_only_retail_pricing_v1,deterministic_business_heuristic,2026-06-04T19:20:03.676893+00:00,0,0.7631,0.0,0.2134,0.0
SP-5B19015206|2026-05-26,SP-5B19015206,,IN237354,Nike,footwear,Nike Air Force 1 07 Premium Flowers Women Lifestyle Shoes Black/White/Gold,2026-05-26,136.6,4.55,0,10,1.0,51.45,0.0,999,30,217.81,-0.033,0,0,1,at_market,0,0.0,tier1,105.75,1.15,0.0,0.0,1.2,3.0,0,0.8224,same_model_family,0.9456,movement_reconstructed,1,225.0,225.0,225.0,0.0,0.0,0.0,0.0,0.0,0.0,-55.0,-1.0,7,CLEAR,rds_snapshot_history,0,,,1.0,HOLD,HOLD,0.96,0.96,inventory position is balanced; price is close to market; no urgent pricing intervention is needed,low_stock|stale_inventory,business_only_retail_pricing_v1,deterministic_business_heuristic,2026-06-04T19:20:03.676893+00:00,1,0.7285,0.4248,0.2486,0.289
SP-5B7283A238|2026-05-19,SP-5B7283A238,,IN209406,Nike,sportswear,Nike Alate Curve Aop Women Training Bra Black,2026-05-19,0.0,0.0,1,0,1.0,59.71,0.0,999,30,44.33,0.0,0,0,0,at_market,0,1.0,tier1,17.86,1.15,0.0,0.0,1.2,3.0,0,0.8224,no_match,0.0,movement_reconstructed,0,0.0,0.0,0.0,0.0,0.0,0.0,0.5,0.0,0.0,0.0,0.0,0,HOLD,rds_snapshot_history,0,,,1.0,HOLD,HOLD,0.98,0.98,price is close to market; no urgent pricing intervention is needed,low_stock|weak_competitor_match,business_only_retail_pricing_v1,deterministic_business_heuristic,2026-06-04T19:20:03.676893+00:00,0,0.8431,0.0,0.215,0.0
SP-5B7283A238|2026-05-26,SP-5B7283A238,,IN209406,Nike,sportswear,Nike Alate Curve Aop Women Training Bra Black,2026-05-26,58.8,1.96,0,12,1.0,59.71,0.0,999,30,44.33,0.1428,1,0,1,above_market,0,0.0,tier1,17.86,1.15,0.0,0.0,1.2,3.0,0,0.8224,same_model_family,0.96,movement_reconstructed,1,38.0,38.0,38.0,0.0,0.0,0.0,0.25,0.0,0.0,-13.0,-1.0,7,HOLD,rds_snapshot_history,0,,,1.0,MARKDOWN,MARKDOWN,0.6332,0.6332,priced above market by 14%; competitors are discounting; margin can support a markdown,low_stock|overpriced|low_label_confidence,business_only_retail_pricing_v1,deterministic_business_heuristic,2026-06-04T19:20:03.676893+00:00,1,0.7459,0.8075,0.477,0.3719
SP-5BABA5198D|2026-05-19,SP-5BABA5198D,,IN220664,Nike,apparel,Nike Club Alumni Men Lifestyle Short Black/White,2026-05-19,0.0,0.0,1,0,1.0,57.77,0.0,999,30,74.57,0.0345,0,0,1,at_market,0,1.0,tier1,31.49,1.15,0.0,0.0,1.2,3.0,0,0.8224,same_model_family,0.8349,movement_reconstructed,1,72.0,84.5,97.0,0.0,0.0,0.0,1.0,1.0,0.0,0.0,0.0,0,HOLD,rds_snapshot_history,0,,,1.0,HOLD,HOLD,0.98,0.98,price is close to market; no urgent pricing intervention is needed,low_stock,business_only_retail_pricing_v1,deterministic_business_heuristic,2026-06-04T19:20:03.676893+00:00,0,0.7594,0.0355,0.2438,0.0
SP-5BABA5198D|2026-05-26,SP-5BABA5198D,,IN220664,Nike,apparel,Nike Club Alumni Men Lifestyle Short Black/White,2026-05-26,62.0,2.07,0,14,1.0,57.77,0.0,999,30,74.57,0.1149,0,0,1,above_market,0,0.0,tier1,31.49,1.15,0.0,0.0,1.2,3.0,0,0.8224,same_model_family,0.8475,movement_reconstructed,1,66.0,80.8,97.0,0.0,0.0,0.0,1.0,1.0,0.0,-9.0,-1.0,7,HOLD,rds_snapshot_history,0,,,1.0,HOLD,HOLD,0.98,0.98,inventory position is balanced; no urgent pricing intervention is needed,low_stock,business_only_retail_pricing_v1,deterministic_business_heuristic,2026-06-04T19:20:03.676893+00:00,0,0.8998,0.4824,0.4851,0.2873
SP-5C52EEBFCD|2026-05-19,SP-5C52EEBFCD,,IN237334,Nike,apparel,Nike Challenger Winterized 12.5Cm Men Running Short Blue,2026-05-19,0.0,0.0,1,0,1.0,47.66,0.0,999,30,71.84,0.2483,0,0,1,premium,0,1.0,tier1,37.6,1.15,0.0,0.0,1.2,3.0,0,0.8224,same_model_family,0.7651,movement_reconstructed,1,54.0,66.42857142857143,80.0,0.0,0.0,0.0,1.0,0.0,0.0,0.0,0.0,0,HOLD,rds_snapshot_history,0,,,1.0,HOLD,HOLD,0.9122,0.9122,no urgent pricing intervention is needed,low_stock|overpriced,business_only_retail_pricing_v1,deterministic_business_heuristic,2026-06-04T19:20:03.676893+00:00,0,0.6031,0.4517,0.1933,0.0626
SP-5C52EEBFCD|2026-05-26,SP-5C52EEBFCD,,IN237334,Nike,apparel,Nike Challenger Winterized 12.5Cm Men Running Short Blue,2026-05-26,59.7,1.99,0,14,1.0,47.66,0.0,999,30,71.84,0.2483,0,0,1,premium,0,0.0,tier1,37.6,1.15,0.0,0.0,1.2,3.0,0,0.8224,same_model_family,0.7643,movement_reconstructed,1,54.0,66.35,80.0,0.0,0.0,0.0,1.0,0.0,0.0,-6.0,-1.0,7,HOLD,rds_snapshot_history,0,,,1.0,HOLD,HOLD,0.7283,0.7283,inventory position is balanced; no urgent pricing intervention is needed,low_stock|overpriced,business_only_retail_pricing_v1,deterministic_business_heuristic,2026-06-04T19:20:03.676893+00:00,0,0.8038,0.6717,0.4279,0.3426
SP-5D4B96E09C|2026-05-19,SP-5D4B96E09C,,IN222373,Nike,footwear,Nike Air Jordan 1 Men Lifestyle Sneakers Black/White/Red,2026-05-19,0.0,0.0,1,0,1.0,53.47,0.0,999,30,160.62,0.2342,1,1,1,premium,0,1.0,tier1,74.73,1.15,0.0,0.0,1.2,3.0,0,0.8224,same_model_family,0.7891,movement_reconstructed,1,123.0,145.57142857142858,181.0,0.0,0.0,0.0,1.0,0.0,0.0,0.0,0.0,0,HOLD,rds_snapshot_history,0,,,1.0,HOLD,HOLD,0.55,0.55,no urgent pricing intervention is needed,low_stock|overpriced|low_label_confidence,business_only_retail_pricing_v1,deterministic_business_heuristic,2026-06-04T19:20:03.676893+00:00,0,0.4831,0.7585,0.2723,0.1326
SP-5D4B96E09C|2026-05-26,SP-5D4B96E09C,,IN222373,Nike,footwear,Nike Air Jordan 1 Men Lifestyle Sneakers Black/White/Red,2026-05-26,136.6,4.55,0,9,1.0,53.47,0.0,999,30,160.62,0.3401,1,1,1,premium,0,0.0,tier1,74.73,1.15,0.0,0.0,1.2,3.0,0,0.8224,same_model_family,0.7661,movement_reconstructed,1,106.0,133.87878787878788,181.0,0.0,0.0,0.0,1.0,0.25,0.0503,-9.0,-1.0,0,CLEAR,rds_snapshot_history,0,,,1.0,HOLD,HOLD,0.55,0.55,inventory position is balanced; no urgent pricing intervention is needed,low_stock|overpriced|stale_inventory|low_label_confidence,business_only_retail_pricing_v1,deterministic_business_heuristic,2026-06-04T19:20:03.676893+00:00,1,0.4287,1.1641,0.2985,0.459
SP-5EC0254D0A|2026-05-19,SP-5EC0254D0A,,IN234703,New Balance,accessories,New Balance 47 Clean Up Women Lifestyle Cap Linen,2026-05-19,0.0,0.0,1,0,1.0,51.93,0.0,999,30,35.68,0.0191,0,0,1,at_market,0,1.0,tier1,17.15,1.15,0.0,0.0,1.2,3.0,0,0.8224,same_model_family,0.964,movement_reconstructed,1,35.0,35.0,35.0,0.0,0.0,0.0,1.0,1.0,0.0,0.0,0.0,0,HOLD,rds_snapshot_history,0,,,1.0,HOLD,HOLD,0.98,0.98,price is close to market; no urgent pricing intervention is needed,low_stock,business_only_retail_pricing_v1,deterministic_business_heuristic,2026-06-04T19:20:03.676893+00:00,0,0.7631,0.0014,0.2146,0.0
SP-5EC0254D0A|2026-05-26,SP-5EC0254D0A,,IN234703,New Balance,accessories,New Balance 47 Clean Up Women Lifestyle Cap Linen,2026-05-26,45.2,1.51,0,18,1.0,51.93,0.0,999,30,35.68,0.0191,0,0,1,at_market,0,0.0,tier1,17.15,1.15,0.0,0.0,1.2,3.0,0,0.8224,same_model_family,0.964,movement_reconstructed,1,35.0,35.0,35.0,0.0,0.0,0.0,1.0,1.0,0.0687,-12.0,-1.0,0,PROMOTE,rds_snapshot_history,0,,,1.0,PROMOTE,PROMOTE,0.55,0.55,strong seasonality (1.15); healthy stock position (45 DOS); margin supports promotion,low_label_confidence,business_only_retail_pricing_v1,deterministic_business_heuristic,2026-06-04T19:20:03.676893+00:00,0,0.9163,0.2214,0.407,0.2426
SP-5ECECDA788|2026-05-19,SP-5ECECDA788,,,Puma,football_boots,FUTURE 7 ULTIMATE MG,2026-05-19,0.0,0.0,1,0,1.0,48.46,0.0,999,30,67.91,0.0,0,0,0,at_market,0,1.0,tier2,35.0,1.15,0.0,0.0,1.2,3.0,0,0.8224,no_match,0.0,movement_reconstructed,0,0.0,0.0,0.0,0.0,0.0,0.0,0.0,0.0,0.0,0.0,0.0,0,HOLD,rds_snapshot_history,0,,,1.0,HOLD,HOLD,0.98,0.98,price is close to market; no urgent pricing intervention is needed,low_stock|weak_competitor_match,business_only_retail_pricing_v1,deterministic_business_heuristic,2026-06-04T19:20:03.676893+00:00,0,0.8431,0.0,0.1799,0.0
SP-5ECECDA788|2026-05-26,SP-5ECECDA788,,,Puma,football_boots,FUTURE 7 ULTIMATE MG,2026-05-26,92.7,3.09,0,8,1.0,48.46,0.0,999,30,67.91,0.0,0,0,0,at_market,0,0.0,tier2,35.0,1.15,0.0,0.0,1.2,3.0,0,0.8224,no_match,0.0,movement_reconstructed,0,0.0,0.0,0.0,0.0,0.0,0.0,0.0,0.0,0.0,-35.0,-1.0,7,HOLD,rds_snapshot_history,0,,,1.0,HOLD,HOLD,0.98,0.98,inventory position is balanced; price is close to market; no urgent pricing intervention is needed,low_stock|weak_competitor_match,business_only_retail_pricing_v1,deterministic_business_heuristic,2026-06-04T19:20:03.676893+00:00,0,0.8913,0.1957,0.3049,0.2426
SP-5EEE00AE58|2026-05-19,SP-5EEE00AE58,,IN218628,ON,sportswear,On Studio Women Training Bra Black,2026-05-19,0.0,0.0,1,0,1.0,63.3,0.0,999,30,94.01,0.4362,1,1,1,premium,0,1.0,tier1,34.5,1.15,0.0,0.0,1.2,3.0,0,0.8224,same_model_family,0.848,movement_reconstructed,1,53.0,93.77777777777776,145.0,0.0,0.0,0.0,1.0,1.0,0.0,0.0,0.0,0,HOLD,rds_snapshot_history,0,,,1.0,HOLD,HOLD,0.55,0.55,no urgent pricing intervention is needed,low_stock|overpriced|low_label_confidence,business_only_retail_pricing_v1,deterministic_business_heuristic,2026-06-04T19:20:03.676893+00:00,0,0.4831,0.7794,0.295,0.1326
SP-5EEE00AE58|2026-05-26,SP-5EEE00AE58,,IN218628,ON,sportswear,On Studio Women Training Bra Black,2026-05-26,89.9,3.0,0,12,1.0,63.3,0.0,999,30,94.01,0.5639,1,1,1,premium,0,0.0,tier1,34.5,1.15,0.0,0.0,1.2,3.0,0,0.8224,same_model_family,0.8429,movement_reconstructed,1,41.0,89.72222222222223,145.0,0.0,0.0,0.0,1.0,1.0,0.012,-9.0,-1.0,7,HOLD,rds_snapshot_history,0,,,1.0,MARKDOWN,MARKDOWN,0.98,0.98,priced above market by 56%; competitors are discounting; margin can support a markdown,low_stock|overpriced,business_only_retail_pricing_v1,deterministic_business_heuristic,2026-06-04T19:20:03.676893+00:00,1,0.6197,1.025,0.4655,0.4126
SP-5F9B088137|2026-05-19,SP-5F9B088137,,IN226903,New Balance,footwear,New Balance 327 Ps-Boys Lifestyle Shoes Black/White,2026-05-19,0.0,0.0,1,0,1.0,54.72,0.0,999,30,82.24,0.2826,1,1,1,premium,0,1.0,tier1,37.24,1.15,0.0,0.0,1.2,3.0,0,0.8224,same_model_family,0.8217,movement_reconstructed,1,59.0,89.5,139.0,0.0,0.0,0.0,1.0,1.0,0.0,0.0,0.0,0,HOLD,rds_snapshot_history,0,,,1.0,HOLD,HOLD,0.55,0.55,no urgent pricing intervention is needed,low_stock|overpriced|low_label_confidence,business_only_retail_pricing_v1,deterministic_business_heuristic,2026-06-04T19:20:03.676893+00:00,0,0.4831,0.7643,0.2786,0.1326
SP-5F9B088137|2026-05-26,SP-5F9B088137,,IN226903,New Balance,footwear,New Balance 327 Ps-Boys Lifestyle Shoes Black/White,2026-05-26,98.3,3.28,0,10,1.0,54.72,0.0,999,30,82.24,0.392,1,1,1,premium,0,0.0,tier1,37.24,1.15,0.0,0.0,1.2,3.0,0,0.8224,same_model_family,0.8248,movement_reconstructed,1,50.0,82.45,139.0,0.0,0.0,0.0,1.0,1.0,0.0,-12.0,-1.0,7,HOLD,rds_snapshot_history,0,,,1.0,HOLD,HOLD,0.55,0.55,inventory position is balanced; no urgent pricing intervention is needed,low_stock|overpriced|low_label_confidence,business_only_retail_pricing_v1,deterministic_business_heuristic,2026-06-04T19:20:03.676893+00:00,0,0.5526,1.1042,0.4026,0.4126
SP-5FCBB664AF|2026-05-19,SP-5FCBB664AF,,IN224595,Crocs,footwear,Crocs Bae Women Lifestyle Clog Milk Chocolate,2026-05-19,0.0,0.0,1,0,1.0,47.71,0.0,999,30,83.53,0.2937,1,0,1,premium,0,1.0,tier2,43.68,1.15,0.0,0.0,1.2,3.0,0,0.8224,same_model_family,0.9178,movement_reconstructed,1,59.0,59.0,59.0,0.0,0.0,0.0,1.0,1.0,0.0,0.0,0.0,0,HOLD,rds_snapshot_history,0,,,1.0,HOLD,HOLD,0.55,0.55,no urgent pricing intervention is needed,low_stock|overpriced|low_label_confidence,business_only_retail_pricing_v1,deterministic_business_heuristic,2026-06-04T19:20:03.676893+00:00,0,0.4831,0.7319,0.1935,0.1326
SP-5FCBB664AF|2026-05-26,SP-5FCBB664AF,,IN224595,Crocs,footwear,Crocs Bae Women Lifestyle Clog Milk Chocolate,2026-05-26,99.8,3.33,0,9,1.0,47.71,0.0,999,30,83.53,0.2937,1,0,1,premium,0,0.0,tier2,43.68,1.15,0.0,0.0,1.2,3.0,0,0.8224,same_model_family,0.9178,movement_reconstructed,1,59.0,59.0,59.0,0.0,0.0,0.0,1.0,1.0,0.0,-14.0,-1.0,7,HOLD,rds_snapshot_history,0,,,1.0,HOLD,HOLD,0.55,0.55,inventory position is balanced; no urgent pricing intervention is needed,low_stock|overpriced|low_label_confidence,business_only_retail_pricing_v1,deterministic_business_heuristic,2026-06-04T19:20:03.676893+00:00,0,0.5279,1.0744,0.3035,0.4126
SP-6094574FE4|2026-05-19,SP-6094574FE4,,IN233212,ON,other,On Club Collective 1/4 Zip Men Lifestyle Long Sleeve Ore,2026-05-19,0.0,0.0,1,0,1.0,51.89,0.0,999,30,152.03,-0.0458,0,0,1,at_market,0,1.0,tier1,73.14,1.15,0.0,0.0,1.2,3.0,0,0.8224,same_model_family,0.8356,movement_reconstructed,1,159.0,159.0,159.0,0.0,0.0,0.0,0.0,0.0,0.0,0.0,0.0,0,HOLD,rds_snapshot_history,0,,,1.0,HOLD,HOLD,0.98,0.98,price is close to market; no urgent pricing intervention is needed,low_stock,business_only_retail_pricing_v1,deterministic_business_heuristic,2026-06-04T19:20:03.676893+00:00,0,0.7631,0.0012,0.2208,0.0
SP-6094574FE4|2026-05-26,SP-6094574FE4,,IN233212,ON,other,On Club Collective 1/4 Zip Men Lifestyle Long Sleeve Ore,2026-05-26,136.6,4.55,0,9,1.0,51.89,0.0,999,30,152.03,-0.0458,0,0,1,at_market,0,0.0,tier1,73.14,1.15,0.0,0.0,1.2,3.0,0,0.8224,same_model_family,0.8356,movement_reconstructed,1,159.0,159.0,159.0,0.0,0.0,0.0,0.0,0.0,0.0,-12.0,-1.0,7,CLEAR,rds_snapshot_history,0,,,1.0,HOLD,HOLD,0.9458,0.9458,inventory position is balanced; price is close to market; no urgent pricing intervention is needed,low_stock|stale_inventory,business_only_retail_pricing_v1,deterministic_business_heuristic,2026-06-04T19:20:03.676893+00:00,1,0.7087,0.4268,0.247,0.289
SP-6186950F73|2026-05-19,SP-6186950F73,,IN220714,Nike,apparel,Nike Club Men Lifestyle Pant Black/White,2026-05-19,0.0,0.0,1,0,1.0,57.32,0.0,999,30,98.0,-0.0102,1,1,1,at_market,0,1.0,tier1,41.83,1.15,0.0,0.0,1.2,3.0,0,0.8224,same_model_family,0.8171,movement_reconstructed,1,99.0,106.8,112.0,0.0,0.0,0.0,1.0,1.0,0.0,0.0,0.0,0,HOLD,rds_snapshot_history,0,,,1.0,HOLD,HOLD,0.98,0.98,price is close to market; no urgent pricing intervention is needed,low_stock,business_only_retail_pricing_v1,deterministic_business_heuristic,2026-06-04T19:20:03.676893+00:00,0,0.6431,0.3263,0.2916,0.0326
SP-6186950F73|2026-05-26,SP-6186950F73,,IN220714,Nike,apparel,Nike Club Men Lifestyle Pant Black/White,2026-05-26,81.5,2.72,0,14,1.0,57.32,0.0,999,30,98.0,-0.0102,1,1,1,at_market,0,0.0,tier1,41.83,1.15,0.0,0.0,1.2,3.0,0,0.8224,same_model_family,0.8171,movement_reconstructed,1,99.0,106.8,112.0,0.0,0.0,0.0,1.0,1.0,0.0,-14.0,-1.0,7,HOLD,rds_snapshot_history,0,,,1.0,HOLD,HOLD,0.8871,0.8871,inventory position is balanced; price is close to market; no urgent pricing intervention is needed,low_stock,business_only_retail_pricing_v1,deterministic_business_heuristic,2026-06-04T19:20:03.676893+00:00,0,0.8071,0.5574,0.4905,0.3126
SP-61AECD5A95|2026-05-19,SP-61AECD5A95,,043731,Birkenstock,footwear,Birkenstock Gizeh Toe Post W,2026-05-19,0.0,0.0,1,0,1.0,52.0,0.0,999,30,116.55,0.0,0,0,0,at_market,0,1.0,tier2,55.94,1.15,0.0,0.0,1.2,3.0,0,0.8224,no_match,0.0,movement_reconstructed,0,0.0,0.0,0.0,0.0,0.0,0.0,1.0,1.0,0.0,0.0,0.0,0,HOLD,rds_snapshot_history,0,,,1.0,HOLD,HOLD,0.98,0.98,price is close to market; no urgent pricing intervention is needed,low_stock|weak_competitor_match,business_only_retail_pricing_v1,deterministic_business_heuristic,2026-06-04T19:20:03.676893+00:00,0,0.8431,0.0,0.185,0.0
SP-61AECD5A95|2026-05-26,SP-61AECD5A95,,043731,Birkenstock,footwear,Birkenstock Gizeh Toe Post W,2026-05-26,136.6,4.55,0,35,1.0,52.0,0.0,999,30,116.55,0.0,0,0,0,at_market,0,0.0,tier2,55.94,1.15,0.0,0.0,1.2,3.0,0,0.8224,no_match,0.0,movement_reconstructed,0,0.0,0.0,0.0,0.0,0.0,0.0,1.0,1.0,0.0,-12.0,-1.0,7,CLEAR,rds_snapshot_history,0,,,1.0,HOLD,HOLD,0.98,0.98,inventory position is balanced; price is close to market; no urgent pricing intervention is needed,weak_competitor_match|stale_inventory,business_only_retail_pricing_v1,deterministic_business_heuristic,2026-06-04T19:20:03.676893+00:00,1,0.8481,0.3873,0.2382,0.289
SP-61E130E733|2026-05-19,SP-61E130E733,,IN234884,New Balance,sportswear,New Balance Essential Yoga Women Performance Bra Daybreak,2026-05-19,0.0,0.0,1,0,1.0,57.55,0.0,999,30,68.1,0.1336,0,0,1,above_market,0,1.0,tier1,28.91,1.15,0.0,0.0,1.2,3.0,0,0.8224,same_model_family,0.9626,movement_reconstructed,1,59.0,59.0,59.0,0.0,0.0,0.0,0.0,0.0,0.0,0.0,0.0,0,HOLD,rds_snapshot_history,0,,,1.0,HOLD,HOLD,0.98,0.98,no urgent pricing intervention is needed,low_stock|overpriced,business_only_retail_pricing_v1,deterministic_business_heuristic,2026-06-04T19:20:03.676893+00:00,0,0.6759,0.2909,0.2427,0.0171
SP-61E130E733|2026-05-26,SP-61E130E733,,IN234884,New Balance,sportswear,New Balance Essential Yoga Women Performance Bra Daybreak,2026-05-26,65.1,2.17,0,12,1.0,57.55,0.0,999,30,68.1,0.1336,0,0,1,above_market,0,0.0,tier1,28.91,1.15,0.0,0.0,1.2,3.0,0,0.8224,same_model_family,0.9626,movement_reconstructed,1,59.0,59.0,59.0,0.0,0.0,0.0,0.0,0.0,0.0,-7.0,-1.0,7,HOLD,rds_snapshot_history,0,,,1.0,HOLD,HOLD,0.98,0.98,inventory position is balanced; no urgent pricing intervention is needed,low_stock|overpriced,business_only_retail_pricing_v1,deterministic_business_heuristic,2026-06-04T19:20:03.676893+00:00,0,0.8936,0.5109,0.4925,0.2971
SP-625A952A40|2026-05-19,SP-625A952A40,,IU2415,Adidas,apparel,"3-Stripes Bra Long-Sleeve Top, Multicolour",2026-05-19,0.0,0.0,1,0,1.0,52.09,0.0,999,30,22.04,0.0018,1,0,1,at_market,0,1.0,tier1,10.56,1.15,0.0,0.0,1.2,3.0,0,0.8224,exact_style,1.0,movement_reconstructed,1,22.0,22.0,22.0,0.0,0.0,0.0,0.0,0.0,0.0,0.0,0.0,0,HOLD,rds_snapshot_history,0,,,1.0,HOLD,HOLD,0.98,0.98,price is close to market; no urgent pricing intervention is needed,low_stock,business_only_retail_pricing_v1,deterministic_business_heuristic,2026-06-04T19:20:03.676893+00:00,0,0.6431,0.3021,0.2154,0.0326
SP-625A952A40|2026-05-26,SP-625A952A40,,IU2415,Adidas,apparel,"3-Stripes Bra Long-Sleeve Top, Multicolour",2026-05-26,43.5,1.45,0,14,1.0,52.09,0.0,999,30,22.04,-0.2704,2,1,2,deep_value,0,0.0,tier1,10.56,1.15,0.0,0.0,1.2,3.0,0,0.8224,exact_style,1.0,movement_reconstructed,1,28.0,14.0001,22.0,0.0,0.0,0.0,0.0,0.0,0.0,-10.0,-1.0,7,HOLD,rds_snapshot_history,0,,,1.0,HOLD,HOLD,0.98,0.98,inventory position is balanced; no urgent pricing intervention is needed,low_stock,business_only_retail_pricing_v1,deterministic_business_heuristic,2026-06-04T19:20:03.676893+00:00,0,0.8508,0.5221,0.5179,0.3126
SP-6294EFF394|2026-05-19,SP-6294EFF394,,IN217042,Nike,other,Nike Element Men Running Long Sleeve Armor Navy/Grey,2026-05-19,0.0,0.0,1,0,1.0,60.55,0.0,999,30,90.54,0.0,0,0,0,at_market,0,1.0,tier1,35.72,1.15,0.0,0.0,1.2,3.0,0,0.8224,no_match,0.0,movement_reconstructed,0,0.0,0.0,0.0,0.0,0.0,0.0,0.0,0.0,0.0,0.0,0.0,0,HOLD,rds_snapshot_history,0,,,1.0,HOLD,HOLD,0.98,0.98,price is close to market; no urgent pricing intervention is needed,low_stock|weak_competitor_match,business_only_retail_pricing_v1,deterministic_business_heuristic,2026-06-04T19:20:03.676893+00:00,0,0.8431,0.0,0.215,0.0
SP-6294EFF394|2026-05-26,SP-6294EFF394,,IN217042,Nike,other,Nike Element Men Running Long Sleeve Armor Navy/Grey,2026-05-26,108.2,3.61,0,9,1.0,60.55,0.0,999,30,90.54,0.1606,1,1,1,premium,0,0.0,tier1,35.72,1.15,0.0,0.0,1.2,3.0,0,0.8224,same_model_family,0.955,movement_reconstructed,1,76.0,76.0,76.0,0.0,0.0,0.0,0.0,0.0,0.0,-28.0,-1.0,7,HOLD,rds_snapshot_history,0,,,1.0,HOLD,HOLD,0.55,0.55,inventory position is balanced; no urgent pricing intervention is needed,low_stock|overpriced|low_label_confidence,business_only_retail_pricing_v1,deterministic_business_heuristic,2026-06-04T19:20:03.676893+00:00,0,0.5504,1.0426,0.3765,0.3813
SP-63A3151A45|2026-05-19,SP-63A3151A45,,IN233446,ON,apparel,On 30 Inch Studio Flared Women Training Tight Black,2026-05-19,0.0,0.0,1,0,1.0,60.77,0.0,999,30,170.04,0.1473,0,1,1,above_market,0,1.0,tier1,66.7,1.15,0.0,0.0,1.2,3.0,0,0.8224,same_model_family,0.8427,movement_reconstructed,1,145.0,145.0,145.0,0.0,0.0,0.0,0.0,0.0,0.0,0.0,0.0,0,HOLD,rds_snapshot_history,0,,,1.0,HOLD,HOLD,0.98,0.98,no urgent pricing intervention is needed,low_stock|overpriced,business_only_retail_pricing_v1,deterministic_business_heuristic,2026-06-04T19:20:03.676893+00:00,0,0.6644,0.3146,0.295,0.0243
SP-63A3151A45|2026-05-26,SP-63A3151A45,,IN233446,ON,apparel,On 30 Inch Studio Flared Women Training Tight Black,2026-05-26,95.0,3.17,0,14,1.0,60.77,0.0,999,30,170.04,0.1473,0,1,1,above_market,0,0.0,tier1,66.7,1.15,0.0,0.0,1.2,3.0,0,0.8224,same_model_family,0.8427,movement_reconstructed,1,145.0,145.0,145.0,0.0,0.0,0.0,0.0,0.0,0.0,-35.0,-1.0,7,HOLD,rds_snapshot_history,0,,,1.0,MARKDOWN,MARKDOWN,0.55,0.55,priced above market by 15%; stock cover is elevated (95 DOS); margin can support a markdown,low_stock|overpriced|low_label_confidence,business_only_retail_pricing_v1,deterministic_business_heuristic,2026-06-04T19:20:03.676893+00:00,1,0.7842,0.6489,0.4482,0.3043
SP-63D1F944FA|2026-05-19,SP-63D1F944FA,,IN236746,Crocs,footwear,Crocs Bae Pinnacle Embellished Women Lifestyle Clog Frappe,2026-05-19,0.0,0.0,1,0,1.0,54.62,0.0,999,30,192.49,0.1272,0,1,1,above_market,0,1.0,tier2,87.36,1.15,0.0,0.0,1.2,3.0,0,0.8224,same_model_family,0.9644,movement_reconstructed,1,168.0,168.0,168.0,0.0,0.0,0.0,0.0,0.0,0.0,0.0,0.0,0,HOLD,rds_snapshot_history,0,,,1.0,HOLD,HOLD,0.98,0.98,no urgent pricing intervention is needed,low_stock|overpriced,business_only_retail_pricing_v1,deterministic_business_heuristic,2026-06-04T19:20:03.676893+00:00,0,0.6813,0.2673,0.2781,0.0137
SP-63D1F944FA|2026-05-26,SP-63D1F944FA,,IN236746,Crocs,footwear,Crocs Bae Pinnacle Embellished Women Lifestyle Clog Frappe,2026-05-26,136.6,4.55,0,9,1.0,54.62,0.0,999,30,192.49,0.1272,0,1,1,above_market,0,0.0,tier2,87.36,1.15,0.0,0.0,1.2,3.0,0,0.8224,same_model_family,0.9644,movement_reconstructed,1,168.0,168.0,168.0,0.0,0.0,0.0,0.5,0.5,0.0798,-9.0,-1.0,0,CLEAR,rds_snapshot_history,0,,,1.0,HOLD,HOLD,0.6136,0.6136,inventory position is balanced; no urgent pricing intervention is needed,low_stock|overpriced|stale_inventory|low_label_confidence,business_only_retail_pricing_v1,deterministic_business_heuristic,2026-06-04T19:20:03.676893+00:00,1,0.6269,0.6729,0.3043,0.3402
SP-6477693F65|2026-05-19,SP-6477693F65,,IN234751,New Balance,apparel,New Balance Athletics French Terry Men Lifestyle Pant Black,2026-05-19,0.0,0.0,1,0,1.0,47.39,0.0,999,30,92.21,0.4035,1,1,1,premium,0,1.0,tier1,48.51,1.15,0.0,0.0,1.2,3.0,0,0.8224,same_model_family,0.8735,movement_reconstructed,1,55.0,74.33333333333333,99.0,0.0,0.0,0.0,0.0,0.0,0.0,0.0,0.0,0,HOLD,rds_snapshot_history,0,,,1.0,HOLD,HOLD,0.55,0.55,no urgent pricing intervention is needed,low_stock|overpriced|low_label_confidence,business_only_retail_pricing_v1,deterministic_business_heuristic,2026-06-04T19:20:03.676893+00:00,0,0.4831,0.7305,0.2419,0.1326
SP-6477693F65|2026-05-26,SP-6477693F65,,IN234751,New Balance,apparel,New Balance Athletics French Terry Men Lifestyle Pant Black,2026-05-26,76.6,2.55,0,14,1.0,47.39,0.0,999,30,92.21,0.4035,1,1,1,premium,0,0.0,tier1,48.51,1.15,0.0,0.0,1.2,3.0,0,0.8224,same_model_family,0.8653,movement_reconstructed,1,55.0,72.0909090909091,99.0,0.0,0.0,0.0,0.5,0.5,0.1136,-9.0,-1.0,0,HOLD,rds_snapshot_history,0,,,1.0,MARKDOWN,MARKDOWN,0.9415,0.9415,priced above market by 40%; competitors are discounting; margin can support a markdown,low_stock|overpriced,business_only_retail_pricing_v1,deterministic_business_heuristic,2026-06-04T19:20:03.676893+00:00,1,0.6632,0.9532,0.4574,0.4126
SP-648D792B8F|2026-05-19,SP-648D792B8F,,JF8484,Adidas,accessories,Adidas Lightweight Baseball Unisex Training Cap White,2026-05-19,0.0,0.0,1,0,1.0,56.86,0.0,999,30,28.93,0.1013,2,1,2,above_market,0,1.0,tier1,12.48,1.15,0.0,0.0,1.2,3.0,0,0.8224,exact_style,0.8492,movement_reconstructed,1,26.0,4.3336,26.0,0.0,0.0,0.0,1.0,1.0,0.0,0.0,0.0,0,HOLD,rds_snapshot_history,0,,,1.0,HOLD,HOLD,0.8245,0.8245,no urgent pricing intervention is needed,low_stock,business_only_retail_pricing_v1,deterministic_business_heuristic,2026-06-04T19:20:03.676893+00:00,0,0.5831,0.5167,0.2643,0.0701
SP-648D792B8F|2026-05-26,SP-648D792B8F,,JF8484,Adidas,accessories,Adidas Lightweight Baseball Unisex Training Cap White,2026-05-26,38.5,1.28,0,18,1.0,56.86,0.0,999,30,28.93,0.5161,2,1,2,premium,0,0.0,tier1,12.48,1.15,0.0,0.0,1.2,3.0,0,0.8224,exact_style,0.8535,movement_reconstructed,1,14.0,4.2994,26.0,0.0,0.0,0.0,1.0,1.0,0.0,-14.0,-1.0,7,PROMOTE,rds_snapshot_history,0,,,1.0,MARKDOWN,MARKDOWN,0.98,0.98,priced above market by 52%; competitors are discounting; margin can support a markdown,overpriced,business_only_retail_pricing_v1,deterministic_business_heuristic,2026-06-04T19:20:03.676893+00:00,1,0.6144,0.9942,0.4372,0.4126
SP-64DAAC38A4|2026-05-19,SP-64DAAC38A4,,IN227416,ON,footwear,On Cloudboom Max 1 Women Running Shoes Honeydrew/Lilac,2026-05-19,0.0,0.0,1,0,1.0,62.53,0.0,999,30,273.77,0.2877,1,1,1,premium,0,1.0,tier1,102.58,1.15,0.0,0.0,1.2,3.0,0,0.8224,same_model_family,0.7633,movement_reconstructed,1,195.0,225.22222222222223,279.0,0.0,0.0,0.0,1.0,0.0,0.0,0.0,0.0,0,HOLD,rds_snapshot_history,0,,,1.0,HOLD,HOLD,0.55,0.55,no urgent pricing intervention is needed,low_stock|overpriced|low_label_confidence,business_only_retail_pricing_v1,deterministic_business_heuristic,2026-06-04T19:20:03.676893+00:00,0,0.4831,0.7794,0.295,0.1326
SP-64DAAC38A4|2026-05-26,SP-64DAAC38A4,,IN227416,ON,footwear,On Cloudboom Max 1 Women Running Shoes Honeydrew/Lilac,2026-05-26,136.6,4.55,0,9,1.0,62.53,0.0,999,30,273.77,0.2877,1,1,1,premium,0,0.0,tier1,102.58,1.15,0.0,0.0,1.2,3.0,0,0.8224,same_model_family,0.7633,movement_reconstructed,1,195.0,225.22222222222223,279.0,0.0,0.0,0.0,1.0,0.0,0.0,-9.0,-1.0,7,CLEAR,rds_snapshot_history,0,,,1.0,HOLD,HOLD,0.55,0.55,inventory position is balanced; no urgent pricing intervention is needed,low_stock|overpriced|stale_inventory|low_label_confidence,business_only_retail_pricing_v1,deterministic_business_heuristic,2026-06-04T19:20:03.676893+00:00,1,0.4287,1.185,0.3212,0.459
SP-672C269E79|2026-05-19,SP-672C269E79,,IN227178,Nike,footwear,Nike Air Force 1 07 Next Nature Women Lifestyle Shoes White/Silver,2026-05-19,0.0,0.0,1,0,1.0,46.87,0.0,999,30,137.11,0.0154,1,1,1,at_market,0,1.0,tier1,72.85,1.15,0.0,0.0,1.2,3.0,0,0.8224,same_model_family,0.8898,movement_reconstructed,1,135.0,135.8,136.0,0.0,0.0,0.0,1.0,1.0,0.0,0.0,0.0,0,HOLD,rds_snapshot_history,0,,,1.0,HOLD,HOLD,0.98,0.98,price is close to market; no urgent pricing intervention is needed,low_stock,business_only_retail_pricing_v1,deterministic_business_heuristic,2026-06-04T19:20:03.676893+00:00,0,0.6431,0.2781,0.2393,0.0326
SP-672C269E79|2026-05-26,SP-672C269E79,,IN227178,Nike,footwear,Nike Air Force 1 07 Next Nature Women Lifestyle Shoes White/Silver,2026-05-26,136.6,4.55,0,10,1.0,46.87,0.0,999,30,137.11,0.2925,1,1,1,premium,0,0.0,tier1,72.85,1.15,0.0,0.0,1.2,3.0,0,0.8224,same_model_family,0.8394,movement_reconstructed,1,97.0,134.3720930232558,159.0,0.0,0.0,0.0,1.0,1.0,0.0,-14.0,-1.0,7,CLEAR,rds_snapshot_history,0,,,1.0,HOLD,HOLD,0.55,0.55,inventory position is balanced; no urgent pricing intervention is needed,low_stock|overpriced|stale_inventory|low_label_confidence,business_only_retail_pricing_v1,deterministic_business_heuristic,2026-06-04T19:20:03.676893+00:00,1,0.4485,1.1337,0.2745,0.459
SP-678BBA12C3|2026-05-19,SP-678BBA12C3,,IN227224,Nike,apparel,Nike Club French Terry Men Lifestyle Hoody Blue/White,2026-05-19,0.0,0.0,1,0,1.0,49.95,0.0,999,30,64.8,-0.0648,1,0,1,below_market,0,1.0,tier1,32.43,1.15,0.0,0.0,1.2,3.0,0,0.8224,same_model_family,0.98,movement_reconstructed,1,69.0,69.0,69.0,0.0,0.0,0.0,1.0,1.0,0.0,0.0,0.0,0,HOLD,rds_snapshot_history,0,,,1.0,HOLD,HOLD,0.98,0.98,no urgent pricing intervention is needed,low_stock,business_only_retail_pricing_v1,deterministic_business_heuristic,2026-06-04T19:20:03.676893+00:00,0,0.6731,0.2923,0.2587,0.0326
SP-678BBA12C3|2026-05-26,SP-678BBA12C3,,IN227224,Nike,apparel,Nike Club French Terry Men Lifestyle Hoody Blue/White,2026-05-26,53.9,1.8,0,14,1.0,49.95,0.0,999,30,64.8,0.2284,1,1,1,premium,0,0.0,tier1,32.43,1.15,0.0,0.0,1.2,3.0,0,0.8224,same_model_family,0.7948,movement_reconstructed,1,50.0,57.46153846153846,69.0,0.0,0.0,0.0,1.0,1.0,0.0192,-18.0,-1.0,0,HOLD,rds_snapshot_history,0,,,1.0,MARKDOWN,MARKDOWN,0.9516,0.9516,priced above market by 23%; competitors are discounting; margin can support a markdown,low_stock|overpriced,business_only_retail_pricing_v1,deterministic_business_heuristic,2026-06-04T19:20:03.676893+00:00,1,0.6648,0.9623,0.4725,0.4126
SP-6A627AE57E|2026-05-19,SP-6A627AE57E,,ID8764,Adidas,footwear,Adidas Galaxy 7 Women Running Shoes Black,2026-05-19,0.0,0.0,1,0,1.0,53.15,0.0,999,30,81.96,0.0361,0,0,2,at_market,0,1.0,tier1,38.4,1.15,0.0,0.0,1.2,3.0,0,0.8224,exact_style,0.8584,movement_reconstructed,1,79.0,50.0003,80.0,0.0,0.0,0.0,0.0,0.0,0.0,0.0,0.0,0,HOLD,rds_snapshot_history,0,,,1.0,HOLD,HOLD,0.98,0.98,price is close to market; no urgent pricing intervention is needed,low_stock,business_only_retail_pricing_v1,deterministic_business_heuristic,2026-06-04T19:20:03.676893+00:00,0,0.758,0.0167,0.2207,0.0
SP-6A627AE57E|2026-05-26,SP-6A627AE57E,,ID8764,Adidas,footwear,Adidas Galaxy 7 Women Running Shoes Black,2026-05-26,83.2,2.77,0,12,1.0,53.15,0.0,999,30,81.96,0.2435,1,1,2,premium,0,0.0,tier1,38.4,1.15,0.0,0.0,1.2,3.0,0,0.8224,exact_style,0.8422,movement_reconstructed,1,62.0,32.9417,80.0,0.0,0.0,0.0,0.0,0.0,0.0,-0.0,0.0,7,HOLD,rds_snapshot_history,0,,,1.0,MARKDOWN,MARKDOWN,0.8058,0.8058,priced above market by 24%; competitors are discounting; margin can support a markdown,low_stock|overpriced,business_only_retail_pricing_v1,deterministic_business_heuristic,2026-06-04T19:20:03.676893+00:00,1,0.7016,0.8911,0.4389,0.3776
SP-6A8CBD0A6C|2026-05-19,SP-6A8CBD0A6C,,IN195234,Nike,sportswear,Nike One Girls Training Bra Black/White,2026-05-19,0.0,0.0,1,0,1.0,51.64,0.0,999,30,35.96,0.3048,1,1,1,premium,0,1.0,tier1,17.39,1.15,0.0,0.0,1.2,3.0,0,0.8224,same_model_family,0.7757,movement_reconstructed,1,25.0,39.92307692307692,55.0,0.0,0.0,0.0,1.0,1.0,0.0,0.0,0.0,0,HOLD,rds_snapshot_history,0,,,1.0,HOLD,HOLD,0.55,0.55,no urgent pricing intervention is needed,low_stock|overpriced|low_label_confidence,business_only_retail_pricing_v1,deterministic_business_heuristic,2026-06-04T19:20:03.676893+00:00,0,0.4831,0.7501,0.2632,0.1326
SP-6A8CBD0A6C|2026-05-26,SP-6A8CBD0A6C,,IN195234,Nike,sportswear,Nike One Girls Training Bra Black/White,2026-05-26,58.8,1.96,0,12,1.0,51.64,0.0,999,30,35.96,0.3048,1,1,1,premium,0,0.0,tier1,17.39,1.15,0.0,0.0,1.2,3.0,0,0.8224,same_model_family,0.7773,movement_reconstructed,1,25.0,40.05882352941177,55.0,0.0,0.0,0.0,1.0,1.0,0.2015,-14.0,-1.0,0,HOLD,rds_snapshot_history,0,,,1.0,MARKDOWN,MARKDOWN,0.9404,0.9404,priced above market by 30%; competitors are discounting; margin can support a markdown,low_stock|overpriced,business_only_retail_pricing_v1,deterministic_business_heuristic,2026-06-04T19:20:03.676893+00:00,1,0.6809,0.9701,0.4952,0.4126
SP-6B6DD9AB71|2026-05-19,SP-6B6DD9AB71,,IN233451,ON,sportswear,On Performance Women Running Bra White,2026-05-19,0.0,0.0,1,0,1.0,58.18,0.0,999,30,97.9,-0.0112,1,1,1,at_market,0,1.0,tier1,40.94,1.15,0.0,0.0,1.2,3.0,0,0.8224,same_model_family,0.843,movement_reconstructed,1,99.0,129.0,145.0,0.0,0.0,0.0,0.0,0.0,0.0,0.0,0.0,0,HOLD,rds_snapshot_history,0,,,1.0,HOLD,HOLD,0.98,0.98,price is close to market; no urgent pricing intervention is needed,low_stock,business_only_retail_pricing_v1,deterministic_business_heuristic,2026-06-04T19:20:03.676893+00:00,0,0.6431,0.3294,0.295,0.0326
SP-6B6DD9AB71|2026-05-26,SP-6B6DD9AB71,,IN233451,ON,sportswear,On Performance Women Running Bra White,2026-05-26,93.6,3.12,0,12,1.0,58.18,0.0,999,30,97.9,-0.0112,1,1,1,at_market,0,0.0,tier1,40.94,1.15,0.0,0.0,1.2,3.0,0,0.8224,same_model_family,0.8604,movement_reconstructed,1,99.0,119.8,145.0,0.0,0.0,0.0,0.0,0.0,0.0,-18.0,-1.0,7,HOLD,rds_snapshot_history,0,,,1.0,HOLD,HOLD,0.8014,0.8014,inventory position is balanced; price is close to market; no urgent pricing intervention is needed,low_stock,business_only_retail_pricing_v1,deterministic_business_heuristic,2026-06-04T19:20:03.676893+00:00,0,0.7675,0.5813,0.4529,0.3126
SP-6BB19DF665|2026-05-19,SP-6BB19DF665,,IN227227,Nike,apparel,Nike Club Men Lifestyle Long Sleeve Black/White,2026-05-19,0.0,0.0,1,0,1.0,55.64,0.0,999,30,66.75,0.0,0,0,0,at_market,0,1.0,tier1,29.61,1.15,0.0,0.0,1.2,3.0,0,0.8224,no_match,0.0,movement_reconstructed,0,0.0,0.0,0.0,0.0,0.0,0.0,0.0,0.0,0.0,0.0,0.0,0,HOLD,rds_snapshot_history,0,,,1.0,HOLD,HOLD,0.98,0.98,price is close to market; no urgent pricing intervention is needed,low_stock|weak_competitor_match,business_only_retail_pricing_v1,deterministic_business_heuristic,2026-06-04T19:20:03.676893+00:00,0,0.8431,0.0,0.2032,0.0
SP-6BB19DF665|2026-05-26,SP-6BB19DF665,,IN227227,Nike,apparel,Nike Club Men Lifestyle Long Sleeve Black/White,2026-05-26,55.5,1.85,0,14,1.0,55.64,0.0,999,30,66.75,0.0,0,0,0,at_market,0,0.0,tier1,29.61,1.15,0.0,0.0,1.2,3.0,0,0.8224,no_match,0.0,movement_reconstructed,0,0.0,0.0,0.0,0.0,0.0,0.0,0.5,0.0,0.2274,-10.0,-1.0,0,HOLD,rds_snapshot_history,0,,,1.0,HOLD,HOLD,0.98,0.98,inventory position is balanced; price is close to market; no urgent pricing intervention is needed,low_stock|weak_competitor_match,business_only_retail_pricing_v1,deterministic_business_heuristic,2026-06-04T19:20:03.676893+00:00,0,1.0301,0.1985,0.4256,0.2426
SP-6C4030E8BF|2026-05-19,SP-6C4030E8BF,,ID3499,Adidas,footwear,"4Dfwd 3 Running Shoes, Beige",2026-05-19,0.0,0.0,1,0,1.0,54.25,0.0,999,30,217.2,0.047,1,0,1,at_market,0,1.0,tier1,99.36,1.15,0.0,0.0,1.2,3.0,0,0.8224,exact_style,1.0,movement_reconstructed,1,207.0,207.0,207.0,0.0,0.0,0.0,1.0,1.0,0.0,0.0,0.0,0,HOLD,rds_snapshot_history,0,,,1.0,HOLD,HOLD,0.98,0.98,price is close to market; no urgent pricing intervention is needed,low_stock,business_only_retail_pricing_v1,deterministic_business_heuristic,2026-06-04T19:20:03.676893+00:00,0,0.6288,0.339,0.2262,0.0415
SP-6C4030E8BF|2026-05-26,SP-6C4030E8BF,,ID3499,Adidas,footwear,"4Dfwd 3 Running Shoes, Beige",2026-05-26,136.6,4.55,0,10,1.0,54.25,0.0,999,30,217.2,0.047,1,0,1,at_market,0,0.0,tier1,99.36,1.15,0.0,0.0,1.2,3.0,0,0.8224,exact_style,1.0,movement_reconstructed,1,207.0,207.0,207.0,0.0,0.0,0.0,1.0,1.0,0.0,-10.0,-1.0,7,CLEAR,rds_snapshot_history,0,,,1.0,HOLD,HOLD,0.6248,0.6248,inventory position is balanced; price is close to market; no urgent pricing intervention is needed,low_stock|stale_inventory|low_label_confidence,business_only_retail_pricing_v1,deterministic_business_heuristic,2026-06-04T19:20:03.676893+00:00,1,0.5942,0.6646,0.2614,0.368
SP-6D5425D438|2026-05-19,SP-6D5425D438,,41001,Hey Dude,footwear,Hey Dude Wendy Slip-On W,2026-05-19,0.0,0.0,1,0,1.0,44.99,0.0,999,30,77.7,0.0,0,0,0,at_market,0,1.0,tier2,42.74,1.15,0.0,0.0,1.2,3.0,0,0.8224,no_match,0.0,movement_reconstructed,0,0.0,0.0,0.0,0.0,0.0,0.0,1.0,1.0,0.0,0.0,0.0,0,HOLD,rds_snapshot_history,0,,,1.0,HOLD,HOLD,0.98,0.98,price is close to market; no urgent pricing intervention is needed,low_stock|weak_competitor_match,business_only_retail_pricing_v1,deterministic_business_heuristic,2026-06-04T19:20:03.676893+00:00,0,0.8431,0.0,0.1499,0.0
SP-6D5425D438|2026-05-26,SP-6D5425D438,,41001,Hey Dude,footwear,Hey Dude Wendy Slip-On W,2026-05-26,92.8,3.09,0,42,1.0,44.99,0.0,999,30,77.7,0.0,0,0,0,at_market,0,0.0,tier2,42.74,1.15,0.0,0.0,1.2,3.0,0,0.8224,no_match,0.0,movement_reconstructed,0,0.0,0.0,0.0,0.0,0.0,0.0,1.0,1.0,0.1248,-12.0,-1.0,0,HOLD,rds_snapshot_history,0,,,1.0,HOLD,HOLD,0.98,0.98,inventory position is balanced; price is close to market; no urgent pricing intervention is needed,weak_competitor_match,business_only_retail_pricing_v1,deterministic_business_heuristic,2026-06-04T19:20:03.676893+00:00,0,0.9702,0.1799,0.3106,0.2426
SP-6F021B8DA6|2026-05-19,SP-6F021B8DA6,,IN237333,Nike,apparel,Nike Challenger Winterized 12.5Cm Men Running Short Pure Platinum,2026-05-19,0.0,0.0,1,0,1.0,53.59,0.0,999,30,81.01,0.0125,0,0,1,at_market,0,1.0,tier1,37.6,1.15,0.0,0.0,1.2,3.0,0,0.8224,same_model_family,0.98,movement_reconstructed,1,80.0,80.0,80.0,0.0,0.0,0.0,1.0,1.0,0.0,0.0,0.0,0,HOLD,rds_snapshot_history,0,,,1.0,HOLD,HOLD,0.98,0.98,price is close to market; no urgent pricing intervention is needed,low_stock,business_only_retail_pricing_v1,deterministic_business_heuristic,2026-06-04T19:20:03.676893+00:00,0,0.7631,0.0091,0.2229,0.0
SP-6F021B8DA6|2026-05-26,SP-6F021B8DA6,,IN237333,Nike,apparel,Nike Challenger Winterized 12.5Cm Men Running Short Pure Platinum,2026-05-26,67.3,2.24,0,14,1.0,53.59,0.0,999,30,81.01,0.0125,0,0,1,at_market,0,0.0,tier1,37.6,1.15,0.0,0.0,1.2,3.0,0,0.8224,same_model_family,0.98,movement_reconstructed,1,80.0,80.0,80.0,0.0,0.0,0.0,1.0,1.0,0.0,-9.0,-1.0,7,HOLD,rds_snapshot_history,0,,,1.0,HOLD,HOLD,0.98,0.98,inventory position is balanced; price is close to market; no urgent pricing intervention is needed,low_stock,business_only_retail_pricing_v1,deterministic_business_heuristic,2026-06-04T19:20:03.676893+00:00,0,0.9736,0.2291,0.4663,0.2426
SP-6F212837EF|2026-05-19,SP-6F212837EF,,IN231583,Crocs,footwear,Crocs Bae Lined Women Lifestyle Clog Black,2026-05-19,0.0,0.0,1,0,1.0,50.27,0.0,999,30,70.06,0.3149,1,1,1,premium,0,1.0,tier2,34.84,1.15,0.0,0.0,1.2,3.0,0,0.8224,same_model_family,0.7835,movement_reconstructed,1,48.0,61.588235294117645,72.0,0.0,0.0,0.0,1.0,0.0,0.0,0.0,0.0,0,HOLD,rds_snapshot_history,0,,,1.0,HOLD,HOLD,0.55,0.55,no urgent pricing intervention is needed,low_stock|overpriced|low_label_confidence,business_only_retail_pricing_v1,deterministic_business_heuristic,2026-06-04T19:20:03.676893+00:00,0,0.4831,0.7437,0.2563,0.1326
SP-6F212837EF|2026-05-26,SP-6F212837EF,,IN231583,Crocs,footwear,Crocs Bae Lined Women Lifestyle Clog Black,2026-05-26,83.7,2.79,0,9,1.0,50.27,0.0,999,30,70.06,0.3149,1,1,1,premium,0,0.0,tier2,34.84,1.15,0.0,0.0,1.2,3.0,0,0.8224,same_model_family,0.7652,movement_reconstructed,1,48.0,60.46268656716418,72.0,0.0,0.0,0.0,1.0,0.0,0.0,-14.0,-1.0,7,HOLD,rds_snapshot_history,0,,,1.0,HOLD,HOLD,0.55,0.55,inventory position is balanced; no urgent pricing intervention is needed,low_stock|overpriced|low_label_confidence,business_only_retail_pricing_v1,deterministic_business_heuristic,2026-06-04T19:20:03.676893+00:00,0,0.5805,0.9787,0.4208,0.4126
SP-709D55A450|2026-05-19,SP-709D55A450,,JN8878,Adidas,apparel,Adidas Real Madrid 25/26 Home Kids-Unisex Football Short White,2026-05-19,0.0,0.0,1,0,1.0,47.99,0.0,999,30,56.3,-0.0835,0,1,2,below_market,0,1.0,tier1,29.28,1.15,0.0,0.0,1.2,3.0,0,0.8224,exact_style,0.9056,movement_reconstructed,1,61.0,10.1672,61.0,0.0,0.0,0.0,1.0,1.0,0.0,0.0,0.0,0,HOLD,rds_snapshot_history,0,,,1.0,HOLD,HOLD,0.98,0.98,no urgent pricing intervention is needed,low_stock,business_only_retail_pricing_v1,deterministic_business_heuristic,2026-06-04T19:20:03.676893+00:00,0,0.7931,0.0,0.2813,0.0
SP-709D55A450|2026-05-26,SP-709D55A450,,JN8878,Adidas,apparel,Adidas Real Madrid 25/26 Home Kids-Unisex Football Short White,2026-05-26,43.5,1.45,0,14,1.0,47.99,0.0,999,30,56.3,0.1474,1,1,2,above_market,0,0.0,tier1,29.28,1.15,0.0,0.0,1.2,3.0,0,0.8224,exact_style,0.898,movement_reconstructed,1,48.0,9.4894,61.0,0.0,0.0,0.0,1.0,1.0,0.0,-14.0,-1.0,7,HOLD,rds_snapshot_history,0,,,1.0,HOLD,HOLD,0.6625,0.6625,inventory position is balanced; no urgent pricing intervention is needed,low_stock|overpriced|low_label_confidence,business_only_retail_pricing_v1,deterministic_business_heuristic,2026-06-04T19:20:03.676893+00:00,0,0.7519,0.6686,0.4074,0.3394
SP-71A50D913C|2026-05-19,SP-71A50D913C,,IN176210,The North Face,other,The North Face Base Camp Travel Canister L Unisex Hiking Case Summit Gold/Black,2026-05-19,0.0,0.0,1,0,1.0,57.14,0.0,999,30,26.25,0.0,0,0,0,at_market,0,1.0,tier1,11.25,1.15,0.0,0.0,1.2,3.0,0,0.8224,no_match,0.0,movement_reconstructed,0,0.0,0.0,0.0,0.0,0.0,0.0,1.0,1.0,0.0,0.0,0.0,0,HOLD,rds_snapshot_history,0,,,1.0,HOLD,HOLD,0.98,0.98,price is close to market; no urgent pricing intervention is needed,low_stock|weak_competitor_match,business_only_retail_pricing_v1,deterministic_business_heuristic,2026-06-04T19:20:03.676893+00:00,0,0.8431,0.0,0.2107,0.0
SP-71A50D913C|2026-05-26,SP-71A50D913C,,IN176210,The North Face,other,The North Face Base Camp Travel Canister L Unisex Hiking Case Summit Gold/Black,2026-05-26,73.5,2.45,0,9,1.0,57.14,0.0,999,30,26.25,0.0,0,0,0,at_market,0,0.0,tier1,11.25,1.15,0.0,0.0,1.2,3.0,0,0.8224,no_match,0.0,movement_reconstructed,0,0.0,0.0,0.0,0.0,0.0,0.0,1.0,1.0,0.0,-14.0,-1.0,7,HOLD,rds_snapshot_history,0,,,1.0,HOLD,HOLD,0.98,0.98,inventory position is balanced; price is close to market; no urgent pricing intervention is needed,low_stock|weak_competitor_match,business_only_retail_pricing_v1,deterministic_business_heuristic,2026-06-04T19:20:03.676893+00:00,0,0.9739,0.2055,0.409,0.2426
SP-71B70A7334|2026-05-19,SP-71B70A7334,,IN232283,Nike,apparel,Nike Air Fleece Boys Lifestyle Pant Black/White,2026-05-19,0.0,0.0,1,0,1.0,56.86,0.0,999,30,78.44,0.4518,1,1,1,premium,0,1.0,tier1,33.84,1.15,0.0,0.0,1.2,3.0,0,0.8224,same_model_family,0.7858,movement_reconstructed,1,43.0,61.333333333333336,112.0,0.0,0.0,0.0,0.0,0.0,0.0,0.0,0.0,0,HOLD,rds_snapshot_history,0,,,1.0,HOLD,HOLD,0.55,0.55,no urgent pricing intervention is needed,low_stock|overpriced|low_label_confidence,business_only_retail_pricing_v1,deterministic_business_heuristic,2026-06-04T19:20:03.676893+00:00,0,0.4831,0.7742,0.2893,0.1326
SP-71B70A7334|2026-05-26,SP-71B70A7334,,IN232283,Nike,apparel,Nike Air Fleece Boys Lifestyle Pant Black/White,2026-05-26,65.2,2.17,0,14,1.0,56.86,0.0,999,30,78.44,0.4646,1,1,1,premium,0,0.0,tier1,33.84,1.15,0.0,0.0,1.2,3.0,0,0.8224,same_model_family,0.774,movement_reconstructed,1,42.0,56.43478260869565,112.0,0.0,0.0,0.0,0.0,0.0,0.0,-48.0,-1.0,7,HOLD,rds_snapshot_history,0,,,1.0,MARKDOWN,MARKDOWN,0.9465,0.9465,priced above market by 46%; competitors are discounting; margin can support a markdown,low_stock|overpriced,business_only_retail_pricing_v1,deterministic_business_heuristic,2026-06-04T19:20:03.676893+00:00,1,0.7005,0.9942,0.5387,0.4126
SP-7286ED76D8|2026-05-19,SP-7286ED76D8,,IN235315,Nike,footwear,Nike Air Jordan 1 Low Men Lifestyle Shoes Gym Red/White/Black,2026-05-19,0.0,0.0,1,0,1.0,51.12,0.0,999,30,216.35,0.0432,0,1,1,at_market,0,1.0,tier1,105.75,1.15,0.0,0.0,1.2,3.0,0,0.8224,same_model_family,0.822,movement_reconstructed,1,207.0,216.0,225.0,0.0,0.0,0.0,1.0,0.0,0.0,0.0,0.0,0,HOLD,rds_snapshot_history,0,,,1.0,HOLD,HOLD,0.98,0.98,price is close to market; no urgent pricing intervention is needed,low_stock,business_only_retail_pricing_v1,deterministic_business_heuristic,2026-06-04T19:20:03.676893+00:00,0,0.752,0.0185,0.2606,0.0
SP-7286ED76D8|2026-05-26,SP-7286ED76D8,,IN235315,Nike,footwear,Nike Air Jordan 1 Low Men Lifestyle Shoes Gym Red/White/Black,2026-05-26,136.6,4.55,0,9,1.0,51.12,0.0,999,30,216.35,0.0432,0,1,1,at_market,0,0.0,tier1,105.75,1.15,0.0,0.0,1.2,3.0,0,0.8224,same_model_family,0.822,movement_reconstructed,1,207.0,216.0,225.0,0.0,0.0,0.0,1.0,0.0,0.0,-12.0,-1.0,7,CLEAR,rds_snapshot_history,0,,,1.0,HOLD,HOLD,0.9225,0.9225,inventory position is balanced; price is close to market; no urgent pricing intervention is needed,low_stock|stale_inventory,business_only_retail_pricing_v1,deterministic_business_heuristic,2026-06-04T19:20:03.676893+00:00,1,0.6976,0.4441,0.2868,0.296
SP-73227ABBB9|2026-05-19,SP-73227ABBB9,,40001,Hey Dude,footwear,Hey Dude Wally Slip-On M,2026-05-19,0.0,0.0,1,0,1.0,44.99,0.0,999,30,77.7,0.0,0,0,0,at_market,0,1.0,tier2,42.74,1.15,0.0,0.0,1.2,3.0,0,0.8224,no_match,0.0,movement_reconstructed,0,0.0,0.0,0.0,0.0,0.0,0.0,0.0,0.0,0.0,0.0,0.0,0,HOLD,rds_snapshot_history,0,,,1.0,HOLD,HOLD,0.98,0.98,price is close to market; no urgent pricing intervention is needed,low_stock|weak_competitor_match,business_only_retail_pricing_v1,deterministic_business_heuristic,2026-06-04T19:20:03.676893+00:00,0,0.8431,0.0,0.1499,0.0
SP-73227ABBB9|2026-05-26,SP-73227ABBB9,,40001,Hey Dude,footwear,Hey Dude Wally Slip-On M,2026-05-26,92.8,3.09,0,48,1.0,44.99,0.0,999,30,77.7,0.0,0,0,0,at_market,0,0.0,tier2,42.74,1.15,0.0,0.0,1.2,3.0,0,0.8224,no_match,0.0,movement_reconstructed,0,0.0,0.0,0.0,0.0,0.0,0.0,0.5,0.5,0.1377,-14.0,-1.0,0,HOLD,rds_snapshot_history,0,,,1.0,HOLD,HOLD,0.98,0.98,inventory position is balanced; price is close to market; no urgent pricing intervention is needed,weak_competitor_match,business_only_retail_pricing_v1,deterministic_business_heuristic,2026-06-04T19:20:03.676893+00:00,0,0.9702,0.1799,0.3106,0.2426
SP-73E4C8CC61|2026-05-19,SP-73E4C8CC61,,ID3488,Adidas,footwear,"4Dfwd 3 Running Shoes, Black",2026-05-19,0.0,0.0,1,0,1.0,51.53,0.0,999,30,157.46,0.0,0,0,0,at_market,0,1.0,tier1,76.32,1.15,0.0,0.0,1.2,3.0,0,0.8224,no_match,0.0,movement_reconstructed,0,0.0,0.0,0.0,0.0,0.0,0.0,0.0,0.0,0.0,0.0,0.0,0,HOLD,rds_snapshot_history,0,,,1.0,HOLD,HOLD,0.98,0.98,price is close to market; no urgent pricing intervention is needed,low_stock|weak_competitor_match,business_only_retail_pricing_v1,deterministic_business_heuristic,2026-06-04T19:20:03.676893+00:00,0,0.8431,0.0,0.1826,0.0
SP-73E4C8CC61|2026-05-26,SP-73E4C8CC61,,ID3488,Adidas,footwear,"4Dfwd 3 Running Shoes, Black",2026-05-26,136.6,4.55,0,9,1.0,51.53,0.0,999,30,157.46,-0.0161,1,1,1,at_market,0,0.0,tier1,76.32,1.15,0.0,0.0,1.2,3.0,0,0.8224,similar_product,0.8018,movement_reconstructed,1,160.0,160.0,160.0,0.0,0.0,0.0,0.0,0.0,0.0,-0.0,0.0,7,CLEAR,rds_snapshot_history,0,,,1.0,HOLD,HOLD,0.678,0.678,inventory position is balanced; price is close to market; no urgent pricing intervention is needed,low_stock|weak_competitor_match|stale_inventory|low_label_confidence,business_only_retail_pricing_v1,deterministic_business_heuristic,2026-06-04T19:20:03.676893+00:00,1,0.5887,0.6252,0.2888,0.359
SP-7418F06482|2026-05-19,SP-7418F06482,,IN206612,All In,swimwear,ALN Accessories Aqua Dumbbell Swimming Gear Blue/Pink,2026-05-19,0.0,0.0,1,0,1.0,50.0,0.0,999,30,6.24,0.0,0,0,0,at_market,0,1.0,tier2,3.12,1.45,0.3,0.0,1.7,3.0,0,0.8224,no_match,0.0,movement_reconstructed,0,0.0,0.0,0.0,0.0,0.0,0.0,1.0,1.0,0.0,0.0,0.0,0,HOLD,rds_snapshot_history,0,,,1.0,HOLD,HOLD,0.98,0.98,price is close to market; no urgent pricing intervention is needed,low_stock|weak_competitor_match,business_only_retail_pricing_v1,deterministic_business_heuristic,2026-06-04T19:20:03.676893+00:00,0,0.8431,0.0,0.35,0.0
SP-7418F06482|2026-05-26,SP-7418F06482,,IN206612,All In,swimwear,ALN Accessories Aqua Dumbbell Swimming Gear Blue/Pink,2026-05-26,98.0,3.27,0,9,1.0,50.0,0.0,999,30,6.24,0.0,0,0,0,at_market,0,0.0,tier2,3.12,1.45,0.3,0.0,1.7,3.0,0,0.8224,no_match,0.0,movement_reconstructed,0,0.0,0.0,0.0,0.0,0.0,0.0,1.0,1.0,0.2892,-14.0,-1.0,0,HOLD,rds_snapshot_history,0,,,1.0,HOLD,HOLD,0.98,0.98,inventory position is balanced; price is close to market; no urgent pricing intervention is needed,low_stock|weak_competitor_match,business_only_retail_pricing_v1,deterministic_business_heuristic,2026-06-04T19:20:03.676893+00:00,0,0.8937,0.2119,0.466,0.2426
SP-74302C346B|2026-05-19,SP-74302C346B,,IN232337,Nike,footwear,Nike Air Force 1 '07 Women Lifestyle Shoes Burgundy Crush,2026-05-19,0.0,0.0,1,0,1.0,56.87,0.0,999,30,184.18,0.1964,1,1,1,premium,0,1.0,tier1,79.43,1.15,0.0,0.0,1.2,3.0,0,0.8224,same_model_family,0.945,movement_reconstructed,1,148.0,148.0,148.0,0.0,0.0,0.0,0.0,0.0,0.0,0.0,0.0,0,HOLD,rds_snapshot_history,0,,,1.0,HOLD,HOLD,0.55,0.55,no urgent pricing intervention is needed,low_stock|overpriced|low_label_confidence,business_only_retail_pricing_v1,deterministic_business_heuristic,2026-06-04T19:20:03.676893+00:00,0,0.503,0.7369,0.2893,0.1201
SP-74302C346B|2026-05-26,SP-74302C346B,,IN232337,Nike,footwear,Nike Air Force 1 '07 Women Lifestyle Shoes Burgundy Crush,2026-05-26,136.6,4.55,0,9,1.0,56.87,0.0,999,30,184.18,0.1964,1,1,1,premium,0,0.0,tier1,79.43,1.15,0.0,0.0,1.2,3.0,0,0.8224,same_model_family,0.945,movement_reconstructed,1,148.0,148.0,148.0,0.0,0.0,0.0,0.0,0.0,0.0,-40.0,-1.0,7,CLEAR,rds_snapshot_history,0,,,1.0,HOLD,HOLD,0.55,0.55,inventory position is balanced; no urgent pricing intervention is needed,low_stock|overpriced|stale_inventory|low_label_confidence,business_only_retail_pricing_v1,deterministic_business_heuristic,2026-06-04T19:20:03.676893+00:00,1,0.4486,1.1425,0.3155,0.4466
SP-745B1972AB|2026-05-19,SP-745B1972AB,,IG8995,Adidas,footwear,"4Dfwd 3 Running Shoes, Black",2026-05-19,0.0,0.0,1,0,1.0,61.06,0.0,999,30,255.18,0.1888,1,0,1,premium,0,1.0,tier1,99.36,1.15,0.0,0.0,1.2,3.0,0,0.8224,exact_style,1.0,movement_reconstructed,1,207.0,207.0,207.0,0.0,0.0,0.0,0.0,0.0,0.0,0.0,0.0,0,HOLD,rds_snapshot_history,0,,,1.0,HOLD,HOLD,0.55,0.55,no urgent pricing intervention is needed,low_stock|overpriced|low_label_confidence,business_only_retail_pricing_v1,deterministic_business_heuristic,2026-06-04T19:20:03.676893+00:00,0,0.5094,0.7302,0.245,0.1161
SP-745B1972AB|2026-05-26,SP-745B1972AB,,IG8995,Adidas,footwear,"4Dfwd 3 Running Shoes, Black",2026-05-26,136.6,4.55,0,11,1.0,61.06,0.0,999,30,255.18,0.1888,1,0,1,premium,0,0.0,tier1,99.36,1.15,0.0,0.0,1.2,3.0,0,0.8224,exact_style,1.0,movement_reconstructed,1,207.0,207.0,207.0,0.0,0.0,0.0,0.0,0.0,0.0,-14.0,-1.0,7,CLEAR,rds_snapshot_history,0,,,1.0,HOLD,HOLD,0.55,0.55,inventory position is balanced; no urgent pricing intervention is needed,low_stock|overpriced|stale_inventory|low_label_confidence,business_only_retail_pricing_v1,deterministic_business_heuristic,2026-06-04T19:20:03.676893+00:00,1,0.4946,1.1358,0.2892,0.4426
SP-749D462018|2026-05-19,SP-749D462018,,HE4146,Adidas,football_boots,"Studio Lounge Rib Jumpsuit, Green",2026-05-19,0.0,0.0,1,0,1.0,57.23,0.0,999,30,23.57,0.109,1,0,1,above_market,0,1.0,tier1,10.08,1.15,0.0,0.0,1.2,3.0,0,0.8224,exact_style,1.0,movement_reconstructed,1,21.0,21.0,21.0,0.0,0.0,0.0,0.0,0.0,0.0,0.0,0.0,0,HOLD,rds_snapshot_history,0,,,1.0,HOLD,HOLD,0.8057,0.8057,no urgent pricing intervention is needed,low_stock,business_only_retail_pricing_v1,deterministic_business_heuristic,2026-06-04T19:20:03.676893+00:00,0,0.5766,0.5306,0.2537,0.0741
SP-749D462018|2026-05-26,SP-749D462018,,HE4146,Adidas,football_boots,"Studio Lounge Rib Jumpsuit, Green",2026-05-26,84.0,2.8,0,6,1.0,57.23,0.0,999,30,23.57,0.109,1,0,1,above_market,0,0.0,tier1,10.08,1.15,0.0,0.0,1.2,3.0,0,0.8224,exact_style,1.0,movement_reconstructed,1,21.0,21.0,21.0,0.0,0.0,0.0,0.0,0.0,0.0,-12.0,-1.0,7,HOLD,rds_snapshot_history,0,,,1.0,HOLD,HOLD,0.6953,0.6953,no urgent pricing intervention is needed,low_stock,business_only_retail_pricing_v1,deterministic_business_heuristic,2026-06-04T19:20:03.676893+00:00,0,0.7736,0.666,0.3902,0.3041
SP-75279CED6C|2026-05-19,SP-75279CED6C,,IN222488,Nike,footwear,Nike Air Force Men Lifestyle Shoes Summit White,2026-05-19,0.0,0.0,1,0,1.0,62.19,0.0,999,30,183.95,0.1954,1,1,1,premium,0,1.0,tier1,69.56,1.15,0.0,0.0,1.2,3.0,0,0.8224,same_model_family,0.9091,movement_reconstructed,1,148.0,161.0,174.0,0.0,0.0,0.0,0.0,0.0,0.0,0.0,0.0,0,HOLD,rds_snapshot_history,0,,,1.0,HOLD,HOLD,0.55,0.55,no urgent pricing intervention is needed,low_stock|overpriced|low_label_confidence,business_only_retail_pricing_v1,deterministic_business_heuristic,2026-06-04T19:20:03.676893+00:00,0,0.5039,0.7406,0.295,0.1196
SP-75279CED6C|2026-05-26,SP-75279CED6C,,IN222488,Nike,footwear,Nike Air Force Men Lifestyle Shoes Summit White,2026-05-26,136.6,4.55,0,9,1.0,62.19,0.0,999,30,183.95,0.1954,1,1,1,premium,0,0.0,tier1,69.56,1.15,0.0,0.0,1.2,3.0,0,0.8224,same_model_family,0.9091,movement_reconstructed,1,148.0,161.0,174.0,0.0,0.0,0.0,0.0,0.0,0.0,-14.0,-1.0,7,CLEAR,rds_snapshot_history,0,,,1.0,HOLD,HOLD,0.55,0.55,inventory position is balanced; no urgent pricing intervention is needed,low_stock|overpriced|stale_inventory|low_label_confidence,business_only_retail_pricing_v1,deterministic_business_heuristic,2026-06-04T19:20:03.676893+00:00,1,0.4494,1.1462,0.3212,0.4461
SP-753874965B|2026-05-19,SP-753874965B,,HT4369,Adidas,apparel,"3-Stripes Clx Very-Short-Length Swim Shorts, Blue",2026-05-19,0.0,0.0,1,0,1.0,58.3,0.0,999,30,35.68,-0.3173,2,2,2,deep_value,0,1.0,tier1,14.88,1.15,0.0,0.0,1.2,3.0,0,0.8224,same_model_family,0.7497,movement_reconstructed,1,47.0,23.3751,38.0,0.0,0.0,0.0,0.0,0.0,0.0,0.0,0.0,0,HOLD,rds_snapshot_history,0,,,1.0,HOLD,HOLD,0.98,0.98,no urgent pricing intervention is needed,low_stock,business_only_retail_pricing_v1,deterministic_business_heuristic,2026-06-04T19:20:03.676893+00:00,0,0.7031,0.3294,0.385,0.0326
SP-753874965B|2026-05-26,SP-753874965B,,HT4369,Adidas,apparel,"3-Stripes Clx Very-Short-Length Swim Shorts, Blue",2026-05-26,43.5,1.45,0,14,1.0,58.3,0.0,999,30,35.68,-0.3173,2,1,2,deep_value,0,0.0,tier1,14.88,1.15,0.0,0.0,1.2,3.0,0,0.8224,same_model_family,0.7525,movement_reconstructed,1,47.0,24.3001,38.0,0.0,0.0,0.0,0.5,0.0,0.101,-12.0,-1.0,0,HOLD,rds_snapshot_history,0,,,1.0,HOLD,HOLD,0.9569,0.9569,inventory position is balanced; no urgent pricing intervention is needed,low_stock,business_only_retail_pricing_v1,deterministic_business_heuristic,2026-06-04T19:20:03.676893+00:00,0,0.8508,0.5494,0.5475,0.3126
SP-7542B894A6|2026-05-19,SP-7542B894A6,,IN170907,New Balance,sportswear,New Balance Fuel Women Performance Bra Black,2026-05-19,0.0,0.0,1,0,1.0,47.35,0.0,999,30,28.85,-0.0745,1,1,1,below_market,0,1.0,tier1,15.19,1.15,0.0,0.0,1.2,3.0,0,0.8224,same_model_family,0.8694,movement_reconstructed,1,31.0,31.5,32.0,0.0,0.0,0.0,0.0,0.0,0.0,0.0,0.0,0,HOLD,rds_snapshot_history,0,,,1.0,HOLD,HOLD,0.98,0.98,no urgent pricing intervention is needed,low_stock,business_only_retail_pricing_v1,deterministic_business_heuristic,2026-06-04T19:20:03.676893+00:00,0,0.6731,0.2803,0.2995,0.0326
SP-7542B894A6|2026-05-26,SP-7542B894A6,,IN170907,New Balance,sportswear,New Balance Fuel Women Performance Bra Black,2026-05-26,58.8,1.96,0,12,1.0,47.35,0.0,999,30,28.85,-0.0745,1,1,1,below_market,0,0.0,tier1,15.19,1.15,0.0,0.0,1.2,3.0,0,0.8224,same_model_family,0.8694,movement_reconstructed,1,31.0,31.5,32.0,0.0,0.0,0.0,0.0,0.0,0.0,-42.0,-1.0,7,HOLD,rds_snapshot_history,0,,,1.0,HOLD,HOLD,0.98,0.98,inventory position is balanced; no urgent pricing intervention is needed,low_stock,business_only_retail_pricing_v1,deterministic_business_heuristic,2026-06-04T19:20:03.676893+00:00,0,0.8709,0.5003,0.5315,0.3126
SP-754C50418D|2026-05-19,SP-754C50418D,,IN232277,Nike,footwear,Nike Air Force 1 07 Wb Men Lifestyle Shoes Wolf Grey/Black,2026-05-19,0.0,0.0,1,0,1.0,59.51,0.0,999,30,179.91,0.2441,1,1,1,premium,0,1.0,tier1,72.85,1.15,0.0,0.0,1.2,3.0,0,0.8224,same_model_family,0.9317,movement_reconstructed,1,136.0,136.0,136.0,0.0,0.0,0.0,0.0,0.0,0.0,0.0,0.0,0,HOLD,rds_snapshot_history,0,,,1.0,HOLD,HOLD,0.55,0.55,no urgent pricing intervention is needed,low_stock|overpriced|low_label_confidence,business_only_retail_pricing_v1,deterministic_business_heuristic,2026-06-04T19:20:03.676893+00:00,0,0.4831,0.7794,0.295,0.1326
SP-754C50418D|2026-05-26,SP-754C50418D,,IN232277,Nike,footwear,Nike Air Force 1 07 Wb Men Lifestyle Shoes Wolf Grey/Black,2026-05-26,136.6,4.55,0,9,1.0,59.51,0.0,999,30,179.91,0.2441,1,1,1,premium,0,0.0,tier1,72.85,1.15,0.0,0.0,1.2,3.0,0,0.8224,same_model_family,0.9317,movement_reconstructed,1,136.0,136.0,136.0,0.0,0.0,0.0,0.0,0.0,0.0,-10.0,-1.0,7,CLEAR,rds_snapshot_history,0,,,1.0,HOLD,HOLD,0.55,0.55,inventory position is balanced; no urgent pricing intervention is needed,low_stock|overpriced|stale_inventory|low_label_confidence,business_only_retail_pricing_v1,deterministic_business_heuristic,2026-06-04T19:20:03.676893+00:00,1,0.4287,1.185,0.3212,0.459
SP-75B1A246DD|2026-05-19,SP-75B1A246DD,,IN222447,Nike,apparel,Nike Club French Terry Alumni Men Lifestyle Short Grey/White,2026-05-19,0.0,0.0,1,0,1.0,58.56,0.0,999,30,75.99,0.0525,0,0,1,above_market,0,1.0,tier1,31.49,1.15,0.0,0.0,1.2,3.0,0,0.8224,same_model_family,0.98,movement_reconstructed,1,72.0,72.0,72.0,0.0,0.0,0.0,1.0,1.0,0.0,0.0,0.0,0,HOLD,rds_snapshot_history,0,,,1.0,HOLD,HOLD,0.98,0.98,no urgent pricing intervention is needed,low_stock,business_only_retail_pricing_v1,deterministic_business_heuristic,2026-06-04T19:20:03.676893+00:00,0,0.7442,0.065,0.245,0.0
SP-75B1A246DD|2026-05-26,SP-75B1A246DD,,IN222447,Nike,apparel,Nike Club French Terry Alumni Men Lifestyle Short Grey/White,2026-05-26,63.2,2.11,0,14,1.0,58.56,0.0,999,30,75.99,0.0525,0,1,1,above_market,0,0.0,tier1,31.49,1.15,0.0,0.0,1.2,3.0,0,0.8224,same_model_family,0.9713,movement_reconstructed,1,72.0,72.0,72.0,0.0,0.0,0.0,1.0,1.0,0.0,-10.0,-1.0,7,HOLD,rds_snapshot_history,0,,,1.0,HOLD,HOLD,0.98,0.98,inventory position is balanced; no urgent pricing intervention is needed,low_stock,business_only_retail_pricing_v1,deterministic_business_heuristic,2026-06-04T19:20:03.676893+00:00,0,0.9563,0.385,0.5398,0.2544
SP-7637E3C2FF|2026-05-19,SP-7637E3C2FF,,IN237500,Nike,other,Nike Fitted Women Training Long Sleeve Black,2026-05-19,0.0,0.0,1,0,1.0,48.45,0.0,999,30,65.65,0.345,1,1,1,premium,0,1.0,tier1,33.84,1.15,0.0,0.0,1.2,3.0,0,0.8224,same_model_family,0.8065,movement_reconstructed,1,43.0,75.45454545454545,121.0,0.0,0.0,0.0,1.0,0.0,0.0,0.0,0.0,0,HOLD,rds_snapshot_history,0,,,1.0,HOLD,HOLD,0.55,0.55,no urgent pricing intervention is needed,low_stock|overpriced|low_label_confidence,business_only_retail_pricing_v1,deterministic_business_heuristic,2026-06-04T19:20:03.676893+00:00,0,0.4831,0.7353,0.2472,0.1326
SP-7637E3C2FF|2026-05-26,SP-7637E3C2FF,,IN237500,Nike,other,Nike Fitted Women Training Long Sleeve Black,2026-05-26,78.4,2.61,0,9,1.0,48.45,0.0,999,30,65.65,0.345,1,1,1,premium,0,0.0,tier1,33.84,1.15,0.0,0.0,1.2,3.0,0,0.8224,same_model_family,0.8065,movement_reconstructed,1,43.0,75.45454545454545,121.0,0.0,0.0,0.0,1.0,0.0,0.0,-12.0,-1.0,7,HOLD,rds_snapshot_history,0,,,1.0,HOLD,HOLD,0.55,0.55,inventory position is balanced; no urgent pricing intervention is needed,low_stock|overpriced|low_label_confidence,business_only_retail_pricing_v1,deterministic_business_heuristic,2026-06-04T19:20:03.676893+00:00,0,0.5979,0.9612,0.4296,0.4126
SP-76A23C6634|2026-05-19,SP-76A23C6634,,IN232091,Nike,footwear,Nike Air Jordan 1 Low Men Lifestyle Shoes Black/White,2026-05-19,0.0,0.0,1,0,1.0,51.19,0.0,999,30,162.74,0.3364,1,1,1,premium,0,1.0,tier1,79.43,1.15,0.0,0.0,1.2,3.0,0,0.8224,same_model_family,0.8017,movement_reconstructed,1,108.0,148.71428571428572,171.0,0.0,0.0,0.0,0.0,1.0,0.0,0.0,0.0,0,HOLD,rds_snapshot_history,0,,,1.0,HOLD,HOLD,0.55,0.55,no urgent pricing intervention is needed,low_stock|overpriced|low_label_confidence,business_only_retail_pricing_v1,deterministic_business_heuristic,2026-06-04T19:20:03.676893+00:00,0,0.4831,0.748,0.2609,0.1326
SP-76A23C6634|2026-05-26,SP-76A23C6634,,IN232091,Nike,footwear,Nike Air Jordan 1 Low Men Lifestyle Shoes Black/White,2026-05-26,136.6,4.55,0,10,1.0,51.19,0.0,999,30,162.74,0.3364,1,1,1,premium,0,0.0,tier1,79.43,1.15,0.0,0.0,1.2,3.0,0,0.8224,same_model_family,0.7991,movement_reconstructed,1,108.0,148.41860465116278,171.0,0.0,0.0,0.0,0.0,1.0,0.0,-18.0,-1.0,7,CLEAR,rds_snapshot_history,0,,,1.0,HOLD,HOLD,0.55,0.55,inventory position is balanced; no urgent pricing intervention is needed,low_stock|overpriced|stale_inventory|low_label_confidence,business_only_retail_pricing_v1,deterministic_business_heuristic,2026-06-04T19:20:03.676893+00:00,1,0.4485,1.1536,0.2961,0.459
SP-7743651252|2026-05-19,SP-7743651252,,IN233479,ON,accessories,On All Day Unisex Lifestyle Cap Black,2026-05-19,0.0,0.0,1,0,1.0,58.8,0.0,999,30,65.87,0.2865,1,1,1,premium,0,1.0,tier1,27.14,1.15,0.0,0.0,1.2,3.0,0,0.8224,same_model_family,0.8832,movement_reconstructed,1,47.0,54.2,59.0,0.0,0.0,0.0,0.0,0.0,0.0,0.0,0.0,0,HOLD,rds_snapshot_history,0,,,1.0,HOLD,HOLD,0.55,0.55,no urgent pricing intervention is needed,low_stock|overpriced|low_label_confidence,business_only_retail_pricing_v1,deterministic_business_heuristic,2026-06-04T19:20:03.676893+00:00,0,0.4831,0.7794,0.295,0.1326
SP-7743651252|2026-05-26,SP-7743651252,,IN233479,ON,accessories,On All Day Unisex Lifestyle Cap Black,2026-05-26,48.4,1.61,0,18,1.0,58.8,0.0,999,30,65.87,0.2865,1,1,1,premium,0,0.0,tier1,27.14,1.15,0.0,0.0,1.2,3.0,0,0.8224,same_model_family,0.8832,movement_reconstructed,1,47.0,54.2,59.0,0.0,0.0,0.0,0.0,0.0,0.0,-8.0,-1.0,7,PROMOTE,rds_snapshot_history,0,,,1.0,MARKDOWN,MARKDOWN,0.98,0.98,priced above market by 29%; competitors are discounting; margin can support a markdown,overpriced,business_only_retail_pricing_v1,deterministic_business_heuristic,2026-06-04T19:20:03.676893+00:00,1,0.6468,0.9994,0.4967,0.4126
SP-77A5EF0131|2026-05-19,SP-77A5EF0131,,IN204430,Nike,accessories,Nike Academy Team M Unisex Training Bag Navy/Black/White,2026-05-19,0.0,0.0,1,0,1.0,57.26,0.0,999,30,73.68,0.2807,1,1,1,premium,0,1.0,tier1,31.49,1.15,0.0,0.0,1.2,3.0,0,0.8224,same_model_family,0.6989,movement_reconstructed,1,53.0,56.0,59.0,0.0,0.0,0.0,1.0,0.0,0.0,0.0,0.0,0,HOLD,rds_snapshot_history,0,,,1.0,HOLD,HOLD,0.55,0.55,no urgent pricing intervention is needed,low_stock|overpriced|low_label_confidence,business_only_retail_pricing_v1,deterministic_business_heuristic,2026-06-04T19:20:03.676893+00:00,0,0.4831,0.776,0.2913,0.1326
SP-77A5EF0131|2026-05-26,SP-77A5EF0131,,IN204430,Nike,accessories,Nike Academy Team M Unisex Training Bag Navy/Black/White,2026-05-26,54.2,1.81,0,18,1.0,57.26,0.0,999,30,73.68,0.3078,1,1,1,premium,0,0.0,tier1,31.49,1.15,0.0,0.0,1.2,3.0,0,0.8224,same_model_family,0.7225,movement_reconstructed,1,51.0,56.89473684210526,67.0,0.0,0.0,0.0,1.0,0.5,0.0177,-14.0,-1.0,0,PROMOTE,rds_snapshot_history,0,,,1.0,MARKDOWN,MARKDOWN,0.98,0.98,priced above market by 31%; competitors are discounting; margin can support a markdown,overpriced,business_only_retail_pricing_v1,deterministic_business_heuristic,2026-06-04T19:20:03.676893+00:00,1,0.6658,0.996,0.5099,0.4126
SP-79E8A2816E|2026-05-19,SP-79E8A2816E,,,Adidas,football_boots,2024 Copa Gloro2 FG 39-45,2026-05-19,0.0,0.0,1,0,1.0,56.15,0.0,999,30,82.09,0.0,0,0,0,at_market,0,1.0,tier1,36.0,1.15,0.0,0.0,1.2,3.0,0,0.8224,no_match,0.0,movement_reconstructed,0,0.0,0.0,0.0,0.0,0.0,0.0,0.0,0.0,0.0,0.0,0.0,0,HOLD,rds_snapshot_history,0,,,1.0,HOLD,HOLD,0.98,0.98,price is close to market; no urgent pricing intervention is needed,low_stock|weak_competitor_match,business_only_retail_pricing_v1,deterministic_business_heuristic,2026-06-04T19:20:03.676893+00:00,0,0.8431,0.0,0.2183,0.0
SP-79E8A2816E|2026-05-26,SP-79E8A2816E,,,Adidas,football_boots,2024 Copa Gloro2 FG 39-45,2026-05-26,112.1,3.74,0,8,1.0,56.15,0.0,999,30,82.09,0.0,0,0,0,at_market,0,0.0,tier1,36.0,1.15,0.0,0.0,1.2,3.0,0,0.8224,no_match,0.0,movement_reconstructed,0,0.0,0.0,0.0,0.0,0.0,0.0,0.0,0.0,0.0,-9.0,-1.0,7,HOLD,rds_snapshot_history,0,,,1.0,HOLD,HOLD,0.98,0.98,inventory position is balanced; price is close to market; no urgent pricing intervention is needed,low_stock|weak_competitor_match,business_only_retail_pricing_v1,deterministic_business_heuristic,2026-06-04T19:20:03.676893+00:00,0,0.8278,0.3645,0.2777,0.2426
SP-7B6BD14F3B|2026-05-19,SP-7B6BD14F3B,,,New Balance,lifestyle,NB 9060 full black,2026-05-19,0.0,0.0,1,0,1.0,58.37,0.0,999,30,88.27,0.0,0,0,0,at_market,0,1.0,tier1,36.75,1.15,0.0,0.0,1.2,3.0,0,0.8224,no_match,0.0,movement_reconstructed,0,0.0,0.0,0.0,0.0,0.0,0.0,0.0,1.0,0.0,0.0,0.0,0,HOLD,rds_snapshot_history,0,,,1.0,HOLD,HOLD,0.98,0.98,price is close to market; no urgent pricing intervention is needed,low_stock|weak_competitor_match,business_only_retail_pricing_v1,deterministic_business_heuristic,2026-06-04T19:20:03.676893+00:00,0,0.8431,0.0,0.215,0.0
SP-7B6BD14F3B|2026-05-26,SP-7B6BD14F3B,,,New Balance,lifestyle,NB 9060 full black,2026-05-26,99.3,3.31,0,12,1.0,58.37,0.0,999,30,88.27,0.0,0,0,0,at_market,0,0.0,tier1,36.75,1.15,0.0,0.0,1.2,3.0,0,0.8224,no_match,0.0,movement_reconstructed,0,0.0,0.0,0.0,0.0,0.0,0.0,0.0,1.0,0.0,-18.0,-1.0,7,HOLD,rds_snapshot_history,0,,,1.0,HOLD,HOLD,0.98,0.98,inventory position is balanced; price is close to market; no urgent pricing intervention is needed,low_stock|weak_competitor_match,business_only_retail_pricing_v1,deterministic_business_heuristic,2026-06-04T19:20:03.676893+00:00,0,0.9489,0.3511,0.3536,0.2426
SP-7B8C3CDB88|2026-05-19,SP-7B8C3CDB88,,IN234908,New Balance,footwear,New Balance 327 Women Lifestyle Shoes Black/Sea Salt,2026-05-19,0.0,0.0,1,0,1.0,54.97,0.0,999,30,183.9,0.6248,1,1,1,premium,0,1.0,tier1,82.81,1.15,0.0,0.0,1.2,3.0,0,0.8224,same_model_family,0.8386,movement_reconstructed,1,69.0,168.0,255.0,0.0,0.0,0.0,1.0,1.0,0.0,0.0,0.0,0,HOLD,rds_snapshot_history,0,,,1.0,HOLD,HOLD,0.55,0.55,no urgent pricing intervention is needed,low_stock|overpriced|low_label_confidence,business_only_retail_pricing_v1,deterministic_business_heuristic,2026-06-04T19:20:03.676893+00:00,0,0.4831,0.7654,0.2798,0.1326
SP-7B8C3CDB88|2026-05-26,SP-7B8C3CDB88,,IN234908,New Balance,footwear,New Balance 327 Women Lifestyle Shoes Black/Sea Salt,2026-05-26,136.6,4.55,0,9,1.0,54.97,0.0,999,30,183.9,0.7281,1,1,1,premium,0,0.0,tier1,82.81,1.15,0.0,0.0,1.2,3.0,0,0.8224,same_model_family,0.8342,movement_reconstructed,1,50.0,150.11428571428573,255.0,0.0,0.0,0.0,1.0,1.0,0.0,-18.0,-1.0,7,CLEAR,rds_snapshot_history,0,,,1.0,HOLD,HOLD,0.55,0.55,inventory position is balanced; no urgent pricing intervention is needed,low_stock|overpriced|stale_inventory|low_label_confidence,business_only_retail_pricing_v1,deterministic_business_heuristic,2026-06-04T19:20:03.676893+00:00,1,0.4287,1.171,0.306,0.459
SP-7BE0A2526A|2026-05-19,SP-7BE0A2526A,,,Nike,football_boots,35-45 Nike Air Zoom Mercurial Superfly IX Elite FG6,2026-05-19,0.0,0.0,1,0,1.0,57.09,0.0,999,30,76.67,0.0,0,0,0,at_market,0,1.0,tier1,32.9,1.15,0.0,0.0,1.2,3.0,0,0.8224,no_match,0.0,movement_reconstructed,0,0.0,0.0,0.0,0.0,0.0,0.0,1.0,1.0,0.0,0.0,0.0,0,HOLD,rds_snapshot_history,0,,,1.0,HOLD,HOLD,0.98,0.98,price is close to market; no urgent pricing intervention is needed,low_stock|weak_competitor_match,business_only_retail_pricing_v1,deterministic_business_heuristic,2026-06-04T19:20:03.676893+00:00,0,0.8431,0.0,0.223,0.0
SP-7BE0A2526A|2026-05-26,SP-7BE0A2526A,,,Nike,football_boots,35-45 Nike Air Zoom Mercurial Superfly IX Elite FG6,2026-05-26,104.7,3.49,0,10,1.0,57.09,0.0,999,30,76.67,0.0,0,0,0,at_market,0,0.0,tier1,32.9,1.15,0.0,0.0,1.2,3.0,0,0.8224,no_match,0.0,movement_reconstructed,0,0.0,0.0,0.0,0.0,0.0,0.0,1.0,1.0,0.0,-14.0,-1.0,7,HOLD,rds_snapshot_history,0,,,1.0,HOLD,HOLD,0.98,0.98,inventory position is balanced; price is close to market; no urgent pricing intervention is needed,low_stock|weak_competitor_match,business_only_retail_pricing_v1,deterministic_business_heuristic,2026-06-04T19:20:03.676893+00:00,0,0.8916,0.3561,0.3254,0.2426
SP-7C0B3A5ECD|2026-05-19,SP-7C0B3A5ECD,,1025071,Keen,kids,Keen Newport H2 Kids,2026-05-19,0.0,0.0,1,0,1.0,51.99,0.0,999,30,77.7,0.0,0,0,0,at_market,0,1.0,tier2,37.3,1.15,0.0,0.0,1.2,3.0,0,0.8224,no_match,0.0,movement_reconstructed,0,0.0,0.0,0.0,0.0,0.0,0.0,0.0,0.0,0.0,0.0,0.0,0,HOLD,rds_snapshot_history,0,,,1.0,HOLD,HOLD,0.98,0.98,price is close to market; no urgent pricing intervention is needed,low_stock|weak_competitor_match,business_only_retail_pricing_v1,deterministic_business_heuristic,2026-06-04T19:20:03.676893+00:00,0,0.8431,0.0,0.1849,0.0
SP-7C0B3A5ECD|2026-05-26,SP-7C0B3A5ECD,,1025071,Keen,kids,Keen Newport H2 Kids,2026-05-26,82.5,2.75,0,55,1.0,51.99,0.0,999,30,77.7,0.0,0,0,0,at_market,0,0.0,tier2,37.3,1.15,0.0,0.0,1.2,3.0,0,0.8224,no_match,0.0,movement_reconstructed,0,0.0,0.0,0.0,0.0,0.0,0.0,0.0,0.0,0.0,-28.0,-1.0,7,PROMOTE,rds_snapshot_history,0,,,1.0,HOLD,HOLD,0.98,0.98,inventory position is balanced; price is close to market; no urgent pricing intervention is needed,weak_competitor_match,business_only_retail_pricing_v1,deterministic_business_heuristic,2026-06-04T19:20:03.676893+00:00,1,1.0039,0.1945,0.3805,0.2426
SP-7C595F60D7|2026-05-19,SP-7C595F60D7,,IN236684,Crocs,footwear,Crocs Bae Women Lifestyle Clog Mauve Mist,2026-05-19,0.0,0.0,1,0,1.0,58.68,0.0,999,30,105.71,0.2054,0,0,1,premium,0,1.0,tier2,43.68,1.15,0.0,0.0,1.2,3.0,0,0.8224,same_model_family,0.9425,movement_reconstructed,1,84.0,84.0,84.0,0.0,0.0,0.0,0.0,0.0,0.0,0.0,0.0,0,HOLD,rds_snapshot_history,0,,,1.0,HOLD,HOLD,0.8789,0.8789,no urgent pricing intervention is needed,low_stock|overpriced,business_only_retail_pricing_v1,deterministic_business_heuristic,2026-06-04T19:20:03.676893+00:00,0,0.6154,0.4764,0.245,0.0549
SP-7C595F60D7|2026-05-26,SP-7C595F60D7,,IN236684,Crocs,footwear,Crocs Bae Women Lifestyle Clog Mauve Mist,2026-05-26,126.3,4.21,0,10,1.0,58.68,0.0,999,30,105.71,0.527,1,0,1,premium,0,0.0,tier2,43.68,1.15,0.0,0.0,1.2,3.0,0,0.8224,same_model_family,0.8675,movement_reconstructed,1,50.0,70.4,84.0,0.0,0.0,0.0,0.0,0.0,0.0,-14.0,-1.0,7,CLEAR,rds_snapshot_history,0,,,1.0,HOLD,HOLD,0.55,0.55,inventory position is balanced; no urgent pricing intervention is needed,low_stock|overpriced|stale_inventory|low_label_confidence,business_only_retail_pricing_v1,deterministic_business_heuristic,2026-06-04T19:20:03.676893+00:00,1,0.469,1.1674,0.2897,0.4302
SP-7C71C82AFB|2026-05-19,SP-7C71C82AFB,,IN202164,New Balance,apparel,New Balance Athletics Men Lifestyle T-Shirt Navy,2026-05-19,0.0,0.0,1,0,1.0,60.0,0.0,999,30,60.03,0.5835,1,1,1,premium,0,1.0,tier1,24.01,1.15,0.0,0.0,1.2,3.0,0,0.8224,same_model_family,0.7779,movement_reconstructed,1,25.0,39.9,65.0,0.0,0.0,0.0,1.0,1.0,0.0,0.0,0.0,0,HOLD,rds_snapshot_history,0,,,1.0,HOLD,HOLD,0.55,0.55,no urgent pricing intervention is needed,low_stock|overpriced|low_label_confidence,business_only_retail_pricing_v1,deterministic_business_heuristic,2026-06-04T19:20:03.676893+00:00,0,0.4831,0.7794,0.295,0.1326
SP-7C71C82AFB|2026-05-26,SP-7C71C82AFB,,IN202164,New Balance,apparel,New Balance Athletics Men Lifestyle T-Shirt Navy,2026-05-26,51.2,1.71,0,14,1.0,60.0,0.0,999,30,60.03,0.6335,1,1,1,premium,0,0.0,tier1,24.01,1.15,0.0,0.0,1.2,3.0,0,0.8224,same_model_family,0.7969,movement_reconstructed,1,22.0,41.5,69.0,0.0,0.0,0.0,1.0,1.0,0.0,-9.0,-1.0,7,HOLD,rds_snapshot_history,0,,,1.0,MARKDOWN,MARKDOWN,0.98,0.98,priced above market by 63%; competitors are discounting; margin can support a markdown,low_stock|overpriced,business_only_retail_pricing_v1,deterministic_business_heuristic,2026-06-04T19:20:03.676893+00:00,1,0.656,0.9994,0.5049,0.4126
SP-7CDB28E0F3|2026-05-19,SP-7CDB28E0F3,,IN192321,New Balance,apparel,New Balance Accelerate 7 Inch Men Performanc Short Ice Blue,2026-05-19,0.0,0.0,1,0,1.0,48.96,0.0,999,30,25.92,-0.0417,1,1,1,at_market,0,1.0,tier1,13.23,1.15,0.0,0.0,1.2,3.0,0,0.8224,same_model_family,0.8266,movement_reconstructed,1,27.0,29.5,32.0,0.0,0.0,0.0,1.0,1.0,0.0,0.0,0.0,0,HOLD,rds_snapshot_history,0,,,1.0,HOLD,HOLD,0.98,0.98,price is close to market; no urgent pricing intervention is needed,low_stock,business_only_retail_pricing_v1,deterministic_business_heuristic,2026-06-04T19:20:03.676893+00:00,0,0.6431,0.2877,0.2545,0.0326
SP-7CDB28E0F3|2026-05-26,SP-7CDB28E0F3,,IN192321,New Balance,apparel,New Balance Accelerate 7 Inch Men Performanc Short Ice Blue,2026-05-26,51.2,1.71,0,14,1.0,48.96,0.0,999,30,25.92,-0.0417,1,1,1,at_market,0,0.0,tier1,13.23,1.15,0.0,0.0,1.2,3.0,0,0.8224,same_model_family,0.7575,movement_reconstructed,1,27.0,30.63636363636364,34.0,0.0,0.0,0.0,1.0,1.0,0.0774,-10.0,-1.0,0,HOLD,rds_snapshot_history,0,,,1.0,HOLD,HOLD,0.9662,0.9662,inventory position is balanced; price is close to market; no urgent pricing intervention is needed,low_stock,business_only_retail_pricing_v1,deterministic_business_heuristic,2026-06-04T19:20:03.676893+00:00,0,0.816,0.5077,0.4643,0.3126
SP-7DAC8BE0F9|2026-05-19,SP-7DAC8BE0F9,,IN237517,Nike,footwear,Nike Air Force 1 07 Lv8 Men Lifestyle Shoes Anthracite/Grey,2026-05-19,0.0,0.0,1,0,1.0,61.38,0.0,999,30,273.82,0.1783,0,0,1,premium,0,1.0,tier1,105.75,1.15,0.0,0.0,1.2,3.0,0,0.8224,same_model_family,0.9501,movement_reconstructed,1,225.0,225.0,225.0,0.0,0.0,0.0,1.0,0.0,0.0,0.0,0.0,0,HOLD,rds_snapshot_history,0,,,1.0,HOLD,HOLD,0.9366,0.9366,no urgent pricing intervention is needed,low_stock|overpriced,business_only_retail_pricing_v1,deterministic_business_heuristic,2026-06-04T19:20:03.676893+00:00,0,0.6383,0.4336,0.245,0.0406
SP-7DAC8BE0F9|2026-05-26,SP-7DAC8BE0F9,,IN237517,Nike,footwear,Nike Air Force 1 07 Lv8 Men Lifestyle Shoes Anthracite/Grey,2026-05-26,136.6,4.55,0,10,1.0,61.38,0.0,999,30,273.82,0.1783,0,0,1,premium,0,0.0,tier1,105.75,1.15,0.0,0.0,1.2,3.0,0,0.8224,same_model_family,0.9501,movement_reconstructed,1,225.0,225.0,225.0,0.0,0.0,0.0,1.0,0.25,0.0,-9.0,-1.0,7,CLEAR,rds_snapshot_history,0,,,1.0,HOLD,HOLD,0.55,0.55,inventory position is balanced; no urgent pricing intervention is needed,low_stock|overpriced|stale_inventory|low_label_confidence,business_only_retail_pricing_v1,deterministic_business_heuristic,2026-06-04T19:20:03.676893+00:00,1,0.6036,0.8392,0.2802,0.3671
SP-7DC760B623|2026-05-19,SP-7DC760B623,,IN235631,Babolat,kids,Babolat Nadal Junior 19 Kids Tennis Racquet Black/Yellow,2026-05-19,0.0,0.0,1,0,1.0,49.72,0.0,999,30,57.91,0.0675,0,1,1,above_market,0,1.0,tier3,29.12,1.15,0.0,0.0,1.2,3.0,0,0.8224,same_model_family,0.8683,movement_reconstructed,1,54.0,75.0,123.0,0.0,0.0,0.0,1.0,1.0,0.0,0.0,0.0,0,HOLD,rds_snapshot_history,0,,,1.0,HOLD,HOLD,0.98,0.98,no urgent pricing intervention is needed,low_stock,business_only_retail_pricing_v1,deterministic_business_heuristic,2026-06-04T19:20:03.676893+00:00,0,0.7316,0.0504,0.2536,0.0
SP-7DC760B623|2026-05-26,SP-7DC760B623,,IN235631,Babolat,kids,Babolat Nadal Junior 19 Kids Tennis Racquet Black/Yellow,2026-05-26,65.4,2.18,0,9,1.0,49.72,0.0,999,30,57.91,0.0675,0,1,1,above_market,0,0.0,tier3,29.12,1.15,0.0,0.0,1.2,3.0,0,0.8224,same_model_family,0.8683,movement_reconstructed,1,54.0,75.0,123.0,0.0,0.0,0.0,1.0,1.0,0.0,-9.0,-1.0,7,HOLD,rds_snapshot_history,0,,,1.0,HOLD,HOLD,0.98,0.98,inventory position is balanced; no urgent pricing intervention is needed,low_stock,business_only_retail_pricing_v1,deterministic_business_heuristic,2026-06-04T19:20:03.676893+00:00,0,0.8889,0.3704,0.4754,0.2623
SP-7DFB8328BE|2026-05-19,SP-7DFB8328BE,,,New Balance,lifestyle,New Balance Fresh Foam X Trail More v3 Black/Pink/Yellow Women's Trail Shoes,2026-05-19,0.0,0.0,1,0,1.0,47.72,0.0,999,30,79.67,0.0,0,0,0,at_market,0,1.0,tier1,41.65,1.15,0.0,0.0,1.2,3.0,0,0.8224,no_match,0.0,movement_reconstructed,0,0.0,0.0,0.0,0.0,0.0,0.0,0.0,0.0,0.0,0.0,0.0,0,HOLD,rds_snapshot_history,0,,,1.0,HOLD,HOLD,0.98,0.98,price is close to market; no urgent pricing intervention is needed,low_stock|weak_competitor_match,business_only_retail_pricing_v1,deterministic_business_heuristic,2026-06-04T19:20:03.676893+00:00,0,0.8431,0.0,0.1636,0.0
SP-7DFB8328BE|2026-05-26,SP-7DFB8328BE,,,New Balance,lifestyle,New Balance Fresh Foam X Trail More v3 Black/Pink/Yellow Women's Trail Shoes,2026-05-26,89.6,2.99,0,12,1.0,47.72,0.0,999,30,79.67,0.0,0,0,0,at_market,0,0.0,tier1,41.65,1.15,0.0,0.0,1.2,3.0,0,0.8224,no_match,0.0,movement_reconstructed,0,0.0,0.0,0.0,0.0,0.0,0.0,0.0,0.0,0.0,-18.0,-1.0,7,HOLD,rds_snapshot_history,0,,,1.0,HOLD,HOLD,0.98,0.98,inventory position is balanced; price is close to market; no urgent pricing intervention is needed,low_stock|weak_competitor_match,business_only_retail_pricing_v1,deterministic_business_heuristic,2026-06-04T19:20:03.676893+00:00,0,0.9806,0.187,0.3351,0.2426
SP-7EBCBD2E4F|2026-05-19,SP-7EBCBD2E4F,,,Puma,kids,CATS CLUB Tee PS Boys,2026-05-19,0.0,0.0,1,0,1.0,54.38,0.0,999,30,10.96,0.0876,1,0,1,above_market,0,1.0,tier2,5.0,1.15,0.0,0.0,1.2,3.0,0,0.8224,same_model_family,0.851,movement_reconstructed,1,10.0,10.0,10.0,0.0,0.0,0.0,1.0,0.0,0.0,0.0,0.0,0,HOLD,rds_snapshot_history,0,,,1.0,HOLD,HOLD,0.869,0.869,no urgent pricing intervention is needed,low_stock,business_only_retail_pricing_v1,deterministic_business_heuristic,2026-06-04T19:20:03.676893+00:00,0,0.5946,0.4837,0.2269,0.0629
SP-7EBCBD2E4F|2026-05-26,SP-7EBCBD2E4F,,,Puma,kids,CATS CLUB Tee PS Boys,2026-05-26,65.4,2.18,0,9,1.0,54.38,0.0,999,30,10.96,0.0876,1,0,1,above_market,0,0.0,tier2,5.0,1.15,0.0,0.0,1.2,3.0,0,0.8224,same_model_family,0.851,movement_reconstructed,1,10.0,10.0,10.0,0.0,0.0,0.0,1.0,0.0,0.0,-18.0,-1.0,7,HOLD,rds_snapshot_history,0,,,1.0,HOLD,HOLD,0.6151,0.6151,inventory position is balanced; no urgent pricing intervention is needed,low_stock|low_label_confidence,business_only_retail_pricing_v1,deterministic_business_heuristic,2026-06-04T19:20:03.676893+00:00,0,0.7519,0.7037,0.4487,0.3429
SP-7F6612273E|2026-05-19,SP-7F6612273E,,KD3683,Adidas,apparel,"3 Stripes Slim T-Shirt, White",2026-05-19,0.0,0.0,1,0,1.0,46.38,0.0,999,30,48.34,-0.1171,0,0,1,below_market,0,1.0,tier1,25.92,1.15,0.0,0.0,1.2,3.0,0,0.8224,exact_style,1.0,movement_reconstructed,1,54.0,54.0,54.0,0.0,0.0,0.0,1.0,1.0,0.0,0.0,0.0,0,HOLD,rds_snapshot_history,0,,,1.0,HOLD,HOLD,0.98,0.98,no urgent pricing intervention is needed,low_stock,business_only_retail_pricing_v1,deterministic_business_heuristic,2026-06-04T19:20:03.676893+00:00,0,0.7931,0.0,0.2617,0.0
SP-7F6612273E|2026-05-26,SP-7F6612273E,,KD3683,Adidas,apparel,"3 Stripes Slim T-Shirt, White",2026-05-26,43.5,1.45,0,14,1.0,46.38,0.0,999,30,48.34,0.2139,0,0,2,premium,0,0.0,tier1,25.92,1.15,0.0,0.0,1.2,3.0,0,0.8224,exact_style,0.8307,movement_reconstructed,1,38.0,16.4351,54.0,0.0,0.0,0.0,1.0,1.0,0.0116,-14.0,-1.0,7,HOLD,rds_snapshot_history,0,,,1.0,HOLD,HOLD,0.6846,0.6846,inventory position is balanced; no urgent pricing intervention is needed,low_stock|overpriced,business_only_retail_pricing_v1,deterministic_business_heuristic,2026-06-04T19:20:03.676893+00:00,0,0.7559,0.6562,0.3744,0.3394
SP-80442AC9A2|2026-05-19,SP-80442AC9A2,,IY2155,Adidas,apparel,"3-Stripes French Terry Shorts, Purple",2026-05-19,0.0,0.0,1,0,1.0,58.74,0.0,999,30,27.92,0.0,0,0,0,at_market,0,1.0,tier1,11.52,1.15,0.0,0.0,1.2,3.0,0,0.8224,no_match,0.0,movement_reconstructed,0,0.0,0.0,0.0,0.0,0.0,0.0,0.0,0.0,0.0,0.0,0.0,0,HOLD,rds_snapshot_history,0,,,1.0,HOLD,HOLD,0.98,0.98,price is close to market; no urgent pricing intervention is needed,low_stock|weak_competitor_match,business_only_retail_pricing_v1,deterministic_business_heuristic,2026-06-04T19:20:03.676893+00:00,0,0.8431,0.0,0.215,0.0
SP-80442AC9A2|2026-05-26,SP-80442AC9A2,,IY2155,Adidas,apparel,"3-Stripes French Terry Shorts, Purple",2026-05-26,51.2,1.71,0,14,1.0,58.74,0.0,999,30,27.92,0.0,0,0,0,at_market,0,0.0,tier1,11.52,1.15,0.0,0.0,1.2,3.0,0,0.8224,no_match,0.0,movement_reconstructed,0,0.0,0.0,0.0,0.0,0.0,0.0,0.0,0.0,0.0569,-14.0,-1.0,0,HOLD,rds_snapshot_history,0,,,1.0,HOLD,HOLD,0.98,0.98,inventory position is balanced; price is close to market; no urgent pricing intervention is needed,low_stock|weak_competitor_match,business_only_retail_pricing_v1,deterministic_business_heuristic,2026-06-04T19:20:03.676893+00:00,0,1.016,0.2094,0.4249,0.2426
SP-805D3F1EDC|2026-05-19,SP-805D3F1EDC,,IN233371,ON,apparel,ON Men Trail-T Running Tee Reef,2026-05-19,0.0,0.0,1,0,1.0,55.1,0.0,999,30,76.84,0.0239,0,0,1,at_market,0,1.0,tier1,34.5,1.15,0.0,0.0,1.2,3.0,0,0.8224,same_model_family,0.7944,movement_reconstructed,1,75.0,183.4,219.0,0.0,0.0,0.0,0.0,0.0,0.0,0.0,0.0,0,HOLD,rds_snapshot_history,0,,,1.0,HOLD,HOLD,0.98,0.98,price is close to market; no urgent pricing intervention is needed,low_stock,business_only_retail_pricing_v1,deterministic_business_heuristic,2026-06-04T19:20:03.676893+00:00,0,0.7631,0.016,0.2305,0.0
SP-805D3F1EDC|2026-05-26,SP-805D3F1EDC,,IN233371,ON,apparel,ON Men Trail-T Running Tee Reef,2026-05-26,63.9,2.13,0,14,1.0,55.1,0.0,999,30,76.84,0.0239,0,0,1,at_market,0,0.0,tier1,34.5,1.15,0.0,0.0,1.2,3.0,0,0.8224,same_model_family,0.7944,movement_reconstructed,1,75.0,183.4,219.0,0.0,0.0,0.0,0.0,0.0,0.0,-12.0,-1.0,7,HOLD,rds_snapshot_history,0,,,1.0,HOLD,HOLD,0.98,0.98,inventory position is balanced; price is close to market; no urgent pricing intervention is needed,low_stock,business_only_retail_pricing_v1,deterministic_business_heuristic,2026-06-04T19:20:03.676893+00:00,0,0.9775,0.236,0.4773,0.2426
SP-823EFC5B57|2026-05-19,SP-823EFC5B57,,IN234674,New Balance,accessories,New Balance 47 Brrr Trucker Unisex Performance Cap Black,2026-05-19,0.0,0.0,1,0,1.0,60.32,0.0,999,30,48.16,0.294,1,1,1,premium,0,1.0,tier1,19.11,1.15,0.0,0.0,1.2,3.0,0,0.8224,same_model_family,0.8527,movement_reconstructed,1,34.0,35.666666666666664,39.0,0.0,0.0,0.0,0.0,0.0,0.0,0.0,0.0,0,HOLD,rds_snapshot_history,0,,,1.0,HOLD,HOLD,0.55,0.55,no urgent pricing intervention is needed,low_stock|overpriced|low_label_confidence,business_only_retail_pricing_v1,deterministic_business_heuristic,2026-06-04T19:20:03.676893+00:00,0,0.4831,0.7794,0.295,0.1326
SP-823EFC5B57|2026-05-26,SP-823EFC5B57,,IN234674,New Balance,accessories,New Balance 47 Brrr Trucker Unisex Performance Cap Black,2026-05-26,45.2,1.51,0,18,1.0,60.32,0.0,999,30,48.16,0.294,1,1,1,premium,0,0.0,tier1,19.11,1.15,0.0,0.0,1.2,3.0,0,0.8224,same_model_family,0.8527,movement_reconstructed,1,34.0,35.666666666666664,39.0,0.0,0.0,0.0,0.0,0.0,0.0,-35.0,-1.0,7,PROMOTE,rds_snapshot_history,0,,,1.0,MARKDOWN,MARKDOWN,0.98,0.98,priced above market by 29%; competitors are discounting; margin can support a markdown,overpriced,business_only_retail_pricing_v1,deterministic_business_heuristic,2026-06-04T19:20:03.676893+00:00,1,0.6363,0.9994,0.4874,0.4126
SP-82664C3C8D|2026-05-19,SP-82664C3C8D,,IH6592,Adidas,lifestyle,"Handball Spezial Shoes, White",2026-05-19,0.0,0.0,1,0,1.0,54.57,0.0,999,30,167.99,-0.0655,0,1,2,below_market,0,1.0,tier1,76.32,1.15,0.0,0.0,1.2,3.0,0,0.8224,exact_style,0.8393,movement_reconstructed,1,179.0,53.0013,159.0,0.0,0.0,0.0,0.0,0.0,0.0,0.0,0.0,0,HOLD,rds_snapshot_history,0,,,1.0,HOLD,HOLD,0.98,0.98,no urgent pricing intervention is needed,low_stock,business_only_retail_pricing_v1,deterministic_business_heuristic,2026-06-04T19:20:03.676893+00:00,0,0.7931,0.0136,0.307,0.0
SP-82664C3C8D|2026-05-26,SP-82664C3C8D,,IH6592,Adidas,lifestyle,"Handball Spezial Shoes, White",2026-05-26,109.2,3.64,0,12,1.0,54.57,0.0,999,30,167.99,-0.0655,0,1,2,below_market,0,0.0,tier1,76.32,1.15,0.0,0.0,1.2,3.0,0,0.8224,exact_style,0.8478,movement_reconstructed,1,179.0,58.5802,159.0,0.0,0.0,0.0,0.0,0.0,0.0,-35.0,-1.0,7,HOLD,rds_snapshot_history,0,,,1.0,HOLD,HOLD,0.98,0.98,inventory position is balanced; no urgent pricing intervention is needed,low_stock,business_only_retail_pricing_v1,deterministic_business_heuristic,2026-06-04T19:20:03.676893+00:00,0,0.8665,0.3922,0.4122,0.2426
SP-82B46A2F76|2026-05-19,SP-82B46A2F76,,56B,La Sportiva,footwear,La Sportiva Kaptiva 2,2026-05-19,0.0,0.0,1,0,1.0,54.0,0.0,999,30,155.4,0.0,0,0,0,at_market,0,1.0,tier2,71.48,1.15,0.0,0.0,1.2,3.0,0,0.8224,no_match,0.0,movement_reconstructed,0,0.0,0.0,0.0,0.0,0.0,0.0,0.0,0.0,0.0,0.0,0.0,0,HOLD,rds_snapshot_history,0,,,1.0,HOLD,HOLD,0.98,0.98,price is close to market; no urgent pricing intervention is needed,low_stock|weak_competitor_match,business_only_retail_pricing_v1,deterministic_business_heuristic,2026-06-04T19:20:03.676893+00:00,0,0.8431,0.0,0.195,0.0
SP-82B46A2F76|2026-05-26,SP-82B46A2F76,,56B,La Sportiva,footwear,La Sportiva Kaptiva 2,2026-05-26,136.6,4.55,0,35,1.0,54.0,0.0,999,30,155.4,0.0,0,0,0,at_market,0,0.0,tier2,71.48,1.15,0.0,0.0,1.2,3.0,0,0.8224,no_match,0.0,movement_reconstructed,0,0.0,0.0,0.0,0.0,0.0,0.0,0.0,0.0,0.0,-9.0,-1.0,7,CLEAR,rds_snapshot_history,0,,,1.0,HOLD,HOLD,0.98,0.98,inventory position is balanced; price is close to market; no urgent pricing intervention is needed,weak_competitor_match|stale_inventory,business_only_retail_pricing_v1,deterministic_business_heuristic,2026-06-04T19:20:03.676893+00:00,1,0.8481,0.3966,0.2482,0.289
SP-834156AAD3|2026-05-19,SP-834156AAD3,,IN233213,ON,apparel,On Club Collective Men Lifestyle Pant Black,2026-05-19,0.0,0.0,1,0,1.0,57.06,0.0,999,30,155.32,0.1051,0,1,1,above_market,0,1.0,tier1,66.7,1.15,0.0,0.0,1.2,3.0,0,0.8224,same_model_family,0.7893,movement_reconstructed,1,139.0,153.36363636363637,169.0,0.0,0.0,0.0,1.0,0.5,0.0,0.0,0.0,0,HOLD,rds_snapshot_history,0,,,1.0,HOLD,HOLD,0.98,0.98,no urgent pricing intervention is needed,low_stock,business_only_retail_pricing_v1,deterministic_business_heuristic,2026-06-04T19:20:03.676893+00:00,0,0.6999,0.2437,0.2903,0.0021
SP-834156AAD3|2026-05-26,SP-834156AAD3,,IN233213,ON,apparel,On Club Collective Men Lifestyle Pant Black,2026-05-26,95.0,3.17,0,14,1.0,57.06,0.0,999,30,155.32,0.1952,0,1,1,premium,0,0.0,tier1,66.7,1.15,0.0,0.0,1.2,3.0,0,0.8224,same_model_family,0.7936,movement_reconstructed,1,125.0,150.88888888888889,169.0,0.0,0.0,0.0,1.0,0.5,0.0,-14.0,-1.0,7,HOLD,rds_snapshot_history,0,,,1.0,MARKDOWN,MARKDOWN,0.6126,0.6126,priced above market by 20%; stock cover is elevated (95 DOS); margin can support a markdown,low_stock|overpriced|low_label_confidence,business_only_retail_pricing_v1,deterministic_business_heuristic,2026-06-04T19:20:03.676893+00:00,1,0.7438,0.7902,0.4435,0.3295
SP-853172544A|2026-05-19,SP-853172544A,,IN220655,Nike,apparel,Nike Club Men Lifestyle Pant Black/White,2026-05-19,0.0,0.0,1,0,1.0,51.87,0.0,999,30,86.91,0.0335,1,1,1,at_market,0,1.0,tier1,41.83,1.15,0.0,0.0,1.2,3.0,0,0.8224,same_model_family,0.98,movement_reconstructed,1,84.0,87.33333333333333,89.0,0.0,0.0,0.0,0.0,0.0,0.0,0.0,0.0,0,HOLD,rds_snapshot_history,0,,,1.0,HOLD,HOLD,0.98,0.98,price is close to market; no urgent pricing intervention is needed,low_stock,business_only_retail_pricing_v1,deterministic_business_heuristic,2026-06-04T19:20:03.676893+00:00,0,0.6402,0.3067,0.2643,0.0344
SP-853172544A|2026-05-26,SP-853172544A,,IN220655,Nike,apparel,Nike Club Men Lifestyle Pant Black/White,2026-05-26,72.2,2.41,0,14,1.0,51.87,0.0,999,30,86.91,0.045,1,1,1,at_market,0,0.0,tier1,41.83,1.15,0.0,0.0,1.2,3.0,0,0.8224,same_model_family,0.9286,movement_reconstructed,1,83.0,86.0,89.0,0.0,0.0,0.0,0.0,0.0,0.0,-10.0,-1.0,7,HOLD,rds_snapshot_history,0,,,1.0,HOLD,HOLD,0.9283,0.9283,inventory position is balanced; price is close to market; no urgent pricing intervention is needed,low_stock,business_only_retail_pricing_v1,deterministic_business_heuristic,2026-06-04T19:20:03.676893+00:00,0,0.825,0.5448,0.4934,0.3205
SP-86604D5CF7|2026-05-19,SP-86604D5CF7,,,New Balance,lifestyle,New balance trail fresh foam gray/pink,2026-05-19,0.0,0.0,1,0,1.0,55.14,0.0,999,30,87.39,0.0,0,0,0,at_market,0,1.0,tier1,39.2,1.15,0.0,0.0,1.2,3.0,0,0.8224,no_match,0.0,movement_reconstructed,0,0.0,0.0,0.0,0.0,0.0,0.0,1.0,0.0,0.0,0.0,0.0,0,HOLD,rds_snapshot_history,0,,,1.0,HOLD,HOLD,0.98,0.98,price is close to market; no urgent pricing intervention is needed,low_stock|weak_competitor_match,business_only_retail_pricing_v1,deterministic_business_heuristic,2026-06-04T19:20:03.676893+00:00,0,0.8431,0.0,0.2007,0.0
SP-86604D5CF7|2026-05-26,SP-86604D5CF7,,,New Balance,lifestyle,New balance trail fresh foam gray/pink,2026-05-26,98.3,3.28,0,12,1.0,55.14,0.0,999,30,87.39,0.0,0,0,0,at_market,0,0.0,tier1,39.2,1.15,0.0,0.0,1.2,3.0,0,0.8224,no_match,0.0,movement_reconstructed,0,0.0,0.0,0.0,0.0,0.0,0.0,1.0,0.25,0.1119,-12.0,-1.0,0,HOLD,rds_snapshot_history,0,,,1.0,HOLD,HOLD,0.98,0.98,inventory position is balanced; price is close to market; no urgent pricing intervention is needed,low_stock|weak_competitor_match,business_only_retail_pricing_v1,deterministic_business_heuristic,2026-06-04T19:20:03.676893+00:00,0,0.9522,0.2362,0.3427,0.2426
SP-86F9AD96E6|2026-05-19,SP-86F9AD96E6,,V1GA2400,Mizuno,footwear,Mizuno Wave Lightning Z8,2026-05-19,0.0,0.0,1,0,1.0,50.0,0.0,999,30,133.2,0.0,0,0,0,at_market,0,1.0,tier2,66.6,1.15,0.0,0.0,1.2,3.0,0,0.8224,no_match,0.0,movement_reconstructed,0,0.0,0.0,0.0,0.0,0.0,0.0,0.0,0.0,0.0,0.0,0.0,0,HOLD,rds_snapshot_history,0,,,1.0,HOLD,HOLD,0.98,0.98,price is close to market; no urgent pricing intervention is needed,low_stock|weak_competitor_match,business_only_retail_pricing_v1,deterministic_business_heuristic,2026-06-04T19:20:03.676893+00:00,0,0.8431,0.0,0.175,0.0
SP-86F9AD96E6|2026-05-26,SP-86F9AD96E6,,V1GA2400,Mizuno,footwear,Mizuno Wave Lightning Z8,2026-05-26,136.6,4.55,0,64,1.0,50.0,0.0,999,30,133.2,0.0,0,0,0,at_market,0,0.0,tier2,66.6,1.15,0.0,0.0,1.2,3.0,0,0.8224,no_match,0.0,movement_reconstructed,0,0.0,0.0,0.0,0.0,0.0,0.0,0.0,0.0,0.0,-12.0,-1.0,7,CLEAR,rds_snapshot_history,0,,,1.0,HOLD,HOLD,0.98,0.98,inventory position is balanced; price is close to market; no urgent pricing intervention is needed,weak_competitor_match|stale_inventory,business_only_retail_pricing_v1,deterministic_business_heuristic,2026-06-04T19:20:03.676893+00:00,1,0.8481,0.3781,0.2282,0.289
SP-87178E76A0|2026-05-19,SP-87178E76A0,,BL7027,Columbia,footwear,Columbia Peakfreak II OutDry W,2026-05-19,0.0,0.0,1,0,1.0,50.0,0.0,999,30,122.1,0.0,0,0,0,at_market,0,1.0,tier2,61.05,1.15,0.0,0.0,1.2,3.0,0,0.8224,no_match,0.0,movement_reconstructed,0,0.0,0.0,0.0,0.0,0.0,0.0,1.0,0.0,0.0,0.0,0.0,0,HOLD,rds_snapshot_history,0,,,1.0,HOLD,HOLD,0.98,0.98,price is close to market; no urgent pricing intervention is needed,low_stock|weak_competitor_match,business_only_retail_pricing_v1,deterministic_business_heuristic,2026-06-04T19:20:03.676893+00:00,0,0.8431,0.0,0.175,0.0
SP-87178E76A0|2026-05-26,SP-87178E76A0,,BL7027,Columbia,footwear,Columbia Peakfreak II OutDry W,2026-05-26,136.6,4.55,0,35,1.0,50.0,0.0,999,30,122.1,0.0,0,0,0,at_market,0,0.0,tier2,61.05,1.15,0.0,0.0,1.2,3.0,0,0.8224,no_match,0.0,movement_reconstructed,0,0.0,0.0,0.0,0.0,0.0,0.0,1.0,0.0,0.0,-14.0,-1.0,7,CLEAR,rds_snapshot_history,0,,,1.0,HOLD,HOLD,0.98,0.98,inventory position is balanced; price is close to market; no urgent pricing intervention is needed,weak_competitor_match|stale_inventory,business_only_retail_pricing_v1,deterministic_business_heuristic,2026-06-04T19:20:03.676893+00:00,1,0.8481,0.3781,0.2282,0.289
SP-8786A633D5|2026-05-19,SP-8786A633D5,,IN219834,New Balance,other,New Balance Sport Women Performance Long Sleeve Black,2026-05-19,0.0,0.0,1,0,1.0,54.91,0.0,999,30,29.34,0.182,1,1,1,premium,0,1.0,tier1,13.23,1.15,0.0,0.0,1.2,3.0,0,0.8224,similar_product,0.6971,movement_reconstructed,1,24.0,31.33333333333333,35.0,0.0,0.0,0.0,1.0,1.0,0.0,0.0,0.0,0,HOLD,rds_snapshot_history,0,,,1.0,HOLD,HOLD,0.57,0.57,no urgent pricing intervention is needed,low_stock|overpriced|weak_competitor_match|low_label_confidence,business_only_retail_pricing_v1,deterministic_business_heuristic,2026-06-04T19:20:03.676893+00:00,0,0.5151,0.7052,0.2795,0.1126
SP-8786A633D5|2026-05-26,SP-8786A633D5,,IN219834,New Balance,other,New Balance Sport Women Performance Long Sleeve Black,2026-05-26,73.5,2.45,0,9,1.0,54.91,0.0,999,30,29.34,0.182,1,1,1,premium,0,0.0,tier1,13.23,1.15,0.0,0.0,1.2,3.0,0,0.8224,same_model_family,0.7552,movement_reconstructed,1,24.0,31.2,35.0,0.0,0.0,0.0,1.0,1.0,0.0,-9.0,-1.0,7,HOLD,rds_snapshot_history,0,,,1.0,HOLD,HOLD,0.55,0.55,inventory position is balanced; no urgent pricing intervention is needed,low_stock|overpriced|low_label_confidence,business_only_retail_pricing_v1,deterministic_business_heuristic,2026-06-04T19:20:03.676893+00:00,0,0.6459,0.9252,0.4778,0.3926
SP-87CD96F6B8|2026-05-19,SP-87CD96F6B8,,IN238476,Nike,sportswear,Nike Brand Energy Infant-Boys Lifestyle Set Black,2026-05-19,0.0,0.0,1,0,1.0,56.4,0.0,999,30,44.2,0.2534,0,1,1,premium,0,1.0,tier1,19.27,1.15,0.0,0.0,1.2,3.0,0,0.8224,same_model_family,0.8391,movement_reconstructed,1,33.0,38.333333333333336,41.0,0.0,0.0,0.0,0.0,0.0,0.0,0.0,0.0,0,HOLD,rds_snapshot_history,0,,,1.0,HOLD,HOLD,0.8578,0.8578,no urgent pricing intervention is needed,low_stock|overpriced,business_only_retail_pricing_v1,deterministic_business_heuristic,2026-06-04T19:20:03.676893+00:00,0,0.6031,0.492,0.287,0.0626
SP-87CD96F6B8|2026-05-26,SP-87CD96F6B8,,IN238476,Nike,sportswear,Nike Brand Energy Infant-Boys Lifestyle Set Black,2026-05-26,58.8,1.96,0,12,1.0,56.4,0.0,999,30,44.2,0.2534,0,1,1,premium,0,0.0,tier1,19.27,1.15,0.0,0.0,1.2,3.0,0,0.8224,same_model_family,0.8391,movement_reconstructed,1,33.0,38.333333333333336,41.0,0.0,0.0,0.0,0.0,0.0,0.0,-10.0,-1.0,7,HOLD,rds_snapshot_history,0,,,1.0,HOLD,HOLD,0.67,0.67,inventory position is balanced; no urgent pricing intervention is needed,low_stock|overpriced|low_label_confidence,business_only_retail_pricing_v1,deterministic_business_heuristic,2026-06-04T19:20:03.676893+00:00,0,0.8009,0.712,0.519,0.3426
SP-882C75963E|2026-05-19,SP-882C75963E,,IN230472,Nike,footwear,Nike Air Force 1 07 Women Lifestyle Shoes Summit White,2026-05-19,0.0,0.0,1,0,1.0,48.68,0.0,999,30,135.55,0.2918,1,1,1,premium,0,1.0,tier1,69.56,1.15,0.0,0.0,1.2,3.0,0,0.8224,same_model_family,0.8355,movement_reconstructed,1,96.0,131.6,148.0,0.0,0.0,0.0,1.0,1.0,0.0,0.0,0.0,0,HOLD,rds_snapshot_history,0,,,1.0,HOLD,HOLD,0.55,0.55,no urgent pricing intervention is needed,low_stock|overpriced|low_label_confidence,business_only_retail_pricing_v1,deterministic_business_heuristic,2026-06-04T19:20:03.676893+00:00,0,0.4831,0.7364,0.2484,0.1326
SP-882C75963E|2026-05-26,SP-882C75963E,,IN230472,Nike,footwear,Nike Air Force 1 07 Women Lifestyle Shoes Summit White,2026-05-26,136.6,4.55,0,9,1.0,48.68,0.0,999,30,135.55,0.2918,1,1,1,premium,0,0.0,tier1,69.56,1.15,0.0,0.0,1.2,3.0,0,0.8224,same_model_family,0.8355,movement_reconstructed,1,96.0,131.6,148.0,0.0,0.0,0.0,1.0,1.0,0.0,-14.0,-1.0,7,CLEAR,rds_snapshot_history,0,,,1.0,HOLD,HOLD,0.55,0.55,inventory position is balanced; no urgent pricing intervention is needed,low_stock|overpriced|stale_inventory|low_label_confidence,business_only_retail_pricing_v1,deterministic_business_heuristic,2026-06-04T19:20:03.676893+00:00,1,0.4287,1.142,0.2746,0.459
SP-8865F6A858|2026-05-19,SP-8865F6A858,,11821600,Dr. Martens,footwear,Dr. Martens 1460 Cherry Red W,2026-05-19,0.0,0.0,1,0,1.0,52.0,0.0,999,30,205.35,0.0,0,0,0,at_market,0,1.0,tier2,98.57,1.15,0.0,0.0,1.2,3.0,0,0.8224,no_match,0.0,movement_reconstructed,0,0.0,0.0,0.0,0.0,0.0,0.0,1.0,1.0,0.0,0.0,0.0,0,HOLD,rds_snapshot_history,0,,,1.0,HOLD,HOLD,0.98,0.98,price is close to market; no urgent pricing intervention is needed,low_stock|weak_competitor_match,business_only_retail_pricing_v1,deterministic_business_heuristic,2026-06-04T19:20:03.676893+00:00,0,0.8431,0.0,0.185,0.0
SP-8865F6A858|2026-05-26,SP-8865F6A858,,11821600,Dr. Martens,footwear,Dr. Martens 1460 Cherry Red W,2026-05-26,136.6,4.55,0,28,1.0,52.0,0.0,999,30,205.35,0.0,0,0,0,at_market,0,0.0,tier2,98.57,1.15,0.0,0.0,1.2,3.0,0,0.8224,no_match,0.0,movement_reconstructed,0,0.0,0.0,0.0,0.0,0.0,0.0,1.0,1.0,0.0,-14.0,-1.0,7,CLEAR,rds_snapshot_history,0,,,1.0,HOLD,HOLD,0.98,0.98,inventory position is balanced; price is close to market; no urgent pricing intervention is needed,weak_competitor_match|stale_inventory,business_only_retail_pricing_v1,deterministic_business_heuristic,2026-06-04T19:20:03.676893+00:00,1,0.8481,0.3873,0.2382,0.289
SP-88DFC2BCBD|2026-05-19,SP-88DFC2BCBD,,IN203470,Nike,apparel,Nike Club Boys Lifestyle Short Black/White,2026-05-19,0.0,0.0,1,0,1.0,53.99,0.0,999,30,57.2,0.4406,1,1,1,premium,0,1.0,tier1,26.32,1.15,0.0,0.0,1.2,3.0,0,0.8224,same_model_family,0.7646,movement_reconstructed,1,32.0,46.0,56.0,0.0,0.0,0.0,0.0,0.0,0.0,0.0,0.0,0,HOLD,rds_snapshot_history,0,,,1.0,HOLD,HOLD,0.55,0.55,no urgent pricing intervention is needed,low_stock|overpriced|low_label_confidence,business_only_retail_pricing_v1,deterministic_business_heuristic,2026-06-04T19:20:03.676893+00:00,0,0.4831,0.7609,0.2749,0.1326
SP-88DFC2BCBD|2026-05-26,SP-88DFC2BCBD,,IN203470,Nike,apparel,Nike Club Boys Lifestyle Short Black/White,2026-05-26,51.2,1.71,0,14,1.0,53.99,0.0,999,30,57.2,0.7378,1,1,1,premium,0,0.0,tier1,26.32,1.15,0.0,0.0,1.2,3.0,0,0.8224,same_model_family,0.7677,movement_reconstructed,1,15.0,44.54166666666666,61.0,0.0,0.0,0.0,0.0,0.5,0.0,-14.0,-1.0,7,HOLD,rds_snapshot_history,0,,,1.0,MARKDOWN,MARKDOWN,0.98,0.98,priced above market by 74%; competitors are discounting; margin can support a markdown,low_stock|overpriced,business_only_retail_pricing_v1,deterministic_business_heuristic,2026-06-04T19:20:03.676893+00:00,1,0.656,0.9809,0.4848,0.4126
SP-8909E63A20|2026-05-19,SP-8909E63A20,,IN073618,Crocs,footwear,Crocs Bistro Slip Resistant Work Clog Unisex lifestyle Slippers Navy,2026-05-19,0.0,0.0,1,0,1.0,54.22,0.0,999,30,47.71,0.0358,1,1,1,at_market,0,1.0,tier2,21.84,1.15,0.0,0.0,1.2,3.0,0,0.8224,similar_product,0.6655,movement_reconstructed,1,46.0,59.27835051546392,66.0,0.0,0.0,0.0,0.0,0.0,0.0,0.0,0.0,0,HOLD,rds_snapshot_history,0,,,1.0,HOLD,HOLD,0.98,0.98,price is close to market; no urgent pricing intervention is needed,low_stock|weak_competitor_match,business_only_retail_pricing_v1,deterministic_business_heuristic,2026-06-04T19:20:03.676893+00:00,0,0.6383,0.3211,0.2761,0.0356
SP-8909E63A20|2026-05-26,SP-8909E63A20,,IN073618,Crocs,footwear,Crocs Bistro Slip Resistant Work Clog Unisex lifestyle Slippers Navy,2026-05-26,73.5,2.45,0,10,1.0,54.22,0.0,999,30,47.71,0.0358,1,1,1,at_market,0,0.0,tier2,21.84,1.15,0.0,0.0,1.2,3.0,0,0.8224,similar_product,0.6882,movement_reconstructed,1,46.0,57.51769331585845,66.0,0.0,0.0,0.0,0.0,0.0,0.0,-10.0,-1.0,7,HOLD,rds_snapshot_history,0,,,1.0,HOLD,HOLD,0.8844,0.8844,inventory position is balanced; price is close to market; no urgent pricing intervention is needed,low_stock|weak_competitor_match,business_only_retail_pricing_v1,deterministic_business_heuristic,2026-06-04T19:20:03.676893+00:00,0,0.7888,0.5411,0.4834,0.3156
SP-89F398D858|2026-05-19,SP-89F398D858,,4266,Teva,footwear,Teva Tirra W,2026-05-19,0.0,0.0,1,0,1.0,44.99,0.0,999,30,77.7,0.0,0,0,0,at_market,0,1.0,tier2,42.74,1.15,0.0,0.0,1.2,3.0,0,0.8224,no_match,0.0,movement_reconstructed,0,0.0,0.0,0.0,0.0,0.0,0.0,0.0,0.0,0.0,0.0,0.0,0,HOLD,rds_snapshot_history,0,,,1.0,HOLD,HOLD,0.98,0.98,price is close to market; no urgent pricing intervention is needed,low_stock|weak_competitor_match,business_only_retail_pricing_v1,deterministic_business_heuristic,2026-06-04T19:20:03.676893+00:00,0,0.8431,0.0,0.1499,0.0
SP-89F398D858|2026-05-26,SP-89F398D858,,4266,Teva,footwear,Teva Tirra W,2026-05-26,92.8,3.09,0,42,1.0,44.99,0.0,999,30,77.7,0.0,0,0,0,at_market,0,0.0,tier2,42.74,1.15,0.0,0.0,1.2,3.0,0,0.8224,no_match,0.0,movement_reconstructed,0,0.0,0.0,0.0,0.0,0.0,0.0,0.0,0.0,0.0,-18.0,-1.0,7,HOLD,rds_snapshot_history,0,,,1.0,HOLD,HOLD,0.98,0.98,inventory position is balanced; price is close to market; no urgent pricing intervention is needed,weak_competitor_match,business_only_retail_pricing_v1,deterministic_business_heuristic,2026-06-04T19:20:03.676893+00:00,0,0.9702,0.1799,0.3106,0.2426
SP-8B54A344D5|2026-05-19,SP-8B54A344D5,,IN205073,New Balance,apparel,New Balance Archive Men Lifestyle Sweatshirt Athletic Grey,2026-05-19,0.0,0.0,1,0,1.0,47.29,0.0,999,30,66.93,0.2081,1,1,1,premium,0,1.0,tier1,35.28,1.15,0.0,0.0,1.2,3.0,0,0.8224,similar_product,0.731,movement_reconstructed,1,53.0,63.5,74.0,0.0,0.0,0.0,1.0,0.0,0.0,0.0,0.0,0,HOLD,rds_snapshot_history,0,,,1.0,HOLD,HOLD,0.5619,0.5619,no urgent pricing intervention is needed,low_stock|overpriced|weak_competitor_match|low_label_confidence,business_only_retail_pricing_v1,deterministic_business_heuristic,2026-06-04T19:20:03.676893+00:00,0,0.4932,0.7112,0.2414,0.1263
SP-8B54A344D5|2026-05-26,SP-8B54A344D5,,IN205073,New Balance,apparel,New Balance Archive Men Lifestyle Sweatshirt Athletic Grey,2026-05-26,55.6,1.85,0,14,1.0,47.29,0.0,999,30,66.93,0.4024,1,1,1,premium,0,0.0,tier1,35.28,1.15,0.0,0.0,1.2,3.0,0,0.8224,same_model_family,0.7371,movement_reconstructed,1,40.0,57.1,74.0,0.0,0.0,0.0,1.0,0.0,0.0,-9.0,-1.0,7,HOLD,rds_snapshot_history,0,,,1.0,MARKDOWN,MARKDOWN,0.9275,0.9275,priced above market by 40%; competitors are discounting; margin can support a markdown,low_stock|overpriced,business_only_retail_pricing_v1,deterministic_business_heuristic,2026-06-04T19:20:03.676893+00:00,1,0.6704,0.95,0.4641,0.4126
SP-8BD0B8EFA5|2026-05-19,SP-8BD0B8EFA5,,96613,K-Swiss,footwear,K-Swiss Hypercourt Express 2 W,2026-05-19,0.0,0.0,1,0,1.0,48.0,0.0,999,30,111.0,0.0,0,0,0,at_market,0,1.0,tier2,57.72,1.15,0.0,0.0,1.2,3.0,0,0.8224,no_match,0.0,movement_reconstructed,0,0.0,0.0,0.0,0.0,0.0,0.0,1.0,0.0,0.0,0.0,0.0,0,HOLD,rds_snapshot_history,0,,,1.0,HOLD,HOLD,0.98,0.98,price is close to market; no urgent pricing intervention is needed,low_stock|weak_competitor_match,business_only_retail_pricing_v1,deterministic_business_heuristic,2026-06-04T19:20:03.676893+00:00,0,0.8431,0.0,0.165,0.0
SP-8BD0B8EFA5|2026-05-26,SP-8BD0B8EFA5,,96613,K-Swiss,footwear,K-Swiss Hypercourt Express 2 W,2026-05-26,132.6,4.42,0,42,1.0,48.0,0.0,999,30,111.0,0.0,0,0,0,at_market,0,0.0,tier2,57.72,1.15,0.0,0.0,1.2,3.0,0,0.8224,no_match,0.0,movement_reconstructed,0,0.0,0.0,0.0,0.0,0.0,0.0,0.5,0.0,0.0,-12.0,-1.0,7,CLEAR,rds_snapshot_history,0,,,1.0,HOLD,HOLD,0.98,0.98,inventory position is balanced; price is close to market; no urgent pricing intervention is needed,weak_competitor_match|stale_inventory,business_only_retail_pricing_v1,deterministic_business_heuristic,2026-06-04T19:20:03.676893+00:00,1,0.8561,0.362,0.2219,0.2778
SP-8C2C7BFBA1|2026-05-19,SP-8C2C7BFBA1,,IH1478,Adidas,footwear,"Grand Court 3.0 Shoes, White",2026-05-19,0.0,0.0,1,0,1.0,50.22,0.0,999,30,121.49,0.3004,2,1,2,premium,0,1.0,tier1,60.48,1.15,0.0,0.0,1.2,3.0,0,0.8224,exact_style,0.7924,movement_reconstructed,1,85.0,65.667,126.0,0.0,0.0,0.0,0.0,1.0,0.0,0.0,0.0,0,HOLD,rds_snapshot_history,0,,,1.0,HOLD,HOLD,0.55,0.55,no urgent pricing intervention is needed,low_stock|overpriced|low_label_confidence,business_only_retail_pricing_v1,deterministic_business_heuristic,2026-06-04T19:20:03.676893+00:00,0,0.4831,0.7435,0.2311,0.1326
SP-8C2C7BFBA1|2026-05-26,SP-8C2C7BFBA1,,IH1478,Adidas,footwear,"Grand Court 3.0 Shoes, White",2026-05-26,116.1,3.87,0,14,1.0,50.22,0.0,999,30,121.49,0.3004,2,1,2,premium,0,0.0,tier1,60.48,1.15,0.0,0.0,1.2,3.0,0,0.8224,exact_style,0.8022,movement_reconstructed,1,85.0,68.8826,126.0,0.0,0.0,0.0,0.0,1.0,0.0,-12.0,-1.0,7,HOLD,rds_snapshot_history,0,,,1.0,MARKDOWN,MARKDOWN,0.98,0.98,priced above market by 30%; competitors are discounting; stock cover is elevated (116 DOS),low_stock|overpriced,business_only_retail_pricing_v1,deterministic_business_heuristic,2026-06-04T19:20:03.676893+00:00,1,0.5339,1.114,0.3129,0.4126
SP-8CE19B7B41|2026-05-19,SP-8CE19B7B41,,IN205049,New Balance,apparel,New Balance Athletics Men Lifestyle Pant Ash Heather,2026-05-19,0.0,0.0,1,0,1.0,57.11,0.0,999,30,84.54,0.1247,1,1,1,above_market,0,1.0,tier1,36.26,1.15,0.0,0.0,1.2,3.0,0,0.8224,same_model_family,0.8171,movement_reconstructed,1,74.0,78.8,85.0,0.0,0.0,0.0,0.0,0.0,0.0,0.0,0.0,0,HOLD,rds_snapshot_history,0,,,1.0,HOLD,HOLD,0.773,0.773,no urgent pricing intervention is needed,low_stock|overpriced,business_only_retail_pricing_v1,deterministic_business_heuristic,2026-06-04T19:20:03.676893+00:00,0,0.5634,0.5548,0.2905,0.0824
SP-8CE19B7B41|2026-05-26,SP-8CE19B7B41,,IN205049,New Balance,apparel,New Balance Athletics Men Lifestyle Pant Ash Heather,2026-05-26,70.3,2.34,0,14,1.0,57.11,0.0,999,30,84.54,0.2666,1,1,1,premium,0,0.0,tier1,36.26,1.15,0.0,0.0,1.2,3.0,0,0.8224,same_model_family,0.8165,movement_reconstructed,1,62.0,77.55555555555556,85.0,0.0,0.0,0.0,0.0,0.0,0.0,-14.0,-1.0,7,HOLD,rds_snapshot_history,0,,,1.0,MARKDOWN,MARKDOWN,0.9705,0.9705,priced above market by 27%; competitors are discounting; margin can support a markdown,low_stock|overpriced,business_only_retail_pricing_v1,deterministic_business_heuristic,2026-06-04T19:20:03.676893+00:00,1,0.6838,0.9953,0.5251,0.4126
SP-8CE7A884DF|2026-05-19,SP-8CE7A884DF,,11838002,Dr. Martens,footwear,Dr. Martens 1461 Oxford Black M,2026-05-19,0.0,0.0,1,0,1.0,52.0,0.0,999,30,149.85,0.0,0,0,0,at_market,0,1.0,tier2,71.93,1.15,0.0,0.0,1.2,3.0,0,0.8224,no_match,0.0,movement_reconstructed,0,0.0,0.0,0.0,0.0,0.0,0.0,1.0,1.0,0.0,0.0,0.0,0,HOLD,rds_snapshot_history,0,,,1.0,HOLD,HOLD,0.98,0.98,price is close to market; no urgent pricing intervention is needed,low_stock|weak_competitor_match,business_only_retail_pricing_v1,deterministic_business_heuristic,2026-06-04T19:20:03.676893+00:00,0,0.8431,0.0,0.185,0.0
SP-8CE7A884DF|2026-05-26,SP-8CE7A884DF,,11838002,Dr. Martens,footwear,Dr. Martens 1461 Oxford Black M,2026-05-26,136.6,4.55,0,28,1.0,52.0,0.0,999,30,149.85,0.0,0,0,0,at_market,0,0.0,tier2,71.93,1.15,0.0,0.0,1.2,3.0,0,0.8224,no_match,0.0,movement_reconstructed,0,0.0,0.0,0.0,0.0,0.0,0.0,1.0,1.0,0.0,-12.0,-1.0,7,CLEAR,rds_snapshot_history,0,,,1.0,HOLD,HOLD,0.98,0.98,inventory position is balanced; price is close to market; no urgent pricing intervention is needed,weak_competitor_match|stale_inventory,business_only_retail_pricing_v1,deterministic_business_heuristic,2026-06-04T19:20:03.676893+00:00,1,0.8481,0.3873,0.2382,0.289
SP-8DA54A884E|2026-05-19,SP-8DA54A884E,,IX1248,Adidas,apparel,Adidas All Szn Men Sportswear Hoody Black,2026-05-19,0.0,0.0,1,0,1.0,57.29,0.0,999,30,107.34,0.3106,1,1,2,premium,0,1.0,tier1,45.84,1.15,0.0,0.0,1.2,3.0,0,0.8224,exact_style,0.8296,movement_reconstructed,1,74.0,11.876,95.0,0.0,0.0,0.0,1.0,1.0,0.0,0.0,0.0,0,HOLD,rds_snapshot_history,0,,,1.0,HOLD,HOLD,0.6093,0.6093,no urgent pricing intervention is needed,low_stock|overpriced|low_label_confidence,business_only_retail_pricing_v1,deterministic_business_heuristic,2026-06-04T19:20:03.676893+00:00,0,0.5431,0.6761,0.2664,0.0976
SP-8DA54A884E|2026-05-26,SP-8DA54A884E,,IX1248,Adidas,apparel,Adidas All Szn Men Sportswear Hoody Black,2026-05-26,75.8,2.53,0,14,1.0,57.29,0.0,999,30,107.34,0.5062,1,1,2,premium,0,0.0,tier1,45.84,1.15,0.0,0.0,1.2,3.0,0,0.8224,exact_style,0.817,movement_reconstructed,1,53.0,11.6677,95.0,0.0,0.0,0.0,1.0,1.0,0.079,-14.0,-1.0,0,HOLD,rds_snapshot_history,0,,,1.0,MARKDOWN,MARKDOWN,0.7818,0.7818,priced above market by 51%; competitors are discounting; margin can support a markdown,low_stock|overpriced,business_only_retail_pricing_v1,deterministic_business_heuristic,2026-06-04T19:20:03.676893+00:00,1,0.7258,0.8975,0.4847,0.3776
SP-8DB0F3B215|2026-05-19,SP-8DB0F3B215,,IN216414,The North Face,kids,The North Face Easy Kids Lifestyle Long Sleeve White,2026-05-19,0.0,0.0,1,0,1.0,54.62,0.0,999,30,24.79,0.0,0,0,0,at_market,0,1.0,tier1,11.25,1.15,0.0,0.0,1.2,3.0,0,0.8224,no_match,0.0,movement_reconstructed,0,0.0,0.0,0.0,0.0,0.0,0.0,1.0,1.0,0.0,0.0,0.0,0,HOLD,rds_snapshot_history,0,,,1.0,HOLD,HOLD,0.98,0.98,price is close to market; no urgent pricing intervention is needed,low_stock|weak_competitor_match,business_only_retail_pricing_v1,deterministic_business_heuristic,2026-06-04T19:20:03.676893+00:00,0,0.8431,0.0,0.1981,0.0
SP-8DB0F3B215|2026-05-26,SP-8DB0F3B215,,IN216414,The North Face,kids,The North Face Easy Kids Lifestyle Long Sleeve White,2026-05-26,65.4,2.18,0,9,1.0,54.62,0.0,999,30,24.79,0.1932,1,1,1,premium,0,0.0,tier1,11.25,1.15,0.0,0.0,1.2,3.0,0,0.8224,same_model_family,0.7615,movement_reconstructed,1,20.0,32.457142857142856,47.0,0.0,0.0,0.0,1.0,1.0,0.0844,-12.0,-1.0,0,HOLD,rds_snapshot_history,0,,,1.0,HOLD,HOLD,0.55,0.55,inventory position is balanced; no urgent pricing intervention is needed,low_stock|overpriced|low_label_confidence,business_only_retail_pricing_v1,deterministic_business_heuristic,2026-06-04T19:20:03.676893+00:00,0,0.663,0.9415,0.4999,0.3985
SP-8DEF4856DC|2026-05-19,SP-8DEF4856DC,,IN232276,Nike,footwear,Nike Air Jordan 1 Men Lifestyle Shoes Sail/Blue/Lava/White,2026-05-19,0.0,0.0,1,0,1.0,57.95,0.0,999,30,188.91,0.2166,1,1,1,premium,0,1.0,tier1,79.43,1.15,0.0,0.0,1.2,3.0,0,0.8224,same_model_family,0.8314,movement_reconstructed,1,148.0,172.2,192.0,0.0,0.0,0.0,0.0,1.0,0.0,0.0,0.0,0,HOLD,rds_snapshot_history,0,,,1.0,HOLD,HOLD,0.55,0.55,no urgent pricing intervention is needed,low_stock|overpriced|low_label_confidence,business_only_retail_pricing_v1,deterministic_business_heuristic,2026-06-04T19:20:03.676893+00:00,0,0.486,0.7738,0.2947,0.1308
SP-8DEF4856DC|2026-05-26,SP-8DEF4856DC,,IN232276,Nike,footwear,Nike Air Jordan 1 Men Lifestyle Shoes Sail/Blue/Lava/White,2026-05-26,136.6,4.55,0,10,1.0,57.95,0.0,999,30,188.91,0.2166,1,1,1,premium,0,0.0,tier1,79.43,1.15,0.0,0.0,1.2,3.0,0,0.8224,same_model_family,0.8306,movement_reconstructed,1,148.0,168.88888888888889,192.0,0.0,0.0,0.0,0.0,1.0,0.0,-9.0,-1.0,7,CLEAR,rds_snapshot_history,0,,,1.0,HOLD,HOLD,0.55,0.55,inventory position is balanced; no urgent pricing intervention is needed,low_stock|overpriced|stale_inventory|low_label_confidence,business_only_retail_pricing_v1,deterministic_business_heuristic,2026-06-04T19:20:03.676893+00:00,1,0.4514,1.1794,0.3299,0.4573
SP-8EDF34B77B|2026-05-19,SP-8EDF34B77B,,IN226849,New Balance,apparel,New Balance Athletics French Terry Logo Men Lifestyle Hoody Black,2026-05-19,0.0,0.0,1,0,1.0,55.12,0.0,999,30,96.07,0.4795,1,1,1,premium,0,1.0,tier1,43.12,1.15,0.0,0.0,1.2,3.0,0,0.8224,same_model_family,0.8274,movement_reconstructed,1,50.0,70.0,88.0,0.0,0.0,0.0,0.0,0.0,0.0,0.0,0.0,0,HOLD,rds_snapshot_history,0,,,1.0,HOLD,HOLD,0.55,0.55,no urgent pricing intervention is needed,low_stock|overpriced|low_label_confidence,business_only_retail_pricing_v1,deterministic_business_heuristic,2026-06-04T19:20:03.676893+00:00,0,0.4831,0.7661,0.2806,0.1326
SP-8EDF34B77B|2026-05-26,SP-8EDF34B77B,,IN226849,New Balance,apparel,New Balance Athletics French Terry Logo Men Lifestyle Hoody Black,2026-05-26,79.9,2.66,0,14,1.0,55.12,0.0,999,30,96.07,0.5316,1,1,1,premium,0,0.0,tier1,43.12,1.15,0.0,0.0,1.2,3.0,0,0.8224,same_model_family,0.8188,movement_reconstructed,1,45.0,68.58490566037736,88.0,0.0,0.0,0.0,0.0,0.0,0.0,-12.0,-1.0,7,HOLD,rds_snapshot_history,0,,,1.0,MARKDOWN,MARKDOWN,0.98,0.98,priced above market by 53%; competitors are discounting; margin can support a markdown,low_stock|overpriced,business_only_retail_pricing_v1,deterministic_business_heuristic,2026-06-04T19:20:03.676893+00:00,1,0.6524,0.9945,0.4849,0.4126
SP-8EE0491D9F|2026-05-19,SP-8EE0491D9F,,IN233416,ON,other,On Climate Women Running Long Sleeve Iceberg,2026-05-19,0.0,0.0,1,0,1.0,57.09,0.0,999,30,155.45,0.0672,0,0,1,above_market,0,1.0,tier1,66.7,1.15,0.0,0.0,1.2,3.0,0,0.8224,same_model_family,0.98,movement_reconstructed,1,145.0,145.0,145.0,0.0,0.0,0.0,0.0,0.0,0.0,0.0,0.0,0,HOLD,rds_snapshot_history,0,,,1.0,HOLD,HOLD,0.98,0.98,no urgent pricing intervention is needed,low_stock,business_only_retail_pricing_v1,deterministic_business_heuristic,2026-06-04T19:20:03.676893+00:00,0,0.7318,0.084,0.2404,0.0
SP-8EE0491D9F|2026-05-26,SP-8EE0491D9F,,IN233416,ON,other,On Climate Women Running Long Sleeve Iceberg,2026-05-26,136.6,4.55,0,9,1.0,57.09,0.0,999,30,155.45,0.0672,0,0,1,above_market,0,0.0,tier1,66.7,1.15,0.0,0.0,1.2,3.0,0,0.8224,same_model_family,0.98,movement_reconstructed,1,145.0,145.0,145.0,0.0,0.0,0.0,0.0,0.0,0.0,-48.0,-1.0,7,CLEAR,rds_snapshot_history,0,,,1.0,HOLD,HOLD,0.726,0.726,inventory position is balanced; no urgent pricing intervention is needed,low_stock|stale_inventory,business_only_retail_pricing_v1,deterministic_business_heuristic,2026-06-04T19:20:03.676893+00:00,1,0.6774,0.5896,0.2666,0.3086
SP-8F64E1FCBD|2026-05-19,SP-8F64E1FCBD,,JE9741,Adidas,accessories,Adidas INTER MIAMI IMCF JSY HOME Football Men,2026-05-19,0.0,0.0,1,0,1.0,60.69,0.0,999,30,74.49,0.0603,2,0,2,above_market,0,1.0,tier1,29.28,1.15,0.0,0.0,1.2,3.0,0,0.8224,exact_style,0.9576,movement_reconstructed,1,70.0,20.3339,61.0,0.0,0.0,0.0,0.0,0.0,0.0,0.0,0.0,0,HOLD,rds_snapshot_history,0,,,1.0,HOLD,HOLD,0.98,0.98,no urgent pricing intervention is needed,low_stock,business_only_retail_pricing_v1,deterministic_business_heuristic,2026-06-04T19:20:03.676893+00:00,0,0.6176,0.3773,0.245,0.0485
SP-8F64E1FCBD|2026-05-26,SP-8F64E1FCBD,,JE9741,Adidas,accessories,Adidas INTER MIAMI IMCF JSY HOME Football Men,2026-05-26,46.6,1.55,0,18,1.0,60.69,0.0,999,30,74.49,0.0603,2,0,2,above_market,0,0.0,tier1,29.28,1.15,0.0,0.0,1.2,3.0,0,0.8224,exact_style,0.9682,movement_reconstructed,1,70.0,30.5004,61.0,0.0,0.0,0.0,0.5,0.5,0.1165,-9.0,-1.0,0,PROMOTE,rds_snapshot_history,0,,,1.0,HOLD,HOLD,0.7904,0.7904,inventory position is balanced; no urgent pricing intervention is needed,,business_only_retail_pricing_v1,deterministic_business_heuristic,2026-06-04T19:20:03.676893+00:00,1,0.7754,0.5973,0.4415,0.3285
SP-8F8A2E507A|2026-05-19,SP-8F8A2E507A,,IN232094,Nike,footwear,Nike Air Jordan 1 Low Women Lifestyle Shoes Mystic Hibiscus,2026-05-19,0.0,0.0,1,0,1.0,58.87,0.0,999,30,193.14,0.2337,1,1,1,premium,0,1.0,tier1,79.43,1.15,0.0,0.0,1.2,3.0,0,0.8224,same_model_family,0.9073,movement_reconstructed,1,148.0,205.75,225.0,0.0,0.0,0.0,0.0,0.0,0.0,0.0,0.0,0,HOLD,rds_snapshot_history,0,,,1.0,HOLD,HOLD,0.55,0.55,no urgent pricing intervention is needed,low_stock|overpriced|low_label_confidence,business_only_retail_pricing_v1,deterministic_business_heuristic,2026-06-04T19:20:03.676893+00:00,0,0.4831,0.7794,0.295,0.1326
SP-8F8A2E507A|2026-05-26,SP-8F8A2E507A,,IN232094,Nike,footwear,Nike Air Jordan 1 Low Women Lifestyle Shoes Mystic Hibiscus,2026-05-26,136.6,4.55,0,11,1.0,58.87,0.0,999,30,193.14,0.2337,1,1,1,premium,0,0.0,tier1,79.43,1.15,0.0,0.0,1.2,3.0,0,0.8224,same_model_family,0.9073,movement_reconstructed,1,148.0,205.75,225.0,0.0,0.0,0.0,0.5,0.0,0.0272,-6.0,-1.0,0,CLEAR,rds_snapshot_history,0,,,1.0,HOLD,HOLD,0.55,0.55,inventory position is balanced; no urgent pricing intervention is needed,low_stock|overpriced|stale_inventory|low_label_confidence,business_only_retail_pricing_v1,deterministic_business_heuristic,2026-06-04T19:20:03.676893+00:00,1,0.4683,1.185,0.3392,0.459
SP-90BB09D2CD|2026-05-19,SP-90BB09D2CD,,IN233210,ON,apparel,On Club Collective Men Lifestyle T-Shirt Black,2026-05-19,0.0,0.0,1,0,1.0,48.59,0.0,999,30,70.68,0.2501,1,1,1,premium,0,1.0,tier1,36.34,1.15,0.0,0.0,1.2,3.0,0,0.8224,same_model_family,0.8011,movement_reconstructed,1,53.0,64.0,69.0,0.0,0.0,0.0,1.0,1.0,0.0,0.0,0.0,0,HOLD,rds_snapshot_history,0,,,1.0,HOLD,HOLD,0.55,0.55,no urgent pricing intervention is needed,low_stock|overpriced|low_label_confidence,business_only_retail_pricing_v1,deterministic_business_heuristic,2026-06-04T19:20:03.676893+00:00,0,0.4831,0.736,0.2479,0.1326
SP-90BB09D2CD|2026-05-26,SP-90BB09D2CD,,IN233210,ON,apparel,On Club Collective Men Lifestyle T-Shirt Black,2026-05-26,58.7,1.96,0,14,1.0,48.59,0.0,999,30,70.68,0.3209,1,1,1,premium,0,0.0,tier1,36.34,1.15,0.0,0.0,1.2,3.0,0,0.8224,same_model_family,0.8206,movement_reconstructed,1,48.0,63.21052631578947,69.0,0.0,0.0,0.0,1.0,1.0,0.1003,-14.0,-1.0,0,HOLD,rds_snapshot_history,0,,,1.0,MARKDOWN,MARKDOWN,0.9219,0.9219,priced above market by 32%; competitors are discounting; margin can support a markdown,low_stock|overpriced,business_only_retail_pricing_v1,deterministic_business_heuristic,2026-06-04T19:20:03.676893+00:00,1,0.6805,0.956,0.4796,0.4126
SP-9109C66E8F|2026-05-19,SP-9109C66E8F,,IN233376,ON,apparel,On 5 Inch Core Men Running Short Midnight,2026-05-19,0.0,0.0,1,0,1.0,53.99,0.0,999,30,74.98,-0.0003,0,1,1,at_market,0,1.0,tier1,34.5,1.15,0.0,0.0,1.2,3.0,0,0.8224,same_model_family,0.9016,movement_reconstructed,1,75.0,98.33333333333331,145.0,0.0,0.0,0.0,0.0,1.0,0.0,0.0,0.0,0,HOLD,rds_snapshot_history,0,,,1.0,HOLD,HOLD,0.98,0.98,price is close to market; no urgent pricing intervention is needed,low_stock,business_only_retail_pricing_v1,deterministic_business_heuristic,2026-06-04T19:20:03.676893+00:00,0,0.7631,0.0109,0.2749,0.0
SP-9109C66E8F|2026-05-26,SP-9109C66E8F,,IN233376,ON,apparel,On 5 Inch Core Men Running Short Midnight,2026-05-26,62.3,2.08,0,14,1.0,53.99,0.0,999,30,74.98,-0.0003,0,1,1,at_market,0,0.0,tier1,34.5,1.15,0.0,0.0,1.2,3.0,0,0.8224,same_model_family,0.8951,movement_reconstructed,1,75.0,101.25,145.0,0.0,0.0,0.0,0.0,1.0,0.0637,-14.0,-1.0,0,HOLD,rds_snapshot_history,0,,,1.0,HOLD,HOLD,0.98,0.98,inventory position is balanced; price is close to market; no urgent pricing intervention is needed,low_stock,business_only_retail_pricing_v1,deterministic_business_heuristic,2026-06-04T19:20:03.676893+00:00,0,0.9723,0.2309,0.5171,0.2426
SP-92437D4CE3|2026-05-19,SP-92437D4CE3,,IN213549,Nike,other,Nike Df Pacer Men Running Long Sleeve Black,2026-05-19,0.0,0.0,1,0,1.0,56.55,0.0,999,30,86.53,-0.0285,1,1,1,at_market,0,1.0,tier1,37.6,1.15,0.0,0.0,1.2,3.0,0,0.8224,similar_product,0.7576,movement_reconstructed,1,89.0,89.0,89.0,0.0,0.0,0.0,1.0,1.0,0.0,0.0,0.0,0,HOLD,rds_snapshot_history,0,,,1.0,HOLD,HOLD,0.98,0.98,price is close to market; no urgent pricing intervention is needed,low_stock|weak_competitor_match,business_only_retail_pricing_v1,deterministic_business_heuristic,2026-06-04T19:20:03.676893+00:00,0,0.6431,0.3227,0.2877,0.0326
SP-92437D4CE3|2026-05-26,SP-92437D4CE3,,IN213549,Nike,other,Nike Df Pacer Men Running Long Sleeve Black,2026-05-26,103.4,3.45,0,9,1.0,56.55,0.0,999,30,86.53,0.5608,1,1,1,premium,0,0.0,tier1,37.6,1.15,0.0,0.0,1.2,3.0,0,0.8224,same_model_family,0.7865,movement_reconstructed,1,38.0,64.54545454545455,89.0,0.0,0.0,0.0,1.0,1.0,0.0,-9.0,-1.0,7,HOLD,rds_snapshot_history,0,,,1.0,HOLD,HOLD,0.55,0.55,inventory position is balanced; no urgent pricing intervention is needed,low_stock|overpriced|low_label_confidence,business_only_retail_pricing_v1,deterministic_business_heuristic,2026-06-04T19:20:03.676893+00:00,0,0.5161,1.1214,0.3855,0.4126
SP-928176DAC9|2026-05-19,SP-928176DAC9,,IN232938,New Balance,footwear,New Balance 1440 Men Running Shoes Black,2026-05-19,0.0,0.0,1,0,1.0,60.04,0.0,999,30,133.65,0.1844,1,0,1,premium,0,1.0,tier1,53.41,1.15,0.0,0.0,1.2,3.0,0,0.8224,same_model_family,0.9484,movement_reconstructed,1,109.0,109.0,109.0,0.0,0.0,0.0,1.0,0.0,0.0,0.0,0.0,0,HOLD,rds_snapshot_history,0,,,1.0,HOLD,HOLD,0.55,0.55,no urgent pricing intervention is needed,low_stock|overpriced|low_label_confidence,business_only_retail_pricing_v1,deterministic_business_heuristic,2026-06-04T19:20:03.676893+00:00,0,0.5131,0.7232,0.245,0.1138
SP-928176DAC9|2026-05-26,SP-928176DAC9,,IN232938,New Balance,footwear,New Balance 1440 Men Running Shoes Black,2026-05-26,136.6,4.55,0,10,1.0,60.04,0.0,999,30,133.65,0.2892,1,1,1,premium,0,0.0,tier1,53.41,1.15,0.0,0.0,1.2,3.0,0,0.8224,same_model_family,0.7635,movement_reconstructed,1,95.0,112.2,150.0,0.0,0.0,0.0,1.0,0.0,0.0,-9.0,-1.0,7,CLEAR,rds_snapshot_history,0,,,1.0,HOLD,HOLD,0.55,0.55,inventory position is balanced; no urgent pricing intervention is needed,low_stock|overpriced|stale_inventory|low_label_confidence,business_only_retail_pricing_v1,deterministic_business_heuristic,2026-06-04T19:20:03.676893+00:00,1,0.4485,1.185,0.3302,0.459
SP-9358D6C153|2026-05-19,SP-9358D6C153,,,Puma,kids,FEED YOUR PUMA Backpack PRIME Kids,2026-05-19,0.0,0.0,1,0,1.0,50.37,0.0,999,30,60.45,0.0,0,0,0,at_market,0,1.0,tier2,30.0,1.15,0.0,0.0,1.2,3.0,0,0.8224,no_match,0.0,movement_reconstructed,0,0.0,0.0,0.0,0.0,0.0,0.0,1.0,1.0,0.0,0.0,0.0,0,HOLD,rds_snapshot_history,0,,,1.0,HOLD,HOLD,0.98,0.98,price is close to market; no urgent pricing intervention is needed,low_stock|weak_competitor_match,business_only_retail_pricing_v1,deterministic_business_heuristic,2026-06-04T19:20:03.676893+00:00,0,0.8431,0.0,0.1768,0.0
SP-9358D6C153|2026-05-26,SP-9358D6C153,,,Puma,kids,FEED YOUR PUMA Backpack PRIME Kids,2026-05-26,65.4,2.18,0,9,1.0,50.37,0.0,999,30,60.45,0.0,0,0,0,at_market,0,0.0,tier2,30.0,1.15,0.0,0.0,1.2,3.0,0,0.8224,no_match,0.0,movement_reconstructed,0,0.0,0.0,0.0,0.0,0.0,0.0,1.0,1.0,0.0501,-14.0,-1.0,0,HOLD,rds_snapshot_history,0,,,1.0,HOLD,HOLD,0.98,0.98,inventory position is balanced; price is close to market; no urgent pricing intervention is needed,low_stock|weak_competitor_match,business_only_retail_pricing_v1,deterministic_business_heuristic,2026-06-04T19:20:03.676893+00:00,0,1.0004,0.1742,0.3987,0.2426
SP-946B9D03B0|2026-05-19,SP-946B9D03B0,,IN233454,ON,apparel,On 3 Inch Court 2 In 1 Women Tennis Short White,2026-05-19,0.0,0.0,1,0,1.0,50.22,0.0,999,30,91.49,0.1365,1,1,1,above_market,0,1.0,tier1,45.54,1.15,0.0,0.0,1.2,3.0,0,0.8224,same_model_family,0.8379,movement_reconstructed,1,79.0,99.8,111.0,0.0,0.0,0.0,0.0,0.0,0.0,0.0,0.0,0,HOLD,rds_snapshot_history,0,,,1.0,HOLD,HOLD,0.7907,0.7907,no urgent pricing intervention is needed,low_stock|overpriced,business_only_retail_pricing_v1,deterministic_business_heuristic,2026-06-04T19:20:03.676893+00:00,0,0.5535,0.5417,0.2561,0.0886
SP-946B9D03B0|2026-05-26,SP-946B9D03B0,,IN233454,ON,apparel,On 3 Inch Court 2 In 1 Women Tennis Short White,2026-05-26,76.0,2.53,0,14,1.0,50.22,0.0,999,30,91.49,0.1365,1,1,1,above_market,0,0.0,tier1,45.54,1.15,0.0,0.0,1.2,3.0,0,0.8224,same_model_family,0.8379,movement_reconstructed,1,79.0,99.8,111.0,0.0,0.0,0.0,0.0,0.0,0.0,-14.0,-1.0,7,HOLD,rds_snapshot_history,0,,,1.0,MARKDOWN,MARKDOWN,0.5877,0.5877,priced above market by 14%; competitors are discounting; margin can support a markdown,low_stock|overpriced|low_label_confidence,business_only_retail_pricing_v1,deterministic_business_heuristic,2026-06-04T19:20:03.676893+00:00,1,0.7355,0.7634,0.4736,0.3686
SP-950A524EDF|2026-05-19,SP-950A524EDF,,IN207946,Bogner,swimwear,Bogner Nelson 2 Men Beach Swim Short Black,2026-05-19,0.0,0.0,1,0,1.0,52.08,0.0,999,30,107.42,0.0,0,0,0,at_market,0,1.0,tier3,51.48,1.45,0.3,0.0,1.7,3.0,0,0.8224,no_match,0.0,movement_reconstructed,0,0.0,0.0,0.0,0.0,0.0,0.0,0.0,1.0,0.0,0.0,0.0,0,HOLD,rds_snapshot_history,0,,,1.0,HOLD,HOLD,0.98,0.98,price is close to market; no urgent pricing intervention is needed,low_stock|weak_competitor_match,business_only_retail_pricing_v1,deterministic_business_heuristic,2026-06-04T19:20:03.676893+00:00,0,0.8431,0.0,0.3604,0.0
SP-950A524EDF|2026-05-26,SP-950A524EDF,,IN207946,Bogner,swimwear,Bogner Nelson 2 Men Beach Swim Short Black,2026-05-26,171.1,5.7,0,9,1.0,52.08,0.0,999,30,107.42,0.4042,1,1,1,premium,0,0.0,tier3,51.48,1.45,0.3,0.0,1.7,3.0,0,0.8224,same_model_family,0.9259,movement_reconstructed,1,64.0,84.7741935483871,105.0,0.0,0.0,0.0,0.0,1.0,0.0,-9.0,-1.0,7,CLEAR,rds_snapshot_history,0,,,1.0,HOLD,HOLD,0.55,0.55,inventory position is balanced; no urgent pricing intervention is needed,low_stock|overpriced|stale_inventory|low_label_confidence,business_only_retail_pricing_v1,deterministic_business_heuristic,2026-06-04T19:20:03.676893+00:00,1,0.3601,1.2168,0.4346,0.5556
SP-95F89E6174|2026-05-19,SP-95F89E6174,,IN222361,Nike,accessories,Nike Academy Team S Unisex Training Bags Cases And Luggage Black/White,2026-05-19,0.0,0.0,1,0,1.0,59.24,0.0,999,30,68.03,0.0,0,0,0,at_market,0,1.0,tier1,27.73,1.15,0.0,0.0,1.2,3.0,0,0.8224,no_match,0.0,movement_reconstructed,0,0.0,0.0,0.0,0.0,0.0,0.0,0.0,0.0,0.0,0.0,0.0,0,HOLD,rds_snapshot_history,0,,,1.0,HOLD,HOLD,0.98,0.98,price is close to market; no urgent pricing intervention is needed,low_stock|weak_competitor_match,business_only_retail_pricing_v1,deterministic_business_heuristic,2026-06-04T19:20:03.676893+00:00,0,0.8431,0.0,0.215,0.0
SP-95F89E6174|2026-05-26,SP-95F89E6174,,IN222361,Nike,accessories,Nike Academy Team S Unisex Training Bags Cases And Luggage Black/White,2026-05-26,50.0,1.67,0,18,1.0,59.24,0.0,999,30,68.03,0.0,0,0,0,at_market,0,0.0,tier1,27.73,1.15,0.0,0.0,1.2,3.0,0,0.8224,no_match,0.0,movement_reconstructed,0,0.0,0.0,0.0,0.0,0.0,0.0,0.0,0.0,0.0,-40.0,-1.0,7,PROMOTE,rds_snapshot_history,0,,,1.0,HOLD,HOLD,0.98,0.98,inventory position is balanced; price is close to market; no urgent pricing intervention is needed,weak_competitor_match,business_only_retail_pricing_v1,deterministic_business_heuristic,2026-06-04T19:20:03.676893+00:00,1,1.0121,0.2094,0.4214,0.2426
SP-966ED5B129|2026-05-19,SP-966ED5B129,,IN233465,ON,football_boots,On Studio High Waist Women Training 7/8 Tight Black,2026-05-19,0.0,0.0,1,0,1.0,53.51,0.0,999,30,143.48,0.0,0,0,0,at_market,0,1.0,tier1,66.7,1.15,0.0,0.0,1.2,3.0,0,0.8224,no_match,0.0,movement_reconstructed,0,0.0,0.0,0.0,0.0,0.0,0.0,1.0,1.0,0.0,0.0,0.0,0,HOLD,rds_snapshot_history,0,,,1.0,HOLD,HOLD,0.98,0.98,price is close to market; no urgent pricing intervention is needed,low_stock|weak_competitor_match,business_only_retail_pricing_v1,deterministic_business_heuristic,2026-06-04T19:20:03.676893+00:00,0,0.8431,0.0,0.2051,0.0
SP-966ED5B129|2026-05-26,SP-966ED5B129,,IN233465,ON,football_boots,On Studio High Waist Women Training 7/8 Tight Black,2026-05-26,156.1,5.2,0,7,1.0,53.51,0.0,999,30,143.48,0.0,0,0,0,at_market,0,0.0,tier1,66.7,1.15,0.0,0.0,1.2,3.0,0,0.8224,no_match,0.0,movement_reconstructed,0,0.0,0.0,0.0,0.0,0.0,0.0,1.0,1.0,0.0,-10.0,-1.0,7,CLEAR,rds_snapshot_history,0,,,1.0,HOLD,HOLD,0.98,0.98,price is close to market; no urgent pricing intervention is needed,low_stock|weak_competitor_match|stale_inventory,business_only_retail_pricing_v1,deterministic_business_heuristic,2026-06-04T19:20:03.676893+00:00,1,0.8703,0.3277,0.1953,0.2936
SP-9775ACFE6C|2026-05-19,SP-9775ACFE6C,,IN204251,Crocs,kids,Crocs Classic Neo Puff Kids Lifestyle After Ski Navy/Gum,2026-05-19,0.0,0.0,1,0,1.0,55.02,0.0,999,30,57.8,0.0,0,0,0,at_market,0,1.0,tier2,26.0,1.15,0.0,0.0,1.2,3.0,0,0.8224,no_match,0.0,movement_reconstructed,0,0.0,0.0,0.0,0.0,0.0,0.0,0.0,0.0,0.0,0.0,0.0,0,HOLD,rds_snapshot_history,0,,,1.0,HOLD,HOLD,0.98,0.98,price is close to market; no urgent pricing intervention is needed,low_stock|weak_competitor_match,business_only_retail_pricing_v1,deterministic_business_heuristic,2026-06-04T19:20:03.676893+00:00,0,0.8431,0.0,0.2001,0.0
SP-9775ACFE6C|2026-05-26,SP-9775ACFE6C,,IN204251,Crocs,kids,Crocs Classic Neo Puff Kids Lifestyle After Ski Navy/Gum,2026-05-26,65.4,2.18,0,9,1.0,55.02,0.0,999,30,57.8,0.1349,1,1,1,above_market,0,0.0,tier2,26.0,1.15,0.0,0.0,1.2,3.0,0,0.8224,same_model_family,0.9466,movement_reconstructed,1,50.0,50.0,50.0,0.0,0.0,0.0,0.0,0.0,0.0,-12.0,-1.0,7,HOLD,rds_snapshot_history,0,,,1.0,HOLD,HOLD,0.55,0.55,inventory position is balanced; no urgent pricing intervention is needed,low_stock|overpriced|low_label_confidence,business_only_retail_pricing_v1,deterministic_business_heuristic,2026-06-04T19:20:03.676893+00:00,0,0.7121,0.7813,0.5019,0.3678
SP-97D88E812C|2026-05-19,SP-97D88E812C,,J1GD2403,Mizuno,footwear,Mizuno Wave Rider 28 W,2026-05-19,0.0,0.0,1,0,1.0,50.0,0.0,999,30,155.4,0.0,0,0,0,at_market,0,1.0,tier2,77.7,1.15,0.0,0.0,1.2,3.0,0,0.8224,no_match,0.0,movement_reconstructed,0,0.0,0.0,0.0,0.0,0.0,0.0,1.0,1.0,0.0,0.0,0.0,0,HOLD,rds_snapshot_history,0,,,1.0,HOLD,HOLD,0.98,0.98,price is close to market; no urgent pricing intervention is needed,low_stock|weak_competitor_match,business_only_retail_pricing_v1,deterministic_business_heuristic,2026-06-04T19:20:03.676893+00:00,0,0.8431,0.0,0.175,0.0
SP-97D88E812C|2026-05-26,SP-97D88E812C,,J1GD2403,Mizuno,footwear,Mizuno Wave Rider 28 W,2026-05-26,136.6,4.55,0,42,1.0,50.0,0.0,999,30,155.4,0.0,0,0,0,at_market,0,0.0,tier2,77.7,1.15,0.0,0.0,1.2,3.0,0,0.8224,no_match,0.0,movement_reconstructed,0,0.0,0.0,0.0,0.0,0.0,0.0,1.0,1.0,0.0,-9.0,-1.0,7,CLEAR,rds_snapshot_history,0,,,1.0,HOLD,HOLD,0.98,0.98,inventory position is balanced; price is close to market; no urgent pricing intervention is needed,weak_competitor_match|stale_inventory,business_only_retail_pricing_v1,deterministic_business_heuristic,2026-06-04T19:20:03.676893+00:00,1,0.8481,0.3781,0.2282,0.289
SP-98266B6693|2026-05-19,SP-98266B6693,,IN219864,ON,apparel,On All-Day Joggers Men Lifestyle Pant Black,2026-05-19,0.0,0.0,1,0,1.0,56.16,0.0,999,30,187.81,0.0469,0,0,1,at_market,0,1.0,tier1,82.34,1.15,0.0,0.0,1.2,3.0,0,0.8224,same_model_family,0.98,movement_reconstructed,1,179.0,179.0,179.0,0.0,0.0,0.0,1.0,1.0,0.0,0.0,0.0,0,HOLD,rds_snapshot_history,0,,,1.0,HOLD,HOLD,0.98,0.98,price is close to market; no urgent pricing intervention is needed,low_stock,business_only_retail_pricing_v1,deterministic_business_heuristic,2026-06-04T19:20:03.676893+00:00,0,0.7489,0.0476,0.2358,0.0
SP-98266B6693|2026-05-26,SP-98266B6693,,IN219864,ON,apparel,On All-Day Joggers Men Lifestyle Pant Black,2026-05-26,95.0,3.17,0,14,1.0,56.16,0.0,999,30,187.81,0.3717,1,1,1,premium,0,0.0,tier1,82.34,1.15,0.0,0.0,1.2,3.0,0,0.8224,same_model_family,0.9277,movement_reconstructed,1,118.0,154.6,179.0,0.0,0.0,0.0,1.0,1.0,0.0,-9.0,-1.0,7,HOLD,rds_snapshot_history,0,,,1.0,MARKDOWN,MARKDOWN,0.98,0.98,priced above market by 37%; competitors are discounting; stock cover is elevated (95 DOS),low_stock|overpriced,business_only_retail_pricing_v1,deterministic_business_heuristic,2026-06-04T19:20:03.676893+00:00,1,0.603,1.1052,0.439,0.4126
SP-984922E582|2026-05-19,SP-984922E582,,IN221020,Crocs,accessories,Crocs 3D Beach Umbrella Unisex Lifestyle Jibbitz Charm,2026-05-19,0.0,0.0,1,0,1.0,53.43,0.0,999,30,6.7,0.1045,0,1,1,above_market,0,1.0,tier2,3.12,1.15,0.0,0.0,1.2,3.0,0,0.8224,same_model_family,0.8544,movement_reconstructed,1,6.0,8.731707317073171,23.0,0.0,0.0,0.0,0.0,0.0,0.0,0.0,0.0,0,HOLD,rds_snapshot_history,0,,,1.0,HOLD,HOLD,0.98,0.98,no urgent pricing intervention is needed,low_stock,business_only_retail_pricing_v1,deterministic_business_heuristic,2026-06-04T19:20:03.676893+00:00,0,0.7004,0.126,0.2721,0.0018
SP-984922E582|2026-05-26,SP-984922E582,,IN221020,Crocs,accessories,Crocs 3D Beach Umbrella Unisex Lifestyle Jibbitz Charm,2026-05-26,45.2,1.51,0,18,1.0,53.43,0.0,999,30,6.7,0.1045,0,1,1,above_market,0,0.0,tier2,3.12,1.15,0.0,0.0,1.2,3.0,0,0.8224,same_model_family,0.8522,movement_reconstructed,1,6.0,8.899850523168908,23.0,0.0,0.0,0.0,0.0,0.0,0.0,-10.0,-1.0,7,PROMOTE,rds_snapshot_history,0,,,1.0,HOLD,HOLD,0.98,0.98,inventory position is balanced; no urgent pricing intervention is needed,,business_only_retail_pricing_v1,deterministic_business_heuristic,2026-06-04T19:20:03.676893+00:00,1,0.8536,0.446,0.4645,0.2818
SP-9AA8578AF3|2026-05-19,SP-9AA8578AF3,,IN234702,New Balance,accessories,New Balance 47 Clean Up Unisex Lifestyle Cap Black,2026-05-19,0.0,0.0,1,0,1.0,46.79,0.0,999,30,32.23,0.2243,1,1,1,premium,0,1.0,tier1,17.15,1.15,0.0,0.0,1.2,3.0,0,0.8224,same_model_family,0.7502,movement_reconstructed,1,25.0,31.5,39.0,0.0,0.0,0.0,1.0,1.0,0.0,0.0,0.0,0,HOLD,rds_snapshot_history,0,,,1.0,HOLD,HOLD,0.55,0.55,no urgent pricing intervention is needed,low_stock|overpriced|low_label_confidence,business_only_retail_pricing_v1,deterministic_business_heuristic,2026-06-04T19:20:03.676893+00:00,0,0.4831,0.7277,0.2389,0.1326
SP-9AA8578AF3|2026-05-26,SP-9AA8578AF3,,IN234702,New Balance,accessories,New Balance 47 Clean Up Unisex Lifestyle Cap Black,2026-05-26,45.2,1.51,0,18,1.0,46.79,0.0,999,30,32.23,0.2243,1,1,1,premium,0,0.0,tier1,17.15,1.15,0.0,0.0,1.2,3.0,0,0.8224,same_model_family,0.7454,movement_reconstructed,1,25.0,31.15384615384616,39.0,0.0,0.0,0.0,1.0,1.0,0.0448,-14.0,-1.0,0,PROMOTE,rds_snapshot_history,0,,,1.0,MARKDOWN,MARKDOWN,0.9704,0.9704,priced above market by 22%; competitors are discounting; margin can support a markdown,overpriced,business_only_retail_pricing_v1,deterministic_business_heuristic,2026-06-04T19:20:03.676893+00:00,1,0.6363,0.9477,0.4313,0.4126
SP-9D3EC934A6|2026-05-19,SP-9D3EC934A6,,IN204429,Nike,accessories,Nike Academy Team M Unisex Training Bag Black/White,2026-05-19,0.0,0.0,1,0,1.0,59.26,0.0,999,30,77.29,0.0038,0,0,1,at_market,0,1.0,tier1,31.49,1.15,0.0,0.0,1.2,3.0,0,0.8224,same_model_family,0.9056,movement_reconstructed,1,77.0,77.0,77.0,0.0,0.0,0.0,1.0,1.0,0.0,0.0,0.0,0,HOLD,rds_snapshot_history,0,,,1.0,HOLD,HOLD,0.98,0.98,price is close to market; no urgent pricing intervention is needed,low_stock,business_only_retail_pricing_v1,deterministic_business_heuristic,2026-06-04T19:20:03.676893+00:00,0,0.7631,0.0294,0.245,0.0
SP-9D3EC934A6|2026-05-26,SP-9D3EC934A6,,IN204429,Nike,accessories,Nike Academy Team M Unisex Training Bag Black/White,2026-05-26,56.8,1.89,0,18,1.0,59.26,0.0,999,30,77.29,0.0038,0,0,1,at_market,0,0.0,tier1,31.49,1.15,0.0,0.0,1.2,3.0,0,0.8224,same_model_family,0.9056,movement_reconstructed,1,77.0,77.0,77.0,0.0,0.0,0.0,1.0,1.0,0.0,-9.0,-1.0,7,PROMOTE,rds_snapshot_history,0,,,1.0,PROMOTE,PROMOTE,0.55,0.55,strong seasonality (1.15); healthy stock position (57 DOS); margin supports promotion,low_label_confidence,business_only_retail_pricing_v1,deterministic_business_heuristic,2026-06-04T19:20:03.676893+00:00,0,0.9543,0.2494,0.4711,0.2426
SP-9DB6B598F6|2026-05-19,SP-9DB6B598F6,,ID8887,Adidas,footwear,"4Dfwd 4 Running Shoes, White",2026-05-19,0.0,0.0,1,0,1.0,58.05,0.0,999,30,145.33,0.1261,1,0,1,above_market,0,1.0,tier1,60.96,1.15,0.0,0.0,1.2,3.0,0,0.8224,exact_style,1.0,movement_reconstructed,1,127.0,127.0,127.0,0.0,0.0,0.0,0.0,0.0,0.0,0.0,0.0,0,HOLD,rds_snapshot_history,0,,,1.0,HOLD,HOLD,0.7644,0.7644,no urgent pricing intervention is needed,low_stock|overpriced,business_only_retail_pricing_v1,deterministic_business_heuristic,2026-06-04T19:20:03.676893+00:00,0,0.5622,0.5612,0.245,0.0831
SP-9DB6B598F6|2026-05-26,SP-9DB6B598F6,,ID8887,Adidas,footwear,"4Dfwd 4 Running Shoes, White",2026-05-26,116.1,3.87,0,12,1.0,58.05,0.0,999,30,145.33,-0.0321,2,1,2,at_market,0,0.0,tier1,60.96,1.15,0.0,0.0,1.2,3.0,0,0.8224,exact_style,0.925,movement_reconstructed,1,150.0,80.8188,127.0,0.0,0.0,0.0,0.0,0.0,0.0,-88.0,-1.0,7,HOLD,rds_snapshot_history,0,,,1.0,HOLD,HOLD,0.6499,0.6499,inventory position is balanced; price is close to market; no urgent pricing intervention is needed,low_stock|low_label_confidence,business_only_retail_pricing_v1,deterministic_business_heuristic,2026-06-04T19:20:03.676893+00:00,0,0.6939,0.6199,0.3526,0.3126
SP-9DE0BC17BB|2026-05-19,SP-9DE0BC17BB,,IN226859,New Balance,apparel,New Balance Athletics Graphic Men Performanc T-Shirt Black,2026-05-19,0.0,0.0,1,0,1.0,60.32,0.0,999,30,48.16,0.1902,1,1,1,premium,0,1.0,tier1,19.11,1.15,0.0,0.0,1.2,3.0,0,0.8224,same_model_family,0.8549,movement_reconstructed,1,39.0,44.0,49.0,0.0,0.0,0.0,1.0,1.0,0.0,0.0,0.0,0,HOLD,rds_snapshot_history,0,,,1.0,HOLD,HOLD,0.55,0.55,no urgent pricing intervention is needed,low_stock|overpriced|low_label_confidence,business_only_retail_pricing_v1,deterministic_business_heuristic,2026-06-04T19:20:03.676893+00:00,0,0.5082,0.7324,0.295,0.1169
SP-9DE0BC17BB|2026-05-26,SP-9DE0BC17BB,,IN226859,New Balance,apparel,New Balance Athletics Graphic Men Performanc T-Shirt Black,2026-05-26,51.2,1.71,0,14,1.0,60.32,0.0,999,30,48.16,0.1902,1,1,1,premium,0,0.0,tier1,19.11,1.15,0.0,0.0,1.2,3.0,0,0.8224,same_model_family,0.8415,movement_reconstructed,1,39.0,45.25,49.0,0.0,0.0,0.0,1.0,1.0,0.1959,-10.0,-1.0,0,HOLD,rds_snapshot_history,0,,,1.0,MARKDOWN,MARKDOWN,0.9163,0.9163,priced above market by 19%; competitors are discounting; margin can support a markdown,low_stock|overpriced,business_only_retail_pricing_v1,deterministic_business_heuristic,2026-06-04T19:20:03.676893+00:00,1,0.6811,0.9524,0.5049,0.3969
SP-9E192AAE8B|2026-05-19,SP-9E192AAE8B,,IN223598,New Balance,footwear,New Balance 1906R Women Lifestyle Shoes Silver Metalic,2026-05-19,0.0,0.0,1,0,1.0,44.01,0.0,999,30,176.78,0.2533,1,1,1,premium,0,1.0,tier1,98.98,1.15,0.0,0.0,1.2,3.0,0,0.8224,same_model_family,0.8226,movement_reconstructed,1,132.0,176.0,202.0,0.0,0.0,0.0,0.0,0.0,0.0,0.0,0.0,0,HOLD,rds_snapshot_history,0,,,1.0,HOLD,HOLD,0.5569,0.5569,no urgent pricing intervention is needed,low_stock|overpriced|low_label_confidence,business_only_retail_pricing_v1,deterministic_business_heuristic,2026-06-04T19:20:03.676893+00:00,0,0.4831,0.7149,0.225,0.1326
SP-9E192AAE8B|2026-05-26,SP-9E192AAE8B,,IN223598,New Balance,footwear,New Balance 1906R Women Lifestyle Shoes Silver Metalic,2026-05-26,136.6,4.55,0,12,1.0,44.01,0.0,999,30,176.78,0.2533,1,1,1,premium,0,0.0,tier1,98.98,1.15,0.0,0.0,1.2,3.0,0,0.8224,same_model_family,0.8235,movement_reconstructed,1,132.0,172.85714285714286,202.0,0.0,0.0,0.0,0.5,0.5,0.0744,-9.0,-1.0,0,CLEAR,rds_snapshot_history,0,,,1.0,MARKDOWN,MARKDOWN,0.98,0.98,priced above market by 25%; competitors are discounting; stock cover is elevated (137 DOS),low_stock|overpriced|stale_inventory,business_only_retail_pricing_v1,deterministic_business_heuristic,2026-06-04T19:20:03.676893+00:00,1,0.4881,1.1205,0.2782,0.459
SP-9E98D31333|2026-05-19,SP-9E98D31333,,IN202162,New Balance,apparel,New Balance Athletics Men Lifestyle T-Shirt Ash Heather,2026-05-19,0.0,0.0,1,0,1.0,59.5,0.0,999,30,59.28,0.4265,1,1,1,premium,0,1.0,tier1,24.01,1.15,0.0,0.0,1.2,3.0,0,0.8224,same_model_family,0.7471,movement_reconstructed,1,34.0,41.66666666666666,55.0,0.0,0.0,0.0,0.0,0.0,0.0,0.0,0.0,0,HOLD,rds_snapshot_history,0,,,1.0,HOLD,HOLD,0.55,0.55,no urgent pricing intervention is needed,low_stock|overpriced|low_label_confidence,business_only_retail_pricing_v1,deterministic_business_heuristic,2026-06-04T19:20:03.676893+00:00,0,0.4831,0.7794,0.295,0.1326
SP-9E98D31333|2026-05-26,SP-9E98D31333,,IN202162,New Balance,apparel,New Balance Athletics Men Lifestyle T-Shirt Ash Heather,2026-05-26,51.2,1.71,0,14,1.0,59.5,0.0,999,30,59.28,0.4265,1,1,1,premium,0,0.0,tier1,24.01,1.15,0.0,0.0,1.2,3.0,0,0.8224,same_model_family,0.7534,movement_reconstructed,1,34.0,41.84848484848485,55.0,0.0,0.0,0.0,0.0,0.0,0.0,-14.0,-1.0,7,HOLD,rds_snapshot_history,0,,,1.0,MARKDOWN,MARKDOWN,0.98,0.98,priced above market by 43%; competitors are discounting; margin can support a markdown,low_stock|overpriced,business_only_retail_pricing_v1,deterministic_business_heuristic,2026-06-04T19:20:03.676893+00:00,1,0.656,0.9994,0.5049,0.4126
SP-9EF0AF0731|2026-05-19,SP-9EF0AF0731,,IN221083,Crocs,footwear,Crocs Bae Clog Women Lifestyle Orangesicle,2026-05-19,0.0,0.0,1,0,1.0,43.36,0.0,999,30,77.12,-0.0892,0,0,1,below_market,0,1.0,tier2,43.68,1.15,0.0,0.0,1.2,3.0,0,0.8224,same_model_family,0.9771,movement_reconstructed,1,84.0,84.0,84.0,0.0,0.0,0.0,0.0,0.0,0.0,0.0,0.0,0,HOLD,rds_snapshot_history,0,,,1.0,HOLD,HOLD,0.98,0.98,no urgent pricing intervention is needed,low_stock,business_only_retail_pricing_v1,deterministic_business_heuristic,2026-06-04T19:20:03.676893+00:00,0,0.7931,0.0,0.2355,0.0
SP-9EF0AF0731|2026-05-26,SP-9EF0AF0731,,IN221083,Crocs,footwear,Crocs Bae Clog Women Lifestyle Orangesicle,2026-05-26,92.1,3.07,0,10,1.0,43.36,0.0,999,30,77.12,-0.0892,0,0,1,below_market,0,0.0,tier2,43.68,1.15,0.0,0.0,1.2,3.0,0,0.8224,same_model_family,0.9771,movement_reconstructed,1,84.0,84.0,84.0,0.0,0.0,0.0,0.0,0.0,0.0,-48.0,-1.0,7,HOLD,rds_snapshot_history,0,,,1.0,HOLD,HOLD,0.98,0.98,inventory position is balanced; no urgent pricing intervention is needed,low_stock,business_only_retail_pricing_v1,deterministic_business_heuristic,2026-06-04T19:20:03.676893+00:00,0,0.8829,0.2112,0.3805,0.2426
SP-A09457D613|2026-05-19,SP-A09457D613,,IN235324,Nike,footwear,Nike Air Force 1 '07 Next Nature Women Lifestyle Shoes White/Linen,2026-05-19,0.0,0.0,1,0,1.0,52.57,0.0,999,30,205.13,-0.0091,0,0,1,at_market,0,1.0,tier1,97.29,1.15,0.0,0.0,1.2,3.0,0,0.8224,same_model_family,0.98,movement_reconstructed,1,207.0,207.0,207.0,0.0,0.0,0.0,0.0,0.0,0.0,0.0,0.0,0,HOLD,rds_snapshot_history,0,,,1.0,HOLD,HOLD,0.98,0.98,price is close to market; no urgent pricing intervention is needed,low_stock,business_only_retail_pricing_v1,deterministic_business_heuristic,2026-06-04T19:20:03.676893+00:00,0,0.7631,0.0044,0.2178,0.0
SP-A09457D613|2026-05-26,SP-A09457D613,,IN235324,Nike,footwear,Nike Air Force 1 '07 Next Nature Women Lifestyle Shoes White/Linen,2026-05-26,136.6,4.55,0,12,1.0,52.57,0.0,999,30,205.13,-0.0091,0,0,1,at_market,0,0.0,tier1,97.29,1.15,0.0,0.0,1.2,3.0,0,0.8224,same_model_family,0.98,movement_reconstructed,1,207.0,207.0,207.0,0.0,0.0,0.0,0.0,0.0,0.0,-35.0,-1.0,7,CLEAR,rds_snapshot_history,0,,,1.0,HOLD,HOLD,0.98,0.98,inventory position is balanced; price is close to market; no urgent pricing intervention is needed,low_stock|stale_inventory,business_only_retail_pricing_v1,deterministic_business_heuristic,2026-06-04T19:20:03.676893+00:00,1,0.7681,0.43,0.271,0.289
SP-A0C279D81B|2026-05-19,SP-A0C279D81B,,IN209467,New Balance,footwear,New Balance 327 Men Lifestyle Shoes Black/White,2026-05-19,0.0,0.0,1,0,1.0,53.85,0.0,999,30,179.43,0.1083,1,1,1,above_market,0,1.0,tier1,82.81,1.15,0.0,0.0,1.2,3.0,0,0.8224,same_model_family,0.7891,movement_reconstructed,1,160.0,182.16666666666663,255.0,0.0,0.0,0.0,0.0,0.0,0.0,0.0,0.0,0,HOLD,rds_snapshot_history,0,,,1.0,HOLD,HOLD,0.8282,0.8282,no urgent pricing intervention is needed,low_stock,business_only_retail_pricing_v1,deterministic_business_heuristic,2026-06-04T19:20:03.676893+00:00,0,0.5772,0.5139,0.2742,0.0738
SP-A0C279D81B|2026-05-26,SP-A0C279D81B,,IN209467,New Balance,footwear,New Balance 327 Men Lifestyle Shoes Black/White,2026-05-26,136.6,4.55,0,13,1.0,53.85,0.0,999,30,179.43,0.1083,1,1,1,above_market,0,0.0,tier1,82.81,1.15,0.0,0.0,1.2,3.0,0,0.8224,same_model_family,0.7878,movement_reconstructed,1,160.0,182.85365853658536,255.0,0.0,0.0,0.0,0.0,0.0,0.0,-12.0,-1.0,7,CLEAR,rds_snapshot_history,0,,,1.0,MARKDOWN,MARKDOWN,0.98,0.98,priced above market by 11%; competitors are discounting; stock cover is elevated (137 DOS),low_stock|stale_inventory,business_only_retail_pricing_v1,deterministic_business_heuristic,2026-06-04T19:20:03.676893+00:00,1,0.5822,0.9195,0.3274,0.4003
SP-A2AD690C12|2026-05-19,SP-A2AD690C12,,IN233478,ON,accessories,On All Day Unisex Lifestyle Cap Navy,2026-05-19,0.0,0.0,1,0,1.0,60.05,0.0,999,30,67.94,-0.1039,0,0,1,below_market,0,1.0,tier1,27.14,1.15,0.0,0.0,1.2,3.0,0,0.8224,similar_product,0.723,movement_reconstructed,1,75.0,75.0,75.0,0.0,0.0,0.0,0.0,0.0,0.0,0.0,0.0,0,HOLD,rds_snapshot_history,0,,,1.0,HOLD,HOLD,0.98,0.98,no urgent pricing intervention is needed,low_stock|weak_competitor_match,business_only_retail_pricing_v1,deterministic_business_heuristic,2026-06-04T19:20:03.676893+00:00,0,0.7931,0.0294,0.3146,0.0
SP-A2AD690C12|2026-05-26,SP-A2AD690C12,,IN233478,ON,accessories,On All Day Unisex Lifestyle Cap Navy,2026-05-26,50.0,1.67,0,18,1.0,60.05,0.0,999,30,67.94,-0.1039,0,0,1,below_market,0,0.0,tier1,27.14,1.15,0.0,0.0,1.2,3.0,0,0.8224,similar_product,0.723,movement_reconstructed,1,75.0,75.0,75.0,0.0,0.0,0.0,0.0,0.0,0.0,-35.0,-1.0,7,PROMOTE,rds_snapshot_history,0,,,1.0,PROMOTE,PROMOTE,0.55,0.55,strong seasonality (1.15); healthy stock position (50 DOS); margin supports promotion,weak_competitor_match|low_label_confidence,business_only_retail_pricing_v1,deterministic_business_heuristic,2026-06-04T19:20:03.676893+00:00,0,0.9621,0.2494,0.5209,0.2426
SP-A2C7D98A61|2026-05-19,SP-A2C7D98A61,,IN224311,Billabong,swimwear,Billabong All Day Layback Boys Beach Swim Short Lemon,2026-05-19,0.0,0.0,1,0,1.0,50.08,0.0,999,30,24.04,0.0017,1,0,1,at_market,0,1.0,tier3,12.0,1.45,0.3,0.0,1.7,3.0,0,0.8224,same_model_family,0.7845,movement_reconstructed,1,24.0,44.0,49.0,0.0,0.0,0.0,0.0,0.0,0.0,0.0,0.0,0,HOLD,rds_snapshot_history,0,,,1.0,HOLD,HOLD,0.98,0.98,price is close to market; no urgent pricing intervention is needed,low_stock,business_only_retail_pricing_v1,deterministic_business_heuristic,2026-06-04T19:20:03.676893+00:00,0,0.6431,0.2929,0.3804,0.0326
SP-A2C7D98A61|2026-05-26,SP-A2C7D98A61,,IN224311,Billabong,swimwear,Billabong All Day Layback Boys Beach Swim Short Lemon,2026-05-26,98.0,3.27,0,9,1.0,50.08,0.0,999,30,24.04,0.3344,1,1,1,premium,0,0.0,tier3,12.0,1.45,0.3,0.0,1.7,3.0,0,0.8224,same_model_family,0.8442,movement_reconstructed,1,16.0,29.405405405405407,49.0,0.0,0.0,0.0,0.0,0.0,0.0,-14.0,-1.0,7,HOLD,rds_snapshot_history,0,,,1.0,HOLD,HOLD,0.55,0.55,inventory position is balanced; no urgent pricing intervention is needed,low_stock|overpriced|low_label_confidence,business_only_retail_pricing_v1,deterministic_business_heuristic,2026-06-04T19:20:03.676893+00:00,0,0.5337,1.0823,0.5464,0.4126
SP-A2D46F25B1|2026-05-19,SP-A2D46F25B1,,JI2321,Adidas,footwear,"Barreda Decode Shoes, White",2026-05-19,0.0,0.0,1,0,1.0,55.59,0.0,999,30,136.18,-0.006,1,0,2,at_market,0,1.0,tier1,60.48,1.15,0.0,0.0,1.2,3.0,0,0.8224,exact_style,0.8763,movement_reconstructed,1,137.0,69.3338,126.0,0.0,0.0,0.0,0.0,0.0,0.0,0.0,0.0,0,HOLD,rds_snapshot_history,0,,,1.0,HOLD,HOLD,0.98,0.98,price is close to market; no urgent pricing intervention is needed,low_stock,business_only_retail_pricing_v1,deterministic_business_heuristic,2026-06-04T19:20:03.676893+00:00,0,0.7031,0.1183,0.2329,0.0
SP-A2D46F25B1|2026-05-26,SP-A2D46F25B1,,JI2321,Adidas,footwear,"Barreda Decode Shoes, White",2026-05-26,116.1,3.87,0,13,1.0,55.59,0.0,999,30,136.18,-0.006,0,0,2,at_market,0,0.0,tier1,60.48,1.15,0.0,0.0,1.2,3.0,0,0.8224,exact_style,0.8817,movement_reconstructed,1,137.0,72.8005,126.0,0.0,0.0,0.0,0.0,0.0,0.0,-13.0,-1.0,7,HOLD,rds_snapshot_history,0,,,1.0,HOLD,HOLD,0.98,0.98,inventory position is balanced; price is close to market; no urgent pricing intervention is needed,low_stock,business_only_retail_pricing_v1,deterministic_business_heuristic,2026-06-04T19:20:03.676893+00:00,0,0.8139,0.4088,0.3147,0.2426
SP-A2F2F1E782|2026-05-19,SP-A2F2F1E782,,,Puma,football_boots,FUTURE 7 ULTIMATE FG36-45,2026-05-19,0.0,0.0,1,0,1.0,51.73,0.0,999,30,77.68,0.0,0,0,0,at_market,0,1.0,tier2,37.5,1.15,0.0,0.0,1.2,3.0,0,0.8224,no_match,0.0,movement_reconstructed,0,0.0,0.0,0.0,0.0,0.0,0.0,1.0,1.0,0.0,0.0,0.0,0,HOLD,rds_snapshot_history,0,,,1.0,HOLD,HOLD,0.98,0.98,price is close to market; no urgent pricing intervention is needed,low_stock|weak_competitor_match,business_only_retail_pricing_v1,deterministic_business_heuristic,2026-06-04T19:20:03.676893+00:00,0,0.8431,0.0,0.1962,0.0
SP-A2F2F1E782|2026-05-26,SP-A2F2F1E782,,,Puma,football_boots,FUTURE 7 ULTIMATE FG36-45,2026-05-26,106.1,3.54,0,10,1.0,51.73,0.0,999,30,77.68,0.0,0,0,0,at_market,0,0.0,tier2,37.5,1.15,0.0,0.0,1.2,3.0,0,0.8224,no_match,0.0,movement_reconstructed,0,0.0,0.0,0.0,0.0,0.0,0.0,1.0,1.0,0.0105,-14.0,-1.0,7,HOLD,rds_snapshot_history,0,,,1.0,HOLD,HOLD,0.98,0.98,inventory position is balanced; price is close to market; no urgent pricing intervention is needed,low_stock|weak_competitor_match,business_only_retail_pricing_v1,deterministic_business_heuristic,2026-06-04T19:20:03.676893+00:00,0,0.887,0.2338,0.2939,0.2426
SP-A31AD355C0|2026-05-19,SP-A31AD355C0,,060401,Birkenstock,footwear,Birkenstock Boston Clog M,2026-05-19,0.0,0.0,1,0,1.0,52.0,0.0,999,30,166.5,0.0,0,0,0,at_market,0,1.0,tier2,79.92,1.15,0.0,0.0,1.2,3.0,0,0.8224,no_match,0.0,movement_reconstructed,0,0.0,0.0,0.0,0.0,0.0,0.0,0.0,0.0,0.0,0.0,0.0,0,HOLD,rds_snapshot_history,0,,,1.0,HOLD,HOLD,0.98,0.98,price is close to market; no urgent pricing intervention is needed,low_stock|weak_competitor_match,business_only_retail_pricing_v1,deterministic_business_heuristic,2026-06-04T19:20:03.676893+00:00,0,0.8431,0.0,0.185,0.0
SP-A31AD355C0|2026-05-26,SP-A31AD355C0,,060401,Birkenstock,footwear,Birkenstock Boston Clog M,2026-05-26,136.6,4.55,0,28,1.0,52.0,0.0,999,30,166.5,0.0,0,0,0,at_market,0,0.0,tier2,79.92,1.15,0.0,0.0,1.2,3.0,0,0.8224,no_match,0.0,movement_reconstructed,0,0.0,0.0,0.0,0.0,0.0,0.0,0.0,0.0,0.0,-12.0,-1.0,7,CLEAR,rds_snapshot_history,0,,,1.0,HOLD,HOLD,0.98,0.98,inventory position is balanced; price is close to market; no urgent pricing intervention is needed,weak_competitor_match|stale_inventory,business_only_retail_pricing_v1,deterministic_business_heuristic,2026-06-04T19:20:03.676893+00:00,1,0.8481,0.3873,0.2382,0.289
SP-A39D32F242|2026-05-19,SP-A39D32F242,,IN222434,Nike,apparel,Nike Club Men Lifestyle Hoody Black,2026-05-19,0.0,0.0,1,0,1.0,51.38,0.0,999,30,66.7,-0.0345,1,1,1,at_market,0,1.0,tier1,32.43,1.15,0.0,0.0,1.2,3.0,0,0.8224,same_model_family,0.9066,movement_reconstructed,1,69.0,99.75,192.0,0.0,0.0,0.0,0.0,0.0,0.0,0.0,0.0,0,HOLD,rds_snapshot_history,0,,,1.0,HOLD,HOLD,0.98,0.98,price is close to market; no urgent pricing intervention is needed,low_stock,business_only_retail_pricing_v1,deterministic_business_heuristic,2026-06-04T19:20:03.676893+00:00,0,0.6431,0.2989,0.2637,0.0326
SP-A39D32F242|2026-05-26,SP-A39D32F242,,IN222434,Nike,apparel,Nike Club Men Lifestyle Hoody Black,2026-05-26,55.4,1.85,0,14,1.0,51.38,0.0,999,30,66.7,0.2504,1,1,1,premium,0,0.0,tier1,32.43,1.15,0.0,0.0,1.2,3.0,0,0.8224,same_model_family,0.8873,movement_reconstructed,1,50.0,88.0,192.0,0.0,0.0,0.0,0.0,0.0,0.0,-10.0,-1.0,7,HOLD,rds_snapshot_history,0,,,1.0,MARKDOWN,MARKDOWN,0.9539,0.9539,priced above market by 25%; competitors are discounting; margin can support a markdown,low_stock|overpriced,business_only_retail_pricing_v1,deterministic_business_heuristic,2026-06-04T19:20:03.676893+00:00,1,0.6697,0.9689,0.484,0.4126
SP-A4A12CC268|2026-05-19,SP-A4A12CC268,,IN221359,Nike,apparel,Nike Club French Terry Men Lifestyle Hoody Black/White,2026-05-19,0.0,0.0,1,0,1.0,53.42,0.0,999,30,113.01,0.0089,1,1,1,at_market,0,1.0,tier1,52.64,1.15,0.0,0.0,1.2,3.0,0,0.8224,same_model_family,0.8492,movement_reconstructed,1,112.0,119.0,126.0,0.0,0.0,0.0,1.0,1.0,0.0,0.0,0.0,0,HOLD,rds_snapshot_history,0,,,1.0,HOLD,HOLD,0.98,0.98,price is close to market; no urgent pricing intervention is needed,low_stock,business_only_retail_pricing_v1,deterministic_business_heuristic,2026-06-04T19:20:03.676893+00:00,0,0.6431,0.3083,0.2721,0.0326
SP-A4A12CC268|2026-05-26,SP-A4A12CC268,,IN221359,Nike,apparel,Nike Club French Terry Men Lifestyle Hoody Black/White,2026-05-26,93.9,3.13,0,14,1.0,53.42,0.0,999,30,113.01,0.0089,1,1,1,at_market,0,0.0,tier1,52.64,1.15,0.0,0.0,1.2,3.0,0,0.8224,same_model_family,0.823,movement_reconstructed,1,112.0,120.4,126.0,0.0,0.0,0.0,1.0,1.0,0.0,-18.0,-1.0,7,HOLD,rds_snapshot_history,0,,,1.0,HOLD,HOLD,0.828,0.828,inventory position is balanced; price is close to market; no urgent pricing intervention is needed,low_stock,business_only_retail_pricing_v1,deterministic_business_heuristic,2026-06-04T19:20:03.676893+00:00,0,0.7666,0.5607,0.429,0.3126
SP-A4B321429E|2026-05-19,SP-A4B321429E,,IN232104,Nike,footwear,Nike Air Force 1 07 Lv8 Men Lifestyle Shoes Black/Wolf Grey,2026-05-19,0.0,0.0,1,0,1.0,54.71,0.0,999,30,160.86,0.1608,1,1,1,premium,0,1.0,tier1,72.85,1.15,0.0,0.0,1.2,3.0,0,0.8224,same_model_family,0.8976,movement_reconstructed,1,135.0,157.27272727272728,207.0,0.0,0.0,0.0,0.0,0.0,0.0,0.0,0.0,0,HOLD,rds_snapshot_history,0,,,1.0,HOLD,HOLD,0.6164,0.6164,no urgent pricing intervention is needed,low_stock|overpriced|low_label_confidence,business_only_retail_pricing_v1,deterministic_business_heuristic,2026-06-04T19:20:03.676893+00:00,0,0.533,0.6708,0.2785,0.1014
SP-A4B321429E|2026-05-26,SP-A4B321429E,,IN232104,Nike,footwear,Nike Air Force 1 07 Lv8 Men Lifestyle Shoes Black/Wolf Grey,2026-05-26,136.6,4.55,0,13,1.0,54.71,0.0,999,30,160.86,0.1608,1,1,1,premium,0,0.0,tier1,72.85,1.15,0.0,0.0,1.2,3.0,0,0.8224,same_model_family,0.8904,movement_reconstructed,1,135.0,156.38235294117646,207.0,0.0,0.0,0.0,0.0,0.0,0.0,-9.0,-1.0,7,CLEAR,rds_snapshot_history,0,,,1.0,MARKDOWN,MARKDOWN,0.98,0.98,priced above market by 16%; competitors are discounting; stock cover is elevated (137 DOS),low_stock|overpriced|stale_inventory,business_only_retail_pricing_v1,deterministic_business_heuristic,2026-06-04T19:20:03.676893+00:00,1,0.538,1.0764,0.3317,0.4279
SP-A544BF76A8|2026-05-19,SP-A544BF76A8,,IN226441,Nike,sportswear,Nike One Keyhole Women Training Bra Black,2026-05-19,0.0,0.0,1,0,1.0,53.12,0.0,999,30,47.12,0.1935,1,1,1,premium,0,1.0,tier1,22.09,1.15,0.0,0.0,1.2,3.0,0,0.8224,same_model_family,0.7906,movement_reconstructed,1,38.0,41.85714285714285,47.0,0.0,0.0,0.0,1.0,1.0,0.0,0.0,0.0,0,HOLD,rds_snapshot_history,0,,,1.0,HOLD,HOLD,0.5566,0.5566,no urgent pricing intervention is needed,low_stock|overpriced|low_label_confidence,business_only_retail_pricing_v1,deterministic_business_heuristic,2026-06-04T19:20:03.676893+00:00,0,0.5055,0.7151,0.2706,0.1186
SP-A544BF76A8|2026-05-26,SP-A544BF76A8,,IN226441,Nike,sportswear,Nike One Keyhole Women Training Bra Black,2026-05-26,58.8,1.96,0,12,1.0,53.12,0.0,999,30,47.12,0.2997,1,1,1,premium,0,0.0,tier1,22.09,1.15,0.0,0.0,1.2,3.0,0,0.8224,same_model_family,0.7773,movement_reconstructed,1,33.0,39.48051948051948,47.0,0.0,0.0,0.0,1.0,1.0,0.0,-14.0,-1.0,7,HOLD,rds_snapshot_history,0,,,1.0,MARKDOWN,MARKDOWN,0.9496,0.9496,priced above market by 30%; competitors are discounting; margin can support a markdown,low_stock|overpriced,business_only_retail_pricing_v1,deterministic_business_heuristic,2026-06-04T19:20:03.676893+00:00,1,0.6809,0.9769,0.5026,0.4126
SP-A5571E2645|2026-05-19,SP-A5571E2645,,IN209953,New Balance,footwear,New Balance 1906 Men Lifestyle Shoes Silver/Black,2026-05-19,0.0,0.0,1,0,1.0,60.79,0.0,999,30,343.62,0.1997,0,1,1,premium,0,1.0,tier1,134.75,1.15,0.0,0.0,1.2,3.0,0,0.8224,same_model_family,0.8975,movement_reconstructed,1,275.0,275.0,275.0,0.0,0.0,0.0,0.0,0.0,0.0,0.0,0.0,0,HOLD,rds_snapshot_history,0,,,1.0,HOLD,HOLD,0.891,0.891,no urgent pricing intervention is needed,low_stock|overpriced,business_only_retail_pricing_v1,deterministic_business_heuristic,2026-06-04T19:20:03.676893+00:00,0,0.6202,0.4674,0.295,0.0519
SP-A5571E2645|2026-05-26,SP-A5571E2645,,IN209953,New Balance,footwear,New Balance 1906 Men Lifestyle Shoes Silver/Black,2026-05-26,136.6,4.55,0,12,1.0,60.79,0.0,999,30,343.62,0.7323,1,1,1,premium,0,0.0,tier1,134.75,1.15,0.0,0.0,1.2,3.0,0,0.8224,same_model_family,0.8484,movement_reconstructed,1,92.0,221.8,275.0,0.0,0.0,0.0,0.0,0.0,0.0,-14.0,-1.0,7,CLEAR,rds_snapshot_history,0,,,1.0,MARKDOWN,MARKDOWN,0.98,0.98,priced above market by 73%; competitors are discounting; stock cover is elevated (137 DOS),low_stock|overpriced|stale_inventory,business_only_retail_pricing_v1,deterministic_business_heuristic,2026-06-04T19:20:03.676893+00:00,1,0.4881,1.185,0.3482,0.459
SP-A5BA957315|2026-05-19,SP-A5BA957315,,IN233448,ON,apparel,On 3 Inch Performance Women Running Short Sailor,2026-05-19,0.0,0.0,1,0,1.0,59.69,0.0,999,30,97.0,0.1237,0,0,1,above_market,0,1.0,tier1,39.1,1.15,0.0,0.0,1.2,3.0,0,0.8224,same_model_family,0.8897,movement_reconstructed,1,85.0,115.0,145.0,0.0,0.0,0.0,0.0,0.5,0.0,0.0,0.0,0,HOLD,rds_snapshot_history,0,,,1.0,HOLD,HOLD,0.98,0.98,no urgent pricing intervention is needed,low_stock|overpriced,business_only_retail_pricing_v1,deterministic_business_heuristic,2026-06-04T19:20:03.676893+00:00,0,0.6842,0.2774,0.245,0.0119
SP-A5BA957315|2026-05-26,SP-A5BA957315,,IN233448,ON,apparel,On 3 Inch Performance Women Running Short Sailor,2026-05-26,80.6,2.69,0,14,1.0,59.69,0.0,999,30,97.0,0.1237,0,0,1,above_market,0,0.0,tier1,39.1,1.15,0.0,0.0,1.2,3.0,0,0.8224,same_model_family,0.8897,movement_reconstructed,1,85.0,115.0,145.0,0.0,0.0,0.0,0.0,0.5,0.0,-12.0,-1.0,7,HOLD,rds_snapshot_history,0,,,1.0,HOLD,HOLD,0.98,0.98,inventory position is balanced; no urgent pricing intervention is needed,low_stock|overpriced,business_only_retail_pricing_v1,deterministic_business_heuristic,2026-06-04T19:20:03.676893+00:00,0,0.8512,0.507,0.447,0.2919
SP-A66350455D|2026-05-19,SP-A66350455D,,1028987,Keen,footwear,Keen Targhee IV Mid WP,2026-05-19,0.0,0.0,1,0,1.0,52.0,0.0,999,30,183.15,0.0,0,0,0,at_market,0,1.0,tier2,87.91,1.15,0.0,0.0,1.2,3.0,0,0.8224,no_match,0.0,movement_reconstructed,0,0.0,0.0,0.0,0.0,0.0,0.0,1.0,0.0,0.0,0.0,0.0,0,HOLD,rds_snapshot_history,0,,,1.0,HOLD,HOLD,0.98,0.98,price is close to market; no urgent pricing intervention is needed,low_stock|weak_competitor_match,business_only_retail_pricing_v1,deterministic_business_heuristic,2026-06-04T19:20:03.676893+00:00,0,0.8431,0.0,0.185,0.0
SP-A66350455D|2026-05-26,SP-A66350455D,,1028987,Keen,footwear,Keen Targhee IV Mid WP,2026-05-26,136.6,4.55,0,40,1.0,52.0,0.0,999,30,183.15,0.0,0,0,0,at_market,0,0.0,tier2,87.91,1.15,0.0,0.0,1.2,3.0,0,0.8224,no_match,0.0,movement_reconstructed,0,0.0,0.0,0.0,0.0,0.0,0.0,1.0,0.5,0.2342,-14.0,-1.0,0,CLEAR,rds_snapshot_history,0,,,1.0,HOLD,HOLD,0.98,0.98,inventory position is balanced; price is close to market; no urgent pricing intervention is needed,weak_competitor_match|stale_inventory,business_only_retail_pricing_v1,deterministic_business_heuristic,2026-06-04T19:20:03.676893+00:00,1,0.8481,0.3873,0.2382,0.289
SP-A670A1698B|2026-05-19,SP-A670A1698B,,IN229217,The North Face,kids,The North Face Baby 1996 Retro Nuptse One Piece Boys Hiking Suit Tnf Black,2026-05-19,0.0,0.0,1,0,1.0,61.51,0.0,999,30,196.39,0.2871,1,1,1,premium,0,1.0,tier1,75.6,1.15,0.0,0.0,1.2,3.0,0,0.8224,same_model_family,0.7171,movement_reconstructed,1,140.0,147.0,168.0,0.0,0.0,0.0,0.0,0.5,0.0,0.0,0.0,0,HOLD,rds_snapshot_history,0,,,1.0,HOLD,HOLD,0.55,0.55,no urgent pricing intervention is needed,low_stock|overpriced|low_label_confidence,business_only_retail_pricing_v1,deterministic_business_heuristic,2026-06-04T19:20:03.676893+00:00,0,0.4831,0.7794,0.295,0.1326
SP-A670A1698B|2026-05-26,SP-A670A1698B,,IN229217,The North Face,kids,The North Face Baby 1996 Retro Nuptse One Piece Boys Hiking Suit Tnf Black,2026-05-26,121.4,4.05,0,9,1.0,61.51,0.0,999,30,196.39,0.2871,1,1,1,premium,0,0.0,tier1,75.6,1.15,0.0,0.0,1.2,3.0,0,0.8224,same_model_family,0.7171,movement_reconstructed,1,140.0,147.0,168.0,0.0,0.0,0.0,0.25,0.5,0.201,-14.0,-1.0,0,CLEAR,rds_snapshot_history,0,,,1.0,HOLD,HOLD,0.55,0.55,inventory position is balanced; no urgent pricing intervention is needed,low_stock|overpriced|stale_inventory|low_label_confidence,business_only_retail_pricing_v1,deterministic_business_heuristic,2026-06-04T19:20:03.676893+00:00,1,0.459,1.159,0.3353,0.4165
SP-A756F33BA2|2026-05-19,SP-A756F33BA2,,IN234704,New Balance,accessories,New Balance 47 Clean Up Women Lifestyle Cap Pink Granite,2026-05-19,0.0,0.0,1,0,1.0,63.09,0.0,999,30,46.46,0.0,0,0,0,at_market,0,1.0,tier1,17.15,1.15,0.0,0.0,1.2,3.0,0,0.8224,no_match,0.0,movement_reconstructed,0,0.0,0.0,0.0,0.0,0.0,0.0,0.0,0.0,0.0,0.0,0.0,0,HOLD,rds_snapshot_history,0,,,1.0,HOLD,HOLD,0.98,0.98,price is close to market; no urgent pricing intervention is needed,low_stock|weak_competitor_match,business_only_retail_pricing_v1,deterministic_business_heuristic,2026-06-04T19:20:03.676893+00:00,0,0.8431,0.0,0.215,0.0
SP-A756F33BA2|2026-05-26,SP-A756F33BA2,,IN234704,New Balance,accessories,New Balance 47 Clean Up Women Lifestyle Cap Pink Granite,2026-05-26,45.2,1.51,0,18,1.0,63.09,0.0,999,30,46.46,0.0,0,0,0,at_market,0,0.0,tier1,17.15,1.15,0.0,0.0,1.2,3.0,0,0.8224,no_match,0.0,movement_reconstructed,0,0.0,0.0,0.0,0.0,0.0,0.0,0.0,0.0,0.0,-14.0,-1.0,7,PROMOTE,rds_snapshot_history,0,,,1.0,HOLD,HOLD,0.98,0.98,inventory position is balanced; price is close to market; no urgent pricing intervention is needed,weak_competitor_match,business_only_retail_pricing_v1,deterministic_business_heuristic,2026-06-04T19:20:03.676893+00:00,1,0.9963,0.2094,0.4074,0.2426
SP-A766A3D4CB|2026-05-19,SP-A766A3D4CB,,IN230183,Nike,footwear,Nike Air Force 1 Gs-Girls Lifestyle Shoes White/Pink,2026-05-19,0.0,0.0,1,0,1.0,54.67,0.0,999,30,118.21,0.3317,1,1,1,premium,0,1.0,tier1,53.58,1.15,0.0,0.0,1.2,3.0,0,0.8224,same_model_family,0.8189,movement_reconstructed,1,79.0,123.66666666666669,174.0,0.0,0.0,0.0,1.0,1.0,0.0,0.0,0.0,0,HOLD,rds_snapshot_history,0,,,1.0,HOLD,HOLD,0.55,0.55,no urgent pricing intervention is needed,low_stock|overpriced|low_label_confidence,business_only_retail_pricing_v1,deterministic_business_heuristic,2026-06-04T19:20:03.676893+00:00,0,0.4831,0.7641,0.2783,0.1326
SP-A766A3D4CB|2026-05-26,SP-A766A3D4CB,,IN230183,Nike,footwear,Nike Air Force 1 Gs-Girls Lifestyle Shoes White/Pink,2026-05-26,136.6,4.55,0,9,1.0,54.67,0.0,999,30,118.21,0.3486,1,1,1,premium,0,0.0,tier1,53.58,1.15,0.0,0.0,1.2,3.0,0,0.8224,same_model_family,0.8173,movement_reconstructed,1,77.0,113.66666666666669,174.0,0.0,0.0,0.0,1.0,1.0,0.0532,-9.0,-1.0,0,CLEAR,rds_snapshot_history,0,,,1.0,HOLD,HOLD,0.55,0.55,inventory position is balanced; no urgent pricing intervention is needed,low_stock|overpriced|stale_inventory|low_label_confidence,business_only_retail_pricing_v1,deterministic_business_heuristic,2026-06-04T19:20:03.676893+00:00,1,0.4287,1.1697,0.3045,0.459
SP-A83D634897|2026-05-19,SP-A83D634897,,IN239502,Bogner,swimwear,Bogner Paul Men Swim Short Navy Blue,2026-05-19,0.0,0.0,1,0,1.0,44.15,0.0,999,30,170.4,-0.0739,0,0,1,below_market,0,1.0,tier3,95.16,1.45,0.3,0.0,1.7,3.0,0,0.8224,same_model_family,0.9616,movement_reconstructed,1,183.0,183.0,183.0,0.0,0.0,0.0,1.0,1.0,0.0,0.0,0.0,0,HOLD,rds_snapshot_history,0,,,1.0,HOLD,HOLD,0.98,0.98,no urgent pricing intervention is needed,low_stock,business_only_retail_pricing_v1,deterministic_business_heuristic,2026-06-04T19:20:03.676893+00:00,0,0.7931,0.0,0.4083,0.0
SP-A83D634897|2026-05-26,SP-A83D634897,,IN239502,Bogner,swimwear,Bogner Paul Men Swim Short Navy Blue,2026-05-26,182.1,6.07,0,9,1.0,44.15,0.0,999,30,170.4,-0.0739,0,0,1,below_market,0,0.0,tier3,95.16,1.45,0.3,0.0,1.7,3.0,0,0.8224,same_model_family,0.9616,movement_reconstructed,1,183.0,183.0,183.0,0.0,0.0,0.0,1.0,1.0,0.0,-10.0,-1.0,7,CLEAR,rds_snapshot_history,0,,,1.0,HOLD,HOLD,0.8936,0.8936,no urgent pricing intervention is needed,low_stock|stale_inventory,business_only_retail_pricing_v1,deterministic_business_heuristic,2026-06-04T19:20:03.676893+00:00,1,0.6482,0.4655,0.3934,0.4164
SP-A8890E7A65|2026-05-19,SP-A8890E7A65,,IN234708,New Balance,accessories,New Balance 47 Hitch Men Lifestyle Cap Team Away Grey,2026-05-19,0.0,0.0,1,0,1.0,51.79,0.0,999,30,39.64,0.0161,0,0,1,at_market,0,1.0,tier1,19.11,1.15,0.0,0.0,1.2,3.0,0,0.8224,same_model_family,0.98,movement_reconstructed,1,39.0,39.0,39.0,0.0,0.0,0.0,0.0,0.0,0.0,0.0,0.0,0,HOLD,rds_snapshot_history,0,,,1.0,HOLD,HOLD,0.98,0.98,price is close to market; no urgent pricing intervention is needed,low_stock,business_only_retail_pricing_v1,deterministic_business_heuristic,2026-06-04T19:20:03.676893+00:00,0,0.7631,0.0008,0.2139,0.0
SP-A8890E7A65|2026-05-26,SP-A8890E7A65,,IN234708,New Balance,accessories,New Balance 47 Hitch Men Lifestyle Cap Team Away Grey,2026-05-26,45.2,1.51,0,18,1.0,51.79,0.0,999,30,39.64,0.0161,0,0,1,at_market,0,0.0,tier1,19.11,1.15,0.0,0.0,1.2,3.0,0,0.8224,same_model_family,0.98,movement_reconstructed,1,39.0,39.0,39.0,0.0,0.0,0.0,0.0,0.0,0.0,-14.0,-1.0,7,PROMOTE,rds_snapshot_history,0,,,1.0,PROMOTE,PROMOTE,0.55,0.55,strong seasonality (1.15); healthy stock position (45 DOS); margin supports promotion,low_label_confidence,business_only_retail_pricing_v1,deterministic_business_heuristic,2026-06-04T19:20:03.676893+00:00,0,0.9163,0.2208,0.4063,0.2426
SP-AA14E90547|2026-05-19,SP-AA14E90547,,IP2968,Adidas,apparel,"3-Stripes Leggings, Multicolour",2026-05-19,0.0,0.0,1,0,1.0,54.89,0.0,999,30,28.73,0.0602,1,0,1,above_market,0,1.0,tier1,12.96,1.15,0.0,0.0,1.2,3.0,0,0.8224,exact_style,1.0,movement_reconstructed,1,27.0,27.0,27.0,0.0,0.0,0.0,0.0,0.0,0.0,0.0,0.0,0,HOLD,rds_snapshot_history,0,,,1.0,HOLD,HOLD,0.98,0.98,no urgent pricing intervention is needed,low_stock,business_only_retail_pricing_v1,deterministic_business_heuristic,2026-06-04T19:20:03.676893+00:00,0,0.6177,0.3628,0.2294,0.0485
SP-AA14E90547|2026-05-26,SP-AA14E90547,,IP2968,Adidas,apparel,"3-Stripes Leggings, Multicolour",2026-05-26,51.2,1.71,0,14,1.0,54.89,0.0,999,30,28.73,0.0602,1,0,1,above_market,0,0.0,tier1,12.96,1.15,0.0,0.0,1.2,3.0,0,0.8224,exact_style,1.0,movement_reconstructed,1,27.0,27.0,27.0,0.0,0.0,0.0,0.0,0.0,0.0,-8.0,-1.0,7,HOLD,rds_snapshot_history,0,,,1.0,HOLD,HOLD,0.8305,0.8305,inventory position is balanced; no urgent pricing intervention is needed,low_stock,business_only_retail_pricing_v1,deterministic_business_heuristic,2026-06-04T19:20:03.676893+00:00,0,0.7906,0.5828,0.4393,0.3285
SP-AA3A19B5B7|2026-05-19,SP-AA3A19B5B7,,IN234813,New Balance,footwear,New Balance 1000 Women Lifestyle Shoes Silver Metallic,2026-05-19,0.0,0.0,1,0,1.0,54.47,0.0,999,30,246.43,0.5212,1,1,1,premium,0,1.0,tier1,112.21,1.15,0.0,0.0,1.2,3.0,0,0.8224,same_model_family,0.8292,movement_reconstructed,1,118.0,202.0,275.0,0.0,0.0,0.0,0.0,0.0,0.0,0.0,0.0,0,HOLD,rds_snapshot_history,0,,,1.0,HOLD,HOLD,0.55,0.55,no urgent pricing intervention is needed,low_stock|overpriced|low_label_confidence,business_only_retail_pricing_v1,deterministic_business_heuristic,2026-06-04T19:20:03.676893+00:00,0,0.4831,0.7631,0.2773,0.1326
SP-AA3A19B5B7|2026-05-26,SP-AA3A19B5B7,,IN234813,New Balance,footwear,New Balance 1000 Women Lifestyle Shoes Silver Metallic,2026-05-26,136.6,4.55,0,10,1.0,54.47,0.0,999,30,246.43,0.5212,1,1,1,premium,0,0.0,tier1,112.21,1.15,0.0,0.0,1.2,3.0,0,0.8224,same_model_family,0.8292,movement_reconstructed,1,118.0,202.0,275.0,0.0,0.0,0.0,0.0,0.0,0.0,-50.0,-1.0,7,CLEAR,rds_snapshot_history,0,,,1.0,HOLD,HOLD,0.55,0.55,inventory position is balanced; no urgent pricing intervention is needed,low_stock|overpriced|stale_inventory|low_label_confidence,business_only_retail_pricing_v1,deterministic_business_heuristic,2026-06-04T19:20:03.676893+00:00,1,0.4485,1.1687,0.3125,0.459
SP-AA4107C9BC|2026-05-19,SP-AA4107C9BC,,IN219653,New Balance,apparel,New Balance Athletics Logo Men Lifestyle T-Shirt Dream State,2026-05-19,0.0,0.0,1,0,1.0,57.88,0.0,999,30,39.55,0.3173,1,1,1,premium,0,1.0,tier1,16.66,1.15,0.0,0.0,1.2,3.0,0,0.8224,same_model_family,0.7776,movement_reconstructed,1,27.0,35.1,39.0,0.0,0.0,0.0,1.0,1.0,0.0,0.0,0.0,0,HOLD,rds_snapshot_history,0,,,1.0,HOLD,HOLD,0.55,0.55,no urgent pricing intervention is needed,low_stock|overpriced|low_label_confidence,business_only_retail_pricing_v1,deterministic_business_heuristic,2026-06-04T19:20:03.676893+00:00,0,0.4831,0.7789,0.2944,0.1326
SP-AA4107C9BC|2026-05-26,SP-AA4107C9BC,,IN219653,New Balance,apparel,New Balance Athletics Logo Men Lifestyle T-Shirt Dream State,2026-05-26,51.2,1.71,0,14,1.0,57.88,0.0,999,30,39.55,0.3173,1,1,1,premium,0,0.0,tier1,16.66,1.15,0.0,0.0,1.2,3.0,0,0.8224,same_model_family,0.7902,movement_reconstructed,1,27.0,35.529411764705884,39.0,0.0,0.0,0.0,1.0,1.0,0.0,-12.0,-1.0,7,HOLD,rds_snapshot_history,0,,,1.0,MARKDOWN,MARKDOWN,0.98,0.98,priced above market by 32%; competitors are discounting; margin can support a markdown,low_stock|overpriced,business_only_retail_pricing_v1,deterministic_business_heuristic,2026-06-04T19:20:03.676893+00:00,1,0.656,0.9989,0.5043,0.4126
SP-AADCC2E724|2026-05-19,SP-AADCC2E724,,IN239482,Nike,other,Nike Flex Classic 6 Packs Unisex Training Band Multicolor,2026-05-19,0.0,0.0,1,0,1.0,45.8,0.0,999,30,12.14,0.0115,0,0,1,at_market,0,1.0,tier1,6.58,1.15,0.0,0.0,1.2,3.0,0,0.8224,same_model_family,0.9714,movement_reconstructed,1,12.0,13.0,14.0,0.0,0.0,0.0,0.0,0.0,0.0,0.0,0.0,0,HOLD,rds_snapshot_history,0,,,1.0,HOLD,HOLD,0.98,0.98,price is close to market; no urgent pricing intervention is needed,low_stock,business_only_retail_pricing_v1,deterministic_business_heuristic,2026-06-04T19:20:03.676893+00:00,0,0.7631,0.0,0.184,0.0
SP-AADCC2E724|2026-05-26,SP-AADCC2E724,,IN239482,Nike,other,Nike Flex Classic 6 Packs Unisex Training Band Multicolor,2026-05-26,73.5,2.45,0,9,1.0,45.8,0.0,999,30,12.14,0.1763,1,1,1,premium,0,0.0,tier1,6.58,1.15,0.0,0.0,1.2,3.0,0,0.8224,same_model_family,0.855,movement_reconstructed,1,10.0,11.8,14.0,0.0,0.0,0.0,0.0,0.0,0.0,-28.0,-1.0,7,HOLD,rds_snapshot_history,0,,,1.0,HOLD,HOLD,0.55,0.55,inventory position is balanced; no urgent pricing intervention is needed,low_stock|overpriced|low_label_confidence,business_only_retail_pricing_v1,deterministic_business_heuristic,2026-06-04T19:20:03.676893+00:00,0,0.6507,0.8741,0.4323,0.3896
SP-ABD0B6080A|2026-05-19,SP-ABD0B6080A,,IN227021,New Balance,apparel,New Balance Athletics Gradient Shoes Women Lifestyle T-Shirt Linen,2026-05-19,0.0,0.0,1,0,1.0,54.21,0.0,999,30,36.38,0.1204,1,1,1,above_market,0,1.0,tier1,16.66,1.15,0.0,0.0,1.2,3.0,0,0.8224,same_model_family,0.8266,movement_reconstructed,1,32.0,33.0,34.0,0.0,0.0,0.0,1.0,0.5,0.0,0.0,0.0,0,HOLD,rds_snapshot_history,0,,,1.0,HOLD,HOLD,0.8002,0.8002,no urgent pricing intervention is needed,low_stock|overpriced,business_only_retail_pricing_v1,deterministic_business_heuristic,2026-06-04T19:20:03.676893+00:00,0,0.567,0.5347,0.276,0.0801
SP-ABD0B6080A|2026-05-26,SP-ABD0B6080A,,IN227021,New Balance,apparel,New Balance Athletics Gradient Shoes Women Lifestyle T-Shirt Linen,2026-05-26,51.2,1.71,0,14,1.0,54.21,0.0,999,30,36.38,0.1204,1,1,1,above_market,0,0.0,tier1,16.66,1.15,0.0,0.0,1.2,3.0,0,0.8224,same_model_family,0.8266,movement_reconstructed,1,32.0,33.0,34.0,0.0,0.0,0.0,1.0,0.5,0.2933,-18.0,-1.0,0,HOLD,rds_snapshot_history,0,,,1.0,MARKDOWN,MARKDOWN,0.57,0.57,priced above market by 12%; competitors are discounting; margin can support a markdown,low_stock|overpriced|low_label_confidence,business_only_retail_pricing_v1,deterministic_business_heuristic,2026-06-04T19:20:03.676893+00:00,1,0.7399,0.7547,0.4859,0.3601
SP-ABDA020E90|2026-05-19,SP-ABDA020E90,,IN238067,Crocs,footwear,Crocs Barbie Classic Kids Lifestyle Clog Multi,2026-05-19,0.0,0.0,1,0,1.0,58.44,0.0,999,30,82.57,0.5398,1,1,1,premium,0,1.0,tier2,34.32,1.15,0.0,0.0,1.2,3.0,0,0.8224,same_model_family,0.8136,movement_reconstructed,1,38.0,49.65714285714286,78.0,0.0,0.0,0.0,1.0,0.0,0.0,0.0,0.0,0,HOLD,rds_snapshot_history,0,,,1.0,HOLD,HOLD,0.55,0.55,no urgent pricing intervention is needed,low_stock|overpriced|low_label_confidence,business_only_retail_pricing_v1,deterministic_business_heuristic,2026-06-04T19:20:03.676893+00:00,0,0.4831,0.7794,0.295,0.1326
SP-ABDA020E90|2026-05-26,SP-ABDA020E90,,IN238067,Crocs,footwear,Crocs Barbie Classic Kids Lifestyle Clog Multi,2026-05-26,98.7,3.29,0,10,1.0,58.44,0.0,999,30,82.57,0.5398,1,1,1,premium,0,0.0,tier2,34.32,1.15,0.0,0.0,1.2,3.0,0,0.8224,same_model_family,0.811,movement_reconstructed,1,38.0,49.46411483253589,78.0,0.0,0.0,0.0,1.0,0.5,0.0995,-9.0,-1.0,0,HOLD,rds_snapshot_history,0,,,1.0,HOLD,HOLD,0.55,0.55,inventory position is balanced; no urgent pricing intervention is needed,low_stock|overpriced|low_label_confidence,business_only_retail_pricing_v1,deterministic_business_heuristic,2026-06-04T19:20:03.676893+00:00,0,0.5513,1.1201,0.4177,0.4126
SP-AC11618B60|2026-05-19,SP-AC11618B60,,IN203565,Nike,apparel,Nike Challenger Men Running Pant Black,2026-05-19,0.0,0.0,1,0,1.0,56.77,0.0,999,30,121.78,0.688,1,1,1,premium,0,1.0,tier1,52.64,1.15,0.0,0.0,1.2,3.0,0,0.8224,same_model_family,0.8134,movement_reconstructed,1,38.0,67.6,112.0,0.0,0.0,0.0,1.0,1.0,0.0,0.0,0.0,0,HOLD,rds_snapshot_history,0,,,1.0,HOLD,HOLD,0.55,0.55,no urgent pricing intervention is needed,low_stock|overpriced|low_label_confidence,business_only_retail_pricing_v1,deterministic_business_heuristic,2026-06-04T19:20:03.676893+00:00,0,0.4831,0.7737,0.2888,0.1326
SP-AC11618B60|2026-05-26,SP-AC11618B60,,IN203565,Nike,apparel,Nike Challenger Men Running Pant Black,2026-05-26,95.0,3.17,0,14,1.0,56.77,0.0,999,30,121.78,0.688,1,1,1,premium,0,0.0,tier1,52.64,1.15,0.0,0.0,1.2,3.0,0,0.8224,same_model_family,0.8147,movement_reconstructed,1,38.0,68.87096774193549,112.0,0.0,0.0,0.0,1.0,1.0,0.0,-9.0,-1.0,7,HOLD,rds_snapshot_history,0,,,1.0,MARKDOWN,MARKDOWN,0.98,0.98,priced above market by 69%; competitors are discounting; stock cover is elevated (95 DOS),low_stock|overpriced,business_only_retail_pricing_v1,deterministic_business_heuristic,2026-06-04T19:20:03.676893+00:00,1,0.603,1.108,0.4421,0.4126
SP-AEB17209EC|2026-05-19,SP-AEB17209EC,,IN226963,New Balance,sportswear,New Balance Harmony Women Performanc Bra Black,2026-05-19,0.0,0.0,1,0,1.0,55.4,0.0,999,30,41.75,0.0898,1,1,1,above_market,0,1.0,tier1,18.62,1.15,0.0,0.0,1.2,3.0,0,0.8224,same_model_family,0.9749,movement_reconstructed,1,38.0,38.0,38.0,0.0,0.0,0.0,0.0,0.0,0.0,0.0,0.0,0,HOLD,rds_snapshot_history,0,,,1.0,HOLD,HOLD,0.8581,0.8581,no urgent pricing intervention is needed,low_stock,business_only_retail_pricing_v1,deterministic_business_heuristic,2026-06-04T19:20:03.676893+00:00,0,0.5928,0.4918,0.282,0.064
SP-AEB17209EC|2026-05-26,SP-AEB17209EC,,IN226963,New Balance,sportswear,New Balance Harmony Women Performanc Bra Black,2026-05-26,58.8,1.96,0,12,1.0,55.4,0.0,999,30,41.75,0.2814,1,1,1,premium,0,0.0,tier1,18.62,1.15,0.0,0.0,1.2,3.0,0,0.8224,same_model_family,0.8687,movement_reconstructed,1,30.0,36.285714285714285,40.0,0.0,0.0,0.0,0.5,0.5,0.2297,-14.0,-1.0,0,HOLD,rds_snapshot_history,0,,,1.0,MARKDOWN,MARKDOWN,0.9638,0.9638,priced above market by 28%; competitors are discounting; margin can support a markdown,low_stock|overpriced,business_only_retail_pricing_v1,deterministic_business_heuristic,2026-06-04T19:20:03.676893+00:00,1,0.6809,0.9874,0.514,0.4126
SP-AF96283080|2026-05-19,SP-AF96283080,,,Nike,football_boots,35-45） Nike Air Zoom Mercurial Superfly IX Elite FG,2026-05-19,0.0,0.0,1,0,1.0,54.51,0.0,999,30,69.23,0.0,0,0,0,at_market,0,1.0,tier1,31.49,1.15,0.0,0.0,1.2,3.0,0,0.8224,no_match,0.0,movement_reconstructed,0,0.0,0.0,0.0,0.0,0.0,0.0,1.0,0.5,0.0,0.0,0.0,0,HOLD,rds_snapshot_history,0,,,1.0,HOLD,HOLD,0.98,0.98,price is close to market; no urgent pricing intervention is needed,low_stock|weak_competitor_match,business_only_retail_pricing_v1,deterministic_business_heuristic,2026-06-04T19:20:03.676893+00:00,0,0.8431,0.0,0.2101,0.0
SP-AF96283080|2026-05-26,SP-AF96283080,,,Nike,football_boots,35-45） Nike Air Zoom Mercurial Superfly IX Elite FG,2026-05-26,94.5,3.15,0,10,1.0,54.51,0.0,999,30,69.23,0.0,0,0,0,at_market,0,0.0,tier1,31.49,1.15,0.0,0.0,1.2,3.0,0,0.8224,no_match,0.0,movement_reconstructed,0,0.0,0.0,0.0,0.0,0.0,0.0,1.0,0.5,0.0718,-18.0,-1.0,0,HOLD,rds_snapshot_history,0,,,1.0,HOLD,HOLD,0.98,0.98,inventory position is balanced; price is close to market; no urgent pricing intervention is needed,low_stock|weak_competitor_match,business_only_retail_pricing_v1,deterministic_business_heuristic,2026-06-04T19:20:03.676893+00:00,0,0.925,0.2267,0.347,0.2426
SP-B2BF00C26E|2026-05-19,SP-B2BF00C26E,,IN226798,New Balance,footwear,New Balance 1906R Unisex Lifestyle Shoes Harbor Grey,2026-05-19,0.0,0.0,1,0,1.0,55.6,0.0,999,30,303.52,0.094,0,1,1,above_market,0,1.0,tier1,134.75,1.15,0.0,0.0,1.2,3.0,0,0.8224,same_model_family,0.927,movement_reconstructed,1,275.0,275.0,275.0,0.0,0.0,0.0,0.5,0.5,0.0,0.0,0.0,0,HOLD,rds_snapshot_history,0,,,1.0,HOLD,HOLD,0.98,0.98,no urgent pricing intervention is needed,low_stock,business_only_retail_pricing_v1,deterministic_business_heuristic,2026-06-04T19:20:03.676893+00:00,0,0.7093,0.1194,0.283,0.0
SP-B2BF00C26E|2026-05-26,SP-B2BF00C26E,,IN226798,New Balance,footwear,New Balance 1906R Unisex Lifestyle Shoes Harbor Grey,2026-05-26,136.6,4.55,0,12,1.0,55.6,0.0,999,30,303.52,0.094,0,1,1,above_market,0,0.0,tier1,134.75,1.15,0.0,0.0,1.2,3.0,0,0.8224,same_model_family,0.927,movement_reconstructed,1,275.0,275.0,275.0,0.0,0.0,0.0,0.5,0.5,0.2912,-14.0,-1.0,0,CLEAR,rds_snapshot_history,0,,,1.0,MARKDOWN,MARKDOWN,0.55,0.55,priced above market by 9%; stock cover is elevated (137 DOS); margin can support a markdown,low_stock|stale_inventory|low_label_confidence,business_only_retail_pricing_v1,deterministic_business_heuristic,2026-06-04T19:20:03.676893+00:00,1,0.7142,0.625,0.3362,0.3227
SP-B2EA9F6428|2026-05-19,SP-B2EA9F6428,,IN234837,New Balance,footwear,New Balance 327 Men Lifestyle Shoes Tornado,2026-05-19,0.0,0.0,1,0,1.0,55.23,0.0,999,30,184.98,0.0864,0,0,1,above_market,0,1.0,tier1,82.81,1.15,0.0,0.0,1.2,3.0,0,0.8224,same_model_family,0.9758,movement_reconstructed,1,169.0,169.0,169.0,0.0,0.0,0.0,0.0,0.0,0.0,0.0,0.0,0,HOLD,rds_snapshot_history,0,,,1.0,HOLD,HOLD,0.98,0.98,no urgent pricing intervention is needed,low_stock,business_only_retail_pricing_v1,deterministic_business_heuristic,2026-06-04T19:20:03.676893+00:00,0,0.7157,0.1057,0.2311,0.0
SP-B2EA9F6428|2026-05-26,SP-B2EA9F6428,,IN234837,New Balance,footwear,New Balance 327 Men Lifestyle Shoes Tornado,2026-05-26,136.6,4.55,0,14,1.0,55.23,0.0,999,30,184.98,0.0864,0,0,1,above_market,0,0.0,tier1,82.81,1.15,0.0,0.0,1.2,3.0,0,0.8224,same_model_family,0.9758,movement_reconstructed,1,169.0,169.0,169.0,0.0,0.0,0.0,0.0,0.0,0.0,-18.0,-1.0,7,CLEAR,rds_snapshot_history,0,,,1.0,MARKDOWN,MARKDOWN,0.55,0.55,priced above market by 9%; stock cover is elevated (137 DOS); margin can support a markdown,low_stock|stale_inventory|low_label_confidence,business_only_retail_pricing_v1,deterministic_business_heuristic,2026-06-04T19:20:03.676893+00:00,1,0.7206,0.6113,0.2843,0.3187
SP-B39CD90660|2026-05-19,SP-B39CD90660,,IM5019,Nike,lifestyle,NIKE Vomero Plus IM5019,2026-05-19,0.0,0.0,1,0,1.0,57.82,0.0,999,30,92.49,0.0,0,0,0,at_market,0,1.0,tier1,39.01,1.15,0.0,0.0,1.2,3.0,0,0.8224,no_match,0.0,movement_reconstructed,0,0.0,0.0,0.0,0.0,0.0,0.0,1.0,1.0,0.0,0.0,0.0,0,HOLD,rds_snapshot_history,0,,,1.0,HOLD,HOLD,0.98,0.98,price is close to market; no urgent pricing intervention is needed,low_stock|weak_competitor_match,business_only_retail_pricing_v1,deterministic_business_heuristic,2026-06-04T19:20:03.676893+00:00,0,0.8431,0.0,0.2141,0.0
SP-B39CD90660|2026-05-26,SP-B39CD90660,,IM5019,Nike,lifestyle,NIKE Vomero Plus IM5019,2026-05-26,104.0,3.47,0,12,1.0,57.82,0.0,999,30,92.49,0.0,0,0,0,at_market,0,0.0,tier1,39.01,1.15,0.0,0.0,1.2,3.0,0,0.8224,no_match,0.0,movement_reconstructed,0,0.0,0.0,0.0,0.0,0.0,0.0,1.0,1.0,0.0321,-9.0,-1.0,0,HOLD,rds_snapshot_history,0,,,1.0,HOLD,HOLD,0.98,0.98,inventory position is balanced; price is close to market; no urgent pricing intervention is needed,low_stock|weak_competitor_match,business_only_retail_pricing_v1,deterministic_business_heuristic,2026-06-04T19:20:03.676893+00:00,0,0.9335,0.3583,0.3368,0.2426
SP-B3F68BA4E6|2026-05-19,SP-B3F68BA4E6,,IN221082,Crocs,footwear,Crocs Bae Clog Women Lifestyle Dragon Fruit,2026-05-19,0.0,0.0,1,0,1.0,48.12,0.0,999,30,84.2,0.0024,0,0,1,at_market,0,1.0,tier2,43.68,1.15,0.0,0.0,1.2,3.0,0,0.8224,same_model_family,0.98,movement_reconstructed,1,84.0,84.0,84.0,0.0,0.0,0.0,1.0,1.0,0.0,0.0,0.0,0,HOLD,rds_snapshot_history,0,,,1.0,HOLD,HOLD,0.98,0.98,price is close to market; no urgent pricing intervention is needed,low_stock,business_only_retail_pricing_v1,deterministic_business_heuristic,2026-06-04T19:20:03.676893+00:00,0,0.7631,0.0,0.1956,0.0
SP-B3F68BA4E6|2026-05-26,SP-B3F68BA4E6,,IN221082,Crocs,footwear,Crocs Bae Clog Women Lifestyle Dragon Fruit,2026-05-26,100.6,3.35,0,10,1.0,48.12,0.0,999,30,84.2,0.0024,0,0,1,at_market,0,0.0,tier2,43.68,1.15,0.0,0.0,1.2,3.0,0,0.8224,same_model_family,0.98,movement_reconstructed,1,84.0,84.0,84.0,0.0,0.0,0.0,1.0,1.0,0.0384,-14.0,-1.0,0,HOLD,rds_snapshot_history,0,,,1.0,HOLD,HOLD,0.98,0.98,inventory position is balanced; price is close to market; no urgent pricing intervention is needed,low_stock,business_only_retail_pricing_v1,deterministic_business_heuristic,2026-06-04T19:20:03.676893+00:00,0,0.825,0.2477,0.3118,0.2426
SP-B461EE0286|2026-05-19,SP-B461EE0286,,IN227404,ON,footwear,On Cloudboom Max 1 Men Running Shoes White/Black,2026-05-19,0.0,0.0,1,0,1.0,64.27,0.0,999,30,359.24,0.3904,0,1,1,premium,0,1.0,tier1,128.34,1.15,0.0,0.0,1.2,3.0,0,0.8224,same_model_family,0.7527,movement_reconstructed,1,219.0,256.0,289.0,0.0,0.0,0.0,1.0,1.0,0.0,0.0,0.0,0,HOLD,rds_snapshot_history,0,,,1.0,HOLD,HOLD,0.8478,0.8478,no urgent pricing intervention is needed,low_stock|overpriced,business_only_retail_pricing_v1,deterministic_business_heuristic,2026-06-04T19:20:03.676893+00:00,0,0.6031,0.4994,0.295,0.0626
SP-B461EE0286|2026-05-26,SP-B461EE0286,,IN227404,ON,footwear,On Cloudboom Max 1 Men Running Shoes White/Black,2026-05-26,136.6,4.55,0,13,1.0,64.27,0.0,999,30,359.24,0.3904,0,1,1,premium,0,0.0,tier1,128.34,1.15,0.0,0.0,1.2,3.0,0,0.8224,same_model_family,0.7527,movement_reconstructed,1,219.0,256.0,289.0,0.0,0.0,0.0,1.0,1.0,0.0399,-14.0,-1.0,0,CLEAR,rds_snapshot_history,0,,,1.0,MARKDOWN,MARKDOWN,0.9508,0.9508,priced above market by 39%; stock cover is elevated (137 DOS); margin can support a markdown,low_stock|overpriced|stale_inventory,business_only_retail_pricing_v1,deterministic_business_heuristic,2026-06-04T19:20:03.676893+00:00,1,0.6081,0.905,0.3482,0.389
SP-B49F9A44F0|2026-05-19,SP-B49F9A44F0,,IN230334,Nike,footwear,Nike Air Jordan 1 Low Se Women Lifestyle Shoes Anthracite,2026-05-19,0.0,0.0,1,0,1.0,52.66,0.0,999,30,157.87,0.2779,1,1,1,premium,0,1.0,tier1,74.73,1.15,0.0,0.0,1.2,3.0,0,0.8224,same_model_family,0.7919,movement_reconstructed,1,114.0,144.08333333333334,159.0,0.0,0.0,0.0,0.0,0.0,0.0,0.0,0.0,0,HOLD,rds_snapshot_history,0,,,1.0,HOLD,HOLD,0.55,0.55,no urgent pricing intervention is needed,low_stock|overpriced|low_label_confidence,business_only_retail_pricing_v1,deterministic_business_heuristic,2026-06-04T19:20:03.676893+00:00,0,0.4831,0.7548,0.2683,0.1326
SP-B49F9A44F0|2026-05-26,SP-B49F9A44F0,,IN230334,Nike,footwear,Nike Air Jordan 1 Low Se Women Lifestyle Shoes Anthracite,2026-05-26,136.6,4.55,0,9,1.0,52.66,0.0,999,30,157.87,0.2779,1,1,1,premium,0,0.0,tier1,74.73,1.15,0.0,0.0,1.2,3.0,0,0.8224,same_model_family,0.7908,movement_reconstructed,1,114.0,144.3846153846154,159.0,0.0,0.0,0.0,0.0,0.0,0.0,-18.0,-1.0,7,CLEAR,rds_snapshot_history,0,,,1.0,HOLD,HOLD,0.55,0.55,inventory position is balanced; no urgent pricing intervention is needed,low_stock|overpriced|stale_inventory|low_label_confidence,business_only_retail_pricing_v1,deterministic_business_heuristic,2026-06-04T19:20:03.676893+00:00,1,0.4287,1.1604,0.2945,0.459
SP-B508115FF9|2026-05-19,SP-B508115FF9,,IN233463,ON,football_boots,On Studio 7/8 Training High Waist Plain Mineral,2026-05-19,0.0,0.0,1,0,1.0,59.38,0.0,999,30,164.2,0.0,0,0,0,at_market,0,1.0,tier1,66.7,1.15,0.0,0.0,1.2,3.0,0,0.8224,no_match,0.0,movement_reconstructed,0,0.0,0.0,0.0,0.0,0.0,0.0,0.0,0.0,0.0,0.0,0.0,0,HOLD,rds_snapshot_history,0,,,1.0,HOLD,HOLD,0.98,0.98,price is close to market; no urgent pricing intervention is needed,low_stock|weak_competitor_match,business_only_retail_pricing_v1,deterministic_business_heuristic,2026-06-04T19:20:03.676893+00:00,0,0.8431,0.0,0.2276,0.0
SP-B508115FF9|2026-05-26,SP-B508115FF9,,IN233463,ON,football_boots,On Studio 7/8 Training High Waist Plain Mineral,2026-05-26,156.1,5.2,0,7,1.0,59.38,0.0,999,30,164.2,0.0,0,0,0,at_market,0,0.0,tier1,66.7,1.15,0.0,0.0,1.2,3.0,0,0.8224,no_match,0.0,movement_reconstructed,0,0.0,0.0,0.0,0.0,0.0,0.0,0.0,0.0,0.0,-9.0,-1.0,7,CLEAR,rds_snapshot_history,0,,,1.0,HOLD,HOLD,0.98,0.98,price is close to market; no urgent pricing intervention is needed,low_stock|weak_competitor_match|stale_inventory,business_only_retail_pricing_v1,deterministic_business_heuristic,2026-06-04T19:20:03.676893+00:00,1,0.8703,0.3485,0.2177,0.2936
SP-B5ED3DA9C3|2026-05-19,SP-B5ED3DA9C3,,1024742,Keen,kids,Keen Targhee Sport Kids,2026-05-19,0.0,0.0,1,0,1.0,52.0,0.0,999,30,83.25,0.0,0,0,0,at_market,0,1.0,tier2,39.96,1.15,0.0,0.0,1.2,3.0,0,0.8224,no_match,0.0,movement_reconstructed,0,0.0,0.0,0.0,0.0,0.0,0.0,1.0,0.0,0.0,0.0,0.0,0,HOLD,rds_snapshot_history,0,,,1.0,HOLD,HOLD,0.98,0.98,price is close to market; no urgent pricing intervention is needed,low_stock|weak_competitor_match,business_only_retail_pricing_v1,deterministic_business_heuristic,2026-06-04T19:20:03.676893+00:00,0,0.8431,0.0,0.185,0.0
SP-B5ED3DA9C3|2026-05-26,SP-B5ED3DA9C3,,1024742,Keen,kids,Keen Targhee Sport Kids,2026-05-26,88.4,2.95,0,35,1.0,52.0,0.0,999,30,83.25,0.0,0,0,0,at_market,0,0.0,tier2,39.96,1.15,0.0,0.0,1.2,3.0,0,0.8224,no_match,0.0,movement_reconstructed,0,0.0,0.0,0.0,0.0,0.0,0.0,1.0,0.0,0.0,-9.0,-1.0,7,PROMOTE,rds_snapshot_history,0,,,1.0,HOLD,HOLD,0.98,0.98,inventory position is balanced; price is close to market; no urgent pricing intervention is needed,weak_competitor_match,business_only_retail_pricing_v1,deterministic_business_heuristic,2026-06-04T19:20:03.676893+00:00,1,0.9846,0.2047,0.3605,0.2426
SP-B6194DA390|2026-05-19,SP-B6194DA390,,NB9060,New Balance,footwear,Joe Freshgoods x New Balance NB9060,2026-05-19,0.0,0.0,1,0,1.0,55.29,0.0,999,30,87.68,0.0,0,0,0,at_market,0,1.0,tier1,39.2,1.15,0.0,0.0,1.2,3.0,0,0.8224,no_match,0.0,movement_reconstructed,0,0.0,0.0,0.0,0.0,0.0,0.0,1.0,0.0,0.0,0.0,0.0,0,HOLD,rds_snapshot_history,0,,,1.0,HOLD,HOLD,0.98,0.98,price is close to market; no urgent pricing intervention is needed,low_stock|weak_competitor_match,business_only_retail_pricing_v1,deterministic_business_heuristic,2026-06-04T19:20:03.676893+00:00,0,0.8431,0.0,0.2014,0.0
SP-B6194DA390|2026-05-26,SP-B6194DA390,,NB9060,New Balance,footwear,Joe Freshgoods x New Balance NB9060,2026-05-26,104.8,3.49,0,14,1.0,55.29,0.0,999,30,87.68,0.0,0,0,0,at_market,0,0.0,tier1,39.2,1.15,0.0,0.0,1.2,3.0,0,0.8224,no_match,0.0,movement_reconstructed,0,0.0,0.0,0.0,0.0,0.0,0.0,1.0,0.0,0.0,-10.0,-1.0,7,HOLD,rds_snapshot_history,0,,,1.0,HOLD,HOLD,0.98,0.98,inventory position is balanced; price is close to market; no urgent pricing intervention is needed,low_stock|weak_competitor_match,business_only_retail_pricing_v1,deterministic_business_heuristic,2026-06-04T19:20:03.676893+00:00,0,0.9309,0.348,0.3215,0.2426
SP-B656BCF67E|2026-05-19,SP-B656BCF67E,,IN235361,Nike,apparel,Nike Club Alumni French Terry Men Lifestyle Short Blue/White,2026-05-19,0.0,0.0,1,0,1.0,46.42,0.0,999,30,63.16,0.3984,1,1,1,premium,0,1.0,tier1,33.84,1.15,0.0,0.0,1.2,3.0,0,0.8224,same_model_family,0.8756,movement_reconstructed,1,38.0,53.57142857142857,67.0,0.0,0.0,0.0,1.0,1.0,0.0,0.0,0.0,0,HOLD,rds_snapshot_history,0,,,1.0,HOLD,HOLD,0.55,0.55,no urgent pricing intervention is needed,low_stock|overpriced|low_label_confidence,business_only_retail_pricing_v1,deterministic_business_heuristic,2026-06-04T19:20:03.676893+00:00,0,0.4831,0.726,0.2371,0.1326
SP-B656BCF67E|2026-05-26,SP-B656BCF67E,,IN235361,Nike,apparel,Nike Club Alumni French Terry Men Lifestyle Short Blue/White,2026-05-26,52.5,1.75,0,14,1.0,46.42,0.0,999,30,63.16,0.4617,1,1,1,premium,0,0.0,tier1,33.84,1.15,0.0,0.0,1.2,3.0,0,0.8224,same_model_family,0.8678,movement_reconstructed,1,34.0,52.04761904761905,67.0,0.0,0.0,0.0,1.0,1.0,0.0,-12.0,-1.0,7,HOLD,rds_snapshot_history,0,,,1.0,MARKDOWN,MARKDOWN,0.9358,0.9358,priced above market by 46%; competitors are discounting; margin can support a markdown,low_stock|overpriced,business_only_retail_pricing_v1,deterministic_business_heuristic,2026-06-04T19:20:03.676893+00:00,1,0.6602,0.946,0.4507,0.4126
SP-B677F147CF|2026-05-19,SP-B677F147CF,,IN160787,Nike,footwear,Nike Air Force 1 07 Women Lifestyle Shoes White,2026-05-19,0.0,0.0,1,0,1.0,48.21,0.0,999,30,187.87,0.0366,1,1,1,at_market,0,1.0,tier1,97.29,1.15,0.0,0.0,1.2,3.0,0,0.8224,same_model_family,0.8936,movement_reconstructed,1,181.0,204.3333333333333,225.0,0.0,0.0,0.0,0.0,0.0,0.0,0.0,0.0,0,HOLD,rds_snapshot_history,0,,,1.0,HOLD,HOLD,0.98,0.98,price is close to market; no urgent pricing intervention is needed,low_stock,business_only_retail_pricing_v1,deterministic_business_heuristic,2026-06-04T19:20:03.676893+00:00,0,0.6376,0.2947,0.246,0.036
SP-B677F147CF|2026-05-26,SP-B677F147CF,,IN160787,Nike,footwear,Nike Air Force 1 07 Women Lifestyle Shoes White,2026-05-26,136.6,4.55,0,13,1.0,48.21,0.0,999,30,187.87,0.0366,1,1,1,at_market,0,0.0,tier1,97.29,1.15,0.0,0.0,1.2,3.0,0,0.8224,same_model_family,0.8742,movement_reconstructed,1,181.0,207.0,225.0,0.0,0.0,0.0,0.0,0.0,0.0,-10.0,-1.0,7,CLEAR,rds_snapshot_history,0,,,1.0,HOLD,HOLD,0.5801,0.5801,inventory position is balanced; price is close to market; no urgent pricing intervention is needed,low_stock|stale_inventory|low_label_confidence,business_only_retail_pricing_v1,deterministic_business_heuristic,2026-06-04T19:20:03.676893+00:00,1,0.6426,0.6203,0.2992,0.3625
SP-B7486CDFB2|2026-05-19,SP-B7486CDFB2,,IN230333,Nike,sportswear,Nike One Light-Support Padded Women Training Bra Pink/Canyon Rust,2026-05-19,0.0,0.0,1,0,1.0,57.08,0.0,999,30,51.47,0.1646,1,1,1,premium,0,1.0,tier1,22.09,1.15,0.0,0.0,1.2,3.0,0,0.8224,same_model_family,0.8454,movement_reconstructed,1,43.0,53.833333333333336,66.0,0.0,0.0,0.0,1.0,1.0,0.0,0.0,0.0,0,HOLD,rds_snapshot_history,0,,,1.0,HOLD,HOLD,0.5936,0.5936,no urgent pricing intervention is needed,low_stock|overpriced|low_label_confidence,business_only_retail_pricing_v1,deterministic_business_heuristic,2026-06-04T19:20:03.676893+00:00,0,0.5298,0.6877,0.2904,0.1034
SP-B7486CDFB2|2026-05-26,SP-B7486CDFB2,,IN230333,Nike,sportswear,Nike One Light-Support Padded Women Training Bra Pink/Canyon Rust,2026-05-26,58.8,1.96,0,12,1.0,57.08,0.0,999,30,51.47,0.2617,1,1,1,premium,0,0.0,tier1,22.09,1.15,0.0,0.0,1.2,3.0,0,0.8224,same_model_family,0.817,movement_reconstructed,1,38.0,51.85714285714285,66.0,0.0,0.0,0.0,1.0,1.0,0.0,-13.0,-1.0,7,HOLD,rds_snapshot_history,0,,,1.0,MARKDOWN,MARKDOWN,0.9743,0.9743,priced above market by 26%; competitors are discounting; margin can support a markdown,low_stock|overpriced,business_only_retail_pricing_v1,deterministic_business_heuristic,2026-06-04T19:20:03.676893+00:00,1,0.6809,0.9952,0.5224,0.4126
SP-B7529301C1|2026-05-19,SP-B7529301C1,,IN233395,ON,apparel,On 7 Inch Court Tennis 7 Inch White,2026-05-19,0.0,0.0,1,0,1.0,58.49,0.0,999,30,109.72,0.0,0,0,0,at_market,0,1.0,tier1,45.54,1.15,0.0,0.0,1.2,3.0,0,0.8224,no_match,0.0,movement_reconstructed,0,0.0,0.0,0.0,0.0,0.0,0.0,0.0,1.0,0.0,0.0,0.0,0,HOLD,rds_snapshot_history,0,,,1.0,HOLD,HOLD,0.98,0.98,price is close to market; no urgent pricing intervention is needed,low_stock|weak_competitor_match,business_only_retail_pricing_v1,deterministic_business_heuristic,2026-06-04T19:20:03.676893+00:00,0,0.8431,0.0,0.215,0.0
SP-B7529301C1|2026-05-26,SP-B7529301C1,,IN233395,ON,apparel,On 7 Inch Court Tennis 7 Inch White,2026-05-26,91.2,3.04,0,14,1.0,58.49,0.0,999,30,109.72,0.0,0,0,0,at_market,0,0.0,tier1,45.54,1.15,0.0,0.0,1.2,3.0,0,0.8224,no_match,0.0,movement_reconstructed,0,0.0,0.0,0.0,0.0,0.0,0.0,0.0,1.0,0.0,-12.0,-1.0,7,HOLD,rds_snapshot_history,0,,,1.0,HOLD,HOLD,0.98,0.98,inventory position is balanced; price is close to market; no urgent pricing intervention is needed,low_stock|weak_competitor_match,business_only_retail_pricing_v1,deterministic_business_heuristic,2026-06-04T19:20:03.676893+00:00,0,0.9754,0.2372,0.3811,0.2426
SP-B79D3FAE0C|2026-05-19,SP-B79D3FAE0C,,IN234677,New Balance,accessories,New Balance 47 Clean Up Canvas 2 Men Lifestyle Cap Linen/Medusa Green,2026-05-19,0.0,0.0,1,0,1.0,57.1,0.0,999,30,44.55,0.1246,0,0,1,above_market,0,1.0,tier1,19.11,1.15,0.0,0.0,1.2,3.0,0,0.8224,same_model_family,0.9651,movement_reconstructed,1,39.0,39.0,39.0,0.0,0.0,0.0,0.0,0.0,0.0,0.0,0.0,0,HOLD,rds_snapshot_history,0,,,1.0,HOLD,HOLD,0.98,0.98,no urgent pricing intervention is needed,low_stock|overpriced,business_only_retail_pricing_v1,deterministic_business_heuristic,2026-06-04T19:20:03.676893+00:00,0,0.6835,0.2746,0.2405,0.0124
SP-B79D3FAE0C|2026-05-26,SP-B79D3FAE0C,,IN234677,New Balance,accessories,New Balance 47 Clean Up Canvas 2 Men Lifestyle Cap Linen/Medusa Green,2026-05-26,45.2,1.51,0,18,1.0,57.1,0.0,999,30,44.55,0.1246,0,0,1,above_market,0,0.0,tier1,19.11,1.15,0.0,0.0,1.2,3.0,0,0.8224,same_model_family,0.9651,movement_reconstructed,1,39.0,39.0,39.0,0.0,0.0,0.0,0.0,0.0,0.0,-14.0,-1.0,7,PROMOTE,rds_snapshot_history,0,,,1.0,HOLD,HOLD,0.98,0.98,inventory position is balanced; no urgent pricing intervention is needed,overpriced,business_only_retail_pricing_v1,deterministic_business_heuristic,2026-06-04T19:20:03.676893+00:00,1,0.8367,0.4946,0.4329,0.2924
SP-B7A8557FF6|2026-05-19,SP-B7A8557FF6,,IN233381,ON,apparel,On 7 Inch Core Men Running Short Desert,2026-05-19,0.0,0.0,1,0,1.0,52.93,0.0,999,30,73.29,-0.0233,0,0,1,at_market,0,1.0,tier1,34.5,1.15,0.0,0.0,1.2,3.0,0,0.8224,same_model_family,0.98,movement_reconstructed,1,75.0,75.0,75.0,0.0,0.0,0.0,0.0,0.0,0.0,0.0,0.0,0,HOLD,rds_snapshot_history,0,,,1.0,HOLD,HOLD,0.98,0.98,price is close to market; no urgent pricing intervention is needed,low_stock,business_only_retail_pricing_v1,deterministic_business_heuristic,2026-06-04T19:20:03.676893+00:00,0,0.7631,0.006,0.2196,0.0
SP-B7A8557FF6|2026-05-26,SP-B7A8557FF6,,IN233381,ON,apparel,On 7 Inch Core Men Running Short Desert,2026-05-26,60.9,2.03,0,14,1.0,52.93,0.0,999,30,73.29,-0.0233,0,0,1,at_market,0,0.0,tier1,34.5,1.15,0.0,0.0,1.2,3.0,0,0.8224,same_model_family,0.98,movement_reconstructed,1,75.0,75.0,75.0,0.0,0.0,0.0,0.0,0.0,0.0,-35.0,-1.0,7,HOLD,rds_snapshot_history,0,,,1.0,HOLD,HOLD,0.98,0.98,inventory position is balanced; price is close to market; no urgent pricing intervention is needed,low_stock,business_only_retail_pricing_v1,deterministic_business_heuristic,2026-06-04T19:20:03.676893+00:00,0,0.9677,0.226,0.4577,0.2426
SP-B87306A6F9|2026-05-19,SP-B87306A6F9,,IN234918,New Balance,apparel,New Balance Athletics Jersey Women Lifestyle T-Shirt Daybreak,2026-05-19,0.0,0.0,1,0,1.0,59.02,0.0,999,30,58.59,0.4026,0,1,1,premium,0,1.0,tier1,24.01,1.15,0.0,0.0,1.2,3.0,0,0.8224,same_model_family,0.8648,movement_reconstructed,1,35.0,42.0,49.0,0.0,0.0,0.0,0.0,0.0,0.0,0.0,0.0,0,HOLD,rds_snapshot_history,0,,,1.0,HOLD,HOLD,0.8478,0.8478,no urgent pricing intervention is needed,low_stock|overpriced,business_only_retail_pricing_v1,deterministic_business_heuristic,2026-06-04T19:20:03.676893+00:00,0,0.6031,0.4994,0.295,0.0626
SP-B87306A6F9|2026-05-26,SP-B87306A6F9,,IN234918,New Balance,apparel,New Balance Athletics Jersey Women Lifestyle T-Shirt Daybreak,2026-05-26,51.2,1.71,0,14,1.0,59.02,0.0,999,30,58.59,0.4197,1,1,1,premium,0,0.0,tier1,24.01,1.15,0.0,0.0,1.2,3.0,0,0.8224,same_model_family,0.8412,movement_reconstructed,1,34.0,40.0,49.0,0.0,0.0,0.0,0.25,0.25,0.1467,-12.0,-1.0,0,HOLD,rds_snapshot_history,0,,,1.0,MARKDOWN,MARKDOWN,0.98,0.98,priced above market by 42%; competitors are discounting; margin can support a markdown,low_stock|overpriced,business_only_retail_pricing_v1,deterministic_business_heuristic,2026-06-04T19:20:03.676893+00:00,1,0.656,0.9994,0.5049,0.4126
SP-B894407578|2026-05-19,SP-B894407578,,VN000EE3W00,Vans,lifestyle,Vans Authentic White,2026-05-19,0.0,0.0,1,0,1.0,45.0,0.0,999,30,72.15,0.0,0,0,0,at_market,0,1.0,tier2,39.68,1.15,0.0,0.0,1.2,3.0,0,0.8224,no_match,0.0,movement_reconstructed,0,0.0,0.0,0.0,0.0,0.0,0.0,1.0,1.0,0.0,0.0,0.0,0,HOLD,rds_snapshot_history,0,,,1.0,HOLD,HOLD,0.98,0.98,price is close to market; no urgent pricing intervention is needed,low_stock|weak_competitor_match,business_only_retail_pricing_v1,deterministic_business_heuristic,2026-06-04T19:20:03.676893+00:00,0,0.8431,0.0,0.15,0.0
SP-B894407578|2026-05-26,SP-B894407578,,VN000EE3W00,Vans,lifestyle,Vans Authentic White,2026-05-26,81.1,2.7,0,96,1.0,45.0,0.0,999,30,72.15,0.0,0,0,0,at_market,0,0.0,tier2,39.68,1.15,0.0,0.0,1.2,3.0,0,0.8224,no_match,0.0,movement_reconstructed,0,0.0,0.0,0.0,0.0,0.0,0.0,1.0,1.0,0.0,-18.0,-1.0,7,PROMOTE,rds_snapshot_history,0,,,1.0,HOLD,HOLD,0.98,0.98,inventory position is balanced; price is close to market; no urgent pricing intervention is needed,weak_competitor_match,business_only_retail_pricing_v1,deterministic_business_heuristic,2026-06-04T19:20:03.676893+00:00,1,1.0085,0.1599,0.3503,0.2426
SP-BA949A0923|2026-05-19,SP-BA949A0923,,IN226860,New Balance,apparel,New Balance Athletics Graphic Men Performance T-Shirt Lab Green,2026-05-19,0.0,0.0,1,0,1.0,46.49,0.0,999,30,25.64,0.22,1,1,1,premium,0,1.0,tier1,13.72,1.15,0.0,0.0,1.2,3.0,0,0.8224,same_model_family,0.7569,movement_reconstructed,1,20.0,26.714285714285715,41.0,0.0,0.0,0.0,1.0,0.0,0.0,0.0,0.0,0,HOLD,rds_snapshot_history,0,,,1.0,HOLD,HOLD,0.55,0.55,no urgent pricing intervention is needed,low_stock|overpriced|low_label_confidence,business_only_retail_pricing_v1,deterministic_business_heuristic,2026-06-04T19:20:03.676893+00:00,0,0.4831,0.7263,0.2374,0.1326
SP-BA949A0923|2026-05-26,SP-BA949A0923,,IN226860,New Balance,apparel,New Balance Athletics Graphic Men Performance T-Shirt Lab Green,2026-05-26,51.2,1.71,0,14,1.0,46.49,0.0,999,30,25.64,0.22,1,1,1,premium,0,0.0,tier1,13.72,1.15,0.0,0.0,1.2,3.0,0,0.8224,same_model_family,0.7393,movement_reconstructed,1,20.0,27.15873015873016,41.0,0.0,0.0,0.0,1.0,0.5,0.2073,-14.0,-1.0,0,HOLD,rds_snapshot_history,0,,,1.0,MARKDOWN,MARKDOWN,0.9419,0.9419,priced above market by 22%; competitors are discounting; margin can support a markdown,low_stock|overpriced,business_only_retail_pricing_v1,deterministic_business_heuristic,2026-06-04T19:20:03.676893+00:00,1,0.656,0.9463,0.4473,0.4126
SP-BB3E20F861|2026-05-19,SP-BB3E20F861,,V1GC2400,Mizuno,footwear,Mizuno Wave Lightning Z8 W,2026-05-19,0.0,0.0,1,0,1.0,50.0,0.0,999,30,133.2,0.0,0,0,0,at_market,0,1.0,tier2,66.6,1.15,0.0,0.0,1.2,3.0,0,0.8224,no_match,0.0,movement_reconstructed,0,0.0,0.0,0.0,0.0,0.0,0.0,0.0,0.0,0.0,0.0,0.0,0,HOLD,rds_snapshot_history,0,,,1.0,HOLD,HOLD,0.98,0.98,price is close to market; no urgent pricing intervention is needed,low_stock|weak_competitor_match,business_only_retail_pricing_v1,deterministic_business_heuristic,2026-06-04T19:20:03.676893+00:00,0,0.8431,0.0,0.175,0.0
SP-BB3E20F861|2026-05-26,SP-BB3E20F861,,V1GC2400,Mizuno,footwear,Mizuno Wave Lightning Z8 W,2026-05-26,136.6,4.55,0,56,1.0,50.0,0.0,999,30,133.2,0.0,0,0,0,at_market,0,0.0,tier2,66.6,1.15,0.0,0.0,1.2,3.0,0,0.8224,no_match,0.0,movement_reconstructed,0,0.0,0.0,0.0,0.0,0.0,0.0,0.0,0.0,0.0,-12.0,-1.0,7,CLEAR,rds_snapshot_history,0,,,1.0,HOLD,HOLD,0.98,0.98,inventory position is balanced; price is close to market; no urgent pricing intervention is needed,weak_competitor_match|stale_inventory,business_only_retail_pricing_v1,deterministic_business_heuristic,2026-06-04T19:20:03.676893+00:00,1,0.8481,0.3781,0.2282,0.289
SP-BB4694C6BC|2026-05-19,SP-BB4694C6BC,,IN224310,Billabong,swimwear,Billabong All Day Layback Boys Beach Swim Short Sea Green,2026-05-19,0.0,0.0,1,0,1.0,50.76,0.0,999,30,24.37,0.0152,1,1,1,at_market,0,1.0,tier3,12.0,1.45,0.3,0.0,1.7,3.0,0,0.8224,same_model_family,0.804,movement_reconstructed,1,24.0,36.9375,43.0,0.0,0.0,0.0,0.5,0.5,0.0,0.0,0.0,0,HOLD,rds_snapshot_history,0,,,1.0,HOLD,HOLD,0.9364,0.9364,price is close to market; no urgent pricing intervention is needed,low_stock,business_only_retail_pricing_v1,deterministic_business_heuristic,2026-06-04T19:20:03.676893+00:00,0,0.6431,0.296,0.4338,0.0326
SP-BB4694C6BC|2026-05-26,SP-BB4694C6BC,,IN224310,Billabong,swimwear,Billabong All Day Layback Boys Beach Swim Short Sea Green,2026-05-26,98.0,3.27,0,9,1.0,50.76,0.0,999,30,24.37,0.0152,1,1,1,at_market,0,0.0,tier3,12.0,1.45,0.3,0.0,1.7,3.0,0,0.8224,same_model_family,0.8065,movement_reconstructed,1,24.0,36.85,44.0,0.0,0.0,0.0,0.5,0.5,0.0,-10.0,-1.0,7,HOLD,rds_snapshot_history,0,,,1.0,HOLD,HOLD,0.7722,0.7722,inventory position is balanced; price is close to market; no urgent pricing intervention is needed,low_stock,business_only_retail_pricing_v1,deterministic_business_heuristic,2026-06-04T19:20:03.676893+00:00,0,0.6937,0.5554,0.5498,0.3126
SP-BB4CF55CF1|2026-05-19,SP-BB4CF55CF1,,IN238153,New Balance,apparel,New Balance Athletics Kids-Boys Performanc Short Caviar,2026-05-19,0.0,0.0,1,0,1.0,52.18,0.0,999,30,39.96,0.024,1,0,1,at_market,0,1.0,tier1,19.11,1.15,0.0,0.0,1.2,3.0,0,0.8224,same_model_family,0.8698,movement_reconstructed,1,39.0,39.0,39.0,0.0,0.0,0.0,1.0,1.0,0.0,0.0,0.0,0,HOLD,rds_snapshot_history,0,,,1.0,HOLD,HOLD,0.98,0.98,price is close to market; no urgent pricing intervention is needed,low_stock,business_only_retail_pricing_v1,deterministic_business_heuristic,2026-06-04T19:20:03.676893+00:00,0,0.6431,0.3026,0.2159,0.0326
SP-BB4CF55CF1|2026-05-26,SP-BB4CF55CF1,,IN238153,New Balance,apparel,New Balance Athletics Kids-Boys Performanc Short Caviar,2026-05-26,51.2,1.71,0,14,1.0,52.18,0.0,999,30,39.96,0.049,1,1,1,at_market,0,0.0,tier1,19.11,1.15,0.0,0.0,1.2,3.0,0,0.8224,same_model_family,0.8103,movement_reconstructed,1,38.0,38.66666666666666,39.0,0.0,0.0,0.0,1.0,1.0,0.0,-12.0,-1.0,7,HOLD,rds_snapshot_history,0,,,1.0,HOLD,HOLD,0.884,0.884,inventory position is balanced; price is close to market; no urgent pricing intervention is needed,low_stock,business_only_retail_pricing_v1,deterministic_business_heuristic,2026-06-04T19:20:03.676893+00:00,0,0.8,0.5526,0.4758,0.3226
SP-BBA2621C3D|2026-05-19,SP-BBA2621C3D,,15382001,Dr. Martens,kids,Dr. Martens 1460 Kids,2026-05-19,0.0,0.0,1,0,1.0,52.0,0.0,999,30,111.0,0.0,0,0,0,at_market,0,1.0,tier2,53.28,1.15,0.0,0.0,1.2,3.0,0,0.8224,no_match,0.0,movement_reconstructed,0,0.0,0.0,0.0,0.0,0.0,0.0,0.5,0.5,0.0,0.0,0.0,0,HOLD,rds_snapshot_history,0,,,1.0,HOLD,HOLD,0.98,0.98,price is close to market; no urgent pricing intervention is needed,low_stock|weak_competitor_match,business_only_retail_pricing_v1,deterministic_business_heuristic,2026-06-04T19:20:03.676893+00:00,0,0.8431,0.0,0.185,0.0
SP-BBA2621C3D|2026-05-26,SP-BBA2621C3D,,15382001,Dr. Martens,kids,Dr. Martens 1460 Kids,2026-05-26,117.9,3.93,0,40,1.0,52.0,0.0,999,30,111.0,0.0,0,0,0,at_market,0,0.0,tier2,53.28,1.15,0.0,0.0,1.2,3.0,0,0.8224,no_match,0.0,movement_reconstructed,0,0.0,0.0,0.0,0.0,0.0,0.0,0.5,0.25,0.0,-14.0,-1.0,7,HOLD,rds_snapshot_history,0,,,1.0,HOLD,HOLD,0.98,0.98,inventory position is balanced; price is close to market; no urgent pricing intervention is needed,weak_competitor_match,business_only_retail_pricing_v1,deterministic_business_heuristic,2026-06-04T19:20:03.676893+00:00,0,0.888,0.3553,0.2607,0.2426
SP-BC8BFD0C2A|2026-05-19,SP-BC8BFD0C2A,,IN226834,New Balance,apparel,New Balance Athletics Men Performanc T-Shirt Blue Gemstone,2026-05-19,0.0,0.0,1,0,1.0,50.12,0.0,999,30,33.4,0.0419,1,1,1,at_market,0,1.0,tier1,16.66,1.15,0.0,0.0,1.2,3.0,0,0.8224,same_model_family,0.8198,movement_reconstructed,1,32.0,33.833333333333336,35.0,0.0,0.0,0.0,0.0,0.5,0.0,0.0,0.0,0,HOLD,rds_snapshot_history,0,,,1.0,HOLD,HOLD,0.98,0.98,price is close to market; no urgent pricing intervention is needed,low_stock,business_only_retail_pricing_v1,deterministic_business_heuristic,2026-06-04T19:20:03.676893+00:00,0,0.6331,0.3118,0.2556,0.0388
SP-BC8BFD0C2A|2026-05-26,SP-BC8BFD0C2A,,IN226834,New Balance,apparel,New Balance Athletics Men Performanc T-Shirt Blue Gemstone,2026-05-26,51.2,1.71,0,14,1.0,50.12,0.0,999,30,33.4,0.0419,1,1,1,at_market,0,0.0,tier1,16.66,1.15,0.0,0.0,1.2,3.0,0,0.8224,same_model_family,0.8198,movement_reconstructed,1,32.0,33.833333333333336,35.0,0.0,0.0,0.0,0.25,0.5,0.1633,-14.0,-1.0,0,HOLD,rds_snapshot_history,0,,,1.0,HOLD,HOLD,0.9202,0.9202,inventory position is balanced; price is close to market; no urgent pricing intervention is needed,low_stock,business_only_retail_pricing_v1,deterministic_business_heuristic,2026-06-04T19:20:03.676893+00:00,0,0.806,0.5318,0.4655,0.3188
SP-BCCE453E4E|2026-05-19,SP-BCCE453E4E,,,Puma,football_boots,PUMA FUTURE 2024,2026-05-19,0.0,0.0,1,0,1.0,50.62,0.0,999,30,66.83,0.0,0,0,0,at_market,0,1.0,tier2,33.0,1.15,0.0,0.0,1.2,3.0,0,0.8224,no_match,0.0,movement_reconstructed,0,0.0,0.0,0.0,0.0,0.0,0.0,1.0,0.0,0.0,0.0,0.0,0,HOLD,rds_snapshot_history,0,,,1.0,HOLD,HOLD,0.98,0.98,price is close to market; no urgent pricing intervention is needed,low_stock|weak_competitor_match,business_only_retail_pricing_v1,deterministic_business_heuristic,2026-06-04T19:20:03.676893+00:00,0,0.8431,0.0,0.1907,0.0
SP-BCCE453E4E|2026-05-26,SP-BCCE453E4E,,,Puma,football_boots,PUMA FUTURE 2024,2026-05-26,91.3,3.04,0,8,1.0,50.62,0.0,999,30,66.83,0.0,0,0,0,at_market,0,0.0,tier2,33.0,1.15,0.0,0.0,1.2,3.0,0,0.8224,no_match,0.0,movement_reconstructed,0,0.0,0.0,0.0,0.0,0.0,0.0,1.0,0.0,0.0,-10.0,-1.0,7,HOLD,rds_snapshot_history,0,,,1.0,HOLD,HOLD,0.98,0.98,inventory position is balanced; price is close to market; no urgent pricing intervention is needed,low_stock|weak_competitor_match,business_only_retail_pricing_v1,deterministic_business_heuristic,2026-06-04T19:20:03.676893+00:00,0,0.8959,0.2033,0.3204,0.2426
SP-BD396CFE27|2026-05-19,SP-BD396CFE27,,VN000D3HY28,Vans,lifestyle,Vans Old Skool Black/White,2026-05-19,0.0,0.0,1,0,1.0,44.99,0.0,999,30,77.7,0.0,0,0,0,at_market,0,1.0,tier2,42.74,1.15,0.0,0.0,1.2,3.0,0,0.8224,no_match,0.0,movement_reconstructed,0,0.0,0.0,0.0,0.0,0.0,0.0,1.0,1.0,0.0,0.0,0.0,0,HOLD,rds_snapshot_history,0,,,1.0,HOLD,HOLD,0.98,0.98,price is close to market; no urgent pricing intervention is needed,low_stock|weak_competitor_match,business_only_retail_pricing_v1,deterministic_business_heuristic,2026-06-04T19:20:03.676893+00:00,0,0.8431,0.0,0.1499,0.0
SP-BD396CFE27|2026-05-26,SP-BD396CFE27,,VN000D3HY28,Vans,lifestyle,Vans Old Skool Black/White,2026-05-26,87.4,2.91,0,88,1.0,44.99,0.0,999,30,77.7,0.0,0,0,0,at_market,0,0.0,tier2,42.74,1.15,0.0,0.0,1.2,3.0,0,0.8224,no_match,0.0,movement_reconstructed,0,0.0,0.0,0.0,0.0,0.0,0.0,1.0,1.0,0.0,-14.0,-1.0,7,PROMOTE,rds_snapshot_history,0,,,1.0,HOLD,HOLD,0.98,0.98,inventory position is balanced; price is close to market; no urgent pricing intervention is needed,weak_competitor_match,business_only_retail_pricing_v1,deterministic_business_heuristic,2026-06-04T19:20:03.676893+00:00,1,0.9878,0.1706,0.3289,0.2426
SP-BD7AEE01A2|2026-05-19,SP-BD7AEE01A2,,1028730,Keen,footwear,Keen Terradora Flex WP W,2026-05-19,0.0,0.0,1,0,1.0,52.0,0.0,999,30,149.85,0.0,0,0,0,at_market,0,1.0,tier2,71.93,1.15,0.0,0.0,1.2,3.0,0,0.8224,no_match,0.0,movement_reconstructed,0,0.0,0.0,0.0,0.0,0.0,0.0,1.0,0.0,0.0,0.0,0.0,0,HOLD,rds_snapshot_history,0,,,1.0,HOLD,HOLD,0.98,0.98,price is close to market; no urgent pricing intervention is needed,low_stock|weak_competitor_match,business_only_retail_pricing_v1,deterministic_business_heuristic,2026-06-04T19:20:03.676893+00:00,0,0.8431,0.0,0.185,0.0
SP-BD7AEE01A2|2026-05-26,SP-BD7AEE01A2,,1028730,Keen,footwear,Keen Terradora Flex WP W,2026-05-26,136.6,4.55,0,35,1.0,52.0,0.0,999,30,149.85,0.0,0,0,0,at_market,0,0.0,tier2,71.93,1.15,0.0,0.0,1.2,3.0,0,0.8224,no_match,0.0,movement_reconstructed,0,0.0,0.0,0.0,0.0,0.0,0.0,1.0,0.0,0.0,-12.0,-1.0,7,CLEAR,rds_snapshot_history,0,,,1.0,HOLD,HOLD,0.98,0.98,inventory position is balanced; price is close to market; no urgent pricing intervention is needed,weak_competitor_match|stale_inventory,business_only_retail_pricing_v1,deterministic_business_heuristic,2026-06-04T19:20:03.676893+00:00,1,0.8481,0.3873,0.2382,0.289
SP-BEDB9977CB|2026-05-19,SP-BEDB9977CB,,ID8882,Adidas,footwear,"4Dfwd 4 Running Shoes, Black",2026-05-19,0.0,0.0,1,0,1.0,50.44,0.0,999,30,154.0,-0.0325,1,0,1,at_market,0,1.0,tier1,76.32,1.15,0.0,0.0,1.2,3.0,0,0.8224,exact_style,1.0,movement_reconstructed,1,159.0,159.0,159.0,0.0,0.0,0.0,0.0,1.0,0.0,0.0,0.0,0,HOLD,rds_snapshot_history,0,,,1.0,HOLD,HOLD,0.98,0.98,price is close to market; no urgent pricing intervention is needed,low_stock,business_only_retail_pricing_v1,deterministic_business_heuristic,2026-06-04T19:20:03.676893+00:00,0,0.6431,0.2945,0.2082,0.0326
SP-BEDB9977CB|2026-05-26,SP-BEDB9977CB,,ID8882,Adidas,footwear,"4Dfwd 4 Running Shoes, Black",2026-05-26,116.1,3.87,0,12,1.0,50.44,0.0,999,30,154.0,-0.0779,2,1,2,below_market,0,0.0,tier1,76.32,1.15,0.0,0.0,1.2,3.0,0,0.8224,exact_style,0.9172,movement_reconstructed,1,166.0,101.1825,159.0,0.0,0.0,0.0,0.0,1.0,0.0,-14.0,-1.0,7,HOLD,rds_snapshot_history,0,,,1.0,HOLD,HOLD,0.7375,0.7375,inventory position is balanced; no urgent pricing intervention is needed,low_stock,business_only_retail_pricing_v1,deterministic_business_heuristic,2026-06-04T19:20:03.676893+00:00,0,0.7239,0.585,0.3731,0.3126
SP-BF5626A1D8|2026-05-19,SP-BF5626A1D8,,IN226210,ON,apparel,"On 5""Core Men Running Short Black",2026-05-19,0.0,0.0,1,0,1.0,47.89,0.0,999,30,66.21,0.1995,1,1,1,premium,0,1.0,tier1,34.5,1.15,0.0,0.0,1.2,3.0,0,0.8224,same_model_family,0.9106,movement_reconstructed,1,53.0,70.5,85.0,0.0,0.0,0.0,0.0,0.0,0.0,0.0,0.0,0,HOLD,rds_snapshot_history,0,,,1.0,HOLD,HOLD,0.5765,0.5765,no urgent pricing intervention is needed,low_stock|overpriced|low_label_confidence,business_only_retail_pricing_v1,deterministic_business_heuristic,2026-06-04T19:20:03.676893+00:00,0,0.5004,0.7004,0.2444,0.1218
SP-BF5626A1D8|2026-05-26,SP-BF5626A1D8,,IN226210,ON,apparel,"On 5""Core Men Running Short Black",2026-05-26,55.0,1.83,0,14,1.0,47.89,0.0,999,30,66.21,0.1995,1,1,1,premium,0,0.0,tier1,34.5,1.15,0.0,0.0,1.2,3.0,0,0.8224,same_model_family,0.8811,movement_reconstructed,1,53.0,83.14285714285714,239.0,0.0,0.0,0.0,0.0,0.0,0.0,-64.0,-1.0,7,HOLD,rds_snapshot_history,0,,,1.0,MARKDOWN,MARKDOWN,0.8668,0.8668,priced above market by 20%; competitors are discounting; margin can support a markdown,low_stock|overpriced,business_only_retail_pricing_v1,deterministic_business_heuristic,2026-06-04T19:20:03.676893+00:00,1,0.6857,0.9204,0.4654,0.4018
SP-C031FC9456|2026-05-19,SP-C031FC9456,,HM4975,Adidas,accessories,Adidas All Court 3.0 Unisex Basketball Ball Wood/Black,2026-05-19,0.0,0.0,1,0,1.0,54.32,0.0,999,30,43.08,0.0483,0,0,1,at_market,0,1.0,tier1,19.68,1.15,0.0,0.0,1.2,3.0,0,0.8224,exact_style,1.0,movement_reconstructed,1,41.0,41.0,41.0,0.0,0.0,0.0,1.0,0.0,0.0,0.0,0.0,0,HOLD,rds_snapshot_history,0,,,1.0,HOLD,HOLD,0.98,0.98,price is close to market; no urgent pricing intervention is needed,low_stock,business_only_retail_pricing_v1,deterministic_business_heuristic,2026-06-04T19:20:03.676893+00:00,0,0.7477,0.0413,0.2266,0.0
SP-C031FC9456|2026-05-26,SP-C031FC9456,,HM4975,Adidas,accessories,Adidas All Court 3.0 Unisex Basketball Ball Wood/Black,2026-05-26,45.2,1.51,0,18,1.0,54.32,0.0,999,30,43.08,0.0483,0,0,1,at_market,0,0.0,tier1,19.68,1.15,0.0,0.0,1.2,3.0,0,0.8224,exact_style,1.0,movement_reconstructed,1,41.0,41.0,41.0,0.0,0.0,0.0,1.0,0.0,0.0,-14.0,-1.0,7,PROMOTE,rds_snapshot_history,0,,,1.0,HOLD,HOLD,0.98,0.98,inventory position is balanced; price is close to market; no urgent pricing intervention is needed,,business_only_retail_pricing_v1,deterministic_business_heuristic,2026-06-04T19:20:03.676893+00:00,1,0.9009,0.2613,0.419,0.2522
SP-C11BA696DF|2026-05-19,SP-C11BA696DF,,IN227223,Nike,apparel,Nike Club Men Lifestyle Pant Black/White,2026-05-19,0.0,0.0,1,0,1.0,51.2,0.0,999,30,63.57,0.1663,1,1,1,premium,0,1.0,tier1,31.02,1.15,0.0,0.0,1.2,3.0,0,0.8224,same_model_family,0.8706,movement_reconstructed,1,53.0,62.54545454545455,74.0,0.0,0.0,0.0,1.0,1.0,0.0,0.0,0.0,0,HOLD,rds_snapshot_history,0,,,1.0,HOLD,HOLD,0.6265,0.6265,no urgent pricing intervention is needed,low_stock|overpriced|low_label_confidence,business_only_retail_pricing_v1,deterministic_business_heuristic,2026-06-04T19:20:03.676893+00:00,0,0.5284,0.6633,0.261,0.1043
SP-C11BA696DF|2026-05-26,SP-C11BA696DF,,IN227223,Nike,apparel,Nike Club Men Lifestyle Pant Black/White,2026-05-26,52.8,1.76,0,14,1.0,51.2,0.0,999,30,63.57,0.5753,1,1,1,premium,0,0.0,tier1,31.02,1.15,0.0,0.0,1.2,3.0,0,0.8224,same_model_family,0.8445,movement_reconstructed,1,27.0,58.97938144329897,74.0,0.0,0.0,0.0,1.0,1.0,0.0354,-14.0,-1.0,0,HOLD,rds_snapshot_history,0,,,1.0,MARKDOWN,MARKDOWN,0.9642,0.9642,priced above market by 58%; competitors are discounting; margin can support a markdown,low_stock|overpriced,business_only_retail_pricing_v1,deterministic_business_heuristic,2026-06-04T19:20:03.676893+00:00,1,0.6612,0.968,0.4755,0.4126
SP-C12CBB627C|2026-05-19,SP-C12CBB627C,,IN231485,Crocs,accessories,Crocs 3D Kitty Unisex Lifestyle Jibbitz Charm,2026-05-19,0.0,0.0,1,0,1.0,51.4,0.0,999,30,6.42,0.0654,0,1,1,above_market,0,1.0,tier2,3.12,1.15,0.0,0.0,1.2,3.0,0,0.8224,same_model_family,0.8832,movement_reconstructed,1,6.0,7.095238095238095,12.0,0.0,0.0,0.0,0.0,0.0,0.0,0.0,0.0,0,HOLD,rds_snapshot_history,0,,,1.0,HOLD,HOLD,0.98,0.98,no urgent pricing intervention is needed,low_stock,business_only_retail_pricing_v1,deterministic_business_heuristic,2026-06-04T19:20:03.676893+00:00,0,0.7333,0.0549,0.262,0.0
SP-C12CBB627C|2026-05-26,SP-C12CBB627C,,IN231485,Crocs,accessories,Crocs 3D Kitty Unisex Lifestyle Jibbitz Charm,2026-05-26,45.2,1.51,0,18,1.0,51.4,0.0,999,30,6.42,0.0654,0,1,1,above_market,0,0.0,tier2,3.12,1.15,0.0,0.0,1.2,3.0,0,0.8224,same_model_family,0.8833,movement_reconstructed,1,6.0,7.046875,12.0,0.0,0.0,0.0,0.0,0.0,0.0,-7.0,-1.0,7,PROMOTE,rds_snapshot_history,0,,,1.0,HOLD,HOLD,0.98,0.98,inventory position is balanced; no urgent pricing intervention is needed,,business_only_retail_pricing_v1,deterministic_business_heuristic,2026-06-04T19:20:03.676893+00:00,1,0.8865,0.3749,0.4544,0.2612
SP-C1FA92617F|2026-05-19,SP-C1FA92617F,,JI2318,Adidas,footwear,"Barreda Decode Shoes, Green",2026-05-19,0.0,0.0,1,0,1.0,50.83,0.0,999,30,123.0,-0.0244,0,0,1,at_market,0,1.0,tier1,60.48,1.15,0.0,0.0,1.2,3.0,0,0.8224,exact_style,1.0,movement_reconstructed,1,126.0,126.0,126.0,0.0,0.0,0.0,1.0,1.0,0.0,0.0,0.0,0,HOLD,rds_snapshot_history,0,,,1.0,HOLD,HOLD,0.98,0.98,price is close to market; no urgent pricing intervention is needed,low_stock,business_only_retail_pricing_v1,deterministic_business_heuristic,2026-06-04T19:20:03.676893+00:00,0,0.7631,0.0,0.2091,0.0
SP-C1FA92617F|2026-05-26,SP-C1FA92617F,,JI2318,Adidas,footwear,"Barreda Decode Shoes, Green",2026-05-26,136.6,4.55,0,13,1.0,50.83,0.0,999,30,123.0,-0.0244,0,0,1,at_market,0,0.0,tier1,60.48,1.15,0.0,0.0,1.2,3.0,0,0.8224,exact_style,1.0,movement_reconstructed,1,126.0,126.0,126.0,0.0,0.0,0.0,1.0,1.0,0.0141,-14.0,-1.0,7,CLEAR,rds_snapshot_history,0,,,1.0,HOLD,HOLD,0.98,0.98,inventory position is balanced; price is close to market; no urgent pricing intervention is needed,low_stock|stale_inventory,business_only_retail_pricing_v1,deterministic_business_heuristic,2026-06-04T19:20:03.676893+00:00,1,0.7681,0.4219,0.2623,0.289
SP-C2A32D9C08|2026-05-19,SP-C2A32D9C08,,IN234746,New Balance,apparel,New Balance Athletics French Terry Men Lifestyle Pant Pumpernickel,2026-05-19,0.0,0.0,1,0,1.0,55.37,0.0,999,30,115.28,0.0892,0,0,1,above_market,0,1.0,tier1,51.45,1.15,0.0,0.0,1.2,3.0,0,0.8224,same_model_family,0.975,movement_reconstructed,1,105.0,105.0,105.0,0.0,0.0,0.0,0.0,1.0,0.0,0.0,0.0,0,HOLD,rds_snapshot_history,0,,,1.0,HOLD,HOLD,0.98,0.98,no urgent pricing intervention is needed,low_stock,business_only_retail_pricing_v1,deterministic_business_heuristic,2026-06-04T19:20:03.676893+00:00,0,0.7133,0.1108,0.2318,0.0
SP-C2A32D9C08|2026-05-26,SP-C2A32D9C08,,IN234746,New Balance,apparel,New Balance Athletics French Terry Men Lifestyle Pant Pumpernickel,2026-05-26,95.0,3.17,0,14,1.0,55.37,0.0,999,30,115.28,0.0892,0,0,1,above_market,0,0.0,tier1,51.45,1.15,0.0,0.0,1.2,3.0,0,0.8224,same_model_family,0.975,movement_reconstructed,1,105.0,105.0,105.0,0.0,0.0,0.0,0.0,1.0,0.0,-14.0,-1.0,7,HOLD,rds_snapshot_history,0,,,1.0,MARKDOWN,MARKDOWN,0.55,0.55,priced above market by 9%; stock cover is elevated (95 DOS); margin can support a markdown,low_stock|low_label_confidence,business_only_retail_pricing_v1,deterministic_business_heuristic,2026-06-04T19:20:03.676893+00:00,1,0.8331,0.545,0.3851,0.2737
SP-C328DB5C58|2026-05-19,SP-C328DB5C58,,IG9184,Adidas,footwear,"Advantage Base 2.0 Shoes, Black",2026-05-19,0.0,0.0,1,0,1.0,55.88,0.0,999,30,103.9,0.7401,1,1,2,premium,0,1.0,tier1,45.84,1.15,0.0,0.0,1.2,3.0,0,0.8224,exact_style,0.878,movement_reconstructed,1,27.0,47.5003,95.0,0.0,0.0,0.0,0.0,0.0,0.0,0.0,0.0,0,HOLD,rds_snapshot_history,0,,,1.0,HOLD,HOLD,0.618,0.618,no urgent pricing intervention is needed,low_stock|overpriced|low_label_confidence,business_only_retail_pricing_v1,deterministic_business_heuristic,2026-06-04T19:20:03.676893+00:00,0,0.5431,0.6696,0.2594,0.0976
SP-C328DB5C58|2026-05-26,SP-C328DB5C58,,IG9184,Adidas,footwear,"Advantage Base 2.0 Shoes, Black",2026-05-26,105.5,3.52,0,10,1.0,55.88,0.0,999,30,103.9,0.7401,1,1,2,premium,0,0.0,tier1,45.84,1.15,0.0,0.0,1.2,3.0,0,0.8224,exact_style,0.8978,movement_reconstructed,1,27.0,44.3337,95.0,0.0,0.0,0.0,0.0,0.0,0.0,-48.0,-1.0,7,HOLD,rds_snapshot_history,0,,,1.0,HOLD,HOLD,0.55,0.55,inventory position is balanced; no urgent pricing intervention is needed,low_stock|overpriced|low_label_confidence,business_only_retail_pricing_v1,deterministic_business_heuristic,2026-06-04T19:20:03.676893+00:00,0,0.589,1.0219,0.3591,0.3776
SP-C3695075E8|2026-05-19,SP-C3695075E8,,HS1747,Adidas,swimwear,"3 Bar Logo Swimsuit, Black",2026-05-19,0.0,0.0,1,0,1.0,54.82,0.0,999,30,17.0,0.0588,1,1,1,above_market,0,1.0,tier1,7.68,1.45,0.3,0.0,1.7,3.0,0,0.8224,exact_style,1.0,movement_reconstructed,1,16.0,16.0,16.0,0.0,0.0,0.0,1.0,0.0,0.0,0.0,0.0,0,HOLD,rds_snapshot_history,0,,,1.0,HOLD,HOLD,0.909,0.909,no urgent pricing intervention is needed,low_stock,business_only_retail_pricing_v1,deterministic_business_heuristic,2026-06-04T19:20:03.676893+00:00,0,0.6189,0.3602,0.4541,0.0477
SP-C3695075E8|2026-05-26,SP-C3695075E8,,HS1747,Adidas,swimwear,"3 Bar Logo Swimsuit, Black",2026-05-26,98.0,3.27,0,9,1.0,54.82,0.0,999,30,17.0,0.0,0,0,0,at_market,0,0.0,tier1,7.68,1.45,0.3,0.0,1.7,3.0,0,0.8224,no_match,0.0,movement_reconstructed,0,0.0,0.0,0.0,0.0,0.0,0.0,1.0,0.25,0.0321,-12.0,-1.0,0,HOLD,rds_snapshot_history,0,,,1.0,HOLD,HOLD,0.98,0.98,inventory position is balanced; price is close to market; no urgent pricing intervention is needed,low_stock|weak_competitor_match,business_only_retail_pricing_v1,deterministic_business_heuristic,2026-06-04T19:20:03.676893+00:00,0,0.8937,0.2342,0.4901,0.2426
SP-C3739F5327|2026-05-19,SP-C3739F5327,,IN232348,Nike,apparel,Nike Air Men Lifestyle Pant Black/White,2026-05-19,0.0,0.0,1,0,1.0,53.14,0.0,999,30,143.44,0.7421,1,1,1,premium,0,1.0,tier1,67.21,1.15,0.0,0.0,1.2,3.0,0,0.8224,same_model_family,0.8198,movement_reconstructed,1,37.0,94.33333333333331,125.0,0.0,0.0,0.0,0.0,0.0,0.0,0.0,0.0,0,HOLD,rds_snapshot_history,0,,,1.0,HOLD,HOLD,0.55,0.55,no urgent pricing intervention is needed,low_stock|overpriced|low_label_confidence,business_only_retail_pricing_v1,deterministic_business_heuristic,2026-06-04T19:20:03.676893+00:00,0,0.4831,0.757,0.2707,0.1326
SP-C3739F5327|2026-05-26,SP-C3739F5327,,IN232348,Nike,apparel,Nike Air Men Lifestyle Pant Black/White,2026-05-26,95.0,3.17,0,14,1.0,53.14,0.0,999,30,143.44,0.7421,1,1,1,premium,0,0.0,tier1,67.21,1.15,0.0,0.0,1.2,3.0,0,0.8224,same_model_family,0.8029,movement_reconstructed,1,37.0,103.0,160.0,0.0,0.0,0.0,0.0,0.0,0.0,-9.0,-1.0,7,HOLD,rds_snapshot_history,0,,,1.0,MARKDOWN,MARKDOWN,0.98,0.98,priced above market by 74%; competitors are discounting; stock cover is elevated (95 DOS),low_stock|overpriced,business_only_retail_pricing_v1,deterministic_business_heuristic,2026-06-04T19:20:03.676893+00:00,1,0.603,1.0913,0.4239,0.4126
SP-C394BB70B8|2026-05-19,SP-C394BB70B8,,IN200628,The North Face,other,The North Face Base Unisex Lifestyle Band Black,2026-05-19,0.0,0.0,1,0,1.0,52.15,0.0,999,30,18.81,-0.0101,1,1,1,at_market,0,1.0,tier1,9.0,1.15,0.0,0.0,1.2,3.0,0,0.8224,same_model_family,0.7571,movement_reconstructed,1,19.0,93.0952380952381,253.0,0.0,0.0,0.0,0.0,0.0,0.0,0.0,0.0,0,HOLD,rds_snapshot_history,0,,,1.0,HOLD,HOLD,0.98,0.98,price is close to market; no urgent pricing intervention is needed,low_stock,business_only_retail_pricing_v1,deterministic_business_heuristic,2026-06-04T19:20:03.676893+00:00,0,0.6431,0.3024,0.2657,0.0326
SP-C394BB70B8|2026-05-26,SP-C394BB70B8,,IN200628,The North Face,other,The North Face Base Unisex Lifestyle Band Black,2026-05-26,73.5,2.45,0,9,1.0,52.15,0.0,999,30,18.81,0.2026,1,1,1,premium,0,0.0,tier1,9.0,1.15,0.0,0.0,1.2,3.0,0,0.8224,same_model_family,0.7586,movement_reconstructed,1,15.0,95.63025210084034,253.0,0.0,0.0,0.0,0.0,0.0,0.0,-48.0,-1.0,7,HOLD,rds_snapshot_history,0,,,1.0,HOLD,HOLD,0.55,0.55,inventory position is balanced; no urgent pricing intervention is needed,low_stock|overpriced|low_label_confidence,business_only_retail_pricing_v1,deterministic_business_heuristic,2026-06-04T19:20:03.676893+00:00,0,0.6286,0.945,0.464,0.4034
SP-C3AF8C8D07|2026-05-19,SP-C3AF8C8D07,,IN171671,Babolat,kids,Babolat Nadal Junior 23 Strung Grip Kids Tennis Racquet Multi,2026-05-19,0.0,0.0,1,0,1.0,59.51,0.0,999,30,86.04,0.2213,0,1,1,premium,0,1.0,tier3,34.84,1.15,0.0,0.0,1.2,3.0,0,0.8224,same_model_family,0.8762,movement_reconstructed,1,67.0,89.0,111.0,0.0,0.0,0.0,1.0,1.0,0.0,0.0,0.0,0,HOLD,rds_snapshot_history,0,,,1.0,HOLD,HOLD,0.8478,0.8478,no urgent pricing intervention is needed,low_stock|overpriced,business_only_retail_pricing_v1,deterministic_business_heuristic,2026-06-04T19:20:03.676893+00:00,0,0.6031,0.4994,0.295,0.0626
SP-C3AF8C8D07|2026-05-26,SP-C3AF8C8D07,,IN171671,Babolat,kids,Babolat Nadal Junior 23 Strung Grip Kids Tennis Racquet Multi,2026-05-26,91.4,3.05,0,9,1.0,59.51,0.0,999,30,86.04,0.2213,0,1,1,premium,0,0.0,tier3,34.84,1.15,0.0,0.0,1.2,3.0,0,0.8224,same_model_family,0.8763,movement_reconstructed,1,67.0,89.0,111.0,0.0,0.0,0.0,1.0,1.0,0.0639,-9.0,-1.0,0,HOLD,rds_snapshot_history,0,,,1.0,HOLD,HOLD,0.55,0.55,inventory position is balanced; no urgent pricing intervention is needed,low_stock|overpriced|low_label_confidence,business_only_retail_pricing_v1,deterministic_business_heuristic,2026-06-04T19:20:03.676893+00:00,0,0.6753,0.7475,0.4334,0.3426
SP-C3B564E9B6|2026-05-19,SP-C3B564E9B6,,IN231539,Crocs,accessories,Crocs 3D Holiday Beach Umbrella Unisex Lifestyle Jibbitz Charm,2026-05-19,0.0,0.0,1,0,1.0,55.81,0.0,999,30,7.06,0.1501,0,1,1,premium,0,1.0,tier2,3.12,1.15,0.0,0.0,1.2,3.0,0,0.8224,same_model_family,0.8056,movement_reconstructed,1,6.0,7.137931034482759,12.0,0.0,0.0,0.0,1.0,1.0,0.0,0.0,0.0,0,HOLD,rds_snapshot_history,0,,,1.0,HOLD,HOLD,0.98,0.98,no urgent pricing intervention is needed,low_stock|overpriced,business_only_retail_pricing_v1,deterministic_business_heuristic,2026-06-04T19:20:03.676893+00:00,0,0.662,0.379,0.284,0.0258
SP-C3B564E9B6|2026-05-26,SP-C3B564E9B6,,IN231539,Crocs,accessories,Crocs 3D Holiday Beach Umbrella Unisex Lifestyle Jibbitz Charm,2026-05-26,45.2,1.51,0,18,1.0,55.81,0.0,999,30,7.06,0.1501,0,1,1,premium,0,0.0,tier2,3.12,1.15,0.0,0.0,1.2,3.0,0,0.8224,same_model_family,0.8056,movement_reconstructed,1,6.0,7.11214953271028,12.0,0.0,0.0,0.0,1.0,1.0,0.0,-9.0,-1.0,7,PROMOTE,rds_snapshot_history,0,,,1.0,HOLD,HOLD,0.8419,0.8419,inventory position is balanced; no urgent pricing intervention is needed,overpriced,business_only_retail_pricing_v1,deterministic_business_heuristic,2026-06-04T19:20:03.676893+00:00,1,0.8152,0.599,0.4764,0.3058
SP-C48AE249D6|2026-05-19,SP-C48AE249D6,,IN192327,New Balance,footwear,New Balance 327 Men Lifestyle Shoes Grey/ White,2026-05-19,0.0,0.0,1,0,1.0,58.41,0.0,999,30,139.02,0.3886,1,1,1,premium,0,1.0,tier1,57.82,1.15,0.0,0.0,1.2,3.0,0,0.8224,same_model_family,0.8012,movement_reconstructed,1,85.0,116.0,132.0,0.0,0.0,0.0,0.0,0.0,0.0,0.0,0.0,0,HOLD,rds_snapshot_history,0,,,1.0,HOLD,HOLD,0.55,0.55,no urgent pricing intervention is needed,low_stock|overpriced|low_label_confidence,business_only_retail_pricing_v1,deterministic_business_heuristic,2026-06-04T19:20:03.676893+00:00,0,0.4831,0.7794,0.295,0.1326
SP-C48AE249D6|2026-05-26,SP-C48AE249D6,,IN192327,New Balance,footwear,New Balance 327 Men Lifestyle Shoes Grey/ White,2026-05-26,136.6,4.55,0,10,1.0,58.41,0.0,999,30,139.02,0.3886,1,1,1,premium,0,0.0,tier1,57.82,1.15,0.0,0.0,1.2,3.0,0,0.8224,same_model_family,0.7978,movement_reconstructed,1,85.0,116.34567901234568,155.0,0.0,0.0,0.0,0.0,0.0,0.0,-18.0,-1.0,7,CLEAR,rds_snapshot_history,0,,,1.0,HOLD,HOLD,0.55,0.55,inventory position is balanced; no urgent pricing intervention is needed,low_stock|overpriced|stale_inventory|low_label_confidence,business_only_retail_pricing_v1,deterministic_business_heuristic,2026-06-04T19:20:03.676893+00:00,1,0.4485,1.185,0.3302,0.459
SP-C5A9CE6C8D|2026-05-19,SP-C5A9CE6C8D,,JI2306,Adidas,footwear,"Barreda Shoes, White",2026-05-19,0.0,0.0,1,0,1.0,50.54,0.0,999,30,92.69,-0.0357,0,0,2,at_market,0,1.0,tier1,45.84,1.15,0.0,0.0,1.2,3.0,0,0.8224,exact_style,0.965,movement_reconstructed,1,96.0,47.5005,95.0,0.0,0.0,0.0,0.0,0.0,0.0,0.0,0.0,0,HOLD,rds_snapshot_history,0,,,1.0,HOLD,HOLD,0.98,0.98,price is close to market; no urgent pricing intervention is needed,low_stock,business_only_retail_pricing_v1,deterministic_business_heuristic,2026-06-04T19:20:03.676893+00:00,0,0.7631,0.0,0.21,0.0
SP-C5A9CE6C8D|2026-05-26,SP-C5A9CE6C8D,,JI2306,Adidas,footwear,"Barreda Shoes, White",2026-05-26,94.1,3.14,0,14,1.0,50.54,0.0,999,30,92.69,-0.0357,0,0,2,at_market,0,0.0,tier1,45.84,1.15,0.0,0.0,1.2,3.0,0,0.8224,exact_style,0.9533,movement_reconstructed,1,96.0,63.3337,95.0,0.0,0.0,0.0,0.0,0.0,0.0,-28.0,-1.0,7,HOLD,rds_snapshot_history,0,,,1.0,HOLD,HOLD,0.98,0.98,inventory position is balanced; price is close to market; no urgent pricing intervention is needed,low_stock,business_only_retail_pricing_v1,deterministic_business_heuristic,2026-06-04T19:20:03.676893+00:00,0,0.8859,0.2477,0.3662,0.2426
SP-C7D5ADC445|2026-05-19,SP-C7D5ADC445,,IN202591,ON,other,On Climate 2 Men Running Long Sleeve Black,2026-05-19,0.0,0.0,1,0,1.0,56.72,0.0,999,30,154.12,0.2928,1,1,1,premium,0,1.0,tier1,66.7,1.15,0.0,0.0,1.2,3.0,0,0.8224,same_model_family,0.7717,movement_reconstructed,1,109.0,150.5,156.0,0.0,0.0,0.0,0.0,0.0,0.0,0.0,0.0,0,HOLD,rds_snapshot_history,0,,,1.0,HOLD,HOLD,0.55,0.55,no urgent pricing intervention is needed,low_stock|overpriced|low_label_confidence,business_only_retail_pricing_v1,deterministic_business_heuristic,2026-06-04T19:20:03.676893+00:00,0,0.4831,0.7735,0.2886,0.1326
SP-C7D5ADC445|2026-05-26,SP-C7D5ADC445,,IN202591,ON,other,On Climate 2 Men Running Long Sleeve Black,2026-05-26,136.6,4.55,0,9,1.0,56.72,0.0,999,30,154.12,0.3382,1,1,1,premium,0,0.0,tier1,66.7,1.15,0.0,0.0,1.2,3.0,0,0.8224,same_model_family,0.7821,movement_reconstructed,1,102.0,149.0754716981132,156.0,0.0,0.0,0.0,0.0,0.0,0.0,-12.0,-1.0,7,CLEAR,rds_snapshot_history,0,,,1.0,HOLD,HOLD,0.55,0.55,inventory position is balanced; no urgent pricing intervention is needed,low_stock|overpriced|stale_inventory|low_label_confidence,business_only_retail_pricing_v1,deterministic_business_heuristic,2026-06-04T19:20:03.676893+00:00,1,0.4287,1.1791,0.3148,0.459
SP-C7EF6CC8AF|2026-05-19,SP-C7EF6CC8AF,,ID8840,Adidas,footwear,Adidas Ultraboost 5 Women Running Shoes White/Grey/Pink,2026-05-19,0.0,0.0,1,0,1.0,49.5,0.0,999,30,139.73,-0.0234,1,0,1,at_market,0,1.0,tier1,70.56,1.15,0.0,0.0,1.2,3.0,0,0.8224,similar_product,0.7981,movement_reconstructed,1,143.0,143.0,143.0,0.0,0.0,0.0,0.0,0.0,0.0,0.0,0.0,0,HOLD,rds_snapshot_history,0,,,1.0,HOLD,HOLD,0.98,0.98,price is close to market; no urgent pricing intervention is needed,low_stock|weak_competitor_match,business_only_retail_pricing_v1,deterministic_business_heuristic,2026-06-04T19:20:03.676893+00:00,0,0.6431,0.2902,0.2025,0.0326
SP-C7EF6CC8AF|2026-05-26,SP-C7EF6CC8AF,,ID8840,Adidas,footwear,Adidas Ultraboost 5 Women Running Shoes White/Grey/Pink,2026-05-26,116.1,3.87,0,9,1.0,49.5,0.0,999,30,139.73,-0.0234,2,1,2,at_market,0,0.0,tier1,70.56,1.15,0.0,0.0,1.2,3.0,0,0.8224,exact_style,0.8414,movement_reconstructed,1,143.0,5.3352,144.0,0.0,0.0,0.0,0.5,0.5,0.2966,-9.0,-1.0,0,HOLD,rds_snapshot_history,0,,,1.0,HOLD,HOLD,0.7381,0.7381,inventory position is balanced; price is close to market; no urgent pricing intervention is needed,low_stock,business_only_retail_pricing_v1,deterministic_business_heuristic,2026-06-04T19:20:03.676893+00:00,0,0.6345,0.5807,0.2823,0.3126
SP-C80777C682|2026-05-19,SP-C80777C682,,IN234881,New Balance,sportswear,New Balance Essential Train Women Performance Bra Black,2026-05-19,0.0,0.0,1,0,1.0,58.31,0.0,999,30,76.39,0.1491,0,0,1,above_market,0,1.0,tier1,31.85,1.15,0.0,0.0,1.2,3.0,0,0.8224,same_model_family,0.9583,movement_reconstructed,1,65.0,65.0,65.0,0.0,0.0,0.0,1.0,1.0,0.0,0.0,0.0,0,HOLD,rds_snapshot_history,0,,,1.0,HOLD,HOLD,0.98,0.98,no urgent pricing intervention is needed,low_stock|overpriced,business_only_retail_pricing_v1,deterministic_business_heuristic,2026-06-04T19:20:03.676893+00:00,0,0.6629,0.3175,0.245,0.0253
SP-C80777C682|2026-05-26,SP-C80777C682,,IN234881,New Balance,sportswear,New Balance Essential Train Women Performance Bra Black,2026-05-26,73.0,2.43,0,12,1.0,58.31,0.0,999,30,76.39,0.1491,0,0,1,above_market,0,0.0,tier1,31.85,1.15,0.0,0.0,1.2,3.0,0,0.8224,same_model_family,0.9583,movement_reconstructed,1,65.0,65.0,65.0,0.0,0.0,0.0,1.0,1.0,0.0,-14.0,-1.0,7,HOLD,rds_snapshot_history,0,,,1.0,HOLD,HOLD,0.9782,0.9782,inventory position is balanced; no urgent pricing intervention is needed,low_stock|overpriced,business_only_retail_pricing_v1,deterministic_business_heuristic,2026-06-04T19:20:03.676893+00:00,0,0.8547,0.5375,0.4717,0.3053
SP-CA2B45C970|2026-05-19,SP-CA2B45C970,,IN233464,ON,football_boots,On Studio 7/8 Women Training 7/8 Tight Navy,2026-05-19,0.0,0.0,1,0,1.0,59.55,0.0,999,30,164.9,0.0,0,0,0,at_market,0,1.0,tier1,66.7,1.15,0.0,0.0,1.2,3.0,0,0.8224,no_match,0.0,movement_reconstructed,0,0.0,0.0,0.0,0.0,0.0,0.0,0.0,0.0,0.0,0.0,0.0,0,HOLD,rds_snapshot_history,0,,,1.0,HOLD,HOLD,0.98,0.98,price is close to market; no urgent pricing intervention is needed,low_stock|weak_competitor_match,business_only_retail_pricing_v1,deterministic_business_heuristic,2026-06-04T19:20:03.676893+00:00,0,0.8431,0.0,0.2276,0.0
SP-CA2B45C970|2026-05-26,SP-CA2B45C970,,IN233464,ON,football_boots,On Studio 7/8 Women Training 7/8 Tight Navy,2026-05-26,156.1,5.2,0,6,1.0,59.55,0.0,999,30,164.9,0.0,0,0,0,at_market,0,0.0,tier1,66.7,1.15,0.0,0.0,1.2,3.0,0,0.8224,no_match,0.0,movement_reconstructed,0,0.0,0.0,0.0,0.0,0.0,0.0,0.0,0.0,0.0,-40.0,-1.0,7,CLEAR,rds_snapshot_history,0,,,1.0,HOLD,HOLD,0.98,0.98,price is close to market; no urgent pricing intervention is needed,low_stock|weak_competitor_match|stale_inventory,business_only_retail_pricing_v1,deterministic_business_heuristic,2026-06-04T19:20:03.676893+00:00,1,0.8505,0.3485,0.2087,0.2936
SP-CA4D78ABDF|2026-05-19,SP-CA4D78ABDF,,IN236714,Crocs,footwear,Crocs All Day Women Lifestyle Slippers Black,2026-05-19,0.0,0.0,1,0,1.0,49.06,0.0,999,30,36.75,0.0748,1,1,1,above_market,0,1.0,tier2,18.72,1.15,0.0,0.0,1.2,3.0,0,0.8224,same_model_family,0.8235,movement_reconstructed,1,34.0,36.63636363636363,39.0,0.0,0.0,0.0,1.0,0.5,0.0,0.0,0.0,0,HOLD,rds_snapshot_history,0,,,1.0,HOLD,HOLD,0.9295,0.9295,no urgent pricing intervention is needed,low_stock,business_only_retail_pricing_v1,deterministic_business_heuristic,2026-06-04T19:20:03.676893+00:00,0,0.6054,0.4389,0.2503,0.0561
SP-CA4D78ABDF|2026-05-26,SP-CA4D78ABDF,,IN236714,Crocs,footwear,Crocs All Day Women Lifestyle Slippers Black,2026-05-26,73.5,2.45,0,10,1.0,49.06,0.0,999,30,36.75,0.0748,1,1,1,above_market,0,0.0,tier2,18.72,1.15,0.0,0.0,1.2,3.0,0,0.8224,same_model_family,0.804,movement_reconstructed,1,34.0,37.080213903743314,59.0,0.0,0.0,0.0,1.0,0.5,0.0,-12.0,-1.0,7,HOLD,rds_snapshot_history,0,,,1.0,HOLD,HOLD,0.6811,0.6811,inventory position is balanced; no urgent pricing intervention is needed,low_stock,business_only_retail_pricing_v1,deterministic_business_heuristic,2026-06-04T19:20:03.676893+00:00,0,0.756,0.6589,0.4576,0.3361
SP-CC132CEF52|2026-05-19,SP-CC132CEF52,,JM6459,Adidas,apparel,Adidas Food Grilled Cheese Graphic Men Sportswear T-Shirt Off White,2026-05-19,0.0,0.0,1,0,1.0,51.19,0.0,999,30,43.76,0.2687,1,1,2,premium,0,1.0,tier1,21.36,1.15,0.0,0.0,1.2,3.0,0,0.8224,exact_style,0.7437,movement_reconstructed,1,32.0,2.7504,44.0,0.0,0.0,0.0,0.0,0.0,0.0,0.0,0.0,0,HOLD,rds_snapshot_history,0,,,1.0,HOLD,HOLD,0.6472,0.6472,no urgent pricing intervention is needed,low_stock|overpriced|low_label_confidence,business_only_retail_pricing_v1,deterministic_business_heuristic,2026-06-04T19:20:03.676893+00:00,0,0.5431,0.648,0.2359,0.0976
SP-CC132CEF52|2026-05-26,SP-CC132CEF52,,JM6459,Adidas,apparel,Adidas Food Grilled Cheese Graphic Men Sportswear T-Shirt Off White,2026-05-26,43.5,1.45,0,14,1.0,51.19,0.0,999,30,43.76,0.2687,1,1,2,premium,0,0.0,tier1,21.36,1.15,0.0,0.0,1.2,3.0,0,0.8224,exact_style,0.7471,movement_reconstructed,1,32.0,3.1115,44.0,0.0,0.0,0.0,0.0,0.0,0.0,-42.0,-1.0,7,HOLD,rds_snapshot_history,0,,,1.0,MARKDOWN,MARKDOWN,0.7892,0.7892,priced above market by 27%; competitors are discounting; margin can support a markdown,low_stock|overpriced,business_only_retail_pricing_v1,deterministic_business_heuristic,2026-06-04T19:20:03.676893+00:00,1,0.6908,0.868,0.4234,0.3776
SP-CC5CDA3953|2026-05-19,SP-CC5CDA3953,,IN073617,Crocs,footwear,Crocs Bistro Slip Resistant Work Clog Unisex lifestyle Slippers Black,2026-05-19,0.0,0.0,1,0,1.0,50.07,0.0,999,30,43.74,0.2227,1,1,1,premium,0,1.0,tier2,21.84,1.15,0.0,0.0,1.2,3.0,0,0.8224,similar_product,0.7342,movement_reconstructed,1,34.0,40.4,42.0,0.0,0.0,0.0,0.0,0.0,0.0,0.0,0.0,0,HOLD,rds_snapshot_history,0,,,1.0,HOLD,HOLD,0.55,0.55,no urgent pricing intervention is needed,low_stock|overpriced|weak_competitor_match|low_label_confidence,business_only_retail_pricing_v1,deterministic_business_heuristic,2026-06-04T19:20:03.676893+00:00,0,0.4831,0.7428,0.2553,0.1326
SP-CC5CDA3953|2026-05-26,SP-CC5CDA3953,,IN073617,Crocs,footwear,Crocs Bistro Slip Resistant Work Clog Unisex lifestyle Slippers Black,2026-05-26,73.5,2.45,0,9,1.0,50.07,0.0,999,30,43.74,0.2227,1,1,1,premium,0,0.0,tier2,21.84,1.15,0.0,0.0,1.2,3.0,0,0.8224,same_model_family,0.7944,movement_reconstructed,1,34.0,41.526315789473685,45.0,0.0,0.0,0.0,0.0,0.0,0.0,-9.0,-1.0,7,HOLD,rds_snapshot_history,0,,,1.0,HOLD,HOLD,0.55,0.55,inventory position is balanced; no urgent pricing intervention is needed,low_stock|overpriced|low_label_confidence,business_only_retail_pricing_v1,deterministic_business_heuristic,2026-06-04T19:20:03.676893+00:00,0,0.6139,0.9628,0.4536,0.4126
SP-CE1996B0E0|2026-05-19,SP-CE1996B0E0,,IN227545,Crocs,footwear,Crocs Bae Women Lifestyle Clog Starfish,2026-05-19,0.0,0.0,1,0,1.0,52.05,0.0,999,30,91.09,0.3523,1,1,1,premium,0,1.0,tier2,43.68,1.15,0.0,0.0,1.2,3.0,0,0.8224,same_model_family,0.8223,movement_reconstructed,1,59.0,83.75,96.0,0.0,0.0,0.0,0.0,0.0,0.0,0.0,0.0,0,HOLD,rds_snapshot_history,0,,,1.0,HOLD,HOLD,0.55,0.55,no urgent pricing intervention is needed,low_stock|overpriced|low_label_confidence,business_only_retail_pricing_v1,deterministic_business_heuristic,2026-06-04T19:20:03.676893+00:00,0,0.4831,0.752,0.2652,0.1326
SP-CE1996B0E0|2026-05-26,SP-CE1996B0E0,,IN227545,Crocs,footwear,Crocs Bae Women Lifestyle Clog Starfish,2026-05-26,108.8,3.63,0,9,1.0,52.05,0.0,999,30,91.09,0.3523,1,1,1,premium,0,0.0,tier2,43.68,1.15,0.0,0.0,1.2,3.0,0,0.8224,same_model_family,0.8275,movement_reconstructed,1,59.0,83.18181818181819,96.0,0.0,0.0,0.0,0.0,0.0,0.0,-9.0,-1.0,7,HOLD,rds_snapshot_history,0,,,1.0,HOLD,HOLD,0.55,0.55,inventory position is balanced; no urgent pricing intervention is needed,low_stock|overpriced|low_label_confidence,business_only_retail_pricing_v1,deterministic_business_heuristic,2026-06-04T19:20:03.676893+00:00,0,0.4984,1.1099,0.3447,0.4126
SP-CED36CC988|2026-05-19,SP-CED36CC988,,46U,La Sportiva,footwear,La Sportiva Bushido III W,2026-05-19,0.0,0.0,1,0,1.0,54.0,0.0,999,30,160.95,0.0,0,0,0,at_market,0,1.0,tier2,74.04,1.15,0.0,0.0,1.2,3.0,0,0.8224,no_match,0.0,movement_reconstructed,0,0.0,0.0,0.0,0.0,0.0,0.0,0.0,0.0,0.0,0.0,0.0,0,HOLD,rds_snapshot_history,0,,,1.0,HOLD,HOLD,0.98,0.98,price is close to market; no urgent pricing intervention is needed,low_stock|weak_competitor_match,business_only_retail_pricing_v1,deterministic_business_heuristic,2026-06-04T19:20:03.676893+00:00,0,0.8431,0.0,0.195,0.0
SP-CED36CC988|2026-05-26,SP-CED36CC988,,46U,La Sportiva,footwear,La Sportiva Bushido III W,2026-05-26,136.6,4.55,0,28,1.0,54.0,0.0,999,30,160.95,0.0,0,0,0,at_market,0,0.0,tier2,74.04,1.15,0.0,0.0,1.2,3.0,0,0.8224,no_match,0.0,movement_reconstructed,0,0.0,0.0,0.0,0.0,0.0,0.0,0.0,0.0,0.0,-18.0,-1.0,7,CLEAR,rds_snapshot_history,0,,,1.0,HOLD,HOLD,0.98,0.98,inventory position is balanced; price is close to market; no urgent pricing intervention is needed,weak_competitor_match|stale_inventory,business_only_retail_pricing_v1,deterministic_business_heuristic,2026-06-04T19:20:03.676893+00:00,1,0.8481,0.3966,0.2482,0.289
SP-CF5BCC0FE2|2026-05-19,SP-CF5BCC0FE2,,JI4632,Adidas,footwear,"Response Super Shoes, White",2026-05-19,0.0,0.0,1,0,1.0,62.81,0.0,999,30,89.05,0.2252,1,0,1,premium,0,1.0,tier1,33.12,1.15,0.0,0.0,1.2,3.0,0,0.8224,exact_style,1.0,movement_reconstructed,1,69.0,69.0,69.0,0.0,0.0,0.0,1.0,0.0,0.0,0.0,0.0,0,HOLD,rds_snapshot_history,0,,,1.0,HOLD,HOLD,0.55,0.55,no urgent pricing intervention is needed,low_stock|overpriced|low_label_confidence,business_only_retail_pricing_v1,deterministic_business_heuristic,2026-06-04T19:20:03.676893+00:00,0,0.4831,0.7794,0.245,0.1326
SP-CF5BCC0FE2|2026-05-26,SP-CF5BCC0FE2,,JI4632,Adidas,footwear,"Response Super Shoes, White",2026-05-26,106.4,3.55,0,12,1.0,62.81,0.0,999,30,89.05,0.2252,1,0,1,premium,0,0.0,tier1,33.12,1.15,0.0,0.0,1.2,3.0,0,0.8224,exact_style,1.0,movement_reconstructed,1,69.0,69.0,69.0,0.0,0.0,0.0,1.0,0.0,0.0,-14.0,-1.0,7,HOLD,rds_snapshot_history,0,,,1.0,MARKDOWN,MARKDOWN,0.98,0.98,priced above market by 23%; competitors are discounting; stock cover is elevated (106 DOS),low_stock|overpriced,business_only_retail_pricing_v1,deterministic_business_heuristic,2026-06-04T19:20:03.676893+00:00,1,0.5657,1.1333,0.3596,0.4126
SP-CFC4A2736E|2026-05-19,SP-CFC4A2736E,,56J,La Sportiva,footwear,La Sportiva Jackal II,2026-05-19,0.0,0.0,1,0,1.0,54.0,0.0,999,30,172.05,0.0,0,0,0,at_market,0,1.0,tier2,79.14,1.15,0.0,0.0,1.2,3.0,0,0.8224,no_match,0.0,movement_reconstructed,0,0.0,0.0,0.0,0.0,0.0,0.0,1.0,1.0,0.0,0.0,0.0,0,HOLD,rds_snapshot_history,0,,,1.0,HOLD,HOLD,0.98,0.98,price is close to market; no urgent pricing intervention is needed,low_stock|weak_competitor_match,business_only_retail_pricing_v1,deterministic_business_heuristic,2026-06-04T19:20:03.676893+00:00,0,0.8431,0.0,0.195,0.0
SP-CFC4A2736E|2026-05-26,SP-CFC4A2736E,,56J,La Sportiva,footwear,La Sportiva Jackal II,2026-05-26,136.6,4.55,0,28,1.0,54.0,0.0,999,30,172.05,0.0,0,0,0,at_market,0,0.0,tier2,79.14,1.15,0.0,0.0,1.2,3.0,0,0.8224,no_match,0.0,movement_reconstructed,0,0.0,0.0,0.0,0.0,0.0,0.0,1.0,1.0,0.0,-18.0,-1.0,7,CLEAR,rds_snapshot_history,0,,,1.0,HOLD,HOLD,0.98,0.98,inventory position is balanced; price is close to market; no urgent pricing intervention is needed,weak_competitor_match|stale_inventory,business_only_retail_pricing_v1,deterministic_business_heuristic,2026-06-04T19:20:03.676893+00:00,1,0.8481,0.3966,0.2482,0.289
SP-D066E902D0|2026-05-19,SP-D066E902D0,,IN234716,New Balance,footwear,New Balance 1080V15 Men Running Shoes Afterglow,2026-05-19,0.0,0.0,1,0,1.0,50.7,0.0,999,30,273.3,-0.0062,0,0,1,at_market,0,1.0,tier1,134.75,1.15,0.0,0.0,1.2,3.0,0,0.8224,same_model_family,0.98,movement_reconstructed,1,275.0,275.0,275.0,0.0,0.0,0.0,0.0,0.0,0.0,0.0,0.0,0,HOLD,rds_snapshot_history,0,,,1.0,HOLD,HOLD,0.98,0.98,price is close to market; no urgent pricing intervention is needed,low_stock,business_only_retail_pricing_v1,deterministic_business_heuristic,2026-06-04T19:20:03.676893+00:00,0,0.7631,0.0,0.2085,0.0
SP-D066E902D0|2026-05-26,SP-D066E902D0,,IN234716,New Balance,footwear,New Balance 1080V15 Men Running Shoes Afterglow,2026-05-26,136.6,4.55,0,12,1.0,50.7,0.0,999,30,273.3,-0.0062,0,0,1,at_market,0,0.0,tier1,134.75,1.15,0.0,0.0,1.2,3.0,0,0.8224,same_model_family,0.98,movement_reconstructed,1,275.0,275.0,275.0,0.0,0.0,0.0,0.0,0.0,0.0,-14.0,-1.0,7,CLEAR,rds_snapshot_history,0,,,1.0,HOLD,HOLD,0.98,0.98,inventory position is balanced; price is close to market; no urgent pricing intervention is needed,low_stock|stale_inventory,business_only_retail_pricing_v1,deterministic_business_heuristic,2026-06-04T19:20:03.676893+00:00,1,0.7681,0.4213,0.2617,0.289
SP-D0A64208B9|2026-05-19,SP-D0A64208B9,,IN233426,ON,apparel,On 3 Inch Core Women Running Short Heron,2026-05-19,0.0,0.0,1,0,1.0,56.05,0.0,999,30,78.49,0.2993,1,1,1,premium,0,1.0,tier1,34.5,1.15,0.0,0.0,1.2,3.0,0,0.8224,same_model_family,0.7913,movement_reconstructed,1,55.0,123.0,239.0,0.0,0.0,0.0,0.0,0.0,0.0,0.0,0.0,0,HOLD,rds_snapshot_history,0,,,1.0,HOLD,HOLD,0.55,0.55,no urgent pricing intervention is needed,low_stock|overpriced|low_label_confidence,business_only_retail_pricing_v1,deterministic_business_heuristic,2026-06-04T19:20:03.676893+00:00,0,0.4831,0.7704,0.2852,0.1326
SP-D0A64208B9|2026-05-26,SP-D0A64208B9,,IN233426,ON,apparel,On 3 Inch Core Women Running Short Heron,2026-05-26,65.2,2.17,0,14,1.0,56.05,0.0,999,30,78.49,0.2993,1,1,1,premium,0,0.0,tier1,34.5,1.15,0.0,0.0,1.2,3.0,0,0.8224,same_model_family,0.7913,movement_reconstructed,1,55.0,123.0,239.0,0.0,0.0,0.0,0.0,0.0,0.0,-14.0,-1.0,7,HOLD,rds_snapshot_history,0,,,1.0,MARKDOWN,MARKDOWN,0.9414,0.9414,priced above market by 30%; competitors are discounting; margin can support a markdown,low_stock|overpriced,business_only_retail_pricing_v1,deterministic_business_heuristic,2026-06-04T19:20:03.676893+00:00,1,0.7005,0.9904,0.5347,0.4126
SP-D21AF978EC|2026-05-19,SP-D21AF978EC,,1028060,Keen,footwear,Keen Jasper Vent,2026-05-19,0.0,0.0,1,0,1.0,52.0,0.0,999,30,111.0,0.0,0,0,0,at_market,0,1.0,tier2,53.28,1.15,0.0,0.0,1.2,3.0,0,0.8224,no_match,0.0,movement_reconstructed,0,0.0,0.0,0.0,0.0,0.0,0.0,0.0,0.0,0.0,0.0,0.0,0,HOLD,rds_snapshot_history,0,,,1.0,HOLD,HOLD,0.98,0.98,price is close to market; no urgent pricing intervention is needed,low_stock|weak_competitor_match,business_only_retail_pricing_v1,deterministic_business_heuristic,2026-06-04T19:20:03.676893+00:00,0,0.8431,0.0,0.185,0.0
SP-D21AF978EC|2026-05-26,SP-D21AF978EC,,1028060,Keen,footwear,Keen Jasper Vent,2026-05-26,132.6,4.42,0,48,1.0,52.0,0.0,999,30,111.0,0.0,0,0,0,at_market,0,0.0,tier2,53.28,1.15,0.0,0.0,1.2,3.0,0,0.8224,no_match,0.0,movement_reconstructed,0,0.0,0.0,0.0,0.0,0.0,0.0,0.0,0.0,0.0614,-12.0,-1.0,0,CLEAR,rds_snapshot_history,0,,,1.0,HOLD,HOLD,0.98,0.98,inventory position is balanced; price is close to market; no urgent pricing intervention is needed,weak_competitor_match|stale_inventory,business_only_retail_pricing_v1,deterministic_business_heuristic,2026-06-04T19:20:03.676893+00:00,1,0.8561,0.3805,0.2419,0.2778
SP-D2CBD27227|2026-05-19,SP-D2CBD27227,,IH6870,Adidas,lifestyle,"Samba OG Shoes, White",2026-05-19,0.0,0.0,1,0,1.0,50.93,0.0,999,30,155.52,-0.0224,0,0,1,at_market,0,1.0,tier1,76.32,1.15,0.0,0.0,1.2,3.0,0,0.8224,exact_style,1.0,movement_reconstructed,1,159.0,159.0,159.0,0.0,0.0,0.0,0.0,0.0,0.0,0.0,0.0,0,HOLD,rds_snapshot_history,0,,,1.0,HOLD,HOLD,0.98,0.98,price is close to market; no urgent pricing intervention is needed,low_stock,business_only_retail_pricing_v1,deterministic_business_heuristic,2026-06-04T19:20:03.676893+00:00,0,0.7631,0.0,0.2096,0.0
SP-D2CBD27227|2026-05-26,SP-D2CBD27227,,IH6870,Adidas,lifestyle,"Samba OG Shoes, White",2026-05-26,128.5,4.28,0,12,1.0,50.93,0.0,999,30,155.52,-0.0224,0,0,1,at_market,0,0.0,tier1,76.32,1.15,0.0,0.0,1.2,3.0,0,0.8224,exact_style,1.0,movement_reconstructed,1,159.0,159.0,159.0,0.0,0.0,0.0,0.0,0.0,0.0,-12.0,-1.0,7,CLEAR,rds_snapshot_history,0,,,1.0,HOLD,HOLD,0.98,0.98,inventory position is balanced; price is close to market; no urgent pricing intervention is needed,low_stock|stale_inventory,business_only_retail_pricing_v1,deterministic_business_heuristic,2026-06-04T19:20:03.676893+00:00,1,0.7842,0.4085,0.2703,0.2664
SP-D38DD30CF0|2026-05-19,SP-D38DD30CF0,,IN226223,ON,apparel,"On 5"" Performance Women Running Short Black",2026-05-19,0.0,0.0,1,0,1.0,50.37,0.0,999,30,91.76,0.248,1,1,1,premium,0,1.0,tier1,45.54,1.15,0.0,0.0,1.2,3.0,0,0.8224,same_model_family,0.9233,movement_reconstructed,1,69.0,83.5,99.0,0.0,0.0,0.0,0.0,0.0,0.0,0.0,0.0,0,HOLD,rds_snapshot_history,0,,,1.0,HOLD,HOLD,0.55,0.55,no urgent pricing intervention is needed,low_stock|overpriced|low_label_confidence,business_only_retail_pricing_v1,deterministic_business_heuristic,2026-06-04T19:20:03.676893+00:00,0,0.4831,0.7442,0.2568,0.1326
SP-D38DD30CF0|2026-05-26,SP-D38DD30CF0,,IN226223,ON,apparel,"On 5"" Performance Women Running Short Black",2026-05-26,76.3,2.54,0,14,1.0,50.37,0.0,999,30,91.76,0.248,1,1,1,premium,0,0.0,tier1,45.54,1.15,0.0,0.0,1.2,3.0,0,0.8224,same_model_family,0.9169,movement_reconstructed,1,69.0,82.21052631578948,99.0,0.0,0.0,0.0,0.0,0.0,0.0,-12.0,-1.0,7,HOLD,rds_snapshot_history,0,,,1.0,MARKDOWN,MARKDOWN,0.958,0.958,priced above market by 25%; competitors are discounting; margin can support a markdown,low_stock|overpriced,business_only_retail_pricing_v1,deterministic_business_heuristic,2026-06-04T19:20:03.676893+00:00,1,0.6642,0.9664,0.4734,0.4126
SP-D3B81EBF5D|2026-05-19,SP-D3B81EBF5D,,1019234,Teva,footwear,Teva Hurricane XLT2 M,2026-05-19,0.0,0.0,1,0,1.0,44.99,0.0,999,30,77.7,0.0,0,0,0,at_market,0,1.0,tier2,42.74,1.15,0.0,0.0,1.2,3.0,0,0.8224,no_match,0.0,movement_reconstructed,0,0.0,0.0,0.0,0.0,0.0,0.0,1.0,1.0,0.0,0.0,0.0,0,HOLD,rds_snapshot_history,0,,,1.0,HOLD,HOLD,0.98,0.98,price is close to market; no urgent pricing intervention is needed,low_stock|weak_competitor_match,business_only_retail_pricing_v1,deterministic_business_heuristic,2026-06-04T19:20:03.676893+00:00,0,0.8431,0.0,0.1499,0.0
SP-D3B81EBF5D|2026-05-26,SP-D3B81EBF5D,,1019234,Teva,footwear,Teva Hurricane XLT2 M,2026-05-26,92.8,3.09,0,48,1.0,44.99,0.0,999,30,77.7,0.0,0,0,0,at_market,0,0.0,tier2,42.74,1.15,0.0,0.0,1.2,3.0,0,0.8224,no_match,0.0,movement_reconstructed,0,0.0,0.0,0.0,0.0,0.0,0.0,1.0,1.0,0.0173,-12.0,-1.0,0,HOLD,rds_snapshot_history,0,,,1.0,HOLD,HOLD,0.98,0.98,inventory position is balanced; price is close to market; no urgent pricing intervention is needed,weak_competitor_match,business_only_retail_pricing_v1,deterministic_business_heuristic,2026-06-04T19:20:03.676893+00:00,0,0.9702,0.1799,0.3106,0.2426
SP-D582D99C4D|2026-05-19,SP-D582D99C4D,,IN160125,Adidas,swimwear,Adidas Classic Solid Men Swim Swim Short Glow Blue,2026-05-19,0.0,0.0,1,0,1.0,54.37,0.0,999,30,22.09,0.0946,2,1,2,above_market,0,1.0,tier1,10.08,1.45,0.3,0.0,1.7,3.0,0,0.8224,same_model_family,0.7671,movement_reconstructed,1,20.0,8.2502,33.0,0.0,0.0,0.0,0.0,0.0,0.0,0.0,0.0,0,HOLD,rds_snapshot_history,0,,,1.0,HOLD,HOLD,0.8542,0.8542,no urgent pricing intervention is needed,low_stock,business_only_retail_pricing_v1,deterministic_business_heuristic,2026-06-04T19:20:03.676893+00:00,0,0.5887,0.4947,0.4269,0.0666
SP-D582D99C4D|2026-05-26,SP-D582D99C4D,,IN160125,Adidas,swimwear,Adidas Classic Solid Men Swim Swim Short Glow Blue,2026-05-26,83.3,2.78,0,9,1.0,54.37,0.0,999,30,22.09,0.0946,2,1,2,above_market,0,0.0,tier1,10.08,1.45,0.3,0.0,1.7,3.0,0,0.8224,same_model_family,0.7774,movement_reconstructed,1,20.0,8.7172,33.0,0.0,0.0,0.0,0.0,0.0,0.0,-18.0,-1.0,7,HOLD,rds_snapshot_history,0,,,1.0,HOLD,HOLD,0.55,0.55,inventory position is balanced; no urgent pricing intervention is needed,low_stock|low_label_confidence,business_only_retail_pricing_v1,deterministic_business_heuristic,2026-06-04T19:20:03.676893+00:00,0,0.6875,0.7289,0.5927,0.3466
SP-D62159F18D|2026-05-19,SP-D62159F18D,,IN238068,Crocs,footwear,Crocs Barbie Classic Infant Lifestyle Clog Multi,2026-05-19,0.0,0.0,1,0,1.0,53.61,0.0,999,30,67.25,0.5688,1,1,1,premium,0,1.0,tier2,31.2,1.15,0.0,0.0,1.2,3.0,0,0.8224,same_model_family,0.8039,movement_reconstructed,1,29.0,46.50862068965517,72.0,0.0,0.0,0.0,1.0,1.0,0.0,0.0,0.0,0,HOLD,rds_snapshot_history,0,,,1.0,HOLD,HOLD,0.55,0.55,no urgent pricing intervention is needed,low_stock|overpriced|low_label_confidence,business_only_retail_pricing_v1,deterministic_business_heuristic,2026-06-04T19:20:03.676893+00:00,0,0.4831,0.7592,0.273,0.1326
SP-D62159F18D|2026-05-26,SP-D62159F18D,,IN238068,Crocs,footwear,Crocs Barbie Classic Infant Lifestyle Clog Multi,2026-05-26,80.4,2.68,0,10,1.0,53.61,0.0,999,30,67.25,0.5985,1,1,1,premium,0,0.0,tier2,31.2,1.15,0.0,0.0,1.2,3.0,0,0.8224,same_model_family,0.7999,movement_reconstructed,1,27.0,45.86248492159228,72.0,0.0,0.0,0.0,1.0,1.0,0.0,-12.0,-1.0,7,HOLD,rds_snapshot_history,0,,,1.0,HOLD,HOLD,0.55,0.55,inventory position is balanced; no urgent pricing intervention is needed,low_stock|overpriced|low_label_confidence,business_only_retail_pricing_v1,deterministic_business_heuristic,2026-06-04T19:20:03.676893+00:00,0,0.6111,0.9884,0.4577,0.4126
SP-D73EAC318C|2026-05-19,SP-D73EAC318C,,,Nike,lifestyle,Air Zoom Vapor Elite - FG Cleats,2026-05-19,0.0,0.0,1,0,1.0,56.33,0.0,999,30,86.1,0.0,0,0,0,at_market,0,1.0,tier1,37.6,1.15,0.0,0.0,1.2,3.0,0,0.8224,no_match,0.0,movement_reconstructed,0,0.0,0.0,0.0,0.0,0.0,0.0,1.0,1.0,0.0,0.0,0.0,0,HOLD,rds_snapshot_history,0,,,1.0,HOLD,HOLD,0.98,0.98,price is close to market; no urgent pricing intervention is needed,low_stock|weak_competitor_match,business_only_retail_pricing_v1,deterministic_business_heuristic,2026-06-04T19:20:03.676893+00:00,0,0.8431,0.0,0.2066,0.0
SP-D73EAC318C|2026-05-26,SP-D73EAC318C,,,Nike,lifestyle,Air Zoom Vapor Elite - FG Cleats,2026-05-26,96.8,3.23,0,12,1.0,56.33,0.0,999,30,86.1,0.0,0,0,0,at_market,0,0.0,tier1,37.6,1.15,0.0,0.0,1.2,3.0,0,0.8224,no_match,0.0,movement_reconstructed,0,0.0,0.0,0.0,0.0,0.0,0.0,1.0,1.0,0.0,-12.0,-1.0,7,HOLD,rds_snapshot_history,0,,,1.0,HOLD,HOLD,0.98,0.98,inventory position is balanced; price is close to market; no urgent pricing intervention is needed,low_stock|weak_competitor_match,business_only_retail_pricing_v1,deterministic_business_heuristic,2026-06-04T19:20:03.676893+00:00,0,0.9571,0.2391,0.3538,0.2426
SP-D7ADEC42DC|2026-05-19,SP-D7ADEC42DC,,KC5821,Adidas,sportswear,"Adi365 Running Pocket Graphic Medium Support Bra, Black",2026-05-19,0.0,0.0,1,0,1.0,52.67,0.0,999,30,89.24,0.0139,0,0,1,at_market,0,1.0,tier1,42.24,1.15,0.0,0.0,1.2,3.0,0,0.8224,exact_style,1.0,movement_reconstructed,1,88.0,88.0,88.0,0.0,0.0,0.0,1.0,1.0,0.0,0.0,0.0,0,HOLD,rds_snapshot_history,0,,,1.0,HOLD,HOLD,0.98,0.98,price is close to market; no urgent pricing intervention is needed,low_stock,business_only_retail_pricing_v1,deterministic_business_heuristic,2026-06-04T19:20:03.676893+00:00,0,0.7631,0.0048,0.2183,0.0
SP-D7ADEC42DC|2026-05-26,SP-D7ADEC42DC,,KC5821,Adidas,sportswear,"Adi365 Running Pocket Graphic Medium Support Bra, Black",2026-05-26,85.3,2.84,0,12,1.0,52.67,0.0,999,30,89.24,0.0139,0,0,1,at_market,0,0.0,tier1,42.24,1.15,0.0,0.0,1.2,3.0,0,0.8224,exact_style,1.0,movement_reconstructed,1,88.0,88.0,88.0,0.0,0.0,0.0,1.0,1.0,0.4167,-9.0,-1.0,0,HOLD,rds_snapshot_history,0,,,1.0,HOLD,HOLD,0.98,0.98,inventory position is balanced; price is close to market; no urgent pricing intervention is needed,low_stock,business_only_retail_pricing_v1,deterministic_business_heuristic,2026-06-04T19:20:03.676893+00:00,0,0.9147,0.2425,0.4044,0.2426
SP-D866E2F245|2026-05-19,SP-D866E2F245,,,ASICS,lifestyle,ASICS PADEL METARISE™ 2,2026-05-19,0.0,0.0,1,0,1.0,55.55,0.0,999,30,99.22,0.0,0,0,0,at_market,0,1.0,tier2,44.1,1.15,0.0,0.0,1.2,3.0,0,0.8224,no_match,0.0,movement_reconstructed,0,0.0,0.0,0.0,0.0,0.0,0.0,0.0,0.0,0.0,0.0,0.0,0,HOLD,rds_snapshot_history,0,,,1.0,HOLD,HOLD,0.98,0.98,price is close to market; no urgent pricing intervention is needed,low_stock|weak_competitor_match,business_only_retail_pricing_v1,deterministic_business_heuristic,2026-06-04T19:20:03.676893+00:00,0,0.8431,0.0,0.2027,0.0
SP-D866E2F245|2026-05-26,SP-D866E2F245,,,ASICS,lifestyle,ASICS PADEL METARISE™ 2,2026-05-26,111.6,3.72,0,12,1.0,55.55,0.0,999,30,99.22,0.0,0,0,0,at_market,0,0.0,tier2,44.1,1.15,0.0,0.0,1.2,3.0,0,0.8224,no_match,0.0,movement_reconstructed,0,0.0,0.0,0.0,0.0,0.0,0.0,0.0,0.0,0.0,-12.0,-1.0,7,HOLD,rds_snapshot_history,0,,,1.0,HOLD,HOLD,0.98,0.98,inventory position is balanced; price is close to market; no urgent pricing intervention is needed,low_stock|weak_competitor_match,business_only_retail_pricing_v1,deterministic_business_heuristic,2026-06-04T19:20:03.676893+00:00,0,0.9086,0.3609,0.2998,0.2426
SP-D936C9E9C6|2026-05-19,SP-D936C9E9C6,,J1GC2403,Mizuno,footwear,Mizuno Wave Rider 28,2026-05-19,0.0,0.0,1,0,1.0,50.0,0.0,999,30,155.4,0.0,0,0,0,at_market,0,1.0,tier2,77.7,1.15,0.0,0.0,1.2,3.0,0,0.8224,no_match,0.0,movement_reconstructed,0,0.0,0.0,0.0,0.0,0.0,0.0,1.0,1.0,0.0,0.0,0.0,0,HOLD,rds_snapshot_history,0,,,1.0,HOLD,HOLD,0.98,0.98,price is close to market; no urgent pricing intervention is needed,low_stock|weak_competitor_match,business_only_retail_pricing_v1,deterministic_business_heuristic,2026-06-04T19:20:03.676893+00:00,0,0.8431,0.0,0.175,0.0
SP-D936C9E9C6|2026-05-26,SP-D936C9E9C6,,J1GC2403,Mizuno,footwear,Mizuno Wave Rider 28,2026-05-26,136.6,4.55,0,48,1.0,50.0,0.0,999,30,155.4,0.0,0,0,0,at_market,0,0.0,tier2,77.7,1.15,0.0,0.0,1.2,3.0,0,0.8224,no_match,0.0,movement_reconstructed,0,0.0,0.0,0.0,0.0,0.0,0.0,1.0,1.0,0.0581,-14.0,-1.0,0,CLEAR,rds_snapshot_history,0,,,1.0,HOLD,HOLD,0.98,0.98,inventory position is balanced; price is close to market; no urgent pricing intervention is needed,weak_competitor_match|stale_inventory,business_only_retail_pricing_v1,deterministic_business_heuristic,2026-06-04T19:20:03.676893+00:00,1,0.8481,0.3781,0.2282,0.289
SP-DA4EFC860B|2026-05-19,SP-DA4EFC860B,,KD7968,Adidas,apparel,"3 Stripes Bralett, Black",2026-05-19,0.0,0.0,1,0,1.0,45.53,0.0,999,30,47.59,-0.1347,0,0,1,below_market,0,1.0,tier1,25.92,1.15,0.0,0.0,1.2,3.0,0,0.8224,exact_style,1.0,movement_reconstructed,1,54.0,54.0,54.0,0.0,0.0,0.0,0.0,0.0,0.0,0.0,0.0,0,HOLD,rds_snapshot_history,0,,,1.0,HOLD,HOLD,0.98,0.98,no urgent pricing intervention is needed,low_stock,business_only_retail_pricing_v1,deterministic_business_heuristic,2026-06-04T19:20:03.676893+00:00,0,0.7931,0.0,0.2645,0.0
SP-DA4EFC860B|2026-05-26,SP-DA4EFC860B,,KD7968,Adidas,apparel,"3 Stripes Bralett, Black",2026-05-26,51.2,1.71,0,14,1.0,45.53,0.0,999,30,47.59,-0.1347,0,0,1,below_market,0,0.0,tier1,25.92,1.15,0.0,0.0,1.2,3.0,0,0.8224,exact_style,1.0,movement_reconstructed,1,54.0,54.0,54.0,0.0,0.0,0.0,0.0,0.0,0.0,-14.0,-1.0,7,HOLD,rds_snapshot_history,0,,,1.0,HOLD,HOLD,0.98,0.98,inventory position is balanced; no urgent pricing intervention is needed,low_stock,business_only_retail_pricing_v1,deterministic_business_heuristic,2026-06-04T19:20:03.676893+00:00,0,0.966,0.1919,0.4744,0.2426
SP-DA8CC184C9|2026-05-19,SP-DA8CC184C9,,JN8887,Adidas,apparel,Adidas Real Madrid 25/26 Home Jersey Kids-Unisex Football T-Shirt White,2026-05-19,0.0,0.0,1,0,1.0,49.99,0.0,999,30,112.3,0.2164,1,1,2,premium,0,1.0,tier1,56.16,1.15,0.0,0.0,1.2,3.0,0,0.8224,exact_style,0.8854,movement_reconstructed,1,88.0,23.4011,117.0,0.0,0.0,0.0,0.0,0.0,0.0,0.0,0.0,0,HOLD,rds_snapshot_history,0,,,1.0,HOLD,HOLD,0.6623,0.6623,no urgent pricing intervention is needed,low_stock|overpriced|low_label_confidence,business_only_retail_pricing_v1,deterministic_business_heuristic,2026-06-04T19:20:03.676893+00:00,0,0.5462,0.6368,0.2299,0.0957
SP-DA8CC184C9|2026-05-26,SP-DA8CC184C9,,JN8887,Adidas,apparel,Adidas Real Madrid 25/26 Home Jersey Kids-Unisex Football T-Shirt White,2026-05-26,79.3,2.64,0,14,1.0,49.99,0.0,999,30,112.3,0.2164,1,1,2,premium,0,0.0,tier1,56.16,1.15,0.0,0.0,1.2,3.0,0,0.8224,exact_style,0.8891,movement_reconstructed,1,88.0,26.4204,117.0,0.0,0.0,0.0,0.0,0.0,0.0,-48.0,-1.0,7,HOLD,rds_snapshot_history,0,,,1.0,MARKDOWN,MARKDOWN,0.748,0.748,priced above market by 22%; competitors are discounting; margin can support a markdown,low_stock|overpriced,business_only_retail_pricing_v1,deterministic_business_heuristic,2026-06-04T19:20:03.676893+00:00,1,0.7174,0.8641,0.4363,0.3757
SP-DB0AA24C01|2026-05-19,SP-DB0AA24C01,,IN199973,Nike,footwear,Nike Air Force 1 07 Wb Men Lifestyle Shoes Flax/Gum/Black,2026-05-19,0.0,0.0,1,0,1.0,57.12,0.0,999,30,169.9,0.1995,1,1,1,premium,0,1.0,tier1,72.85,1.15,0.0,0.0,1.2,3.0,0,0.8224,same_model_family,0.9441,movement_reconstructed,1,136.0,136.0,136.0,0.0,0.0,0.0,1.0,1.0,0.0,0.0,0.0,0,HOLD,rds_snapshot_history,0,,,1.0,HOLD,HOLD,0.55,0.55,no urgent pricing intervention is needed,low_stock|overpriced|low_label_confidence,business_only_retail_pricing_v1,deterministic_business_heuristic,2026-06-04T19:20:03.676893+00:00,0,0.5004,0.743,0.2906,0.1218
SP-DB0AA24C01|2026-05-26,SP-DB0AA24C01,,IN199973,Nike,footwear,Nike Air Force 1 07 Wb Men Lifestyle Shoes Flax/Gum/Black,2026-05-26,136.6,4.55,0,12,1.0,57.12,0.0,999,30,169.9,0.1995,1,1,1,premium,0,0.0,tier1,72.85,1.15,0.0,0.0,1.2,3.0,0,0.8224,same_model_family,0.9441,movement_reconstructed,1,136.0,136.0,136.0,0.0,0.0,0.0,1.0,1.0,0.0,-14.0,-1.0,7,CLEAR,rds_snapshot_history,0,,,1.0,MARKDOWN,MARKDOWN,0.98,0.98,priced above market by 20%; competitors are discounting; stock cover is elevated (137 DOS),low_stock|overpriced|stale_inventory,business_only_retail_pricing_v1,deterministic_business_heuristic,2026-06-04T19:20:03.676893+00:00,1,0.5054,1.1486,0.3438,0.4483
SP-DB14195D44|2026-05-19,SP-DB14195D44,,JJ4182,Adidas,apparel,Adidas Real Madrid 25/26 Away Jersey Men Football T-Shirt Legend Ink,2026-05-19,0.0,0.0,1,0,1.0,54.38,0.0,999,30,160.45,0.2708,0,1,2,premium,0,1.0,tier1,73.2,1.15,0.0,0.0,1.2,3.0,0,0.8224,exact_style,0.9073,movement_reconstructed,1,117.0,25.3347,152.0,0.0,0.0,0.0,1.0,0.0,0.0,0.0,0.0,0,HOLD,rds_snapshot_history,0,,,1.0,HOLD,HOLD,0.8704,0.8704,no urgent pricing intervention is needed,low_stock|overpriced,business_only_retail_pricing_v1,deterministic_business_heuristic,2026-06-04T19:20:03.676893+00:00,0,0.6031,0.4827,0.2519,0.0626
SP-DB14195D44|2026-05-26,SP-DB14195D44,,JJ4182,Adidas,apparel,Adidas Real Madrid 25/26 Away Jersey Men Football T-Shirt Legend Ink,2026-05-26,80.7,2.69,0,14,1.0,54.38,0.0,999,30,160.45,0.2708,0,1,2,premium,0,0.0,tier1,73.2,1.15,0.0,0.0,1.2,3.0,0,0.8224,exact_style,0.9098,movement_reconstructed,1,117.0,28.7581,152.0,0.0,0.0,0.0,1.0,0.0,0.0,-11.0,-1.0,7,HOLD,rds_snapshot_history,0,,,1.0,HOLD,HOLD,0.6274,0.6274,inventory position is balanced; no urgent pricing intervention is needed,low_stock|overpriced|low_label_confidence,business_only_retail_pricing_v1,deterministic_business_heuristic,2026-06-04T19:20:03.676893+00:00,0,0.7698,0.7125,0.4535,0.3426
SP-DB450DEC3B|2026-05-19,SP-DB450DEC3B,,IN234715,New Balance,footwear,New Balance 1080V15 Men Running Shoes Black,2026-05-19,0.0,0.0,1,0,1.0,57.45,0.0,999,30,316.67,0.1316,0,0,1,above_market,0,1.0,tier1,134.75,1.15,0.0,0.0,1.2,3.0,0,0.8224,same_model_family,0.9632,movement_reconstructed,1,275.0,275.0,275.0,0.0,0.0,0.0,0.0,0.0,0.0,0.0,0.0,0,HOLD,rds_snapshot_history,0,,,1.0,HOLD,HOLD,0.98,0.98,no urgent pricing intervention is needed,low_stock|overpriced,business_only_retail_pricing_v1,deterministic_business_heuristic,2026-06-04T19:20:03.676893+00:00,0,0.6776,0.2873,0.2422,0.016
SP-DB450DEC3B|2026-05-26,SP-DB450DEC3B,,IN234715,New Balance,footwear,New Balance 1080V15 Men Running Shoes Black,2026-05-26,136.6,4.55,0,12,1.0,57.45,0.0,999,30,316.67,0.1316,0,0,1,above_market,0,0.0,tier1,134.75,1.15,0.0,0.0,1.2,3.0,0,0.8224,same_model_family,0.9632,movement_reconstructed,1,275.0,275.0,275.0,0.0,0.0,0.0,0.0,0.5,0.0,-9.0,-1.0,7,CLEAR,rds_snapshot_history,0,,,1.0,MARKDOWN,MARKDOWN,0.5639,0.5639,priced above market by 13%; stock cover is elevated (137 DOS); margin can support a markdown,low_stock|overpriced|stale_inventory|low_label_confidence,business_only_retail_pricing_v1,deterministic_business_heuristic,2026-06-04T19:20:03.676893+00:00,1,0.6826,0.6929,0.2954,0.3425
SP-DB6E685B51|2026-05-19,SP-DB6E685B51,,JJ2137,Adidas,apparel,Adidas Fc Bayern 25/26 Home Jersey Men Football T-Shirt Red,2026-05-19,0.0,0.0,1,0,1.0,45.78,0.0,999,30,140.76,0.1688,0,1,2,premium,0,1.0,tier1,76.32,1.15,0.0,0.0,1.2,3.0,0,0.8224,exact_style,0.9158,movement_reconstructed,1,117.0,19.8764,159.0,0.0,0.0,0.0,1.0,1.0,0.0,0.0,0.0,0,HOLD,rds_snapshot_history,0,,,1.0,HOLD,HOLD,0.98,0.98,no urgent pricing intervention is needed,low_stock|overpriced,business_only_retail_pricing_v1,deterministic_business_heuristic,2026-06-04T19:20:03.676893+00:00,0,0.6463,0.3622,0.2089,0.0356
SP-DB6E685B51|2026-05-26,SP-DB6E685B51,,JJ2137,Adidas,apparel,Adidas Fc Bayern 25/26 Home Jersey Men Football T-Shirt Red,2026-05-26,80.7,2.69,0,14,1.0,45.78,0.0,999,30,140.76,0.453,1,1,2,premium,0,0.0,tier1,76.32,1.15,0.0,0.0,1.2,3.0,0,0.8224,exact_style,0.9062,movement_reconstructed,1,77.0,21.0013,159.0,0.0,0.0,0.0,1.0,1.0,0.0,-12.0,-1.0,7,HOLD,rds_snapshot_history,0,,,1.0,MARKDOWN,MARKDOWN,0.7431,0.7431,priced above market by 45%; competitors are discounting; margin can support a markdown,low_stock|overpriced,business_only_retail_pricing_v1,deterministic_business_heuristic,2026-06-04T19:20:03.676893+00:00,1,0.7098,0.8528,0.4105,0.3776
SP-DBF6B755DC|2026-05-19,SP-DBF6B755DC,,IN232383,Nike,sportswear,Nike One Women Training Bra Black/White,2026-05-19,0.0,0.0,1,0,1.0,56.73,0.0,999,30,58.66,0.3522,1,1,1,premium,0,1.0,tier1,25.38,1.15,0.0,0.0,1.2,3.0,0,0.8224,same_model_family,0.8209,movement_reconstructed,1,38.0,55.5,79.0,0.0,0.0,0.0,1.0,1.0,0.0,0.0,0.0,0,HOLD,rds_snapshot_history,0,,,1.0,HOLD,HOLD,0.55,0.55,no urgent pricing intervention is needed,low_stock|overpriced|low_label_confidence,business_only_retail_pricing_v1,deterministic_business_heuristic,2026-06-04T19:20:03.676893+00:00,0,0.4831,0.7736,0.2886,0.1326
SP-DBF6B755DC|2026-05-26,SP-DBF6B755DC,,IN232383,Nike,sportswear,Nike One Women Training Bra Black/White,2026-05-26,58.8,1.96,0,12,1.0,56.73,0.0,999,30,58.66,0.4715,1,1,1,premium,0,0.0,tier1,25.38,1.15,0.0,0.0,1.2,3.0,0,0.8224,same_model_family,0.8202,movement_reconstructed,1,31.0,52.38666666666666,79.0,0.0,0.0,0.0,1.0,1.0,0.0751,-12.0,-1.0,0,HOLD,rds_snapshot_history,0,,,1.0,MARKDOWN,MARKDOWN,0.9721,0.9721,priced above market by 47%; competitors are discounting; margin can support a markdown,low_stock|overpriced,business_only_retail_pricing_v1,deterministic_business_heuristic,2026-06-04T19:20:03.676893+00:00,1,0.6809,0.9936,0.5206,0.4126
SP-DC2D1E2F28|2026-05-19,SP-DC2D1E2F28,,IN232278,Nike,footwear,Nike Air Force 1 07 Gtx Men Lifestyle Shoes Fauna Brown/Black,2026-05-19,0.0,0.0,1,0,1.0,51.85,0.0,999,30,189.35,0.1022,1,1,1,above_market,0,1.0,tier1,91.18,1.15,0.0,0.0,1.2,3.0,0,0.8224,same_model_family,0.9714,movement_reconstructed,1,170.0,170.0,170.0,0.0,0.0,0.0,0.0,1.0,0.0,0.0,0.0,0,HOLD,rds_snapshot_history,0,,,1.0,HOLD,HOLD,0.8538,0.8538,no urgent pricing intervention is needed,low_stock,business_only_retail_pricing_v1,deterministic_business_heuristic,2026-06-04T19:20:03.676893+00:00,0,0.5823,0.495,0.2642,0.0706
SP-DC2D1E2F28|2026-05-26,SP-DC2D1E2F28,,IN232278,Nike,footwear,Nike Air Force 1 07 Gtx Men Lifestyle Shoes Fauna Brown/Black,2026-05-26,136.6,4.55,0,10,1.0,51.85,0.0,999,30,189.35,0.1022,1,1,1,above_market,0,0.0,tier1,91.18,1.15,0.0,0.0,1.2,3.0,0,0.8224,same_model_family,0.9714,movement_reconstructed,1,170.0,170.0,170.0,0.0,0.0,0.0,0.0,1.0,0.0,-14.0,-1.0,7,CLEAR,rds_snapshot_history,0,,,1.0,HOLD,HOLD,0.55,0.55,inventory position is balanced; no urgent pricing intervention is needed,low_stock|stale_inventory|low_label_confidence,business_only_retail_pricing_v1,deterministic_business_heuristic,2026-06-04T19:20:03.676893+00:00,1,0.5477,0.9006,0.2994,0.397
SP-DCBF4E8148|2026-05-19,SP-DCBF4E8148,,IN171152,Nike,footwear,Nike Air Force 1 07 Men Lifestyle Shoes White/Black,2026-05-19,0.0,0.0,1,0,1.0,54.53,0.0,999,30,213.98,0.3083,1,1,1,premium,0,1.0,tier1,97.29,1.15,0.0,0.0,1.2,3.0,0,0.8224,same_model_family,0.9308,movement_reconstructed,1,148.0,203.7142857142857,225.0,0.0,0.0,0.0,1.0,1.0,0.0,0.0,0.0,0,HOLD,rds_snapshot_history,0,,,1.0,HOLD,HOLD,0.55,0.55,no urgent pricing intervention is needed,low_stock|overpriced|low_label_confidence,business_only_retail_pricing_v1,deterministic_business_heuristic,2026-06-04T19:20:03.676893+00:00,0,0.4831,0.7634,0.2776,0.1326
SP-DCBF4E8148|2026-05-26,SP-DCBF4E8148,,IN171152,Nike,footwear,Nike Air Force 1 07 Men Lifestyle Shoes White/Black,2026-05-26,136.6,4.55,0,13,1.0,54.53,0.0,999,30,213.98,0.3083,1,1,1,premium,0,0.0,tier1,97.29,1.15,0.0,0.0,1.2,3.0,0,0.8224,same_model_family,0.9308,movement_reconstructed,1,148.0,203.7142857142857,225.0,0.0,0.0,0.0,1.0,1.0,0.0,-12.0,-1.0,7,CLEAR,rds_snapshot_history,0,,,1.0,MARKDOWN,MARKDOWN,0.98,0.98,priced above market by 31%; competitors are discounting; stock cover is elevated (137 DOS),low_stock|overpriced|stale_inventory,business_only_retail_pricing_v1,deterministic_business_heuristic,2026-06-04T19:20:03.676893+00:00,1,0.4881,1.169,0.3308,0.459
SP-DCD0168711|2026-05-19,SP-DCD0168711,,IN168591,Adidas,kids,Adidas Disney Toy Story Little-Boys Training Suit Royal Blue/Lime,2026-05-19,0.0,0.0,1,0,1.0,44.78,0.0,999,30,34.77,-0.1504,1,1,1,deep_value,0,1.0,tier1,19.2,1.15,0.0,0.0,1.2,3.0,0,0.8224,same_model_family,0.9634,movement_reconstructed,1,40.0,40.0,40.0,0.0,0.0,0.0,0.0,0.5,0.0,0.0,0.0,0,HOLD,rds_snapshot_history,0,,,1.0,HOLD,HOLD,0.98,0.98,no urgent pricing intervention is needed,low_stock,business_only_retail_pricing_v1,deterministic_business_heuristic,2026-06-04T19:20:03.676893+00:00,0,0.7031,0.2684,0.3071,0.0326
SP-DCD0168711|2026-05-26,SP-DCD0168711,,IN168591,Adidas,kids,Adidas Disney Toy Story Little-Boys Training Suit Royal Blue/Lime,2026-05-26,65.4,2.18,0,9,1.0,44.78,0.0,999,30,34.77,-0.1504,1,1,1,deep_value,0,0.0,tier1,19.2,1.15,0.0,0.0,1.2,3.0,0,0.8224,same_model_family,0.9634,movement_reconstructed,1,40.0,40.0,40.0,0.0,0.0,0.0,0.0,0.5,0.0,-14.0,-1.0,7,HOLD,rds_snapshot_history,0,,,1.0,HOLD,HOLD,0.98,0.98,inventory position is balanced; no urgent pricing intervention is needed,low_stock,business_only_retail_pricing_v1,deterministic_business_heuristic,2026-06-04T19:20:03.676893+00:00,0,0.8604,0.4884,0.5289,0.3126
SP-DDAA79AADE|2026-05-19,SP-DDAA79AADE,,IN174337,Adidas,kids,Adidas Disney Mickey Mouse Summer Baby-Boys Sportswear Suit White/Black,2026-05-19,0.0,0.0,1,0,1.0,55.22,0.0,999,30,33.23,0.0671,1,1,1,above_market,0,1.0,tier1,14.88,1.15,0.0,0.0,1.2,3.0,0,0.8224,same_model_family,0.7693,movement_reconstructed,1,31.0,49.22222222222222,80.0,0.0,0.0,0.0,1.0,1.0,0.0,0.0,0.0,0,HOLD,rds_snapshot_history,0,,,1.0,HOLD,HOLD,0.9075,0.9075,no urgent pricing intervention is needed,low_stock,business_only_retail_pricing_v1,deterministic_business_heuristic,2026-06-04T19:20:03.676893+00:00,0,0.6119,0.4552,0.2811,0.0521
SP-DDAA79AADE|2026-05-26,SP-DDAA79AADE,,IN174337,Adidas,kids,Adidas Disney Mickey Mouse Summer Baby-Boys Sportswear Suit White/Black,2026-05-26,65.4,2.18,0,9,1.0,55.22,0.0,999,30,33.23,0.1574,1,1,1,premium,0,0.0,tier1,14.88,1.15,0.0,0.0,1.2,3.0,0,0.8224,same_model_family,0.7508,movement_reconstructed,1,28.0,45.24324324324324,80.0,0.0,0.0,0.0,1.0,1.0,0.0,-12.0,-1.0,7,HOLD,rds_snapshot_history,0,,,1.0,HOLD,HOLD,0.55,0.55,inventory position is balanced; no urgent pricing intervention is needed,low_stock|overpriced|low_label_confidence,business_only_retail_pricing_v1,deterministic_business_heuristic,2026-06-04T19:20:03.676893+00:00,0,0.6932,0.8878,0.5029,0.3796
SP-DE8799B8CD|2026-05-19,SP-DE8799B8CD,,JJ4320,Adidas,apparel,Adidas Juventus 25/26 Home Jersey Men Football T-Shirt White/Black,2026-05-19,0.0,0.0,1,0,1.0,63.05,0.0,999,30,198.12,0.2277,0,0,2,premium,0,1.0,tier1,73.2,1.15,0.0,0.0,1.2,3.0,0,0.8224,exact_style,0.8831,movement_reconstructed,1,153.0,25.3348,152.0,0.0,0.0,0.0,0.0,1.0,0.0,0.0,0.0,0,HOLD,rds_snapshot_history,0,,,1.0,HOLD,HOLD,0.8478,0.8478,no urgent pricing intervention is needed,low_stock|overpriced,business_only_retail_pricing_v1,deterministic_business_heuristic,2026-06-04T19:20:03.676893+00:00,0,0.6031,0.4994,0.245,0.0626
SP-DE8799B8CD|2026-05-26,SP-DE8799B8CD,,JJ4320,Adidas,apparel,Adidas Juventus 25/26 Home Jersey Men Football T-Shirt White/Black,2026-05-26,80.7,2.69,0,14,1.0,63.05,0.0,999,30,198.12,0.7173,1,1,2,premium,0,0.0,tier1,73.2,1.15,0.0,0.0,1.2,3.0,0,0.8224,exact_style,0.8603,movement_reconstructed,1,56.0,23.6457,152.0,0.0,0.0,0.0,0.5,1.0,0.2098,-9.0,-1.0,0,HOLD,rds_snapshot_history,0,,,1.0,MARKDOWN,MARKDOWN,0.8192,0.8192,priced above market by 72%; competitors are discounting; margin can support a markdown,low_stock|overpriced,business_only_retail_pricing_v1,deterministic_business_heuristic,2026-06-04T19:20:03.676893+00:00,1,0.7098,0.9092,0.4716,0.3776
SP-DEECA186E7|2026-05-19,SP-DEECA186E7,,ID3491,Adidas,footwear,"4Dfwd 3 Running Shoes, Black",2026-05-19,0.0,0.0,1,0,1.0,56.31,0.0,999,30,139.54,0.0,0,0,0,at_market,0,1.0,tier1,60.96,1.15,0.0,0.0,1.2,3.0,0,0.8224,no_match,0.0,movement_reconstructed,0,0.0,0.0,0.0,0.0,0.0,0.0,0.0,0.0,0.0,0.0,0.0,0,HOLD,rds_snapshot_history,0,,,1.0,HOLD,HOLD,0.98,0.98,price is close to market; no urgent pricing intervention is needed,low_stock|weak_competitor_match,business_only_retail_pricing_v1,deterministic_business_heuristic,2026-06-04T19:20:03.676893+00:00,0,0.8431,0.0,0.2065,0.0
SP-DEECA186E7|2026-05-26,SP-DEECA186E7,,ID3491,Adidas,footwear,"4Dfwd 3 Running Shoes, Black",2026-05-26,136.6,4.55,0,9,1.0,56.31,0.0,999,30,139.54,0.1329,0,1,1,above_market,0,0.0,tier1,60.96,1.15,0.0,0.0,1.2,3.0,0,0.8224,similar_product,0.7645,movement_reconstructed,1,121.0,127.33333333333331,135.0,0.0,0.0,0.0,0.0,0.0,0.0,-0.0,0.0,7,CLEAR,rds_snapshot_history,0,,,1.0,HOLD,HOLD,0.5909,0.5909,inventory position is balanced; no urgent pricing intervention is needed,low_stock|overpriced|weak_competitor_match|stale_inventory|low_label_confidence,business_only_retail_pricing_v1,deterministic_business_heuristic,2026-06-04T19:20:03.676893+00:00,1,0.6221,0.6897,0.3127,0.3432
SP-DF88997BEE|2026-05-19,SP-DF88997BEE,,IN233396,ON,apparel,On 7 Inch Court Tennis 7 Inch Tide,2026-05-19,0.0,0.0,1,0,1.0,55.8,0.0,999,30,103.04,0.0,0,0,0,at_market,0,1.0,tier1,45.54,1.15,0.0,0.0,1.2,3.0,0,0.8224,no_match,0.0,movement_reconstructed,0,0.0,0.0,0.0,0.0,0.0,0.0,1.0,1.0,0.0,0.0,0.0,0,HOLD,rds_snapshot_history,0,,,1.0,HOLD,HOLD,0.98,0.98,price is close to market; no urgent pricing intervention is needed,low_stock|weak_competitor_match,business_only_retail_pricing_v1,deterministic_business_heuristic,2026-06-04T19:20:03.676893+00:00,0,0.8431,0.0,0.204,0.0
SP-DF88997BEE|2026-05-26,SP-DF88997BEE,,IN233396,ON,apparel,On 7 Inch Court Tennis 7 Inch Tide,2026-05-26,85.6,2.85,0,14,1.0,55.8,0.0,999,30,103.04,0.0,0,0,0,at_market,0,0.0,tier1,45.54,1.15,0.0,0.0,1.2,3.0,0,0.8224,no_match,0.0,movement_reconstructed,0,0.0,0.0,0.0,0.0,0.0,0.0,1.0,1.0,0.0,-9.0,-1.0,7,HOLD,rds_snapshot_history,0,,,1.0,HOLD,HOLD,0.98,0.98,inventory position is balanced; price is close to market; no urgent pricing intervention is needed,low_stock|weak_competitor_match,business_only_retail_pricing_v1,deterministic_business_heuristic,2026-06-04T19:20:03.676893+00:00,0,0.9937,0.2174,0.389,0.2426
SP-E0B825C9D5|2026-05-19,SP-E0B825C9D5,,IP2970,Adidas,apparel,"3-Stripes Leggings, Green",2026-05-19,0.0,0.0,1,0,1.0,56.27,0.0,999,30,24.15,0.089,1,0,1,above_market,0,1.0,tier1,10.56,1.15,0.0,0.0,1.2,3.0,0,0.8224,exact_style,1.0,movement_reconstructed,1,22.0,22.0,22.0,0.0,0.0,0.0,0.0,0.0,0.0,0.0,0.0,0,HOLD,rds_snapshot_history,0,,,1.0,HOLD,HOLD,0.8543,0.8543,no urgent pricing intervention is needed,low_stock,business_only_retail_pricing_v1,deterministic_business_heuristic,2026-06-04T19:20:03.676893+00:00,0,0.5935,0.4946,0.2363,0.0636
SP-E0B825C9D5|2026-05-26,SP-E0B825C9D5,,IP2970,Adidas,apparel,"3-Stripes Leggings, Green",2026-05-26,51.2,1.71,0,14,1.0,56.27,0.0,999,30,24.15,0.089,1,0,1,above_market,0,0.0,tier1,10.56,1.15,0.0,0.0,1.2,3.0,0,0.8224,exact_style,1.0,movement_reconstructed,1,22.0,22.0,22.0,0.0,0.0,0.0,0.0,0.0,0.0,-18.0,-1.0,7,HOLD,rds_snapshot_history,0,,,1.0,HOLD,HOLD,0.6198,0.6198,inventory position is balanced; no urgent pricing intervention is needed,low_stock|low_label_confidence,business_only_retail_pricing_v1,deterministic_business_heuristic,2026-06-04T19:20:03.676893+00:00,0,0.7663,0.7146,0.4462,0.3436
SP-E1390D4948|2026-05-19,SP-E1390D4948,,SHPF0637,Ellesse,lifestyle,Ellesse Raptor Lo M,2026-05-19,0.0,0.0,1,0,1.0,45.0,0.0,999,30,83.25,0.0,0,0,0,at_market,0,1.0,tier2,45.79,1.15,0.0,0.0,1.2,3.0,0,0.8224,no_match,0.0,movement_reconstructed,0,0.0,0.0,0.0,0.0,0.0,0.0,1.0,1.0,0.0,0.0,0.0,0,HOLD,rds_snapshot_history,0,,,1.0,HOLD,HOLD,0.98,0.98,price is close to market; no urgent pricing intervention is needed,low_stock|weak_competitor_match,business_only_retail_pricing_v1,deterministic_business_heuristic,2026-06-04T19:20:03.676893+00:00,0,0.8431,0.0,0.15,0.0
SP-E1390D4948|2026-05-26,SP-E1390D4948,,SHPF0637,Ellesse,lifestyle,Ellesse Raptor Lo M,2026-05-26,93.6,3.12,0,35,1.0,45.0,0.0,999,30,83.25,0.0,0,0,0,at_market,0,0.0,tier2,45.79,1.15,0.0,0.0,1.2,3.0,0,0.8224,no_match,0.0,movement_reconstructed,0,0.0,0.0,0.0,0.0,0.0,0.0,1.0,1.0,0.0,-14.0,-1.0,7,HOLD,rds_snapshot_history,0,,,1.0,HOLD,HOLD,0.98,0.98,inventory position is balanced; price is close to market; no urgent pricing intervention is needed,weak_competitor_match,business_only_retail_pricing_v1,deterministic_business_heuristic,2026-06-04T19:20:03.676893+00:00,0,0.9675,0.1813,0.3079,0.2426
SP-E1745BC3E3|2026-05-19,SP-E1745BC3E3,,B75807,Adidas,lifestyle,"Samba OG Shoes, Black",2026-05-19,0.0,0.0,1,0,1.0,52.55,0.0,999,30,160.83,0.3596,1,0,1,premium,0,1.0,tier1,76.32,1.15,0.0,0.0,1.2,3.0,0,0.8224,exact_style,0.8867,movement_reconstructed,1,103.0,154.1429,181.0,0.0,0.0,0.0,1.0,1.0,0.0,0.0,0.0,0,HOLD,rds_snapshot_history,0,,,1.0,HOLD,HOLD,0.55,0.55,no urgent pricing intervention is needed,low_stock|overpriced|low_label_confidence,business_only_retail_pricing_v1,deterministic_business_heuristic,2026-06-04T19:20:03.676893+00:00,0,0.4831,0.7543,0.2177,0.1326
SP-E1745BC3E3|2026-05-26,SP-E1745BC3E3,,B75807,Adidas,lifestyle,"Samba OG Shoes, Black",2026-05-26,128.5,4.28,0,12,1.0,52.55,0.0,999,30,160.83,0.3596,0,0,1,premium,0,0.0,tier1,76.32,1.15,0.0,0.0,1.2,3.0,0,0.8224,exact_style,0.8867,movement_reconstructed,1,103.0,154.1429,181.0,0.0,0.0,0.0,1.0,1.0,0.021,-10.0,-1.0,0,CLEAR,rds_snapshot_history,0,,,1.0,MARKDOWN,MARKDOWN,0.8764,0.8764,priced above market by 36%; stock cover is elevated (128 DOS); margin can support a markdown,low_stock|overpriced|stale_inventory,business_only_retail_pricing_v1,deterministic_business_heuristic,2026-06-04T19:20:03.676893+00:00,1,0.6242,0.866,0.2784,0.3664
SP-E20D71253B|2026-05-19,SP-E20D71253B,,IN234886,New Balance,apparel,New Balance 25 Inches Essential High-Rise Women Performance 7/8 Tight Black,2026-05-19,0.0,0.0,1,0,1.0,60.39,0.0,999,30,72.99,0.3698,1,1,1,premium,0,1.0,tier1,28.91,1.15,0.0,0.0,1.2,3.0,0,0.8224,same_model_family,0.8133,movement_reconstructed,1,46.0,58.0,75.0,0.0,0.0,0.0,1.0,1.0,0.0,0.0,0.0,0,HOLD,rds_snapshot_history,0,,,1.0,HOLD,HOLD,0.55,0.55,no urgent pricing intervention is needed,low_stock|overpriced|low_label_confidence,business_only_retail_pricing_v1,deterministic_business_heuristic,2026-06-04T19:20:03.676893+00:00,0,0.4831,0.7794,0.295,0.1326
SP-E20D71253B|2026-05-26,SP-E20D71253B,,IN234886,New Balance,apparel,New Balance 25 Inches Essential High-Rise Women Performance 7/8 Tight Black,2026-05-26,60.7,2.02,0,14,1.0,60.39,0.0,999,30,72.99,0.452,1,1,1,premium,0,0.0,tier1,28.91,1.15,0.0,0.0,1.2,3.0,0,0.8224,same_model_family,0.8121,movement_reconstructed,1,40.0,56.85245901639344,75.0,0.0,0.0,0.0,1.0,1.0,0.0903,-12.0,-1.0,0,HOLD,rds_snapshot_history,0,,,1.0,MARKDOWN,MARKDOWN,0.9716,0.9716,priced above market by 45%; competitors are discounting; margin can support a markdown,low_stock|overpriced,business_only_retail_pricing_v1,deterministic_business_heuristic,2026-06-04T19:20:03.676893+00:00,1,0.6871,0.9994,0.5325,0.4126
SP-E44D80B7EB|2026-05-19,SP-E44D80B7EB,,IN235999,Adidas,kids,Adidas Club Pleat Kids-Girls Tennis Skort White,2026-05-19,0.0,0.0,1,0,1.0,60.78,0.0,999,30,74.65,0.6785,1,0,1,premium,0,1.0,tier1,29.28,1.15,0.0,0.0,1.2,3.0,0,0.8224,same_model_family,0.8484,movement_reconstructed,1,24.0,42.5,61.0,0.0,0.0,0.0,0.5,0.5,0.0,0.0,0.0,0,HOLD,rds_snapshot_history,0,,,1.0,HOLD,HOLD,0.55,0.55,no urgent pricing intervention is needed,low_stock|overpriced|low_label_confidence,business_only_retail_pricing_v1,deterministic_business_heuristic,2026-06-04T19:20:03.676893+00:00,0,0.4831,0.7794,0.245,0.1326
SP-E44D80B7EB|2026-05-26,SP-E44D80B7EB,,IN235999,Adidas,kids,Adidas Club Pleat Kids-Girls Tennis Skort White,2026-05-26,79.3,2.64,0,9,1.0,60.78,0.0,999,30,74.65,0.6785,1,0,1,premium,0,0.0,tier1,29.28,1.15,0.0,0.0,1.2,3.0,0,0.8224,same_model_family,0.8484,movement_reconstructed,1,24.0,42.5,61.0,0.0,0.0,0.0,0.5,0.5,0.0,-14.0,-1.0,7,HOLD,rds_snapshot_history,0,,,1.0,HOLD,HOLD,0.55,0.55,inventory position is balanced; no urgent pricing intervention is needed,low_stock|overpriced|low_label_confidence,business_only_retail_pricing_v1,deterministic_business_heuristic,2026-06-04T19:20:03.676893+00:00,0,0.5949,1.0068,0.4244,0.4126
SP-E45BDB93ED|2026-05-19,SP-E45BDB93ED,,IN239500,Bogner,swimwear,Bogner Paul Men Swim Short Black,2026-05-19,0.0,0.0,1,0,1.0,57.88,0.0,999,30,225.91,0.0,0,0,0,at_market,0,1.0,tier3,95.16,1.45,0.3,0.0,1.7,3.0,0,0.8224,no_match,0.0,movement_reconstructed,0,0.0,0.0,0.0,0.0,0.0,0.0,0.0,1.0,0.0,0.0,0.0,0,HOLD,rds_snapshot_history,0,,,1.0,HOLD,HOLD,0.98,0.98,price is close to market; no urgent pricing intervention is needed,low_stock|weak_competitor_match,business_only_retail_pricing_v1,deterministic_business_heuristic,2026-06-04T19:20:03.676893+00:00,0,0.8431,0.0,0.3894,0.0
SP-E45BDB93ED|2026-05-26,SP-E45BDB93ED,,IN239500,Bogner,swimwear,Bogner Paul Men Swim Short Black,2026-05-26,182.1,6.07,0,9,1.0,57.88,0.0,999,30,225.91,0.0,0,0,0,at_market,0,0.0,tier3,95.16,1.45,0.3,0.0,1.7,3.0,0,0.8224,no_match,0.0,movement_reconstructed,0,0.0,0.0,0.0,0.0,0.0,0.0,0.0,1.0,0.0,-18.0,-1.0,7,CLEAR,rds_snapshot_history,0,,,1.0,HOLD,HOLD,0.862,0.862,price is close to market; no urgent pricing intervention is needed,low_stock|weak_competitor_match|stale_inventory,business_only_retail_pricing_v1,deterministic_business_heuristic,2026-06-04T19:20:03.676893+00:00,1,0.6982,0.4889,0.3745,0.4164
SP-E5AA98F640|2026-05-19,SP-E5AA98F640,,IN216172,Crocs,accessories,Crocs 3D Christmas Tree Unisex Lifestyle Jibbitz Charm,2026-05-19,0.0,0.0,1,0,1.0,45.74,0.0,999,30,5.75,0.3043,1,1,1,premium,0,1.0,tier2,3.12,1.15,0.0,0.0,1.2,3.0,0,0.8224,same_model_family,0.8051,movement_reconstructed,1,4.0,4.181818181818182,6.0,0.0,0.0,0.0,0.0,0.0,0.0,0.0,0.0,0,HOLD,rds_snapshot_history,0,,,1.0,HOLD,HOLD,0.55,0.55,no urgent pricing intervention is needed,low_stock|overpriced|low_label_confidence,business_only_retail_pricing_v1,deterministic_business_heuristic,2026-06-04T19:20:03.676893+00:00,0,0.4831,0.7228,0.2337,0.1326
SP-E5AA98F640|2026-05-26,SP-E5AA98F640,,IN216172,Crocs,accessories,Crocs 3D Christmas Tree Unisex Lifestyle Jibbitz Charm,2026-05-26,45.2,1.51,0,18,1.0,45.74,0.0,999,30,5.75,0.3043,1,1,1,premium,0,0.0,tier2,3.12,1.15,0.0,0.0,1.2,3.0,0,0.8224,same_model_family,0.81,movement_reconstructed,1,4.0,5.72093023255814,20.0,0.0,0.0,0.0,0.0,0.0,0.0,-12.0,-1.0,7,PROMOTE,rds_snapshot_history,0,,,1.0,MARKDOWN,MARKDOWN,0.9638,0.9638,priced above market by 30%; competitors are discounting; margin can support a markdown,overpriced,business_only_retail_pricing_v1,deterministic_business_heuristic,2026-06-04T19:20:03.676893+00:00,1,0.6363,0.9428,0.4261,0.4126
SP-E5E8062C5F|2026-05-19,SP-E5E8062C5F,,26Z,La Sportiva,footwear,La Sportiva Wildcat 3.0 W,2026-05-19,0.0,0.0,1,0,1.0,54.0,0.0,999,30,149.85,0.0,0,0,0,at_market,0,1.0,tier2,68.93,1.15,0.0,0.0,1.2,3.0,0,0.8224,no_match,0.0,movement_reconstructed,0,0.0,0.0,0.0,0.0,0.0,0.0,0.0,0.0,0.0,0.0,0.0,0,HOLD,rds_snapshot_history,0,,,1.0,HOLD,HOLD,0.98,0.98,price is close to market; no urgent pricing intervention is needed,low_stock|weak_competitor_match,business_only_retail_pricing_v1,deterministic_business_heuristic,2026-06-04T19:20:03.676893+00:00,0,0.8431,0.0,0.195,0.0
SP-E5E8062C5F|2026-05-26,SP-E5E8062C5F,,26Z,La Sportiva,footwear,La Sportiva Wildcat 3.0 W,2026-05-26,136.6,4.55,0,28,1.0,54.0,0.0,999,30,149.85,0.0,0,0,0,at_market,0,0.0,tier2,68.93,1.15,0.0,0.0,1.2,3.0,0,0.8224,no_match,0.0,movement_reconstructed,0,0.0,0.0,0.0,0.0,0.0,0.0,0.0,0.0,0.0,-28.0,-1.0,7,CLEAR,rds_snapshot_history,0,,,1.0,HOLD,HOLD,0.98,0.98,inventory position is balanced; price is close to market; no urgent pricing intervention is needed,weak_competitor_match|stale_inventory,business_only_retail_pricing_v1,deterministic_business_heuristic,2026-06-04T19:20:03.676893+00:00,1,0.8481,0.3966,0.2482,0.289
SP-E668E236D6|2026-05-19,SP-E668E236D6,,IN214605,The North Face,other,The North Face Box Nse Men Lifestyle Long Sleeve Black/White,2026-05-19,0.0,0.0,1,0,1.0,57.1,0.0,999,30,39.86,0.2975,1,1,1,premium,0,1.0,tier1,17.1,1.15,0.0,0.0,1.2,3.0,0,0.8224,same_model_family,0.7464,movement_reconstructed,1,28.0,50.85714285714285,168.0,0.0,0.0,0.0,1.0,0.5,0.0,0.0,0.0,0,HOLD,rds_snapshot_history,0,,,1.0,HOLD,HOLD,0.55,0.55,no urgent pricing intervention is needed,low_stock|overpriced|low_label_confidence,business_only_retail_pricing_v1,deterministic_business_heuristic,2026-06-04T19:20:03.676893+00:00,0,0.4831,0.7753,0.2905,0.1326
SP-E668E236D6|2026-05-26,SP-E668E236D6,,IN214605,The North Face,other,The North Face Box Nse Men Lifestyle Long Sleeve Black/White,2026-05-26,73.5,2.45,0,9,1.0,57.1,0.0,999,30,39.86,0.2975,1,1,1,premium,0,0.0,tier1,17.1,1.15,0.0,0.0,1.2,3.0,0,0.8224,same_model_family,0.7727,movement_reconstructed,1,28.0,50.225,168.0,0.0,0.0,0.0,1.0,0.5,0.0,-9.0,-1.0,7,HOLD,rds_snapshot_history,0,,,1.0,HOLD,HOLD,0.55,0.55,inventory position is balanced; no urgent pricing intervention is needed,low_stock|overpriced|low_label_confidence,business_only_retail_pricing_v1,deterministic_business_heuristic,2026-06-04T19:20:03.676893+00:00,0,0.6139,0.9953,0.4888,0.4126
SP-E70F8AC18A|2026-05-19,SP-E70F8AC18A,,IN237307,Nike,accessories,Nike (20L) Boys Lifestyle Backpack Black/Orange/White,2026-05-19,0.0,0.0,1,0,1.0,61.36,0.0,999,30,74.2,0.0,0,0,0,at_market,0,1.0,tier1,28.67,1.15,0.0,0.0,1.2,3.0,0,0.8224,no_match,0.0,movement_reconstructed,0,0.0,0.0,0.0,0.0,0.0,0.0,0.0,1.0,0.0,0.0,0.0,0,HOLD,rds_snapshot_history,0,,,1.0,HOLD,HOLD,0.98,0.98,price is close to market; no urgent pricing intervention is needed,low_stock|weak_competitor_match,business_only_retail_pricing_v1,deterministic_business_heuristic,2026-06-04T19:20:03.676893+00:00,0,0.8431,0.0,0.215,0.0
SP-E70F8AC18A|2026-05-26,SP-E70F8AC18A,,IN237307,Nike,accessories,Nike (20L) Boys Lifestyle Backpack Black/Orange/White,2026-05-26,54.6,1.82,0,18,1.0,61.36,0.0,999,30,74.2,0.0,0,0,0,at_market,0,0.0,tier1,28.67,1.15,0.0,0.0,1.2,3.0,0,0.8224,no_match,0.0,movement_reconstructed,0,0.0,0.0,0.0,0.0,0.0,0.0,0.5,1.0,0.0121,-14.0,-1.0,7,PROMOTE,rds_snapshot_history,0,,,1.0,HOLD,HOLD,0.98,0.98,inventory position is balanced; price is close to market; no urgent pricing intervention is needed,weak_competitor_match,business_only_retail_pricing_v1,deterministic_business_heuristic,2026-06-04T19:20:03.676893+00:00,1,1.0271,0.2094,0.4347,0.2426
SP-E73794CCEB|2026-05-19,SP-E73794CCEB,,46S,La Sportiva,footwear,La Sportiva Bushido III,2026-05-19,0.0,0.0,1,0,1.0,54.0,0.0,999,30,166.5,0.0,0,0,0,at_market,0,1.0,tier2,76.59,1.15,0.0,0.0,1.2,3.0,0,0.8224,no_match,0.0,movement_reconstructed,0,0.0,0.0,0.0,0.0,0.0,0.0,1.0,0.0,0.0,0.0,0.0,0,HOLD,rds_snapshot_history,0,,,1.0,HOLD,HOLD,0.98,0.98,price is close to market; no urgent pricing intervention is needed,low_stock|weak_competitor_match,business_only_retail_pricing_v1,deterministic_business_heuristic,2026-06-04T19:20:03.676893+00:00,0,0.8431,0.0,0.195,0.0
SP-E73794CCEB|2026-05-26,SP-E73794CCEB,,46S,La Sportiva,footwear,La Sportiva Bushido III,2026-05-26,136.6,4.55,0,28,1.0,54.0,0.0,999,30,166.5,0.0,0,0,0,at_market,0,0.0,tier2,76.59,1.15,0.0,0.0,1.2,3.0,0,0.8224,no_match,0.0,movement_reconstructed,0,0.0,0.0,0.0,0.0,0.0,0.0,1.0,0.5,0.3255,-14.0,-1.0,0,CLEAR,rds_snapshot_history,0,,,1.0,HOLD,HOLD,0.98,0.98,inventory position is balanced; price is close to market; no urgent pricing intervention is needed,weak_competitor_match|stale_inventory,business_only_retail_pricing_v1,deterministic_business_heuristic,2026-06-04T19:20:03.676893+00:00,1,0.8481,0.3966,0.2482,0.289
SP-E7F43FB6BA|2026-05-19,SP-E7F43FB6BA,,JD4982,Adidas,apparel,"3-Stripes Leggings, Brown",2026-05-19,0.0,0.0,1,0,1.0,52.78,0.0,999,30,43.71,0.0162,1,0,1,at_market,0,1.0,tier1,20.64,1.15,0.0,0.0,1.2,3.0,0,0.8224,exact_style,1.0,movement_reconstructed,1,43.0,43.0,43.0,0.0,0.0,0.0,1.0,1.0,0.0,0.0,0.0,0,HOLD,rds_snapshot_history,0,,,1.0,HOLD,HOLD,0.98,0.98,price is close to market; no urgent pricing intervention is needed,low_stock,business_only_retail_pricing_v1,deterministic_business_heuristic,2026-06-04T19:20:03.676893+00:00,0,0.6431,0.3053,0.2189,0.0326
SP-E7F43FB6BA|2026-05-26,SP-E7F43FB6BA,,JD4982,Adidas,apparel,"3-Stripes Leggings, Brown",2026-05-26,51.2,1.71,0,14,1.0,52.78,0.0,999,30,43.71,0.0162,1,0,1,at_market,0,0.0,tier1,20.64,1.15,0.0,0.0,1.2,3.0,0,0.8224,exact_style,1.0,movement_reconstructed,1,43.0,43.0,43.0,0.0,0.0,0.0,1.0,1.0,0.0749,-9.0,-1.0,0,HOLD,rds_snapshot_history,0,,,1.0,HOLD,HOLD,0.9424,0.9424,inventory position is balanced; price is close to market; no urgent pricing intervention is needed,low_stock,business_only_retail_pricing_v1,deterministic_business_heuristic,2026-06-04T19:20:03.676893+00:00,0,0.816,0.5253,0.4288,0.3126
SP-E859AD8963|2026-05-19,SP-E859AD8963,,IN219793,New Balance,apparel,New Balance Athletics French Terry Women Lifestyle Pant Linen,2026-05-19,0.0,0.0,1,0,1.0,50.91,0.0,999,30,73.86,0.0658,1,0,1,above_market,0,1.0,tier1,36.26,1.15,0.0,0.0,1.2,3.0,0,0.8224,same_model_family,0.8415,movement_reconstructed,1,69.0,74.0,79.0,0.0,0.0,0.0,0.0,1.0,0.0,0.0,0.0,0,HOLD,rds_snapshot_history,0,,,1.0,HOLD,HOLD,0.9372,0.9372,no urgent pricing intervention is needed,low_stock,business_only_retail_pricing_v1,deterministic_business_heuristic,2026-06-04T19:20:03.676893+00:00,0,0.613,0.4332,0.2095,0.0514
SP-E859AD8963|2026-05-26,SP-E859AD8963,,IN219793,New Balance,apparel,New Balance Athletics French Terry Women Lifestyle Pant Linen,2026-05-26,61.4,2.05,0,14,1.0,50.91,0.0,999,30,73.86,0.5261,1,1,1,premium,0,0.0,tier1,36.26,1.15,0.0,0.0,1.2,3.0,0,0.8224,same_model_family,0.8065,movement_reconstructed,1,35.0,63.08108108108108,79.0,0.0,0.0,0.0,0.0,1.0,0.0,-9.0,-1.0,7,HOLD,rds_snapshot_history,0,,,1.0,MARKDOWN,MARKDOWN,0.9244,0.9244,priced above market by 53%; competitors are discounting; margin can support a markdown,low_stock|overpriced,business_only_retail_pricing_v1,deterministic_business_heuristic,2026-06-04T19:20:03.676893+00:00,1,0.6894,0.9667,0.4991,0.4126
SP-E8BBCA75D7|2026-05-19,SP-E8BBCA75D7,,IN226998,New Balance,apparel,New Balance Athletics French Terry Women Lifestyle Short Linen,2026-05-19,0.0,0.0,1,0,1.0,59.43,0.0,999,30,66.43,0.2624,1,0,1,premium,0,1.0,tier1,26.95,1.15,0.0,0.0,1.2,3.0,0,0.8224,same_model_family,0.8723,movement_reconstructed,1,49.0,53.0,55.0,0.0,0.0,0.0,1.0,1.0,0.0,0.0,0.0,0,HOLD,rds_snapshot_history,0,,,1.0,HOLD,HOLD,0.55,0.55,no urgent pricing intervention is needed,low_stock|overpriced|low_label_confidence,business_only_retail_pricing_v1,deterministic_business_heuristic,2026-06-04T19:20:03.676893+00:00,0,0.4831,0.7794,0.245,0.1326
SP-E8BBCA75D7|2026-05-26,SP-E8BBCA75D7,,IN226998,New Balance,apparel,New Balance Athletics French Terry Women Lifestyle Short Linen,2026-05-26,55.2,1.84,0,14,1.0,59.43,0.0,999,30,66.43,0.5936,1,1,1,premium,0,0.0,tier1,26.95,1.15,0.0,0.0,1.2,3.0,0,0.8224,same_model_family,0.8482,movement_reconstructed,1,27.0,48.27272727272727,55.0,0.0,0.0,0.0,1.0,1.0,0.0,-14.0,-1.0,7,HOLD,rds_snapshot_history,0,,,1.0,MARKDOWN,MARKDOWN,0.98,0.98,priced above market by 59%; competitors are discounting; margin can support a markdown,low_stock|overpriced,business_only_retail_pricing_v1,deterministic_business_heuristic,2026-06-04T19:20:03.676893+00:00,1,0.6691,0.9994,0.5165,0.4126
SP-E923EE9DF9|2026-05-19,SP-E923EE9DF9,,IN237220,Nike,accessories,Nike Academy Team Unisex Football Bag Navy/Black/White,2026-05-19,0.0,0.0,1,0,1.0,49.33,0.0,999,30,54.73,0.2509,0,0,1,premium,0,1.0,tier1,27.73,1.15,0.0,0.0,1.2,3.0,0,0.8224,same_model_family,0.8688,movement_reconstructed,1,41.0,45.5,59.0,0.0,0.0,0.0,1.0,1.0,0.0,0.0,0.0,0,HOLD,rds_snapshot_history,0,,,1.0,HOLD,HOLD,0.9018,0.9018,no urgent pricing intervention is needed,low_stock|overpriced,business_only_retail_pricing_v1,deterministic_business_heuristic,2026-06-04T19:20:03.676893+00:00,0,0.6031,0.4594,0.2016,0.0626
SP-E923EE9DF9|2026-05-26,SP-E923EE9DF9,,IN237220,Nike,accessories,Nike Academy Team Unisex Football Bag Navy/Black/White,2026-05-26,45.2,1.51,0,18,1.0,49.33,0.0,999,30,54.73,0.5067,1,1,1,premium,0,0.0,tier1,27.73,1.15,0.0,0.0,1.2,3.0,0,0.8224,same_model_family,0.8515,movement_reconstructed,1,27.0,42.85714285714285,59.0,0.0,0.0,0.0,1.0,1.0,0.0,-14.0,-1.0,7,PROMOTE,rds_snapshot_history,0,,,1.0,MARKDOWN,MARKDOWN,0.98,0.98,priced above market by 51%; competitors are discounting; margin can support a markdown,overpriced,business_only_retail_pricing_v1,deterministic_business_heuristic,2026-06-04T19:20:03.676893+00:00,1,0.6363,0.9594,0.444,0.4126
SP-E961A24573|2026-05-19,SP-E961A24573,,JV7515,Adidas,sportswear,"Adibreak Tracksuit Bottoms, Green",2026-05-19,0.0,0.0,1,0,1.0,47.83,0.0,999,30,111.33,0.0,0,0,0,at_market,0,1.0,tier1,58.08,1.15,0.0,0.0,1.2,3.0,0,0.8224,no_match,0.0,movement_reconstructed,0,0.0,0.0,0.0,0.0,0.0,0.0,0.0,0.0,0.0,0.0,0.0,0,HOLD,rds_snapshot_history,0,,,1.0,HOLD,HOLD,0.98,0.98,price is close to market; no urgent pricing intervention is needed,low_stock|weak_competitor_match,business_only_retail_pricing_v1,deterministic_business_heuristic,2026-06-04T19:20:03.676893+00:00,0,0.8431,0.0,0.1641,0.0
SP-E961A24573|2026-05-26,SP-E961A24573,,JV7515,Adidas,sportswear,"Adibreak Tracksuit Bottoms, Green",2026-05-26,106.4,3.55,0,12,1.0,47.83,0.0,999,30,111.33,-0.0869,0,0,1,below_market,0,0.0,tier1,58.08,1.15,0.0,0.0,1.2,3.0,0,0.8224,exact_style,1.0,movement_reconstructed,1,121.0,121.0,121.0,0.0,0.0,0.0,0.0,0.0,0.0,-9.0,-1.0,7,HOLD,rds_snapshot_history,0,,,1.0,HOLD,HOLD,0.98,0.98,inventory position is balanced; no urgent pricing intervention is needed,low_stock,business_only_retail_pricing_v1,deterministic_business_heuristic,2026-06-04T19:20:03.676893+00:00,0,0.8757,0.2563,0.3715,0.2426
SP-EA1A90B4B8|2026-05-19,SP-EA1A90B4B8,,HQ6041,Adidas,footwear,Adidas Stan Smith Millencon Lifestyle Women,2026-05-19,0.0,0.0,1,0,1.0,56.81,0.0,999,30,82.8,-0.0628,1,0,1,below_market,0,1.0,tier1,35.76,1.15,0.0,0.0,1.2,3.0,0,0.8224,exact_style,1.0,movement_reconstructed,1,88.0,88.0,88.0,0.0,0.0,0.0,0.0,0.0,0.0,0.0,0.0,0,HOLD,rds_snapshot_history,0,,,1.0,HOLD,HOLD,0.98,0.98,no urgent pricing intervention is needed,low_stock,business_only_retail_pricing_v1,deterministic_business_heuristic,2026-06-04T19:20:03.676893+00:00,0,0.6731,0.3239,0.2922,0.0326
SP-EA1A90B4B8|2026-05-26,SP-EA1A90B4B8,,HQ6041,Adidas,footwear,Adidas Stan Smith Millencon Lifestyle Women,2026-05-26,98.9,3.3,0,10,1.0,56.81,0.0,999,30,82.8,-0.0628,1,0,1,below_market,0,0.0,tier1,35.76,1.15,0.0,0.0,1.2,3.0,0,0.8224,exact_style,1.0,movement_reconstructed,1,88.0,88.0,88.0,0.0,0.0,0.0,0.0,0.0,0.0,-40.0,-1.0,7,HOLD,rds_snapshot_history,0,,,1.0,HOLD,HOLD,0.7602,0.7602,inventory position is balanced; no urgent pricing intervention is needed,low_stock,business_only_retail_pricing_v1,deterministic_business_heuristic,2026-06-04T19:20:03.676893+00:00,0,0.7406,0.5849,0.4142,0.3126
SP-EA820C1A13|2026-05-19,SP-EA820C1A13,,IN233369,ON,apparel,ON Trail-T Men Trail Running Shirt Desert,2026-05-19,0.0,0.0,1,0,1.0,53.32,0.0,999,30,73.91,-0.0147,0,1,1,at_market,0,1.0,tier1,34.5,1.15,0.0,0.0,1.2,3.0,0,0.8224,same_model_family,0.8743,movement_reconstructed,1,75.0,91.9090909090909,219.0,0.0,0.0,0.0,1.0,0.0,0.0,0.0,0.0,0,HOLD,rds_snapshot_history,0,,,1.0,HOLD,HOLD,0.98,0.98,price is close to market; no urgent pricing intervention is needed,low_stock,business_only_retail_pricing_v1,deterministic_business_heuristic,2026-06-04T19:20:03.676893+00:00,0,0.7631,0.0078,0.2716,0.0
SP-EA820C1A13|2026-05-26,SP-EA820C1A13,,IN233369,ON,apparel,ON Trail-T Men Trail Running Shirt Desert,2026-05-26,61.4,2.05,0,14,1.0,53.32,0.0,999,30,73.91,-0.0147,0,1,1,at_market,0,0.0,tier1,34.5,1.15,0.0,0.0,1.2,3.0,0,0.8224,same_model_family,0.8769,movement_reconstructed,1,75.0,90.87878787878788,219.0,0.0,0.0,0.0,1.0,0.0,0.0,-9.0,-1.0,7,HOLD,rds_snapshot_history,0,,,1.0,HOLD,HOLD,0.98,0.98,inventory position is balanced; price is close to market; no urgent pricing intervention is needed,low_stock,business_only_retail_pricing_v1,deterministic_business_heuristic,2026-06-04T19:20:03.676893+00:00,0,0.9694,0.2278,0.5111,0.2426
SP-EB900BB3C2|2026-05-19,SP-EB900BB3C2,,KA2796,Adidas,sportswear,"Adi365 Running Pocket Medium Support Bra, Green",2026-05-19,0.0,0.0,1,0,1.0,50.18,0.0,999,30,77.07,0.6497,1,0,1,premium,0,1.0,tier1,38.4,1.15,0.0,0.0,1.2,3.0,0,0.8224,exact_style,0.8483,movement_reconstructed,1,27.0,48.5,80.0,0.0,0.0,0.0,1.0,0.0,0.0,0.0,0.0,0,HOLD,rds_snapshot_history,0,,,1.0,HOLD,HOLD,0.55,0.55,no urgent pricing intervention is needed,low_stock|overpriced|low_label_confidence,business_only_retail_pricing_v1,deterministic_business_heuristic,2026-06-04T19:20:03.676893+00:00,0,0.4831,0.7433,0.2059,0.1326
SP-EB900BB3C2|2026-05-26,SP-EB900BB3C2,,KA2796,Adidas,sportswear,"Adi365 Running Pocket Medium Support Bra, Green",2026-05-26,73.7,2.46,0,12,1.0,50.18,0.0,999,30,77.07,0.6497,1,0,1,premium,0,0.0,tier1,38.4,1.15,0.0,0.0,1.2,3.0,0,0.8224,exact_style,0.8483,movement_reconstructed,1,27.0,48.5,80.0,0.0,0.0,0.0,1.0,0.5,0.0741,-10.0,-1.0,0,HOLD,rds_snapshot_history,0,,,1.0,MARKDOWN,MARKDOWN,0.9423,0.9423,priced above market by 65%; competitors are discounting; margin can support a markdown,low_stock|overpriced,business_only_retail_pricing_v1,deterministic_business_heuristic,2026-06-04T19:20:03.676893+00:00,1,0.6727,0.9633,0.4306,0.4126
SP-EC9AF8E301|2026-05-19,SP-EC9AF8E301,,IN237263,Nike,apparel,Nike Club French Terry Men Lifestyle Pant Grey/White,2026-05-19,0.0,0.0,1,0,1.0,52.29,0.0,999,30,87.68,0.3385,1,1,1,premium,0,1.0,tier1,41.83,1.15,0.0,0.0,1.2,3.0,0,0.8224,same_model_family,0.9293,movement_reconstructed,1,58.0,78.66666666666667,89.0,0.0,0.0,0.0,0.0,0.0,0.0,0.0,0.0,0,HOLD,rds_snapshot_history,0,,,1.0,HOLD,HOLD,0.55,0.55,no urgent pricing intervention is needed,low_stock|overpriced|low_label_confidence,business_only_retail_pricing_v1,deterministic_business_heuristic,2026-06-04T19:20:03.676893+00:00,0,0.4831,0.7531,0.2664,0.1326
SP-EC9AF8E301|2026-05-26,SP-EC9AF8E301,,IN237263,Nike,apparel,Nike Club French Terry Men Lifestyle Pant Grey/White,2026-05-26,72.9,2.43,0,14,1.0,52.29,0.0,999,30,87.68,0.3385,1,1,1,premium,0,0.0,tier1,41.83,1.15,0.0,0.0,1.2,3.0,0,0.8224,same_model_family,0.9293,movement_reconstructed,1,58.0,78.66666666666667,89.0,0.0,0.0,0.0,0.0,0.0,0.0,-8.0,-1.0,7,HOLD,rds_snapshot_history,0,,,1.0,MARKDOWN,MARKDOWN,0.952,0.952,priced above market by 34%; competitors are discounting; margin can support a markdown,low_stock|overpriced,business_only_retail_pricing_v1,deterministic_business_heuristic,2026-06-04T19:20:03.676893+00:00,1,0.6753,0.9731,0.4935,0.4126
SP-ECB50BF5E1|2026-05-19,SP-ECB50BF5E1,,IN238046,Crocs,accessories,Crocs 3D Chilling Frog Unisex Lifestyle Jibbitz Charm,2026-05-19,0.0,0.0,1,0,1.0,57.78,0.0,999,30,7.39,0.1881,0,0,1,premium,0,1.0,tier2,3.12,1.15,0.0,0.0,1.2,3.0,0,0.8224,same_model_family,0.8307,movement_reconstructed,1,6.0,10.0,12.0,0.0,0.0,0.0,0.0,0.0,0.0,0.0,0.0,0,HOLD,rds_snapshot_history,0,,,1.0,HOLD,HOLD,0.9172,0.9172,no urgent pricing intervention is needed,low_stock|overpriced,business_only_retail_pricing_v1,deterministic_business_heuristic,2026-06-04T19:20:03.676893+00:00,0,0.63,0.448,0.2439,0.0458
SP-ECB50BF5E1|2026-05-26,SP-ECB50BF5E1,,IN238046,Crocs,accessories,Crocs 3D Chilling Frog Unisex Lifestyle Jibbitz Charm,2026-05-26,45.2,1.51,0,18,1.0,57.78,0.0,999,30,7.39,0.1881,0,0,1,premium,0,0.0,tier2,3.12,1.15,0.0,0.0,1.2,3.0,0,0.8224,same_model_family,0.8307,movement_reconstructed,1,6.0,10.0,12.0,0.0,0.0,0.0,0.0,0.0,0.0,-14.0,-1.0,7,PROMOTE,rds_snapshot_history,0,,,1.0,MARKDOWN,MARKDOWN,0.55,0.55,priced above market by 19%; margin can support a markdown,overpriced|low_label_confidence,business_only_retail_pricing_v1,deterministic_business_heuristic,2026-06-04T19:20:03.676893+00:00,1,0.7832,0.668,0.4363,0.3258
SP-EDACD0C8B2|2026-05-19,SP-EDACD0C8B2,,11821006,Dr. Martens,footwear,Dr. Martens 1460 Boot Black W,2026-05-19,0.0,0.0,1,0,1.0,52.0,0.0,999,30,188.7,0.0,0,0,0,at_market,0,1.0,tier2,90.58,1.15,0.0,0.0,1.2,3.0,0,0.8224,no_match,0.0,movement_reconstructed,0,0.0,0.0,0.0,0.0,0.0,0.0,0.0,0.0,0.0,0.0,0.0,0,HOLD,rds_snapshot_history,0,,,1.0,HOLD,HOLD,0.98,0.98,price is close to market; no urgent pricing intervention is needed,low_stock|weak_competitor_match,business_only_retail_pricing_v1,deterministic_business_heuristic,2026-06-04T19:20:03.676893+00:00,0,0.8431,0.0,0.185,0.0
SP-EDACD0C8B2|2026-05-26,SP-EDACD0C8B2,,11821006,Dr. Martens,footwear,Dr. Martens 1460 Boot Black W,2026-05-26,136.6,4.55,0,28,1.0,52.0,0.0,999,30,188.7,0.0,0,0,0,at_market,0,0.0,tier2,90.58,1.15,0.0,0.0,1.2,3.0,0,0.8224,no_match,0.0,movement_reconstructed,0,0.0,0.0,0.0,0.0,0.0,0.0,0.0,0.0,0.0,-12.0,-1.0,7,CLEAR,rds_snapshot_history,0,,,1.0,HOLD,HOLD,0.98,0.98,inventory position is balanced; price is close to market; no urgent pricing intervention is needed,weak_competitor_match|stale_inventory,business_only_retail_pricing_v1,deterministic_business_heuristic,2026-06-04T19:20:03.676893+00:00,1,0.8481,0.3873,0.2382,0.289
SP-EE92A1AEEC|2026-05-19,SP-EE92A1AEEC,,VN000D5IB8C,Vans,lifestyle,Vans SK8-Hi Black,2026-05-19,0.0,0.0,1,0,1.0,45.0,0.0,999,30,94.35,0.0,0,0,0,at_market,0,1.0,tier2,51.89,1.15,0.0,0.0,1.2,3.0,0,0.8224,no_match,0.0,movement_reconstructed,0,0.0,0.0,0.0,0.0,0.0,0.0,1.0,1.0,0.0,0.0,0.0,0,HOLD,rds_snapshot_history,0,,,1.0,HOLD,HOLD,0.98,0.98,price is close to market; no urgent pricing intervention is needed,low_stock|weak_competitor_match,business_only_retail_pricing_v1,deterministic_business_heuristic,2026-06-04T19:20:03.676893+00:00,0,0.8431,0.0,0.15,0.0
SP-EE92A1AEEC|2026-05-26,SP-EE92A1AEEC,,VN000D5IB8C,Vans,lifestyle,Vans SK8-Hi Black,2026-05-26,106.1,3.54,0,66,1.0,45.0,0.0,999,30,94.35,0.0,0,0,0,at_market,0,0.0,tier2,51.89,1.15,0.0,0.0,1.2,3.0,0,0.8224,no_match,0.0,movement_reconstructed,0,0.0,0.0,0.0,0.0,0.0,0.0,1.0,1.0,0.0,-14.0,-1.0,7,HOLD,rds_snapshot_history,0,,,1.0,HOLD,HOLD,0.98,0.98,inventory position is balanced; price is close to market; no urgent pricing intervention is needed,weak_competitor_match,business_only_retail_pricing_v1,deterministic_business_heuristic,2026-06-04T19:20:03.676893+00:00,0,0.9266,0.2027,0.2656,0.2426
SP-EE94F7E634|2026-05-19,SP-EE94F7E634,,H37774,Adidas,other,"Adicolor Classics Tricot Skirt, Black",2026-05-19,0.0,0.0,1,0,1.0,49.51,0.0,999,30,12.36,-0.0518,1,0,1,below_market,0,1.0,tier1,6.24,1.15,0.0,0.0,1.2,3.0,0,0.8224,exact_style,1.0,movement_reconstructed,1,13.0,13.0,13.0,0.0,0.0,0.0,1.0,1.0,0.0,0.0,0.0,0,HOLD,rds_snapshot_history,0,,,1.0,HOLD,HOLD,0.98,0.98,no urgent pricing intervention is needed,low_stock,business_only_retail_pricing_v1,deterministic_business_heuristic,2026-06-04T19:20:03.676893+00:00,0,0.6731,0.2902,0.2513,0.0326
SP-EE94F7E634|2026-05-26,SP-EE94F7E634,,H37774,Adidas,other,"Adicolor Classics Tricot Skirt, Black",2026-05-26,73.5,2.45,0,9,1.0,49.51,0.0,999,30,12.36,-0.0518,1,0,1,below_market,0,0.0,tier1,6.24,1.15,0.0,0.0,1.2,3.0,0,0.8224,exact_style,1.0,movement_reconstructed,1,13.0,13.0,13.0,0.0,0.0,0.0,1.0,1.0,0.0,-10.0,-1.0,7,HOLD,rds_snapshot_history,0,,,1.0,HOLD,HOLD,0.9465,0.9465,inventory position is balanced; no urgent pricing intervention is needed,low_stock,business_only_retail_pricing_v1,deterministic_business_heuristic,2026-06-04T19:20:03.676893+00:00,0,0.8039,0.5102,0.4495,0.3126
SP-EEC5C6A0BE|2026-05-19,SP-EEC5C6A0BE,,IW5977,Adidas,sportswear,"AEROREADY Sereno Cut 3-Stripes Track Suit, Blue",2026-05-19,0.0,0.0,1,0,1.0,58.8,0.0,999,30,129.32,0.1339,0,0,2,above_market,0,1.0,tier1,53.28,1.15,0.0,0.0,1.2,3.0,0,0.8224,exact_style,1.0,movement_reconstructed,1,112.0,55.5006,111.0,0.0,0.0,0.0,0.0,1.0,0.0,0.0,0.0,0,HOLD,rds_snapshot_history,0,,,1.0,HOLD,HOLD,0.98,0.98,no urgent pricing intervention is needed,low_stock|overpriced,business_only_retail_pricing_v1,deterministic_business_heuristic,2026-06-04T19:20:03.676893+00:00,0,0.6757,0.2935,0.245,0.0173
SP-EEC5C6A0BE|2026-05-26,SP-EEC5C6A0BE,,IW5977,Adidas,sportswear,"AEROREADY Sereno Cut 3-Stripes Track Suit, Blue",2026-05-26,92.9,3.1,0,12,1.0,58.8,0.0,999,30,129.32,0.1339,0,0,2,above_market,0,0.0,tier1,53.28,1.15,0.0,0.0,1.2,3.0,0,0.8224,exact_style,1.0,movement_reconstructed,1,112.0,70.6368,111.0,0.0,0.0,0.0,0.0,1.0,0.0,-14.0,-1.0,7,HOLD,rds_snapshot_history,0,,,1.0,MARKDOWN,MARKDOWN,0.55,0.55,priced above market by 13%; stock cover is elevated (93 DOS); margin can support a markdown,low_stock|overpriced|low_label_confidence,business_only_retail_pricing_v1,deterministic_business_heuristic,2026-06-04T19:20:03.676893+00:00,1,0.8023,0.6242,0.4053,0.2973
SP-EED5158BD6|2026-05-19,SP-EED5158BD6,,IN219806,New Balance,footwear,New Balance 327 Women Lifestyle Shoes Moonbeam/Stone Pink,2026-05-19,0.0,0.0,1,0,1.0,53.38,0.0,999,30,177.62,0.2737,1,1,1,premium,0,1.0,tier1,82.81,1.15,0.0,0.0,1.2,3.0,0,0.8224,same_model_family,0.7307,movement_reconstructed,1,129.0,138.25,160.0,0.0,0.0,0.0,0.0,0.0,0.0,0.0,0.0,0,HOLD,rds_snapshot_history,0,,,1.0,HOLD,HOLD,0.55,0.55,no urgent pricing intervention is needed,low_stock|overpriced|low_label_confidence,business_only_retail_pricing_v1,deterministic_business_heuristic,2026-06-04T19:20:03.676893+00:00,0,0.4831,0.7581,0.2719,0.1326
SP-EED5158BD6|2026-05-26,SP-EED5158BD6,,IN219806,New Balance,footwear,New Balance 327 Women Lifestyle Shoes Moonbeam/Stone Pink,2026-05-26,136.6,4.55,0,13,1.0,53.38,0.0,999,30,177.62,0.2737,1,1,1,premium,0,0.0,tier1,82.81,1.15,0.0,0.0,1.2,3.0,0,0.8224,same_model_family,0.7785,movement_reconstructed,1,129.0,145.8181818181818,169.0,0.0,0.0,0.0,0.0,0.5,0.0,-18.0,-1.0,7,CLEAR,rds_snapshot_history,0,,,1.0,MARKDOWN,MARKDOWN,0.98,0.98,priced above market by 27%; competitors are discounting; stock cover is elevated (137 DOS),low_stock|overpriced|stale_inventory,business_only_retail_pricing_v1,deterministic_business_heuristic,2026-06-04T19:20:03.676893+00:00,1,0.4881,1.1637,0.3251,0.459
SP-EF3A3CE8FD|2026-05-19,SP-EF3A3CE8FD,,IN237225,Nike,footwear,Nike Air Force 1 Le Gs-Boys Lifestyle Shoes Black,2026-05-19,0.0,0.0,1,0,1.0,60.02,0.0,999,30,204.55,0.5796,1,1,1,premium,0,1.0,tier1,81.78,1.15,0.0,0.0,1.2,3.0,0,0.8224,same_model_family,0.8009,movement_reconstructed,1,86.0,135.88888888888889,182.0,0.0,0.0,0.0,1.0,1.0,0.0,0.0,0.0,0,HOLD,rds_snapshot_history,0,,,1.0,HOLD,HOLD,0.55,0.55,no urgent pricing intervention is needed,low_stock|overpriced|low_label_confidence,business_only_retail_pricing_v1,deterministic_business_heuristic,2026-06-04T19:20:03.676893+00:00,0,0.4831,0.7794,0.295,0.1326
SP-EF3A3CE8FD|2026-05-26,SP-EF3A3CE8FD,,IN237225,Nike,footwear,Nike Air Force 1 Le Gs-Boys Lifestyle Shoes Black,2026-05-26,136.6,4.55,0,12,1.0,60.02,0.0,999,30,204.55,0.604,1,1,1,premium,0,0.0,tier1,81.78,1.15,0.0,0.0,1.2,3.0,0,0.8224,same_model_family,0.7978,movement_reconstructed,1,81.0,128.63636363636363,182.0,0.0,0.0,0.0,1.0,1.0,0.0,-9.0,-1.0,7,CLEAR,rds_snapshot_history,0,,,1.0,MARKDOWN,MARKDOWN,0.98,0.98,priced above market by 60%; competitors are discounting; stock cover is elevated (137 DOS),low_stock|overpriced|stale_inventory,business_only_retail_pricing_v1,deterministic_business_heuristic,2026-06-04T19:20:03.676893+00:00,1,0.4881,1.185,0.3482,0.459
SP-EFA218BDF9|2026-05-19,SP-EFA218BDF9,,JI8081,Adidas,accessories,Adidas Classic Training Backpack With Pencil Case Unisex Black/White,2026-05-19,0.0,0.0,1,0,1.0,57.66,0.0,999,30,53.85,0.1086,0,0,2,above_market,0,1.0,tier1,22.8,1.15,0.0,0.0,1.2,3.0,0,0.8224,exact_style,1.0,movement_reconstructed,1,48.0,23.5003,47.0,0.0,0.0,0.0,1.0,1.0,0.0,0.0,0.0,0,HOLD,rds_snapshot_history,0,,,1.0,HOLD,HOLD,0.98,0.98,no urgent pricing intervention is needed,low_stock,business_only_retail_pricing_v1,deterministic_business_heuristic,2026-06-04T19:20:03.676893+00:00,0,0.697,0.252,0.2433,0.0039
SP-EFA218BDF9|2026-05-26,SP-EFA218BDF9,,JI8081,Adidas,accessories,Adidas Classic Training Backpack With Pencil Case Unisex Black/White,2026-05-26,38.5,1.28,0,18,1.0,57.66,0.0,999,30,53.85,0.1086,0,0,2,above_market,0,0.0,tier1,22.8,1.15,0.0,0.0,1.2,3.0,0,0.8224,exact_style,1.0,movement_reconstructed,1,48.0,25.3079,47.0,0.0,0.0,0.0,1.0,1.0,0.0,-14.0,-1.0,7,PROMOTE,rds_snapshot_history,0,,,1.0,MARKDOWN,MARKDOWN,0.55,0.55,priced above market by 11%; margin can support a markdown,low_label_confidence,business_only_retail_pricing_v1,deterministic_business_heuristic,2026-06-04T19:20:03.676893+00:00,1,0.8282,0.472,0.4162,0.2839
SP-F067DCDACE|2026-05-19,SP-F067DCDACE,,GK9950,Adidas,sportswear,"AEROREADY Essentials Regular-Fit 3-Stripes Track Suit, Black",2026-05-19,0.0,0.0,1,0,1.0,52.92,0.0,999,30,85.64,0.0191,1,0,1,at_market,0,1.0,tier1,40.32,1.15,0.0,0.0,1.2,3.0,0,0.8224,exact_style,1.0,movement_reconstructed,1,84.0,84.0,84.0,0.0,0.0,0.0,1.0,1.0,0.0,0.0,0.0,0,HOLD,rds_snapshot_history,0,,,1.0,HOLD,HOLD,0.98,0.98,price is close to market; no urgent pricing intervention is needed,low_stock,business_only_retail_pricing_v1,deterministic_business_heuristic,2026-06-04T19:20:03.676893+00:00,0,0.6431,0.306,0.2196,0.0326
SP-F067DCDACE|2026-05-26,SP-F067DCDACE,,GK9950,Adidas,sportswear,"AEROREADY Essentials Regular-Fit 3-Stripes Track Suit, Black",2026-05-26,81.9,2.73,0,12,1.0,52.92,0.0,999,30,85.64,0.0191,1,0,1,at_market,0,0.0,tier1,40.32,1.15,0.0,0.0,1.2,3.0,0,0.8224,exact_style,1.0,movement_reconstructed,1,84.0,84.0,84.0,0.0,0.0,0.0,1.0,1.0,0.0,-10.0,-1.0,7,HOLD,rds_snapshot_history,0,,,1.0,HOLD,HOLD,0.9118,0.9118,inventory position is balanced; price is close to market; no urgent pricing intervention is needed,low_stock,business_only_retail_pricing_v1,deterministic_business_heuristic,2026-06-04T19:20:03.676893+00:00,0,0.8058,0.5378,0.4172,0.3126
SP-F0B4D9EAF5|2026-05-19,SP-F0B4D9EAF5,,IN233453,ON,sportswear,ON Sports Performance Women Running Bra Women Gourami,2026-05-19,0.0,0.0,1,0,1.0,57.93,0.0,999,30,97.32,0.0855,0,0,1,above_market,0,1.0,tier1,40.94,1.15,0.0,0.0,1.2,3.0,0,0.8224,same_model_family,0.9761,movement_reconstructed,1,89.0,89.0,89.0,0.0,0.0,0.0,0.0,1.0,0.0,0.0,0.0,0,HOLD,rds_snapshot_history,0,,,1.0,HOLD,HOLD,0.98,0.98,no urgent pricing intervention is needed,low_stock,business_only_retail_pricing_v1,deterministic_business_heuristic,2026-06-04T19:20:03.676893+00:00,0,0.7164,0.1167,0.2446,0.0
SP-F0B4D9EAF5|2026-05-26,SP-F0B4D9EAF5,,IN233453,ON,sportswear,ON Sports Performance Women Running Bra Women Gourami,2026-05-26,93.0,3.1,0,12,1.0,57.93,0.0,999,30,97.32,0.0855,0,0,1,above_market,0,0.0,tier1,40.94,1.15,0.0,0.0,1.2,3.0,0,0.8224,same_model_family,0.9761,movement_reconstructed,1,89.0,89.0,89.0,0.0,0.0,0.0,0.5,1.0,0.3766,-12.0,-1.0,0,HOLD,rds_snapshot_history,0,,,1.0,MARKDOWN,MARKDOWN,0.55,0.55,priced above market by 9%; stock cover is elevated (93 DOS); margin can support a markdown,low_stock|low_label_confidence,business_only_retail_pricing_v1,deterministic_business_heuristic,2026-06-04T19:20:03.676893+00:00,1,0.8428,0.5476,0.4046,0.2718
SP-F1BA32F84D|2026-05-19,SP-F1BA32F84D,,IN233480,ON,accessories,On All Day Unisex Lifestyle Cap Ivory,2026-05-19,0.0,0.0,1,0,1.0,56.11,0.0,999,30,61.83,0.1105,0,0,1,above_market,0,1.0,tier1,27.14,1.15,0.0,0.0,1.2,3.0,0,0.8224,same_model_family,0.9691,movement_reconstructed,1,55.0,55.0,55.0,0.0,0.0,0.0,0.0,0.0,0.0,0.0,0.0,0,HOLD,rds_snapshot_history,0,,,1.0,HOLD,HOLD,0.98,0.98,no urgent pricing intervention is needed,low_stock,business_only_retail_pricing_v1,deterministic_business_heuristic,2026-06-04T19:20:03.676893+00:00,0,0.6954,0.2478,0.2355,0.0049
SP-F1BA32F84D|2026-05-26,SP-F1BA32F84D,,IN233480,ON,accessories,On All Day Unisex Lifestyle Cap Ivory,2026-05-26,45.5,1.52,0,18,1.0,56.11,0.0,999,30,61.83,0.1105,0,0,1,above_market,0,0.0,tier1,27.14,1.15,0.0,0.0,1.2,3.0,0,0.8224,same_model_family,0.9691,movement_reconstructed,1,55.0,55.0,55.0,0.0,0.0,0.0,0.0,0.0,0.0,-88.0,-1.0,7,PROMOTE,rds_snapshot_history,0,,,1.0,HOLD,HOLD,0.98,0.98,inventory position is balanced; no urgent pricing intervention is needed,,business_only_retail_pricing_v1,deterministic_business_heuristic,2026-06-04T19:20:03.676893+00:00,1,0.8495,0.4678,0.4288,0.2849
SP-F272E0B3EC|2026-05-19,SP-F272E0B3EC,,IN236717,Crocs,footwear,Crocs All Day Men Lifestyle Slippers Black,2026-05-19,0.0,0.0,1,0,1.0,52.48,0.0,999,30,39.39,0.0861,0,0,1,above_market,0,1.0,tier2,18.72,1.15,0.0,0.0,1.2,3.0,0,0.8224,same_model_family,0.9759,movement_reconstructed,1,36.0,36.0,36.0,0.0,0.0,0.0,0.0,0.0,0.0,0.0,0.0,0,HOLD,rds_snapshot_history,0,,,1.0,HOLD,HOLD,0.98,0.98,no urgent pricing intervention is needed,low_stock,business_only_retail_pricing_v1,deterministic_business_heuristic,2026-06-04T19:20:03.676893+00:00,0,0.7159,0.0925,0.2174,0.0
SP-F272E0B3EC|2026-05-26,SP-F272E0B3EC,,IN236717,Crocs,footwear,Crocs All Day Men Lifestyle Slippers Black,2026-05-26,73.5,2.45,0,12,1.0,52.48,0.0,999,30,39.39,0.0861,0,0,1,above_market,0,0.0,tier2,18.72,1.15,0.0,0.0,1.2,3.0,0,0.8224,same_model_family,0.9759,movement_reconstructed,1,36.0,36.0,36.0,0.0,0.0,0.0,0.0,0.0,0.0,-12.0,-1.0,7,HOLD,rds_snapshot_history,0,,,1.0,HOLD,HOLD,0.98,0.98,inventory position is balanced; no urgent pricing intervention is needed,low_stock,business_only_retail_pricing_v1,deterministic_business_heuristic,2026-06-04T19:20:03.676893+00:00,0,0.9061,0.4125,0.4427,0.2721
SP-F32E6859B7|2026-05-19,SP-F32E6859B7,,IN232335,Nike,footwear,Nike Air Force 1 07 Vintage Women Lifestyle Shoes Burgundy/Silvr/White,2026-05-19,0.0,0.0,1,0,1.0,58.07,0.0,999,30,189.44,0.2188,1,1,1,premium,0,1.0,tier1,79.43,1.15,0.0,0.0,1.2,3.0,0,0.8224,same_model_family,0.9387,movement_reconstructed,1,148.0,148.0,148.0,0.0,0.0,0.0,1.0,0.5,0.0,0.0,0.0,0,HOLD,rds_snapshot_history,0,,,1.0,HOLD,HOLD,0.55,0.55,no urgent pricing intervention is needed,low_stock|overpriced|low_label_confidence,business_only_retail_pricing_v1,deterministic_business_heuristic,2026-06-04T19:20:03.676893+00:00,0,0.4842,0.7775,0.295,0.1319
SP-F32E6859B7|2026-05-26,SP-F32E6859B7,,IN232335,Nike,footwear,Nike Air Force 1 07 Vintage Women Lifestyle Shoes Burgundy/Silvr/White,2026-05-26,136.6,4.55,0,12,1.0,58.07,0.0,999,30,189.44,0.2188,1,1,1,premium,0,0.0,tier1,79.43,1.15,0.0,0.0,1.2,3.0,0,0.8224,same_model_family,0.9387,movement_reconstructed,1,148.0,148.0,148.0,0.0,0.0,0.0,0.75,0.5,0.0404,-12.0,-1.0,0,CLEAR,rds_snapshot_history,0,,,1.0,MARKDOWN,MARKDOWN,0.98,0.98,priced above market by 22%; competitors are discounting; stock cover is elevated (137 DOS),low_stock|overpriced|stale_inventory,business_only_retail_pricing_v1,deterministic_business_heuristic,2026-06-04T19:20:03.676893+00:00,1,0.4891,1.1831,0.3482,0.4584
SP-F37123B899|2026-05-19,SP-F37123B899,,IN205050,New Balance,apparel,New Balance Athletics Men Lifestyle Pant Black,2026-05-19,0.0,0.0,1,0,1.0,54.46,0.0,999,30,112.98,0.0706,0,0,1,above_market,0,1.0,tier1,51.45,1.15,0.0,0.0,1.2,3.0,0,0.8224,same_model_family,0.7952,movement_reconstructed,1,105.0,108.2,109.0,0.0,0.0,0.0,1.0,0.0,0.0,0.0,0.0,0,HOLD,rds_snapshot_history,0,,,1.0,HOLD,HOLD,0.98,0.98,no urgent pricing intervention is needed,low_stock,business_only_retail_pricing_v1,deterministic_business_heuristic,2026-06-04T19:20:03.676893+00:00,0,0.729,0.0772,0.2273,0.0
SP-F37123B899|2026-05-26,SP-F37123B899,,IN205050,New Balance,apparel,New Balance Athletics Men Lifestyle Pant Black,2026-05-26,93.9,3.13,0,14,1.0,54.46,0.0,999,30,112.98,0.2654,1,1,1,premium,0,0.0,tier1,51.45,1.15,0.0,0.0,1.2,3.0,0,0.8224,same_model_family,0.7856,movement_reconstructed,1,83.0,105.66666666666669,109.0,0.0,0.0,0.0,1.0,0.0,0.0,-10.0,-1.0,7,HOLD,rds_snapshot_history,0,,,1.0,MARKDOWN,MARKDOWN,0.98,0.98,priced above market by 27%; competitors are discounting; stock cover is elevated (94 DOS),low_stock|overpriced,business_only_retail_pricing_v1,deterministic_business_heuristic,2026-06-04T19:20:03.676893+00:00,1,0.6066,1.0955,0.4342,0.4126
SP-F3734633B0|2026-05-19,SP-F3734633B0,,IN211236,Nike,sportswear,Nike Indy Light-Support Women Training Bra Black/White,2026-05-19,0.0,0.0,1,0,1.0,61.29,0.0,999,30,67.99,0.3676,1,1,1,premium,0,1.0,tier1,26.32,1.15,0.0,0.0,1.2,3.0,0,0.8224,same_model_family,0.7581,movement_reconstructed,1,43.0,63.4,97.0,0.0,0.0,0.0,0.0,0.0,0.0,0.0,0.0,0,HOLD,rds_snapshot_history,0,,,1.0,HOLD,HOLD,0.55,0.55,no urgent pricing intervention is needed,low_stock|overpriced|low_label_confidence,business_only_retail_pricing_v1,deterministic_business_heuristic,2026-06-04T19:20:03.676893+00:00,0,0.4831,0.7794,0.295,0.1326
SP-F3734633B0|2026-05-26,SP-F3734633B0,,IN211236,Nike,sportswear,Nike Indy Light-Support Women Training Bra Black/White,2026-05-26,65.0,2.17,0,12,1.0,61.29,0.0,999,30,67.99,0.5441,1,1,1,premium,0,0.0,tier1,26.32,1.15,0.0,0.0,1.2,3.0,0,0.8224,same_model_family,0.7641,movement_reconstructed,1,31.0,59.71698113207548,97.0,0.0,0.0,0.0,0.0,0.0,0.0,-28.0,-1.0,7,HOLD,rds_snapshot_history,0,,,1.0,MARKDOWN,MARKDOWN,0.9527,0.9527,priced above market by 54%; competitors are discounting; margin can support a markdown,low_stock|overpriced,business_only_retail_pricing_v1,deterministic_business_heuristic,2026-06-04T19:20:03.676893+00:00,1,0.7011,0.9994,0.545,0.4126
SP-F4341B2295|2026-05-19,SP-F4341B2295,,HE4408,Adidas,sportswear,"AEROREADY Essentials Regular-Fit 3-Stripes Track Suit, Blue",2026-05-19,0.0,0.0,1,0,1.0,57.05,0.0,999,30,93.87,0.1051,1,0,1,above_market,0,1.0,tier1,40.32,1.15,0.0,0.0,1.2,3.0,0,0.8224,exact_style,1.0,movement_reconstructed,1,84.0,84.0,84.0,0.0,0.0,0.0,1.0,1.0,0.0,0.0,0.0,0,HOLD,rds_snapshot_history,0,,,1.0,HOLD,HOLD,0.8151,0.8151,no urgent pricing intervention is needed,low_stock,business_only_retail_pricing_v1,deterministic_business_heuristic,2026-06-04T19:20:03.676893+00:00,0,0.5799,0.5236,0.2402,0.0721
SP-F4341B2295|2026-05-26,SP-F4341B2295,,HE4408,Adidas,sportswear,"AEROREADY Essentials Regular-Fit 3-Stripes Track Suit, Blue",2026-05-26,89.7,2.99,0,12,1.0,57.05,0.0,999,30,93.87,0.1051,1,0,1,above_market,0,0.0,tier1,40.32,1.15,0.0,0.0,1.2,3.0,0,0.8224,exact_style,1.0,movement_reconstructed,1,84.0,84.0,84.0,0.0,0.0,0.0,1.0,1.0,0.0368,-14.0,-1.0,0,HOLD,rds_snapshot_history,0,,,1.0,MARKDOWN,MARKDOWN,0.6198,0.6198,priced above market by 11%; competitors are discounting; margin can support a markdown,low_stock|low_label_confidence,business_only_retail_pricing_v1,deterministic_business_heuristic,2026-06-04T19:20:03.676893+00:00,1,0.7171,0.7688,0.4114,0.3521
SP-F557DDEAE8|2026-05-19,SP-F557DDEAE8,,IN219643,New Balance,apparel,New Balance Athletics French Terry Men Lifestyle Hoody Dusk Shower,2026-05-19,0.0,0.0,1,0,1.0,55.68,0.0,999,30,88.45,0.3217,1,1,1,premium,0,1.0,tier1,39.2,1.15,0.0,0.0,1.2,3.0,0,0.8224,same_model_family,0.8627,movement_reconstructed,1,60.0,73.5,85.0,0.0,0.0,0.0,1.0,0.0,0.0,0.0,0.0,0,HOLD,rds_snapshot_history,0,,,1.0,HOLD,HOLD,0.55,0.55,no urgent pricing intervention is needed,low_stock|overpriced|low_label_confidence,business_only_retail_pricing_v1,deterministic_business_heuristic,2026-06-04T19:20:03.676893+00:00,0,0.4831,0.7687,0.2834,0.1326
SP-F557DDEAE8|2026-05-26,SP-F557DDEAE8,,IN219643,New Balance,apparel,New Balance Athletics French Terry Men Lifestyle Hoody Dusk Shower,2026-05-26,73.5,2.45,0,14,1.0,55.68,0.0,999,30,88.45,0.3217,1,1,1,premium,0,0.0,tier1,39.2,1.15,0.0,0.0,1.2,3.0,0,0.8224,same_model_family,0.8356,movement_reconstructed,1,60.0,71.875,85.0,0.0,0.0,0.0,1.0,0.25,0.1925,-14.0,-1.0,0,HOLD,rds_snapshot_history,0,,,1.0,MARKDOWN,MARKDOWN,0.9758,0.9758,priced above market by 32%; competitors are discounting; margin can support a markdown,low_stock|overpriced,business_only_retail_pricing_v1,deterministic_business_heuristic,2026-06-04T19:20:03.676893+00:00,1,0.6733,0.9887,0.5087,0.4126
SP-F74A6F2CD7|2026-05-19,SP-F74A6F2CD7,,1028992,Keen,footwear,Keen Targhee IV WP Low W,2026-05-19,0.0,0.0,1,0,1.0,52.0,0.0,999,30,149.85,0.0,0,0,0,at_market,0,1.0,tier2,71.93,1.15,0.0,0.0,1.2,3.0,0,0.8224,no_match,0.0,movement_reconstructed,0,0.0,0.0,0.0,0.0,0.0,0.0,0.0,1.0,0.0,0.0,0.0,0,HOLD,rds_snapshot_history,0,,,1.0,HOLD,HOLD,0.98,0.98,price is close to market; no urgent pricing intervention is needed,low_stock|weak_competitor_match,business_only_retail_pricing_v1,deterministic_business_heuristic,2026-06-04T19:20:03.676893+00:00,0,0.8431,0.0,0.185,0.0
SP-F74A6F2CD7|2026-05-26,SP-F74A6F2CD7,,1028992,Keen,footwear,Keen Targhee IV WP Low W,2026-05-26,136.6,4.55,0,35,1.0,52.0,0.0,999,30,149.85,0.0,0,0,0,at_market,0,0.0,tier2,71.93,1.15,0.0,0.0,1.2,3.0,0,0.8224,no_match,0.0,movement_reconstructed,0,0.0,0.0,0.0,0.0,0.0,0.0,0.0,1.0,0.0,-14.0,-1.0,7,CLEAR,rds_snapshot_history,0,,,1.0,HOLD,HOLD,0.98,0.98,inventory position is balanced; price is close to market; no urgent pricing intervention is needed,weak_competitor_match|stale_inventory,business_only_retail_pricing_v1,deterministic_business_heuristic,2026-06-04T19:20:03.676893+00:00,1,0.8481,0.3873,0.2382,0.289
SP-F7FAFB8DB4|2026-05-19,SP-F7FAFB8DB4,,IN227297,Nike,apparel,Nike Club Men Lifestyle Hoody Black/White,2026-05-19,0.0,0.0,1,0,1.0,56.29,0.0,999,30,79.57,0.07,1,1,1,above_market,0,1.0,tier1,34.78,1.15,0.0,0.0,1.2,3.0,0,0.8224,same_model_family,0.8852,movement_reconstructed,1,74.0,89.75,126.0,0.0,0.0,0.0,0.0,0.0,0.0,0.0,0.0,0,HOLD,rds_snapshot_history,0,,,1.0,HOLD,HOLD,0.8947,0.8947,no urgent pricing intervention is needed,low_stock,business_only_retail_pricing_v1,deterministic_business_heuristic,2026-06-04T19:20:03.676893+00:00,0,0.6095,0.4647,0.2864,0.0536
SP-F7FAFB8DB4|2026-05-26,SP-F7FAFB8DB4,,IN227297,Nike,apparel,Nike Club Men Lifestyle Hoody Black/White,2026-05-26,66.1,2.2,0,14,1.0,56.29,0.0,999,30,79.57,0.07,1,1,1,above_market,0,0.0,tier1,34.78,1.15,0.0,0.0,1.2,3.0,0,0.8224,same_model_family,0.8754,movement_reconstructed,1,74.0,87.0625,126.0,0.0,0.0,0.0,0.0,0.0,0.0,-55.0,-1.0,7,HOLD,rds_snapshot_history,0,,,1.0,HOLD,HOLD,0.7379,0.7379,inventory position is balanced; no urgent pricing intervention is needed,low_stock,business_only_retail_pricing_v1,deterministic_business_heuristic,2026-06-04T19:20:03.676893+00:00,0,0.8239,0.6847,0.5333,0.3336
SP-F94AB5A280|2026-05-19,SP-F94AB5A280,,IN233573,Nike,accessories,Nike 22 Oz Big Mouth 2.0 Unisex Training Bottle Clear/Black,2026-05-19,0.0,0.0,1,0,1.0,57.42,0.0,999,30,8.83,0.094,1,1,1,above_market,0,1.0,tier1,3.76,1.15,0.0,0.0,1.2,3.0,0,0.8224,same_model_family,0.8478,movement_reconstructed,1,8.0,9.0,10.0,0.0,0.0,0.0,1.0,1.0,0.0,0.0,0.0,0,HOLD,rds_snapshot_history,0,,,1.0,HOLD,HOLD,0.8365,0.8365,no urgent pricing intervention is needed,low_stock,business_only_retail_pricing_v1,deterministic_business_heuristic,2026-06-04T19:20:03.676893+00:00,0,0.5893,0.5078,0.2921,0.0663
SP-F94AB5A280|2026-05-26,SP-F94AB5A280,,IN233573,Nike,accessories,Nike 22 Oz Big Mouth 2.0 Unisex Training Bottle Clear/Black,2026-05-26,45.2,1.51,0,18,1.0,57.42,0.0,999,30,8.83,0.094,1,1,1,above_market,0,0.0,tier1,3.76,1.15,0.0,0.0,1.2,3.0,0,0.8224,same_model_family,0.8367,movement_reconstructed,1,8.0,9.714285714285714,11.0,0.0,0.0,0.0,1.0,1.0,0.0,-14.0,-1.0,7,PROMOTE,rds_snapshot_history,0,,,1.0,MARKDOWN,MARKDOWN,0.55,0.55,priced above market by 9%; competitors are discounting; margin can support a markdown,low_label_confidence,business_only_retail_pricing_v1,deterministic_business_heuristic,2026-06-04T19:20:03.676893+00:00,1,0.7425,0.7278,0.4845,0.3463
SP-FA311BCAB5|2026-05-19,SP-FA311BCAB5,,IN219826,New Balance,other,New Balance Sport Quarter Zip Women Performanc Long Sleeve Black,2026-05-19,0.0,0.0,1,0,1.0,51.75,0.0,999,30,55.86,0.3913,1,1,1,premium,0,1.0,tier1,26.95,1.15,0.0,0.0,1.2,3.0,0,0.8224,same_model_family,0.8885,movement_reconstructed,1,34.0,44.5,55.0,0.0,0.0,0.0,0.5,0.5,0.0,0.0,0.0,0,HOLD,rds_snapshot_history,0,,,1.0,HOLD,HOLD,0.55,0.55,no urgent pricing intervention is needed,low_stock|overpriced|low_label_confidence,business_only_retail_pricing_v1,deterministic_business_heuristic,2026-06-04T19:20:03.676893+00:00,0,0.4831,0.7506,0.2637,0.1326
SP-FA311BCAB5|2026-05-26,SP-FA311BCAB5,,IN219826,New Balance,other,New Balance Sport Quarter Zip Women Performanc Long Sleeve Black,2026-05-26,73.5,2.45,0,9,1.0,51.75,0.0,999,30,55.86,0.3913,1,1,1,premium,0,0.0,tier1,26.95,1.15,0.0,0.0,1.2,3.0,0,0.8224,same_model_family,0.8886,movement_reconstructed,1,34.0,44.5,55.0,0.0,0.0,0.0,0.5,0.5,0.0,-14.0,-1.0,7,HOLD,rds_snapshot_history,0,,,1.0,HOLD,HOLD,0.55,0.55,inventory position is balanced; no urgent pricing intervention is needed,low_stock|overpriced|low_label_confidence,business_only_retail_pricing_v1,deterministic_business_heuristic,2026-06-04T19:20:03.676893+00:00,0,0.6139,0.9706,0.462,0.4126
SP-FAEA6F848F|2026-05-19,SP-FAEA6F848F,,IN224959,ON,apparel,On Club Boxy Women Lifestyle T-Shirt Black,2026-05-19,0.0,0.0,1,0,1.0,59.5,0.0,999,30,73.83,-0.0158,1,1,1,at_market,0,1.0,tier1,29.9,1.15,0.0,0.0,1.2,3.0,0,0.8224,same_model_family,0.7657,movement_reconstructed,1,75.0,103.75,145.0,0.0,0.0,0.0,0.0,0.0,0.0,0.0,0.0,0,HOLD,rds_snapshot_history,0,,,1.0,HOLD,HOLD,0.98,0.98,price is close to market; no urgent pricing intervention is needed,low_stock,business_only_retail_pricing_v1,deterministic_business_heuristic,2026-06-04T19:20:03.676893+00:00,0,0.6431,0.3294,0.295,0.0326
SP-FAEA6F848F|2026-05-26,SP-FAEA6F848F,,IN224959,ON,apparel,On Club Boxy Women Lifestyle T-Shirt Black,2026-05-26,61.4,2.05,0,14,1.0,59.5,0.0,999,30,73.83,-0.0158,1,1,1,at_market,0,0.0,tier1,29.9,1.15,0.0,0.0,1.2,3.0,0,0.8224,same_model_family,0.7572,movement_reconstructed,1,75.0,107.2,145.0,0.0,0.0,0.0,0.0,0.0,0.0,-42.0,-1.0,7,HOLD,rds_snapshot_history,0,,,1.0,HOLD,HOLD,0.955,0.955,inventory position is balanced; price is close to market; no urgent pricing intervention is needed,low_stock,business_only_retail_pricing_v1,deterministic_business_heuristic,2026-06-04T19:20:03.676893+00:00,0,0.8494,0.5494,0.5345,0.3126
SP-FB406DA2F5|2026-05-19,SP-FB406DA2F5,,IN226994,New Balance,footwear,New Balance 237 Women Lifestyle Shoes Sea Salt,2026-05-19,0.0,0.0,1,0,1.0,46.3,0.0,999,30,93.08,-0.0421,1,1,1,at_market,0,1.0,tier1,49.98,1.15,0.0,0.0,1.2,3.0,0,0.8224,same_model_family,0.8099,movement_reconstructed,1,97.0,109.33333333333331,129.0,0.0,0.0,0.0,0.0,0.0,0.0,0.0,0.0,0,HOLD,rds_snapshot_history,0,,,1.0,HOLD,HOLD,0.98,0.98,price is close to market; no urgent pricing intervention is needed,low_stock,business_only_retail_pricing_v1,deterministic_business_heuristic,2026-06-04T19:20:03.676893+00:00,0,0.6431,0.2754,0.2413,0.0326
SP-FB406DA2F5|2026-05-26,SP-FB406DA2F5,,IN226994,New Balance,footwear,New Balance 237 Women Lifestyle Shoes Sea Salt,2026-05-26,111.2,3.71,0,9,1.0,46.3,0.0,999,30,93.08,0.248,1,1,1,premium,0,0.0,tier1,49.98,1.15,0.0,0.0,1.2,3.0,0,0.8224,same_model_family,0.8319,movement_reconstructed,1,70.0,99.10204081632654,129.0,0.0,0.0,0.0,0.0,0.0,0.0,-7.0,-1.0,7,HOLD,rds_snapshot_history,0,,,1.0,HOLD,HOLD,0.55,0.55,inventory position is balanced; no urgent pricing intervention is needed,low_stock|overpriced|low_label_confidence,business_only_retail_pricing_v1,deterministic_business_heuristic,2026-06-04T19:20:03.676893+00:00,0,0.4905,1.0875,0.3079,0.4126
SP-FC59B5B023|2026-05-19,SP-FC59B5B023,,IN233410,ON,sportswear,On Endurance Women Running Bra Iceberg,2026-05-19,0.0,0.0,1,0,1.0,55.7,0.0,999,30,109.02,0.1561,1,1,1,premium,0,1.0,tier1,48.3,1.15,0.0,0.0,1.2,3.0,0,0.8224,same_model_family,0.9087,movement_reconstructed,1,92.0,102.75,115.0,0.0,0.0,0.0,0.0,0.0,0.0,0.0,0.0,0,HOLD,rds_snapshot_history,0,,,1.0,HOLD,HOLD,0.6203,0.6203,no urgent pricing intervention is needed,low_stock|overpriced|low_label_confidence,business_only_retail_pricing_v1,deterministic_business_heuristic,2026-06-04T19:20:03.676893+00:00,0,0.537,0.6679,0.2835,0.0989
SP-FC59B5B023|2026-05-26,SP-FC59B5B023,,IN233410,ON,sportswear,On Endurance Women Running Bra Iceberg,2026-05-26,104.2,3.47,0,12,1.0,55.7,0.0,999,30,109.02,0.1561,1,1,1,premium,0,0.0,tier1,48.3,1.15,0.0,0.0,1.2,3.0,0,0.8224,same_model_family,0.9087,movement_reconstructed,1,92.0,102.75,115.0,0.0,0.0,0.0,0.0,0.0,0.0,-40.0,-1.0,7,HOLD,rds_snapshot_history,0,,,1.0,MARKDOWN,MARKDOWN,0.98,0.98,priced above market by 16%; competitors are discounting; stock cover is elevated (104 DOS),low_stock|overpriced,business_only_retail_pricing_v1,deterministic_business_heuristic,2026-06-04T19:20:03.676893+00:00,1,0.6267,1.018,0.4056,0.3789
SP-FC6ABE238F|2026-05-19,SP-FC6ABE238F,,J1GC2544,Mizuno,footwear,Mizuno Wave Inspire 21,2026-05-19,0.0,0.0,1,0,1.0,50.0,0.0,999,30,155.4,0.0,0,0,0,at_market,0,1.0,tier2,77.7,1.15,0.0,0.0,1.2,3.0,0,0.8224,no_match,0.0,movement_reconstructed,0,0.0,0.0,0.0,0.0,0.0,0.0,1.0,0.0,0.0,0.0,0.0,0,HOLD,rds_snapshot_history,0,,,1.0,HOLD,HOLD,0.98,0.98,price is close to market; no urgent pricing intervention is needed,low_stock|weak_competitor_match,business_only_retail_pricing_v1,deterministic_business_heuristic,2026-06-04T19:20:03.676893+00:00,0,0.8431,0.0,0.175,0.0
SP-FC6ABE238F|2026-05-26,SP-FC6ABE238F,,J1GC2544,Mizuno,footwear,Mizuno Wave Inspire 21,2026-05-26,136.6,4.55,0,42,1.0,50.0,0.0,999,30,155.4,0.0,0,0,0,at_market,0,0.0,tier2,77.7,1.15,0.0,0.0,1.2,3.0,0,0.8224,no_match,0.0,movement_reconstructed,0,0.0,0.0,0.0,0.0,0.0,0.0,1.0,0.0,0.0,-9.0,-1.0,7,CLEAR,rds_snapshot_history,0,,,1.0,HOLD,HOLD,0.98,0.98,inventory position is balanced; price is close to market; no urgent pricing intervention is needed,weak_competitor_match|stale_inventory,business_only_retail_pricing_v1,deterministic_business_heuristic,2026-06-04T19:20:03.676893+00:00,1,0.8481,0.3781,0.2282,0.289
SP-FCD511BE4F|2026-05-19,SP-FCD511BE4F,,IN226965,New Balance,sportswear,New Balance Essential Yoga Women Performance Bra Black,2026-05-19,0.0,0.0,1,0,1.0,61.87,0.0,999,30,75.81,0.2217,0,0,1,premium,0,1.0,tier1,28.91,1.15,0.0,0.0,1.2,3.0,0,0.8224,same_model_family,0.9379,movement_reconstructed,1,59.0,59.0,59.0,0.0,0.0,0.0,0.0,0.0,0.0,0.0,0.0,0,HOLD,rds_snapshot_history,0,,,1.0,HOLD,HOLD,0.8478,0.8478,no urgent pricing intervention is needed,low_stock|overpriced,business_only_retail_pricing_v1,deterministic_business_heuristic,2026-06-04T19:20:03.676893+00:00,0,0.6031,0.4994,0.245,0.0626
SP-FCD511BE4F|2026-05-26,SP-FCD511BE4F,,IN226965,New Balance,sportswear,New Balance Essential Yoga Women Performance Bra Black,2026-05-26,72.5,2.42,0,12,1.0,61.87,0.0,999,30,75.81,0.2217,0,0,1,premium,0,0.0,tier1,28.91,1.15,0.0,0.0,1.2,3.0,0,0.8224,same_model_family,0.9379,movement_reconstructed,1,59.0,59.0,59.0,0.0,0.0,0.0,0.0,0.0,0.0,-18.0,-1.0,7,HOLD,rds_snapshot_history,0,,,1.0,HOLD,HOLD,0.6542,0.6542,inventory position is balanced; no urgent pricing intervention is needed,low_stock|overpriced|low_label_confidence,business_only_retail_pricing_v1,deterministic_business_heuristic,2026-06-04T19:20:03.676893+00:00,0,0.7966,0.7194,0.4732,0.3426
SP-FD095E04D0|2026-05-19,SP-FD095E04D0,,IN232284,Nike,apparel,Nike Air Boys Lifestyle Pant Seaweed/Black/White,2026-05-19,0.0,0.0,1,0,1.0,57.4,0.0,999,30,79.43,0.6601,1,1,1,premium,0,1.0,tier1,33.84,1.15,0.0,0.0,1.2,3.0,0,0.8224,same_model_family,0.8127,movement_reconstructed,1,27.0,39.0,63.0,0.0,0.0,0.0,1.0,1.0,0.0,0.0,0.0,0,HOLD,rds_snapshot_history,0,,,1.0,HOLD,HOLD,0.55,0.55,no urgent pricing intervention is needed,low_stock|overpriced|low_label_confidence,business_only_retail_pricing_v1,deterministic_business_heuristic,2026-06-04T19:20:03.676893+00:00,0,0.4831,0.7767,0.292,0.1326
SP-FD095E04D0|2026-05-26,SP-FD095E04D0,,IN232284,Nike,apparel,Nike Air Boys Lifestyle Pant Seaweed/Black/White,2026-05-26,66.0,2.2,0,14,1.0,57.4,0.0,999,30,79.43,0.6601,1,1,1,premium,0,0.0,tier1,33.84,1.15,0.0,0.0,1.2,3.0,0,0.8224,same_model_family,0.8312,movement_reconstructed,1,27.0,42.42857142857143,63.0,0.0,0.0,0.0,1.0,1.0,0.0091,-14.0,-1.0,7,HOLD,rds_snapshot_history,0,,,1.0,MARKDOWN,MARKDOWN,0.9534,0.9534,priced above market by 66%; competitors are discounting; margin can support a markdown,low_stock|overpriced,business_only_retail_pricing_v1,deterministic_business_heuristic,2026-06-04T19:20:03.676893+00:00,1,0.6979,0.9967,0.5391,0.4126
SP-FEA7F5C6A1|2026-05-19,SP-FEA7F5C6A1,,IN219784,New Balance,sportswear,New Balance Essential Women Performance Bra Olivine,2026-05-19,0.0,0.0,1,0,1.0,49.08,0.0,999,30,46.19,-0.0392,1,1,1,at_market,0,1.0,tier1,23.52,1.15,0.0,0.0,1.2,3.0,0,0.8224,same_model_family,0.9325,movement_reconstructed,1,48.0,51.5,55.0,0.0,0.0,0.0,0.0,0.0,0.0,0.0,0.0,0,HOLD,rds_snapshot_history,0,,,1.0,HOLD,HOLD,0.98,0.98,price is close to market; no urgent pricing intervention is needed,low_stock,business_only_retail_pricing_v1,deterministic_business_heuristic,2026-06-04T19:20:03.676893+00:00,0,0.6431,0.2883,0.2541,0.0326
SP-FEA7F5C6A1|2026-05-26,SP-FEA7F5C6A1,,IN219784,New Balance,sportswear,New Balance Essential Women Performance Bra Olivine,2026-05-26,58.8,1.96,0,12,1.0,49.08,0.0,999,30,46.19,-0.0392,1,1,1,at_market,0,0.0,tier1,23.52,1.15,0.0,0.0,1.2,3.0,0,0.8224,same_model_family,0.9231,movement_reconstructed,1,48.0,52.2,55.0,0.0,0.0,0.0,0.5,0.5,0.2858,-9.0,-1.0,0,HOLD,rds_snapshot_history,0,,,1.0,HOLD,HOLD,0.98,0.98,inventory position is balanced; price is close to market; no urgent pricing intervention is needed,low_stock,business_only_retail_pricing_v1,deterministic_business_heuristic,2026-06-04T19:20:03.676893+00:00,0,0.8409,0.5083,0.486,0.3126
SP-FF9B4B4F9C|2026-05-19,SP-FF9B4B4F9C,,KD7980,Adidas,apparel,"3 Stripes Slim T-Shirt, Black",2026-05-19,0.0,0.0,1,0,1.0,51.67,0.0,999,30,53.63,-0.1374,1,1,2,below_market,0,1.0,tier1,25.92,1.15,0.0,0.0,1.2,3.0,0,0.8224,exact_style,0.7671,movement_reconstructed,1,61.0,26.4168,54.0,0.0,0.0,0.0,1.0,1.0,0.0,0.0,0.0,0,HOLD,rds_snapshot_history,0,,,1.0,HOLD,HOLD,0.98,0.98,no urgent pricing intervention is needed,low_stock,business_only_retail_pricing_v1,deterministic_business_heuristic,2026-06-04T19:20:03.676893+00:00,0,0.7331,0.1002,0.3213,0.0
SP-FF9B4B4F9C|2026-05-26,SP-FF9B4B4F9C,,KD7980,Adidas,apparel,"3 Stripes Slim T-Shirt, Black",2026-05-26,43.5,1.45,0,14,1.0,51.67,0.0,999,30,53.63,-0.1374,1,0,2,below_market,0,0.0,tier1,25.92,1.15,0.0,0.0,1.2,3.0,0,0.8224,exact_style,0.7713,movement_reconstructed,1,61.0,24.7002,54.0,0.0,0.0,0.0,1.0,1.0,0.0,-14.0,-1.0,7,HOLD,rds_snapshot_history,0,,,1.0,HOLD,HOLD,0.98,0.98,inventory position is balanced; no urgent pricing intervention is needed,low_stock,business_only_retail_pricing_v1,deterministic_business_heuristic,2026-06-04T19:20:03.676893+00:00,0,0.8808,0.4202,0.4838,0.2776
