tenant_id,variant_id,sku_id,style_code,brand,product_name,category,gender_target,season,product_created_at,variant_created_at,cost_price_usd,retail_price_usd,current_stock,initial_stock,style_key,sku_key,brand_key,name_key,brand_normalized,style_code_normalized,category_normalized,gender_normalized,catalog_product_name,week_of,competitor_min_price_usd,competitor_avg_price_usd,competitor_max_price_usd,num_competitors,competitors_on_sale_count,competitors_out_of_stock_count,match_type,match_score,matched_products_count,has_competitor_data,inventory_history_quality,total_qty,simulated_peak_stock,sales_units_last_28d,avg_daily_sales_28d,sell_through_proxy,days_since_launch,days_since_last_discount,days_at_current_price,state_id
00000000-0000-0000-0000-000000000001,ed497a97-cd89-4ebd-a47a-8f1a29637e8a,SP-6A627AE57E,ID8764,Adidas,Adidas Galaxy 7 Women Running Shoes Black,footwear,women,core,2026-05-29 20:40:54.077393+00:00,2026-05-29 20:40:54.077393+00:00,38.4,81.96,12,12,id8764,sp6a627ae57e,adidas,adidas galaxy 7 women running shoes black,ADIDAS,ID8764,footwear,women,Adidas Galaxy 7 Women Running Shoes Black,2026-05-26,62.0,2400052.4,7200000.0,2,1,1,exact_style,0.8236,15.0,1,movement_reconstructed,12,12,0.0,0.0,0.0,0,999,30,SP-6A627AE57E|2026-05-26
00000000-0000-0000-0000-000000000001,ed497a97-cd89-4ebd-a47a-8f1a29637e8a,SP-6A627AE57E,ID8764,Adidas,Adidas Galaxy 7 Women Running Shoes Black,footwear,women,core,2026-05-29 20:40:54.077393+00:00,2026-05-29 20:40:54.077393+00:00,38.4,81.96,12,12,id8764,sp6a627ae57e,adidas,adidas galaxy 7 women running shoes black,ADIDAS,ID8764,footwear,women,Adidas Galaxy 7 Women Running Shoes Black,2026-06-02,0.0,0.0,0.0,0,0,0,no_match,0.0,,0,movement_reconstructed,12,12,0.0,0.0,0.0,3,999,30,SP-6A627AE57E|2026-06-02
00000000-0000-0000-0000-000000000001,b822fc28-3efd-4528-b435-c215032a4a6d,SP-73E4C8CC61,ID3488,Adidas,"4Dfwd 3 Running Shoes, Black",footwear,men,core,2026-05-29 20:40:54.077393+00:00,2026-05-29 20:40:54.077393+00:00,76.32,157.46,9,9,id3488,sp73e4c8cc61,adidas,"4dfwd 3 running shoes, black",ADIDAS,ID3488,footwear,men,"4Dfwd 3 Running Shoes, Black",2026-05-26,160.0,160.0,160.0,1,1,1,similar_product,0.8018,1.0,1,movement_reconstructed,9,9,0.0,0.0,0.0,0,999,30,SP-73E4C8CC61|2026-05-26
00000000-0000-0000-0000-000000000001,b822fc28-3efd-4528-b435-c215032a4a6d,SP-73E4C8CC61,ID3488,Adidas,"4Dfwd 3 Running Shoes, Black",footwear,men,core,2026-05-29 20:40:54.077393+00:00,2026-05-29 20:40:54.077393+00:00,76.32,157.46,9,9,id3488,sp73e4c8cc61,adidas,"4dfwd 3 running shoes, black",ADIDAS,ID3488,footwear,men,"4Dfwd 3 Running Shoes, Black",2026-06-02,0.0,0.0,0.0,0,0,0,no_match,0.0,,0,movement_reconstructed,9,9,0.0,0.0,0.0,3,999,30,SP-73E4C8CC61|2026-06-02
00000000-0000-0000-0000-000000000001,da96f6a1-4740-4e41-8257-09e301b72785,SP-DEECA186E7,ID3491,Adidas,"4Dfwd 3 Running Shoes, Black",footwear,men,core,2026-05-29 20:40:54.077393+00:00,2026-05-29 20:40:54.077393+00:00,60.96,139.54,9,9,id3491,spdeeca186e7,adidas,"4dfwd 3 running shoes, black",ADIDAS,ID3491,footwear,men,"4Dfwd 3 Running Shoes, Black",2026-05-26,121.0,127.33333333333333,135.0,1,0,1,similar_product,0.7645,3.0,1,movement_reconstructed,9,9,0.0,0.0,0.0,0,999,30,SP-DEECA186E7|2026-05-26
00000000-0000-0000-0000-000000000001,da96f6a1-4740-4e41-8257-09e301b72785,SP-DEECA186E7,ID3491,Adidas,"4Dfwd 3 Running Shoes, Black",footwear,men,core,2026-05-29 20:40:54.077393+00:00,2026-05-29 20:40:54.077393+00:00,60.96,139.54,9,9,id3491,spdeeca186e7,adidas,"4dfwd 3 running shoes, black",ADIDAS,ID3491,footwear,men,"4Dfwd 3 Running Shoes, Black",2026-06-02,0.0,0.0,0.0,0,0,0,no_match,0.0,,0,movement_reconstructed,9,9,0.0,0.0,0.0,3,999,30,SP-DEECA186E7|2026-06-02
00000000-0000-0000-0000-000000000001,20d315c3-6c5c-4d42-bcd2-8ddc6097f642,SP-745B1972AB,IG8995,Adidas,"4Dfwd 3 Running Shoes, Black",footwear,women,core,2026-05-29 20:40:54.077393+00:00,2026-05-29 20:40:54.077393+00:00,99.36,255.18,11,11,ig8995,sp745b1972ab,adidas,"4dfwd 3 running shoes, black",ADIDAS,IG8995,footwear,women,"4Dfwd 3 Running Shoes, Black",2026-05-26,18630000.0,18630000.0,18630000.0,1,1,0,exact_style,1.0,1.0,1,movement_reconstructed,11,11,0.0,0.0,0.0,0,999,30,SP-745B1972AB|2026-05-26
00000000-0000-0000-0000-000000000001,20d315c3-6c5c-4d42-bcd2-8ddc6097f642,SP-745B1972AB,IG8995,Adidas,"4Dfwd 3 Running Shoes, Black",footwear,women,core,2026-05-29 20:40:54.077393+00:00,2026-05-29 20:40:54.077393+00:00,99.36,255.18,11,11,ig8995,sp745b1972ab,adidas,"4dfwd 3 running shoes, black",ADIDAS,IG8995,footwear,women,"4Dfwd 3 Running Shoes, Black",2026-06-02,0.0,0.0,0.0,0,0,0,no_match,0.0,,0,movement_reconstructed,11,11,0.0,0.0,0.0,3,999,30,SP-745B1972AB|2026-06-02
00000000-0000-0000-0000-000000000001,f817d9ee-181a-470a-a460-a92956a0d36b,SP-485BDE7E2C,IG8996,Adidas,"4Dfwd 3 Running Shoes, Black",footwear,women,core,2026-05-29 20:40:54.077393+00:00,2026-05-29 20:40:54.077393+00:00,99.36,224.87,9,9,ig8996,sp485bde7e2c,adidas,"4dfwd 3 running shoes, black",ADIDAS,IG8996,footwear,women,"4Dfwd 3 Running Shoes, Black",2026-05-26,18630000.0,18630000.0,18630000.0,1,1,0,exact_style,1.0,1.0,1,movement_reconstructed,9,9,0.0,0.0,0.0,0,999,30,SP-485BDE7E2C|2026-05-26
00000000-0000-0000-0000-000000000001,f817d9ee-181a-470a-a460-a92956a0d36b,SP-485BDE7E2C,IG8996,Adidas,"4Dfwd 3 Running Shoes, Black",footwear,women,core,2026-05-29 20:40:54.077393+00:00,2026-05-29 20:40:54.077393+00:00,99.36,224.87,9,9,ig8996,sp485bde7e2c,adidas,"4dfwd 3 running shoes, black",ADIDAS,IG8996,footwear,women,"4Dfwd 3 Running Shoes, Black",2026-06-02,0.0,0.0,0.0,0,0,0,no_match,0.0,,0,movement_reconstructed,9,9,0.0,0.0,0.0,3,999,30,SP-485BDE7E2C|2026-06-02
00000000-0000-0000-0000-000000000001,b6128810-85df-42e0-ad65-7c7da998f8dd,SP-545229B88B,IG8980,Adidas,"4Dfwd 3 Running Shoes, Grey",footwear,men,core,2026-05-29 20:40:54.077393+00:00,2026-05-29 20:40:54.077393+00:00,76.32,171.5,11,11,ig8980,sp545229b88b,adidas,"4dfwd 3 running shoes, grey",ADIDAS,IG8980,footwear,men,"4Dfwd 3 Running Shoes, Grey",2026-05-26,166.0,7155083.0,14310000.0,2,2,0,exact_style,1.0,2.0,1,movement_reconstructed,11,11,0.0,0.0,0.0,0,999,30,SP-545229B88B|2026-05-26
00000000-0000-0000-0000-000000000001,b6128810-85df-42e0-ad65-7c7da998f8dd,SP-545229B88B,IG8980,Adidas,"4Dfwd 3 Running Shoes, Grey",footwear,men,core,2026-05-29 20:40:54.077393+00:00,2026-05-29 20:40:54.077393+00:00,76.32,171.5,11,11,ig8980,sp545229b88b,adidas,"4dfwd 3 running shoes, grey",ADIDAS,IG8980,footwear,men,"4Dfwd 3 Running Shoes, Grey",2026-06-02,0.0,0.0,0.0,0,0,0,no_match,0.0,,0,movement_reconstructed,11,11,0.0,0.0,0.0,3,999,30,SP-545229B88B|2026-06-02
00000000-0000-0000-0000-000000000001,2b592a79-8648-45cc-94c1-7f74a5c94029,SP-BEDB9977CB,ID8882,Adidas,"4Dfwd 4 Running Shoes, Black",footwear,women,core,2026-05-29 20:40:54.077393+00:00,2026-05-29 20:40:54.077393+00:00,76.32,154.0,12,12,id8882,spbedb9977cb,adidas,"4dfwd 4 running shoes, black",ADIDAS,ID8882,footwear,women,"4Dfwd 4 Running Shoes, Black",2026-05-26,14310000.0,14310000.0,14310000.0,1,1,0,exact_style,1.0,1.0,1,movement_reconstructed,12,12,0.0,0.0,0.0,0,999,30,SP-BEDB9977CB|2026-05-26
00000000-0000-0000-0000-000000000001,2b592a79-8648-45cc-94c1-7f74a5c94029,SP-BEDB9977CB,ID8882,Adidas,"4Dfwd 4 Running Shoes, Black",footwear,women,core,2026-05-29 20:40:54.077393+00:00,2026-05-29 20:40:54.077393+00:00,76.32,154.0,12,12,id8882,spbedb9977cb,adidas,"4dfwd 4 running shoes, black",ADIDAS,ID8882,footwear,women,"4Dfwd 4 Running Shoes, Black",2026-06-02,0.0,0.0,0.0,0,0,0,no_match,0.0,,0,movement_reconstructed,12,12,0.0,0.0,0.0,3,999,30,SP-BEDB9977CB|2026-06-02
00000000-0000-0000-0000-000000000001,f4d582e5-16c5-4208-bcc8-be27655727af,SP-0D8F9A9ADA,ID8311,Adidas,"4Dfwd 4 Running Shoes, White",footwear,women,core,2026-05-29 20:40:54.077393+00:00,2026-05-29 20:40:54.077393+00:00,99.36,182.95,10,10,id8311,sp0d8f9a9ada,adidas,"4dfwd 4 running shoes, white",ADIDAS,ID8311,footwear,women,"4Dfwd 4 Running Shoes, White",2026-05-26,18630000.0,18630000.0,18630000.0,1,1,0,exact_style,1.0,1.0,1,movement_reconstructed,10,10,0.0,0.0,0.0,0,999,30,SP-0D8F9A9ADA|2026-05-26
00000000-0000-0000-0000-000000000001,f4d582e5-16c5-4208-bcc8-be27655727af,SP-0D8F9A9ADA,ID8311,Adidas,"4Dfwd 4 Running Shoes, White",footwear,women,core,2026-05-29 20:40:54.077393+00:00,2026-05-29 20:40:54.077393+00:00,99.36,182.95,10,10,id8311,sp0d8f9a9ada,adidas,"4dfwd 4 running shoes, white",ADIDAS,ID8311,footwear,women,"4Dfwd 4 Running Shoes, White",2026-06-02,0.0,0.0,0.0,0,0,0,no_match,0.0,,0,movement_reconstructed,10,10,0.0,0.0,0.0,3,999,30,SP-0D8F9A9ADA|2026-06-02
00000000-0000-0000-0000-000000000001,40fe5722-0bc7-41c4-b53e-86a046b804df,SP-9DB6B598F6,ID8887,Adidas,"4Dfwd 4 Running Shoes, White",footwear,men,core,2026-05-29 20:40:54.077393+00:00,2026-05-29 20:40:54.077393+00:00,60.96,145.33,12,12,id8887,sp9db6b598f6,adidas,"4dfwd 4 running shoes, white",ADIDAS,ID8887,footwear,men,"4Dfwd 4 Running Shoes, White",2026-05-26,11430000.0,11430000.0,11430000.0,1,1,0,exact_style,1.0,1.0,1,movement_reconstructed,12,12,0.0,0.0,0.0,0,999,30,SP-9DB6B598F6|2026-05-26
00000000-0000-0000-0000-000000000001,40fe5722-0bc7-41c4-b53e-86a046b804df,SP-9DB6B598F6,ID8887,Adidas,"4Dfwd 4 Running Shoes, White",footwear,men,core,2026-05-29 20:40:54.077393+00:00,2026-05-29 20:40:54.077393+00:00,60.96,145.33,12,12,id8887,sp9db6b598f6,adidas,"4dfwd 4 running shoes, white",ADIDAS,ID8887,footwear,men,"4Dfwd 4 Running Shoes, White",2026-06-02,0.0,0.0,0.0,0,0,0,no_match,0.0,,0,movement_reconstructed,12,12,0.0,0.0,0.0,3,999,30,SP-9DB6B598F6|2026-06-02
00000000-0000-0000-0000-000000000001,32cbcff7-9e45-4b7b-a43a-a7f99a653427,SP-F272E0B3EC,IN236717,Crocs,Crocs All Day Men Lifestyle Slippers Black,footwear,men,core,2026-05-29 20:40:54.077393+00:00,2026-05-29 20:40:54.077393+00:00,18.72,39.39,12,12,in236717,spf272e0b3ec,crocs,crocs all day men lifestyle slippers black,CROCS,IN236717,lifestyle,men,Crocs All Day Men Lifestyle Slippers Black,2026-05-26,36.0,36.0,36.0,1,0,0,same_model_family,0.9759,2.0,1,movement_reconstructed,12,12,0.0,0.0,0.0,0,999,30,SP-F272E0B3EC|2026-05-26
00000000-0000-0000-0000-000000000001,32cbcff7-9e45-4b7b-a43a-a7f99a653427,SP-F272E0B3EC,IN236717,Crocs,Crocs All Day Men Lifestyle Slippers Black,footwear,men,core,2026-05-29 20:40:54.077393+00:00,2026-05-29 20:40:54.077393+00:00,18.72,39.39,12,12,in236717,spf272e0b3ec,crocs,crocs all day men lifestyle slippers black,CROCS,IN236717,lifestyle,men,Crocs All Day Men Lifestyle Slippers Black,2026-06-02,0.0,0.0,0.0,0,0,0,no_match,0.0,,0,movement_reconstructed,12,12,0.0,0.0,0.0,3,999,30,SP-F272E0B3EC|2026-06-02
00000000-0000-0000-0000-000000000001,82a850b5-0ba2-4d75-aae2-983a9dbb5993,SP-26CA5937C8,IN236719,Crocs,Crocs All Day Men Lifestyle Slippers Navy,footwear,men,core,2026-05-29 20:40:54.077393+00:00,2026-05-29 20:40:54.077393+00:00,18.72,44.51,12,12,in236719,sp26ca5937c8,crocs,crocs all day men lifestyle slippers navy,CROCS,IN236719,lifestyle,men,Crocs All Day Men Lifestyle Slippers Navy,2026-05-26,42.0,42.0,42.0,1,0,1,same_model_family,0.8264,2.0,1,movement_reconstructed,12,12,0.0,0.0,0.0,0,999,30,SP-26CA5937C8|2026-05-26
00000000-0000-0000-0000-000000000001,82a850b5-0ba2-4d75-aae2-983a9dbb5993,SP-26CA5937C8,IN236719,Crocs,Crocs All Day Men Lifestyle Slippers Navy,footwear,men,core,2026-05-29 20:40:54.077393+00:00,2026-05-29 20:40:54.077393+00:00,18.72,44.51,12,12,in236719,sp26ca5937c8,crocs,crocs all day men lifestyle slippers navy,CROCS,IN236719,lifestyle,men,Crocs All Day Men Lifestyle Slippers Navy,2026-06-02,0.0,0.0,0.0,0,0,0,no_match,0.0,,0,movement_reconstructed,12,12,0.0,0.0,0.0,3,999,30,SP-26CA5937C8|2026-06-02
00000000-0000-0000-0000-000000000001,9974de1e-6675-45ad-9d2a-1869b9d62390,SP-CA4D78ABDF,IN236714,Crocs,Crocs All Day Women Lifestyle Slippers Black,footwear,women,core,2026-05-29 20:40:54.077393+00:00,2026-05-29 20:40:54.077393+00:00,18.72,36.75,10,10,in236714,spca4d78abdf,crocs,crocs all day women lifestyle slippers black,CROCS,IN236714,lifestyle,women,Crocs All Day Women Lifestyle Slippers Black,2026-05-26,34.0,36.611111111111114,39.0,1,1,1,same_model_family,0.8081,36.0,1,movement_reconstructed,10,10,0.0,0.0,0.0,0,999,30,SP-CA4D78ABDF|2026-05-26
00000000-0000-0000-0000-000000000001,9974de1e-6675-45ad-9d2a-1869b9d62390,SP-CA4D78ABDF,IN236714,Crocs,Crocs All Day Women Lifestyle Slippers Black,footwear,women,core,2026-05-29 20:40:54.077393+00:00,2026-05-29 20:40:54.077393+00:00,18.72,36.75,10,10,in236714,spca4d78abdf,crocs,crocs all day women lifestyle slippers black,CROCS,IN236714,lifestyle,women,Crocs All Day Women Lifestyle Slippers Black,2026-06-02,0.0,0.0,0.0,0,0,0,no_match,0.0,,0,movement_reconstructed,10,10,0.0,0.0,0.0,3,999,30,SP-CA4D78ABDF|2026-06-02
00000000-0000-0000-0000-000000000001,627bcdeb-6d3d-45aa-8e0d-ca7ae6ab473b,SP-0A0C5718B8,IN236716,Crocs,Crocs All Day Women Lifestyle Slippers Powder Pink,footwear,women,core,2026-05-29 20:40:54.077393+00:00,2026-05-29 20:40:54.077393+00:00,18.72,44.63,9,9,in236716,sp0a0c5718b8,crocs,crocs all day women lifestyle slippers powder pink,CROCS,IN236716,lifestyle,women,Crocs All Day Women Lifestyle Slippers Powder Pink,2026-05-26,42.0,47.1,55.0,1,1,1,similar_product,0.7288,10.0,1,movement_reconstructed,9,9,0.0,0.0,0.0,0,999,30,SP-0A0C5718B8|2026-05-26
00000000-0000-0000-0000-000000000001,627bcdeb-6d3d-45aa-8e0d-ca7ae6ab473b,SP-0A0C5718B8,IN236716,Crocs,Crocs All Day Women Lifestyle Slippers Powder Pink,footwear,women,core,2026-05-29 20:40:54.077393+00:00,2026-05-29 20:40:54.077393+00:00,18.72,44.63,9,9,in236716,sp0a0c5718b8,crocs,crocs all day women lifestyle slippers powder pink,CROCS,IN236716,lifestyle,women,Crocs All Day Women Lifestyle Slippers Powder Pink,2026-06-02,0.0,0.0,0.0,0,0,0,no_match,0.0,,0,movement_reconstructed,9,9,0.0,0.0,0.0,3,999,30,SP-0A0C5718B8|2026-06-02
00000000-0000-0000-0000-000000000001,604247a4-0ce0-42d9-b87e-c3b3b79616e8,SP-22ED3EE46C,IN206521,Crocs,Crocs All Terrain Kids Lifestyle Sandals Storm,footwear,kids,core,2026-05-29 20:40:54.077393+00:00,2026-05-29 20:40:54.077393+00:00,15.08,32.41,9,9,in206521,sp22ed3ee46c,crocs,crocs all terrain kids lifestyle sandals storm,CROCS,IN206521,kids,kids,Crocs All Terrain Kids Lifestyle Sandals Storm,2026-05-26,0.0,0.0,0.0,0,0,0,no_match,0.0,,0,movement_reconstructed,9,9,0.0,0.0,0.0,0,999,30,SP-22ED3EE46C|2026-05-26
00000000-0000-0000-0000-000000000001,604247a4-0ce0-42d9-b87e-c3b3b79616e8,SP-22ED3EE46C,IN206521,Crocs,Crocs All Terrain Kids Lifestyle Sandals Storm,footwear,kids,core,2026-05-29 20:40:54.077393+00:00,2026-05-29 20:40:54.077393+00:00,15.08,32.41,9,9,in206521,sp22ed3ee46c,crocs,crocs all terrain kids lifestyle sandals storm,CROCS,IN206521,kids,kids,Crocs All Terrain Kids Lifestyle Sandals Storm,2026-06-02,0.0,0.0,0.0,0,0,0,no_match,0.0,,0,movement_reconstructed,9,9,0.0,0.0,0.0,3,999,30,SP-22ED3EE46C|2026-06-02
00000000-0000-0000-0000-000000000001,fb817557-93f4-4ef9-8731-dbb04af1e105,SP-1EFF62AD3C,IN164432,Crocs,Crocs Bae Clog Women Lifestyle Black,footwear,women,core,2026-05-29 20:40:54.077393+00:00,2026-05-29 20:40:54.077393+00:00,43.68,83.16,10,10,in164432,sp1eff62ad3c,crocs,crocs bae clog women lifestyle black,CROCS,IN164432,footwear,women,Crocs Bae Clog Women Lifestyle Black,2026-05-26,48.0,74.2,90.0,1,1,0,same_model_family,0.8503,5.0,1,movement_reconstructed,10,10,0.0,0.0,0.0,0,999,30,SP-1EFF62AD3C|2026-05-26
00000000-0000-0000-0000-000000000001,fb817557-93f4-4ef9-8731-dbb04af1e105,SP-1EFF62AD3C,IN164432,Crocs,Crocs Bae Clog Women Lifestyle Black,footwear,women,core,2026-05-29 20:40:54.077393+00:00,2026-05-29 20:40:54.077393+00:00,43.68,83.16,10,10,in164432,sp1eff62ad3c,crocs,crocs bae clog women lifestyle black,CROCS,IN164432,footwear,women,Crocs Bae Clog Women Lifestyle Black,2026-06-02,0.0,0.0,0.0,0,0,0,no_match,0.0,,0,movement_reconstructed,10,10,0.0,0.0,0.0,3,999,30,SP-1EFF62AD3C|2026-06-02
00000000-0000-0000-0000-000000000001,df3149ff-a294-4068-b55b-5b8266e40d49,SP-B3F68BA4E6,IN221082,Crocs,Crocs Bae Clog Women Lifestyle Dragon Fruit,footwear,women,core,2026-05-29 20:40:54.077393+00:00,2026-05-29 20:40:54.077393+00:00,43.68,84.2,10,10,in221082,spb3f68ba4e6,crocs,crocs bae clog women lifestyle dragon fruit,CROCS,IN221082,footwear,women,Crocs Bae Clog Women Lifestyle Dragon Fruit,2026-05-26,84.0,84.0,84.0,1,0,0,same_model_family,0.98,1.0,1,movement_reconstructed,10,10,0.0,0.0,0.0,0,999,30,SP-B3F68BA4E6|2026-05-26
00000000-0000-0000-0000-000000000001,df3149ff-a294-4068-b55b-5b8266e40d49,SP-B3F68BA4E6,IN221082,Crocs,Crocs Bae Clog Women Lifestyle Dragon Fruit,footwear,women,core,2026-05-29 20:40:54.077393+00:00,2026-05-29 20:40:54.077393+00:00,43.68,84.2,10,10,in221082,spb3f68ba4e6,crocs,crocs bae clog women lifestyle dragon fruit,CROCS,IN221082,footwear,women,Crocs Bae Clog Women Lifestyle Dragon Fruit,2026-06-02,0.0,0.0,0.0,0,0,0,no_match,0.0,,0,movement_reconstructed,10,10,0.0,0.0,0.0,3,999,30,SP-B3F68BA4E6|2026-06-02
00000000-0000-0000-0000-000000000001,1be3aa3f-ac1e-4c46-8ea9-06153f802dda,SP-579FCCF26F,IN221081,Crocs,Crocs Bae Clog Women Lifestyle Kiwi,footwear,women,core,2026-05-29 20:40:54.077393+00:00,2026-05-29 20:40:54.077393+00:00,43.68,81.46,10,10,in221081,sp579fccf26f,crocs,crocs bae clog women lifestyle kiwi,CROCS,IN221081,footwear,women,Crocs Bae Clog Women Lifestyle Kiwi,2026-05-26,84.0,84.0,84.0,1,0,0,same_model_family,0.98,1.0,1,movement_reconstructed,10,10,0.0,0.0,0.0,0,999,30,SP-579FCCF26F|2026-05-26
00000000-0000-0000-0000-000000000001,1be3aa3f-ac1e-4c46-8ea9-06153f802dda,SP-579FCCF26F,IN221081,Crocs,Crocs Bae Clog Women Lifestyle Kiwi,footwear,women,core,2026-05-29 20:40:54.077393+00:00,2026-05-29 20:40:54.077393+00:00,43.68,81.46,10,10,in221081,sp579fccf26f,crocs,crocs bae clog women lifestyle kiwi,CROCS,IN221081,footwear,women,Crocs Bae Clog Women Lifestyle Kiwi,2026-06-02,0.0,0.0,0.0,0,0,0,no_match,0.0,,0,movement_reconstructed,10,10,0.0,0.0,0.0,3,999,30,SP-579FCCF26F|2026-06-02
00000000-0000-0000-0000-000000000001,de96a0fa-11b7-4bbd-a537-845d6140068b,SP-09E55BAC3E,,Adidas,2024 Copa Gloro2,football_boots,unisex,core,2026-05-29 20:40:54.077393+00:00,2026-05-29 20:40:54.077393+00:00,33.6,65.57,8,8,,sp09e55bac3e,adidas,2024 copa gloro2,ADIDAS,,football_boots,unisex,2024 Copa Gloro2,2026-05-26,0.0,0.0,0.0,0,0,0,no_match,0.0,,0,movement_reconstructed,8,8,0.0,0.0,0.0,0,999,30,SP-09E55BAC3E|2026-05-26
00000000-0000-0000-0000-000000000001,de96a0fa-11b7-4bbd-a537-845d6140068b,SP-09E55BAC3E,,Adidas,2024 Copa Gloro2,football_boots,unisex,core,2026-05-29 20:40:54.077393+00:00,2026-05-29 20:40:54.077393+00:00,33.6,65.57,8,8,,sp09e55bac3e,adidas,2024 copa gloro2,ADIDAS,,football_boots,unisex,2024 Copa Gloro2,2026-06-02,0.0,0.0,0.0,0,0,0,no_match,0.0,,0,movement_reconstructed,8,8,0.0,0.0,0.0,3,999,30,SP-09E55BAC3E|2026-06-02
00000000-0000-0000-0000-000000000001,fb43fc14-8770-4a03-82cb-f37c63529337,SP-79E8A2816E,,Adidas,2024 Copa Gloro2 FG 39-45,football_boots,unisex,core,2026-05-29 20:40:54.077393+00:00,2026-05-29 20:40:54.077393+00:00,36.0,82.09,8,8,,sp79e8a2816e,adidas,2024 copa gloro2 fg 39 45,ADIDAS,,football_boots,unisex,2024 Copa Gloro2 FG 39-45,2026-05-26,0.0,0.0,0.0,0,0,0,no_match,0.0,,0,movement_reconstructed,8,8,0.0,0.0,0.0,0,999,30,SP-79E8A2816E|2026-05-26
00000000-0000-0000-0000-000000000001,fb43fc14-8770-4a03-82cb-f37c63529337,SP-79E8A2816E,,Adidas,2024 Copa Gloro2 FG 39-45,football_boots,unisex,core,2026-05-29 20:40:54.077393+00:00,2026-05-29 20:40:54.077393+00:00,36.0,82.09,8,8,,sp79e8a2816e,adidas,2024 copa gloro2 fg 39 45,ADIDAS,,football_boots,unisex,2024 Copa Gloro2 FG 39-45,2026-06-02,0.0,0.0,0.0,0,0,0,no_match,0.0,,0,movement_reconstructed,8,8,0.0,0.0,0.0,3,999,30,SP-79E8A2816E|2026-06-02
00000000-0000-0000-0000-000000000001,2cd5e4bf-0538-480b-973f-fde63255513f,SP-3350E7D69E,,Adidas,ADIDAS COPA PURE II+ FG BOOTS39+45,football_boots,unisex,core,2026-05-29 20:40:54.077393+00:00,2026-05-29 20:40:54.077393+00:00,36.0,83.85,8,8,,sp3350e7d69e,adidas,adidas copa pure ii+ fg boots39+45,ADIDAS,,football_boots,unisex,ADIDAS COPA PURE II+ FG BOOTS39+45,2026-05-26,0.0,0.0,0.0,0,0,0,no_match,0.0,,0,movement_reconstructed,8,8,0.0,0.0,0.0,0,999,30,SP-3350E7D69E|2026-05-26
00000000-0000-0000-0000-000000000001,2cd5e4bf-0538-480b-973f-fde63255513f,SP-3350E7D69E,,Adidas,ADIDAS COPA PURE II+ FG BOOTS39+45,football_boots,unisex,core,2026-05-29 20:40:54.077393+00:00,2026-05-29 20:40:54.077393+00:00,36.0,83.85,8,8,,sp3350e7d69e,adidas,adidas copa pure ii+ fg boots39+45,ADIDAS,,football_boots,unisex,ADIDAS COPA PURE II+ FG BOOTS39+45,2026-06-02,0.0,0.0,0.0,0,0,0,no_match,0.0,,0,movement_reconstructed,8,8,0.0,0.0,0.0,3,999,30,SP-3350E7D69E|2026-06-02
00000000-0000-0000-0000-000000000001,8862cb66-4243-4472-b5ec-c2d20ca8c296,SP-404E26F96A,,Nike,35-45 Nike Air Zoom Mercurial Superfly IX Elite FG,football_boots,unisex,core,2026-05-29 20:40:54.077393+00:00,2026-05-29 20:40:54.077393+00:00,31.02,67.88,10,10,,sp404e26f96a,nike,35 45 nike air zoom mercurial superfly ix elite fg,NIKE,,football_boots,unisex,35-45 Nike Air Zoom Mercurial Superfly IX Elite FG,2026-05-26,0.0,0.0,0.0,0,0,0,no_match,0.0,,0,movement_reconstructed,10,10,0.0,0.0,0.0,0,999,30,SP-404E26F96A|2026-05-26
00000000-0000-0000-0000-000000000001,8862cb66-4243-4472-b5ec-c2d20ca8c296,SP-404E26F96A,,Nike,35-45 Nike Air Zoom Mercurial Superfly IX Elite FG,football_boots,unisex,core,2026-05-29 20:40:54.077393+00:00,2026-05-29 20:40:54.077393+00:00,31.02,67.88,10,10,,sp404e26f96a,nike,35 45 nike air zoom mercurial superfly ix elite fg,NIKE,,football_boots,unisex,35-45 Nike Air Zoom Mercurial Superfly IX Elite FG,2026-06-02,0.0,0.0,0.0,0,0,0,no_match,0.0,,0,movement_reconstructed,10,10,0.0,0.0,0.0,3,999,30,SP-404E26F96A|2026-06-02
00000000-0000-0000-0000-000000000001,178639bd-093c-49d9-8cb0-e0a661d3b609,SP-7BE0A2526A,,Nike,35-45 Nike Air Zoom Mercurial Superfly IX Elite FG6,football_boots,unisex,core,2026-05-29 20:40:54.077393+00:00,2026-05-29 20:40:54.077393+00:00,32.9,76.67,10,10,,sp7be0a2526a,nike,35 45 nike air zoom mercurial superfly ix elite fg6,NIKE,,football_boots,unisex,35-45 Nike Air Zoom Mercurial Superfly IX Elite FG6,2026-05-26,0.0,0.0,0.0,0,0,0,no_match,0.0,,0,movement_reconstructed,10,10,0.0,0.0,0.0,0,999,30,SP-7BE0A2526A|2026-05-26
00000000-0000-0000-0000-000000000001,178639bd-093c-49d9-8cb0-e0a661d3b609,SP-7BE0A2526A,,Nike,35-45 Nike Air Zoom Mercurial Superfly IX Elite FG6,football_boots,unisex,core,2026-05-29 20:40:54.077393+00:00,2026-05-29 20:40:54.077393+00:00,32.9,76.67,10,10,,sp7be0a2526a,nike,35 45 nike air zoom mercurial superfly ix elite fg6,NIKE,,football_boots,unisex,35-45 Nike Air Zoom Mercurial Superfly IX Elite FG6,2026-06-02,0.0,0.0,0.0,0,0,0,no_match,0.0,,0,movement_reconstructed,10,10,0.0,0.0,0.0,3,999,30,SP-7BE0A2526A|2026-06-02
00000000-0000-0000-0000-000000000001,97a65045-3585-418f-ba20-4e08f8af421d,SP-4129A11BDA,,Nike,35-45 Nike Air Zoom Mercurial Vapor XV Elite TF,football_boots,unisex,core,2026-05-29 20:40:54.077393+00:00,2026-05-29 20:40:54.077393+00:00,31.02,61.48,10,10,,sp4129a11bda,nike,35 45 nike air zoom mercurial vapor xv elite tf,NIKE,,football_boots,unisex,35-45 Nike Air Zoom Mercurial Vapor XV Elite TF,2026-05-26,0.0,0.0,0.0,0,0,0,no_match,0.0,,0,movement_reconstructed,10,10,0.0,0.0,0.0,0,999,30,SP-4129A11BDA|2026-05-26
00000000-0000-0000-0000-000000000001,97a65045-3585-418f-ba20-4e08f8af421d,SP-4129A11BDA,,Nike,35-45 Nike Air Zoom Mercurial Vapor XV Elite TF,football_boots,unisex,core,2026-05-29 20:40:54.077393+00:00,2026-05-29 20:40:54.077393+00:00,31.02,61.48,10,10,,sp4129a11bda,nike,35 45 nike air zoom mercurial vapor xv elite tf,NIKE,,football_boots,unisex,35-45 Nike Air Zoom Mercurial Vapor XV Elite TF,2026-06-02,0.0,0.0,0.0,0,0,0,no_match,0.0,,0,movement_reconstructed,10,10,0.0,0.0,0.0,3,999,30,SP-4129A11BDA|2026-06-02
00000000-0000-0000-0000-000000000001,e366fff4-cd93-4dba-8a0c-98ceb3743d5c,SP-AF96283080,,Nike,35-45） Nike Air Zoom Mercurial Superfly IX Elite FG,football_boots,unisex,core,2026-05-29 20:40:54.077393+00:00,2026-05-29 20:40:54.077393+00:00,31.49,69.23,10,10,,spaf96283080,nike,35 45） nike air zoom mercurial superfly ix elite fg,NIKE,,football_boots,unisex,35-45） Nike Air Zoom Mercurial Superfly IX Elite FG,2026-05-26,0.0,0.0,0.0,0,0,0,no_match,0.0,,0,movement_reconstructed,10,10,0.0,0.0,0.0,0,999,30,SP-AF96283080|2026-05-26
00000000-0000-0000-0000-000000000001,e366fff4-cd93-4dba-8a0c-98ceb3743d5c,SP-AF96283080,,Nike,35-45） Nike Air Zoom Mercurial Superfly IX Elite FG,football_boots,unisex,core,2026-05-29 20:40:54.077393+00:00,2026-05-29 20:40:54.077393+00:00,31.49,69.23,10,10,,spaf96283080,nike,35 45） nike air zoom mercurial superfly ix elite fg,NIKE,,football_boots,unisex,35-45） Nike Air Zoom Mercurial Superfly IX Elite FG,2026-06-02,0.0,0.0,0.0,0,0,0,no_match,0.0,,0,movement_reconstructed,10,10,0.0,0.0,0.0,3,999,30,SP-AF96283080|2026-06-02
00000000-0000-0000-0000-000000000001,d2a21416-38b9-4d14-a457-2230d3852f3c,SP-435247DC0F,,Puma,2024 new Puma Mg studs football shoes PUMA FUTURE 2024 39-45,football_boots,unisex,core,2026-05-29 20:40:54.077393+00:00,2026-05-29 20:40:54.077393+00:00,35.0,60.37,8,8,,sp435247dc0f,puma,2024 new puma mg studs football shoes puma future 2024 39 45,PUMA,,football_boots,unisex,2024 new Puma Mg studs football shoes PUMA FUTURE 2024 39-45,2026-05-26,0.0,0.0,0.0,0,0,0,no_match,0.0,,0,movement_reconstructed,8,8,0.0,0.0,0.0,0,999,30,SP-435247DC0F|2026-05-26
00000000-0000-0000-0000-000000000001,d2a21416-38b9-4d14-a457-2230d3852f3c,SP-435247DC0F,,Puma,2024 new Puma Mg studs football shoes PUMA FUTURE 2024 39-45,football_boots,unisex,core,2026-05-29 20:40:54.077393+00:00,2026-05-29 20:40:54.077393+00:00,35.0,60.37,8,8,,sp435247dc0f,puma,2024 new puma mg studs football shoes puma future 2024 39 45,PUMA,,football_boots,unisex,2024 new Puma Mg studs football shoes PUMA FUTURE 2024 39-45,2026-06-02,0.0,0.0,0.0,0,0,0,no_match,0.0,,0,movement_reconstructed,8,8,0.0,0.0,0.0,3,999,30,SP-435247DC0F|2026-06-02
00000000-0000-0000-0000-000000000001,4a65e796-3e4b-4ae4-9d3e-a11ed9aecba5,SP-A2F2F1E782,,Puma,FUTURE 7 ULTIMATE FG36-45,football_boots,unisex,core,2026-05-29 20:40:54.077393+00:00,2026-05-29 20:40:54.077393+00:00,37.5,77.68,10,10,,spa2f2f1e782,puma,future 7 ultimate fg36 45,PUMA,,football_boots,unisex,FUTURE 7 ULTIMATE FG36-45,2026-05-26,0.0,0.0,0.0,0,0,0,no_match,0.0,,0,movement_reconstructed,10,10,0.0,0.0,0.0,0,999,30,SP-A2F2F1E782|2026-05-26
00000000-0000-0000-0000-000000000001,4a65e796-3e4b-4ae4-9d3e-a11ed9aecba5,SP-A2F2F1E782,,Puma,FUTURE 7 ULTIMATE FG36-45,football_boots,unisex,core,2026-05-29 20:40:54.077393+00:00,2026-05-29 20:40:54.077393+00:00,37.5,77.68,10,10,,spa2f2f1e782,puma,future 7 ultimate fg36 45,PUMA,,football_boots,unisex,FUTURE 7 ULTIMATE FG36-45,2026-06-02,0.0,0.0,0.0,0,0,0,no_match,0.0,,0,movement_reconstructed,10,10,0.0,0.0,0.0,3,999,30,SP-A2F2F1E782|2026-06-02
00000000-0000-0000-0000-000000000001,197a87ee-6e3f-4fd4-8fae-97ad4c5b5d74,SP-5ECECDA788,,Puma,FUTURE 7 ULTIMATE MG,football_boots,unisex,core,2026-05-29 20:40:54.077393+00:00,2026-05-29 20:40:54.077393+00:00,35.0,67.91,8,8,,sp5ececda788,puma,future 7 ultimate mg,PUMA,,football_boots,unisex,FUTURE 7 ULTIMATE MG,2026-05-26,0.0,0.0,0.0,0,0,0,no_match,0.0,,0,movement_reconstructed,8,8,0.0,0.0,0.0,0,999,30,SP-5ECECDA788|2026-05-26
00000000-0000-0000-0000-000000000001,197a87ee-6e3f-4fd4-8fae-97ad4c5b5d74,SP-5ECECDA788,,Puma,FUTURE 7 ULTIMATE MG,football_boots,unisex,core,2026-05-29 20:40:54.077393+00:00,2026-05-29 20:40:54.077393+00:00,35.0,67.91,8,8,,sp5ececda788,puma,future 7 ultimate mg,PUMA,,football_boots,unisex,FUTURE 7 ULTIMATE MG,2026-06-02,0.0,0.0,0.0,0,0,0,no_match,0.0,,0,movement_reconstructed,8,8,0.0,0.0,0.0,3,999,30,SP-5ECECDA788|2026-06-02
00000000-0000-0000-0000-000000000001,4398f094-a777-470f-b93b-cc72bec3c456,SP-BCCE453E4E,,Puma,PUMA FUTURE 2024,football_boots,unisex,core,2026-05-29 20:40:54.077393+00:00,2026-05-29 20:40:54.077393+00:00,33.0,66.83,8,8,,spbcce453e4e,puma,puma future 2024,PUMA,,football_boots,unisex,PUMA FUTURE 2024,2026-05-26,0.0,0.0,0.0,0,0,0,no_match,0.0,,0,movement_reconstructed,8,8,0.0,0.0,0.0,0,999,30,SP-BCCE453E4E|2026-05-26
00000000-0000-0000-0000-000000000001,4398f094-a777-470f-b93b-cc72bec3c456,SP-BCCE453E4E,,Puma,PUMA FUTURE 2024,football_boots,unisex,core,2026-05-29 20:40:54.077393+00:00,2026-05-29 20:40:54.077393+00:00,33.0,66.83,8,8,,spbcce453e4e,puma,puma future 2024,PUMA,,football_boots,unisex,PUMA FUTURE 2024,2026-06-02,0.0,0.0,0.0,0,0,0,no_match,0.0,,0,movement_reconstructed,8,8,0.0,0.0,0.0,3,999,30,SP-BCCE453E4E|2026-06-02
00000000-0000-0000-0000-000000000001,2b47b50f-98e8-441a-bdec-528d0d90f5a0,SP-9EF0AF0731,IN221083,Crocs,Crocs Bae Clog Women Lifestyle Orangesicle,footwear,women,core,2026-05-29 20:40:54.077393+00:00,2026-05-29 20:40:54.077393+00:00,43.68,77.12,10,10,in221083,sp9ef0af0731,crocs,crocs bae clog women lifestyle orangesicle,CROCS,IN221083,footwear,women,Crocs Bae Clog Women Lifestyle Orangesicle,2026-05-26,84.0,84.0,84.0,1,0,0,same_model_family,0.9771,1.0,1,movement_reconstructed,10,10,0.0,0.0,0.0,0,999,30,SP-9EF0AF0731|2026-05-26
00000000-0000-0000-0000-000000000001,2b47b50f-98e8-441a-bdec-528d0d90f5a0,SP-9EF0AF0731,IN221083,Crocs,Crocs Bae Clog Women Lifestyle Orangesicle,footwear,women,core,2026-05-29 20:40:54.077393+00:00,2026-05-29 20:40:54.077393+00:00,43.68,77.12,10,10,in221083,sp9ef0af0731,crocs,crocs bae clog women lifestyle orangesicle,CROCS,IN221083,footwear,women,Crocs Bae Clog Women Lifestyle Orangesicle,2026-06-02,0.0,0.0,0.0,0,0,0,no_match,0.0,,0,movement_reconstructed,10,10,0.0,0.0,0.0,3,999,30,SP-9EF0AF0731|2026-06-02
00000000-0000-0000-0000-000000000001,cf692d45-1009-4e0f-a720-a746bf41ad6c,SP-4922B84AAD,IN221080,Crocs,Crocs Bae Clog Women Lifestyle White,footwear,women,core,2026-05-29 20:40:54.077393+00:00,2026-05-29 20:40:54.077393+00:00,43.68,103.95,9,9,in221080,sp4922b84aad,crocs,crocs bae clog women lifestyle white,CROCS,IN221080,footwear,women,Crocs Bae Clog Women Lifestyle White,2026-05-26,96.0,96.0,96.0,1,0,0,similar_product,0.7702,1.0,1,movement_reconstructed,9,9,0.0,0.0,0.0,0,999,30,SP-4922B84AAD|2026-05-26
00000000-0000-0000-0000-000000000001,cf692d45-1009-4e0f-a720-a746bf41ad6c,SP-4922B84AAD,IN221080,Crocs,Crocs Bae Clog Women Lifestyle White,footwear,women,core,2026-05-29 20:40:54.077393+00:00,2026-05-29 20:40:54.077393+00:00,43.68,103.95,9,9,in221080,sp4922b84aad,crocs,crocs bae clog women lifestyle white,CROCS,IN221080,footwear,women,Crocs Bae Clog Women Lifestyle White,2026-06-02,0.0,0.0,0.0,0,0,0,no_match,0.0,,0,movement_reconstructed,9,9,0.0,0.0,0.0,3,999,30,SP-4922B84AAD|2026-06-02
00000000-0000-0000-0000-000000000001,4dce0a77-1675-4fc2-923a-5a1f002445d4,SP-1B705F3CD9,IN227558,Crocs,Crocs Bae Glitter Clog Women Lifestyle Clog Pink Milk,footwear,women,core,2026-05-29 20:40:54.077393+00:00,2026-05-29 20:40:54.077393+00:00,46.8,78.2,9,9,in227558,sp1b705f3cd9,crocs,crocs bae glitter clog women lifestyle clog pink milk,CROCS,IN227558,footwear,women,Crocs Bae Glitter Clog Women Lifestyle Clog Pink Milk,2026-05-26,50.0,56.5,63.0,1,1,0,same_model_family,0.8623,2.0,1,movement_reconstructed,9,9,0.0,0.0,0.0,0,999,30,SP-1B705F3CD9|2026-05-26
00000000-0000-0000-0000-000000000001,4dce0a77-1675-4fc2-923a-5a1f002445d4,SP-1B705F3CD9,IN227558,Crocs,Crocs Bae Glitter Clog Women Lifestyle Clog Pink Milk,footwear,women,core,2026-05-29 20:40:54.077393+00:00,2026-05-29 20:40:54.077393+00:00,46.8,78.2,9,9,in227558,sp1b705f3cd9,crocs,crocs bae glitter clog women lifestyle clog pink milk,CROCS,IN227558,footwear,women,Crocs Bae Glitter Clog Women Lifestyle Clog Pink Milk,2026-06-02,0.0,0.0,0.0,0,0,0,no_match,0.0,,0,movement_reconstructed,9,9,0.0,0.0,0.0,3,999,30,SP-1B705F3CD9|2026-06-02
00000000-0000-0000-0000-000000000001,0b0de95a-1e68-44e3-89ad-bd4130b39701,SP-0AA1FDD34E,IN227557,Crocs,Crocs Bae Glitter Women Lifestyle Clog Black,footwear,women,core,2026-05-29 20:40:54.077393+00:00,2026-05-29 20:40:54.077393+00:00,46.8,105.2,9,9,in227557,sp0aa1fdd34e,crocs,crocs bae glitter women lifestyle clog black,CROCS,IN227557,footwear,women,Crocs Bae Glitter Women Lifestyle Clog Black,2026-05-26,0.0,0.0,0.0,0,0,0,no_match,0.0,,0,movement_reconstructed,9,9,0.0,0.0,0.0,0,999,30,SP-0AA1FDD34E|2026-05-26
00000000-0000-0000-0000-000000000001,0b0de95a-1e68-44e3-89ad-bd4130b39701,SP-0AA1FDD34E,IN227557,Crocs,Crocs Bae Glitter Women Lifestyle Clog Black,footwear,women,core,2026-05-29 20:40:54.077393+00:00,2026-05-29 20:40:54.077393+00:00,46.8,105.2,9,9,in227557,sp0aa1fdd34e,crocs,crocs bae glitter women lifestyle clog black,CROCS,IN227557,footwear,women,Crocs Bae Glitter Women Lifestyle Clog Black,2026-06-02,0.0,0.0,0.0,0,0,0,no_match,0.0,,0,movement_reconstructed,9,9,0.0,0.0,0.0,3,999,30,SP-0AA1FDD34E|2026-06-02
00000000-0000-0000-0000-000000000001,c8777f92-051a-4df1-9123-c9455e4504ff,SP-6F212837EF,IN231583,Crocs,Crocs Bae Lined Women Lifestyle Clog Black,footwear,women,core,2026-05-29 20:40:54.077393+00:00,2026-05-29 20:40:54.077393+00:00,34.84,70.06,9,9,in231583,sp6f212837ef,crocs,crocs bae lined women lifestyle clog black,CROCS,IN231583,footwear,women,Crocs Bae Lined Women Lifestyle Clog Black,2026-05-26,48.0,60.666666666666664,72.0,1,1,1,same_model_family,0.7685,21.0,1,movement_reconstructed,9,9,0.0,0.0,0.0,0,999,30,SP-6F212837EF|2026-05-26
00000000-0000-0000-0000-000000000001,c8777f92-051a-4df1-9123-c9455e4504ff,SP-6F212837EF,IN231583,Crocs,Crocs Bae Lined Women Lifestyle Clog Black,footwear,women,core,2026-05-29 20:40:54.077393+00:00,2026-05-29 20:40:54.077393+00:00,34.84,70.06,9,9,in231583,sp6f212837ef,crocs,crocs bae lined women lifestyle clog black,CROCS,IN231583,footwear,women,Crocs Bae Lined Women Lifestyle Clog Black,2026-06-02,0.0,0.0,0.0,0,0,0,no_match,0.0,,0,movement_reconstructed,9,9,0.0,0.0,0.0,3,999,30,SP-6F212837EF|2026-06-02
00000000-0000-0000-0000-000000000001,ff57845f-1d04-43de-81ea-6209f7bd9e28,SP-63D1F944FA,IN236746,Crocs,Crocs Bae Pinnacle Embellished Women Lifestyle Clog Frappe,footwear,women,core,2026-05-29 20:40:54.077393+00:00,2026-05-29 20:40:54.077393+00:00,87.36,192.49,9,9,in236746,sp63d1f944fa,crocs,crocs bae pinnacle embellished women lifestyle clog frappe,CROCS,IN236746,footwear,women,Crocs Bae Pinnacle Embellished Women Lifestyle Clog Frappe,2026-05-26,168.0,168.0,168.0,1,0,1,same_model_family,0.9644,1.0,1,movement_reconstructed,9,9,0.0,0.0,0.0,0,999,30,SP-63D1F944FA|2026-05-26
00000000-0000-0000-0000-000000000001,ff57845f-1d04-43de-81ea-6209f7bd9e28,SP-63D1F944FA,IN236746,Crocs,Crocs Bae Pinnacle Embellished Women Lifestyle Clog Frappe,footwear,women,core,2026-05-29 20:40:54.077393+00:00,2026-05-29 20:40:54.077393+00:00,87.36,192.49,9,9,in236746,sp63d1f944fa,crocs,crocs bae pinnacle embellished women lifestyle clog frappe,CROCS,IN236746,footwear,women,Crocs Bae Pinnacle Embellished Women Lifestyle Clog Frappe,2026-06-02,0.0,0.0,0.0,0,0,0,no_match,0.0,,0,movement_reconstructed,9,9,0.0,0.0,0.0,3,999,30,SP-63D1F944FA|2026-06-02
00000000-0000-0000-0000-000000000001,ff5b763c-e1cb-46e4-916d-2be88ff5e347,SP-7C595F60D7,IN236684,Crocs,Crocs Bae Women Lifestyle Clog Mauve Mist,footwear,women,core,2026-05-29 20:40:54.077393+00:00,2026-05-29 20:40:54.077393+00:00,43.68,105.71,10,10,in236684,sp7c595f60d7,crocs,crocs bae women lifestyle clog mauve mist,CROCS,IN236684,footwear,women,Crocs Bae Women Lifestyle Clog Mauve Mist,2026-05-26,84.0,84.0,84.0,1,0,0,same_model_family,0.9425,1.0,1,movement_reconstructed,10,10,0.0,0.0,0.0,0,999,30,SP-7C595F60D7|2026-05-26
00000000-0000-0000-0000-000000000001,ff5b763c-e1cb-46e4-916d-2be88ff5e347,SP-7C595F60D7,IN236684,Crocs,Crocs Bae Women Lifestyle Clog Mauve Mist,footwear,women,core,2026-05-29 20:40:54.077393+00:00,2026-05-29 20:40:54.077393+00:00,43.68,105.71,10,10,in236684,sp7c595f60d7,crocs,crocs bae women lifestyle clog mauve mist,CROCS,IN236684,footwear,women,Crocs Bae Women Lifestyle Clog Mauve Mist,2026-06-02,0.0,0.0,0.0,0,0,0,no_match,0.0,,0,movement_reconstructed,10,10,0.0,0.0,0.0,3,999,30,SP-7C595F60D7|2026-06-02
00000000-0000-0000-0000-000000000001,11c12a75-c64b-4450-b7a2-6e77b07f2d1a,SP-57E4E0DDE1,IN236685,Crocs,Crocs Bae Women Lifestyle Clog Quartz,footwear,women,core,2026-05-29 20:40:54.077393+00:00,2026-05-29 20:40:54.077393+00:00,43.68,78.52,10,10,in236685,sp57e4e0dde1,crocs,crocs bae women lifestyle clog quartz,CROCS,IN236685,footwear,women,Crocs Bae Women Lifestyle Clog Quartz,2026-05-26,84.0,84.0,84.0,1,0,0,same_model_family,0.98,1.0,1,movement_reconstructed,10,10,0.0,0.0,0.0,0,999,30,SP-57E4E0DDE1|2026-05-26
00000000-0000-0000-0000-000000000001,11c12a75-c64b-4450-b7a2-6e77b07f2d1a,SP-57E4E0DDE1,IN236685,Crocs,Crocs Bae Women Lifestyle Clog Quartz,footwear,women,core,2026-05-29 20:40:54.077393+00:00,2026-05-29 20:40:54.077393+00:00,43.68,78.52,10,10,in236685,sp57e4e0dde1,crocs,crocs bae women lifestyle clog quartz,CROCS,IN236685,footwear,women,Crocs Bae Women Lifestyle Clog Quartz,2026-06-02,0.0,0.0,0.0,0,0,0,no_match,0.0,,0,movement_reconstructed,10,10,0.0,0.0,0.0,3,999,30,SP-57E4E0DDE1|2026-06-02
00000000-0000-0000-0000-000000000001,1e863884-7f9c-4745-865c-d7c4ccc2f0da,SP-CE1996B0E0,IN227545,Crocs,Crocs Bae Women Lifestyle Clog Starfish,footwear,women,core,2026-05-29 20:40:54.077393+00:00,2026-05-29 20:40:54.077393+00:00,43.68,91.09,9,9,in227545,spce1996b0e0,crocs,crocs bae women lifestyle clog starfish,CROCS,IN227545,footwear,women,Crocs Bae Women Lifestyle Clog Starfish,2026-05-26,59.0,83.75,96.0,1,1,1,same_model_family,0.8223,4.0,1,movement_reconstructed,9,9,0.0,0.0,0.0,0,999,30,SP-CE1996B0E0|2026-05-26
00000000-0000-0000-0000-000000000001,1e863884-7f9c-4745-865c-d7c4ccc2f0da,SP-CE1996B0E0,IN227545,Crocs,Crocs Bae Women Lifestyle Clog Starfish,footwear,women,core,2026-05-29 20:40:54.077393+00:00,2026-05-29 20:40:54.077393+00:00,43.68,91.09,9,9,in227545,spce1996b0e0,crocs,crocs bae women lifestyle clog starfish,CROCS,IN227545,footwear,women,Crocs Bae Women Lifestyle Clog Starfish,2026-06-02,0.0,0.0,0.0,0,0,0,no_match,0.0,,0,movement_reconstructed,9,9,0.0,0.0,0.0,3,999,30,SP-CE1996B0E0|2026-06-02
00000000-0000-0000-0000-000000000001,ea3baa22-ac39-4941-8b6e-8559ffc69eea,SP-12E813D427,IN227544,Crocs,Crocs Bae Women Lifestyle Clog Taupe,footwear,women,core,2026-05-29 20:40:54.077393+00:00,2026-05-29 20:40:54.077393+00:00,43.68,88.7,10,10,in227544,sp12e813d427,crocs,crocs bae women lifestyle clog taupe,CROCS,IN227544,footwear,women,Crocs Bae Women Lifestyle Clog Taupe,2026-05-26,59.0,67.66666666666667,72.0,1,1,0,same_model_family,0.8713,3.0,1,movement_reconstructed,10,10,0.0,0.0,0.0,0,999,30,SP-12E813D427|2026-05-26
00000000-0000-0000-0000-000000000001,ea3baa22-ac39-4941-8b6e-8559ffc69eea,SP-12E813D427,IN227544,Crocs,Crocs Bae Women Lifestyle Clog Taupe,footwear,women,core,2026-05-29 20:40:54.077393+00:00,2026-05-29 20:40:54.077393+00:00,43.68,88.7,10,10,in227544,sp12e813d427,crocs,crocs bae women lifestyle clog taupe,CROCS,IN227544,footwear,women,Crocs Bae Women Lifestyle Clog Taupe,2026-06-02,0.0,0.0,0.0,0,0,0,no_match,0.0,,0,movement_reconstructed,10,10,0.0,0.0,0.0,3,999,30,SP-12E813D427|2026-06-02
00000000-0000-0000-0000-000000000001,3a7be998-819d-43cd-b36b-f7971a2b77f6,SP-D62159F18D,IN238068,Crocs,Crocs Barbie Classic Infant Lifestyle Clog Multi,footwear,kids,core,2026-05-29 20:40:54.077393+00:00,2026-05-29 20:40:54.077393+00:00,31.2,67.25,10,10,in238068,spd62159f18d,crocs,crocs barbie classic infant lifestyle clog multi,CROCS,IN238068,footwear,kids,Crocs Barbie Classic Infant Lifestyle Clog Multi,2026-05-26,29.0,45.458064516129035,72.0,1,1,1,same_model_family,0.7999,155.0,1,movement_reconstructed,10,10,0.0,0.0,0.0,0,999,30,SP-D62159F18D|2026-05-26
00000000-0000-0000-0000-000000000001,3a7be998-819d-43cd-b36b-f7971a2b77f6,SP-D62159F18D,IN238068,Crocs,Crocs Barbie Classic Infant Lifestyle Clog Multi,footwear,kids,core,2026-05-29 20:40:54.077393+00:00,2026-05-29 20:40:54.077393+00:00,31.2,67.25,10,10,in238068,spd62159f18d,crocs,crocs barbie classic infant lifestyle clog multi,CROCS,IN238068,footwear,kids,Crocs Barbie Classic Infant Lifestyle Clog Multi,2026-06-02,0.0,0.0,0.0,0,0,0,no_match,0.0,,0,movement_reconstructed,10,10,0.0,0.0,0.0,3,999,30,SP-D62159F18D|2026-06-02
00000000-0000-0000-0000-000000000001,4c89ffb3-9b7e-4cc5-a697-3eb33d4ee803,SP-ABDA020E90,IN238067,Crocs,Crocs Barbie Classic Kids Lifestyle Clog Multi,footwear,kids,core,2026-05-29 20:40:54.077393+00:00,2026-05-29 20:40:54.077393+00:00,34.32,82.57,10,10,in238067,spabda020e90,crocs,crocs barbie classic kids lifestyle clog multi,CROCS,IN238067,footwear,kids,Crocs Barbie Classic Kids Lifestyle Clog Multi,2026-05-26,38.0,49.26315789473684,78.0,1,1,1,same_model_family,0.8126,38.0,1,movement_reconstructed,10,10,0.0,0.0,0.0,0,999,30,SP-ABDA020E90|2026-05-26
00000000-0000-0000-0000-000000000001,4c89ffb3-9b7e-4cc5-a697-3eb33d4ee803,SP-ABDA020E90,IN238067,Crocs,Crocs Barbie Classic Kids Lifestyle Clog Multi,footwear,kids,core,2026-05-29 20:40:54.077393+00:00,2026-05-29 20:40:54.077393+00:00,34.32,82.57,10,10,in238067,spabda020e90,crocs,crocs barbie classic kids lifestyle clog multi,CROCS,IN238067,footwear,kids,Crocs Barbie Classic Kids Lifestyle Clog Multi,2026-06-02,0.0,0.0,0.0,0,0,0,no_match,0.0,,0,movement_reconstructed,10,10,0.0,0.0,0.0,3,999,30,SP-ABDA020E90|2026-06-02
00000000-0000-0000-0000-000000000001,9591cd8f-0871-4875-bd5b-9bf73875deff,SP-CC5CDA3953,IN073617,Crocs,Crocs Bistro Slip Resistant Work Clog Unisex lifestyle Slippers Black,footwear,unisex,core,2026-05-29 20:40:54.077393+00:00,2026-05-29 20:40:54.077393+00:00,21.84,43.74,9,9,in073617,spcc5cda3953,crocs,crocs bistro slip resistant work clog unisex lifestyle slippers black,CROCS,IN073617,footwear,unisex,Crocs Bistro Slip Resistant Work Clog Unisex lifestyle Slippers Black,2026-05-26,34.0,41.1875,45.0,1,1,1,similar_product,0.7534,16.0,1,movement_reconstructed,9,9,0.0,0.0,0.0,0,999,30,SP-CC5CDA3953|2026-05-26
00000000-0000-0000-0000-000000000001,9591cd8f-0871-4875-bd5b-9bf73875deff,SP-CC5CDA3953,IN073617,Crocs,Crocs Bistro Slip Resistant Work Clog Unisex lifestyle Slippers Black,footwear,unisex,core,2026-05-29 20:40:54.077393+00:00,2026-05-29 20:40:54.077393+00:00,21.84,43.74,9,9,in073617,spcc5cda3953,crocs,crocs bistro slip resistant work clog unisex lifestyle slippers black,CROCS,IN073617,footwear,unisex,Crocs Bistro Slip Resistant Work Clog Unisex lifestyle Slippers Black,2026-06-02,0.0,0.0,0.0,0,0,0,no_match,0.0,,0,movement_reconstructed,9,9,0.0,0.0,0.0,3,999,30,SP-CC5CDA3953|2026-06-02
00000000-0000-0000-0000-000000000001,20d8dd18-2b94-4fb3-900a-376c1780feb3,SP-8909E63A20,IN073618,Crocs,Crocs Bistro Slip Resistant Work Clog Unisex lifestyle Slippers Navy,footwear,unisex,core,2026-05-29 20:40:54.077393+00:00,2026-05-29 20:40:54.077393+00:00,21.84,47.71,10,10,in073618,sp8909e63a20,crocs,crocs bistro slip resistant work clog unisex lifestyle slippers navy,CROCS,IN073618,footwear,unisex,Crocs Bistro Slip Resistant Work Clog Unisex lifestyle Slippers Navy,2026-05-26,46.0,57.83453237410072,66.0,1,1,1,similar_product,0.6814,139.0,1,movement_reconstructed,10,10,0.0,0.0,0.0,0,999,30,SP-8909E63A20|2026-05-26
00000000-0000-0000-0000-000000000001,20d8dd18-2b94-4fb3-900a-376c1780feb3,SP-8909E63A20,IN073618,Crocs,Crocs Bistro Slip Resistant Work Clog Unisex lifestyle Slippers Navy,footwear,unisex,core,2026-05-29 20:40:54.077393+00:00,2026-05-29 20:40:54.077393+00:00,21.84,47.71,10,10,in073618,sp8909e63a20,crocs,crocs bistro slip resistant work clog unisex lifestyle slippers navy,CROCS,IN073618,footwear,unisex,Crocs Bistro Slip Resistant Work Clog Unisex lifestyle Slippers Navy,2026-06-02,0.0,0.0,0.0,0,0,0,no_match,0.0,,0,movement_reconstructed,10,10,0.0,0.0,0.0,3,999,30,SP-8909E63A20|2026-06-02
00000000-0000-0000-0000-000000000001,f5522813-d6f0-4bcb-bb6c-dc88d7af5943,SP-B6194DA390,NB9060,New Balance,Joe Freshgoods x New Balance NB9060,footwear,unisex,core,2026-05-29 20:40:54.077393+00:00,2026-05-29 20:40:54.077393+00:00,39.2,87.68,14,14,nb9060,spb6194da390,new balance,joe freshgoods x new balance nb9060,NEW BALANCE,NB9060,footwear_joe_freshgoods_x_new_balance_nb9060,unisex,Joe Freshgoods x New Balance NB9060,2026-05-26,0.0,0.0,0.0,0,0,0,no_match,0.0,,0,movement_reconstructed,14,14,0.0,0.0,0.0,0,999,30,SP-B6194DA390|2026-05-26
00000000-0000-0000-0000-000000000001,f5522813-d6f0-4bcb-bb6c-dc88d7af5943,SP-B6194DA390,NB9060,New Balance,Joe Freshgoods x New Balance NB9060,footwear,unisex,core,2026-05-29 20:40:54.077393+00:00,2026-05-29 20:40:54.077393+00:00,39.2,87.68,14,14,nb9060,spb6194da390,new balance,joe freshgoods x new balance nb9060,NEW BALANCE,NB9060,footwear_joe_freshgoods_x_new_balance_nb9060,unisex,Joe Freshgoods x New Balance NB9060,2026-06-02,0.0,0.0,0.0,0,0,0,no_match,0.0,,0,movement_reconstructed,14,14,0.0,0.0,0.0,3,999,30,SP-B6194DA390|2026-06-02
00000000-0000-0000-0000-000000000001,bc0b32f7-268f-406d-9cc8-a669456d2dec,SP-AA3A19B5B7,IN234813,New Balance,New Balance 1000 Women Lifestyle Shoes Silver Metallic,footwear,women,core,2026-05-29 20:40:54.077393+00:00,2026-05-29 20:40:54.077393+00:00,112.21,246.43,10,10,in234813,spaa3a19b5b7,new balance,new balance 1000 women lifestyle shoes silver metallic,NEW BALANCE,IN234813,footwear,women,New Balance 1000 Women Lifestyle Shoes Silver Metallic,2026-05-26,118.0,202.0,275.0,1,1,1,same_model_family,0.8292,6.0,1,movement_reconstructed,10,10,0.0,0.0,0.0,0,999,30,SP-AA3A19B5B7|2026-05-26
00000000-0000-0000-0000-000000000001,bc0b32f7-268f-406d-9cc8-a669456d2dec,SP-AA3A19B5B7,IN234813,New Balance,New Balance 1000 Women Lifestyle Shoes Silver Metallic,footwear,women,core,2026-05-29 20:40:54.077393+00:00,2026-05-29 20:40:54.077393+00:00,112.21,246.43,10,10,in234813,spaa3a19b5b7,new balance,new balance 1000 women lifestyle shoes silver metallic,NEW BALANCE,IN234813,footwear,women,New Balance 1000 Women Lifestyle Shoes Silver Metallic,2026-06-02,0.0,0.0,0.0,0,0,0,no_match,0.0,,0,movement_reconstructed,10,10,0.0,0.0,0.0,3,999,30,SP-AA3A19B5B7|2026-06-02
00000000-0000-0000-0000-000000000001,c6ffce16-93a1-4bbd-8d5c-d9115713e6ea,SP-1119C7A992,IN217981,New Balance,New Balance 1080 Men Running Shoes Black/Magnet/Linen,footwear,men,core,2026-05-29 20:40:54.077393+00:00,2026-05-29 20:40:54.077393+00:00,98.98,248.52,10,10,in217981,sp1119c7a992,new balance,new balance 1080 men running shoes black/magnet/linen,NEW BALANCE,IN217981,footwear,men,New Balance 1080 Men Running Shoes Black/Magnet/Linen,2026-05-26,202.0,202.0,202.0,1,1,0,same_model_family,0.9476,1.0,1,movement_reconstructed,10,10,0.0,0.0,0.0,0,999,30,SP-1119C7A992|2026-05-26
00000000-0000-0000-0000-000000000001,c6ffce16-93a1-4bbd-8d5c-d9115713e6ea,SP-1119C7A992,IN217981,New Balance,New Balance 1080 Men Running Shoes Black/Magnet/Linen,footwear,men,core,2026-05-29 20:40:54.077393+00:00,2026-05-29 20:40:54.077393+00:00,98.98,248.52,10,10,in217981,sp1119c7a992,new balance,new balance 1080 men running shoes black/magnet/linen,NEW BALANCE,IN217981,footwear,men,New Balance 1080 Men Running Shoes Black/Magnet/Linen,2026-06-02,0.0,0.0,0.0,0,0,0,no_match,0.0,,0,movement_reconstructed,10,10,0.0,0.0,0.0,3,999,30,SP-1119C7A992|2026-06-02
00000000-0000-0000-0000-000000000001,958299cc-dbe8-4b4d-9a6f-8877e9387865,SP-24B46A527F,IN219772,New Balance,New Balance 1080 Women Running Shoes Black/Phantom,footwear,women,core,2026-05-29 20:40:54.077393+00:00,2026-05-29 20:40:54.077393+00:00,98.98,235.95,9,9,in219772,sp24b46a527f,new balance,new balance 1080 women running shoes black/phantom,NEW BALANCE,IN219772,footwear,women,New Balance 1080 Women Running Shoes Black/Phantom,2026-05-26,202.0,202.0,202.0,1,1,0,same_model_family,0.9597,1.0,1,movement_reconstructed,9,9,0.0,0.0,0.0,0,999,30,SP-24B46A527F|2026-05-26
00000000-0000-0000-0000-000000000001,958299cc-dbe8-4b4d-9a6f-8877e9387865,SP-24B46A527F,IN219772,New Balance,New Balance 1080 Women Running Shoes Black/Phantom,footwear,women,core,2026-05-29 20:40:54.077393+00:00,2026-05-29 20:40:54.077393+00:00,98.98,235.95,9,9,in219772,sp24b46a527f,new balance,new balance 1080 women running shoes black/phantom,NEW BALANCE,IN219772,footwear,women,New Balance 1080 Women Running Shoes Black/Phantom,2026-06-02,0.0,0.0,0.0,0,0,0,no_match,0.0,,0,movement_reconstructed,9,9,0.0,0.0,0.0,3,999,30,SP-24B46A527F|2026-06-02
00000000-0000-0000-0000-000000000001,9d7dda2a-1d21-4743-affb-fd652c04e568,SP-DB450DEC3B,IN234715,New Balance,New Balance 1080V15 Men Running Shoes Black,footwear,men,core,2026-05-29 20:40:54.077393+00:00,2026-05-29 20:40:54.077393+00:00,134.75,316.67,12,12,in234715,spdb450dec3b,new balance,new balance 1080v15 men running shoes black,NEW BALANCE,IN234715,footwear,men,New Balance 1080V15 Men Running Shoes Black,2026-05-26,275.0,275.0,275.0,1,0,0,same_model_family,0.9632,1.0,1,movement_reconstructed,12,12,0.0,0.0,0.0,0,999,30,SP-DB450DEC3B|2026-05-26
00000000-0000-0000-0000-000000000001,9d7dda2a-1d21-4743-affb-fd652c04e568,SP-DB450DEC3B,IN234715,New Balance,New Balance 1080V15 Men Running Shoes Black,footwear,men,core,2026-05-29 20:40:54.077393+00:00,2026-05-29 20:40:54.077393+00:00,134.75,316.67,12,12,in234715,spdb450dec3b,new balance,new balance 1080v15 men running shoes black,NEW BALANCE,IN234715,footwear,men,New Balance 1080V15 Men Running Shoes Black,2026-06-02,0.0,0.0,0.0,0,0,0,no_match,0.0,,0,movement_reconstructed,12,12,0.0,0.0,0.0,3,999,30,SP-DB450DEC3B|2026-06-02
00000000-0000-0000-0000-000000000001,e697687e-2e2f-4c1f-baab-46e7b14975a3,SP-928176DAC9,IN232938,New Balance,New Balance 1440 Men Running Shoes Black,footwear,men,core,2026-05-29 20:40:54.077393+00:00,2026-05-29 20:40:54.077393+00:00,53.41,133.65,10,10,in232938,sp928176dac9,new balance,new balance 1440 men running shoes black,NEW BALANCE,IN232938,footwear,men,New Balance 1440 Men Running Shoes Black,2026-05-26,95.0,110.0,150.0,1,1,1,same_model_family,0.7408,5.0,1,movement_reconstructed,10,10,0.0,0.0,0.0,0,999,30,SP-928176DAC9|2026-05-26
00000000-0000-0000-0000-000000000001,e697687e-2e2f-4c1f-baab-46e7b14975a3,SP-928176DAC9,IN232938,New Balance,New Balance 1440 Men Running Shoes Black,footwear,men,core,2026-05-29 20:40:54.077393+00:00,2026-05-29 20:40:54.077393+00:00,53.41,133.65,10,10,in232938,sp928176dac9,new balance,new balance 1440 men running shoes black,NEW BALANCE,IN232938,footwear,men,New Balance 1440 Men Running Shoes Black,2026-06-02,0.0,0.0,0.0,0,0,0,no_match,0.0,,0,movement_reconstructed,10,10,0.0,0.0,0.0,3,999,30,SP-928176DAC9|2026-06-02
00000000-0000-0000-0000-000000000001,32eed6b3-7b96-4525-9dfa-84e7a6daa54e,SP-A5571E2645,IN209953,New Balance,New Balance 1906 Men Lifestyle Shoes Silver/Black,footwear,unisex,core,2026-05-29 20:40:54.077393+00:00,2026-05-29 20:40:54.077393+00:00,134.75,343.62,12,12,in209953,spa5571e2645,new balance,new balance 1906 men lifestyle shoes silver/black,NEW BALANCE,IN209953,footwear,men,New Balance 1906 Men Lifestyle Shoes Silver/Black,2026-05-26,275.0,275.0,275.0,1,0,1,same_model_family,0.8975,2.0,1,movement_reconstructed,12,12,0.0,0.0,0.0,0,999,30,SP-A5571E2645|2026-05-26
00000000-0000-0000-0000-000000000001,32eed6b3-7b96-4525-9dfa-84e7a6daa54e,SP-A5571E2645,IN209953,New Balance,New Balance 1906 Men Lifestyle Shoes Silver/Black,footwear,unisex,core,2026-05-29 20:40:54.077393+00:00,2026-05-29 20:40:54.077393+00:00,134.75,343.62,12,12,in209953,spa5571e2645,new balance,new balance 1906 men lifestyle shoes silver/black,NEW BALANCE,IN209953,footwear,men,New Balance 1906 Men Lifestyle Shoes Silver/Black,2026-06-02,0.0,0.0,0.0,0,0,0,no_match,0.0,,0,movement_reconstructed,12,12,0.0,0.0,0.0,3,999,30,SP-A5571E2645|2026-06-02
00000000-0000-0000-0000-000000000001,edbc637e-c1cc-4897-a7bc-6c0163498b3a,SP-9E192AAE8B,IN223598,New Balance,New Balance 1906R Women Lifestyle Shoes Silver Metalic,footwear,women,core,2026-05-29 20:40:54.077393+00:00,2026-05-29 20:40:54.077393+00:00,98.98,176.78,12,12,in223598,sp9e192aae8b,new balance,new balance 1906r women lifestyle shoes silver metalic,NEW BALANCE,IN223598,footwear,women,New Balance 1906R Women Lifestyle Shoes Silver Metalic,2026-05-26,132.0,173.53846153846155,202.0,1,1,1,same_model_family,0.829,13.0,1,movement_reconstructed,12,12,0.0,0.0,0.0,0,999,30,SP-9E192AAE8B|2026-05-26
00000000-0000-0000-0000-000000000001,edbc637e-c1cc-4897-a7bc-6c0163498b3a,SP-9E192AAE8B,IN223598,New Balance,New Balance 1906R Women Lifestyle Shoes Silver Metalic,footwear,women,core,2026-05-29 20:40:54.077393+00:00,2026-05-29 20:40:54.077393+00:00,98.98,176.78,12,12,in223598,sp9e192aae8b,new balance,new balance 1906r women lifestyle shoes silver metalic,NEW BALANCE,IN223598,footwear,women,New Balance 1906R Women Lifestyle Shoes Silver Metalic,2026-06-02,0.0,0.0,0.0,0,0,0,no_match,0.0,,0,movement_reconstructed,12,12,0.0,0.0,0.0,3,999,30,SP-9E192AAE8B|2026-06-02
00000000-0000-0000-0000-000000000001,58968e3f-7dd8-4059-8f9a-21ca251510df,SP-16070A4590,IN202153,New Balance,New Balance 2002R Unisex Lifestyle Shoes Bone/ Light Aluminum,footwear,unisex,core,2026-05-29 20:40:54.077393+00:00,2026-05-29 20:40:54.077393+00:00,62.72,137.52,9,9,in202153,sp16070a4590,new balance,new balance 2002r unisex lifestyle shoes bone/ light aluminum,NEW BALANCE,IN202153,footwear,unisex,New Balance 2002R Unisex Lifestyle Shoes Bone/ Light Aluminum,2026-05-26,0.0,0.0,0.0,0,0,0,no_match,0.0,,0,movement_reconstructed,9,9,0.0,0.0,0.0,0,999,30,SP-16070A4590|2026-05-26
00000000-0000-0000-0000-000000000001,58968e3f-7dd8-4059-8f9a-21ca251510df,SP-16070A4590,IN202153,New Balance,New Balance 2002R Unisex Lifestyle Shoes Bone/ Light Aluminum,footwear,unisex,core,2026-05-29 20:40:54.077393+00:00,2026-05-29 20:40:54.077393+00:00,62.72,137.52,9,9,in202153,sp16070a4590,new balance,new balance 2002r unisex lifestyle shoes bone/ light aluminum,NEW BALANCE,IN202153,footwear,unisex,New Balance 2002R Unisex Lifestyle Shoes Bone/ Light Aluminum,2026-06-02,0.0,0.0,0.0,0,0,0,no_match,0.0,,0,movement_reconstructed,9,9,0.0,0.0,0.0,3,999,30,SP-16070A4590|2026-06-02
00000000-0000-0000-0000-000000000001,1db3086f-d9e9-499a-a915-1216629a4c59,SP-5142DAE261,IN234835,New Balance,New Balance 204L Women Lifestyle Shoes Grey,footwear,women,core,2026-05-29 20:40:54.077393+00:00,2026-05-29 20:40:54.077393+00:00,82.81,171.06,12,12,in234835,sp5142dae261,new balance,new balance 204l women lifestyle shoes grey,NEW BALANCE,IN234835,footwear,women,New Balance 204L Women Lifestyle Shoes Grey,2026-05-26,139.0,157.0,169.0,1,1,1,same_model_family,0.8224,5.0,1,movement_reconstructed,12,12,0.0,0.0,0.0,0,999,30,SP-5142DAE261|2026-05-26
00000000-0000-0000-0000-000000000001,1db3086f-d9e9-499a-a915-1216629a4c59,SP-5142DAE261,IN234835,New Balance,New Balance 204L Women Lifestyle Shoes Grey,footwear,women,core,2026-05-29 20:40:54.077393+00:00,2026-05-29 20:40:54.077393+00:00,82.81,171.06,12,12,in234835,sp5142dae261,new balance,new balance 204l women lifestyle shoes grey,NEW BALANCE,IN234835,footwear,women,New Balance 204L Women Lifestyle Shoes Grey,2026-06-02,0.0,0.0,0.0,0,0,0,no_match,0.0,,0,movement_reconstructed,12,12,0.0,0.0,0.0,3,999,30,SP-5142DAE261|2026-06-02
00000000-0000-0000-0000-000000000001,3c17ace2-d7c8-4a38-bf00-1bc51d9a1ec5,SP-FB406DA2F5,IN226994,New Balance,New Balance 237 Women Lifestyle Shoes Sea Salt,footwear,women,core,2026-05-29 20:40:54.077393+00:00,2026-05-29 20:40:54.077393+00:00,49.98,93.08,9,9,in226994,spfb406da2f5,new balance,new balance 237 women lifestyle shoes sea salt,NEW BALANCE,IN226994,footwear,women,New Balance 237 Women Lifestyle Shoes Sea Salt,2026-05-26,85.0,104.33333333333333,129.0,1,1,1,same_model_family,0.8266,6.0,1,movement_reconstructed,9,9,0.0,0.0,0.0,0,999,30,SP-FB406DA2F5|2026-05-26
00000000-0000-0000-0000-000000000001,3c17ace2-d7c8-4a38-bf00-1bc51d9a1ec5,SP-FB406DA2F5,IN226994,New Balance,New Balance 237 Women Lifestyle Shoes Sea Salt,footwear,women,core,2026-05-29 20:40:54.077393+00:00,2026-05-29 20:40:54.077393+00:00,49.98,93.08,9,9,in226994,spfb406da2f5,new balance,new balance 237 women lifestyle shoes sea salt,NEW BALANCE,IN226994,footwear,women,New Balance 237 Women Lifestyle Shoes Sea Salt,2026-06-02,0.0,0.0,0.0,0,0,0,no_match,0.0,,0,movement_reconstructed,9,9,0.0,0.0,0.0,3,999,30,SP-FB406DA2F5|2026-06-02
00000000-0000-0000-0000-000000000001,fb01bf54-a583-481a-be00-7bb12f454447,SP-3B47C73D99,IN234838,New Balance,New Balance 327 Men Lifestyle Shoes Brown,footwear,men,core,2026-05-29 20:40:54.077393+00:00,2026-05-29 20:40:54.077393+00:00,82.81,180.76,14,14,in234838,sp3b47c73d99,new balance,new balance 327 men lifestyle shoes brown,NEW BALANCE,IN234838,footwear,men,New Balance 327 Men Lifestyle Shoes Brown,2026-05-26,169.0,184.0,199.0,1,0,1,same_model_family,0.8711,2.0,1,movement_reconstructed,14,14,0.0,0.0,0.0,0,999,30,SP-3B47C73D99|2026-05-26
00000000-0000-0000-0000-000000000001,fb01bf54-a583-481a-be00-7bb12f454447,SP-3B47C73D99,IN234838,New Balance,New Balance 327 Men Lifestyle Shoes Brown,footwear,men,core,2026-05-29 20:40:54.077393+00:00,2026-05-29 20:40:54.077393+00:00,82.81,180.76,14,14,in234838,sp3b47c73d99,new balance,new balance 327 men lifestyle shoes brown,NEW BALANCE,IN234838,footwear,men,New Balance 327 Men Lifestyle Shoes Brown,2026-06-02,0.0,0.0,0.0,0,0,0,no_match,0.0,,0,movement_reconstructed,14,14,0.0,0.0,0.0,3,999,30,SP-3B47C73D99|2026-06-02
00000000-0000-0000-0000-000000000001,8be6733a-0b20-4c08-b0de-9de09c529eb4,SP-EA1A90B4B8,HQ6041,Adidas,Adidas Stan Smith Millencon Lifestyle Women,footwear,women,core,2026-05-29 20:40:54.077393+00:00,2026-05-29 20:40:54.077393+00:00,35.76,82.8,10,10,hq6041,spea1a90b4b8,adidas,adidas stan smith millencon lifestyle women,ADIDAS,HQ6041,lifestyle,women,Adidas Stan Smith Millencon Lifestyle Women,2026-05-26,7920000.0,7920000.0,7920000.0,1,1,0,exact_style,1.0,1.0,1,movement_reconstructed,10,10,0.0,0.0,0.0,0,999,30,SP-EA1A90B4B8|2026-05-26
00000000-0000-0000-0000-000000000001,8be6733a-0b20-4c08-b0de-9de09c529eb4,SP-EA1A90B4B8,HQ6041,Adidas,Adidas Stan Smith Millencon Lifestyle Women,footwear,women,core,2026-05-29 20:40:54.077393+00:00,2026-05-29 20:40:54.077393+00:00,35.76,82.8,10,10,hq6041,spea1a90b4b8,adidas,adidas stan smith millencon lifestyle women,ADIDAS,HQ6041,lifestyle,women,Adidas Stan Smith Millencon Lifestyle Women,2026-06-02,0.0,0.0,0.0,0,0,0,no_match,0.0,,0,movement_reconstructed,10,10,0.0,0.0,0.0,3,999,30,SP-EA1A90B4B8|2026-06-02
00000000-0000-0000-0000-000000000001,d8a83516-0cf8-441f-a0c9-a779c6618d1a,SP-C7EF6CC8AF,ID8840,Adidas,Adidas Ultraboost 5 Women Running Shoes White/Grey/Pink,footwear,women,core,2026-05-29 20:40:54.077393+00:00,2026-05-29 20:40:54.077393+00:00,70.56,139.73,9,9,id8840,spc7ef6cc8af,adidas,adidas ultraboost 5 women running shoes white/grey/pink,ADIDAS,ID8840,footwear,women,Adidas Ultraboost 5 Women Running Shoes White/Grey/Pink,2026-05-26,143.0,158.0,201.0,1,1,1,same_model_family,0.7927,4.0,1,movement_reconstructed,9,9,0.0,0.0,0.0,0,999,30,SP-C7EF6CC8AF|2026-05-26
00000000-0000-0000-0000-000000000001,d8a83516-0cf8-441f-a0c9-a779c6618d1a,SP-C7EF6CC8AF,ID8840,Adidas,Adidas Ultraboost 5 Women Running Shoes White/Grey/Pink,footwear,women,core,2026-05-29 20:40:54.077393+00:00,2026-05-29 20:40:54.077393+00:00,70.56,139.73,9,9,id8840,spc7ef6cc8af,adidas,adidas ultraboost 5 women running shoes white/grey/pink,ADIDAS,ID8840,footwear,women,Adidas Ultraboost 5 Women Running Shoes White/Grey/Pink,2026-06-02,0.0,0.0,0.0,0,0,0,no_match,0.0,,0,movement_reconstructed,9,9,0.0,0.0,0.0,3,999,30,SP-C7EF6CC8AF|2026-06-02
00000000-0000-0000-0000-000000000001,33af9a84-b075-4959-af0e-de92c89a7840,SP-26E1DF3914,IG9166,Adidas,"Advantage 2.0 Shoes, White",footwear,men,core,2026-05-29 20:40:54.077393+00:00,2026-05-29 20:40:54.077393+00:00,60.48,120.55,14,14,ig9166,sp26e1df3914,adidas,"advantage 2.0 shoes, white",ADIDAS,IG9166,footwear,men,"Advantage 2.0 Shoes, White",2026-05-26,9090000.0,10665000.0,11340000.0,1,1,0,exact_style,0.895,4.0,1,movement_reconstructed,14,14,0.0,0.0,0.0,0,999,30,SP-26E1DF3914|2026-05-26
00000000-0000-0000-0000-000000000001,33af9a84-b075-4959-af0e-de92c89a7840,SP-26E1DF3914,IG9166,Adidas,"Advantage 2.0 Shoes, White",footwear,men,core,2026-05-29 20:40:54.077393+00:00,2026-05-29 20:40:54.077393+00:00,60.48,120.55,14,14,ig9166,sp26e1df3914,adidas,"advantage 2.0 shoes, white",ADIDAS,IG9166,footwear,men,"Advantage 2.0 Shoes, White",2026-06-02,0.0,0.0,0.0,0,0,0,no_match,0.0,,0,movement_reconstructed,14,14,0.0,0.0,0.0,3,999,30,SP-26E1DF3914|2026-06-02
00000000-0000-0000-0000-000000000001,74e0fa40-a9c6-4a28-976e-aeb491c07ae2,SP-C328DB5C58,IG9184,Adidas,"Advantage Base 2.0 Shoes, Black",footwear,men,core,2026-05-29 20:40:54.077393+00:00,2026-05-29 20:40:54.077393+00:00,45.84,103.9,10,10,ig9184,spc328db5c58,adidas,"advantage base 2.0 shoes, black",ADIDAS,IG9184,footwear,men,"Advantage Base 2.0 Shoes, Black",2026-05-26,27.0,4275030.75,8550000.0,2,1,1,exact_style,0.878,4.0,1,movement_reconstructed,10,10,0.0,0.0,0.0,0,999,30,SP-C328DB5C58|2026-05-26
00000000-0000-0000-0000-000000000001,74e0fa40-a9c6-4a28-976e-aeb491c07ae2,SP-C328DB5C58,IG9184,Adidas,"Advantage Base 2.0 Shoes, Black",footwear,men,core,2026-05-29 20:40:54.077393+00:00,2026-05-29 20:40:54.077393+00:00,45.84,103.9,10,10,ig9184,spc328db5c58,adidas,"advantage base 2.0 shoes, black",ADIDAS,IG9184,footwear,men,"Advantage Base 2.0 Shoes, Black",2026-06-02,0.0,0.0,0.0,0,0,0,no_match,0.0,,0,movement_reconstructed,10,10,0.0,0.0,0.0,3,999,30,SP-C328DB5C58|2026-06-02
00000000-0000-0000-0000-000000000001,5bc2d8a0-1dc0-4bf9-8812-bc596283e297,SP-1A5E48962B,JI2316,Adidas,"Barreda Decode Shoes, Black",footwear,men,core,2026-05-29 20:40:54.077393+00:00,2026-05-29 20:40:54.077393+00:00,60.48,121.06,10,10,ji2316,sp1a5e48962b,adidas,"barreda decode shoes, black",ADIDAS,JI2316,footwear,men,"Barreda Decode Shoes, Black",2026-05-26,90.0,4698061.2,12150000.0,2,1,1,exact_style,0.8274,5.0,1,movement_reconstructed,10,10,0.0,0.0,0.0,0,999,30,SP-1A5E48962B|2026-05-26
00000000-0000-0000-0000-000000000001,5bc2d8a0-1dc0-4bf9-8812-bc596283e297,SP-1A5E48962B,JI2316,Adidas,"Barreda Decode Shoes, Black",footwear,men,core,2026-05-29 20:40:54.077393+00:00,2026-05-29 20:40:54.077393+00:00,60.48,121.06,10,10,ji2316,sp1a5e48962b,adidas,"barreda decode shoes, black",ADIDAS,JI2316,footwear,men,"Barreda Decode Shoes, Black",2026-06-02,0.0,0.0,0.0,0,0,0,no_match,0.0,,0,movement_reconstructed,10,10,0.0,0.0,0.0,3,999,30,SP-1A5E48962B|2026-06-02
00000000-0000-0000-0000-000000000001,6c2df56d-1abe-4b1c-9177-df6dbf2912b0,SP-C1FA92617F,JI2318,Adidas,"Barreda Decode Shoes, Green",footwear,men,core,2026-05-29 20:40:54.077393+00:00,2026-05-29 20:40:54.077393+00:00,60.48,123.0,13,13,ji2318,spc1fa92617f,adidas,"barreda decode shoes, green",ADIDAS,JI2318,footwear,men,"Barreda Decode Shoes, Green",2026-05-26,11340000.0,11340000.0,11340000.0,1,0,0,exact_style,1.0,1.0,1,movement_reconstructed,13,13,0.0,0.0,0.0,0,999,30,SP-C1FA92617F|2026-05-26
00000000-0000-0000-0000-000000000001,6c2df56d-1abe-4b1c-9177-df6dbf2912b0,SP-C1FA92617F,JI2318,Adidas,"Barreda Decode Shoes, Green",footwear,men,core,2026-05-29 20:40:54.077393+00:00,2026-05-29 20:40:54.077393+00:00,60.48,123.0,13,13,ji2318,spc1fa92617f,adidas,"barreda decode shoes, green",ADIDAS,JI2318,footwear,men,"Barreda Decode Shoes, Green",2026-06-02,0.0,0.0,0.0,0,0,0,no_match,0.0,,0,movement_reconstructed,13,13,0.0,0.0,0.0,3,999,30,SP-C1FA92617F|2026-06-02
00000000-0000-0000-0000-000000000001,02eb6faf-d5d0-4a9e-8e9d-29ae89061e64,SP-A2D46F25B1,JI2321,Adidas,"Barreda Decode Shoes, White",footwear,women,core,2026-05-29 20:40:54.077393+00:00,2026-05-29 20:40:54.077393+00:00,60.48,136.18,13,13,ji2321,spa2d46f25b1,adidas,"barreda decode shoes, white",ADIDAS,JI2321,footwear,women,"Barreda Decode Shoes, White",2026-05-26,137.0,6240045.666666667,11340000.0,2,0,0,exact_style,0.8763,3.0,1,movement_reconstructed,13,13,0.0,0.0,0.0,0,999,30,SP-A2D46F25B1|2026-05-26
00000000-0000-0000-0000-000000000001,02eb6faf-d5d0-4a9e-8e9d-29ae89061e64,SP-A2D46F25B1,JI2321,Adidas,"Barreda Decode Shoes, White",footwear,women,core,2026-05-29 20:40:54.077393+00:00,2026-05-29 20:40:54.077393+00:00,60.48,136.18,13,13,ji2321,spa2d46f25b1,adidas,"barreda decode shoes, white",ADIDAS,JI2321,footwear,women,"Barreda Decode Shoes, White",2026-06-02,0.0,0.0,0.0,0,0,0,no_match,0.0,,0,movement_reconstructed,13,13,0.0,0.0,0.0,3,999,30,SP-A2D46F25B1|2026-06-02
00000000-0000-0000-0000-000000000001,0307acb0-4435-47ab-be9b-4a0d3b17e59e,SP-C5A9CE6C8D,JI2306,Adidas,"Barreda Shoes, White",footwear,men,core,2026-05-29 20:40:54.077393+00:00,2026-05-29 20:40:54.077393+00:00,45.84,92.69,14,14,ji2306,spc5a9ce6c8d,adidas,"barreda shoes, white",ADIDAS,JI2306,footwear,men,"Barreda Shoes, White",2026-05-26,96.0,5700032.0,8550000.0,2,0,0,exact_style,0.9533,3.0,1,movement_reconstructed,14,14,0.0,0.0,0.0,0,999,30,SP-C5A9CE6C8D|2026-05-26
00000000-0000-0000-0000-000000000001,0307acb0-4435-47ab-be9b-4a0d3b17e59e,SP-C5A9CE6C8D,JI2306,Adidas,"Barreda Shoes, White",footwear,men,core,2026-05-29 20:40:54.077393+00:00,2026-05-29 20:40:54.077393+00:00,45.84,92.69,14,14,ji2306,spc5a9ce6c8d,adidas,"barreda shoes, white",ADIDAS,JI2306,footwear,men,"Barreda Shoes, White",2026-06-02,0.0,0.0,0.0,0,0,0,no_match,0.0,,0,movement_reconstructed,14,14,0.0,0.0,0.0,3,999,30,SP-C5A9CE6C8D|2026-06-02
00000000-0000-0000-0000-000000000001,9f87c456-5f5d-4766-a5f3-4b948766edc0,SP-8C2C7BFBA1,IH1478,Adidas,"Grand Court 3.0 Shoes, White",footwear,men,core,2026-05-29 20:40:54.077393+00:00,2026-05-29 20:40:54.077393+00:00,60.48,121.49,14,14,ih1478,sp8c2c7bfba1,adidas,"grand court 3.0 shoes, white",ADIDAS,IH1478,footwear,men,"Grand Court 3.0 Shoes, White",2026-05-26,85.0,5664031.4,11340000.0,2,2,1,exact_style,0.7986,15.0,1,movement_reconstructed,14,14,0.0,0.0,0.0,0,999,30,SP-8C2C7BFBA1|2026-05-26
00000000-0000-0000-0000-000000000001,9f87c456-5f5d-4766-a5f3-4b948766edc0,SP-8C2C7BFBA1,IH1478,Adidas,"Grand Court 3.0 Shoes, White",footwear,men,core,2026-05-29 20:40:54.077393+00:00,2026-05-29 20:40:54.077393+00:00,60.48,121.49,14,14,ih1478,sp8c2c7bfba1,adidas,"grand court 3.0 shoes, white",ADIDAS,IH1478,footwear,men,"Grand Court 3.0 Shoes, White",2026-06-02,0.0,0.0,0.0,0,0,0,no_match,0.0,,0,movement_reconstructed,14,14,0.0,0.0,0.0,3,999,30,SP-8C2C7BFBA1|2026-06-02
00000000-0000-0000-0000-000000000001,5f4b06ee-ffe2-49c9-b935-fc5a792f5a1e,SP-CF5BCC0FE2,JI4632,Adidas,"Response Super Shoes, White",footwear,unisex,core,2026-05-29 20:40:54.077393+00:00,2026-05-29 20:40:54.077393+00:00,33.12,89.05,12,12,ji4632,spcf5bcc0fe2,adidas,"response super shoes, white",ADIDAS,JI4632,footwear,unisex,"Response Super Shoes, White",2026-05-26,6210000.0,6210000.0,6210000.0,1,1,0,exact_style,1.0,1.0,1,movement_reconstructed,12,12,0.0,0.0,0.0,0,999,30,SP-CF5BCC0FE2|2026-05-26
00000000-0000-0000-0000-000000000001,5f4b06ee-ffe2-49c9-b935-fc5a792f5a1e,SP-CF5BCC0FE2,JI4632,Adidas,"Response Super Shoes, White",footwear,unisex,core,2026-05-29 20:40:54.077393+00:00,2026-05-29 20:40:54.077393+00:00,33.12,89.05,12,12,ji4632,spcf5bcc0fe2,adidas,"response super shoes, white",ADIDAS,JI4632,footwear,unisex,"Response Super Shoes, White",2026-06-02,0.0,0.0,0.0,0,0,0,no_match,0.0,,0,movement_reconstructed,12,12,0.0,0.0,0.0,3,999,30,SP-CF5BCC0FE2|2026-06-02
00000000-0000-0000-0000-000000000001,94142a44-d862-40e9-8932-d9658f1ee6f5,SP-20E084F9D9,BB550,New Balance,New Balance Bb550 Men Lifestyle Shoes Sea Salt/Blue/Angora,footwear,men,seasonal,2026-05-29 20:40:54.077393+00:00,2026-05-29 20:40:54.077393+00:00,56.35,107.38,14,14,bb550,sp20e084f9d9,new balance,new balance bb550 men lifestyle shoes sea salt/blue/angora,NEW BALANCE,BB550,footwear,men,New Balance Bb550 Men Lifestyle Shoes Sea Salt/Blue/Angora,2026-05-26,95.0,104.6,115.0,2,2,1,exact_style,0.8413,5.0,1,movement_reconstructed,14,14,0.0,0.0,0.0,0,999,30,SP-20E084F9D9|2026-05-26
00000000-0000-0000-0000-000000000001,94142a44-d862-40e9-8932-d9658f1ee6f5,SP-20E084F9D9,BB550,New Balance,New Balance Bb550 Men Lifestyle Shoes Sea Salt/Blue/Angora,footwear,men,seasonal,2026-05-29 20:40:54.077393+00:00,2026-05-29 20:40:54.077393+00:00,56.35,107.38,14,14,bb550,sp20e084f9d9,new balance,new balance bb550 men lifestyle shoes sea salt/blue/angora,NEW BALANCE,BB550,footwear,men,New Balance Bb550 Men Lifestyle Shoes Sea Salt/Blue/Angora,2026-06-02,0.0,0.0,0.0,0,0,0,no_match,0.0,,0,movement_reconstructed,14,14,0.0,0.0,0.0,3,999,30,SP-20E084F9D9|2026-06-02
00000000-0000-0000-0000-000000000001,e056bedc-ea79-4b8c-8d66-9e5f21012a8d,SP-48A96BB634,IG8986,Adidas,"4DFWD 3 Running Shoes, Black",footwear,men,core,2026-05-29 20:40:54.077393+00:00,2026-05-29 20:40:54.077393+00:00,99.36,178.84,9,9,ig8986,sp48a96bb634,adidas,"4dfwd 3 running shoes, black",ADIDAS,IG8986,footwear,men,"4DFWD 3 Running Shoes, Black",2026-05-26,18630000.0,18630000.0,18630000.0,1,1,0,exact_style,1.0,1.0,1,movement_reconstructed,9,9,0.0,0.0,0.0,0,999,30,SP-48A96BB634|2026-05-26
00000000-0000-0000-0000-000000000001,e056bedc-ea79-4b8c-8d66-9e5f21012a8d,SP-48A96BB634,IG8986,Adidas,"4DFWD 3 Running Shoes, Black",footwear,men,core,2026-05-29 20:40:54.077393+00:00,2026-05-29 20:40:54.077393+00:00,99.36,178.84,9,9,ig8986,sp48a96bb634,adidas,"4dfwd 3 running shoes, black",ADIDAS,IG8986,footwear,men,"4DFWD 3 Running Shoes, Black",2026-06-02,0.0,0.0,0.0,0,0,0,no_match,0.0,,0,movement_reconstructed,9,9,0.0,0.0,0.0,3,999,30,SP-48A96BB634|2026-06-02
00000000-0000-0000-0000-000000000001,458b6634-5741-485e-9c25-b4e2539fc1d5,SP-3B493D0895,IE5863,Adidas,"4DFWD 4 Running Shoes, White",footwear,men,core,2026-05-29 20:40:54.077393+00:00,2026-05-29 20:40:54.077393+00:00,76.32,185.33,9,9,ie5863,sp3b493d0895,adidas,"4dfwd 4 running shoes, white",ADIDAS,IE5863,footwear,men,"4DFWD 4 Running Shoes, White",2026-05-26,189.0,7155094.5,14310000.0,2,2,0,exact_style,0.9,2.0,1,movement_reconstructed,9,9,0.0,0.0,0.0,0,999,30,SP-3B493D0895|2026-05-26
00000000-0000-0000-0000-000000000001,458b6634-5741-485e-9c25-b4e2539fc1d5,SP-3B493D0895,IE5863,Adidas,"4DFWD 4 Running Shoes, White",footwear,men,core,2026-05-29 20:40:54.077393+00:00,2026-05-29 20:40:54.077393+00:00,76.32,185.33,9,9,ie5863,sp3b493d0895,adidas,"4dfwd 4 running shoes, white",ADIDAS,IE5863,footwear,men,"4DFWD 4 Running Shoes, White",2026-06-02,0.0,0.0,0.0,0,0,0,no_match,0.0,,0,movement_reconstructed,9,9,0.0,0.0,0.0,3,999,30,SP-3B493D0895|2026-06-02
00000000-0000-0000-0000-000000000001,3491bef0-974d-44b1-a66b-b1469bbad32d,SP-28A4947B98,ID3489,Adidas,"4Dfwd 3 Running Shoes, Beige",footwear,men,core,2026-05-29 20:40:54.077393+00:00,2026-05-29 20:40:54.077393+00:00,99.36,185.67,9,9,id3489,sp28a4947b98,adidas,"4dfwd 3 running shoes, beige",ADIDAS,ID3489,footwear,men,"4Dfwd 3 Running Shoes, Beige",2026-05-26,207.0,207.0,207.0,1,1,0,similar_product,0.7564,1.0,1,movement_reconstructed,9,9,0.0,0.0,0.0,0,999,30,SP-28A4947B98|2026-05-26
00000000-0000-0000-0000-000000000001,3491bef0-974d-44b1-a66b-b1469bbad32d,SP-28A4947B98,ID3489,Adidas,"4Dfwd 3 Running Shoes, Beige",footwear,men,core,2026-05-29 20:40:54.077393+00:00,2026-05-29 20:40:54.077393+00:00,99.36,185.67,9,9,id3489,sp28a4947b98,adidas,"4dfwd 3 running shoes, beige",ADIDAS,ID3489,footwear,men,"4Dfwd 3 Running Shoes, Beige",2026-06-02,0.0,0.0,0.0,0,0,0,no_match,0.0,,0,movement_reconstructed,9,9,0.0,0.0,0.0,3,999,30,SP-28A4947B98|2026-06-02
00000000-0000-0000-0000-000000000001,f76219e0-514d-41ff-bc17-5054cbbeb4b9,SP-C48AE249D6,IN192327,New Balance,New Balance 327 Men Lifestyle Shoes Grey/ White,footwear,men,core,2026-05-29 20:40:54.077393+00:00,2026-05-29 20:40:54.077393+00:00,57.82,139.02,10,10,in192327,spc48ae249d6,new balance,new balance 327 men lifestyle shoes grey/ white,NEW BALANCE,IN192327,footwear,men,New Balance 327 Men Lifestyle Shoes Grey/ White,2026-05-26,85.0,115.4,132.0,1,1,1,same_model_family,0.7999,15.0,1,movement_reconstructed,10,10,0.0,0.0,0.0,0,999,30,SP-C48AE249D6|2026-05-26
00000000-0000-0000-0000-000000000001,f76219e0-514d-41ff-bc17-5054cbbeb4b9,SP-C48AE249D6,IN192327,New Balance,New Balance 327 Men Lifestyle Shoes Grey/ White,footwear,men,core,2026-05-29 20:40:54.077393+00:00,2026-05-29 20:40:54.077393+00:00,57.82,139.02,10,10,in192327,spc48ae249d6,new balance,new balance 327 men lifestyle shoes grey/ white,NEW BALANCE,IN192327,footwear,men,New Balance 327 Men Lifestyle Shoes Grey/ White,2026-06-02,0.0,0.0,0.0,0,0,0,no_match,0.0,,0,movement_reconstructed,10,10,0.0,0.0,0.0,3,999,30,SP-C48AE249D6|2026-06-02
00000000-0000-0000-0000-000000000001,1458d463-0ef3-4a0c-90a6-2ea4c87a33f5,1234,AP23941,Abidas,product_test,sniker,Male,Summer,2026-06-02 15:57:18.299678+00:00,2026-06-02 15:57:18.299678+00:00,55.0,99.0,25,25,ap23941,1234,abidas,product test,ABIDAS,AP23941,sniker_product_test,male_product_test,product_test,2026-05-26,0.0,0.0,0.0,0,0,0,no_match,0.0,,0,movement_reconstructed,0,25,0.0,0.0,1.0,0,999,30,1234|2026-05-26
00000000-0000-0000-0000-000000000001,1458d463-0ef3-4a0c-90a6-2ea4c87a33f5,1234,AP23941,Abidas,product_test,sniker,Male,Summer,2026-06-02 15:57:18.299678+00:00,2026-06-02 15:57:18.299678+00:00,55.0,99.0,25,25,ap23941,1234,abidas,product test,ABIDAS,AP23941,sniker_product_test,male_product_test,product_test,2026-06-02,0.0,0.0,0.0,0,0,0,no_match,0.0,,0,movement_reconstructed,25,25,0.0,0.0,0.0,0,999,30,1234|2026-06-02
00000000-0000-0000-0000-000000000001,f79fb000-992f-4a1e-a638-a0e7ce579baf,SP-394123949134,AP12341,Buma,product_Testt,shoes,Female,All,2026-06-02 16:45:24.599377+00:00,2026-06-02 16:45:24.599377+00:00,40.0,80.0,50,50,ap12341,sp394123949134,buma,product testt,BUMA,AP12341,footwear,female_product_testt,product_Testt,2026-05-26,0.0,0.0,0.0,0,0,0,no_match,0.0,,0,movement_reconstructed,0,50,0.0,0.0,1.0,0,999,30,SP-394123949134|2026-05-26
00000000-0000-0000-0000-000000000001,f79fb000-992f-4a1e-a638-a0e7ce579baf,SP-394123949134,AP12341,Buma,product_Testt,shoes,Female,All,2026-06-02 16:45:24.599377+00:00,2026-06-02 16:45:24.599377+00:00,40.0,80.0,50,50,ap12341,sp394123949134,buma,product testt,BUMA,AP12341,footwear,female_product_testt,product_Testt,2026-06-02,0.0,0.0,0.0,0,0,0,no_match,0.0,,0,movement_reconstructed,50,50,0.0,0.0,0.0,0,999,30,SP-394123949134|2026-06-02
00000000-0000-0000-0000-000000000001,90e528f9-371a-4bd6-9c17-1e4d6dd6eff4,SP-B2EA9F6428,IN234837,New Balance,New Balance 327 Men Lifestyle Shoes Tornado,footwear,men,core,2026-05-29 20:40:54.077393+00:00,2026-05-29 20:40:54.077393+00:00,82.81,184.98,14,14,in234837,spb2ea9f6428,new balance,new balance 327 men lifestyle shoes tornado,NEW BALANCE,IN234837,footwear,men,New Balance 327 Men Lifestyle Shoes Tornado,2026-05-26,169.0,169.0,169.0,1,0,0,same_model_family,0.9758,1.0,1,movement_reconstructed,14,14,0.0,0.0,0.0,0,999,30,SP-B2EA9F6428|2026-05-26
00000000-0000-0000-0000-000000000001,90e528f9-371a-4bd6-9c17-1e4d6dd6eff4,SP-B2EA9F6428,IN234837,New Balance,New Balance 327 Men Lifestyle Shoes Tornado,footwear,men,core,2026-05-29 20:40:54.077393+00:00,2026-05-29 20:40:54.077393+00:00,82.81,184.98,14,14,in234837,spb2ea9f6428,new balance,new balance 327 men lifestyle shoes tornado,NEW BALANCE,IN234837,footwear,men,New Balance 327 Men Lifestyle Shoes Tornado,2026-06-02,0.0,0.0,0.0,0,0,0,no_match,0.0,,0,movement_reconstructed,14,14,0.0,0.0,0.0,3,999,30,SP-B2EA9F6428|2026-06-02
00000000-0000-0000-0000-000000000001,4f2256ac-a695-4078-948d-49a94f67d196,SP-5F9B088137,IN226903,New Balance,New Balance 327 Ps-Boys Lifestyle Shoes Black/White,footwear,kids,core,2026-05-29 20:40:54.077393+00:00,2026-05-29 20:40:54.077393+00:00,37.24,82.24,10,10,in226903,sp5f9b088137,new balance,new balance 327 ps boys lifestyle shoes black/white,NEW BALANCE,IN226903,footwear,men,New Balance 327 Ps-Boys Lifestyle Shoes Black/White,2026-05-26,50.0,82.23809523809524,139.0,1,1,1,same_model_family,0.826,21.0,1,movement_reconstructed,10,10,0.0,0.0,0.0,0,999,30,SP-5F9B088137|2026-05-26
00000000-0000-0000-0000-000000000001,4f2256ac-a695-4078-948d-49a94f67d196,SP-5F9B088137,IN226903,New Balance,New Balance 327 Ps-Boys Lifestyle Shoes Black/White,footwear,kids,core,2026-05-29 20:40:54.077393+00:00,2026-05-29 20:40:54.077393+00:00,37.24,82.24,10,10,in226903,sp5f9b088137,new balance,new balance 327 ps boys lifestyle shoes black/white,NEW BALANCE,IN226903,footwear,men,New Balance 327 Ps-Boys Lifestyle Shoes Black/White,2026-06-02,0.0,0.0,0.0,0,0,0,no_match,0.0,,0,movement_reconstructed,10,10,0.0,0.0,0.0,3,999,30,SP-5F9B088137|2026-06-02
00000000-0000-0000-0000-000000000001,b40f9a41-38b9-48ff-a896-e2620a712f32,SP-3346E77C8D,IN226904,New Balance,New Balance 327 Ps-Boys Lifestyle Shoes Silver Birch,footwear,kids,core,2026-05-29 20:40:54.077393+00:00,2026-05-29 20:40:54.077393+00:00,37.24,79.93,10,10,in226904,sp3346e77c8d,new balance,new balance 327 ps boys lifestyle shoes silver birch,NEW BALANCE,IN226904,footwear,men,New Balance 327 Ps-Boys Lifestyle Shoes Silver Birch,2026-05-26,74.0,87.6,125.0,1,1,1,same_model_family,0.8595,5.0,1,movement_reconstructed,10,10,0.0,0.0,0.0,0,999,30,SP-3346E77C8D|2026-05-26
00000000-0000-0000-0000-000000000001,b40f9a41-38b9-48ff-a896-e2620a712f32,SP-3346E77C8D,IN226904,New Balance,New Balance 327 Ps-Boys Lifestyle Shoes Silver Birch,footwear,kids,core,2026-05-29 20:40:54.077393+00:00,2026-05-29 20:40:54.077393+00:00,37.24,79.93,10,10,in226904,sp3346e77c8d,new balance,new balance 327 ps boys lifestyle shoes silver birch,NEW BALANCE,IN226904,footwear,men,New Balance 327 Ps-Boys Lifestyle Shoes Silver Birch,2026-06-02,0.0,0.0,0.0,0,0,0,no_match,0.0,,0,movement_reconstructed,10,10,0.0,0.0,0.0,3,999,30,SP-3346E77C8D|2026-06-02
1af7ee24-c0ef-4059-bca1-08ba7e5378fe,0db61413-7f94-497a-ae1d-7ee979848cca,2452452,OP3053,Abidas,Jeans JJ,pants,Men,FALL,2026-06-03 08:42:01.767115+00:00,2026-06-03 08:42:01.767115+00:00,40.0,75.0,50,50,op3053,2452452,abidas,jeans jj,ABIDAS,OP3053,apparel,men,Jeans JJ,2026-05-26,0.0,0.0,0.0,0,0,0,no_match,0.0,,0,movement_reconstructed,0,50,0.0,0.0,1.0,0,999,30,2452452|2026-05-26
1af7ee24-c0ef-4059-bca1-08ba7e5378fe,0db61413-7f94-497a-ae1d-7ee979848cca,2452452,OP3053,Abidas,Jeans JJ,pants,Men,FALL,2026-06-03 08:42:01.767115+00:00,2026-06-03 08:42:01.767115+00:00,40.0,75.0,50,50,op3053,2452452,abidas,jeans jj,ABIDAS,OP3053,apparel,men,Jeans JJ,2026-06-02,0.0,0.0,0.0,0,0,0,no_match,0.0,,0,movement_reconstructed,50,50,0.0,0.0,0.0,0,999,30,2452452|2026-06-02
1af7ee24-c0ef-4059-bca1-08ba7e5378fe,eee640af-045e-43a8-ba49-41970797a62c,1,2,2,2,2,,,2026-06-03 08:44:28.324946+00:00,2026-06-03 08:44:28.324946+00:00,22.0,2.0,2,2,2,1,2,2,2,2,2_2,2,2,2026-05-26,0.0,0.0,0.0,0,0,0,no_match,0.0,,0,movement_reconstructed,0,2,0.0,0.0,1.0,0,999,30,1|2026-05-26
1af7ee24-c0ef-4059-bca1-08ba7e5378fe,eee640af-045e-43a8-ba49-41970797a62c,1,2,2,2,2,,,2026-06-03 08:44:28.324946+00:00,2026-06-03 08:44:28.324946+00:00,22.0,2.0,2,2,2,1,2,2,2,2,2_2,2,2,2026-06-02,0.0,0.0,0.0,0,0,0,no_match,0.0,,0,movement_reconstructed,2,2,0.0,0.0,0.0,0,999,30,1|2026-06-02
00000000-0000-0000-0000-000000000001,9f35b232-6baf-4a51-8704-0ac87f3089f3,SP-112F8642D1,IN234839,New Balance,New Balance 327 Women Lifestyle Shoes Black,footwear,women,core,2026-05-29 20:40:54.077393+00:00,2026-05-29 20:40:54.077393+00:00,90.65,200.68,14,14,in234839,sp112f8642d1,new balance,new balance 327 women lifestyle shoes black,NEW BALANCE,IN234839,footwear,women,New Balance 327 Women Lifestyle Shoes Black,2026-05-26,85.0,184.8181818181818,275.0,1,1,1,same_model_family,0.7982,22.0,1,movement_reconstructed,14,14,0.0,0.0,0.0,0,999,30,SP-112F8642D1|2026-05-26
00000000-0000-0000-0000-000000000001,9f35b232-6baf-4a51-8704-0ac87f3089f3,SP-112F8642D1,IN234839,New Balance,New Balance 327 Women Lifestyle Shoes Black,footwear,women,core,2026-05-29 20:40:54.077393+00:00,2026-05-29 20:40:54.077393+00:00,90.65,200.68,14,14,in234839,sp112f8642d1,new balance,new balance 327 women lifestyle shoes black,NEW BALANCE,IN234839,footwear,women,New Balance 327 Women Lifestyle Shoes Black,2026-06-02,0.0,0.0,0.0,0,0,0,no_match,0.0,,0,movement_reconstructed,14,14,0.0,0.0,0.0,3,999,30,SP-112F8642D1|2026-06-02
00000000-0000-0000-0000-000000000001,82f41692-91d1-4c6f-a2db-332675eb5845,SP-7B8C3CDB88,IN234908,New Balance,New Balance 327 Women Lifestyle Shoes Black/Sea Salt,footwear,women,core,2026-05-29 20:40:54.077393+00:00,2026-05-29 20:40:54.077393+00:00,82.81,183.9,9,9,in234908,sp7b8c3cdb88,new balance,new balance 327 women lifestyle shoes black/sea salt,NEW BALANCE,IN234908,footwear,women,New Balance 327 Women Lifestyle Shoes Black/Sea Salt,2026-05-26,50.0,149.83333333333334,255.0,1,1,1,same_model_family,0.8381,12.0,1,movement_reconstructed,9,9,0.0,0.0,0.0,0,999,30,SP-7B8C3CDB88|2026-05-26
00000000-0000-0000-0000-000000000001,82f41692-91d1-4c6f-a2db-332675eb5845,SP-7B8C3CDB88,IN234908,New Balance,New Balance 327 Women Lifestyle Shoes Black/Sea Salt,footwear,women,core,2026-05-29 20:40:54.077393+00:00,2026-05-29 20:40:54.077393+00:00,82.81,183.9,9,9,in234908,sp7b8c3cdb88,new balance,new balance 327 women lifestyle shoes black/sea salt,NEW BALANCE,IN234908,footwear,women,New Balance 327 Women Lifestyle Shoes Black/Sea Salt,2026-06-02,0.0,0.0,0.0,0,0,0,no_match,0.0,,0,movement_reconstructed,9,9,0.0,0.0,0.0,3,999,30,SP-7B8C3CDB88|2026-06-02
00000000-0000-0000-0000-000000000001,526494b8-abce-4020-98ae-6ede67597433,SP-4BFC3223D5,IN218014,New Balance,New Balance 327 Women Lifestyle Shoes Moonbeam,footwear,women,core,2026-05-29 20:40:54.077393+00:00,2026-05-29 20:40:54.077393+00:00,82.81,205.09,10,10,in218014,sp4bfc3223d5,new balance,new balance 327 women lifestyle shoes moonbeam,NEW BALANCE,IN218014,footwear,women,New Balance 327 Women Lifestyle Shoes Moonbeam,2026-05-26,118.0,143.5,169.0,1,1,1,same_model_family,0.9003,6.0,1,movement_reconstructed,10,10,0.0,0.0,0.0,0,999,30,SP-4BFC3223D5|2026-05-26
00000000-0000-0000-0000-000000000001,526494b8-abce-4020-98ae-6ede67597433,SP-4BFC3223D5,IN218014,New Balance,New Balance 327 Women Lifestyle Shoes Moonbeam,footwear,women,core,2026-05-29 20:40:54.077393+00:00,2026-05-29 20:40:54.077393+00:00,82.81,205.09,10,10,in218014,sp4bfc3223d5,new balance,new balance 327 women lifestyle shoes moonbeam,NEW BALANCE,IN218014,footwear,women,New Balance 327 Women Lifestyle Shoes Moonbeam,2026-06-02,0.0,0.0,0.0,0,0,0,no_match,0.0,,0,movement_reconstructed,10,10,0.0,0.0,0.0,3,999,30,SP-4BFC3223D5|2026-06-02
00000000-0000-0000-0000-000000000001,8bd5acca-1f1e-409e-be20-e4b0a4385e2f,SP-EED5158BD6,IN219806,New Balance,New Balance 327 Women Lifestyle Shoes Moonbeam/Stone Pink,footwear,women,core,2026-05-29 20:40:54.077393+00:00,2026-05-29 20:40:54.077393+00:00,82.81,177.62,13,13,in219806,speed5158bd6,new balance,new balance 327 women lifestyle shoes moonbeam/stone pink,NEW BALANCE,IN219806,footwear,women,New Balance 327 Women Lifestyle Shoes Moonbeam/Stone Pink,2026-05-26,129.0,144.4,169.0,1,1,1,same_model_family,0.7805,5.0,1,movement_reconstructed,13,13,0.0,0.0,0.0,0,999,30,SP-EED5158BD6|2026-05-26
00000000-0000-0000-0000-000000000001,8bd5acca-1f1e-409e-be20-e4b0a4385e2f,SP-EED5158BD6,IN219806,New Balance,New Balance 327 Women Lifestyle Shoes Moonbeam/Stone Pink,footwear,women,core,2026-05-29 20:40:54.077393+00:00,2026-05-29 20:40:54.077393+00:00,82.81,177.62,13,13,in219806,speed5158bd6,new balance,new balance 327 women lifestyle shoes moonbeam/stone pink,NEW BALANCE,IN219806,footwear,women,New Balance 327 Women Lifestyle Shoes Moonbeam/Stone Pink,2026-06-02,0.0,0.0,0.0,0,0,0,no_match,0.0,,0,movement_reconstructed,13,13,0.0,0.0,0.0,3,999,30,SP-EED5158BD6|2026-06-02
00000000-0000-0000-0000-000000000001,62bae7aa-36fd-430d-82cb-6f11853a4a34,SP-A09457D613,IN235324,Nike,Nike Air Force 1 '07 Next Nature Women Lifestyle Shoes White/Linen,footwear,women,core,2026-05-29 20:40:54.077393+00:00,2026-05-29 20:40:54.077393+00:00,97.29,205.13,12,12,in235324,spa09457d613,nike,nike air force 1 '07 next nature women lifestyle shoes white/linen,NIKE,IN235324,footwear,women,Nike Air Force 1 '07 Next Nature Women Lifestyle Shoes White/Linen,2026-05-26,207.0,207.0,207.0,1,0,0,same_model_family,0.98,1.0,1,movement_reconstructed,12,12,0.0,0.0,0.0,0,999,30,SP-A09457D613|2026-05-26
00000000-0000-0000-0000-000000000001,62bae7aa-36fd-430d-82cb-6f11853a4a34,SP-A09457D613,IN235324,Nike,Nike Air Force 1 '07 Next Nature Women Lifestyle Shoes White/Linen,footwear,women,core,2026-05-29 20:40:54.077393+00:00,2026-05-29 20:40:54.077393+00:00,97.29,205.13,12,12,in235324,spa09457d613,nike,nike air force 1 '07 next nature women lifestyle shoes white/linen,NIKE,IN235324,footwear,women,Nike Air Force 1 '07 Next Nature Women Lifestyle Shoes White/Linen,2026-06-02,0.0,0.0,0.0,0,0,0,no_match,0.0,,0,movement_reconstructed,12,12,0.0,0.0,0.0,3,999,30,SP-A09457D613|2026-06-02
00000000-0000-0000-0000-000000000001,9c79480c-6ed6-47b4-82c9-1ecc04656fd0,SP-6C4030E8BF,ID3499,Adidas,"4Dfwd 3 Running Shoes, Beige",footwear,women,core,2026-05-29 20:40:54.077393+00:00,2026-05-29 20:40:54.077393+00:00,99.36,217.2,10,10,id3499,sp6c4030e8bf,adidas,"4dfwd 3 running shoes, beige",ADIDAS,ID3499,footwear,women,"4Dfwd 3 Running Shoes, Beige",2026-05-26,18630000.0,18630000.0,18630000.0,1,1,0,exact_style,1.0,1.0,1,movement_reconstructed,10,10,0.0,0.0,0.0,0,999,30,SP-6C4030E8BF|2026-05-26
00000000-0000-0000-0000-000000000001,9c79480c-6ed6-47b4-82c9-1ecc04656fd0,SP-6C4030E8BF,ID3499,Adidas,"4Dfwd 3 Running Shoes, Beige",footwear,women,core,2026-05-29 20:40:54.077393+00:00,2026-05-29 20:40:54.077393+00:00,99.36,217.2,10,10,id3499,sp6c4030e8bf,adidas,"4dfwd 3 running shoes, beige",ADIDAS,ID3499,footwear,women,"4Dfwd 3 Running Shoes, Beige",2026-06-02,0.0,0.0,0.0,0,0,0,no_match,0.0,,0,movement_reconstructed,10,10,0.0,0.0,0.0,3,999,30,SP-6C4030E8BF|2026-06-02
00000000-0000-0000-0000-000000000001,1499abd0-45c5-4896-a2aa-0a90217d73fc,SP-1DE83EF0B0,IN236715,Crocs,Crocs All Day Women Lifestyle Slippers White,footwear,women,core,2026-05-29 20:40:54.077393+00:00,2026-05-29 20:40:54.077393+00:00,18.72,31.42,10,10,in236715,sp1de83ef0b0,crocs,crocs all day women lifestyle slippers white,CROCS,IN236715,lifestyle,women,Crocs All Day Women Lifestyle Slippers White,2026-05-26,0.0,0.0,0.0,0,0,0,no_match,0.0,,0,movement_reconstructed,10,10,0.0,0.0,0.0,0,999,30,SP-1DE83EF0B0|2026-05-26
00000000-0000-0000-0000-000000000001,1499abd0-45c5-4896-a2aa-0a90217d73fc,SP-1DE83EF0B0,IN236715,Crocs,Crocs All Day Women Lifestyle Slippers White,footwear,women,core,2026-05-29 20:40:54.077393+00:00,2026-05-29 20:40:54.077393+00:00,18.72,31.42,10,10,in236715,sp1de83ef0b0,crocs,crocs all day women lifestyle slippers white,CROCS,IN236715,lifestyle,women,Crocs All Day Women Lifestyle Slippers White,2026-06-02,0.0,0.0,0.0,0,0,0,no_match,0.0,,0,movement_reconstructed,10,10,0.0,0.0,0.0,3,999,30,SP-1DE83EF0B0|2026-06-02
00000000-0000-0000-0000-000000000001,6e07a75c-58f1-4379-8a5d-625a69baa5db,SP-5FCBB664AF,IN224595,Crocs,Crocs Bae Women Lifestyle Clog Milk Chocolate,footwear,women,core,2026-05-29 20:40:54.077393+00:00,2026-05-29 20:40:54.077393+00:00,43.68,83.53,9,9,in224595,sp5fcbb664af,crocs,crocs bae women lifestyle clog milk chocolate,CROCS,IN224595,footwear,women,Crocs Bae Women Lifestyle Clog Milk Chocolate,2026-05-26,59.0,59.0,59.0,1,1,0,same_model_family,0.9178,2.0,1,movement_reconstructed,9,9,0.0,0.0,0.0,0,999,30,SP-5FCBB664AF|2026-05-26
00000000-0000-0000-0000-000000000001,6e07a75c-58f1-4379-8a5d-625a69baa5db,SP-5FCBB664AF,IN224595,Crocs,Crocs Bae Women Lifestyle Clog Milk Chocolate,footwear,women,core,2026-05-29 20:40:54.077393+00:00,2026-05-29 20:40:54.077393+00:00,43.68,83.53,9,9,in224595,sp5fcbb664af,crocs,crocs bae women lifestyle clog milk chocolate,CROCS,IN224595,footwear,women,Crocs Bae Women Lifestyle Clog Milk Chocolate,2026-06-02,0.0,0.0,0.0,0,0,0,no_match,0.0,,0,movement_reconstructed,9,9,0.0,0.0,0.0,3,999,30,SP-5FCBB664AF|2026-06-02
00000000-0000-0000-0000-000000000001,0feb63d1-e276-4e45-86b2-750dbad37a45,SP-D066E902D0,IN234716,New Balance,New Balance 1080V15 Men Running Shoes Afterglow,footwear,men,core,2026-05-29 20:40:54.077393+00:00,2026-05-29 20:40:54.077393+00:00,134.75,273.3,12,12,in234716,spd066e902d0,new balance,new balance 1080v15 men running shoes afterglow,NEW BALANCE,IN234716,footwear,men,New Balance 1080V15 Men Running Shoes Afterglow,2026-05-26,275.0,275.0,275.0,1,0,0,same_model_family,0.98,1.0,1,movement_reconstructed,12,12,0.0,0.0,0.0,0,999,30,SP-D066E902D0|2026-05-26
00000000-0000-0000-0000-000000000001,0feb63d1-e276-4e45-86b2-750dbad37a45,SP-D066E902D0,IN234716,New Balance,New Balance 1080V15 Men Running Shoes Afterglow,footwear,men,core,2026-05-29 20:40:54.077393+00:00,2026-05-29 20:40:54.077393+00:00,134.75,273.3,12,12,in234716,spd066e902d0,new balance,new balance 1080v15 men running shoes afterglow,NEW BALANCE,IN234716,footwear,men,New Balance 1080V15 Men Running Shoes Afterglow,2026-06-02,0.0,0.0,0.0,0,0,0,no_match,0.0,,0,movement_reconstructed,12,12,0.0,0.0,0.0,3,999,30,SP-D066E902D0|2026-06-02
00000000-0000-0000-0000-000000000001,13147039-b84f-4431-a73c-e7ce83ad42ad,SP-B2BF00C26E,IN226798,New Balance,New Balance 1906R Unisex Lifestyle Shoes Harbor Grey,footwear,unisex,core,2026-05-29 20:40:54.077393+00:00,2026-05-29 20:40:54.077393+00:00,134.75,303.52,12,12,in226798,spb2bf00c26e,new balance,new balance 1906r unisex lifestyle shoes harbor grey,NEW BALANCE,IN226798,footwear,unisex,New Balance 1906R Unisex Lifestyle Shoes Harbor Grey,2026-05-26,275.0,275.0,275.0,1,0,1,same_model_family,0.927,2.0,1,movement_reconstructed,12,12,0.0,0.0,0.0,0,999,30,SP-B2BF00C26E|2026-05-26
00000000-0000-0000-0000-000000000001,13147039-b84f-4431-a73c-e7ce83ad42ad,SP-B2BF00C26E,IN226798,New Balance,New Balance 1906R Unisex Lifestyle Shoes Harbor Grey,footwear,unisex,core,2026-05-29 20:40:54.077393+00:00,2026-05-29 20:40:54.077393+00:00,134.75,303.52,12,12,in226798,spb2bf00c26e,new balance,new balance 1906r unisex lifestyle shoes harbor grey,NEW BALANCE,IN226798,footwear,unisex,New Balance 1906R Unisex Lifestyle Shoes Harbor Grey,2026-06-02,0.0,0.0,0.0,0,0,0,no_match,0.0,,0,movement_reconstructed,12,12,0.0,0.0,0.0,3,999,30,SP-B2BF00C26E|2026-06-02
00000000-0000-0000-0000-000000000001,ac0fab96-98cc-4731-b893-51d925a095c2,SP-A0C279D81B,IN209467,New Balance,New Balance 327 Men Lifestyle Shoes Black/White,footwear,men,core,2026-05-29 20:40:54.077393+00:00,2026-05-29 20:40:54.077393+00:00,82.81,179.43,13,13,in209467,spa0c279d81b,new balance,new balance 327 men lifestyle shoes black/white,NEW BALANCE,IN209467,footwear,men,New Balance 327 Men Lifestyle Shoes Black/White,2026-05-26,160.0,182.16666666666666,255.0,1,1,1,same_model_family,0.7891,6.0,1,movement_reconstructed,13,13,0.0,0.0,0.0,0,999,30,SP-A0C279D81B|2026-05-26
00000000-0000-0000-0000-000000000001,ac0fab96-98cc-4731-b893-51d925a095c2,SP-A0C279D81B,IN209467,New Balance,New Balance 327 Men Lifestyle Shoes Black/White,footwear,men,core,2026-05-29 20:40:54.077393+00:00,2026-05-29 20:40:54.077393+00:00,82.81,179.43,13,13,in209467,spa0c279d81b,new balance,new balance 327 men lifestyle shoes black/white,NEW BALANCE,IN209467,footwear,men,New Balance 327 Men Lifestyle Shoes Black/White,2026-06-02,0.0,0.0,0.0,0,0,0,no_match,0.0,,0,movement_reconstructed,13,13,0.0,0.0,0.0,3,999,30,SP-A0C279D81B|2026-06-02
00000000-0000-0000-0000-000000000001,109e184c-0338-4852-be02-f4b3089f1c09,SP-74302C346B,IN232337,Nike,Nike Air Force 1 '07 Women Lifestyle Shoes Burgundy Crush,footwear,women,core,2026-05-29 20:40:54.077393+00:00,2026-05-29 20:40:54.077393+00:00,79.43,184.18,9,9,in232337,sp74302c346b,nike,nike air force 1 '07 women lifestyle shoes burgundy crush,NIKE,IN232337,footwear,women,Nike Air Force 1 '07 Women Lifestyle Shoes Burgundy Crush,2026-05-26,148.0,148.0,148.0,1,1,1,same_model_family,0.945,1.0,1,movement_reconstructed,9,9,0.0,0.0,0.0,0,999,30,SP-74302C346B|2026-05-26
00000000-0000-0000-0000-000000000001,109e184c-0338-4852-be02-f4b3089f1c09,SP-74302C346B,IN232337,Nike,Nike Air Force 1 '07 Women Lifestyle Shoes Burgundy Crush,footwear,women,core,2026-05-29 20:40:54.077393+00:00,2026-05-29 20:40:54.077393+00:00,79.43,184.18,9,9,in232337,sp74302c346b,nike,nike air force 1 '07 women lifestyle shoes burgundy crush,NIKE,IN232337,footwear,women,Nike Air Force 1 '07 Women Lifestyle Shoes Burgundy Crush,2026-06-02,0.0,0.0,0.0,0,0,0,no_match,0.0,,0,movement_reconstructed,9,9,0.0,0.0,0.0,3,999,30,SP-74302C346B|2026-06-02
00000000-0000-0000-0000-000000000001,d8ad334a-8b5a-424c-956a-9ebc4a623862,SP-23392C79BE,IN237338,Nike,Nike Air Force 1 '07 Women Lifestyle Shoes Midnight Navy/Black,footwear,women,core,2026-05-29 20:40:54.077393+00:00,2026-05-29 20:40:54.077393+00:00,105.75,246.76,9,9,in237338,sp23392c79be,nike,nike air force 1 '07 women lifestyle shoes midnight navy/black,NIKE,IN237338,footwear,women,Nike Air Force 1 '07 Women Lifestyle Shoes Midnight Navy/Black,2026-05-26,225.0,251.0,277.0,1,0,1,same_model_family,0.8219,4.0,1,movement_reconstructed,9,9,0.0,0.0,0.0,0,999,30,SP-23392C79BE|2026-05-26
00000000-0000-0000-0000-000000000001,d8ad334a-8b5a-424c-956a-9ebc4a623862,SP-23392C79BE,IN237338,Nike,Nike Air Force 1 '07 Women Lifestyle Shoes Midnight Navy/Black,footwear,women,core,2026-05-29 20:40:54.077393+00:00,2026-05-29 20:40:54.077393+00:00,105.75,246.76,9,9,in237338,sp23392c79be,nike,nike air force 1 '07 women lifestyle shoes midnight navy/black,NIKE,IN237338,footwear,women,Nike Air Force 1 '07 Women Lifestyle Shoes Midnight Navy/Black,2026-06-02,0.0,0.0,0.0,0,0,0,no_match,0.0,,0,movement_reconstructed,9,9,0.0,0.0,0.0,3,999,30,SP-23392C79BE|2026-06-02
00000000-0000-0000-0000-000000000001,8f23027c-fb8a-42d7-8190-f7e83e80d98b,SP-DC2D1E2F28,IN232278,Nike,Nike Air Force 1 07 Gtx Men Lifestyle Shoes Fauna Brown/Black,footwear,men,core,2026-05-29 20:40:54.077393+00:00,2026-05-29 20:40:54.077393+00:00,91.18,189.35,10,10,in232278,spdc2d1e2f28,nike,nike air force 1 07 gtx men lifestyle shoes fauna brown/black,NIKE,IN232278,footwear,men,Nike Air Force 1 07 Gtx Men Lifestyle Shoes Fauna Brown/Black,2026-05-26,170.0,170.0,170.0,1,1,1,same_model_family,0.9714,1.0,1,movement_reconstructed,10,10,0.0,0.0,0.0,0,999,30,SP-DC2D1E2F28|2026-05-26
00000000-0000-0000-0000-000000000001,8f23027c-fb8a-42d7-8190-f7e83e80d98b,SP-DC2D1E2F28,IN232278,Nike,Nike Air Force 1 07 Gtx Men Lifestyle Shoes Fauna Brown/Black,footwear,men,core,2026-05-29 20:40:54.077393+00:00,2026-05-29 20:40:54.077393+00:00,91.18,189.35,10,10,in232278,spdc2d1e2f28,nike,nike air force 1 07 gtx men lifestyle shoes fauna brown/black,NIKE,IN232278,footwear,men,Nike Air Force 1 07 Gtx Men Lifestyle Shoes Fauna Brown/Black,2026-06-02,0.0,0.0,0.0,0,0,0,no_match,0.0,,0,movement_reconstructed,10,10,0.0,0.0,0.0,3,999,30,SP-DC2D1E2F28|2026-06-02
00000000-0000-0000-0000-000000000001,93d6b649-7e17-4638-be2b-ca5a905becf8,SP-7DAC8BE0F9,IN237517,Nike,Nike Air Force 1 07 Lv8 Men Lifestyle Shoes Anthracite/Grey,footwear,men,core,2026-05-29 20:40:54.077393+00:00,2026-05-29 20:40:54.077393+00:00,105.75,273.82,10,10,in237517,sp7dac8be0f9,nike,nike air force 1 07 lv8 men lifestyle shoes anthracite/grey,NIKE,IN237517,footwear,men,Nike Air Force 1 07 Lv8 Men Lifestyle Shoes Anthracite/Grey,2026-05-26,225.0,225.0,225.0,1,0,0,same_model_family,0.9501,1.0,1,movement_reconstructed,10,10,0.0,0.0,0.0,0,999,30,SP-7DAC8BE0F9|2026-05-26
00000000-0000-0000-0000-000000000001,93d6b649-7e17-4638-be2b-ca5a905becf8,SP-7DAC8BE0F9,IN237517,Nike,Nike Air Force 1 07 Lv8 Men Lifestyle Shoes Anthracite/Grey,footwear,men,core,2026-05-29 20:40:54.077393+00:00,2026-05-29 20:40:54.077393+00:00,105.75,273.82,10,10,in237517,sp7dac8be0f9,nike,nike air force 1 07 lv8 men lifestyle shoes anthracite/grey,NIKE,IN237517,footwear,men,Nike Air Force 1 07 Lv8 Men Lifestyle Shoes Anthracite/Grey,2026-06-02,0.0,0.0,0.0,0,0,0,no_match,0.0,,0,movement_reconstructed,10,10,0.0,0.0,0.0,3,999,30,SP-7DAC8BE0F9|2026-06-02
00000000-0000-0000-0000-000000000001,a09fb758-65ef-4f93-8b5c-e6e1f9fd4efe,SP-A4B321429E,IN232104,Nike,Nike Air Force 1 07 Lv8 Men Lifestyle Shoes Black/Wolf Grey,footwear,men,core,2026-05-29 20:40:54.077393+00:00,2026-05-29 20:40:54.077393+00:00,72.85,160.86,13,13,in232104,spa4b321429e,nike,nike air force 1 07 lv8 men lifestyle shoes black/wolf grey,NIKE,IN232104,footwear,men,Nike Air Force 1 07 Lv8 Men Lifestyle Shoes Black/Wolf Grey,2026-05-26,135.0,153.93333333333334,207.0,1,1,1,same_model_family,0.8879,15.0,1,movement_reconstructed,13,13,0.0,0.0,0.0,0,999,30,SP-A4B321429E|2026-05-26
00000000-0000-0000-0000-000000000001,a09fb758-65ef-4f93-8b5c-e6e1f9fd4efe,SP-A4B321429E,IN232104,Nike,Nike Air Force 1 07 Lv8 Men Lifestyle Shoes Black/Wolf Grey,footwear,men,core,2026-05-29 20:40:54.077393+00:00,2026-05-29 20:40:54.077393+00:00,72.85,160.86,13,13,in232104,spa4b321429e,nike,nike air force 1 07 lv8 men lifestyle shoes black/wolf grey,NIKE,IN232104,footwear,men,Nike Air Force 1 07 Lv8 Men Lifestyle Shoes Black/Wolf Grey,2026-06-02,0.0,0.0,0.0,0,0,0,no_match,0.0,,0,movement_reconstructed,13,13,0.0,0.0,0.0,3,999,30,SP-A4B321429E|2026-06-02
00000000-0000-0000-0000-000000000001,842f394c-c9d8-4d6e-b82c-ddf0d8e59e77,SP-DCBF4E8148,IN171152,Nike,Nike Air Force 1 07 Men Lifestyle Shoes White/Black,footwear,men,core,2026-05-29 20:40:54.077393+00:00,2026-05-29 20:40:54.077393+00:00,97.29,213.98,13,13,in171152,spdcbf4e8148,nike,nike air force 1 07 men lifestyle shoes white/black,NIKE,IN171152,footwear,men,Nike Air Force 1 07 Men Lifestyle Shoes White/Black,2026-05-26,148.0,196.75,225.0,1,1,1,same_model_family,0.9286,8.0,1,movement_reconstructed,13,13,0.0,0.0,0.0,0,999,30,SP-DCBF4E8148|2026-05-26
00000000-0000-0000-0000-000000000001,842f394c-c9d8-4d6e-b82c-ddf0d8e59e77,SP-DCBF4E8148,IN171152,Nike,Nike Air Force 1 07 Men Lifestyle Shoes White/Black,footwear,men,core,2026-05-29 20:40:54.077393+00:00,2026-05-29 20:40:54.077393+00:00,97.29,213.98,13,13,in171152,spdcbf4e8148,nike,nike air force 1 07 men lifestyle shoes white/black,NIKE,IN171152,footwear,men,Nike Air Force 1 07 Men Lifestyle Shoes White/Black,2026-06-02,0.0,0.0,0.0,0,0,0,no_match,0.0,,0,movement_reconstructed,13,13,0.0,0.0,0.0,3,999,30,SP-DCBF4E8148|2026-06-02
00000000-0000-0000-0000-000000000001,34638b59-0dec-4073-b4cc-dc62ab281f7c,SP-672C269E79,IN227178,Nike,Nike Air Force 1 07 Next Nature Women Lifestyle Shoes White/Silver,footwear,women,core,2026-05-29 20:40:54.077393+00:00,2026-05-29 20:40:54.077393+00:00,72.85,137.11,10,10,in227178,sp672c269e79,nike,nike air force 1 07 next nature women lifestyle shoes white/silver,NIKE,IN227178,footwear,women,Nike Air Force 1 07 Next Nature Women Lifestyle Shoes White/Silver,2026-05-26,97.0,130.14285714285714,136.0,1,1,1,same_model_family,0.8334,7.0,1,movement_reconstructed,10,10,0.0,0.0,0.0,0,999,30,SP-672C269E79|2026-05-26
00000000-0000-0000-0000-000000000001,34638b59-0dec-4073-b4cc-dc62ab281f7c,SP-672C269E79,IN227178,Nike,Nike Air Force 1 07 Next Nature Women Lifestyle Shoes White/Silver,footwear,women,core,2026-05-29 20:40:54.077393+00:00,2026-05-29 20:40:54.077393+00:00,72.85,137.11,10,10,in227178,sp672c269e79,nike,nike air force 1 07 next nature women lifestyle shoes white/silver,NIKE,IN227178,footwear,women,Nike Air Force 1 07 Next Nature Women Lifestyle Shoes White/Silver,2026-06-02,0.0,0.0,0.0,0,0,0,no_match,0.0,,0,movement_reconstructed,10,10,0.0,0.0,0.0,3,999,30,SP-672C269E79|2026-06-02
00000000-0000-0000-0000-000000000001,49848aa5-7476-41dd-aca5-e565c68a9b05,SP-5B19015206,IN237354,Nike,Nike Air Force 1 07 Premium Flowers Women Lifestyle Shoes Black/White/Gold,footwear,women,core,2026-05-29 20:40:54.077393+00:00,2026-05-29 20:40:54.077393+00:00,105.75,217.81,10,10,in237354,sp5b19015206,nike,nike air force 1 07 premium flowers women lifestyle shoes black/white/gold,NIKE,IN237354,footwear,women,Nike Air Force 1 07 Premium Flowers Women Lifestyle Shoes Black/White/Gold,2026-05-26,225.0,225.0,225.0,1,0,0,same_model_family,0.9456,2.0,1,movement_reconstructed,10,10,0.0,0.0,0.0,0,999,30,SP-5B19015206|2026-05-26
00000000-0000-0000-0000-000000000001,49848aa5-7476-41dd-aca5-e565c68a9b05,SP-5B19015206,IN237354,Nike,Nike Air Force 1 07 Premium Flowers Women Lifestyle Shoes Black/White/Gold,footwear,women,core,2026-05-29 20:40:54.077393+00:00,2026-05-29 20:40:54.077393+00:00,105.75,217.81,10,10,in237354,sp5b19015206,nike,nike air force 1 07 premium flowers women lifestyle shoes black/white/gold,NIKE,IN237354,footwear,women,Nike Air Force 1 07 Premium Flowers Women Lifestyle Shoes Black/White/Gold,2026-06-02,0.0,0.0,0.0,0,0,0,no_match,0.0,,0,movement_reconstructed,10,10,0.0,0.0,0.0,3,999,30,SP-5B19015206|2026-06-02
00000000-0000-0000-0000-000000000001,c8b2e538-6796-4d6e-aec6-b8499cd6f894,SP-F32E6859B7,IN232335,Nike,Nike Air Force 1 07 Vintage Women Lifestyle Shoes Burgundy/Silvr/White,footwear,women,core,2026-05-29 20:40:54.077393+00:00,2026-05-29 20:40:54.077393+00:00,79.43,189.44,12,12,in232335,spf32e6859b7,nike,nike air force 1 07 vintage women lifestyle shoes burgundy/silvr/white,NIKE,IN232335,footwear,women,Nike Air Force 1 07 Vintage Women Lifestyle Shoes Burgundy/Silvr/White,2026-05-26,148.0,148.0,148.0,1,1,1,same_model_family,0.9387,1.0,1,movement_reconstructed,12,12,0.0,0.0,0.0,0,999,30,SP-F32E6859B7|2026-05-26
00000000-0000-0000-0000-000000000001,c8b2e538-6796-4d6e-aec6-b8499cd6f894,SP-F32E6859B7,IN232335,Nike,Nike Air Force 1 07 Vintage Women Lifestyle Shoes Burgundy/Silvr/White,footwear,women,core,2026-05-29 20:40:54.077393+00:00,2026-05-29 20:40:54.077393+00:00,79.43,189.44,12,12,in232335,spf32e6859b7,nike,nike air force 1 07 vintage women lifestyle shoes burgundy/silvr/white,NIKE,IN232335,footwear,women,Nike Air Force 1 07 Vintage Women Lifestyle Shoes Burgundy/Silvr/White,2026-06-02,0.0,0.0,0.0,0,0,0,no_match,0.0,,0,movement_reconstructed,12,12,0.0,0.0,0.0,3,999,30,SP-F32E6859B7|2026-06-02
00000000-0000-0000-0000-000000000001,0df79869-504e-43a9-a388-92a06d67d5db,SP-DB0AA24C01,IN199973,Nike,Nike Air Force 1 07 Wb Men Lifestyle Shoes Flax/Gum/Black,footwear,men,core,2026-05-29 20:40:54.077393+00:00,2026-05-29 20:40:54.077393+00:00,72.85,169.9,12,12,in199973,spdb0aa24c01,nike,nike air force 1 07 wb men lifestyle shoes flax/gum/black,NIKE,IN199973,footwear,men,Nike Air Force 1 07 Wb Men Lifestyle Shoes Flax/Gum/Black,2026-05-26,136.0,136.0,136.0,1,1,1,same_model_family,0.9441,1.0,1,movement_reconstructed,12,12,0.0,0.0,0.0,0,999,30,SP-DB0AA24C01|2026-05-26
00000000-0000-0000-0000-000000000001,0df79869-504e-43a9-a388-92a06d67d5db,SP-DB0AA24C01,IN199973,Nike,Nike Air Force 1 07 Wb Men Lifestyle Shoes Flax/Gum/Black,footwear,men,core,2026-05-29 20:40:54.077393+00:00,2026-05-29 20:40:54.077393+00:00,72.85,169.9,12,12,in199973,spdb0aa24c01,nike,nike air force 1 07 wb men lifestyle shoes flax/gum/black,NIKE,IN199973,footwear,men,Nike Air Force 1 07 Wb Men Lifestyle Shoes Flax/Gum/Black,2026-06-02,0.0,0.0,0.0,0,0,0,no_match,0.0,,0,movement_reconstructed,12,12,0.0,0.0,0.0,3,999,30,SP-DB0AA24C01|2026-06-02
00000000-0000-0000-0000-000000000001,f2a98a9f-cab9-4315-8ec3-4b456615566d,SP-754C50418D,IN232277,Nike,Nike Air Force 1 07 Wb Men Lifestyle Shoes Wolf Grey/Black,footwear,men,core,2026-05-29 20:40:54.077393+00:00,2026-05-29 20:40:54.077393+00:00,72.85,179.91,9,9,in232277,sp754c50418d,nike,nike air force 1 07 wb men lifestyle shoes wolf grey/black,NIKE,IN232277,footwear,men,Nike Air Force 1 07 Wb Men Lifestyle Shoes Wolf Grey/Black,2026-05-26,136.0,136.0,136.0,1,1,1,same_model_family,0.9317,1.0,1,movement_reconstructed,9,9,0.0,0.0,0.0,0,999,30,SP-754C50418D|2026-05-26
00000000-0000-0000-0000-000000000001,f2a98a9f-cab9-4315-8ec3-4b456615566d,SP-754C50418D,IN232277,Nike,Nike Air Force 1 07 Wb Men Lifestyle Shoes Wolf Grey/Black,footwear,men,core,2026-05-29 20:40:54.077393+00:00,2026-05-29 20:40:54.077393+00:00,72.85,179.91,9,9,in232277,sp754c50418d,nike,nike air force 1 07 wb men lifestyle shoes wolf grey/black,NIKE,IN232277,footwear,men,Nike Air Force 1 07 Wb Men Lifestyle Shoes Wolf Grey/Black,2026-06-02,0.0,0.0,0.0,0,0,0,no_match,0.0,,0,movement_reconstructed,9,9,0.0,0.0,0.0,3,999,30,SP-754C50418D|2026-06-02
00000000-0000-0000-0000-000000000001,c32bf2f0-4991-4983-86bd-a81f4f83d085,SP-882C75963E,IN230472,Nike,Nike Air Force 1 07 Women Lifestyle Shoes Summit White,footwear,women,core,2026-05-29 20:40:54.077393+00:00,2026-05-29 20:40:54.077393+00:00,69.56,135.55,9,9,in230472,sp882c75963e,nike,nike air force 1 07 women lifestyle shoes summit white,NIKE,IN230472,footwear,women,Nike Air Force 1 07 Women Lifestyle Shoes Summit White,2026-05-26,96.0,131.6,148.0,1,1,1,same_model_family,0.8355,5.0,1,movement_reconstructed,9,9,0.0,0.0,0.0,0,999,30,SP-882C75963E|2026-05-26
00000000-0000-0000-0000-000000000001,c32bf2f0-4991-4983-86bd-a81f4f83d085,SP-882C75963E,IN230472,Nike,Nike Air Force 1 07 Women Lifestyle Shoes Summit White,footwear,women,core,2026-05-29 20:40:54.077393+00:00,2026-05-29 20:40:54.077393+00:00,69.56,135.55,9,9,in230472,sp882c75963e,nike,nike air force 1 07 women lifestyle shoes summit white,NIKE,IN230472,footwear,women,Nike Air Force 1 07 Women Lifestyle Shoes Summit White,2026-06-02,0.0,0.0,0.0,0,0,0,no_match,0.0,,0,movement_reconstructed,9,9,0.0,0.0,0.0,3,999,30,SP-882C75963E|2026-06-02
00000000-0000-0000-0000-000000000001,02652b98-424f-4558-8284-dfcc9f1df47d,SP-B677F147CF,IN160787,Nike,Nike Air Force 1 07 Women Lifestyle Shoes White,footwear,women,core,2026-05-29 20:40:54.077393+00:00,2026-05-29 20:40:54.077393+00:00,97.29,187.87,13,13,in160787,spb677f147cf,nike,nike air force 1 07 women lifestyle shoes white,NIKE,IN160787,footwear,women,Nike Air Force 1 07 Women Lifestyle Shoes White,2026-05-26,181.0,204.33333333333334,225.0,1,1,1,same_model_family,0.8936,3.0,1,movement_reconstructed,13,13,0.0,0.0,0.0,0,999,30,SP-B677F147CF|2026-05-26
00000000-0000-0000-0000-000000000001,02652b98-424f-4558-8284-dfcc9f1df47d,SP-B677F147CF,IN160787,Nike,Nike Air Force 1 07 Women Lifestyle Shoes White,footwear,women,core,2026-05-29 20:40:54.077393+00:00,2026-05-29 20:40:54.077393+00:00,97.29,187.87,13,13,in160787,spb677f147cf,nike,nike air force 1 07 women lifestyle shoes white,NIKE,IN160787,footwear,women,Nike Air Force 1 07 Women Lifestyle Shoes White,2026-06-02,0.0,0.0,0.0,0,0,0,no_match,0.0,,0,movement_reconstructed,13,13,0.0,0.0,0.0,3,999,30,SP-B677F147CF|2026-06-02
00000000-0000-0000-0000-000000000001,58f6a81a-ca7d-4dbc-bb6f-5c0df1f50ec0,SP-A766A3D4CB,IN230183,Nike,Nike Air Force 1 Gs-Girls Lifestyle Shoes White/Pink,footwear,kids,core,2026-05-29 20:40:54.077393+00:00,2026-05-29 20:40:54.077393+00:00,53.58,118.21,9,9,in230183,spa766a3d4cb,nike,nike air force 1 gs girls lifestyle shoes white/pink,NIKE,IN230183,footwear,women,Nike Air Force 1 Gs-Girls Lifestyle Shoes White/Pink,2026-05-26,77.0,119.4,174.0,1,1,1,same_model_family,0.8056,10.0,1,movement_reconstructed,9,9,0.0,0.0,0.0,0,999,30,SP-A766A3D4CB|2026-05-26
00000000-0000-0000-0000-000000000001,58f6a81a-ca7d-4dbc-bb6f-5c0df1f50ec0,SP-A766A3D4CB,IN230183,Nike,Nike Air Force 1 Gs-Girls Lifestyle Shoes White/Pink,footwear,kids,core,2026-05-29 20:40:54.077393+00:00,2026-05-29 20:40:54.077393+00:00,53.58,118.21,9,9,in230183,spa766a3d4cb,nike,nike air force 1 gs girls lifestyle shoes white/pink,NIKE,IN230183,footwear,women,Nike Air Force 1 Gs-Girls Lifestyle Shoes White/Pink,2026-06-02,0.0,0.0,0.0,0,0,0,no_match,0.0,,0,movement_reconstructed,9,9,0.0,0.0,0.0,3,999,30,SP-A766A3D4CB|2026-06-02
00000000-0000-0000-0000-000000000001,76bcf6f4-b536-4c01-b5a6-5d0f101b85ed,SP-EF3A3CE8FD,IN237225,Nike,Nike Air Force 1 Le Gs-Boys Lifestyle Shoes Black,footwear,kids,core,2026-05-29 20:40:54.077393+00:00,2026-05-29 20:40:54.077393+00:00,81.78,204.55,12,12,in237225,spef3a3ce8fd,nike,nike air force 1 le gs boys lifestyle shoes black,NIKE,IN237225,footwear,men,Nike Air Force 1 Le Gs-Boys Lifestyle Shoes Black,2026-05-26,82.0,129.58333333333334,182.0,1,1,1,same_model_family,0.7992,12.0,1,movement_reconstructed,12,12,0.0,0.0,0.0,0,999,30,SP-EF3A3CE8FD|2026-05-26
00000000-0000-0000-0000-000000000001,76bcf6f4-b536-4c01-b5a6-5d0f101b85ed,SP-EF3A3CE8FD,IN237225,Nike,Nike Air Force 1 Le Gs-Boys Lifestyle Shoes Black,footwear,kids,core,2026-05-29 20:40:54.077393+00:00,2026-05-29 20:40:54.077393+00:00,81.78,204.55,12,12,in237225,spef3a3ce8fd,nike,nike air force 1 le gs boys lifestyle shoes black,NIKE,IN237225,footwear,men,Nike Air Force 1 Le Gs-Boys Lifestyle Shoes Black,2026-06-02,0.0,0.0,0.0,0,0,0,no_match,0.0,,0,movement_reconstructed,12,12,0.0,0.0,0.0,3,999,30,SP-EF3A3CE8FD|2026-06-02
00000000-0000-0000-0000-000000000001,f0ce32fe-1fa7-461f-838c-a6175e1a9642,SP-75279CED6C,IN222488,Nike,Nike Air Force Men Lifestyle Shoes Summit White,footwear,men,core,2026-05-29 20:40:54.077393+00:00,2026-05-29 20:40:54.077393+00:00,69.56,183.95,9,9,in222488,sp75279ced6c,nike,nike air force men lifestyle shoes summit white,NIKE,IN222488,footwear,men,Nike Air Force Men Lifestyle Shoes Summit White,2026-05-26,148.0,156.66666666666666,174.0,1,1,1,same_model_family,0.9212,3.0,1,movement_reconstructed,9,9,0.0,0.0,0.0,0,999,30,SP-75279CED6C|2026-05-26
00000000-0000-0000-0000-000000000001,f0ce32fe-1fa7-461f-838c-a6175e1a9642,SP-75279CED6C,IN222488,Nike,Nike Air Force Men Lifestyle Shoes Summit White,footwear,men,core,2026-05-29 20:40:54.077393+00:00,2026-05-29 20:40:54.077393+00:00,69.56,183.95,9,9,in222488,sp75279ced6c,nike,nike air force men lifestyle shoes summit white,NIKE,IN222488,footwear,men,Nike Air Force Men Lifestyle Shoes Summit White,2026-06-02,0.0,0.0,0.0,0,0,0,no_match,0.0,,0,movement_reconstructed,9,9,0.0,0.0,0.0,3,999,30,SP-75279CED6C|2026-06-02
00000000-0000-0000-0000-000000000001,4200ab8d-4e13-452e-8170-10b865f5e16b,SP-20E0FF4DDC,IN237212,Nike,Nike Air Jordan 1 Low Gs-Girls Lifestyle Shoes Black/White/Pink,footwear,kids,core,2026-05-29 20:40:54.077393+00:00,2026-05-29 20:40:54.077393+00:00,77.08,191.59,9,9,in237212,sp20e0ff4ddc,nike,nike air jordan 1 low gs girls lifestyle shoes black/white/pink,NIKE,IN237212,footwear,women,Nike Air Jordan 1 Low Gs-Girls Lifestyle Shoes Black/White/Pink,2026-05-26,164.0,164.0,164.0,1,0,0,same_model_family,0.9152,3.0,1,movement_reconstructed,9,9,0.0,0.0,0.0,0,999,30,SP-20E0FF4DDC|2026-05-26
00000000-0000-0000-0000-000000000001,4200ab8d-4e13-452e-8170-10b865f5e16b,SP-20E0FF4DDC,IN237212,Nike,Nike Air Jordan 1 Low Gs-Girls Lifestyle Shoes Black/White/Pink,footwear,kids,core,2026-05-29 20:40:54.077393+00:00,2026-05-29 20:40:54.077393+00:00,77.08,191.59,9,9,in237212,sp20e0ff4ddc,nike,nike air jordan 1 low gs girls lifestyle shoes black/white/pink,NIKE,IN237212,footwear,women,Nike Air Jordan 1 Low Gs-Girls Lifestyle Shoes Black/White/Pink,2026-06-02,0.0,0.0,0.0,0,0,0,no_match,0.0,,0,movement_reconstructed,9,9,0.0,0.0,0.0,3,999,30,SP-20E0FF4DDC|2026-06-02
00000000-0000-0000-0000-000000000001,509496f1-9d50-49fb-8003-e142b966991e,SP-76A23C6634,IN232091,Nike,Nike Air Jordan 1 Low Men Lifestyle Shoes Black/White,footwear,men,core,2026-05-29 20:40:54.077393+00:00,2026-05-29 20:40:54.077393+00:00,79.43,162.74,10,10,in232091,sp76a23c6634,nike,nike air jordan 1 low men lifestyle shoes black/white,NIKE,IN232091,footwear,men,Nike Air Jordan 1 Low Men Lifestyle Shoes Black/White,2026-05-26,108.0,147.33333333333334,171.0,1,1,1,same_model_family,0.809,27.0,1,movement_reconstructed,10,10,0.0,0.0,0.0,0,999,30,SP-76A23C6634|2026-05-26
00000000-0000-0000-0000-000000000001,509496f1-9d50-49fb-8003-e142b966991e,SP-76A23C6634,IN232091,Nike,Nike Air Jordan 1 Low Men Lifestyle Shoes Black/White,footwear,men,core,2026-05-29 20:40:54.077393+00:00,2026-05-29 20:40:54.077393+00:00,79.43,162.74,10,10,in232091,sp76a23c6634,nike,nike air jordan 1 low men lifestyle shoes black/white,NIKE,IN232091,footwear,men,Nike Air Jordan 1 Low Men Lifestyle Shoes Black/White,2026-06-02,0.0,0.0,0.0,0,0,0,no_match,0.0,,0,movement_reconstructed,10,10,0.0,0.0,0.0,3,999,30,SP-76A23C6634|2026-06-02
00000000-0000-0000-0000-000000000001,1499f2e7-84bc-4f11-b029-9aeaf51b06bd,SP-7286ED76D8,IN235315,Nike,Nike Air Jordan 1 Low Men Lifestyle Shoes Gym Red/White/Black,footwear,men,core,2026-05-29 20:40:54.077393+00:00,2026-05-29 20:40:54.077393+00:00,105.75,216.35,9,9,in235315,sp7286ed76d8,nike,nike air jordan 1 low men lifestyle shoes gym red/white/black,NIKE,IN235315,footwear,men,Nike Air Jordan 1 Low Men Lifestyle Shoes Gym Red/White/Black,2026-05-26,207.0,216.0,225.0,1,0,0,same_model_family,0.822,5.0,1,movement_reconstructed,9,9,0.0,0.0,0.0,0,999,30,SP-7286ED76D8|2026-05-26
00000000-0000-0000-0000-000000000001,1499f2e7-84bc-4f11-b029-9aeaf51b06bd,SP-7286ED76D8,IN235315,Nike,Nike Air Jordan 1 Low Men Lifestyle Shoes Gym Red/White/Black,footwear,men,core,2026-05-29 20:40:54.077393+00:00,2026-05-29 20:40:54.077393+00:00,105.75,216.35,9,9,in235315,sp7286ed76d8,nike,nike air jordan 1 low men lifestyle shoes gym red/white/black,NIKE,IN235315,footwear,men,Nike Air Jordan 1 Low Men Lifestyle Shoes Gym Red/White/Black,2026-06-02,0.0,0.0,0.0,0,0,0,no_match,0.0,,0,movement_reconstructed,9,9,0.0,0.0,0.0,3,999,30,SP-7286ED76D8|2026-06-02
00000000-0000-0000-0000-000000000001,1a5aa79c-e4ae-4cf0-bd6b-eb6d24d354ec,SP-B49F9A44F0,IN230334,Nike,Nike Air Jordan 1 Low Se Women Lifestyle Shoes Anthracite,footwear,women,core,2026-05-29 20:40:54.077393+00:00,2026-05-29 20:40:54.077393+00:00,74.73,157.87,9,9,in230334,spb49f9a44f0,nike,nike air jordan 1 low se women lifestyle shoes anthracite,NIKE,IN230334,footwear,women,Nike Air Jordan 1 Low Se Women Lifestyle Shoes Anthracite,2026-05-26,114.0,142.53333333333333,159.0,1,1,1,same_model_family,0.7808,15.0,1,movement_reconstructed,9,9,0.0,0.0,0.0,0,999,30,SP-B49F9A44F0|2026-05-26
00000000-0000-0000-0000-000000000001,1a5aa79c-e4ae-4cf0-bd6b-eb6d24d354ec,SP-B49F9A44F0,IN230334,Nike,Nike Air Jordan 1 Low Se Women Lifestyle Shoes Anthracite,footwear,women,core,2026-05-29 20:40:54.077393+00:00,2026-05-29 20:40:54.077393+00:00,74.73,157.87,9,9,in230334,spb49f9a44f0,nike,nike air jordan 1 low se women lifestyle shoes anthracite,NIKE,IN230334,footwear,women,Nike Air Jordan 1 Low Se Women Lifestyle Shoes Anthracite,2026-06-02,0.0,0.0,0.0,0,0,0,no_match,0.0,,0,movement_reconstructed,9,9,0.0,0.0,0.0,3,999,30,SP-B49F9A44F0|2026-06-02
00000000-0000-0000-0000-000000000001,e3db2df1-5e54-4899-b448-c84da3d7a83d,SP-8F8A2E507A,IN232094,Nike,Nike Air Jordan 1 Low Women Lifestyle Shoes Mystic Hibiscus,footwear,women,core,2026-05-29 20:40:54.077393+00:00,2026-05-29 20:40:54.077393+00:00,79.43,193.14,11,11,in232094,sp8f8a2e507a,nike,nike air jordan 1 low women lifestyle shoes mystic hibiscus,NIKE,IN232094,footwear,women,Nike Air Jordan 1 Low Women Lifestyle Shoes Mystic Hibiscus,2026-05-26,148.0,205.75,225.0,1,1,1,same_model_family,0.9073,4.0,1,movement_reconstructed,11,11,0.0,0.0,0.0,0,999,30,SP-8F8A2E507A|2026-05-26
00000000-0000-0000-0000-000000000001,e3db2df1-5e54-4899-b448-c84da3d7a83d,SP-8F8A2E507A,IN232094,Nike,Nike Air Jordan 1 Low Women Lifestyle Shoes Mystic Hibiscus,footwear,women,core,2026-05-29 20:40:54.077393+00:00,2026-05-29 20:40:54.077393+00:00,79.43,193.14,11,11,in232094,sp8f8a2e507a,nike,nike air jordan 1 low women lifestyle shoes mystic hibiscus,NIKE,IN232094,footwear,women,Nike Air Jordan 1 Low Women Lifestyle Shoes Mystic Hibiscus,2026-06-02,0.0,0.0,0.0,0,0,0,no_match,0.0,,0,movement_reconstructed,11,11,0.0,0.0,0.0,3,999,30,SP-8F8A2E507A|2026-06-02
00000000-0000-0000-0000-000000000001,bc8b029a-9f7c-471a-ab7f-8d2d939891cd,SP-8DEF4856DC,IN232276,Nike,Nike Air Jordan 1 Men Lifestyle Shoes Sail/Blue/Lava/White,footwear,men,core,2026-05-29 20:40:54.077393+00:00,2026-05-29 20:40:54.077393+00:00,79.43,188.91,10,10,in232276,sp8def4856dc,nike,nike air jordan 1 men lifestyle shoes sail/blue/lava/white,NIKE,IN232276,footwear,men,Nike Air Jordan 1 Men Lifestyle Shoes Sail/Blue/Lava/White,2026-05-26,148.0,168.57142857142858,192.0,1,1,1,same_model_family,0.8246,7.0,1,movement_reconstructed,10,10,0.0,0.0,0.0,0,999,30,SP-8DEF4856DC|2026-05-26
00000000-0000-0000-0000-000000000001,bc8b029a-9f7c-471a-ab7f-8d2d939891cd,SP-8DEF4856DC,IN232276,Nike,Nike Air Jordan 1 Men Lifestyle Shoes Sail/Blue/Lava/White,footwear,men,core,2026-05-29 20:40:54.077393+00:00,2026-05-29 20:40:54.077393+00:00,79.43,188.91,10,10,in232276,sp8def4856dc,nike,nike air jordan 1 men lifestyle shoes sail/blue/lava/white,NIKE,IN232276,footwear,men,Nike Air Jordan 1 Men Lifestyle Shoes Sail/Blue/Lava/White,2026-06-02,0.0,0.0,0.0,0,0,0,no_match,0.0,,0,movement_reconstructed,10,10,0.0,0.0,0.0,3,999,30,SP-8DEF4856DC|2026-06-02
00000000-0000-0000-0000-000000000001,a10d85ae-7a25-4a79-b5bf-78a5d4a1b520,SP-5D4B96E09C,IN222373,Nike,Nike Air Jordan 1 Men Lifestyle Sneakers Black/White/Red,footwear,men,core,2026-05-29 20:40:54.077393+00:00,2026-05-29 20:40:54.077393+00:00,74.73,160.62,9,9,in222373,sp5d4b96e09c,nike,nike air jordan 1 men lifestyle sneakers black/white/red,NIKE,IN222373,footwear,men,Nike Air Jordan 1 Men Lifestyle Sneakers Black/White/Red,2026-05-26,114.0,138.78571428571428,181.0,1,1,1,same_model_family,0.7644,14.0,1,movement_reconstructed,9,9,0.0,0.0,0.0,0,999,30,SP-5D4B96E09C|2026-05-26
00000000-0000-0000-0000-000000000001,a10d85ae-7a25-4a79-b5bf-78a5d4a1b520,SP-5D4B96E09C,IN222373,Nike,Nike Air Jordan 1 Men Lifestyle Sneakers Black/White/Red,footwear,men,core,2026-05-29 20:40:54.077393+00:00,2026-05-29 20:40:54.077393+00:00,74.73,160.62,9,9,in222373,sp5d4b96e09c,nike,nike air jordan 1 men lifestyle sneakers black/white/red,NIKE,IN222373,footwear,men,Nike Air Jordan 1 Men Lifestyle Sneakers Black/White/Red,2026-06-02,0.0,0.0,0.0,0,0,0,no_match,0.0,,0,movement_reconstructed,9,9,0.0,0.0,0.0,3,999,30,SP-5D4B96E09C|2026-06-02
00000000-0000-0000-0000-000000000001,d1caaa97-f295-493d-8861-d5dc1c714c0d,SP-B461EE0286,IN227404,ON,On Cloudboom Max 1 Men Running Shoes White/Black,footwear,men,core,2026-05-29 20:40:54.077393+00:00,2026-05-29 20:40:54.077393+00:00,128.34,359.24,13,13,in227404,spb461ee0286,on,on cloudboom max 1 men running shoes white/black,ON,IN227404,footwear,men,On Cloudboom Max 1 Men Running Shoes White/Black,2026-05-26,219.0,260.7142857142857,289.0,1,0,1,same_model_family,0.7464,7.0,1,movement_reconstructed,13,13,0.0,0.0,0.0,0,999,30,SP-B461EE0286|2026-05-26
00000000-0000-0000-0000-000000000001,d1caaa97-f295-493d-8861-d5dc1c714c0d,SP-B461EE0286,IN227404,ON,On Cloudboom Max 1 Men Running Shoes White/Black,footwear,men,core,2026-05-29 20:40:54.077393+00:00,2026-05-29 20:40:54.077393+00:00,128.34,359.24,13,13,in227404,spb461ee0286,on,on cloudboom max 1 men running shoes white/black,ON,IN227404,footwear,men,On Cloudboom Max 1 Men Running Shoes White/Black,2026-06-02,0.0,0.0,0.0,0,0,0,no_match,0.0,,0,movement_reconstructed,13,13,0.0,0.0,0.0,3,999,30,SP-B461EE0286|2026-06-02
00000000-0000-0000-0000-000000000001,83533d60-caf7-4b2c-bbcf-e814bd9e5ed7,SP-64DAAC38A4,IN227416,ON,On Cloudboom Max 1 Women Running Shoes Honeydrew/Lilac,footwear,women,core,2026-05-29 20:40:54.077393+00:00,2026-05-29 20:40:54.077393+00:00,102.58,273.77,9,9,in227416,sp64daac38a4,on,on cloudboom max 1 women running shoes honeydrew/lilac,ON,IN227416,footwear,women,On Cloudboom Max 1 Women Running Shoes Honeydrew/Lilac,2026-05-26,195.0,225.22222222222223,279.0,1,1,1,same_model_family,0.7633,9.0,1,movement_reconstructed,9,9,0.0,0.0,0.0,0,999,30,SP-64DAAC38A4|2026-05-26
00000000-0000-0000-0000-000000000001,83533d60-caf7-4b2c-bbcf-e814bd9e5ed7,SP-64DAAC38A4,IN227416,ON,On Cloudboom Max 1 Women Running Shoes Honeydrew/Lilac,footwear,women,core,2026-05-29 20:40:54.077393+00:00,2026-05-29 20:40:54.077393+00:00,102.58,273.77,9,9,in227416,sp64daac38a4,on,on cloudboom max 1 women running shoes honeydrew/lilac,ON,IN227416,footwear,women,On Cloudboom Max 1 Women Running Shoes Honeydrew/Lilac,2026-06-02,0.0,0.0,0.0,0,0,0,no_match,0.0,,0,movement_reconstructed,9,9,0.0,0.0,0.0,3,999,30,SP-64DAAC38A4|2026-06-02
00000000-0000-0000-0000-000000000001,71487cf9-50bd-4e76-af2a-d20788e41a5e,SP-749D462018,HE4146,Adidas,"Studio Lounge Rib Jumpsuit, Green",football_boots,women,core,2026-05-29 20:40:54.077393+00:00,2026-05-29 20:40:54.077393+00:00,10.08,23.57,6,6,he4146,sp749d462018,adidas,"studio lounge rib jumpsuit, green",ADIDAS,HE4146,football_boots,women,"Studio Lounge Rib Jumpsuit, Green",2026-05-26,1890000.0,1890000.0,1890000.0,1,1,0,exact_style,1.0,1.0,1,movement_reconstructed,6,6,0.0,0.0,0.0,0,999,30,SP-749D462018|2026-05-26
00000000-0000-0000-0000-000000000001,71487cf9-50bd-4e76-af2a-d20788e41a5e,SP-749D462018,HE4146,Adidas,"Studio Lounge Rib Jumpsuit, Green",football_boots,women,core,2026-05-29 20:40:54.077393+00:00,2026-05-29 20:40:54.077393+00:00,10.08,23.57,6,6,he4146,sp749d462018,adidas,"studio lounge rib jumpsuit, green",ADIDAS,HE4146,football_boots,women,"Studio Lounge Rib Jumpsuit, Green",2026-06-02,0.0,0.0,0.0,0,0,0,no_match,0.0,,0,movement_reconstructed,6,6,0.0,0.0,0.0,3,999,30,SP-749D462018|2026-06-02
00000000-0000-0000-0000-000000000001,a0b6ad24-99dc-4a8a-8ffc-7b5174e08a3e,SP-B508115FF9,IN233463,ON,On Studio 7/8 Training High Waist Plain Mineral,football_boots,women,core,2026-05-29 20:40:54.077393+00:00,2026-05-29 20:40:54.077393+00:00,66.7,164.2,7,7,in233463,spb508115ff9,on,on studio 7/8 training high waist plain mineral,ON,IN233463,football_boots,women,On Studio 7/8 Training High Waist Plain Mineral,2026-05-26,0.0,0.0,0.0,0,0,0,no_match,0.0,,0,movement_reconstructed,7,7,0.0,0.0,0.0,0,999,30,SP-B508115FF9|2026-05-26
00000000-0000-0000-0000-000000000001,a0b6ad24-99dc-4a8a-8ffc-7b5174e08a3e,SP-B508115FF9,IN233463,ON,On Studio 7/8 Training High Waist Plain Mineral,football_boots,women,core,2026-05-29 20:40:54.077393+00:00,2026-05-29 20:40:54.077393+00:00,66.7,164.2,7,7,in233463,spb508115ff9,on,on studio 7/8 training high waist plain mineral,ON,IN233463,football_boots,women,On Studio 7/8 Training High Waist Plain Mineral,2026-06-02,0.0,0.0,0.0,0,0,0,no_match,0.0,,0,movement_reconstructed,7,7,0.0,0.0,0.0,3,999,30,SP-B508115FF9|2026-06-02
00000000-0000-0000-0000-000000000001,d7943d6d-f6bb-4d87-b1bb-3260febe479d,SP-CA2B45C970,IN233464,ON,On Studio 7/8 Women Training 7/8 Tight Navy,football_boots,women,core,2026-05-29 20:40:54.077393+00:00,2026-05-29 20:40:54.077393+00:00,66.7,164.9,6,6,in233464,spca2b45c970,on,on studio 7/8 women training 7/8 tight navy,ON,IN233464,football_boots,women,On Studio 7/8 Women Training 7/8 Tight Navy,2026-05-26,0.0,0.0,0.0,0,0,0,no_match,0.0,,0,movement_reconstructed,6,6,0.0,0.0,0.0,0,999,30,SP-CA2B45C970|2026-05-26
00000000-0000-0000-0000-000000000001,d7943d6d-f6bb-4d87-b1bb-3260febe479d,SP-CA2B45C970,IN233464,ON,On Studio 7/8 Women Training 7/8 Tight Navy,football_boots,women,core,2026-05-29 20:40:54.077393+00:00,2026-05-29 20:40:54.077393+00:00,66.7,164.9,6,6,in233464,spca2b45c970,on,on studio 7/8 women training 7/8 tight navy,ON,IN233464,football_boots,women,On Studio 7/8 Women Training 7/8 Tight Navy,2026-06-02,0.0,0.0,0.0,0,0,0,no_match,0.0,,0,movement_reconstructed,6,6,0.0,0.0,0.0,3,999,30,SP-CA2B45C970|2026-06-02
00000000-0000-0000-0000-000000000001,888cb4f8-1ee3-47cf-80ca-06aaf210920a,SP-238EEC1D13,IN233433,ON,On Studio Crop Top Women Training Long Sleeve Heron,football_boots,women,core,2026-05-29 20:40:54.077393+00:00,2026-05-29 20:40:54.077393+00:00,34.5,80.74,7,7,in233433,sp238eec1d13,on,on studio crop top women training long sleeve heron,ON,IN233433,football_boots,women,On Studio Crop Top Women Training Long Sleeve Heron,2026-05-26,0.0,0.0,0.0,0,0,0,no_match,0.0,,0,movement_reconstructed,7,7,0.0,0.0,0.0,0,999,30,SP-238EEC1D13|2026-05-26
00000000-0000-0000-0000-000000000001,888cb4f8-1ee3-47cf-80ca-06aaf210920a,SP-238EEC1D13,IN233433,ON,On Studio Crop Top Women Training Long Sleeve Heron,football_boots,women,core,2026-05-29 20:40:54.077393+00:00,2026-05-29 20:40:54.077393+00:00,34.5,80.74,7,7,in233433,sp238eec1d13,on,on studio crop top women training long sleeve heron,ON,IN233433,football_boots,women,On Studio Crop Top Women Training Long Sleeve Heron,2026-06-02,0.0,0.0,0.0,0,0,0,no_match,0.0,,0,movement_reconstructed,7,7,0.0,0.0,0.0,3,999,30,SP-238EEC1D13|2026-06-02
00000000-0000-0000-0000-000000000001,4f8e40cb-c51c-4ded-9101-e24f8d7446d3,SP-966ED5B129,IN233465,ON,On Studio High Waist Women Training 7/8 Tight Black,football_boots,women,core,2026-05-29 20:40:54.077393+00:00,2026-05-29 20:40:54.077393+00:00,66.7,143.48,7,7,in233465,sp966ed5b129,on,on studio high waist women training 7/8 tight black,ON,IN233465,football_boots,women,On Studio High Waist Women Training 7/8 Tight Black,2026-05-26,0.0,0.0,0.0,0,0,0,no_match,0.0,,0,movement_reconstructed,7,7,0.0,0.0,0.0,0,999,30,SP-966ED5B129|2026-05-26
00000000-0000-0000-0000-000000000001,4f8e40cb-c51c-4ded-9101-e24f8d7446d3,SP-966ED5B129,IN233465,ON,On Studio High Waist Women Training 7/8 Tight Black,football_boots,women,core,2026-05-29 20:40:54.077393+00:00,2026-05-29 20:40:54.077393+00:00,66.7,143.48,7,7,in233465,sp966ed5b129,on,on studio high waist women training 7/8 tight black,ON,IN233465,football_boots,women,On Studio High Waist Women Training 7/8 Tight Black,2026-06-02,0.0,0.0,0.0,0,0,0,no_match,0.0,,0,movement_reconstructed,7,7,0.0,0.0,0.0,3,999,30,SP-966ED5B129|2026-06-02
00000000-0000-0000-0000-000000000001,692ba33a-3764-4846-874b-ab656972e11b,SP-46BE11CF40,IN208899,Topten Accessories,Topten Accessories The Ultimate Soccer Backpack Unisex Back To School Bag Blue/White,football_boots,unisex,core,2026-05-29 20:40:54.077393+00:00,2026-05-29 20:40:54.077393+00:00,7.28,14.56,6,6,in208899,sp46be11cf40,topten accessories,topten accessories the ultimate soccer backpack unisex back to school bag blue/white,TOPTEN ACCESSORIES,IN208899,football_boots,unisex,Topten Accessories The Ultimate Soccer Backpack Unisex Back To School Bag Blue/White,2026-05-26,0.0,0.0,0.0,0,0,0,no_match,0.0,,0,movement_reconstructed,6,6,0.0,0.0,0.0,0,999,30,SP-46BE11CF40|2026-05-26
00000000-0000-0000-0000-000000000001,692ba33a-3764-4846-874b-ab656972e11b,SP-46BE11CF40,IN208899,Topten Accessories,Topten Accessories The Ultimate Soccer Backpack Unisex Back To School Bag Blue/White,football_boots,unisex,core,2026-05-29 20:40:54.077393+00:00,2026-05-29 20:40:54.077393+00:00,7.28,14.56,6,6,in208899,sp46be11cf40,topten accessories,topten accessories the ultimate soccer backpack unisex back to school bag blue/white,TOPTEN ACCESSORIES,IN208899,football_boots,unisex,Topten Accessories The Ultimate Soccer Backpack Unisex Back To School Bag Blue/White,2026-06-02,0.0,0.0,0.0,0,0,0,no_match,0.0,,0,movement_reconstructed,6,6,0.0,0.0,0.0,3,999,30,SP-46BE11CF40|2026-06-02
00000000-0000-0000-0000-000000000001,7fef90a9-31aa-4ab1-96ac-c1a5b0b45dc6,SP-8DA54A884E,IX1248,Adidas,Adidas All Szn Men Sportswear Hoody Black,apparel,men,core,2026-05-29 20:40:54.077393+00:00,2026-05-29 20:40:54.077393+00:00,45.84,107.34,14,14,ix1248,sp8da54a884e,adidas,adidas all szn men sportswear hoody black,ADIDAS,IX1248,sportswear,men,Adidas All Szn Men Sportswear Hoody Black,2026-05-26,74.0,855100.2,8550000.0,2,1,1,exact_style,0.8021,10.0,1,movement_reconstructed,14,14,0.0,0.0,0.0,0,999,30,SP-8DA54A884E|2026-05-26
00000000-0000-0000-0000-000000000001,7fef90a9-31aa-4ab1-96ac-c1a5b0b45dc6,SP-8DA54A884E,IX1248,Adidas,Adidas All Szn Men Sportswear Hoody Black,apparel,men,core,2026-05-29 20:40:54.077393+00:00,2026-05-29 20:40:54.077393+00:00,45.84,107.34,14,14,ix1248,sp8da54a884e,adidas,adidas all szn men sportswear hoody black,ADIDAS,IX1248,sportswear,men,Adidas All Szn Men Sportswear Hoody Black,2026-06-02,0.0,0.0,0.0,0,0,0,no_match,0.0,,0,movement_reconstructed,14,14,0.0,0.0,0.0,3,999,30,SP-8DA54A884E|2026-06-02
00000000-0000-0000-0000-000000000001,f36cc26e-5fa7-4d62-bc4e-8dc6613c513a,SP-236F78ABB2,JV5079,Adidas,Adidas Camo Graphic Kids-Boys Sportswear T-Shirt Black,apparel,kids,core,2026-05-29 20:40:54.077393+00:00,2026-05-29 20:40:54.077393+00:00,13.68,27.49,14,14,jv5079,sp236f78abb2,adidas,adidas camo graphic kids boys sportswear t shirt black,ADIDAS,JV5079,kids,men,Adidas Camo Graphic Kids-Boys Sportswear T-Shirt Black,2026-05-26,8.0,52527.833333333336,2520000.0,2,1,1,exact_style,0.7793,48.0,1,movement_reconstructed,14,14,0.0,0.0,0.0,0,999,30,SP-236F78ABB2|2026-05-26
00000000-0000-0000-0000-000000000001,f36cc26e-5fa7-4d62-bc4e-8dc6613c513a,SP-236F78ABB2,JV5079,Adidas,Adidas Camo Graphic Kids-Boys Sportswear T-Shirt Black,apparel,kids,core,2026-05-29 20:40:54.077393+00:00,2026-05-29 20:40:54.077393+00:00,13.68,27.49,14,14,jv5079,sp236f78abb2,adidas,adidas camo graphic kids boys sportswear t shirt black,ADIDAS,JV5079,kids,men,Adidas Camo Graphic Kids-Boys Sportswear T-Shirt Black,2026-06-02,0.0,0.0,0.0,0,0,0,no_match,0.0,,0,movement_reconstructed,14,14,0.0,0.0,0.0,3,999,30,SP-236F78ABB2|2026-06-02
00000000-0000-0000-0000-000000000001,ef581353-3086-4f74-97b1-eaf439838745,SP-511FC63A1A,JE5682,Adidas,Adidas D4T 3 Stripes Men Training Short Black,apparel,men,core,2026-05-29 20:40:54.077393+00:00,2026-05-29 20:40:54.077393+00:00,36.72,68.3,14,14,je5682,sp511fc63a1a,adidas,adidas d4t 3 stripes men training short black,ADIDAS,JE5682,swimwear,men,Adidas D4T 3 Stripes Men Training Short Black,2026-05-26,27.0,285055.6666666667,6840000.0,2,1,1,exact_style,0.8107,24.0,1,movement_reconstructed,14,14,0.0,0.0,0.0,0,999,30,SP-511FC63A1A|2026-05-26
00000000-0000-0000-0000-000000000001,ef581353-3086-4f74-97b1-eaf439838745,SP-511FC63A1A,JE5682,Adidas,Adidas D4T 3 Stripes Men Training Short Black,apparel,men,core,2026-05-29 20:40:54.077393+00:00,2026-05-29 20:40:54.077393+00:00,36.72,68.3,14,14,je5682,sp511fc63a1a,adidas,adidas d4t 3 stripes men training short black,ADIDAS,JE5682,swimwear,men,Adidas D4T 3 Stripes Men Training Short Black,2026-06-02,0.0,0.0,0.0,0,0,0,no_match,0.0,,0,movement_reconstructed,14,14,0.0,0.0,0.0,3,999,30,SP-511FC63A1A|2026-06-02
00000000-0000-0000-0000-000000000001,5cc797c5-1f20-4345-a2c1-8e0f1af4691b,SP-275CC88728,JE8943,Adidas,Adidas Essentials Big Logo Men Sportswear T-Shirt White/Black,apparel,men,core,2026-05-29 20:40:54.077393+00:00,2026-05-29 20:40:54.077393+00:00,21.36,42.19,14,14,je8943,sp275cc88728,adidas,adidas essentials big logo men sportswear t shirt white/black,ADIDAS,JE8943,apparel,men,Adidas Essentials Big Logo Men Sportswear T-Shirt White/Black,2026-05-26,19.0,848604.0952380953,4860000.0,2,2,1,exact_style,0.7512,63.0,1,movement_reconstructed,14,14,0.0,0.0,0.0,0,999,30,SP-275CC88728|2026-05-26
00000000-0000-0000-0000-000000000001,5cc797c5-1f20-4345-a2c1-8e0f1af4691b,SP-275CC88728,JE8943,Adidas,Adidas Essentials Big Logo Men Sportswear T-Shirt White/Black,apparel,men,core,2026-05-29 20:40:54.077393+00:00,2026-05-29 20:40:54.077393+00:00,21.36,42.19,14,14,je8943,sp275cc88728,adidas,adidas essentials big logo men sportswear t shirt white/black,ADIDAS,JE8943,apparel,men,Adidas Essentials Big Logo Men Sportswear T-Shirt White/Black,2026-06-02,0.0,0.0,0.0,0,0,0,no_match,0.0,,0,movement_reconstructed,14,14,0.0,0.0,0.0,3,999,30,SP-275CC88728|2026-06-02
00000000-0000-0000-0000-000000000001,faebbcf6-24ca-465b-b0ce-c53b6e012e83,SP-DB6E685B51,JJ2137,Adidas,Adidas Fc Bayern 25/26 Home Jersey Men Football T-Shirt Red,apparel,men,core,2026-05-29 20:40:54.077393+00:00,2026-05-29 20:40:54.077393+00:00,76.32,140.76,14,14,jj2137,spdb6e685b51,adidas,adidas fc bayern 25/26 home jersey men football t shirt red,ADIDAS,JJ2137,football_boots,men,Adidas Fc Bayern 25/26 Home Jersey Men Football T-Shirt Red,2026-05-26,117.0,1788876.375,14310000.0,2,0,1,exact_style,0.9158,8.0,1,movement_reconstructed,14,14,0.0,0.0,0.0,0,999,30,SP-DB6E685B51|2026-05-26
00000000-0000-0000-0000-000000000001,faebbcf6-24ca-465b-b0ce-c53b6e012e83,SP-DB6E685B51,JJ2137,Adidas,Adidas Fc Bayern 25/26 Home Jersey Men Football T-Shirt Red,apparel,men,core,2026-05-29 20:40:54.077393+00:00,2026-05-29 20:40:54.077393+00:00,76.32,140.76,14,14,jj2137,spdb6e685b51,adidas,adidas fc bayern 25/26 home jersey men football t shirt red,ADIDAS,JJ2137,football_boots,men,Adidas Fc Bayern 25/26 Home Jersey Men Football T-Shirt Red,2026-06-02,0.0,0.0,0.0,0,0,0,no_match,0.0,,0,movement_reconstructed,14,14,0.0,0.0,0.0,3,999,30,SP-DB6E685B51|2026-06-02
00000000-0000-0000-0000-000000000001,48f10b86-7038-4f23-9cdd-4f1d1df457c6,SP-CC132CEF52,JM6459,Adidas,Adidas Food Grilled Cheese Graphic Men Sportswear T-Shirt Off White,apparel,men,core,2026-05-29 20:40:54.077393+00:00,2026-05-29 20:40:54.077393+00:00,21.36,43.76,14,14,jm6459,spcc132cef52,adidas,adidas food grilled cheese graphic men sportswear t shirt off white,ADIDAS,JM6459,apparel,men,Adidas Food Grilled Cheese Graphic Men Sportswear T-Shirt Off White,2026-05-26,32.0,198039.55,3960000.0,2,1,1,exact_style,0.7386,20.0,1,movement_reconstructed,14,14,0.0,0.0,0.0,0,999,30,SP-CC132CEF52|2026-05-26
00000000-0000-0000-0000-000000000001,48f10b86-7038-4f23-9cdd-4f1d1df457c6,SP-CC132CEF52,JM6459,Adidas,Adidas Food Grilled Cheese Graphic Men Sportswear T-Shirt Off White,apparel,men,core,2026-05-29 20:40:54.077393+00:00,2026-05-29 20:40:54.077393+00:00,21.36,43.76,14,14,jm6459,spcc132cef52,adidas,adidas food grilled cheese graphic men sportswear t shirt off white,ADIDAS,JM6459,apparel,men,Adidas Food Grilled Cheese Graphic Men Sportswear T-Shirt Off White,2026-06-02,0.0,0.0,0.0,0,0,0,no_match,0.0,,0,movement_reconstructed,14,14,0.0,0.0,0.0,3,999,30,SP-CC132CEF52|2026-06-02
00000000-0000-0000-0000-000000000001,53f7ec5e-c4b8-495d-becc-494950528752,SP-42DCF92EB8,JN5237,Adidas,Adidas Juventus 25/26 Home Jersey Kids-Unisex Football T-Shirt White/Black,apparel,unisex,core,2026-05-29 20:40:54.077393+00:00,2026-05-29 20:40:54.077393+00:00,56.16,129.37,14,14,jn5237,sp42dcf92eb8,adidas,adidas juventus 25/26 home jersey kids unisex football t shirt white/black,ADIDAS,JN5237,football_boots,kids,Adidas Juventus 25/26 Home Jersey Kids-Unisex Football T-Shirt White/Black,2026-05-26,117.0,1504387.2857142857,10530000.0,2,0,0,exact_style,0.887,7.0,1,movement_reconstructed,14,14,0.0,0.0,0.0,0,999,30,SP-42DCF92EB8|2026-05-26
00000000-0000-0000-0000-000000000001,53f7ec5e-c4b8-495d-becc-494950528752,SP-42DCF92EB8,JN5237,Adidas,Adidas Juventus 25/26 Home Jersey Kids-Unisex Football T-Shirt White/Black,apparel,unisex,core,2026-05-29 20:40:54.077393+00:00,2026-05-29 20:40:54.077393+00:00,56.16,129.37,14,14,jn5237,sp42dcf92eb8,adidas,adidas juventus 25/26 home jersey kids unisex football t shirt white/black,ADIDAS,JN5237,football_boots,kids,Adidas Juventus 25/26 Home Jersey Kids-Unisex Football T-Shirt White/Black,2026-06-02,0.0,0.0,0.0,0,0,0,no_match,0.0,,0,movement_reconstructed,14,14,0.0,0.0,0.0,3,999,30,SP-42DCF92EB8|2026-06-02
00000000-0000-0000-0000-000000000001,92ee6b29-fb51-4378-bdcd-c0870acba136,SP-DE8799B8CD,JJ4320,Adidas,Adidas Juventus 25/26 Home Jersey Men Football T-Shirt White/Black,apparel,men,core,2026-05-29 20:40:54.077393+00:00,2026-05-29 20:40:54.077393+00:00,73.2,198.12,14,14,jj4320,spde8799b8cd,adidas,adidas juventus 25/26 home jersey men football t shirt white/black,ADIDAS,JJ4320,football_boots,men,Adidas Juventus 25/26 Home Jersey Men Football T-Shirt White/Black,2026-05-26,56.0,1710115.25,13680000.0,2,1,1,exact_style,0.8474,8.0,1,movement_reconstructed,14,14,0.0,0.0,0.0,0,999,30,SP-DE8799B8CD|2026-05-26
00000000-0000-0000-0000-000000000001,92ee6b29-fb51-4378-bdcd-c0870acba136,SP-DE8799B8CD,JJ4320,Adidas,Adidas Juventus 25/26 Home Jersey Men Football T-Shirt White/Black,apparel,men,core,2026-05-29 20:40:54.077393+00:00,2026-05-29 20:40:54.077393+00:00,73.2,198.12,14,14,jj4320,spde8799b8cd,adidas,adidas juventus 25/26 home jersey men football t shirt white/black,ADIDAS,JJ4320,football_boots,men,Adidas Juventus 25/26 Home Jersey Men Football T-Shirt White/Black,2026-06-02,0.0,0.0,0.0,0,0,0,no_match,0.0,,0,movement_reconstructed,14,14,0.0,0.0,0.0,3,999,30,SP-DE8799B8CD|2026-06-02
00000000-0000-0000-0000-000000000001,ae178749-335f-46d2-8411-1f32b260d192,SP-DB14195D44,JJ4182,Adidas,Adidas Real Madrid 25/26 Away Jersey Men Football T-Shirt Legend Ink,apparel,men,core,2026-05-29 20:40:54.077393+00:00,2026-05-29 20:40:54.077393+00:00,73.2,160.45,14,14,jj4182,spdb14195d44,adidas,adidas real madrid 25/26 away jersey men football t shirt legend ink,ADIDAS,JJ4182,football_boots,men,Adidas Real Madrid 25/26 Away Jersey Men Football T-Shirt Legend Ink,2026-05-26,117.0,2280124.5,13680000.0,2,0,1,exact_style,0.9073,6.0,1,movement_reconstructed,14,14,0.0,0.0,0.0,0,999,30,SP-DB14195D44|2026-05-26
00000000-0000-0000-0000-000000000001,ae178749-335f-46d2-8411-1f32b260d192,SP-DB14195D44,JJ4182,Adidas,Adidas Real Madrid 25/26 Away Jersey Men Football T-Shirt Legend Ink,apparel,men,core,2026-05-29 20:40:54.077393+00:00,2026-05-29 20:40:54.077393+00:00,73.2,160.45,14,14,jj4182,spdb14195d44,adidas,adidas real madrid 25/26 away jersey men football t shirt legend ink,ADIDAS,JJ4182,football_boots,men,Adidas Real Madrid 25/26 Away Jersey Men Football T-Shirt Legend Ink,2026-06-02,0.0,0.0,0.0,0,0,0,no_match,0.0,,0,movement_reconstructed,14,14,0.0,0.0,0.0,3,999,30,SP-DB14195D44|2026-06-02
00000000-0000-0000-0000-000000000001,0ad5aaaa-069b-4a80-8802-c737028577cf,SP-DA8CC184C9,JN8887,Adidas,Adidas Real Madrid 25/26 Home Jersey Kids-Unisex Football T-Shirt White,apparel,unisex,core,2026-05-29 20:40:54.077393+00:00,2026-05-29 20:40:54.077393+00:00,56.16,112.3,14,14,jn8887,spda8cc184c9,adidas,adidas real madrid 25/26 home jersey kids unisex football t shirt white,ADIDAS,JN8887,football_boots,kids,Adidas Real Madrid 25/26 Home Jersey Kids-Unisex Football T-Shirt White,2026-05-26,88.0,2106095.2,10530000.0,2,1,1,exact_style,0.8854,5.0,1,movement_reconstructed,14,14,0.0,0.0,0.0,0,999,30,SP-DA8CC184C9|2026-05-26
00000000-0000-0000-0000-000000000001,0ad5aaaa-069b-4a80-8802-c737028577cf,SP-DA8CC184C9,JN8887,Adidas,Adidas Real Madrid 25/26 Home Jersey Kids-Unisex Football T-Shirt White,apparel,unisex,core,2026-05-29 20:40:54.077393+00:00,2026-05-29 20:40:54.077393+00:00,56.16,112.3,14,14,jn8887,spda8cc184c9,adidas,adidas real madrid 25/26 home jersey kids unisex football t shirt white,ADIDAS,JN8887,football_boots,kids,Adidas Real Madrid 25/26 Home Jersey Kids-Unisex Football T-Shirt White,2026-06-02,0.0,0.0,0.0,0,0,0,no_match,0.0,,0,movement_reconstructed,14,14,0.0,0.0,0.0,3,999,30,SP-DA8CC184C9|2026-06-02
00000000-0000-0000-0000-000000000001,f1adc5d7-a937-4471-90eb-6f6c767e0723,SP-56FCC8F98B,JJ1931,Adidas,Adidas Real Madrid 25/26 Home Jersey Men Football T-Shirt White,apparel,men,core,2026-05-29 20:40:54.077393+00:00,2026-05-29 20:40:54.077393+00:00,73.2,175.67,14,14,jj1931,sp56fcc8f98b,adidas,adidas real madrid 25/26 home jersey men football t shirt white,ADIDAS,JJ1931,football_boots,men,Adidas Real Madrid 25/26 Home Jersey Men Football T-Shirt White,2026-05-26,10.0,4560054.333333333,13680000.0,2,1,1,exact_style,0.9183,3.0,1,movement_reconstructed,14,14,0.0,0.0,0.0,0,999,30,SP-56FCC8F98B|2026-05-26
00000000-0000-0000-0000-000000000001,f1adc5d7-a937-4471-90eb-6f6c767e0723,SP-56FCC8F98B,JJ1931,Adidas,Adidas Real Madrid 25/26 Home Jersey Men Football T-Shirt White,apparel,men,core,2026-05-29 20:40:54.077393+00:00,2026-05-29 20:40:54.077393+00:00,73.2,175.67,14,14,jj1931,sp56fcc8f98b,adidas,adidas real madrid 25/26 home jersey men football t shirt white,ADIDAS,JJ1931,football_boots,men,Adidas Real Madrid 25/26 Home Jersey Men Football T-Shirt White,2026-06-02,0.0,0.0,0.0,0,0,0,no_match,0.0,,0,movement_reconstructed,14,14,0.0,0.0,0.0,3,999,30,SP-56FCC8F98B|2026-06-02
00000000-0000-0000-0000-000000000001,2b285fd3-3a95-412d-88ae-534b4b10c8e0,SP-709D55A450,JN8878,Adidas,Adidas Real Madrid 25/26 Home Kids-Unisex Football Short White,apparel,unisex,core,2026-05-29 20:40:54.077393+00:00,2026-05-29 20:40:54.077393+00:00,29.28,56.3,14,14,jn8878,sp709d55a450,adidas,adidas real madrid 25/26 home kids unisex football short white,ADIDAS,JN8878,football_boots,kids,Adidas Real Madrid 25/26 Home Kids-Unisex Football Short White,2026-05-26,61.0,915050.8333333334,5490000.0,2,0,1,exact_style,0.9056,6.0,1,movement_reconstructed,14,14,0.0,0.0,0.0,0,999,30,SP-709D55A450|2026-05-26
00000000-0000-0000-0000-000000000001,2b285fd3-3a95-412d-88ae-534b4b10c8e0,SP-709D55A450,JN8878,Adidas,Adidas Real Madrid 25/26 Home Kids-Unisex Football Short White,apparel,unisex,core,2026-05-29 20:40:54.077393+00:00,2026-05-29 20:40:54.077393+00:00,29.28,56.3,14,14,jn8878,sp709d55a450,adidas,adidas real madrid 25/26 home kids unisex football short white,ADIDAS,JN8878,football_boots,kids,Adidas Real Madrid 25/26 Home Kids-Unisex Football Short White,2026-06-02,0.0,0.0,0.0,0,0,0,no_match,0.0,,0,movement_reconstructed,14,14,0.0,0.0,0.0,3,999,30,SP-709D55A450|2026-06-02
00000000-0000-0000-0000-000000000001,5042a3e6-a1bd-4c87-8d58-734371c74a35,SP-351A270268,JJ1926,Adidas,Adidas Real Madrid 25/26 Home Men Football Short White,apparel,men,core,2026-05-29 20:40:54.077393+00:00,2026-05-29 20:40:54.077393+00:00,32.16,72.85,14,14,jj1926,sp351a270268,adidas,adidas real madrid 25/26 home men football short white,ADIDAS,JJ1926,football_boots,men,Adidas Real Madrid 25/26 Home Men Football Short White,2026-05-26,61.0,376939.4375,6030000.0,2,1,1,exact_style,0.8346,16.0,1,movement_reconstructed,14,14,0.0,0.0,0.0,0,999,30,SP-351A270268|2026-05-26
00000000-0000-0000-0000-000000000001,5042a3e6-a1bd-4c87-8d58-734371c74a35,SP-351A270268,JJ1926,Adidas,Adidas Real Madrid 25/26 Home Men Football Short White,apparel,men,core,2026-05-29 20:40:54.077393+00:00,2026-05-29 20:40:54.077393+00:00,32.16,72.85,14,14,jj1926,sp351a270268,adidas,adidas real madrid 25/26 home men football short white,ADIDAS,JJ1926,football_boots,men,Adidas Real Madrid 25/26 Home Men Football Short White,2026-06-02,0.0,0.0,0.0,0,0,0,no_match,0.0,,0,movement_reconstructed,14,14,0.0,0.0,0.0,3,999,30,SP-351A270268|2026-06-02
00000000-0000-0000-0000-000000000001,a00a286f-9427-476a-a19a-d7408d887023,SP-0246864EFD,JL5081,Adidas,Adidas Workout Essentials Woven Women Training Pant Black,apparel,women,core,2026-05-29 20:40:54.077393+00:00,2026-05-29 20:40:54.077393+00:00,36.72,75.36,14,14,jl5081,sp0246864efd,adidas,adidas workout essentials woven women training pant black,ADIDAS,JL5081,apparel,women,Adidas Workout Essentials Woven Women Training Pant Black,2026-05-26,38.0,427567.5625,6840000.0,2,1,1,exact_style,0.7723,16.0,1,movement_reconstructed,14,14,0.0,0.0,0.0,0,999,30,SP-0246864EFD|2026-05-26
00000000-0000-0000-0000-000000000001,a00a286f-9427-476a-a19a-d7408d887023,SP-0246864EFD,JL5081,Adidas,Adidas Workout Essentials Woven Women Training Pant Black,apparel,women,core,2026-05-29 20:40:54.077393+00:00,2026-05-29 20:40:54.077393+00:00,36.72,75.36,14,14,jl5081,sp0246864efd,adidas,adidas workout essentials woven women training pant black,ADIDAS,JL5081,apparel,women,Adidas Workout Essentials Woven Women Training Pant Black,2026-06-02,0.0,0.0,0.0,0,0,0,no_match,0.0,,0,movement_reconstructed,14,14,0.0,0.0,0.0,3,999,30,SP-0246864EFD|2026-06-02
00000000-0000-0000-0000-000000000001,c0a63078-8f4e-45fb-addc-adb5c647118d,SP-DA4EFC860B,KD7968,Adidas,"3 Stripes Bralett, Black",apparel,women,core,2026-05-29 20:40:54.077393+00:00,2026-05-29 20:40:54.077393+00:00,25.92,47.59,14,14,kd7968,spda4efc860b,adidas,"3 stripes bralett, black",ADIDAS,KD7968,apparel,women,"3 Stripes Bralett, Black",2026-05-26,4860000.0,4860000.0,4860000.0,1,0,0,exact_style,1.0,1.0,1,movement_reconstructed,14,14,0.0,0.0,0.0,0,999,30,SP-DA4EFC860B|2026-05-26
00000000-0000-0000-0000-000000000001,c0a63078-8f4e-45fb-addc-adb5c647118d,SP-DA4EFC860B,KD7968,Adidas,"3 Stripes Bralett, Black",apparel,women,core,2026-05-29 20:40:54.077393+00:00,2026-05-29 20:40:54.077393+00:00,25.92,47.59,14,14,kd7968,spda4efc860b,adidas,"3 stripes bralett, black",ADIDAS,KD7968,apparel,women,"3 Stripes Bralett, Black",2026-06-02,0.0,0.0,0.0,0,0,0,no_match,0.0,,0,movement_reconstructed,14,14,0.0,0.0,0.0,3,999,30,SP-DA4EFC860B|2026-06-02
00000000-0000-0000-0000-000000000001,749e22e0-b5e8-4cfc-99aa-0b9b5be88605,SP-154D0C8A2D,GL0723,Adidas,"3 Stripes Leggings, Black",apparel,women,core,2026-05-29 20:40:54.077393+00:00,2026-05-29 20:40:54.077393+00:00,16.8,37.8,14,14,gl0723,sp154d0c8a2d,adidas,"3 stripes leggings, black",ADIDAS,GL0723,apparel_3_stripes_leggings_black,women,"3 Stripes Leggings, Black",2026-05-26,3150000.0,3150000.0,3150000.0,1,1,0,exact_style,1.0,1.0,1,movement_reconstructed,14,14,0.0,0.0,0.0,0,999,30,SP-154D0C8A2D|2026-05-26
00000000-0000-0000-0000-000000000001,749e22e0-b5e8-4cfc-99aa-0b9b5be88605,SP-154D0C8A2D,GL0723,Adidas,"3 Stripes Leggings, Black",apparel,women,core,2026-05-29 20:40:54.077393+00:00,2026-05-29 20:40:54.077393+00:00,16.8,37.8,14,14,gl0723,sp154d0c8a2d,adidas,"3 stripes leggings, black",ADIDAS,GL0723,apparel_3_stripes_leggings_black,women,"3 Stripes Leggings, Black",2026-06-02,0.0,0.0,0.0,0,0,0,no_match,0.0,,0,movement_reconstructed,14,14,0.0,0.0,0.0,3,999,30,SP-154D0C8A2D|2026-06-02
00000000-0000-0000-0000-000000000001,f6913df6-82a5-4f10-a8b6-2d5f62e550a2,SP-33F5CF243E,IM2848,Adidas,"3 Stripes Leggings, Turquoise",apparel,women,core,2026-05-29 20:40:54.077393+00:00,2026-05-29 20:40:54.077393+00:00,6.72,12.2,14,14,im2848,sp33f5cf243e,adidas,"3 stripes leggings, turquoise",ADIDAS,IM2848,apparel_3_stripes_leggings_turquoise,women,"3 Stripes Leggings, Turquoise",2026-05-26,0.0,0.0,0.0,0,0,0,no_match,0.0,,0,movement_reconstructed,14,14,0.0,0.0,0.0,0,999,30,SP-33F5CF243E|2026-05-26
00000000-0000-0000-0000-000000000001,f6913df6-82a5-4f10-a8b6-2d5f62e550a2,SP-33F5CF243E,IM2848,Adidas,"3 Stripes Leggings, Turquoise",apparel,women,core,2026-05-29 20:40:54.077393+00:00,2026-05-29 20:40:54.077393+00:00,6.72,12.2,14,14,im2848,sp33f5cf243e,adidas,"3 stripes leggings, turquoise",ADIDAS,IM2848,apparel_3_stripes_leggings_turquoise,women,"3 Stripes Leggings, Turquoise",2026-06-02,0.0,0.0,0.0,0,0,0,no_match,0.0,,0,movement_reconstructed,14,14,0.0,0.0,0.0,3,999,30,SP-33F5CF243E|2026-06-02
00000000-0000-0000-0000-000000000001,9541c576-9eb0-4256-995c-444234c5baff,SP-FF9B4B4F9C,KD7980,Adidas,"3 Stripes Slim T-Shirt, Black",apparel,women,core,2026-05-29 20:40:54.077393+00:00,2026-05-29 20:40:54.077393+00:00,25.92,53.63,14,14,kd7980,spff9b4b4f9c,adidas,"3 stripes slim t shirt, black",ADIDAS,KD7980,apparel,women,"3 Stripes Slim T-Shirt, Black",2026-05-26,61.0,2137515.25,4860000.0,2,1,0,exact_style,0.769,12.0,1,movement_reconstructed,14,14,0.0,0.0,0.0,0,999,30,SP-FF9B4B4F9C|2026-05-26
00000000-0000-0000-0000-000000000001,9541c576-9eb0-4256-995c-444234c5baff,SP-FF9B4B4F9C,KD7980,Adidas,"3 Stripes Slim T-Shirt, Black",apparel,women,core,2026-05-29 20:40:54.077393+00:00,2026-05-29 20:40:54.077393+00:00,25.92,53.63,14,14,kd7980,spff9b4b4f9c,adidas,"3 stripes slim t shirt, black",ADIDAS,KD7980,apparel,women,"3 Stripes Slim T-Shirt, Black",2026-06-02,0.0,0.0,0.0,0,0,0,no_match,0.0,,0,movement_reconstructed,14,14,0.0,0.0,0.0,3,999,30,SP-FF9B4B4F9C|2026-06-02
00000000-0000-0000-0000-000000000001,11f137a5-e3fd-4d6e-af83-99c00e087825,SP-7F6612273E,KD3683,Adidas,"3 Stripes Slim T-Shirt, White",apparel,women,core,2026-05-29 20:40:54.077393+00:00,2026-05-29 20:40:54.077393+00:00,25.92,48.34,14,14,kd3683,sp7f6612273e,adidas,"3 stripes slim t shirt, white",ADIDAS,KD3683,apparel,women,"3 Stripes Slim T-Shirt, White",2026-05-26,38.0,972033.0,4860000.0,2,0,0,exact_style,0.8053,5.0,1,movement_reconstructed,14,14,0.0,0.0,0.0,0,999,30,SP-7F6612273E|2026-05-26
00000000-0000-0000-0000-000000000001,11f137a5-e3fd-4d6e-af83-99c00e087825,SP-7F6612273E,KD3683,Adidas,"3 Stripes Slim T-Shirt, White",apparel,women,core,2026-05-29 20:40:54.077393+00:00,2026-05-29 20:40:54.077393+00:00,25.92,48.34,14,14,kd3683,sp7f6612273e,adidas,"3 stripes slim t shirt, white",ADIDAS,KD3683,apparel,women,"3 Stripes Slim T-Shirt, White",2026-06-02,0.0,0.0,0.0,0,0,0,no_match,0.0,,0,movement_reconstructed,14,14,0.0,0.0,0.0,3,999,30,SP-7F6612273E|2026-06-02
00000000-0000-0000-0000-000000000001,aa225421-087b-44aa-842a-d4ed04eedfd6,SP-625A952A40,IU2415,Adidas,"3-Stripes Bra Long-Sleeve Top, Multicolour",apparel,women,core,2026-05-29 20:40:54.077393+00:00,2026-05-29 20:40:54.077393+00:00,10.56,22.04,14,14,iu2415,sp625a952a40,adidas,"3 stripes bra long sleeve top, multicolour",ADIDAS,IU2415,apparel,women,"3-Stripes Bra Long-Sleeve Top, Multicolour",2026-05-26,1980000.0,1980000.0,1980000.0,1,1,0,exact_style,1.0,1.0,1,movement_reconstructed,14,14,0.0,0.0,0.0,0,999,30,SP-625A952A40|2026-05-26
00000000-0000-0000-0000-000000000001,aa225421-087b-44aa-842a-d4ed04eedfd6,SP-625A952A40,IU2415,Adidas,"3-Stripes Bra Long-Sleeve Top, Multicolour",apparel,women,core,2026-05-29 20:40:54.077393+00:00,2026-05-29 20:40:54.077393+00:00,10.56,22.04,14,14,iu2415,sp625a952a40,adidas,"3 stripes bra long sleeve top, multicolour",ADIDAS,IU2415,apparel,women,"3-Stripes Bra Long-Sleeve Top, Multicolour",2026-06-02,0.0,0.0,0.0,0,0,0,no_match,0.0,,0,movement_reconstructed,14,14,0.0,0.0,0.0,3,999,30,SP-625A952A40|2026-06-02
00000000-0000-0000-0000-000000000001,3515fd8b-5fd9-4d58-b6b5-6c75864aeeac,SP-753874965B,HT4369,Adidas,"3-Stripes Clx Very-Short-Length Swim Shorts, Blue",apparel,men,core,2026-05-29 20:40:54.077393+00:00,2026-05-29 20:40:54.077393+00:00,14.88,35.68,14,14,ht4369,sp753874965b,adidas,"3 stripes clx very short length swim shorts, blue",ADIDAS,HT4369,swimwear,men,"3-Stripes Clx Very-Short-Length Swim Shorts, Blue",2026-05-26,47.0,1812870.5714285714,3420000.0,2,2,1,same_model_family,0.7393,7.0,1,movement_reconstructed,14,14,0.0,0.0,0.0,0,999,30,SP-753874965B|2026-05-26
00000000-0000-0000-0000-000000000001,3515fd8b-5fd9-4d58-b6b5-6c75864aeeac,SP-753874965B,HT4369,Adidas,"3-Stripes Clx Very-Short-Length Swim Shorts, Blue",apparel,men,core,2026-05-29 20:40:54.077393+00:00,2026-05-29 20:40:54.077393+00:00,14.88,35.68,14,14,ht4369,sp753874965b,adidas,"3 stripes clx very short length swim shorts, blue",ADIDAS,HT4369,swimwear,men,"3-Stripes Clx Very-Short-Length Swim Shorts, Blue",2026-06-02,0.0,0.0,0.0,0,0,0,no_match,0.0,,0,movement_reconstructed,14,14,0.0,0.0,0.0,3,999,30,SP-753874965B|2026-06-02
00000000-0000-0000-0000-000000000001,4b980e7e-4c21-4977-98ec-92abf1799caf,SP-80442AC9A2,IY2155,Adidas,"3-Stripes French Terry Shorts, Purple",apparel,women,core,2026-05-29 20:40:54.077393+00:00,2026-05-29 20:40:54.077393+00:00,11.52,27.92,14,14,iy2155,sp80442ac9a2,adidas,"3 stripes french terry shorts, purple",ADIDAS,IY2155,swimwear,women,"3-Stripes French Terry Shorts, Purple",2026-05-26,0.0,0.0,0.0,0,0,0,no_match,0.0,,0,movement_reconstructed,14,14,0.0,0.0,0.0,0,999,30,SP-80442AC9A2|2026-05-26
00000000-0000-0000-0000-000000000001,4b980e7e-4c21-4977-98ec-92abf1799caf,SP-80442AC9A2,IY2155,Adidas,"3-Stripes French Terry Shorts, Purple",apparel,women,core,2026-05-29 20:40:54.077393+00:00,2026-05-29 20:40:54.077393+00:00,11.52,27.92,14,14,iy2155,sp80442ac9a2,adidas,"3 stripes french terry shorts, purple",ADIDAS,IY2155,swimwear,women,"3-Stripes French Terry Shorts, Purple",2026-06-02,0.0,0.0,0.0,0,0,0,no_match,0.0,,0,movement_reconstructed,14,14,0.0,0.0,0.0,3,999,30,SP-80442AC9A2|2026-06-02
00000000-0000-0000-0000-000000000001,491bbf68-26ac-4bf8-8648-c86886eec43d,SP-154D3E9BB1,IU2522,Adidas,"3-Stripes Leggings, Black",apparel,women,core,2026-05-29 20:40:54.077393+00:00,2026-05-29 20:40:54.077393+00:00,16.32,38.91,14,14,iu2522,sp154d3e9bb1,adidas,"3 stripes leggings, black",ADIDAS,IU2522,apparel_3_stripes_leggings_black,women,"3-Stripes Leggings, Black",2026-05-26,3060000.0,3060000.0,3060000.0,1,1,0,exact_style,1.0,1.0,1,movement_reconstructed,14,14,0.0,0.0,0.0,0,999,30,SP-154D3E9BB1|2026-05-26
00000000-0000-0000-0000-000000000001,491bbf68-26ac-4bf8-8648-c86886eec43d,SP-154D3E9BB1,IU2522,Adidas,"3-Stripes Leggings, Black",apparel,women,core,2026-05-29 20:40:54.077393+00:00,2026-05-29 20:40:54.077393+00:00,16.32,38.91,14,14,iu2522,sp154d3e9bb1,adidas,"3 stripes leggings, black",ADIDAS,IU2522,apparel_3_stripes_leggings_black,women,"3-Stripes Leggings, Black",2026-06-02,0.0,0.0,0.0,0,0,0,no_match,0.0,,0,movement_reconstructed,14,14,0.0,0.0,0.0,3,999,30,SP-154D3E9BB1|2026-06-02
00000000-0000-0000-0000-000000000001,650cb187-b5ee-4fc7-9670-aac58a27d1b8,SP-E7F43FB6BA,JD4982,Adidas,"3-Stripes Leggings, Brown",apparel,women,core,2026-05-29 20:40:54.077393+00:00,2026-05-29 20:40:54.077393+00:00,20.64,43.71,14,14,jd4982,spe7f43fb6ba,adidas,"3 stripes leggings, brown",ADIDAS,JD4982,apparel_3_stripes_leggings_brown,women,"3-Stripes Leggings, Brown",2026-05-26,3870000.0,3870000.0,3870000.0,1,1,0,exact_style,1.0,1.0,1,movement_reconstructed,14,14,0.0,0.0,0.0,0,999,30,SP-E7F43FB6BA|2026-05-26
00000000-0000-0000-0000-000000000001,650cb187-b5ee-4fc7-9670-aac58a27d1b8,SP-E7F43FB6BA,JD4982,Adidas,"3-Stripes Leggings, Brown",apparel,women,core,2026-05-29 20:40:54.077393+00:00,2026-05-29 20:40:54.077393+00:00,20.64,43.71,14,14,jd4982,spe7f43fb6ba,adidas,"3 stripes leggings, brown",ADIDAS,JD4982,apparel_3_stripes_leggings_brown,women,"3-Stripes Leggings, Brown",2026-06-02,0.0,0.0,0.0,0,0,0,no_match,0.0,,0,movement_reconstructed,14,14,0.0,0.0,0.0,3,999,30,SP-E7F43FB6BA|2026-06-02
00000000-0000-0000-0000-000000000001,145a1bc3-cf13-418f-9d58-4b9d2f0d26c2,SP-E0B825C9D5,IP2970,Adidas,"3-Stripes Leggings, Green",apparel,women,core,2026-05-29 20:40:54.077393+00:00,2026-05-29 20:40:54.077393+00:00,10.56,24.15,14,14,ip2970,spe0b825c9d5,adidas,"3 stripes leggings, green",ADIDAS,IP2970,apparel_3_stripes_leggings_green,women,"3-Stripes Leggings, Green",2026-05-26,1980000.0,1980000.0,1980000.0,1,1,0,exact_style,1.0,1.0,1,movement_reconstructed,14,14,0.0,0.0,0.0,0,999,30,SP-E0B825C9D5|2026-05-26
00000000-0000-0000-0000-000000000001,145a1bc3-cf13-418f-9d58-4b9d2f0d26c2,SP-E0B825C9D5,IP2970,Adidas,"3-Stripes Leggings, Green",apparel,women,core,2026-05-29 20:40:54.077393+00:00,2026-05-29 20:40:54.077393+00:00,10.56,24.15,14,14,ip2970,spe0b825c9d5,adidas,"3 stripes leggings, green",ADIDAS,IP2970,apparel_3_stripes_leggings_green,women,"3-Stripes Leggings, Green",2026-06-02,0.0,0.0,0.0,0,0,0,no_match,0.0,,0,movement_reconstructed,14,14,0.0,0.0,0.0,3,999,30,SP-E0B825C9D5|2026-06-02
00000000-0000-0000-0000-000000000001,a5046cee-c8ad-4e12-ad1a-4ed6766a345d,SP-AA14E90547,IP2968,Adidas,"3-Stripes Leggings, Multicolour",apparel,women,core,2026-05-29 20:40:54.077393+00:00,2026-05-29 20:40:54.077393+00:00,12.96,28.73,14,14,ip2968,spaa14e90547,adidas,"3 stripes leggings, multicolour",ADIDAS,IP2968,apparel_3_stripes_leggings_multicolour,women,"3-Stripes Leggings, Multicolour",2026-05-26,2430000.0,2430000.0,2430000.0,1,1,0,exact_style,1.0,1.0,1,movement_reconstructed,14,14,0.0,0.0,0.0,0,999,30,SP-AA14E90547|2026-05-26
00000000-0000-0000-0000-000000000001,a5046cee-c8ad-4e12-ad1a-4ed6766a345d,SP-AA14E90547,IP2968,Adidas,"3-Stripes Leggings, Multicolour",apparel,women,core,2026-05-29 20:40:54.077393+00:00,2026-05-29 20:40:54.077393+00:00,12.96,28.73,14,14,ip2968,spaa14e90547,adidas,"3 stripes leggings, multicolour",ADIDAS,IP2968,apparel_3_stripes_leggings_multicolour,women,"3-Stripes Leggings, Multicolour",2026-06-02,0.0,0.0,0.0,0,0,0,no_match,0.0,,0,movement_reconstructed,14,14,0.0,0.0,0.0,3,999,30,SP-AA14E90547|2026-06-02
00000000-0000-0000-0000-000000000001,a04c3f75-4460-4bd6-863f-0ec4f5ce8989,SP-E20D71253B,IN234886,New Balance,New Balance 25 Inches Essential High-Rise Women Performance 7/8 Tight Black,apparel,women,core,2026-05-29 20:40:54.077393+00:00,2026-05-29 20:40:54.077393+00:00,28.91,72.99,14,14,in234886,spe20d71253b,new balance,new balance 25 inches essential high rise women performance 7/8 tight black,NEW BALANCE,IN234886,apparel,women,New Balance 25 Inches Essential High-Rise Women Performance 7/8 Tight Black,2026-05-26,45.0,57.333333333333336,75.0,1,1,1,same_model_family,0.8138,21.0,1,movement_reconstructed,14,14,0.0,0.0,0.0,0,999,30,SP-E20D71253B|2026-05-26
00000000-0000-0000-0000-000000000001,a04c3f75-4460-4bd6-863f-0ec4f5ce8989,SP-E20D71253B,IN234886,New Balance,New Balance 25 Inches Essential High-Rise Women Performance 7/8 Tight Black,apparel,women,core,2026-05-29 20:40:54.077393+00:00,2026-05-29 20:40:54.077393+00:00,28.91,72.99,14,14,in234886,spe20d71253b,new balance,new balance 25 inches essential high rise women performance 7/8 tight black,NEW BALANCE,IN234886,apparel,women,New Balance 25 Inches Essential High-Rise Women Performance 7/8 Tight Black,2026-06-02,0.0,0.0,0.0,0,0,0,no_match,0.0,,0,movement_reconstructed,14,14,0.0,0.0,0.0,3,999,30,SP-E20D71253B|2026-06-02
00000000-0000-0000-0000-000000000001,2e43a071-50f8-4ffd-8f08-d606faf9f496,SP-7CDB28E0F3,IN192321,New Balance,New Balance Accelerate 7 Inch Men Performanc Short Ice Blue,apparel,men,core,2026-05-29 20:40:54.077393+00:00,2026-05-29 20:40:54.077393+00:00,13.23,25.92,14,14,in192321,sp7cdb28e0f3,new balance,new balance accelerate 7 inch men performanc short ice blue,NEW BALANCE,IN192321,swimwear,men,New Balance Accelerate 7 Inch Men Performanc Short Ice Blue,2026-05-26,27.0,30.4,34.0,1,1,1,same_model_family,0.791,5.0,1,movement_reconstructed,14,14,0.0,0.0,0.0,0,999,30,SP-7CDB28E0F3|2026-05-26
00000000-0000-0000-0000-000000000001,2e43a071-50f8-4ffd-8f08-d606faf9f496,SP-7CDB28E0F3,IN192321,New Balance,New Balance Accelerate 7 Inch Men Performanc Short Ice Blue,apparel,men,core,2026-05-29 20:40:54.077393+00:00,2026-05-29 20:40:54.077393+00:00,13.23,25.92,14,14,in192321,sp7cdb28e0f3,new balance,new balance accelerate 7 inch men performanc short ice blue,NEW BALANCE,IN192321,swimwear,men,New Balance Accelerate 7 Inch Men Performanc Short Ice Blue,2026-06-02,0.0,0.0,0.0,0,0,0,no_match,0.0,,0,movement_reconstructed,14,14,0.0,0.0,0.0,3,999,30,SP-7CDB28E0F3|2026-06-02
00000000-0000-0000-0000-000000000001,acfeed86-8164-41d3-a465-7a6aed498a10,SP-8B54A344D5,IN205073,New Balance,New Balance Archive Men Lifestyle Sweatshirt Athletic Grey,apparel,men,core,2026-05-29 20:40:54.077393+00:00,2026-05-29 20:40:54.077393+00:00,35.28,66.93,14,14,in205073,sp8b54a344d5,new balance,new balance archive men lifestyle sweatshirt athletic grey,NEW BALANCE,IN205073,apparel,men,New Balance Archive Men Lifestyle Sweatshirt Athletic Grey,2026-05-26,53.0,63.5,74.0,1,1,1,similar_product,0.731,2.0,1,movement_reconstructed,14,14,0.0,0.0,0.0,0,999,30,SP-8B54A344D5|2026-05-26
00000000-0000-0000-0000-000000000001,acfeed86-8164-41d3-a465-7a6aed498a10,SP-8B54A344D5,IN205073,New Balance,New Balance Archive Men Lifestyle Sweatshirt Athletic Grey,apparel,men,core,2026-05-29 20:40:54.077393+00:00,2026-05-29 20:40:54.077393+00:00,35.28,66.93,14,14,in205073,sp8b54a344d5,new balance,new balance archive men lifestyle sweatshirt athletic grey,NEW BALANCE,IN205073,apparel,men,New Balance Archive Men Lifestyle Sweatshirt Athletic Grey,2026-06-02,0.0,0.0,0.0,0,0,0,no_match,0.0,,0,movement_reconstructed,14,14,0.0,0.0,0.0,3,999,30,SP-8B54A344D5|2026-06-02
00000000-0000-0000-0000-000000000001,4101d5a3-fc4b-48e5-9c0f-57810ca8fcc5,SP-264C0F6E4D,IN205134,New Balance,New Balance Athletic Jersey Women Lifestyle T-Shirt Black,apparel,women,core,2026-05-29 20:40:54.077393+00:00,2026-05-29 20:40:54.077393+00:00,24.01,50.21,14,14,in205134,sp264c0f6e4d,new balance,new balance athletic jersey women lifestyle t shirt black,NEW BALANCE,IN205134,apparel,women,New Balance Athletic Jersey Women Lifestyle T-Shirt Black,2026-05-26,25.0,31.0,34.0,1,1,1,same_model_family,0.7873,3.0,1,movement_reconstructed,14,14,0.0,0.0,0.0,0,999,30,SP-264C0F6E4D|2026-05-26
00000000-0000-0000-0000-000000000001,4101d5a3-fc4b-48e5-9c0f-57810ca8fcc5,SP-264C0F6E4D,IN205134,New Balance,New Balance Athletic Jersey Women Lifestyle T-Shirt Black,apparel,women,core,2026-05-29 20:40:54.077393+00:00,2026-05-29 20:40:54.077393+00:00,24.01,50.21,14,14,in205134,sp264c0f6e4d,new balance,new balance athletic jersey women lifestyle t shirt black,NEW BALANCE,IN205134,apparel,women,New Balance Athletic Jersey Women Lifestyle T-Shirt Black,2026-06-02,0.0,0.0,0.0,0,0,0,no_match,0.0,,0,movement_reconstructed,14,14,0.0,0.0,0.0,3,999,30,SP-264C0F6E4D|2026-06-02
00000000-0000-0000-0000-000000000001,d1ea944f-8c23-4a92-ac4b-eecff2a7991f,SP-016FA5F172,IN234925,New Balance,New Balance Athletic Premium Logo Relaxed Women Lifestyle Sweatshirt Big Teal,apparel,women,core,2026-05-29 20:40:54.077393+00:00,2026-05-29 20:40:54.077393+00:00,36.75,77.65,14,14,in234925,sp016fa5f172,new balance,new balance athletic premium logo relaxed women lifestyle sweatshirt big teal,NEW BALANCE,IN234925,apparel,women,New Balance Athletic Premium Logo Relaxed Women Lifestyle Sweatshirt Big Teal,2026-05-26,75.0,75.0,75.0,1,0,0,same_model_family,0.98,1.0,1,movement_reconstructed,14,14,0.0,0.0,0.0,0,999,30,SP-016FA5F172|2026-05-26
00000000-0000-0000-0000-000000000001,d1ea944f-8c23-4a92-ac4b-eecff2a7991f,SP-016FA5F172,IN234925,New Balance,New Balance Athletic Premium Logo Relaxed Women Lifestyle Sweatshirt Big Teal,apparel,women,core,2026-05-29 20:40:54.077393+00:00,2026-05-29 20:40:54.077393+00:00,36.75,77.65,14,14,in234925,sp016fa5f172,new balance,new balance athletic premium logo relaxed women lifestyle sweatshirt big teal,NEW BALANCE,IN234925,apparel,women,New Balance Athletic Premium Logo Relaxed Women Lifestyle Sweatshirt Big Teal,2026-06-02,0.0,0.0,0.0,0,0,0,no_match,0.0,,0,movement_reconstructed,14,14,0.0,0.0,0.0,3,999,30,SP-016FA5F172|2026-06-02
00000000-0000-0000-0000-000000000001,eedb3401-f04a-4e0f-83bc-691482f28665,SP-4C55644A29,IN219845,New Balance,New Balance Athletics Flower Women Lifestyle T-Shirt Clay Ash,apparel,women,core,2026-05-29 20:40:54.077393+00:00,2026-05-29 20:40:54.077393+00:00,18.62,38.91,14,14,in219845,sp4c55644a29,new balance,new balance athletics flower women lifestyle t shirt clay ash,NEW BALANCE,IN219845,apparel,women,New Balance Athletics Flower Women Lifestyle T-Shirt Clay Ash,2026-05-26,32.0,35.625,38.0,1,1,1,same_model_family,0.8304,8.0,1,movement_reconstructed,14,14,0.0,0.0,0.0,0,999,30,SP-4C55644A29|2026-05-26
00000000-0000-0000-0000-000000000001,eedb3401-f04a-4e0f-83bc-691482f28665,SP-4C55644A29,IN219845,New Balance,New Balance Athletics Flower Women Lifestyle T-Shirt Clay Ash,apparel,women,core,2026-05-29 20:40:54.077393+00:00,2026-05-29 20:40:54.077393+00:00,18.62,38.91,14,14,in219845,sp4c55644a29,new balance,new balance athletics flower women lifestyle t shirt clay ash,NEW BALANCE,IN219845,apparel,women,New Balance Athletics Flower Women Lifestyle T-Shirt Clay Ash,2026-06-02,0.0,0.0,0.0,0,0,0,no_match,0.0,,0,movement_reconstructed,14,14,0.0,0.0,0.0,3,999,30,SP-4C55644A29|2026-06-02
00000000-0000-0000-0000-000000000001,5d38ccca-b2cc-4531-a277-a8e03d023900,SP-8EDF34B77B,IN226849,New Balance,New Balance Athletics French Terry Logo Men Lifestyle Hoody Black,apparel,men,core,2026-05-29 20:40:54.077393+00:00,2026-05-29 20:40:54.077393+00:00,43.12,96.07,14,14,in226849,sp8edf34b77b,new balance,new balance athletics french terry logo men lifestyle hoody black,NEW BALANCE,IN226849,lifestyle,men,New Balance Athletics French Terry Logo Men Lifestyle Hoody Black,2026-05-26,50.0,69.9090909090909,88.0,1,1,1,same_model_family,0.8368,11.0,1,movement_reconstructed,14,14,0.0,0.0,0.0,0,999,30,SP-8EDF34B77B|2026-05-26
00000000-0000-0000-0000-000000000001,5d38ccca-b2cc-4531-a277-a8e03d023900,SP-8EDF34B77B,IN226849,New Balance,New Balance Athletics French Terry Logo Men Lifestyle Hoody Black,apparel,men,core,2026-05-29 20:40:54.077393+00:00,2026-05-29 20:40:54.077393+00:00,43.12,96.07,14,14,in226849,sp8edf34b77b,new balance,new balance athletics french terry logo men lifestyle hoody black,NEW BALANCE,IN226849,lifestyle,men,New Balance Athletics French Terry Logo Men Lifestyle Hoody Black,2026-06-02,0.0,0.0,0.0,0,0,0,no_match,0.0,,0,movement_reconstructed,14,14,0.0,0.0,0.0,3,999,30,SP-8EDF34B77B|2026-06-02
00000000-0000-0000-0000-000000000001,d33d7ef4-42ac-4852-9197-b80fc48b4fd6,SP-F557DDEAE8,IN219643,New Balance,New Balance Athletics French Terry Men Lifestyle Hoody Dusk Shower,apparel,men,core,2026-05-29 20:40:54.077393+00:00,2026-05-29 20:40:54.077393+00:00,39.2,88.45,14,14,in219643,spf557ddeae8,new balance,new balance athletics french terry men lifestyle hoody dusk shower,NEW BALANCE,IN219643,lifestyle,men,New Balance Athletics French Terry Men Lifestyle Hoody Dusk Shower,2026-05-26,60.0,73.5,85.0,1,1,1,same_model_family,0.8793,6.0,1,movement_reconstructed,14,14,0.0,0.0,0.0,0,999,30,SP-F557DDEAE8|2026-05-26
00000000-0000-0000-0000-000000000001,d33d7ef4-42ac-4852-9197-b80fc48b4fd6,SP-F557DDEAE8,IN219643,New Balance,New Balance Athletics French Terry Men Lifestyle Hoody Dusk Shower,apparel,men,core,2026-05-29 20:40:54.077393+00:00,2026-05-29 20:40:54.077393+00:00,39.2,88.45,14,14,in219643,spf557ddeae8,new balance,new balance athletics french terry men lifestyle hoody dusk shower,NEW BALANCE,IN219643,lifestyle,men,New Balance Athletics French Terry Men Lifestyle Hoody Dusk Shower,2026-06-02,0.0,0.0,0.0,0,0,0,no_match,0.0,,0,movement_reconstructed,14,14,0.0,0.0,0.0,3,999,30,SP-F557DDEAE8|2026-06-02
00000000-0000-0000-0000-000000000001,c75c18f1-0e51-4fe4-b32d-60e219babde2,SP-6477693F65,IN234751,New Balance,New Balance Athletics French Terry Men Lifestyle Pant Black,apparel,men,core,2026-05-29 20:40:54.077393+00:00,2026-05-29 20:40:54.077393+00:00,48.51,92.21,14,14,in234751,sp6477693f65,new balance,new balance athletics french terry men lifestyle pant black,NEW BALANCE,IN234751,apparel,men,New Balance Athletics French Terry Men Lifestyle Pant Black,2026-05-26,55.0,68.0,99.0,1,1,1,same_model_family,0.856,5.0,1,movement_reconstructed,14,14,0.0,0.0,0.0,0,999,30,SP-6477693F65|2026-05-26
00000000-0000-0000-0000-000000000001,c75c18f1-0e51-4fe4-b32d-60e219babde2,SP-6477693F65,IN234751,New Balance,New Balance Athletics French Terry Men Lifestyle Pant Black,apparel,men,core,2026-05-29 20:40:54.077393+00:00,2026-05-29 20:40:54.077393+00:00,48.51,92.21,14,14,in234751,sp6477693f65,new balance,new balance athletics french terry men lifestyle pant black,NEW BALANCE,IN234751,apparel,men,New Balance Athletics French Terry Men Lifestyle Pant Black,2026-06-02,0.0,0.0,0.0,0,0,0,no_match,0.0,,0,movement_reconstructed,14,14,0.0,0.0,0.0,3,999,30,SP-6477693F65|2026-06-02
00000000-0000-0000-0000-000000000001,3d2aa1e1-a1ac-47f1-9423-39e28902bcae,SP-C2A32D9C08,IN234746,New Balance,New Balance Athletics French Terry Men Lifestyle Pant Pumpernickel,apparel,men,core,2026-05-29 20:40:54.077393+00:00,2026-05-29 20:40:54.077393+00:00,51.45,115.28,14,14,in234746,spc2a32d9c08,new balance,new balance athletics french terry men lifestyle pant pumpernickel,NEW BALANCE,IN234746,apparel,men,New Balance Athletics French Terry Men Lifestyle Pant Pumpernickel,2026-05-26,105.0,105.0,105.0,1,0,0,same_model_family,0.975,1.0,1,movement_reconstructed,14,14,0.0,0.0,0.0,0,999,30,SP-C2A32D9C08|2026-05-26
00000000-0000-0000-0000-000000000001,3d2aa1e1-a1ac-47f1-9423-39e28902bcae,SP-C2A32D9C08,IN234746,New Balance,New Balance Athletics French Terry Men Lifestyle Pant Pumpernickel,apparel,men,core,2026-05-29 20:40:54.077393+00:00,2026-05-29 20:40:54.077393+00:00,51.45,115.28,14,14,in234746,spc2a32d9c08,new balance,new balance athletics french terry men lifestyle pant pumpernickel,NEW BALANCE,IN234746,apparel,men,New Balance Athletics French Terry Men Lifestyle Pant Pumpernickel,2026-06-02,0.0,0.0,0.0,0,0,0,no_match,0.0,,0,movement_reconstructed,14,14,0.0,0.0,0.0,3,999,30,SP-C2A32D9C08|2026-06-02
00000000-0000-0000-0000-000000000001,3e0f4d0d-bd52-49b9-99ce-4a05cf1a7067,SP-E859AD8963,IN219793,New Balance,New Balance Athletics French Terry Women Lifestyle Pant Linen,apparel,women,core,2026-05-29 20:40:54.077393+00:00,2026-05-29 20:40:54.077393+00:00,36.26,73.86,14,14,in219793,spe859ad8963,new balance,new balance athletics french terry women lifestyle pant linen,NEW BALANCE,IN219793,apparel,women,New Balance Athletics French Terry Women Lifestyle Pant Linen,2026-05-26,35.0,66.0,79.0,1,1,1,same_model_family,0.838,11.0,1,movement_reconstructed,14,14,0.0,0.0,0.0,0,999,30,SP-E859AD8963|2026-05-26
00000000-0000-0000-0000-000000000001,3e0f4d0d-bd52-49b9-99ce-4a05cf1a7067,SP-E859AD8963,IN219793,New Balance,New Balance Athletics French Terry Women Lifestyle Pant Linen,apparel,women,core,2026-05-29 20:40:54.077393+00:00,2026-05-29 20:40:54.077393+00:00,36.26,73.86,14,14,in219793,spe859ad8963,new balance,new balance athletics french terry women lifestyle pant linen,NEW BALANCE,IN219793,apparel,women,New Balance Athletics French Terry Women Lifestyle Pant Linen,2026-06-02,0.0,0.0,0.0,0,0,0,no_match,0.0,,0,movement_reconstructed,14,14,0.0,0.0,0.0,3,999,30,SP-E859AD8963|2026-06-02
00000000-0000-0000-0000-000000000001,bfdcefc3-2639-4aad-9066-45db2b308fd1,SP-E8BBCA75D7,IN226998,New Balance,New Balance Athletics French Terry Women Lifestyle Short Linen,apparel,women,core,2026-05-29 20:40:54.077393+00:00,2026-05-29 20:40:54.077393+00:00,26.95,66.43,14,14,in226998,spe8bbca75d7,new balance,new balance athletics french terry women lifestyle short linen,NEW BALANCE,IN226998,swimwear,women,New Balance Athletics French Terry Women Lifestyle Short Linen,2026-05-26,49.0,53.0,55.0,1,1,0,same_model_family,0.8723,3.0,1,movement_reconstructed,14,14,0.0,0.0,0.0,0,999,30,SP-E8BBCA75D7|2026-05-26
00000000-0000-0000-0000-000000000001,bfdcefc3-2639-4aad-9066-45db2b308fd1,SP-E8BBCA75D7,IN226998,New Balance,New Balance Athletics French Terry Women Lifestyle Short Linen,apparel,women,core,2026-05-29 20:40:54.077393+00:00,2026-05-29 20:40:54.077393+00:00,26.95,66.43,14,14,in226998,spe8bbca75d7,new balance,new balance athletics french terry women lifestyle short linen,NEW BALANCE,IN226998,swimwear,women,New Balance Athletics French Terry Women Lifestyle Short Linen,2026-06-02,0.0,0.0,0.0,0,0,0,no_match,0.0,,0,movement_reconstructed,14,14,0.0,0.0,0.0,3,999,30,SP-E8BBCA75D7|2026-06-02
00000000-0000-0000-0000-000000000001,1bc41932-6409-4e6e-abc5-78ddc9dadb2b,SP-ABD0B6080A,IN227021,New Balance,New Balance Athletics Gradient Shoes Women Lifestyle T-Shirt Linen,apparel,women,core,2026-05-29 20:40:54.077393+00:00,2026-05-29 20:40:54.077393+00:00,16.66,36.38,14,14,in227021,spabd0b6080a,new balance,new balance athletics gradient shoes women lifestyle t shirt linen,NEW BALANCE,IN227021,footwear,women,New Balance Athletics Gradient Shoes Women Lifestyle T-Shirt Linen,2026-05-26,32.0,33.0,34.0,1,1,1,same_model_family,0.8266,4.0,1,movement_reconstructed,14,14,0.0,0.0,0.0,0,999,30,SP-ABD0B6080A|2026-05-26
00000000-0000-0000-0000-000000000001,1bc41932-6409-4e6e-abc5-78ddc9dadb2b,SP-ABD0B6080A,IN227021,New Balance,New Balance Athletics Gradient Shoes Women Lifestyle T-Shirt Linen,apparel,women,core,2026-05-29 20:40:54.077393+00:00,2026-05-29 20:40:54.077393+00:00,16.66,36.38,14,14,in227021,spabd0b6080a,new balance,new balance athletics gradient shoes women lifestyle t shirt linen,NEW BALANCE,IN227021,footwear,women,New Balance Athletics Gradient Shoes Women Lifestyle T-Shirt Linen,2026-06-02,0.0,0.0,0.0,0,0,0,no_match,0.0,,0,movement_reconstructed,14,14,0.0,0.0,0.0,3,999,30,SP-ABD0B6080A|2026-06-02
00000000-0000-0000-0000-000000000001,796fcf0f-7f95-4bd0-8436-98d40ae77276,SP-02EF4F091B,IN238166,New Balance,New Balance Athletics Graffiti Graphic Kids-Girls Lifestyle T-Shirt Caviar/Pink,apparel,kids,core,2026-05-29 20:40:54.077393+00:00,2026-05-29 20:40:54.077393+00:00,17.15,33.41,14,14,in238166,sp02ef4f091b,new balance,new balance athletics graffiti graphic kids girls lifestyle t shirt caviar/pink,NEW BALANCE,IN238166,kids,women,New Balance Athletics Graffiti Graphic Kids-Girls Lifestyle T-Shirt Caviar/Pink,2026-05-26,35.0,38.333333333333336,45.0,1,0,1,same_model_family,0.7825,3.0,1,movement_reconstructed,14,14,0.0,0.0,0.0,0,999,30,SP-02EF4F091B|2026-05-26
00000000-0000-0000-0000-000000000001,796fcf0f-7f95-4bd0-8436-98d40ae77276,SP-02EF4F091B,IN238166,New Balance,New Balance Athletics Graffiti Graphic Kids-Girls Lifestyle T-Shirt Caviar/Pink,apparel,kids,core,2026-05-29 20:40:54.077393+00:00,2026-05-29 20:40:54.077393+00:00,17.15,33.41,14,14,in238166,sp02ef4f091b,new balance,new balance athletics graffiti graphic kids girls lifestyle t shirt caviar/pink,NEW BALANCE,IN238166,kids,women,New Balance Athletics Graffiti Graphic Kids-Girls Lifestyle T-Shirt Caviar/Pink,2026-06-02,0.0,0.0,0.0,0,0,0,no_match,0.0,,0,movement_reconstructed,14,14,0.0,0.0,0.0,3,999,30,SP-02EF4F091B|2026-06-02
00000000-0000-0000-0000-000000000001,bc939eda-d5d2-4d5a-8957-716ed62c5de3,SP-9DE0BC17BB,IN226859,New Balance,New Balance Athletics Graphic Men Performanc T-Shirt Black,apparel,men,core,2026-05-29 20:40:54.077393+00:00,2026-05-29 20:40:54.077393+00:00,19.11,48.16,14,14,in226859,sp9de0bc17bb,new balance,new balance athletics graphic men performanc t shirt black,NEW BALANCE,IN226859,apparel,men,New Balance Athletics Graphic Men Performanc T-Shirt Black,2026-05-26,39.0,45.666666666666664,49.0,1,1,1,same_model_family,0.837,3.0,1,movement_reconstructed,14,14,0.0,0.0,0.0,0,999,30,SP-9DE0BC17BB|2026-05-26
00000000-0000-0000-0000-000000000001,bc939eda-d5d2-4d5a-8957-716ed62c5de3,SP-9DE0BC17BB,IN226859,New Balance,New Balance Athletics Graphic Men Performanc T-Shirt Black,apparel,men,core,2026-05-29 20:40:54.077393+00:00,2026-05-29 20:40:54.077393+00:00,19.11,48.16,14,14,in226859,sp9de0bc17bb,new balance,new balance athletics graphic men performanc t shirt black,NEW BALANCE,IN226859,apparel,men,New Balance Athletics Graphic Men Performanc T-Shirt Black,2026-06-02,0.0,0.0,0.0,0,0,0,no_match,0.0,,0,movement_reconstructed,14,14,0.0,0.0,0.0,3,999,30,SP-9DE0BC17BB|2026-06-02
00000000-0000-0000-0000-000000000001,0a525c98-781c-41e7-9b7d-59d0c05a991a,SP-BA949A0923,IN226860,New Balance,New Balance Athletics Graphic Men Performance T-Shirt Lab Green,apparel,men,core,2026-05-29 20:40:54.077393+00:00,2026-05-29 20:40:54.077393+00:00,13.72,25.64,14,14,in226860,spba949a0923,new balance,new balance athletics graphic men performance t shirt lab green,NEW BALANCE,IN226860,apparel,men,New Balance Athletics Graphic Men Performance T-Shirt Lab Green,2026-05-26,20.0,27.8,41.0,1,1,1,same_model_family,0.7472,20.0,1,movement_reconstructed,14,14,0.0,0.0,0.0,0,999,30,SP-BA949A0923|2026-05-26
00000000-0000-0000-0000-000000000001,0a525c98-781c-41e7-9b7d-59d0c05a991a,SP-BA949A0923,IN226860,New Balance,New Balance Athletics Graphic Men Performance T-Shirt Lab Green,apparel,men,core,2026-05-29 20:40:54.077393+00:00,2026-05-29 20:40:54.077393+00:00,13.72,25.64,14,14,in226860,spba949a0923,new balance,new balance athletics graphic men performance t shirt lab green,NEW BALANCE,IN226860,apparel,men,New Balance Athletics Graphic Men Performance T-Shirt Lab Green,2026-06-02,0.0,0.0,0.0,0,0,0,no_match,0.0,,0,movement_reconstructed,14,14,0.0,0.0,0.0,3,999,30,SP-BA949A0923|2026-06-02
00000000-0000-0000-0000-000000000001,4cb536f8-0496-41ae-a257-96ef5b285816,SP-B87306A6F9,IN234918,New Balance,New Balance Athletics Jersey Women Lifestyle T-Shirt Daybreak,apparel,women,core,2026-05-29 20:40:54.077393+00:00,2026-05-29 20:40:54.077393+00:00,24.01,58.59,14,14,in234918,spb87306a6f9,new balance,new balance athletics jersey women lifestyle t shirt daybreak,NEW BALANCE,IN234918,apparel,women,New Balance Athletics Jersey Women Lifestyle T-Shirt Daybreak,2026-05-26,34.0,39.333333333333336,49.0,1,1,1,same_model_family,0.8333,3.0,1,movement_reconstructed,14,14,0.0,0.0,0.0,0,999,30,SP-B87306A6F9|2026-05-26
00000000-0000-0000-0000-000000000001,4cb536f8-0496-41ae-a257-96ef5b285816,SP-B87306A6F9,IN234918,New Balance,New Balance Athletics Jersey Women Lifestyle T-Shirt Daybreak,apparel,women,core,2026-05-29 20:40:54.077393+00:00,2026-05-29 20:40:54.077393+00:00,24.01,58.59,14,14,in234918,spb87306a6f9,new balance,new balance athletics jersey women lifestyle t shirt daybreak,NEW BALANCE,IN234918,apparel,women,New Balance Athletics Jersey Women Lifestyle T-Shirt Daybreak,2026-06-02,0.0,0.0,0.0,0,0,0,no_match,0.0,,0,movement_reconstructed,14,14,0.0,0.0,0.0,3,999,30,SP-B87306A6F9|2026-06-02
00000000-0000-0000-0000-000000000001,86e7bb86-18bd-4a42-8007-1fffb069a4d0,SP-BB4CF55CF1,IN238153,New Balance,New Balance Athletics Kids-Boys Performanc Short Caviar,apparel,kids,core,2026-05-29 20:40:54.077393+00:00,2026-05-29 20:40:54.077393+00:00,19.11,39.96,14,14,in238153,spbb4cf55cf1,new balance,new balance athletics kids boys performanc short caviar,NEW BALANCE,IN238153,swimwear,men,New Balance Athletics Kids-Boys Performanc Short Caviar,2026-05-26,38.0,38.6,39.0,1,1,1,same_model_family,0.7984,5.0,1,movement_reconstructed,14,14,0.0,0.0,0.0,0,999,30,SP-BB4CF55CF1|2026-05-26
00000000-0000-0000-0000-000000000001,86e7bb86-18bd-4a42-8007-1fffb069a4d0,SP-BB4CF55CF1,IN238153,New Balance,New Balance Athletics Kids-Boys Performanc Short Caviar,apparel,kids,core,2026-05-29 20:40:54.077393+00:00,2026-05-29 20:40:54.077393+00:00,19.11,39.96,14,14,in238153,spbb4cf55cf1,new balance,new balance athletics kids boys performanc short caviar,NEW BALANCE,IN238153,swimwear,men,New Balance Athletics Kids-Boys Performanc Short Caviar,2026-06-02,0.0,0.0,0.0,0,0,0,no_match,0.0,,0,movement_reconstructed,14,14,0.0,0.0,0.0,3,999,30,SP-BB4CF55CF1|2026-06-02
00000000-0000-0000-0000-000000000001,7d4db8aa-a5d9-414e-bbf3-8835d18c190e,SP-AA4107C9BC,IN219653,New Balance,New Balance Athletics Logo Men Lifestyle T-Shirt Dream State,apparel,men,core,2026-05-29 20:40:54.077393+00:00,2026-05-29 20:40:54.077393+00:00,16.66,39.55,14,14,in219653,spaa4107c9bc,new balance,new balance athletics logo men lifestyle t shirt dream state,NEW BALANCE,IN219653,apparel,men,New Balance Athletics Logo Men Lifestyle T-Shirt Dream State,2026-05-26,27.0,34.8,39.0,1,1,1,same_model_family,0.7982,15.0,1,movement_reconstructed,14,14,0.0,0.0,0.0,0,999,30,SP-AA4107C9BC|2026-05-26
00000000-0000-0000-0000-000000000001,7d4db8aa-a5d9-414e-bbf3-8835d18c190e,SP-AA4107C9BC,IN219653,New Balance,New Balance Athletics Logo Men Lifestyle T-Shirt Dream State,apparel,men,core,2026-05-29 20:40:54.077393+00:00,2026-05-29 20:40:54.077393+00:00,16.66,39.55,14,14,in219653,spaa4107c9bc,new balance,new balance athletics logo men lifestyle t shirt dream state,NEW BALANCE,IN219653,apparel,men,New Balance Athletics Logo Men Lifestyle T-Shirt Dream State,2026-06-02,0.0,0.0,0.0,0,0,0,no_match,0.0,,0,movement_reconstructed,14,14,0.0,0.0,0.0,3,999,30,SP-AA4107C9BC|2026-06-02
00000000-0000-0000-0000-000000000001,5ad83fe4-77d0-4823-a68f-69b91787ba81,SP-8CE19B7B41,IN205049,New Balance,New Balance Athletics Men Lifestyle Pant Ash Heather,apparel,men,core,2026-05-29 20:40:54.077393+00:00,2026-05-29 20:40:54.077393+00:00,36.26,84.54,14,14,in205049,sp8ce19b7b41,new balance,new balance athletics men lifestyle pant ash heather,NEW BALANCE,IN205049,apparel,men,New Balance Athletics Men Lifestyle Pant Ash Heather,2026-05-26,74.0,78.8,85.0,1,1,1,same_model_family,0.8171,5.0,1,movement_reconstructed,14,14,0.0,0.0,0.0,0,999,30,SP-8CE19B7B41|2026-05-26
00000000-0000-0000-0000-000000000001,5ad83fe4-77d0-4823-a68f-69b91787ba81,SP-8CE19B7B41,IN205049,New Balance,New Balance Athletics Men Lifestyle Pant Ash Heather,apparel,men,core,2026-05-29 20:40:54.077393+00:00,2026-05-29 20:40:54.077393+00:00,36.26,84.54,14,14,in205049,sp8ce19b7b41,new balance,new balance athletics men lifestyle pant ash heather,NEW BALANCE,IN205049,apparel,men,New Balance Athletics Men Lifestyle Pant Ash Heather,2026-06-02,0.0,0.0,0.0,0,0,0,no_match,0.0,,0,movement_reconstructed,14,14,0.0,0.0,0.0,3,999,30,SP-8CE19B7B41|2026-06-02
00000000-0000-0000-0000-000000000001,ced00a83-c43c-4a3e-b9c3-459e3f25b30d,SP-F37123B899,IN205050,New Balance,New Balance Athletics Men Lifestyle Pant Black,apparel,men,core,2026-05-29 20:40:54.077393+00:00,2026-05-29 20:40:54.077393+00:00,51.45,112.98,14,14,in205050,spf37123b899,new balance,new balance athletics men lifestyle pant black,NEW BALANCE,IN205050,apparel,men,New Balance Athletics Men Lifestyle Pant Black,2026-05-26,105.0,108.33333333333333,109.0,1,0,0,same_model_family,0.79,6.0,1,movement_reconstructed,14,14,0.0,0.0,0.0,0,999,30,SP-F37123B899|2026-05-26
00000000-0000-0000-0000-000000000001,ced00a83-c43c-4a3e-b9c3-459e3f25b30d,SP-F37123B899,IN205050,New Balance,New Balance Athletics Men Lifestyle Pant Black,apparel,men,core,2026-05-29 20:40:54.077393+00:00,2026-05-29 20:40:54.077393+00:00,51.45,112.98,14,14,in205050,spf37123b899,new balance,new balance athletics men lifestyle pant black,NEW BALANCE,IN205050,apparel,men,New Balance Athletics Men Lifestyle Pant Black,2026-06-02,0.0,0.0,0.0,0,0,0,no_match,0.0,,0,movement_reconstructed,14,14,0.0,0.0,0.0,3,999,30,SP-F37123B899|2026-06-02
00000000-0000-0000-0000-000000000001,0a488895-e5ce-4c11-8679-991cf9d673ab,SP-5A822EBD49,IN205068,New Balance,New Balance Athletics Men Lifestyle Short Black,apparel,men,core,2026-05-29 20:40:54.077393+00:00,2026-05-29 20:40:54.077393+00:00,26.95,60.85,14,14,in205068,sp5a822ebd49,new balance,new balance athletics men lifestyle short black,NEW BALANCE,IN205068,swimwear,men,New Balance Athletics Men Lifestyle Short Black,2026-05-26,48.0,60.25,76.0,1,1,1,same_model_family,0.7309,4.0,1,movement_reconstructed,14,14,0.0,0.0,0.0,0,999,30,SP-5A822EBD49|2026-05-26
00000000-0000-0000-0000-000000000001,0a488895-e5ce-4c11-8679-991cf9d673ab,SP-5A822EBD49,IN205068,New Balance,New Balance Athletics Men Lifestyle Short Black,apparel,men,core,2026-05-29 20:40:54.077393+00:00,2026-05-29 20:40:54.077393+00:00,26.95,60.85,14,14,in205068,sp5a822ebd49,new balance,new balance athletics men lifestyle short black,NEW BALANCE,IN205068,swimwear,men,New Balance Athletics Men Lifestyle Short Black,2026-06-02,0.0,0.0,0.0,0,0,0,no_match,0.0,,0,movement_reconstructed,14,14,0.0,0.0,0.0,3,999,30,SP-5A822EBD49|2026-06-02
00000000-0000-0000-0000-000000000001,c5981500-55aa-47c1-946b-f7ef835925dd,SP-9E98D31333,IN202162,New Balance,New Balance Athletics Men Lifestyle T-Shirt Ash Heather,apparel,men,core,2026-05-29 20:40:54.077393+00:00,2026-05-29 20:40:54.077393+00:00,24.01,59.28,14,14,in202162,sp9e98d31333,new balance,new balance athletics men lifestyle t shirt ash heather,NEW BALANCE,IN202162,apparel,men,New Balance Athletics Men Lifestyle T-Shirt Ash Heather,2026-05-26,34.0,40.9,55.0,1,1,1,same_model_family,0.7492,10.0,1,movement_reconstructed,14,14,0.0,0.0,0.0,0,999,30,SP-9E98D31333|2026-05-26
00000000-0000-0000-0000-000000000001,c5981500-55aa-47c1-946b-f7ef835925dd,SP-9E98D31333,IN202162,New Balance,New Balance Athletics Men Lifestyle T-Shirt Ash Heather,apparel,men,core,2026-05-29 20:40:54.077393+00:00,2026-05-29 20:40:54.077393+00:00,24.01,59.28,14,14,in202162,sp9e98d31333,new balance,new balance athletics men lifestyle t shirt ash heather,NEW BALANCE,IN202162,apparel,men,New Balance Athletics Men Lifestyle T-Shirt Ash Heather,2026-06-02,0.0,0.0,0.0,0,0,0,no_match,0.0,,0,movement_reconstructed,14,14,0.0,0.0,0.0,3,999,30,SP-9E98D31333|2026-06-02
00000000-0000-0000-0000-000000000001,e0c1b7d6-4754-4939-8bb7-6bec72179272,SP-7C71C82AFB,IN202164,New Balance,New Balance Athletics Men Lifestyle T-Shirt Navy,apparel,men,core,2026-05-29 20:40:54.077393+00:00,2026-05-29 20:40:54.077393+00:00,24.01,60.03,14,14,in202164,sp7c71c82afb,new balance,new balance athletics men lifestyle t shirt navy,NEW BALANCE,IN202164,apparel,men,New Balance Athletics Men Lifestyle T-Shirt Navy,2026-05-26,22.0,39.5,65.0,1,1,1,same_model_family,0.8037,14.0,1,movement_reconstructed,14,14,0.0,0.0,0.0,0,999,30,SP-7C71C82AFB|2026-05-26
00000000-0000-0000-0000-000000000001,e0c1b7d6-4754-4939-8bb7-6bec72179272,SP-7C71C82AFB,IN202164,New Balance,New Balance Athletics Men Lifestyle T-Shirt Navy,apparel,men,core,2026-05-29 20:40:54.077393+00:00,2026-05-29 20:40:54.077393+00:00,24.01,60.03,14,14,in202164,sp7c71c82afb,new balance,new balance athletics men lifestyle t shirt navy,NEW BALANCE,IN202164,apparel,men,New Balance Athletics Men Lifestyle T-Shirt Navy,2026-06-02,0.0,0.0,0.0,0,0,0,no_match,0.0,,0,movement_reconstructed,14,14,0.0,0.0,0.0,3,999,30,SP-7C71C82AFB|2026-06-02
00000000-0000-0000-0000-000000000001,aa9a5705-7140-4da4-af50-69f779b9a4d7,SP-BC8BFD0C2A,IN226834,New Balance,New Balance Athletics Men Performanc T-Shirt Blue Gemstone,apparel,men,core,2026-05-29 20:40:54.077393+00:00,2026-05-29 20:40:54.077393+00:00,16.66,33.4,14,14,in226834,spbc8bfd0c2a,new balance,new balance athletics men performanc t shirt blue gemstone,NEW BALANCE,IN226834,apparel,men,New Balance Athletics Men Performanc T-Shirt Blue Gemstone,2026-05-26,32.0,33.833333333333336,35.0,1,1,1,same_model_family,0.8198,6.0,1,movement_reconstructed,14,14,0.0,0.0,0.0,0,999,30,SP-BC8BFD0C2A|2026-05-26
00000000-0000-0000-0000-000000000001,aa9a5705-7140-4da4-af50-69f779b9a4d7,SP-BC8BFD0C2A,IN226834,New Balance,New Balance Athletics Men Performanc T-Shirt Blue Gemstone,apparel,men,core,2026-05-29 20:40:54.077393+00:00,2026-05-29 20:40:54.077393+00:00,16.66,33.4,14,14,in226834,spbc8bfd0c2a,new balance,new balance athletics men performanc t shirt blue gemstone,NEW BALANCE,IN226834,apparel,men,New Balance Athletics Men Performanc T-Shirt Blue Gemstone,2026-06-02,0.0,0.0,0.0,0,0,0,no_match,0.0,,0,movement_reconstructed,14,14,0.0,0.0,0.0,3,999,30,SP-BC8BFD0C2A|2026-06-02
00000000-0000-0000-0000-000000000001,ac8c7e59-36b6-4f99-bb18-3ce27f5dd166,SP-0D038F16ED,IN226835,New Balance,New Balance Athletics Men Performanc T-Shirt Navy Heather,apparel,men,core,2026-05-29 20:40:54.077393+00:00,2026-05-29 20:40:54.077393+00:00,16.66,43.21,14,14,in226835,sp0d038f16ed,new balance,new balance athletics men performanc t shirt navy heather,NEW BALANCE,IN226835,apparel,men,New Balance Athletics Men Performanc T-Shirt Navy Heather,2026-05-26,32.0,39.833333333333336,49.0,1,1,1,same_model_family,0.7984,6.0,1,movement_reconstructed,14,14,0.0,0.0,0.0,0,999,30,SP-0D038F16ED|2026-05-26
00000000-0000-0000-0000-000000000001,ac8c7e59-36b6-4f99-bb18-3ce27f5dd166,SP-0D038F16ED,IN226835,New Balance,New Balance Athletics Men Performanc T-Shirt Navy Heather,apparel,men,core,2026-05-29 20:40:54.077393+00:00,2026-05-29 20:40:54.077393+00:00,16.66,43.21,14,14,in226835,sp0d038f16ed,new balance,new balance athletics men performanc t shirt navy heather,NEW BALANCE,IN226835,apparel,men,New Balance Athletics Men Performanc T-Shirt Navy Heather,2026-06-02,0.0,0.0,0.0,0,0,0,no_match,0.0,,0,movement_reconstructed,14,14,0.0,0.0,0.0,3,999,30,SP-0D038F16ED|2026-06-02
00000000-0000-0000-0000-000000000001,20f2a06c-64fe-4362-ab11-62d54a332b79,SP-FD095E04D0,IN232284,Nike,Nike Air Boys Lifestyle Pant Seaweed/Black/White,apparel,kids,core,2026-05-29 20:40:54.077393+00:00,2026-05-29 20:40:54.077393+00:00,33.84,79.43,14,14,in232284,spfd095e04d0,nike,nike air boys lifestyle pant seaweed/black/white,NIKE,IN232284,kids,men,Nike Air Boys Lifestyle Pant Seaweed/Black/White,2026-05-26,27.0,39.0,63.0,1,1,1,same_model_family,0.8127,3.0,1,movement_reconstructed,14,14,0.0,0.0,0.0,0,999,30,SP-FD095E04D0|2026-05-26
00000000-0000-0000-0000-000000000001,20f2a06c-64fe-4362-ab11-62d54a332b79,SP-FD095E04D0,IN232284,Nike,Nike Air Boys Lifestyle Pant Seaweed/Black/White,apparel,kids,core,2026-05-29 20:40:54.077393+00:00,2026-05-29 20:40:54.077393+00:00,33.84,79.43,14,14,in232284,spfd095e04d0,nike,nike air boys lifestyle pant seaweed/black/white,NIKE,IN232284,kids,men,Nike Air Boys Lifestyle Pant Seaweed/Black/White,2026-06-02,0.0,0.0,0.0,0,0,0,no_match,0.0,,0,movement_reconstructed,14,14,0.0,0.0,0.0,3,999,30,SP-FD095E04D0|2026-06-02
00000000-0000-0000-0000-000000000001,532168c5-76ef-4cfc-9c00-a35a30b10bf2,SP-4D19290060,IN232285,Nike,Nike Air Fleece Boys Lifestyle Hoody Black/White,apparel,kids,core,2026-05-29 20:40:54.077393+00:00,2026-05-29 20:40:54.077393+00:00,33.84,80.61,14,14,in232285,sp4d19290060,nike,nike air fleece boys lifestyle hoody black/white,NIKE,IN232285,kids,men,Nike Air Fleece Boys Lifestyle Hoody Black/White,2026-05-26,38.0,73.4,130.0,1,1,1,same_model_family,0.8141,10.0,1,movement_reconstructed,14,14,0.0,0.0,0.0,0,999,30,SP-4D19290060|2026-05-26
00000000-0000-0000-0000-000000000001,532168c5-76ef-4cfc-9c00-a35a30b10bf2,SP-4D19290060,IN232285,Nike,Nike Air Fleece Boys Lifestyle Hoody Black/White,apparel,kids,core,2026-05-29 20:40:54.077393+00:00,2026-05-29 20:40:54.077393+00:00,33.84,80.61,14,14,in232285,sp4d19290060,nike,nike air fleece boys lifestyle hoody black/white,NIKE,IN232285,kids,men,Nike Air Fleece Boys Lifestyle Hoody Black/White,2026-06-02,0.0,0.0,0.0,0,0,0,no_match,0.0,,0,movement_reconstructed,14,14,0.0,0.0,0.0,3,999,30,SP-4D19290060|2026-06-02
00000000-0000-0000-0000-000000000001,c23208bf-93b0-4f05-93e1-1eac41b6c5f5,SP-71B70A7334,IN232283,Nike,Nike Air Fleece Boys Lifestyle Pant Black/White,apparel,kids,core,2026-05-29 20:40:54.077393+00:00,2026-05-29 20:40:54.077393+00:00,33.84,78.44,14,14,in232283,sp71b70a7334,nike,nike air fleece boys lifestyle pant black/white,NIKE,IN232283,kids,men,Nike Air Fleece Boys Lifestyle Pant Black/White,2026-05-26,42.0,58.57142857142857,112.0,1,1,1,same_model_family,0.7806,7.0,1,movement_reconstructed,14,14,0.0,0.0,0.0,0,999,30,SP-71B70A7334|2026-05-26
00000000-0000-0000-0000-000000000001,c23208bf-93b0-4f05-93e1-1eac41b6c5f5,SP-71B70A7334,IN232283,Nike,Nike Air Fleece Boys Lifestyle Pant Black/White,apparel,kids,core,2026-05-29 20:40:54.077393+00:00,2026-05-29 20:40:54.077393+00:00,33.84,78.44,14,14,in232283,sp71b70a7334,nike,nike air fleece boys lifestyle pant black/white,NIKE,IN232283,kids,men,Nike Air Fleece Boys Lifestyle Pant Black/White,2026-06-02,0.0,0.0,0.0,0,0,0,no_match,0.0,,0,movement_reconstructed,14,14,0.0,0.0,0.0,3,999,30,SP-71B70A7334|2026-06-02
00000000-0000-0000-0000-000000000001,9eefc97d-ce84-4762-b637-ad8522120880,SP-3E61C2F87F,IN230459,Nike,Nike Air Max Pk Full-Zip Men Lifestyle Hoody Blue/Black,apparel,men,core,2026-05-29 20:40:54.077393+00:00,2026-05-29 20:40:54.077393+00:00,47.0,101.84,14,14,in230459,sp3e61c2f87f,nike,nike air max pk full zip men lifestyle hoody blue/black,NIKE,IN230459,lifestyle,men,Nike Air Max Pk Full-Zip Men Lifestyle Hoody Blue/Black,2026-05-26,100.0,111.25,126.0,1,1,1,same_model_family,0.8559,4.0,1,movement_reconstructed,14,14,0.0,0.0,0.0,0,999,30,SP-3E61C2F87F|2026-05-26
00000000-0000-0000-0000-000000000001,9eefc97d-ce84-4762-b637-ad8522120880,SP-3E61C2F87F,IN230459,Nike,Nike Air Max Pk Full-Zip Men Lifestyle Hoody Blue/Black,apparel,men,core,2026-05-29 20:40:54.077393+00:00,2026-05-29 20:40:54.077393+00:00,47.0,101.84,14,14,in230459,sp3e61c2f87f,nike,nike air max pk full zip men lifestyle hoody blue/black,NIKE,IN230459,lifestyle,men,Nike Air Max Pk Full-Zip Men Lifestyle Hoody Blue/Black,2026-06-02,0.0,0.0,0.0,0,0,0,no_match,0.0,,0,movement_reconstructed,14,14,0.0,0.0,0.0,3,999,30,SP-3E61C2F87F|2026-06-02
00000000-0000-0000-0000-000000000001,86e46f0b-fbd9-4cdf-9103-e0a729fbaff3,SP-C3739F5327,IN232348,Nike,Nike Air Men Lifestyle Pant Black/White,apparel,men,core,2026-05-29 20:40:54.077393+00:00,2026-05-29 20:40:54.077393+00:00,67.21,143.44,14,14,in232348,spc3739f5327,nike,nike air men lifestyle pant black/white,NIKE,IN232348,apparel,men,Nike Air Men Lifestyle Pant Black/White,2026-05-26,37.0,100.16666666666667,160.0,1,1,1,same_model_family,0.7851,6.0,1,movement_reconstructed,14,14,0.0,0.0,0.0,0,999,30,SP-C3739F5327|2026-05-26
00000000-0000-0000-0000-000000000001,86e46f0b-fbd9-4cdf-9103-e0a729fbaff3,SP-C3739F5327,IN232348,Nike,Nike Air Men Lifestyle Pant Black/White,apparel,men,core,2026-05-29 20:40:54.077393+00:00,2026-05-29 20:40:54.077393+00:00,67.21,143.44,14,14,in232348,spc3739f5327,nike,nike air men lifestyle pant black/white,NIKE,IN232348,apparel,men,Nike Air Men Lifestyle Pant Black/White,2026-06-02,0.0,0.0,0.0,0,0,0,no_match,0.0,,0,movement_reconstructed,14,14,0.0,0.0,0.0,3,999,30,SP-C3739F5327|2026-06-02
00000000-0000-0000-0000-000000000001,7e1ef240-6b45-474b-bd2a-f87ab2eae39c,SP-AC11618B60,IN203565,Nike,Nike Challenger Men Running Pant Black,apparel,men,core,2026-05-29 20:40:54.077393+00:00,2026-05-29 20:40:54.077393+00:00,52.64,121.78,14,14,in203565,spac11618b60,nike,nike challenger men running pant black,NIKE,IN203565,footwear,men,Nike Challenger Men Running Pant Black,2026-05-26,38.0,62.666666666666664,112.0,1,1,1,same_model_family,0.8056,6.0,1,movement_reconstructed,14,14,0.0,0.0,0.0,0,999,30,SP-AC11618B60|2026-05-26
00000000-0000-0000-0000-000000000001,7e1ef240-6b45-474b-bd2a-f87ab2eae39c,SP-AC11618B60,IN203565,Nike,Nike Challenger Men Running Pant Black,apparel,men,core,2026-05-29 20:40:54.077393+00:00,2026-05-29 20:40:54.077393+00:00,52.64,121.78,14,14,in203565,spac11618b60,nike,nike challenger men running pant black,NIKE,IN203565,footwear,men,Nike Challenger Men Running Pant Black,2026-06-02,0.0,0.0,0.0,0,0,0,no_match,0.0,,0,movement_reconstructed,14,14,0.0,0.0,0.0,3,999,30,SP-AC11618B60|2026-06-02
00000000-0000-0000-0000-000000000001,e07823ce-6192-48d4-b63a-5182d039b61a,SP-16107603B2,IN204722,Nike,Nike Challenger Men Running Pant Smoke Grey/Black,apparel,men,core,2026-05-29 20:40:54.077393+00:00,2026-05-29 20:40:54.077393+00:00,52.64,126.92,14,14,in204722,sp16107603b2,nike,nike challenger men running pant smoke grey/black,NIKE,IN204722,footwear,men,Nike Challenger Men Running Pant Smoke Grey/Black,2026-05-26,0.0,0.0,0.0,0,0,0,no_match,0.0,,0,movement_reconstructed,14,14,0.0,0.0,0.0,0,999,30,SP-16107603B2|2026-05-26
00000000-0000-0000-0000-000000000001,e07823ce-6192-48d4-b63a-5182d039b61a,SP-16107603B2,IN204722,Nike,Nike Challenger Men Running Pant Smoke Grey/Black,apparel,men,core,2026-05-29 20:40:54.077393+00:00,2026-05-29 20:40:54.077393+00:00,52.64,126.92,14,14,in204722,sp16107603b2,nike,nike challenger men running pant smoke grey/black,NIKE,IN204722,footwear,men,Nike Challenger Men Running Pant Smoke Grey/Black,2026-06-02,0.0,0.0,0.0,0,0,0,no_match,0.0,,0,movement_reconstructed,14,14,0.0,0.0,0.0,3,999,30,SP-16107603B2|2026-06-02
00000000-0000-0000-0000-000000000001,84616e57-fe67-4167-80c5-41d7ded26b8c,SP-5C52EEBFCD,IN237334,Nike,Nike Challenger Winterized 12.5Cm Men Running Short Blue,apparel,men,core,2026-05-29 20:40:54.077393+00:00,2026-05-29 20:40:54.077393+00:00,37.6,71.84,14,14,in237334,sp5c52eebfcd,nike,nike challenger winterized 12.5cm men running short blue,NIKE,IN237334,footwear,men,Nike Challenger Winterized 12.5Cm Men Running Short Blue,2026-05-26,54.0,66.42857142857143,80.0,1,0,0,same_model_family,0.7651,7.0,1,movement_reconstructed,14,14,0.0,0.0,0.0,0,999,30,SP-5C52EEBFCD|2026-05-26
00000000-0000-0000-0000-000000000001,84616e57-fe67-4167-80c5-41d7ded26b8c,SP-5C52EEBFCD,IN237334,Nike,Nike Challenger Winterized 12.5Cm Men Running Short Blue,apparel,men,core,2026-05-29 20:40:54.077393+00:00,2026-05-29 20:40:54.077393+00:00,37.6,71.84,14,14,in237334,sp5c52eebfcd,nike,nike challenger winterized 12.5cm men running short blue,NIKE,IN237334,footwear,men,Nike Challenger Winterized 12.5Cm Men Running Short Blue,2026-06-02,0.0,0.0,0.0,0,0,0,no_match,0.0,,0,movement_reconstructed,14,14,0.0,0.0,0.0,3,999,30,SP-5C52EEBFCD|2026-06-02
00000000-0000-0000-0000-000000000001,1d8310a6-6526-4d92-8452-e55fce56d727,SP-6F021B8DA6,IN237333,Nike,Nike Challenger Winterized 12.5Cm Men Running Short Pure Platinum,apparel,men,core,2026-05-29 20:40:54.077393+00:00,2026-05-29 20:40:54.077393+00:00,37.6,81.01,14,14,in237333,sp6f021b8da6,nike,nike challenger winterized 12.5cm men running short pure platinum,NIKE,IN237333,footwear,men,Nike Challenger Winterized 12.5Cm Men Running Short Pure Platinum,2026-05-26,80.0,80.0,80.0,1,0,0,same_model_family,0.98,1.0,1,movement_reconstructed,14,14,0.0,0.0,0.0,0,999,30,SP-6F021B8DA6|2026-05-26
00000000-0000-0000-0000-000000000001,1d8310a6-6526-4d92-8452-e55fce56d727,SP-6F021B8DA6,IN237333,Nike,Nike Challenger Winterized 12.5Cm Men Running Short Pure Platinum,apparel,men,core,2026-05-29 20:40:54.077393+00:00,2026-05-29 20:40:54.077393+00:00,37.6,81.01,14,14,in237333,sp6f021b8da6,nike,nike challenger winterized 12.5cm men running short pure platinum,NIKE,IN237333,footwear,men,Nike Challenger Winterized 12.5Cm Men Running Short Pure Platinum,2026-06-02,0.0,0.0,0.0,0,0,0,no_match,0.0,,0,movement_reconstructed,14,14,0.0,0.0,0.0,3,999,30,SP-6F021B8DA6|2026-06-02
00000000-0000-0000-0000-000000000001,8dac9107-fc57-4f2a-8b7f-e0743d3ab35e,SP-58C9C3FB4F,IN204651,Nike,Nike Chill Knit Women Lifestyle T-Shirt Black/Sail,apparel,women,core,2026-05-29 20:40:54.077393+00:00,2026-05-29 20:40:54.077393+00:00,37.6,78.63,14,14,in204651,sp58c9c3fb4f,nike,nike chill knit women lifestyle t shirt black/sail,NIKE,IN204651,apparel,women,Nike Chill Knit Women Lifestyle T-Shirt Black/Sail,2026-05-26,32.0,59.0,97.0,1,1,1,same_model_family,0.7361,25.0,1,movement_reconstructed,14,14,0.0,0.0,0.0,0,999,30,SP-58C9C3FB4F|2026-05-26
00000000-0000-0000-0000-000000000001,8dac9107-fc57-4f2a-8b7f-e0743d3ab35e,SP-58C9C3FB4F,IN204651,Nike,Nike Chill Knit Women Lifestyle T-Shirt Black/Sail,apparel,women,core,2026-05-29 20:40:54.077393+00:00,2026-05-29 20:40:54.077393+00:00,37.6,78.63,14,14,in204651,sp58c9c3fb4f,nike,nike chill knit women lifestyle t shirt black/sail,NIKE,IN204651,apparel,women,Nike Chill Knit Women Lifestyle T-Shirt Black/Sail,2026-06-02,0.0,0.0,0.0,0,0,0,no_match,0.0,,0,movement_reconstructed,14,14,0.0,0.0,0.0,3,999,30,SP-58C9C3FB4F|2026-06-02
00000000-0000-0000-0000-000000000001,965a2110-8213-4644-8daf-6b5760eb2da8,SP-B656BCF67E,IN235361,Nike,Nike Club Alumni French Terry Men Lifestyle Short Blue/White,apparel,men,core,2026-05-29 20:40:54.077393+00:00,2026-05-29 20:40:54.077393+00:00,33.84,63.16,14,14,in235361,spb656bcf67e,nike,nike club alumni french terry men lifestyle short blue/white,NIKE,IN235361,swimwear,men,Nike Club Alumni French Terry Men Lifestyle Short Blue/White,2026-05-26,38.0,51.45454545454545,67.0,1,1,1,same_model_family,0.8659,11.0,1,movement_reconstructed,14,14,0.0,0.0,0.0,0,999,30,SP-B656BCF67E|2026-05-26
00000000-0000-0000-0000-000000000001,965a2110-8213-4644-8daf-6b5760eb2da8,SP-B656BCF67E,IN235361,Nike,Nike Club Alumni French Terry Men Lifestyle Short Blue/White,apparel,men,core,2026-05-29 20:40:54.077393+00:00,2026-05-29 20:40:54.077393+00:00,33.84,63.16,14,14,in235361,spb656bcf67e,nike,nike club alumni french terry men lifestyle short blue/white,NIKE,IN235361,swimwear,men,Nike Club Alumni French Terry Men Lifestyle Short Blue/White,2026-06-02,0.0,0.0,0.0,0,0,0,no_match,0.0,,0,movement_reconstructed,14,14,0.0,0.0,0.0,3,999,30,SP-B656BCF67E|2026-06-02
00000000-0000-0000-0000-000000000001,2d7eee07-4fb3-41e3-ad94-001207238b52,SP-5BABA5198D,IN220664,Nike,Nike Club Alumni Men Lifestyle Short Black/White,apparel,men,core,2026-05-29 20:40:54.077393+00:00,2026-05-29 20:40:54.077393+00:00,31.49,74.57,14,14,in220664,sp5baba5198d,nike,nike club alumni men lifestyle short black/white,NIKE,IN220664,swimwear,men,Nike Club Alumni Men Lifestyle Short Black/White,2026-05-26,72.0,80.33333333333333,97.0,1,0,0,same_model_family,0.8833,3.0,1,movement_reconstructed,14,14,0.0,0.0,0.0,0,999,30,SP-5BABA5198D|2026-05-26
00000000-0000-0000-0000-000000000001,2d7eee07-4fb3-41e3-ad94-001207238b52,SP-5BABA5198D,IN220664,Nike,Nike Club Alumni Men Lifestyle Short Black/White,apparel,men,core,2026-05-29 20:40:54.077393+00:00,2026-05-29 20:40:54.077393+00:00,31.49,74.57,14,14,in220664,sp5baba5198d,nike,nike club alumni men lifestyle short black/white,NIKE,IN220664,swimwear,men,Nike Club Alumni Men Lifestyle Short Black/White,2026-06-02,0.0,0.0,0.0,0,0,0,no_match,0.0,,0,movement_reconstructed,14,14,0.0,0.0,0.0,3,999,30,SP-5BABA5198D|2026-06-02
00000000-0000-0000-0000-000000000001,f7ca391a-e498-4ede-964f-a9356415f7e5,SP-88DFC2BCBD,IN203470,Nike,Nike Club Boys Lifestyle Short Black/White,apparel,kids,core,2026-05-29 20:40:54.077393+00:00,2026-05-29 20:40:54.077393+00:00,26.32,57.2,14,14,in203470,sp88dfc2bcbd,nike,nike club boys lifestyle short black/white,NIKE,IN203470,swimwear,men,Nike Club Boys Lifestyle Short Black/White,2026-05-26,32.0,43.285714285714285,56.0,1,1,1,same_model_family,0.7421,7.0,1,movement_reconstructed,14,14,0.0,0.0,0.0,0,999,30,SP-88DFC2BCBD|2026-05-26
00000000-0000-0000-0000-000000000001,f7ca391a-e498-4ede-964f-a9356415f7e5,SP-88DFC2BCBD,IN203470,Nike,Nike Club Boys Lifestyle Short Black/White,apparel,kids,core,2026-05-29 20:40:54.077393+00:00,2026-05-29 20:40:54.077393+00:00,26.32,57.2,14,14,in203470,sp88dfc2bcbd,nike,nike club boys lifestyle short black/white,NIKE,IN203470,swimwear,men,Nike Club Boys Lifestyle Short Black/White,2026-06-02,0.0,0.0,0.0,0,0,0,no_match,0.0,,0,movement_reconstructed,14,14,0.0,0.0,0.0,3,999,30,SP-88DFC2BCBD|2026-06-02
00000000-0000-0000-0000-000000000001,d93f97e8-74e0-4d80-9741-8867b9a88b83,SP-0EC65E75A7,IN205755,Nike,Nike Club Flow Men Lifestyle Short Black/White,apparel,men,core,2026-05-29 20:40:54.077393+00:00,2026-05-29 20:40:54.077393+00:00,20.21,44.87,14,14,in205755,sp0ec65e75a7,nike,nike club flow men lifestyle short black/white,NIKE,IN205755,swimwear,men,Nike Club Flow Men Lifestyle Short Black/White,2026-05-26,27.0,41.22222222222222,49.0,1,1,1,same_model_family,0.8628,9.0,1,movement_reconstructed,14,14,0.0,0.0,0.0,0,999,30,SP-0EC65E75A7|2026-05-26
00000000-0000-0000-0000-000000000001,d93f97e8-74e0-4d80-9741-8867b9a88b83,SP-0EC65E75A7,IN205755,Nike,Nike Club Flow Men Lifestyle Short Black/White,apparel,men,core,2026-05-29 20:40:54.077393+00:00,2026-05-29 20:40:54.077393+00:00,20.21,44.87,14,14,in205755,sp0ec65e75a7,nike,nike club flow men lifestyle short black/white,NIKE,IN205755,swimwear,men,Nike Club Flow Men Lifestyle Short Black/White,2026-06-02,0.0,0.0,0.0,0,0,0,no_match,0.0,,0,movement_reconstructed,14,14,0.0,0.0,0.0,3,999,30,SP-0EC65E75A7|2026-06-02
00000000-0000-0000-0000-000000000001,2cf57602-695b-4766-bdc0-c7c32d8abc8d,SP-75B1A246DD,IN222447,Nike,Nike Club French Terry Alumni Men Lifestyle Short Grey/White,apparel,men,core,2026-05-29 20:40:54.077393+00:00,2026-05-29 20:40:54.077393+00:00,31.49,75.99,14,14,in222447,sp75b1a246dd,nike,nike club french terry alumni men lifestyle short grey/white,NIKE,IN222447,swimwear,men,Nike Club French Terry Alumni Men Lifestyle Short Grey/White,2026-05-26,72.0,72.0,72.0,1,0,0,same_model_family,0.98,1.0,1,movement_reconstructed,14,14,0.0,0.0,0.0,0,999,30,SP-75B1A246DD|2026-05-26
00000000-0000-0000-0000-000000000001,2cf57602-695b-4766-bdc0-c7c32d8abc8d,SP-75B1A246DD,IN222447,Nike,Nike Club French Terry Alumni Men Lifestyle Short Grey/White,apparel,men,core,2026-05-29 20:40:54.077393+00:00,2026-05-29 20:40:54.077393+00:00,31.49,75.99,14,14,in222447,sp75b1a246dd,nike,nike club french terry alumni men lifestyle short grey/white,NIKE,IN222447,swimwear,men,Nike Club French Terry Alumni Men Lifestyle Short Grey/White,2026-06-02,0.0,0.0,0.0,0,0,0,no_match,0.0,,0,movement_reconstructed,14,14,0.0,0.0,0.0,3,999,30,SP-75B1A246DD|2026-06-02
00000000-0000-0000-0000-000000000001,ddb625a1-048a-48bb-84c2-8f3aebf91cdd,SP-A4A12CC268,IN221359,Nike,Nike Club French Terry Men Lifestyle Hoody Black/White,apparel,men,core,2026-05-29 20:40:54.077393+00:00,2026-05-29 20:40:54.077393+00:00,52.64,113.01,14,14,in221359,spa4a12cc268,nike,nike club french terry men lifestyle hoody black/white,NIKE,IN221359,lifestyle,men,Nike Club French Terry Men Lifestyle Hoody Black/White,2026-05-26,112.0,119.0,126.0,1,1,1,same_model_family,0.8492,2.0,1,movement_reconstructed,14,14,0.0,0.0,0.0,0,999,30,SP-A4A12CC268|2026-05-26
00000000-0000-0000-0000-000000000001,ddb625a1-048a-48bb-84c2-8f3aebf91cdd,SP-A4A12CC268,IN221359,Nike,Nike Club French Terry Men Lifestyle Hoody Black/White,apparel,men,core,2026-05-29 20:40:54.077393+00:00,2026-05-29 20:40:54.077393+00:00,52.64,113.01,14,14,in221359,spa4a12cc268,nike,nike club french terry men lifestyle hoody black/white,NIKE,IN221359,lifestyle,men,Nike Club French Terry Men Lifestyle Hoody Black/White,2026-06-02,0.0,0.0,0.0,0,0,0,no_match,0.0,,0,movement_reconstructed,14,14,0.0,0.0,0.0,3,999,30,SP-A4A12CC268|2026-06-02
00000000-0000-0000-0000-000000000001,01b06ad4-bcad-409d-87b4-d5bd0c0d2d3b,SP-678BBA12C3,IN227224,Nike,Nike Club French Terry Men Lifestyle Hoody Blue/White,apparel,men,core,2026-05-29 20:40:54.077393+00:00,2026-05-29 20:40:54.077393+00:00,32.43,64.8,14,14,in227224,sp678bba12c3,nike,nike club french terry men lifestyle hoody blue/white,NIKE,IN227224,lifestyle,men,Nike Club French Terry Men Lifestyle Hoody Blue/White,2026-05-26,50.0,58.0,69.0,1,1,1,same_model_family,0.7895,4.0,1,movement_reconstructed,14,14,0.0,0.0,0.0,0,999,30,SP-678BBA12C3|2026-05-26
00000000-0000-0000-0000-000000000001,01b06ad4-bcad-409d-87b4-d5bd0c0d2d3b,SP-678BBA12C3,IN227224,Nike,Nike Club French Terry Men Lifestyle Hoody Blue/White,apparel,men,core,2026-05-29 20:40:54.077393+00:00,2026-05-29 20:40:54.077393+00:00,32.43,64.8,14,14,in227224,sp678bba12c3,nike,nike club french terry men lifestyle hoody blue/white,NIKE,IN227224,lifestyle,men,Nike Club French Terry Men Lifestyle Hoody Blue/White,2026-06-02,0.0,0.0,0.0,0,0,0,no_match,0.0,,0,movement_reconstructed,14,14,0.0,0.0,0.0,3,999,30,SP-678BBA12C3|2026-06-02
00000000-0000-0000-0000-000000000001,51e635c8-1553-4c81-a8df-160b46debb64,SP-EC9AF8E301,IN237263,Nike,Nike Club French Terry Men Lifestyle Pant Grey/White,apparel,men,core,2026-05-29 20:40:54.077393+00:00,2026-05-29 20:40:54.077393+00:00,41.83,87.68,14,14,in237263,spec9af8e301,nike,nike club french terry men lifestyle pant grey/white,NIKE,IN237263,apparel,men,Nike Club French Terry Men Lifestyle Pant Grey/White,2026-05-26,58.0,73.5,89.0,1,1,1,same_model_family,0.9116,4.0,1,movement_reconstructed,14,14,0.0,0.0,0.0,0,999,30,SP-EC9AF8E301|2026-05-26
00000000-0000-0000-0000-000000000001,51e635c8-1553-4c81-a8df-160b46debb64,SP-EC9AF8E301,IN237263,Nike,Nike Club French Terry Men Lifestyle Pant Grey/White,apparel,men,core,2026-05-29 20:40:54.077393+00:00,2026-05-29 20:40:54.077393+00:00,41.83,87.68,14,14,in237263,spec9af8e301,nike,nike club french terry men lifestyle pant grey/white,NIKE,IN237263,apparel,men,Nike Club French Terry Men Lifestyle Pant Grey/White,2026-06-02,0.0,0.0,0.0,0,0,0,no_match,0.0,,0,movement_reconstructed,14,14,0.0,0.0,0.0,3,999,30,SP-EC9AF8E301|2026-06-02
00000000-0000-0000-0000-000000000001,94adec1e-db4c-4730-b27c-fc9b872fcc64,SP-14615F55C9,IN237320,Nike,Nike Club French Terry Open Hem Men Lifestyle Pant Grey/White,apparel,men,core,2026-05-29 20:40:54.077393+00:00,2026-05-29 20:40:54.077393+00:00,41.83,90.93,14,14,in237320,sp14615f55c9,nike,nike club french terry open hem men lifestyle pant grey/white,NIKE,IN237320,apparel,men,Nike Club French Terry Open Hem Men Lifestyle Pant Grey/White,2026-05-26,89.0,89.0,89.0,1,0,0,same_model_family,0.98,1.0,1,movement_reconstructed,14,14,0.0,0.0,0.0,0,999,30,SP-14615F55C9|2026-05-26
00000000-0000-0000-0000-000000000001,94adec1e-db4c-4730-b27c-fc9b872fcc64,SP-14615F55C9,IN237320,Nike,Nike Club French Terry Open Hem Men Lifestyle Pant Grey/White,apparel,men,core,2026-05-29 20:40:54.077393+00:00,2026-05-29 20:40:54.077393+00:00,41.83,90.93,14,14,in237320,sp14615f55c9,nike,nike club french terry open hem men lifestyle pant grey/white,NIKE,IN237320,apparel,men,Nike Club French Terry Open Hem Men Lifestyle Pant Grey/White,2026-06-02,0.0,0.0,0.0,0,0,0,no_match,0.0,,0,movement_reconstructed,14,14,0.0,0.0,0.0,3,999,30,SP-14615F55C9|2026-06-02
00000000-0000-0000-0000-000000000001,49f31f6b-1a8d-4ecc-913a-317fb4e16133,SP-4068E7483B,IN230243,Nike,Nike Club French Terry Pullover Men Lifestyle Hoody Ghost/White,apparel,men,core,2026-05-29 20:40:54.077393+00:00,2026-05-29 20:40:54.077393+00:00,32.43,74.31,14,14,in230243,sp4068e7483b,nike,nike club french terry pullover men lifestyle hoody ghost/white,NIKE,IN230243,lifestyle,men,Nike Club French Terry Pullover Men Lifestyle Hoody Ghost/White,2026-05-26,69.0,72.33333333333333,74.0,1,1,1,same_model_family,0.8471,3.0,1,movement_reconstructed,14,14,0.0,0.0,0.0,0,999,30,SP-4068E7483B|2026-05-26
00000000-0000-0000-0000-000000000001,49f31f6b-1a8d-4ecc-913a-317fb4e16133,SP-4068E7483B,IN230243,Nike,Nike Club French Terry Pullover Men Lifestyle Hoody Ghost/White,apparel,men,core,2026-05-29 20:40:54.077393+00:00,2026-05-29 20:40:54.077393+00:00,32.43,74.31,14,14,in230243,sp4068e7483b,nike,nike club french terry pullover men lifestyle hoody ghost/white,NIKE,IN230243,lifestyle,men,Nike Club French Terry Pullover Men Lifestyle Hoody Ghost/White,2026-06-02,0.0,0.0,0.0,0,0,0,no_match,0.0,,0,movement_reconstructed,14,14,0.0,0.0,0.0,3,999,30,SP-4068E7483B|2026-06-02
00000000-0000-0000-0000-000000000001,d4842046-f2d4-44c1-9dfe-667babe59d91,SP-A39D32F242,IN222434,Nike,Nike Club Men Lifestyle Hoody Black,apparel,men,core,2026-05-29 20:40:54.077393+00:00,2026-05-29 20:40:54.077393+00:00,32.43,66.7,14,14,in222434,spa39d32f242,nike,nike club men lifestyle hoody black,NIKE,IN222434,lifestyle,men,Nike Club Men Lifestyle Hoody Black,2026-05-26,61.0,96.76923076923077,192.0,1,1,1,same_model_family,0.9037,13.0,1,movement_reconstructed,14,14,0.0,0.0,0.0,0,999,30,SP-A39D32F242|2026-05-26
00000000-0000-0000-0000-000000000001,d4842046-f2d4-44c1-9dfe-667babe59d91,SP-A39D32F242,IN222434,Nike,Nike Club Men Lifestyle Hoody Black,apparel,men,core,2026-05-29 20:40:54.077393+00:00,2026-05-29 20:40:54.077393+00:00,32.43,66.7,14,14,in222434,spa39d32f242,nike,nike club men lifestyle hoody black,NIKE,IN222434,lifestyle,men,Nike Club Men Lifestyle Hoody Black,2026-06-02,0.0,0.0,0.0,0,0,0,no_match,0.0,,0,movement_reconstructed,14,14,0.0,0.0,0.0,3,999,30,SP-A39D32F242|2026-06-02
00000000-0000-0000-0000-000000000001,d798f6a6-6956-4039-86c8-e82425e5fce9,SP-F7FAFB8DB4,IN227297,Nike,Nike Club Men Lifestyle Hoody Black/White,apparel,men,core,2026-05-29 20:40:54.077393+00:00,2026-05-29 20:40:54.077393+00:00,34.78,79.57,14,14,in227297,spf7fafb8db4,nike,nike club men lifestyle hoody black/white,NIKE,IN227297,lifestyle,men,Nike Club Men Lifestyle Hoody Black/White,2026-05-26,74.0,94.0,126.0,1,1,1,same_model_family,0.8584,6.0,1,movement_reconstructed,14,14,0.0,0.0,0.0,0,999,30,SP-F7FAFB8DB4|2026-05-26
00000000-0000-0000-0000-000000000001,d798f6a6-6956-4039-86c8-e82425e5fce9,SP-F7FAFB8DB4,IN227297,Nike,Nike Club Men Lifestyle Hoody Black/White,apparel,men,core,2026-05-29 20:40:54.077393+00:00,2026-05-29 20:40:54.077393+00:00,34.78,79.57,14,14,in227297,spf7fafb8db4,nike,nike club men lifestyle hoody black/white,NIKE,IN227297,lifestyle,men,Nike Club Men Lifestyle Hoody Black/White,2026-06-02,0.0,0.0,0.0,0,0,0,no_match,0.0,,0,movement_reconstructed,14,14,0.0,0.0,0.0,3,999,30,SP-F7FAFB8DB4|2026-06-02
00000000-0000-0000-0000-000000000001,ae4e1497-84f4-47b9-b098-3a02314e8623,SP-6BB19DF665,IN227227,Nike,Nike Club Men Lifestyle Long Sleeve Black/White,apparel,men,core,2026-05-29 20:40:54.077393+00:00,2026-05-29 20:40:54.077393+00:00,29.61,66.75,14,14,in227227,sp6bb19df665,nike,nike club men lifestyle long sleeve black/white,NIKE,IN227227,lifestyle,men,Nike Club Men Lifestyle Long Sleeve Black/White,2026-05-26,0.0,0.0,0.0,0,0,0,no_match,0.0,,0,movement_reconstructed,14,14,0.0,0.0,0.0,0,999,30,SP-6BB19DF665|2026-05-26
00000000-0000-0000-0000-000000000001,ae4e1497-84f4-47b9-b098-3a02314e8623,SP-6BB19DF665,IN227227,Nike,Nike Club Men Lifestyle Long Sleeve Black/White,apparel,men,core,2026-05-29 20:40:54.077393+00:00,2026-05-29 20:40:54.077393+00:00,29.61,66.75,14,14,in227227,sp6bb19df665,nike,nike club men lifestyle long sleeve black/white,NIKE,IN227227,lifestyle,men,Nike Club Men Lifestyle Long Sleeve Black/White,2026-06-02,0.0,0.0,0.0,0,0,0,no_match,0.0,,0,movement_reconstructed,14,14,0.0,0.0,0.0,3,999,30,SP-6BB19DF665|2026-06-02
00000000-0000-0000-0000-000000000001,194370d5-3a97-444c-baa3-aa94f548cddb,SP-C11BA696DF,IN227223,Nike,Nike Club Men Lifestyle Pant Black/White,apparel,men,core,2026-05-29 20:40:54.077393+00:00,2026-05-29 20:40:54.077393+00:00,31.02,63.57,14,14,in227223,spc11ba696df,nike,nike club men lifestyle pant black/white,NIKE,IN227223,apparel,men,Nike Club Men Lifestyle Pant Black/White,2026-05-26,53.0,61.46153846153846,74.0,1,1,1,same_model_family,0.8743,13.0,1,movement_reconstructed,14,14,0.0,0.0,0.0,0,999,30,SP-C11BA696DF|2026-05-26
00000000-0000-0000-0000-000000000001,194370d5-3a97-444c-baa3-aa94f548cddb,SP-C11BA696DF,IN227223,Nike,Nike Club Men Lifestyle Pant Black/White,apparel,men,core,2026-05-29 20:40:54.077393+00:00,2026-05-29 20:40:54.077393+00:00,31.02,63.57,14,14,in227223,spc11ba696df,nike,nike club men lifestyle pant black/white,NIKE,IN227223,apparel,men,Nike Club Men Lifestyle Pant Black/White,2026-06-02,0.0,0.0,0.0,0,0,0,no_match,0.0,,0,movement_reconstructed,14,14,0.0,0.0,0.0,3,999,30,SP-C11BA696DF|2026-06-02
00000000-0000-0000-0000-000000000001,ea4f9459-5cfe-44dc-ad15-4d58b44586d3,SP-6186950F73,IN220714,Nike,Nike Club Men Lifestyle Pant Black/White,apparel,men,core,2026-05-29 20:40:54.077393+00:00,2026-05-29 20:40:54.077393+00:00,41.83,98.0,14,14,in220714,sp6186950f73,nike,nike club men lifestyle pant black/white,NIKE,IN220714,apparel,men,Nike Club Men Lifestyle Pant Black/White,2026-05-26,99.0,106.5,112.0,1,1,1,same_model_family,0.8258,6.0,1,movement_reconstructed,14,14,0.0,0.0,0.0,0,999,30,SP-6186950F73|2026-05-26
00000000-0000-0000-0000-000000000001,ea4f9459-5cfe-44dc-ad15-4d58b44586d3,SP-6186950F73,IN220714,Nike,Nike Club Men Lifestyle Pant Black/White,apparel,men,core,2026-05-29 20:40:54.077393+00:00,2026-05-29 20:40:54.077393+00:00,41.83,98.0,14,14,in220714,sp6186950f73,nike,nike club men lifestyle pant black/white,NIKE,IN220714,apparel,men,Nike Club Men Lifestyle Pant Black/White,2026-06-02,0.0,0.0,0.0,0,0,0,no_match,0.0,,0,movement_reconstructed,14,14,0.0,0.0,0.0,3,999,30,SP-6186950F73|2026-06-02
00000000-0000-0000-0000-000000000001,2ef7e5c8-fc91-4a67-b770-8c99dd017061,SP-853172544A,IN220655,Nike,Nike Club Men Lifestyle Pant Black/White,apparel,men,core,2026-05-29 20:40:54.077393+00:00,2026-05-29 20:40:54.077393+00:00,41.83,86.91,14,14,in220655,sp853172544a,nike,nike club men lifestyle pant black/white,NIKE,IN220655,apparel,men,Nike Club Men Lifestyle Pant Black/White,2026-05-26,83.0,85.8,89.0,1,1,1,same_model_family,0.9337,5.0,1,movement_reconstructed,14,14,0.0,0.0,0.0,0,999,30,SP-853172544A|2026-05-26
00000000-0000-0000-0000-000000000001,2ef7e5c8-fc91-4a67-b770-8c99dd017061,SP-853172544A,IN220655,Nike,Nike Club Men Lifestyle Pant Black/White,apparel,men,core,2026-05-29 20:40:54.077393+00:00,2026-05-29 20:40:54.077393+00:00,41.83,86.91,14,14,in220655,sp853172544a,nike,nike club men lifestyle pant black/white,NIKE,IN220655,apparel,men,Nike Club Men Lifestyle Pant Black/White,2026-06-02,0.0,0.0,0.0,0,0,0,no_match,0.0,,0,movement_reconstructed,14,14,0.0,0.0,0.0,3,999,30,SP-853172544A|2026-06-02
00000000-0000-0000-0000-000000000001,2e4dcee0-4b33-4824-88da-7694b0e3b4c1,SP-2732E00DB0,1ME10031756,ON,1Me10031756 Club Hoodie Crater,apparel,men,core,2026-05-29 20:40:54.077393+00:00,2026-05-29 20:40:54.077393+00:00,73.14,147.23,14,14,1me10031756,sp2732e00db0,on,1me10031756 club hoodie crater,ON,1ME10031756,apparel,men,1Me10031756 Club Hoodie Crater,2026-05-26,159.0,159.0,159.0,1,0,0,exact_style,1.0,1.0,1,movement_reconstructed,14,14,0.0,0.0,0.0,0,999,30,SP-2732E00DB0|2026-05-26
00000000-0000-0000-0000-000000000001,2e4dcee0-4b33-4824-88da-7694b0e3b4c1,SP-2732E00DB0,1ME10031756,ON,1Me10031756 Club Hoodie Crater,apparel,men,core,2026-05-29 20:40:54.077393+00:00,2026-05-29 20:40:54.077393+00:00,73.14,147.23,14,14,1me10031756,sp2732e00db0,on,1me10031756 club hoodie crater,ON,1ME10031756,apparel,men,1Me10031756 Club Hoodie Crater,2026-06-02,0.0,0.0,0.0,0,0,0,no_match,0.0,,0,movement_reconstructed,14,14,0.0,0.0,0.0,3,999,30,SP-2732E00DB0|2026-06-02
00000000-0000-0000-0000-000000000001,ddf87733-df41-443a-b238-9eebc912f57a,SP-805D3F1EDC,IN233371,ON,ON Men Trail-T Running Tee Reef,apparel,men,core,2026-05-29 20:40:54.077393+00:00,2026-05-29 20:40:54.077393+00:00,34.5,76.84,14,14,in233371,sp805d3f1edc,on,on men trail t running tee reef,ON,IN233371,footwear,men,ON Men Trail-T Running Tee Reef,2026-05-26,75.0,183.4,219.0,1,0,0,same_model_family,0.7944,5.0,1,movement_reconstructed,14,14,0.0,0.0,0.0,0,999,30,SP-805D3F1EDC|2026-05-26
00000000-0000-0000-0000-000000000001,ddf87733-df41-443a-b238-9eebc912f57a,SP-805D3F1EDC,IN233371,ON,ON Men Trail-T Running Tee Reef,apparel,men,core,2026-05-29 20:40:54.077393+00:00,2026-05-29 20:40:54.077393+00:00,34.5,76.84,14,14,in233371,sp805d3f1edc,on,on men trail t running tee reef,ON,IN233371,footwear,men,ON Men Trail-T Running Tee Reef,2026-06-02,0.0,0.0,0.0,0,0,0,no_match,0.0,,0,movement_reconstructed,14,14,0.0,0.0,0.0,3,999,30,SP-805D3F1EDC|2026-06-02
00000000-0000-0000-0000-000000000001,6382f937-1f0b-4201-a7dc-04dcf950974f,SP-EA820C1A13,IN233369,ON,ON Trail-T Men Trail Running Shirt Desert,apparel,men,core,2026-05-29 20:40:54.077393+00:00,2026-05-29 20:40:54.077393+00:00,34.5,73.91,14,14,in233369,spea820c1a13,on,on trail t men trail running shirt desert,ON,IN233369,footwear,men,ON Trail-T Men Trail Running Shirt Desert,2026-05-26,75.0,89.3076923076923,219.0,1,0,1,same_model_family,0.8758,13.0,1,movement_reconstructed,14,14,0.0,0.0,0.0,0,999,30,SP-EA820C1A13|2026-05-26
00000000-0000-0000-0000-000000000001,6382f937-1f0b-4201-a7dc-04dcf950974f,SP-EA820C1A13,IN233369,ON,ON Trail-T Men Trail Running Shirt Desert,apparel,men,core,2026-05-29 20:40:54.077393+00:00,2026-05-29 20:40:54.077393+00:00,34.5,73.91,14,14,in233369,spea820c1a13,on,on trail t men trail running shirt desert,ON,IN233369,footwear,men,ON Trail-T Men Trail Running Shirt Desert,2026-06-02,0.0,0.0,0.0,0,0,0,no_match,0.0,,0,movement_reconstructed,14,14,0.0,0.0,0.0,3,999,30,SP-EA820C1A13|2026-06-02
00000000-0000-0000-0000-000000000001,bf986247-42aa-4e8f-a8bf-75c0d6806ee7,SP-5643A090B0,IN233425,ON,On 3 Inch Core Women Running Short Black,apparel,women,core,2026-05-29 20:40:54.077393+00:00,2026-05-29 20:40:54.077393+00:00,34.5,78.78,14,14,in233425,sp5643a090b0,on,on 3 inch core women running short black,ON,IN233425,footwear,women,On 3 Inch Core Women Running Short Black,2026-05-26,53.0,78.2,191.0,1,1,1,same_model_family,0.8418,15.0,1,movement_reconstructed,14,14,0.0,0.0,0.0,0,999,30,SP-5643A090B0|2026-05-26
00000000-0000-0000-0000-000000000001,bf986247-42aa-4e8f-a8bf-75c0d6806ee7,SP-5643A090B0,IN233425,ON,On 3 Inch Core Women Running Short Black,apparel,women,core,2026-05-29 20:40:54.077393+00:00,2026-05-29 20:40:54.077393+00:00,34.5,78.78,14,14,in233425,sp5643a090b0,on,on 3 inch core women running short black,ON,IN233425,footwear,women,On 3 Inch Core Women Running Short Black,2026-06-02,0.0,0.0,0.0,0,0,0,no_match,0.0,,0,movement_reconstructed,14,14,0.0,0.0,0.0,3,999,30,SP-5643A090B0|2026-06-02
00000000-0000-0000-0000-000000000001,279ea2b8-7d88-43df-a24e-94c0f3aa3653,SP-D0A64208B9,IN233426,ON,On 3 Inch Core Women Running Short Heron,apparel,women,core,2026-05-29 20:40:54.077393+00:00,2026-05-29 20:40:54.077393+00:00,34.5,78.49,14,14,in233426,spd0a64208b9,on,on 3 inch core women running short heron,ON,IN233426,footwear,women,On 3 Inch Core Women Running Short Heron,2026-05-26,55.0,123.0,239.0,1,1,1,same_model_family,0.7913,3.0,1,movement_reconstructed,14,14,0.0,0.0,0.0,0,999,30,SP-D0A64208B9|2026-05-26
00000000-0000-0000-0000-000000000001,279ea2b8-7d88-43df-a24e-94c0f3aa3653,SP-D0A64208B9,IN233426,ON,On 3 Inch Core Women Running Short Heron,apparel,women,core,2026-05-29 20:40:54.077393+00:00,2026-05-29 20:40:54.077393+00:00,34.5,78.49,14,14,in233426,spd0a64208b9,on,on 3 inch core women running short heron,ON,IN233426,footwear,women,On 3 Inch Core Women Running Short Heron,2026-06-02,0.0,0.0,0.0,0,0,0,no_match,0.0,,0,movement_reconstructed,14,14,0.0,0.0,0.0,3,999,30,SP-D0A64208B9|2026-06-02
00000000-0000-0000-0000-000000000001,12eab778-2cd1-4f8d-8594-4fa2b4044d6e,SP-946B9D03B0,IN233454,ON,On 3 Inch Court 2 In 1 Women Tennis Short White,apparel,women,core,2026-05-29 20:40:54.077393+00:00,2026-05-29 20:40:54.077393+00:00,45.54,91.49,14,14,in233454,sp946b9d03b0,on,on 3 inch court 2 in 1 women tennis short white,ON,IN233454,swimwear,women,On 3 Inch Court 2 In 1 Women Tennis Short White,2026-05-26,79.0,103.0,111.0,1,1,1,same_model_family,0.7999,7.0,1,movement_reconstructed,14,14,0.0,0.0,0.0,0,999,30,SP-946B9D03B0|2026-05-26
00000000-0000-0000-0000-000000000001,12eab778-2cd1-4f8d-8594-4fa2b4044d6e,SP-946B9D03B0,IN233454,ON,On 3 Inch Court 2 In 1 Women Tennis Short White,apparel,women,core,2026-05-29 20:40:54.077393+00:00,2026-05-29 20:40:54.077393+00:00,45.54,91.49,14,14,in233454,sp946b9d03b0,on,on 3 inch court 2 in 1 women tennis short white,ON,IN233454,swimwear,women,On 3 Inch Court 2 In 1 Women Tennis Short White,2026-06-02,0.0,0.0,0.0,0,0,0,no_match,0.0,,0,movement_reconstructed,14,14,0.0,0.0,0.0,3,999,30,SP-946B9D03B0|2026-06-02
00000000-0000-0000-0000-000000000001,16f267ef-9279-48e6-833a-e9dc85ded1f5,SP-20A699F44B,IN233447,ON,On 3 Inch Performance Women Running Short Black,apparel,women,core,2026-05-29 20:40:54.077393+00:00,2026-05-29 20:40:54.077393+00:00,39.1,92.74,14,14,in233447,sp20a699f44b,on,on 3 inch performance women running short black,ON,IN233447,footwear,women,On 3 Inch Performance Women Running Short Black,2026-05-26,85.0,85.0,85.0,1,0,0,same_model_family,0.9766,1.0,1,movement_reconstructed,14,14,0.0,0.0,0.0,0,999,30,SP-20A699F44B|2026-05-26
00000000-0000-0000-0000-000000000001,16f267ef-9279-48e6-833a-e9dc85ded1f5,SP-20A699F44B,IN233447,ON,On 3 Inch Performance Women Running Short Black,apparel,women,core,2026-05-29 20:40:54.077393+00:00,2026-05-29 20:40:54.077393+00:00,39.1,92.74,14,14,in233447,sp20a699f44b,on,on 3 inch performance women running short black,ON,IN233447,footwear,women,On 3 Inch Performance Women Running Short Black,2026-06-02,0.0,0.0,0.0,0,0,0,no_match,0.0,,0,movement_reconstructed,14,14,0.0,0.0,0.0,3,999,30,SP-20A699F44B|2026-06-02
00000000-0000-0000-0000-000000000001,95976cb3-0392-4392-8697-36446b0aac04,SP-A5BA957315,IN233448,ON,On 3 Inch Performance Women Running Short Sailor,apparel,women,core,2026-05-29 20:40:54.077393+00:00,2026-05-29 20:40:54.077393+00:00,39.1,97.0,14,14,in233448,spa5ba957315,on,on 3 inch performance women running short sailor,ON,IN233448,footwear,women,On 3 Inch Performance Women Running Short Sailor,2026-05-26,85.0,115.0,145.0,1,0,0,same_model_family,0.8897,2.0,1,movement_reconstructed,14,14,0.0,0.0,0.0,0,999,30,SP-A5BA957315|2026-05-26
00000000-0000-0000-0000-000000000001,95976cb3-0392-4392-8697-36446b0aac04,SP-A5BA957315,IN233448,ON,On 3 Inch Performance Women Running Short Sailor,apparel,women,core,2026-05-29 20:40:54.077393+00:00,2026-05-29 20:40:54.077393+00:00,39.1,97.0,14,14,in233448,spa5ba957315,on,on 3 inch performance women running short sailor,ON,IN233448,footwear,women,On 3 Inch Performance Women Running Short Sailor,2026-06-02,0.0,0.0,0.0,0,0,0,no_match,0.0,,0,movement_reconstructed,14,14,0.0,0.0,0.0,3,999,30,SP-A5BA957315|2026-06-02
00000000-0000-0000-0000-000000000001,e65e9608-c7af-4ae8-8bbe-a84f58f73f35,SP-63A3151A45,IN233446,ON,On 30 Inch Studio Flared Women Training Tight Black,apparel,women,core,2026-05-29 20:40:54.077393+00:00,2026-05-29 20:40:54.077393+00:00,66.7,170.04,14,14,in233446,sp63a3151a45,on,on 30 inch studio flared women training tight black,ON,IN233446,apparel,women,On 30 Inch Studio Flared Women Training Tight Black,2026-05-26,145.0,145.0,145.0,1,0,1,same_model_family,0.8427,7.0,1,movement_reconstructed,14,14,0.0,0.0,0.0,0,999,30,SP-63A3151A45|2026-05-26
00000000-0000-0000-0000-000000000001,e65e9608-c7af-4ae8-8bbe-a84f58f73f35,SP-63A3151A45,IN233446,ON,On 30 Inch Studio Flared Women Training Tight Black,apparel,women,core,2026-05-29 20:40:54.077393+00:00,2026-05-29 20:40:54.077393+00:00,66.7,170.04,14,14,in233446,sp63a3151a45,on,on 30 inch studio flared women training tight black,ON,IN233446,apparel,women,On 30 Inch Studio Flared Women Training Tight Black,2026-06-02,0.0,0.0,0.0,0,0,0,no_match,0.0,,0,movement_reconstructed,14,14,0.0,0.0,0.0,3,999,30,SP-63A3151A45|2026-06-02
00000000-0000-0000-0000-000000000001,a9891282-6984-462a-8feb-77a269cf6816,SP-9109C66E8F,IN233376,ON,On 5 Inch Core Men Running Short Midnight,apparel,men,core,2026-05-29 20:40:54.077393+00:00,2026-05-29 20:40:54.077393+00:00,34.5,74.98,14,14,in233376,sp9109c66e8f,on,on 5 inch core men running short midnight,ON,IN233376,footwear,men,On 5 Inch Core Men Running Short Midnight,2026-05-26,75.0,110.0,145.0,1,0,1,same_model_family,0.8691,4.0,1,movement_reconstructed,14,14,0.0,0.0,0.0,0,999,30,SP-9109C66E8F|2026-05-26
00000000-0000-0000-0000-000000000001,a9891282-6984-462a-8feb-77a269cf6816,SP-9109C66E8F,IN233376,ON,On 5 Inch Core Men Running Short Midnight,apparel,men,core,2026-05-29 20:40:54.077393+00:00,2026-05-29 20:40:54.077393+00:00,34.5,74.98,14,14,in233376,sp9109c66e8f,on,on 5 inch core men running short midnight,ON,IN233376,footwear,men,On 5 Inch Core Men Running Short Midnight,2026-06-02,0.0,0.0,0.0,0,0,0,no_match,0.0,,0,movement_reconstructed,14,14,0.0,0.0,0.0,3,999,30,SP-9109C66E8F|2026-06-02
00000000-0000-0000-0000-000000000001,eeca2a64-33f9-4621-a85c-d400c2021202,SP-33D4752389,IN226216,ON,"On 5"" Performance Men Running Short Black",apparel,men,core,2026-05-29 20:40:54.077393+00:00,2026-05-29 20:40:54.077393+00:00,45.54,96.65,14,14,in226216,sp33d4752389,on,"on 5"" performance men running short black",ON,IN226216,footwear,men,"On 5"" Performance Men Running Short Black",2026-05-26,29.0,87.88888888888889,99.0,1,1,1,same_model_family,0.899,18.0,1,movement_reconstructed,14,14,0.0,0.0,0.0,0,999,30,SP-33D4752389|2026-05-26
00000000-0000-0000-0000-000000000001,eeca2a64-33f9-4621-a85c-d400c2021202,SP-33D4752389,IN226216,ON,"On 5"" Performance Men Running Short Black",apparel,men,core,2026-05-29 20:40:54.077393+00:00,2026-05-29 20:40:54.077393+00:00,45.54,96.65,14,14,in226216,sp33d4752389,on,"on 5"" performance men running short black",ON,IN226216,footwear,men,"On 5"" Performance Men Running Short Black",2026-06-02,0.0,0.0,0.0,0,0,0,no_match,0.0,,0,movement_reconstructed,14,14,0.0,0.0,0.0,3,999,30,SP-33D4752389|2026-06-02
00000000-0000-0000-0000-000000000001,fad7bfdd-4e29-4e34-b603-ccd55bd229c1,SP-D38DD30CF0,IN226223,ON,"On 5"" Performance Women Running Short Black",apparel,women,core,2026-05-29 20:40:54.077393+00:00,2026-05-29 20:40:54.077393+00:00,45.54,91.76,14,14,in226223,spd38dd30cf0,on,"on 5"" performance women running short black",ON,IN226223,footwear,women,"On 5"" Performance Women Running Short Black",2026-05-26,69.0,81.4,99.0,1,1,1,same_model_family,0.922,10.0,1,movement_reconstructed,14,14,0.0,0.0,0.0,0,999,30,SP-D38DD30CF0|2026-05-26
00000000-0000-0000-0000-000000000001,fad7bfdd-4e29-4e34-b603-ccd55bd229c1,SP-D38DD30CF0,IN226223,ON,"On 5"" Performance Women Running Short Black",apparel,women,core,2026-05-29 20:40:54.077393+00:00,2026-05-29 20:40:54.077393+00:00,45.54,91.76,14,14,in226223,spd38dd30cf0,on,"on 5"" performance women running short black",ON,IN226223,footwear,women,"On 5"" Performance Women Running Short Black",2026-06-02,0.0,0.0,0.0,0,0,0,no_match,0.0,,0,movement_reconstructed,14,14,0.0,0.0,0.0,3,999,30,SP-D38DD30CF0|2026-06-02
00000000-0000-0000-0000-000000000001,6dfefbaf-bc43-4819-a145-3ab166e5747d,SP-BF5626A1D8,IN226210,ON,"On 5""Core Men Running Short Black",apparel,men,core,2026-05-29 20:40:54.077393+00:00,2026-05-29 20:40:54.077393+00:00,34.5,66.21,14,14,in226210,spbf5626a1d8,on,"on 5""core men running short black",ON,IN226210,footwear,men,"On 5""Core Men Running Short Black",2026-05-26,53.0,69.1,85.0,1,1,1,same_model_family,0.9127,10.0,1,movement_reconstructed,14,14,0.0,0.0,0.0,0,999,30,SP-BF5626A1D8|2026-05-26
00000000-0000-0000-0000-000000000001,6dfefbaf-bc43-4819-a145-3ab166e5747d,SP-BF5626A1D8,IN226210,ON,"On 5""Core Men Running Short Black",apparel,men,core,2026-05-29 20:40:54.077393+00:00,2026-05-29 20:40:54.077393+00:00,34.5,66.21,14,14,in226210,spbf5626a1d8,on,"on 5""core men running short black",ON,IN226210,footwear,men,"On 5""Core Men Running Short Black",2026-06-02,0.0,0.0,0.0,0,0,0,no_match,0.0,,0,movement_reconstructed,14,14,0.0,0.0,0.0,3,999,30,SP-BF5626A1D8|2026-06-02
00000000-0000-0000-0000-000000000001,f54c040b-be2f-4210-baeb-f24c45f962b9,SP-B7A8557FF6,IN233381,ON,On 7 Inch Core Men Running Short Desert,apparel,men,core,2026-05-29 20:40:54.077393+00:00,2026-05-29 20:40:54.077393+00:00,34.5,73.29,14,14,in233381,spb7a8557ff6,on,on 7 inch core men running short desert,ON,IN233381,footwear,men,On 7 Inch Core Men Running Short Desert,2026-05-26,75.0,75.0,75.0,1,0,0,same_model_family,0.98,1.0,1,movement_reconstructed,14,14,0.0,0.0,0.0,0,999,30,SP-B7A8557FF6|2026-05-26
00000000-0000-0000-0000-000000000001,f54c040b-be2f-4210-baeb-f24c45f962b9,SP-B7A8557FF6,IN233381,ON,On 7 Inch Core Men Running Short Desert,apparel,men,core,2026-05-29 20:40:54.077393+00:00,2026-05-29 20:40:54.077393+00:00,34.5,73.29,14,14,in233381,spb7a8557ff6,on,on 7 inch core men running short desert,ON,IN233381,footwear,men,On 7 Inch Core Men Running Short Desert,2026-06-02,0.0,0.0,0.0,0,0,0,no_match,0.0,,0,movement_reconstructed,14,14,0.0,0.0,0.0,3,999,30,SP-B7A8557FF6|2026-06-02
00000000-0000-0000-0000-000000000001,17ad6661-ed02-4795-9dd3-e6b3c277e246,SP-DF88997BEE,IN233396,ON,On 7 Inch Court Tennis 7 Inch Tide,apparel,men,core,2026-05-29 20:40:54.077393+00:00,2026-05-29 20:40:54.077393+00:00,45.54,103.04,14,14,in233396,spdf88997bee,on,on 7 inch court tennis 7 inch tide,ON,IN233396,apparel_on_7_inch_court_tennis_7_inch_tide,men,On 7 Inch Court Tennis 7 Inch Tide,2026-05-26,0.0,0.0,0.0,0,0,0,no_match,0.0,,0,movement_reconstructed,14,14,0.0,0.0,0.0,0,999,30,SP-DF88997BEE|2026-05-26
00000000-0000-0000-0000-000000000001,17ad6661-ed02-4795-9dd3-e6b3c277e246,SP-DF88997BEE,IN233396,ON,On 7 Inch Court Tennis 7 Inch Tide,apparel,men,core,2026-05-29 20:40:54.077393+00:00,2026-05-29 20:40:54.077393+00:00,45.54,103.04,14,14,in233396,spdf88997bee,on,on 7 inch court tennis 7 inch tide,ON,IN233396,apparel_on_7_inch_court_tennis_7_inch_tide,men,On 7 Inch Court Tennis 7 Inch Tide,2026-06-02,0.0,0.0,0.0,0,0,0,no_match,0.0,,0,movement_reconstructed,14,14,0.0,0.0,0.0,3,999,30,SP-DF88997BEE|2026-06-02
00000000-0000-0000-0000-000000000001,70643273-0bc9-4720-8864-3e426f9776d9,SP-B7529301C1,IN233395,ON,On 7 Inch Court Tennis 7 Inch White,apparel,men,core,2026-05-29 20:40:54.077393+00:00,2026-05-29 20:40:54.077393+00:00,45.54,109.72,14,14,in233395,spb7529301c1,on,on 7 inch court tennis 7 inch white,ON,IN233395,apparel_on_7_inch_court_tennis_7_inch_white,men,On 7 Inch Court Tennis 7 Inch White,2026-05-26,0.0,0.0,0.0,0,0,0,no_match,0.0,,0,movement_reconstructed,14,14,0.0,0.0,0.0,0,999,30,SP-B7529301C1|2026-05-26
00000000-0000-0000-0000-000000000001,70643273-0bc9-4720-8864-3e426f9776d9,SP-B7529301C1,IN233395,ON,On 7 Inch Court Tennis 7 Inch White,apparel,men,core,2026-05-29 20:40:54.077393+00:00,2026-05-29 20:40:54.077393+00:00,45.54,109.72,14,14,in233395,spb7529301c1,on,on 7 inch court tennis 7 inch white,ON,IN233395,apparel_on_7_inch_court_tennis_7_inch_white,men,On 7 Inch Court Tennis 7 Inch White,2026-06-02,0.0,0.0,0.0,0,0,0,no_match,0.0,,0,movement_reconstructed,14,14,0.0,0.0,0.0,3,999,30,SP-B7529301C1|2026-06-02
00000000-0000-0000-0000-000000000001,4de6cca3-d84d-4194-9ab8-c65bc3e878e0,SP-98266B6693,IN219864,ON,On All-Day Joggers Men Lifestyle Pant Black,apparel,men,core,2026-05-29 20:40:54.077393+00:00,2026-05-29 20:40:54.077393+00:00,82.34,187.81,14,14,in219864,sp98266b6693,on,on all day joggers men lifestyle pant black,ON,IN219864,apparel,men,On All-Day Joggers Men Lifestyle Pant Black,2026-05-26,179.0,179.0,179.0,1,0,0,same_model_family,0.98,2.0,1,movement_reconstructed,14,14,0.0,0.0,0.0,0,999,30,SP-98266B6693|2026-05-26
00000000-0000-0000-0000-000000000001,4de6cca3-d84d-4194-9ab8-c65bc3e878e0,SP-98266B6693,IN219864,ON,On All-Day Joggers Men Lifestyle Pant Black,apparel,men,core,2026-05-29 20:40:54.077393+00:00,2026-05-29 20:40:54.077393+00:00,82.34,187.81,14,14,in219864,sp98266b6693,on,on all day joggers men lifestyle pant black,ON,IN219864,apparel,men,On All-Day Joggers Men Lifestyle Pant Black,2026-06-02,0.0,0.0,0.0,0,0,0,no_match,0.0,,0,movement_reconstructed,14,14,0.0,0.0,0.0,3,999,30,SP-98266B6693|2026-06-02
00000000-0000-0000-0000-000000000001,9df3a5a7-2dcc-40c3-bc5d-88bb484126f8,SP-09354499DD,IN218636,ON,On Boxy Club Women Lifestyle T-Shirt White,apparel,women,core,2026-05-29 20:40:54.077393+00:00,2026-05-29 20:40:54.077393+00:00,29.9,73.65,14,14,in218636,sp09354499dd,on,on boxy club women lifestyle t shirt white,ON,IN218636,apparel,women,On Boxy Club Women Lifestyle T-Shirt White,2026-05-26,52.0,61.5,69.0,1,1,1,same_model_family,0.8391,10.0,1,movement_reconstructed,14,14,0.0,0.0,0.0,0,999,30,SP-09354499DD|2026-05-26
00000000-0000-0000-0000-000000000001,9df3a5a7-2dcc-40c3-bc5d-88bb484126f8,SP-09354499DD,IN218636,ON,On Boxy Club Women Lifestyle T-Shirt White,apparel,women,core,2026-05-29 20:40:54.077393+00:00,2026-05-29 20:40:54.077393+00:00,29.9,73.65,14,14,in218636,sp09354499dd,on,on boxy club women lifestyle t shirt white,ON,IN218636,apparel,women,On Boxy Club Women Lifestyle T-Shirt White,2026-06-02,0.0,0.0,0.0,0,0,0,no_match,0.0,,0,movement_reconstructed,14,14,0.0,0.0,0.0,3,999,30,SP-09354499DD|2026-06-02
00000000-0000-0000-0000-000000000001,ea252492-02fc-4b4a-b4e3-f75577a86b65,SP-57AE88CE7F,IN233413,ON,On Climate Full Zip Women Running Hoody White,apparel,women,core,2026-05-29 20:40:54.077393+00:00,2026-05-29 20:40:54.077393+00:00,73.14,164.93,14,14,in233413,sp57ae88ce7f,on,on climate full zip women running hoody white,ON,IN233413,footwear,women,On Climate Full Zip Women Running Hoody White,2026-05-26,159.0,159.0,159.0,1,0,0,same_model_family,0.98,1.0,1,movement_reconstructed,14,14,0.0,0.0,0.0,0,999,30,SP-57AE88CE7F|2026-05-26
00000000-0000-0000-0000-000000000001,ea252492-02fc-4b4a-b4e3-f75577a86b65,SP-57AE88CE7F,IN233413,ON,On Climate Full Zip Women Running Hoody White,apparel,women,core,2026-05-29 20:40:54.077393+00:00,2026-05-29 20:40:54.077393+00:00,73.14,164.93,14,14,in233413,sp57ae88ce7f,on,on climate full zip women running hoody white,ON,IN233413,footwear,women,On Climate Full Zip Women Running Hoody White,2026-06-02,0.0,0.0,0.0,0,0,0,no_match,0.0,,0,movement_reconstructed,14,14,0.0,0.0,0.0,3,999,30,SP-57AE88CE7F|2026-06-02
00000000-0000-0000-0000-000000000001,3cbdc516-24eb-4f24-84ae-3cead76854df,SP-402F2C3335,IN205159,ON,On Climate Men Running Hoody Black,apparel,men,core,2026-05-29 20:40:54.077393+00:00,2026-05-29 20:40:54.077393+00:00,73.14,174.03,14,14,in205159,sp402f2c3335,on,on climate men running hoody black,ON,IN205159,footwear,men,On Climate Men Running Hoody Black,2026-05-26,159.0,190.78947368421052,229.0,1,1,1,same_model_family,0.7413,19.0,1,movement_reconstructed,14,14,0.0,0.0,0.0,0,999,30,SP-402F2C3335|2026-05-26
00000000-0000-0000-0000-000000000001,3cbdc516-24eb-4f24-84ae-3cead76854df,SP-402F2C3335,IN205159,ON,On Climate Men Running Hoody Black,apparel,men,core,2026-05-29 20:40:54.077393+00:00,2026-05-29 20:40:54.077393+00:00,73.14,174.03,14,14,in205159,sp402f2c3335,on,on climate men running hoody black,ON,IN205159,footwear,men,On Climate Men Running Hoody Black,2026-06-02,0.0,0.0,0.0,0,0,0,no_match,0.0,,0,movement_reconstructed,14,14,0.0,0.0,0.0,3,999,30,SP-402F2C3335|2026-06-02
00000000-0000-0000-0000-000000000001,5eb0fcef-677e-47c2-b284-121be5ff05cf,SP-06A4E41C88,IN213151,ON,On Climate Men Running Hoody Denim,apparel,men,core,2026-05-29 20:40:54.077393+00:00,2026-05-29 20:40:54.077393+00:00,51.06,142.95,14,14,in213151,sp06a4e41c88,on,on climate men running hoody denim,ON,IN213151,footwear,men,On Climate Men Running Hoody Denim,2026-05-26,125.0,139.33333333333334,146.0,1,1,1,similar_product,0.7515,9.0,1,movement_reconstructed,14,14,0.0,0.0,0.0,0,999,30,SP-06A4E41C88|2026-05-26
00000000-0000-0000-0000-000000000001,5eb0fcef-677e-47c2-b284-121be5ff05cf,SP-06A4E41C88,IN213151,ON,On Climate Men Running Hoody Denim,apparel,men,core,2026-05-29 20:40:54.077393+00:00,2026-05-29 20:40:54.077393+00:00,51.06,142.95,14,14,in213151,sp06a4e41c88,on,on climate men running hoody denim,ON,IN213151,footwear,men,On Climate Men Running Hoody Denim,2026-06-02,0.0,0.0,0.0,0,0,0,no_match,0.0,,0,movement_reconstructed,14,14,0.0,0.0,0.0,3,999,30,SP-06A4E41C88|2026-06-02
00000000-0000-0000-0000-000000000001,a361efb2-9ef8-4757-b9d3-e7ada2ccfb8e,SP-48868D2AA6,IN205174,ON,On Climate Women Running Hoody Black,apparel,women,core,2026-05-29 20:40:54.077393+00:00,2026-05-29 20:40:54.077393+00:00,73.14,141.86,14,14,in205174,sp48868d2aa6,on,on climate women running hoody black,ON,IN205174,footwear,women,On Climate Women Running Hoody Black,2026-05-26,145.0,165.0857142857143,195.0,1,1,1,similar_product,0.7182,35.0,1,movement_reconstructed,14,14,0.0,0.0,0.0,0,999,30,SP-48868D2AA6|2026-05-26
00000000-0000-0000-0000-000000000001,a361efb2-9ef8-4757-b9d3-e7ada2ccfb8e,SP-48868D2AA6,IN205174,ON,On Climate Women Running Hoody Black,apparel,women,core,2026-05-29 20:40:54.077393+00:00,2026-05-29 20:40:54.077393+00:00,73.14,141.86,14,14,in205174,sp48868d2aa6,on,on climate women running hoody black,ON,IN205174,footwear,women,On Climate Women Running Hoody Black,2026-06-02,0.0,0.0,0.0,0,0,0,no_match,0.0,,0,movement_reconstructed,14,14,0.0,0.0,0.0,3,999,30,SP-48868D2AA6|2026-06-02
00000000-0000-0000-0000-000000000001,dd912d11-205f-4594-9269-872643a034fc,SP-FAEA6F848F,IN224959,ON,On Club Boxy Women Lifestyle T-Shirt Black,apparel,women,core,2026-05-29 20:40:54.077393+00:00,2026-05-29 20:40:54.077393+00:00,29.9,73.83,14,14,in224959,spfaea6f848f,on,on club boxy women lifestyle t shirt black,ON,IN224959,apparel,women,On Club Boxy Women Lifestyle T-Shirt Black,2026-05-26,75.0,103.22222222222223,145.0,1,1,1,same_model_family,0.7517,9.0,1,movement_reconstructed,14,14,0.0,0.0,0.0,0,999,30,SP-FAEA6F848F|2026-05-26
00000000-0000-0000-0000-000000000001,dd912d11-205f-4594-9269-872643a034fc,SP-FAEA6F848F,IN224959,ON,On Club Boxy Women Lifestyle T-Shirt Black,apparel,women,core,2026-05-29 20:40:54.077393+00:00,2026-05-29 20:40:54.077393+00:00,29.9,73.83,14,14,in224959,spfaea6f848f,on,on club boxy women lifestyle t shirt black,ON,IN224959,apparel,women,On Club Boxy Women Lifestyle T-Shirt Black,2026-06-02,0.0,0.0,0.0,0,0,0,no_match,0.0,,0,movement_reconstructed,14,14,0.0,0.0,0.0,3,999,30,SP-FAEA6F848F|2026-06-02
00000000-0000-0000-0000-000000000001,8330856f-bcb8-4b9e-8c2b-3dcc8e2e8bf0,SP-834156AAD3,IN233213,ON,On Club Collective Men Lifestyle Pant Black,apparel,men,core,2026-05-29 20:40:54.077393+00:00,2026-05-29 20:40:54.077393+00:00,66.7,155.32,14,14,in233213,sp834156aad3,on,on club collective men lifestyle pant black,ON,IN233213,apparel,men,On Club Collective Men Lifestyle Pant Black,2026-05-26,139.0,152.66666666666666,169.0,1,0,1,same_model_family,0.785,12.0,1,movement_reconstructed,14,14,0.0,0.0,0.0,0,999,30,SP-834156AAD3|2026-05-26
00000000-0000-0000-0000-000000000001,8330856f-bcb8-4b9e-8c2b-3dcc8e2e8bf0,SP-834156AAD3,IN233213,ON,On Club Collective Men Lifestyle Pant Black,apparel,men,core,2026-05-29 20:40:54.077393+00:00,2026-05-29 20:40:54.077393+00:00,66.7,155.32,14,14,in233213,sp834156aad3,on,on club collective men lifestyle pant black,ON,IN233213,apparel,men,On Club Collective Men Lifestyle Pant Black,2026-06-02,0.0,0.0,0.0,0,0,0,no_match,0.0,,0,movement_reconstructed,14,14,0.0,0.0,0.0,3,999,30,SP-834156AAD3|2026-06-02
00000000-0000-0000-0000-000000000001,3f21f5b2-4b6f-4250-8438-679024276042,SP-90BB09D2CD,IN233210,ON,On Club Collective Men Lifestyle T-Shirt Black,apparel,men,core,2026-05-29 20:40:54.077393+00:00,2026-05-29 20:40:54.077393+00:00,36.34,70.68,14,14,in233210,sp90bb09d2cd,on,on club collective men lifestyle t shirt black,ON,IN233210,apparel,men,On Club Collective Men Lifestyle T-Shirt Black,2026-05-26,53.0,64.33333333333333,69.0,1,1,1,same_model_family,0.8412,6.0,1,movement_reconstructed,14,14,0.0,0.0,0.0,0,999,30,SP-90BB09D2CD|2026-05-26
00000000-0000-0000-0000-000000000001,3f21f5b2-4b6f-4250-8438-679024276042,SP-90BB09D2CD,IN233210,ON,On Club Collective Men Lifestyle T-Shirt Black,apparel,men,core,2026-05-29 20:40:54.077393+00:00,2026-05-29 20:40:54.077393+00:00,36.34,70.68,14,14,in233210,sp90bb09d2cd,on,on club collective men lifestyle t shirt black,ON,IN233210,apparel,men,On Club Collective Men Lifestyle T-Shirt Black,2026-06-02,0.0,0.0,0.0,0,0,0,no_match,0.0,,0,movement_reconstructed,14,14,0.0,0.0,0.0,3,999,30,SP-90BB09D2CD|2026-06-02
00000000-0000-0000-0000-000000000001,75ad2f5f-7e20-4825-bc02-12d81c89d28e,SP-4F416D339A,IN233209,ON,On Club Collective Men Lifestyle T-Shirt White,apparel,men,core,2026-05-29 20:40:54.077393+00:00,2026-05-29 20:40:54.077393+00:00,36.34,85.57,14,14,in233209,sp4f416d339a,on,on club collective men lifestyle t shirt white,ON,IN233209,apparel,men,On Club Collective Men Lifestyle T-Shirt White,2026-05-26,79.0,89.5,111.0,1,1,1,same_model_family,0.7599,16.0,1,movement_reconstructed,14,14,0.0,0.0,0.0,0,999,30,SP-4F416D339A|2026-05-26
00000000-0000-0000-0000-000000000001,75ad2f5f-7e20-4825-bc02-12d81c89d28e,SP-4F416D339A,IN233209,ON,On Club Collective Men Lifestyle T-Shirt White,apparel,men,core,2026-05-29 20:40:54.077393+00:00,2026-05-29 20:40:54.077393+00:00,36.34,85.57,14,14,in233209,sp4f416d339a,on,on club collective men lifestyle t shirt white,ON,IN233209,apparel,men,On Club Collective Men Lifestyle T-Shirt White,2026-06-02,0.0,0.0,0.0,0,0,0,no_match,0.0,,0,movement_reconstructed,14,14,0.0,0.0,0.0,3,999,30,SP-4F416D339A|2026-06-02
00000000-0000-0000-0000-000000000001,fdac3b8d-9020-41a5-b256-e5c40f7e70d1,SP-229CAF275F,BF2023,Puma,DARE TO Leggings Sportstyle/Prime Women,apparel,women,core,2026-05-29 20:40:54.077393+00:00,2026-05-29 20:40:54.077393+00:00,6.25,14.1,14,14,bf2023,sp229caf275f,puma,dare to leggings sportstyle/prime women,PUMA,BF2023,sportswear,women,DARE TO Leggings Sportstyle/Prime Women,2026-05-26,0.0,0.0,0.0,0,0,0,no_match,0.0,,0,movement_reconstructed,14,14,0.0,0.0,0.0,0,999,30,SP-229CAF275F|2026-05-26
00000000-0000-0000-0000-000000000001,fdac3b8d-9020-41a5-b256-e5c40f7e70d1,SP-229CAF275F,BF2023,Puma,DARE TO Leggings Sportstyle/Prime Women,apparel,women,core,2026-05-29 20:40:54.077393+00:00,2026-05-29 20:40:54.077393+00:00,6.25,14.1,14,14,bf2023,sp229caf275f,puma,dare to leggings sportstyle/prime women,PUMA,BF2023,sportswear,women,DARE TO Leggings Sportstyle/Prime Women,2026-06-02,0.0,0.0,0.0,0,0,0,no_match,0.0,,0,movement_reconstructed,14,14,0.0,0.0,0.0,3,999,30,SP-229CAF275F|2026-06-02
00000000-0000-0000-0000-000000000001,edab9c93-a8d9-4ec9-9e8a-6180d51a4eaf,SP-14F06CB1CC,IU2430,Adidas,"3-Stripes Bodysuit, Black",sportswear,women,core,2026-05-29 20:40:54.077393+00:00,2026-05-29 20:40:54.077393+00:00,14.4,31.75,12,12,iu2430,sp14f06cb1cc,adidas,"3 stripes bodysuit, black",ADIDAS,IU2430,sportswear,women,"3-Stripes Bodysuit, Black",2026-05-26,2700000.0,2700000.0,2700000.0,1,1,0,exact_style,1.0,1.0,1,movement_reconstructed,12,12,0.0,0.0,0.0,0,999,30,SP-14F06CB1CC|2026-05-26
00000000-0000-0000-0000-000000000001,edab9c93-a8d9-4ec9-9e8a-6180d51a4eaf,SP-14F06CB1CC,IU2430,Adidas,"3-Stripes Bodysuit, Black",sportswear,women,core,2026-05-29 20:40:54.077393+00:00,2026-05-29 20:40:54.077393+00:00,14.4,31.75,12,12,iu2430,sp14f06cb1cc,adidas,"3 stripes bodysuit, black",ADIDAS,IU2430,sportswear,women,"3-Stripes Bodysuit, Black",2026-06-02,0.0,0.0,0.0,0,0,0,no_match,0.0,,0,movement_reconstructed,12,12,0.0,0.0,0.0,3,999,30,SP-14F06CB1CC|2026-06-02
00000000-0000-0000-0000-000000000001,ef556fd2-fbe8-463b-907e-bf095866b2e6,SP-F067DCDACE,GK9950,Adidas,"AEROREADY Essentials Regular-Fit 3-Stripes Track Suit, Black",sportswear,men,core,2026-05-29 20:40:54.077393+00:00,2026-05-29 20:40:54.077393+00:00,40.32,85.64,12,12,gk9950,spf067dcdace,adidas,"aeroready essentials regular fit 3 stripes track suit, black",ADIDAS,GK9950,sportswear,men,"AEROREADY Essentials Regular-Fit 3-Stripes Track Suit, Black",2026-05-26,7560000.0,7560000.0,7560000.0,1,1,0,exact_style,1.0,1.0,1,movement_reconstructed,12,12,0.0,0.0,0.0,0,999,30,SP-F067DCDACE|2026-05-26
00000000-0000-0000-0000-000000000001,ef556fd2-fbe8-463b-907e-bf095866b2e6,SP-F067DCDACE,GK9950,Adidas,"AEROREADY Essentials Regular-Fit 3-Stripes Track Suit, Black",sportswear,men,core,2026-05-29 20:40:54.077393+00:00,2026-05-29 20:40:54.077393+00:00,40.32,85.64,12,12,gk9950,spf067dcdace,adidas,"aeroready essentials regular fit 3 stripes track suit, black",ADIDAS,GK9950,sportswear,men,"AEROREADY Essentials Regular-Fit 3-Stripes Track Suit, Black",2026-06-02,0.0,0.0,0.0,0,0,0,no_match,0.0,,0,movement_reconstructed,12,12,0.0,0.0,0.0,3,999,30,SP-F067DCDACE|2026-06-02
00000000-0000-0000-0000-000000000001,06694d4a-426e-4aa1-9f81-4fcd9a1c1e75,SP-F4341B2295,HE4408,Adidas,"AEROREADY Essentials Regular-Fit 3-Stripes Track Suit, Blue",sportswear,men,core,2026-05-29 20:40:54.077393+00:00,2026-05-29 20:40:54.077393+00:00,40.32,93.87,12,12,he4408,spf4341b2295,adidas,"aeroready essentials regular fit 3 stripes track suit, blue",ADIDAS,HE4408,sportswear,men,"AEROREADY Essentials Regular-Fit 3-Stripes Track Suit, Blue",2026-05-26,7560000.0,7560000.0,7560000.0,1,1,0,exact_style,1.0,1.0,1,movement_reconstructed,12,12,0.0,0.0,0.0,0,999,30,SP-F4341B2295|2026-05-26
00000000-0000-0000-0000-000000000001,06694d4a-426e-4aa1-9f81-4fcd9a1c1e75,SP-F4341B2295,HE4408,Adidas,"AEROREADY Essentials Regular-Fit 3-Stripes Track Suit, Blue",sportswear,men,core,2026-05-29 20:40:54.077393+00:00,2026-05-29 20:40:54.077393+00:00,40.32,93.87,12,12,he4408,spf4341b2295,adidas,"aeroready essentials regular fit 3 stripes track suit, blue",ADIDAS,HE4408,sportswear,men,"AEROREADY Essentials Regular-Fit 3-Stripes Track Suit, Blue",2026-06-02,0.0,0.0,0.0,0,0,0,no_match,0.0,,0,movement_reconstructed,12,12,0.0,0.0,0.0,3,999,30,SP-F4341B2295|2026-06-02
00000000-0000-0000-0000-000000000001,14b0e30f-1365-4969-9ca7-d482e5730ad4,SP-24A89F1A48,,Puma,ACTIVE SPORTS Graphic Tee II Boys,kids,kids,core,2026-05-29 20:40:54.077393+00:00,2026-05-29 20:40:54.077393+00:00,5.0,12.75,9,9,,sp24a89f1a48,puma,active sports graphic tee ii boys,PUMA,,kids,men,ACTIVE SPORTS Graphic Tee II Boys,2026-05-26,15.0,15.0,15.0,1,1,0,similar_product,0.732,1.0,1,movement_reconstructed,9,9,0.0,0.0,0.0,0,999,30,SP-24A89F1A48|2026-05-26
00000000-0000-0000-0000-000000000001,14b0e30f-1365-4969-9ca7-d482e5730ad4,SP-24A89F1A48,,Puma,ACTIVE SPORTS Graphic Tee II Boys,kids,kids,core,2026-05-29 20:40:54.077393+00:00,2026-05-29 20:40:54.077393+00:00,5.0,12.75,9,9,,sp24a89f1a48,puma,active sports graphic tee ii boys,PUMA,,kids,men,ACTIVE SPORTS Graphic Tee II Boys,2026-06-02,0.0,0.0,0.0,0,0,0,no_match,0.0,,0,movement_reconstructed,9,9,0.0,0.0,0.0,3,999,30,SP-24A89F1A48|2026-06-02
00000000-0000-0000-0000-000000000001,a8655ace-3952-4c12-8f30-0ea52586ef0a,SP-7EBCBD2E4F,,Puma,CATS CLUB Tee PS Boys,kids,kids,core,2026-05-29 20:40:54.077393+00:00,2026-05-29 20:40:54.077393+00:00,5.0,10.96,9,9,,sp7ebcbd2e4f,puma,cats club tee ps boys,PUMA,,kids,men,CATS CLUB Tee PS Boys,2026-05-26,10.0,10.0,10.0,1,1,0,same_model_family,0.8925,3.0,1,movement_reconstructed,9,9,0.0,0.0,0.0,0,999,30,SP-7EBCBD2E4F|2026-05-26
00000000-0000-0000-0000-000000000001,a8655ace-3952-4c12-8f30-0ea52586ef0a,SP-7EBCBD2E4F,,Puma,CATS CLUB Tee PS Boys,kids,kids,core,2026-05-29 20:40:54.077393+00:00,2026-05-29 20:40:54.077393+00:00,5.0,10.96,9,9,,sp7ebcbd2e4f,puma,cats club tee ps boys,PUMA,,kids,men,CATS CLUB Tee PS Boys,2026-06-02,10.0,10.0,10.0,1,1,0,same_model_family,0.9755,1.0,1,movement_reconstructed,9,9,0.0,0.0,0.0,3,999,30,SP-7EBCBD2E4F|2026-06-02
00000000-0000-0000-0000-000000000001,fe65bcd6-fd3d-4604-bae0-ab60b8634403,SP-176380B593,,Puma,FEED YOUR PUMA Backpack PRIME Girls,kids,kids,core,2026-05-29 20:40:54.077393+00:00,2026-05-29 20:40:54.077393+00:00,30.0,69.44,9,9,,sp176380b593,puma,feed your puma backpack prime girls,PUMA,,kids,women,FEED YOUR PUMA Backpack PRIME Girls,2026-05-26,60.0,60.0,60.0,1,0,0,same_model_family,0.9619,1.0,1,movement_reconstructed,9,9,0.0,0.0,0.0,0,999,30,SP-176380B593|2026-05-26
00000000-0000-0000-0000-000000000001,fe65bcd6-fd3d-4604-bae0-ab60b8634403,SP-176380B593,,Puma,FEED YOUR PUMA Backpack PRIME Girls,kids,kids,core,2026-05-29 20:40:54.077393+00:00,2026-05-29 20:40:54.077393+00:00,30.0,69.44,9,9,,sp176380b593,puma,feed your puma backpack prime girls,PUMA,,kids,women,FEED YOUR PUMA Backpack PRIME Girls,2026-06-02,0.0,0.0,0.0,0,0,0,no_match,0.0,,0,movement_reconstructed,9,9,0.0,0.0,0.0,3,999,30,SP-176380B593|2026-06-02
00000000-0000-0000-0000-000000000001,c0b318ed-58ef-4b75-a846-58332a01a272,SP-9358D6C153,,Puma,FEED YOUR PUMA Backpack PRIME Kids,kids,kids,core,2026-05-29 20:40:54.077393+00:00,2026-05-29 20:40:54.077393+00:00,30.0,60.45,9,9,,sp9358d6c153,puma,feed your puma backpack prime kids,PUMA,,kids,kids,FEED YOUR PUMA Backpack PRIME Kids,2026-05-26,0.0,0.0,0.0,0,0,0,no_match,0.0,,0,movement_reconstructed,9,9,0.0,0.0,0.0,0,999,30,SP-9358D6C153|2026-05-26
00000000-0000-0000-0000-000000000001,c0b318ed-58ef-4b75-a846-58332a01a272,SP-9358D6C153,,Puma,FEED YOUR PUMA Backpack PRIME Kids,kids,kids,core,2026-05-29 20:40:54.077393+00:00,2026-05-29 20:40:54.077393+00:00,30.0,60.45,9,9,,sp9358d6c153,puma,feed your puma backpack prime kids,PUMA,,kids,kids,FEED YOUR PUMA Backpack PRIME Kids,2026-06-02,0.0,0.0,0.0,0,0,0,no_match,0.0,,0,movement_reconstructed,9,9,0.0,0.0,0.0,3,999,30,SP-9358D6C153|2026-06-02
00000000-0000-0000-0000-000000000001,2df878d3-4b65-4a50-8413-7e980f5c7038,SP-EEC5C6A0BE,IW5977,Adidas,"AEROREADY Sereno Cut 3-Stripes Track Suit, Blue",sportswear,men,core,2026-05-29 20:40:54.077393+00:00,2026-05-29 20:40:54.077393+00:00,53.28,129.32,12,12,iw5977,speec5c6a0be,adidas,"aeroready sereno cut 3 stripes track suit, blue",ADIDAS,IW5977,sportswear,men,"AEROREADY Sereno Cut 3-Stripes Track Suit, Blue",2026-05-26,112.0,4995056.0,9990000.0,2,0,0,exact_style,1.0,2.0,1,movement_reconstructed,12,12,0.0,0.0,0.0,0,999,30,SP-EEC5C6A0BE|2026-05-26
00000000-0000-0000-0000-000000000001,2df878d3-4b65-4a50-8413-7e980f5c7038,SP-EEC5C6A0BE,IW5977,Adidas,"AEROREADY Sereno Cut 3-Stripes Track Suit, Blue",sportswear,men,core,2026-05-29 20:40:54.077393+00:00,2026-05-29 20:40:54.077393+00:00,53.28,129.32,12,12,iw5977,speec5c6a0be,adidas,"aeroready sereno cut 3 stripes track suit, blue",ADIDAS,IW5977,sportswear,men,"AEROREADY Sereno Cut 3-Stripes Track Suit, Blue",2026-06-02,0.0,0.0,0.0,0,0,0,no_match,0.0,,0,movement_reconstructed,12,12,0.0,0.0,0.0,3,999,30,SP-EEC5C6A0BE|2026-06-02
00000000-0000-0000-0000-000000000001,ea6361f3-bed2-412e-aeab-5290733a3731,SP-D7ADEC42DC,KC5821,Adidas,"Adi365 Running Pocket Graphic Medium Support Bra, Black",sportswear,women,core,2026-05-29 20:40:54.077393+00:00,2026-05-29 20:40:54.077393+00:00,42.24,89.24,12,12,kc5821,spd7adec42dc,adidas,"adi365 running pocket graphic medium support bra, black",ADIDAS,KC5821,footwear,women,"Adi365 Running Pocket Graphic Medium Support Bra, Black",2026-05-26,7920000.0,7920000.0,7920000.0,1,0,0,exact_style,1.0,1.0,1,movement_reconstructed,12,12,0.0,0.0,0.0,0,999,30,SP-D7ADEC42DC|2026-05-26
00000000-0000-0000-0000-000000000001,ea6361f3-bed2-412e-aeab-5290733a3731,SP-D7ADEC42DC,KC5821,Adidas,"Adi365 Running Pocket Graphic Medium Support Bra, Black",sportswear,women,core,2026-05-29 20:40:54.077393+00:00,2026-05-29 20:40:54.077393+00:00,42.24,89.24,12,12,kc5821,spd7adec42dc,adidas,"adi365 running pocket graphic medium support bra, black",ADIDAS,KC5821,footwear,women,"Adi365 Running Pocket Graphic Medium Support Bra, Black",2026-06-02,0.0,0.0,0.0,0,0,0,no_match,0.0,,0,movement_reconstructed,12,12,0.0,0.0,0.0,3,999,30,SP-D7ADEC42DC|2026-06-02
00000000-0000-0000-0000-000000000001,f5015772-c106-4677-9719-ffe0c9d0eabf,SP-EB900BB3C2,KA2796,Adidas,"Adi365 Running Pocket Medium Support Bra, Green",sportswear,women,core,2026-05-29 20:40:54.077393+00:00,2026-05-29 20:40:54.077393+00:00,38.4,77.07,12,12,ka2796,speb900bb3c2,adidas,"adi365 running pocket medium support bra, green",ADIDAS,KA2796,footwear,women,"Adi365 Running Pocket Medium Support Bra, Green",2026-05-26,2430000.0,4365000.0,7200000.0,1,1,0,exact_style,0.8483,4.0,1,movement_reconstructed,12,12,0.0,0.0,0.0,0,999,30,SP-EB900BB3C2|2026-05-26
00000000-0000-0000-0000-000000000001,f5015772-c106-4677-9719-ffe0c9d0eabf,SP-EB900BB3C2,KA2796,Adidas,"Adi365 Running Pocket Medium Support Bra, Green",sportswear,women,core,2026-05-29 20:40:54.077393+00:00,2026-05-29 20:40:54.077393+00:00,38.4,77.07,12,12,ka2796,speb900bb3c2,adidas,"adi365 running pocket medium support bra, green",ADIDAS,KA2796,footwear,women,"Adi365 Running Pocket Medium Support Bra, Green",2026-06-02,0.0,0.0,0.0,0,0,0,no_match,0.0,,0,movement_reconstructed,12,12,0.0,0.0,0.0,3,999,30,SP-EB900BB3C2|2026-06-02
00000000-0000-0000-0000-000000000001,cce9478a-16b8-4ba6-99cb-ac2489da6bc4,SP-E961A24573,JV7515,Adidas,"Adibreak Tracksuit Bottoms, Green",sportswear,women,core,2026-05-29 20:40:54.077393+00:00,2026-05-29 20:40:54.077393+00:00,58.08,111.33,12,12,jv7515,spe961a24573,adidas,"adibreak tracksuit bottoms, green",ADIDAS,JV7515,sportswear,women,"Adibreak Tracksuit Bottoms, Green",2026-05-26,10890000.0,10890000.0,10890000.0,1,0,0,exact_style,1.0,1.0,1,movement_reconstructed,12,12,0.0,0.0,0.0,0,999,30,SP-E961A24573|2026-05-26
00000000-0000-0000-0000-000000000001,cce9478a-16b8-4ba6-99cb-ac2489da6bc4,SP-E961A24573,JV7515,Adidas,"Adibreak Tracksuit Bottoms, Green",sportswear,women,core,2026-05-29 20:40:54.077393+00:00,2026-05-29 20:40:54.077393+00:00,58.08,111.33,12,12,jv7515,spe961a24573,adidas,"adibreak tracksuit bottoms, green",ADIDAS,JV7515,sportswear,women,"Adibreak Tracksuit Bottoms, Green",2026-06-02,0.0,0.0,0.0,0,0,0,no_match,0.0,,0,movement_reconstructed,12,12,0.0,0.0,0.0,3,999,30,SP-E961A24573|2026-06-02
00000000-0000-0000-0000-000000000001,142c5c33-676c-4700-9701-6d0a384c355d,SP-C80777C682,IN234881,New Balance,New Balance Essential Train Women Performance Bra Black,sportswear,women,core,2026-05-29 20:40:54.077393+00:00,2026-05-29 20:40:54.077393+00:00,31.85,76.39,12,12,in234881,spc80777c682,new balance,new balance essential train women performance bra black,NEW BALANCE,IN234881,apparel,women,New Balance Essential Train Women Performance Bra Black,2026-05-26,65.0,65.0,65.0,1,0,0,same_model_family,0.9583,1.0,1,movement_reconstructed,12,12,0.0,0.0,0.0,0,999,30,SP-C80777C682|2026-05-26
00000000-0000-0000-0000-000000000001,142c5c33-676c-4700-9701-6d0a384c355d,SP-C80777C682,IN234881,New Balance,New Balance Essential Train Women Performance Bra Black,sportswear,women,core,2026-05-29 20:40:54.077393+00:00,2026-05-29 20:40:54.077393+00:00,31.85,76.39,12,12,in234881,spc80777c682,new balance,new balance essential train women performance bra black,NEW BALANCE,IN234881,apparel,women,New Balance Essential Train Women Performance Bra Black,2026-06-02,0.0,0.0,0.0,0,0,0,no_match,0.0,,0,movement_reconstructed,12,12,0.0,0.0,0.0,3,999,30,SP-C80777C682|2026-06-02
00000000-0000-0000-0000-000000000001,d3788516-3a31-4ecf-b2d5-d9150d63e7d0,SP-FEA7F5C6A1,IN219784,New Balance,New Balance Essential Women Performance Bra Olivine,sportswear,women,core,2026-05-29 20:40:54.077393+00:00,2026-05-29 20:40:54.077393+00:00,23.52,46.19,12,12,in219784,spfea7f5c6a1,new balance,new balance essential women performance bra olivine,NEW BALANCE,IN219784,apparel,women,New Balance Essential Women Performance Bra Olivine,2026-05-26,48.0,51.5,55.0,1,1,1,same_model_family,0.9325,2.0,1,movement_reconstructed,12,12,0.0,0.0,0.0,0,999,30,SP-FEA7F5C6A1|2026-05-26
00000000-0000-0000-0000-000000000001,d3788516-3a31-4ecf-b2d5-d9150d63e7d0,SP-FEA7F5C6A1,IN219784,New Balance,New Balance Essential Women Performance Bra Olivine,sportswear,women,core,2026-05-29 20:40:54.077393+00:00,2026-05-29 20:40:54.077393+00:00,23.52,46.19,12,12,in219784,spfea7f5c6a1,new balance,new balance essential women performance bra olivine,NEW BALANCE,IN219784,apparel,women,New Balance Essential Women Performance Bra Olivine,2026-06-02,0.0,0.0,0.0,0,0,0,no_match,0.0,,0,movement_reconstructed,12,12,0.0,0.0,0.0,3,999,30,SP-FEA7F5C6A1|2026-06-02
00000000-0000-0000-0000-000000000001,dd44b299-34ac-4757-8697-c5a37e48583e,SP-FCD511BE4F,IN226965,New Balance,New Balance Essential Yoga Women Performance Bra Black,sportswear,women,core,2026-05-29 20:40:54.077393+00:00,2026-05-29 20:40:54.077393+00:00,28.91,75.81,12,12,in226965,spfcd511be4f,new balance,new balance essential yoga women performance bra black,NEW BALANCE,IN226965,apparel,women,New Balance Essential Yoga Women Performance Bra Black,2026-05-26,59.0,59.0,59.0,1,0,0,same_model_family,0.9379,1.0,1,movement_reconstructed,12,12,0.0,0.0,0.0,0,999,30,SP-FCD511BE4F|2026-05-26
00000000-0000-0000-0000-000000000001,dd44b299-34ac-4757-8697-c5a37e48583e,SP-FCD511BE4F,IN226965,New Balance,New Balance Essential Yoga Women Performance Bra Black,sportswear,women,core,2026-05-29 20:40:54.077393+00:00,2026-05-29 20:40:54.077393+00:00,28.91,75.81,12,12,in226965,spfcd511be4f,new balance,new balance essential yoga women performance bra black,NEW BALANCE,IN226965,apparel,women,New Balance Essential Yoga Women Performance Bra Black,2026-06-02,0.0,0.0,0.0,0,0,0,no_match,0.0,,0,movement_reconstructed,12,12,0.0,0.0,0.0,3,999,30,SP-FCD511BE4F|2026-06-02
00000000-0000-0000-0000-000000000001,4571d2d0-e0fd-4a8b-b13d-27cdbe0e14f1,SP-61E130E733,IN234884,New Balance,New Balance Essential Yoga Women Performance Bra Daybreak,sportswear,women,core,2026-05-29 20:40:54.077393+00:00,2026-05-29 20:40:54.077393+00:00,28.91,68.1,12,12,in234884,sp61e130e733,new balance,new balance essential yoga women performance bra daybreak,NEW BALANCE,IN234884,apparel,women,New Balance Essential Yoga Women Performance Bra Daybreak,2026-05-26,59.0,59.0,59.0,1,0,0,same_model_family,0.9626,1.0,1,movement_reconstructed,12,12,0.0,0.0,0.0,0,999,30,SP-61E130E733|2026-05-26
00000000-0000-0000-0000-000000000001,4571d2d0-e0fd-4a8b-b13d-27cdbe0e14f1,SP-61E130E733,IN234884,New Balance,New Balance Essential Yoga Women Performance Bra Daybreak,sportswear,women,core,2026-05-29 20:40:54.077393+00:00,2026-05-29 20:40:54.077393+00:00,28.91,68.1,12,12,in234884,sp61e130e733,new balance,new balance essential yoga women performance bra daybreak,NEW BALANCE,IN234884,apparel,women,New Balance Essential Yoga Women Performance Bra Daybreak,2026-06-02,0.0,0.0,0.0,0,0,0,no_match,0.0,,0,movement_reconstructed,12,12,0.0,0.0,0.0,3,999,30,SP-61E130E733|2026-06-02
00000000-0000-0000-0000-000000000001,f476a941-b0c5-4bec-841b-25532ba534c1,SP-3D39AF9FF6,IN234882,New Balance,New Balance Essential Yoga Women Performance Bra Medusa Green,sportswear,women,core,2026-05-29 20:40:54.077393+00:00,2026-05-29 20:40:54.077393+00:00,28.91,63.99,12,12,in234882,sp3d39af9ff6,new balance,new balance essential yoga women performance bra medusa green,NEW BALANCE,IN234882,apparel,women,New Balance Essential Yoga Women Performance Bra Medusa Green,2026-05-26,53.0,57.0,59.0,1,1,1,same_model_family,0.8737,3.0,1,movement_reconstructed,12,12,0.0,0.0,0.0,0,999,30,SP-3D39AF9FF6|2026-05-26
00000000-0000-0000-0000-000000000001,f476a941-b0c5-4bec-841b-25532ba534c1,SP-3D39AF9FF6,IN234882,New Balance,New Balance Essential Yoga Women Performance Bra Medusa Green,sportswear,women,core,2026-05-29 20:40:54.077393+00:00,2026-05-29 20:40:54.077393+00:00,28.91,63.99,12,12,in234882,sp3d39af9ff6,new balance,new balance essential yoga women performance bra medusa green,NEW BALANCE,IN234882,apparel,women,New Balance Essential Yoga Women Performance Bra Medusa Green,2026-06-02,0.0,0.0,0.0,0,0,0,no_match,0.0,,0,movement_reconstructed,12,12,0.0,0.0,0.0,3,999,30,SP-3D39AF9FF6|2026-06-02
00000000-0000-0000-0000-000000000001,413069ea-01b2-4482-b381-6ff7a3ce7bc1,SP-7542B894A6,IN170907,New Balance,New Balance Fuel Women Performance Bra Black,sportswear,women,core,2026-05-29 20:40:54.077393+00:00,2026-05-29 20:40:54.077393+00:00,15.19,28.85,12,12,in170907,sp7542b894a6,new balance,new balance fuel women performance bra black,NEW BALANCE,IN170907,apparel,women,New Balance Fuel Women Performance Bra Black,2026-05-26,31.0,31.5,32.0,1,1,1,same_model_family,0.8694,2.0,1,movement_reconstructed,12,12,0.0,0.0,0.0,0,999,30,SP-7542B894A6|2026-05-26
00000000-0000-0000-0000-000000000001,413069ea-01b2-4482-b381-6ff7a3ce7bc1,SP-7542B894A6,IN170907,New Balance,New Balance Fuel Women Performance Bra Black,sportswear,women,core,2026-05-29 20:40:54.077393+00:00,2026-05-29 20:40:54.077393+00:00,15.19,28.85,12,12,in170907,sp7542b894a6,new balance,new balance fuel women performance bra black,NEW BALANCE,IN170907,apparel,women,New Balance Fuel Women Performance Bra Black,2026-06-02,0.0,0.0,0.0,0,0,0,no_match,0.0,,0,movement_reconstructed,12,12,0.0,0.0,0.0,3,999,30,SP-7542B894A6|2026-06-02
00000000-0000-0000-0000-000000000001,3c9be695-b95c-4fb7-91ba-ec012ea5202c,SP-AEB17209EC,IN226963,New Balance,New Balance Harmony Women Performanc Bra Black,sportswear,women,core,2026-05-29 20:40:54.077393+00:00,2026-05-29 20:40:54.077393+00:00,18.62,41.75,12,12,in226963,spaeb17209ec,new balance,new balance harmony women performanc bra black,NEW BALANCE,IN226963,apparel,women,New Balance Harmony Women Performanc Bra Black,2026-05-26,30.0,36.0,40.0,1,1,1,same_model_family,0.851,3.0,1,movement_reconstructed,12,12,0.0,0.0,0.0,0,999,30,SP-AEB17209EC|2026-05-26
00000000-0000-0000-0000-000000000001,3c9be695-b95c-4fb7-91ba-ec012ea5202c,SP-AEB17209EC,IN226963,New Balance,New Balance Harmony Women Performanc Bra Black,sportswear,women,core,2026-05-29 20:40:54.077393+00:00,2026-05-29 20:40:54.077393+00:00,18.62,41.75,12,12,in226963,spaeb17209ec,new balance,new balance harmony women performanc bra black,NEW BALANCE,IN226963,apparel,women,New Balance Harmony Women Performanc Bra Black,2026-06-02,0.0,0.0,0.0,0,0,0,no_match,0.0,,0,movement_reconstructed,12,12,0.0,0.0,0.0,3,999,30,SP-AEB17209EC|2026-06-02
00000000-0000-0000-0000-000000000001,3cbb6419-1d33-44f3-95de-f0f569e8eb28,SP-7B6BD14F3B,,New Balance,NB 9060 full black,lifestyle,unisex,core,2026-05-29 20:40:54.077393+00:00,2026-05-29 20:40:54.077393+00:00,36.75,88.27,12,12,,sp7b6bd14f3b,new balance,nb 9060 full black,NEW BALANCE,,lifestyle,unisex,NB 9060 full black,2026-05-26,0.0,0.0,0.0,0,0,0,no_match,0.0,,0,movement_reconstructed,12,12,0.0,0.0,0.0,0,999,30,SP-7B6BD14F3B|2026-05-26
00000000-0000-0000-0000-000000000001,3cbb6419-1d33-44f3-95de-f0f569e8eb28,SP-7B6BD14F3B,,New Balance,NB 9060 full black,lifestyle,unisex,core,2026-05-29 20:40:54.077393+00:00,2026-05-29 20:40:54.077393+00:00,36.75,88.27,12,12,,sp7b6bd14f3b,new balance,nb 9060 full black,NEW BALANCE,,lifestyle,unisex,NB 9060 full black,2026-06-02,0.0,0.0,0.0,0,0,0,no_match,0.0,,0,movement_reconstructed,12,12,0.0,0.0,0.0,3,999,30,SP-7B6BD14F3B|2026-06-02
00000000-0000-0000-0000-000000000001,03270bbb-2f09-45ea-a1a2-3e8f79d1c669,SP-48CB982454,,New Balance,New Balance 9060 Triple Black,lifestyle,unisex,core,2026-05-29 20:40:54.077393+00:00,2026-05-29 20:40:54.077393+00:00,41.65,89.1,12,12,,sp48cb982454,new balance,new balance 9060 triple black,NEW BALANCE,,lifestyle,unisex,New Balance 9060 Triple Black,2026-05-26,0.0,0.0,0.0,0,0,0,no_match,0.0,,0,movement_reconstructed,12,12,0.0,0.0,0.0,0,999,30,SP-48CB982454|2026-05-26
00000000-0000-0000-0000-000000000001,03270bbb-2f09-45ea-a1a2-3e8f79d1c669,SP-48CB982454,,New Balance,New Balance 9060 Triple Black,lifestyle,unisex,core,2026-05-29 20:40:54.077393+00:00,2026-05-29 20:40:54.077393+00:00,41.65,89.1,12,12,,sp48cb982454,new balance,new balance 9060 triple black,NEW BALANCE,,lifestyle,unisex,New Balance 9060 Triple Black,2026-06-02,0.0,0.0,0.0,0,0,0,no_match,0.0,,0,movement_reconstructed,12,12,0.0,0.0,0.0,3,999,30,SP-48CB982454|2026-06-02
00000000-0000-0000-0000-000000000001,77cd63ed-b77e-4c98-a4dc-2c6f96e965b5,SP-7DFB8328BE,,New Balance,New Balance Fresh Foam X Trail More v3 Black/Pink/Yellow Women's Trail Shoes,lifestyle,women,core,2026-05-29 20:40:54.077393+00:00,2026-05-29 20:40:54.077393+00:00,41.65,79.67,12,12,,sp7dfb8328be,new balance,new balance fresh foam x trail more v3 black/pink/yellow women's trail shoes,NEW BALANCE,,footwear,women,New Balance Fresh Foam X Trail More v3 Black/Pink/Yellow Women's Trail Shoes,2026-05-26,0.0,0.0,0.0,0,0,0,no_match,0.0,,0,movement_reconstructed,12,12,0.0,0.0,0.0,0,999,30,SP-7DFB8328BE|2026-05-26
00000000-0000-0000-0000-000000000001,77cd63ed-b77e-4c98-a4dc-2c6f96e965b5,SP-7DFB8328BE,,New Balance,New Balance Fresh Foam X Trail More v3 Black/Pink/Yellow Women's Trail Shoes,lifestyle,women,core,2026-05-29 20:40:54.077393+00:00,2026-05-29 20:40:54.077393+00:00,41.65,79.67,12,12,,sp7dfb8328be,new balance,new balance fresh foam x trail more v3 black/pink/yellow women's trail shoes,NEW BALANCE,,footwear,women,New Balance Fresh Foam X Trail More v3 Black/Pink/Yellow Women's Trail Shoes,2026-06-02,0.0,0.0,0.0,0,0,0,no_match,0.0,,0,movement_reconstructed,12,12,0.0,0.0,0.0,3,999,30,SP-7DFB8328BE|2026-06-02
00000000-0000-0000-0000-000000000001,5dc730b4-74d6-4860-b79d-384511a9cf02,SP-86604D5CF7,,New Balance,New balance trail fresh foam gray/pink,lifestyle,unisex,core,2026-05-29 20:40:54.077393+00:00,2026-05-29 20:40:54.077393+00:00,39.2,87.39,12,12,,sp86604d5cf7,new balance,new balance trail fresh foam gray/pink,NEW BALANCE,,footwear,unisex,New balance trail fresh foam gray/pink,2026-05-26,0.0,0.0,0.0,0,0,0,no_match,0.0,,0,movement_reconstructed,12,12,0.0,0.0,0.0,0,999,30,SP-86604D5CF7|2026-05-26
00000000-0000-0000-0000-000000000001,5dc730b4-74d6-4860-b79d-384511a9cf02,SP-86604D5CF7,,New Balance,New balance trail fresh foam gray/pink,lifestyle,unisex,core,2026-05-29 20:40:54.077393+00:00,2026-05-29 20:40:54.077393+00:00,39.2,87.39,12,12,,sp86604d5cf7,new balance,new balance trail fresh foam gray/pink,NEW BALANCE,,footwear,unisex,New balance trail fresh foam gray/pink,2026-06-02,0.0,0.0,0.0,0,0,0,no_match,0.0,,0,movement_reconstructed,12,12,0.0,0.0,0.0,3,999,30,SP-86604D5CF7|2026-06-02
00000000-0000-0000-0000-000000000001,38471c2c-5ba1-4e5d-a006-eff8ec6afe29,SP-04A2348ABD,,Nike,Air Zoom Superfly Elite - FG Cleats,lifestyle,unisex,core,2026-05-29 20:40:54.077393+00:00,2026-05-29 20:40:54.077393+00:00,37.6,87.79,12,12,,sp04a2348abd,nike,air zoom superfly elite fg cleats,NIKE,,football_boots,unisex,Air Zoom Superfly Elite - FG Cleats,2026-05-26,0.0,0.0,0.0,0,0,0,no_match,0.0,,0,movement_reconstructed,12,12,0.0,0.0,0.0,0,999,30,SP-04A2348ABD|2026-05-26
00000000-0000-0000-0000-000000000001,38471c2c-5ba1-4e5d-a006-eff8ec6afe29,SP-04A2348ABD,,Nike,Air Zoom Superfly Elite - FG Cleats,lifestyle,unisex,core,2026-05-29 20:40:54.077393+00:00,2026-05-29 20:40:54.077393+00:00,37.6,87.79,12,12,,sp04a2348abd,nike,air zoom superfly elite fg cleats,NIKE,,football_boots,unisex,Air Zoom Superfly Elite - FG Cleats,2026-06-02,0.0,0.0,0.0,0,0,0,no_match,0.0,,0,movement_reconstructed,12,12,0.0,0.0,0.0,3,999,30,SP-04A2348ABD|2026-06-02
00000000-0000-0000-0000-000000000001,791917d5-3b81-4a40-a792-0252206bd9a8,SP-D73EAC318C,,Nike,Air Zoom Vapor Elite - FG Cleats,lifestyle,unisex,core,2026-05-29 20:40:54.077393+00:00,2026-05-29 20:40:54.077393+00:00,37.6,86.1,12,12,,spd73eac318c,nike,air zoom vapor elite fg cleats,NIKE,,football_boots,unisex,Air Zoom Vapor Elite - FG Cleats,2026-05-26,0.0,0.0,0.0,0,0,0,no_match,0.0,,0,movement_reconstructed,12,12,0.0,0.0,0.0,0,999,30,SP-D73EAC318C|2026-05-26
00000000-0000-0000-0000-000000000001,791917d5-3b81-4a40-a792-0252206bd9a8,SP-D73EAC318C,,Nike,Air Zoom Vapor Elite - FG Cleats,lifestyle,unisex,core,2026-05-29 20:40:54.077393+00:00,2026-05-29 20:40:54.077393+00:00,37.6,86.1,12,12,,spd73eac318c,nike,air zoom vapor elite fg cleats,NIKE,,football_boots,unisex,Air Zoom Vapor Elite - FG Cleats,2026-06-02,0.0,0.0,0.0,0,0,0,no_match,0.0,,0,movement_reconstructed,12,12,0.0,0.0,0.0,3,999,30,SP-D73EAC318C|2026-06-02
00000000-0000-0000-0000-000000000001,df1969ec-a5e5-4a7d-9879-3fa740384efc,SP-3577D415E8,,Nike,Kylian Mbappe X Air Zoom Superfly Elite - FG Cleats,lifestyle,unisex,core,2026-05-29 20:40:54.077393+00:00,2026-05-29 20:40:54.077393+00:00,37.6,86.85,12,12,,sp3577d415e8,nike,kylian mbappe x air zoom superfly elite fg cleats,NIKE,,football_boots,unisex,Kylian Mbappe X Air Zoom Superfly Elite - FG Cleats,2026-05-26,0.0,0.0,0.0,0,0,0,no_match,0.0,,0,movement_reconstructed,12,12,0.0,0.0,0.0,0,999,30,SP-3577D415E8|2026-05-26
00000000-0000-0000-0000-000000000001,df1969ec-a5e5-4a7d-9879-3fa740384efc,SP-3577D415E8,,Nike,Kylian Mbappe X Air Zoom Superfly Elite - FG Cleats,lifestyle,unisex,core,2026-05-29 20:40:54.077393+00:00,2026-05-29 20:40:54.077393+00:00,37.6,86.85,12,12,,sp3577d415e8,nike,kylian mbappe x air zoom superfly elite fg cleats,NIKE,,football_boots,unisex,Kylian Mbappe X Air Zoom Superfly Elite - FG Cleats,2026-06-02,0.0,0.0,0.0,0,0,0,no_match,0.0,,0,movement_reconstructed,12,12,0.0,0.0,0.0,3,999,30,SP-3577D415E8|2026-06-02
00000000-0000-0000-0000-000000000001,94bfaa3c-04fd-4e3a-9ca7-c87ecbe03e6f,SP-2A3C5C0C82,,The North Face,The North Face Glenclyffe Urban Boots in a white dune/tnf black colorway,lifestyle,unisex,core,2026-05-29 20:40:54.077393+00:00,2026-05-29 20:40:54.077393+00:00,38.25,82.74,12,12,,sp2a3c5c0c82,the north face,the north face glenclyffe urban boots in a white dune/tnf black colorway,THE NORTH FACE,,football_boots,unisex,The North Face Glenclyffe Urban Boots in a white dune/tnf black colorway,2026-05-26,80.0,80.0,80.0,1,1,1,same_model_family,0.8787,1.0,1,movement_reconstructed,12,12,0.0,0.0,0.0,0,999,30,SP-2A3C5C0C82|2026-05-26
00000000-0000-0000-0000-000000000001,94bfaa3c-04fd-4e3a-9ca7-c87ecbe03e6f,SP-2A3C5C0C82,,The North Face,The North Face Glenclyffe Urban Boots in a white dune/tnf black colorway,lifestyle,unisex,core,2026-05-29 20:40:54.077393+00:00,2026-05-29 20:40:54.077393+00:00,38.25,82.74,12,12,,sp2a3c5c0c82,the north face,the north face glenclyffe urban boots in a white dune/tnf black colorway,THE NORTH FACE,,football_boots,unisex,The North Face Glenclyffe Urban Boots in a white dune/tnf black colorway,2026-06-02,0.0,0.0,0.0,0,0,0,no_match,0.0,,0,movement_reconstructed,12,12,0.0,0.0,0.0,3,999,30,SP-2A3C5C0C82|2026-06-02
00000000-0000-0000-0000-000000000001,836f6a1a-42b2-4644-b207-787338aa56ae,SP-D866E2F245,,ASICS,ASICS PADEL METARISE™ 2,lifestyle,unisex,core,2026-05-29 20:40:54.077393+00:00,2026-05-29 20:40:54.077393+00:00,44.1,99.22,12,12,,spd866e2f245,asics,asics padel metarise™ 2,ASICS,,lifestyle,unisex,ASICS PADEL METARISE™ 2,2026-05-26,0.0,0.0,0.0,0,0,0,no_match,0.0,,0,movement_reconstructed,12,12,0.0,0.0,0.0,0,999,30,SP-D866E2F245|2026-05-26
00000000-0000-0000-0000-000000000001,836f6a1a-42b2-4644-b207-787338aa56ae,SP-D866E2F245,,ASICS,ASICS PADEL METARISE™ 2,lifestyle,unisex,core,2026-05-29 20:40:54.077393+00:00,2026-05-29 20:40:54.077393+00:00,44.1,99.22,12,12,,spd866e2f245,asics,asics padel metarise™ 2,ASICS,,lifestyle,unisex,ASICS PADEL METARISE™ 2,2026-06-02,0.0,0.0,0.0,0,0,0,no_match,0.0,,0,movement_reconstructed,12,12,0.0,0.0,0.0,3,999,30,SP-D866E2F245|2026-06-02
00000000-0000-0000-0000-000000000001,7f020974-0983-4147-a345-2dde80f0c7d7,SP-4EAF56E4BE,,ASICS,ASICS PADEL SKY ELITE FF 3,lifestyle,unisex,core,2026-05-29 20:40:54.077393+00:00,2026-05-29 20:40:54.077393+00:00,68.6,136.47,12,12,,sp4eaf56e4be,asics,asics padel sky elite ff 3,ASICS,,lifestyle,unisex,ASICS PADEL SKY ELITE FF 3,2026-05-26,0.0,0.0,0.0,0,0,0,no_match,0.0,,0,movement_reconstructed,12,12,0.0,0.0,0.0,0,999,30,SP-4EAF56E4BE|2026-05-26
00000000-0000-0000-0000-000000000001,7f020974-0983-4147-a345-2dde80f0c7d7,SP-4EAF56E4BE,,ASICS,ASICS PADEL SKY ELITE FF 3,lifestyle,unisex,core,2026-05-29 20:40:54.077393+00:00,2026-05-29 20:40:54.077393+00:00,68.6,136.47,12,12,,sp4eaf56e4be,asics,asics padel sky elite ff 3,ASICS,,lifestyle,unisex,ASICS PADEL SKY ELITE FF 3,2026-06-02,0.0,0.0,0.0,0,0,0,no_match,0.0,,0,movement_reconstructed,12,12,0.0,0.0,0.0,3,999,30,SP-4EAF56E4BE|2026-06-02
00000000-0000-0000-0000-000000000001,adb89257-9a4e-4fe0-bcbf-8dbb0fe53cb3,SP-27D2D54156,,ASICS,Asics Metarise 2 Paris volleyball shoes in a safety yellow and black,lifestyle,unisex,core,2026-05-29 20:40:54.077393+00:00,2026-05-29 20:40:54.077393+00:00,41.65,108.11,12,12,,sp27d2d54156,asics,asics metarise 2 paris volleyball shoes in a safety yellow and black,ASICS,,footwear,unisex,Asics Metarise 2 Paris volleyball shoes in a safety yellow and black,2026-05-26,0.0,0.0,0.0,0,0,0,no_match,0.0,,0,movement_reconstructed,12,12,0.0,0.0,0.0,0,999,30,SP-27D2D54156|2026-05-26
00000000-0000-0000-0000-000000000001,adb89257-9a4e-4fe0-bcbf-8dbb0fe53cb3,SP-27D2D54156,,ASICS,Asics Metarise 2 Paris volleyball shoes in a safety yellow and black,lifestyle,unisex,core,2026-05-29 20:40:54.077393+00:00,2026-05-29 20:40:54.077393+00:00,41.65,108.11,12,12,,sp27d2d54156,asics,asics metarise 2 paris volleyball shoes in a safety yellow and black,ASICS,,footwear,unisex,Asics Metarise 2 Paris volleyball shoes in a safety yellow and black,2026-06-02,0.0,0.0,0.0,0,0,0,no_match,0.0,,0,movement_reconstructed,12,12,0.0,0.0,0.0,3,999,30,SP-27D2D54156|2026-06-02
00000000-0000-0000-0000-000000000001,c5ac99b1-b885-4a32-bea7-40c9f56d35bf,SP-2F6F3036F1,,ASICS,Handball Shoes Asics Sky Elite FF MT 3,lifestyle,unisex,core,2026-05-29 20:40:54.077393+00:00,2026-05-29 20:40:54.077393+00:00,44.1,97.07,12,12,,sp2f6f3036f1,asics,handball shoes asics sky elite ff mt 3,ASICS,,footwear,unisex,Handball Shoes Asics Sky Elite FF MT 3,2026-05-26,0.0,0.0,0.0,0,0,0,no_match,0.0,,0,movement_reconstructed,12,12,0.0,0.0,0.0,0,999,30,SP-2F6F3036F1|2026-05-26
00000000-0000-0000-0000-000000000001,c5ac99b1-b885-4a32-bea7-40c9f56d35bf,SP-2F6F3036F1,,ASICS,Handball Shoes Asics Sky Elite FF MT 3,lifestyle,unisex,core,2026-05-29 20:40:54.077393+00:00,2026-05-29 20:40:54.077393+00:00,44.1,97.07,12,12,,sp2f6f3036f1,asics,handball shoes asics sky elite ff mt 3,ASICS,,footwear,unisex,Handball Shoes Asics Sky Elite FF MT 3,2026-06-02,0.0,0.0,0.0,0,0,0,no_match,0.0,,0,movement_reconstructed,12,12,0.0,0.0,0.0,3,999,30,SP-2F6F3036F1|2026-06-02
00000000-0000-0000-0000-000000000001,e9386be2-a9be-4ef3-81ac-f498dbc60413,SP-5B7283A238,IN209406,Nike,Nike Alate Curve Aop Women Training Bra Black,sportswear,women,core,2026-05-29 20:40:54.077393+00:00,2026-05-29 20:40:54.077393+00:00,17.86,44.33,12,12,in209406,sp5b7283a238,nike,nike alate curve aop women training bra black,NIKE,IN209406,apparel,women,Nike Alate Curve Aop Women Training Bra Black,2026-05-26,0.0,0.0,0.0,0,0,0,no_match,0.0,,0,movement_reconstructed,12,12,0.0,0.0,0.0,0,999,30,SP-5B7283A238|2026-05-26
00000000-0000-0000-0000-000000000001,e9386be2-a9be-4ef3-81ac-f498dbc60413,SP-5B7283A238,IN209406,Nike,Nike Alate Curve Aop Women Training Bra Black,sportswear,women,core,2026-05-29 20:40:54.077393+00:00,2026-05-29 20:40:54.077393+00:00,17.86,44.33,12,12,in209406,sp5b7283a238,nike,nike alate curve aop women training bra black,NIKE,IN209406,apparel,women,Nike Alate Curve Aop Women Training Bra Black,2026-06-02,0.0,0.0,0.0,0,0,0,no_match,0.0,,0,movement_reconstructed,12,12,0.0,0.0,0.0,3,999,30,SP-5B7283A238|2026-06-02
00000000-0000-0000-0000-000000000001,cd432029-ab87-476b-a24f-84bfe066345c,SP-87CD96F6B8,IN238476,Nike,Nike Brand Energy Infant-Boys Lifestyle Set Black,sportswear,kids,core,2026-05-29 20:40:54.077393+00:00,2026-05-29 20:40:54.077393+00:00,19.27,44.2,12,12,in238476,sp87cd96f6b8,nike,nike brand energy infant boys lifestyle set black,NIKE,IN238476,kids,men,Nike Brand Energy Infant-Boys Lifestyle Set Black,2026-05-26,33.0,38.333333333333336,41.0,1,0,1,same_model_family,0.8391,3.0,1,movement_reconstructed,12,12,0.0,0.0,0.0,0,999,30,SP-87CD96F6B8|2026-05-26
00000000-0000-0000-0000-000000000001,cd432029-ab87-476b-a24f-84bfe066345c,SP-87CD96F6B8,IN238476,Nike,Nike Brand Energy Infant-Boys Lifestyle Set Black,sportswear,kids,core,2026-05-29 20:40:54.077393+00:00,2026-05-29 20:40:54.077393+00:00,19.27,44.2,12,12,in238476,sp87cd96f6b8,nike,nike brand energy infant boys lifestyle set black,NIKE,IN238476,kids,men,Nike Brand Energy Infant-Boys Lifestyle Set Black,2026-06-02,0.0,0.0,0.0,0,0,0,no_match,0.0,,0,movement_reconstructed,12,12,0.0,0.0,0.0,3,999,30,SP-87CD96F6B8|2026-06-02
00000000-0000-0000-0000-000000000001,332b12b5-5ea6-408b-b6e0-9cd4551b704a,SP-F3734633B0,IN211236,Nike,Nike Indy Light-Support Women Training Bra Black/White,sportswear,women,core,2026-05-29 20:40:54.077393+00:00,2026-05-29 20:40:54.077393+00:00,26.32,67.99,12,12,in211236,spf3734633b0,nike,nike indy light support women training bra black/white,NIKE,IN211236,apparel,women,Nike Indy Light-Support Women Training Bra Black/White,2026-05-26,43.0,62.75,97.0,1,1,1,same_model_family,0.7525,16.0,1,movement_reconstructed,12,12,0.0,0.0,0.0,0,999,30,SP-F3734633B0|2026-05-26
00000000-0000-0000-0000-000000000001,332b12b5-5ea6-408b-b6e0-9cd4551b704a,SP-F3734633B0,IN211236,Nike,Nike Indy Light-Support Women Training Bra Black/White,sportswear,women,core,2026-05-29 20:40:54.077393+00:00,2026-05-29 20:40:54.077393+00:00,26.32,67.99,12,12,in211236,spf3734633b0,nike,nike indy light support women training bra black/white,NIKE,IN211236,apparel,women,Nike Indy Light-Support Women Training Bra Black/White,2026-06-02,0.0,0.0,0.0,0,0,0,no_match,0.0,,0,movement_reconstructed,12,12,0.0,0.0,0.0,3,999,30,SP-F3734633B0|2026-06-02
00000000-0000-0000-0000-000000000001,a68b240c-450c-4982-928e-4d8cf1971fbd,SP-6A8CBD0A6C,IN195234,Nike,Nike One Girls Training Bra Black/White,sportswear,kids,core,2026-05-29 20:40:54.077393+00:00,2026-05-29 20:40:54.077393+00:00,17.39,35.96,12,12,in195234,sp6a8cbd0a6c,nike,nike one girls training bra black/white,NIKE,IN195234,kids,women,Nike One Girls Training Bra Black/White,2026-05-26,25.0,39.0625,55.0,1,1,1,same_model_family,0.7836,16.0,1,movement_reconstructed,12,12,0.0,0.0,0.0,0,999,30,SP-6A8CBD0A6C|2026-05-26
00000000-0000-0000-0000-000000000001,a68b240c-450c-4982-928e-4d8cf1971fbd,SP-6A8CBD0A6C,IN195234,Nike,Nike One Girls Training Bra Black/White,sportswear,kids,core,2026-05-29 20:40:54.077393+00:00,2026-05-29 20:40:54.077393+00:00,17.39,35.96,12,12,in195234,sp6a8cbd0a6c,nike,nike one girls training bra black/white,NIKE,IN195234,kids,women,Nike One Girls Training Bra Black/White,2026-06-02,0.0,0.0,0.0,0,0,0,no_match,0.0,,0,movement_reconstructed,12,12,0.0,0.0,0.0,3,999,30,SP-6A8CBD0A6C|2026-06-02
00000000-0000-0000-0000-000000000001,8f139935-f30c-4a61-be72-6ff9b4512b6e,SP-A544BF76A8,IN226441,Nike,Nike One Keyhole Women Training Bra Black,sportswear,women,core,2026-05-29 20:40:54.077393+00:00,2026-05-29 20:40:54.077393+00:00,22.09,47.12,12,12,in226441,spa544bf76a8,nike,nike one keyhole women training bra black,NIKE,IN226441,apparel,women,Nike One Keyhole Women Training Bra Black,2026-05-26,34.0,41.15384615384615,47.0,1,1,1,same_model_family,0.7971,13.0,1,movement_reconstructed,12,12,0.0,0.0,0.0,0,999,30,SP-A544BF76A8|2026-05-26
00000000-0000-0000-0000-000000000001,8f139935-f30c-4a61-be72-6ff9b4512b6e,SP-A544BF76A8,IN226441,Nike,Nike One Keyhole Women Training Bra Black,sportswear,women,core,2026-05-29 20:40:54.077393+00:00,2026-05-29 20:40:54.077393+00:00,22.09,47.12,12,12,in226441,spa544bf76a8,nike,nike one keyhole women training bra black,NIKE,IN226441,apparel,women,Nike One Keyhole Women Training Bra Black,2026-06-02,0.0,0.0,0.0,0,0,0,no_match,0.0,,0,movement_reconstructed,12,12,0.0,0.0,0.0,3,999,30,SP-A544BF76A8|2026-06-02
00000000-0000-0000-0000-000000000001,e1196008-e40b-4f17-8bdd-6ab5f1404a41,SP-B7486CDFB2,IN230333,Nike,Nike One Light-Support Padded Women Training Bra Pink/Canyon Rust,sportswear,women,core,2026-05-29 20:40:54.077393+00:00,2026-05-29 20:40:54.077393+00:00,22.09,51.47,12,12,in230333,spb7486cdfb2,nike,nike one light support padded women training bra pink/canyon rust,NIKE,IN230333,apparel,women,Nike One Light-Support Padded Women Training Bra Pink/Canyon Rust,2026-05-26,43.0,54.111111111111114,66.0,1,1,1,same_model_family,0.8476,9.0,1,movement_reconstructed,12,12,0.0,0.0,0.0,0,999,30,SP-B7486CDFB2|2026-05-26
00000000-0000-0000-0000-000000000001,e1196008-e40b-4f17-8bdd-6ab5f1404a41,SP-B7486CDFB2,IN230333,Nike,Nike One Light-Support Padded Women Training Bra Pink/Canyon Rust,sportswear,women,core,2026-05-29 20:40:54.077393+00:00,2026-05-29 20:40:54.077393+00:00,22.09,51.47,12,12,in230333,spb7486cdfb2,nike,nike one light support padded women training bra pink/canyon rust,NIKE,IN230333,apparel,women,Nike One Light-Support Padded Women Training Bra Pink/Canyon Rust,2026-06-02,0.0,0.0,0.0,0,0,0,no_match,0.0,,0,movement_reconstructed,12,12,0.0,0.0,0.0,3,999,30,SP-B7486CDFB2|2026-06-02
00000000-0000-0000-0000-000000000001,b11ac270-f292-4c2a-a943-7e9006bd8849,SP-DBF6B755DC,IN232383,Nike,Nike One Women Training Bra Black/White,sportswear,women,core,2026-05-29 20:40:54.077393+00:00,2026-05-29 20:40:54.077393+00:00,25.38,58.66,12,12,in232383,spdbf6b755dc,nike,nike one women training bra black/white,NIKE,IN232383,apparel,women,Nike One Women Training Bra Black/White,2026-05-26,38.0,53.357142857142854,79.0,1,1,1,same_model_family,0.8211,14.0,1,movement_reconstructed,12,12,0.0,0.0,0.0,0,999,30,SP-DBF6B755DC|2026-05-26
00000000-0000-0000-0000-000000000001,b11ac270-f292-4c2a-a943-7e9006bd8849,SP-DBF6B755DC,IN232383,Nike,Nike One Women Training Bra Black/White,sportswear,women,core,2026-05-29 20:40:54.077393+00:00,2026-05-29 20:40:54.077393+00:00,25.38,58.66,12,12,in232383,spdbf6b755dc,nike,nike one women training bra black/white,NIKE,IN232383,apparel,women,Nike One Women Training Bra Black/White,2026-06-02,0.0,0.0,0.0,0,0,0,no_match,0.0,,0,movement_reconstructed,12,12,0.0,0.0,0.0,3,999,30,SP-DBF6B755DC|2026-06-02
00000000-0000-0000-0000-000000000001,0af849ba-4f4a-4181-ab68-8413c5d48f00,SP-F0B4D9EAF5,IN233453,ON,ON Sports Performance Women Running Bra Women Gourami,sportswear,women,core,2026-05-29 20:40:54.077393+00:00,2026-05-29 20:40:54.077393+00:00,40.94,97.32,12,12,in233453,spf0b4d9eaf5,on,on sports performance women running bra women gourami,ON,IN233453,footwear,women,ON Sports Performance Women Running Bra Women Gourami,2026-05-26,89.0,89.0,89.0,1,0,0,same_model_family,0.9761,1.0,1,movement_reconstructed,12,12,0.0,0.0,0.0,0,999,30,SP-F0B4D9EAF5|2026-05-26
00000000-0000-0000-0000-000000000001,0af849ba-4f4a-4181-ab68-8413c5d48f00,SP-F0B4D9EAF5,IN233453,ON,ON Sports Performance Women Running Bra Women Gourami,sportswear,women,core,2026-05-29 20:40:54.077393+00:00,2026-05-29 20:40:54.077393+00:00,40.94,97.32,12,12,in233453,spf0b4d9eaf5,on,on sports performance women running bra women gourami,ON,IN233453,footwear,women,ON Sports Performance Women Running Bra Women Gourami,2026-06-02,0.0,0.0,0.0,0,0,0,no_match,0.0,,0,movement_reconstructed,12,12,0.0,0.0,0.0,3,999,30,SP-F0B4D9EAF5|2026-06-02
00000000-0000-0000-0000-000000000001,09defe8e-aff2-472c-9fb3-f2a1a35f8615,SP-06A343CFF5,IN233409,ON,On Endurance Women Running Bra Heron,sportswear,women,core,2026-05-29 20:40:54.077393+00:00,2026-05-29 20:40:54.077393+00:00,48.3,124.97,12,12,in233409,sp06a343cff5,on,on endurance women running bra heron,ON,IN233409,footwear,women,On Endurance Women Running Bra Heron,2026-05-26,105.0,125.0,145.0,1,1,1,same_model_family,0.8154,6.0,1,movement_reconstructed,12,12,0.0,0.0,0.0,0,999,30,SP-06A343CFF5|2026-05-26
00000000-0000-0000-0000-000000000001,09defe8e-aff2-472c-9fb3-f2a1a35f8615,SP-06A343CFF5,IN233409,ON,On Endurance Women Running Bra Heron,sportswear,women,core,2026-05-29 20:40:54.077393+00:00,2026-05-29 20:40:54.077393+00:00,48.3,124.97,12,12,in233409,sp06a343cff5,on,on endurance women running bra heron,ON,IN233409,footwear,women,On Endurance Women Running Bra Heron,2026-06-02,0.0,0.0,0.0,0,0,0,no_match,0.0,,0,movement_reconstructed,12,12,0.0,0.0,0.0,3,999,30,SP-06A343CFF5|2026-06-02
00000000-0000-0000-0000-000000000001,45478aac-e24b-4e58-bd87-0dbb9f0fc221,SP-FC59B5B023,IN233410,ON,On Endurance Women Running Bra Iceberg,sportswear,women,core,2026-05-29 20:40:54.077393+00:00,2026-05-29 20:40:54.077393+00:00,48.3,109.02,12,12,in233410,spfc59b5b023,on,on endurance women running bra iceberg,ON,IN233410,footwear,women,On Endurance Women Running Bra Iceberg,2026-05-26,92.0,102.75,115.0,1,1,1,same_model_family,0.9087,4.0,1,movement_reconstructed,12,12,0.0,0.0,0.0,0,999,30,SP-FC59B5B023|2026-05-26
00000000-0000-0000-0000-000000000001,45478aac-e24b-4e58-bd87-0dbb9f0fc221,SP-FC59B5B023,IN233410,ON,On Endurance Women Running Bra Iceberg,sportswear,women,core,2026-05-29 20:40:54.077393+00:00,2026-05-29 20:40:54.077393+00:00,48.3,109.02,12,12,in233410,spfc59b5b023,on,on endurance women running bra iceberg,ON,IN233410,footwear,women,On Endurance Women Running Bra Iceberg,2026-06-02,0.0,0.0,0.0,0,0,0,no_match,0.0,,0,movement_reconstructed,12,12,0.0,0.0,0.0,3,999,30,SP-FC59B5B023|2026-06-02
00000000-0000-0000-0000-000000000001,f0feab2b-acd5-443b-aa14-86c1b79a836f,SP-1AB356CEBD,IN233452,ON,On Performance Women Running Bra Black,sportswear,women,core,2026-05-29 20:40:54.077393+00:00,2026-05-29 20:40:54.077393+00:00,40.94,86.19,12,12,in233452,sp1ab356cebd,on,on performance women running bra black,ON,IN233452,footwear,women,On Performance Women Running Bra Black,2026-05-26,62.0,73.33333333333333,89.0,1,1,1,same_model_family,0.8801,6.0,1,movement_reconstructed,12,12,0.0,0.0,0.0,0,999,30,SP-1AB356CEBD|2026-05-26
00000000-0000-0000-0000-000000000001,f0feab2b-acd5-443b-aa14-86c1b79a836f,SP-1AB356CEBD,IN233452,ON,On Performance Women Running Bra Black,sportswear,women,core,2026-05-29 20:40:54.077393+00:00,2026-05-29 20:40:54.077393+00:00,40.94,86.19,12,12,in233452,sp1ab356cebd,on,on performance women running bra black,ON,IN233452,footwear,women,On Performance Women Running Bra Black,2026-06-02,0.0,0.0,0.0,0,0,0,no_match,0.0,,0,movement_reconstructed,12,12,0.0,0.0,0.0,3,999,30,SP-1AB356CEBD|2026-06-02
00000000-0000-0000-0000-000000000001,975de2c3-497a-4c81-832e-8e2eb0cddcd5,SP-6B6DD9AB71,IN233451,ON,On Performance Women Running Bra White,sportswear,women,core,2026-05-29 20:40:54.077393+00:00,2026-05-29 20:40:54.077393+00:00,40.94,97.9,12,12,in233451,sp6b6dd9ab71,on,on performance women running bra white,ON,IN233451,footwear,women,On Performance Women Running Bra White,2026-05-26,99.0,120.0,145.0,1,1,1,same_model_family,0.8582,8.0,1,movement_reconstructed,12,12,0.0,0.0,0.0,0,999,30,SP-6B6DD9AB71|2026-05-26
00000000-0000-0000-0000-000000000001,975de2c3-497a-4c81-832e-8e2eb0cddcd5,SP-6B6DD9AB71,IN233451,ON,On Performance Women Running Bra White,sportswear,women,core,2026-05-29 20:40:54.077393+00:00,2026-05-29 20:40:54.077393+00:00,40.94,97.9,12,12,in233451,sp6b6dd9ab71,on,on performance women running bra white,ON,IN233451,footwear,women,On Performance Women Running Bra White,2026-06-02,0.0,0.0,0.0,0,0,0,no_match,0.0,,0,movement_reconstructed,12,12,0.0,0.0,0.0,3,999,30,SP-6B6DD9AB71|2026-06-02
00000000-0000-0000-0000-000000000001,b1c4d625-195f-4f76-9b93-69cb1757e01c,SP-5EEE00AE58,IN218628,ON,On Studio Women Training Bra Black,sportswear,women,core,2026-05-29 20:40:54.077393+00:00,2026-05-29 20:40:54.077393+00:00,34.5,94.01,12,12,in218628,sp5eee00ae58,on,on studio women training bra black,ON,IN218628,apparel,women,On Studio Women Training Bra Black,2026-05-26,41.0,90.0,145.0,1,1,1,same_model_family,0.8454,13.0,1,movement_reconstructed,12,12,0.0,0.0,0.0,0,999,30,SP-5EEE00AE58|2026-05-26
00000000-0000-0000-0000-000000000001,b1c4d625-195f-4f76-9b93-69cb1757e01c,SP-5EEE00AE58,IN218628,ON,On Studio Women Training Bra Black,sportswear,women,core,2026-05-29 20:40:54.077393+00:00,2026-05-29 20:40:54.077393+00:00,34.5,94.01,12,12,in218628,sp5eee00ae58,on,on studio women training bra black,ON,IN218628,apparel,women,On Studio Women Training Bra Black,2026-06-02,0.0,0.0,0.0,0,0,0,no_match,0.0,,0,movement_reconstructed,12,12,0.0,0.0,0.0,3,999,30,SP-5EEE00AE58|2026-06-02
00000000-0000-0000-0000-000000000001,2057ce1b-4f1a-453d-a809-01d53f4f06ab,SP-2D1656C34E,IN233432,ON,On Studio Women Training Bra Heron,sportswear,women,core,2026-05-29 20:40:54.077393+00:00,2026-05-29 20:40:54.077393+00:00,34.5,78.84,12,12,in233432,sp2d1656c34e,on,on studio women training bra heron,ON,IN233432,apparel,women,On Studio Women Training Bra Heron,2026-05-26,41.0,74.61538461538461,145.0,1,1,1,same_model_family,0.7825,13.0,1,movement_reconstructed,12,12,0.0,0.0,0.0,0,999,30,SP-2D1656C34E|2026-05-26
00000000-0000-0000-0000-000000000001,2057ce1b-4f1a-453d-a809-01d53f4f06ab,SP-2D1656C34E,IN233432,ON,On Studio Women Training Bra Heron,sportswear,women,core,2026-05-29 20:40:54.077393+00:00,2026-05-29 20:40:54.077393+00:00,34.5,78.84,12,12,in233432,sp2d1656c34e,on,on studio women training bra heron,ON,IN233432,apparel,women,On Studio Women Training Bra Heron,2026-06-02,0.0,0.0,0.0,0,0,0,no_match,0.0,,0,movement_reconstructed,12,12,0.0,0.0,0.0,3,999,30,SP-2D1656C34E|2026-06-02
00000000-0000-0000-0000-000000000001,1a165dcb-8aa7-4859-b391-b86a0a5f53e6,SP-265659CA96,IG9175,Adidas,"Advantage 2.0 Shoes, White",footwear,women,core,2026-05-29 20:40:54.077393+00:00,2026-05-29 20:40:54.077393+00:00,60.48,118.62,13,13,ig9175,sp265659ca96,adidas,"advantage 2.0 shoes, white",ADIDAS,IG9175,footwear,women,"Advantage 2.0 Shoes, White",2026-05-26,10890000.0,11115000.0,11340000.0,1,0,0,exact_style,0.93,2.0,1,movement_reconstructed,13,13,0.0,0.0,0.0,0,999,30,SP-265659CA96|2026-05-26
00000000-0000-0000-0000-000000000001,1a165dcb-8aa7-4859-b391-b86a0a5f53e6,SP-265659CA96,IG9175,Adidas,"Advantage 2.0 Shoes, White",footwear,women,core,2026-05-29 20:40:54.077393+00:00,2026-05-29 20:40:54.077393+00:00,60.48,118.62,13,13,ig9175,sp265659ca96,adidas,"advantage 2.0 shoes, white",ADIDAS,IG9175,footwear,women,"Advantage 2.0 Shoes, White",2026-06-02,0.0,0.0,0.0,0,0,0,no_match,0.0,,0,movement_reconstructed,13,13,0.0,0.0,0.0,3,999,30,SP-265659CA96|2026-06-02
00000000-0000-0000-0000-000000000001,01b9a423-c1b7-42a6-af73-66b4e5dfc923,SP-C031FC9456,HM4975,Adidas,Adidas All Court 3.0 Unisex Basketball Ball Wood/Black,accessories,unisex,core,2026-05-29 20:40:54.077393+00:00,2026-05-29 20:40:54.077393+00:00,19.68,43.08,18,18,hm4975,spc031fc9456,adidas,adidas all court 3.0 unisex basketball ball wood/black,ADIDAS,HM4975,footwear,unisex,Adidas All Court 3.0 Unisex Basketball Ball Wood/Black,2026-05-26,3690000.0,3690000.0,3690000.0,1,0,0,exact_style,1.0,2.0,1,movement_reconstructed,18,18,0.0,0.0,0.0,0,999,30,SP-C031FC9456|2026-05-26
00000000-0000-0000-0000-000000000001,01b9a423-c1b7-42a6-af73-66b4e5dfc923,SP-C031FC9456,HM4975,Adidas,Adidas All Court 3.0 Unisex Basketball Ball Wood/Black,accessories,unisex,core,2026-05-29 20:40:54.077393+00:00,2026-05-29 20:40:54.077393+00:00,19.68,43.08,18,18,hm4975,spc031fc9456,adidas,adidas all court 3.0 unisex basketball ball wood/black,ADIDAS,HM4975,footwear,unisex,Adidas All Court 3.0 Unisex Basketball Ball Wood/Black,2026-06-02,0.0,0.0,0.0,0,0,0,no_match,0.0,,0,movement_reconstructed,18,18,0.0,0.0,0.0,3,999,30,SP-C031FC9456|2026-06-02
00000000-0000-0000-0000-000000000001,c39c8840-f8a0-4904-86a3-5f626d0f7182,SP-2AE7A078CB,IS7049,Adidas,Adidas Classic 3 Bar Logo Training Backpack Men Dark Blue/White,accessories,unisex,core,2026-05-29 20:40:54.077393+00:00,2026-05-29 20:40:54.077393+00:00,18.0,41.52,18,18,is7049,sp2ae7a078cb,adidas,adidas classic 3 bar logo training backpack men dark blue/white,ADIDAS,IS7049,sportswear,men,Adidas Classic 3 Bar Logo Training Backpack Men Dark Blue/White,2026-05-26,38.0,1665019.0,3330000.0,2,0,0,exact_style,1.0,2.0,1,movement_reconstructed,18,18,0.0,0.0,0.0,0,999,30,SP-2AE7A078CB|2026-05-26
00000000-0000-0000-0000-000000000001,c39c8840-f8a0-4904-86a3-5f626d0f7182,SP-2AE7A078CB,IS7049,Adidas,Adidas Classic 3 Bar Logo Training Backpack Men Dark Blue/White,accessories,unisex,core,2026-05-29 20:40:54.077393+00:00,2026-05-29 20:40:54.077393+00:00,18.0,41.52,18,18,is7049,sp2ae7a078cb,adidas,adidas classic 3 bar logo training backpack men dark blue/white,ADIDAS,IS7049,sportswear,men,Adidas Classic 3 Bar Logo Training Backpack Men Dark Blue/White,2026-06-02,0.0,0.0,0.0,0,0,0,no_match,0.0,,0,movement_reconstructed,18,18,0.0,0.0,0.0,3,999,30,SP-2AE7A078CB|2026-06-02
00000000-0000-0000-0000-000000000001,1a987cc6-915e-43b8-95aa-6b931b8ad131,SP-EFA218BDF9,JI8081,Adidas,Adidas Classic Training Backpack With Pencil Case Unisex Black/White,accessories,unisex,core,2026-05-29 20:40:54.077393+00:00,2026-05-29 20:40:54.077393+00:00,22.8,53.85,18,18,ji8081,spefa218bdf9,adidas,adidas classic training backpack with pencil case unisex black/white,ADIDAS,JI8081,sportswear,unisex,Adidas Classic Training Backpack With Pencil Case Unisex Black/White,2026-05-26,48.0,2115024.0,4230000.0,2,0,0,exact_style,1.0,2.0,1,movement_reconstructed,18,18,0.0,0.0,0.0,0,999,30,SP-EFA218BDF9|2026-05-26
00000000-0000-0000-0000-000000000001,1a987cc6-915e-43b8-95aa-6b931b8ad131,SP-EFA218BDF9,JI8081,Adidas,Adidas Classic Training Backpack With Pencil Case Unisex Black/White,accessories,unisex,core,2026-05-29 20:40:54.077393+00:00,2026-05-29 20:40:54.077393+00:00,22.8,53.85,18,18,ji8081,spefa218bdf9,adidas,adidas classic training backpack with pencil case unisex black/white,ADIDAS,JI8081,sportswear,unisex,Adidas Classic Training Backpack With Pencil Case Unisex Black/White,2026-06-02,0.0,0.0,0.0,0,0,0,no_match,0.0,,0,movement_reconstructed,18,18,0.0,0.0,0.0,3,999,30,SP-EFA218BDF9|2026-06-02
00000000-0000-0000-0000-000000000001,db057013-f67a-4641-861e-422a3875daaf,SP-8F64E1FCBD,JE9741,Adidas,Adidas INTER MIAMI IMCF JSY HOME Football Men,accessories,men,core,2026-05-29 20:40:54.077393+00:00,2026-05-29 20:40:54.077393+00:00,29.28,74.49,18,18,je9741,sp8f64e1fcbd,adidas,adidas inter miami imcf jsy home football men,ADIDAS,JE9741,football_boots,men,Adidas INTER MIAMI IMCF JSY HOME Football Men,2026-05-26,70.0,2745035.0,5490000.0,2,2,0,exact_style,0.9682,2.0,1,movement_reconstructed,18,18,0.0,0.0,0.0,0,999,30,SP-8F64E1FCBD|2026-05-26
00000000-0000-0000-0000-000000000001,db057013-f67a-4641-861e-422a3875daaf,SP-8F64E1FCBD,JE9741,Adidas,Adidas INTER MIAMI IMCF JSY HOME Football Men,accessories,men,core,2026-05-29 20:40:54.077393+00:00,2026-05-29 20:40:54.077393+00:00,29.28,74.49,18,18,je9741,sp8f64e1fcbd,adidas,adidas inter miami imcf jsy home football men,ADIDAS,JE9741,football_boots,men,Adidas INTER MIAMI IMCF JSY HOME Football Men,2026-06-02,0.0,0.0,0.0,0,0,0,no_match,0.0,,0,movement_reconstructed,18,18,0.0,0.0,0.0,3,999,30,SP-8F64E1FCBD|2026-06-02
00000000-0000-0000-0000-000000000001,d2e1b0c8-460c-4e8a-b22a-00c1605b7cd5,SP-648D792B8F,JF8484,Adidas,Adidas Lightweight Baseball Unisex Training Cap White,accessories,unisex,core,2026-05-29 20:40:54.077393+00:00,2026-05-29 20:40:54.077393+00:00,12.48,28.93,18,18,jf8484,sp648d792b8f,adidas,adidas lightweight baseball unisex training cap white,ADIDAS,JF8484,accessories,unisex,Adidas Lightweight Baseball Unisex Training Cap White,2026-05-26,26.0,351021.95,2340000.0,2,2,1,exact_style,0.8584,20.0,1,movement_reconstructed,18,18,0.0,0.0,0.0,0,999,30,SP-648D792B8F|2026-05-26
00000000-0000-0000-0000-000000000001,d2e1b0c8-460c-4e8a-b22a-00c1605b7cd5,SP-648D792B8F,JF8484,Adidas,Adidas Lightweight Baseball Unisex Training Cap White,accessories,unisex,core,2026-05-29 20:40:54.077393+00:00,2026-05-29 20:40:54.077393+00:00,12.48,28.93,18,18,jf8484,sp648d792b8f,adidas,adidas lightweight baseball unisex training cap white,ADIDAS,JF8484,accessories,unisex,Adidas Lightweight Baseball Unisex Training Cap White,2026-06-02,0.0,0.0,0.0,0,0,0,no_match,0.0,,0,movement_reconstructed,18,18,0.0,0.0,0.0,3,999,30,SP-648D792B8F|2026-06-02
00000000-0000-0000-0000-000000000001,bc346699-ce67-45a9-b7ac-4a546aa62702,SP-04B3889425,FM9931,Adidas,Adidas Performance 0.75 Unisex Training Water Bottle Black,accessories,unisex,core,2026-05-29 20:40:54.077393+00:00,2026-05-29 20:40:54.077393+00:00,6.24,14.43,18,18,fm9931,sp04b3889425,adidas,adidas performance 0.75 unisex training water bottle black,ADIDAS,FM9931,accessories,unisex,Adidas Performance 0.75 Unisex Training Water Bottle Black,2026-05-26,13.0,837397.6086956522,2970000.0,2,2,0,exact_style,0.7722,23.0,1,movement_reconstructed,18,18,0.0,0.0,0.0,0,999,30,SP-04B3889425|2026-05-26
00000000-0000-0000-0000-000000000001,bc346699-ce67-45a9-b7ac-4a546aa62702,SP-04B3889425,FM9931,Adidas,Adidas Performance 0.75 Unisex Training Water Bottle Black,accessories,unisex,core,2026-05-29 20:40:54.077393+00:00,2026-05-29 20:40:54.077393+00:00,6.24,14.43,18,18,fm9931,sp04b3889425,adidas,adidas performance 0.75 unisex training water bottle black,ADIDAS,FM9931,accessories,unisex,Adidas Performance 0.75 Unisex Training Water Bottle Black,2026-06-02,0.0,0.0,0.0,0,0,0,no_match,0.0,,0,movement_reconstructed,18,18,0.0,0.0,0.0,3,999,30,SP-04B3889425|2026-06-02
00000000-0000-0000-0000-000000000001,aed40142-a8db-45e1-872d-6d6a560c6ee2,SP-100050E78D,IX3178,Adidas,Adidas Power Vii Unisex Training Bag Alumina/Black,accessories,unisex,core,2026-05-29 20:40:54.077393+00:00,2026-05-29 20:40:54.077393+00:00,20.64,49.2,18,18,ix3178,sp100050e78d,adidas,adidas power vii unisex training bag alumina/black,ADIDAS,IX3178,accessories,unisex,Adidas Power Vii Unisex Training Bag Alumina/Black,2026-05-26,36.0,289330.0714285714,4050000.0,2,2,1,exact_style,0.7396,14.0,1,movement_reconstructed,18,18,0.0,0.0,0.0,0,999,30,SP-100050E78D|2026-05-26
00000000-0000-0000-0000-000000000001,aed40142-a8db-45e1-872d-6d6a560c6ee2,SP-100050E78D,IX3178,Adidas,Adidas Power Vii Unisex Training Bag Alumina/Black,accessories,unisex,core,2026-05-29 20:40:54.077393+00:00,2026-05-29 20:40:54.077393+00:00,20.64,49.2,18,18,ix3178,sp100050e78d,adidas,adidas power vii unisex training bag alumina/black,ADIDAS,IX3178,accessories,unisex,Adidas Power Vii Unisex Training Bag Alumina/Black,2026-06-02,0.0,0.0,0.0,0,0,0,no_match,0.0,,0,movement_reconstructed,18,18,0.0,0.0,0.0,3,999,30,SP-100050E78D|2026-06-02
00000000-0000-0000-0000-000000000001,6bebbe51-f890-4894-a9e4-5bf35db2009d,SP-2F2652299B,DZ9435,Adidas,Adidas Unisex Training Dz9435 Light Ank 3Pp White/White/White,accessories,unisex,core,2026-05-29 20:40:54.077393+00:00,2026-05-29 20:40:54.077393+00:00,7.44,19.62,18,18,dz9435,sp2f2652299b,adidas,adidas unisex training dz9435 light ank 3pp white/white/white,ADIDAS,DZ9435,sportswear,unisex,Adidas Unisex Training Dz9435 Light Ank 3Pp White/White/White,2026-05-26,1620000.0,1620000.0,1620000.0,1,0,0,exact_style,1.0,1.0,1,movement_reconstructed,18,18,0.0,0.0,0.0,0,999,30,SP-2F2652299B|2026-05-26
00000000-0000-0000-0000-000000000001,6bebbe51-f890-4894-a9e4-5bf35db2009d,SP-2F2652299B,DZ9435,Adidas,Adidas Unisex Training Dz9435 Light Ank 3Pp White/White/White,accessories,unisex,core,2026-05-29 20:40:54.077393+00:00,2026-05-29 20:40:54.077393+00:00,7.44,19.62,18,18,dz9435,sp2f2652299b,adidas,adidas unisex training dz9435 light ank 3pp white/white/white,ADIDAS,DZ9435,sportswear,unisex,Adidas Unisex Training Dz9435 Light Ank 3Pp White/White/White,2026-06-02,0.0,0.0,0.0,0,0,0,no_match,0.0,,0,movement_reconstructed,18,18,0.0,0.0,0.0,3,999,30,SP-2F2652299B|2026-06-02
00000000-0000-0000-0000-000000000001,a56fa37f-013c-4709-91bb-d7e444e78433,SP-984922E582,IN221020,Crocs,Crocs 3D Beach Umbrella Unisex Lifestyle Jibbitz Charm,accessories,unisex,core,2026-05-29 20:40:54.077393+00:00,2026-05-29 20:40:54.077393+00:00,3.12,6.7,18,18,in221020,sp984922e582,crocs,crocs 3d beach umbrella unisex lifestyle jibbitz charm,CROCS,IN221020,accessories,unisex,Crocs 3D Beach Umbrella Unisex Lifestyle Jibbitz Charm,2026-05-26,6.0,8.26923076923077,23.0,1,0,1,same_model_family,0.8586,130.0,1,movement_reconstructed,18,18,0.0,0.0,0.0,0,999,30,SP-984922E582|2026-05-26
00000000-0000-0000-0000-000000000001,a56fa37f-013c-4709-91bb-d7e444e78433,SP-984922E582,IN221020,Crocs,Crocs 3D Beach Umbrella Unisex Lifestyle Jibbitz Charm,accessories,unisex,core,2026-05-29 20:40:54.077393+00:00,2026-05-29 20:40:54.077393+00:00,3.12,6.7,18,18,in221020,sp984922e582,crocs,crocs 3d beach umbrella unisex lifestyle jibbitz charm,CROCS,IN221020,accessories,unisex,Crocs 3D Beach Umbrella Unisex Lifestyle Jibbitz Charm,2026-06-02,0.0,0.0,0.0,0,0,0,no_match,0.0,,0,movement_reconstructed,18,18,0.0,0.0,0.0,3,999,30,SP-984922E582|2026-06-02
00000000-0000-0000-0000-000000000001,543715c6-ef7d-4aac-97fa-054b0132e413,SP-45B7989AB6,IN216174,Crocs,Crocs 3D Candy Cane Unisex Lifestyle Jibbitz Charm,accessories,unisex,core,2026-05-29 20:40:54.077393+00:00,2026-05-29 20:40:54.077393+00:00,3.12,6.03,18,18,in216174,sp45b7989ab6,crocs,crocs 3d candy cane unisex lifestyle jibbitz charm,CROCS,IN216174,accessories,unisex,Crocs 3D Candy Cane Unisex Lifestyle Jibbitz Charm,2026-05-26,6.0,6.0,6.0,1,0,1,same_model_family,0.8623,94.0,1,movement_reconstructed,18,18,0.0,0.0,0.0,0,999,30,SP-45B7989AB6|2026-05-26
00000000-0000-0000-0000-000000000001,543715c6-ef7d-4aac-97fa-054b0132e413,SP-45B7989AB6,IN216174,Crocs,Crocs 3D Candy Cane Unisex Lifestyle Jibbitz Charm,accessories,unisex,core,2026-05-29 20:40:54.077393+00:00,2026-05-29 20:40:54.077393+00:00,3.12,6.03,18,18,in216174,sp45b7989ab6,crocs,crocs 3d candy cane unisex lifestyle jibbitz charm,CROCS,IN216174,accessories,unisex,Crocs 3D Candy Cane Unisex Lifestyle Jibbitz Charm,2026-06-02,0.0,0.0,0.0,0,0,0,no_match,0.0,,0,movement_reconstructed,18,18,0.0,0.0,0.0,3,999,30,SP-45B7989AB6|2026-06-02
00000000-0000-0000-0000-000000000001,154c580c-158e-4658-9631-00056dea9208,SP-ECB50BF5E1,IN238046,Crocs,Crocs 3D Chilling Frog Unisex Lifestyle Jibbitz Charm,accessories,unisex,core,2026-05-29 20:40:54.077393+00:00,2026-05-29 20:40:54.077393+00:00,3.12,7.39,18,18,in238046,specb50bf5e1,crocs,crocs 3d chilling frog unisex lifestyle jibbitz charm,CROCS,IN238046,accessories,unisex,Crocs 3D Chilling Frog Unisex Lifestyle Jibbitz Charm,2026-05-26,6.0,10.0,12.0,1,0,0,same_model_family,0.8307,3.0,1,movement_reconstructed,18,18,0.0,0.0,0.0,0,999,30,SP-ECB50BF5E1|2026-05-26
00000000-0000-0000-0000-000000000001,154c580c-158e-4658-9631-00056dea9208,SP-ECB50BF5E1,IN238046,Crocs,Crocs 3D Chilling Frog Unisex Lifestyle Jibbitz Charm,accessories,unisex,core,2026-05-29 20:40:54.077393+00:00,2026-05-29 20:40:54.077393+00:00,3.12,7.39,18,18,in238046,specb50bf5e1,crocs,crocs 3d chilling frog unisex lifestyle jibbitz charm,CROCS,IN238046,accessories,unisex,Crocs 3D Chilling Frog Unisex Lifestyle Jibbitz Charm,2026-06-02,0.0,0.0,0.0,0,0,0,no_match,0.0,,0,movement_reconstructed,18,18,0.0,0.0,0.0,3,999,30,SP-ECB50BF5E1|2026-06-02
00000000-0000-0000-0000-000000000001,ecd5ee24-816a-4a22-820d-0b59a86193e3,SP-E5AA98F640,IN216172,Crocs,Crocs 3D Christmas Tree Unisex Lifestyle Jibbitz Charm,accessories,unisex,core,2026-05-29 20:40:54.077393+00:00,2026-05-29 20:40:54.077393+00:00,3.12,5.75,18,18,in216172,spe5aa98f640,crocs,crocs 3d christmas tree unisex lifestyle jibbitz charm,CROCS,IN216172,accessories,unisex,Crocs 3D Christmas Tree Unisex Lifestyle Jibbitz Charm,2026-05-26,4.0,6.533333333333333,20.0,1,1,1,same_model_family,0.8203,15.0,1,movement_reconstructed,18,18,0.0,0.0,0.0,0,999,30,SP-E5AA98F640|2026-05-26
00000000-0000-0000-0000-000000000001,ecd5ee24-816a-4a22-820d-0b59a86193e3,SP-E5AA98F640,IN216172,Crocs,Crocs 3D Christmas Tree Unisex Lifestyle Jibbitz Charm,accessories,unisex,core,2026-05-29 20:40:54.077393+00:00,2026-05-29 20:40:54.077393+00:00,3.12,5.75,18,18,in216172,spe5aa98f640,crocs,crocs 3d christmas tree unisex lifestyle jibbitz charm,CROCS,IN216172,accessories,unisex,Crocs 3D Christmas Tree Unisex Lifestyle Jibbitz Charm,2026-06-02,0.0,0.0,0.0,0,0,0,no_match,0.0,,0,movement_reconstructed,18,18,0.0,0.0,0.0,3,999,30,SP-E5AA98F640|2026-06-02
00000000-0000-0000-0000-000000000001,bf226299-4292-45c2-8fb4-6e6c5f51c6f3,SP-331574EF21,IN236650,Crocs,Crocs 3D Coffee Cup Unisex Lifestyle Jibbitz Charm,accessories,unisex,core,2026-05-29 20:40:54.077393+00:00,2026-05-29 20:40:54.077393+00:00,3.12,6.08,18,18,in236650,sp331574ef21,crocs,crocs 3d coffee cup unisex lifestyle jibbitz charm,CROCS,IN236650,accessories,unisex,Crocs 3D Coffee Cup Unisex Lifestyle Jibbitz Charm,2026-05-26,6.0,6.0,6.0,1,0,0,same_model_family,0.957,2.0,1,movement_reconstructed,18,18,0.0,0.0,0.0,0,999,30,SP-331574EF21|2026-05-26
00000000-0000-0000-0000-000000000001,bf226299-4292-45c2-8fb4-6e6c5f51c6f3,SP-331574EF21,IN236650,Crocs,Crocs 3D Coffee Cup Unisex Lifestyle Jibbitz Charm,accessories,unisex,core,2026-05-29 20:40:54.077393+00:00,2026-05-29 20:40:54.077393+00:00,3.12,6.08,18,18,in236650,sp331574ef21,crocs,crocs 3d coffee cup unisex lifestyle jibbitz charm,CROCS,IN236650,accessories,unisex,Crocs 3D Coffee Cup Unisex Lifestyle Jibbitz Charm,2026-06-02,0.0,0.0,0.0,0,0,0,no_match,0.0,,0,movement_reconstructed,18,18,0.0,0.0,0.0,3,999,30,SP-331574EF21|2026-06-02
00000000-0000-0000-0000-000000000001,fec9e288-5bd5-4815-ad9b-c2584b0f6072,SP-2FEAF9AB06,IN227539,Crocs,Crocs 3D Dino Unisex Lifestyle Jibbitz Charm,accessories,unisex,core,2026-05-29 20:40:54.077393+00:00,2026-05-29 20:40:54.077393+00:00,3.12,6.1,18,18,in227539,sp2feaf9ab06,crocs,crocs 3d dino unisex lifestyle jibbitz charm,CROCS,IN227539,accessories,unisex,Crocs 3D Dino Unisex Lifestyle Jibbitz Charm,2026-05-26,3.0,6.315151515151515,41.0,1,1,1,same_model_family,0.8871,165.0,1,movement_reconstructed,18,18,0.0,0.0,0.0,0,999,30,SP-2FEAF9AB06|2026-05-26
00000000-0000-0000-0000-000000000001,fec9e288-5bd5-4815-ad9b-c2584b0f6072,SP-2FEAF9AB06,IN227539,Crocs,Crocs 3D Dino Unisex Lifestyle Jibbitz Charm,accessories,unisex,core,2026-05-29 20:40:54.077393+00:00,2026-05-29 20:40:54.077393+00:00,3.12,6.1,18,18,in227539,sp2feaf9ab06,crocs,crocs 3d dino unisex lifestyle jibbitz charm,CROCS,IN227539,accessories,unisex,Crocs 3D Dino Unisex Lifestyle Jibbitz Charm,2026-06-02,0.0,0.0,0.0,0,0,0,no_match,0.0,,0,movement_reconstructed,18,18,0.0,0.0,0.0,3,999,30,SP-2FEAF9AB06|2026-06-02
00000000-0000-0000-0000-000000000001,f43ecec0-4610-458e-a7b4-476a61814c7d,SP-C3B564E9B6,IN231539,Crocs,Crocs 3D Holiday Beach Umbrella Unisex Lifestyle Jibbitz Charm,accessories,unisex,core,2026-05-29 20:40:54.077393+00:00,2026-05-29 20:40:54.077393+00:00,3.12,7.06,18,18,in231539,spc3b564e9b6,crocs,crocs 3d holiday beach umbrella unisex lifestyle jibbitz charm,CROCS,IN231539,accessories,unisex,Crocs 3D Holiday Beach Umbrella Unisex Lifestyle Jibbitz Charm,2026-05-26,6.0,7.1,12.0,1,0,1,same_model_family,0.8056,40.0,1,movement_reconstructed,18,18,0.0,0.0,0.0,0,999,30,SP-C3B564E9B6|2026-05-26
00000000-0000-0000-0000-000000000001,f43ecec0-4610-458e-a7b4-476a61814c7d,SP-C3B564E9B6,IN231539,Crocs,Crocs 3D Holiday Beach Umbrella Unisex Lifestyle Jibbitz Charm,accessories,unisex,core,2026-05-29 20:40:54.077393+00:00,2026-05-29 20:40:54.077393+00:00,3.12,7.06,18,18,in231539,spc3b564e9b6,crocs,crocs 3d holiday beach umbrella unisex lifestyle jibbitz charm,CROCS,IN231539,accessories,unisex,Crocs 3D Holiday Beach Umbrella Unisex Lifestyle Jibbitz Charm,2026-06-02,0.0,0.0,0.0,0,0,0,no_match,0.0,,0,movement_reconstructed,18,18,0.0,0.0,0.0,3,999,30,SP-C3B564E9B6|2026-06-02
00000000-0000-0000-0000-000000000001,50a5812d-e0a4-4cde-b4b5-e964979369e8,SP-C12CBB627C,IN231485,Crocs,Crocs 3D Kitty Unisex Lifestyle Jibbitz Charm,accessories,unisex,core,2026-05-29 20:40:54.077393+00:00,2026-05-29 20:40:54.077393+00:00,3.12,6.42,18,18,in231485,spc12cbb627c,crocs,crocs 3d kitty unisex lifestyle jibbitz charm,CROCS,IN231485,accessories,unisex,Crocs 3D Kitty Unisex Lifestyle Jibbitz Charm,2026-05-26,6.0,7.049382716049383,12.0,1,0,1,same_model_family,0.8834,81.0,1,movement_reconstructed,18,18,0.0,0.0,0.0,0,999,30,SP-C12CBB627C|2026-05-26
00000000-0000-0000-0000-000000000001,50a5812d-e0a4-4cde-b4b5-e964979369e8,SP-C12CBB627C,IN231485,Crocs,Crocs 3D Kitty Unisex Lifestyle Jibbitz Charm,accessories,unisex,core,2026-05-29 20:40:54.077393+00:00,2026-05-29 20:40:54.077393+00:00,3.12,6.42,18,18,in231485,spc12cbb627c,crocs,crocs 3d kitty unisex lifestyle jibbitz charm,CROCS,IN231485,accessories,unisex,Crocs 3D Kitty Unisex Lifestyle Jibbitz Charm,2026-06-02,0.0,0.0,0.0,0,0,0,no_match,0.0,,0,movement_reconstructed,18,18,0.0,0.0,0.0,3,999,30,SP-C12CBB627C|2026-06-02
00000000-0000-0000-0000-000000000001,f5e7cae9-48ab-4ad2-9b45-a61f05608dcf,SP-823EFC5B57,IN234674,New Balance,New Balance 47 Brrr Trucker Unisex Performance Cap Black,accessories,unisex,core,2026-05-29 20:40:54.077393+00:00,2026-05-29 20:40:54.077393+00:00,19.11,48.16,18,18,in234674,sp823efc5b57,new balance,new balance 47 brrr trucker unisex performance cap black,NEW BALANCE,IN234674,accessories,unisex,New Balance 47 Brrr Trucker Unisex Performance Cap Black,2026-05-26,34.0,35.666666666666664,39.0,1,1,1,same_model_family,0.8527,3.0,1,movement_reconstructed,18,18,0.0,0.0,0.0,0,999,30,SP-823EFC5B57|2026-05-26
00000000-0000-0000-0000-000000000001,f5e7cae9-48ab-4ad2-9b45-a61f05608dcf,SP-823EFC5B57,IN234674,New Balance,New Balance 47 Brrr Trucker Unisex Performance Cap Black,accessories,unisex,core,2026-05-29 20:40:54.077393+00:00,2026-05-29 20:40:54.077393+00:00,19.11,48.16,18,18,in234674,sp823efc5b57,new balance,new balance 47 brrr trucker unisex performance cap black,NEW BALANCE,IN234674,accessories,unisex,New Balance 47 Brrr Trucker Unisex Performance Cap Black,2026-06-02,0.0,0.0,0.0,0,0,0,no_match,0.0,,0,movement_reconstructed,18,18,0.0,0.0,0.0,3,999,30,SP-823EFC5B57|2026-06-02
00000000-0000-0000-0000-000000000001,a75c5c8b-dc7c-40b3-b3f5-2239d04d764e,SP-B79D3FAE0C,IN234677,New Balance,New Balance 47 Clean Up Canvas 2 Men Lifestyle Cap Linen/Medusa Green,accessories,men,core,2026-05-29 20:40:54.077393+00:00,2026-05-29 20:40:54.077393+00:00,19.11,44.55,18,18,in234677,spb79d3fae0c,new balance,new balance 47 clean up canvas 2 men lifestyle cap linen/medusa green,NEW BALANCE,IN234677,accessories,men,New Balance 47 Clean Up Canvas 2 Men Lifestyle Cap Linen/Medusa Green,2026-05-26,39.0,39.0,39.0,1,0,0,same_model_family,0.9651,1.0,1,movement_reconstructed,18,18,0.0,0.0,0.0,0,999,30,SP-B79D3FAE0C|2026-05-26
00000000-0000-0000-0000-000000000001,a75c5c8b-dc7c-40b3-b3f5-2239d04d764e,SP-B79D3FAE0C,IN234677,New Balance,New Balance 47 Clean Up Canvas 2 Men Lifestyle Cap Linen/Medusa Green,accessories,men,core,2026-05-29 20:40:54.077393+00:00,2026-05-29 20:40:54.077393+00:00,19.11,44.55,18,18,in234677,spb79d3fae0c,new balance,new balance 47 clean up canvas 2 men lifestyle cap linen/medusa green,NEW BALANCE,IN234677,accessories,men,New Balance 47 Clean Up Canvas 2 Men Lifestyle Cap Linen/Medusa Green,2026-06-02,0.0,0.0,0.0,0,0,0,no_match,0.0,,0,movement_reconstructed,18,18,0.0,0.0,0.0,3,999,30,SP-B79D3FAE0C|2026-06-02
00000000-0000-0000-0000-000000000001,08f933cc-813a-40de-afe0-e64a458e7c9f,SP-9AA8578AF3,IN234702,New Balance,New Balance 47 Clean Up Unisex Lifestyle Cap Black,accessories,unisex,core,2026-05-29 20:40:54.077393+00:00,2026-05-29 20:40:54.077393+00:00,17.15,32.23,18,18,in234702,sp9aa8578af3,new balance,new balance 47 clean up unisex lifestyle cap black,NEW BALANCE,IN234702,accessories,unisex,New Balance 47 Clean Up Unisex Lifestyle Cap Black,2026-05-26,25.0,31.5,39.0,1,1,1,same_model_family,0.7502,8.0,1,movement_reconstructed,18,18,0.0,0.0,0.0,0,999,30,SP-9AA8578AF3|2026-05-26
00000000-0000-0000-0000-000000000001,08f933cc-813a-40de-afe0-e64a458e7c9f,SP-9AA8578AF3,IN234702,New Balance,New Balance 47 Clean Up Unisex Lifestyle Cap Black,accessories,unisex,core,2026-05-29 20:40:54.077393+00:00,2026-05-29 20:40:54.077393+00:00,17.15,32.23,18,18,in234702,sp9aa8578af3,new balance,new balance 47 clean up unisex lifestyle cap black,NEW BALANCE,IN234702,accessories,unisex,New Balance 47 Clean Up Unisex Lifestyle Cap Black,2026-06-02,0.0,0.0,0.0,0,0,0,no_match,0.0,,0,movement_reconstructed,18,18,0.0,0.0,0.0,3,999,30,SP-9AA8578AF3|2026-06-02
00000000-0000-0000-0000-000000000001,dc0076df-5758-426c-8ef9-c8bef118e989,SP-46B0A2E099,IN234705,New Balance,New Balance 47 Clean Up Women Lifestyle Cap Grey Matter,accessories,women,core,2026-05-29 20:40:54.077393+00:00,2026-05-29 20:40:54.077393+00:00,17.15,41.57,18,18,in234705,sp46b0a2e099,new balance,new balance 47 clean up women lifestyle cap grey matter,NEW BALANCE,IN234705,accessories,women,New Balance 47 Clean Up Women Lifestyle Cap Grey Matter,2026-05-26,35.0,35.0,35.0,1,0,0,same_model_family,0.9557,1.0,1,movement_reconstructed,18,18,0.0,0.0,0.0,0,999,30,SP-46B0A2E099|2026-05-26
00000000-0000-0000-0000-000000000001,dc0076df-5758-426c-8ef9-c8bef118e989,SP-46B0A2E099,IN234705,New Balance,New Balance 47 Clean Up Women Lifestyle Cap Grey Matter,accessories,women,core,2026-05-29 20:40:54.077393+00:00,2026-05-29 20:40:54.077393+00:00,17.15,41.57,18,18,in234705,sp46b0a2e099,new balance,new balance 47 clean up women lifestyle cap grey matter,NEW BALANCE,IN234705,accessories,women,New Balance 47 Clean Up Women Lifestyle Cap Grey Matter,2026-06-02,0.0,0.0,0.0,0,0,0,no_match,0.0,,0,movement_reconstructed,18,18,0.0,0.0,0.0,3,999,30,SP-46B0A2E099|2026-06-02
00000000-0000-0000-0000-000000000001,faf77c91-d215-4fbb-bacc-92ada1d54c9b,SP-5EC0254D0A,IN234703,New Balance,New Balance 47 Clean Up Women Lifestyle Cap Linen,accessories,women,core,2026-05-29 20:40:54.077393+00:00,2026-05-29 20:40:54.077393+00:00,17.15,35.68,18,18,in234703,sp5ec0254d0a,new balance,new balance 47 clean up women lifestyle cap linen,NEW BALANCE,IN234703,accessories,women,New Balance 47 Clean Up Women Lifestyle Cap Linen,2026-05-26,35.0,35.0,35.0,1,0,0,same_model_family,0.964,2.0,1,movement_reconstructed,18,18,0.0,0.0,0.0,0,999,30,SP-5EC0254D0A|2026-05-26
00000000-0000-0000-0000-000000000001,faf77c91-d215-4fbb-bacc-92ada1d54c9b,SP-5EC0254D0A,IN234703,New Balance,New Balance 47 Clean Up Women Lifestyle Cap Linen,accessories,women,core,2026-05-29 20:40:54.077393+00:00,2026-05-29 20:40:54.077393+00:00,17.15,35.68,18,18,in234703,sp5ec0254d0a,new balance,new balance 47 clean up women lifestyle cap linen,NEW BALANCE,IN234703,accessories,women,New Balance 47 Clean Up Women Lifestyle Cap Linen,2026-06-02,0.0,0.0,0.0,0,0,0,no_match,0.0,,0,movement_reconstructed,18,18,0.0,0.0,0.0,3,999,30,SP-5EC0254D0A|2026-06-02
00000000-0000-0000-0000-000000000001,e44384c8-fba1-4101-8bbc-5064e97d0e63,SP-A756F33BA2,IN234704,New Balance,New Balance 47 Clean Up Women Lifestyle Cap Pink Granite,accessories,women,core,2026-05-29 20:40:54.077393+00:00,2026-05-29 20:40:54.077393+00:00,17.15,46.46,18,18,in234704,spa756f33ba2,new balance,new balance 47 clean up women lifestyle cap pink granite,NEW BALANCE,IN234704,accessories,women,New Balance 47 Clean Up Women Lifestyle Cap Pink Granite,2026-05-26,0.0,0.0,0.0,0,0,0,no_match,0.0,,0,movement_reconstructed,18,18,0.0,0.0,0.0,0,999,30,SP-A756F33BA2|2026-05-26
00000000-0000-0000-0000-000000000001,e44384c8-fba1-4101-8bbc-5064e97d0e63,SP-A756F33BA2,IN234704,New Balance,New Balance 47 Clean Up Women Lifestyle Cap Pink Granite,accessories,women,core,2026-05-29 20:40:54.077393+00:00,2026-05-29 20:40:54.077393+00:00,17.15,46.46,18,18,in234704,spa756f33ba2,new balance,new balance 47 clean up women lifestyle cap pink granite,NEW BALANCE,IN234704,accessories,women,New Balance 47 Clean Up Women Lifestyle Cap Pink Granite,2026-06-02,0.0,0.0,0.0,0,0,0,no_match,0.0,,0,movement_reconstructed,18,18,0.0,0.0,0.0,3,999,30,SP-A756F33BA2|2026-06-02
00000000-0000-0000-0000-000000000001,f355fc74-3dd1-42d1-ad38-cdaf08f1126f,SP-292F8CAAAC,IN234707,New Balance,New Balance 47 Hitch Men Lifestyle Cap Nb Navy,accessories,men,core,2026-05-29 20:40:54.077393+00:00,2026-05-29 20:40:54.077393+00:00,19.11,45.45,18,18,in234707,sp292f8caaac,new balance,new balance 47 hitch men lifestyle cap nb navy,NEW BALANCE,IN234707,accessories,men,New Balance 47 Hitch Men Lifestyle Cap Nb Navy,2026-05-26,39.0,39.0,39.0,1,0,0,same_model_family,0.8347,2.0,1,movement_reconstructed,18,18,0.0,0.0,0.0,0,999,30,SP-292F8CAAAC|2026-05-26
00000000-0000-0000-0000-000000000001,f355fc74-3dd1-42d1-ad38-cdaf08f1126f,SP-292F8CAAAC,IN234707,New Balance,New Balance 47 Hitch Men Lifestyle Cap Nb Navy,accessories,men,core,2026-05-29 20:40:54.077393+00:00,2026-05-29 20:40:54.077393+00:00,19.11,45.45,18,18,in234707,sp292f8caaac,new balance,new balance 47 hitch men lifestyle cap nb navy,NEW BALANCE,IN234707,accessories,men,New Balance 47 Hitch Men Lifestyle Cap Nb Navy,2026-06-02,0.0,0.0,0.0,0,0,0,no_match,0.0,,0,movement_reconstructed,18,18,0.0,0.0,0.0,3,999,30,SP-292F8CAAAC|2026-06-02
00000000-0000-0000-0000-000000000001,1f690e86-94a9-46a9-a23d-336ae790dd37,SP-A8890E7A65,IN234708,New Balance,New Balance 47 Hitch Men Lifestyle Cap Team Away Grey,accessories,men,core,2026-05-29 20:40:54.077393+00:00,2026-05-29 20:40:54.077393+00:00,19.11,39.64,18,18,in234708,spa8890e7a65,new balance,new balance 47 hitch men lifestyle cap team away grey,NEW BALANCE,IN234708,accessories,men,New Balance 47 Hitch Men Lifestyle Cap Team Away Grey,2026-05-26,39.0,39.0,39.0,1,0,0,same_model_family,0.98,1.0,1,movement_reconstructed,18,18,0.0,0.0,0.0,0,999,30,SP-A8890E7A65|2026-05-26
00000000-0000-0000-0000-000000000001,1f690e86-94a9-46a9-a23d-336ae790dd37,SP-A8890E7A65,IN234708,New Balance,New Balance 47 Hitch Men Lifestyle Cap Team Away Grey,accessories,men,core,2026-05-29 20:40:54.077393+00:00,2026-05-29 20:40:54.077393+00:00,19.11,39.64,18,18,in234708,spa8890e7a65,new balance,new balance 47 hitch men lifestyle cap team away grey,NEW BALANCE,IN234708,accessories,men,New Balance 47 Hitch Men Lifestyle Cap Team Away Grey,2026-06-02,0.0,0.0,0.0,0,0,0,no_match,0.0,,0,movement_reconstructed,18,18,0.0,0.0,0.0,3,999,30,SP-A8890E7A65|2026-06-02
00000000-0000-0000-0000-000000000001,6a6407df-7139-4d2f-89e5-9fc380035f5d,SP-E70F8AC18A,IN237307,Nike,Nike (20L) Boys Lifestyle Backpack Black/Orange/White,accessories,kids,core,2026-05-29 20:40:54.077393+00:00,2026-05-29 20:40:54.077393+00:00,28.67,74.2,18,18,in237307,spe70f8ac18a,nike,nike (20l) boys lifestyle backpack black/orange/white,NIKE,IN237307,kids,men,Nike (20L) Boys Lifestyle Backpack Black/Orange/White,2026-05-26,0.0,0.0,0.0,0,0,0,no_match,0.0,,0,movement_reconstructed,18,18,0.0,0.0,0.0,0,999,30,SP-E70F8AC18A|2026-05-26
00000000-0000-0000-0000-000000000001,6a6407df-7139-4d2f-89e5-9fc380035f5d,SP-E70F8AC18A,IN237307,Nike,Nike (20L) Boys Lifestyle Backpack Black/Orange/White,accessories,kids,core,2026-05-29 20:40:54.077393+00:00,2026-05-29 20:40:54.077393+00:00,28.67,74.2,18,18,in237307,spe70f8ac18a,nike,nike (20l) boys lifestyle backpack black/orange/white,NIKE,IN237307,kids,men,Nike (20L) Boys Lifestyle Backpack Black/Orange/White,2026-06-02,0.0,0.0,0.0,0,0,0,no_match,0.0,,0,movement_reconstructed,18,18,0.0,0.0,0.0,3,999,30,SP-E70F8AC18A|2026-06-02
00000000-0000-0000-0000-000000000001,7d9d9759-ded8-4648-a8ad-73df0b8ad02d,SP-2F91D09AA8,IN235390,Nike,Nike (20L) Girls Lifestyle Backpack Light Magenta,accessories,kids,core,2026-05-29 20:40:54.077393+00:00,2026-05-29 20:40:54.077393+00:00,28.67,68.28,18,18,in235390,sp2f91d09aa8,nike,nike (20l) girls lifestyle backpack light magenta,NIKE,IN235390,kids,women,Nike (20L) Girls Lifestyle Backpack Light Magenta,2026-05-26,0.0,0.0,0.0,0,0,0,no_match,0.0,,0,movement_reconstructed,18,18,0.0,0.0,0.0,0,999,30,SP-2F91D09AA8|2026-05-26
00000000-0000-0000-0000-000000000001,7d9d9759-ded8-4648-a8ad-73df0b8ad02d,SP-2F91D09AA8,IN235390,Nike,Nike (20L) Girls Lifestyle Backpack Light Magenta,accessories,kids,core,2026-05-29 20:40:54.077393+00:00,2026-05-29 20:40:54.077393+00:00,28.67,68.28,18,18,in235390,sp2f91d09aa8,nike,nike (20l) girls lifestyle backpack light magenta,NIKE,IN235390,kids,women,Nike (20L) Girls Lifestyle Backpack Light Magenta,2026-06-02,0.0,0.0,0.0,0,0,0,no_match,0.0,,0,movement_reconstructed,18,18,0.0,0.0,0.0,3,999,30,SP-2F91D09AA8|2026-06-02
00000000-0000-0000-0000-000000000001,4bb03497-9583-4c2b-9ad7-b77ff9a654be,SP-F94AB5A280,IN233573,Nike,Nike 22 Oz Big Mouth 2.0 Unisex Training Bottle Clear/Black,accessories,unisex,core,2026-05-29 20:40:54.077393+00:00,2026-05-29 20:40:54.077393+00:00,3.76,8.83,18,18,in233573,spf94ab5a280,nike,nike 22 oz big mouth 2.0 unisex training bottle clear/black,NIKE,IN233573,accessories,unisex,Nike 22 Oz Big Mouth 2.0 Unisex Training Bottle Clear/Black,2026-05-26,8.0,9.75,11.0,1,1,1,same_model_family,0.8106,4.0,1,movement_reconstructed,18,18,0.0,0.0,0.0,0,999,30,SP-F94AB5A280|2026-05-26
00000000-0000-0000-0000-000000000001,4bb03497-9583-4c2b-9ad7-b77ff9a654be,SP-F94AB5A280,IN233573,Nike,Nike 22 Oz Big Mouth 2.0 Unisex Training Bottle Clear/Black,accessories,unisex,core,2026-05-29 20:40:54.077393+00:00,2026-05-29 20:40:54.077393+00:00,3.76,8.83,18,18,in233573,spf94ab5a280,nike,nike 22 oz big mouth 2.0 unisex training bottle clear/black,NIKE,IN233573,accessories,unisex,Nike 22 Oz Big Mouth 2.0 Unisex Training Bottle Clear/Black,2026-06-02,0.0,0.0,0.0,0,0,0,no_match,0.0,,0,movement_reconstructed,18,18,0.0,0.0,0.0,3,999,30,SP-F94AB5A280|2026-06-02
00000000-0000-0000-0000-000000000001,f6e6a470-80f5-4e98-a584-2bff41b5ec91,SP-2BEE5B126F,IN204428,Nike,Nike Academy Team L Unisex Training Bags Cases And Luggage Black/White,accessories,unisex,core,2026-05-29 20:40:54.077393+00:00,2026-05-29 20:40:54.077393+00:00,36.19,91.21,18,18,in204428,sp2bee5b126f,nike,nike academy team l unisex training bags cases and luggage black/white,NIKE,IN204428,accessories,unisex,Nike Academy Team L Unisex Training Bags Cases And Luggage Black/White,2026-05-26,0.0,0.0,0.0,0,0,0,no_match,0.0,,0,movement_reconstructed,18,18,0.0,0.0,0.0,0,999,30,SP-2BEE5B126F|2026-05-26
00000000-0000-0000-0000-000000000001,f6e6a470-80f5-4e98-a584-2bff41b5ec91,SP-2BEE5B126F,IN204428,Nike,Nike Academy Team L Unisex Training Bags Cases And Luggage Black/White,accessories,unisex,core,2026-05-29 20:40:54.077393+00:00,2026-05-29 20:40:54.077393+00:00,36.19,91.21,18,18,in204428,sp2bee5b126f,nike,nike academy team l unisex training bags cases and luggage black/white,NIKE,IN204428,accessories,unisex,Nike Academy Team L Unisex Training Bags Cases And Luggage Black/White,2026-06-02,0.0,0.0,0.0,0,0,0,no_match,0.0,,0,movement_reconstructed,18,18,0.0,0.0,0.0,3,999,30,SP-2BEE5B126F|2026-06-02
00000000-0000-0000-0000-000000000001,b6566cc4-ebae-44dd-a2a0-568ef0e34b07,SP-9D3EC934A6,IN204429,Nike,Nike Academy Team M Unisex Training Bag Black/White,accessories,unisex,core,2026-05-29 20:40:54.077393+00:00,2026-05-29 20:40:54.077393+00:00,31.49,77.29,18,18,in204429,sp9d3ec934a6,nike,nike academy team m unisex training bag black/white,NIKE,IN204429,accessories,unisex,Nike Academy Team M Unisex Training Bag Black/White,2026-05-26,77.0,77.0,77.0,1,0,0,same_model_family,0.9056,1.0,1,movement_reconstructed,18,18,0.0,0.0,0.0,0,999,30,SP-9D3EC934A6|2026-05-26
00000000-0000-0000-0000-000000000001,b6566cc4-ebae-44dd-a2a0-568ef0e34b07,SP-9D3EC934A6,IN204429,Nike,Nike Academy Team M Unisex Training Bag Black/White,accessories,unisex,core,2026-05-29 20:40:54.077393+00:00,2026-05-29 20:40:54.077393+00:00,31.49,77.29,18,18,in204429,sp9d3ec934a6,nike,nike academy team m unisex training bag black/white,NIKE,IN204429,accessories,unisex,Nike Academy Team M Unisex Training Bag Black/White,2026-06-02,0.0,0.0,0.0,0,0,0,no_match,0.0,,0,movement_reconstructed,18,18,0.0,0.0,0.0,3,999,30,SP-9D3EC934A6|2026-06-02
00000000-0000-0000-0000-000000000001,38e5a1f5-621c-4503-91c8-23455d98cc09,SP-77A5EF0131,IN204430,Nike,Nike Academy Team M Unisex Training Bag Navy/Black/White,accessories,unisex,core,2026-05-29 20:40:54.077393+00:00,2026-05-29 20:40:54.077393+00:00,31.49,73.68,18,18,in204430,sp77a5ef0131,nike,nike academy team m unisex training bag navy/black/white,NIKE,IN204430,accessories,unisex,Nike Academy Team M Unisex Training Bag Navy/Black/White,2026-05-26,53.0,56.0,59.0,1,1,1,same_model_family,0.6989,5.0,1,movement_reconstructed,18,18,0.0,0.0,0.0,0,999,30,SP-77A5EF0131|2026-05-26
00000000-0000-0000-0000-000000000001,38e5a1f5-621c-4503-91c8-23455d98cc09,SP-77A5EF0131,IN204430,Nike,Nike Academy Team M Unisex Training Bag Navy/Black/White,accessories,unisex,core,2026-05-29 20:40:54.077393+00:00,2026-05-29 20:40:54.077393+00:00,31.49,73.68,18,18,in204430,sp77a5ef0131,nike,nike academy team m unisex training bag navy/black/white,NIKE,IN204430,accessories,unisex,Nike Academy Team M Unisex Training Bag Navy/Black/White,2026-06-02,0.0,0.0,0.0,0,0,0,no_match,0.0,,0,movement_reconstructed,18,18,0.0,0.0,0.0,3,999,30,SP-77A5EF0131|2026-06-02
00000000-0000-0000-0000-000000000001,c55c8f3e-5ecc-41ae-b017-0558ecc180b2,SP-95F89E6174,IN222361,Nike,Nike Academy Team S Unisex Training Bags Cases And Luggage Black/White,accessories,unisex,core,2026-05-29 20:40:54.077393+00:00,2026-05-29 20:40:54.077393+00:00,27.73,68.03,18,18,in222361,sp95f89e6174,nike,nike academy team s unisex training bags cases and luggage black/white,NIKE,IN222361,accessories,unisex,Nike Academy Team S Unisex Training Bags Cases And Luggage Black/White,2026-05-26,0.0,0.0,0.0,0,0,0,no_match,0.0,,0,movement_reconstructed,18,18,0.0,0.0,0.0,0,999,30,SP-95F89E6174|2026-05-26
00000000-0000-0000-0000-000000000001,c55c8f3e-5ecc-41ae-b017-0558ecc180b2,SP-95F89E6174,IN222361,Nike,Nike Academy Team S Unisex Training Bags Cases And Luggage Black/White,accessories,unisex,core,2026-05-29 20:40:54.077393+00:00,2026-05-29 20:40:54.077393+00:00,27.73,68.03,18,18,in222361,sp95f89e6174,nike,nike academy team s unisex training bags cases and luggage black/white,NIKE,IN222361,accessories,unisex,Nike Academy Team S Unisex Training Bags Cases And Luggage Black/White,2026-06-02,0.0,0.0,0.0,0,0,0,no_match,0.0,,0,movement_reconstructed,18,18,0.0,0.0,0.0,3,999,30,SP-95F89E6174|2026-06-02
00000000-0000-0000-0000-000000000001,06b280b1-bc14-4684-9f00-fe79494c4206,SP-E923EE9DF9,IN237220,Nike,Nike Academy Team Unisex Football Bag Navy/Black/White,accessories,unisex,core,2026-05-29 20:40:54.077393+00:00,2026-05-29 20:40:54.077393+00:00,27.73,54.73,18,18,in237220,spe923ee9df9,nike,nike academy team unisex football bag navy/black/white,NIKE,IN237220,football_boots,unisex,Nike Academy Team Unisex Football Bag Navy/Black/White,2026-05-26,41.0,45.5,59.0,1,0,0,same_model_family,0.8688,4.0,1,movement_reconstructed,18,18,0.0,0.0,0.0,0,999,30,SP-E923EE9DF9|2026-05-26
00000000-0000-0000-0000-000000000001,06b280b1-bc14-4684-9f00-fe79494c4206,SP-E923EE9DF9,IN237220,Nike,Nike Academy Team Unisex Football Bag Navy/Black/White,accessories,unisex,core,2026-05-29 20:40:54.077393+00:00,2026-05-29 20:40:54.077393+00:00,27.73,54.73,18,18,in237220,spe923ee9df9,nike,nike academy team unisex football bag navy/black/white,NIKE,IN237220,football_boots,unisex,Nike Academy Team Unisex Football Bag Navy/Black/White,2026-06-02,0.0,0.0,0.0,0,0,0,no_match,0.0,,0,movement_reconstructed,18,18,0.0,0.0,0.0,3,999,30,SP-E923EE9DF9|2026-06-02
00000000-0000-0000-0000-000000000001,d395fb78-e19b-45d8-9800-efc0349dc142,SP-7743651252,IN233479,ON,On All Day Unisex Lifestyle Cap Black,accessories,unisex,core,2026-05-29 20:40:54.077393+00:00,2026-05-29 20:40:54.077393+00:00,27.14,65.87,18,18,in233479,sp7743651252,on,on all day unisex lifestyle cap black,ON,IN233479,accessories,unisex,On All Day Unisex Lifestyle Cap Black,2026-05-26,47.0,54.2,59.0,1,1,1,same_model_family,0.8832,5.0,1,movement_reconstructed,18,18,0.0,0.0,0.0,0,999,30,SP-7743651252|2026-05-26
00000000-0000-0000-0000-000000000001,d395fb78-e19b-45d8-9800-efc0349dc142,SP-7743651252,IN233479,ON,On All Day Unisex Lifestyle Cap Black,accessories,unisex,core,2026-05-29 20:40:54.077393+00:00,2026-05-29 20:40:54.077393+00:00,27.14,65.87,18,18,in233479,sp7743651252,on,on all day unisex lifestyle cap black,ON,IN233479,accessories,unisex,On All Day Unisex Lifestyle Cap Black,2026-06-02,0.0,0.0,0.0,0,0,0,no_match,0.0,,0,movement_reconstructed,18,18,0.0,0.0,0.0,3,999,30,SP-7743651252|2026-06-02
00000000-0000-0000-0000-000000000001,c5389df6-6cd4-49c7-b711-4ddc9307d930,SP-F1BA32F84D,IN233480,ON,On All Day Unisex Lifestyle Cap Ivory,accessories,unisex,core,2026-05-29 20:40:54.077393+00:00,2026-05-29 20:40:54.077393+00:00,27.14,61.83,18,18,in233480,spf1ba32f84d,on,on all day unisex lifestyle cap ivory,ON,IN233480,accessories,unisex,On All Day Unisex Lifestyle Cap Ivory,2026-05-26,55.0,55.0,55.0,1,0,0,same_model_family,0.9691,1.0,1,movement_reconstructed,18,18,0.0,0.0,0.0,0,999,30,SP-F1BA32F84D|2026-05-26
00000000-0000-0000-0000-000000000001,c5389df6-6cd4-49c7-b711-4ddc9307d930,SP-F1BA32F84D,IN233480,ON,On All Day Unisex Lifestyle Cap Ivory,accessories,unisex,core,2026-05-29 20:40:54.077393+00:00,2026-05-29 20:40:54.077393+00:00,27.14,61.83,18,18,in233480,spf1ba32f84d,on,on all day unisex lifestyle cap ivory,ON,IN233480,accessories,unisex,On All Day Unisex Lifestyle Cap Ivory,2026-06-02,0.0,0.0,0.0,0,0,0,no_match,0.0,,0,movement_reconstructed,18,18,0.0,0.0,0.0,3,999,30,SP-F1BA32F84D|2026-06-02
00000000-0000-0000-0000-000000000001,2ee8c253-8e0a-4a22-ba2d-a8b361e533e7,SP-A2AD690C12,IN233478,ON,On All Day Unisex Lifestyle Cap Navy,accessories,unisex,core,2026-05-29 20:40:54.077393+00:00,2026-05-29 20:40:54.077393+00:00,27.14,67.94,18,18,in233478,spa2ad690c12,on,on all day unisex lifestyle cap navy,ON,IN233478,accessories,unisex,On All Day Unisex Lifestyle Cap Navy,2026-05-26,75.0,75.0,75.0,1,0,0,similar_product,0.723,3.0,1,movement_reconstructed,18,18,0.0,0.0,0.0,0,999,30,SP-A2AD690C12|2026-05-26
00000000-0000-0000-0000-000000000001,2ee8c253-8e0a-4a22-ba2d-a8b361e533e7,SP-A2AD690C12,IN233478,ON,On All Day Unisex Lifestyle Cap Navy,accessories,unisex,core,2026-05-29 20:40:54.077393+00:00,2026-05-29 20:40:54.077393+00:00,27.14,67.94,18,18,in233478,spa2ad690c12,on,on all day unisex lifestyle cap navy,ON,IN233478,accessories,unisex,On All Day Unisex Lifestyle Cap Navy,2026-06-02,0.0,0.0,0.0,0,0,0,no_match,0.0,,0,movement_reconstructed,18,18,0.0,0.0,0.0,3,999,30,SP-A2AD690C12|2026-06-02
00000000-0000-0000-0000-000000000001,6c389aab-1a34-4e46-a69b-fb573852aaf9,SP-C3695075E8,HS1747,Adidas,"3 Bar Logo Swimsuit, Black",swimwear,unisex,core,2026-05-29 20:40:54.077393+00:00,2026-05-29 20:40:54.077393+00:00,7.68,17.0,9,9,hs1747,spc3695075e8,adidas,"3 bar logo swimsuit, black",ADIDAS,HS1747,swimwear,unisex,"3 Bar Logo Swimsuit, Black",2026-05-26,0.0,0.0,0.0,0,0,0,no_match,0.0,,0,movement_reconstructed,9,9,0.0,0.0,0.0,0,999,30,SP-C3695075E8|2026-05-26
00000000-0000-0000-0000-000000000001,6c389aab-1a34-4e46-a69b-fb573852aaf9,SP-C3695075E8,HS1747,Adidas,"3 Bar Logo Swimsuit, Black",swimwear,unisex,core,2026-05-29 20:40:54.077393+00:00,2026-05-29 20:40:54.077393+00:00,7.68,17.0,9,9,hs1747,spc3695075e8,adidas,"3 bar logo swimsuit, black",ADIDAS,HS1747,swimwear,unisex,"3 Bar Logo Swimsuit, Black",2026-06-02,0.0,0.0,0.0,0,0,0,no_match,0.0,,0,movement_reconstructed,9,9,0.0,0.0,0.0,3,999,30,SP-C3695075E8|2026-06-02
00000000-0000-0000-0000-000000000001,ac43df5d-adbc-4f8b-b481-29ddebc09b4a,SP-24D24979D7,IB7705,Adidas,"3-Stripes Swimsuit, Black",swimwear,women,core,2026-05-29 20:40:54.077393+00:00,2026-05-29 20:40:54.077393+00:00,11.04,22.97,9,9,ib7705,sp24d24979d7,adidas,"3 stripes swimsuit, black",ADIDAS,IB7705,swimwear,women,"3-Stripes Swimsuit, Black",2026-05-26,2070000.0,2970000.0,3600000.0,1,1,0,exact_style,0.825,4.0,1,movement_reconstructed,9,9,0.0,0.0,0.0,0,999,30,SP-24D24979D7|2026-05-26
00000000-0000-0000-0000-000000000001,ac43df5d-adbc-4f8b-b481-29ddebc09b4a,SP-24D24979D7,IB7705,Adidas,"3-Stripes Swimsuit, Black",swimwear,women,core,2026-05-29 20:40:54.077393+00:00,2026-05-29 20:40:54.077393+00:00,11.04,22.97,9,9,ib7705,sp24d24979d7,adidas,"3 stripes swimsuit, black",ADIDAS,IB7705,swimwear,women,"3-Stripes Swimsuit, Black",2026-06-02,0.0,0.0,0.0,0,0,0,no_match,0.0,,0,movement_reconstructed,9,9,0.0,0.0,0.0,3,999,30,SP-24D24979D7|2026-06-02
00000000-0000-0000-0000-000000000001,7d8112be-4d84-433a-bd60-48e1582b9dec,SP-D582D99C4D,IN160125,Adidas,Adidas Classic Solid Men Swim Swim Short Glow Blue,swimwear,men,core,2026-05-29 20:40:54.077393+00:00,2026-05-29 20:40:54.077393+00:00,10.08,22.09,9,9,in160125,spd582d99c4d,adidas,adidas classic solid men swim swim short glow blue,ADIDAS,IN160125,swimwear,men,Adidas Classic Solid Men Swim Swim Short Glow Blue,2026-05-26,20.0,594018.6,2970000.0,2,2,1,same_model_family,0.7983,10.0,1,movement_reconstructed,9,9,0.0,0.0,0.0,0,999,30,SP-D582D99C4D|2026-05-26
00000000-0000-0000-0000-000000000001,7d8112be-4d84-433a-bd60-48e1582b9dec,SP-D582D99C4D,IN160125,Adidas,Adidas Classic Solid Men Swim Swim Short Glow Blue,swimwear,men,core,2026-05-29 20:40:54.077393+00:00,2026-05-29 20:40:54.077393+00:00,10.08,22.09,9,9,in160125,spd582d99c4d,adidas,adidas classic solid men swim swim short glow blue,ADIDAS,IN160125,swimwear,men,Adidas Classic Solid Men Swim Swim Short Glow Blue,2026-06-02,0.0,0.0,0.0,0,0,0,no_match,0.0,,0,movement_reconstructed,9,9,0.0,0.0,0.0,3,999,30,SP-D582D99C4D|2026-06-02
00000000-0000-0000-0000-000000000001,c6647c1d-4352-4831-9ffd-52063196ee53,SP-7418F06482,IN206612,All In,ALN Accessories Aqua Dumbbell Swimming Gear Blue/Pink,swimwear,unisex,core,2026-05-29 20:40:54.077393+00:00,2026-05-29 20:40:54.077393+00:00,3.12,6.24,9,9,in206612,sp7418f06482,all in,aln accessories aqua dumbbell swimming gear blue/pink,ALL IN,IN206612,swimwear,unisex,ALN Accessories Aqua Dumbbell Swimming Gear Blue/Pink,2026-05-26,0.0,0.0,0.0,0,0,0,no_match,0.0,,0,movement_reconstructed,9,9,0.0,0.0,0.0,0,999,30,SP-7418F06482|2026-05-26
00000000-0000-0000-0000-000000000001,c6647c1d-4352-4831-9ffd-52063196ee53,SP-7418F06482,IN206612,All In,ALN Accessories Aqua Dumbbell Swimming Gear Blue/Pink,swimwear,unisex,core,2026-05-29 20:40:54.077393+00:00,2026-05-29 20:40:54.077393+00:00,3.12,6.24,9,9,in206612,sp7418f06482,all in,aln accessories aqua dumbbell swimming gear blue/pink,ALL IN,IN206612,swimwear,unisex,ALN Accessories Aqua Dumbbell Swimming Gear Blue/Pink,2026-06-02,0.0,0.0,0.0,0,0,0,no_match,0.0,,0,movement_reconstructed,9,9,0.0,0.0,0.0,3,999,30,SP-7418F06482|2026-06-02
00000000-0000-0000-0000-000000000001,5c30bd66-537c-4583-99d8-3cefcb7dcfa5,SP-171E383B23,IN204932,All In,ALN Accessories Floating Kickboard Swim Swimming Gear Blue,swimwear,unisex,core,2026-05-29 20:40:54.077393+00:00,2026-05-29 20:40:54.077393+00:00,2.6,5.17,9,9,in204932,sp171e383b23,all in,aln accessories floating kickboard swim swimming gear blue,ALL IN,IN204932,swimwear,unisex,ALN Accessories Floating Kickboard Swim Swimming Gear Blue,2026-05-26,0.0,0.0,0.0,0,0,0,no_match,0.0,,0,movement_reconstructed,9,9,0.0,0.0,0.0,0,999,30,SP-171E383B23|2026-05-26
00000000-0000-0000-0000-000000000001,5c30bd66-537c-4583-99d8-3cefcb7dcfa5,SP-171E383B23,IN204932,All In,ALN Accessories Floating Kickboard Swim Swimming Gear Blue,swimwear,unisex,core,2026-05-29 20:40:54.077393+00:00,2026-05-29 20:40:54.077393+00:00,2.6,5.17,9,9,in204932,sp171e383b23,all in,aln accessories floating kickboard swim swimming gear blue,ALL IN,IN204932,swimwear,unisex,ALN Accessories Floating Kickboard Swim Swimming Gear Blue,2026-06-02,0.0,0.0,0.0,0,0,0,no_match,0.0,,0,movement_reconstructed,9,9,0.0,0.0,0.0,3,999,30,SP-171E383B23|2026-06-02
00000000-0000-0000-0000-000000000001,a9e3bafa-ff00-4fc5-a190-a3d03174fb72,SP-3C84F40051,IN204933,All In,ALN Accessories Floating Kickboard Swim Swimming Gear Pink,swimwear,unisex,core,2026-05-29 20:40:54.077393+00:00,2026-05-29 20:40:54.077393+00:00,2.6,5.21,9,9,in204933,sp3c84f40051,all in,aln accessories floating kickboard swim swimming gear pink,ALL IN,IN204933,swimwear,unisex,ALN Accessories Floating Kickboard Swim Swimming Gear Pink,2026-05-26,0.0,0.0,0.0,0,0,0,no_match,0.0,,0,movement_reconstructed,9,9,0.0,0.0,0.0,0,999,30,SP-3C84F40051|2026-05-26
00000000-0000-0000-0000-000000000001,a9e3bafa-ff00-4fc5-a190-a3d03174fb72,SP-3C84F40051,IN204933,All In,ALN Accessories Floating Kickboard Swim Swimming Gear Pink,swimwear,unisex,core,2026-05-29 20:40:54.077393+00:00,2026-05-29 20:40:54.077393+00:00,2.6,5.21,9,9,in204933,sp3c84f40051,all in,aln accessories floating kickboard swim swimming gear pink,ALL IN,IN204933,swimwear,unisex,ALN Accessories Floating Kickboard Swim Swimming Gear Pink,2026-06-02,0.0,0.0,0.0,0,0,0,no_match,0.0,,0,movement_reconstructed,9,9,0.0,0.0,0.0,3,999,30,SP-3C84F40051|2026-06-02
00000000-0000-0000-0000-000000000001,bf3cc220-baa6-4200-b69f-01b45d8dbc0f,SP-A2C7D98A61,IN224311,Billabong,Billabong All Day Layback Boys Beach Swim Short Lemon,swimwear,kids,core,2026-05-29 20:40:54.077393+00:00,2026-05-29 20:40:54.077393+00:00,12.0,24.04,9,9,in224311,spa2c7d98a61,billabong,billabong all day layback boys beach swim short lemon,BILLABONG,IN224311,swimwear,men,Billabong All Day Layback Boys Beach Swim Short Lemon,2026-05-26,24.0,40.666666666666664,49.0,1,1,0,same_model_family,0.8171,6.0,1,movement_reconstructed,9,9,0.0,0.0,0.0,0,999,30,SP-A2C7D98A61|2026-05-26
00000000-0000-0000-0000-000000000001,bf3cc220-baa6-4200-b69f-01b45d8dbc0f,SP-A2C7D98A61,IN224311,Billabong,Billabong All Day Layback Boys Beach Swim Short Lemon,swimwear,kids,core,2026-05-29 20:40:54.077393+00:00,2026-05-29 20:40:54.077393+00:00,12.0,24.04,9,9,in224311,spa2c7d98a61,billabong,billabong all day layback boys beach swim short lemon,BILLABONG,IN224311,swimwear,men,Billabong All Day Layback Boys Beach Swim Short Lemon,2026-06-02,0.0,0.0,0.0,0,0,0,no_match,0.0,,0,movement_reconstructed,9,9,0.0,0.0,0.0,3,999,30,SP-A2C7D98A61|2026-06-02
00000000-0000-0000-0000-000000000001,a4b71937-645b-4ba3-81d9-2daa7b944b9e,SP-BB4694C6BC,IN224310,Billabong,Billabong All Day Layback Boys Beach Swim Short Sea Green,swimwear,kids,core,2026-05-29 20:40:54.077393+00:00,2026-05-29 20:40:54.077393+00:00,12.0,24.37,9,9,in224310,spbb4694c6bc,billabong,billabong all day layback boys beach swim short sea green,BILLABONG,IN224310,swimwear,men,Billabong All Day Layback Boys Beach Swim Short Sea Green,2026-05-26,24.0,36.333333333333336,43.0,1,1,1,same_model_family,0.8105,24.0,1,movement_reconstructed,9,9,0.0,0.0,0.0,0,999,30,SP-BB4694C6BC|2026-05-26
00000000-0000-0000-0000-000000000001,a4b71937-645b-4ba3-81d9-2daa7b944b9e,SP-BB4694C6BC,IN224310,Billabong,Billabong All Day Layback Boys Beach Swim Short Sea Green,swimwear,kids,core,2026-05-29 20:40:54.077393+00:00,2026-05-29 20:40:54.077393+00:00,12.0,24.37,9,9,in224310,spbb4694c6bc,billabong,billabong all day layback boys beach swim short sea green,BILLABONG,IN224310,swimwear,men,Billabong All Day Layback Boys Beach Swim Short Sea Green,2026-06-02,0.0,0.0,0.0,0,0,0,no_match,0.0,,0,movement_reconstructed,9,9,0.0,0.0,0.0,3,999,30,SP-BB4694C6BC|2026-06-02
00000000-0000-0000-0000-000000000001,9480d0c3-308f-41a2-b23e-dba09d6b0679,SP-428F9FE7D9,IN224291,Billabong,Billabong Gone Tropic Women Lifestyle Swim Short Pistachio,swimwear,women,core,2026-05-29 20:40:54.077393+00:00,2026-05-29 20:40:54.077393+00:00,20.0,39.82,9,9,in224291,sp428f9fe7d9,billabong,billabong gone tropic women lifestyle swim short pistachio,BILLABONG,IN224291,swimwear,women,Billabong Gone Tropic Women Lifestyle Swim Short Pistachio,2026-05-26,31.0,38.875,49.0,1,1,1,same_model_family,0.7747,16.0,1,movement_reconstructed,9,9,0.0,0.0,0.0,0,999,30,SP-428F9FE7D9|2026-05-26
00000000-0000-0000-0000-000000000001,9480d0c3-308f-41a2-b23e-dba09d6b0679,SP-428F9FE7D9,IN224291,Billabong,Billabong Gone Tropic Women Lifestyle Swim Short Pistachio,swimwear,women,core,2026-05-29 20:40:54.077393+00:00,2026-05-29 20:40:54.077393+00:00,20.0,39.82,9,9,in224291,sp428f9fe7d9,billabong,billabong gone tropic women lifestyle swim short pistachio,BILLABONG,IN224291,swimwear,women,Billabong Gone Tropic Women Lifestyle Swim Short Pistachio,2026-06-02,0.0,0.0,0.0,0,0,0,no_match,0.0,,0,movement_reconstructed,9,9,0.0,0.0,0.0,3,999,30,SP-428F9FE7D9|2026-06-02
00000000-0000-0000-0000-000000000001,6e4357f3-c1ec-4018-bdf7-c8dfa7360ce8,SP-53DDAF3223,IN209972,Blue Point,Blue Point Men Beach Swim Short White,swimwear,men,core,2026-05-29 20:40:54.077393+00:00,2026-05-29 20:40:54.077393+00:00,22.36,43.82,9,9,in209972,sp53ddaf3223,blue point,blue point men beach swim short white,BLUE POINT,IN209972,swimwear,men,Blue Point Men Beach Swim Short White,2026-05-26,43.0,43.0,43.0,1,0,1,similar_product,0.8003,2.0,1,movement_reconstructed,9,9,0.0,0.0,0.0,0,999,30,SP-53DDAF3223|2026-05-26
00000000-0000-0000-0000-000000000001,6e4357f3-c1ec-4018-bdf7-c8dfa7360ce8,SP-53DDAF3223,IN209972,Blue Point,Blue Point Men Beach Swim Short White,swimwear,men,core,2026-05-29 20:40:54.077393+00:00,2026-05-29 20:40:54.077393+00:00,22.36,43.82,9,9,in209972,sp53ddaf3223,blue point,blue point men beach swim short white,BLUE POINT,IN209972,swimwear,men,Blue Point Men Beach Swim Short White,2026-06-02,0.0,0.0,0.0,0,0,0,no_match,0.0,,0,movement_reconstructed,9,9,0.0,0.0,0.0,3,999,30,SP-53DDAF3223|2026-06-02
00000000-0000-0000-0000-000000000001,1b7949d5-fb5d-43b3-96e3-b27944f5ebc0,SP-30038913CA,IN131719,Body Glove,Body Glove Women Beach Monokini Whisper Crissy 1 Piece Storm,swimwear,women,core,2026-05-29 20:40:54.077393+00:00,2026-05-29 20:40:54.077393+00:00,34.84,64.17,9,9,in131719,sp30038913ca,body glove,body glove women beach monokini whisper crissy 1 piece storm,BODY GLOVE,IN131719,swimwear,women,Body Glove Women Beach Monokini Whisper Crissy 1 Piece Storm,2026-05-26,67.0,67.0,67.0,1,1,0,same_model_family,0.98,1.0,1,movement_reconstructed,9,9,0.0,0.0,0.0,0,999,30,SP-30038913CA|2026-05-26
00000000-0000-0000-0000-000000000001,1b7949d5-fb5d-43b3-96e3-b27944f5ebc0,SP-30038913CA,IN131719,Body Glove,Body Glove Women Beach Monokini Whisper Crissy 1 Piece Storm,swimwear,women,core,2026-05-29 20:40:54.077393+00:00,2026-05-29 20:40:54.077393+00:00,34.84,64.17,9,9,in131719,sp30038913ca,body glove,body glove women beach monokini whisper crissy 1 piece storm,BODY GLOVE,IN131719,swimwear,women,Body Glove Women Beach Monokini Whisper Crissy 1 Piece Storm,2026-06-02,0.0,0.0,0.0,0,0,0,no_match,0.0,,0,movement_reconstructed,9,9,0.0,0.0,0.0,3,999,30,SP-30038913CA|2026-06-02
00000000-0000-0000-0000-000000000001,0d106633-9277-4c19-8834-bf85ad93fd70,SP-950A524EDF,IN207946,Bogner,Bogner Nelson 2 Men Beach Swim Short Black,swimwear,men,core,2026-05-29 20:40:54.077393+00:00,2026-05-29 20:40:54.077393+00:00,51.48,107.42,9,9,in207946,sp950a524edf,bogner,bogner nelson 2 men beach swim short black,BOGNER,IN207946,swimwear,men,Bogner Nelson 2 Men Beach Swim Short Black,2026-05-26,0.0,0.0,0.0,0,0,0,no_match,0.0,,0,movement_reconstructed,9,9,0.0,0.0,0.0,0,999,30,SP-950A524EDF|2026-05-26
00000000-0000-0000-0000-000000000001,0d106633-9277-4c19-8834-bf85ad93fd70,SP-950A524EDF,IN207946,Bogner,Bogner Nelson 2 Men Beach Swim Short Black,swimwear,men,core,2026-05-29 20:40:54.077393+00:00,2026-05-29 20:40:54.077393+00:00,51.48,107.42,9,9,in207946,sp950a524edf,bogner,bogner nelson 2 men beach swim short black,BOGNER,IN207946,swimwear,men,Bogner Nelson 2 Men Beach Swim Short Black,2026-06-02,0.0,0.0,0.0,0,0,0,no_match,0.0,,0,movement_reconstructed,9,9,0.0,0.0,0.0,3,999,30,SP-950A524EDF|2026-06-02
00000000-0000-0000-0000-000000000001,4611b8ce-d50b-4718-88f2-b9f65445ff2d,SP-E45BDB93ED,IN239500,Bogner,Bogner Paul Men Swim Short Black,swimwear,men,core,2026-05-29 20:40:54.077393+00:00,2026-05-29 20:40:54.077393+00:00,95.16,225.91,9,9,in239500,spe45bdb93ed,bogner,bogner paul men swim short black,BOGNER,IN239500,swimwear,men,Bogner Paul Men Swim Short Black,2026-05-26,0.0,0.0,0.0,0,0,0,no_match,0.0,,0,movement_reconstructed,9,9,0.0,0.0,0.0,0,999,30,SP-E45BDB93ED|2026-05-26
00000000-0000-0000-0000-000000000001,4611b8ce-d50b-4718-88f2-b9f65445ff2d,SP-E45BDB93ED,IN239500,Bogner,Bogner Paul Men Swim Short Black,swimwear,men,core,2026-05-29 20:40:54.077393+00:00,2026-05-29 20:40:54.077393+00:00,95.16,225.91,9,9,in239500,spe45bdb93ed,bogner,bogner paul men swim short black,BOGNER,IN239500,swimwear,men,Bogner Paul Men Swim Short Black,2026-06-02,0.0,0.0,0.0,0,0,0,no_match,0.0,,0,movement_reconstructed,9,9,0.0,0.0,0.0,3,999,30,SP-E45BDB93ED|2026-06-02
00000000-0000-0000-0000-000000000001,16e4da05-d16c-4c27-b9d6-7201ea8e8775,SP-A83D634897,IN239502,Bogner,Bogner Paul Men Swim Short Navy Blue,swimwear,men,core,2026-05-29 20:40:54.077393+00:00,2026-05-29 20:40:54.077393+00:00,95.16,170.4,9,9,in239502,spa83d634897,bogner,bogner paul men swim short navy blue,BOGNER,IN239502,swimwear,men,Bogner Paul Men Swim Short Navy Blue,2026-05-26,183.0,183.0,183.0,1,0,0,same_model_family,0.9616,3.0,1,movement_reconstructed,9,9,0.0,0.0,0.0,0,999,30,SP-A83D634897|2026-05-26
00000000-0000-0000-0000-000000000001,16e4da05-d16c-4c27-b9d6-7201ea8e8775,SP-A83D634897,IN239502,Bogner,Bogner Paul Men Swim Short Navy Blue,swimwear,men,core,2026-05-29 20:40:54.077393+00:00,2026-05-29 20:40:54.077393+00:00,95.16,170.4,9,9,in239502,spa83d634897,bogner,bogner paul men swim short navy blue,BOGNER,IN239502,swimwear,men,Bogner Paul Men Swim Short Navy Blue,2026-06-02,0.0,0.0,0.0,0,0,0,no_match,0.0,,0,movement_reconstructed,9,9,0.0,0.0,0.0,3,999,30,SP-A83D634897|2026-06-02
00000000-0000-0000-0000-000000000001,6aad9a55-1f84-47b9-b5f6-fcaa233df92d,SP-3FB5CF5912,ID0478,Adidas,"Samba OG Shoes, Beige",lifestyle,women,core,2026-05-29 20:40:54.077393+00:00,2026-05-29 20:40:54.077393+00:00,76.32,140.14,12,12,id0478,sp3fb5cf5912,adidas,"samba og shoes, beige",ADIDAS,ID0478,footwear,women,"Samba OG Shoes, Beige",2026-05-26,111.0,7997798.454545454,18720000.0,2,1,1,exact_style,0.7709,22.0,1,movement_reconstructed,12,12,0.0,0.0,0.0,0,999,30,SP-3FB5CF5912|2026-05-26
00000000-0000-0000-0000-000000000001,6aad9a55-1f84-47b9-b5f6-fcaa233df92d,SP-3FB5CF5912,ID0478,Adidas,"Samba OG Shoes, Beige",lifestyle,women,core,2026-05-29 20:40:54.077393+00:00,2026-05-29 20:40:54.077393+00:00,76.32,140.14,12,12,id0478,sp3fb5cf5912,adidas,"samba og shoes, beige",ADIDAS,ID0478,footwear,women,"Samba OG Shoes, Beige",2026-06-02,0.0,0.0,0.0,0,0,0,no_match,0.0,,0,movement_reconstructed,12,12,0.0,0.0,0.0,3,999,30,SP-3FB5CF5912|2026-06-02
00000000-0000-0000-0000-000000000001,07d895c5-4ef5-4902-8c75-a0acf491b204,SP-B39CD90660,IM5019,Nike,NIKE Vomero Plus IM5019,lifestyle,unisex,core,2026-05-29 20:40:54.077393+00:00,2026-05-29 20:40:54.077393+00:00,39.01,92.49,12,12,im5019,spb39cd90660,nike,nike vomero plus im5019,NIKE,IM5019,lifestyle,unisex,NIKE Vomero Plus IM5019,2026-05-26,0.0,0.0,0.0,0,0,0,no_match,0.0,,0,movement_reconstructed,12,12,0.0,0.0,0.0,0,999,30,SP-B39CD90660|2026-05-26
00000000-0000-0000-0000-000000000001,07d895c5-4ef5-4902-8c75-a0acf491b204,SP-B39CD90660,IM5019,Nike,NIKE Vomero Plus IM5019,lifestyle,unisex,core,2026-05-29 20:40:54.077393+00:00,2026-05-29 20:40:54.077393+00:00,39.01,92.49,12,12,im5019,spb39cd90660,nike,nike vomero plus im5019,NIKE,IM5019,lifestyle,unisex,NIKE Vomero Plus IM5019,2026-06-02,0.0,0.0,0.0,0,0,0,no_match,0.0,,0,movement_reconstructed,12,12,0.0,0.0,0.0,3,999,30,SP-B39CD90660|2026-06-02
00000000-0000-0000-0000-000000000001,39599b74-5d06-4ba5-bcb7-203191d1f6be,SP-0F8FD95EB4,IU2526,Adidas,"3-Stripes Skirt, Black",other,women,core,2026-05-29 20:40:54.077393+00:00,2026-05-29 20:40:54.077393+00:00,12.96,27.39,9,9,iu2526,sp0f8fd95eb4,adidas,"3 stripes skirt, black",ADIDAS,IU2526,other_3_stripes_skirt_black,women,"3-Stripes Skirt, Black",2026-05-26,2430000.0,2430000.0,2430000.0,1,1,0,exact_style,1.0,1.0,1,movement_reconstructed,9,9,0.0,0.0,0.0,0,999,30,SP-0F8FD95EB4|2026-05-26
00000000-0000-0000-0000-000000000001,39599b74-5d06-4ba5-bcb7-203191d1f6be,SP-0F8FD95EB4,IU2526,Adidas,"3-Stripes Skirt, Black",other,women,core,2026-05-29 20:40:54.077393+00:00,2026-05-29 20:40:54.077393+00:00,12.96,27.39,9,9,iu2526,sp0f8fd95eb4,adidas,"3 stripes skirt, black",ADIDAS,IU2526,other_3_stripes_skirt_black,women,"3-Stripes Skirt, Black",2026-06-02,0.0,0.0,0.0,0,0,0,no_match,0.0,,0,movement_reconstructed,9,9,0.0,0.0,0.0,3,999,30,SP-0F8FD95EB4|2026-06-02
00000000-0000-0000-0000-000000000001,e26f4d48-5534-4fdd-a844-66454c05db62,SP-02050B0FD1,IK7862,Adidas,"Adicolor 70S V-Neck Dress, Beige",other,women,core,2026-05-29 20:40:54.077393+00:00,2026-05-29 20:40:54.077393+00:00,18.24,42.63,9,9,ik7862,sp02050b0fd1,adidas,"adicolor 70s v neck dress, beige",ADIDAS,IK7862,other_adicolor_70s_v_neck_dress_beige,women,"Adicolor 70S V-Neck Dress, Beige",2026-05-26,0.0,0.0,0.0,0,0,0,no_match,0.0,,0,movement_reconstructed,9,9,0.0,0.0,0.0,0,999,30,SP-02050B0FD1|2026-05-26
00000000-0000-0000-0000-000000000001,e26f4d48-5534-4fdd-a844-66454c05db62,SP-02050B0FD1,IK7862,Adidas,"Adicolor 70S V-Neck Dress, Beige",other,women,core,2026-05-29 20:40:54.077393+00:00,2026-05-29 20:40:54.077393+00:00,18.24,42.63,9,9,ik7862,sp02050b0fd1,adidas,"adicolor 70s v neck dress, beige",ADIDAS,IK7862,other_adicolor_70s_v_neck_dress_beige,women,"Adicolor 70S V-Neck Dress, Beige",2026-06-02,0.0,0.0,0.0,0,0,0,no_match,0.0,,0,movement_reconstructed,9,9,0.0,0.0,0.0,3,999,30,SP-02050B0FD1|2026-06-02
00000000-0000-0000-0000-000000000001,b8c3860b-b32d-4ee7-9bd2-6e228b92761d,SP-21EC9D6B2F,HL9308,Adidas,"Adicolor Classics Poplin Skirt, Blue",other,women,core,2026-05-29 20:40:54.077393+00:00,2026-05-29 20:40:54.077393+00:00,15.36,31.58,9,9,hl9308,sp21ec9d6b2f,adidas,"adicolor classics poplin skirt, blue",ADIDAS,HL9308,other_adicolor_classics_poplin_skirt_blue,women,"Adicolor Classics Poplin Skirt, Blue",2026-05-26,2880000.0,2880000.0,2880000.0,1,1,0,exact_style,1.0,1.0,1,movement_reconstructed,9,9,0.0,0.0,0.0,0,999,30,SP-21EC9D6B2F|2026-05-26
00000000-0000-0000-0000-000000000001,b8c3860b-b32d-4ee7-9bd2-6e228b92761d,SP-21EC9D6B2F,HL9308,Adidas,"Adicolor Classics Poplin Skirt, Blue",other,women,core,2026-05-29 20:40:54.077393+00:00,2026-05-29 20:40:54.077393+00:00,15.36,31.58,9,9,hl9308,sp21ec9d6b2f,adidas,"adicolor classics poplin skirt, blue",ADIDAS,HL9308,other_adicolor_classics_poplin_skirt_blue,women,"Adicolor Classics Poplin Skirt, Blue",2026-06-02,0.0,0.0,0.0,0,0,0,no_match,0.0,,0,movement_reconstructed,9,9,0.0,0.0,0.0,3,999,30,SP-21EC9D6B2F|2026-06-02
00000000-0000-0000-0000-000000000001,29151e19-905a-4f61-afcd-541cc3214e3c,SP-EE94F7E634,H37774,Adidas,"Adicolor Classics Tricot Skirt, Black",other,women,core,2026-05-29 20:40:54.077393+00:00,2026-05-29 20:40:54.077393+00:00,6.24,12.36,9,9,h37774,spee94f7e634,adidas,"adicolor classics tricot skirt, black",ADIDAS,H37774,other_adicolor_classics_tricot_skirt_black,women,"Adicolor Classics Tricot Skirt, Black",2026-05-26,1170000.0,1170000.0,1170000.0,1,1,0,exact_style,1.0,1.0,1,movement_reconstructed,9,9,0.0,0.0,0.0,0,999,30,SP-EE94F7E634|2026-05-26
00000000-0000-0000-0000-000000000001,29151e19-905a-4f61-afcd-541cc3214e3c,SP-EE94F7E634,H37774,Adidas,"Adicolor Classics Tricot Skirt, Black",other,women,core,2026-05-29 20:40:54.077393+00:00,2026-05-29 20:40:54.077393+00:00,6.24,12.36,9,9,h37774,spee94f7e634,adidas,"adicolor classics tricot skirt, black",ADIDAS,H37774,other_adicolor_classics_tricot_skirt_black,women,"Adicolor Classics Tricot Skirt, Black",2026-06-02,0.0,0.0,0.0,0,0,0,no_match,0.0,,0,movement_reconstructed,9,9,0.0,0.0,0.0,3,999,30,SP-EE94F7E634|2026-06-02
00000000-0000-0000-0000-000000000001,0905919d-6c80-4875-bf1b-d08c5ab7d01a,SP-FA311BCAB5,IN219826,New Balance,New Balance Sport Quarter Zip Women Performanc Long Sleeve Black,other,women,core,2026-05-29 20:40:54.077393+00:00,2026-05-29 20:40:54.077393+00:00,26.95,55.86,9,9,in219826,spfa311bcab5,new balance,new balance sport quarter zip women performanc long sleeve black,NEW BALANCE,IN219826,sportswear,women,New Balance Sport Quarter Zip Women Performanc Long Sleeve Black,2026-05-26,34.0,44.5,55.0,1,1,1,same_model_family,0.8885,2.0,1,movement_reconstructed,9,9,0.0,0.0,0.0,0,999,30,SP-FA311BCAB5|2026-05-26
00000000-0000-0000-0000-000000000001,0905919d-6c80-4875-bf1b-d08c5ab7d01a,SP-FA311BCAB5,IN219826,New Balance,New Balance Sport Quarter Zip Women Performanc Long Sleeve Black,other,women,core,2026-05-29 20:40:54.077393+00:00,2026-05-29 20:40:54.077393+00:00,26.95,55.86,9,9,in219826,spfa311bcab5,new balance,new balance sport quarter zip women performanc long sleeve black,NEW BALANCE,IN219826,sportswear,women,New Balance Sport Quarter Zip Women Performanc Long Sleeve Black,2026-06-02,0.0,0.0,0.0,0,0,0,no_match,0.0,,0,movement_reconstructed,9,9,0.0,0.0,0.0,3,999,30,SP-FA311BCAB5|2026-06-02
00000000-0000-0000-0000-000000000001,d5d43a7f-e417-4cf8-b991-c8f7ccdc571c,SP-8786A633D5,IN219834,New Balance,New Balance Sport Women Performance Long Sleeve Black,other,women,core,2026-05-29 20:40:54.077393+00:00,2026-05-29 20:40:54.077393+00:00,13.23,29.34,9,9,in219834,sp8786a633d5,new balance,new balance sport women performance long sleeve black,NEW BALANCE,IN219834,sportswear,women,New Balance Sport Women Performance Long Sleeve Black,2026-05-26,24.0,30.25,35.0,1,1,1,same_model_family,0.7672,4.0,1,movement_reconstructed,9,9,0.0,0.0,0.0,0,999,30,SP-8786A633D5|2026-05-26
00000000-0000-0000-0000-000000000001,d5d43a7f-e417-4cf8-b991-c8f7ccdc571c,SP-8786A633D5,IN219834,New Balance,New Balance Sport Women Performance Long Sleeve Black,other,women,core,2026-05-29 20:40:54.077393+00:00,2026-05-29 20:40:54.077393+00:00,13.23,29.34,9,9,in219834,sp8786a633d5,new balance,new balance sport women performance long sleeve black,NEW BALANCE,IN219834,sportswear,women,New Balance Sport Women Performance Long Sleeve Black,2026-06-02,0.0,0.0,0.0,0,0,0,no_match,0.0,,0,movement_reconstructed,9,9,0.0,0.0,0.0,3,999,30,SP-8786A633D5|2026-06-02
00000000-0000-0000-0000-000000000001,d605580d-8f46-4d63-9380-c7424d2c9962,SP-92437D4CE3,IN213549,Nike,Nike Df Pacer Men Running Long Sleeve Black,other,men,core,2026-05-29 20:40:54.077393+00:00,2026-05-29 20:40:54.077393+00:00,37.6,86.53,9,9,in213549,sp92437d4ce3,nike,nike df pacer men running long sleeve black,NIKE,IN213549,footwear,men,Nike Df Pacer Men Running Long Sleeve Black,2026-05-26,89.0,89.0,89.0,1,1,1,similar_product,0.7576,1.0,1,movement_reconstructed,9,9,0.0,0.0,0.0,0,999,30,SP-92437D4CE3|2026-05-26
00000000-0000-0000-0000-000000000001,d605580d-8f46-4d63-9380-c7424d2c9962,SP-92437D4CE3,IN213549,Nike,Nike Df Pacer Men Running Long Sleeve Black,other,men,core,2026-05-29 20:40:54.077393+00:00,2026-05-29 20:40:54.077393+00:00,37.6,86.53,9,9,in213549,sp92437d4ce3,nike,nike df pacer men running long sleeve black,NIKE,IN213549,footwear,men,Nike Df Pacer Men Running Long Sleeve Black,2026-06-02,0.0,0.0,0.0,0,0,0,no_match,0.0,,0,movement_reconstructed,9,9,0.0,0.0,0.0,3,999,30,SP-92437D4CE3|2026-06-02
00000000-0000-0000-0000-000000000001,3c22544d-a987-4057-abcf-d16cb80e3653,SP-6294EFF394,IN217042,Nike,Nike Element Men Running Long Sleeve Armor Navy/Grey,other,men,core,2026-05-29 20:40:54.077393+00:00,2026-05-29 20:40:54.077393+00:00,35.72,90.54,9,9,in217042,sp6294eff394,nike,nike element men running long sleeve armor navy/grey,NIKE,IN217042,footwear,men,Nike Element Men Running Long Sleeve Armor Navy/Grey,2026-05-26,76.0,76.0,76.0,1,1,0,same_model_family,0.955,1.0,1,movement_reconstructed,9,9,0.0,0.0,0.0,0,999,30,SP-6294EFF394|2026-05-26
00000000-0000-0000-0000-000000000001,3c22544d-a987-4057-abcf-d16cb80e3653,SP-6294EFF394,IN217042,Nike,Nike Element Men Running Long Sleeve Armor Navy/Grey,other,men,core,2026-05-29 20:40:54.077393+00:00,2026-05-29 20:40:54.077393+00:00,35.72,90.54,9,9,in217042,sp6294eff394,nike,nike element men running long sleeve armor navy/grey,NIKE,IN217042,footwear,men,Nike Element Men Running Long Sleeve Armor Navy/Grey,2026-06-02,0.0,0.0,0.0,0,0,0,no_match,0.0,,0,movement_reconstructed,9,9,0.0,0.0,0.0,3,999,30,SP-6294EFF394|2026-06-02
00000000-0000-0000-0000-000000000001,fdc101df-03dc-41b6-8b11-f1434fd1f6b1,SP-7637E3C2FF,IN237500,Nike,Nike Fitted Women Training Long Sleeve Black,other,women,core,2026-05-29 20:40:54.077393+00:00,2026-05-29 20:40:54.077393+00:00,33.84,65.65,9,9,in237500,sp7637e3c2ff,nike,nike fitted women training long sleeve black,NIKE,IN237500,sportswear,women,Nike Fitted Women Training Long Sleeve Black,2026-05-26,43.0,72.75,121.0,1,1,1,same_model_family,0.8052,12.0,1,movement_reconstructed,9,9,0.0,0.0,0.0,0,999,30,SP-7637E3C2FF|2026-05-26
00000000-0000-0000-0000-000000000001,fdc101df-03dc-41b6-8b11-f1434fd1f6b1,SP-7637E3C2FF,IN237500,Nike,Nike Fitted Women Training Long Sleeve Black,other,women,core,2026-05-29 20:40:54.077393+00:00,2026-05-29 20:40:54.077393+00:00,33.84,65.65,9,9,in237500,sp7637e3c2ff,nike,nike fitted women training long sleeve black,NIKE,IN237500,sportswear,women,Nike Fitted Women Training Long Sleeve Black,2026-06-02,0.0,0.0,0.0,0,0,0,no_match,0.0,,0,movement_reconstructed,9,9,0.0,0.0,0.0,3,999,30,SP-7637E3C2FF|2026-06-02
00000000-0000-0000-0000-000000000001,58b31fd3-5f44-4558-85b3-bd92583ff414,SP-AADCC2E724,IN239482,Nike,Nike Flex Classic 6 Packs Unisex Training Band Multicolor,other,unisex,core,2026-05-29 20:40:54.077393+00:00,2026-05-29 20:40:54.077393+00:00,6.58,12.14,9,9,in239482,spaadcc2e724,nike,nike flex classic 6 packs unisex training band multicolor,NIKE,IN239482,accessories,unisex,Nike Flex Classic 6 Packs Unisex Training Band Multicolor,2026-05-26,12.0,13.0,14.0,1,0,0,same_model_family,0.9714,2.0,1,movement_reconstructed,9,9,0.0,0.0,0.0,0,999,30,SP-AADCC2E724|2026-05-26
00000000-0000-0000-0000-000000000001,58b31fd3-5f44-4558-85b3-bd92583ff414,SP-AADCC2E724,IN239482,Nike,Nike Flex Classic 6 Packs Unisex Training Band Multicolor,other,unisex,core,2026-05-29 20:40:54.077393+00:00,2026-05-29 20:40:54.077393+00:00,6.58,12.14,9,9,in239482,spaadcc2e724,nike,nike flex classic 6 packs unisex training band multicolor,NIKE,IN239482,accessories,unisex,Nike Flex Classic 6 Packs Unisex Training Band Multicolor,2026-06-02,0.0,0.0,0.0,0,0,0,no_match,0.0,,0,movement_reconstructed,9,9,0.0,0.0,0.0,3,999,30,SP-AADCC2E724|2026-06-02
00000000-0000-0000-0000-000000000001,49af7296-fb7d-4bc5-b83e-89bbd22ba88e,SP-C7D5ADC445,IN202591,ON,On Climate 2 Men Running Long Sleeve Black,other,men,core,2026-05-29 20:40:54.077393+00:00,2026-05-29 20:40:54.077393+00:00,66.7,154.12,9,9,in202591,spc7d5adc445,on,on climate 2 men running long sleeve black,ON,IN202591,footwear,men,On Climate 2 Men Running Long Sleeve Black,2026-05-26,109.0,151.47619047619048,156.0,1,1,1,same_model_family,0.7704,21.0,1,movement_reconstructed,9,9,0.0,0.0,0.0,0,999,30,SP-C7D5ADC445|2026-05-26
00000000-0000-0000-0000-000000000001,49af7296-fb7d-4bc5-b83e-89bbd22ba88e,SP-C7D5ADC445,IN202591,ON,On Climate 2 Men Running Long Sleeve Black,other,men,core,2026-05-29 20:40:54.077393+00:00,2026-05-29 20:40:54.077393+00:00,66.7,154.12,9,9,in202591,spc7d5adc445,on,on climate 2 men running long sleeve black,ON,IN202591,footwear,men,On Climate 2 Men Running Long Sleeve Black,2026-06-02,0.0,0.0,0.0,0,0,0,no_match,0.0,,0,movement_reconstructed,9,9,0.0,0.0,0.0,3,999,30,SP-C7D5ADC445|2026-06-02
00000000-0000-0000-0000-000000000001,68c469c7-6ff7-4a1c-a62d-f7b94a7a215e,SP-5368149B74,IN213158,ON,On Climate 2 Women Running Long Sleeve Black,other,women,core,2026-05-29 20:40:54.077393+00:00,2026-05-29 20:40:54.077393+00:00,66.7,140.53,9,9,in213158,sp5368149b74,on,on climate 2 women running long sleeve black,ON,IN213158,footwear,women,On Climate 2 Women Running Long Sleeve Black,2026-05-26,102.0,117.75,137.0,1,1,1,same_model_family,0.8528,4.0,1,movement_reconstructed,9,9,0.0,0.0,0.0,0,999,30,SP-5368149B74|2026-05-26
00000000-0000-0000-0000-000000000001,68c469c7-6ff7-4a1c-a62d-f7b94a7a215e,SP-5368149B74,IN213158,ON,On Climate 2 Women Running Long Sleeve Black,other,women,core,2026-05-29 20:40:54.077393+00:00,2026-05-29 20:40:54.077393+00:00,66.7,140.53,9,9,in213158,sp5368149b74,on,on climate 2 women running long sleeve black,ON,IN213158,footwear,women,On Climate 2 Women Running Long Sleeve Black,2026-06-02,0.0,0.0,0.0,0,0,0,no_match,0.0,,0,movement_reconstructed,9,9,0.0,0.0,0.0,3,999,30,SP-5368149B74|2026-06-02
00000000-0000-0000-0000-000000000001,65883838-b55e-45e2-8a77-e3c6403ab216,SP-8EE0491D9F,IN233416,ON,On Climate Women Running Long Sleeve Iceberg,other,women,core,2026-05-29 20:40:54.077393+00:00,2026-05-29 20:40:54.077393+00:00,66.7,155.45,9,9,in233416,sp8ee0491d9f,on,on climate women running long sleeve iceberg,ON,IN233416,footwear,women,On Climate Women Running Long Sleeve Iceberg,2026-05-26,145.0,145.0,145.0,1,0,0,same_model_family,0.98,1.0,1,movement_reconstructed,9,9,0.0,0.0,0.0,0,999,30,SP-8EE0491D9F|2026-05-26
00000000-0000-0000-0000-000000000001,65883838-b55e-45e2-8a77-e3c6403ab216,SP-8EE0491D9F,IN233416,ON,On Climate Women Running Long Sleeve Iceberg,other,women,core,2026-05-29 20:40:54.077393+00:00,2026-05-29 20:40:54.077393+00:00,66.7,155.45,9,9,in233416,sp8ee0491d9f,on,on climate women running long sleeve iceberg,ON,IN233416,footwear,women,On Climate Women Running Long Sleeve Iceberg,2026-06-02,0.0,0.0,0.0,0,0,0,no_match,0.0,,0,movement_reconstructed,9,9,0.0,0.0,0.0,3,999,30,SP-8EE0491D9F|2026-06-02
00000000-0000-0000-0000-000000000001,9152e07f-0aac-42d0-84f6-414b6de01394,SP-6094574FE4,IN233212,ON,On Club Collective 1/4 Zip Men Lifestyle Long Sleeve Ore,other,men,core,2026-05-29 20:40:54.077393+00:00,2026-05-29 20:40:54.077393+00:00,73.14,152.03,9,9,in233212,sp6094574fe4,on,on club collective 1/4 zip men lifestyle long sleeve ore,ON,IN233212,lifestyle,men,On Club Collective 1/4 Zip Men Lifestyle Long Sleeve Ore,2026-05-26,159.0,159.0,159.0,1,0,0,same_model_family,0.8356,3.0,1,movement_reconstructed,9,9,0.0,0.0,0.0,0,999,30,SP-6094574FE4|2026-05-26
00000000-0000-0000-0000-000000000001,9152e07f-0aac-42d0-84f6-414b6de01394,SP-6094574FE4,IN233212,ON,On Club Collective 1/4 Zip Men Lifestyle Long Sleeve Ore,other,men,core,2026-05-29 20:40:54.077393+00:00,2026-05-29 20:40:54.077393+00:00,73.14,152.03,9,9,in233212,sp6094574fe4,on,on club collective 1/4 zip men lifestyle long sleeve ore,ON,IN233212,lifestyle,men,On Club Collective 1/4 Zip Men Lifestyle Long Sleeve Ore,2026-06-02,0.0,0.0,0.0,0,0,0,no_match,0.0,,0,movement_reconstructed,9,9,0.0,0.0,0.0,3,999,30,SP-6094574FE4|2026-06-02
00000000-0000-0000-0000-000000000001,495db172-4592-45b8-b74e-6ce294d4ea67,SP-71A50D913C,IN176210,The North Face,The North Face Base Camp Travel Canister L Unisex Hiking Case Summit Gold/Black,other,unisex,core,2026-05-29 20:40:54.077393+00:00,2026-05-29 20:40:54.077393+00:00,11.25,26.25,9,9,in176210,sp71a50d913c,the north face,the north face base camp travel canister l unisex hiking case summit gold/black,THE NORTH FACE,IN176210,other_the_north_face_base_camp_travel_canister_l_unisex_hiking_case_summit_gold_black,unisex,The North Face Base Camp Travel Canister L Unisex Hiking Case Summit Gold/Black,2026-05-26,0.0,0.0,0.0,0,0,0,no_match,0.0,,0,movement_reconstructed,9,9,0.0,0.0,0.0,0,999,30,SP-71A50D913C|2026-05-26
00000000-0000-0000-0000-000000000001,495db172-4592-45b8-b74e-6ce294d4ea67,SP-71A50D913C,IN176210,The North Face,The North Face Base Camp Travel Canister L Unisex Hiking Case Summit Gold/Black,other,unisex,core,2026-05-29 20:40:54.077393+00:00,2026-05-29 20:40:54.077393+00:00,11.25,26.25,9,9,in176210,sp71a50d913c,the north face,the north face base camp travel canister l unisex hiking case summit gold/black,THE NORTH FACE,IN176210,other_the_north_face_base_camp_travel_canister_l_unisex_hiking_case_summit_gold_black,unisex,The North Face Base Camp Travel Canister L Unisex Hiking Case Summit Gold/Black,2026-06-02,0.0,0.0,0.0,0,0,0,no_match,0.0,,0,movement_reconstructed,9,9,0.0,0.0,0.0,3,999,30,SP-71A50D913C|2026-06-02
00000000-0000-0000-0000-000000000001,ad526aff-dbdc-4df6-87c7-b5c822b6a2a6,SP-C394BB70B8,IN200628,The North Face,The North Face Base Unisex Lifestyle Band Black,other,unisex,core,2026-05-29 20:40:54.077393+00:00,2026-05-29 20:40:54.077393+00:00,9.0,18.81,9,9,in200628,spc394bb70b8,the north face,the north face base unisex lifestyle band black,THE NORTH FACE,IN200628,accessories,unisex,The North Face Base Unisex Lifestyle Band Black,2026-05-26,15.0,98.65957446808511,253.0,1,1,1,same_model_family,0.7567,47.0,1,movement_reconstructed,9,9,0.0,0.0,0.0,0,999,30,SP-C394BB70B8|2026-05-26
00000000-0000-0000-0000-000000000001,ad526aff-dbdc-4df6-87c7-b5c822b6a2a6,SP-C394BB70B8,IN200628,The North Face,The North Face Base Unisex Lifestyle Band Black,other,unisex,core,2026-05-29 20:40:54.077393+00:00,2026-05-29 20:40:54.077393+00:00,9.0,18.81,9,9,in200628,spc394bb70b8,the north face,the north face base unisex lifestyle band black,THE NORTH FACE,IN200628,accessories,unisex,The North Face Base Unisex Lifestyle Band Black,2026-06-02,0.0,0.0,0.0,0,0,0,no_match,0.0,,0,movement_reconstructed,9,9,0.0,0.0,0.0,3,999,30,SP-C394BB70B8|2026-06-02
00000000-0000-0000-0000-000000000001,c552092a-b328-46a5-aeda-c1806420ce8d,SP-E668E236D6,IN214605,The North Face,The North Face Box Nse Men Lifestyle Long Sleeve Black/White,other,men,core,2026-05-29 20:40:54.077393+00:00,2026-05-29 20:40:54.077393+00:00,17.1,39.86,9,9,in214605,spe668e236d6,the north face,the north face box nse men lifestyle long sleeve black/white,THE NORTH FACE,IN214605,lifestyle,men,The North Face Box Nse Men Lifestyle Long Sleeve Black/White,2026-05-26,28.0,49.04761904761905,168.0,1,1,1,same_model_family,0.7591,42.0,1,movement_reconstructed,9,9,0.0,0.0,0.0,0,999,30,SP-E668E236D6|2026-05-26
00000000-0000-0000-0000-000000000001,c552092a-b328-46a5-aeda-c1806420ce8d,SP-E668E236D6,IN214605,The North Face,The North Face Box Nse Men Lifestyle Long Sleeve Black/White,other,men,core,2026-05-29 20:40:54.077393+00:00,2026-05-29 20:40:54.077393+00:00,17.1,39.86,9,9,in214605,spe668e236d6,the north face,the north face box nse men lifestyle long sleeve black/white,THE NORTH FACE,IN214605,lifestyle,men,The North Face Box Nse Men Lifestyle Long Sleeve Black/White,2026-06-02,0.0,0.0,0.0,0,0,0,no_match,0.0,,0,movement_reconstructed,9,9,0.0,0.0,0.0,3,999,30,SP-E668E236D6|2026-06-02
00000000-0000-0000-0000-000000000001,144d6a4d-7b0e-4b65-a31f-9565896bfaf7,SP-E1745BC3E3,B75807,Adidas,"Samba OG Shoes, Black",lifestyle,men,core,2026-05-29 20:40:54.077393+00:00,2026-05-29 20:40:54.077393+00:00,76.32,160.83,12,12,b75807,spe1745bc3e3,adidas,"samba og shoes, black",ADIDAS,B75807,footwear,men,"Samba OG Shoes, Black",2026-05-26,9270000.0,13872857.142857144,16290000.0,1,0,0,exact_style,0.8867,7.0,1,movement_reconstructed,12,12,0.0,0.0,0.0,0,999,30,SP-E1745BC3E3|2026-05-26
00000000-0000-0000-0000-000000000001,144d6a4d-7b0e-4b65-a31f-9565896bfaf7,SP-E1745BC3E3,B75807,Adidas,"Samba OG Shoes, Black",lifestyle,men,core,2026-05-29 20:40:54.077393+00:00,2026-05-29 20:40:54.077393+00:00,76.32,160.83,12,12,b75807,spe1745bc3e3,adidas,"samba og shoes, black",ADIDAS,B75807,footwear,men,"Samba OG Shoes, Black",2026-06-02,0.0,0.0,0.0,0,0,0,no_match,0.0,,0,movement_reconstructed,12,12,0.0,0.0,0.0,3,999,30,SP-E1745BC3E3|2026-06-02
00000000-0000-0000-0000-000000000001,09bbc5a1-b79d-4516-8734-bfcc346d270a,SP-D2CBD27227,IH6870,Adidas,"Samba OG Shoes, White",lifestyle,men,core,2026-05-29 20:40:54.077393+00:00,2026-05-29 20:40:54.077393+00:00,76.32,155.52,12,12,ih6870,spd2cbd27227,adidas,"samba og shoes, white",ADIDAS,IH6870,footwear,men,"Samba OG Shoes, White",2026-05-26,14310000.0,14310000.0,14310000.0,1,0,0,exact_style,1.0,1.0,1,movement_reconstructed,12,12,0.0,0.0,0.0,0,999,30,SP-D2CBD27227|2026-05-26
00000000-0000-0000-0000-000000000001,09bbc5a1-b79d-4516-8734-bfcc346d270a,SP-D2CBD27227,IH6870,Adidas,"Samba OG Shoes, White",lifestyle,men,core,2026-05-29 20:40:54.077393+00:00,2026-05-29 20:40:54.077393+00:00,76.32,155.52,12,12,ih6870,spd2cbd27227,adidas,"samba og shoes, white",ADIDAS,IH6870,footwear,men,"Samba OG Shoes, White",2026-06-02,0.0,0.0,0.0,0,0,0,no_match,0.0,,0,movement_reconstructed,12,12,0.0,0.0,0.0,3,999,30,SP-D2CBD27227|2026-06-02
00000000-0000-0000-0000-000000000001,7b089dd7-1a17-401d-80a0-cb1e30de37c0,SP-86F9AD96E6,V1GA2400,Mizuno,Mizuno Wave Lightning Z8,footwear,men,exclusive,2026-05-29 20:40:54.077393+00:00,2026-05-29 20:40:54.077393+00:00,66.6,133.2,64,64,v1ga2400,sp86f9ad96e6,mizuno,mizuno wave lightning z8,MIZUNO,V1GA2400,footwear_mizuno_wave_lightning_z8,men,Mizuno Wave Lightning Z8,2026-05-26,0.0,0.0,0.0,0,0,0,no_match,0.0,,0,movement_reconstructed,64,64,0.0,0.0,0.0,0,999,30,SP-86F9AD96E6|2026-05-26
00000000-0000-0000-0000-000000000001,7b089dd7-1a17-401d-80a0-cb1e30de37c0,SP-86F9AD96E6,V1GA2400,Mizuno,Mizuno Wave Lightning Z8,footwear,men,exclusive,2026-05-29 20:40:54.077393+00:00,2026-05-29 20:40:54.077393+00:00,66.6,133.2,64,64,v1ga2400,sp86f9ad96e6,mizuno,mizuno wave lightning z8,MIZUNO,V1GA2400,footwear_mizuno_wave_lightning_z8,men,Mizuno Wave Lightning Z8,2026-06-02,0.0,0.0,0.0,0,0,0,no_match,0.0,,0,movement_reconstructed,64,64,0.0,0.0,0.0,3,999,30,SP-86F9AD96E6|2026-06-02
00000000-0000-0000-0000-000000000001,9086bfdf-e114-4ab8-8528-e9426032470f,SP-BB3E20F861,V1GC2400,Mizuno,Mizuno Wave Lightning Z8 W,footwear,women,exclusive,2026-05-29 20:40:54.077393+00:00,2026-05-29 20:40:54.077393+00:00,66.6,133.2,56,56,v1gc2400,spbb3e20f861,mizuno,mizuno wave lightning z8 w,MIZUNO,V1GC2400,footwear_mizuno_wave_lightning_z8_w,women,Mizuno Wave Lightning Z8 W,2026-05-26,0.0,0.0,0.0,0,0,0,no_match,0.0,,0,movement_reconstructed,56,56,0.0,0.0,0.0,0,999,30,SP-BB3E20F861|2026-05-26
00000000-0000-0000-0000-000000000001,9086bfdf-e114-4ab8-8528-e9426032470f,SP-BB3E20F861,V1GC2400,Mizuno,Mizuno Wave Lightning Z8 W,footwear,women,exclusive,2026-05-29 20:40:54.077393+00:00,2026-05-29 20:40:54.077393+00:00,66.6,133.2,56,56,v1gc2400,spbb3e20f861,mizuno,mizuno wave lightning z8 w,MIZUNO,V1GC2400,footwear_mizuno_wave_lightning_z8_w,women,Mizuno Wave Lightning Z8 W,2026-06-02,0.0,0.0,0.0,0,0,0,no_match,0.0,,0,movement_reconstructed,56,56,0.0,0.0,0.0,3,999,30,SP-BB3E20F861|2026-06-02
00000000-0000-0000-0000-000000000001,81b7ef1c-ae15-4a00-9117-19fbfcbca996,SP-25BF4C3BC1,V1GA2412,Mizuno,Mizuno Wave Momentum 3,footwear,men,exclusive,2026-05-29 20:40:54.077393+00:00,2026-05-29 20:40:54.077393+00:00,61.05,122.1,48,48,v1ga2412,sp25bf4c3bc1,mizuno,mizuno wave momentum 3,MIZUNO,V1GA2412,footwear_mizuno_wave_momentum_3,men,Mizuno Wave Momentum 3,2026-05-26,0.0,0.0,0.0,0,0,0,no_match,0.0,,0,movement_reconstructed,48,48,0.0,0.0,0.0,0,999,30,SP-25BF4C3BC1|2026-05-26
00000000-0000-0000-0000-000000000001,81b7ef1c-ae15-4a00-9117-19fbfcbca996,SP-25BF4C3BC1,V1GA2412,Mizuno,Mizuno Wave Momentum 3,footwear,men,exclusive,2026-05-29 20:40:54.077393+00:00,2026-05-29 20:40:54.077393+00:00,61.05,122.1,48,48,v1ga2412,sp25bf4c3bc1,mizuno,mizuno wave momentum 3,MIZUNO,V1GA2412,footwear_mizuno_wave_momentum_3,men,Mizuno Wave Momentum 3,2026-06-02,0.0,0.0,0.0,0,0,0,no_match,0.0,,0,movement_reconstructed,48,48,0.0,0.0,0.0,3,999,30,SP-25BF4C3BC1|2026-06-02
00000000-0000-0000-0000-000000000001,3a807040-1fb5-4607-9e6c-8096a3614729,SP-03C17880F4,JC8403,Adidas,3 STRIPES TEE,kids,kids,core,2026-05-29 20:40:54.077393+00:00,2026-05-29 20:40:54.077393+00:00,16.8,39.17,9,9,jc8403,sp03c17880f4,adidas,3 stripes tee,ADIDAS,JC8403,kids,kids,3 STRIPES TEE,2026-05-26,3150000.0,3150000.0,3150000.0,1,1,0,exact_style,1.0,1.0,1,movement_reconstructed,9,9,0.0,0.0,0.0,0,999,30,SP-03C17880F4|2026-05-26
00000000-0000-0000-0000-000000000001,3a807040-1fb5-4607-9e6c-8096a3614729,SP-03C17880F4,JC8403,Adidas,3 STRIPES TEE,kids,kids,core,2026-05-29 20:40:54.077393+00:00,2026-05-29 20:40:54.077393+00:00,16.8,39.17,9,9,jc8403,sp03c17880f4,adidas,3 stripes tee,ADIDAS,JC8403,kids,kids,3 STRIPES TEE,2026-06-02,0.0,0.0,0.0,0,0,0,no_match,0.0,,0,movement_reconstructed,9,9,0.0,0.0,0.0,3,999,30,SP-03C17880F4|2026-06-02
00000000-0000-0000-0000-000000000001,18d3013b-b331-47db-bd94-f52867db1dbe,SP-E44D80B7EB,IN235999,Adidas,Adidas Club Pleat Kids-Girls Tennis Skort White,kids,kids,core,2026-05-29 20:40:54.077393+00:00,2026-05-29 20:40:54.077393+00:00,29.28,74.65,9,9,in235999,spe44d80b7eb,adidas,adidas club pleat kids girls tennis skort white,ADIDAS,IN235999,kids,women,Adidas Club Pleat Kids-Girls Tennis Skort White,2026-05-26,24.0,36.333333333333336,61.0,1,1,0,same_model_family,0.8149,3.0,1,movement_reconstructed,9,9,0.0,0.0,0.0,0,999,30,SP-E44D80B7EB|2026-05-26
00000000-0000-0000-0000-000000000001,18d3013b-b331-47db-bd94-f52867db1dbe,SP-E44D80B7EB,IN235999,Adidas,Adidas Club Pleat Kids-Girls Tennis Skort White,kids,kids,core,2026-05-29 20:40:54.077393+00:00,2026-05-29 20:40:54.077393+00:00,29.28,74.65,9,9,in235999,spe44d80b7eb,adidas,adidas club pleat kids girls tennis skort white,ADIDAS,IN235999,kids,women,Adidas Club Pleat Kids-Girls Tennis Skort White,2026-06-02,0.0,0.0,0.0,0,0,0,no_match,0.0,,0,movement_reconstructed,9,9,0.0,0.0,0.0,3,999,30,SP-E44D80B7EB|2026-06-02
00000000-0000-0000-0000-000000000001,19a5b9a0-8dd0-4619-8749-ab2e3c02e526,SP-DDAA79AADE,IN174337,Adidas,Adidas Disney Mickey Mouse Summer Baby-Boys Sportswear Suit White/Black,kids,kids,core,2026-05-29 20:40:54.077393+00:00,2026-05-29 20:40:54.077393+00:00,14.88,33.23,9,9,in174337,spddaa79aade,adidas,adidas disney mickey mouse summer baby boys sportswear suit white/black,ADIDAS,IN174337,kids,men,Adidas Disney Mickey Mouse Summer Baby-Boys Sportswear Suit White/Black,2026-05-26,28.0,45.416666666666664,80.0,1,1,1,same_model_family,0.7691,12.0,1,movement_reconstructed,9,9,0.0,0.0,0.0,0,999,30,SP-DDAA79AADE|2026-05-26
00000000-0000-0000-0000-000000000001,19a5b9a0-8dd0-4619-8749-ab2e3c02e526,SP-DDAA79AADE,IN174337,Adidas,Adidas Disney Mickey Mouse Summer Baby-Boys Sportswear Suit White/Black,kids,kids,core,2026-05-29 20:40:54.077393+00:00,2026-05-29 20:40:54.077393+00:00,14.88,33.23,9,9,in174337,spddaa79aade,adidas,adidas disney mickey mouse summer baby boys sportswear suit white/black,ADIDAS,IN174337,kids,men,Adidas Disney Mickey Mouse Summer Baby-Boys Sportswear Suit White/Black,2026-06-02,0.0,0.0,0.0,0,0,0,no_match,0.0,,0,movement_reconstructed,9,9,0.0,0.0,0.0,3,999,30,SP-DDAA79AADE|2026-06-02
00000000-0000-0000-0000-000000000001,1e7f340f-0290-4972-b262-f8ada9430fa5,SP-DCD0168711,IN168591,Adidas,Adidas Disney Toy Story Little-Boys Training Suit Royal Blue/Lime,kids,kids,core,2026-05-29 20:40:54.077393+00:00,2026-05-29 20:40:54.077393+00:00,19.2,34.77,9,9,in168591,spdcd0168711,adidas,adidas disney toy story little boys training suit royal blue/lime,ADIDAS,IN168591,kids,men,Adidas Disney Toy Story Little-Boys Training Suit Royal Blue/Lime,2026-05-26,40.0,40.0,40.0,1,1,1,same_model_family,0.9634,2.0,1,movement_reconstructed,9,9,0.0,0.0,0.0,0,999,30,SP-DCD0168711|2026-05-26
00000000-0000-0000-0000-000000000001,1e7f340f-0290-4972-b262-f8ada9430fa5,SP-DCD0168711,IN168591,Adidas,Adidas Disney Toy Story Little-Boys Training Suit Royal Blue/Lime,kids,kids,core,2026-05-29 20:40:54.077393+00:00,2026-05-29 20:40:54.077393+00:00,19.2,34.77,9,9,in168591,spdcd0168711,adidas,adidas disney toy story little boys training suit royal blue/lime,ADIDAS,IN168591,kids,men,Adidas Disney Toy Story Little-Boys Training Suit Royal Blue/Lime,2026-06-02,0.0,0.0,0.0,0,0,0,no_match,0.0,,0,movement_reconstructed,9,9,0.0,0.0,0.0,3,999,30,SP-DCD0168711|2026-06-02
00000000-0000-0000-0000-000000000001,7ef28422-6921-4df4-8c4f-a445511038ba,SP-9775ACFE6C,IN204251,Crocs,Crocs Classic Neo Puff Kids Lifestyle After Ski Navy/Gum,kids,kids,core,2026-05-29 20:40:54.077393+00:00,2026-05-29 20:40:54.077393+00:00,26.0,57.8,9,9,in204251,sp9775acfe6c,crocs,crocs classic neo puff kids lifestyle after ski navy/gum,CROCS,IN204251,kids,kids,Crocs Classic Neo Puff Kids Lifestyle After Ski Navy/Gum,2026-05-26,50.0,50.0,50.0,1,1,1,same_model_family,0.9466,2.0,1,movement_reconstructed,9,9,0.0,0.0,0.0,0,999,30,SP-9775ACFE6C|2026-05-26
00000000-0000-0000-0000-000000000001,7ef28422-6921-4df4-8c4f-a445511038ba,SP-9775ACFE6C,IN204251,Crocs,Crocs Classic Neo Puff Kids Lifestyle After Ski Navy/Gum,kids,kids,core,2026-05-29 20:40:54.077393+00:00,2026-05-29 20:40:54.077393+00:00,26.0,57.8,9,9,in204251,sp9775acfe6c,crocs,crocs classic neo puff kids lifestyle after ski navy/gum,CROCS,IN204251,kids,kids,Crocs Classic Neo Puff Kids Lifestyle After Ski Navy/Gum,2026-06-02,0.0,0.0,0.0,0,0,0,no_match,0.0,,0,movement_reconstructed,9,9,0.0,0.0,0.0,3,999,30,SP-9775ACFE6C|2026-06-02
00000000-0000-0000-0000-000000000001,afbe6b2f-e8eb-46c5-8d70-221a8589a576,SP-A670A1698B,IN229217,The North Face,The North Face Baby 1996 Retro Nuptse One Piece Boys Hiking Suit Tnf Black,kids,kids,core,2026-05-29 20:40:54.077393+00:00,2026-05-29 20:40:54.077393+00:00,75.6,196.39,9,9,in229217,spa670a1698b,the north face,the north face baby 1996 retro nuptse one piece boys hiking suit tnf black,THE NORTH FACE,IN229217,kids,men,The North Face Baby 1996 Retro Nuptse One Piece Boys Hiking Suit Tnf Black,2026-05-26,140.0,147.0,168.0,1,1,1,same_model_family,0.7171,4.0,1,movement_reconstructed,9,9,0.0,0.0,0.0,0,999,30,SP-A670A1698B|2026-05-26
00000000-0000-0000-0000-000000000001,afbe6b2f-e8eb-46c5-8d70-221a8589a576,SP-A670A1698B,IN229217,The North Face,The North Face Baby 1996 Retro Nuptse One Piece Boys Hiking Suit Tnf Black,kids,kids,core,2026-05-29 20:40:54.077393+00:00,2026-05-29 20:40:54.077393+00:00,75.6,196.39,9,9,in229217,spa670a1698b,the north face,the north face baby 1996 retro nuptse one piece boys hiking suit tnf black,THE NORTH FACE,IN229217,kids,men,The North Face Baby 1996 Retro Nuptse One Piece Boys Hiking Suit Tnf Black,2026-06-02,0.0,0.0,0.0,0,0,0,no_match,0.0,,0,movement_reconstructed,9,9,0.0,0.0,0.0,3,999,30,SP-A670A1698B|2026-06-02
00000000-0000-0000-0000-000000000001,ba7b96d4-5ad1-4f2a-bf09-fb1e7b5ce5ae,SP-8DB0F3B215,IN216414,The North Face,The North Face Easy Kids Lifestyle Long Sleeve White,kids,kids,core,2026-05-29 20:40:54.077393+00:00,2026-05-29 20:40:54.077393+00:00,11.25,24.79,9,9,in216414,sp8db0f3b215,the north face,the north face easy kids lifestyle long sleeve white,THE NORTH FACE,IN216414,kids,kids,The North Face Easy Kids Lifestyle Long Sleeve White,2026-05-26,20.0,26.0,32.0,1,1,1,similar_product,0.6876,2.0,1,movement_reconstructed,9,9,0.0,0.0,0.0,0,999,30,SP-8DB0F3B215|2026-05-26
00000000-0000-0000-0000-000000000001,ba7b96d4-5ad1-4f2a-bf09-fb1e7b5ce5ae,SP-8DB0F3B215,IN216414,The North Face,The North Face Easy Kids Lifestyle Long Sleeve White,kids,kids,core,2026-05-29 20:40:54.077393+00:00,2026-05-29 20:40:54.077393+00:00,11.25,24.79,9,9,in216414,sp8db0f3b215,the north face,the north face easy kids lifestyle long sleeve white,THE NORTH FACE,IN216414,kids,kids,The North Face Easy Kids Lifestyle Long Sleeve White,2026-06-02,0.0,0.0,0.0,0,0,0,no_match,0.0,,0,movement_reconstructed,9,9,0.0,0.0,0.0,3,999,30,SP-8DB0F3B215|2026-06-02
00000000-0000-0000-0000-000000000001,1afd8117-6d03-4516-af09-153113cc649a,SP-1BEA1A72D1,IN094389,Aquatail,Aquatail Mermaid Tail Kids Beach Fins Blue,kids,kids,core,2026-05-29 20:40:54.077393+00:00,2026-05-29 20:40:54.077393+00:00,21.84,38.34,9,9,in094389,sp1bea1a72d1,aquatail,aquatail mermaid tail kids beach fins blue,AQUATAIL,IN094389,kids,kids,Aquatail Mermaid Tail Kids Beach Fins Blue,2026-05-26,0.0,0.0,0.0,0,0,0,no_match,0.0,,0,movement_reconstructed,9,9,0.0,0.0,0.0,0,999,30,SP-1BEA1A72D1|2026-05-26
00000000-0000-0000-0000-000000000001,1afd8117-6d03-4516-af09-153113cc649a,SP-1BEA1A72D1,IN094389,Aquatail,Aquatail Mermaid Tail Kids Beach Fins Blue,kids,kids,core,2026-05-29 20:40:54.077393+00:00,2026-05-29 20:40:54.077393+00:00,21.84,38.34,9,9,in094389,sp1bea1a72d1,aquatail,aquatail mermaid tail kids beach fins blue,AQUATAIL,IN094389,kids,kids,Aquatail Mermaid Tail Kids Beach Fins Blue,2026-06-02,0.0,0.0,0.0,0,0,0,no_match,0.0,,0,movement_reconstructed,9,9,0.0,0.0,0.0,3,999,30,SP-1BEA1A72D1|2026-06-02
00000000-0000-0000-0000-000000000001,6280b785-b8a5-45fe-8f14-e85a66fea588,SP-4B36B44C2F,IN094156,Aquatail,Aquatail Mermaid Tail Kids Beach Fins Green,kids,kids,core,2026-05-29 20:40:54.077393+00:00,2026-05-29 20:40:54.077393+00:00,21.84,45.26,9,9,in094156,sp4b36b44c2f,aquatail,aquatail mermaid tail kids beach fins green,AQUATAIL,IN094156,kids,kids,Aquatail Mermaid Tail Kids Beach Fins Green,2026-05-26,42.0,42.0,42.0,1,1,1,same_model_family,0.9798,6.0,1,movement_reconstructed,9,9,0.0,0.0,0.0,0,999,30,SP-4B36B44C2F|2026-05-26
00000000-0000-0000-0000-000000000001,6280b785-b8a5-45fe-8f14-e85a66fea588,SP-4B36B44C2F,IN094156,Aquatail,Aquatail Mermaid Tail Kids Beach Fins Green,kids,kids,core,2026-05-29 20:40:54.077393+00:00,2026-05-29 20:40:54.077393+00:00,21.84,45.26,9,9,in094156,sp4b36b44c2f,aquatail,aquatail mermaid tail kids beach fins green,AQUATAIL,IN094156,kids,kids,Aquatail Mermaid Tail Kids Beach Fins Green,2026-06-02,0.0,0.0,0.0,0,0,0,no_match,0.0,,0,movement_reconstructed,9,9,0.0,0.0,0.0,3,999,30,SP-4B36B44C2F|2026-06-02
00000000-0000-0000-0000-000000000001,b5d95dcf-ce72-4873-91b9-7b7546df0479,SP-7DC760B623,IN235631,Babolat,Babolat Nadal Junior 19 Kids Tennis Racquet Black/Yellow,kids,kids,core,2026-05-29 20:40:54.077393+00:00,2026-05-29 20:40:54.077393+00:00,29.12,57.91,9,9,in235631,sp7dc760b623,babolat,babolat nadal junior 19 kids tennis racquet black/yellow,BABOLAT,IN235631,kids,kids,Babolat Nadal Junior 19 Kids Tennis Racquet Black/Yellow,2026-05-26,54.0,75.0,123.0,1,0,1,same_model_family,0.8683,4.0,1,movement_reconstructed,9,9,0.0,0.0,0.0,0,999,30,SP-7DC760B623|2026-05-26
00000000-0000-0000-0000-000000000001,b5d95dcf-ce72-4873-91b9-7b7546df0479,SP-7DC760B623,IN235631,Babolat,Babolat Nadal Junior 19 Kids Tennis Racquet Black/Yellow,kids,kids,core,2026-05-29 20:40:54.077393+00:00,2026-05-29 20:40:54.077393+00:00,29.12,57.91,9,9,in235631,sp7dc760b623,babolat,babolat nadal junior 19 kids tennis racquet black/yellow,BABOLAT,IN235631,kids,kids,Babolat Nadal Junior 19 Kids Tennis Racquet Black/Yellow,2026-06-02,0.0,0.0,0.0,0,0,0,no_match,0.0,,0,movement_reconstructed,9,9,0.0,0.0,0.0,3,999,30,SP-7DC760B623|2026-06-02
00000000-0000-0000-0000-000000000001,e6c838c2-14c7-4781-995c-e3275d5b2cd1,SP-C3AF8C8D07,IN171671,Babolat,Babolat Nadal Junior 23 Strung Grip Kids Tennis Racquet Multi,kids,kids,core,2026-05-29 20:40:54.077393+00:00,2026-05-29 20:40:54.077393+00:00,34.84,86.04,9,9,in171671,spc3af8c8d07,babolat,babolat nadal junior 23 strung grip kids tennis racquet multi,BABOLAT,IN171671,kids,kids,Babolat Nadal Junior 23 Strung Grip Kids Tennis Racquet Multi,2026-05-26,67.0,89.0,111.0,1,0,1,same_model_family,0.8762,4.0,1,movement_reconstructed,9,9,0.0,0.0,0.0,0,999,30,SP-C3AF8C8D07|2026-05-26
00000000-0000-0000-0000-000000000001,e6c838c2-14c7-4781-995c-e3275d5b2cd1,SP-C3AF8C8D07,IN171671,Babolat,Babolat Nadal Junior 23 Strung Grip Kids Tennis Racquet Multi,kids,kids,core,2026-05-29 20:40:54.077393+00:00,2026-05-29 20:40:54.077393+00:00,34.84,86.04,9,9,in171671,spc3af8c8d07,babolat,babolat nadal junior 23 strung grip kids tennis racquet multi,BABOLAT,IN171671,kids,kids,Babolat Nadal Junior 23 Strung Grip Kids Tennis Racquet Multi,2026-06-02,0.0,0.0,0.0,0,0,0,no_match,0.0,,0,movement_reconstructed,9,9,0.0,0.0,0.0,3,999,30,SP-C3AF8C8D07|2026-06-02
00000000-0000-0000-0000-000000000001,9b286c41-8e43-4a9f-a7d2-346c5399faa2,SP-474329A365,IN235629,Babolat,Babolat Pure Drive Junior 25 Gen11 Kids Tennis Racquet Blue,kids,kids,core,2026-05-29 20:40:54.077393+00:00,2026-05-29 20:40:54.077393+00:00,92.56,189.47,9,9,in235629,sp474329a365,babolat,babolat pure drive junior 25 gen11 kids tennis racquet blue,BABOLAT,IN235629,kids,kids,Babolat Pure Drive Junior 25 Gen11 Kids Tennis Racquet Blue,2026-05-26,111.0,158.16666666666666,234.0,1,0,1,same_model_family,0.808,6.0,1,movement_reconstructed,9,9,0.0,0.0,0.0,0,999,30,SP-474329A365|2026-05-26
00000000-0000-0000-0000-000000000001,9b286c41-8e43-4a9f-a7d2-346c5399faa2,SP-474329A365,IN235629,Babolat,Babolat Pure Drive Junior 25 Gen11 Kids Tennis Racquet Blue,kids,kids,core,2026-05-29 20:40:54.077393+00:00,2026-05-29 20:40:54.077393+00:00,92.56,189.47,9,9,in235629,sp474329a365,babolat,babolat pure drive junior 25 gen11 kids tennis racquet blue,BABOLAT,IN235629,kids,kids,Babolat Pure Drive Junior 25 Gen11 Kids Tennis Racquet Blue,2026-06-02,0.0,0.0,0.0,0,0,0,no_match,0.0,,0,movement_reconstructed,9,9,0.0,0.0,0.0,3,999,30,SP-474329A365|2026-06-02
00000000-0000-0000-0000-000000000001,eca74f92-c539-48b2-9546-4ad28256767d,SP-42A81C708A,IN235630,Babolat,Babolat Pure Drive Junior 25 Gen11 Kids Tennis Racquet Light Blue,kids,kids,core,2026-05-29 20:40:54.077393+00:00,2026-05-29 20:40:54.077393+00:00,89.96,175.45,9,9,in235630,sp42a81c708a,babolat,babolat pure drive junior 25 gen11 kids tennis racquet light blue,BABOLAT,IN235630,kids,kids,Babolat Pure Drive Junior 25 Gen11 Kids Tennis Racquet Light Blue,2026-05-26,134.0,153.5,173.0,1,1,1,same_model_family,0.8336,2.0,1,movement_reconstructed,9,9,0.0,0.0,0.0,0,999,30,SP-42A81C708A|2026-05-26
00000000-0000-0000-0000-000000000001,eca74f92-c539-48b2-9546-4ad28256767d,SP-42A81C708A,IN235630,Babolat,Babolat Pure Drive Junior 25 Gen11 Kids Tennis Racquet Light Blue,kids,kids,core,2026-05-29 20:40:54.077393+00:00,2026-05-29 20:40:54.077393+00:00,89.96,175.45,9,9,in235630,sp42a81c708a,babolat,babolat pure drive junior 25 gen11 kids tennis racquet light blue,BABOLAT,IN235630,kids,kids,Babolat Pure Drive Junior 25 Gen11 Kids Tennis Racquet Light Blue,2026-06-02,0.0,0.0,0.0,0,0,0,no_match,0.0,,0,movement_reconstructed,9,9,0.0,0.0,0.0,3,999,30,SP-42A81C708A|2026-06-02
00000000-0000-0000-0000-000000000001,167f4cc2-c767-4ed4-a63c-00fd2851dc38,SP-4665CFBB2F,BB5476,Adidas,"Gazelle Shoes, Black",lifestyle,men,core,2026-05-29 20:40:54.077393+00:00,2026-05-29 20:40:54.077393+00:00,76.32,172.26,12,12,bb5476,sp4665cfbb2f,adidas,"gazelle shoes, black",ADIDAS,BB5476,footwear,men,"Gazelle Shoes, Black",2026-05-26,7200000.0,11272500.0,14310000.0,1,1,0,exact_style,0.895,4.0,1,movement_reconstructed,12,12,0.0,0.0,0.0,0,999,30,SP-4665CFBB2F|2026-05-26
00000000-0000-0000-0000-000000000001,167f4cc2-c767-4ed4-a63c-00fd2851dc38,SP-4665CFBB2F,BB5476,Adidas,"Gazelle Shoes, Black",lifestyle,men,core,2026-05-29 20:40:54.077393+00:00,2026-05-29 20:40:54.077393+00:00,76.32,172.26,12,12,bb5476,sp4665cfbb2f,adidas,"gazelle shoes, black",ADIDAS,BB5476,footwear,men,"Gazelle Shoes, Black",2026-06-02,0.0,0.0,0.0,0,0,0,no_match,0.0,,0,movement_reconstructed,12,12,0.0,0.0,0.0,3,999,30,SP-4665CFBB2F|2026-06-02
00000000-0000-0000-0000-000000000001,d2729855-af5e-4aef-a6dd-050ea51243a4,SP-0590004E40,DB3021,Adidas,"Handball Spezial Shoes, Black",lifestyle,men,core,2026-05-29 20:40:54.077393+00:00,2026-05-29 20:40:54.077393+00:00,76.32,152.94,12,12,db3021,sp0590004e40,adidas,"handball spezial shoes, black",ADIDAS,DB3021,footwear,men,"Handball Spezial Shoes, Black",2026-05-26,80.0,10260027.588235294,16290000.0,2,2,1,exact_style,0.8317,34.0,1,movement_reconstructed,12,12,0.0,0.0,0.0,0,999,30,SP-0590004E40|2026-05-26
00000000-0000-0000-0000-000000000001,d2729855-af5e-4aef-a6dd-050ea51243a4,SP-0590004E40,DB3021,Adidas,"Handball Spezial Shoes, Black",lifestyle,men,core,2026-05-29 20:40:54.077393+00:00,2026-05-29 20:40:54.077393+00:00,76.32,152.94,12,12,db3021,sp0590004e40,adidas,"handball spezial shoes, black",ADIDAS,DB3021,footwear,men,"Handball Spezial Shoes, Black",2026-06-02,0.0,0.0,0.0,0,0,0,no_match,0.0,,0,movement_reconstructed,12,12,0.0,0.0,0.0,3,999,30,SP-0590004E40|2026-06-02
00000000-0000-0000-0000-000000000001,854396fa-76f9-4b5f-a93c-c68802acad3c,SP-82664C3C8D,IH6592,Adidas,"Handball Spezial Shoes, White",lifestyle,men,core,2026-05-29 20:40:54.077393+00:00,2026-05-29 20:40:54.077393+00:00,76.32,167.99,12,12,ih6592,sp82664c3c8d,adidas,"handball spezial shoes, white",ADIDAS,IH6592,footwear,men,"Handball Spezial Shoes, White",2026-05-26,179.0,4770119.333333333,14310000.0,2,0,1,exact_style,0.8393,3.0,1,movement_reconstructed,12,12,0.0,0.0,0.0,0,999,30,SP-82664C3C8D|2026-05-26
00000000-0000-0000-0000-000000000001,854396fa-76f9-4b5f-a93c-c68802acad3c,SP-82664C3C8D,IH6592,Adidas,"Handball Spezial Shoes, White",lifestyle,men,core,2026-05-29 20:40:54.077393+00:00,2026-05-29 20:40:54.077393+00:00,76.32,167.99,12,12,ih6592,sp82664c3c8d,adidas,"handball spezial shoes, white",ADIDAS,IH6592,footwear,men,"Handball Spezial Shoes, White",2026-06-02,0.0,0.0,0.0,0,0,0,no_match,0.0,,0,movement_reconstructed,12,12,0.0,0.0,0.0,3,999,30,SP-82664C3C8D|2026-06-02
00000000-0000-0000-0000-000000000001,598f5c39-6b1f-43ca-82cc-904508643dd3,SP-8BD0B8EFA5,96613,K-Swiss,K-Swiss Hypercourt Express 2 W,footwear,women,exclusive,2026-05-29 20:40:54.077393+00:00,2026-05-29 20:40:54.077393+00:00,57.72,111.0,42,42,96613,sp8bd0b8efa5,k swiss,k swiss hypercourt express 2 w,K-SWISS,96613,footwear_k_swiss_hypercourt_express_2_w,women,K-Swiss Hypercourt Express 2 W,2026-05-26,0.0,0.0,0.0,0,0,0,no_match,0.0,,0,movement_reconstructed,42,42,0.0,0.0,0.0,0,999,30,SP-8BD0B8EFA5|2026-05-26
00000000-0000-0000-0000-000000000001,598f5c39-6b1f-43ca-82cc-904508643dd3,SP-8BD0B8EFA5,96613,K-Swiss,K-Swiss Hypercourt Express 2 W,footwear,women,exclusive,2026-05-29 20:40:54.077393+00:00,2026-05-29 20:40:54.077393+00:00,57.72,111.0,42,42,96613,sp8bd0b8efa5,k swiss,k swiss hypercourt express 2 w,K-SWISS,96613,footwear_k_swiss_hypercourt_express_2_w,women,K-Swiss Hypercourt Express 2 W,2026-06-02,0.0,0.0,0.0,0,0,0,no_match,0.0,,0,movement_reconstructed,42,42,0.0,0.0,0.0,3,999,30,SP-8BD0B8EFA5|2026-06-02
00000000-0000-0000-0000-000000000001,131c274e-501a-494e-a951-af40f9fe6855,SP-D936C9E9C6,J1GC2403,Mizuno,Mizuno Wave Rider 28,footwear,men,exclusive,2026-05-29 20:40:54.077393+00:00,2026-05-29 20:40:54.077393+00:00,77.7,155.4,48,48,j1gc2403,spd936c9e9c6,mizuno,mizuno wave rider 28,MIZUNO,J1GC2403,footwear_mizuno_wave_rider_28,men,Mizuno Wave Rider 28,2026-05-26,0.0,0.0,0.0,0,0,0,no_match,0.0,,0,movement_reconstructed,48,48,0.0,0.0,0.0,0,999,30,SP-D936C9E9C6|2026-05-26
00000000-0000-0000-0000-000000000001,131c274e-501a-494e-a951-af40f9fe6855,SP-D936C9E9C6,J1GC2403,Mizuno,Mizuno Wave Rider 28,footwear,men,exclusive,2026-05-29 20:40:54.077393+00:00,2026-05-29 20:40:54.077393+00:00,77.7,155.4,48,48,j1gc2403,spd936c9e9c6,mizuno,mizuno wave rider 28,MIZUNO,J1GC2403,footwear_mizuno_wave_rider_28,men,Mizuno Wave Rider 28,2026-06-02,0.0,0.0,0.0,0,0,0,no_match,0.0,,0,movement_reconstructed,48,48,0.0,0.0,0.0,3,999,30,SP-D936C9E9C6|2026-06-02
00000000-0000-0000-0000-000000000001,0ceb07b1-5f34-41c1-b024-c909b10da181,SP-FC6ABE238F,J1GC2544,Mizuno,Mizuno Wave Inspire 21,footwear,men,exclusive,2026-05-29 20:40:54.077393+00:00,2026-05-29 20:40:54.077393+00:00,77.7,155.4,42,42,j1gc2544,spfc6abe238f,mizuno,mizuno wave inspire 21,MIZUNO,J1GC2544,footwear_mizuno_wave_inspire_21,men,Mizuno Wave Inspire 21,2026-05-26,0.0,0.0,0.0,0,0,0,no_match,0.0,,0,movement_reconstructed,42,42,0.0,0.0,0.0,0,999,30,SP-FC6ABE238F|2026-05-26
00000000-0000-0000-0000-000000000001,0ceb07b1-5f34-41c1-b024-c909b10da181,SP-FC6ABE238F,J1GC2544,Mizuno,Mizuno Wave Inspire 21,footwear,men,exclusive,2026-05-29 20:40:54.077393+00:00,2026-05-29 20:40:54.077393+00:00,77.7,155.4,42,42,j1gc2544,spfc6abe238f,mizuno,mizuno wave inspire 21,MIZUNO,J1GC2544,footwear_mizuno_wave_inspire_21,men,Mizuno Wave Inspire 21,2026-06-02,0.0,0.0,0.0,0,0,0,no_match,0.0,,0,movement_reconstructed,42,42,0.0,0.0,0.0,3,999,30,SP-FC6ABE238F|2026-06-02
00000000-0000-0000-0000-000000000001,4fb0065b-a71d-42d7-9f08-360f150f2d28,SP-82B46A2F76,56B,La Sportiva,La Sportiva Kaptiva 2,footwear,men,exclusive,2026-05-29 20:40:54.077393+00:00,2026-05-29 20:40:54.077393+00:00,71.48,155.4,35,35,56b,sp82b46a2f76,la sportiva,la sportiva kaptiva 2,LA SPORTIVA,56B,sportswear,men,La Sportiva Kaptiva 2,2026-05-26,0.0,0.0,0.0,0,0,0,no_match,0.0,,0,movement_reconstructed,35,35,0.0,0.0,0.0,0,999,30,SP-82B46A2F76|2026-05-26
00000000-0000-0000-0000-000000000001,4fb0065b-a71d-42d7-9f08-360f150f2d28,SP-82B46A2F76,56B,La Sportiva,La Sportiva Kaptiva 2,footwear,men,exclusive,2026-05-29 20:40:54.077393+00:00,2026-05-29 20:40:54.077393+00:00,71.48,155.4,35,35,56b,sp82b46a2f76,la sportiva,la sportiva kaptiva 2,LA SPORTIVA,56B,sportswear,men,La Sportiva Kaptiva 2,2026-06-02,0.0,0.0,0.0,0,0,0,no_match,0.0,,0,movement_reconstructed,35,35,0.0,0.0,0.0,3,999,30,SP-82B46A2F76|2026-06-02
00000000-0000-0000-0000-000000000001,44bf4106-9405-4b53-b3a4-b22bef41c3f1,SP-CFC4A2736E,56J,La Sportiva,La Sportiva Jackal II,footwear,men,exclusive,2026-05-29 20:40:54.077393+00:00,2026-05-29 20:40:54.077393+00:00,79.14,172.05,28,28,56j,spcfc4a2736e,la sportiva,la sportiva jackal ii,LA SPORTIVA,56J,sportswear,men,La Sportiva Jackal II,2026-05-26,0.0,0.0,0.0,0,0,0,no_match,0.0,,0,movement_reconstructed,28,28,0.0,0.0,0.0,0,999,30,SP-CFC4A2736E|2026-05-26
00000000-0000-0000-0000-000000000001,44bf4106-9405-4b53-b3a4-b22bef41c3f1,SP-CFC4A2736E,56J,La Sportiva,La Sportiva Jackal II,footwear,men,exclusive,2026-05-29 20:40:54.077393+00:00,2026-05-29 20:40:54.077393+00:00,79.14,172.05,28,28,56j,spcfc4a2736e,la sportiva,la sportiva jackal ii,LA SPORTIVA,56J,sportswear,men,La Sportiva Jackal II,2026-06-02,0.0,0.0,0.0,0,0,0,no_match,0.0,,0,movement_reconstructed,28,28,0.0,0.0,0.0,3,999,30,SP-CFC4A2736E|2026-06-02
00000000-0000-0000-0000-000000000001,a9c05850-ef96-41e3-add5-99b3b4406765,SP-4AF5F1EE2D,BM4524,Columbia,Columbia Facet 75 Outdry,footwear,men,exclusive,2026-05-29 20:40:54.077393+00:00,2026-05-29 20:40:54.077393+00:00,83.25,166.5,40,40,bm4524,sp4af5f1ee2d,columbia,columbia facet 75 outdry,COLUMBIA,BM4524,footwear_columbia_facet_75_outdry,men,Columbia Facet 75 Outdry,2026-05-26,0.0,0.0,0.0,0,0,0,no_match,0.0,,0,movement_reconstructed,40,40,0.0,0.0,0.0,0,999,30,SP-4AF5F1EE2D|2026-05-26
00000000-0000-0000-0000-000000000001,a9c05850-ef96-41e3-add5-99b3b4406765,SP-4AF5F1EE2D,BM4524,Columbia,Columbia Facet 75 Outdry,footwear,men,exclusive,2026-05-29 20:40:54.077393+00:00,2026-05-29 20:40:54.077393+00:00,83.25,166.5,40,40,bm4524,sp4af5f1ee2d,columbia,columbia facet 75 outdry,COLUMBIA,BM4524,footwear_columbia_facet_75_outdry,men,Columbia Facet 75 Outdry,2026-06-02,0.0,0.0,0.0,0,0,0,no_match,0.0,,0,movement_reconstructed,40,40,0.0,0.0,0.0,3,999,30,SP-4AF5F1EE2D|2026-06-02
00000000-0000-0000-0000-000000000001,4556bb8b-8e72-4898-ab2f-29951027156f,SP-97D88E812C,J1GD2403,Mizuno,Mizuno Wave Rider 28 W,footwear,women,exclusive,2026-05-29 20:40:54.077393+00:00,2026-05-29 20:40:54.077393+00:00,77.7,155.4,42,42,j1gd2403,sp97d88e812c,mizuno,mizuno wave rider 28 w,MIZUNO,J1GD2403,footwear_mizuno_wave_rider_28_w,women,Mizuno Wave Rider 28 W,2026-05-26,0.0,0.0,0.0,0,0,0,no_match,0.0,,0,movement_reconstructed,42,42,0.0,0.0,0.0,0,999,30,SP-97D88E812C|2026-05-26
00000000-0000-0000-0000-000000000001,4556bb8b-8e72-4898-ab2f-29951027156f,SP-97D88E812C,J1GD2403,Mizuno,Mizuno Wave Rider 28 W,footwear,women,exclusive,2026-05-29 20:40:54.077393+00:00,2026-05-29 20:40:54.077393+00:00,77.7,155.4,42,42,j1gd2403,sp97d88e812c,mizuno,mizuno wave rider 28 w,MIZUNO,J1GD2403,footwear_mizuno_wave_rider_28_w,women,Mizuno Wave Rider 28 W,2026-06-02,0.0,0.0,0.0,0,0,0,no_match,0.0,,0,movement_reconstructed,42,42,0.0,0.0,0.0,3,999,30,SP-97D88E812C|2026-06-02
00000000-0000-0000-0000-000000000001,c7130087-cc73-4803-96c3-b211478d22ee,SP-33272498BE,J1GD2402,Mizuno,Mizuno Wave Sky 8,footwear,women,exclusive,2026-05-29 20:40:54.077393+00:00,2026-05-29 20:40:54.077393+00:00,83.25,166.5,35,35,j1gd2402,sp33272498be,mizuno,mizuno wave sky 8,MIZUNO,J1GD2402,footwear_mizuno_wave_sky_8,women,Mizuno Wave Sky 8,2026-05-26,0.0,0.0,0.0,0,0,0,no_match,0.0,,0,movement_reconstructed,35,35,0.0,0.0,0.0,0,999,30,SP-33272498BE|2026-05-26
00000000-0000-0000-0000-000000000001,c7130087-cc73-4803-96c3-b211478d22ee,SP-33272498BE,J1GD2402,Mizuno,Mizuno Wave Sky 8,footwear,women,exclusive,2026-05-29 20:40:54.077393+00:00,2026-05-29 20:40:54.077393+00:00,83.25,166.5,35,35,j1gd2402,sp33272498be,mizuno,mizuno wave sky 8,MIZUNO,J1GD2402,footwear_mizuno_wave_sky_8,women,Mizuno Wave Sky 8,2026-06-02,0.0,0.0,0.0,0,0,0,no_match,0.0,,0,movement_reconstructed,35,35,0.0,0.0,0.0,3,999,30,SP-33272498BE|2026-06-02
00000000-0000-0000-0000-000000000001,509c70b7-4070-42a6-b14c-a3668e40852e,SP-E5E8062C5F,26Z,La Sportiva,La Sportiva Wildcat 3.0 W,footwear,women,exclusive,2026-05-29 20:40:54.077393+00:00,2026-05-29 20:40:54.077393+00:00,68.93,149.85,28,28,26z,spe5e8062c5f,la sportiva,la sportiva wildcat 3.0 w,LA SPORTIVA,26Z,sportswear,women,La Sportiva Wildcat 3.0 W,2026-05-26,0.0,0.0,0.0,0,0,0,no_match,0.0,,0,movement_reconstructed,28,28,0.0,0.0,0.0,0,999,30,SP-E5E8062C5F|2026-05-26
00000000-0000-0000-0000-000000000001,509c70b7-4070-42a6-b14c-a3668e40852e,SP-E5E8062C5F,26Z,La Sportiva,La Sportiva Wildcat 3.0 W,footwear,women,exclusive,2026-05-29 20:40:54.077393+00:00,2026-05-29 20:40:54.077393+00:00,68.93,149.85,28,28,26z,spe5e8062c5f,la sportiva,la sportiva wildcat 3.0 w,LA SPORTIVA,26Z,sportswear,women,La Sportiva Wildcat 3.0 W,2026-06-02,0.0,0.0,0.0,0,0,0,no_match,0.0,,0,movement_reconstructed,28,28,0.0,0.0,0.0,3,999,30,SP-E5E8062C5F|2026-06-02
00000000-0000-0000-0000-000000000001,fd53f889-a89e-4376-b344-3e258ec83399,SP-87178E76A0,BL7027,Columbia,Columbia Peakfreak II OutDry W,footwear,women,exclusive,2026-05-29 20:40:54.077393+00:00,2026-05-29 20:40:54.077393+00:00,61.05,122.1,35,35,bl7027,sp87178e76a0,columbia,columbia peakfreak ii outdry w,COLUMBIA,BL7027,footwear_columbia_peakfreak_ii_outdry_w,women,Columbia Peakfreak II OutDry W,2026-05-26,0.0,0.0,0.0,0,0,0,no_match,0.0,,0,movement_reconstructed,35,35,0.0,0.0,0.0,0,999,30,SP-87178E76A0|2026-05-26
00000000-0000-0000-0000-000000000001,fd53f889-a89e-4376-b344-3e258ec83399,SP-87178E76A0,BL7027,Columbia,Columbia Peakfreak II OutDry W,footwear,women,exclusive,2026-05-29 20:40:54.077393+00:00,2026-05-29 20:40:54.077393+00:00,61.05,122.1,35,35,bl7027,sp87178e76a0,columbia,columbia peakfreak ii outdry w,COLUMBIA,BL7027,footwear_columbia_peakfreak_ii_outdry_w,women,Columbia Peakfreak II OutDry W,2026-06-02,0.0,0.0,0.0,0,0,0,no_match,0.0,,0,movement_reconstructed,35,35,0.0,0.0,0.0,3,999,30,SP-87178E76A0|2026-06-02
00000000-0000-0000-0000-000000000001,d5472687-40d1-4437-82eb-39346ffb567d,SP-E73794CCEB,46S,La Sportiva,La Sportiva Bushido III,footwear,men,exclusive,2026-05-29 20:40:54.077393+00:00,2026-05-29 20:40:54.077393+00:00,76.59,166.5,28,28,46s,spe73794cceb,la sportiva,la sportiva bushido iii,LA SPORTIVA,46S,sportswear,men,La Sportiva Bushido III,2026-05-26,0.0,0.0,0.0,0,0,0,no_match,0.0,,0,movement_reconstructed,28,28,0.0,0.0,0.0,0,999,30,SP-E73794CCEB|2026-05-26
00000000-0000-0000-0000-000000000001,d5472687-40d1-4437-82eb-39346ffb567d,SP-E73794CCEB,46S,La Sportiva,La Sportiva Bushido III,footwear,men,exclusive,2026-05-29 20:40:54.077393+00:00,2026-05-29 20:40:54.077393+00:00,76.59,166.5,28,28,46s,spe73794cceb,la sportiva,la sportiva bushido iii,LA SPORTIVA,46S,sportswear,men,La Sportiva Bushido III,2026-06-02,0.0,0.0,0.0,0,0,0,no_match,0.0,,0,movement_reconstructed,28,28,0.0,0.0,0.0,3,999,30,SP-E73794CCEB|2026-06-02
00000000-0000-0000-0000-000000000001,8c066dab-cc35-425c-a0f8-c8ca0a48654f,SP-A66350455D,1028987,Keen,Keen Targhee IV Mid WP,footwear,men,exclusive,2026-05-29 20:40:54.077393+00:00,2026-05-29 20:40:54.077393+00:00,87.91,183.15,40,40,1028987,spa66350455d,keen,keen targhee iv mid wp,KEEN,1028987,footwear_keen_targhee_iv_mid_wp,men,Keen Targhee IV Mid WP,2026-05-26,0.0,0.0,0.0,0,0,0,no_match,0.0,,0,movement_reconstructed,40,40,0.0,0.0,0.0,0,999,30,SP-A66350455D|2026-05-26
00000000-0000-0000-0000-000000000001,8c066dab-cc35-425c-a0f8-c8ca0a48654f,SP-A66350455D,1028987,Keen,Keen Targhee IV Mid WP,footwear,men,exclusive,2026-05-29 20:40:54.077393+00:00,2026-05-29 20:40:54.077393+00:00,87.91,183.15,40,40,1028987,spa66350455d,keen,keen targhee iv mid wp,KEEN,1028987,footwear_keen_targhee_iv_mid_wp,men,Keen Targhee IV Mid WP,2026-06-02,0.0,0.0,0.0,0,0,0,no_match,0.0,,0,movement_reconstructed,40,40,0.0,0.0,0.0,3,999,30,SP-A66350455D|2026-06-02
00000000-0000-0000-0000-000000000001,f2ed2c22-0495-44b6-a6bd-cbc9f3798e6f,SP-36AFC5305C,1024864,Keen,Keen Venture Mid WP,footwear,men,exclusive,2026-05-29 20:40:54.077393+00:00,2026-05-29 20:40:54.077393+00:00,74.59,155.4,40,40,1024864,sp36afc5305c,keen,keen venture mid wp,KEEN,1024864,footwear_keen_venture_mid_wp,men,Keen Venture Mid WP,2026-05-26,0.0,0.0,0.0,0,0,0,no_match,0.0,,0,movement_reconstructed,40,40,0.0,0.0,0.0,0,999,30,SP-36AFC5305C|2026-05-26
00000000-0000-0000-0000-000000000001,f2ed2c22-0495-44b6-a6bd-cbc9f3798e6f,SP-36AFC5305C,1024864,Keen,Keen Venture Mid WP,footwear,men,exclusive,2026-05-29 20:40:54.077393+00:00,2026-05-29 20:40:54.077393+00:00,74.59,155.4,40,40,1024864,sp36afc5305c,keen,keen venture mid wp,KEEN,1024864,footwear_keen_venture_mid_wp,men,Keen Venture Mid WP,2026-06-02,0.0,0.0,0.0,0,0,0,no_match,0.0,,0,movement_reconstructed,40,40,0.0,0.0,0.0,3,999,30,SP-36AFC5305C|2026-06-02
00000000-0000-0000-0000-000000000001,96bc2d0a-8a45-4ac7-a3aa-00333b581293,SP-D21AF978EC,1028060,Keen,Keen Jasper Vent,footwear,men,exclusive,2026-05-29 20:40:54.077393+00:00,2026-05-29 20:40:54.077393+00:00,53.28,111.0,48,48,1028060,spd21af978ec,keen,keen jasper vent,KEEN,1028060,footwear_keen_jasper_vent,men,Keen Jasper Vent,2026-05-26,0.0,0.0,0.0,0,0,0,no_match,0.0,,0,movement_reconstructed,48,48,0.0,0.0,0.0,0,999,30,SP-D21AF978EC|2026-05-26
00000000-0000-0000-0000-000000000001,96bc2d0a-8a45-4ac7-a3aa-00333b581293,SP-D21AF978EC,1028060,Keen,Keen Jasper Vent,footwear,men,exclusive,2026-05-29 20:40:54.077393+00:00,2026-05-29 20:40:54.077393+00:00,53.28,111.0,48,48,1028060,spd21af978ec,keen,keen jasper vent,KEEN,1028060,footwear_keen_jasper_vent,men,Keen Jasper Vent,2026-06-02,0.0,0.0,0.0,0,0,0,no_match,0.0,,0,movement_reconstructed,48,48,0.0,0.0,0.0,3,999,30,SP-D21AF978EC|2026-06-02
00000000-0000-0000-0000-000000000001,af2258c3-2d60-4c12-823a-140b94c55972,SP-139E4E0F8D,BM3970,Columbia,Columbia Newton Ridge Plus 2 WP,footwear,men,exclusive,2026-05-29 20:40:54.077393+00:00,2026-05-29 20:40:54.077393+00:00,55.5,111.0,48,48,bm3970,sp139e4e0f8d,columbia,columbia newton ridge plus 2 wp,COLUMBIA,BM3970,footwear_columbia_newton_ridge_plus_2_wp,men,Columbia Newton Ridge Plus 2 WP,2026-05-26,0.0,0.0,0.0,0,0,0,no_match,0.0,,0,movement_reconstructed,48,48,0.0,0.0,0.0,0,999,30,SP-139E4E0F8D|2026-05-26
00000000-0000-0000-0000-000000000001,af2258c3-2d60-4c12-823a-140b94c55972,SP-139E4E0F8D,BM3970,Columbia,Columbia Newton Ridge Plus 2 WP,footwear,men,exclusive,2026-05-29 20:40:54.077393+00:00,2026-05-29 20:40:54.077393+00:00,55.5,111.0,48,48,bm3970,sp139e4e0f8d,columbia,columbia newton ridge plus 2 wp,COLUMBIA,BM3970,footwear_columbia_newton_ridge_plus_2_wp,men,Columbia Newton Ridge Plus 2 WP,2026-06-02,0.0,0.0,0.0,0,0,0,no_match,0.0,,0,movement_reconstructed,48,48,0.0,0.0,0.0,3,999,30,SP-139E4E0F8D|2026-06-02
00000000-0000-0000-0000-000000000001,999089a7-1250-43bf-852c-0bc95cb2ab49,SP-F74A6F2CD7,1028992,Keen,Keen Targhee IV WP Low W,footwear,women,exclusive,2026-05-29 20:40:54.077393+00:00,2026-05-29 20:40:54.077393+00:00,71.93,149.85,35,35,1028992,spf74a6f2cd7,keen,keen targhee iv wp low w,KEEN,1028992,footwear_keen_targhee_iv_wp_low_w,women,Keen Targhee IV WP Low W,2026-05-26,0.0,0.0,0.0,0,0,0,no_match,0.0,,0,movement_reconstructed,35,35,0.0,0.0,0.0,0,999,30,SP-F74A6F2CD7|2026-05-26
00000000-0000-0000-0000-000000000001,999089a7-1250-43bf-852c-0bc95cb2ab49,SP-F74A6F2CD7,1028992,Keen,Keen Targhee IV WP Low W,footwear,women,exclusive,2026-05-29 20:40:54.077393+00:00,2026-05-29 20:40:54.077393+00:00,71.93,149.85,35,35,1028992,spf74a6f2cd7,keen,keen targhee iv wp low w,KEEN,1028992,footwear_keen_targhee_iv_wp_low_w,women,Keen Targhee IV WP Low W,2026-06-02,0.0,0.0,0.0,0,0,0,no_match,0.0,,0,movement_reconstructed,35,35,0.0,0.0,0.0,3,999,30,SP-F74A6F2CD7|2026-06-02
00000000-0000-0000-0000-000000000001,1d4bdf46-0cc9-4452-989b-de07621e1939,SP-BD7AEE01A2,1028730,Keen,Keen Terradora Flex WP W,footwear,women,exclusive,2026-05-29 20:40:54.077393+00:00,2026-05-29 20:40:54.077393+00:00,71.93,149.85,35,35,1028730,spbd7aee01a2,keen,keen terradora flex wp w,KEEN,1028730,footwear_keen_terradora_flex_wp_w,women,Keen Terradora Flex WP W,2026-05-26,0.0,0.0,0.0,0,0,0,no_match,0.0,,0,movement_reconstructed,35,35,0.0,0.0,0.0,0,999,30,SP-BD7AEE01A2|2026-05-26
00000000-0000-0000-0000-000000000001,1d4bdf46-0cc9-4452-989b-de07621e1939,SP-BD7AEE01A2,1028730,Keen,Keen Terradora Flex WP W,footwear,women,exclusive,2026-05-29 20:40:54.077393+00:00,2026-05-29 20:40:54.077393+00:00,71.93,149.85,35,35,1028730,spbd7aee01a2,keen,keen terradora flex wp w,KEEN,1028730,footwear_keen_terradora_flex_wp_w,women,Keen Terradora Flex WP W,2026-06-02,0.0,0.0,0.0,0,0,0,no_match,0.0,,0,movement_reconstructed,35,35,0.0,0.0,0.0,3,999,30,SP-BD7AEE01A2|2026-06-02
00000000-0000-0000-0000-000000000001,01901a36-a06a-48c8-b1a9-1a53ac91c19a,SP-5314E7EA83,BL4550,Columbia,Columbia Newton Ridge Plus W,footwear,women,exclusive,2026-05-29 20:40:54.077393+00:00,2026-05-29 20:40:54.077393+00:00,49.95,99.9,42,42,bl4550,sp5314e7ea83,columbia,columbia newton ridge plus w,COLUMBIA,BL4550,footwear_columbia_newton_ridge_plus_w,women,Columbia Newton Ridge Plus W,2026-05-26,0.0,0.0,0.0,0,0,0,no_match,0.0,,0,movement_reconstructed,42,42,0.0,0.0,0.0,0,999,30,SP-5314E7EA83|2026-05-26
00000000-0000-0000-0000-000000000001,01901a36-a06a-48c8-b1a9-1a53ac91c19a,SP-5314E7EA83,BL4550,Columbia,Columbia Newton Ridge Plus W,footwear,women,exclusive,2026-05-29 20:40:54.077393+00:00,2026-05-29 20:40:54.077393+00:00,49.95,99.9,42,42,bl4550,sp5314e7ea83,columbia,columbia newton ridge plus w,COLUMBIA,BL4550,footwear_columbia_newton_ridge_plus_w,women,Columbia Newton Ridge Plus W,2026-06-02,0.0,0.0,0.0,0,0,0,no_match,0.0,,0,movement_reconstructed,42,42,0.0,0.0,0.0,3,999,30,SP-5314E7EA83|2026-06-02
00000000-0000-0000-0000-000000000001,4beb89bd-1a43-43ff-9fa6-d024fe203b6f,SP-CED36CC988,46U,La Sportiva,La Sportiva Bushido III W,footwear,women,exclusive,2026-05-29 20:40:54.077393+00:00,2026-05-29 20:40:54.077393+00:00,74.04,160.95,28,28,46u,spced36cc988,la sportiva,la sportiva bushido iii w,LA SPORTIVA,46U,sportswear,women,La Sportiva Bushido III W,2026-05-26,0.0,0.0,0.0,0,0,0,no_match,0.0,,0,movement_reconstructed,28,28,0.0,0.0,0.0,0,999,30,SP-CED36CC988|2026-05-26
00000000-0000-0000-0000-000000000001,4beb89bd-1a43-43ff-9fa6-d024fe203b6f,SP-CED36CC988,46U,La Sportiva,La Sportiva Bushido III W,footwear,women,exclusive,2026-05-29 20:40:54.077393+00:00,2026-05-29 20:40:54.077393+00:00,74.04,160.95,28,28,46u,spced36cc988,la sportiva,la sportiva bushido iii w,LA SPORTIVA,46U,sportswear,women,La Sportiva Bushido III W,2026-06-02,0.0,0.0,0.0,0,0,0,no_match,0.0,,0,movement_reconstructed,28,28,0.0,0.0,0.0,3,999,30,SP-CED36CC988|2026-06-02
00000000-0000-0000-0000-000000000001,0508dec1-d39b-48b9-a919-a81a3cf44c39,SP-7C0B3A5ECD,1025071,Keen,Keen Newport H2 Kids,kids,kids,exclusive,2026-05-29 20:40:54.077393+00:00,2026-05-29 20:40:54.077393+00:00,37.3,77.7,55,55,1025071,sp7c0b3a5ecd,keen,keen newport h2 kids,KEEN,1025071,kids,kids,Keen Newport H2 Kids,2026-05-26,0.0,0.0,0.0,0,0,0,no_match,0.0,,0,movement_reconstructed,55,55,0.0,0.0,0.0,0,999,30,SP-7C0B3A5ECD|2026-05-26
00000000-0000-0000-0000-000000000001,0508dec1-d39b-48b9-a919-a81a3cf44c39,SP-7C0B3A5ECD,1025071,Keen,Keen Newport H2 Kids,kids,kids,exclusive,2026-05-29 20:40:54.077393+00:00,2026-05-29 20:40:54.077393+00:00,37.3,77.7,55,55,1025071,sp7c0b3a5ecd,keen,keen newport h2 kids,KEEN,1025071,kids,kids,Keen Newport H2 Kids,2026-06-02,0.0,0.0,0.0,0,0,0,no_match,0.0,,0,movement_reconstructed,55,55,0.0,0.0,0.0,3,999,30,SP-7C0B3A5ECD|2026-06-02
00000000-0000-0000-0000-000000000001,30e14af3-49ca-432f-a7df-df823ccd4442,SP-3EEFEBBB72,BY5959,Columbia,Columbia Trailstorm Mid WP Kids,kids,kids,exclusive,2026-05-29 20:40:54.077393+00:00,2026-05-29 20:40:54.077393+00:00,38.85,77.7,55,55,by5959,sp3eefebbb72,columbia,columbia trailstorm mid wp kids,COLUMBIA,BY5959,footwear,kids,Columbia Trailstorm Mid WP Kids,2026-05-26,0.0,0.0,0.0,0,0,0,no_match,0.0,,0,movement_reconstructed,55,55,0.0,0.0,0.0,0,999,30,SP-3EEFEBBB72|2026-05-26
00000000-0000-0000-0000-000000000001,30e14af3-49ca-432f-a7df-df823ccd4442,SP-3EEFEBBB72,BY5959,Columbia,Columbia Trailstorm Mid WP Kids,kids,kids,exclusive,2026-05-29 20:40:54.077393+00:00,2026-05-29 20:40:54.077393+00:00,38.85,77.7,55,55,by5959,sp3eefebbb72,columbia,columbia trailstorm mid wp kids,COLUMBIA,BY5959,footwear,kids,Columbia Trailstorm Mid WP Kids,2026-06-02,0.0,0.0,0.0,0,0,0,no_match,0.0,,0,movement_reconstructed,55,55,0.0,0.0,0.0,3,999,30,SP-3EEFEBBB72|2026-06-02
00000000-0000-0000-0000-000000000001,07d3b707-11d9-4d3f-a414-a7204e6732dd,SP-B5ED3DA9C3,1024742,Keen,Keen Targhee Sport Kids,kids,kids,exclusive,2026-05-29 20:40:54.077393+00:00,2026-05-29 20:40:54.077393+00:00,39.96,83.25,35,35,1024742,spb5ed3da9c3,keen,keen targhee sport kids,KEEN,1024742,kids,kids,Keen Targhee Sport Kids,2026-05-26,0.0,0.0,0.0,0,0,0,no_match,0.0,,0,movement_reconstructed,35,35,0.0,0.0,0.0,0,999,30,SP-B5ED3DA9C3|2026-05-26
00000000-0000-0000-0000-000000000001,07d3b707-11d9-4d3f-a414-a7204e6732dd,SP-B5ED3DA9C3,1024742,Keen,Keen Targhee Sport Kids,kids,kids,exclusive,2026-05-29 20:40:54.077393+00:00,2026-05-29 20:40:54.077393+00:00,39.96,83.25,35,35,1024742,spb5ed3da9c3,keen,keen targhee sport kids,KEEN,1024742,kids,kids,Keen Targhee Sport Kids,2026-06-02,0.0,0.0,0.0,0,0,0,no_match,0.0,,0,movement_reconstructed,35,35,0.0,0.0,0.0,3,999,30,SP-B5ED3DA9C3|2026-06-02
00000000-0000-0000-0000-000000000001,6e75d7bd-8789-4d26-9f2e-e7f3418a9882,SP-2F43E7EF07,1004006,Teva,Teva Original Universal M,footwear,men,exclusive,2026-05-29 20:40:54.077393+00:00,2026-05-29 20:40:54.077393+00:00,36.63,66.6,64,64,1004006,sp2f43e7ef07,teva,teva original universal m,TEVA,1004006,footwear_teva_original_universal_m,men,Teva Original Universal M,2026-05-26,0.0,0.0,0.0,0,0,0,no_match,0.0,,0,movement_reconstructed,64,64,0.0,0.0,0.0,0,999,30,SP-2F43E7EF07|2026-05-26
00000000-0000-0000-0000-000000000001,6e75d7bd-8789-4d26-9f2e-e7f3418a9882,SP-2F43E7EF07,1004006,Teva,Teva Original Universal M,footwear,men,exclusive,2026-05-29 20:40:54.077393+00:00,2026-05-29 20:40:54.077393+00:00,36.63,66.6,64,64,1004006,sp2f43e7ef07,teva,teva original universal m,TEVA,1004006,footwear_teva_original_universal_m,men,Teva Original Universal M,2026-06-02,0.0,0.0,0.0,0,0,0,no_match,0.0,,0,movement_reconstructed,64,64,0.0,0.0,0.0,3,999,30,SP-2F43E7EF07|2026-06-02
00000000-0000-0000-0000-000000000001,8778fb88-ff4c-49dc-8f11-852d9913daa3,SP-2644ED0974,1003987,Teva,Teva Original Universal W,footwear,women,exclusive,2026-05-29 20:40:54.077393+00:00,2026-05-29 20:40:54.077393+00:00,36.63,66.6,56,56,1003987,sp2644ed0974,teva,teva original universal w,TEVA,1003987,footwear_teva_original_universal_w,women,Teva Original Universal W,2026-05-26,0.0,0.0,0.0,0,0,0,no_match,0.0,,0,movement_reconstructed,56,56,0.0,0.0,0.0,0,999,30,SP-2644ED0974|2026-05-26
00000000-0000-0000-0000-000000000001,8778fb88-ff4c-49dc-8f11-852d9913daa3,SP-2644ED0974,1003987,Teva,Teva Original Universal W,footwear,women,exclusive,2026-05-29 20:40:54.077393+00:00,2026-05-29 20:40:54.077393+00:00,36.63,66.6,56,56,1003987,sp2644ed0974,teva,teva original universal w,TEVA,1003987,footwear_teva_original_universal_w,women,Teva Original Universal W,2026-06-02,0.0,0.0,0.0,0,0,0,no_match,0.0,,0,movement_reconstructed,56,56,0.0,0.0,0.0,3,999,30,SP-2644ED0974|2026-06-02
00000000-0000-0000-0000-000000000001,b55387b5-eeaa-465e-a036-81d9920bdb21,SP-D3B81EBF5D,1019234,Teva,Teva Hurricane XLT2 M,footwear,men,exclusive,2026-05-29 20:40:54.077393+00:00,2026-05-29 20:40:54.077393+00:00,42.74,77.7,48,48,1019234,spd3b81ebf5d,teva,teva hurricane xlt2 m,TEVA,1019234,footwear_teva_hurricane_xlt2_m,men,Teva Hurricane XLT2 M,2026-05-26,0.0,0.0,0.0,0,0,0,no_match,0.0,,0,movement_reconstructed,48,48,0.0,0.0,0.0,0,999,30,SP-D3B81EBF5D|2026-05-26
00000000-0000-0000-0000-000000000001,b55387b5-eeaa-465e-a036-81d9920bdb21,SP-D3B81EBF5D,1019234,Teva,Teva Hurricane XLT2 M,footwear,men,exclusive,2026-05-29 20:40:54.077393+00:00,2026-05-29 20:40:54.077393+00:00,42.74,77.7,48,48,1019234,spd3b81ebf5d,teva,teva hurricane xlt2 m,TEVA,1019234,footwear_teva_hurricane_xlt2_m,men,Teva Hurricane XLT2 M,2026-06-02,0.0,0.0,0.0,0,0,0,no_match,0.0,,0,movement_reconstructed,48,48,0.0,0.0,0.0,3,999,30,SP-D3B81EBF5D|2026-06-02
00000000-0000-0000-0000-000000000001,ee66b7f7-68b4-48bb-924c-1584590196e1,SP-89F398D858,4266,Teva,Teva Tirra W,footwear,women,exclusive,2026-05-29 20:40:54.077393+00:00,2026-05-29 20:40:54.077393+00:00,42.74,77.7,42,42,4266,sp89f398d858,teva,teva tirra w,TEVA,4266,footwear_teva_tirra_w,women,Teva Tirra W,2026-05-26,0.0,0.0,0.0,0,0,0,no_match,0.0,,0,movement_reconstructed,42,42,0.0,0.0,0.0,0,999,30,SP-89F398D858|2026-05-26
00000000-0000-0000-0000-000000000001,ee66b7f7-68b4-48bb-924c-1584590196e1,SP-89F398D858,4266,Teva,Teva Tirra W,footwear,women,exclusive,2026-05-29 20:40:54.077393+00:00,2026-05-29 20:40:54.077393+00:00,42.74,77.7,42,42,4266,sp89f398d858,teva,teva tirra w,TEVA,4266,footwear_teva_tirra_w,women,Teva Tirra W,2026-06-02,0.0,0.0,0.0,0,0,0,no_match,0.0,,0,movement_reconstructed,42,42,0.0,0.0,0.0,3,999,30,SP-89F398D858|2026-06-02
00000000-0000-0000-0000-000000000001,2d955196-7667-4688-8fae-5f8937770541,SP-24AE4646D5,1001907,Keen,Keen Newport H2 Sandal M,footwear,men,exclusive,2026-05-29 20:40:54.077393+00:00,2026-05-29 20:40:54.077393+00:00,58.61,122.1,40,40,1001907,sp24ae4646d5,keen,keen newport h2 sandal m,KEEN,1001907,footwear_keen_newport_h2_sandal_m,men,Keen Newport H2 Sandal M,2026-05-26,0.0,0.0,0.0,0,0,0,no_match,0.0,,0,movement_reconstructed,40,40,0.0,0.0,0.0,0,999,30,SP-24AE4646D5|2026-05-26
00000000-0000-0000-0000-000000000001,2d955196-7667-4688-8fae-5f8937770541,SP-24AE4646D5,1001907,Keen,Keen Newport H2 Sandal M,footwear,men,exclusive,2026-05-29 20:40:54.077393+00:00,2026-05-29 20:40:54.077393+00:00,58.61,122.1,40,40,1001907,sp24ae4646d5,keen,keen newport h2 sandal m,KEEN,1001907,footwear_keen_newport_h2_sandal_m,men,Keen Newport H2 Sandal M,2026-06-02,0.0,0.0,0.0,0,0,0,no_match,0.0,,0,movement_reconstructed,40,40,0.0,0.0,0.0,3,999,30,SP-24AE4646D5|2026-06-02
00000000-0000-0000-0000-000000000001,66d641b7-0a37-47e0-961d-032adbea84ec,SP-200BA4F84D,1028585,Keen,Keen Howser III Slide,footwear,unisex,exclusive,2026-05-29 20:40:54.077393+00:00,2026-05-29 20:40:54.077393+00:00,42.62,88.8,50,50,1028585,sp200ba4f84d,keen,keen howser iii slide,KEEN,1028585,footwear_keen_howser_iii_slide,unisex,Keen Howser III Slide,2026-05-26,0.0,0.0,0.0,0,0,0,no_match,0.0,,0,movement_reconstructed,50,50,0.0,0.0,0.0,0,999,30,SP-200BA4F84D|2026-05-26
00000000-0000-0000-0000-000000000001,66d641b7-0a37-47e0-961d-032adbea84ec,SP-200BA4F84D,1028585,Keen,Keen Howser III Slide,footwear,unisex,exclusive,2026-05-29 20:40:54.077393+00:00,2026-05-29 20:40:54.077393+00:00,42.62,88.8,50,50,1028585,sp200ba4f84d,keen,keen howser iii slide,KEEN,1028585,footwear_keen_howser_iii_slide,unisex,Keen Howser III Slide,2026-06-02,0.0,0.0,0.0,0,0,0,no_match,0.0,,0,movement_reconstructed,50,50,0.0,0.0,0.0,3,999,30,SP-200BA4F84D|2026-06-02
00000000-0000-0000-0000-000000000001,68af73cd-7ad1-4ae9-9e65-916be258ab4f,SP-5827249A55,051731,Birkenstock,Birkenstock Arizona Birko-Flor W,footwear,women,exclusive,2026-05-29 20:40:54.077393+00:00,2026-05-29 20:40:54.077393+00:00,53.28,111.0,40,40,051731,sp5827249a55,birkenstock,birkenstock arizona birko flor w,BIRKENSTOCK,051731,footwear_birkenstock_arizona_birko_flor_w,women,Birkenstock Arizona Birko-Flor W,2026-05-26,0.0,0.0,0.0,0,0,0,no_match,0.0,,0,movement_reconstructed,40,40,0.0,0.0,0.0,0,999,30,SP-5827249A55|2026-05-26
00000000-0000-0000-0000-000000000001,68af73cd-7ad1-4ae9-9e65-916be258ab4f,SP-5827249A55,051731,Birkenstock,Birkenstock Arizona Birko-Flor W,footwear,women,exclusive,2026-05-29 20:40:54.077393+00:00,2026-05-29 20:40:54.077393+00:00,53.28,111.0,40,40,051731,sp5827249a55,birkenstock,birkenstock arizona birko flor w,BIRKENSTOCK,051731,footwear_birkenstock_arizona_birko_flor_w,women,Birkenstock Arizona Birko-Flor W,2026-06-02,0.0,0.0,0.0,0,0,0,no_match,0.0,,0,movement_reconstructed,40,40,0.0,0.0,0.0,3,999,30,SP-5827249A55|2026-06-02
00000000-0000-0000-0000-000000000001,751f3d36-e8b0-4126-bb88-9bc57a72bc61,SP-A31AD355C0,060401,Birkenstock,Birkenstock Boston Clog M,footwear,men,exclusive,2026-05-29 20:40:54.077393+00:00,2026-05-29 20:40:54.077393+00:00,79.92,166.5,28,28,060401,spa31ad355c0,birkenstock,birkenstock boston clog m,BIRKENSTOCK,060401,footwear,men,Birkenstock Boston Clog M,2026-05-26,0.0,0.0,0.0,0,0,0,no_match,0.0,,0,movement_reconstructed,28,28,0.0,0.0,0.0,0,999,30,SP-A31AD355C0|2026-05-26
00000000-0000-0000-0000-000000000001,751f3d36-e8b0-4126-bb88-9bc57a72bc61,SP-A31AD355C0,060401,Birkenstock,Birkenstock Boston Clog M,footwear,men,exclusive,2026-05-29 20:40:54.077393+00:00,2026-05-29 20:40:54.077393+00:00,79.92,166.5,28,28,060401,spa31ad355c0,birkenstock,birkenstock boston clog m,BIRKENSTOCK,060401,footwear,men,Birkenstock Boston Clog M,2026-06-02,0.0,0.0,0.0,0,0,0,no_match,0.0,,0,movement_reconstructed,28,28,0.0,0.0,0.0,3,999,30,SP-A31AD355C0|2026-06-02
00000000-0000-0000-0000-000000000001,2a26802e-ee82-481a-b47e-97f8b8037c1b,SP-61AECD5A95,043731,Birkenstock,Birkenstock Gizeh Toe Post W,footwear,women,exclusive,2026-05-29 20:40:54.077393+00:00,2026-05-29 20:40:54.077393+00:00,55.94,116.55,35,35,043731,sp61aecd5a95,birkenstock,birkenstock gizeh toe post w,BIRKENSTOCK,043731,footwear_birkenstock_gizeh_toe_post_w,women,Birkenstock Gizeh Toe Post W,2026-05-26,0.0,0.0,0.0,0,0,0,no_match,0.0,,0,movement_reconstructed,35,35,0.0,0.0,0.0,0,999,30,SP-61AECD5A95|2026-05-26
00000000-0000-0000-0000-000000000001,2a26802e-ee82-481a-b47e-97f8b8037c1b,SP-61AECD5A95,043731,Birkenstock,Birkenstock Gizeh Toe Post W,footwear,women,exclusive,2026-05-29 20:40:54.077393+00:00,2026-05-29 20:40:54.077393+00:00,55.94,116.55,35,35,043731,sp61aecd5a95,birkenstock,birkenstock gizeh toe post w,BIRKENSTOCK,043731,footwear_birkenstock_gizeh_toe_post_w,women,Birkenstock Gizeh Toe Post W,2026-06-02,0.0,0.0,0.0,0,0,0,no_match,0.0,,0,movement_reconstructed,35,35,0.0,0.0,0.0,3,999,30,SP-61AECD5A95|2026-06-02
00000000-0000-0000-0000-000000000001,6b3b9a2b-74f5-4d74-b278-8c55703e67bf,SP-73227ABBB9,40001,Hey Dude,Hey Dude Wally Slip-On M,footwear,men,exclusive,2026-05-29 20:40:54.077393+00:00,2026-05-29 20:40:54.077393+00:00,42.74,77.7,48,48,40001,sp73227abbb9,hey dude,hey dude wally slip on m,HEY DUDE,40001,footwear_hey_dude_wally_slip_on_m,men,Hey Dude Wally Slip-On M,2026-05-26,0.0,0.0,0.0,0,0,0,no_match,0.0,,0,movement_reconstructed,48,48,0.0,0.0,0.0,0,999,30,SP-73227ABBB9|2026-05-26
00000000-0000-0000-0000-000000000001,6b3b9a2b-74f5-4d74-b278-8c55703e67bf,SP-73227ABBB9,40001,Hey Dude,Hey Dude Wally Slip-On M,footwear,men,exclusive,2026-05-29 20:40:54.077393+00:00,2026-05-29 20:40:54.077393+00:00,42.74,77.7,48,48,40001,sp73227abbb9,hey dude,hey dude wally slip on m,HEY DUDE,40001,footwear_hey_dude_wally_slip_on_m,men,Hey Dude Wally Slip-On M,2026-06-02,0.0,0.0,0.0,0,0,0,no_match,0.0,,0,movement_reconstructed,48,48,0.0,0.0,0.0,3,999,30,SP-73227ABBB9|2026-06-02
00000000-0000-0000-0000-000000000001,e41627a3-c0d4-471d-8a7a-151c8f948ddb,SP-6D5425D438,41001,Hey Dude,Hey Dude Wendy Slip-On W,footwear,women,exclusive,2026-05-29 20:40:54.077393+00:00,2026-05-29 20:40:54.077393+00:00,42.74,77.7,42,42,41001,sp6d5425d438,hey dude,hey dude wendy slip on w,HEY DUDE,41001,footwear_hey_dude_wendy_slip_on_w,women,Hey Dude Wendy Slip-On W,2026-05-26,0.0,0.0,0.0,0,0,0,no_match,0.0,,0,movement_reconstructed,42,42,0.0,0.0,0.0,0,999,30,SP-6D5425D438|2026-05-26
00000000-0000-0000-0000-000000000001,e41627a3-c0d4-471d-8a7a-151c8f948ddb,SP-6D5425D438,41001,Hey Dude,Hey Dude Wendy Slip-On W,footwear,women,exclusive,2026-05-29 20:40:54.077393+00:00,2026-05-29 20:40:54.077393+00:00,42.74,77.7,42,42,41001,sp6d5425d438,hey dude,hey dude wendy slip on w,HEY DUDE,41001,footwear_hey_dude_wendy_slip_on_w,women,Hey Dude Wendy Slip-On W,2026-06-02,0.0,0.0,0.0,0,0,0,no_match,0.0,,0,movement_reconstructed,42,42,0.0,0.0,0.0,3,999,30,SP-6D5425D438|2026-06-02
00000000-0000-0000-0000-000000000001,dfc736b7-b348-4040-be6e-e16be9950433,SP-0669577D6B,555123,Birkenstock,Birkenstock Arizona Kids,kids,kids,exclusive,2026-05-29 20:40:54.077393+00:00,2026-05-29 20:40:54.077393+00:00,39.96,83.25,40,40,555123,sp0669577d6b,birkenstock,birkenstock arizona kids,BIRKENSTOCK,555123,kids,kids,Birkenstock Arizona Kids,2026-05-26,0.0,0.0,0.0,0,0,0,no_match,0.0,,0,movement_reconstructed,40,40,0.0,0.0,0.0,0,999,30,SP-0669577D6B|2026-05-26
00000000-0000-0000-0000-000000000001,dfc736b7-b348-4040-be6e-e16be9950433,SP-0669577D6B,555123,Birkenstock,Birkenstock Arizona Kids,kids,kids,exclusive,2026-05-29 20:40:54.077393+00:00,2026-05-29 20:40:54.077393+00:00,39.96,83.25,40,40,555123,sp0669577d6b,birkenstock,birkenstock arizona kids,BIRKENSTOCK,555123,kids,kids,Birkenstock Arizona Kids,2026-06-02,0.0,0.0,0.0,0,0,0,no_match,0.0,,0,movement_reconstructed,40,40,0.0,0.0,0.0,3,999,30,SP-0669577D6B|2026-06-02
00000000-0000-0000-0000-000000000001,77dc4da9-697b-430c-88e5-06726b04ef6f,SP-BD396CFE27,VN000D3HY28,Vans,Vans Old Skool Black/White,lifestyle,unisex,exclusive,2026-05-29 20:40:54.077393+00:00,2026-05-29 20:40:54.077393+00:00,42.74,77.7,88,88,vn000d3hy28,spbd396cfe27,vans,vans old skool black/white,VANS,VN000D3HY28,lifestyle,unisex,Vans Old Skool Black/White,2026-05-26,0.0,0.0,0.0,0,0,0,no_match,0.0,,0,movement_reconstructed,88,88,0.0,0.0,0.0,0,999,30,SP-BD396CFE27|2026-05-26
00000000-0000-0000-0000-000000000001,77dc4da9-697b-430c-88e5-06726b04ef6f,SP-BD396CFE27,VN000D3HY28,Vans,Vans Old Skool Black/White,lifestyle,unisex,exclusive,2026-05-29 20:40:54.077393+00:00,2026-05-29 20:40:54.077393+00:00,42.74,77.7,88,88,vn000d3hy28,spbd396cfe27,vans,vans old skool black/white,VANS,VN000D3HY28,lifestyle,unisex,Vans Old Skool Black/White,2026-06-02,0.0,0.0,0.0,0,0,0,no_match,0.0,,0,movement_reconstructed,88,88,0.0,0.0,0.0,3,999,30,SP-BD396CFE27|2026-06-02
00000000-0000-0000-0000-000000000001,6a7ea564-52ce-4fab-8277-87be530153ca,SP-043F544E70,VN0A38G1ODJ,Vans,Vans Old Skool White,lifestyle,unisex,exclusive,2026-05-29 20:40:54.077393+00:00,2026-05-29 20:40:54.077393+00:00,42.74,77.7,88,88,vn0a38g1odj,sp043f544e70,vans,vans old skool white,VANS,VN0A38G1ODJ,lifestyle,unisex,Vans Old Skool White,2026-05-26,0.0,0.0,0.0,0,0,0,no_match,0.0,,0,movement_reconstructed,88,88,0.0,0.0,0.0,0,999,30,SP-043F544E70|2026-05-26
00000000-0000-0000-0000-000000000001,6a7ea564-52ce-4fab-8277-87be530153ca,SP-043F544E70,VN0A38G1ODJ,Vans,Vans Old Skool White,lifestyle,unisex,exclusive,2026-05-29 20:40:54.077393+00:00,2026-05-29 20:40:54.077393+00:00,42.74,77.7,88,88,vn0a38g1odj,sp043f544e70,vans,vans old skool white,VANS,VN0A38G1ODJ,lifestyle,unisex,Vans Old Skool White,2026-06-02,0.0,0.0,0.0,0,0,0,no_match,0.0,,0,movement_reconstructed,88,88,0.0,0.0,0.0,3,999,30,SP-043F544E70|2026-06-02
00000000-0000-0000-0000-000000000001,d049ec30-c168-4103-8679-069c91d623c4,SP-EE92A1AEEC,VN000D5IB8C,Vans,Vans SK8-Hi Black,lifestyle,unisex,exclusive,2026-05-29 20:40:54.077393+00:00,2026-05-29 20:40:54.077393+00:00,51.89,94.35,66,66,vn000d5ib8c,spee92a1aeec,vans,vans sk8 hi black,VANS,VN000D5IB8C,lifestyle,unisex,Vans SK8-Hi Black,2026-05-26,0.0,0.0,0.0,0,0,0,no_match,0.0,,0,movement_reconstructed,66,66,0.0,0.0,0.0,0,999,30,SP-EE92A1AEEC|2026-05-26
00000000-0000-0000-0000-000000000001,d049ec30-c168-4103-8679-069c91d623c4,SP-EE92A1AEEC,VN000D5IB8C,Vans,Vans SK8-Hi Black,lifestyle,unisex,exclusive,2026-05-29 20:40:54.077393+00:00,2026-05-29 20:40:54.077393+00:00,51.89,94.35,66,66,vn000d5ib8c,spee92a1aeec,vans,vans sk8 hi black,VANS,VN000D5IB8C,lifestyle,unisex,Vans SK8-Hi Black,2026-06-02,0.0,0.0,0.0,0,0,0,no_match,0.0,,0,movement_reconstructed,66,66,0.0,0.0,0.0,3,999,30,SP-EE92A1AEEC|2026-06-02
00000000-0000-0000-0000-000000000001,5645d924-86a8-49e7-8113-7cb1deb266f3,SP-B894407578,VN000EE3W00,Vans,Vans Authentic White,lifestyle,unisex,exclusive,2026-05-29 20:40:54.077393+00:00,2026-05-29 20:40:54.077393+00:00,39.68,72.15,96,96,vn000ee3w00,spb894407578,vans,vans authentic white,VANS,VN000EE3W00,lifestyle,unisex,Vans Authentic White,2026-05-26,0.0,0.0,0.0,0,0,0,no_match,0.0,,0,movement_reconstructed,96,96,0.0,0.0,0.0,0,999,30,SP-B894407578|2026-05-26
00000000-0000-0000-0000-000000000001,5645d924-86a8-49e7-8113-7cb1deb266f3,SP-B894407578,VN000EE3W00,Vans,Vans Authentic White,lifestyle,unisex,exclusive,2026-05-29 20:40:54.077393+00:00,2026-05-29 20:40:54.077393+00:00,39.68,72.15,96,96,vn000ee3w00,spb894407578,vans,vans authentic white,VANS,VN000EE3W00,lifestyle,unisex,Vans Authentic White,2026-06-02,0.0,0.0,0.0,0,0,0,no_match,0.0,,0,movement_reconstructed,96,96,0.0,0.0,0.0,3,999,30,SP-B894407578|2026-06-02
00000000-0000-0000-0000-000000000001,fc03a2d6-3741-4388-a700-b9c6d0b932b5,SP-55CA67AAFC,VN000W9TENR,Vans,Vans Old Skool Kids,kids,kids,exclusive,2026-05-29 20:40:54.077393+00:00,2026-05-29 20:40:54.077393+00:00,30.53,55.5,48,48,vn000w9tenr,sp55ca67aafc,vans,vans old skool kids,VANS,VN000W9TENR,kids,kids,Vans Old Skool Kids,2026-05-26,0.0,0.0,0.0,0,0,0,no_match,0.0,,0,movement_reconstructed,48,48,0.0,0.0,0.0,0,999,30,SP-55CA67AAFC|2026-05-26
00000000-0000-0000-0000-000000000001,fc03a2d6-3741-4388-a700-b9c6d0b932b5,SP-55CA67AAFC,VN000W9TENR,Vans,Vans Old Skool Kids,kids,kids,exclusive,2026-05-29 20:40:54.077393+00:00,2026-05-29 20:40:54.077393+00:00,30.53,55.5,48,48,vn000w9tenr,sp55ca67aafc,vans,vans old skool kids,VANS,VN000W9TENR,kids,kids,Vans Old Skool Kids,2026-06-02,0.0,0.0,0.0,0,0,0,no_match,0.0,,0,movement_reconstructed,48,48,0.0,0.0,0.0,3,999,30,SP-55CA67AAFC|2026-06-02
00000000-0000-0000-0000-000000000001,fb3bd97b-6325-4dda-b8fd-b93c04e10c6a,SP-E1390D4948,SHPF0637,Ellesse,Ellesse Raptor Lo M,lifestyle,men,exclusive,2026-05-29 20:40:54.077393+00:00,2026-05-29 20:40:54.077393+00:00,45.79,83.25,35,35,shpf0637,spe1390d4948,ellesse,ellesse raptor lo m,ELLESSE,SHPF0637,lifestyle,men,Ellesse Raptor Lo M,2026-05-26,0.0,0.0,0.0,0,0,0,no_match,0.0,,0,movement_reconstructed,35,35,0.0,0.0,0.0,0,999,30,SP-E1390D4948|2026-05-26
00000000-0000-0000-0000-000000000001,fb3bd97b-6325-4dda-b8fd-b93c04e10c6a,SP-E1390D4948,SHPF0637,Ellesse,Ellesse Raptor Lo M,lifestyle,men,exclusive,2026-05-29 20:40:54.077393+00:00,2026-05-29 20:40:54.077393+00:00,45.79,83.25,35,35,shpf0637,spe1390d4948,ellesse,ellesse raptor lo m,ELLESSE,SHPF0637,lifestyle,men,Ellesse Raptor Lo M,2026-06-02,0.0,0.0,0.0,0,0,0,no_match,0.0,,0,movement_reconstructed,35,35,0.0,0.0,0.0,3,999,30,SP-E1390D4948|2026-06-02
00000000-0000-0000-0000-000000000001,261ffb76-4441-4cbb-8839-e7bfb4d2b424,SP-11CD7588B5,SHPF0640,Ellesse,Ellesse Massimo Club W,lifestyle,women,exclusive,2026-05-29 20:40:54.077393+00:00,2026-05-29 20:40:54.077393+00:00,45.79,83.25,35,35,shpf0640,sp11cd7588b5,ellesse,ellesse massimo club w,ELLESSE,SHPF0640,lifestyle,women,Ellesse Massimo Club W,2026-05-26,0.0,0.0,0.0,0,0,0,no_match,0.0,,0,movement_reconstructed,35,35,0.0,0.0,0.0,0,999,30,SP-11CD7588B5|2026-05-26
00000000-0000-0000-0000-000000000001,261ffb76-4441-4cbb-8839-e7bfb4d2b424,SP-11CD7588B5,SHPF0640,Ellesse,Ellesse Massimo Club W,lifestyle,women,exclusive,2026-05-29 20:40:54.077393+00:00,2026-05-29 20:40:54.077393+00:00,45.79,83.25,35,35,shpf0640,sp11cd7588b5,ellesse,ellesse massimo club w,ELLESSE,SHPF0640,lifestyle,women,Ellesse Massimo Club W,2026-06-02,0.0,0.0,0.0,0,0,0,no_match,0.0,,0,movement_reconstructed,35,35,0.0,0.0,0.0,3,999,30,SP-11CD7588B5|2026-06-02
00000000-0000-0000-0000-000000000001,81953420-ab2a-4d9a-a6b7-ad3cf7488f82,SP-561C870956,06042,K-Swiss,K-Swiss Classic 66 M,lifestyle,men,exclusive,2026-05-29 20:40:54.077393+00:00,2026-05-29 20:40:54.077393+00:00,40.4,77.7,35,35,06042,sp561c870956,k swiss,k swiss classic 66 m,K-SWISS,06042,lifestyle,men,K-Swiss Classic 66 M,2026-05-26,0.0,0.0,0.0,0,0,0,no_match,0.0,,0,movement_reconstructed,35,35,0.0,0.0,0.0,0,999,30,SP-561C870956|2026-05-26
00000000-0000-0000-0000-000000000001,81953420-ab2a-4d9a-a6b7-ad3cf7488f82,SP-561C870956,06042,K-Swiss,K-Swiss Classic 66 M,lifestyle,men,exclusive,2026-05-29 20:40:54.077393+00:00,2026-05-29 20:40:54.077393+00:00,40.4,77.7,35,35,06042,sp561c870956,k swiss,k swiss classic 66 m,K-SWISS,06042,lifestyle,men,K-Swiss Classic 66 M,2026-06-02,0.0,0.0,0.0,0,0,0,no_match,0.0,,0,movement_reconstructed,35,35,0.0,0.0,0.0,3,999,30,SP-561C870956|2026-06-02
00000000-0000-0000-0000-000000000001,933cea7e-75d3-4301-9adb-3cf86cafb025,SP-26A670ED8E,11822006,Dr. Martens,Dr. Martens 1460 Boot Black M,footwear,men,exclusive,2026-05-29 20:40:54.077393+00:00,2026-05-29 20:40:54.077393+00:00,90.58,188.7,28,28,11822006,sp26a670ed8e,dr. martens,dr. martens 1460 boot black m,DR. MARTENS,11822006,football_boots,men,Dr. Martens 1460 Boot Black M,2026-05-26,0.0,0.0,0.0,0,0,0,no_match,0.0,,0,movement_reconstructed,28,28,0.0,0.0,0.0,0,999,30,SP-26A670ED8E|2026-05-26
00000000-0000-0000-0000-000000000001,933cea7e-75d3-4301-9adb-3cf86cafb025,SP-26A670ED8E,11822006,Dr. Martens,Dr. Martens 1460 Boot Black M,footwear,men,exclusive,2026-05-29 20:40:54.077393+00:00,2026-05-29 20:40:54.077393+00:00,90.58,188.7,28,28,11822006,sp26a670ed8e,dr. martens,dr. martens 1460 boot black m,DR. MARTENS,11822006,football_boots,men,Dr. Martens 1460 Boot Black M,2026-06-02,0.0,0.0,0.0,0,0,0,no_match,0.0,,0,movement_reconstructed,28,28,0.0,0.0,0.0,3,999,30,SP-26A670ED8E|2026-06-02
00000000-0000-0000-0000-000000000001,00304a37-6fa3-418e-a22f-585a9a48f597,SP-EDACD0C8B2,11821006,Dr. Martens,Dr. Martens 1460 Boot Black W,footwear,women,exclusive,2026-05-29 20:40:54.077393+00:00,2026-05-29 20:40:54.077393+00:00,90.58,188.7,28,28,11821006,spedacd0c8b2,dr. martens,dr. martens 1460 boot black w,DR. MARTENS,11821006,football_boots,women,Dr. Martens 1460 Boot Black W,2026-05-26,0.0,0.0,0.0,0,0,0,no_match,0.0,,0,movement_reconstructed,28,28,0.0,0.0,0.0,0,999,30,SP-EDACD0C8B2|2026-05-26
00000000-0000-0000-0000-000000000001,00304a37-6fa3-418e-a22f-585a9a48f597,SP-EDACD0C8B2,11821006,Dr. Martens,Dr. Martens 1460 Boot Black W,footwear,women,exclusive,2026-05-29 20:40:54.077393+00:00,2026-05-29 20:40:54.077393+00:00,90.58,188.7,28,28,11821006,spedacd0c8b2,dr. martens,dr. martens 1460 boot black w,DR. MARTENS,11821006,football_boots,women,Dr. Martens 1460 Boot Black W,2026-06-02,0.0,0.0,0.0,0,0,0,no_match,0.0,,0,movement_reconstructed,28,28,0.0,0.0,0.0,3,999,30,SP-EDACD0C8B2|2026-06-02
00000000-0000-0000-0000-000000000001,d64e24fa-5a5c-4c8b-912c-15c98a8ed830,SP-8865F6A858,11821600,Dr. Martens,Dr. Martens 1460 Cherry Red W,footwear,women,exclusive,2026-05-29 20:40:54.077393+00:00,2026-05-29 20:40:54.077393+00:00,98.57,205.35,28,28,11821600,sp8865f6a858,dr. martens,dr. martens 1460 cherry red w,DR. MARTENS,11821600,footwear_dr_martens_1460_cherry_red_w,women,Dr. Martens 1460 Cherry Red W,2026-05-26,0.0,0.0,0.0,0,0,0,no_match,0.0,,0,movement_reconstructed,28,28,0.0,0.0,0.0,0,999,30,SP-8865F6A858|2026-05-26
00000000-0000-0000-0000-000000000001,d64e24fa-5a5c-4c8b-912c-15c98a8ed830,SP-8865F6A858,11821600,Dr. Martens,Dr. Martens 1460 Cherry Red W,footwear,women,exclusive,2026-05-29 20:40:54.077393+00:00,2026-05-29 20:40:54.077393+00:00,98.57,205.35,28,28,11821600,sp8865f6a858,dr. martens,dr. martens 1460 cherry red w,DR. MARTENS,11821600,footwear_dr_martens_1460_cherry_red_w,women,Dr. Martens 1460 Cherry Red W,2026-06-02,0.0,0.0,0.0,0,0,0,no_match,0.0,,0,movement_reconstructed,28,28,0.0,0.0,0.0,3,999,30,SP-8865F6A858|2026-06-02
00000000-0000-0000-0000-000000000001,25c14d0e-7777-4dfe-9f7d-7a4ebf4794ad,SP-8CE7A884DF,11838002,Dr. Martens,Dr. Martens 1461 Oxford Black M,footwear,men,exclusive,2026-05-29 20:40:54.077393+00:00,2026-05-29 20:40:54.077393+00:00,71.93,149.85,28,28,11838002,sp8ce7a884df,dr. martens,dr. martens 1461 oxford black m,DR. MARTENS,11838002,footwear_dr_martens_1461_oxford_black_m,men,Dr. Martens 1461 Oxford Black M,2026-05-26,0.0,0.0,0.0,0,0,0,no_match,0.0,,0,movement_reconstructed,28,28,0.0,0.0,0.0,0,999,30,SP-8CE7A884DF|2026-05-26
00000000-0000-0000-0000-000000000001,25c14d0e-7777-4dfe-9f7d-7a4ebf4794ad,SP-8CE7A884DF,11838002,Dr. Martens,Dr. Martens 1461 Oxford Black M,footwear,men,exclusive,2026-05-29 20:40:54.077393+00:00,2026-05-29 20:40:54.077393+00:00,71.93,149.85,28,28,11838002,sp8ce7a884df,dr. martens,dr. martens 1461 oxford black m,DR. MARTENS,11838002,footwear_dr_martens_1461_oxford_black_m,men,Dr. Martens 1461 Oxford Black M,2026-06-02,0.0,0.0,0.0,0,0,0,no_match,0.0,,0,movement_reconstructed,28,28,0.0,0.0,0.0,3,999,30,SP-8CE7A884DF|2026-06-02
00000000-0000-0000-0000-000000000001,f38a71ea-1c03-46d9-9cd5-93d939dae9f1,SP-BBA2621C3D,15382001,Dr. Martens,Dr. Martens 1460 Kids,kids,kids,exclusive,2026-05-29 20:40:54.077393+00:00,2026-05-29 20:40:54.077393+00:00,53.28,111.0,40,40,15382001,spbba2621c3d,dr. martens,dr. martens 1460 kids,DR. MARTENS,15382001,kids,kids,Dr. Martens 1460 Kids,2026-05-26,0.0,0.0,0.0,0,0,0,no_match,0.0,,0,movement_reconstructed,40,40,0.0,0.0,0.0,0,999,30,SP-BBA2621C3D|2026-05-26
00000000-0000-0000-0000-000000000001,f38a71ea-1c03-46d9-9cd5-93d939dae9f1,SP-BBA2621C3D,15382001,Dr. Martens,Dr. Martens 1460 Kids,kids,kids,exclusive,2026-05-29 20:40:54.077393+00:00,2026-05-29 20:40:54.077393+00:00,53.28,111.0,40,40,15382001,spbba2621c3d,dr. martens,dr. martens 1460 kids,DR. MARTENS,15382001,kids,kids,Dr. Martens 1460 Kids,2026-06-02,0.0,0.0,0.0,0,0,0,no_match,0.0,,0,movement_reconstructed,40,40,0.0,0.0,0.0,3,999,30,SP-BBA2621C3D|2026-06-02
